{
    "pagination": {
        "count": 13
    },
    "request": {
        "bioguideId": "s001077",
        "contentType": "application/json",
        "format": "json"
    },
    "sponsoredLegislation": [
        {
            "congress": 97,
            "introducedDate": "1982-05-20",
            "latestAction": {
                "actionDate": "1982-05-28",
                "text": "Referred to Subcommittee on Insular Affairs."
            },
            "number": "6449",
            "policyArea": {
                "name": "Law"
            },
            "title": "A bill to authorize the legislature of American Samoa to draft a constitution for the local self-government of the people of American Samoa.",
            "type": "HR",
            "url": "https://api.congress.gov/v3/bill/97/hr/6449?format=json"
        },
        {
            "congress": 97,
            "introducedDate": "1982-04-20",
            "latestAction": {
                "actionDate": "1982-09-01",
                "text": "Unfavorable Executive Comment Received From Commerce."
            },
            "number": "6125",
            "policyArea": {
                "name": "Public Lands and Natural Resources"
            },
            "title": "A bill to amend the Central, Western, and South Pacific Fisheries Development Act to extend the authorization for appropriations through fiscal year 1985.",
            "type": "HR",
            "url": "https://api.congress.gov/v3/bill/97/hr/6125?format=json"
        },
        {
            "congress": 97,
            "introducedDate": "1982-03-17",
            "latestAction": {
                "actionDate": "1982-03-23",
                "text": "Referred to Subcommittee on Insular Affairs."
            },
            "number": "5881",
            "policyArea": {
                "name": "Economics and Public Finance"
            },
            "title": "American Samoa Bond Authorization Act of 1982",
            "type": "HR",
            "url": "https://api.congress.gov/v3/bill/97/hr/5881?format=json"
        },
        {
            "congress": 97,
            "introducedDate": "1982-02-25",
            "latestAction": {
                "actionDate": "1982-03-02",
                "text": "Referred to Subcommittee on Immigration, Refugees, and International Law."
            },
            "number": "5632",
            "policyArea": {
                "name": "Immigration"
            },
            "title": "A bill to amend the Immigration and Nationality Act to exempt United States nationals from certain naturalization requirements.",
            "type": "HR",
            "url": "https://api.congress.gov/v3/bill/97/hr/5632?format=json"
        },
        {
            "congress": 97,
            "introducedDate": "1982-02-23",
            "latestAction": {
                "actionDate": "1982-03-01",
                "text": "Referred to Subcommittee on Health and the Environment."
            },
            "number": "5574",
            "policyArea": {
                "name": "Health"
            },
            "title": "A bill to amend the Social Security Act to permit American Samoa to establish a medicaid program.",
            "type": "HR",
            "url": "https://api.congress.gov/v3/bill/97/hr/5574?format=json"
        },
        {
            "congress": 97,
            "introducedDate": "1982-02-10",
            "latestAction": {
                "actionDate": "1982-02-10",
                "text": "Referred to House Committee on Armed Services."
            },
            "number": "5537",
            "policyArea": {
                "name": "Armed Forces and National Security"
            },
            "title": "A bill to amend title 32 and title 37 of the United States Code to authorize the establishment of a National Guard in and for American Samoa.",
            "type": "HR",
            "url": "https://api.congress.gov/v3/bill/97/hr/5537?format=json"
        },
        {
            "congress": 97,
            "introducedDate": "1981-11-18",
            "latestAction": {
                "actionDate": "1981-12-01",
                "text": "Referred to Subcommittee on Housing and Community Development."
            },
            "number": "5026",
            "policyArea": {
                "name": "Housing and Community Development"
            },
            "title": "A bill to amend the National Housing Act to extend certain loan mortgage insurance programs to American Samoa.",
            "type": "HR",
            "url": "https://api.congress.gov/v3/bill/97/hr/5026?format=json"
        },
        {
            "congress": 97,
            "introducedDate": "1981-09-24",
            "latestAction": {
                "actionDate": "1982-05-10",
                "text": "Favorable Executive Comment Received From DOD."
            },
            "number": "4594",
            "policyArea": {
                "name": "Armed Forces and National Security"
            },
            "title": "A bill to amend title 10, United States Code, to authorize the Delegate in Congress from American Samoa to have the same right to nominate persons for appointment to the United States Military Academy, United States Naval Academy, and United States Air Force Academy as the Delegates in Congress from Guam and the Virgin Islands.",
            "type": "HR",
            "url": "https://api.congress.gov/v3/bill/97/hr/4594?format=json"
        },
        {
            "congress": 98,
            "introducedDate": "1983-03-24",
            "latestAction": {
                "actionDate": "1983-04-04",
                "text": "Referred to Subcommittee on Census and Population."
            },
            "number": "222",
            "policyArea": {
                "name": "International Affairs"
            },
            "title": "A joint resolution designating the week commencing May 8, 1983, as \"National Pacific Islands Week\".",
            "type": "HJRES",
            "url": "https://api.congress.gov/v3/bill/98/hjres/222?format=json"
        },
        {
            "congress": 99,
            "introducedDate": "1986-05-13",
            "latestAction": {
                "actionDate": "1986-05-16",
                "text": "Referred to Subcommittee on Trade."
            },
            "number": "4816",
            "policyArea": {
                "name": "Taxation"
            },
            "title": "A bill to amend the \"Joint resolution to provide for accepting, ratifying and confirming the cessions of certain islands of the Samoan group to the United States, and for other purposes\".",
            "type": "HR",
            "url": "https://api.congress.gov/v3/bill/99/hr/4816?format=json"
        },
        {
            "congress": 99,
            "introducedDate": "1985-10-10",
            "latestAction": {
                "actionDate": "1986-04-30",
                "text": "Subcommittee Hearings Held."
            },
            "number": "3555",
            "policyArea": {
                "name": "Immigration"
            },
            "title": "A bill to amend the \"Joint Resolution to provide for accepting, ratifying and confirming the cessions of certain islands of the Samoan group to the United States, and for other purposes\".",
            "type": "HR",
            "url": "https://api.congress.gov/v3/bill/99/hr/3555?format=json"
        },
        {
            "congress": 100,
            "introducedDate": "1988-05-19",
            "latestAction": {
                "actionDate": "1988-05-24",
                "text": "Referred to Subcommittee on Investigations."
            },
            "number": "4654",
            "policyArea": {
                "name": "Armed Forces and National Security"
            },
            "title": "A bill to authorize the establishment of a National Guard in and for American Samoa.",
            "type": "HR",
            "url": "https://api.congress.gov/v3/bill/100/hr/4654?format=json"
        },
        {
            "congress": 100,
            "introducedDate": "1987-05-27",
            "latestAction": {
                "actionDate": "1987-05-27",
                "text": "See H.Res.173."
            },
            "number": "177",
            "policyArea": {
                "name": "International Affairs"
            },
            "title": "A resolution expressing the sense of the House of Representatives regarding the silver anniversary of the Independent State of Western Samoa.",
            "type": "HRES",
            "url": "https://api.congress.gov/v3/bill/100/hres/177?format=json"
        }
    ]
}