{
    "pagination": {
        "count": 8
    },
    "request": {
        "bioguideId": "j000211",
        "contentType": "application/json",
        "format": "json"
    },
    "sponsoredLegislation": [
        {
            "congress": 101,
            "introducedDate": "1990-10-03",
            "latestAction": {
                "actionDate": "1990-10-03",
                "text": "Referred to the House Committee on Post Office and Civil Service."
            },
            "number": "5784",
            "policyArea": {
                "name": "Government Operations and Politics"
            },
            "title": "To provide that the 25 percent pay increase under the Ethics Reform Act of 1989 be deferred with respect to Members of Congress and officials in the executive branch until a balanced Federal budget is achieved.",
            "type": "HR",
            "url": "https://api.congress.gov/v3/bill/101/hr/5784?format=json"
        },
        {
            "congress": 101,
            "introducedDate": "1990-08-03",
            "latestAction": {
                "actionDate": "1990-08-03",
                "text": "Referred to the House Committee on Ways and Means."
            },
            "number": "5496",
            "policyArea": {
                "name": "Taxation"
            },
            "title": "To amend the Internal Revenue Code of 1986 to allow the targeted jobs credit for hiring economically disadvantaged veterans who are discharged involuntarily as a result of budget cuts.",
            "type": "HR",
            "url": "https://api.congress.gov/v3/bill/101/hr/5496?format=json"
        },
        {
            "congress": 101,
            "introducedDate": "1989-10-17",
            "latestAction": {
                "actionDate": "1989-10-17",
                "text": "Referred to the House Committee on Judiciary."
            },
            "number": "3480",
            "policyArea": {
                "name": "Government Operations and Politics"
            },
            "title": "To recognize the organization known as the National Association of Women Veterans, Incorporated.",
            "type": "HR",
            "url": "https://api.congress.gov/v3/bill/101/hr/3480?format=json"
        },
        {
            "congress": 102,
            "introducedDate": "1992-09-15",
            "latestAction": {
                "actionDate": "1992-09-15",
                "text": "Referred to the House Committee on Ways and Means."
            },
            "number": "5943",
            "policyArea": {
                "name": "Taxation"
            },
            "title": "To amend the Internal Revenue Code of 1986 to encourage employers to provide drug and alcohol abuse treatment programs to their employees by providing a credit for the cost of such programs.",
            "type": "HR",
            "url": "https://api.congress.gov/v3/bill/102/hr/5943?format=json"
        },
        {
            "congress": 102,
            "introducedDate": "1992-03-18",
            "latestAction": {
                "actionDate": "1992-07-22",
                "text": "Executive Comment Received from ITC."
            },
            "number": "4495",
            "policyArea": {
                "name": "Foreign Trade and International Finance"
            },
            "title": "To suspend until January 1, 1995, the duty on 1,8 Dichloroanthraquinone and 1,8 Diaminonapthalene.",
            "type": "HR",
            "url": "https://api.congress.gov/v3/bill/102/hr/4495?format=json"
        },
        {
            "congress": 102,
            "introducedDate": "1991-07-24",
            "latestAction": {
                "actionDate": "1991-07-24",
                "text": "Referred to the House Committee on Ways and Means."
            },
            "number": "3016",
            "policyArea": {
                "name": "Taxation"
            },
            "title": "To amend the Internal Revenue Code of 1986 to allow the targeted jobs credit for hiring economically disadvantaged veterans who are discharged involuntarily as a result of budget cuts.",
            "type": "HR",
            "url": "https://api.congress.gov/v3/bill/102/hr/3016?format=json"
        },
        {
            "congress": 102,
            "introducedDate": "1991-05-08",
            "latestAction": {
                "actionDate": "1991-05-13",
                "text": "Referred to the Subcommittee on Administrative Law and Governmental Relations."
            },
            "number": "2262",
            "policyArea": {
                "name": "Government Operations and Politics"
            },
            "title": "To recognize the organization known as the National Association of Women Veterans, Incorporated.",
            "type": "HR",
            "url": "https://api.congress.gov/v3/bill/102/hr/2262?format=json"
        },
        {
            "congress": 102,
            "introducedDate": "1991-02-20",
            "latestAction": {
                "actionDate": "1991-02-20",
                "text": "Referred to the House Committee on Post Office and Civil Service."
            },
            "number": "1005",
            "policyArea": {
                "name": "Government Operations and Politics"
            },
            "title": "To provide that the 25 percent pay increase under the Ethics Reform Act of 1989 be deferred with respect to Members of Congress and officials in the executive branch until a balanced Federal budget is achieved.",
            "type": "HR",
            "url": "https://api.congress.gov/v3/bill/102/hr/1005?format=json"
        }
    ]
}