{
    "pagination": {
        "count": 19
    },
    "request": {
        "bioguideId": "m001216",
        "contentType": "application/json",
        "format": "json"
    },
    "sponsoredLegislation": [
        {
            "congress": 118,
            "introducedDate": "2024-06-25",
            "latestAction": {
                "actionDate": "2024-06-25",
                "text": "Referred to the House Committee on the Judiciary."
            },
            "number": "1319",
            "policyArea": {
                "name": null
            },
            "title": "Impeaching Joseph Robinette Biden, Jr., President of the United States, for high crimes and misdemeanors.",
            "type": "HRES",
            "url": "https://api.congress.gov/v3/bill/118/hres/1319?format=json"
        },
        {
            "amendmentNumber": "983",
            "congress": 118,
            "introducedDate": "2024-06-13",
            "latestAction": {
                "actionDate": "2024-06-13",
                "actionTime": "17:58:02",
                "text": "On agreeing to the Mills amendment (A025) Agreed to by recorded vote: 217 - 206 (Roll no. 273)."
            },
            "type": null,
            "url": "https://api.congress.gov/v3/amendment/118/hamdt/983?format=json"
        },
        {
            "congress": 118,
            "introducedDate": "2024-05-10",
            "latestAction": {
                "actionDate": "2024-05-10",
                "text": "Referred to the House Committee on the Judiciary."
            },
            "number": "1220",
            "policyArea": {
                "name": null
            },
            "title": "Impeaching Joseph Robinette Biden, Jr., President of the United States, for high crimes and misdemeanors.",
            "type": "HRES",
            "url": "https://api.congress.gov/v3/bill/118/hres/1220?format=json"
        },
        {
            "congress": 118,
            "introducedDate": "2024-03-07",
            "latestAction": {
                "actionDate": "2024-05-16",
                "text": "Ordered to be Reported by Unanimous Consent."
            },
            "number": "7586",
            "policyArea": {
                "name": "Transportation and Public Works"
            },
            "title": "To establish a Department of State Domestic Protection Mission relating to unmanned aircraft system and unmanned aircraft.",
            "type": "HR",
            "url": "https://api.congress.gov/v3/bill/118/hr/7586?format=json"
        },
        {
            "congress": 118,
            "introducedDate": "2024-02-07",
            "latestAction": {
                "actionDate": "2024-02-07",
                "text": "Referred to the House Committee on the Judiciary."
            },
            "number": "7290",
            "policyArea": {
                "name": "Crime and Law Enforcement"
            },
            "title": "AFFAIR Act",
            "type": "HR",
            "url": "https://api.congress.gov/v3/bill/118/hr/7290?format=json"
        },
        {
            "congress": 118,
            "introducedDate": "2023-12-07",
            "latestAction": {
                "actionDate": "2023-12-07",
                "text": "Referred to the House Committee on Foreign Affairs."
            },
            "number": "6682",
            "policyArea": {
                "name": "International Affairs"
            },
            "title": "Prohibiting Nationalization of American Companies and Investments Act of 2023",
            "type": "HR",
            "url": "https://api.congress.gov/v3/bill/118/hr/6682?format=json"
        },
        {
            "congress": 118,
            "introducedDate": "2023-11-08",
            "latestAction": {
                "actionDate": "2024-03-20",
                "text": "Received in the Senate and Read twice and referred to the Committee on Foreign Relations."
            },
            "number": "6306",
            "policyArea": {
                "name": "International Affairs"
            },
            "title": "Embassy Construction Integrity Act of 2023",
            "type": "HR",
            "url": "https://api.congress.gov/v3/bill/118/hr/6306?format=json"
        },
        {
            "congress": 118,
            "introducedDate": "2023-11-06",
            "latestAction": {
                "actionDate": "2023-11-06",
                "text": "Referred to the Committee on Foreign Affairs, and in addition to the Committee on Armed Services, for a period to be subsequently determined by the Speaker, in each case for consideration of such provisions as fall within the jurisdiction of the committee concerned."
            },
            "number": "6247",
            "policyArea": {
                "name": "International Affairs"
            },
            "title": "To modify the scope of the Office of the Special Inspector General for Afghanistan Reconstruction.",
            "type": "HR",
            "url": "https://api.congress.gov/v3/bill/118/hr/6247?format=json"
        },
        {
            "congress": 118,
            "introducedDate": "2023-10-19",
            "latestAction": {
                "actionDate": "2023-10-25",
                "text": "Referred to the House Committee on Foreign Affairs."
            },
            "number": "797",
            "policyArea": {
                "name": "International Affairs"
            },
            "title": "Condemning the Biden Administration for failing to fulfill the United States Government's duty to American citizens left stranded in Israel.",
            "type": "HRES",
            "url": "https://api.congress.gov/v3/bill/118/hres/797?format=json"
        },
        {
            "congress": 118,
            "introducedDate": "2023-10-02",
            "latestAction": {
                "actionDate": "2024-04-10",
                "text": "Ordered to be Reported by the Yeas and Nays: 37 - 1."
            },
            "number": "5867",
            "policyArea": {
                "name": "Government Operations and Politics"
            },
            "title": "To designate the facility of the United States Postal Service located at 109 Live Oaks Boulevard in Casselberry, Florida, as the \"Colonel Joseph William Kittinger II Post Office Building\".",
            "type": "HR",
            "url": "https://api.congress.gov/v3/bill/118/hr/5867?format=json"
        },
        {
            "congress": 118,
            "introducedDate": "2023-09-19",
            "latestAction": {
                "actionDate": "2023-09-19",
                "text": "Referred to the Committee on Foreign Affairs, and in addition to the Committee on Financial Services, for a period to be subsequently determined by the Speaker, in each case for consideration of such provisions as fall within the jurisdiction of the committee concerned."
            },
            "number": "5570",
            "policyArea": {
                "name": "International Affairs"
            },
            "title": "United States Legal Gold and Mining Partnership Act",
            "type": "HR",
            "url": "https://api.congress.gov/v3/bill/118/hr/5570?format=json"
        },
        {
            "congress": 118,
            "introducedDate": "2023-08-25",
            "latestAction": {
                "actionDate": "2023-08-25",
                "text": "Referred to the House Committee on the Judiciary."
            },
            "number": "666",
            "policyArea": {
                "name": "Government Operations and Politics"
            },
            "title": "Impeaching Lloyd James Austin III, Secretary of Defense, for high crimes and misdemeanors.",
            "type": "HRES",
            "url": "https://api.congress.gov/v3/bill/118/hres/666?format=json"
        },
        {
            "congress": 118,
            "introducedDate": "2023-05-30",
            "latestAction": {
                "actionDate": "2023-05-30",
                "text": "Referred to the House Committee on Ways and Means."
            },
            "number": "3750",
            "policyArea": {
                "name": "Economics and Public Finance"
            },
            "title": "To provide a 1-week extension of the public debt limit.",
            "type": "HR",
            "url": "https://api.congress.gov/v3/bill/118/hr/3750?format=json"
        },
        {
            "congress": 118,
            "introducedDate": "2023-04-28",
            "latestAction": {
                "actionDate": "2023-04-28",
                "text": "Referred to the House Committee on Foreign Affairs."
            },
            "number": "3020",
            "policyArea": {
                "name": "International Affairs"
            },
            "title": "Reinforcing Sanctions on Iranian Terrorists Act",
            "type": "HR",
            "url": "https://api.congress.gov/v3/bill/118/hr/3020?format=json"
        },
        {
            "congress": 118,
            "introducedDate": "2023-02-07",
            "latestAction": {
                "actionDate": "2023-02-07",
                "text": "Referred to the Committee on Education and the Workforce, and in addition to the Committee on the Judiciary, for a period to be subsequently determined by the Speaker, in each case for consideration of such provisions as fall within the jurisdiction of the committee concerned."
            },
            "number": "863",
            "policyArea": {
                "name": "Crime and Law Enforcement"
            },
            "title": "To amend title 18, United States Code, to prohibit a publishing house from knowingly furnishing sexually explicit material to a school or an educational agency, to prohibit Federal funds from being provided to a school that obtains or an educational agency that distributes sexually explicit material, and for other purposes.",
            "type": "HR",
            "url": "https://api.congress.gov/v3/bill/118/hr/863?format=json"
        },
        {
            "amendmentNumber": "836",
            "congress": 118,
            "introducedDate": "2023-12-13",
            "latestAction": {
                "actionDate": "2023-12-13",
                "actionTime": "15:04:28",
                "text": "On agreeing to the Mills amendment (A002) Agreed to by voice vote. "
            },
            "type": null,
            "url": "https://api.congress.gov/v3/amendment/118/hamdt/836?format=json"
        },
        {
            "amendmentNumber": "741",
            "congress": 118,
            "introducedDate": "2023-11-14",
            "latestAction": {
                "actionDate": "2023-11-14",
                "actionTime": "17:25:49",
                "text": "On agreeing to the Mills amendment (A017) Failed by recorded vote: 186 - 247 (Roll no. 652). "
            },
            "type": null,
            "url": "https://api.congress.gov/v3/amendment/118/hamdt/741?format=json"
        },
        {
            "amendmentNumber": "735",
            "congress": 118,
            "introducedDate": "2023-11-14",
            "latestAction": {
                "actionDate": "2023-11-14",
                "actionTime": "13:14:16",
                "text": "On agreeing to the Mills amendment (A011) Agreed to by voice vote. "
            },
            "type": null,
            "url": "https://api.congress.gov/v3/amendment/118/hamdt/735?format=json"
        },
        {
            "amendmentNumber": "183",
            "congress": 118,
            "introducedDate": "2023-05-25",
            "latestAction": {
                "actionDate": "2023-05-25",
                "actionTime": "09:25:46",
                "text": "On agreeing to the Mills amendment (A002) Agreed to by voice vote. "
            },
            "type": null,
            "url": "https://api.congress.gov/v3/amendment/118/hamdt/183?format=json"
        }
    ]
}