{
    "pagination": {
        "count": 53
    },
    "request": {
        "bioguideId": "n000193",
        "contentType": "application/json",
        "format": "json"
    },
    "sponsoredLegislation": [
        {
            "congress": 118,
            "introducedDate": "2024-07-09",
            "latestAction": {
                "actionDate": "2024-07-09",
                "text": "Referred to the Committee on Ways and Means, and in addition to the Committee on Agriculture, for a period to be subsequently determined by the Speaker, in each case for consideration of such provisions as fall within the jurisdiction of the committee concerned."
            },
            "number": "8971",
            "policyArea": {
                "name": null
            },
            "title": "To amend the Internal Revenue Code of 1986 to allow an investment credit for certain domestic infant formula manufacturing facilities.",
            "type": "HR",
            "url": "https://api.congress.gov/v3/bill/118/hr/8971?format=json"
        },
        {
            "congress": 118,
            "introducedDate": "2024-06-26",
            "latestAction": {
                "actionDate": "2024-06-26",
                "text": "Referred to the House Committee on Ways and Means."
            },
            "number": "8846",
            "policyArea": {
                "name": null
            },
            "title": "To provide tax relief with respect to certain Federal disasters relating to severe storms, straight-line winds, and tornadoes.",
            "type": "HR",
            "url": "https://api.congress.gov/v3/bill/118/hr/8846?format=json"
        },
        {
            "congress": 118,
            "introducedDate": "2024-06-21",
            "latestAction": {
                "actionDate": "2024-06-21",
                "text": "Referred to the Committee on Ways and Means, and in addition to the Committee on Energy and Commerce, for a period to be subsequently determined by the Speaker, in each case for consideration of such provisions as fall within the jurisdiction of the committee concerned."
            },
            "number": "8806",
            "policyArea": {
                "name": null
            },
            "title": "To direct the Comptroller General of the United States to carry out a study relating to the resiliency of Social Security and Medicare.",
            "type": "HR",
            "url": "https://api.congress.gov/v3/bill/118/hr/8806?format=json"
        },
        {
            "congress": 118,
            "introducedDate": "2024-05-31",
            "latestAction": {
                "actionDate": "2024-05-31",
                "text": "Referred to the House Committee on Energy and Commerce."
            },
            "number": "1265",
            "policyArea": {
                "name": "Energy"
            },
            "title": "Expressing support for the designation of May 2024 as \"Renewable Fuels Month\" to recognize the important role that renewable fuels play in reducing carbon impacts, lowering fuel prices for consumers, supporting rural communities, and lessening reliance on foreign adversaries.",
            "type": "HRES",
            "url": "https://api.congress.gov/v3/bill/118/hres/1265?format=json"
        },
        {
            "amendmentNumber": "915",
            "congress": 118,
            "introducedDate": "2024-05-16",
            "latestAction": {
                "actionDate": "2024-05-16",
                "actionTime": "15:04:37",
                "text": "On agreeing to the Nunn (IA) amendment (A003) Agreed to by voice vote."
            },
            "type": null,
            "url": "https://api.congress.gov/v3/amendment/118/hamdt/915?format=json"
        },
        {
            "amendmentNumber": "914",
            "congress": 118,
            "introducedDate": "2024-05-16",
            "latestAction": {
                "actionDate": "2024-05-16",
                "actionTime": "14:53:48",
                "text": "On agreeing to the Nunn (IA) amendment (A002) Agreed to by voice vote."
            },
            "type": null,
            "url": "https://api.congress.gov/v3/amendment/118/hamdt/914?format=json"
        },
        {
            "congress": 118,
            "introducedDate": "2024-05-07",
            "latestAction": {
                "actionDate": "2024-05-07",
                "text": "Referred to the House Committee on Education and the Workforce."
            },
            "number": "8280",
            "policyArea": {
                "name": null
            },
            "title": "Safe Schools and Communities Act of 2024",
            "type": "HR",
            "url": "https://api.congress.gov/v3/bill/118/hr/8280?format=json"
        },
        {
            "congress": 118,
            "introducedDate": "2024-05-02",
            "latestAction": {
                "actionDate": "2024-05-02",
                "text": "Referred to the House Committee on Education and the Workforce."
            },
            "number": "8236",
            "policyArea": {
                "name": null
            },
            "title": "Pre-K for Kids Act of 2024",
            "type": "HR",
            "url": "https://api.congress.gov/v3/bill/118/hr/8236?format=json"
        },
        {
            "amendmentNumber": "889",
            "congress": 118,
            "introducedDate": "2024-04-20",
            "latestAction": {
                "actionDate": "2024-04-20",
                "actionTime": "13:09:39",
                "text": "On agreeing to the Nunn (IA) amendment (A002) Agreed to by recorded vote: 249 - 167 (Roll no. 144)."
            },
            "type": null,
            "url": "https://api.congress.gov/v3/amendment/118/hamdt/889?format=json"
        },
        {
            "congress": 118,
            "introducedDate": "2024-04-17",
            "latestAction": {
                "actionDate": "2024-04-17",
                "text": "Referred to the House Committee on Energy and Commerce."
            },
            "number": "8052",
            "policyArea": {
                "name": "Environmental Protection"
            },
            "title": "Year-Round E15 Act of 2024",
            "type": "HR",
            "url": "https://api.congress.gov/v3/bill/118/hr/8052?format=json"
        },
        {
            "congress": 118,
            "introducedDate": "2024-04-11",
            "latestAction": {
                "actionDate": "2024-04-11",
                "text": "Referred to the House Committee on Financial Services."
            },
            "number": "7963",
            "policyArea": {
                "name": "Finance and Financial Sector"
            },
            "title": "Small Business Red Tape Relief Act of 2024",
            "type": "HR",
            "url": "https://api.congress.gov/v3/bill/118/hr/7963?format=json"
        },
        {
            "congress": 118,
            "introducedDate": "2024-04-09",
            "latestAction": {
                "actionDate": "2024-04-09",
                "text": "Referred to the House Committee on Ways and Means."
            },
            "number": "7912",
            "policyArea": {
                "name": "Taxation"
            },
            "title": "Fight for Siblings Act of 2024",
            "type": "HR",
            "url": "https://api.congress.gov/v3/bill/118/hr/7912?format=json"
        },
        {
            "congress": 118,
            "introducedDate": "2024-03-21",
            "latestAction": {
                "actionDate": "2024-03-21",
                "text": "Referred to the House Committee on Financial Services."
            },
            "number": "7781",
            "policyArea": {
                "name": "Finance and Financial Sector"
            },
            "title": "Artificial Intelligence Practices, Logistics, Actions, and Necessities Act",
            "type": "HR",
            "url": "https://api.congress.gov/v3/bill/118/hr/7781?format=json"
        },
        {
            "congress": 118,
            "introducedDate": "2024-02-13",
            "latestAction": {
                "actionDate": "2024-02-13",
                "text": "Referred to the House Committee on Financial Services."
            },
            "number": "7338",
            "policyArea": {
                "name": "Finance and Financial Sector"
            },
            "title": "Rural Credit Access Act of 2024",
            "type": "HR",
            "url": "https://api.congress.gov/v3/bill/118/hr/7338?format=json"
        },
        {
            "congress": 118,
            "introducedDate": "2024-02-05",
            "latestAction": {
                "actionDate": "2024-02-05",
                "text": "Referred to the House Committee on Financial Services."
            },
            "number": "7238",
            "policyArea": {
                "name": "Housing and Community Development"
            },
            "title": "Promote Affordable Rural Housing Act",
            "type": "HR",
            "url": "https://api.congress.gov/v3/bill/118/hr/7238?format=json"
        },
        {
            "congress": 118,
            "introducedDate": "2023-12-19",
            "latestAction": {
                "actionDate": "2023-12-19",
                "text": "Referred to the House Committee on Agriculture."
            },
            "number": "6867",
            "policyArea": {
                "name": "Agriculture and Food"
            },
            "title": "Conservation Innovation Act of 2023",
            "type": "HR",
            "url": "https://api.congress.gov/v3/bill/118/hr/6867?format=json"
        },
        {
            "congress": 118,
            "introducedDate": "2023-12-19",
            "latestAction": {
                "actionDate": "2023-12-19",
                "text": "Referred to the House Committee on the Judiciary."
            },
            "number": "6868",
            "policyArea": {
                "name": "Crime and Law Enforcement"
            },
            "title": "Protecting Women and Children Act of 2023",
            "type": "HR",
            "url": "https://api.congress.gov/v3/bill/118/hr/6868?format=json"
        },
        {
            "congress": 118,
            "introducedDate": "2023-12-05",
            "latestAction": {
                "actionDate": "2023-12-05",
                "text": "Referred to the House Committee on Financial Services."
            },
            "number": "6605",
            "policyArea": {
                "name": "Finance and Financial Sector"
            },
            "title": "STIFLE Act of 2023",
            "type": "HR",
            "url": "https://api.congress.gov/v3/bill/118/hr/6605?format=json"
        },
        {
            "congress": 118,
            "introducedDate": "2023-12-04",
            "latestAction": {
                "actionDate": "2023-12-04",
                "text": "Referred to the Committee on House Administration, and in addition to the Committee on Oversight and Accountability, for a period to be subsequently determined by the Speaker, in each case for consideration of such provisions as fall within the jurisdiction of the committee concerned."
            },
            "number": "6579",
            "policyArea": {
                "name": "Congress"
            },
            "title": "Congressional Pension Accountability Act",
            "type": "HR",
            "url": "https://api.congress.gov/v3/bill/118/hr/6579?format=json"
        },
        {
            "congress": 118,
            "introducedDate": "2023-11-14",
            "latestAction": {
                "actionDate": "2024-01-24",
                "text": "Referred to the Subcommittee on General Farm Commodities, Risk Management, and Credit."
            },
            "number": "6413",
            "policyArea": {
                "name": "Agriculture and Food"
            },
            "title": "Agricultural Biorefinery Innovation and Opportunity Act of 2023",
            "type": "HR",
            "url": "https://api.congress.gov/v3/bill/118/hr/6413?format=json"
        },
        {
            "congress": 118,
            "introducedDate": "2023-11-08",
            "latestAction": {
                "actionDate": "2023-11-08",
                "text": "Referred to the Committee on Foreign Affairs, and in addition to the Committees on Financial Services, Intelligence (Permanent Select), and Oversight and Accountability, for a period to be subsequently determined by the Speaker, in each case for consideration of such provisions as fall within the jurisdiction of the committee concerned."
            },
            "number": "6307",
            "policyArea": {
                "name": "Government Operations and Politics"
            },
            "title": "Creating Legal Accountability for Rogue Innovators and Technology Act of 2023",
            "type": "HR",
            "url": "https://api.congress.gov/v3/bill/118/hr/6307?format=json"
        },
        {
            "congress": 118,
            "introducedDate": "2023-10-30",
            "latestAction": {
                "actionDate": "2023-11-03",
                "text": "Referred to the Subcommittee on Health."
            },
            "number": "6122",
            "policyArea": {
                "name": "Health"
            },
            "title": "Train More Nurses Act",
            "type": "HR",
            "url": "https://api.congress.gov/v3/bill/118/hr/6122?format=json"
        },
        {
            "congress": 118,
            "introducedDate": "2023-10-19",
            "latestAction": {
                "actionDate": "2023-11-14",
                "text": "Ordered to be Reported in the Nature of a Substitute (Amended) by the Yeas and Nays: 37 - 13."
            },
            "number": "6000",
            "policyArea": {
                "name": "International Affairs"
            },
            "title": "Revoke Iranian Funding Act of 2023",
            "type": "HR",
            "url": "https://api.congress.gov/v3/bill/118/hr/6000?format=json"
        },
        {
            "congress": 118,
            "introducedDate": "2023-10-10",
            "latestAction": {
                "actionDate": "2023-10-25",
                "text": "Referred to the House Committee on Foreign Affairs."
            },
            "number": "770",
            "policyArea": {
                "name": "International Affairs"
            },
            "title": "Condemning an act of war against Israel by Hamas, the Palestinian Islamic Jihad, and associated forces, and for other purposes.",
            "type": "HRES",
            "url": "https://api.congress.gov/v3/bill/118/hres/770?format=json"
        },
        {
            "congress": 118,
            "introducedDate": "2023-09-27",
            "latestAction": {
                "actionDate": "2023-09-27",
                "text": "Referred to the House Committee on House Administration."
            },
            "number": "5771",
            "policyArea": {
                "name": "Congress"
            },
            "title": "People Before Politics Act",
            "type": "HR",
            "url": "https://api.congress.gov/v3/bill/118/hr/5771?format=json"
        },
        {
            "congress": 118,
            "introducedDate": "2023-09-27",
            "latestAction": {
                "actionDate": "2023-09-27",
                "text": "Referred to the Committee on House Administration, and in addition to the Committees on Oversight and Accountability, and Rules, for a period to be subsequently determined by the Speaker, in each case for consideration of such provisions as fall within the jurisdiction of the committee concerned."
            },
            "number": "5772",
            "policyArea": {
                "name": "Congress"
            },
            "title": "No Work, No Pay Act",
            "type": "HR",
            "url": "https://api.congress.gov/v3/bill/118/hr/5772?format=json"
        },
        {
            "congress": 118,
            "introducedDate": "2023-09-20",
            "latestAction": {
                "actionDate": "2023-09-20",
                "text": "Referred to the House Committee on Foreign Affairs."
            },
            "number": "66",
            "policyArea": {
                "name": "International Affairs"
            },
            "title": "Expressing the sense of Congress in support of a coordinated and effective international response to the crisis in Ukraine and in support of the use of reparations paid by Russia for Ukrainian recovery and reconstruction efforts while ensuring that, to the extent possible, the burden of funding Ukraine's reconstruction does not fall on United States taxpayers.",
            "type": "HCONRES",
            "url": "https://api.congress.gov/v3/bill/118/hconres/66?format=json"
        },
        {
            "congress": 118,
            "introducedDate": "2023-09-12",
            "latestAction": {
                "actionDate": "2023-09-12",
                "text": "Referred to the House Committee on Education and the Workforce."
            },
            "number": "5413",
            "policyArea": {
                "name": "Education"
            },
            "title": "Prevent Youth Suicide Act",
            "type": "HR",
            "url": "https://api.congress.gov/v3/bill/118/hr/5413?format=json"
        },
        {
            "congress": 118,
            "introducedDate": "2023-08-25",
            "latestAction": {
                "actionDate": "2023-09-26",
                "text": "Referred to the Subcommittee on Commodity Markets, Digital Assets, and Rural Development."
            },
            "number": "5284",
            "policyArea": {
                "name": "Agriculture and Food"
            },
            "title": "Rural Microentrepreneur Assistance Act of 2023",
            "type": "HR",
            "url": "https://api.congress.gov/v3/bill/118/hr/5284?format=json"
        },
        {
            "congress": 118,
            "introducedDate": "2023-08-22",
            "latestAction": {
                "actionDate": "2023-09-25",
                "text": "Referred to the Subcommittee on Conservation, Research, and Biotechnology."
            },
            "number": "5257",
            "policyArea": {
                "name": "Agriculture and Food"
            },
            "title": "To amend the Agricultural Credit Act of 1978 to enhance the long-term protection of watersheds, and for other purposes.",
            "type": "HR",
            "url": "https://api.congress.gov/v3/bill/118/hr/5257?format=json"
        },
        {
            "congress": 118,
            "introducedDate": "2023-08-08",
            "latestAction": {
                "actionDate": "2023-09-25",
                "text": "Referred to the Subcommittee on General Farm Commodities, Risk Management, and Credit."
            },
            "number": "5172",
            "policyArea": {
                "name": "Agriculture and Food"
            },
            "title": "To amend the Consolidated Farm and Rural Development Act to reduce the eligibility requirement for direct farm real estate loans, and for other purposes.",
            "type": "HR",
            "url": "https://api.congress.gov/v3/bill/118/hr/5172?format=json"
        },
        {
            "congress": 118,
            "introducedDate": "2023-08-01",
            "latestAction": {
                "actionDate": "2023-12-13",
                "text": "Received in the Senate and Read twice and referred to the Committee on Banking, Housing, and Urban Affairs."
            },
            "number": "5119",
            "policyArea": {
                "name": "Commerce"
            },
            "title": "Protect Small Business and Prevent Illicit Financial Activity Act",
            "type": "HR",
            "url": "https://api.congress.gov/v3/bill/118/hr/5119?format=json"
        },
        {
            "congress": 118,
            "introducedDate": "2023-07-26",
            "latestAction": {
                "actionDate": "2023-09-19",
                "text": "Referred to the Subcommittee on Commodity Markets, Digital Assets, and Rural Development."
            },
            "number": "4935",
            "policyArea": {
                "name": "Finance and Financial Sector"
            },
            "title": "To amend the Commodity Exchange Act to adjust the period during which amounts transferred by the Commodity Futures Trading Commission to the account for customer education initiatives and non-awards expenses shall remain available, and for other purposes.",
            "type": "HR",
            "url": "https://api.congress.gov/v3/bill/118/hr/4935?format=json"
        },
        {
            "congress": 118,
            "introducedDate": "2023-07-24",
            "latestAction": {
                "actionDate": "2023-09-19",
                "text": "Referred to the Subcommittee on Commodity Markets, Digital Assets, and Rural Development."
            },
            "number": "4835",
            "policyArea": {
                "name": "Agriculture and Food"
            },
            "title": "Revitalizing Rural Communities Act of 2023",
            "type": "HR",
            "url": "https://api.congress.gov/v3/bill/118/hr/4835?format=json"
        },
        {
            "congress": 118,
            "introducedDate": "2023-07-14",
            "latestAction": {
                "actionDate": "2023-07-14",
                "text": "Referred to the House Committee on Financial Services."
            },
            "number": "4656",
            "policyArea": {
                "name": "Finance and Financial Sector"
            },
            "title": "Protecting American\u2019s Savings Act",
            "type": "HR",
            "url": "https://api.congress.gov/v3/bill/118/hr/4656?format=json"
        },
        {
            "congress": 118,
            "introducedDate": "2023-06-27",
            "latestAction": {
                "actionDate": "2023-08-28",
                "text": "Referred to the Subcommittee on Conservation, Research, and Biotechnology."
            },
            "number": "4387",
            "policyArea": {
                "name": "Agriculture and Food"
            },
            "title": "Cybersecurity in Agriculture Act of 2023",
            "type": "HR",
            "url": "https://api.congress.gov/v3/bill/118/hr/4387?format=json"
        },
        {
            "congress": 118,
            "introducedDate": "2023-06-20",
            "latestAction": {
                "actionDate": "2023-06-20",
                "text": "Referred to the House Committee on Oversight and Accountability."
            },
            "number": "528",
            "policyArea": {
                "name": "Finance and Financial Sector"
            },
            "title": "Expressing support for the designation of June as \"National Annuity Awareness Month\".",
            "type": "HRES",
            "url": "https://api.congress.gov/v3/bill/118/hres/528?format=json"
        },
        {
            "congress": 118,
            "introducedDate": "2023-06-20",
            "latestAction": {
                "actionDate": "2023-08-21",
                "text": "Referred to the Subcommittee on Commodity Markets, Digital Assets, and Rural Development."
            },
            "number": "4227",
            "policyArea": {
                "name": "Science, Technology, Communications"
            },
            "title": "ReConnecting Rural America Act of 2023",
            "type": "HR",
            "url": "https://api.congress.gov/v3/bill/118/hr/4227?format=json"
        },
        {
            "congress": 118,
            "introducedDate": "2023-05-25",
            "latestAction": {
                "actionDate": "2023-05-26",
                "text": "Referred to the Subcommittee on Environment, Manufacturing, and Critical Materials."
            },
            "number": "447",
            "policyArea": {
                "name": "Energy"
            },
            "title": "Expressing support for the designation of May 2023 as \"Renewable Fuels Month\" to recognize the important role that renewable fuels play in reducing carbon impacts, lowering fuel prices for consumers, supporting rural communities, and lessening reliance on foreign adversaries.",
            "type": "HRES",
            "url": "https://api.congress.gov/v3/bill/118/hres/447?format=json"
        },
        {
            "congress": 118,
            "introducedDate": "2023-05-25",
            "latestAction": {
                "actionDate": "2024-04-30",
                "text": "Received in the Senate."
            },
            "number": "3722",
            "policyArea": {
                "name": "Armed Forces and National Security"
            },
            "title": "Daniel J. Harvey, Jr. and Adam Lambert Improving Servicemember Transition to Reduce Veteran Suicide Act",
            "type": "HR",
            "url": "https://api.congress.gov/v3/bill/118/hr/3722?format=json"
        },
        {
            "congress": 118,
            "introducedDate": "2023-05-18",
            "latestAction": {
                "actionDate": "2023-05-18",
                "text": "Referred to the House Committee on Ways and Means."
            },
            "number": "3526",
            "policyArea": {
                "name": "Economics and Public Finance"
            },
            "title": "Extraordinary Measures Transparency Act",
            "type": "HR",
            "url": "https://api.congress.gov/v3/bill/118/hr/3526?format=json"
        },
        {
            "congress": 118,
            "introducedDate": "2023-05-09",
            "latestAction": {
                "actionDate": "2023-05-09",
                "text": "Referred to the House Committee on Ways and Means."
            },
            "number": "3157",
            "policyArea": {
                "name": "Health"
            },
            "title": "Protecting American Benefits Act",
            "type": "HR",
            "url": "https://api.congress.gov/v3/bill/118/hr/3157?format=json"
        },
        {
            "congress": 118,
            "introducedDate": "2023-04-27",
            "latestAction": {
                "actionDate": "2024-05-06",
                "text": "Placed on the Union Calendar, Calendar No. 402."
            },
            "number": "2969",
            "policyArea": {
                "name": "Finance and Financial Sector"
            },
            "title": "Financial Technology Protection Act of 2023",
            "type": "HR",
            "url": "https://api.congress.gov/v3/bill/118/hr/2969?format=json"
        },
        {
            "congress": 118,
            "introducedDate": "2023-04-06",
            "latestAction": {
                "actionDate": "2023-04-06",
                "text": "Referred to the House Committee on Ways and Means."
            },
            "number": "2510",
            "policyArea": {
                "name": "Taxation"
            },
            "title": "To amend the Internal Revenue Code of 1986 to make the credit for the adoption of special needs children refundable.",
            "type": "HR",
            "url": "https://api.congress.gov/v3/bill/118/hr/2510?format=json"
        },
        {
            "congress": 118,
            "introducedDate": "2023-03-14",
            "latestAction": {
                "actionDate": "2023-03-14",
                "text": "Referred to the House Committee on the Judiciary."
            },
            "number": "1601",
            "policyArea": {
                "name": "Congress"
            },
            "title": "Ban Members from Becoming Lobbyists Act",
            "type": "HR",
            "url": "https://api.congress.gov/v3/bill/118/hr/1601?format=json"
        },
        {
            "congress": 118,
            "introducedDate": "2023-03-07",
            "latestAction": {
                "actionDate": "2023-03-07",
                "text": "Referred to the Committee on House Administration, and in addition to the Committee on Oversight and Accountability, for a period to be subsequently determined by the Speaker, in each case for consideration of such provisions as fall within the jurisdiction of the committee concerned."
            },
            "number": "1417",
            "policyArea": {
                "name": "Congress"
            },
            "title": "To repeal the provision of law that provides automatic pay adjustments for Members of Congress.",
            "type": "HR",
            "url": "https://api.congress.gov/v3/bill/118/hr/1417?format=json"
        },
        {
            "congress": 118,
            "introducedDate": "2023-02-21",
            "latestAction": {
                "actionDate": "2023-02-21",
                "text": "Referred to the House Committee on Financial Services."
            },
            "number": "1137",
            "policyArea": {
                "name": "Foreign Trade and International Finance"
            },
            "title": "Neutralizing Unfair Chinese Export Subsidies Act of 2023",
            "type": "HR",
            "url": "https://api.congress.gov/v3/bill/118/hr/1137?format=json"
        },
        {
            "congress": 118,
            "introducedDate": "2023-02-21",
            "latestAction": {
                "actionDate": "2023-02-21",
                "text": "Referred to the Committee on House Administration, and in addition to the Committee on Ways and Means, for a period to be subsequently determined by the Speaker, in each case for consideration of such provisions as fall within the jurisdiction of the committee concerned."
            },
            "number": "1138",
            "policyArea": {
                "name": "Congress"
            },
            "title": "Prohibit Insider Trading Act",
            "type": "HR",
            "url": "https://api.congress.gov/v3/bill/118/hr/1138?format=json"
        },
        {
            "congress": 118,
            "introducedDate": "2023-01-09",
            "latestAction": {
                "actionDate": "2023-01-09",
                "text": "Referred to the House Committee on the Judiciary."
            },
            "number": "12",
            "policyArea": {
                "name": "Economics and Public Finance"
            },
            "title": "Proposing a balanced budget amendment to the Constitution of the United States.",
            "type": "HJRES",
            "url": "https://api.congress.gov/v3/bill/118/hjres/12?format=json"
        },
        {
            "congress": 118,
            "introducedDate": "2024-03-15",
            "latestAction": {
                "actionDate": "2024-03-22",
                "text": "Referred to the Subcommittee on Environment, Manufacturing, and Critical Materials."
            },
            "number": "7706",
            "policyArea": {
                "name": "Environmental Protection"
            },
            "title": "Safe Drinking Water for Disadvantaged Communities Act",
            "type": "HR",
            "url": "https://api.congress.gov/v3/bill/118/hr/7706?format=json"
        },
        {
            "amendmentNumber": "703",
            "congress": 118,
            "introducedDate": "2023-11-08",
            "latestAction": {
                "actionDate": "2023-11-08",
                "actionTime": "17:39:09",
                "text": "On agreeing to the Nunn (IA) amendment (A048) Agreed to by voice vote. "
            },
            "type": null,
            "url": "https://api.congress.gov/v3/amendment/118/hamdt/703?format=json"
        },
        {
            "amendmentNumber": "704",
            "congress": 118,
            "introducedDate": "2023-11-08",
            "latestAction": {
                "actionDate": "2023-11-08",
                "actionTime": "17:44:48",
                "text": "On agreeing to the Nunn (IA) amendment (A049) Agreed to by voice vote. "
            },
            "type": null,
            "url": "https://api.congress.gov/v3/amendment/118/hamdt/704?format=json"
        },
        {
            "amendmentNumber": "313",
            "congress": 118,
            "introducedDate": "2023-09-26",
            "latestAction": {
                "actionDate": "2023-09-26",
                "actionTime": "22:37:50",
                "text": "By unanimous consent, the Nunn (IA) amendment was withdrawn. "
            },
            "type": null,
            "url": "https://api.congress.gov/v3/amendment/118/hamdt/313?format=json"
        }
    ]
}