{
    "pagination": {
        "count": 62
    },
    "request": {
        "bioguideId": "s000779",
        "contentType": "application/json",
        "format": "json"
    },
    "sponsoredLegislation": [
        {
            "congress": 98,
            "introducedDate": "1984-09-25",
            "latestAction": {
                "actionDate": "1984-09-25",
                "text": "Referred to House Committee on The Judiciary."
            },
            "number": "6309",
            "policyArea": {
                "name": "Private Legislation"
            },
            "title": "A bill for the relief of Ray M. Reed.",
            "type": "HR",
            "url": "https://api.congress.gov/v3/bill/98/hr/6309?format=json"
        },
        {
            "congress": 98,
            "introducedDate": "1984-03-29",
            "latestAction": {
                "actionDate": "1984-05-03",
                "text": "Executive Comment Requested from Interior."
            },
            "number": "5303",
            "policyArea": {
                "name": "Public Lands and Natural Resources"
            },
            "title": "A bill to provide for the acquisition of real property within the boundaries of the New River Gorge National River by an exchange between the United States and the Berwind Corporation.",
            "type": "HR",
            "url": "https://api.congress.gov/v3/bill/98/hr/5303?format=json"
        },
        {
            "congress": 99,
            "introducedDate": "1986-09-17",
            "latestAction": {
                "actionDate": "1986-10-10",
                "text": "Referred to Subcommittee on National Parks and Recreation."
            },
            "number": "5543",
            "policyArea": {
                "name": "Public Lands and Natural Resources"
            },
            "title": "A bill to amend Public Law 95-625 to permit the acquisition of certain lands for an administrative site for the New River Gorge National River, West Virginia.",
            "type": "HR",
            "url": "https://api.congress.gov/v3/bill/99/hr/5543?format=json"
        },
        {
            "congress": 99,
            "introducedDate": "1986-04-29",
            "latestAction": {
                "actionDate": "1986-04-29",
                "text": "Referred to House Committee on Government Operations."
            },
            "number": "4703",
            "policyArea": {
                "name": "Government Operations and Politics"
            },
            "title": "Essential Services Payments to Local Governments Act",
            "type": "HR",
            "url": "https://api.congress.gov/v3/bill/99/hr/4703?format=json"
        },
        {
            "congress": 99,
            "introducedDate": "1986-04-29",
            "latestAction": {
                "actionDate": "1986-08-11",
                "text": "Unfavorable Executive Comment Received From USDA."
            },
            "number": "4702",
            "policyArea": {
                "name": "Water Resources Development"
            },
            "title": "A bill to require the Secretary of Agriculture to conduct a feasibility study of providing flood protection on the North and South Branch of the Potomac River, the Cheat River, and the Greenbrier River systems.",
            "type": "HR",
            "url": "https://api.congress.gov/v3/bill/99/hr/4702?format=json"
        },
        {
            "congress": 99,
            "introducedDate": "1986-03-10",
            "latestAction": {
                "actionDate": "1986-03-10",
                "text": "Referred to House Committee on Small Business."
            },
            "number": "4359",
            "policyArea": {
                "name": "Commerce"
            },
            "title": "A bill to raise the cap on disaster loans made available under section 7(b) of the Small Business Act.",
            "type": "HR",
            "url": "https://api.congress.gov/v3/bill/99/hr/4359?format=json"
        },
        {
            "congress": 99,
            "introducedDate": "1986-03-10",
            "latestAction": {
                "actionDate": "1986-03-10",
                "text": "Referred to House Committee on Appropriations."
            },
            "number": "4358",
            "policyArea": {
                "name": "Economics and Public Finance"
            },
            "title": "A bill to rescind certain funds for international disaster assistance and to make supplemental appropriations for impact aid disaster assistance for the Department of Education.",
            "type": "HR",
            "url": "https://api.congress.gov/v3/bill/99/hr/4358?format=json"
        },
        {
            "congress": 99,
            "introducedDate": "1985-09-11",
            "latestAction": {
                "actionDate": "1985-09-18",
                "text": "Referred to Subcommittee on Health and the Environment."
            },
            "number": "3281",
            "policyArea": {
                "name": "Social Welfare"
            },
            "title": "A bill to amend title XVIII of the Social Security Act to provide that services provided by a clinical psychologist in a rural health clinic need not be provided under the direct supervision of a physician in order to qualify for payment under the medicare and medicaid programs.",
            "type": "HR",
            "url": "https://api.congress.gov/v3/bill/99/hr/3281?format=json"
        },
        {
            "congress": 99,
            "introducedDate": "1985-09-11",
            "latestAction": {
                "actionDate": "1985-09-11",
                "text": "Referred to House Committee on Veterans' Affairs."
            },
            "number": "3282",
            "policyArea": {
                "name": "Armed Forces and National Security"
            },
            "title": "A bill to amend chapter 30 of title 38, United States Code, to provide for educational assistance for apprenticeship or other onjob training under the new GI bill educational assistance program.",
            "type": "HR",
            "url": "https://api.congress.gov/v3/bill/99/hr/3282?format=json"
        },
        {
            "congress": 99,
            "introducedDate": "1985-06-20",
            "latestAction": {
                "actionDate": "1985-07-15",
                "text": "Referred to Subcommittee on Labor Standards."
            },
            "number": "2833",
            "policyArea": {
                "name": "Labor and Employment"
            },
            "title": "A bill to require the Department of Labor to reduce the backlog of cases under the Black Lung Benefits Act.",
            "type": "HR",
            "url": "https://api.congress.gov/v3/bill/99/hr/2833?format=json"
        },
        {
            "congress": 99,
            "introducedDate": "1985-03-19",
            "latestAction": {
                "actionDate": "1985-03-19",
                "text": "Referred to House Committee on The Judiciary."
            },
            "number": "1600",
            "policyArea": {
                "name": "Private Legislation"
            },
            "title": "A bill for the relief of Ray M. Reed.",
            "type": "HR",
            "url": "https://api.congress.gov/v3/bill/99/hr/1600?format=json"
        },
        {
            "congress": 100,
            "introducedDate": "1988-10-04",
            "latestAction": {
                "actionDate": "1988-11-03",
                "text": "Referred to Subcommittee on National Parks and Public Lands."
            },
            "number": "5455",
            "policyArea": {
                "name": "Public Lands and Natural Resources"
            },
            "title": "A bill to modify the boundary of the Cranberry Wilderness, located in the Monongahela National Forest, West Virginia.",
            "type": "HR",
            "url": "https://api.congress.gov/v3/bill/100/hr/5455?format=json"
        },
        {
            "congress": 100,
            "introducedDate": "1988-09-23",
            "latestAction": {
                "actionDate": "1988-09-28",
                "text": "Referred to Subcommittee on Civil and Constitutional Rights."
            },
            "number": "5346",
            "policyArea": {
                "name": "Crime and Law Enforcement"
            },
            "title": "A bill to amend chapter 33 of title 18, United States Code, to prohibit the unauthorized use of the names \"Visiting Nurse Association\", \"Visiting Nurse Service\", \"VNA\", \"VNS\", or \"VNAA\" , or the unauthorized use of the name or insignia of the Visiting Nurse Association of America.",
            "type": "HR",
            "url": "https://api.congress.gov/v3/bill/100/hr/5346?format=json"
        },
        {
            "congress": 100,
            "introducedDate": "1988-06-14",
            "latestAction": {
                "actionDate": "1988-06-20",
                "text": "Referred to Subcommittee on Trade."
            },
            "number": "4817",
            "policyArea": {
                "name": "Foreign Trade and International Finance"
            },
            "title": "American Flag Fidelity Act",
            "type": "HR",
            "url": "https://api.congress.gov/v3/bill/100/hr/4817?format=json"
        },
        {
            "congress": 100,
            "introducedDate": "1988-04-13",
            "latestAction": {
                "actionDate": "1988-10-20",
                "text": "Referred to Subcommittee on Elementary, Secondary and Vocational Education."
            },
            "number": "4364",
            "policyArea": {
                "name": "Environmental Protection"
            },
            "title": "A bill to amend the Toxic Substances Control Act to require the Administrator of the Environmental Protection Agency to establish guidelines on priorities for local educational agencies to clean up asbestos in schools, to extend the deadlines for local educational agencies to comply with certain asbestos requirements, and to amend the Asbestos School Hazard Abatement Act of 1984 to authorize additional loans for such agencies to inspect for asbestos in schools and develop asbestos management plans.",
            "type": "HR",
            "url": "https://api.congress.gov/v3/bill/100/hr/4364?format=json"
        },
        {
            "congress": 100,
            "introducedDate": "1987-12-09",
            "latestAction": {
                "actionDate": "1988-01-21",
                "text": "Referred to Subcommittee on Health and the Environment."
            },
            "number": "3733",
            "policyArea": {
                "name": "Social Welfare"
            },
            "title": "Medicare Appeal Rights Preservation Act of 1987",
            "type": "HR",
            "url": "https://api.congress.gov/v3/bill/100/hr/3733?format=json"
        },
        {
            "congress": 100,
            "introducedDate": "1987-09-30",
            "latestAction": {
                "actionDate": "1987-10-08",
                "text": "Referred to Subcommittee on Human Resources and Intergovernmental Relations."
            },
            "number": "3363",
            "policyArea": {
                "name": "Government Operations and Politics"
            },
            "title": "Targeted Fiscal Assistance Payments to Local Governments Act",
            "type": "HR",
            "url": "https://api.congress.gov/v3/bill/100/hr/3363?format=json"
        },
        {
            "congress": 100,
            "introducedDate": "1987-07-29",
            "latestAction": {
                "actionDate": "1987-12-22",
                "text": "See H.R.3545."
            },
            "number": "3038",
            "policyArea": {
                "name": "Social Welfare"
            },
            "title": "A bill to amend title XVIII of the Social Security Act to provide that services of a psychologist in a rural health clinic need not be provided under the direct supervision of a physician in order to qualify for payment under the medicare and medicaid programs.",
            "type": "HR",
            "url": "https://api.congress.gov/v3/bill/100/hr/3038?format=json"
        },
        {
            "congress": 100,
            "introducedDate": "1987-07-23",
            "latestAction": {
                "actionDate": "1987-08-18",
                "text": "Referred to Subcommittee on Human Resources."
            },
            "number": "3013",
            "policyArea": {
                "name": "Education"
            },
            "title": "A bill to amend the Head Start Act to prevent the Secretary of Health and Human Services from disqualifying from eligibility to receive discretionary payments any Head Start agency that then serves less than one-third of the children eligible to participate in its Head Start program.",
            "type": "HR",
            "url": "https://api.congress.gov/v3/bill/100/hr/3013?format=json"
        },
        {
            "congress": 100,
            "introducedDate": "1987-07-01",
            "latestAction": {
                "actionDate": "1988-10-06",
                "text": "Became Public Law No: 100-474."
            },
            "number": "2884",
            "policyArea": {
                "name": "Energy"
            },
            "title": "Uniform Regulatory Jurisdiction Act of 1988",
            "type": "HR",
            "url": "https://api.congress.gov/v3/bill/100/hr/2884?format=json"
        },
        {
            "congress": 100,
            "introducedDate": "1987-06-25",
            "latestAction": {
                "actionDate": "1987-06-25",
                "text": "Referred to House Committee on The Judiciary."
            },
            "number": "2803",
            "policyArea": {
                "name": "Private Legislation"
            },
            "title": "A bill for the relief of Ray M. Reed.",
            "type": "HR",
            "url": "https://api.congress.gov/v3/bill/100/hr/2803?format=json"
        },
        {
            "congress": 100,
            "introducedDate": "1987-04-30",
            "latestAction": {
                "actionDate": "1987-05-15",
                "text": "Referred to Subcommittee on Legislation and National Security."
            },
            "number": "2229",
            "policyArea": {
                "name": "Transportation and Public Works"
            },
            "title": "A bill to amend the Railroad Retirement Act of 1974 and the Railroad Unemployment Insurance Act to provide for the removal of the trust funds established by those Acts from the unified budget, and for other purposes.",
            "type": "HR",
            "url": "https://api.congress.gov/v3/bill/100/hr/2229?format=json"
        },
        {
            "congress": 100,
            "introducedDate": "1987-01-28",
            "latestAction": {
                "actionDate": "1987-06-29",
                "text": "See S.J.Res.75."
            },
            "number": "114",
            "policyArea": {
                "name": "Commemorations"
            },
            "title": "A joint resolution to designate the week beginning August 2, 1987, as \"National Podiatric Medicine Week\".",
            "type": "HJRES",
            "url": "https://api.congress.gov/v3/bill/100/hjres/114?format=json"
        },
        {
            "congress": 100,
            "introducedDate": "1988-08-10",
            "latestAction": {
                "actionDate": "1988-08-11",
                "text": "Referred to Subcommittee on Personnel and Police."
            },
            "number": "352",
            "policyArea": {
                "name": "Congress"
            },
            "title": "A concurrent resolution establishing the Ad Hoc Joint Committee on Labor Relations for the Capitol Police.",
            "type": "HCONRES",
            "url": "https://api.congress.gov/v3/bill/100/hconres/352?format=json"
        },
        {
            "amendmentNumber": "820",
            "congress": 101,
            "introducedDate": "1990-10-03",
            "latestAction": {
                "actionDate": "1990-10-03",
                "actionTime": "18:05:15",
                "text": "On agreeing to the Staggers amendment (A010) Failed by recorded vote: 103 - 322 (Roll no. 410). "
            },
            "type": null,
            "url": "https://api.congress.gov/v3/amendment/101/hamdt/820?format=json"
        },
        {
            "amendmentNumber": "373",
            "congress": 101,
            "introducedDate": "1990-03-15",
            "latestAction": {
                "actionDate": "1990-03-15",
                "actionTime": "12:49:30",
                "text": "On agreeing to the Staggers amendment (A003) Agreed to by voice vote. "
            },
            "type": null,
            "url": "https://api.congress.gov/v3/amendment/101/hamdt/373?format=json"
        },
        {
            "amendmentNumber": "372",
            "congress": 101,
            "introducedDate": "1990-03-15",
            "latestAction": {
                "actionDate": "1990-03-15",
                "actionTime": "12:33:58",
                "text": "On agreeing to the Staggers amendment (A002) Agreed to by voice vote. "
            },
            "type": null,
            "url": "https://api.congress.gov/v3/amendment/101/hamdt/372?format=json"
        },
        {
            "congress": 101,
            "introducedDate": "1990-10-27",
            "latestAction": {
                "actionDate": "1990-11-20",
                "text": "Referred to the Subcommittee on Economic and Commercial Law."
            },
            "number": "5959",
            "policyArea": {
                "name": "Commerce"
            },
            "title": "Oil Consumer Justice Act of 1990",
            "type": "HR",
            "url": "https://api.congress.gov/v3/bill/101/hr/5959?format=json"
        },
        {
            "congress": 101,
            "introducedDate": "1990-10-20",
            "latestAction": {
                "actionDate": "1990-10-26",
                "text": "Referred to the Subcommittee on Immigration, Refugees, and International Law."
            },
            "number": "5885",
            "policyArea": {
                "name": "Private Legislation"
            },
            "title": "For the relief of Ghassan Hasbani.",
            "type": "HR",
            "url": "https://api.congress.gov/v3/bill/101/hr/5885?format=json"
        },
        {
            "congress": 101,
            "introducedDate": "1990-09-24",
            "latestAction": {
                "actionDate": "1990-09-24",
                "text": "Referred to the House Committee on Ways and Means."
            },
            "number": "5691",
            "policyArea": {
                "name": "Taxation"
            },
            "title": "To amend the Internal Revenue Code of 1986 to extend the period for issuing qualified small issue bonds through 1991.",
            "type": "HR",
            "url": "https://api.congress.gov/v3/bill/101/hr/5691?format=json"
        },
        {
            "congress": 101,
            "introducedDate": "1990-08-02",
            "latestAction": {
                "actionDate": "1990-11-08",
                "text": "Became Public Law No: 101-539."
            },
            "number": "5433",
            "policyArea": {
                "name": "Public Lands and Natural Resources"
            },
            "title": "To direct the Secretary of Agriculture to release on behalf of the United States a condition in a deed conveying certain lands to the Conservation Commission of West Virginia, and for other purposes.",
            "type": "HR",
            "url": "https://api.congress.gov/v3/bill/101/hr/5433?format=json"
        },
        {
            "congress": 101,
            "introducedDate": "1990-06-27",
            "latestAction": {
                "actionDate": "1990-06-27",
                "text": "Referred to the House Committee on Veterans' Affairs."
            },
            "number": "5169",
            "policyArea": {
                "name": "Armed Forces and National Security"
            },
            "title": "To amend title 38, United States Code, to revise the limitations on the payment of attorneys' fees in connection with Department of Veterans Affairs benefits proceedings.",
            "type": "HR",
            "url": "https://api.congress.gov/v3/bill/101/hr/5169?format=json"
        },
        {
            "congress": 101,
            "introducedDate": "1990-06-26",
            "latestAction": {
                "actionDate": "1990-06-26",
                "text": "Referred to the House Committee on Post Office and Civil Service."
            },
            "number": "5156",
            "policyArea": {
                "name": "Congress"
            },
            "title": "To require that Members of Congress provide a public accounting, on a semiannual basis, of the extent to which any of their mass mailings are made using the franking privilege.",
            "type": "HR",
            "url": "https://api.congress.gov/v3/bill/101/hr/5156?format=json"
        },
        {
            "congress": 101,
            "introducedDate": "1990-06-21",
            "latestAction": {
                "actionDate": "1990-07-05",
                "text": "Referred to the Subcommittee on Economic Development."
            },
            "number": "5108",
            "policyArea": {
                "name": "Transportation and Public Works"
            },
            "title": "To authorize appropriations for the Appalachian highway system and local access roads serving the Appalachian region, and for other purposes.",
            "type": "HR",
            "url": "https://api.congress.gov/v3/bill/101/hr/5108?format=json"
        },
        {
            "congress": 101,
            "introducedDate": "1990-06-19",
            "latestAction": {
                "actionDate": "1990-06-21",
                "text": "Subcommittee Consideration and Mark-up Session Held."
            },
            "number": "5069",
            "policyArea": {
                "name": "Armed Forces and National Security"
            },
            "title": "To improve the Department of Veterans Affairs compensated work therapy program, to authorize the Secretary of Veterans Affairs to provide a demonstration program of transitional housing for veterans in that program, to provide mortgage payment assistance to avoid foreclosure of home loans guaranteed by the Secretary of Veterans Affairs, and for other purposes.",
            "type": "HR",
            "url": "https://api.congress.gov/v3/bill/101/hr/5069?format=json"
        },
        {
            "congress": 101,
            "introducedDate": "1990-06-12",
            "latestAction": {
                "actionDate": "1990-07-19",
                "text": "Received in the Senate and read twice and referred to the Committee on Veterans."
            },
            "number": "5002",
            "policyArea": {
                "name": "Armed Forces and National Security"
            },
            "title": "Veterans' Housing and Homeless Amendments of 1990",
            "type": "HR",
            "url": "https://api.congress.gov/v3/bill/101/hr/5002?format=json"
        },
        {
            "congress": 101,
            "introducedDate": "1990-04-19",
            "latestAction": {
                "actionDate": "1990-04-27",
                "text": "Referred to the Subcommittee on Transportation and Hazardous Materials."
            },
            "number": "4556",
            "policyArea": {
                "name": "Environmental Protection"
            },
            "title": "To prohibit the operation of landfills within 3 miles of the Potomac River.",
            "type": "HR",
            "url": "https://api.congress.gov/v3/bill/101/hr/4556?format=json"
        },
        {
            "congress": 101,
            "introducedDate": "1990-03-01",
            "latestAction": {
                "actionDate": "1990-03-13",
                "text": "Referred to the Subcommittee on Crime."
            },
            "number": "4149",
            "policyArea": {
                "name": "Crime and Law Enforcement"
            },
            "title": "Office of Inspector General Law Enforcement Act of 1990",
            "type": "HR",
            "url": "https://api.congress.gov/v3/bill/101/hr/4149?format=json"
        },
        {
            "congress": 101,
            "introducedDate": "1989-10-25",
            "latestAction": {
                "actionDate": "1989-10-30",
                "text": "Referred to the Subcommittee on Department Operations, Research, and Foreign Agriculture."
            },
            "number": "3519",
            "policyArea": {
                "name": "Agriculture and Food"
            },
            "title": "Rural Economic Sustainability Act of 1989",
            "type": "HR",
            "url": "https://api.congress.gov/v3/bill/101/hr/3519?format=json"
        },
        {
            "congress": 101,
            "introducedDate": "1989-10-11",
            "latestAction": {
                "actionDate": "1990-04-11",
                "text": "Unfavorable Executive Comment Received from USDA."
            },
            "number": "3435",
            "policyArea": {
                "name": "Agriculture and Food"
            },
            "title": "Rural Water and Waste Water Management Consolidation Act of 1989",
            "type": "HR",
            "url": "https://api.congress.gov/v3/bill/101/hr/3435?format=json"
        },
        {
            "congress": 101,
            "introducedDate": "1989-05-18",
            "latestAction": {
                "actionDate": "1989-05-18",
                "text": "Referred to the House Committee on Veterans' Affairs."
            },
            "number": "2401",
            "policyArea": {
                "name": "Armed Forces and National Security"
            },
            "title": "To amend title 38, United States Code, to authorize certain uses of funds collected by the Department of Veterans Affairs as third-party reimbursements for the value of hospital care or medical service furnished to veterans.",
            "type": "HR",
            "url": "https://api.congress.gov/v3/bill/101/hr/2401?format=json"
        },
        {
            "congress": 101,
            "introducedDate": "1989-04-05",
            "latestAction": {
                "actionDate": "1989-06-06",
                "text": "Referred to the Subcommittee on Courts, Intellectual Property, and the Administration of Justice."
            },
            "number": "1674",
            "policyArea": {
                "name": "Crime and Law Enforcement"
            },
            "title": "To amend chapter 33 of title 18, United States Code, to prohibit the unauthorized use of the names \"Visiting Nurse Association\", \"Visiting Nurse Service\", \"VNA\", \"VNS\", or \"VNAA\", or the unauthorized use of the name or insignia of the Visiting Nurse Association of America.",
            "type": "HR",
            "url": "https://api.congress.gov/v3/bill/101/hr/1674?format=json"
        },
        {
            "congress": 101,
            "introducedDate": "1989-03-22",
            "latestAction": {
                "actionDate": "1990-10-23",
                "text": "Provisions Included In H.R.5769."
            },
            "number": "1576",
            "policyArea": {
                "name": "Public Lands and Natural Resources"
            },
            "title": "To modify the boundary of the Cranberry Wilderness, located in the Monongahela National Forest, West Virginia.",
            "type": "HR",
            "url": "https://api.congress.gov/v3/bill/101/hr/1576?format=json"
        },
        {
            "congress": 101,
            "introducedDate": "1989-03-15",
            "latestAction": {
                "actionDate": "1989-11-20",
                "text": "See H.R.901."
            },
            "number": "1415",
            "policyArea": {
                "name": "Armed Forces and National Security"
            },
            "title": "Veterans' Home Loan Mortgage Indemnity Act of 1989",
            "type": "HR",
            "url": "https://api.congress.gov/v3/bill/101/hr/1415?format=json"
        },
        {
            "congress": 101,
            "introducedDate": "1989-03-15",
            "latestAction": {
                "actionDate": "1989-11-20",
                "text": "See H.R.901."
            },
            "number": "1414",
            "policyArea": {
                "name": "Armed Forces and National Security"
            },
            "title": "To provide for the appointment of enlisted members of the Armed Forces to the American Battle Monuments Commission.",
            "type": "HR",
            "url": "https://api.congress.gov/v3/bill/101/hr/1414?format=json"
        },
        {
            "congress": 101,
            "introducedDate": "1989-02-21",
            "latestAction": {
                "actionDate": "1989-11-21",
                "text": "Unfavorable Executive Comment Received from State."
            },
            "number": "1036",
            "policyArea": {
                "name": "Foreign Trade and International Finance"
            },
            "title": "American Flag Fidelity Act",
            "type": "HR",
            "url": "https://api.congress.gov/v3/bill/101/hr/1036?format=json"
        },
        {
            "congress": 101,
            "introducedDate": "1989-05-04",
            "latestAction": {
                "actionDate": "1989-05-10",
                "text": "Referred to the Subcommittee on Personnel and Police."
            },
            "number": "110",
            "policyArea": {
                "name": "Congress"
            },
            "title": "Establishing the Ad Hoc Joint Committee on Labor Relations for the Capitol Police.",
            "type": "HCONRES",
            "url": "https://api.congress.gov/v3/bill/101/hconres/110?format=json"
        },
        {
            "amendmentNumber": "319",
            "congress": 102,
            "introducedDate": "1991-10-16",
            "latestAction": {
                "actionDate": "1991-10-16",
                "actionTime": "17:34:16",
                "text": "On agreeing to the Staggers amendments (A001) Failed by recorded vote: 101 - 322 (Roll no. 311). "
            },
            "type": null,
            "url": "https://api.congress.gov/v3/amendment/102/hamdt/319?format=json"
        },
        {
            "amendmentNumber": "53",
            "congress": 102,
            "introducedDate": "1991-05-08",
            "latestAction": {
                "actionDate": "1991-05-08",
                "actionTime": "18:20:23",
                "text": "On agreeing to the Staggers amendment (A001) Failed by recorded vote: 193 - 234 (Roll no. 81). "
            },
            "type": null,
            "url": "https://api.congress.gov/v3/amendment/102/hamdt/53?format=json"
        },
        {
            "congress": 102,
            "introducedDate": "1992-06-16",
            "latestAction": {
                "actionDate": "1992-11-10",
                "text": "Became Public Law No: 102-590."
            },
            "number": "5400",
            "policyArea": {
                "name": "Armed Forces and National Security"
            },
            "title": "Homeless Veterans Comprehensive Service Programs Act of 1992",
            "type": "HR",
            "url": "https://api.congress.gov/v3/bill/102/hr/5400?format=json"
        },
        {
            "congress": 102,
            "introducedDate": "1992-02-27",
            "latestAction": {
                "actionDate": "1992-03-13",
                "text": "Referred to the Subcommittee on Transportation and Hazardous Materials."
            },
            "number": "4348",
            "policyArea": {
                "name": "Environmental Protection"
            },
            "title": "Waste Management Act of 1992",
            "type": "HR",
            "url": "https://api.congress.gov/v3/bill/102/hr/4348?format=json"
        },
        {
            "congress": 102,
            "introducedDate": "1991-11-06",
            "latestAction": {
                "actionDate": "1992-03-18",
                "text": "Referred to the Subcommittee on Intellectual Property and Judicial Administration."
            },
            "number": "3716",
            "policyArea": {
                "name": "Commerce"
            },
            "title": "To prohibit certain use of the terms \"Visiting Nurse Association\", \"Visiting Nurse Service\", \"VNA\", and \"VNS\".",
            "type": "HR",
            "url": "https://api.congress.gov/v3/bill/102/hr/3716?format=json"
        },
        {
            "congress": 102,
            "introducedDate": "1991-07-30",
            "latestAction": {
                "actionDate": "1991-08-08",
                "text": "Referred to the Subcommittee on International Law, Immigration, and Refugees."
            },
            "number": "3117",
            "policyArea": {
                "name": "Private Legislation"
            },
            "title": "For the relief of Ghassan Hasbani.",
            "type": "HR",
            "url": "https://api.congress.gov/v3/bill/102/hr/3117?format=json"
        },
        {
            "congress": 102,
            "introducedDate": "1991-06-26",
            "latestAction": {
                "actionDate": "1991-07-18",
                "text": "For Further Action See H.R.939."
            },
            "number": "2771",
            "policyArea": {
                "name": "Armed Forces and National Security"
            },
            "title": "To amend title 38, United States Code, to remove limitations on payment of attorney fees in cases in which the United States is seeking to collect an indebtedness to the United States arising out of a housing loan guaranteed or insured by the Department of Veterans Affairs.",
            "type": "HR",
            "url": "https://api.congress.gov/v3/bill/102/hr/2771?format=json"
        },
        {
            "congress": 102,
            "introducedDate": "1991-06-13",
            "latestAction": {
                "actionDate": "1991-06-25",
                "text": "Executive Comment Requested from Treasury, Commerce, ITC, USTR."
            },
            "number": "2634",
            "policyArea": {
                "name": "Foreign Trade and International Finance"
            },
            "title": "American Flag Fidelity Act",
            "type": "HR",
            "url": "https://api.congress.gov/v3/bill/102/hr/2634?format=json"
        },
        {
            "congress": 102,
            "introducedDate": "1991-04-10",
            "latestAction": {
                "actionDate": "1991-06-07",
                "text": "Referred to the Subcommittee on Crime and Criminal Justice."
            },
            "number": "1682",
            "policyArea": {
                "name": "Crime and Law Enforcement"
            },
            "title": "To amend title I of the Omnibus Crime Control and Safe Streets Act of 1968 to reduce the amount of non-Federal funds required to be provided to obtain Federal funds under subpart 1 of part E of such title.",
            "type": "HR",
            "url": "https://api.congress.gov/v3/bill/102/hr/1682?format=json"
        },
        {
            "congress": 102,
            "introducedDate": "1991-03-13",
            "latestAction": {
                "actionDate": "1991-06-07",
                "text": "Referred to the Subcommittee on Crime and Criminal Justice."
            },
            "number": "1412",
            "policyArea": {
                "name": "Crime and Law Enforcement"
            },
            "title": "Felon Handgun Purchase Prevention Act of 1991",
            "type": "HR",
            "url": "https://api.congress.gov/v3/bill/102/hr/1412?format=json"
        },
        {
            "congress": 102,
            "introducedDate": "1991-03-07",
            "latestAction": {
                "actionDate": "1991-06-07",
                "text": "Referred to the Subcommittee on Crime and Criminal Justice."
            },
            "number": "1361",
            "policyArea": {
                "name": "Crime and Law Enforcement"
            },
            "title": "Office of Inspector General Law Enforcement Act of 1991",
            "type": "HR",
            "url": "https://api.congress.gov/v3/bill/102/hr/1361?format=json"
        },
        {
            "congress": 102,
            "introducedDate": "1991-02-06",
            "latestAction": {
                "actionDate": "1992-10-28",
                "text": "Became Public Law No: 102-547."
            },
            "number": "939",
            "policyArea": {
                "name": "Armed Forces and National Security"
            },
            "title": "Veterans Home Loan Program Amendments of 1992",
            "type": "HR",
            "url": "https://api.congress.gov/v3/bill/102/hr/939?format=json"
        },
        {
            "congress": 102,
            "introducedDate": "1991-01-29",
            "latestAction": {
                "actionDate": "1991-01-30",
                "text": "See H.R.4."
            },
            "number": "696",
            "policyArea": {
                "name": "Armed Forces and National Security"
            },
            "title": "Desert Shield Tax Act",
            "type": "HR",
            "url": "https://api.congress.gov/v3/bill/102/hr/696?format=json"
        },
        {
            "congress": 102,
            "introducedDate": "1991-01-03",
            "latestAction": {
                "actionDate": "1991-06-13",
                "text": "Became Public Law No: 102-54."
            },
            "number": "232",
            "policyArea": {
                "name": "Armed Forces and National Security"
            },
            "title": "To amend title 38, United States Code, with respect to veterans programs for housing and memorial affairs, and for other purposes.",
            "type": "HR",
            "url": "https://api.congress.gov/v3/bill/102/hr/232?format=json"
        },
        {
            "congress": 102,
            "introducedDate": "1991-06-07",
            "latestAction": {
                "actionDate": "1991-12-18",
                "text": "See H.R.2950."
            },
            "number": "164",
            "policyArea": {
                "name": "Transportation and Public Works"
            },
            "title": "Expressing the sense of Congress concerning the needs of rural areas under the national highway program.",
            "type": "HCONRES",
            "url": "https://api.congress.gov/v3/bill/102/hconres/164?format=json"
        }
    ]
}