{
    "pagination": {
        "count": 69
    },
    "request": {
        "bioguideId": "c000448",
        "contentType": "application/json",
        "format": "json"
    },
    "sponsoredLegislation": [
        {
            "congress": 93,
            "introducedDate": "1974-11-19",
            "latestAction": {
                "actionDate": "1974-11-19",
                "text": "Referred to Senate Committee on Agriculture and Forestry."
            },
            "number": "4165",
            "policyArea": {
                "name": "Agriculture and Food"
            },
            "title": "A bill to make more chemical fertilizer available throughout the world for the production of food during 1975 by substantially reducing the amount of such fertilizer used in the United States for non-food-growing purposes.",
            "type": "S",
            "url": "https://api.congress.gov/v3/bill/93/s/4165?format=json"
        },
        {
            "congress": 93,
            "introducedDate": "1974-08-22",
            "latestAction": {
                "actionDate": "1975-01-04",
                "text": "Pocket vetoed by President."
            },
            "number": "3943",
            "policyArea": {
                "name": "Environmental Protection"
            },
            "title": "A bill to extend the time for using funds appropriated to carry out the Rural Environmental Assistance Program (REAP) and the Rural Environmental Conservation Program (RECP) for the fiscal years ending June 30, 1973, and June 1974.",
            "type": "S",
            "url": "https://api.congress.gov/v3/bill/93/s/3943?format=json"
        },
        {
            "congress": 93,
            "introducedDate": "1974-06-18",
            "latestAction": {
                "actionDate": "1974-06-18",
                "text": "Referred to Senate Committee on the Judiciary."
            },
            "number": "3661",
            "policyArea": {
                "name": "Sports and Recreation"
            },
            "title": "A bill to amend the Act to incorporate Little League Baseball to provide that the league shall be open to girls as well as to boys.",
            "type": "S",
            "url": "https://api.congress.gov/v3/bill/93/s/3661?format=json"
        },
        {
            "congress": 93,
            "introducedDate": "1974-05-16",
            "latestAction": {
                "actionDate": "1974-05-16",
                "text": "Referred to Senate Committee on the Judiciary."
            },
            "number": "3510",
            "policyArea": {
                "name": "Private Legislation"
            },
            "title": "A bill for the relief of Pham Van Kiet.",
            "type": "S",
            "url": "https://api.congress.gov/v3/bill/93/s/3510?format=json"
        },
        {
            "congress": 93,
            "introducedDate": "1974-05-02",
            "latestAction": {
                "actionDate": "1974-05-02",
                "text": "Referred to Senate Committee on Agriculture and Forestry."
            },
            "number": "3431",
            "policyArea": {
                "name": "Agriculture and Food"
            },
            "title": "Young Farmers Investment Act",
            "type": "S",
            "url": "https://api.congress.gov/v3/bill/93/s/3431?format=json"
        },
        {
            "congress": 93,
            "introducedDate": "1974-04-08",
            "latestAction": {
                "actionDate": "1974-04-08",
                "text": "Referred to Senate Committee on Agriculture and Forestry."
            },
            "number": "3321",
            "policyArea": {
                "name": null
            },
            "title": "A bill to amend section 405 of the Agricultural Act of 1949, as amended, to provide that price support loans shall mature 1 year after the date on which they are made.",
            "type": "S",
            "url": "https://api.congress.gov/v3/bill/93/s/3321?format=json"
        },
        {
            "congress": 93,
            "introducedDate": "1974-04-04",
            "latestAction": {
                "actionDate": "1974-04-04",
                "text": "Referred to Senate Committee on Labor and Public Welfare."
            },
            "number": "3305",
            "policyArea": {
                "name": "Health"
            },
            "title": "National Huntington's Disease Control Act",
            "type": "S",
            "url": "https://api.congress.gov/v3/bill/93/s/3305?format=json"
        },
        {
            "congress": 93,
            "introducedDate": "1974-03-28",
            "latestAction": {
                "actionDate": "1974-03-28",
                "text": "Referred to Senate Committee on Veterans' Affairs."
            },
            "number": "3269",
            "policyArea": {
                "name": "Armed Forces and National Security"
            },
            "title": "A bill to amend title 38, United States Code, to increase the annual income limitations applicable to disability and death pensions and to dependency and indemnity compensation for dependent parents.",
            "type": "S",
            "url": "https://api.congress.gov/v3/bill/93/s/3269?format=json"
        },
        {
            "congress": 93,
            "introducedDate": "1974-03-20",
            "latestAction": {
                "actionDate": "1974-03-20",
                "text": "Referred to Senate Committee on Finance."
            },
            "number": "3198",
            "policyArea": {
                "name": "Social Welfare"
            },
            "title": "A bill to amend title XVIII of the Social Security Act to require skilled nursing facilities under the medicare program to provide medical social services.",
            "type": "S",
            "url": "https://api.congress.gov/v3/bill/93/s/3198?format=json"
        },
        {
            "congress": 93,
            "introducedDate": "1974-03-11",
            "latestAction": {
                "actionDate": "1974-03-11",
                "text": "Referred to Senate Committee on Labor and Public Welfare."
            },
            "number": "3147",
            "policyArea": {
                "name": "Labor and Employment"
            },
            "title": "A bill to amend the Occupational Safety and Health Act of 1970 to provide additional assistance to small employers.",
            "type": "S",
            "url": "https://api.congress.gov/v3/bill/93/s/3147?format=json"
        },
        {
            "congress": 93,
            "introducedDate": "1974-02-27",
            "latestAction": {
                "actionDate": "1974-02-27",
                "text": "Referred to Senate Committee on Labor and Public Welfare."
            },
            "number": "3074",
            "policyArea": {
                "name": "Health"
            },
            "title": "Comprehensive School Health Education Act",
            "type": "S",
            "url": "https://api.congress.gov/v3/bill/93/s/3074?format=json"
        },
        {
            "congress": 93,
            "introducedDate": "1974-01-28",
            "latestAction": {
                "actionDate": "1974-01-28",
                "text": "Referred to Senate Committee on Commerce."
            },
            "number": "2896",
            "policyArea": {
                "name": "Science, Technology, Communications"
            },
            "title": "A bill to terminate the Emergency Daylight Saving Time Energy Conservation Act of 1973.",
            "type": "S",
            "url": "https://api.congress.gov/v3/bill/93/s/2896?format=json"
        },
        {
            "congress": 93,
            "introducedDate": "1974-02-04",
            "latestAction": {
                "actionDate": "1974-02-04",
                "text": "Referred to Senate Committee on Finance."
            },
            "number": "2943",
            "policyArea": {
                "name": "Government Operations and Politics"
            },
            "title": "Comprehensive Election Reform Act",
            "type": "S",
            "url": "https://api.congress.gov/v3/bill/93/s/2943?format=json"
        },
        {
            "congress": 93,
            "introducedDate": "1973-12-19",
            "latestAction": {
                "actionDate": "1973-12-19",
                "text": "Referred to Senate Committee on Agriculture and Forestry."
            },
            "number": "2831",
            "policyArea": {
                "name": "Agriculture and Food"
            },
            "title": "Food Bank Act",
            "type": "S",
            "url": "https://api.congress.gov/v3/bill/93/s/2831?format=json"
        },
        {
            "congress": 93,
            "introducedDate": "1973-10-10",
            "latestAction": {
                "actionDate": "1973-10-10",
                "text": "Referred to Senate Committee on the Judiciary."
            },
            "number": "2561",
            "policyArea": {
                "name": "Private Legislation"
            },
            "title": "A bill for the relief of Mitsuo Kakutani, his wife, Akaiko Kakutani, and their child, Kota Kakutani.",
            "type": "S",
            "url": "https://api.congress.gov/v3/bill/93/s/2561?format=json"
        },
        {
            "congress": 93,
            "introducedDate": "1973-07-18",
            "latestAction": {
                "actionDate": "1973-07-18",
                "text": "Referred to Senate Committee on Commerce."
            },
            "number": "2197",
            "policyArea": {
                "name": "Government Operations and Politics"
            },
            "title": "A bill to amend the Communications Act of 1934 with respect to the operation of certain broadcasting stations.",
            "type": "S",
            "url": "https://api.congress.gov/v3/bill/93/s/2197?format=json"
        },
        {
            "congress": 93,
            "introducedDate": "1973-05-10",
            "latestAction": {
                "actionDate": "1973-12-28",
                "text": "Public law 93-207."
            },
            "number": "1776",
            "policyArea": {
                "name": "Environmental Protection"
            },
            "title": "A bill to amend the Federal Water Pollution Control Act, as amended.",
            "type": "S",
            "url": "https://api.congress.gov/v3/bill/93/s/1776?format=json"
        },
        {
            "congress": 93,
            "introducedDate": "1973-04-17",
            "latestAction": {
                "actionDate": "1973-04-17",
                "text": "Referred to Senate Committee on Agriculture and Forestry."
            },
            "number": "1608",
            "policyArea": {
                "name": "Agriculture and Food"
            },
            "title": "A bill relating to payments to producers for participation in the 1973 feed grain program.",
            "type": "S",
            "url": "https://api.congress.gov/v3/bill/93/s/1608?format=json"
        },
        {
            "congress": 93,
            "introducedDate": "1973-03-22",
            "latestAction": {
                "actionDate": "1973-03-22",
                "text": "Referred to Senate Committee on Agriculture and Forestry."
            },
            "number": "1333",
            "policyArea": {
                "name": "Animals"
            },
            "title": "A bill to provide for the establishment of a veterinary biologics facility by the U.S. Department of Agriculture.",
            "type": "S",
            "url": "https://api.congress.gov/v3/bill/93/s/1333?format=json"
        },
        {
            "congress": 93,
            "introducedDate": "1974-11-26",
            "latestAction": {
                "actionDate": "1974-11-26",
                "text": "Referred to Senate Committee on Judiciary."
            },
            "number": "261",
            "policyArea": {
                "name": "Commemorations"
            },
            "title": "A joint resolution designating April 17, 1975, as \"National Food Day.\"",
            "type": "SJRES",
            "url": "https://api.congress.gov/v3/bill/93/sjres/261?format=json"
        },
        {
            "congress": 94,
            "introducedDate": "1976-08-06",
            "latestAction": {
                "actionDate": "1976-08-06",
                "text": "Referred to Senate Committee on the Judiciary."
            },
            "number": "3742",
            "policyArea": {
                "name": "Private Legislation"
            },
            "title": "A bill for the relief of Eun Kyung Park and Sang Hyuk Park.",
            "type": "S",
            "url": "https://api.congress.gov/v3/bill/94/s/3742?format=json"
        },
        {
            "congress": 94,
            "introducedDate": "1976-03-22",
            "latestAction": {
                "actionDate": "1976-03-22",
                "text": "Referred to Senate Committee on Finance."
            },
            "number": "3185",
            "policyArea": {
                "name": "Social Welfare"
            },
            "title": "A bill to amend title II of the Social Security Act to provide for the entitlement of disabled widows and widowers to unreduced widow's and widower's insurance benefits without regard to age.",
            "type": "S",
            "url": "https://api.congress.gov/v3/bill/94/s/3185?format=json"
        },
        {
            "congress": 94,
            "introducedDate": "1976-02-19",
            "latestAction": {
                "actionDate": "1976-02-19",
                "text": "Referred to Senate Committee on the Judiciary."
            },
            "number": "3006",
            "policyArea": {
                "name": "Private Legislation"
            },
            "title": "A bill for the relief of Raphael Yum Cheung Ko.",
            "type": "S",
            "url": "https://api.congress.gov/v3/bill/94/s/3006?format=json"
        },
        {
            "congress": 94,
            "introducedDate": "1976-02-02",
            "latestAction": {
                "actionDate": "1976-02-02",
                "text": "Referred to Senate Committee on the Judiciary."
            },
            "number": "2912",
            "policyArea": {
                "name": "Government Operations and Politics"
            },
            "title": "Federal Election Campaign Reform Act",
            "type": "S",
            "url": "https://api.congress.gov/v3/bill/94/s/2912?format=json"
        },
        {
            "congress": 94,
            "introducedDate": "1975-10-02",
            "latestAction": {
                "actionDate": "1975-10-02",
                "text": "Referred to Senate Committee on the Judiciary."
            },
            "number": "2463",
            "policyArea": {
                "name": "Women"
            },
            "title": "Fair Treatment Act",
            "type": "S",
            "url": "https://api.congress.gov/v3/bill/94/s/2463?format=json"
        },
        {
            "congress": 94,
            "introducedDate": "1975-09-10",
            "latestAction": {
                "actionDate": "1975-09-10",
                "text": "Referred to Senate Committee on the Judiciary."
            },
            "number": "2319",
            "policyArea": {
                "name": "Private Legislation"
            },
            "title": "A bill for the relief of Leo Hector Peralta.",
            "type": "S",
            "url": "https://api.congress.gov/v3/bill/94/s/2319?format=json"
        },
        {
            "congress": 94,
            "introducedDate": "1975-07-30",
            "latestAction": {
                "actionDate": "1975-07-30",
                "text": "Referred to Senate Committee on Labor and Public Welfare."
            },
            "number": "2224",
            "policyArea": {
                "name": "Rural affairs legislation"
            },
            "title": "Rural Manpower Service Act",
            "type": "S",
            "url": "https://api.congress.gov/v3/bill/94/s/2224?format=json"
        },
        {
            "congress": 94,
            "introducedDate": "1975-07-31",
            "latestAction": {
                "actionDate": "1975-07-31",
                "text": "Referred to Senate Committee on Agriculture and Forestry."
            },
            "number": "2256",
            "policyArea": {
                "name": "Agriculture and Food"
            },
            "title": "Federal Grain Inspection Act",
            "type": "S",
            "url": "https://api.congress.gov/v3/bill/94/s/2256?format=json"
        },
        {
            "congress": 94,
            "introducedDate": "1975-07-15",
            "latestAction": {
                "actionDate": "1975-07-15",
                "text": "Referred to Senate Committee on Foreign Relations."
            },
            "number": "2111",
            "policyArea": {
                "name": "Foreign Trade and International Finance"
            },
            "title": "A bill to amend the United Nations Participation Act of 1945 to halt the importation of Rhodesian chrome.",
            "type": "S",
            "url": "https://api.congress.gov/v3/bill/94/s/2111?format=json"
        },
        {
            "congress": 94,
            "introducedDate": "1975-06-17",
            "latestAction": {
                "actionDate": "1975-06-17",
                "text": "Referred to Senate Committee on Labor and Public Welfare."
            },
            "number": "1962",
            "policyArea": {
                "name": "Mentally handicapped"
            },
            "title": "A bill to amend the Domestic Volunteer Service Act of 1973 to provide that volunteers in foster grandparent programs may furnish supportive services to mentally retarded individuals regardless of the age of such individuals.",
            "type": "S",
            "url": "https://api.congress.gov/v3/bill/94/s/1962?format=json"
        },
        {
            "congress": 94,
            "introducedDate": "1975-06-11",
            "latestAction": {
                "actionDate": "1975-06-11",
                "text": "Referred to Senate Committee on Agriculture and Forestry."
            },
            "number": "1916",
            "policyArea": {
                "name": "Rural affairs legislation"
            },
            "title": "A bill to authorize the Secretary of Agriculture to carry out rural conservation employment projects in rural areas of substantial unemployment.",
            "type": "S",
            "url": "https://api.congress.gov/v3/bill/94/s/1916?format=json"
        },
        {
            "congress": 94,
            "introducedDate": "1975-05-21",
            "latestAction": {
                "actionDate": "1975-05-21",
                "text": "Referred to Senate Committee on Public Works."
            },
            "number": "1799",
            "policyArea": {
                "name": "Hydraulic engineering"
            },
            "title": "A bill to authorize the Secretary of the Army to carry out certain dredging and related activities on the Missouri River Oxbow Lakes.",
            "type": "S",
            "url": "https://api.congress.gov/v3/bill/94/s/1799?format=json"
        },
        {
            "congress": 94,
            "introducedDate": "1975-05-22",
            "latestAction": {
                "actionDate": "1975-05-22",
                "text": "Referred to Senate Committee on Agriculture and Forestry."
            },
            "number": "1807",
            "policyArea": {
                "name": "Rural economic development"
            },
            "title": "A bill to amend the Rural Development Act of 1972.",
            "type": "S",
            "url": "https://api.congress.gov/v3/bill/94/s/1807?format=json"
        },
        {
            "congress": 94,
            "introducedDate": "1975-06-05",
            "latestAction": {
                "actionDate": "1975-06-05",
                "text": "Referred to Senate Committee on Agriculture and Forestry."
            },
            "number": "1889",
            "policyArea": {
                "name": "International Affairs"
            },
            "title": "International Agriculture Assistance, Development and Trade Act",
            "type": "S",
            "url": "https://api.congress.gov/v3/bill/94/s/1889?format=json"
        },
        {
            "congress": 94,
            "introducedDate": "1975-04-30",
            "latestAction": {
                "actionDate": "1975-04-30",
                "text": "Referred to Senate Committee on Agriculture and Forestry."
            },
            "number": "1606",
            "policyArea": {
                "name": "Agriculture and Food"
            },
            "title": "A bill to make more chemical fertilizer available throughout the world for the production of food by substantially reducing the amount of such fertilizer used in the United States for nonfood growing purposes.",
            "type": "S",
            "url": "https://api.congress.gov/v3/bill/94/s/1606?format=json"
        },
        {
            "congress": 94,
            "introducedDate": "1975-04-24",
            "latestAction": {
                "actionDate": "1975-04-24",
                "text": "Referred to Senate Committee on Agriculture and Forestry."
            },
            "number": "1532",
            "policyArea": {
                "name": "Livestock"
            },
            "title": "A bill to amend the Packers and Stockyards Act, 1921, to clarify the authority of the Secretary of Agriculture to require reasonable bonds from packers in connection with their livestock purchasing operations.",
            "type": "S",
            "url": "https://api.congress.gov/v3/bill/94/s/1532?format=json"
        },
        {
            "congress": 94,
            "introducedDate": "1975-04-09",
            "latestAction": {
                "actionDate": "1975-04-09",
                "text": "Referred to Senate Committee on the Judiciary."
            },
            "number": "1393",
            "policyArea": {
                "name": "Private Legislation"
            },
            "title": "A bill for the relief of Mitsuo, Akaiko, and Kota Kakutani.",
            "type": "S",
            "url": "https://api.congress.gov/v3/bill/94/s/1393?format=json"
        },
        {
            "congress": 94,
            "introducedDate": "1975-02-03",
            "latestAction": {
                "actionDate": "1975-02-03",
                "text": "Referred to Senate Committee on Labor and Public Welfare."
            },
            "number": "544",
            "policyArea": {
                "name": "Health"
            },
            "title": "Comprehensive School Health Education Act",
            "type": "S",
            "url": "https://api.congress.gov/v3/bill/94/s/544?format=json"
        },
        {
            "congress": 94,
            "introducedDate": "1975-02-03",
            "latestAction": {
                "actionDate": "1975-02-03",
                "text": "Referred to Senate Committee on Commerce."
            },
            "number": "543",
            "policyArea": {
                "name": "Public Lands and Natural Resources"
            },
            "title": "A bill to authorize the Secretary of Transportation to release restrictions on the use of certain property conveyed to the city of Algona, Iowa, for airport purposes.",
            "type": "S",
            "url": "https://api.congress.gov/v3/bill/94/s/543?format=json"
        },
        {
            "congress": 94,
            "introducedDate": "1975-01-28",
            "latestAction": {
                "actionDate": "1975-01-28",
                "text": "Referred to Senate Committee on Finance."
            },
            "number": "440",
            "policyArea": {
                "name": "Social Welfare"
            },
            "title": "Social Security Reform Act",
            "type": "S",
            "url": "https://api.congress.gov/v3/bill/94/s/440?format=json"
        },
        {
            "congress": 94,
            "introducedDate": "1975-12-15",
            "latestAction": {
                "actionDate": "1975-12-15",
                "text": "Referred to Senate Committee on Foreign Relations."
            },
            "number": "152",
            "policyArea": {
                "name": "International Affairs"
            },
            "title": "A joint resolution prohibiting the use of funds for certain intelligence activities in, to, for, or on behalf of Angola.",
            "type": "SJRES",
            "url": "https://api.congress.gov/v3/bill/94/sjres/152?format=json"
        },
        {
            "congress": 94,
            "introducedDate": "1975-07-30",
            "latestAction": {
                "actionDate": "1975-07-30",
                "text": "Referred to Senate Committee on Foreign Relations."
            },
            "number": "118",
            "policyArea": {
                "name": "Nuclear weapons"
            },
            "title": "A joint resolution to renounce the first use of nuclear weapons.",
            "type": "SJRES",
            "url": "https://api.congress.gov/v3/bill/94/sjres/118?format=json"
        },
        {
            "congress": 94,
            "introducedDate": "1975-03-11",
            "latestAction": {
                "actionDate": "1975-03-11",
                "text": "Referred to Senate Committee on the Judiciary."
            },
            "number": "54",
            "policyArea": {
                "name": "Commemorations"
            },
            "title": "A joint resolution designating April 17, 1975, as \"National Food Day\".",
            "type": "SJRES",
            "url": "https://api.congress.gov/v3/bill/94/sjres/54?format=json"
        },
        {
            "congress": 94,
            "introducedDate": "1975-07-14",
            "latestAction": {
                "actionDate": "1975-07-14",
                "text": "Referred to Senate Committee on Agriculture and Forestry."
            },
            "number": "105",
            "policyArea": {
                "name": "Agriculture and Food"
            },
            "title": "A joint resolution to strengthen the foreign relations of the United States by requiring that not less than 70 percent of certain food assistance be provided to countries designated by the United Nations as \"Most Seriously Affected.\"",
            "type": "SJRES",
            "url": "https://api.congress.gov/v3/bill/94/sjres/105?format=json"
        },
        {
            "congress": 94,
            "introducedDate": "1976-06-21",
            "latestAction": {
                "actionDate": "1976-09-15",
                "text": "Placed on calendar in Senate under Subjects on the Table."
            },
            "number": "476",
            "policyArea": {
                "name": null
            },
            "title": "A resolution reported relating to sanitation facilities for agricultural workers.",
            "type": "SRES",
            "url": "https://api.congress.gov/v3/bill/94/sres/476?format=json"
        },
        {
            "congress": 94,
            "introducedDate": "1976-07-01",
            "latestAction": {
                "actionDate": "1976-07-01",
                "text": "Referred to Senate Committee on Foreign Relations."
            },
            "number": "486",
            "policyArea": {
                "name": "International Affairs"
            },
            "title": "A resolution relating to the treaty powers of the Senate.",
            "type": "SRES",
            "url": "https://api.congress.gov/v3/bill/94/sres/486?format=json"
        },
        {
            "congress": 94,
            "introducedDate": "1976-04-14",
            "latestAction": {
                "actionDate": "1976-05-06",
                "text": "Rereferred jointly to the Senate Committee on Foreign Relations, Committee on Armed Services, Committee on Appropriations, Committee on the Judiciary, and Committee on the Budget."
            },
            "number": "434",
            "policyArea": {
                "name": "International Affairs"
            },
            "title": "Treaty Powers Resolution",
            "type": "SRES",
            "url": "https://api.congress.gov/v3/bill/94/sres/434?format=json"
        },
        {
            "congress": 94,
            "introducedDate": "1976-03-02",
            "latestAction": {
                "actionDate": "1976-03-02",
                "text": "Referred to Senate Committee on Foreign Relations."
            },
            "number": "401",
            "policyArea": {
                "name": "International Affairs"
            },
            "title": "A resolution relating to the Treaty of Friendship and Cooperation with Spain.",
            "type": "SRES",
            "url": "https://api.congress.gov/v3/bill/94/sres/401?format=json"
        },
        {
            "congress": 94,
            "introducedDate": "1975-10-30",
            "latestAction": {
                "actionDate": "1975-10-30",
                "text": "Referred to Senate Committee on Foreign Relations."
            },
            "number": "292",
            "policyArea": {
                "name": "International Affairs"
            },
            "title": "Resolution concerning agreements with Spain.",
            "type": "SRES",
            "url": "https://api.congress.gov/v3/bill/94/sres/292?format=json"
        },
        {
            "congress": 94,
            "introducedDate": "1975-02-26",
            "latestAction": {
                "actionDate": "1975-02-26",
                "text": "Referred to Senate Committee on Rules and Administration."
            },
            "number": "92",
            "policyArea": {
                "name": "Sex discrimination against women"
            },
            "title": "A resolution providing for investigations and studies by Standing Committees.",
            "type": "SRES",
            "url": "https://api.congress.gov/v3/bill/94/sres/92?format=json"
        },
        {
            "congress": 95,
            "introducedDate": "1978-07-13",
            "latestAction": {
                "actionDate": "1978-07-13",
                "text": "Referred to Senate Committee on Governmental Affairs."
            },
            "number": "3298",
            "policyArea": {
                "name": "Government Operations and Politics"
            },
            "title": "Rural Development Consolidation Act",
            "type": "S",
            "url": "https://api.congress.gov/v3/bill/95/s/3298?format=json"
        },
        {
            "congress": 95,
            "introducedDate": "1978-07-13",
            "latestAction": {
                "actionDate": "1978-07-13",
                "text": "Referred to Senate Committee on Agriculture, Nutrition and Forestry."
            },
            "number": "3297",
            "policyArea": {
                "name": "Economics and Public Finance"
            },
            "title": "Rural Development Coordination Act",
            "type": "S",
            "url": "https://api.congress.gov/v3/bill/95/s/3297?format=json"
        },
        {
            "congress": 95,
            "introducedDate": "1978-04-20",
            "latestAction": {
                "actionDate": "1978-04-20",
                "text": "Referred to Senate Committee on Agriculture, Nutrition and Forestry."
            },
            "number": "2968",
            "policyArea": {
                "name": "Agriculture in foreign trade"
            },
            "title": "Agricultural Export Expansion Act",
            "type": "S",
            "url": "https://api.congress.gov/v3/bill/95/s/2968?format=json"
        },
        {
            "congress": 95,
            "introducedDate": "1978-04-13",
            "latestAction": {
                "actionDate": "1978-05-23",
                "text": "Measure indefinitely postponed in Senate."
            },
            "number": "2912",
            "policyArea": {
                "name": null
            },
            "title": "Agricultural Act",
            "type": "S",
            "url": "https://api.congress.gov/v3/bill/95/s/2912?format=json"
        },
        {
            "congress": 95,
            "introducedDate": "1978-03-16",
            "latestAction": {
                "actionDate": "1978-03-16",
                "text": "Referred to Senate Committee on Agriculture, Nutrition and Forestry."
            },
            "number": "2758",
            "policyArea": {
                "name": "Conflict of interests"
            },
            "title": "A bill to amend the Commodity Exchange Act to prevent conflicts of interests and the appearance of conflicts of interest by former Commissioners and specified employees of the Commodity Futures Trading Commission.",
            "type": "S",
            "url": "https://api.congress.gov/v3/bill/95/s/2758?format=json"
        },
        {
            "congress": 95,
            "introducedDate": "1978-02-06",
            "latestAction": {
                "actionDate": "1978-02-06",
                "text": "Referred to Senate Committee on Human Resources."
            },
            "number": "2487",
            "policyArea": {
                "name": "Health"
            },
            "title": "Rural Health Needs Planning Act",
            "type": "S",
            "url": "https://api.congress.gov/v3/bill/95/s/2487?format=json"
        },
        {
            "congress": 95,
            "introducedDate": "1977-12-15",
            "latestAction": {
                "actionDate": "1977-12-15",
                "text": "Referred to Senate Committee on the Judiciary."
            },
            "number": "2356",
            "policyArea": {
                "name": "Private Legislation"
            },
            "title": "A bill for the relief of Margaret Duff.",
            "type": "S",
            "url": "https://api.congress.gov/v3/bill/95/s/2356?format=json"
        },
        {
            "congress": 95,
            "introducedDate": "1977-06-24",
            "latestAction": {
                "actionDate": "1977-06-24",
                "text": "Referred to Senate Committee on Energy and Natural Resources."
            },
            "number": "1759",
            "policyArea": {
                "name": "Public Lands and Natural Resources"
            },
            "title": "A bill to amend the Wilderness Act of 1964.",
            "type": "S",
            "url": "https://api.congress.gov/v3/bill/95/s/1759?format=json"
        },
        {
            "congress": 95,
            "introducedDate": "1977-05-26",
            "latestAction": {
                "actionDate": "1977-05-26",
                "text": "Referred to Senate Committee on Agriculture, Nutrition and Forestry."
            },
            "number": "1616",
            "policyArea": {
                "name": "Public Lands and Natural Resources"
            },
            "title": "National Agricultural, Range, and Forest Land Policy Act",
            "type": "S",
            "url": "https://api.congress.gov/v3/bill/95/s/1616?format=json"
        },
        {
            "congress": 95,
            "introducedDate": "1977-04-07",
            "latestAction": {
                "actionDate": "1977-04-07",
                "text": "Referred to Senate Committee on Agriculture, Nutrition and Forestry."
            },
            "number": "1280",
            "policyArea": {
                "name": "Environmental Protection"
            },
            "title": "A bill to provide for the maintenance or enhancement of the quality of water in rural areas.",
            "type": "S",
            "url": "https://api.congress.gov/v3/bill/95/s/1280?format=json"
        },
        {
            "congress": 95,
            "introducedDate": "1977-03-07",
            "latestAction": {
                "actionDate": "1977-08-03",
                "text": "Measure passed Senate, amended, roll call #331 (88-1)."
            },
            "number": "926",
            "policyArea": {
                "name": "Government Operations and Politics"
            },
            "title": "Public Financing of Senate Elections Act",
            "type": "S",
            "url": "https://api.congress.gov/v3/bill/95/s/926?format=json"
        },
        {
            "congress": 95,
            "introducedDate": "1977-02-24",
            "latestAction": {
                "actionDate": "1977-02-24",
                "text": "Referred to Senate Committee on Finance."
            },
            "number": "780",
            "policyArea": {
                "name": "Social Welfare"
            },
            "title": "Older Americans Financial Security Act",
            "type": "S",
            "url": "https://api.congress.gov/v3/bill/95/s/780?format=json"
        },
        {
            "congress": 95,
            "introducedDate": "1977-02-10",
            "latestAction": {
                "actionDate": "1977-02-10",
                "text": "Referred to Senate Committee on Finance."
            },
            "number": "708",
            "policyArea": {
                "name": "Health"
            },
            "title": "A bill to amend title XVIII of the Social Security Act to provide payment for rural health clinic services.",
            "type": "S",
            "url": "https://api.congress.gov/v3/bill/95/s/708?format=json"
        },
        {
            "congress": 95,
            "introducedDate": "1977-02-24",
            "latestAction": {
                "actionDate": "1977-02-24",
                "text": "Referred to Senate Committee on the Judiciary."
            },
            "number": "781",
            "policyArea": {
                "name": "Private Legislation"
            },
            "title": "A bill for the relief of Tulsedei Zalim.",
            "type": "S",
            "url": "https://api.congress.gov/v3/bill/95/s/781?format=json"
        },
        {
            "congress": 95,
            "introducedDate": "1977-01-11",
            "latestAction": {
                "actionDate": "1977-03-15",
                "text": "Measure indefinitely postponed in Senate, H. R. 1746 passed in lieu."
            },
            "number": "174",
            "policyArea": {
                "name": "Embargo"
            },
            "title": "A bill to amend the United Nations Participation Act of 1945 to halt the importation of Rhodesian chrome.",
            "type": "S",
            "url": "https://api.congress.gov/v3/bill/95/s/174?format=json"
        },
        {
            "congress": 95,
            "introducedDate": "1977-01-10",
            "latestAction": {
                "actionDate": "1977-01-10",
                "text": "Referred to Senate Committee on the Judiciary."
            },
            "number": "33",
            "policyArea": {
                "name": "Private Legislation"
            },
            "title": "A bill for the relief of Raphael Yum Cheung Ko.",
            "type": "S",
            "url": "https://api.congress.gov/v3/bill/95/s/33?format=json"
        },
        {
            "congress": 95,
            "introducedDate": "1977-01-10",
            "latestAction": {
                "actionDate": "1977-01-10",
                "text": "Referred to Senate Committee on the Judiciary."
            },
            "number": "34",
            "policyArea": {
                "name": "Private Legislation"
            },
            "title": "A bill for the relief of Eun Kyung Park and Sang Hyuk Park.",
            "type": "S",
            "url": "https://api.congress.gov/v3/bill/95/s/34?format=json"
        },
        {
            "congress": 95,
            "introducedDate": "1977-01-10",
            "latestAction": {
                "actionDate": "1977-01-10",
                "text": "Referred to Senate Committee on Foreign Relations."
            },
            "number": "24",
            "policyArea": {
                "name": "International Affairs"
            },
            "title": "Treaty Powers Resolution",
            "type": "SRES",
            "url": "https://api.congress.gov/v3/bill/95/sres/24?format=json"
        },
        {
            "congress": 95,
            "introducedDate": "1977-10-31",
            "latestAction": {
                "actionDate": "1978-04-24",
                "text": "Placed on calendar in Senate under Subjects on the Table."
            },
            "number": "60",
            "policyArea": {
                "name": "Political prisoners"
            },
            "title": "A concurrent resolution relating to South Africa.",
            "type": "SCONRES",
            "url": "https://api.congress.gov/v3/bill/95/sconres/60?format=json"
        }
    ]
}