{
    "pagination": {
        "count": 127
    },
    "request": {
        "bioguideId": "w000789",
        "contentType": "application/json",
        "format": "json"
    },
    "sponsoredLegislation": [
        {
            "amendmentNumber": "754",
            "congress": 109,
            "introducedDate": "2006-03-29",
            "latestAction": {
                "actionDate": "2006-03-29",
                "actionTime": "13:29:35",
                "text": "On agreeing to the Wilson (NM) amendment (A004) Agreed to by voice vote. "
            },
            "type": null,
            "url": "https://api.congress.gov/v3/amendment/109/hamdt/754?format=json"
        },
        {
            "congress": 109,
            "introducedDate": "2006-12-06",
            "latestAction": {
                "actionDate": "2006-12-06",
                "text": "Referred to the Committee on Ways and Means, and in addition to the Committee on Energy and Commerce, for a period to be subsequently determined by the Speaker, in each case for consideration of such provisions as fall within the jurisdiction of the committee concerned."
            },
            "number": "6405",
            "policyArea": {
                "name": "Health"
            },
            "title": "Long-Term Care Improvement Act of 2006",
            "type": "HR",
            "url": "https://api.congress.gov/v3/bill/109/hr/6405?format=json"
        },
        {
            "congress": 109,
            "introducedDate": "2006-09-29",
            "latestAction": {
                "actionDate": "2006-09-29",
                "text": "Referred to the House Committee on Resources."
            },
            "number": "6312",
            "policyArea": {
                "name": "Water Resources Development"
            },
            "title": "New Mexico Rivers Feasibility Studies Act of 2006",
            "type": "HR",
            "url": "https://api.congress.gov/v3/bill/109/hr/6312?format=json"
        },
        {
            "congress": 109,
            "introducedDate": "2006-09-14",
            "latestAction": {
                "actionDate": "2006-09-20",
                "text": "Executive Comment Requested from Interior."
            },
            "number": "6088",
            "policyArea": {
                "name": "Water Resources Development"
            },
            "title": "New Mexico Aquifer Assessment Act of 2006",
            "type": "HR",
            "url": "https://api.congress.gov/v3/bill/109/hr/6088?format=json"
        },
        {
            "congress": 109,
            "introducedDate": "2006-09-07",
            "latestAction": {
                "actionDate": "2006-09-25",
                "text": "Referred to the Subcommittee on Health."
            },
            "number": "6048",
            "policyArea": {
                "name": "Health"
            },
            "title": "Medicare Outpatient Therapy Value-Based Purchasing Act of 2006",
            "type": "HR",
            "url": "https://api.congress.gov/v3/bill/109/hr/6048?format=json"
        },
        {
            "congress": 109,
            "introducedDate": "2006-07-25",
            "latestAction": {
                "actionDate": "2006-07-25",
                "text": "Referred to the House Committee on the Judiciary."
            },
            "number": "5888",
            "policyArea": {
                "name": "Immigration"
            },
            "title": "Helping Families Adopt Orphans Act",
            "type": "HR",
            "url": "https://api.congress.gov/v3/bill/109/hr/5888?format=json"
        },
        {
            "congress": 109,
            "introducedDate": "2006-07-18",
            "latestAction": {
                "actionDate": "2006-11-13",
                "text": "Read twice and referred to the Committee on the Judiciary."
            },
            "number": "5825",
            "policyArea": {
                "name": "Armed Forces and National Security"
            },
            "title": "Electronic Surveillance Modernization Act",
            "type": "HR",
            "url": "https://api.congress.gov/v3/bill/109/hr/5825?format=json"
        },
        {
            "congress": 109,
            "introducedDate": "2006-05-25",
            "latestAction": {
                "actionDate": "2006-06-21",
                "text": "Ordered to be Reported (Amended) by Voice Vote."
            },
            "number": "5520",
            "policyArea": {
                "name": "Armed Forces and National Security"
            },
            "title": "VIP Act",
            "type": "HR",
            "url": "https://api.congress.gov/v3/bill/109/hr/5520?format=json"
        },
        {
            "congress": 109,
            "introducedDate": "2006-04-27",
            "latestAction": {
                "actionDate": "2006-04-27",
                "text": "Referred to the House Committee on Ways and Means."
            },
            "number": "5251",
            "policyArea": {
                "name": "Taxation"
            },
            "title": "Fuel Efficient Vehicle Tax Incentive Act of 2006",
            "type": "HR",
            "url": "https://api.congress.gov/v3/bill/109/hr/5251?format=json"
        },
        {
            "congress": 109,
            "introducedDate": "2006-05-02",
            "latestAction": {
                "actionDate": "2006-06-05",
                "text": "Read the second time. Placed on Senate Legislative Calendar under General Orders. Calendar No. 461."
            },
            "number": "5253",
            "policyArea": {
                "name": "Energy"
            },
            "title": "Federal Energy Price Protection Act of 2006",
            "type": "HR",
            "url": "https://api.congress.gov/v3/bill/109/hr/5253?format=json"
        },
        {
            "congress": 109,
            "introducedDate": "2006-04-25",
            "latestAction": {
                "actionDate": "2006-05-03",
                "text": "Executive Comment Requested from Interior."
            },
            "number": "5192",
            "policyArea": {
                "name": "Water Resources Development"
            },
            "title": "Bureau of Reclamation Water Conservation, Efficiency, and Management Improvement Act",
            "type": "HR",
            "url": "https://api.congress.gov/v3/bill/109/hr/5192?format=json"
        },
        {
            "congress": 109,
            "introducedDate": "2006-04-25",
            "latestAction": {
                "actionDate": "2006-05-15",
                "text": "Referred to the Subcommittee on Health."
            },
            "number": "5193",
            "policyArea": {
                "name": "Health"
            },
            "title": "To amend titles XVIII and XIX of the Social Security Act to provide for continuity of Medicare prescription drug coverage for full-benefit dual eligible individuals, for Medicare prescription drug coverage of benzodiazepines and off-label uses of certain prescription drugs and biological products, for optional Medicaid coverage of Medicare prescription drug cost-sharing for full-benefit dual eligible individuals, for authorization to the Secretary of Health and Human Services to waive certain determinations denying Medicare prescription drug coverage, and for holding pharmacies harmless for certain costs incurred during implementation of Medicare part D.",
            "type": "HR",
            "url": "https://api.congress.gov/v3/bill/109/hr/5193?format=json"
        },
        {
            "congress": 109,
            "introducedDate": "2006-03-16",
            "latestAction": {
                "actionDate": "2006-03-16",
                "text": "Referred to the House Committee on Ways and Means."
            },
            "number": "5010",
            "policyArea": {
                "name": "Taxation"
            },
            "title": "Renewable Energy Credit Extension Act of 2006",
            "type": "HR",
            "url": "https://api.congress.gov/v3/bill/109/hr/5010?format=json"
        },
        {
            "congress": 109,
            "introducedDate": "2006-03-09",
            "latestAction": {
                "actionDate": "2006-03-09",
                "text": "Referred to the Committee on Energy and Commerce, and in addition to the Committee on Ways and Means, for a period to be subsequently determined by the Speaker, in each case for consideration of such provisions as fall within the jurisdiction of the committee concerned."
            },
            "number": "4937",
            "policyArea": {
                "name": "Health"
            },
            "title": "To amend part D of title XVIII of the Social Security Act to provide for continuity of coverage of prescription drugs under Medicare prescription drug plans for full-benefit dual eligible individuals.",
            "type": "HR",
            "url": "https://api.congress.gov/v3/bill/109/hr/4937?format=json"
        },
        {
            "congress": 109,
            "introducedDate": "2006-03-02",
            "latestAction": {
                "actionDate": "2006-03-02",
                "text": "Referred to the House Committee on the Judiciary."
            },
            "number": "4877",
            "policyArea": {
                "name": "Crime and Law Enforcement"
            },
            "title": "Safe and Secure Explosives Act of 2006",
            "type": "HR",
            "url": "https://api.congress.gov/v3/bill/109/hr/4877?format=json"
        },
        {
            "congress": 109,
            "introducedDate": "2006-02-15",
            "latestAction": {
                "actionDate": "2006-12-14",
                "text": "Became Public Law No: 109-394."
            },
            "number": "4766",
            "policyArea": {
                "name": "Native Americans"
            },
            "title": "Esther Martinez Native American Languages Preservation Act of 2006",
            "type": "HR",
            "url": "https://api.congress.gov/v3/bill/109/hr/4766?format=json"
        },
        {
            "congress": 109,
            "introducedDate": "2005-11-07",
            "latestAction": {
                "actionDate": "2006-03-24",
                "text": "Referred to the Subcommittee on 21st Century Competitiveness."
            },
            "number": "4247",
            "policyArea": {
                "name": "Education"
            },
            "title": "To improve mathematics and science instruction in elementary and secondary schools by authorizing the Secretary of Education to make grants for regional workshops designed to permit educators to share successful strategies for such instruction.",
            "type": "HR",
            "url": "https://api.congress.gov/v3/bill/109/hr/4247?format=json"
        },
        {
            "congress": 109,
            "introducedDate": "2005-09-14",
            "latestAction": {
                "actionDate": "2005-09-19",
                "text": "Referred to the Subcommittee on Commerce, Trade and Consumer Protection."
            },
            "number": "3782",
            "policyArea": {
                "name": "Energy"
            },
            "title": "Gasoline Price-Gouging Act of 2005",
            "type": "HR",
            "url": "https://api.congress.gov/v3/bill/109/hr/3782?format=json"
        },
        {
            "congress": 109,
            "introducedDate": "2005-06-13",
            "latestAction": {
                "actionDate": "2005-09-27",
                "text": "Subcommittee Hearings Held."
            },
            "number": "2873",
            "policyArea": {
                "name": "Public Lands and Natural Resources"
            },
            "title": "Albuquerque Biological Park Title Clarification Act",
            "type": "HR",
            "url": "https://api.congress.gov/v3/bill/109/hr/2873?format=json"
        },
        {
            "congress": 109,
            "introducedDate": "2005-06-08",
            "latestAction": {
                "actionDate": "2005-06-17",
                "text": "Referred to the Subcommittee on Health."
            },
            "number": "2826",
            "policyArea": {
                "name": "Health"
            },
            "title": "To amend the Public Health Service Act to revise the amount of minimum allotments under the Projects for Assistance in Transition from Homelessness program.",
            "type": "HR",
            "url": "https://api.congress.gov/v3/bill/109/hr/2826?format=json"
        },
        {
            "congress": 109,
            "introducedDate": "2005-05-17",
            "latestAction": {
                "actionDate": "2005-06-03",
                "text": "Referred to the Subcommittee on Environment and Hazardous Materials."
            },
            "number": "2417",
            "policyArea": {
                "name": "Environmental Protection"
            },
            "title": "Community Drinking Water Assistance Act",
            "type": "HR",
            "url": "https://api.congress.gov/v3/bill/109/hr/2417?format=json"
        },
        {
            "congress": 109,
            "introducedDate": "2005-04-26",
            "latestAction": {
                "actionDate": "2005-05-17",
                "text": "Referred to the Subcommittee on Select Education."
            },
            "number": "1863",
            "policyArea": {
                "name": "Arts, Culture, Religion"
            },
            "title": "Arts Education Advancement Act of 2005",
            "type": "HR",
            "url": "https://api.congress.gov/v3/bill/109/hr/1863?format=json"
        },
        {
            "congress": 109,
            "introducedDate": "2005-04-19",
            "latestAction": {
                "actionDate": "2006-11-13",
                "text": "Read twice and referred to the Committee on Energy and Natural Resources."
            },
            "number": "1711",
            "policyArea": {
                "name": "Water Resources Development"
            },
            "title": "New Mexico Water Planning Assistance Act",
            "type": "HR",
            "url": "https://api.congress.gov/v3/bill/109/hr/1711?format=json"
        },
        {
            "congress": 109,
            "introducedDate": "2005-03-14",
            "latestAction": {
                "actionDate": "2005-03-22",
                "text": "Referred to the Subcommittee on Health."
            },
            "number": "1290",
            "policyArea": {
                "name": "Health"
            },
            "title": "Hepatitis C Epidemic Control and Prevention Act",
            "type": "HR",
            "url": "https://api.congress.gov/v3/bill/109/hr/1290?format=json"
        },
        {
            "congress": 109,
            "introducedDate": "2005-02-17",
            "latestAction": {
                "actionDate": "2005-02-17",
                "text": "Referred to the House Committee on Ways and Means."
            },
            "number": "986",
            "policyArea": {
                "name": "Taxation"
            },
            "title": "Teacher Tax Credit Act of 2005",
            "type": "HR",
            "url": "https://api.congress.gov/v3/bill/109/hr/986?format=json"
        },
        {
            "congress": 109,
            "introducedDate": "2005-02-17",
            "latestAction": {
                "actionDate": "2005-03-14",
                "text": "Referred to the Subcommittee on Health."
            },
            "number": "985",
            "policyArea": {
                "name": "Health"
            },
            "title": "Bipartisan Commission on Medicaid Act of 2005",
            "type": "HR",
            "url": "https://api.congress.gov/v3/bill/109/hr/985?format=json"
        },
        {
            "congress": 109,
            "introducedDate": "2005-09-14",
            "latestAction": {
                "actionDate": "2005-09-21",
                "text": "Message on Senate action sent to the House."
            },
            "number": "242",
            "policyArea": {
                "name": "Commemorations"
            },
            "title": "Providing for acceptance of a statue of Po'Pay, presented by the State of New Mexico, for placement in National Statuary Hall, and for other purposes.",
            "type": "HCONRES",
            "url": "https://api.congress.gov/v3/bill/109/hconres/242?format=json"
        },
        {
            "congress": 109,
            "introducedDate": "2005-09-13",
            "latestAction": {
                "actionDate": "2005-09-13",
                "text": "Referred to the House Committee on House Administration."
            },
            "number": "241",
            "policyArea": {
                "name": "Commemorations"
            },
            "title": "Providing for acceptance of a statue of Po'Pay, presented by the State of New Mexico, for placement in National Statuary Hall, and for other purposes.",
            "type": "HCONRES",
            "url": "https://api.congress.gov/v3/bill/109/hconres/241?format=json"
        },
        {
            "amendmentNumber": "338",
            "congress": 110,
            "introducedDate": "2007-06-20",
            "latestAction": {
                "actionDate": "2007-06-20",
                "actionTime": "14:04:45",
                "text": "By unanimous consent, the Wilson (NM) amendment was withdrawn. "
            },
            "type": null,
            "url": "https://api.congress.gov/v3/amendment/110/hamdt/338?format=json"
        },
        {
            "amendmentNumber": "309",
            "congress": 110,
            "introducedDate": "2007-06-15",
            "latestAction": {
                "actionDate": "2007-06-15",
                "actionTime": "14:56:46",
                "text": "On agreeing to the Wilson (NM) amendment (A009) Agreed to by voice vote. "
            },
            "type": null,
            "url": "https://api.congress.gov/v3/amendment/110/hamdt/309?format=json"
        },
        {
            "congress": 110,
            "introducedDate": "2008-07-23",
            "latestAction": {
                "actionDate": "2008-09-04",
                "text": "Referred to the Subcommittee on Readiness."
            },
            "number": "6592",
            "policyArea": {
                "name": "Public Lands and Natural Resources"
            },
            "title": "Lovelace Respiratory Research Institute Land Conveyance Act",
            "type": "HR",
            "url": "https://api.congress.gov/v3/bill/110/hr/6592?format=json"
        },
        {
            "congress": 110,
            "introducedDate": "2008-05-22",
            "latestAction": {
                "actionDate": "2008-06-23",
                "text": "Referred to the Subcommittee on Readiness."
            },
            "number": "6139",
            "policyArea": {
                "name": "Energy"
            },
            "title": "Refinery Permit Process Schedule Act",
            "type": "HR",
            "url": "https://api.congress.gov/v3/bill/110/hr/6139?format=json"
        },
        {
            "congress": 110,
            "introducedDate": "2008-05-13",
            "latestAction": {
                "actionDate": "2008-05-15",
                "text": "Referred to the Subcommittee on National Parks, Forests and Public Lands."
            },
            "number": "6046",
            "policyArea": {
                "name": "Public Lands and Natural Resources"
            },
            "title": "To extend the authorization provided in the Act titled \"An Act to preserve the cultural resources of the Route 66 corridor and to authorize the Secretary of the Interior to provide assistance\".",
            "type": "HR",
            "url": "https://api.congress.gov/v3/bill/110/hr/6046?format=json"
        },
        {
            "congress": 110,
            "introducedDate": "2008-04-30",
            "latestAction": {
                "actionDate": "2008-04-30",
                "text": "Referred to the House Committee on Energy and Commerce."
            },
            "number": "5936",
            "policyArea": {
                "name": "Health"
            },
            "title": "Alopecia Areata Medicaid Improvement and Parity Act of 2008",
            "type": "HR",
            "url": "https://api.congress.gov/v3/bill/110/hr/5936?format=json"
        },
        {
            "congress": 110,
            "introducedDate": "2008-04-10",
            "latestAction": {
                "actionDate": "2008-04-16",
                "text": "Referred to the Subcommittee on Health."
            },
            "number": "5780",
            "policyArea": {
                "name": "Health"
            },
            "title": "Medicare Clinical Pharmacist Practitioner Services Coverage Act of 2008",
            "type": "HR",
            "url": "https://api.congress.gov/v3/bill/110/hr/5780?format=json"
        },
        {
            "congress": 110,
            "introducedDate": "2008-03-10",
            "latestAction": {
                "actionDate": "2008-04-10",
                "text": "Referred to the Subcommittee on Terrorism, Unconventional Threats and Capabilities."
            },
            "number": "5562",
            "policyArea": {
                "name": "Armed Forces and National Security"
            },
            "title": "To authorize the National Guard to provide support for the border control activities of the United States Customs and Border Protection of the Department of Homeland Security, and for other purposes.",
            "type": "HR",
            "url": "https://api.congress.gov/v3/bill/110/hr/5562?format=json"
        },
        {
            "congress": 110,
            "introducedDate": "2007-11-15",
            "latestAction": {
                "actionDate": "2008-01-28",
                "text": "Referred to the Subcommittee on Technology and Innovation."
            },
            "number": "4250",
            "policyArea": {
                "name": "Science, Technology, Communications"
            },
            "title": "Building a Stronger America Act",
            "type": "HR",
            "url": "https://api.congress.gov/v3/bill/110/hr/4250?format=json"
        },
        {
            "congress": 110,
            "introducedDate": "2007-10-30",
            "latestAction": {
                "actionDate": "2007-11-02",
                "text": "Referred to the Subcommittee on Health."
            },
            "number": "4012",
            "policyArea": {
                "name": "Armed Forces and National Security"
            },
            "title": "Native American Veterans Language Assistance Act of 2007",
            "type": "HR",
            "url": "https://api.congress.gov/v3/bill/110/hr/4012?format=json"
        },
        {
            "congress": 110,
            "introducedDate": "2007-07-31",
            "latestAction": {
                "actionDate": "2007-09-19",
                "text": "Referred to the Subcommittee on Health, Employment, Labor, and Pensions."
            },
            "number": "3269",
            "policyArea": {
                "name": "Health"
            },
            "title": "Children's Health Insurance Program Reauthorization Act of 2007",
            "type": "HR",
            "url": "https://api.congress.gov/v3/bill/110/hr/3269?format=json"
        },
        {
            "congress": 110,
            "introducedDate": "2007-07-24",
            "latestAction": {
                "actionDate": "2007-08-10",
                "text": "Referred to the Subcommittee on Crime, Terrorism, and Homeland Security."
            },
            "number": "3147",
            "policyArea": {
                "name": "Crime and Law Enforcement"
            },
            "title": "Counter-Terrorism and National Security Act of 2007",
            "type": "HR",
            "url": "https://api.congress.gov/v3/bill/110/hr/3147?format=json"
        },
        {
            "congress": 110,
            "introducedDate": "2007-07-24",
            "latestAction": {
                "actionDate": "2007-08-10",
                "text": "Referred to the Subcommittee on Crime, Terrorism, and Homeland Security."
            },
            "number": "3138",
            "policyArea": {
                "name": "Armed Forces and National Security"
            },
            "title": "To amend the Foreign Intelligence Surveillance Act of 1978 to update the definition of electronic surveillance.",
            "type": "HR",
            "url": "https://api.congress.gov/v3/bill/110/hr/3138?format=json"
        },
        {
            "congress": 110,
            "introducedDate": "2007-06-28",
            "latestAction": {
                "actionDate": "2008-04-25",
                "text": "Referred to the Subcommittee on Conservation, Credit, Energy, and Research."
            },
            "number": "2950",
            "policyArea": {
                "name": "Energy"
            },
            "title": "Renewable Fuels, Consumer Protection, and Energy Efficiency Act of 2007",
            "type": "HR",
            "url": "https://api.congress.gov/v3/bill/110/hr/2950?format=json"
        },
        {
            "congress": 110,
            "introducedDate": "2007-06-07",
            "latestAction": {
                "actionDate": "2007-06-07",
                "text": "Referred to the Subcommittee on Health."
            },
            "number": "2636",
            "policyArea": {
                "name": "Health"
            },
            "title": "To amend the Public Health Service Act to revise the amount of minimum allotments under the Projects for Assistance in Transition from Homelessness program.",
            "type": "HR",
            "url": "https://api.congress.gov/v3/bill/110/hr/2636?format=json"
        },
        {
            "congress": 110,
            "introducedDate": "2007-05-24",
            "latestAction": {
                "actionDate": "2007-05-24",
                "text": "Referred to the House Committee on Ways and Means."
            },
            "number": "2555",
            "policyArea": {
                "name": "Taxation"
            },
            "title": "Renewable Energy Credit Extension Act of 2007",
            "type": "HR",
            "url": "https://api.congress.gov/v3/bill/110/hr/2555?format=json"
        },
        {
            "congress": 110,
            "introducedDate": "2007-05-24",
            "latestAction": {
                "actionDate": "2007-05-31",
                "text": "Referred to the Subcommittee on Energy and Environment."
            },
            "number": "2556",
            "policyArea": {
                "name": "Energy"
            },
            "title": "Energy Savings Act of 2007",
            "type": "HR",
            "url": "https://api.congress.gov/v3/bill/110/hr/2556?format=json"
        },
        {
            "congress": 110,
            "introducedDate": "2007-05-17",
            "latestAction": {
                "actionDate": "2007-06-28",
                "text": "Referred to the Subcommittee on Military Personnel."
            },
            "number": "2394",
            "policyArea": {
                "name": "Armed Forces and National Security"
            },
            "title": "To study the needs of Wounded Women Warriors.",
            "type": "HR",
            "url": "https://api.congress.gov/v3/bill/110/hr/2394?format=json"
        },
        {
            "congress": 110,
            "introducedDate": "2007-05-15",
            "latestAction": {
                "actionDate": "2007-05-15",
                "text": "Referred to the Subcommittee on Commerce, Trade and Consumer Protection."
            },
            "number": "2335",
            "policyArea": {
                "name": "Energy"
            },
            "title": "Federal Energy Price Protection Act of 2007",
            "type": "HR",
            "url": "https://api.congress.gov/v3/bill/110/hr/2335?format=json"
        },
        {
            "congress": 110,
            "introducedDate": "2007-05-14",
            "latestAction": {
                "actionDate": "2007-06-25",
                "text": "Referred to the Subcommittee on Immigration, Citizenship, Refugees, Border Security, and International Law."
            },
            "number": "2310",
            "policyArea": {
                "name": "Immigration"
            },
            "title": "E-2 Nonimmigrant Investor Adjustment Act of 2007",
            "type": "HR",
            "url": "https://api.congress.gov/v3/bill/110/hr/2310?format=json"
        },
        {
            "congress": 110,
            "introducedDate": "2007-05-10",
            "latestAction": {
                "actionDate": "2007-05-10",
                "text": "Referred to the House Committee on Ways and Means."
            },
            "number": "2287",
            "policyArea": {
                "name": "Taxation"
            },
            "title": "Teacher Tax Credit Act of 2007",
            "type": "HR",
            "url": "https://api.congress.gov/v3/bill/110/hr/2287?format=json"
        },
        {
            "congress": 110,
            "introducedDate": "2007-04-26",
            "latestAction": {
                "actionDate": "2007-04-30",
                "text": "Referred to the Subcommittee on Water and Power."
            },
            "number": "2071",
            "policyArea": {
                "name": "Water Resources Development"
            },
            "title": "New Mexico Aquifer Assessment Act of 2007",
            "type": "HR",
            "url": "https://api.congress.gov/v3/bill/110/hr/2071?format=json"
        },
        {
            "congress": 110,
            "introducedDate": "2007-04-17",
            "latestAction": {
                "actionDate": "2008-06-11",
                "text": "Indefinitely postponed by Senate by Unanimous Consent. (consideration: CR S5530)"
            },
            "number": "1904",
            "policyArea": {
                "name": "Water Resources Development"
            },
            "title": "New Mexico Water Planning Assistance Act",
            "type": "HR",
            "url": "https://api.congress.gov/v3/bill/110/hr/1904?format=json"
        },
        {
            "congress": 110,
            "introducedDate": "2007-03-09",
            "latestAction": {
                "actionDate": "2007-03-12",
                "text": "Referred to the Subcommittee on Health."
            },
            "number": "1466",
            "policyArea": {
                "name": "Health"
            },
            "title": "Children's Health Equity Technical Amendments Act of 2007",
            "type": "HR",
            "url": "https://api.congress.gov/v3/bill/110/hr/1466?format=json"
        },
        {
            "congress": 110,
            "introducedDate": "2007-03-01",
            "latestAction": {
                "actionDate": "2007-03-01",
                "text": "Referred to the House Committee on the Judiciary."
            },
            "number": "1307",
            "policyArea": {
                "name": "Armed Forces and National Security"
            },
            "title": "Veterans Identity Protection Act",
            "type": "HR",
            "url": "https://api.congress.gov/v3/bill/110/hr/1307?format=json"
        },
        {
            "congress": 110,
            "introducedDate": "2007-01-24",
            "latestAction": {
                "actionDate": "2007-05-18",
                "text": "Referred to the Subcommittee on Healthy Families and Communities."
            },
            "number": "696",
            "policyArea": {
                "name": "Arts, Culture, Religion"
            },
            "title": "Arts Education Advancement Act of 2007",
            "type": "HR",
            "url": "https://api.congress.gov/v3/bill/110/hr/696?format=json"
        },
        {
            "congress": 110,
            "introducedDate": "2007-01-22",
            "latestAction": {
                "actionDate": "2007-03-01",
                "text": "Referred to the Subcommittee on Immigration, Citizenship, Refugees, Border Security, and International Law."
            },
            "number": "628",
            "policyArea": {
                "name": "Immigration"
            },
            "title": "Helping Families Adopt Orphans Act",
            "type": "HR",
            "url": "https://api.congress.gov/v3/bill/110/hr/628?format=json"
        },
        {
            "congress": 110,
            "introducedDate": "2007-01-12",
            "latestAction": {
                "actionDate": "2007-02-02",
                "text": "Referred to the Subcommittee on Health."
            },
            "number": "470",
            "policyArea": {
                "name": "Health"
            },
            "title": "To amend titles XVIII and XIX of the Social Security Act to provide for continuity of Medicare prescription drug coverage for full-benefit dual eligible individuals, for Medicare prescription drug coverage of benzodiazepines and off-label uses of certain prescription drugs and biological products, for optional Medicaid coverage of Medicare prescription drug cost-sharing for full-benefit dual eligible individuals, and for authorization to the Secretary of Health and Human Services to waive certain determinations denying Medicare prescription drug coverage.",
            "type": "HR",
            "url": "https://api.congress.gov/v3/bill/110/hr/470?format=json"
        },
        {
            "congress": 110,
            "introducedDate": "2007-01-16",
            "latestAction": {
                "actionDate": "2007-03-02",
                "text": "Referred to the Subcommittee on Health."
            },
            "number": "474",
            "policyArea": {
                "name": "Armed Forces and National Security"
            },
            "title": "To designate the Department of Veterans Affairs Medical Center in Albuquerque, New Mexico, as the \"Raymond G. Murphy Department of Veterans Affairs Medical Center\".",
            "type": "HR",
            "url": "https://api.congress.gov/v3/bill/110/hr/474?format=json"
        },
        {
            "congress": 110,
            "introducedDate": "2007-01-04",
            "latestAction": {
                "actionDate": "2007-05-09",
                "text": "Referred to the Subcommittee on Workforce Protections."
            },
            "number": "239",
            "policyArea": {
                "name": "Labor and Employment"
            },
            "title": "Working Americans Growing the Economy (WAGE) Act of 2007",
            "type": "HR",
            "url": "https://api.congress.gov/v3/bill/110/hr/239?format=json"
        },
        {
            "congress": 110,
            "introducedDate": "2007-10-15",
            "latestAction": {
                "actionDate": "2007-11-05",
                "actionTime": "19:11:48",
                "text": "Motion to reconsider laid on the table Agreed to without objection."
            },
            "number": "744",
            "policyArea": {
                "name": "Commemorations"
            },
            "title": "Recognizing the contributions of Native American veterans and calling upon the President to issue a proclamation urging the people of the United States to observe a day in honor of Native American veterans.",
            "type": "HRES",
            "url": "https://api.congress.gov/v3/bill/110/hres/744?format=json"
        },
        {
            "congress": 110,
            "introducedDate": "2007-05-24",
            "latestAction": {
                "actionDate": "2008-09-22",
                "text": "Message on Senate action sent to the House."
            },
            "number": "163",
            "policyArea": {
                "name": "Health"
            },
            "title": "Expressing the sense of Congress in support of further research and activities to increase public awareness, professional education, diagnosis, and treatment of Dandy-Walker syndrome and hydrocephalus.",
            "type": "HCONRES",
            "url": "https://api.congress.gov/v3/bill/110/hconres/163?format=json"
        },
        {
            "amendmentNumber": "628",
            "congress": 108,
            "introducedDate": "2004-06-25",
            "latestAction": {
                "actionDate": "2004-06-25",
                "actionTime": "14:29:33",
                "text": "On agreeing to the Wilson (NM) amendment (A006) Failed by recorded vote: 163 - 224 (Roll no. 322). "
            },
            "type": null,
            "url": "https://api.congress.gov/v3/amendment/108/hamdt/628?format=json"
        },
        {
            "amendmentNumber": "280",
            "congress": 108,
            "introducedDate": "2003-07-18",
            "latestAction": {
                "actionDate": "2003-07-18",
                "actionTime": "10:51:41",
                "text": "On agreeing to the Wilson (NM) amendment (A005) Agreed to by voice vote. "
            },
            "type": null,
            "url": "https://api.congress.gov/v3/amendment/108/hamdt/280?format=json"
        },
        {
            "amendmentNumber": "67",
            "congress": 108,
            "introducedDate": "2003-04-10",
            "latestAction": {
                "actionDate": "2003-04-10",
                "actionTime": "19:00:46",
                "text": "On agreeing to the Wilson (NM) amendment (A003) Agreed to by recorded vote: 226 - 202 (Roll no. 134). "
            },
            "type": null,
            "url": "https://api.congress.gov/v3/amendment/108/hamdt/67?format=json"
        },
        {
            "congress": 108,
            "introducedDate": "2004-04-28",
            "latestAction": {
                "actionDate": "2004-05-25",
                "text": "Referred to the Subcommittee on Readiness."
            },
            "number": "4246",
            "policyArea": {
                "name": "Armed Forces and National Security"
            },
            "title": "2005 BRAC Selection Criteria Act",
            "type": "HR",
            "url": "https://api.congress.gov/v3/bill/108/hr/4246?format=json"
        },
        {
            "congress": 108,
            "introducedDate": "2004-01-27",
            "latestAction": {
                "actionDate": "2004-12-21",
                "text": "Became Public Law No: 108-466."
            },
            "number": "3734",
            "policyArea": {
                "name": "Commemorations"
            },
            "title": "To designate the Federal building located at Fifth and Richardson Avenues in Roswell, New Mexico, as the \"Joe Skeen Federal Building\".",
            "type": "HR",
            "url": "https://api.congress.gov/v3/bill/108/hr/3734?format=json"
        },
        {
            "congress": 108,
            "introducedDate": "2003-11-19",
            "latestAction": {
                "actionDate": "2003-12-04",
                "text": "Referred to the Subcommittee on Health."
            },
            "number": "3539",
            "policyArea": {
                "name": "Health"
            },
            "title": "Hepatitis C Epidemic Control and Prevention Act",
            "type": "HR",
            "url": "https://api.congress.gov/v3/bill/108/hr/3539?format=json"
        },
        {
            "congress": 108,
            "introducedDate": "2003-10-16",
            "latestAction": {
                "actionDate": "2003-10-27",
                "text": "Referred to the Subcommittee on Environment and Hazardous Materials."
            },
            "number": "3328",
            "policyArea": {
                "name": "Environmental Protection"
            },
            "title": "Community Drinking Water Assistance Act",
            "type": "HR",
            "url": "https://api.congress.gov/v3/bill/108/hr/3328?format=json"
        },
        {
            "congress": 108,
            "introducedDate": "2003-10-07",
            "latestAction": {
                "actionDate": "2004-10-06",
                "text": "Placed on the Union Calendar, Calendar No. 461."
            },
            "number": "3258",
            "policyArea": {
                "name": "Public Lands and Natural Resources"
            },
            "title": "Hibben Center Act",
            "type": "HR",
            "url": "https://api.congress.gov/v3/bill/108/hr/3258?format=json"
        },
        {
            "congress": 108,
            "introducedDate": "2003-10-02",
            "latestAction": {
                "actionDate": "2003-10-20",
                "text": "Referred to the Subcommittee on Select Education."
            },
            "number": "3248",
            "policyArea": {
                "name": "Arts, Culture, Religion"
            },
            "title": "Arts Education Advancement Act of 2003",
            "type": "HR",
            "url": "https://api.congress.gov/v3/bill/108/hr/3248?format=json"
        },
        {
            "congress": 108,
            "introducedDate": "2003-07-09",
            "latestAction": {
                "actionDate": "2003-07-28",
                "text": "Referred to the Subcommittee on 21st Century Competitiveness."
            },
            "number": "2690",
            "policyArea": {
                "name": "Native Americans"
            },
            "title": "Native American Languages Act Amendments Act of 2003",
            "type": "HR",
            "url": "https://api.congress.gov/v3/bill/108/hr/2690?format=json"
        },
        {
            "congress": 108,
            "introducedDate": "2003-06-18",
            "latestAction": {
                "actionDate": "2003-07-01",
                "text": "Referred to the Subcommittee on Commerce, Trade and Consumer Protection."
            },
            "number": "2515",
            "policyArea": {
                "name": "Science, Technology, Communications"
            },
            "title": "Anti-Spam Act of 2003",
            "type": "HR",
            "url": "https://api.congress.gov/v3/bill/108/hr/2515?format=json"
        },
        {
            "congress": 108,
            "introducedDate": "2003-04-03",
            "latestAction": {
                "actionDate": "2003-04-03",
                "text": "Referred to the House Committee on Ways and Means."
            },
            "number": "1643",
            "policyArea": {
                "name": "Taxation"
            },
            "title": "Teacher Tax Credit Act of 2003",
            "type": "HR",
            "url": "https://api.congress.gov/v3/bill/108/hr/1643?format=json"
        },
        {
            "congress": 108,
            "introducedDate": "2003-03-18",
            "latestAction": {
                "actionDate": "2003-04-10",
                "text": "Referred to the Subcommittee on Health."
            },
            "number": "1342",
            "policyArea": {
                "name": "Health"
            },
            "title": "Medicaid Safety Net Improvement Act of 2003",
            "type": "HR",
            "url": "https://api.congress.gov/v3/bill/108/hr/1342?format=json"
        },
        {
            "congress": 108,
            "introducedDate": "2003-03-11",
            "latestAction": {
                "actionDate": "2003-03-17",
                "text": "Referred to the Subcommittee on Health."
            },
            "number": "1214",
            "policyArea": {
                "name": "Health"
            },
            "title": "Consumer Assurance of Radiologic Excellence Act",
            "type": "HR",
            "url": "https://api.congress.gov/v3/bill/108/hr/1214?format=json"
        },
        {
            "congress": 108,
            "introducedDate": "2003-03-06",
            "latestAction": {
                "actionDate": "2003-12-16",
                "text": "See Public Law 108-183."
            },
            "number": "1167",
            "policyArea": {
                "name": "Armed Forces and National Security"
            },
            "title": "To amend title 38, United States Code, to permit remarried surviving spouses of veterans to be eligible for burial in a national cemetery.",
            "type": "HR",
            "url": "https://api.congress.gov/v3/bill/108/hr/1167?format=json"
        },
        {
            "congress": 108,
            "introducedDate": "2003-02-12",
            "latestAction": {
                "actionDate": "2003-02-26",
                "text": "Referred to the Subcommittee on Health."
            },
            "number": "755",
            "policyArea": {
                "name": "Health"
            },
            "title": "Medicare Access Equity Act of 2003",
            "type": "HR",
            "url": "https://api.congress.gov/v3/bill/108/hr/755?format=json"
        },
        {
            "congress": 108,
            "introducedDate": "2003-01-08",
            "latestAction": {
                "actionDate": "2003-02-21",
                "text": "Referred to the Subcommittee on 21st Century Competitiveness."
            },
            "number": "329",
            "policyArea": {
                "name": "Education"
            },
            "title": "To improve mathematics and science instruction in elementary and secondary schools by authorizing the Secretary of Education to make grants for regional workshops designed to permit educators to share successful strategies for such instruction.",
            "type": "HR",
            "url": "https://api.congress.gov/v3/bill/108/hr/329?format=json"
        },
        {
            "congress": 108,
            "introducedDate": "2003-01-08",
            "latestAction": {
                "actionDate": "2003-02-03",
                "text": "Referred to the Subcommittee on Energy and Air Quality."
            },
            "number": "330",
            "policyArea": {
                "name": "Energy"
            },
            "title": "Price-Anderson Amendments Act of 2003",
            "type": "HR",
            "url": "https://api.congress.gov/v3/bill/108/hr/330?format=json"
        },
        {
            "congress": 108,
            "introducedDate": "2003-01-07",
            "latestAction": {
                "actionDate": "2003-02-12",
                "text": "Referred to the Subcommittee on Forests and Forest Health."
            },
            "number": "222",
            "policyArea": {
                "name": "Public Lands and Natural Resources"
            },
            "title": "T'uf Shur Bien Preservation Trust Area Act",
            "type": "HR",
            "url": "https://api.congress.gov/v3/bill/108/hr/222?format=json"
        },
        {
            "congress": 108,
            "introducedDate": "2004-03-16",
            "latestAction": {
                "actionDate": "2004-04-01",
                "text": "Read twice and referred to the Committee on Armed Services."
            },
            "number": "386",
            "policyArea": {
                "name": "Commemorations"
            },
            "title": "Congratulating the United States Air Force Academy on its 50th Anniversary and recognizing its contributions to the Nation.",
            "type": "HCONRES",
            "url": "https://api.congress.gov/v3/bill/108/hconres/386?format=json"
        },
        {
            "congress": 108,
            "introducedDate": "2003-07-08",
            "latestAction": {
                "actionDate": "2003-09-04",
                "text": "Referred to the Subcommittee on Crime, Terrorism, and Homeland Security."
            },
            "number": "241",
            "policyArea": {
                "name": "Commemorations"
            },
            "title": "Expressing the sense of Congress with respect to raising awareness and encouraging prevention of stalking in the United States and supporting the goals and ideals of National Stalking Awareness Month.",
            "type": "HCONRES",
            "url": "https://api.congress.gov/v3/bill/108/hconres/241?format=json"
        },
        {
            "amendmentNumber": "289",
            "congress": 107,
            "introducedDate": "2001-08-01",
            "latestAction": {
                "actionDate": "2001-08-01",
                "actionTime": "16:58:28",
                "text": "On agreeing to the Wilson amendment (A004) Agreed to by voice vote. "
            },
            "type": null,
            "url": "https://api.congress.gov/v3/amendment/107/hamdt/289?format=json"
        },
        {
            "congress": 107,
            "introducedDate": "2002-11-14",
            "latestAction": {
                "actionDate": "2002-11-19",
                "text": "Referred to the Subcommittee on Forests and Forest Health."
            },
            "number": "5741",
            "policyArea": {
                "name": "Public Lands and Natural Resources"
            },
            "title": "T'uf Shur Bien Preservation Trust Area Act",
            "type": "HR",
            "url": "https://api.congress.gov/v3/bill/107/hr/5741?format=json"
        },
        {
            "congress": 107,
            "introducedDate": "2002-10-08",
            "latestAction": {
                "actionDate": "2002-11-12",
                "text": "Referred to the Subcommittee on Crime, Terrorism, and Homeland Security."
            },
            "number": "5580",
            "policyArea": {
                "name": "Crime and Law Enforcement"
            },
            "title": "Mandatory Restitution for Corporate Abuses Act of 2002",
            "type": "HR",
            "url": "https://api.congress.gov/v3/bill/107/hr/5580?format=json"
        },
        {
            "congress": 107,
            "introducedDate": "2002-09-19",
            "latestAction": {
                "actionDate": "2002-10-11",
                "text": "Read the second time. Placed on Senate Legislative Calendar under General Orders. Calendar No. 702."
            },
            "number": "5427",
            "policyArea": {
                "name": "Commemorations"
            },
            "title": "To designate the Federal building located at Fifth and Richardson Avenues in Roswell, New Mexico, as the \"Joe Skeen Federal Building\".",
            "type": "HR",
            "url": "https://api.congress.gov/v3/bill/107/hr/5427?format=json"
        },
        {
            "congress": 107,
            "introducedDate": "2002-09-09",
            "latestAction": {
                "actionDate": "2002-10-18",
                "text": "Referred to the Subcommittee on Benefits."
            },
            "number": "5355",
            "policyArea": {
                "name": "Armed Forces and National Security"
            },
            "title": "To amend title 38, United States Code, to permit remarried surviving spouses of veterans to be eligible for burial in a national cemetery.",
            "type": "HR",
            "url": "https://api.congress.gov/v3/bill/107/hr/5355?format=json"
        },
        {
            "congress": 107,
            "introducedDate": "2002-04-18",
            "latestAction": {
                "actionDate": "2002-07-15",
                "text": "Referred to the Subcommittee on 21st Century Competitiveness."
            },
            "number": "4539",
            "policyArea": {
                "name": "Families"
            },
            "title": "Fair Care for Kids Act of 2002",
            "type": "HR",
            "url": "https://api.congress.gov/v3/bill/107/hr/4539?format=json"
        },
        {
            "congress": 107,
            "introducedDate": "2002-04-11",
            "latestAction": {
                "actionDate": "2002-04-23",
                "text": "Referred to the Subcommittee on Health."
            },
            "number": "4215",
            "policyArea": {
                "name": "Health"
            },
            "title": "Medicare Access Equity Act of 2002",
            "type": "HR",
            "url": "https://api.congress.gov/v3/bill/107/hr/4215?format=json"
        },
        {
            "congress": 107,
            "introducedDate": "2002-04-10",
            "latestAction": {
                "actionDate": "2002-07-10",
                "text": "Referred to the Subcommittee on 21st Century Competitiveness."
            },
            "number": "4164",
            "policyArea": {
                "name": "Families"
            },
            "title": "Quality Child Care Act of 2002",
            "type": "HR",
            "url": "https://api.congress.gov/v3/bill/107/hr/4164?format=json"
        },
        {
            "congress": 107,
            "introducedDate": "2002-03-20",
            "latestAction": {
                "actionDate": "2002-06-18",
                "text": "Referred to the Subcommittee on Select Education."
            },
            "number": "4079",
            "policyArea": {
                "name": "Arts, Culture, Religion"
            },
            "title": "Arts Education Advancement Act of 2002",
            "type": "HR",
            "url": "https://api.congress.gov/v3/bill/107/hr/4079?format=json"
        },
        {
            "congress": 107,
            "introducedDate": "2002-03-20",
            "latestAction": {
                "actionDate": "2002-06-18",
                "text": "Referred to the Subcommittee on 21st Century Competitiveness."
            },
            "number": "4080",
            "policyArea": {
                "name": "Education"
            },
            "title": "To improve mathematics and science instruction in elementary and secondary schools by authorizing the Secretary of Education to make grants for regional workshops designed to permit educators to share successful strategies for such instruction.",
            "type": "HR",
            "url": "https://api.congress.gov/v3/bill/107/hr/4080?format=json"
        },
        {
            "congress": 107,
            "introducedDate": "2002-03-06",
            "latestAction": {
                "actionDate": "2002-03-06",
                "text": "Referred to the House Committee on Ways and Means."
            },
            "number": "3889",
            "policyArea": {
                "name": "Taxation"
            },
            "title": "Teacher Tax Credit Act of 2002",
            "type": "HR",
            "url": "https://api.congress.gov/v3/bill/107/hr/3889?format=json"
        },
        {
            "congress": 107,
            "introducedDate": "2002-02-06",
            "latestAction": {
                "actionDate": "2002-02-12",
                "text": "Referred to the Subcommittee on National Parks, Recreation and Public Lands."
            },
            "number": "3691",
            "policyArea": {
                "name": "Public Lands and Natural Resources"
            },
            "title": "Old Spanish National Historic Trail Act",
            "type": "HR",
            "url": "https://api.congress.gov/v3/bill/107/hr/3691?format=json"
        },
        {
            "congress": 107,
            "introducedDate": "2001-11-01",
            "latestAction": {
                "actionDate": "2001-11-14",
                "text": "Referred to the Subcommittee on Environment and Hazardous Materials."
            },
            "number": "3224",
            "policyArea": {
                "name": "Environmental Protection"
            },
            "title": "Community Drinking Water Assistance Act",
            "type": "HR",
            "url": "https://api.congress.gov/v3/bill/107/hr/3224?format=json"
        },
        {
            "congress": 107,
            "introducedDate": "2001-10-02",
            "latestAction": {
                "actionDate": "2001-11-29",
                "text": "Read the second time. Placed on Senate Legislative Calendar under General Orders. Calendar No. 240."
            },
            "number": "2983",
            "policyArea": {
                "name": "Energy"
            },
            "title": "Price-Anderson Reauthorization Act of 2001",
            "type": "HR",
            "url": "https://api.congress.gov/v3/bill/107/hr/2983?format=json"
        },
        {
            "congress": 107,
            "introducedDate": "2001-06-06",
            "latestAction": {
                "actionDate": "2001-06-29",
                "text": "Referred to the Subcommittee on Benefits."
            },
            "number": "2092",
            "policyArea": {
                "name": "Armed Forces and National Security"
            },
            "title": "To direct the Secretary of Veterans Affairs to establish a national cemetery for veterans in the Albuquerque, New Mexico, metropolitan area.",
            "type": "HR",
            "url": "https://api.congress.gov/v3/bill/107/hr/2092?format=json"
        },
        {
            "congress": 107,
            "introducedDate": "2001-05-07",
            "latestAction": {
                "actionDate": "2001-06-20",
                "text": "Referred to the Subcommittee on 21st Century Competitiveness."
            },
            "number": "1742",
            "policyArea": {
                "name": "Education"
            },
            "title": "21st Century Teaching Scholarship Act",
            "type": "HR",
            "url": "https://api.congress.gov/v3/bill/107/hr/1742?format=json"
        },
        {
            "congress": 107,
            "introducedDate": "2001-03-20",
            "latestAction": {
                "actionDate": "2001-03-20",
                "text": "Referred to the House Committee on Ways and Means."
            },
            "number": "1137",
            "policyArea": {
                "name": "Taxation"
            },
            "title": "Private Sector Research and Development Investment Act of 2001",
            "type": "HR",
            "url": "https://api.congress.gov/v3/bill/107/hr/1137?format=json"
        },
        {
            "congress": 107,
            "introducedDate": "2001-03-15",
            "latestAction": {
                "actionDate": "2001-04-02",
                "text": "Referred to the Subcommittee on Energy and Air Quality."
            },
            "number": "1045",
            "policyArea": {
                "name": "Energy"
            },
            "title": "Energy Self-Sufficiency Act for the 21st Century",
            "type": "HR",
            "url": "https://api.congress.gov/v3/bill/107/hr/1045?format=json"
        },
        {
            "congress": 107,
            "introducedDate": "2001-03-13",
            "latestAction": {
                "actionDate": "2001-03-20",
                "text": "Referred to the Subcommittee on Health."
            },
            "number": "1011",
            "policyArea": {
                "name": "Health"
            },
            "title": "Consumer Assurance of Radiologic Excellence Act",
            "type": "HR",
            "url": "https://api.congress.gov/v3/bill/107/hr/1011?format=json"
        },
        {
            "congress": 107,
            "introducedDate": "2001-02-14",
            "latestAction": {
                "actionDate": "2001-06-05",
                "text": "Placed on the Union Calendar, Calendar No. 43."
            },
            "number": "718",
            "policyArea": {
                "name": "Science, Technology, Communications"
            },
            "title": "Anti-Spamming Act of 2001",
            "type": "HR",
            "url": "https://api.congress.gov/v3/bill/107/hr/718?format=json"
        },
        {
            "congress": 107,
            "introducedDate": "2002-10-10",
            "latestAction": {
                "actionDate": "2002-11-12",
                "text": "Referred to the Subcommittee on Crime, Terrorism, and Homeland Security."
            },
            "number": "584",
            "policyArea": {
                "name": "Crime and Law Enforcement"
            },
            "title": "Supporting the goals and ideas of a National Sexual Assault Awareness Month.",
            "type": "HRES",
            "url": "https://api.congress.gov/v3/bill/107/hres/584?format=json"
        },
        {
            "congress": 107,
            "introducedDate": "2001-11-15",
            "latestAction": {
                "actionDate": "2002-05-08",
                "text": "Received in the Senate and referred to the Committee on Health, Education, Labor, and Pensions."
            },
            "number": "271",
            "policyArea": {
                "name": "Commemorations"
            },
            "title": "Expressing the sense of the Congress that public awareness and education about the importance of health care coverage is of the utmost priority and that a National Importance of Health Care Coverage Month should be established to promote these goals.",
            "type": "HCONRES",
            "url": "https://api.congress.gov/v3/bill/107/hconres/271?format=json"
        },
        {
            "amendmentNumber": "827",
            "congress": 106,
            "introducedDate": "2000-06-15",
            "latestAction": {
                "actionDate": "2000-06-15",
                "actionTime": "23:31:21",
                "text": "On agreeing to the Wilson amendment (A032) as amended Agreed to by voice vote. (text:  CR H4577)"
            },
            "type": null,
            "url": "https://api.congress.gov/v3/amendment/106/hamdt/827?format=json"
        },
        {
            "amendmentNumber": "788",
            "congress": 106,
            "introducedDate": "2000-06-13",
            "latestAction": {
                "actionDate": "2000-06-13",
                "actionTime": "21:06:13",
                "text": "On agreeing to the Wilson amendment (A030) Failed by recorded vote: 156 - 267 (Roll no. 267). (text:  CR H4286)"
            },
            "type": null,
            "url": "https://api.congress.gov/v3/amendment/106/hamdt/788?format=json"
        },
        {
            "amendmentNumber": "209",
            "congress": 106,
            "introducedDate": "1999-06-17",
            "latestAction": {
                "actionDate": "1999-06-17",
                "actionTime": "15:45:51",
                "text": "On agreeing to the Wilson amendment (A035) Agreed to by voice vote. "
            },
            "type": null,
            "url": "https://api.congress.gov/v3/amendment/106/hamdt/209?format=json"
        },
        {
            "amendmentNumber": "15",
            "congress": 106,
            "introducedDate": "1999-02-25",
            "latestAction": {
                "actionDate": "1999-02-25",
                "actionTime": "11:24:18",
                "text": "On agreeing to the Wilson amendment (A001) Agreed to by voice vote. "
            },
            "type": null,
            "url": "https://api.congress.gov/v3/amendment/106/hamdt/15?format=json"
        },
        {
            "congress": 106,
            "introducedDate": "2000-07-27",
            "latestAction": {
                "actionDate": "2000-08-31",
                "text": "Referred to the Subcommittee on Health and Environment, for a period to be subsequently determined by the Chairman."
            },
            "number": "5001",
            "policyArea": {
                "name": "Health"
            },
            "title": "Fair Care for Seniors and Children Act of 2000",
            "type": "HR",
            "url": "https://api.congress.gov/v3/bill/106/hr/5001?format=json"
        },
        {
            "congress": 106,
            "introducedDate": "2000-05-17",
            "latestAction": {
                "actionDate": "2000-06-28",
                "text": "Referred to the Subcommittee on Early Childhood, Youth and Families."
            },
            "number": "4486",
            "policyArea": {
                "name": "Education"
            },
            "title": "21st Century Teaching Scholarships Act",
            "type": "HR",
            "url": "https://api.congress.gov/v3/bill/106/hr/4486?format=json"
        },
        {
            "congress": 106,
            "introducedDate": "2000-03-16",
            "latestAction": {
                "actionDate": "2000-05-11",
                "text": "Referred to the Subcommittee on Early Childhood, Youth and Families."
            },
            "number": "4032",
            "policyArea": {
                "name": "Education"
            },
            "title": "Neighborhood Schools Act",
            "type": "HR",
            "url": "https://api.congress.gov/v3/bill/106/hr/4032?format=json"
        },
        {
            "congress": 106,
            "introducedDate": "2000-03-15",
            "latestAction": {
                "actionDate": "2000-03-22",
                "text": "Referred to the Subcommittee on Finance and Hazardous Materials."
            },
            "number": "3997",
            "policyArea": {
                "name": "Finance and Financial Sector"
            },
            "title": "Money Return Act of 2000",
            "type": "HR",
            "url": "https://api.congress.gov/v3/bill/106/hr/3997?format=json"
        },
        {
            "congress": 106,
            "introducedDate": "1999-11-10",
            "latestAction": {
                "actionDate": "1999-12-30",
                "text": "Referred to the Subcommittee on Benefits."
            },
            "number": "3335",
            "policyArea": {
                "name": "Armed Forces and National Security"
            },
            "title": "To direct the Secretary of Veterans Affairs to establish a national cemetery for veterans in the Albuquerque, New Mexico, metropolitan area.",
            "type": "HR",
            "url": "https://api.congress.gov/v3/bill/106/hr/3335?format=json"
        },
        {
            "congress": 106,
            "introducedDate": "1999-11-09",
            "latestAction": {
                "actionDate": "1999-11-18",
                "text": "Referred to the Subcommittee on Forests and Forest Health."
            },
            "number": "3288",
            "policyArea": {
                "name": "Public Lands and Natural Resources"
            },
            "title": "Valles Caldera Preservation Act",
            "type": "HR",
            "url": "https://api.congress.gov/v3/bill/106/hr/3288?format=json"
        },
        {
            "congress": 106,
            "introducedDate": "1999-10-28",
            "latestAction": {
                "actionDate": "1999-11-11",
                "text": "Referred to the Subcommittee on Military Research and Development."
            },
            "number": "3161",
            "policyArea": {
                "name": "Science, Technology, Communications"
            },
            "title": "Federal Research Investment Act",
            "type": "HR",
            "url": "https://api.congress.gov/v3/bill/106/hr/3161?format=json"
        },
        {
            "congress": 106,
            "introducedDate": "1999-10-20",
            "latestAction": {
                "actionDate": "2000-07-19",
                "text": "Received in the Senate and Read twice and referred to the Committee on Commerce, Science, and Transportation."
            },
            "number": "3113",
            "policyArea": {
                "name": "Science, Technology, Communications"
            },
            "title": "Unsolicited Commercial Electronic Mail Act of 2000",
            "type": "HR",
            "url": "https://api.congress.gov/v3/bill/106/hr/3113?format=json"
        },
        {
            "congress": 106,
            "introducedDate": "1999-08-05",
            "latestAction": {
                "actionDate": "1999-08-27",
                "text": "Referred to the Subcommittee on Health and Environment."
            },
            "number": "2800",
            "policyArea": {
                "name": "Health"
            },
            "title": "To amend title XIX of the Social Security Act to correct the DSH Allotments for Minnesota, New Mexico, and Wyoming under the Medicaid Program for fiscal years 2000, 2001, and 2002.",
            "type": "HR",
            "url": "https://api.congress.gov/v3/bill/106/hr/2800?format=json"
        },
        {
            "congress": 106,
            "introducedDate": "1999-06-07",
            "latestAction": {
                "actionDate": "1999-07-02",
                "text": "Referred to the Subcommittee on Early Childhood, Youth and Families."
            },
            "number": "2034",
            "policyArea": {
                "name": "Education"
            },
            "title": "Safe School Security Act of 1999",
            "type": "HR",
            "url": "https://api.congress.gov/v3/bill/106/hr/2034?format=json"
        },
        {
            "congress": 106,
            "introducedDate": "1999-05-04",
            "latestAction": {
                "actionDate": "1999-05-04",
                "text": "Referred to the House Committee on Ways and Means."
            },
            "number": "1682",
            "policyArea": {
                "name": "Taxation"
            },
            "title": "Private Sector Research and Development Investment Act of 1999",
            "type": "HR",
            "url": "https://api.congress.gov/v3/bill/106/hr/1682?format=json"
        },
        {
            "congress": 106,
            "introducedDate": "1999-04-21",
            "latestAction": {
                "actionDate": "1999-04-28",
                "text": "Referred to the Subcommittee on Immigration and Claims."
            },
            "number": "1519",
            "policyArea": {
                "name": "International Affairs"
            },
            "title": "Kosovar Albanian Refugee Humanitarian Assistance Act of 1999",
            "type": "HR",
            "url": "https://api.congress.gov/v3/bill/106/hr/1519?format=json"
        },
        {
            "congress": 106,
            "introducedDate": "1999-04-20",
            "latestAction": {
                "actionDate": "1999-05-21",
                "text": "Referred to the Subcommittee on Early Childhood, Youth and Families."
            },
            "number": "1498",
            "policyArea": {
                "name": "Crime and Law Enforcement"
            },
            "title": "Juvenile Crime Control and Community Protection Act of 1999",
            "type": "HR",
            "url": "https://api.congress.gov/v3/bill/106/hr/1498?format=json"
        },
        {
            "congress": 106,
            "introducedDate": "1999-02-03",
            "latestAction": {
                "actionDate": "1999-03-03",
                "text": "Received in the Senate and read twice and referred to the Committee on Commerce."
            },
            "number": "514",
            "policyArea": {
                "name": "Science, Technology, Communications"
            },
            "title": "Wireless Privacy Enhancement Act of 1999",
            "type": "HR",
            "url": "https://api.congress.gov/v3/bill/106/hr/514?format=json"
        },
        {
            "congress": 106,
            "introducedDate": "1999-01-06",
            "latestAction": {
                "actionDate": "1999-08-10",
                "text": "Became Public Law No: 106-45."
            },
            "number": "66",
            "policyArea": {
                "name": "Transportation and Public Works"
            },
            "title": "To preserve the cultural resources of the Route 66 corridor and to authorize the Secretary of the Interior to provide assistance.",
            "type": "HR",
            "url": "https://api.congress.gov/v3/bill/106/hr/66?format=json"
        },
        {
            "congress": 106,
            "introducedDate": "2000-10-02",
            "latestAction": {
                "actionDate": "2000-10-24",
                "actionTime": "15:31:32",
                "text": "Motion to reconsider laid on the table Agreed to without objection."
            },
            "number": "605",
            "policyArea": {
                "name": "Crime and Law Enforcement"
            },
            "title": "Expressing the sense of the House of Representatives that communities should implement the Amber Plan to expedite the recovery of abducted children.",
            "type": "HRES",
            "url": "https://api.congress.gov/v3/bill/106/hres/605?format=json"
        },
        {
            "congress": 106,
            "introducedDate": "2000-03-08",
            "latestAction": {
                "actionDate": "2000-03-10",
                "text": "Referred to the Subcommittee on Postal Service."
            },
            "number": "436",
            "policyArea": {
                "name": "Commemorations"
            },
            "title": "Expressing the sense of the House of Representatives that a postage stamp should be issued commemorating the 75th anniversary of the commissioning of U.S. Route 66.",
            "type": "HRES",
            "url": "https://api.congress.gov/v3/bill/106/hres/436?format=json"
        },
        {
            "congress": 106,
            "introducedDate": "2000-05-15",
            "latestAction": {
                "actionDate": "2000-05-17",
                "text": "Received in the Senate and referred to the Committee on Energy and Natural Resources."
            },
            "number": "326",
            "policyArea": {
                "name": "Public Lands and Natural Resources"
            },
            "title": "Expressing the sense of the Congress regarding the Federal Government's responsibility for starting a destructive fire near Los Alamos, New Mexico.",
            "type": "HCONRES",
            "url": "https://api.congress.gov/v3/bill/106/hconres/326?format=json"
        },
        {
            "congress": 105,
            "introducedDate": "1998-08-06",
            "latestAction": {
                "actionDate": "1998-09-15",
                "text": "Referred to the Subcommittee on Military Research and Development."
            },
            "number": "4514",
            "policyArea": {
                "name": "Science, Technology, Communications"
            },
            "title": "Federal Research Investment Act",
            "type": "HR",
            "url": "https://api.congress.gov/v3/bill/105/hr/4514?format=json"
        },
        {
            "congress": 105,
            "introducedDate": "1998-08-06",
            "latestAction": {
                "actionDate": "1998-08-14",
                "text": "Executive Comment Requested from Interior."
            },
            "number": "4513",
            "policyArea": {
                "name": "Transportation and Public Works"
            },
            "title": "To designate former United States Route 66 as \"America's Main Street\" and authorize the Secretary of the Interior to provide assistance.",
            "type": "HR",
            "url": "https://api.congress.gov/v3/bill/105/hr/4513?format=json"
        }
    ]
}