{
    "pagination": {
        "count": 20
    },
    "request": {
        "bioguideId": "c001106",
        "contentType": "application/json",
        "format": "json"
    },
    "sponsoredLegislation": [
        {
            "amendmentNumber": "628",
            "congress": 115,
            "introducedDate": "2018-05-18",
            "latestAction": {
                "actionDate": "2018-05-18",
                "actionTime": "10:02:36",
                "text": "On agreeing to the Costello (PA) amendment (A043) Agreed to by voice vote. "
            },
            "type": null,
            "url": "https://api.congress.gov/v3/amendment/115/hamdt/628?format=json"
        },
        {
            "congress": 115,
            "introducedDate": "2018-03-07",
            "latestAction": {
                "actionDate": "2018-05-09",
                "text": "Ordered to be Reported by Voice Vote."
            },
            "number": "5202",
            "policyArea": {
                "name": "Crime and Law Enforcement"
            },
            "title": "Ensuring Patient Access to Substance Use Disorder Treatments Act of 2018",
            "type": "HR",
            "url": "https://api.congress.gov/v3/bill/115/hr/5202?format=json"
        },
        {
            "congress": 115,
            "introducedDate": "2018-01-17",
            "latestAction": {
                "actionDate": "2018-01-19",
                "text": "Referred to the Subcommittee on Communications and Technology."
            },
            "number": "4813",
            "policyArea": {
                "name": "Science, Technology, Communications"
            },
            "title": "WIFI STUDy Act",
            "type": "HR",
            "url": "https://api.congress.gov/v3/bill/115/hr/4813?format=json"
        },
        {
            "congress": 115,
            "introducedDate": "2017-12-18",
            "latestAction": {
                "actionDate": "2017-12-22",
                "text": "Referred to the Subcommittee on Health."
            },
            "number": "4666",
            "policyArea": {
                "name": "Health"
            },
            "title": "Premium Relief Act of 2017",
            "type": "HR",
            "url": "https://api.congress.gov/v3/bill/115/hr/4666?format=json"
        },
        {
            "congress": 115,
            "introducedDate": "2017-12-01",
            "latestAction": {
                "actionDate": "2017-12-08",
                "text": "Referred to the Subcommittee on Health."
            },
            "number": "4515",
            "policyArea": {
                "name": "Health"
            },
            "title": "To amend title XXI of the Social Security Act to provide for a special rule during the first quarter of fiscal year 2018 for the redistribution of certain Children's Health Insurance Program allocations for certain shortfall States.",
            "type": "HR",
            "url": "https://api.congress.gov/v3/bill/115/hr/4515?format=json"
        },
        {
            "congress": 115,
            "introducedDate": "2017-10-31",
            "latestAction": {
                "actionDate": "2017-11-17",
                "text": "Referred to the Subcommittee on Crime, Terrorism, Homeland Security, and Investigations."
            },
            "number": "4183",
            "policyArea": {
                "name": "Crime and Law Enforcement"
            },
            "title": "Domestic Violence Records Reporting Improvement Act of 2017",
            "type": "HR",
            "url": "https://api.congress.gov/v3/bill/115/hr/4183?format=json"
        },
        {
            "congress": 115,
            "introducedDate": "2017-07-26",
            "latestAction": {
                "actionDate": "2017-07-28",
                "text": "Referred to the Subcommittee on Digital Commerce and Consumer Protection."
            },
            "number": "3411",
            "policyArea": {
                "name": "Transportation and Public Works"
            },
            "title": "To establish in the National Highway Traffic Safety Administration an Automated Driving System Cybersecurity Advisory Council to make recommendations regarding cybersecurity for the testing, deployment, and updating of automated driving systems.",
            "type": "HR",
            "url": "https://api.congress.gov/v3/bill/115/hr/3411?format=json"
        },
        {
            "congress": 115,
            "introducedDate": "2017-05-25",
            "latestAction": {
                "actionDate": "2017-05-25",
                "text": "Referred to the House Committee on Education and the Workforce."
            },
            "number": "2679",
            "policyArea": {
                "name": "Education"
            },
            "title": "Match Veterans to Student Loan Protections Act",
            "type": "HR",
            "url": "https://api.congress.gov/v3/bill/115/hr/2679?format=json"
        },
        {
            "congress": 115,
            "introducedDate": "2017-05-11",
            "latestAction": {
                "actionDate": "2018-07-25",
                "text": "Received in the Senate and Read twice and referred to the Committee on Veterans' Affairs."
            },
            "number": "2409",
            "policyArea": {
                "name": "Armed Forces and National Security"
            },
            "title": "To allow servicemembers to terminate their cable, satellite television, and Internet access service contracts while deployed.",
            "type": "HR",
            "url": "https://api.congress.gov/v3/bill/115/hr/2409?format=json"
        },
        {
            "congress": 115,
            "introducedDate": "2017-04-25",
            "latestAction": {
                "actionDate": "2017-04-28",
                "text": "Referred to the Subcommittee on Health."
            },
            "number": "2118",
            "policyArea": {
                "name": "Health"
            },
            "title": "Medical Device Servicing Safety and Accountability Act",
            "type": "HR",
            "url": "https://api.congress.gov/v3/bill/115/hr/2118?format=json"
        },
        {
            "congress": 115,
            "introducedDate": "2017-04-06",
            "latestAction": {
                "actionDate": "2017-04-07",
                "text": "Referred to the Subcommittee on Health."
            },
            "number": "2009",
            "policyArea": {
                "name": "Health"
            },
            "title": "Fostering Innovation in Medical Imaging Act of 2017",
            "type": "HR",
            "url": "https://api.congress.gov/v3/bill/115/hr/2009?format=json"
        },
        {
            "congress": 115,
            "introducedDate": "2017-01-03",
            "latestAction": {
                "actionDate": "2017-01-04",
                "text": "Received in the Senate and Read twice and referred to the Committee on Veterans' Affairs."
            },
            "number": "27",
            "policyArea": {
                "name": "Armed Forces and National Security"
            },
            "title": "Ensuring VA Employee Accountability Act",
            "type": "HR",
            "url": "https://api.congress.gov/v3/bill/115/hr/27?format=json"
        },
        {
            "congress": 114,
            "introducedDate": "2016-07-14",
            "latestAction": {
                "actionDate": "2016-09-19",
                "text": "Referred to the Subcommittee on Higher Education and Workforce Training."
            },
            "number": "5814",
            "policyArea": {
                "name": "Education"
            },
            "title": "Match Veterans to Student Loan Protections Act",
            "type": "HR",
            "url": "https://api.congress.gov/v3/bill/114/hr/5814?format=json"
        },
        {
            "congress": 114,
            "introducedDate": "2016-07-07",
            "latestAction": {
                "actionDate": "2016-09-19",
                "text": "Referred to the Subcommittee on Early Childhood, Elementary, and Secondary Education."
            },
            "number": "5663",
            "policyArea": {
                "name": "Education"
            },
            "title": "Critical Thinking, Collaboration, Communication, and Creativity for Careers Act",
            "type": "HR",
            "url": "https://api.congress.gov/v3/bill/114/hr/5663?format=json"
        },
        {
            "congress": 114,
            "introducedDate": "2016-05-11",
            "latestAction": {
                "actionDate": "2016-06-09",
                "text": "Sponsor introductory remarks on measure. (CR H3575)"
            },
            "number": "5190",
            "policyArea": {
                "name": "Armed Forces and National Security"
            },
            "title": "State Outreach for Local Veterans Employment Act of 2016",
            "type": "HR",
            "url": "https://api.congress.gov/v3/bill/114/hr/5190?format=json"
        },
        {
            "amendmentNumber": "765",
            "congress": 114,
            "introducedDate": "2015-11-03",
            "latestAction": {
                "actionDate": "2015-11-03",
                "actionTime": "18:09:30",
                "text": "On agreeing to the Costello (PA) amendment (A032) Agreed to by voice vote. "
            },
            "type": null,
            "url": "https://api.congress.gov/v3/amendment/114/hamdt/765?format=json"
        },
        {
            "congress": 114,
            "introducedDate": "2015-11-05",
            "latestAction": {
                "actionDate": "2016-06-22",
                "text": "Received in the Senate and Read twice and referred to the Committee on Veterans' Affairs."
            },
            "number": "3936",
            "policyArea": {
                "name": "Armed Forces and National Security"
            },
            "title": "Veteran Engagement Teams Act",
            "type": "HR",
            "url": "https://api.congress.gov/v3/bill/114/hr/3936?format=json"
        },
        {
            "congress": 114,
            "introducedDate": "2015-02-25",
            "latestAction": {
                "actionDate": "2015-05-14",
                "text": "Forwarded by Subcommittee to Full Committee (Amended) by Voice Vote ."
            },
            "number": "1067",
            "policyArea": {
                "name": "Armed Forces and National Security"
            },
            "title": "U.S. Court of Appeals for Veterans Claims Reform Act",
            "type": "HR",
            "url": "https://api.congress.gov/v3/bill/114/hr/1067?format=json"
        },
        {
            "congress": 114,
            "introducedDate": "2015-02-24",
            "latestAction": {
                "actionDate": "2015-05-19",
                "text": "Received in the Senate and Read twice and referred to the Committee on Veterans' Affairs."
            },
            "number": "1038",
            "policyArea": {
                "name": "Armed Forces and National Security"
            },
            "title": "Ensuring VA Employee Accountability Act",
            "type": "HR",
            "url": "https://api.congress.gov/v3/bill/114/hr/1038?format=json"
        },
        {
            "congress": 114,
            "introducedDate": "2015-02-13",
            "latestAction": {
                "actionDate": "2015-02-20",
                "text": "Referred to the Subcommittee on Health."
            },
            "number": "112",
            "policyArea": {
                "name": "Education"
            },
            "title": "Supporting the goals and ideals of the Secondary School Student Athletes' Bill of Rights.",
            "type": "HRES",
            "url": "https://api.congress.gov/v3/bill/114/hres/112?format=json"
        }
    ]
}