{
    "pagination": {
        "count": 23
    },
    "request": {
        "bioguideId": "c001127",
        "contentType": "application/json",
        "format": "json"
    },
    "sponsoredLegislation": [
        {
            "congress": 118,
            "introducedDate": "2024-06-27",
            "latestAction": {
                "actionDate": "2024-06-27",
                "text": "Referred to the House Committee on Oversight and Accountability."
            },
            "number": "1326",
            "policyArea": {
                "name": null
            },
            "title": "Congratulating the Florida Panthers for winning the 2024 Stanley Cup Final, the team's first-ever Stanley Cup championship.",
            "type": "HRES",
            "url": "https://api.congress.gov/v3/bill/118/hres/1326?format=json"
        },
        {
            "congress": 118,
            "introducedDate": "2024-05-23",
            "latestAction": {
                "actionDate": "2024-05-23",
                "text": "Referred to the House Committee on Foreign Affairs."
            },
            "number": "1254",
            "policyArea": {
                "name": null
            },
            "title": "Recognizing the strategic importance of Kenya to the United States and celebrating the 60-year anniversary of United States-Kenya relations.",
            "type": "HRES",
            "url": "https://api.congress.gov/v3/bill/118/hres/1254?format=json"
        },
        {
            "congress": 118,
            "introducedDate": "2024-05-06",
            "latestAction": {
                "actionDate": "2024-05-06",
                "text": "Referred to the Committee on Ways and Means, and in addition to the Committee on Foreign Affairs, for a period to be subsequently determined by the Speaker, in each case for consideration of such provisions as fall within the jurisdiction of the committee concerned."
            },
            "number": "8249",
            "policyArea": {
                "name": null
            },
            "title": "U.S.-Africa Strategic Trade and Investment Partnership Act of 2024",
            "type": "HR",
            "url": "https://api.congress.gov/v3/bill/118/hr/8249?format=json"
        },
        {
            "congress": 118,
            "introducedDate": "2024-03-22",
            "latestAction": {
                "actionDate": "2024-03-22",
                "text": "Referred to the House Committee on the Judiciary."
            },
            "number": "7799",
            "policyArea": {
                "name": "Crime and Law Enforcement"
            },
            "title": "CATCH Act",
            "type": "HR",
            "url": "https://api.congress.gov/v3/bill/118/hr/7799?format=json"
        },
        {
            "congress": 118,
            "introducedDate": "2024-03-01",
            "latestAction": {
                "actionDate": "2024-03-11",
                "text": "Sponsor introductory remarks on measure. (CR H1090-1091)"
            },
            "number": "1047",
            "policyArea": {
                "name": "Health"
            },
            "title": "Recognizing the need of Congress to prevent, address, and treat obesity as a disease in the United States on this World Obesity Day, March 4, 2024.",
            "type": "HRES",
            "url": "https://api.congress.gov/v3/bill/118/hres/1047?format=json"
        },
        {
            "congress": 118,
            "introducedDate": "2023-12-14",
            "latestAction": {
                "actionDate": "2023-12-15",
                "text": "Referred to the Subcommittee on Health."
            },
            "number": "6801",
            "policyArea": {
                "name": "Health"
            },
            "title": "RPM Cost Sharing Elimination Study Act of 2023",
            "type": "HR",
            "url": "https://api.congress.gov/v3/bill/118/hr/6801?format=json"
        },
        {
            "congress": 118,
            "introducedDate": "2023-12-14",
            "latestAction": {
                "actionDate": "2024-01-11",
                "text": "Referred to the Subcommittee on Health."
            },
            "number": "6800",
            "policyArea": {
                "name": "Armed Forces and National Security"
            },
            "title": "Department of Veterans Affairs Therapeutic Medical Physicist Pay Cap Relief Act",
            "type": "HR",
            "url": "https://api.congress.gov/v3/bill/118/hr/6800?format=json"
        },
        {
            "congress": 118,
            "introducedDate": "2023-09-20",
            "latestAction": {
                "actionDate": "2023-09-22",
                "text": "Referred to the Subcommittee on Health."
            },
            "number": "709",
            "policyArea": {
                "name": "Health"
            },
            "title": "Supporting the designation of September 2023 as \"National Cholesterol Education Month\", and September 30, 2023, as LDL-C Awareness Day.",
            "type": "HRES",
            "url": "https://api.congress.gov/v3/bill/118/hres/709?format=json"
        },
        {
            "congress": 118,
            "introducedDate": "2023-07-26",
            "latestAction": {
                "actionDate": "2023-07-26",
                "text": "Referred to the House Committee on Education and the Workforce."
            },
            "number": "615",
            "policyArea": {
                "name": "Education"
            },
            "title": "Condemning revisionist education and revisionist history as it relates to the African-American experience.",
            "type": "HRES",
            "url": "https://api.congress.gov/v3/bill/118/hres/615?format=json"
        },
        {
            "congress": 118,
            "introducedDate": "2023-06-23",
            "latestAction": {
                "actionDate": "2023-06-23",
                "text": "Referred to the House Committee on Veterans' Affairs."
            },
            "number": "4325",
            "policyArea": {
                "name": "Armed Forces and National Security"
            },
            "title": "Historically Underserved Veterans Inclusion Act of 2023",
            "type": "HR",
            "url": "https://api.congress.gov/v3/bill/118/hr/4325?format=json"
        },
        {
            "congress": 118,
            "introducedDate": "2023-06-22",
            "latestAction": {
                "actionDate": "2023-06-22",
                "text": "Referred to the House Committee on Ways and Means."
            },
            "number": "4282",
            "policyArea": {
                "name": "Families"
            },
            "title": "Equality for Families with Disabilities Act",
            "type": "HR",
            "url": "https://api.congress.gov/v3/bill/118/hr/4282?format=json"
        },
        {
            "congress": 118,
            "introducedDate": "2023-05-26",
            "latestAction": {
                "actionDate": "2023-05-26",
                "text": "Referred to the House Committee on Armed Services."
            },
            "number": "455",
            "policyArea": {
                "name": "Civil Rights and Liberties, Minority Issues"
            },
            "title": "Expressing support for Black service members this Memorial Day who gave their lives to protect and defend the United States at home and abroad despite facing racism in the Armed Forces and systemic inequities on United States soil.",
            "type": "HRES",
            "url": "https://api.congress.gov/v3/bill/118/hres/455?format=json"
        },
        {
            "congress": 118,
            "introducedDate": "2023-05-25",
            "latestAction": {
                "actionDate": "2023-05-25",
                "text": "Referred to the House Committee on Science, Space, and Technology."
            },
            "number": "3679",
            "policyArea": {
                "name": "Transportation and Public Works"
            },
            "title": "Healthy Air Travel Act",
            "type": "HR",
            "url": "https://api.congress.gov/v3/bill/118/hr/3679?format=json"
        },
        {
            "congress": 118,
            "introducedDate": "2023-05-11",
            "latestAction": {
                "actionDate": "2023-05-11",
                "text": "Referred to the House Committee on Financial Services."
            },
            "number": "3219",
            "policyArea": {
                "name": "Housing and Community Development"
            },
            "title": "Federal Disaster Housing Stability Act of 2023",
            "type": "HR",
            "url": "https://api.congress.gov/v3/bill/118/hr/3219?format=json"
        },
        {
            "congress": 118,
            "introducedDate": "2023-05-10",
            "latestAction": {
                "actionDate": "2023-05-10",
                "text": "Referred to the House Committee on Oversight and Accountability."
            },
            "number": "3177",
            "policyArea": {
                "name": "Government Operations and Politics"
            },
            "title": "To designate the facility of the United States Postal Service located at 1900 West Oakland Park Boulevard in Oakland Park, Florida, as the \"Alcee Lamar Hastings Post Office Building\".",
            "type": "HR",
            "url": "https://api.congress.gov/v3/bill/118/hr/3177?format=json"
        },
        {
            "congress": 118,
            "introducedDate": "2023-03-29",
            "latestAction": {
                "actionDate": "2023-04-26",
                "text": "Sponsor introductory remarks on measure. (CR H2042)"
            },
            "number": "2370",
            "policyArea": {
                "name": "Education"
            },
            "title": "Access to AEDs Act",
            "type": "HR",
            "url": "https://api.congress.gov/v3/bill/118/hr/2370?format=json"
        },
        {
            "congress": 118,
            "introducedDate": "2023-02-09",
            "latestAction": {
                "actionDate": "2023-02-17",
                "text": "Referred to the Subcommittee on Health."
            },
            "number": "901",
            "policyArea": {
                "name": "Health"
            },
            "title": "Disposable ENDS Product Enforcement Act of 2023",
            "type": "HR",
            "url": "https://api.congress.gov/v3/bill/118/hr/901?format=json"
        },
        {
            "congress": 118,
            "introducedDate": "2023-01-31",
            "latestAction": {
                "actionDate": "2023-04-18",
                "text": "Subcommittee Consideration and Mark-up Session Held."
            },
            "number": "645",
            "policyArea": {
                "name": "Armed Forces and National Security"
            },
            "title": "Healthy Foundations for Homeless Veterans Act",
            "type": "HR",
            "url": "https://api.congress.gov/v3/bill/118/hr/645?format=json"
        },
        {
            "amendmentNumber": "814",
            "congress": 118,
            "introducedDate": "2023-11-30",
            "latestAction": {
                "actionDate": "2023-11-30",
                "actionTime": "13:31:18",
                "text": "On agreeing to the Cherfilus-McCormick amendment (A002) Agreed to by voice vote. "
            },
            "type": null,
            "url": "https://api.congress.gov/v3/amendment/118/hamdt/814?format=json"
        },
        {
            "congress": 117,
            "introducedDate": "2022-11-16",
            "latestAction": {
                "actionDate": "2022-11-17",
                "text": "Referred to the Subcommittee on Water Resources and Environment."
            },
            "number": "1474",
            "policyArea": {
                "name": "Public Lands and Natural Resources"
            },
            "title": "Recognizing the 75th anniversary of Everglades National Park.",
            "type": "HRES",
            "url": "https://api.congress.gov/v3/bill/117/hres/1474?format=json"
        },
        {
            "congress": 117,
            "introducedDate": "2022-06-09",
            "latestAction": {
                "actionDate": "2022-07-19",
                "text": "Ordered to be Reported by Voice Vote."
            },
            "number": "8003",
            "policyArea": {
                "name": "Armed Forces and National Security"
            },
            "title": "Restore Veterans Dignity Act of 2022",
            "type": "HR",
            "url": "https://api.congress.gov/v3/bill/117/hr/8003?format=json"
        },
        {
            "congress": 117,
            "introducedDate": "2022-06-03",
            "latestAction": {
                "actionDate": "2022-06-03",
                "text": "Referred to the House Committee on Ways and Means."
            },
            "number": "7929",
            "policyArea": {
                "name": "Taxation"
            },
            "title": "To amend the Internal Revenue Code of 1986 to provide for additional recovery rebates to taxpayers.",
            "type": "HR",
            "url": "https://api.congress.gov/v3/bill/117/hr/7929?format=json"
        },
        {
            "congress": 117,
            "introducedDate": "2022-05-10",
            "latestAction": {
                "actionDate": "2022-05-10",
                "text": "Referred to the House Committee on Ways and Means."
            },
            "number": "7700",
            "policyArea": {
                "name": "Taxation"
            },
            "title": "People\u2019s Prosperity Act",
            "type": "HR",
            "url": "https://api.congress.gov/v3/bill/117/hr/7700?format=json"
        }
    ]
}