{
    "pagination": {
        "count": 21
    },
    "request": {
        "bioguideId": "l000603",
        "contentType": "application/json",
        "format": "json"
    },
    "sponsoredLegislation": [
        {
            "congress": 118,
            "introducedDate": "2024-07-09",
            "latestAction": {
                "actionDate": "2024-07-09",
                "text": "Referred to the House Committee on the Judiciary."
            },
            "number": "8969",
            "policyArea": {
                "name": null
            },
            "title": "To amend the Immigration and Nationality Act to provide that aliens who have been convicted of or who have committed an offense related to entering military, naval, or coast guard property, are inadmissible and deportable.",
            "type": "HR",
            "url": "https://api.congress.gov/v3/bill/118/hr/8969?format=json"
        },
        {
            "congress": 118,
            "introducedDate": "2024-06-05",
            "latestAction": {
                "actionDate": "2024-06-05",
                "text": "Referred to the House Committee on the Judiciary."
            },
            "number": "8634",
            "policyArea": {
                "name": null
            },
            "title": "To direct the Secretary of Homeland Security to submit a report to Congress on crimes committed by individuals granted parole under the Immigration and Nationality Act.",
            "type": "HR",
            "url": "https://api.congress.gov/v3/bill/118/hr/8634?format=json"
        },
        {
            "congress": 118,
            "introducedDate": "2024-04-10",
            "latestAction": {
                "actionDate": "2024-04-16",
                "text": "Forwarded by Subcommittee to Full Committee by Voice Vote."
            },
            "number": "7919",
            "policyArea": {
                "name": "Armed Forces and National Security"
            },
            "title": "Veterans Claims Quality Improvement Act of 2024",
            "type": "HR",
            "url": "https://api.congress.gov/v3/bill/118/hr/7919?format=json"
        },
        {
            "congress": 118,
            "introducedDate": "2024-03-21",
            "latestAction": {
                "actionDate": "2024-05-01",
                "text": "Ordered to be Reported by Voice Vote."
            },
            "number": "7777",
            "policyArea": {
                "name": "Armed Forces and National Security"
            },
            "title": "Veterans\u2019 Compensation Cost-of-Living Adjustment Act of 2024",
            "type": "HR",
            "url": "https://api.congress.gov/v3/bill/118/hr/7777?format=json"
        },
        {
            "congress": 118,
            "introducedDate": "2024-03-21",
            "latestAction": {
                "actionDate": "2024-03-21",
                "text": "Referred to the House Committee on Armed Services."
            },
            "number": "7767",
            "policyArea": {
                "name": "Armed Forces and National Security"
            },
            "title": "Safeguarding Tactics and Operational Procedures from Enemies Act of 2024",
            "type": "HR",
            "url": "https://api.congress.gov/v3/bill/118/hr/7767?format=json"
        },
        {
            "congress": 118,
            "introducedDate": "2024-03-06",
            "latestAction": {
                "actionDate": "2024-03-06",
                "text": "Referred to the Subcommittee on Border Security and Enforcement."
            },
            "number": "7566",
            "policyArea": {
                "name": "Immigration"
            },
            "title": "Cartel And Radical Terrorist Enforcement Log Act of 2024",
            "type": "HR",
            "url": "https://api.congress.gov/v3/bill/118/hr/7566?format=json"
        },
        {
            "congress": 118,
            "introducedDate": "2024-02-15",
            "latestAction": {
                "actionDate": "2024-02-15",
                "text": "Referred to the House Committee on the Judiciary."
            },
            "number": "7382",
            "policyArea": {
                "name": "Crime and Law Enforcement"
            },
            "title": "Empowering Law Enforcement To Fight Sex Trafficking Demand Act of 2024",
            "type": "HR",
            "url": "https://api.congress.gov/v3/bill/118/hr/7382?format=json"
        },
        {
            "congress": 118,
            "introducedDate": "2024-02-09",
            "latestAction": {
                "actionDate": "2024-02-09",
                "text": "Referred to the House Committee on Armed Services."
            },
            "number": "7313",
            "policyArea": {
                "name": "International Affairs"
            },
            "title": "Jalisco Cartel Neutralization Act",
            "type": "HR",
            "url": "https://api.congress.gov/v3/bill/118/hr/7313?format=json"
        },
        {
            "congress": 118,
            "introducedDate": "2024-02-01",
            "latestAction": {
                "actionDate": "2024-02-01",
                "text": "Referred to the Committee on Armed Services, and in addition to the Committee on the Judiciary, for a period to be subsequently determined by the Speaker, in each case for consideration of such provisions as fall within the jurisdiction of the committee concerned."
            },
            "number": "7182",
            "policyArea": {
                "name": "Armed Forces and National Security"
            },
            "title": "Defend Our Borders From Armed Invaders Act",
            "type": "HR",
            "url": "https://api.congress.gov/v3/bill/118/hr/7182?format=json"
        },
        {
            "congress": 118,
            "introducedDate": "2023-11-29",
            "latestAction": {
                "actionDate": "2023-12-15",
                "text": "Referred to the Subcommittee on Disability Assistance and Memorial Affairs."
            },
            "number": "6507",
            "policyArea": {
                "name": "Armed Forces and National Security"
            },
            "title": "Mark Our Place Act",
            "type": "HR",
            "url": "https://api.congress.gov/v3/bill/118/hr/6507?format=json"
        },
        {
            "congress": 118,
            "introducedDate": "2023-10-17",
            "latestAction": {
                "actionDate": "2024-03-06",
                "text": "Received in the Senate and Read twice and referred to the Committee on Homeland Security and Governmental Affairs."
            },
            "number": "5969",
            "policyArea": {
                "name": "Transportation and Public Works"
            },
            "title": "Improving Travel for Families Act",
            "type": "HR",
            "url": "https://api.congress.gov/v3/bill/118/hr/5969?format=json"
        },
        {
            "congress": 118,
            "introducedDate": "2023-10-03",
            "latestAction": {
                "actionDate": "2023-12-05",
                "text": "Ordered to be Reported in the Nature of a Substitute by Voice Vote."
            },
            "number": "5890",
            "policyArea": {
                "name": "Armed Forces and National Security"
            },
            "title": "Review Every Veterans Claim Act of 2023",
            "type": "HR",
            "url": "https://api.congress.gov/v3/bill/118/hr/5890?format=json"
        },
        {
            "congress": 118,
            "introducedDate": "2023-10-03",
            "latestAction": {
                "actionDate": "2023-11-29",
                "text": "Subcommittee Consideration and Mark-up Session Held"
            },
            "number": "5891",
            "policyArea": {
                "name": "Armed Forces and National Security"
            },
            "title": "Veteran Appeals Decision Clarity Act",
            "type": "HR",
            "url": "https://api.congress.gov/v3/bill/118/hr/5891?format=json"
        },
        {
            "congress": 118,
            "introducedDate": "2023-03-10",
            "latestAction": {
                "actionDate": "2023-09-21",
                "text": "Received in the Senate."
            },
            "number": "1530",
            "policyArea": {
                "name": "Armed Forces and National Security"
            },
            "title": "Veterans Benefits Improvement Act of 2023",
            "type": "HR",
            "url": "https://api.congress.gov/v3/bill/118/hr/1530?format=json"
        },
        {
            "congress": 118,
            "introducedDate": "2023-07-27",
            "latestAction": {
                "actionDate": "2023-07-27",
                "text": "Referred to the House Committee on the Judiciary."
            },
            "number": "5018",
            "policyArea": {
                "name": "Immigration"
            },
            "title": "Stop Human Trafficking of Unaccompanied Migrant Children Act of 2023",
            "type": "HR",
            "url": "https://api.congress.gov/v3/bill/118/hr/5018?format=json"
        },
        {
            "congress": 118,
            "introducedDate": "2023-07-03",
            "latestAction": {
                "actionDate": "2023-07-26",
                "text": "Ordered to be Reported in the Nature of a Substitute by Voice Vote."
            },
            "number": "4461",
            "policyArea": {
                "name": "Armed Forces and National Security"
            },
            "title": "Modernizing Department of Veterans Affairs Disability Benefit Questionnaires Act",
            "type": "HR",
            "url": "https://api.congress.gov/v3/bill/118/hr/4461?format=json"
        },
        {
            "congress": 118,
            "introducedDate": "2023-04-26",
            "latestAction": {
                "actionDate": "2023-05-22",
                "text": "Referred to the Subcommittee on Indian and Insular Affairs ."
            },
            "number": "2873",
            "policyArea": {
                "name": "Native Americans"
            },
            "title": "Tribal Gaming Regulatory Compliance Act",
            "type": "HR",
            "url": "https://api.congress.gov/v3/bill/118/hr/2873?format=json"
        },
        {
            "congress": 118,
            "introducedDate": "2023-03-10",
            "latestAction": {
                "actionDate": "2023-04-28",
                "text": "Ordered to be Reported by Voice Vote."
            },
            "number": "1529",
            "policyArea": {
                "name": "Armed Forces and National Security"
            },
            "title": "Veterans\u2019 Compensation Cost-of-Living Adjustment Act of 2023",
            "type": "HR",
            "url": "https://api.congress.gov/v3/bill/118/hr/1529?format=json"
        },
        {
            "congress": 118,
            "introducedDate": "2023-03-08",
            "latestAction": {
                "actionDate": "2023-03-08",
                "text": "Referred to the House Committee on Rules."
            },
            "number": "207",
            "policyArea": {
                "name": "Congress"
            },
            "title": "Amending the Rules of the House of Representatives to prohibit Members, officers, and employees of the House from serving on the board of directors of any entity which receives funding from, or is affiliated with or owned or controlled by, the United Front Work Department of the Chinese Communist Party, any other element of the Chinese Communist Party, or any foreign adversary, and for other purposes.",
            "type": "HRES",
            "url": "https://api.congress.gov/v3/bill/118/hres/207?format=json"
        },
        {
            "amendmentNumber": "356",
            "congress": 118,
            "introducedDate": "2023-09-27",
            "latestAction": {
                "actionDate": "2023-09-27",
                "actionTime": "10:18:27",
                "text": "On agreeing to the Luttrell amendment (A005) Agreed to by voice vote. "
            },
            "type": null,
            "url": "https://api.congress.gov/v3/amendment/118/hamdt/356?format=json"
        },
        {
            "amendmentNumber": "177",
            "congress": 118,
            "introducedDate": "2023-05-17",
            "latestAction": {
                "actionDate": "2023-05-17",
                "actionTime": "17:55:57",
                "text": "On agreeing to the Luttrell amendment (A003) Agreed to by recorded vote: 232 - 202 (Roll no. 220). "
            },
            "type": null,
            "url": "https://api.congress.gov/v3/amendment/118/hamdt/177?format=json"
        }
    ]
}