{
    "pagination": {
        "count": 31
    },
    "request": {
        "bioguideId": "h000168",
        "contentType": "application/json",
        "format": "json"
    },
    "sponsoredLegislation": [
        {
            "congress": 93,
            "introducedDate": "1974-10-07",
            "latestAction": {
                "actionDate": "1974-10-07",
                "text": "Referred to House Committee on Agriculture."
            },
            "number": "17097",
            "policyArea": {
                "name": "Animals"
            },
            "title": "Animal Welfare Act Amendments",
            "type": "HR",
            "url": "https://api.congress.gov/v3/bill/93/hr/17097?format=json"
        },
        {
            "congress": 93,
            "introducedDate": "1974-07-17",
            "latestAction": {
                "actionDate": "1974-07-17",
                "text": "Referred to House Committee on the Judiciary."
            },
            "number": "15968",
            "policyArea": {
                "name": "Government Operations and Politics"
            },
            "title": "A bill to amend title 5 of the United States Code with respect to the observance of Memorial Day and Veterans Day.",
            "type": "HR",
            "url": "https://api.congress.gov/v3/bill/93/hr/15968?format=json"
        },
        {
            "congress": 93,
            "introducedDate": "1974-06-11",
            "latestAction": {
                "actionDate": "1974-06-11",
                "text": "Referred to House Committee on Ways and Means."
            },
            "number": "15314",
            "policyArea": {
                "name": "Social Welfare"
            },
            "title": "A bill to allow a credit against Federal income taxes or a payment from the United States Treasury for State and local real property taxes or an equivalent portion of rent paid on their residences by individuals who have attained age 65.",
            "type": "HR",
            "url": "https://api.congress.gov/v3/bill/93/hr/15314?format=json"
        },
        {
            "congress": 93,
            "introducedDate": "1974-06-04",
            "latestAction": {
                "actionDate": "1974-06-04",
                "text": "Referred to House Committee on Public Works."
            },
            "number": "15170",
            "policyArea": {
                "name": "Transportation and Public Works"
            },
            "title": "Highway Energy Conservation and Safety Act",
            "type": "HR",
            "url": "https://api.congress.gov/v3/bill/93/hr/15170?format=json"
        },
        {
            "congress": 93,
            "introducedDate": "1974-05-29",
            "latestAction": {
                "actionDate": "1974-05-29",
                "text": "Referred to House Committee on Ways and Means."
            },
            "number": "15044",
            "policyArea": {
                "name": "Social Welfare"
            },
            "title": "A bill to amend title II of the Social Security Act to increase to $7,500 the amount of outside earnings which (subject to further increases under the automatic adjustment provisions) is permitted each year without any deductions from benefits thereunder.",
            "type": "HR",
            "url": "https://api.congress.gov/v3/bill/93/hr/15044?format=json"
        },
        {
            "congress": 93,
            "introducedDate": "1974-05-23",
            "latestAction": {
                "actionDate": "1974-05-23",
                "text": "Referred to House Committee on the Judiciary."
            },
            "number": "14996",
            "policyArea": {
                "name": "Congress"
            },
            "title": "A bill to amend title 18, United States Code, to make it unlawful for any person holding Federal office to accept or receive any honorarium in excess of $500, and for other purposes.",
            "type": "HR",
            "url": "https://api.congress.gov/v3/bill/93/hr/14996?format=json"
        },
        {
            "congress": 93,
            "introducedDate": "1974-05-23",
            "latestAction": {
                "actionDate": "1974-05-23",
                "text": "Referred to House Committee on House Administration."
            },
            "number": "14995",
            "policyArea": {
                "name": "Government Operations and Politics"
            },
            "title": "A bill to amend the Federal Election Campaign Act of 1971 and title 18, United States Code, to reform the Federal election process.",
            "type": "HR",
            "url": "https://api.congress.gov/v3/bill/93/hr/14995?format=json"
        },
        {
            "congress": 93,
            "introducedDate": "1974-03-20",
            "latestAction": {
                "actionDate": "1974-03-20",
                "text": "Referred to House Committee on Banking and Currency."
            },
            "number": "13642",
            "policyArea": {
                "name": "Commerce"
            },
            "title": "Energy Advertising Act",
            "type": "HR",
            "url": "https://api.congress.gov/v3/bill/93/hr/13642?format=json"
        },
        {
            "congress": 93,
            "introducedDate": "1974-03-18",
            "latestAction": {
                "actionDate": "1974-03-18",
                "text": "Referred to House Committee on Ways and Means."
            },
            "number": "13545",
            "policyArea": {
                "name": "Taxation"
            },
            "title": "A bill to extend to all unmarried individuals the full tax benefits of income splitting now enjoyed by married individuals filing joint returns.",
            "type": "HR",
            "url": "https://api.congress.gov/v3/bill/93/hr/13545?format=json"
        },
        {
            "congress": 93,
            "introducedDate": "1974-02-27",
            "latestAction": {
                "actionDate": "1974-02-27",
                "text": "Referred to House Committee on Banking and Currency."
            },
            "number": "13107",
            "policyArea": {
                "name": "Commerce"
            },
            "title": "Energy Advertising Act",
            "type": "HR",
            "url": "https://api.congress.gov/v3/bill/93/hr/13107?format=json"
        },
        {
            "congress": 93,
            "introducedDate": "1973-11-15",
            "latestAction": {
                "actionDate": "1973-11-15",
                "text": "Referred to House Committee on Interstate and Foreign Commerce."
            },
            "number": "11517",
            "policyArea": {
                "name": "Science, Technology, Communications"
            },
            "title": "Daylight Saving Time Act",
            "type": "HR",
            "url": "https://api.congress.gov/v3/bill/93/hr/11517?format=json"
        },
        {
            "congress": 93,
            "introducedDate": "1973-11-06",
            "latestAction": {
                "actionDate": "1973-11-06",
                "text": "Referred to House Committee on Interstate and Foreign Commerce."
            },
            "number": "11277",
            "policyArea": {
                "name": "Science, Technology, Communications"
            },
            "title": "A bill to provide that daylight saving time shall be observed on a year-round basis.",
            "type": "HR",
            "url": "https://api.congress.gov/v3/bill/93/hr/11277?format=json"
        },
        {
            "congress": 93,
            "introducedDate": "1973-10-25",
            "latestAction": {
                "actionDate": "1973-10-25",
                "text": "Referred to House Committee on Interstate and Foreign Commerce."
            },
            "number": "11111",
            "policyArea": {
                "name": "Science, Technology, Communications"
            },
            "title": "A bill to provide that daylight saving time shall be observed on a year-round basis.",
            "type": "HR",
            "url": "https://api.congress.gov/v3/bill/93/hr/11111?format=json"
        },
        {
            "congress": 93,
            "introducedDate": "1973-05-31",
            "latestAction": {
                "actionDate": "1973-05-31",
                "text": "Referred to House Committee on Interstate and Foreign Commerce."
            },
            "number": "8274",
            "policyArea": {
                "name": null
            },
            "title": "Food Supplement Amendment",
            "type": "HR",
            "url": "https://api.congress.gov/v3/bill/93/hr/8274?format=json"
        },
        {
            "congress": 93,
            "introducedDate": "1973-05-22",
            "latestAction": {
                "actionDate": "1973-05-22",
                "text": "Referred to House Committee on Ways and Means."
            },
            "number": "8016",
            "policyArea": {
                "name": "Government Operations and Politics"
            },
            "title": "Prisoner of War Bonus Benefits Act",
            "type": "HR",
            "url": "https://api.congress.gov/v3/bill/93/hr/8016?format=json"
        },
        {
            "congress": 93,
            "introducedDate": "1973-05-17",
            "latestAction": {
                "actionDate": "1973-05-17",
                "text": "Referred to House Committee on Interstate and Foreign Commerce."
            },
            "number": "7912",
            "policyArea": {
                "name": "Crime and Law Enforcement"
            },
            "title": "Heroin Trafficking Act",
            "type": "HR",
            "url": "https://api.congress.gov/v3/bill/93/hr/7912?format=json"
        },
        {
            "congress": 93,
            "introducedDate": "1973-03-05",
            "latestAction": {
                "actionDate": "1973-03-05",
                "text": "Referred to House Committee on Education and Labor."
            },
            "number": "5134",
            "policyArea": {
                "name": null
            },
            "title": "Retirement Income Security for Employees Act",
            "type": "HR",
            "url": "https://api.congress.gov/v3/bill/93/hr/5134?format=json"
        },
        {
            "congress": 93,
            "introducedDate": "1973-02-28",
            "latestAction": {
                "actionDate": "1973-02-28",
                "text": "Referred to House Committee on Public Works."
            },
            "number": "4948",
            "policyArea": {
                "name": "Rivers"
            },
            "title": "A bill to authorize the clearing of the channel of the Little Calumet River, Ill.",
            "type": "HR",
            "url": "https://api.congress.gov/v3/bill/93/hr/4948?format=json"
        },
        {
            "congress": 93,
            "introducedDate": "1973-01-22",
            "latestAction": {
                "actionDate": "1973-01-22",
                "text": "Referred to House Committee on Public Works."
            },
            "number": "2598",
            "policyArea": {
                "name": "Transportation and Public Works"
            },
            "title": "A bill to authorize appropriations to be used for the elimination of certain hazardous rail-highway grade crossings in the State of Illinois.",
            "type": "HR",
            "url": "https://api.congress.gov/v3/bill/93/hr/2598?format=json"
        },
        {
            "congress": 93,
            "introducedDate": "1974-03-12",
            "latestAction": {
                "actionDate": "1974-03-12",
                "text": "Referred to House Committee on Banking and Currency."
            },
            "number": "973",
            "policyArea": {
                "name": "Foreign Trade and International Finance"
            },
            "title": "Resolution declaring the sense of the House with respect to the prohibition of extension of credit by the Export-Import Bank of the United States.",
            "type": "HRES",
            "url": "https://api.congress.gov/v3/bill/93/hres/973?format=json"
        },
        {
            "congress": 93,
            "introducedDate": "1974-02-26",
            "latestAction": {
                "actionDate": "1974-02-26",
                "text": "Referred to House Committee on Post Office and Civil Service."
            },
            "number": "922",
            "policyArea": {
                "name": "Congress"
            },
            "title": "Resolution disapproving congressional pay raises.",
            "type": "HRES",
            "url": "https://api.congress.gov/v3/bill/93/hres/922?format=json"
        },
        {
            "congress": 93,
            "introducedDate": "1974-08-13",
            "latestAction": {
                "actionDate": "1974-08-13",
                "text": "Referred to House Committee on Foreign Affairs."
            },
            "number": "599",
            "policyArea": {
                "name": "International Affairs"
            },
            "title": "Concurrent resolution expressing the sense of the Congress with respect to the imprisonment in the Soviet Union of a Lithuanian seaman, who is a U.S. citizen, and who unsuccessfully sought asylum aboard a U.S. Coast Guard ship.",
            "type": "HCONRES",
            "url": "https://api.congress.gov/v3/bill/93/hconres/599?format=json"
        },
        {
            "congress": 93,
            "introducedDate": "1974-08-13",
            "latestAction": {
                "actionDate": "1974-08-13",
                "text": "Referred to House Committee on Foreign Affairs."
            },
            "number": "600",
            "policyArea": {
                "name": "International Affairs"
            },
            "title": "Concurrent resolution expressing the sense of the Congress with respect to the imprisonment in the Soviet Union of a Lithuanian seaman, who is a U.S. citizen, and who unsuccessfully sought asylum aboard a U.S. Coast Guard ship.",
            "type": "HCONRES",
            "url": "https://api.congress.gov/v3/bill/93/hconres/600?format=json"
        },
        {
            "congress": 93,
            "introducedDate": "1974-08-22",
            "latestAction": {
                "actionDate": "1974-08-22",
                "text": "Referred to House Committee on Foreign Affairs."
            },
            "number": "624",
            "policyArea": {
                "name": "International Affairs"
            },
            "title": "Concurrent resolution expressing the sense of the Congress with respect to the imprisonment in the Soviet Union of a Lithuanian seaman, who is a U.S. citizen, and who unsuccessfully sought asylum aboard a U.S. Coast Guard ship.",
            "type": "HCONRES",
            "url": "https://api.congress.gov/v3/bill/93/hconres/624?format=json"
        },
        {
            "congress": 93,
            "introducedDate": "1974-08-02",
            "latestAction": {
                "actionDate": "1974-08-02",
                "text": "Referred to House Committee on Foreign Affairs."
            },
            "number": "582",
            "policyArea": {
                "name": "International Affairs"
            },
            "title": "Concurrent resolution expressing the sense of the Congress with respect to the imprisonment in the Soviet Union of a Lithuanian seaman, who is a U.S. citizen, and who unsuccessfully sought asylum aboard a U. S. Coast Guard ship.",
            "type": "HCONRES",
            "url": "https://api.congress.gov/v3/bill/93/hconres/582?format=json"
        },
        {
            "congress": 93,
            "introducedDate": "1974-08-02",
            "latestAction": {
                "actionDate": "1974-08-02",
                "text": "Referred to House Committee on Foreign Affairs."
            },
            "number": "581",
            "policyArea": {
                "name": "International Affairs"
            },
            "title": "Concurrent resolution expressing the sense of the Congress with respect to the imprisonment in the Soviet Union of a Lithuanian seaman, who is a U.S. citizen, and who unsuccessfully sought asylum aboard a U.S. Coast Guard ship.",
            "type": "HCONRES",
            "url": "https://api.congress.gov/v3/bill/93/hconres/581?format=json"
        },
        {
            "congress": 93,
            "introducedDate": "1974-04-01",
            "latestAction": {
                "actionDate": "1974-04-01",
                "text": "Referred to House Committee on Foreign Affairs."
            },
            "number": "453",
            "policyArea": {
                "name": "International Affairs"
            },
            "title": "Concurrent resolution expressing the sense of the Congress with respect to the imprisonment in the Soviet Union of a Lithuanian seaman who unsuccessfully sought asylum aboard a U.S. Coast Guard ship.",
            "type": "HCONRES",
            "url": "https://api.congress.gov/v3/bill/93/hconres/453?format=json"
        },
        {
            "congress": 93,
            "introducedDate": "1974-01-31",
            "latestAction": {
                "actionDate": "1974-01-31",
                "text": "Referred to House Committee on Foreign Affairs."
            },
            "number": "420",
            "policyArea": {
                "name": "International Affairs"
            },
            "title": "Concurrent resolution expressing the sense of the Congress with respect to the imprisonment in the Soviet Union of a Lithuanian seaman who unsuccessfully sought asylum aboard a U.S. Coast Guard ship.",
            "type": "HCONRES",
            "url": "https://api.congress.gov/v3/bill/93/hconres/420?format=json"
        },
        {
            "congress": 93,
            "introducedDate": "1974-01-31",
            "latestAction": {
                "actionDate": "1974-01-31",
                "text": "Referred to House Committee on Foreign Affairs."
            },
            "number": "422",
            "policyArea": {
                "name": "International Affairs"
            },
            "title": "Concurrent resolution expressing the sense of the Congress with respect to the imprisonment in the Soviet Union of a Lithuanian seaman who unsuccessfully sought asylum aboard a U.S. Coast Guard ship.",
            "type": "HCONRES",
            "url": "https://api.congress.gov/v3/bill/93/hconres/422?format=json"
        },
        {
            "congress": 93,
            "introducedDate": "1974-02-25",
            "latestAction": {
                "actionDate": "1974-02-25",
                "text": "Referred to House Committee on Foreign Affairs."
            },
            "number": "436",
            "policyArea": {
                "name": "International Affairs"
            },
            "title": "Concurrent resolution expressing the sense of the Congress with respect to the imprisonment in the Soviet Union of a Lithuanian seaman who unsuccessfully sought asylum aboard a U.S. Coast Guard ship.",
            "type": "HCONRES",
            "url": "https://api.congress.gov/v3/bill/93/hconres/436?format=json"
        },
        {
            "congress": 93,
            "introducedDate": "1974-01-31",
            "latestAction": {
                "actionDate": "1974-01-31",
                "text": "Referred to House Committee on Foreign Affairs."
            },
            "number": "421",
            "policyArea": {
                "name": "International Affairs"
            },
            "title": "Concurrent resolution expressing the sense of the Congress with respect to the imprisonment in the Soviet Union of a Lithuanian seaman who unsuccessfully sought asylum aboard a U.S. Coast Guard ship.",
            "type": "HCONRES",
            "url": "https://api.congress.gov/v3/bill/93/hconres/421?format=json"
        }
    ]
}