{
    "pagination": {
        "count": 142
    },
    "request": {
        "bioguideId": "r000459",
        "contentType": "application/json",
        "format": "json"
    },
    "sponsoredLegislation": [
        {
            "congress": 96,
            "introducedDate": "1980-11-12",
            "latestAction": {
                "actionDate": "1980-11-12",
                "text": "Referred to House Committee on Ways and Means."
            },
            "number": "8325",
            "policyArea": {
                "name": "Taxation"
            },
            "title": "A bill relating to the treatment of certain annuity contracts.",
            "type": "HR",
            "url": "https://api.congress.gov/v3/bill/96/hr/8325?format=json"
        },
        {
            "congress": 96,
            "introducedDate": "1980-07-02",
            "latestAction": {
                "actionDate": "1980-07-02",
                "text": "Referred to House Committee on Ways and Means."
            },
            "number": "7749",
            "policyArea": {
                "name": "Taxation"
            },
            "title": "Estate and Gift Tax Act of 1980",
            "type": "HR",
            "url": "https://api.congress.gov/v3/bill/96/hr/7749?format=json"
        },
        {
            "congress": 96,
            "introducedDate": "1980-06-05",
            "latestAction": {
                "actionDate": "1980-06-05",
                "text": "Referred to House Committee on Ways and Means."
            },
            "number": "7513",
            "policyArea": {
                "name": "Foreign Trade and International Finance"
            },
            "title": "A bill to suspend for 3 years the free world rates of duty on potassium bicarbonate.",
            "type": "HR",
            "url": "https://api.congress.gov/v3/bill/96/hr/7513?format=json"
        },
        {
            "congress": 96,
            "introducedDate": "1979-06-18",
            "latestAction": {
                "actionDate": "1979-06-18",
                "text": "Referred to House Committee on Ways and Means."
            },
            "number": "4516",
            "policyArea": {
                "name": "Taxation"
            },
            "title": "A bill to amend the Internal Revenue Code of 1954 to exempt certain farm property from the estate tax.",
            "type": "HR",
            "url": "https://api.congress.gov/v3/bill/96/hr/4516?format=json"
        },
        {
            "congress": 96,
            "introducedDate": "1979-03-15",
            "latestAction": {
                "actionDate": "1979-03-15",
                "text": "Referred to House Committee on the Judiciary."
            },
            "number": "3028",
            "policyArea": {
                "name": "Crime and Law Enforcement"
            },
            "title": "A bill entitled, \"Domestic Crime Control and Prevention Act\".",
            "type": "HR",
            "url": "https://api.congress.gov/v3/bill/96/hr/3028?format=json"
        },
        {
            "congress": 96,
            "introducedDate": "1979-07-25",
            "latestAction": {
                "actionDate": "1979-07-25",
                "text": "Referred to House Committee on Rules."
            },
            "number": "388",
            "policyArea": {
                "name": "Congress"
            },
            "title": "A resolution amending the Rules of the House of Representatives to create a standing committee on energy in the House.",
            "type": "HRES",
            "url": "https://api.congress.gov/v3/bill/96/hres/388?format=json"
        },
        {
            "congress": 96,
            "introducedDate": "1980-09-22",
            "latestAction": {
                "actionDate": "1980-09-22",
                "text": "Referred to House Committee on Public Works and Transportation."
            },
            "number": "436",
            "policyArea": {
                "name": "Government Operations and Politics"
            },
            "title": "A concurrent resolution accepting the gift of a red oak tree as a symbol of the hopes of the American people for the immediate release of the hostages in Iran and dedicating the tree to the principles of individual freedom and world peace.",
            "type": "HCONRES",
            "url": "https://api.congress.gov/v3/bill/96/hconres/436?format=json"
        },
        {
            "congress": 96,
            "introducedDate": "1979-04-09",
            "latestAction": {
                "actionDate": "1979-04-09",
                "text": "Referred to House Committee on Rules."
            },
            "number": "104",
            "policyArea": {
                "name": "Congress"
            },
            "title": "A concurrent resolution establishing a joint House-Senate Committee to investigate the nuclear accident at the Three Mile Island generating plant.",
            "type": "HCONRES",
            "url": "https://api.congress.gov/v3/bill/96/hconres/104?format=json"
        },
        {
            "congress": 97,
            "introducedDate": "1982-02-08",
            "latestAction": {
                "actionDate": "1982-08-19",
                "text": "See H.R.4961."
            },
            "number": "5479",
            "policyArea": {
                "name": "Taxation"
            },
            "title": "A bill to amend the provisions of the Economic Recovery Tax Act of 1981 which require targeted jobs certification requests to be in writing, to treat documented oral certification requests received before 45 days after the date of enactment of such Act as written requests.",
            "type": "HR",
            "url": "https://api.congress.gov/v3/bill/97/hr/5479?format=json"
        },
        {
            "congress": 97,
            "introducedDate": "1982-02-08",
            "latestAction": {
                "actionDate": "1982-02-08",
                "text": "Referred to House Committee on Ways and Means."
            },
            "number": "5480",
            "policyArea": {
                "name": "Finance and Financial Sector"
            },
            "title": "A bill to amend the Second Liberty Bond Act to increase the investment yield on United States savings bonds to a level competitive with 52 week Treasury bills.",
            "type": "HR",
            "url": "https://api.congress.gov/v3/bill/97/hr/5480?format=json"
        },
        {
            "congress": 97,
            "introducedDate": "1981-11-12",
            "latestAction": {
                "actionDate": "1981-11-17",
                "text": "Referred to Subcommittee on Trade."
            },
            "number": "4953",
            "policyArea": {
                "name": "Foreign Trade and International Finance"
            },
            "title": "A bill to direct the President to impose certain limitations on the amount of milk protein products that may be imported into the United States.",
            "type": "HR",
            "url": "https://api.congress.gov/v3/bill/97/hr/4953?format=json"
        },
        {
            "congress": 97,
            "introducedDate": "1981-10-27",
            "latestAction": {
                "actionDate": "1981-10-27",
                "text": "Referred to House Committee on Ways and Means."
            },
            "number": "4853",
            "policyArea": {
                "name": "Economics and Public Finance"
            },
            "title": "A bill to amend the Second Liberty Bond Act to increase the investment yield on United States savings bonds to a level competitive with comparable investments.",
            "type": "HR",
            "url": "https://api.congress.gov/v3/bill/97/hr/4853?format=json"
        },
        {
            "congress": 97,
            "introducedDate": "1981-01-05",
            "latestAction": {
                "actionDate": "1981-06-19",
                "text": "Unfavorable Executive Comment Received From FMC."
            },
            "number": "566",
            "policyArea": {
                "name": "Transportation and Public Works"
            },
            "title": "A bill authorizing to provide for the filing of tariffs by common carriers by water in the foreign commerce of the United States.",
            "type": "HR",
            "url": "https://api.congress.gov/v3/bill/97/hr/566?format=json"
        },
        {
            "congress": 97,
            "introducedDate": "1981-01-05",
            "latestAction": {
                "actionDate": "1981-08-04",
                "text": "See H.R.4242."
            },
            "number": "568",
            "policyArea": {
                "name": "Taxation"
            },
            "title": "Small Business and Family Farm Preservation Act of 1981",
            "type": "HR",
            "url": "https://api.congress.gov/v3/bill/97/hr/568?format=json"
        },
        {
            "congress": 97,
            "introducedDate": "1981-01-05",
            "latestAction": {
                "actionDate": "1981-06-22",
                "text": "Executive Comment Received From Treasury."
            },
            "number": "567",
            "policyArea": {
                "name": "Taxation"
            },
            "title": "A bill relating to the treatment of certain annuity contracts.",
            "type": "HR",
            "url": "https://api.congress.gov/v3/bill/97/hr/567?format=json"
        },
        {
            "congress": 97,
            "introducedDate": "1981-01-05",
            "latestAction": {
                "actionDate": "1981-03-10",
                "text": "Referred to Subcommittee on Criminal Justice."
            },
            "number": "459",
            "policyArea": {
                "name": "Crime and Law Enforcement"
            },
            "title": "A bill entitled \"Domestic Crime Control and Prevention Act\".",
            "type": "HR",
            "url": "https://api.congress.gov/v3/bill/97/hr/459?format=json"
        },
        {
            "amendmentNumber": "783",
            "congress": 98,
            "introducedDate": "1984-05-30",
            "latestAction": {
                "actionDate": "1984-05-30",
                "text": "Amendment Withdrawn in Committee of the Whole. "
            },
            "type": null,
            "url": "https://api.congress.gov/v3/amendment/98/hamdt/783?format=json"
        },
        {
            "amendmentNumber": "435",
            "congress": 98,
            "introducedDate": "1983-10-18",
            "latestAction": {
                "actionDate": "1983-10-18",
                "text": "Amendment Passed House (Amended) by Yea-Nay Vote: 239 - 171 (Record Vote No: 392). "
            },
            "type": null,
            "url": "https://api.congress.gov/v3/amendment/98/hamdt/435?format=json"
        },
        {
            "amendmentNumber": "456",
            "congress": 98,
            "introducedDate": "1983-10-19",
            "latestAction": {
                "actionDate": "1983-10-27",
                "text": "Amendment Failed of Passage in Committee of Whole by Recorded Vote: 188 - 223. "
            },
            "type": null,
            "url": "https://api.congress.gov/v3/amendment/98/hamdt/456?format=json"
        },
        {
            "amendmentNumber": "407",
            "congress": 98,
            "introducedDate": "1983-09-30",
            "latestAction": {
                "actionDate": "1983-09-30",
                "text": "Amendment Failed of Passage in Committee of Whole by Recorded Vote: 163 - 220 (Record Vote No: 372). "
            },
            "type": null,
            "url": "https://api.congress.gov/v3/amendment/98/hamdt/407?format=json"
        },
        {
            "congress": 98,
            "introducedDate": "1984-04-12",
            "latestAction": {
                "actionDate": "1984-04-12",
                "text": "Referred to House Committee on Ways and Means."
            },
            "number": "5487",
            "policyArea": {
                "name": "Taxation"
            },
            "title": "A bill to provide that, in certain cases, retirement income may be treated as earned income for purposes of the deduction for two-earner married couples.",
            "type": "HR",
            "url": "https://api.congress.gov/v3/bill/98/hr/5487?format=json"
        },
        {
            "congress": 98,
            "introducedDate": "1983-10-05",
            "latestAction": {
                "actionDate": "1983-10-26",
                "text": "Referred to Subcommittee on General Oversight and the Economy."
            },
            "number": "4092",
            "policyArea": {
                "name": "Commerce"
            },
            "title": "Small Business Competitive Procurement Act of 1983",
            "type": "HR",
            "url": "https://api.congress.gov/v3/bill/98/hr/4092?format=json"
        },
        {
            "congress": 98,
            "introducedDate": "1983-04-21",
            "latestAction": {
                "actionDate": "1983-05-13",
                "text": "Executive Comment Requested from Army, OMB."
            },
            "number": "2704",
            "policyArea": {
                "name": "Transportation and Public Works"
            },
            "title": "A bill to direct the Secretary of the Army to deepen the Fox River Channel, Green Bay, Wisconsin to twenty-seven feet.",
            "type": "HR",
            "url": "https://api.congress.gov/v3/bill/98/hr/2704?format=json"
        },
        {
            "congress": 98,
            "introducedDate": "1983-04-12",
            "latestAction": {
                "actionDate": "1983-04-14",
                "text": "Subcommittee Hearings Held."
            },
            "number": "2500",
            "policyArea": {
                "name": "Foreign Trade and International Finance"
            },
            "title": "A bill to amend and reauthorize the Export Administration Act of 1979.",
            "type": "HR",
            "url": "https://api.congress.gov/v3/bill/98/hr/2500?format=json"
        },
        {
            "congress": 98,
            "introducedDate": "1983-01-03",
            "latestAction": {
                "actionDate": "1983-02-09",
                "text": "Referred to Subcommittee on Criminal Justice."
            },
            "number": "388",
            "policyArea": {
                "name": "Crime and Law Enforcement"
            },
            "title": "A bill entitled \"Domestic Crime Control and Prevention Act\".",
            "type": "HR",
            "url": "https://api.congress.gov/v3/bill/98/hr/388?format=json"
        },
        {
            "congress": 98,
            "introducedDate": "1983-01-03",
            "latestAction": {
                "actionDate": "1983-01-10",
                "text": "Referred to Subcommittee on Trade."
            },
            "number": "389",
            "policyArea": {
                "name": "Agriculture and Food"
            },
            "title": "A bill to direct the President to impose certain limitations on the amount of milk protein products that may be imported into the United States.",
            "type": "HR",
            "url": "https://api.congress.gov/v3/bill/98/hr/389?format=json"
        },
        {
            "congress": 98,
            "introducedDate": "1984-02-08",
            "latestAction": {
                "actionDate": "1984-02-23",
                "text": "Referred to Subcommittee on Census and Population."
            },
            "number": "477",
            "policyArea": {
                "name": "Arts, Culture, Religion"
            },
            "title": "A joint resolution to designate the month of March 1984 as \"Youth Art Month\".",
            "type": "HJRES",
            "url": "https://api.congress.gov/v3/bill/98/hjres/477?format=json"
        },
        {
            "congress": 98,
            "introducedDate": "1983-01-03",
            "latestAction": {
                "actionDate": "1983-02-04",
                "text": "Referred to Subcommittee on Civil and Constitutional Rights."
            },
            "number": "45",
            "policyArea": {
                "name": "Congress"
            },
            "title": "A joint resolution proposing an amendment to the Constitution of the United States to provide for staggered four-year terms for the Representatives.",
            "type": "HJRES",
            "url": "https://api.congress.gov/v3/bill/98/hjres/45?format=json"
        },
        {
            "congress": 98,
            "introducedDate": "1983-02-10",
            "latestAction": {
                "actionDate": "1983-03-07",
                "text": "Referred to Subcommittee on Department Operations, Research, and Foreign Agriculture."
            },
            "number": "56",
            "policyArea": {
                "name": "Agriculture and Food"
            },
            "title": "A concurrent resolution expressing the sense of the Congress that the Secretary of Agriculture should barter, under existing provisions of law, commodities (especially dairy products) owned by the Commodity Credit Corporation for materials produced in foreign countries.",
            "type": "HCONRES",
            "url": "https://api.congress.gov/v3/bill/98/hconres/56?format=json"
        },
        {
            "amendmentNumber": "879",
            "congress": 99,
            "introducedDate": "1986-06-05",
            "latestAction": {
                "actionDate": "1986-06-05",
                "text": "Amendment Passed in Committee of the Whole by Voice Vote. "
            },
            "type": null,
            "url": "https://api.congress.gov/v3/amendment/99/hamdt/879?format=json"
        },
        {
            "amendmentNumber": "845",
            "congress": 99,
            "introducedDate": "1986-05-21",
            "latestAction": {
                "actionDate": "1986-05-21",
                "text": "Amendment Failed of Passage in Committee of Whole by Recorded Vote: 181 - 238 (Record Vote No: 136). "
            },
            "type": null,
            "url": "https://api.congress.gov/v3/amendment/99/hamdt/845?format=json"
        },
        {
            "amendmentNumber": "471",
            "congress": 99,
            "introducedDate": "1985-10-03",
            "latestAction": {
                "actionDate": "1985-10-03",
                "text": "Amendment Passed in Committee of the Whole by Voice Vote. "
            },
            "type": null,
            "url": "https://api.congress.gov/v3/amendment/99/hamdt/471?format=json"
        },
        {
            "amendmentNumber": "294",
            "congress": 99,
            "introducedDate": "1985-07-11",
            "latestAction": {
                "actionDate": "1985-07-11",
                "text": "Amendment Passed (Amended) in Committee of the Whole by Voice Vote. "
            },
            "type": null,
            "url": "https://api.congress.gov/v3/amendment/99/hamdt/294?format=json"
        },
        {
            "congress": 99,
            "introducedDate": "1986-10-08",
            "latestAction": {
                "actionDate": "1986-10-14",
                "text": "Referred to Subcommittee on Department Operations, Research, and Foreign Agriculture."
            },
            "number": "5678",
            "policyArea": {
                "name": "Animals"
            },
            "title": "A bill to enhance the ability of the Secretary of Agriculture to enforce the Animal Welfare Act and the regulations issued thereunder.",
            "type": "HR",
            "url": "https://api.congress.gov/v3/bill/99/hr/5678?format=json"
        },
        {
            "congress": 99,
            "introducedDate": "1986-03-17",
            "latestAction": {
                "actionDate": "1986-04-07",
                "text": "Referred to Subcommittee on Monopolies and Commercial Law."
            },
            "number": "4425",
            "policyArea": {
                "name": "Commerce"
            },
            "title": "Product Liability Uniform Standards Act",
            "type": "HR",
            "url": "https://api.congress.gov/v3/bill/99/hr/4425?format=json"
        },
        {
            "congress": 99,
            "introducedDate": "1986-01-29",
            "latestAction": {
                "actionDate": "1986-09-25",
                "text": "Subcommittee Hearings Held."
            },
            "number": "4076",
            "policyArea": {
                "name": "Foreign Trade and International Finance"
            },
            "title": "Promotion of Democracy in Ethiopia Act of 1986",
            "type": "HR",
            "url": "https://api.congress.gov/v3/bill/99/hr/4076?format=json"
        },
        {
            "congress": 99,
            "introducedDate": "1986-01-28",
            "latestAction": {
                "actionDate": "1986-09-18",
                "text": "Referred to Subcommittee on Public Lands and Reserved Water."
            },
            "number": "4062",
            "policyArea": {
                "name": "Public Lands and Natural Resources"
            },
            "title": "A bill to provide for the conveyance of certain public lands in Oconto and Marinette Counties, Wisconsin.",
            "type": "HR",
            "url": "https://api.congress.gov/v3/bill/99/hr/4062?format=json"
        },
        {
            "congress": 99,
            "introducedDate": "1986-01-21",
            "latestAction": {
                "actionDate": "1986-02-03",
                "text": "Referred to Subcommittee on Consumer Affairs and Coinage."
            },
            "number": "4019",
            "policyArea": {
                "name": "Commerce"
            },
            "title": "Credit Card Interest Rate and Cost Disclosure Act of 1986",
            "type": "HR",
            "url": "https://api.congress.gov/v3/bill/99/hr/4019?format=json"
        },
        {
            "congress": 99,
            "introducedDate": "1985-08-01",
            "latestAction": {
                "actionDate": "1986-04-29",
                "text": "For Further Action See H.R.4708."
            },
            "number": "3200",
            "policyArea": {
                "name": "Government Operations and Politics"
            },
            "title": "A bill to amend the Trading with the Enemy Act in order to terminate the Office of Alien Property, and for other purposes.",
            "type": "HR",
            "url": "https://api.congress.gov/v3/bill/99/hr/3200?format=json"
        },
        {
            "congress": 99,
            "introducedDate": "1985-06-06",
            "latestAction": {
                "actionDate": "1985-12-23",
                "text": "Became Public Law No: 99-210."
            },
            "number": "2694",
            "policyArea": {
                "name": "Government Operations and Politics"
            },
            "title": "A bill designating the United States Post Office Building located at 300 Packerland Drive, Green Bay, Wisconsin, as the \"John W. Byrnes Post Office and Federal Building\".",
            "type": "HR",
            "url": "https://api.congress.gov/v3/bill/99/hr/2694?format=json"
        },
        {
            "congress": 99,
            "introducedDate": "1985-01-21",
            "latestAction": {
                "actionDate": "1985-05-16",
                "text": "See H.R.1869."
            },
            "number": "541",
            "policyArea": {
                "name": "Taxation"
            },
            "title": "Paperwork Reduction Act of 1985",
            "type": "HR",
            "url": "https://api.congress.gov/v3/bill/99/hr/541?format=json"
        },
        {
            "congress": 99,
            "introducedDate": "1985-01-03",
            "latestAction": {
                "actionDate": "1985-02-27",
                "text": "Referred to Subcommittee on Surface Transportation."
            },
            "number": "429",
            "policyArea": {
                "name": "Transportation and Public Works"
            },
            "title": "A bill to apportion certain funds for construction of the National System of Interstate and Defense Highways for fiscal years 1985 and 1986, and for other purposes.",
            "type": "HR",
            "url": "https://api.congress.gov/v3/bill/99/hr/429?format=json"
        },
        {
            "congress": 99,
            "introducedDate": "1985-01-03",
            "latestAction": {
                "actionDate": "1985-06-26",
                "text": "See H.R.6."
            },
            "number": "430",
            "policyArea": {
                "name": "Transportation and Public Works"
            },
            "title": "A bill to direct the Secretary of the Army to deepen the Fox River Channel, Green Bay, Wisconsin, to twenty-seven feet.",
            "type": "HR",
            "url": "https://api.congress.gov/v3/bill/99/hr/430?format=json"
        },
        {
            "congress": 99,
            "introducedDate": "1985-01-03",
            "latestAction": {
                "actionDate": "1985-09-19",
                "text": "Executive Comment Received From USDA."
            },
            "number": "431",
            "policyArea": {
                "name": "Foreign Trade and International Finance"
            },
            "title": "Milk Protein Fair Trade Act of 1985",
            "type": "HR",
            "url": "https://api.congress.gov/v3/bill/99/hr/431?format=json"
        },
        {
            "congress": 99,
            "introducedDate": "1985-01-03",
            "latestAction": {
                "actionDate": "1985-03-28",
                "text": "For Further Action See H.R.1786."
            },
            "number": "28",
            "policyArea": {
                "name": "Foreign Trade and International Finance"
            },
            "title": "Export Administration Amendments Act of 1985",
            "type": "HR",
            "url": "https://api.congress.gov/v3/bill/99/hr/28?format=json"
        },
        {
            "congress": 99,
            "introducedDate": "1985-06-25",
            "latestAction": {
                "actionDate": "1985-07-08",
                "text": "Referred to Subcommittee on Africa."
            },
            "number": "324",
            "policyArea": {
                "name": "International Affairs"
            },
            "title": "A joint resolution to express the opposition of the United States to the genocide being committed on the peoples of Ethiopia by the Communist regime in power, to encourage that regime to abandon such policies, and for other purposes.",
            "type": "HJRES",
            "url": "https://api.congress.gov/v3/bill/99/hjres/324?format=json"
        },
        {
            "congress": 99,
            "introducedDate": "1985-05-08",
            "latestAction": {
                "actionDate": "1985-05-14",
                "text": "Referred to Subcommittee on Legislation and National Security."
            },
            "number": "284",
            "policyArea": {
                "name": "Economics and Public Finance"
            },
            "title": "A joint resolution to establish a bipartisan National Commission on Federal Deficit Reduction.",
            "type": "HJRES",
            "url": "https://api.congress.gov/v3/bill/99/hjres/284?format=json"
        },
        {
            "congress": 99,
            "introducedDate": "1986-01-28",
            "latestAction": {
                "actionDate": "1986-01-28",
                "text": "Referred to House Committee on Rules."
            },
            "number": "362",
            "policyArea": {
                "name": "Congress"
            },
            "title": "A resolution to amend the Rules of the House of Representatives to require a rollcall vote on the passage of bills making appropriations, certain authorization bills, and certain bills providing revenue, and on the adoption of certain amendments.",
            "type": "HRES",
            "url": "https://api.congress.gov/v3/bill/99/hres/362?format=json"
        },
        {
            "congress": 99,
            "introducedDate": "1985-09-11",
            "latestAction": {
                "actionDate": "1985-09-11",
                "text": "Referred to Subcommittee on Domestic Monetary Policy."
            },
            "number": "264",
            "policyArea": {
                "name": "Finance and Financial Sector"
            },
            "title": "A resolution regarding small business and agriculture representation on the Federal Reserve Board of Governors.",
            "type": "HRES",
            "url": "https://api.congress.gov/v3/bill/99/hres/264?format=json"
        },
        {
            "congress": 99,
            "introducedDate": "1985-09-05",
            "latestAction": {
                "actionDate": "1986-05-09",
                "text": "See H.R.4800."
            },
            "number": "260",
            "policyArea": {
                "name": "Foreign Trade and International Finance"
            },
            "title": "A resolution to call upon the President to negotiate with other parties to the General Agreement on Tariffs and Trade (GATT) to revise its rules so that agricultural export subsidies would be treated the same as tariffs and primary products the same as manufactured products.",
            "type": "HRES",
            "url": "https://api.congress.gov/v3/bill/99/hres/260?format=json"
        },
        {
            "congress": 99,
            "introducedDate": "1985-09-17",
            "latestAction": {
                "actionDate": "1985-09-27",
                "text": "Referred to Subcommittee on Western Hemisphere Affairs."
            },
            "number": "191",
            "policyArea": {
                "name": "International Affairs"
            },
            "title": "A concurrent resolution expressing the support of the Congress for a peaceful return of democratic rule in Chile.",
            "type": "HCONRES",
            "url": "https://api.congress.gov/v3/bill/99/hconres/191?format=json"
        },
        {
            "congress": 99,
            "introducedDate": "1985-02-26",
            "latestAction": {
                "actionDate": "1985-03-07",
                "text": "Referred to Subcommittee on Trade."
            },
            "number": "70",
            "policyArea": {
                "name": "Commerce"
            },
            "title": "A concurrent resolution calling for international agreement on tariff and tax preferences to encourage exports by small businesses.",
            "type": "HCONRES",
            "url": "https://api.congress.gov/v3/bill/99/hconres/70?format=json"
        },
        {
            "amendmentNumber": "758",
            "congress": 100,
            "introducedDate": "1988-06-21",
            "latestAction": {
                "actionDate": "1988-06-21",
                "text": "Amendment Passed in Committee of the Whole by Voice Vote. "
            },
            "type": null,
            "url": "https://api.congress.gov/v3/amendment/100/hamdt/758?format=json"
        },
        {
            "amendmentNumber": "684",
            "congress": 100,
            "introducedDate": "1988-05-12",
            "latestAction": {
                "actionDate": "1988-05-12",
                "text": "Amendment Passed in Committee of the Whole by Recorded Vote: 237 - 155 (Record Vote No: 129). "
            },
            "type": null,
            "url": "https://api.congress.gov/v3/amendment/100/hamdt/684?format=json"
        },
        {
            "congress": 100,
            "introducedDate": "1988-09-27",
            "latestAction": {
                "actionDate": "1988-10-17",
                "text": "Referred to Subcommittee on Livestock, Dairy, and Poultry."
            },
            "number": "5402",
            "policyArea": {
                "name": "Agriculture and Food"
            },
            "title": "A bill to repeal the minimum adjustments to prices of fluid milk under Federal marketing orders and to require the Secretary of Agriculture to submit a proposal to establish basing points in various geographical areas of the United States for purposes of determining prices to be paid to milk producers under such orders.",
            "type": "HR",
            "url": "https://api.congress.gov/v3/bill/100/hr/5402?format=json"
        },
        {
            "congress": 100,
            "introducedDate": "1988-08-02",
            "latestAction": {
                "actionDate": "1988-10-06",
                "text": "Measure Incorporated in H.R.3105."
            },
            "number": "5140",
            "policyArea": {
                "name": "Private Legislation"
            },
            "title": "A bill for the relief of the vessel TE DE II.",
            "type": "HR",
            "url": "https://api.congress.gov/v3/bill/100/hr/5140?format=json"
        },
        {
            "congress": 100,
            "introducedDate": "1988-04-19",
            "latestAction": {
                "actionDate": "1988-04-28",
                "text": "Referred to Subcommittee on Social Security."
            },
            "number": "4412",
            "policyArea": {
                "name": "Social Welfare"
            },
            "title": "Social Security Earnings Test Repeal Act of 1988",
            "type": "HR",
            "url": "https://api.congress.gov/v3/bill/100/hr/4412?format=json"
        },
        {
            "congress": 100,
            "introducedDate": "1988-02-03",
            "latestAction": {
                "actionDate": "1988-11-10",
                "text": "Provisions of Measure Incorporated Into H.R.4333."
            },
            "number": "3903",
            "policyArea": {
                "name": "Taxation"
            },
            "title": "Family Farm Tax Accounting Relief Act of 1988",
            "type": "HR",
            "url": "https://api.congress.gov/v3/bill/100/hr/3903?format=json"
        },
        {
            "congress": 100,
            "introducedDate": "1987-05-20",
            "latestAction": {
                "actionDate": "1988-08-23",
                "text": "Provisions of Measure Incorporated Into H.R.4848."
            },
            "number": "2483",
            "policyArea": {
                "name": "Foreign Trade and International Finance"
            },
            "title": "A bill to provide for three years duty free treatment of certain power-driven weaving machines and parts thereof.",
            "type": "HR",
            "url": "https://api.congress.gov/v3/bill/100/hr/2483?format=json"
        },
        {
            "congress": 100,
            "introducedDate": "1987-03-23",
            "latestAction": {
                "actionDate": "1988-10-21",
                "text": "See S.2100."
            },
            "number": "1756",
            "policyArea": {
                "name": "Water Resources Development"
            },
            "title": "A bill to deauthorize the outer harbor project at Algoma, Wisconsin, and for other purposes.",
            "type": "HR",
            "url": "https://api.congress.gov/v3/bill/100/hr/1756?format=json"
        },
        {
            "congress": 100,
            "introducedDate": "1987-03-12",
            "latestAction": {
                "actionDate": "1987-03-31",
                "text": "Referred to Subcommittee on Monopolies and Commercial Law."
            },
            "number": "1603",
            "policyArea": {
                "name": "Foreign Trade and International Finance"
            },
            "title": "Intellectual Property Protection Act of 1987",
            "type": "HR",
            "url": "https://api.congress.gov/v3/bill/100/hr/1603?format=json"
        },
        {
            "congress": 100,
            "introducedDate": "1987-03-11",
            "latestAction": {
                "actionDate": "1987-03-23",
                "text": "Referred to Subcommittee on Water Resources."
            },
            "number": "1573",
            "policyArea": {
                "name": "Water Resources Development"
            },
            "title": "Great Lakes Water Levels Management Act of 1987",
            "type": "HR",
            "url": "https://api.congress.gov/v3/bill/100/hr/1573?format=json"
        },
        {
            "congress": 100,
            "introducedDate": "1987-01-08",
            "latestAction": {
                "actionDate": "1987-09-15",
                "text": "Unfavorable Executive Comment Received From State."
            },
            "number": "588",
            "policyArea": {
                "name": "Foreign Trade and International Finance"
            },
            "title": "Promotion of Democracy in Ethiopia Act of 1987",
            "type": "HR",
            "url": "https://api.congress.gov/v3/bill/100/hr/588?format=json"
        },
        {
            "congress": 100,
            "introducedDate": "1987-01-06",
            "latestAction": {
                "actionDate": "1987-02-10",
                "text": "Referred to Subcommittee on Monopolies and Commercial Law."
            },
            "number": "430",
            "policyArea": {
                "name": "Commerce"
            },
            "title": "Product Liability Uniform Standards Act",
            "type": "HR",
            "url": "https://api.congress.gov/v3/bill/100/hr/430?format=json"
        },
        {
            "congress": 100,
            "introducedDate": "1987-01-06",
            "latestAction": {
                "actionDate": "1988-05-03",
                "text": "Favorable Executive Comment Received From USDA."
            },
            "number": "241",
            "policyArea": {
                "name": "Animals"
            },
            "title": "A bill to amend the Animal Welfare Act with respect to the issuance of temporary restraining orders and injunctions in certain cases.",
            "type": "HR",
            "url": "https://api.congress.gov/v3/bill/100/hr/241?format=json"
        },
        {
            "congress": 100,
            "introducedDate": "1987-01-06",
            "latestAction": {
                "actionDate": "1987-10-15",
                "text": "Became Public Law No: 100-130."
            },
            "number": "242",
            "policyArea": {
                "name": "Public Lands and Natural Resources"
            },
            "title": "A bill to provide for the conveyance of certain public lands in Oconto and Marinette Counties, Wisconsin.",
            "type": "HR",
            "url": "https://api.congress.gov/v3/bill/100/hr/242?format=json"
        },
        {
            "congress": 100,
            "introducedDate": "1987-01-06",
            "latestAction": {
                "actionDate": "1987-02-05",
                "text": "Referred to Subcommittee on Livestock, Dairy, and Poultry."
            },
            "number": "243",
            "policyArea": {
                "name": "Foreign Trade and International Finance"
            },
            "title": "Milk Protein Fair Trade Act of 1987",
            "type": "HR",
            "url": "https://api.congress.gov/v3/bill/100/hr/243?format=json"
        },
        {
            "congress": 100,
            "introducedDate": "1987-01-06",
            "latestAction": {
                "actionDate": "1987-11-03",
                "text": "For Further Action See H.R.515."
            },
            "number": "244",
            "policyArea": {
                "name": "Commerce"
            },
            "title": "Full Credit Card Cost Disclosure Act of 1987",
            "type": "HR",
            "url": "https://api.congress.gov/v3/bill/100/hr/244?format=json"
        },
        {
            "congress": 100,
            "introducedDate": "1988-05-03",
            "latestAction": {
                "actionDate": "1988-05-04",
                "text": "Referred to Subcommittee on Trade."
            },
            "number": "562",
            "policyArea": {
                "name": "International Affairs"
            },
            "title": "A joint resolution condemning human rights violations by the Government of Ethiopia, and providing for sanctions against Ethiopia.",
            "type": "HJRES",
            "url": "https://api.congress.gov/v3/bill/100/hjres/562?format=json"
        },
        {
            "congress": 100,
            "introducedDate": "1988-04-29",
            "latestAction": {
                "actionDate": "1988-05-12",
                "text": "Referred to Subcommittee on International Development Institutions and Finance."
            },
            "number": "560",
            "policyArea": {
                "name": "International Affairs"
            },
            "title": "A joint resolution condemning human rights violations by the Government of Ethiopia.",
            "type": "HJRES",
            "url": "https://api.congress.gov/v3/bill/100/hjres/560?format=json"
        },
        {
            "congress": 100,
            "introducedDate": "1988-01-25",
            "latestAction": {
                "actionDate": "1988-11-05",
                "text": "Became Public Law No: 100-614."
            },
            "number": "438",
            "policyArea": {
                "name": "Commemorations"
            },
            "title": "A joint resolution designating October 7, 1988, as \"National Teacher Appreciation Day\".",
            "type": "HJRES",
            "url": "https://api.congress.gov/v3/bill/100/hjres/438?format=json"
        },
        {
            "congress": 100,
            "introducedDate": "1987-01-06",
            "latestAction": {
                "actionDate": "1987-01-16",
                "text": "Referred to Subcommittee on Legislation and National Security."
            },
            "number": "37",
            "policyArea": {
                "name": "Economics and Public Finance"
            },
            "title": "A joint resolution to establish a bipartisan National Commission on Deficit Reduction.",
            "type": "HJRES",
            "url": "https://api.congress.gov/v3/bill/100/hjres/37?format=json"
        },
        {
            "amendmentNumber": "689",
            "congress": 101,
            "introducedDate": "1990-08-01",
            "latestAction": {
                "actionDate": "1990-08-01",
                "actionTime": "20:45:48",
                "text": "Mr. Stenholm raised a point of order against the Roth amendment (A048). The Chair sustained the point of order. "
            },
            "type": null,
            "url": "https://api.congress.gov/v3/amendment/101/hamdt/689?format=json"
        },
        {
            "amendmentNumber": "475",
            "congress": 101,
            "introducedDate": "1990-06-06",
            "latestAction": {
                "actionDate": "1990-06-06",
                "actionTime": "13:06:27",
                "text": "On agreeing to the Roth amendment (A004) Failed by recorded vote: 117 - 291 (Roll no. 148). "
            },
            "type": null,
            "url": "https://api.congress.gov/v3/amendment/101/hamdt/475?format=json"
        },
        {
            "amendmentNumber": "108",
            "congress": 101,
            "introducedDate": "1989-06-29",
            "latestAction": {
                "actionDate": "1989-06-29",
                "actionTime": "14:11:16",
                "text": "On agreeing to the Roth amendment (A028) Failed by recorded vote: 185 - 233 (Roll no. 125). "
            },
            "type": null,
            "url": "https://api.congress.gov/v3/amendment/101/hamdt/108?format=json"
        },
        {
            "amendmentNumber": "25",
            "congress": 101,
            "introducedDate": "1989-04-12",
            "latestAction": {
                "actionDate": "1989-04-12",
                "actionTime": "15:42:29",
                "text": "On agreeing to the Roth amendment (A016) Failed by Division vote: 88 - 168. "
            },
            "type": null,
            "url": "https://api.congress.gov/v3/amendment/101/hamdt/25?format=json"
        },
        {
            "congress": 101,
            "introducedDate": "1990-09-05",
            "latestAction": {
                "actionDate": "1990-09-05",
                "text": "Referred to the House Committee on Veterans' Affairs."
            },
            "number": "5550",
            "policyArea": {
                "name": "Armed Forces and National Security"
            },
            "title": "To direct the Secretary of Veterans Affairs to establish a satellite outpatient clinic in northeast Wisconsin.",
            "type": "HR",
            "url": "https://api.congress.gov/v3/bill/101/hr/5550?format=json"
        },
        {
            "congress": 101,
            "introducedDate": "1990-05-16",
            "latestAction": {
                "actionDate": "1990-09-04",
                "text": "Executive Comment Requested from State, Treasury, Commerce, Labor, ITC, USTR."
            },
            "number": "4837",
            "policyArea": {
                "name": "Foreign Trade and International Finance"
            },
            "title": "To extend the temporary suspension of duty on power-driven weaving machines for weaving fabrics more than 4.9 meters in width.",
            "type": "HR",
            "url": "https://api.congress.gov/v3/bill/101/hr/4837?format=json"
        },
        {
            "congress": 101,
            "introducedDate": "1990-04-26",
            "latestAction": {
                "actionDate": "1990-05-10",
                "text": "Referred to the Subcommittee on Aviation."
            },
            "number": "4664",
            "policyArea": {
                "name": "Transportation and Public Works"
            },
            "title": "To repeal the United States prohibition on air transportation with South Africa.",
            "type": "HR",
            "url": "https://api.congress.gov/v3/bill/101/hr/4664?format=json"
        },
        {
            "congress": 101,
            "introducedDate": "1990-04-04",
            "latestAction": {
                "actionDate": "1990-07-31",
                "text": "Favorable Executive Comment Received from State."
            },
            "number": "4504",
            "policyArea": {
                "name": "International Affairs"
            },
            "title": "To repeal the prohibition on security assistance and arms sales for Chile.",
            "type": "HR",
            "url": "https://api.congress.gov/v3/bill/101/hr/4504?format=json"
        },
        {
            "congress": 101,
            "introducedDate": "1990-04-03",
            "latestAction": {
                "actionDate": "1990-08-17",
                "text": "Executive Comment Received from State."
            },
            "number": "4453",
            "policyArea": {
                "name": "Transportation and Public Works"
            },
            "title": "Agricultural Export Revitalization Act of 1990",
            "type": "HR",
            "url": "https://api.congress.gov/v3/bill/101/hr/4453?format=json"
        },
        {
            "congress": 101,
            "introducedDate": "1989-11-15",
            "latestAction": {
                "actionDate": "1989-12-01",
                "text": "Referred to the Subcommittee on International Development, Finance, Trade, and Monetary Policy."
            },
            "number": "3668",
            "policyArea": {
                "name": "Foreign Trade and International Finance"
            },
            "title": "Trade Relations Assessment Act",
            "type": "HR",
            "url": "https://api.congress.gov/v3/bill/101/hr/3668?format=json"
        },
        {
            "congress": 101,
            "introducedDate": "1989-11-16",
            "latestAction": {
                "actionDate": "1989-12-06",
                "text": "Executive Comment Requested from Army, OMB."
            },
            "number": "3689",
            "policyArea": {
                "name": "Transportation and Public Works"
            },
            "title": "To allow the Corps of Engineers to accept a voluntary payment of a toll or operating charge.",
            "type": "HR",
            "url": "https://api.congress.gov/v3/bill/101/hr/3689?format=json"
        },
        {
            "congress": 101,
            "introducedDate": "1989-11-15",
            "latestAction": {
                "actionDate": "1989-11-20",
                "text": "Referred to the Subcommittee on Legislation and National Security."
            },
            "number": "3667",
            "policyArea": {
                "name": "Government Operations and Politics"
            },
            "title": "Commerce and Trade Reorganization Act of 1989",
            "type": "HR",
            "url": "https://api.congress.gov/v3/bill/101/hr/3667?format=json"
        },
        {
            "congress": 101,
            "introducedDate": "1989-09-12",
            "latestAction": {
                "actionDate": "1989-10-06",
                "text": "Referred to the Subcommittee on Health and the Environment."
            },
            "number": "3253",
            "policyArea": {
                "name": "Health"
            },
            "title": "To repeal titles I and II of the Medicare Catastrophic Coverage Act of 1988.",
            "type": "HR",
            "url": "https://api.congress.gov/v3/bill/101/hr/3253?format=json"
        },
        {
            "congress": 101,
            "introducedDate": "1989-03-08",
            "latestAction": {
                "actionDate": "1989-03-20",
                "text": "Referred to the Subcommittee on Europe and the Middle East."
            },
            "number": "1316",
            "policyArea": {
                "name": "Foreign Trade and International Finance"
            },
            "title": "International Financial Security Act of 1989",
            "type": "HR",
            "url": "https://api.congress.gov/v3/bill/101/hr/1316?format=json"
        },
        {
            "congress": 101,
            "introducedDate": "1989-01-04",
            "latestAction": {
                "actionDate": "1989-02-01",
                "text": "Referred to the Subcommittee on Livestock, Dairy, and Poultry."
            },
            "number": "501",
            "policyArea": {
                "name": "Agriculture and Food"
            },
            "title": "Milk Marketing Order Reform Act of 1989",
            "type": "HR",
            "url": "https://api.congress.gov/v3/bill/101/hr/501?format=json"
        },
        {
            "congress": 101,
            "introducedDate": "1989-01-03",
            "latestAction": {
                "actionDate": "1989-02-01",
                "text": "Referred to the Subcommittee on Department Operations, Research, and Foreign Agriculture."
            },
            "number": "425",
            "policyArea": {
                "name": "Animals"
            },
            "title": "Animal Welfare Protection Act of 1989",
            "type": "HR",
            "url": "https://api.congress.gov/v3/bill/101/hr/425?format=json"
        },
        {
            "congress": 101,
            "introducedDate": "1989-01-03",
            "latestAction": {
                "actionDate": "1989-03-27",
                "text": "Referred to the Subcommittee on Economic and Commercial Law."
            },
            "number": "359",
            "policyArea": {
                "name": "Commerce"
            },
            "title": "Product Liability Uniform Standards Act",
            "type": "HR",
            "url": "https://api.congress.gov/v3/bill/101/hr/359?format=json"
        },
        {
            "congress": 101,
            "introducedDate": "1989-01-03",
            "latestAction": {
                "actionDate": "1989-01-12",
                "text": "Referred to the Subcommittee on Social Security."
            },
            "number": "358",
            "policyArea": {
                "name": "Social Welfare"
            },
            "title": "Social Security Earnings Test Repeal Act of 1989",
            "type": "HR",
            "url": "https://api.congress.gov/v3/bill/101/hr/358?format=json"
        },
        {
            "congress": 101,
            "introducedDate": "1990-05-24",
            "latestAction": {
                "actionDate": "1990-05-24",
                "text": "Referred to the House Committee on Post Office and Civil Service."
            },
            "number": "585",
            "policyArea": {
                "name": "Education"
            },
            "title": "Designating October 3, 1990, as \"National Teacher Appreciation Day\".",
            "type": "HJRES",
            "url": "https://api.congress.gov/v3/bill/101/hjres/585?format=json"
        },
        {
            "congress": 101,
            "introducedDate": "1989-03-14",
            "latestAction": {
                "actionDate": "1989-03-21",
                "text": "Referred to the Subcommittee on Census and Population."
            },
            "number": "198",
            "policyArea": {
                "name": "Education"
            },
            "title": "Designating October 3, 1989, as \"National Teacher Appreciation Day\".",
            "type": "HJRES",
            "url": "https://api.congress.gov/v3/bill/101/hjres/198?format=json"
        },
        {
            "congress": 101,
            "introducedDate": "1990-03-12",
            "latestAction": {
                "actionDate": "1990-03-26",
                "text": "Referred to the Subcommittee on International Economic Policy and Trade."
            },
            "number": "285",
            "policyArea": {
                "name": "International Affairs"
            },
            "title": "Concerning the status of Namibia under the Comprehensive Anti-Apartheid Act of 1986.",
            "type": "HCONRES",
            "url": "https://api.congress.gov/v3/bill/101/hconres/285?format=json"
        },
        {
            "congress": 101,
            "introducedDate": "1989-05-23",
            "latestAction": {
                "actionDate": "1989-06-05",
                "text": "Referred to the Subcommittee on Asian and Pacific Affairs."
            },
            "number": "133",
            "policyArea": {
                "name": "International Affairs"
            },
            "title": "Honoring Colonel James N. Rowe.",
            "type": "HCONRES",
            "url": "https://api.congress.gov/v3/bill/101/hconres/133?format=json"
        },
        {
            "congress": 101,
            "introducedDate": "1989-02-22",
            "latestAction": {
                "actionDate": "1989-03-06",
                "text": "Referred to the Subcommittee on Human Rights and International Organizations."
            },
            "number": "56",
            "policyArea": {
                "name": "International Affairs"
            },
            "title": "Expressing the sense of Congress with respect to a plebiscite in Cuba.",
            "type": "HCONRES",
            "url": "https://api.congress.gov/v3/bill/101/hconres/56?format=json"
        },
        {
            "amendmentNumber": "147",
            "congress": 102,
            "introducedDate": "1991-06-13",
            "latestAction": {
                "actionDate": "1991-06-19",
                "actionTime": "11:42:35",
                "text": "On agreeing to the Roth amendment (A016) Agreed to by recorded vote: 216 - 203 (Roll no. 167). "
            },
            "type": null,
            "url": "https://api.congress.gov/v3/amendment/102/hamdt/147?format=json"
        },
        {
            "congress": 102,
            "introducedDate": "1992-09-09",
            "latestAction": {
                "actionDate": "1992-09-11",
                "text": "Referred to the Subcommittee on Legislation and National Security."
            },
            "number": "5921",
            "policyArea": {
                "name": "Emergency Management"
            },
            "title": "To authorize the President to use foreign assistance funds to provide emergency disaster assistance on account of Hurricane Andrew and other natural disasters in the United States.",
            "type": "HR",
            "url": "https://api.congress.gov/v3/bill/102/hr/5921?format=json"
        },
        {
            "congress": 102,
            "introducedDate": "1992-04-28",
            "latestAction": {
                "actionDate": "1992-04-28",
                "text": "Referred to the House Committee on Foreign Affairs."
            },
            "number": "5003",
            "policyArea": {
                "name": "International Affairs"
            },
            "title": "To provide for the deobligation of certain unexpended balances of funds made available for foreign economic assistance.",
            "type": "HR",
            "url": "https://api.congress.gov/v3/bill/102/hr/5003?format=json"
        },
        {
            "congress": 102,
            "introducedDate": "1991-07-17",
            "latestAction": {
                "actionDate": "1991-07-26",
                "text": "Referred to the Subcommittee on Commerce, Consumer Protection and Competitiveness."
            },
            "number": "2937",
            "policyArea": {
                "name": "Commerce"
            },
            "title": "Product Liability Uniform Standards Act",
            "type": "HR",
            "url": "https://api.congress.gov/v3/bill/102/hr/2937?format=json"
        },
        {
            "congress": 102,
            "introducedDate": "1991-05-20",
            "latestAction": {
                "actionDate": "1991-05-23",
                "text": "Referred to the Subcommittee on Livestock, Dairy, and Poultry."
            },
            "number": "2403",
            "policyArea": {
                "name": "Agriculture and Food"
            },
            "title": "Market-Oriented Milk Inventory Management Act of 1991",
            "type": "HR",
            "url": "https://api.congress.gov/v3/bill/102/hr/2403?format=json"
        },
        {
            "congress": 102,
            "introducedDate": "1991-05-09",
            "latestAction": {
                "actionDate": "1991-05-20",
                "text": "Referred to the Subcommittee on Transportation and Hazardous Materials."
            },
            "number": "2302",
            "policyArea": {
                "name": "Commerce"
            },
            "title": "Great Lakes Tourism Promotion Act",
            "type": "HR",
            "url": "https://api.congress.gov/v3/bill/102/hr/2302?format=json"
        },
        {
            "congress": 102,
            "introducedDate": "1991-04-17",
            "latestAction": {
                "actionDate": "1991-04-29",
                "text": "Referred to the Subcommittee on Aviation."
            },
            "number": "1895",
            "policyArea": {
                "name": "Transportation and Public Works"
            },
            "title": "To repeal the United States prohibition on air transportation with South Africa.",
            "type": "HR",
            "url": "https://api.congress.gov/v3/bill/102/hr/1895?format=json"
        },
        {
            "congress": 102,
            "introducedDate": "1991-04-17",
            "latestAction": {
                "actionDate": "1992-02-26",
                "text": "See H.R.4318."
            },
            "number": "1896",
            "policyArea": {
                "name": "Foreign Trade and International Finance"
            },
            "title": "Relating to the tariff treatment of certain weaving machines for fabrics in excess of 4.9 meters in width.",
            "type": "HR",
            "url": "https://api.congress.gov/v3/bill/102/hr/1896?format=json"
        },
        {
            "congress": 102,
            "introducedDate": "1991-02-21",
            "latestAction": {
                "actionDate": "1991-07-22",
                "text": "Unfavorable Executive Comment Received from DOD."
            },
            "number": "1081",
            "policyArea": {
                "name": "Armed Forces and National Security"
            },
            "title": "Sullivan Act",
            "type": "HR",
            "url": "https://api.congress.gov/v3/bill/102/hr/1081?format=json"
        },
        {
            "congress": 102,
            "introducedDate": "1991-01-03",
            "latestAction": {
                "actionDate": "1991-02-11",
                "text": "Referred to the Subcommittee on Transportation and Hazardous Materials."
            },
            "number": "418",
            "policyArea": {
                "name": "Foreign Trade and International Finance"
            },
            "title": "Tourism Policy and Export Promotion Act of 1991",
            "type": "HR",
            "url": "https://api.congress.gov/v3/bill/102/hr/418?format=json"
        },
        {
            "congress": 102,
            "introducedDate": "1991-01-03",
            "latestAction": {
                "actionDate": "1991-01-31",
                "text": "Referred to the Subcommittee on Postal Operations and Services."
            },
            "number": "419",
            "policyArea": {
                "name": "Government Operations and Politics"
            },
            "title": "Fair Campaign Act of 1991",
            "type": "HR",
            "url": "https://api.congress.gov/v3/bill/102/hr/419?format=json"
        },
        {
            "congress": 102,
            "introducedDate": "1991-01-03",
            "latestAction": {
                "actionDate": "1991-01-23",
                "text": "Referred to the Subcommittee on Social Security."
            },
            "number": "217",
            "policyArea": {
                "name": "Social Welfare"
            },
            "title": "Social Security Earnings Test Repeal Act of 1991",
            "type": "HR",
            "url": "https://api.congress.gov/v3/bill/102/hr/217?format=json"
        },
        {
            "congress": 102,
            "introducedDate": "1991-07-30",
            "latestAction": {
                "actionDate": "1991-08-27",
                "text": "Referred to the Subcommittee on Transportation and Hazardous Materials."
            },
            "number": "209",
            "policyArea": {
                "name": "Transportation and Public Works"
            },
            "title": "To express the sense of the House of Representatives that the House of Representatives should recognize the role that the travel and tourism industry plays in the economy of the United States and should agree to the establishment of the Rural Tourism Development Foundation, as provided for in S. 1204, as passed by the Senate during the 102nd Congress.",
            "type": "HRES",
            "url": "https://api.congress.gov/v3/bill/102/hres/209?format=json"
        },
        {
            "congress": 102,
            "introducedDate": "1991-08-02",
            "latestAction": {
                "actionDate": "1991-08-02",
                "text": "Referred to the Subcommittee on Trade."
            },
            "number": "198",
            "policyArea": {
                "name": "Foreign Trade and International Finance"
            },
            "title": "Concerning the United States Trade Representative's proposal to relax import quotas for Eastern European cheese.",
            "type": "HCONRES",
            "url": "https://api.congress.gov/v3/bill/102/hconres/198?format=json"
        },
        {
            "congress": 102,
            "introducedDate": "1991-04-15",
            "latestAction": {
                "actionDate": "1991-04-19",
                "text": "Referred to the Subcommittee on Military Personnel and Compensation."
            },
            "number": "122",
            "policyArea": {
                "name": "Armed Forces and National Security"
            },
            "title": "Expressing the sense of the Congress that the reserve components of the United States armed forces who were deployed in the Persian Gulf conflict should be returned home not later than July 4, 1991.",
            "type": "HCONRES",
            "url": "https://api.congress.gov/v3/bill/102/hconres/122?format=json"
        },
        {
            "amendmentNumber": "475",
            "congress": 103,
            "introducedDate": "1994-03-21",
            "latestAction": {
                "actionDate": "1994-03-21",
                "actionTime": "17:19:19",
                "text": "On agreeing to the Roth amendment (A027) Failed by recorded vote: 58 - 334 (Roll no. 73). "
            },
            "type": null,
            "url": "https://api.congress.gov/v3/amendment/103/hamdt/475?format=json"
        },
        {
            "amendmentNumber": "104",
            "congress": 103,
            "introducedDate": "1993-06-16",
            "latestAction": {
                "actionDate": "1993-06-22",
                "actionTime": "16:15:19",
                "text": "On agreeing to the Roth amendment (A001) as amended Agreed to by recorded vote: 418 - 3 (Roll no. 250). "
            },
            "type": null,
            "url": "https://api.congress.gov/v3/amendment/103/hamdt/104?format=json"
        },
        {
            "amendmentNumber": "67",
            "congress": 103,
            "introducedDate": "1993-05-25",
            "latestAction": {
                "actionDate": "1993-05-25",
                "actionTime": "17:03:04",
                "text": "On agreeing to the Roth amendment (A003) Failed by recorded vote: 127 - 299 (Roll no. 180). "
            },
            "type": null,
            "url": "https://api.congress.gov/v3/amendment/103/hamdt/67?format=json"
        },
        {
            "congress": 103,
            "introducedDate": "1994-08-04",
            "latestAction": {
                "actionDate": "1994-08-15",
                "text": "Referred to the Subcommittee on Administrative Law and Governmental Relations."
            },
            "number": "4904",
            "policyArea": {
                "name": "Private Legislation"
            },
            "title": "For the relief of Eugene Hasenfus.",
            "type": "HR",
            "url": "https://api.congress.gov/v3/bill/103/hr/4904?format=json"
        },
        {
            "congress": 103,
            "introducedDate": "1994-06-22",
            "latestAction": {
                "actionDate": "1994-07-28",
                "text": "Text of Measure Incorporated into H.R.4820."
            },
            "number": "4633",
            "policyArea": {
                "name": "Private Legislation"
            },
            "title": "To authorize the Secretary of Transportation to issue a certificate of documentation with appropriate endorsement for employment in the coastwise trade and on the Great Lakes and their tributary and connecting waters in trade with Canada for each of 2 barges.",
            "type": "HR",
            "url": "https://api.congress.gov/v3/bill/103/hr/4633?format=json"
        },
        {
            "congress": 103,
            "introducedDate": "1993-10-28",
            "latestAction": {
                "actionDate": "1993-11-10",
                "text": "Referred to the Subcommittee on Economic Policy, Trade and Environment."
            },
            "number": "3412",
            "policyArea": {
                "name": "Foreign Trade and International Finance"
            },
            "title": "Commercial Export Administration Act of 1993",
            "type": "HR",
            "url": "https://api.congress.gov/v3/bill/103/hr/3412?format=json"
        },
        {
            "congress": 103,
            "introducedDate": "1993-05-03",
            "latestAction": {
                "actionDate": "1993-05-21",
                "text": "Referred to the Subcommittee on Commerce, Consumer Protection and Competitiveness."
            },
            "number": "1954",
            "policyArea": {
                "name": "Commerce"
            },
            "title": "Product Liability Fairness Act",
            "type": "HR",
            "url": "https://api.congress.gov/v3/bill/103/hr/1954?format=json"
        },
        {
            "congress": 103,
            "introducedDate": "1993-04-22",
            "latestAction": {
                "actionDate": "1993-10-07",
                "text": "Executive Comment Received from ITC."
            },
            "number": "1839",
            "policyArea": {
                "name": "Foreign Trade and International Finance"
            },
            "title": "To extend until January 1, 1995 the existing suspension of duty on power-driven weaving machines for weaving fabrics more than 4.9 meters in width.",
            "type": "HR",
            "url": "https://api.congress.gov/v3/bill/103/hr/1839?format=json"
        },
        {
            "congress": 103,
            "introducedDate": "1993-02-02",
            "latestAction": {
                "actionDate": "1993-02-04",
                "text": "Referred to the Subcommittee on Livestock."
            },
            "number": "738",
            "policyArea": {
                "name": "Agriculture and Food"
            },
            "title": "Milk Marketing Order Reform Act of 1993",
            "type": "HR",
            "url": "https://api.congress.gov/v3/bill/103/hr/738?format=json"
        },
        {
            "congress": 103,
            "introducedDate": "1993-02-02",
            "latestAction": {
                "actionDate": "1994-03-01",
                "text": "Sponsor introductory remarks on measure. (CR E289-291)"
            },
            "number": "739",
            "policyArea": {
                "name": "Arts, Culture, Religion"
            },
            "title": "Declaration of Official Language Act of 1993",
            "type": "HR",
            "url": "https://api.congress.gov/v3/bill/103/hr/739?format=json"
        },
        {
            "congress": 103,
            "introducedDate": "1993-01-05",
            "latestAction": {
                "actionDate": "1993-08-10",
                "text": "See H.R.2264."
            },
            "number": "335",
            "policyArea": {
                "name": "Taxation"
            },
            "title": "To amend the Internal Revenue Code of 1986 to repeal the luxury tax on boats.",
            "type": "HR",
            "url": "https://api.congress.gov/v3/bill/103/hr/335?format=json"
        },
        {
            "congress": 103,
            "introducedDate": "1993-10-07",
            "latestAction": {
                "actionDate": "1993-11-09",
                "text": "Sponsor introductory remarks on measure. (CR H8941)"
            },
            "number": "275",
            "policyArea": {
                "name": "International Affairs"
            },
            "title": "To require the withdrawal of American forces from Somalia.",
            "type": "HJRES",
            "url": "https://api.congress.gov/v3/bill/103/hjres/275?format=json"
        },
        {
            "congress": 103,
            "introducedDate": "1994-01-25",
            "latestAction": {
                "actionDate": "1994-01-25",
                "text": "Referred to the House Committee on Post Office and Civil Service."
            },
            "number": "306",
            "policyArea": {
                "name": "Families"
            },
            "title": "To designate the month of May 1994 as \"National Foster Care Month\".",
            "type": "HJRES",
            "url": "https://api.congress.gov/v3/bill/103/hjres/306?format=json"
        },
        {
            "congress": 103,
            "introducedDate": "1993-08-05",
            "latestAction": {
                "actionDate": "1993-08-10",
                "text": "Referred to the Subcommittee on Europe and the Middle East."
            },
            "number": "250",
            "policyArea": {
                "name": "International Affairs"
            },
            "title": "Requiring the President to obtain authorization under the War Powers Resolution prior to introducing United States Armed Forces into hostilities in the former Yugoslavia.",
            "type": "HJRES",
            "url": "https://api.congress.gov/v3/bill/103/hjres/250?format=json"
        },
        {
            "congress": 103,
            "introducedDate": "1993-02-24",
            "latestAction": {
                "actionDate": "1993-02-24",
                "text": "Referred to the House Committee on Post Office and Civil Service."
            },
            "number": "122",
            "policyArea": {
                "name": "Families"
            },
            "title": "To designate the month of May 1993, as \"National Foster Care Month\".",
            "type": "HJRES",
            "url": "https://api.congress.gov/v3/bill/103/hjres/122?format=json"
        },
        {
            "amendmentNumber": "937",
            "congress": 104,
            "introducedDate": "1996-02-29",
            "latestAction": {
                "actionDate": "1996-02-29",
                "actionTime": "10:49:47",
                "text": "On agreeing to the Roth amendment (A008) Agreed to by voice vote. "
            },
            "type": null,
            "url": "https://api.congress.gov/v3/amendment/104/hamdt/937?format=json"
        },
        {
            "amendmentNumber": "350",
            "congress": 104,
            "introducedDate": "1995-05-09",
            "latestAction": {
                "actionDate": "1995-05-09",
                "actionTime": "17:03:58",
                "text": "On agreeing to the Roth amendment (A003) Agreed to by voice vote. "
            },
            "type": null,
            "url": "https://api.congress.gov/v3/amendment/104/hamdt/350?format=json"
        },
        {
            "congress": 104,
            "introducedDate": "1996-09-26",
            "latestAction": {
                "actionDate": "1996-10-04",
                "text": "Referred to the Subcommittee on Immigration and Claims."
            },
            "number": "4226",
            "policyArea": {
                "name": "Private Legislation"
            },
            "title": "To require approval of an application for compensation for the injuries of Eugene Hasenfus.",
            "type": "HR",
            "url": "https://api.congress.gov/v3/bill/104/hr/4226?format=json"
        },
        {
            "congress": 104,
            "introducedDate": "1996-09-18",
            "latestAction": {
                "actionDate": "1996-09-26",
                "text": "Referred to the Subcommittee on International Economic Policy and Trade."
            },
            "number": "4109",
            "policyArea": {
                "name": "Foreign Trade and International Finance"
            },
            "title": "Export Programs Extension Act of 1996",
            "type": "HR",
            "url": "https://api.congress.gov/v3/bill/104/hr/4109?format=json"
        },
        {
            "congress": 104,
            "introducedDate": "1996-07-09",
            "latestAction": {
                "actionDate": "1996-09-11",
                "actionTime": "15:51:19",
                "text": "Motion to reconsider laid on the table Agreed to without objection."
            },
            "number": "3759",
            "policyArea": {
                "name": "Foreign Trade and International Finance"
            },
            "title": "Exports, Jobs, and Growth Act of 1996",
            "type": "HR",
            "url": "https://api.congress.gov/v3/bill/104/hr/3759?format=json"
        },
        {
            "congress": 104,
            "introducedDate": "1996-05-07",
            "latestAction": {
                "actionDate": "1996-07-11",
                "text": "Sponsor introductory remarks on measure. (CR E1249-1250)"
            },
            "number": "3407",
            "policyArea": {
                "name": "Finance and Financial Sector"
            },
            "title": "Thrift Charter Merger Commission Act of 1996",
            "type": "HR",
            "url": "https://api.congress.gov/v3/bill/104/hr/3407?format=json"
        },
        {
            "congress": 104,
            "introducedDate": "1995-11-02",
            "latestAction": {
                "actionDate": "1996-10-11",
                "text": "Became Public Law No: 104-288."
            },
            "number": "2579",
            "policyArea": {
                "name": "Commerce"
            },
            "title": "United States National Tourism Organization Act of 1996",
            "type": "HR",
            "url": "https://api.congress.gov/v3/bill/104/hr/2579?format=json"
        },
        {
            "congress": 104,
            "introducedDate": "1995-09-13",
            "latestAction": {
                "actionDate": "1995-09-29",
                "text": "Referred to the Subcommittee on Domestic and International Monetary Policy."
            },
            "number": "2325",
            "policyArea": {
                "name": "Foreign Trade and International Finance"
            },
            "title": "Department of Trade Establishment Act",
            "type": "HR",
            "url": "https://api.congress.gov/v3/bill/104/hr/2325?format=json"
        },
        {
            "congress": 104,
            "introducedDate": "1995-06-08",
            "latestAction": {
                "actionDate": "1995-06-26",
                "text": "Referred to the Subcommittee on Livestock, Dairy and Poultry."
            },
            "number": "1808",
            "policyArea": {
                "name": "Agriculture and Food"
            },
            "title": "Milk Marketing Order Reform Act of 1995",
            "type": "HR",
            "url": "https://api.congress.gov/v3/bill/104/hr/1808?format=json"
        },
        {
            "congress": 104,
            "introducedDate": "1995-02-28",
            "latestAction": {
                "actionDate": "1995-03-01",
                "text": "Sponsor introductory remarks on measure. (CR H2400)"
            },
            "number": "1083",
            "policyArea": {
                "name": "Taxation"
            },
            "title": "Travel and Tourism Relief Act of 1995",
            "type": "HR",
            "url": "https://api.congress.gov/v3/bill/104/hr/1083?format=json"
        },
        {
            "congress": 104,
            "introducedDate": "1995-03-01",
            "latestAction": {
                "actionDate": "1995-03-13",
                "text": "Referred to the Subcommittee on Coast Guard and Maritime Transportation."
            },
            "number": "1108",
            "policyArea": {
                "name": "Private Legislation"
            },
            "title": "To authorize the Secretary of Transportation to issue a certificate of documentation with appropriate endorsement for employment in the coastwise trade and on the Great Lakes and their tributary and connecting waters in trade with Canada for each of 2 barges.",
            "type": "HR",
            "url": "https://api.congress.gov/v3/bill/104/hr/1108?format=json"
        },
        {
            "congress": 104,
            "introducedDate": "1995-02-08",
            "latestAction": {
                "actionDate": "1995-02-14",
                "text": "Referred to the Subcommittee on Immigration and Claims."
            },
            "number": "871",
            "policyArea": {
                "name": "Private Legislation"
            },
            "title": "For the relief of Eugene Hasenfus.",
            "type": "HR",
            "url": "https://api.congress.gov/v3/bill/104/hr/871?format=json"
        },
        {
            "congress": 104,
            "introducedDate": "1995-01-30",
            "latestAction": {
                "actionDate": "1996-03-13",
                "text": "Sponsor introductory remarks on measure. (CR H2127)"
            },
            "number": "739",
            "policyArea": {
                "name": "Arts, Culture, Religion"
            },
            "title": "Declaration of Official Language Act of 1995",
            "type": "HR",
            "url": "https://api.congress.gov/v3/bill/104/hr/739?format=json"
        },
        {
            "congress": 104,
            "introducedDate": "1995-01-04",
            "latestAction": {
                "actionDate": "1996-07-17",
                "text": "Received in the Senate."
            },
            "number": "361",
            "policyArea": {
                "name": "Foreign Trade and International Finance"
            },
            "title": "Export Administration Act of 1996",
            "type": "HR",
            "url": "https://api.congress.gov/v3/bill/104/hr/361?format=json"
        },
        {
            "congress": 104,
            "introducedDate": "1995-01-04",
            "latestAction": {
                "actionDate": "1995-01-25",
                "text": "Referred to the Subcommittee on Courts and Intellectual Property."
            },
            "number": "362",
            "policyArea": {
                "name": "Law"
            },
            "title": "To provide for the appointment of 1 additional Federal district judge for the eastern district of Wisconsin, and for other purposes.",
            "type": "HR",
            "url": "https://api.congress.gov/v3/bill/104/hr/362?format=json"
        },
        {
            "congress": 104,
            "introducedDate": "1995-01-04",
            "latestAction": {
                "actionDate": "1995-01-04",
                "text": "Referred to the House Committee on International Relations."
            },
            "number": "360",
            "policyArea": {
                "name": "International Affairs"
            },
            "title": "To provide for the deobligation of certain unexpended balances of funds made available for foreign economic assistance.",
            "type": "HR",
            "url": "https://api.congress.gov/v3/bill/104/hr/360?format=json"
        },
        {
            "congress": 104,
            "introducedDate": "1996-01-05",
            "latestAction": {
                "actionDate": "1996-01-11",
                "text": "Referred to the Subcommittee on Civil Service."
            },
            "number": "335",
            "policyArea": {
                "name": "Sports and Recreation"
            },
            "title": "To congratulate the Green Bay Packers of the National Football League on winning its first National Football Conference (NFC) Central Division title in 23 years and to commend Quarterback Brett Favre for being recognized as the National Football League's Most Valuable Player.",
            "type": "HRES",
            "url": "https://api.congress.gov/v3/bill/104/hres/335?format=json"
        }
    ]
}