{
    "pagination": {
        "count": 27
    },
    "request": {
        "bioguideId": "c000275",
        "contentType": "application/json",
        "format": "json"
    },
    "sponsoredLegislation": [
        {
            "congress": 93,
            "introducedDate": "1974-07-16",
            "latestAction": {
                "actionDate": "1974-07-16",
                "text": "Referred to House Committee on Ways and Means."
            },
            "number": "15913",
            "policyArea": {
                "name": "Taxation"
            },
            "title": "A bill to amend the Internal Revenue Code of 1954 with respect to the excise tax on investment income of private foundations.",
            "type": "HR",
            "url": "https://api.congress.gov/v3/bill/93/hr/15913?format=json"
        },
        {
            "congress": 93,
            "introducedDate": "1974-06-05",
            "latestAction": {
                "actionDate": "1974-06-05",
                "text": "Referred to House Committee on Ways and Means."
            },
            "number": "15195",
            "policyArea": {
                "name": "Taxation"
            },
            "title": "A bill to amend the Internal Revenue Code of 1954 with respect to the tax treatment of capital gains and losses.",
            "type": "HR",
            "url": "https://api.congress.gov/v3/bill/93/hr/15195?format=json"
        },
        {
            "congress": 93,
            "introducedDate": "1974-05-16",
            "latestAction": {
                "actionDate": "1974-05-16",
                "text": "Referred to House Committee on Ways and Means."
            },
            "number": "14837",
            "policyArea": {
                "name": "Commerce"
            },
            "title": "Small Business Tax Relief Act",
            "type": "HR",
            "url": "https://api.congress.gov/v3/bill/93/hr/14837?format=json"
        },
        {
            "congress": 93,
            "introducedDate": "1974-03-25",
            "latestAction": {
                "actionDate": "1974-03-25",
                "text": "Referred to House Committee on House Administration."
            },
            "number": "13689",
            "policyArea": {
                "name": "Government Operations and Politics"
            },
            "title": "Federal Campaign Contributions and Expenditures Act",
            "type": "HR",
            "url": "https://api.congress.gov/v3/bill/93/hr/13689?format=json"
        },
        {
            "congress": 93,
            "introducedDate": "1974-02-27",
            "latestAction": {
                "actionDate": "1974-02-27",
                "text": "Referred to House Committee on the Judiciary."
            },
            "number": "13063",
            "policyArea": {
                "name": "Crime and Law Enforcement"
            },
            "title": "Hobbs Act Amendment",
            "type": "HR",
            "url": "https://api.congress.gov/v3/bill/93/hr/13063?format=json"
        },
        {
            "congress": 93,
            "introducedDate": "1973-09-20",
            "latestAction": {
                "actionDate": "1973-09-20",
                "text": "Referred to House Committee on Merchant Marine and Fisheries."
            },
            "number": "10417",
            "policyArea": {
                "name": "Transportation and Public Works"
            },
            "title": "Small Boat Operators Licensing Act",
            "type": "HR",
            "url": "https://api.congress.gov/v3/bill/93/hr/10417?format=json"
        },
        {
            "congress": 93,
            "introducedDate": "1973-07-12",
            "latestAction": {
                "actionDate": "1973-07-12",
                "text": "Referred to House Committee on Ways and Means."
            },
            "number": "9226",
            "policyArea": {
                "name": "Commerce"
            },
            "title": "A bill to provide a program of tax adjustment for small business and for persons engaged in small business.",
            "type": "HR",
            "url": "https://api.congress.gov/v3/bill/93/hr/9226?format=json"
        },
        {
            "congress": 93,
            "introducedDate": "1973-06-14",
            "latestAction": {
                "actionDate": "1973-06-14",
                "text": "Referred to House Committee on Ways and Means."
            },
            "number": "8676",
            "policyArea": {
                "name": "Taxation"
            },
            "title": "A bill to repeal the filled cheese regulatory provisions of the Internal Revenue Code.",
            "type": "HR",
            "url": "https://api.congress.gov/v3/bill/93/hr/8676?format=json"
        },
        {
            "congress": 93,
            "introducedDate": "1973-05-22",
            "latestAction": {
                "actionDate": "1973-05-22",
                "text": "Referred to House Committee on Education and Labor."
            },
            "number": "7998",
            "policyArea": {
                "name": "Commerce"
            },
            "title": "National Professions Foundation Act",
            "type": "HR",
            "url": "https://api.congress.gov/v3/bill/93/hr/7998?format=json"
        },
        {
            "congress": 93,
            "introducedDate": "1973-03-08",
            "latestAction": {
                "actionDate": "1973-03-08",
                "text": "Referred to House Committee on Ways and Means."
            },
            "number": "5396",
            "policyArea": {
                "name": "Taxation"
            },
            "title": "A bill to amend section 956(b) of the Internal Revenue Code of 1954, to eliminate from the concept of U.S. property certain debt obligations acquired by controlled foreign corporations engaged in the banking business.",
            "type": "HR",
            "url": "https://api.congress.gov/v3/bill/93/hr/5396?format=json"
        },
        {
            "congress": 93,
            "introducedDate": "1973-01-03",
            "latestAction": {
                "actionDate": "1973-01-03",
                "text": "Referred to House Committee on Interstate and Foreign Commerce."
            },
            "number": "370",
            "policyArea": {
                "name": "Government Operations and Politics"
            },
            "title": "To amend the Communications Act of 1934 to establish orderly procedures for the consideration of applications for renewal of broadcast licenses.",
            "type": "HR",
            "url": "https://api.congress.gov/v3/bill/93/hr/370?format=json"
        },
        {
            "congress": 93,
            "introducedDate": "1973-01-03",
            "latestAction": {
                "actionDate": "1973-01-03",
                "text": "Referred to House Committee on Government Operations."
            },
            "number": "368",
            "policyArea": {
                "name": "Economics and Public Finance"
            },
            "title": "To prohibit that the fiscal year of the United States shall coincide with the calendar year.",
            "type": "HR",
            "url": "https://api.congress.gov/v3/bill/93/hr/368?format=json"
        },
        {
            "congress": 93,
            "introducedDate": "1973-01-03",
            "latestAction": {
                "actionDate": "1973-01-03",
                "text": "Referred to House Committee on Interstate and Foreign Commerce."
            },
            "number": "372",
            "policyArea": {
                "name": "Meat"
            },
            "title": "To amend the Federal Meat Inspection Act to provide that certain meat food products are adulterated.",
            "type": "HR",
            "url": "https://api.congress.gov/v3/bill/93/hr/372?format=json"
        },
        {
            "congress": 93,
            "introducedDate": "1973-01-03",
            "latestAction": {
                "actionDate": "1973-01-03",
                "text": "Referred to House Committee on Interstate and Foreign Commerce."
            },
            "number": "369",
            "policyArea": {
                "name": "Government Operations and Politics"
            },
            "title": "To amend the Communications Act of 1934 to establish orderly procedures for the consideration of applications for renewal of broadcast licenses.",
            "type": "HR",
            "url": "https://api.congress.gov/v3/bill/93/hr/369?format=json"
        },
        {
            "congress": 93,
            "introducedDate": "1973-01-03",
            "latestAction": {
                "actionDate": "1973-01-03",
                "text": "Referred to House Committee on Ways and Means."
            },
            "number": "373",
            "policyArea": {
                "name": "Education"
            },
            "title": "To amend the Internal Revenue Code of 1954 to allow a credit against the individual income tax for tuition paid for the elementary or secondary education of dependents.",
            "type": "HR",
            "url": "https://api.congress.gov/v3/bill/93/hr/373?format=json"
        },
        {
            "congress": 93,
            "introducedDate": "1973-01-03",
            "latestAction": {
                "actionDate": "1973-01-03",
                "text": "Referred to House Committee on Agriculture."
            },
            "number": "367",
            "policyArea": {
                "name": null
            },
            "title": "To prohibit payments, under programs administered by the Department of Agriculture, in excess of $10,000 to any one producer in any one yea.",
            "type": "HR",
            "url": "https://api.congress.gov/v3/bill/93/hr/367?format=json"
        },
        {
            "congress": 93,
            "introducedDate": "1973-01-03",
            "latestAction": {
                "actionDate": "1973-01-03",
                "text": "Referred to House Committee on Interstate and Foreign Commerce."
            },
            "number": "371",
            "policyArea": {
                "name": "Transportation and Public Works"
            },
            "title": "To amend the Federal Aviation Act of 1958 to require that any air carrier proposing to discontinue any air transportation to or from any point named in its certificate must give notice thereof at least 60 days in advance of the proposed discontinuance, and for other purpose.",
            "type": "HR",
            "url": "https://api.congress.gov/v3/bill/93/hr/371?format=json"
        },
        {
            "congress": 93,
            "introducedDate": "1974-05-01",
            "latestAction": {
                "actionDate": "1974-05-01",
                "text": "Referred to House Committee on Armed Services."
            },
            "number": "996",
            "policyArea": {
                "name": "Government Operations and Politics"
            },
            "title": "Joint resolution designating the premises occupied by the Chief of Naval Operations as the official residence of the Vice President, effective upon the termination of service of the incumbent Chief of Naval Operations.",
            "type": "HJRES",
            "url": "https://api.congress.gov/v3/bill/93/hjres/996?format=json"
        },
        {
            "congress": 93,
            "introducedDate": "1973-01-18",
            "latestAction": {
                "actionDate": "1973-01-18",
                "text": "Referred to House Committee on Judiciary."
            },
            "number": "202",
            "policyArea": {
                "name": "Government Operations and Politics"
            },
            "title": "Joint resolution proposing an amendment to the Constitution to provide for the direct popular election of the President and Vice President of the United States.",
            "type": "HJRES",
            "url": "https://api.congress.gov/v3/bill/93/hjres/202?format=json"
        },
        {
            "congress": 93,
            "introducedDate": "1973-01-15",
            "latestAction": {
                "actionDate": "1973-01-15",
                "text": "Referred to House Committee on Judiciary."
            },
            "number": "127",
            "policyArea": {
                "name": "Government Operations and Politics"
            },
            "title": "A joint resolution proposing an amendment to the Constitution of the United States relating to the term of office of President and Vice President of the United States.",
            "type": "HJRES",
            "url": "https://api.congress.gov/v3/bill/93/hjres/127?format=json"
        },
        {
            "congress": 93,
            "introducedDate": "1973-01-03",
            "latestAction": {
                "actionDate": "1973-01-03",
                "text": "Referred to House Committee on Judiciary."
            },
            "number": "67",
            "policyArea": {
                "name": "Civil Rights and Liberties, Minority Issues"
            },
            "title": "A joint resolution proposing an amendment to the Constitution of the United States.",
            "type": "HJRES",
            "url": "https://api.congress.gov/v3/bill/93/hjres/67?format=json"
        },
        {
            "congress": 93,
            "introducedDate": "1973-01-03",
            "latestAction": {
                "actionDate": "1973-01-03",
                "text": "Referred to House Committee on House Administration."
            },
            "number": "65",
            "policyArea": {
                "name": "Government Operations and Politics"
            },
            "title": "A joint resolution designating the American rose as the national floral emblem of the United States.",
            "type": "HJRES",
            "url": "https://api.congress.gov/v3/bill/93/hjres/65?format=json"
        },
        {
            "congress": 93,
            "introducedDate": "1973-01-03",
            "latestAction": {
                "actionDate": "1973-01-03",
                "text": "Referred to House Committee on Judiciary."
            },
            "number": "69",
            "policyArea": {
                "name": "Law"
            },
            "title": "A joint resolution proposing an amendment to the Constitution relating to terms of judges of the Supreme Court of the United States.",
            "type": "HJRES",
            "url": "https://api.congress.gov/v3/bill/93/hjres/69?format=json"
        },
        {
            "congress": 93,
            "introducedDate": "1973-01-03",
            "latestAction": {
                "actionDate": "1973-01-03",
                "text": "Referred to House Committee on Judiciary."
            },
            "number": "66",
            "policyArea": {
                "name": "Government Operations and Politics"
            },
            "title": "A joint resolution proposing an amendment to the Constitution of the United States relating to the nomination of individuals for election to the offices of the President and Vice President of the United States.",
            "type": "HJRES",
            "url": "https://api.congress.gov/v3/bill/93/hjres/66?format=json"
        },
        {
            "congress": 93,
            "introducedDate": "1973-01-03",
            "latestAction": {
                "actionDate": "1973-01-03",
                "text": "Referred to House Committee on Judiciary."
            },
            "number": "68",
            "policyArea": {
                "name": "Government Operations and Politics"
            },
            "title": "A joint resolution to amend the Pledge of Allegiance to the flag of the United States of America.",
            "type": "HJRES",
            "url": "https://api.congress.gov/v3/bill/93/hjres/68?format=json"
        },
        {
            "congress": 93,
            "introducedDate": "1973-01-03",
            "latestAction": {
                "actionDate": "1973-01-03",
                "text": "Referred to House Committee on Judiciary."
            },
            "number": "70",
            "policyArea": {
                "name": "Civil Rights and Liberties, Minority Issues"
            },
            "title": "A joint resolution proposing an amendment to the Constitution of the United States relating to the assignment and transportation of pupils to public schools.",
            "type": "HJRES",
            "url": "https://api.congress.gov/v3/bill/93/hjres/70?format=json"
        },
        {
            "congress": 93,
            "introducedDate": "1973-01-03",
            "latestAction": {
                "actionDate": "1973-01-03",
                "text": "Referred to House Committee on Rules."
            },
            "number": "42",
            "policyArea": {
                "name": "Congress"
            },
            "title": "A resolution amending the Rules of the House of Representatives to prohibit the election of a Member of the House as chairman of any standing committee if he has attained the age of 65 years.",
            "type": "HRES",
            "url": "https://api.congress.gov/v3/bill/93/hres/42?format=json"
        }
    ]
}