{
    "pagination": {
        "count": 199
    },
    "request": {
        "bioguideId": "c001034",
        "contentType": "application/json",
        "format": "json"
    },
    "sponsoredLegislation": [
        {
            "congress": 106,
            "introducedDate": "1999-03-02",
            "latestAction": {
                "actionDate": "1999-03-02",
                "text": "Read twice and referred to the Committee on Rules and Administration."
            },
            "number": "504",
            "policyArea": {
                "name": "Government Operations and Politics"
            },
            "title": "Federal Election Enforcement and Disclosure Reform Act",
            "type": "S",
            "url": "https://api.congress.gov/v3/bill/106/s/504?format=json"
        },
        {
            "congress": 107,
            "introducedDate": "2001-09-10",
            "latestAction": {
                "actionDate": "2001-09-10",
                "text": "Referred to the Committee on the Judiciary. (text of measure as introduced: CR S9259)"
            },
            "number": "158",
            "policyArea": {
                "name": "Civil Rights and Liberties, Minority Issues"
            },
            "title": "A resolution honoring the accomplishments and unfailing spirit of women in the 20th century.",
            "type": "SRES",
            "url": "https://api.congress.gov/v3/bill/107/sres/158?format=json"
        },
        {
            "amendmentNumber": "4572",
            "congress": 107,
            "introducedDate": "2002-09-18",
            "latestAction": null,
            "type": null,
            "url": "https://api.congress.gov/v3/amendment/107/samdt/4572?format=json"
        },
        {
            "amendmentNumber": "4525",
            "congress": 107,
            "introducedDate": "2002-09-10",
            "latestAction": {
                "actionDate": "2002-09-10",
                "text": "Amendment SA 4525 agreed to in Senate by Unanimous Consent. "
            },
            "type": null,
            "url": "https://api.congress.gov/v3/amendment/107/samdt/4525?format=json"
        },
        {
            "amendmentNumber": "4376",
            "congress": 107,
            "introducedDate": "2002-07-31",
            "latestAction": {
                "actionDate": "2002-07-31",
                "text": "Amendment SA 4376 agreed to in Senate by Voice Vote. "
            },
            "type": null,
            "url": "https://api.congress.gov/v3/amendment/107/samdt/4376?format=json"
        },
        {
            "amendmentNumber": "4236",
            "congress": 107,
            "introducedDate": "2002-07-11",
            "latestAction": null,
            "type": null,
            "url": "https://api.congress.gov/v3/amendment/107/samdt/4236?format=json"
        },
        {
            "amendmentNumber": "4198",
            "congress": 107,
            "introducedDate": "2002-07-10",
            "latestAction": null,
            "type": null,
            "url": "https://api.congress.gov/v3/amendment/107/samdt/4198?format=json"
        },
        {
            "amendmentNumber": "4199",
            "congress": 107,
            "introducedDate": "2002-07-10",
            "latestAction": null,
            "type": null,
            "url": "https://api.congress.gov/v3/amendment/107/samdt/4199?format=json"
        },
        {
            "amendmentNumber": "4149",
            "congress": 107,
            "introducedDate": "2002-06-26",
            "latestAction": {
                "actionDate": "2002-06-26",
                "text": "Amendment SA 4149 agreed to in Senate by Unanimous Consent. "
            },
            "type": null,
            "url": "https://api.congress.gov/v3/amendment/107/samdt/4149?format=json"
        },
        {
            "amendmentNumber": "4137",
            "congress": 107,
            "introducedDate": "2002-06-26",
            "latestAction": {
                "actionDate": "2002-06-26",
                "text": "Amendment SA 4137 agreed to in Senate by Unanimous Consent. "
            },
            "type": null,
            "url": "https://api.congress.gov/v3/amendment/107/samdt/4137?format=json"
        },
        {
            "amendmentNumber": "4129",
            "congress": 107,
            "introducedDate": "2002-06-26",
            "latestAction": {
                "actionDate": "2002-06-26",
                "text": "Amendment SA 4129 agreed to in Senate by Unanimous Consent. "
            },
            "type": null,
            "url": "https://api.congress.gov/v3/amendment/107/samdt/4129?format=json"
        },
        {
            "amendmentNumber": "4119",
            "congress": 107,
            "introducedDate": "2002-06-26",
            "latestAction": {
                "actionDate": "2002-06-26",
                "text": "Amendment SA 4119 agreed to in Senate by Unanimous Consent. "
            },
            "type": null,
            "url": "https://api.congress.gov/v3/amendment/107/samdt/4119?format=json"
        },
        {
            "amendmentNumber": "4108",
            "congress": 107,
            "introducedDate": "2002-06-26",
            "latestAction": {
                "actionDate": "2002-06-26",
                "text": "Amendment SA 4108 agreed to in Senate by Voice Vote. "
            },
            "type": null,
            "url": "https://api.congress.gov/v3/amendment/107/samdt/4108?format=json"
        },
        {
            "amendmentNumber": "4097",
            "congress": 107,
            "introducedDate": "2002-06-26",
            "latestAction": {
                "actionDate": "2002-06-26",
                "text": "Amendment SA 4097 agreed to in Senate by Voice Vote. "
            },
            "type": null,
            "url": "https://api.congress.gov/v3/amendment/107/samdt/4097?format=json"
        },
        {
            "amendmentNumber": "4045",
            "congress": 107,
            "introducedDate": "2002-06-26",
            "latestAction": null,
            "type": null,
            "url": "https://api.congress.gov/v3/amendment/107/samdt/4045?format=json"
        },
        {
            "amendmentNumber": "4035",
            "congress": 107,
            "introducedDate": "2002-06-26",
            "latestAction": null,
            "type": null,
            "url": "https://api.congress.gov/v3/amendment/107/samdt/4035?format=json"
        },
        {
            "amendmentNumber": "4034",
            "congress": 107,
            "introducedDate": "2002-06-26",
            "latestAction": null,
            "type": null,
            "url": "https://api.congress.gov/v3/amendment/107/samdt/4034?format=json"
        },
        {
            "amendmentNumber": "4033",
            "congress": 107,
            "introducedDate": "2002-06-26",
            "latestAction": {
                "actionDate": "2002-06-27",
                "text": "Amendment agreed to in Senate by Voice Vote. "
            },
            "type": null,
            "url": "https://api.congress.gov/v3/amendment/107/samdt/4033?format=json"
        },
        {
            "amendmentNumber": "4036",
            "congress": 107,
            "introducedDate": "2002-06-26",
            "latestAction": null,
            "type": null,
            "url": "https://api.congress.gov/v3/amendment/107/samdt/4036?format=json"
        },
        {
            "amendmentNumber": "3949",
            "congress": 107,
            "introducedDate": "2002-06-20",
            "latestAction": {
                "actionDate": "2002-06-20",
                "text": "Amendment SA 3949 agreed to in Senate by Unanimous Consent. "
            },
            "type": null,
            "url": "https://api.congress.gov/v3/amendment/107/samdt/3949?format=json"
        },
        {
            "amendmentNumber": "3947",
            "congress": 107,
            "introducedDate": "2002-06-20",
            "latestAction": {
                "actionDate": "2002-06-20",
                "text": "Amendment SA 3947 agreed to in Senate by Unanimous Consent. "
            },
            "type": null,
            "url": "https://api.congress.gov/v3/amendment/107/samdt/3947?format=json"
        },
        {
            "amendmentNumber": "3942",
            "congress": 107,
            "introducedDate": "2002-06-20",
            "latestAction": {
                "actionDate": "2002-06-20",
                "text": "Amendment SA 3942 agreed to in Senate by Unanimous Consent. "
            },
            "type": null,
            "url": "https://api.congress.gov/v3/amendment/107/samdt/3942?format=json"
        },
        {
            "amendmentNumber": "3948",
            "congress": 107,
            "introducedDate": "2002-06-20",
            "latestAction": {
                "actionDate": "2002-06-20",
                "text": "Amendment SA 3948 agreed to in Senate by Unanimous Consent. "
            },
            "type": null,
            "url": "https://api.congress.gov/v3/amendment/107/samdt/3948?format=json"
        },
        {
            "amendmentNumber": "3950",
            "congress": 107,
            "introducedDate": "2002-06-20",
            "latestAction": {
                "actionDate": "2002-06-20",
                "text": "Amendment SA 3950 agreed to in Senate by Unanimous Consent. "
            },
            "type": null,
            "url": "https://api.congress.gov/v3/amendment/107/samdt/3950?format=json"
        },
        {
            "amendmentNumber": "3946",
            "congress": 107,
            "introducedDate": "2002-06-20",
            "latestAction": {
                "actionDate": "2002-06-20",
                "text": "Amendment SA 3946 agreed to in Senate by Unanimous Consent. "
            },
            "type": null,
            "url": "https://api.congress.gov/v3/amendment/107/samdt/3946?format=json"
        },
        {
            "amendmentNumber": "3672",
            "congress": 107,
            "introducedDate": "2002-06-05",
            "latestAction": null,
            "type": null,
            "url": "https://api.congress.gov/v3/amendment/107/samdt/3672?format=json"
        },
        {
            "amendmentNumber": "3580",
            "congress": 107,
            "introducedDate": "2002-06-05",
            "latestAction": null,
            "type": null,
            "url": "https://api.congress.gov/v3/amendment/107/samdt/3580?format=json"
        },
        {
            "amendmentNumber": "3393",
            "congress": 107,
            "introducedDate": "2002-05-07",
            "latestAction": null,
            "type": null,
            "url": "https://api.congress.gov/v3/amendment/107/samdt/3393?format=json"
        },
        {
            "amendmentNumber": "2884",
            "congress": 107,
            "introducedDate": "2002-02-14",
            "latestAction": null,
            "type": null,
            "url": "https://api.congress.gov/v3/amendment/107/samdt/2884?format=json"
        },
        {
            "amendmentNumber": "2883",
            "congress": 107,
            "introducedDate": "2002-02-14",
            "latestAction": {
                "actionDate": "2002-02-26",
                "text": "Amendment SA 2883 agreed to in Senate by Yea-Nay Vote. 97 - 0. Record Vote Number: 36. "
            },
            "type": null,
            "url": "https://api.congress.gov/v3/amendment/107/samdt/2883?format=json"
        },
        {
            "amendmentNumber": "2483",
            "congress": 107,
            "introducedDate": "2001-12-12",
            "latestAction": {
                "actionDate": "2001-12-12",
                "text": "Referred to the Committee on Health, Education, Labor, and Pensions. "
            },
            "type": null,
            "url": "https://api.congress.gov/v3/amendment/107/samdt/2483?format=json"
        },
        {
            "amendmentNumber": "2484",
            "congress": 107,
            "introducedDate": "2001-12-12",
            "latestAction": null,
            "type": null,
            "url": "https://api.congress.gov/v3/amendment/107/samdt/2484?format=json"
        },
        {
            "amendmentNumber": "2413",
            "congress": 107,
            "introducedDate": "2001-12-07",
            "latestAction": {
                "actionDate": "2001-12-07",
                "text": "Amendment SA 2413 agreed to in Senate by Voice Vote. "
            },
            "type": null,
            "url": "https://api.congress.gov/v3/amendment/107/samdt/2413?format=json"
        },
        {
            "amendmentNumber": "2410",
            "congress": 107,
            "introducedDate": "2001-12-07",
            "latestAction": {
                "actionDate": "2001-12-07",
                "text": "Amendment SA 2410 agreed to in Senate by Voice Vote. "
            },
            "type": null,
            "url": "https://api.congress.gov/v3/amendment/107/samdt/2410?format=json"
        },
        {
            "amendmentNumber": "2409",
            "congress": 107,
            "introducedDate": "2001-12-07",
            "latestAction": {
                "actionDate": "2001-12-07",
                "text": "Amendment SA 2409 agreed to in Senate by Voice Vote. "
            },
            "type": null,
            "url": "https://api.congress.gov/v3/amendment/107/samdt/2409?format=json"
        },
        {
            "amendmentNumber": "1877",
            "congress": 107,
            "introducedDate": "2001-10-11",
            "latestAction": {
                "actionDate": "2001-10-11",
                "text": "Amendment SA 1877 agreed to in Senate by Voice Vote. "
            },
            "type": null,
            "url": "https://api.congress.gov/v3/amendment/107/samdt/1877?format=json"
        },
        {
            "amendmentNumber": "1853",
            "congress": 107,
            "introducedDate": "2001-10-09",
            "latestAction": null,
            "type": null,
            "url": "https://api.congress.gov/v3/amendment/107/samdt/1853?format=json"
        },
        {
            "amendmentNumber": "1852",
            "congress": 107,
            "introducedDate": "2001-10-09",
            "latestAction": null,
            "type": null,
            "url": "https://api.congress.gov/v3/amendment/107/samdt/1852?format=json"
        },
        {
            "amendmentNumber": "1811",
            "congress": 107,
            "introducedDate": "2001-10-01",
            "latestAction": {
                "actionDate": "2001-10-01",
                "text": "Amendment SA 1811 agreed to in Senate by Unanimous Consent. "
            },
            "type": null,
            "url": "https://api.congress.gov/v3/amendment/107/samdt/1811?format=json"
        },
        {
            "amendmentNumber": "1702",
            "congress": 107,
            "introducedDate": "2001-09-26",
            "latestAction": {
                "actionDate": "2001-09-26",
                "text": "Amendment SA 1702 agreed to in Senate by Voice Vote. "
            },
            "type": null,
            "url": "https://api.congress.gov/v3/amendment/107/samdt/1702?format=json"
        },
        {
            "amendmentNumber": "1677",
            "congress": 107,
            "introducedDate": "2001-09-25",
            "latestAction": {
                "actionDate": "2001-09-25",
                "text": "Amendment SA 1677 agreed to in Senate by Voice Vote. "
            },
            "type": null,
            "url": "https://api.congress.gov/v3/amendment/107/samdt/1677?format=json"
        },
        {
            "amendmentNumber": "1032",
            "congress": 107,
            "introducedDate": "2001-07-23",
            "latestAction": null,
            "type": null,
            "url": "https://api.congress.gov/v3/amendment/107/samdt/1032?format=json"
        },
        {
            "amendmentNumber": "1033",
            "congress": 107,
            "introducedDate": "2001-07-23",
            "latestAction": {
                "actionDate": "2001-07-25",
                "text": "Amendment SA 1033 agreed to in Senate by Yea-Nay Vote. 90 - 8. Record Vote Number: 249. "
            },
            "type": null,
            "url": "https://api.congress.gov/v3/amendment/107/samdt/1033?format=json"
        },
        {
            "amendmentNumber": "449",
            "congress": 107,
            "introducedDate": "2001-05-09",
            "latestAction": {
                "actionDate": "2001-06-06",
                "text": "Amendment SA 449 as modified agreed to in Senate by Unanimous Consent. (text as modified: CR S5862-5863)"
            },
            "type": null,
            "url": "https://api.congress.gov/v3/amendment/107/samdt/449?format=json"
        },
        {
            "amendmentNumber": "429",
            "congress": 107,
            "introducedDate": "2001-05-09",
            "latestAction": null,
            "type": null,
            "url": "https://api.congress.gov/v3/amendment/107/samdt/429?format=json"
        },
        {
            "amendmentNumber": "430",
            "congress": 107,
            "introducedDate": "2001-05-09",
            "latestAction": {
                "actionDate": "2001-05-16",
                "text": "Amendment SA 430 agreed to in Senate by Voice Vote. "
            },
            "type": null,
            "url": "https://api.congress.gov/v3/amendment/107/samdt/430?format=json"
        },
        {
            "amendmentNumber": "377",
            "congress": 107,
            "introducedDate": "2001-05-04",
            "latestAction": null,
            "type": null,
            "url": "https://api.congress.gov/v3/amendment/107/samdt/377?format=json"
        },
        {
            "amendmentNumber": "376",
            "congress": 107,
            "introducedDate": "2001-05-04",
            "latestAction": {
                "actionDate": "2001-05-14",
                "text": "Amendment SA 376 as modified agreed to in Senate by Yea-Nay Vote. 74 - 23. Record Vote Number: 102. (consideration: CR S4872-4874, S4877; text as modified: CR S4872)"
            },
            "type": null,
            "url": "https://api.congress.gov/v3/amendment/107/samdt/376?format=json"
        },
        {
            "amendmentNumber": "333",
            "congress": 107,
            "introducedDate": "2001-04-05",
            "latestAction": null,
            "type": null,
            "url": "https://api.congress.gov/v3/amendment/107/samdt/333?format=json"
        },
        {
            "amendmentNumber": "199",
            "congress": 107,
            "introducedDate": "2001-04-05",
            "latestAction": null,
            "type": null,
            "url": "https://api.congress.gov/v3/amendment/107/samdt/199?format=json"
        },
        {
            "amendmentNumber": "133",
            "congress": 107,
            "introducedDate": "2001-03-21",
            "latestAction": null,
            "type": null,
            "url": "https://api.congress.gov/v3/amendment/107/samdt/133?format=json"
        },
        {
            "amendmentNumber": "129",
            "congress": 107,
            "introducedDate": "2001-03-21",
            "latestAction": null,
            "type": null,
            "url": "https://api.congress.gov/v3/amendment/107/samdt/129?format=json"
        },
        {
            "amendmentNumber": "131",
            "congress": 107,
            "introducedDate": "2001-03-21",
            "latestAction": null,
            "type": null,
            "url": "https://api.congress.gov/v3/amendment/107/samdt/131?format=json"
        },
        {
            "amendmentNumber": "132",
            "congress": 107,
            "introducedDate": "2001-03-21",
            "latestAction": null,
            "type": null,
            "url": "https://api.congress.gov/v3/amendment/107/samdt/132?format=json"
        },
        {
            "amendmentNumber": "130",
            "congress": 107,
            "introducedDate": "2001-03-21",
            "latestAction": null,
            "type": null,
            "url": "https://api.congress.gov/v3/amendment/107/samdt/130?format=json"
        },
        {
            "amendmentNumber": "127",
            "congress": 107,
            "introducedDate": "2001-03-21",
            "latestAction": null,
            "type": null,
            "url": "https://api.congress.gov/v3/amendment/107/samdt/127?format=json"
        },
        {
            "amendmentNumber": "128",
            "congress": 107,
            "introducedDate": "2001-03-21",
            "latestAction": null,
            "type": null,
            "url": "https://api.congress.gov/v3/amendment/107/samdt/128?format=json"
        },
        {
            "congress": 107,
            "introducedDate": "2002-10-08",
            "latestAction": {
                "actionDate": "2002-10-08",
                "text": "Read twice and referred to the Committee on Governmental Affairs."
            },
            "number": "3077",
            "policyArea": {
                "name": "Commemorations"
            },
            "title": "A bill to designate the facility of the United States Postal Service located at 206 South Main Street in Glennville, Georgia, as the \"Michael Lee Woodcock Post Office\".",
            "type": "S",
            "url": "https://api.congress.gov/v3/bill/107/s/3077?format=json"
        },
        {
            "congress": 107,
            "introducedDate": "2002-08-01",
            "latestAction": {
                "actionDate": "2002-08-01",
                "text": "Read twice and referred to the Committee on Commerce, Science, and Transportation. (text of measure as introduced: CR S7906-7907)"
            },
            "number": "2839",
            "policyArea": {
                "name": "Science, Technology, Communications"
            },
            "title": "Children's Electronic Access Safety Enhancement (CEASE) Act",
            "type": "S",
            "url": "https://api.congress.gov/v3/bill/107/s/2839?format=json"
        },
        {
            "congress": 107,
            "introducedDate": "2002-07-26",
            "latestAction": {
                "actionDate": "2002-07-26",
                "text": "Read twice and referred to the Committee on Finance."
            },
            "number": "2802",
            "policyArea": {
                "name": "Taxation"
            },
            "title": "Military Families Tax Fairness Act",
            "type": "S",
            "url": "https://api.congress.gov/v3/bill/107/s/2802?format=json"
        },
        {
            "congress": 107,
            "introducedDate": "2002-06-28",
            "latestAction": {
                "actionDate": "2002-06-28",
                "text": "Read twice and referred to the Committee on Agriculture, Nutrition, and Forestry."
            },
            "number": "2706",
            "policyArea": {
                "name": "Agriculture and Food"
            },
            "title": "Aid to Tobacco-Dependent Communities Act of 2002",
            "type": "S",
            "url": "https://api.congress.gov/v3/bill/107/s/2706?format=json"
        },
        {
            "congress": 107,
            "introducedDate": "2002-06-14",
            "latestAction": {
                "actionDate": "2002-06-14",
                "text": "Read twice and referred to the Committee on Commerce, Science, and Transportation."
            },
            "number": "2627",
            "policyArea": {
                "name": "Public Lands and Natural Resources"
            },
            "title": "A bill to protect marine species off the coast of Georgia.",
            "type": "S",
            "url": "https://api.congress.gov/v3/bill/107/s/2627?format=json"
        },
        {
            "congress": 107,
            "introducedDate": "2002-05-09",
            "latestAction": {
                "actionDate": "2002-05-09",
                "text": "Read twice and referred to the Committee on Governmental Affairs. (text of measure as introduced: CR S4154-4155)"
            },
            "number": "2492",
            "policyArea": {
                "name": "Government Operations and Politics"
            },
            "title": "Federal Agency Protection of Privacy Act",
            "type": "S",
            "url": "https://api.congress.gov/v3/bill/107/s/2492?format=json"
        },
        {
            "congress": 107,
            "introducedDate": "2002-05-08",
            "latestAction": {
                "actionDate": "2002-10-09",
                "text": "Placed on Senate Legislative Calendar under General Orders. Calendar No. 696."
            },
            "number": "2483",
            "policyArea": {
                "name": "Commerce"
            },
            "title": "National Small Business Regulatory Assistance Act of 2002",
            "type": "S",
            "url": "https://api.congress.gov/v3/bill/107/s/2483?format=json"
        },
        {
            "congress": 107,
            "introducedDate": "2002-04-26",
            "latestAction": {
                "actionDate": "2002-04-26",
                "text": "Read twice and referred to the Committee on Finance."
            },
            "number": "2337",
            "policyArea": {
                "name": "Foreign Trade and International Finance"
            },
            "title": "A bill to reduce temporarily the duty on certain textile machinery.",
            "type": "S",
            "url": "https://api.congress.gov/v3/bill/107/s/2337?format=json"
        },
        {
            "congress": 107,
            "introducedDate": "2002-04-26",
            "latestAction": {
                "actionDate": "2002-04-26",
                "text": "Read twice and referred to the Committee on Finance."
            },
            "number": "2338",
            "policyArea": {
                "name": "Foreign Trade and International Finance"
            },
            "title": "A bill to suspend temporarily the duty on certain textile machinery.",
            "type": "S",
            "url": "https://api.congress.gov/v3/bill/107/s/2338?format=json"
        },
        {
            "congress": 107,
            "introducedDate": "2002-04-25",
            "latestAction": {
                "actionDate": "2002-04-25",
                "text": "Read twice and referred to the Committee on Finance."
            },
            "number": "2269",
            "policyArea": {
                "name": "Foreign Trade and International Finance"
            },
            "title": "A bill to suspend temporarily the duty on certain textile machinery.",
            "type": "S",
            "url": "https://api.congress.gov/v3/bill/107/s/2269?format=json"
        },
        {
            "congress": 107,
            "introducedDate": "2002-04-25",
            "latestAction": {
                "actionDate": "2002-04-25",
                "text": "Read twice and referred to the Committee on Finance."
            },
            "number": "2270",
            "policyArea": {
                "name": "Foreign Trade and International Finance"
            },
            "title": "A bill to suspend temporarily the duty on certain textile machinery.",
            "type": "S",
            "url": "https://api.congress.gov/v3/bill/107/s/2270?format=json"
        },
        {
            "congress": 107,
            "introducedDate": "2002-04-17",
            "latestAction": {
                "actionDate": "2002-04-17",
                "text": "Read twice and referred to the Committee on Health, Education, Labor, and Pensions. (text of measure as introduced: CR S2839)"
            },
            "number": "2185",
            "policyArea": {
                "name": "Labor and Employment"
            },
            "title": "A bill to amend the Employee Retirement Income Security Act of 1974 to provide workers with individual account plans with information on how the assets in their accounts are invested and of the need to diversify the investment of the assets.",
            "type": "S",
            "url": "https://api.congress.gov/v3/bill/107/s/2185?format=json"
        },
        {
            "congress": 107,
            "introducedDate": "2002-04-11",
            "latestAction": {
                "actionDate": "2002-04-11",
                "text": "Read twice and referred to the Committee on Health, Education, Labor, and Pensions. (text of measure as introduced: CR S2586-2587)"
            },
            "number": "2115",
            "policyArea": {
                "name": "Health"
            },
            "title": "A bill to amend the Public Health Act to create a Center for Bioterrorism Preparedness within the Centers for Disease Control and Prevention.",
            "type": "S",
            "url": "https://api.congress.gov/v3/bill/107/s/2115?format=json"
        },
        {
            "congress": 107,
            "introducedDate": "2002-01-29",
            "latestAction": {
                "actionDate": "2002-03-21",
                "text": "Committee on Governmental Affairs. Ordered to be reported without amendment favorably."
            },
            "number": "1906",
            "policyArea": {
                "name": "Commemorations"
            },
            "title": "A bill to designate the facility of the United States Postal Service located at 3698 Inner Perimeter Road in Valdosta, Georgia, as the \"Major Lyn McIntosh Post Office Building\".",
            "type": "S",
            "url": "https://api.congress.gov/v3/bill/107/s/1906?format=json"
        },
        {
            "congress": 107,
            "introducedDate": "2001-12-18",
            "latestAction": {
                "actionDate": "2001-12-18",
                "text": "Read twice and referred to the Committee on Environment and Public Works."
            },
            "number": "1842",
            "policyArea": {
                "name": "Public Lands and Natural Resources"
            },
            "title": "A bill to modify the project for beach erosion control, Tybee Island, Georgia.",
            "type": "S",
            "url": "https://api.congress.gov/v3/bill/107/s/1842?format=json"
        },
        {
            "congress": 107,
            "introducedDate": "2001-12-13",
            "latestAction": {
                "actionDate": "2001-12-13",
                "text": "Read twice and referred to the Committee on Commerce, Science, and Transportation. (text of measure as introduced: CR S13149)"
            },
            "number": "1820",
            "policyArea": {
                "name": "Transportation and Public Works"
            },
            "title": "Heroic Emergency Response Operations Act",
            "type": "S",
            "url": "https://api.congress.gov/v3/bill/107/s/1820?format=json"
        },
        {
            "congress": 107,
            "introducedDate": "2001-12-10",
            "latestAction": {
                "actionDate": "2001-12-10",
                "text": "Read twice and referred to the Committee on Commerce, Science, and Transportation. (text of measure as introduced: CR S12777-12778)"
            },
            "number": "1794",
            "policyArea": {
                "name": "Transportation and Public Works"
            },
            "title": "Airport Checkpoint Enhancement Act ",
            "type": "S",
            "url": "https://api.congress.gov/v3/bill/107/s/1794?format=json"
        },
        {
            "congress": 107,
            "introducedDate": "2001-12-07",
            "latestAction": {
                "actionDate": "2001-12-07",
                "text": "Read twice and referred to the Committee on the Judiciary."
            },
            "number": "1785",
            "policyArea": {
                "name": "Commemorations"
            },
            "title": "White House Commission on National Military Appreciation Month Act",
            "type": "S",
            "url": "https://api.congress.gov/v3/bill/107/s/1785?format=json"
        },
        {
            "congress": 107,
            "introducedDate": "2001-11-28",
            "latestAction": {
                "actionDate": "2002-08-01",
                "text": "Placed on Senate Legislative Calendar under General Orders. Calendar No. 544."
            },
            "number": "1739",
            "policyArea": {
                "name": "Transportation and Public Works"
            },
            "title": "A bill to authorize grants to improve security on over-the-road buses.",
            "type": "S",
            "url": "https://api.congress.gov/v3/bill/107/s/1739?format=json"
        },
        {
            "congress": 107,
            "introducedDate": "2001-11-07",
            "latestAction": {
                "actionDate": "2001-11-07",
                "text": "Read twice and referred to the Committee on Health, Education, Labor, and Pensions. (text of measure as introduced: CR S11559)"
            },
            "number": "1650",
            "policyArea": {
                "name": "Health"
            },
            "title": "Public Health Emergencies Accountability Act",
            "type": "S",
            "url": "https://api.congress.gov/v3/bill/107/s/1650?format=json"
        },
        {
            "congress": 107,
            "introducedDate": "2001-11-06",
            "latestAction": {
                "actionDate": "2001-11-06",
                "text": "Read twice and referred to the Committee on Finance."
            },
            "number": "1640",
            "policyArea": {
                "name": "Foreign Trade and International Finance"
            },
            "title": "A bill to suspend temporarily the duty on certain steam turbines and generators for power generation.",
            "type": "S",
            "url": "https://api.congress.gov/v3/bill/107/s/1640?format=json"
        },
        {
            "congress": 107,
            "introducedDate": "2001-10-16",
            "latestAction": {
                "actionDate": "2001-10-16",
                "text": "Read twice and referred to the Committee on Finance."
            },
            "number": "1554",
            "policyArea": {
                "name": "Taxation"
            },
            "title": "A bill to amend the Internal Revenue Code of 1986 to provide an increased low-income housing credit for property located immediately adjacent to qualified census tracts.",
            "type": "S",
            "url": "https://api.congress.gov/v3/bill/107/s/1554?format=json"
        },
        {
            "congress": 107,
            "introducedDate": "2001-10-10",
            "latestAction": {
                "actionDate": "2002-04-18",
                "text": "Committee on Energy and Natural Resources Subcommittee on National Parks. Hearings held. With printed Hearing: S.Hrg. 107-642."
            },
            "number": "1526",
            "policyArea": {
                "name": "Public Lands and Natural Resources"
            },
            "title": "Arabia Mountain National Heritage Area Act of 2001",
            "type": "S",
            "url": "https://api.congress.gov/v3/bill/107/s/1526?format=json"
        },
        {
            "congress": 107,
            "introducedDate": "2001-10-01",
            "latestAction": {
                "actionDate": "2001-10-01",
                "text": "Read twice and referred to the Committee on Banking, Housing, and Urban Affairs. (text of measure as introduced: CR S9973-9974)"
            },
            "number": "1476",
            "policyArea": {
                "name": "Commemorations"
            },
            "title": "A bill to authorize the President to award a gold medal on behalf of the Congress to Reverend Doctor Martin Luther King, Jr. (posthumously) and his widow Coretta Scott King in recognition of their contributions to the Nation on behalf of the civil rights movement.",
            "type": "S",
            "url": "https://api.congress.gov/v3/bill/107/s/1476?format=json"
        },
        {
            "congress": 107,
            "introducedDate": "2001-07-31",
            "latestAction": {
                "actionDate": "2001-07-31",
                "text": "Read twice and referred to the Committee on Veterans' Affairs. (text of measure as introduced: CR S8478)"
            },
            "number": "1280",
            "policyArea": {
                "name": "Armed Forces and National Security"
            },
            "title": "Veterans' Hospital Emergency Repair Act",
            "type": "S",
            "url": "https://api.congress.gov/v3/bill/107/s/1280?format=json"
        },
        {
            "congress": 107,
            "introducedDate": "2001-07-19",
            "latestAction": {
                "actionDate": "2001-07-19",
                "text": "Read twice and referred to the Committee on Armed Services."
            },
            "number": "1200",
            "policyArea": {
                "name": "Armed Forces and National Security"
            },
            "title": "Jewish War Veterans Act of 2001",
            "type": "S",
            "url": "https://api.congress.gov/v3/bill/107/s/1200?format=json"
        },
        {
            "congress": 107,
            "introducedDate": "2001-07-18",
            "latestAction": {
                "actionDate": "2001-07-18",
                "text": "Read twice and referred to the Committee on Finance."
            },
            "number": "1192",
            "policyArea": {
                "name": "Taxation"
            },
            "title": "A bill to amend the Internal Revenue Code of 1986 to provide a tax credit for modifications to intercity buses required under the Americans with Disabilities Act of 1990.",
            "type": "S",
            "url": "https://api.congress.gov/v3/bill/107/s/1192?format=json"
        },
        {
            "congress": 107,
            "introducedDate": "2001-07-17",
            "latestAction": {
                "actionDate": "2001-11-30",
                "text": "Indefinitely postponed by Senate by Unanimous Consent. (consideration: CR S12272)"
            },
            "number": "1184",
            "policyArea": {
                "name": "Commemorations"
            },
            "title": "A bill to designate the facility of the United States Postal Service located at 2853 Candler Road in Decatur, Georgia, as the \"Earl T. Shinhoster Post Office\".",
            "type": "S",
            "url": "https://api.congress.gov/v3/bill/107/s/1184?format=json"
        },
        {
            "congress": 107,
            "introducedDate": "2001-06-21",
            "latestAction": {
                "actionDate": "2001-07-10",
                "text": "Committee on Governmental Affairs referred to Subcommittee on International Security, Proliferation and Federal Services."
            },
            "number": "1080",
            "policyArea": {
                "name": "Government Operations and Politics"
            },
            "title": "Federal Registered Nurse Retirement Adjustment Act of 2001",
            "type": "S",
            "url": "https://api.congress.gov/v3/bill/107/s/1080?format=json"
        },
        {
            "congress": 107,
            "introducedDate": "2001-05-23",
            "latestAction": {
                "actionDate": "2001-06-28",
                "text": "Committee on Veterans' Affairs. Hearings held."
            },
            "number": "937",
            "policyArea": {
                "name": "Armed Forces and National Security"
            },
            "title": "Helping Our Professionals Educationally (HOPE) Act of 2001",
            "type": "S",
            "url": "https://api.congress.gov/v3/bill/107/s/937?format=json"
        },
        {
            "congress": 107,
            "introducedDate": "2001-05-22",
            "latestAction": {
                "actionDate": "2001-05-22",
                "text": "Read twice and referred to the Committee on Foreign Relations."
            },
            "number": "931",
            "policyArea": {
                "name": "International Affairs"
            },
            "title": "A bill to require certain information from the President before certain deployments of the Armed Forces, and for other purposes.",
            "type": "S",
            "url": "https://api.congress.gov/v3/bill/107/s/931?format=json"
        },
        {
            "congress": 107,
            "introducedDate": "2001-05-10",
            "latestAction": {
                "actionDate": "2001-06-21",
                "text": "Committee on Governmental Affairs referred to Subcommittee on International Security, Proliferation and Federal Services."
            },
            "number": "871",
            "policyArea": {
                "name": "Government Operations and Politics"
            },
            "title": "Federal Air Traffic Controllers Annuity Computation Act of 2001",
            "type": "S",
            "url": "https://api.congress.gov/v3/bill/107/s/871?format=json"
        },
        {
            "congress": 107,
            "introducedDate": "2001-04-03",
            "latestAction": {
                "actionDate": "2001-04-03",
                "text": "Read twice and referred to the Committee on Energy and Natural Resources. (text of measure as introduced: CR S3343-3344)"
            },
            "number": "679",
            "policyArea": {
                "name": "Public Lands and Natural Resources"
            },
            "title": "Arabia Mountain National Heritage Area Act of 2001",
            "type": "S",
            "url": "https://api.congress.gov/v3/bill/107/s/679?format=json"
        },
        {
            "congress": 107,
            "introducedDate": "2001-03-14",
            "latestAction": {
                "actionDate": "2001-06-21",
                "text": "Committee on Governmental Affairs referred to Subcommittee on International Security, Proliferation and Federal Services."
            },
            "number": "529",
            "policyArea": {
                "name": "Government Operations and Politics"
            },
            "title": "A bill to provide wage parity for certain Department of Defense prevailing rate employees in Georgia.",
            "type": "S",
            "url": "https://api.congress.gov/v3/bill/107/s/529?format=json"
        },
        {
            "congress": 107,
            "introducedDate": "2001-03-07",
            "latestAction": {
                "actionDate": "2001-03-07",
                "text": "Read twice and referred to the Committee on Rules and Administration."
            },
            "number": "479",
            "policyArea": {
                "name": "Government Operations and Politics"
            },
            "title": "Make Every Vote Count Act",
            "type": "S",
            "url": "https://api.congress.gov/v3/bill/107/s/479?format=json"
        },
        {
            "congress": 107,
            "introducedDate": "2001-02-28",
            "latestAction": {
                "actionDate": "2002-07-09",
                "text": "Placed on Senate Legislative Calendar under General Orders. Calendar No. 487."
            },
            "number": "414",
            "policyArea": {
                "name": "Science, Technology, Communications"
            },
            "title": "NTIA Digital Network Technology Program Act",
            "type": "S",
            "url": "https://api.congress.gov/v3/bill/107/s/414?format=json"
        },
        {
            "congress": 107,
            "introducedDate": "2001-02-08",
            "latestAction": {
                "actionDate": "2001-02-08",
                "text": "Read twice and referred to the Committee on Finance. (text of measure as introduced: CR S1223-1224)"
            },
            "number": "292",
            "policyArea": {
                "name": "Taxation"
            },
            "title": "Community Technology Assistance Act",
            "type": "S",
            "url": "https://api.congress.gov/v3/bill/107/s/292?format=json"
        },
        {
            "congress": 107,
            "introducedDate": "2001-02-07",
            "latestAction": {
                "actionDate": "2001-02-07",
                "text": "Read twice and referred to the Committee on Health, Education, Labor, and Pensions. (text of measure as introduced: CR S1123-1124)"
            },
            "number": "269",
            "policyArea": {
                "name": "Education"
            },
            "title": "Immigrants to New Americans Act",
            "type": "S",
            "url": "https://api.congress.gov/v3/bill/107/s/269?format=json"
        },
        {
            "congress": 107,
            "introducedDate": "2001-02-06",
            "latestAction": {
                "actionDate": "2001-02-06",
                "text": "Read twice and referred to the Committee on Health, Education, Labor, and Pensions. (text of measure as introduced: CR S1084-1085)"
            },
            "number": "262",
            "policyArea": {
                "name": "Education"
            },
            "title": "Teaching Excellence in America's Classrooms and Homerooms Act (TEACH)",
            "type": "S",
            "url": "https://api.congress.gov/v3/bill/107/s/262?format=json"
        },
        {
            "congress": 107,
            "introducedDate": "2001-01-31",
            "latestAction": {
                "actionDate": "2001-01-31",
                "text": "Read twice and referred to the Committee on Finance. (text of measure as introduced: CR S923)"
            },
            "number": "232",
            "policyArea": {
                "name": "Taxation"
            },
            "title": "A bill to amend the Internal Revenue Code of 1986 to exclude United States savings bond income from gross income if it is used to pay long-term care expenses.",
            "type": "S",
            "url": "https://api.congress.gov/v3/bill/107/s/232?format=json"
        },
        {
            "congress": 107,
            "introducedDate": "2001-01-23",
            "latestAction": {
                "actionDate": "2001-01-23",
                "text": "Read twice and referred to the Committee on Agriculture, Nutrition, and Forestry. (text of measure as introduced: CR S457)"
            },
            "number": "144",
            "policyArea": {
                "name": "Agriculture and Food"
            },
            "title": "Peanut Labeling Act of 2001",
            "type": "S",
            "url": "https://api.congress.gov/v3/bill/107/s/144?format=json"
        },
        {
            "congress": 107,
            "introducedDate": "2001-01-22",
            "latestAction": {
                "actionDate": "2001-01-22",
                "text": "Read twice and referred to the Committee on Banking, Housing, and Urban Affairs. (text of measure as introduced: CR S401-402)"
            },
            "number": "126",
            "policyArea": {
                "name": "Commemorations"
            },
            "title": "A bill to authorize the President to present a gold medal on behalf of Congress to former President Jimmy Carter and his wife Rosalynn Carter in recognition of their service to the Nation.",
            "type": "S",
            "url": "https://api.congress.gov/v3/bill/107/s/126?format=json"
        },
        {
            "congress": 107,
            "introducedDate": "2001-01-22",
            "latestAction": {
                "actionDate": "2001-01-22",
                "text": "Read twice and referred to the Committee on Veterans' Affairs. (text of measure as introduced: CR S405)"
            },
            "number": "129",
            "policyArea": {
                "name": "Armed Forces and National Security"
            },
            "title": "Gold Star Parents Annuity Act",
            "type": "S",
            "url": "https://api.congress.gov/v3/bill/107/s/129?format=json"
        },
        {
            "congress": 107,
            "introducedDate": "2002-07-31",
            "latestAction": {
                "actionDate": "2002-09-25",
                "text": "Committee on Governmental Affairs referred to Subcommittee on International Security, Proliferation and Federal Services."
            },
            "number": "314",
            "policyArea": {
                "name": "Commemorations"
            },
            "title": "A resolution expressing the sense of the Senate that a commemorative postage stamp should be issued commemorating registered nurses.",
            "type": "SRES",
            "url": "https://api.congress.gov/v3/bill/107/sres/314?format=json"
        },
        {
            "congress": 107,
            "introducedDate": "2001-12-05",
            "latestAction": {
                "actionDate": "2002-04-10",
                "text": "Resolution agreed to in Senate without amendment and an amended preamble by Unanimous Consent. (consideration: CR S2504; text as passed Senate: CR S2504)"
            },
            "number": "187",
            "policyArea": {
                "name": "Congress"
            },
            "title": "A resolution commending the staffs of Members of Congress, the Capitol Police, the Office of the Attending Physician and his health care staff, and other members of the Capitol Hill community for their courage and professionalism during the days and weeks following the release of anthrax in Senator Daschle's office.",
            "type": "SRES",
            "url": "https://api.congress.gov/v3/bill/107/sres/187?format=json"
        },
        {
            "congress": 107,
            "introducedDate": "2001-05-24",
            "latestAction": {
                "actionDate": "2001-05-24",
                "text": "Submitted in the Senate, considered, and agreed to without amendment and with a preamble by Unanimous Consent. (consideration: CR S5638-5658; text as passed Senate: CR 5/25/2001 S5759)"
            },
            "number": "94",
            "policyArea": {
                "name": "Commemorations"
            },
            "title": "A resolution expressing the sense of the Senate to designate May 28, 2001, as a special day for recognizing the members of the Armed Forces who have been killed in hostile action since the end of the Vietnam War.",
            "type": "SRES",
            "url": "https://api.congress.gov/v3/bill/107/sres/94?format=json"
        },
        {
            "congress": 107,
            "introducedDate": "2001-02-14",
            "latestAction": {
                "actionDate": "2001-11-30",
                "text": "Resolution agreed to in Senate without amendment and with a preamble by Unanimous Consent. (consideration: CR S12272; text of measure as passed Senate: CR S12272)"
            },
            "number": "23",
            "policyArea": {
                "name": "Commemorations"
            },
            "title": "A resolution expressing the sense of the Senate that the President should award the Presidential Medal of Freedom posthumously to Dr. Benjamin Elijah Mays in honor of his distinguished career as an educator, civil and human rights leader, and public theologian.",
            "type": "SRES",
            "url": "https://api.congress.gov/v3/bill/107/sres/23?format=json"
        },
        {
            "congress": 107,
            "introducedDate": "2001-01-23",
            "latestAction": {
                "actionDate": "2001-01-23",
                "text": "Submitted in the Senate, considered, and agreed to without amendment and with a preamble by Unanimous Consent. (consideration: CR S505; text as passed Senate: CR S498)"
            },
            "number": "14",
            "policyArea": {
                "name": "Commemorations"
            },
            "title": "A resolution commending the Georgia Southern University Eagles football team for winning the 2000 NCAA Division I-AA football championship.",
            "type": "SRES",
            "url": "https://api.congress.gov/v3/bill/107/sres/14?format=json"
        },
        {
            "congress": 106,
            "introducedDate": "2000-04-13",
            "latestAction": {
                "actionDate": "2000-04-13",
                "text": "Referred to the Committee on the Judiciary. (text of measure as introduced: CR S2776)"
            },
            "number": "292",
            "policyArea": {
                "name": "Commemorations"
            },
            "title": "A resolution recognizing the 20th century as the \"Century of Women in the United States\".",
            "type": "SRES",
            "url": "https://api.congress.gov/v3/bill/106/sres/292?format=json"
        },
        {
            "amendmentNumber": "4260",
            "congress": 106,
            "introducedDate": "2000-09-27",
            "latestAction": null,
            "type": null,
            "url": "https://api.congress.gov/v3/amendment/106/samdt/4260?format=json"
        },
        {
            "amendmentNumber": "4261",
            "congress": 106,
            "introducedDate": "2000-09-27",
            "latestAction": null,
            "type": null,
            "url": "https://api.congress.gov/v3/amendment/106/samdt/4261?format=json"
        },
        {
            "amendmentNumber": "4030",
            "congress": 106,
            "introducedDate": "2000-09-05",
            "latestAction": null,
            "type": null,
            "url": "https://api.congress.gov/v3/amendment/106/samdt/4030?format=json"
        },
        {
            "amendmentNumber": "4031",
            "congress": 106,
            "introducedDate": "2000-09-05",
            "latestAction": null,
            "type": null,
            "url": "https://api.congress.gov/v3/amendment/106/samdt/4031?format=json"
        },
        {
            "amendmentNumber": "3860",
            "congress": 106,
            "introducedDate": "2000-07-14",
            "latestAction": {
                "actionDate": "2000-07-17",
                "text": "Amendment SA 3860 agreed to in Senate by Unanimous Consent. "
            },
            "type": null,
            "url": "https://api.congress.gov/v3/amendment/106/samdt/3860?format=json"
        },
        {
            "amendmentNumber": "3859",
            "congress": 106,
            "introducedDate": "2000-07-14",
            "latestAction": {
                "actionDate": "2000-07-17",
                "text": "Amendment SA 3859 agreed to in Senate by Unanimous Consent. "
            },
            "type": null,
            "url": "https://api.congress.gov/v3/amendment/106/samdt/3859?format=json"
        },
        {
            "amendmentNumber": "3461",
            "congress": 106,
            "introducedDate": "2000-06-19",
            "latestAction": {
                "actionDate": "2000-06-19",
                "text": "Amendment SA 3461 agreed to in Senate by Voice Vote. "
            },
            "type": null,
            "url": "https://api.congress.gov/v3/amendment/106/samdt/3461?format=json"
        },
        {
            "amendmentNumber": "3418",
            "congress": 106,
            "introducedDate": "2000-06-14",
            "latestAction": {
                "actionDate": "2000-06-30",
                "text": "Senate vitiated previous adoption of amendment SA 3418 by Unanimous Consent. "
            },
            "type": null,
            "url": "https://api.congress.gov/v3/amendment/106/samdt/3418?format=json"
        },
        {
            "amendmentNumber": "3248",
            "congress": 106,
            "introducedDate": "2000-06-08",
            "latestAction": {
                "actionDate": "2000-06-08",
                "text": "Amendment SA 3248 agreed to in Senate by Voice Vote. "
            },
            "type": null,
            "url": "https://api.congress.gov/v3/amendment/106/samdt/3248?format=json"
        },
        {
            "amendmentNumber": "3226",
            "congress": 106,
            "introducedDate": "2000-06-08",
            "latestAction": {
                "actionDate": "2000-06-08",
                "text": "Amendment SA 3226 agreed to in Senate by Voice Vote. "
            },
            "type": null,
            "url": "https://api.congress.gov/v3/amendment/106/samdt/3226?format=json"
        },
        {
            "amendmentNumber": "3006",
            "congress": 106,
            "introducedDate": "2000-04-06",
            "latestAction": null,
            "type": null,
            "url": "https://api.congress.gov/v3/amendment/106/samdt/3006?format=json"
        },
        {
            "amendmentNumber": "2980",
            "congress": 106,
            "introducedDate": "2000-04-06",
            "latestAction": null,
            "type": null,
            "url": "https://api.congress.gov/v3/amendment/106/samdt/2980?format=json"
        },
        {
            "amendmentNumber": "2981",
            "congress": 106,
            "introducedDate": "2000-04-06",
            "latestAction": null,
            "type": null,
            "url": "https://api.congress.gov/v3/amendment/106/samdt/2981?format=json"
        },
        {
            "amendmentNumber": "2314",
            "congress": 106,
            "introducedDate": "1999-10-19",
            "latestAction": null,
            "type": null,
            "url": "https://api.congress.gov/v3/amendment/106/samdt/2314?format=json"
        },
        {
            "amendmentNumber": "2316",
            "congress": 106,
            "introducedDate": "1999-10-19",
            "latestAction": null,
            "type": null,
            "url": "https://api.congress.gov/v3/amendment/106/samdt/2316?format=json"
        },
        {
            "amendmentNumber": "2315",
            "congress": 106,
            "introducedDate": "1999-10-19",
            "latestAction": null,
            "type": null,
            "url": "https://api.congress.gov/v3/amendment/106/samdt/2315?format=json"
        },
        {
            "amendmentNumber": "2312",
            "congress": 106,
            "introducedDate": "1999-10-19",
            "latestAction": null,
            "type": null,
            "url": "https://api.congress.gov/v3/amendment/106/samdt/2312?format=json"
        },
        {
            "amendmentNumber": "2309",
            "congress": 106,
            "introducedDate": "1999-10-19",
            "latestAction": null,
            "type": null,
            "url": "https://api.congress.gov/v3/amendment/106/samdt/2309?format=json"
        },
        {
            "amendmentNumber": "2313",
            "congress": 106,
            "introducedDate": "1999-10-19",
            "latestAction": null,
            "type": null,
            "url": "https://api.congress.gov/v3/amendment/106/samdt/2313?format=json"
        },
        {
            "amendmentNumber": "2310",
            "congress": 106,
            "introducedDate": "1999-10-19",
            "latestAction": null,
            "type": null,
            "url": "https://api.congress.gov/v3/amendment/106/samdt/2310?format=json"
        },
        {
            "amendmentNumber": "2308",
            "congress": 106,
            "introducedDate": "1999-10-19",
            "latestAction": null,
            "type": null,
            "url": "https://api.congress.gov/v3/amendment/106/samdt/2308?format=json"
        },
        {
            "amendmentNumber": "2311",
            "congress": 106,
            "introducedDate": "1999-10-19",
            "latestAction": null,
            "type": null,
            "url": "https://api.congress.gov/v3/amendment/106/samdt/2311?format=json"
        },
        {
            "amendmentNumber": "1788",
            "congress": 106,
            "introducedDate": "1999-09-23",
            "latestAction": null,
            "type": null,
            "url": "https://api.congress.gov/v3/amendment/106/samdt/1788?format=json"
        },
        {
            "amendmentNumber": "1751",
            "congress": 106,
            "introducedDate": "1999-09-22",
            "latestAction": null,
            "type": null,
            "url": "https://api.congress.gov/v3/amendment/106/samdt/1751?format=json"
        },
        {
            "amendmentNumber": "1753",
            "congress": 106,
            "introducedDate": "1999-09-22",
            "latestAction": null,
            "type": null,
            "url": "https://api.congress.gov/v3/amendment/106/samdt/1753?format=json"
        },
        {
            "amendmentNumber": "1750",
            "congress": 106,
            "introducedDate": "1999-09-22",
            "latestAction": null,
            "type": null,
            "url": "https://api.congress.gov/v3/amendment/106/samdt/1750?format=json"
        },
        {
            "amendmentNumber": "1754",
            "congress": 106,
            "introducedDate": "1999-09-22",
            "latestAction": null,
            "type": null,
            "url": "https://api.congress.gov/v3/amendment/106/samdt/1754?format=json"
        },
        {
            "amendmentNumber": "1752",
            "congress": 106,
            "introducedDate": "1999-09-22",
            "latestAction": null,
            "type": null,
            "url": "https://api.congress.gov/v3/amendment/106/samdt/1752?format=json"
        },
        {
            "amendmentNumber": "1749",
            "congress": 106,
            "introducedDate": "1999-09-22",
            "latestAction": null,
            "type": null,
            "url": "https://api.congress.gov/v3/amendment/106/samdt/1749?format=json"
        },
        {
            "amendmentNumber": "1530",
            "congress": 106,
            "introducedDate": "1999-08-04",
            "latestAction": {
                "actionDate": "1999-08-04",
                "text": "Amendment SP 1530 agreed to in Senate by Voice Vote. "
            },
            "type": null,
            "url": "https://api.congress.gov/v3/amendment/106/samdt/1530?format=json"
        },
        {
            "amendmentNumber": "1164",
            "congress": 106,
            "introducedDate": "1999-06-30",
            "latestAction": null,
            "type": null,
            "url": "https://api.congress.gov/v3/amendment/106/samdt/1164?format=json"
        },
        {
            "amendmentNumber": "1163",
            "congress": 106,
            "introducedDate": "1999-06-30",
            "latestAction": {
                "actionDate": "1999-06-30",
                "text": "Amendment SP 1163 agreed to in Senate by Voice Vote. (text: CR S4136)"
            },
            "type": null,
            "url": "https://api.congress.gov/v3/amendment/106/samdt/1163?format=json"
        },
        {
            "amendmentNumber": "1037",
            "congress": 106,
            "introducedDate": "1999-06-24",
            "latestAction": null,
            "type": null,
            "url": "https://api.congress.gov/v3/amendment/106/samdt/1037?format=json"
        },
        {
            "amendmentNumber": "508",
            "congress": 106,
            "introducedDate": "1999-05-27",
            "latestAction": {
                "actionDate": "1999-05-27",
                "text": "Amendment SP 508 agreed to in Senate by Voice Vote. "
            },
            "type": null,
            "url": "https://api.congress.gov/v3/amendment/106/samdt/508?format=json"
        },
        {
            "amendmentNumber": "495",
            "congress": 106,
            "introducedDate": "1999-05-27",
            "latestAction": {
                "actionDate": "1999-05-27",
                "text": "Amendment SP 495 agreed to in Senate by Voice Vote. "
            },
            "type": null,
            "url": "https://api.congress.gov/v3/amendment/106/samdt/495?format=json"
        },
        {
            "amendmentNumber": "427",
            "congress": 106,
            "introducedDate": "1999-05-27",
            "latestAction": {
                "actionDate": "1999-05-27",
                "text": "Amendment SP 427 as modified agreed to in Senate by Voice Vote. "
            },
            "type": null,
            "url": "https://api.congress.gov/v3/amendment/106/samdt/427?format=json"
        },
        {
            "amendmentNumber": "4",
            "congress": 106,
            "introducedDate": "1999-02-03",
            "latestAction": {
                "actionDate": "1999-02-23",
                "text": "Amendment SP 4 agreed to in Senate by Voice Vote. "
            },
            "type": null,
            "url": "https://api.congress.gov/v3/amendment/106/samdt/4?format=json"
        },
        {
            "amendmentNumber": "6",
            "congress": 106,
            "introducedDate": "1999-02-09",
            "latestAction": {
                "actionDate": "1999-02-24",
                "text": "Amendment SP 6 agreed to in Senate by Yea-Nay Vote. 100-0. Record Vote No: 23. "
            },
            "type": null,
            "url": "https://api.congress.gov/v3/amendment/106/samdt/6?format=json"
        },
        {
            "congress": 106,
            "introducedDate": "2000-09-28",
            "latestAction": {
                "actionDate": "2000-09-28",
                "text": "Read twice and referred to the Committee on Rules and Administration."
            },
            "number": "3135",
            "policyArea": {
                "name": "Arts, Culture, Religion"
            },
            "title": "Veterans' Oral History Project Act",
            "type": "S",
            "url": "https://api.congress.gov/v3/bill/106/s/3135?format=json"
        },
        {
            "congress": 106,
            "introducedDate": "2000-07-12",
            "latestAction": {
                "actionDate": "2000-10-03",
                "text": "Sponsor introductory remarks on measure. (CR S9776-9777)"
            },
            "number": "2851",
            "policyArea": {
                "name": "International Affairs"
            },
            "title": "A bill to require certain information from the President before certain deployments of the Armed Forces, and for other purposes.",
            "type": "S",
            "url": "https://api.congress.gov/v3/bill/106/s/2851?format=json"
        },
        {
            "congress": 106,
            "introducedDate": "2000-06-29",
            "latestAction": {
                "actionDate": "2000-06-29",
                "text": "Read twice and referred to the Committee on Banking, Housing, and Urban Affairs."
            },
            "number": "2824",
            "policyArea": {
                "name": "Commemorations"
            },
            "title": "A bill to authorize the President to award a gold medal on behalf of Congress to General Wesley K. Clark, United States Army, in recognition of his outstanding leadership and service during the military operations against the Federal Republic of Yugoslavia (Serbia and Montenegro).",
            "type": "S",
            "url": "https://api.congress.gov/v3/bill/106/s/2824?format=json"
        },
        {
            "congress": 106,
            "introducedDate": "2000-06-29",
            "latestAction": {
                "actionDate": "2000-06-29",
                "text": "Read twice and referred to the Committee on Commerce, Science, and Transportation. (text of measure as introduced: CR S6125-6126)"
            },
            "number": "2815",
            "policyArea": {
                "name": "Science, Technology, Communications"
            },
            "title": "A bill to provide for the nationwide designation of 2-1-1 as a toll-free telephone number for access to information and referrals on human services, to encourage the deployment of the toll-free telephone number, and for other purposes.",
            "type": "S",
            "url": "https://api.congress.gov/v3/bill/106/s/2815?format=json"
        },
        {
            "congress": 106,
            "introducedDate": "2000-06-22",
            "latestAction": {
                "actionDate": "2000-06-22",
                "text": "Read twice and referred to the Committee on Indian Affairs. (text of measure as introduced: CR S5668)"
            },
            "number": "2771",
            "policyArea": {
                "name": "Native Americans"
            },
            "title": "Lower Muscogee-Creek Indian Tribe of Georgia Recognition Act",
            "type": "S",
            "url": "https://api.congress.gov/v3/bill/106/s/2771?format=json"
        },
        {
            "congress": 106,
            "introducedDate": "2000-05-25",
            "latestAction": {
                "actionDate": "2000-05-25",
                "text": "Read twice and referred to the Committee on Banking, Housing, and Urban Affairs."
            },
            "number": "2641",
            "policyArea": {
                "name": "Commemorations"
            },
            "title": "A bill to authorize the President to present a gold medal on behalf of Congress to former President Jimmy Carter and his wife Rosalynn Carter in recognition of their service to the Nation.",
            "type": "S",
            "url": "https://api.congress.gov/v3/bill/106/s/2641?format=json"
        },
        {
            "congress": 106,
            "introducedDate": "2000-04-27",
            "latestAction": {
                "actionDate": "2000-04-27",
                "text": "Read twice and referred to the Committee on Health, Education, Labor, and Pensions."
            },
            "number": "2484",
            "policyArea": {
                "name": "Education"
            },
            "title": "Immigrants to New Americans Act",
            "type": "S",
            "url": "https://api.congress.gov/v3/bill/106/s/2484?format=json"
        },
        {
            "congress": 106,
            "introducedDate": "2000-04-11",
            "latestAction": {
                "actionDate": "2000-04-11",
                "text": "Read twice and referred to the Committee on Veterans' Affairs."
            },
            "number": "2402",
            "policyArea": {
                "name": "Armed Forces and National Security"
            },
            "title": "Help Our Professionals Educationally (HOPE) Act of 2000",
            "type": "S",
            "url": "https://api.congress.gov/v3/bill/106/s/2402?format=json"
        },
        {
            "congress": 106,
            "introducedDate": "2000-03-28",
            "latestAction": {
                "actionDate": "2000-03-28",
                "text": "Read twice and referred to the Committee on Finance. (text of measure as introduced: CR S1816-1817)"
            },
            "number": "2302",
            "policyArea": {
                "name": "Taxation"
            },
            "title": "Community Technology Assistance Act",
            "type": "S",
            "url": "https://api.congress.gov/v3/bill/106/s/2302?format=json"
        },
        {
            "congress": 106,
            "introducedDate": "2000-03-08",
            "latestAction": {
                "actionDate": "2000-04-04",
                "text": "Referred to Subcommittee on International Security, Proliferation and Federal Services."
            },
            "number": "2218",
            "policyArea": {
                "name": "Government Operations and Politics"
            },
            "title": "Federal Employees and Uniformed Services Group Long-Term Care Insurance Act of 2000",
            "type": "S",
            "url": "https://api.congress.gov/v3/bill/106/s/2218?format=json"
        },
        {
            "congress": 106,
            "introducedDate": "2000-02-29",
            "latestAction": {
                "actionDate": "2000-04-04",
                "text": "Referred to Subcommittee on International Security, Proliferation and Federal Services."
            },
            "number": "2113",
            "policyArea": {
                "name": "Government Operations and Politics"
            },
            "title": "A bill to provide wage parity for certain Department of Defense prevailing rate employees in Georgia.",
            "type": "S",
            "url": "https://api.congress.gov/v3/bill/106/s/2113?format=json"
        },
        {
            "congress": 106,
            "introducedDate": "2000-02-23",
            "latestAction": {
                "actionDate": "2000-02-23",
                "text": "Read twice and referred to the Committee on Environment and Public Works."
            },
            "number": "2088",
            "policyArea": {
                "name": "Environmental Protection"
            },
            "title": "A bill to amend the Clean Air Act and titles 23 and 49, United States Code, to provide for continued authorization of funding of transportation projects after a lapse in transportation conformity.",
            "type": "S",
            "url": "https://api.congress.gov/v3/bill/106/s/2088?format=json"
        },
        {
            "congress": 106,
            "introducedDate": "2000-02-10",
            "latestAction": {
                "actionDate": "2000-02-10",
                "text": "Read twice and referred to the Committee on Finance. (text of measure as introduced: CR S625)"
            },
            "number": "2066",
            "policyArea": {
                "name": "Taxation"
            },
            "title": "A bill to amend the Internal Revenue Code of 1986 to exclude United States savings bond income from gross income if used to pay long-term care expenses.",
            "type": "S",
            "url": "https://api.congress.gov/v3/bill/106/s/2066?format=json"
        },
        {
            "congress": 106,
            "introducedDate": "1999-10-25",
            "latestAction": {
                "actionDate": "2000-05-10",
                "text": "Placed on Senate Legislative Calendar under General Orders. Calendar No. 537."
            },
            "number": "1779",
            "policyArea": {
                "name": "Private Legislation"
            },
            "title": "A bill to authorize the Secretary of Transportation to issue a certificate of documentation with appropriate endorsement  for employment in the coastwise trade for the vessel M/V SANDPIPER.",
            "type": "S",
            "url": "https://api.congress.gov/v3/bill/106/s/1779?format=json"
        },
        {
            "congress": 106,
            "introducedDate": "1999-10-18",
            "latestAction": {
                "actionDate": "1999-10-18",
                "text": "Read twice and referred to the Committee on Environment and Public Works."
            },
            "number": "1743",
            "policyArea": {
                "name": "Transportation and Public Works"
            },
            "title": "A bill to amend the Transportation Equity Act for the 21st Century to authorize the State of Georgia to participate in the State infrastructure bank pilot program.",
            "type": "S",
            "url": "https://api.congress.gov/v3/bill/106/s/1743?format=json"
        },
        {
            "congress": 106,
            "introducedDate": "1999-09-30",
            "latestAction": {
                "actionDate": "1999-09-30",
                "text": "Read twice and referred to the Committee on Agriculture."
            },
            "number": "1669",
            "policyArea": {
                "name": "Agriculture and Food"
            },
            "title": "Peanut Labeling Act of 1999",
            "type": "S",
            "url": "https://api.congress.gov/v3/bill/106/s/1669?format=json"
        },
        {
            "congress": 106,
            "introducedDate": "1999-04-28",
            "latestAction": {
                "actionDate": "1999-05-13",
                "text": "Referred to Subcommittee on International Security."
            },
            "number": "894",
            "policyArea": {
                "name": "Government Operations and Politics"
            },
            "title": "Federal Civilian and Uniformed Services Long-Term Care Insurance Act of 1999",
            "type": "S",
            "url": "https://api.congress.gov/v3/bill/106/s/894?format=json"
        },
        {
            "congress": 106,
            "introducedDate": "1999-03-24",
            "latestAction": {
                "actionDate": "1999-08-05",
                "text": "Referred to the House Committee on Veterans' Affairs."
            },
            "number": "695",
            "policyArea": {
                "name": "Armed Forces and National Security"
            },
            "title": "An Act to require the Secretary of Veterans Affairs to establish a national cemetery for veterans in various locations in the United States, and for other purposes.",
            "type": "S",
            "url": "https://api.congress.gov/v3/bill/106/s/695?format=json"
        },
        {
            "congress": 106,
            "introducedDate": "1999-03-10",
            "latestAction": {
                "actionDate": "1999-03-10",
                "text": "Read twice and referred to the Committee on Agriculture."
            },
            "number": "575",
            "policyArea": {
                "name": "Agriculture and Food"
            },
            "title": "A bill to redesignate the National School Lunch Act as the \"Richard B. Russell National School Lunch Act\".",
            "type": "S",
            "url": "https://api.congress.gov/v3/bill/106/s/575?format=json"
        },
        {
            "congress": 106,
            "introducedDate": "1999-02-08",
            "latestAction": {
                "actionDate": "1999-04-27",
                "text": "Became Public Law No: 106-24."
            },
            "number": "388",
            "policyArea": {
                "name": "Commerce"
            },
            "title": "A bill to authorize the establishment of a disaster mitigation pilot program in the Small Business Administration.",
            "type": "S",
            "url": "https://api.congress.gov/v3/bill/106/s/388?format=json"
        },
        {
            "congress": 106,
            "introducedDate": "1999-02-04",
            "latestAction": {
                "actionDate": "1999-02-04",
                "text": "Read twice and referred to the Committee on Finance."
            },
            "number": "369",
            "policyArea": {
                "name": "Taxation"
            },
            "title": "A bill to provide States with the authority to permit certain employers of domestic workers to make annual wage reports.",
            "type": "S",
            "url": "https://api.congress.gov/v3/bill/106/s/369?format=json"
        },
        {
            "congress": 106,
            "introducedDate": "1999-01-19",
            "latestAction": {
                "actionDate": "1999-01-19",
                "text": "Read twice and referred to the Committee on Armed Services."
            },
            "number": "169",
            "policyArea": {
                "name": "Armed Forces and National Security"
            },
            "title": "Military Recruiting and Retention Improvement Act of 1999",
            "type": "S",
            "url": "https://api.congress.gov/v3/bill/106/s/169?format=json"
        },
        {
            "congress": 106,
            "introducedDate": "1999-04-30",
            "latestAction": {
                "actionDate": "1999-04-30",
                "text": "Read twice and referred to the Committee on Veterans Affairs."
            },
            "number": "24",
            "policyArea": {
                "name": "Commemorations"
            },
            "title": "A joint resolution conferring status as an honorary veteran of the United States Armed Forces on Zachary Fisher",
            "type": "SJRES",
            "url": "https://api.congress.gov/v3/bill/106/sjres/24?format=json"
        },
        {
            "congress": 106,
            "introducedDate": "1999-11-08",
            "latestAction": {
                "actionDate": "1999-11-10",
                "text": "Resolution agreed to in Senate without amendment and with a preamble by Unanimous Consent."
            },
            "number": "224",
            "policyArea": {
                "name": "Commemorations"
            },
            "title": "A resolution expressing the sense of the Senate to designate November 11, 1999, as a special day for recognizing the members of the Armed Forces and the civilian employees of the United States who participated in the recent conflict in Kosovo and the Balkans.",
            "type": "SRES",
            "url": "https://api.congress.gov/v3/bill/106/sres/224?format=json"
        },
        {
            "congress": 106,
            "introducedDate": "1999-09-30",
            "latestAction": {
                "actionDate": "1999-09-30",
                "text": "Submitted in the Senate, considered, and agreed to without amendment and with a preamble by Voice Vote. (consideration: CR S11669-11670)"
            },
            "number": "192",
            "policyArea": {
                "name": "Commemorations"
            },
            "title": "A resolution extending birthday greetings and best wishes to Jimmy Carter in recognition of his 75th birthday.",
            "type": "SRES",
            "url": "https://api.congress.gov/v3/bill/106/sres/192?format=json"
        },
        {
            "congress": 106,
            "introducedDate": "2000-04-11",
            "latestAction": {
                "actionDate": "2000-05-08",
                "actionTime": "14:54:45",
                "text": "Held at the desk."
            },
            "number": "103",
            "policyArea": {
                "name": "Commemorations"
            },
            "title": "A concurrent resolution  honoring the members of the Armed Forces and Federal civilian employees who served the Nation during the Vietnam era and the families of those individuals who lost their lives or remain unaccounted for or were injured during that era in Southeast Asia or elsewhere in the world in defense of United States national security interests.",
            "type": "SCONRES",
            "url": "https://api.congress.gov/v3/bill/106/sconres/103?format=json"
        },
        {
            "amendmentNumber": "3558",
            "congress": 105,
            "introducedDate": "1998-09-09",
            "latestAction": null,
            "type": null,
            "url": "https://api.congress.gov/v3/amendment/105/samdt/3558?format=json"
        },
        {
            "amendmentNumber": "2983",
            "congress": 105,
            "introducedDate": "1998-06-24",
            "latestAction": null,
            "type": null,
            "url": "https://api.congress.gov/v3/amendment/105/samdt/2983?format=json"
        },
        {
            "amendmentNumber": "2723",
            "congress": 105,
            "introducedDate": "1998-06-18",
            "latestAction": {
                "actionDate": "1998-06-18",
                "text": "Amendment SP 2723 agreed to in Senate by Voice Vote. "
            },
            "type": null,
            "url": "https://api.congress.gov/v3/amendment/105/samdt/2723?format=json"
        },
        {
            "amendmentNumber": "2158",
            "congress": 105,
            "introducedDate": "1998-03-26",
            "latestAction": {
                "actionDate": "1998-03-26",
                "text": "Proposed amendment SP 2155 withdrawn in Senate. "
            },
            "type": null,
            "url": "https://api.congress.gov/v3/amendment/105/samdt/2158?format=json"
        },
        {
            "amendmentNumber": "1977",
            "congress": 105,
            "introducedDate": "1998-03-11",
            "latestAction": {
                "actionDate": "1998-03-11",
                "text": "Amendment SP 1977 agreed to in Senate by Voice Vote. "
            },
            "type": null,
            "url": "https://api.congress.gov/v3/amendment/105/samdt/1977?format=json"
        },
        {
            "amendmentNumber": "1735",
            "congress": 105,
            "introducedDate": "1998-03-09",
            "latestAction": null,
            "type": null,
            "url": "https://api.congress.gov/v3/amendment/105/samdt/1735?format=json"
        },
        {
            "amendmentNumber": "1296",
            "congress": 105,
            "introducedDate": "1997-10-06",
            "latestAction": null,
            "type": null,
            "url": "https://api.congress.gov/v3/amendment/105/samdt/1296?format=json"
        },
        {
            "amendmentNumber": "1295",
            "congress": 105,
            "introducedDate": "1997-10-06",
            "latestAction": null,
            "type": null,
            "url": "https://api.congress.gov/v3/amendment/105/samdt/1295?format=json"
        },
        {
            "amendmentNumber": "1299",
            "congress": 105,
            "introducedDate": "1997-10-06",
            "latestAction": null,
            "type": null,
            "url": "https://api.congress.gov/v3/amendment/105/samdt/1299?format=json"
        },
        {
            "amendmentNumber": "1297",
            "congress": 105,
            "introducedDate": "1997-10-06",
            "latestAction": null,
            "type": null,
            "url": "https://api.congress.gov/v3/amendment/105/samdt/1297?format=json"
        },
        {
            "amendmentNumber": "1294",
            "congress": 105,
            "introducedDate": "1997-10-06",
            "latestAction": null,
            "type": null,
            "url": "https://api.congress.gov/v3/amendment/105/samdt/1294?format=json"
        },
        {
            "amendmentNumber": "1298",
            "congress": 105,
            "introducedDate": "1997-10-06",
            "latestAction": null,
            "type": null,
            "url": "https://api.congress.gov/v3/amendment/105/samdt/1298?format=json"
        },
        {
            "amendmentNumber": "928",
            "congress": 105,
            "introducedDate": "1997-07-17",
            "latestAction": null,
            "type": null,
            "url": "https://api.congress.gov/v3/amendment/105/samdt/928?format=json"
        },
        {
            "amendmentNumber": "792",
            "congress": 105,
            "introducedDate": "1997-07-10",
            "latestAction": null,
            "type": null,
            "url": "https://api.congress.gov/v3/amendment/105/samdt/792?format=json"
        },
        {
            "amendmentNumber": "791",
            "congress": 105,
            "introducedDate": "1997-07-10",
            "latestAction": null,
            "type": null,
            "url": "https://api.congress.gov/v3/amendment/105/samdt/791?format=json"
        },
        {
            "amendmentNumber": "712",
            "congress": 105,
            "introducedDate": "1997-07-07",
            "latestAction": {
                "actionDate": "1997-07-08",
                "text": "Amendment SP 712 agreed to in Senate by Voice Vote. "
            },
            "type": null,
            "url": "https://api.congress.gov/v3/amendment/105/samdt/712?format=json"
        },
        {
            "amendmentNumber": "793",
            "congress": 105,
            "introducedDate": "1997-07-10",
            "latestAction": null,
            "type": null,
            "url": "https://api.congress.gov/v3/amendment/105/samdt/793?format=json"
        },
        {
            "amendmentNumber": "810",
            "congress": 105,
            "introducedDate": "1997-07-11",
            "latestAction": {
                "actionDate": "1997-07-11",
                "text": "Amendment SP 810 agreed to in Senate by Voice Vote. "
            },
            "type": null,
            "url": "https://api.congress.gov/v3/amendment/105/samdt/810?format=json"
        },
        {
            "congress": 105,
            "introducedDate": "1998-09-08",
            "latestAction": {
                "actionDate": "1998-10-09",
                "text": "Sponsor introductory remarks on measure. (CR S12223-12224)"
            },
            "number": "2449",
            "policyArea": {
                "name": "Crime and Law Enforcement"
            },
            "title": "Drug Currency Forfeitures Act",
            "type": "S",
            "url": "https://api.congress.gov/v3/bill/105/s/2449?format=json"
        },
        {
            "congress": 105,
            "introducedDate": "1998-09-01",
            "latestAction": {
                "actionDate": "1998-09-01",
                "text": "Read twice and referred to the Committee on Veterans Affairs."
            },
            "number": "2429",
            "policyArea": {
                "name": "Armed Forces and National Security"
            },
            "title": "A bill to direct the Secretary of Veterans Affairs to establish a national cemetery for veterans in the Atlanta, Georgia, metropolitan area.",
            "type": "S",
            "url": "https://api.congress.gov/v3/bill/105/s/2429?format=json"
        },
        {
            "congress": 105,
            "introducedDate": "1998-07-29",
            "latestAction": {
                "actionDate": "1998-09-25",
                "text": "Placed on Senate Legislative Calendar under General Orders. Calendar No. 647."
            },
            "number": "2370",
            "policyArea": {
                "name": "Commemorations"
            },
            "title": "A bill to designate the facility of the United States Postal Service located at Tall Timbers Village Square, United States Highway 19 South, in Thomasville, Georgia, as the \"Lieutenant Henry O. Flipper Station\".",
            "type": "S",
            "url": "https://api.congress.gov/v3/bill/105/s/2370?format=json"
        },
        {
            "congress": 105,
            "introducedDate": "1998-06-11",
            "latestAction": {
                "actionDate": "1998-06-18",
                "text": "Star Print ordered on the bill."
            },
            "number": "2157",
            "policyArea": {
                "name": "Commerce"
            },
            "title": "A bill to amend the Small Business Act to increase the authorized funding level for women's business centers.",
            "type": "S",
            "url": "https://api.congress.gov/v3/bill/105/s/2157?format=json"
        },
        {
            "congress": 105,
            "introducedDate": "1998-04-30",
            "latestAction": {
                "actionDate": "1998-04-30",
                "text": "Read twice and referred to the Committee on Armed Services."
            },
            "number": "2009",
            "policyArea": {
                "name": "Armed Forces and National Security"
            },
            "title": "A bill to require the Secretary of Defense and the Secretary of Veterans Affairs to carry out joint reviews relating to interdepartmental cooperation in the delivery of medical care by the departments.",
            "type": "S",
            "url": "https://api.congress.gov/v3/bill/105/s/2009?format=json"
        },
        {
            "congress": 105,
            "introducedDate": "1998-03-30",
            "latestAction": {
                "actionDate": "1998-03-30",
                "text": "Read twice and referred to the Committee on Finance."
            },
            "number": "1880",
            "policyArea": {
                "name": "Taxation"
            },
            "title": "A bill to provide States with the authority to permit certain employers of domestic workers to make annual wage reports.",
            "type": "S",
            "url": "https://api.congress.gov/v3/bill/105/s/1880?format=json"
        },
        {
            "congress": 105,
            "introducedDate": "1998-03-26",
            "latestAction": {
                "actionDate": "1998-03-26",
                "text": "Read twice and referred to the Committee on Small Business."
            },
            "number": "1869",
            "policyArea": {
                "name": "Commerce"
            },
            "title": "A bill to authorize the establishment of a disaster mitigation pilot program in the Small Business Administration.",
            "type": "S",
            "url": "https://api.congress.gov/v3/bill/105/s/1869?format=json"
        },
        {
            "congress": 105,
            "introducedDate": "1998-02-23",
            "latestAction": {
                "actionDate": "1998-02-23",
                "text": "Read twice and referred to the Committee on Rules and Administration."
            },
            "number": "1664",
            "policyArea": {
                "name": "Government Operations and Politics"
            },
            "title": "Federal Election Enforcement and Disclosure Reform Act",
            "type": "S",
            "url": "https://api.congress.gov/v3/bill/105/s/1664?format=json"
        },
        {
            "congress": 105,
            "introducedDate": "1998-02-05",
            "latestAction": {
                "actionDate": "1998-02-05",
                "text": "Read twice and referred to the Committee on Banking."
            },
            "number": "1615",
            "policyArea": {
                "name": "Commemorations"
            },
            "title": "A bill to present a gold medal to Len \"Roy Rogers\" Slye and Octavia \"Dale Evans\" Smith.",
            "type": "S",
            "url": "https://api.congress.gov/v3/bill/105/s/1615?format=json"
        },
        {
            "congress": 105,
            "introducedDate": "1997-06-11",
            "latestAction": {
                "actionDate": "1997-06-11",
                "text": "Read twice and referred to the Committee on Environment and Public Works."
            },
            "number": "884",
            "policyArea": {
                "name": "Housing and Community Development"
            },
            "title": "A bill to amend the Appalachian Regional Development Act of 1965 to add Elbert County and Hart County, Georgia, to the Appalachian region.",
            "type": "S",
            "url": "https://api.congress.gov/v3/bill/105/s/884?format=json"
        },
        {
            "congress": 105,
            "introducedDate": "1997-02-24",
            "latestAction": {
                "actionDate": "1998-03-20",
                "text": "Became Public Law No: 105-165."
            },
            "number": "347",
            "policyArea": {
                "name": "Commemorations"
            },
            "title": "An Act to designate the Federal building located at 61 Forsyth Street SW., in Atlanta, Georgia, as the \"Sam Nunn Atlanta Federal Center.\"",
            "type": "S",
            "url": "https://api.congress.gov/v3/bill/105/s/347?format=json"
        }
    ]
}