{
    "pagination": {
        "count": 138
    },
    "request": {
        "bioguideId": "d000474",
        "contentType": "application/json",
        "format": "json"
    },
    "sponsoredLegislation": [
        {
            "congress": 93,
            "introducedDate": "1974-10-11",
            "latestAction": {
                "actionDate": "1974-10-11",
                "text": "Referred to House Committee on Merchant Marine and Fisheries."
            },
            "number": "17296",
            "policyArea": {
                "name": "Public Lands and Natural Resources"
            },
            "title": "A bill to protect the domestic fishing industry by granting to it the same protections granted to the coastwise trade.",
            "type": "HR",
            "url": "https://api.congress.gov/v3/bill/93/hr/17296?format=json"
        },
        {
            "congress": 93,
            "introducedDate": "1974-10-08",
            "latestAction": {
                "actionDate": "1974-10-08",
                "text": "Referred to House Committee on Merchant Marine and Fisheries."
            },
            "number": "17146",
            "policyArea": {
                "name": "Public Lands and Natural Resources"
            },
            "title": "A bill to protect the domestic fishing industry by granting to it the same protections granted to the coastwise trade.",
            "type": "HR",
            "url": "https://api.congress.gov/v3/bill/93/hr/17146?format=json"
        },
        {
            "congress": 93,
            "introducedDate": "1974-10-03",
            "latestAction": {
                "actionDate": "1974-10-03",
                "text": "Referred to House Committee on Merchant Marine and Fisheries."
            },
            "number": "17048",
            "policyArea": {
                "name": "Public Lands and Natural Resources"
            },
            "title": "A bill to protect the domestic fishing industry by granting to it the same protections granted the coastwise trade.",
            "type": "HR",
            "url": "https://api.congress.gov/v3/bill/93/hr/17048?format=json"
        },
        {
            "congress": 93,
            "introducedDate": "1974-09-24",
            "latestAction": {
                "actionDate": "1974-09-24",
                "text": "Referred to House Committee on Interstate and Foreign Commerce."
            },
            "number": "16818",
            "policyArea": {
                "name": "Petroleum industry"
            },
            "title": "A bill to provide for protection of franchised dealers in petroleum products.",
            "type": "HR",
            "url": "https://api.congress.gov/v3/bill/93/hr/16818?format=json"
        },
        {
            "congress": 93,
            "introducedDate": "1974-08-19",
            "latestAction": {
                "actionDate": "1974-08-19",
                "text": "Referred to House Committee on Merchant Marine and Fisheries."
            },
            "number": "16467",
            "policyArea": {
                "name": "Transportation and Public Works"
            },
            "title": "A bill to amend the Merchant Marine Act of 1920, in order to permit cargo vessels to carry more than 16 passengers when emergency situations arise.",
            "type": "HR",
            "url": "https://api.congress.gov/v3/bill/93/hr/16467?format=json"
        },
        {
            "congress": 93,
            "introducedDate": "1974-08-01",
            "latestAction": {
                "actionDate": "1975-01-02",
                "text": "Public law 93-612."
            },
            "number": "16215",
            "policyArea": {
                "name": "Public Lands and Natural Resources"
            },
            "title": "A bill to amend the Coastal Zone Management Act of 1972, to provide more flexibility in the allocation of administrative grants to coastal States, and for other purposes.",
            "type": "HR",
            "url": "https://api.congress.gov/v3/bill/93/hr/16215?format=json"
        },
        {
            "congress": 93,
            "introducedDate": "1974-05-30",
            "latestAction": {
                "actionDate": "1974-10-07",
                "text": "Measure passed House, amended."
            },
            "number": "15093",
            "policyArea": {
                "name": "Government Operations and Politics"
            },
            "title": "A bill to amend title 5, United States Code, to correct inequities in the determination of rates of basic pay in conversions to the general schedule of employees and positions subject to prevailing rate pay schedules.",
            "type": "HR",
            "url": "https://api.congress.gov/v3/bill/93/hr/15093?format=json"
        },
        {
            "congress": 93,
            "introducedDate": "1974-05-16",
            "latestAction": {
                "actionDate": "1974-05-16",
                "text": "Referred to House Committee on Armed Services."
            },
            "number": "14840",
            "policyArea": {
                "name": "Armed Forces and National Security"
            },
            "title": "A bill to amend title 10, United States Code, to provide severance pay for Regular enlisted members of the U.S. Armed Forces.",
            "type": "HR",
            "url": "https://api.congress.gov/v3/bill/93/hr/14840?format=json"
        },
        {
            "congress": 93,
            "introducedDate": "1974-04-30",
            "latestAction": {
                "actionDate": "1974-04-30",
                "text": "Referred to House Committee on House Administration."
            },
            "number": "14469",
            "policyArea": {
                "name": "Arts, Culture, Religion"
            },
            "title": "American Folklife Preservation Act",
            "type": "HR",
            "url": "https://api.congress.gov/v3/bill/93/hr/14469?format=json"
        },
        {
            "congress": 93,
            "introducedDate": "1974-04-09",
            "latestAction": {
                "actionDate": "1974-04-09",
                "text": "Referred to House Committee on Armed Services."
            },
            "number": "14089",
            "policyArea": {
                "name": "Armed Forces and National Security"
            },
            "title": "A bill to amend title 10, United States Code, to provide severance pay for regular enlisted members of the U. S. Armed Forces.",
            "type": "HR",
            "url": "https://api.congress.gov/v3/bill/93/hr/14089?format=json"
        },
        {
            "congress": 93,
            "introducedDate": "1974-04-04",
            "latestAction": {
                "actionDate": "1974-04-04",
                "text": "Referred to House Committee on Interior and Insular Affairs."
            },
            "number": "13975",
            "policyArea": {
                "name": "Public Lands and Natural Resources"
            },
            "title": "A bill to amend the act of September 21, 1965, as amended, providing for the establishment of the Assateague Island National Seashore in the States of Maryland and Virginia.",
            "type": "HR",
            "url": "https://api.congress.gov/v3/bill/93/hr/13975?format=json"
        },
        {
            "congress": 93,
            "introducedDate": "1974-02-26",
            "latestAction": {
                "actionDate": "1974-02-26",
                "text": "Referred to House Committee on Armed Services."
            },
            "number": "13032",
            "policyArea": {
                "name": "Armed Forces and National Security"
            },
            "title": "A bill to amend title 10, United States Code, to provide severance pay for regular enlisted members of the U.S. Armed Forces.",
            "type": "HR",
            "url": "https://api.congress.gov/v3/bill/93/hr/13032?format=json"
        },
        {
            "congress": 93,
            "introducedDate": "1974-02-21",
            "latestAction": {
                "actionDate": "1974-02-21",
                "text": "Referred to House Committee on Interior and Insular Affairs."
            },
            "number": "12984",
            "policyArea": {
                "name": "Public Lands and Natural Resources"
            },
            "title": "A bill to authorize the Secretary of the Interior to acquire certain property located within the Governor's Land Archeological District, James City County, Va., for inclusion in the Colonial National Historical Park.",
            "type": "HR",
            "url": "https://api.congress.gov/v3/bill/93/hr/12984?format=json"
        },
        {
            "congress": 93,
            "introducedDate": "1974-02-21",
            "latestAction": {
                "actionDate": "1974-02-21",
                "text": "Referred to House Committee on Interstate and Foreign Commerce."
            },
            "number": "12985",
            "policyArea": {
                "name": "Science, Technology, Communications"
            },
            "title": "A bill to repeal the Emergency Daylight Saving Time Energy Conservation Act of 1973.",
            "type": "HR",
            "url": "https://api.congress.gov/v3/bill/93/hr/12985?format=json"
        },
        {
            "congress": 93,
            "introducedDate": "1974-02-21",
            "latestAction": {
                "actionDate": "1974-02-21",
                "text": "Referred to House Committee on Ways and Means."
            },
            "number": "12987",
            "policyArea": {
                "name": "Government Operations and Politics"
            },
            "title": "A bill to amend the Internal Revenue Code of 1954 to provide that the tax on the amounts paid for communication services shall not apply to the amount of the State and local taxes paid for such services.",
            "type": "HR",
            "url": "https://api.congress.gov/v3/bill/93/hr/12987?format=json"
        },
        {
            "congress": 93,
            "introducedDate": "1974-02-21",
            "latestAction": {
                "actionDate": "1974-02-21",
                "text": "Referred to House Committee on the Judiciary."
            },
            "number": "12986",
            "policyArea": {
                "name": "Sports and Recreation"
            },
            "title": "A bill to amend the act which created the U.S. Olympic Committee to require such committee to hold public proceedings before it may alter its constitution, to require arbitration of certain amateur athletic disputes.",
            "type": "HR",
            "url": "https://api.congress.gov/v3/bill/93/hr/12986?format=json"
        },
        {
            "congress": 93,
            "introducedDate": "1974-01-23",
            "latestAction": {
                "actionDate": "1974-01-23",
                "text": "Referred to House Committee on Merchant Marine and Fisheries."
            },
            "number": "12233",
            "policyArea": {
                "name": "Public Lands and Natural Resources"
            },
            "title": "Deep Seabed Hard Minerals Act",
            "type": "HR",
            "url": "https://api.congress.gov/v3/bill/93/hr/12233?format=json"
        },
        {
            "congress": 93,
            "introducedDate": "1973-10-04",
            "latestAction": {
                "actionDate": "1973-10-04",
                "text": "Referred to House Committee on Veterans' Affairs."
            },
            "number": "10749",
            "policyArea": {
                "name": "Armed Forces and National Security"
            },
            "title": "A bill to amend title 38 of the United States Code in order to exclude certain social security payments in determining annual income for purposes of paying non-service-connected disability pension to veterans.",
            "type": "HR",
            "url": "https://api.congress.gov/v3/bill/93/hr/10749?format=json"
        },
        {
            "congress": 93,
            "introducedDate": "1973-10-04",
            "latestAction": {
                "actionDate": "1973-10-04",
                "text": "Referred to House Committee on Ways and Means."
            },
            "number": "10750",
            "policyArea": {
                "name": "Social Welfare"
            },
            "title": "A bill to amend section 228 of the Social Security Act to provide that an uninsured individual who is permanently and totally disabled (and has attained age 72) may become entitled to monthly benefits thereunder at any time, without regard to coverage and without any reduction for governmental pensions.",
            "type": "HR",
            "url": "https://api.congress.gov/v3/bill/93/hr/10750?format=json"
        },
        {
            "congress": 93,
            "introducedDate": "1973-08-02",
            "latestAction": {
                "actionDate": "1973-08-02",
                "text": "Referred to House Committee on Interior and Insular Affairs."
            },
            "number": "9825",
            "policyArea": {
                "name": "Public Lands and Natural Resources"
            },
            "title": "A bill to increase the amount of appropriations authorized for property acquisitions for the Colonial National Historical Park, in Yorktown, Va.",
            "type": "HR",
            "url": "https://api.congress.gov/v3/bill/93/hr/9825?format=json"
        },
        {
            "congress": 93,
            "introducedDate": "1973-07-26",
            "latestAction": {
                "actionDate": "1973-07-26",
                "text": "Referred to House Committee on Merchant Marine and Fisheries."
            },
            "number": "9633",
            "policyArea": {
                "name": "Public Lands and Natural Resources"
            },
            "title": "Interim Fisheries Zone Extension and Management Act",
            "type": "HR",
            "url": "https://api.congress.gov/v3/bill/93/hr/9633?format=json"
        },
        {
            "congress": 93,
            "introducedDate": "1973-06-22",
            "latestAction": {
                "actionDate": "1973-06-22",
                "text": "Referred to House Committee on Merchant Marine and Fisheries."
            },
            "number": "8924",
            "policyArea": {
                "name": "Transportation and Public Works"
            },
            "title": "Submersible Vessel Safety Act",
            "type": "HR",
            "url": "https://api.congress.gov/v3/bill/93/hr/8924?format=json"
        },
        {
            "congress": 93,
            "introducedDate": "1973-06-20",
            "latestAction": {
                "actionDate": "1973-06-20",
                "text": "Referred to House Committee on Merchant Marine and Fisheries."
            },
            "number": "8837",
            "policyArea": {
                "name": "Transportation and Public Works"
            },
            "title": "Submersible Vessel Safety Act",
            "type": "HR",
            "url": "https://api.congress.gov/v3/bill/93/hr/8837?format=json"
        },
        {
            "congress": 93,
            "introducedDate": "1973-06-20",
            "latestAction": {
                "actionDate": "1973-06-20",
                "text": "Referred to House Committee on Ways and Means."
            },
            "number": "8836",
            "policyArea": {
                "name": "Social Welfare"
            },
            "title": "A bill to amend title II of the Social Security Act so as to liberalize the conditions governing eligibility of blind persons to receive disability insurance benefits thereunder.",
            "type": "HR",
            "url": "https://api.congress.gov/v3/bill/93/hr/8836?format=json"
        },
        {
            "congress": 93,
            "introducedDate": "1973-05-30",
            "latestAction": {
                "actionDate": "1973-05-30",
                "text": "Referred to House Committee on Interstate and Foreign Commerce."
            },
            "number": "8232",
            "policyArea": {
                "name": "Health"
            },
            "title": "A bill to direct the Secretary of Health, Education, and Welfare to continue to operate and maintain the hospitals and other health care delivery facilities of the Public Health Service to assume that persons entitled to care and treatment at such facilities will continue to receive care and treatment there.",
            "type": "HR",
            "url": "https://api.congress.gov/v3/bill/93/hr/8232?format=json"
        },
        {
            "congress": 93,
            "introducedDate": "1973-05-30",
            "latestAction": {
                "actionDate": "1973-05-30",
                "text": "Referred to House Committee on Ways and Means."
            },
            "number": "8231",
            "policyArea": {
                "name": "Social Welfare"
            },
            "title": "A bill to amend title II of the Social Security Act to eliminate the requirement that the 20 quarters of coverage which a fully insured individual generally needs in order to qualify for disability insurance benefits and the disability freeze must have been earned during a specified 40-quarter period.",
            "type": "HR",
            "url": "https://api.congress.gov/v3/bill/93/hr/8231?format=json"
        },
        {
            "congress": 93,
            "introducedDate": "1973-05-07",
            "latestAction": {
                "actionDate": "1973-05-07",
                "text": "Referred to House Committee on Interstate and Foreign Commerce."
            },
            "number": "7547",
            "policyArea": {
                "name": "Health"
            },
            "title": "Health Programs Extension Act",
            "type": "HR",
            "url": "https://api.congress.gov/v3/bill/93/hr/7547?format=json"
        },
        {
            "congress": 93,
            "introducedDate": "1973-04-16",
            "latestAction": {
                "actionDate": "1973-04-16",
                "text": "Referred to House Committee on the Judiciary."
            },
            "number": "7084",
            "policyArea": {
                "name": "Crime and Law Enforcement"
            },
            "title": "A bill to amend section 2254 of title 28, United States Code, with respect to Federal habeas corpus.",
            "type": "HR",
            "url": "https://api.congress.gov/v3/bill/93/hr/7084?format=json"
        },
        {
            "congress": 93,
            "introducedDate": "1973-03-19",
            "latestAction": {
                "actionDate": "1973-03-19",
                "text": "Referred to House Committee on Interstate and Foreign Commerce."
            },
            "number": "5775",
            "policyArea": {
                "name": "Health"
            },
            "title": "A bill to direct the Secretary of Health, Education, and Welfare to continue to operate and maintain the hospitals and other health care delivery facilities of the Public Health Service to assure that persons entitled to care and treatment at such facilities will continue to receive care and treatment there.",
            "type": "HR",
            "url": "https://api.congress.gov/v3/bill/93/hr/5775?format=json"
        },
        {
            "congress": 93,
            "introducedDate": "1973-03-19",
            "latestAction": {
                "actionDate": "1973-03-19",
                "text": "Referred to House Committee on Merchant Marine and Fisheries."
            },
            "number": "5776",
            "policyArea": {
                "name": "Transportation and Public Works"
            },
            "title": "A bill to amend the Merchant Marine Act, 1936, to expand the mission of the U.S. Merchant Marine Academy and to change the name of the Academy to reflect the expanded mission.",
            "type": "HR",
            "url": "https://api.congress.gov/v3/bill/93/hr/5776?format=json"
        },
        {
            "congress": 93,
            "introducedDate": "1973-02-20",
            "latestAction": {
                "actionDate": "1974-04-03",
                "text": "Referred to Senate Committee on the Judiciary."
            },
            "number": "4438",
            "policyArea": {
                "name": "Private Legislation"
            },
            "title": "For the relief of Boulos Stephan.",
            "type": "HR",
            "url": "https://api.congress.gov/v3/bill/93/hr/4438?format=json"
        },
        {
            "congress": 93,
            "introducedDate": "1973-02-08",
            "latestAction": {
                "actionDate": "1973-02-08",
                "text": "Referred to House Committee on Merchant Marine and Fisheries."
            },
            "number": "4217",
            "policyArea": {
                "name": "Transportation and Public Works"
            },
            "title": "A bill to amend the Merchant Marine Act, 1936, as amended, by inserting a new title X to authorize aid in developing, constructing, and operating privately owned nuclear-powered merchant ships.",
            "type": "HR",
            "url": "https://api.congress.gov/v3/bill/93/hr/4217?format=json"
        },
        {
            "congress": 93,
            "introducedDate": "1973-02-06",
            "latestAction": {
                "actionDate": "1973-02-06",
                "text": "Referred to House Committee on Agriculture."
            },
            "number": "3797",
            "policyArea": {
                "name": null
            },
            "title": "A bill to amend the emergency loan program under the Consolidated Farm and Rural Development Act.",
            "type": "HR",
            "url": "https://api.congress.gov/v3/bill/93/hr/3797?format=json"
        },
        {
            "congress": 93,
            "introducedDate": "1973-02-05",
            "latestAction": {
                "actionDate": "1973-02-05",
                "text": "Referred to House Committee on Veterans' Affairs."
            },
            "number": "3619",
            "policyArea": {
                "name": "Armed Forces and National Security"
            },
            "title": "National Cemeteries Act",
            "type": "HR",
            "url": "https://api.congress.gov/v3/bill/93/hr/3619?format=json"
        },
        {
            "congress": 93,
            "introducedDate": "1973-02-05",
            "latestAction": {
                "actionDate": "1973-02-05",
                "text": "Referred to House Committee on Interstate and Foreign Commerce."
            },
            "number": "3618",
            "policyArea": {
                "name": "Energy"
            },
            "title": "A bill for the establishment of a Council on Energy Policy.",
            "type": "HR",
            "url": "https://api.congress.gov/v3/bill/93/hr/3618?format=json"
        },
        {
            "congress": 93,
            "introducedDate": "1973-02-05",
            "latestAction": {
                "actionDate": "1973-02-05",
                "text": "Referred to House Committee on Agriculture."
            },
            "number": "3617",
            "policyArea": {
                "name": "Agriculture and Food"
            },
            "title": "A bill to provide price support for milk at not less than 85 percent of the parity.",
            "type": "HR",
            "url": "https://api.congress.gov/v3/bill/93/hr/3617?format=json"
        },
        {
            "congress": 93,
            "introducedDate": "1973-02-05",
            "latestAction": {
                "actionDate": "1974-08-30",
                "text": "Public law 93-402."
            },
            "number": "3620",
            "policyArea": {
                "name": "Public Lands and Natural Resources"
            },
            "title": "Great Dismal Swamp National Wildlife Refuge Act",
            "type": "HR",
            "url": "https://api.congress.gov/v3/bill/93/hr/3620?format=json"
        },
        {
            "congress": 93,
            "introducedDate": "1973-01-24",
            "latestAction": {
                "actionDate": "1973-01-24",
                "text": "Referred to House Committee on Interior and Insular Affairs."
            },
            "number": "2830",
            "policyArea": {
                "name": "Public Lands and Natural Resources"
            },
            "title": "A bill to authorize an increase in funds for land acquisition at Colonial National Historical Park, in the State of Virginia, and for other purposes.",
            "type": "HR",
            "url": "https://api.congress.gov/v3/bill/93/hr/2830?format=json"
        },
        {
            "congress": 93,
            "introducedDate": "1973-01-24",
            "latestAction": {
                "actionDate": "1973-01-24",
                "text": "Referred to House Committee on Agriculture."
            },
            "number": "2829",
            "policyArea": {
                "name": "Agriculture and Food"
            },
            "title": "A bill to amend the Rural Electrification Act of 1936, as amended, to reaffirm that such funds made available for each fiscal year to carry out the programs provided for in such act be fully obligated in said year and for other purposes.",
            "type": "HR",
            "url": "https://api.congress.gov/v3/bill/93/hr/2829?format=json"
        },
        {
            "congress": 93,
            "introducedDate": "1973-01-22",
            "latestAction": {
                "actionDate": "1973-01-22",
                "text": "Referred to House Committee on Merchant Marine and Fisheries."
            },
            "number": "2588",
            "policyArea": {
                "name": "Public Lands and Natural Resources"
            },
            "title": "Great Dismal Swamp National Wildlife Refuge Act",
            "type": "HR",
            "url": "https://api.congress.gov/v3/bill/93/hr/2588?format=json"
        },
        {
            "congress": 93,
            "introducedDate": "1973-01-18",
            "latestAction": {
                "actionDate": "1973-01-18",
                "text": "Referred to House Committee on Merchant Marine and Fisheries."
            },
            "number": "2522",
            "policyArea": {
                "name": "Private Legislation"
            },
            "title": "To permit the vessel Pious Puffin to be documented for use in the coastwise trade.",
            "type": "HR",
            "url": "https://api.congress.gov/v3/bill/93/hr/2522?format=json"
        },
        {
            "congress": 93,
            "introducedDate": "1973-01-18",
            "latestAction": {
                "actionDate": "1973-01-18",
                "text": "Referred to House Committee on the Judiciary."
            },
            "number": "2521",
            "policyArea": {
                "name": "Private Legislation"
            },
            "title": "For the relief of Frank J. McCabe.",
            "type": "HR",
            "url": "https://api.congress.gov/v3/bill/93/hr/2521?format=json"
        },
        {
            "congress": 93,
            "introducedDate": "1973-01-18",
            "latestAction": {
                "actionDate": "1973-01-18",
                "text": "Referred to House Committee on Merchant Marine and Fisheries."
            },
            "number": "2298",
            "policyArea": {
                "name": "Fishing boats"
            },
            "title": "A bill to amend the Fish and Wildlife Act of 1956 to authorize the Secretary of Commerce to make loans to associations of fishing vessel owners and operators organized to provide insurance against the damage or loss of fishing vessels or the injury or death of fishing crews, and for other purposes.",
            "type": "HR",
            "url": "https://api.congress.gov/v3/bill/93/hr/2298?format=json"
        },
        {
            "congress": 93,
            "introducedDate": "1973-01-11",
            "latestAction": {
                "actionDate": "1973-01-11",
                "text": "Referred to House Committee on Ways and Means."
            },
            "number": "1743",
            "policyArea": {
                "name": "Education"
            },
            "title": "A bill to amend the Internal Revenue Code of 1954 to allow a credit against the individual income tax for tuition paid for the elementary or secondary education of dependents.",
            "type": "HR",
            "url": "https://api.congress.gov/v3/bill/93/hr/1743?format=json"
        },
        {
            "congress": 93,
            "introducedDate": "1973-01-11",
            "latestAction": {
                "actionDate": "1973-01-11",
                "text": "Referred to House Committee on Judiciary."
            },
            "number": "1739",
            "policyArea": {
                "name": "Government Operations and Politics"
            },
            "title": "A bill to have the President appoint the Director of the Federal Bureau of Investigation to a single term of 15 years.",
            "type": "HR",
            "url": "https://api.congress.gov/v3/bill/93/hr/1739?format=json"
        },
        {
            "congress": 93,
            "introducedDate": "1973-01-11",
            "latestAction": {
                "actionDate": "1973-01-11",
                "text": "Referred to House Committee on Interstate and Foreign Commerce."
            },
            "number": "1737",
            "policyArea": {
                "name": "Government Operations and Politics"
            },
            "title": "A bill to amend the Communications Act of 1934 to establish orderly procedures for the consideration of applications for renewal of broadcast licenses.",
            "type": "HR",
            "url": "https://api.congress.gov/v3/bill/93/hr/1737?format=json"
        },
        {
            "congress": 93,
            "introducedDate": "1973-01-11",
            "latestAction": {
                "actionDate": "1973-01-11",
                "text": "Referred to House Committee on Merchant Marine and Fisheries."
            },
            "number": "1745",
            "policyArea": {
                "name": "Public Lands and Natural Resources"
            },
            "title": "Industrial Fisheries Development Act",
            "type": "HR",
            "url": "https://api.congress.gov/v3/bill/93/hr/1745?format=json"
        },
        {
            "congress": 93,
            "introducedDate": "1973-01-11",
            "latestAction": {
                "actionDate": "1973-01-11",
                "text": "Referred to House Committee on Science and Astronautics."
            },
            "number": "1741",
            "policyArea": {
                "name": "Science, Technology, Communications"
            },
            "title": "Conversion Research and Education Act",
            "type": "HR",
            "url": "https://api.congress.gov/v3/bill/93/hr/1741?format=json"
        },
        {
            "congress": 93,
            "introducedDate": "1973-01-11",
            "latestAction": {
                "actionDate": "1973-01-11",
                "text": "Referred to House Committee on Armed Services."
            },
            "number": "1732",
            "policyArea": {
                "name": "Armed Forces and National Security"
            },
            "title": "Uniformed Services Retirement Pay Equalization Act",
            "type": "HR",
            "url": "https://api.congress.gov/v3/bill/93/hr/1732?format=json"
        },
        {
            "congress": 93,
            "introducedDate": "1973-01-11",
            "latestAction": {
                "actionDate": "1973-01-11",
                "text": "Referred to House Committee on Foreign Affairs."
            },
            "number": "1733",
            "policyArea": {
                "name": "International Affairs"
            },
            "title": "A bill to limit U.S. contributions to the United Nations.",
            "type": "HR",
            "url": "https://api.congress.gov/v3/bill/93/hr/1733?format=json"
        },
        {
            "congress": 93,
            "introducedDate": "1973-01-11",
            "latestAction": {
                "actionDate": "1973-01-11",
                "text": "Referred to House Committee on Ways and Means."
            },
            "number": "1744",
            "policyArea": {
                "name": "Taxation"
            },
            "title": "A bill to amend section 401(c) of the Internal Revenue Code of 1954 with respect to certain service performed by ministers.",
            "type": "HR",
            "url": "https://api.congress.gov/v3/bill/93/hr/1744?format=json"
        },
        {
            "congress": 93,
            "introducedDate": "1973-01-11",
            "latestAction": {
                "actionDate": "1973-01-11",
                "text": "Referred to House Committee on Post Office and Civil Service."
            },
            "number": "1740",
            "policyArea": {
                "name": "Government Operations and Politics"
            },
            "title": "A bill to amend title 5, United States Code, to authorize election of health benefits coverage by employees and annuitants for themselves and their spouses at a special rate based on coverage of two persons.",
            "type": "HR",
            "url": "https://api.congress.gov/v3/bill/93/hr/1740?format=json"
        },
        {
            "congress": 93,
            "introducedDate": "1973-01-11",
            "latestAction": {
                "actionDate": "1973-01-11",
                "text": "Referred to House Committee on Interstate and Foreign Commerce."
            },
            "number": "1736",
            "policyArea": {
                "name": "Health"
            },
            "title": "A bill to amend the Public Health Service Act to encourage physicians, dentists, optometrists, and other medical personnel to practice in areas where shortages of such personnel exist, and for other purposes.",
            "type": "HR",
            "url": "https://api.congress.gov/v3/bill/93/hr/1736?format=json"
        },
        {
            "congress": 93,
            "introducedDate": "1973-01-11",
            "latestAction": {
                "actionDate": "1973-01-11",
                "text": "Referred to House Committee on Merchant Marine and Fisheries."
            },
            "number": "1746",
            "policyArea": {
                "name": "Transportation and Public Works"
            },
            "title": "A bill to amend the Merchant Marine Act, 1936, to expand the mission of the U.S. Merchant Marine Academy and to change the name of the Academy to reflect the expanded mission.",
            "type": "HR",
            "url": "https://api.congress.gov/v3/bill/93/hr/1746?format=json"
        },
        {
            "congress": 93,
            "introducedDate": "1973-01-11",
            "latestAction": {
                "actionDate": "1973-01-11",
                "text": "Referred to House Committee on Ways and Means."
            },
            "number": "1742",
            "policyArea": {
                "name": "Social Welfare"
            },
            "title": "A bill to amend title II of the Social Security Act to provide that the surviving spouse of an insured worker may authorize direct payment of the worker's lump-sum death payment to the funeral home for his burial expenses.",
            "type": "HR",
            "url": "https://api.congress.gov/v3/bill/93/hr/1742?format=json"
        },
        {
            "congress": 93,
            "introducedDate": "1973-01-11",
            "latestAction": {
                "actionDate": "1973-01-11",
                "text": "Referred to House Committee on Judiciary."
            },
            "number": "1738",
            "policyArea": {
                "name": "Public Lands and Natural Resources"
            },
            "title": "A bill to grant to each coastal State mineral rights in the subsoil and seabed of the Outer Continental Shelf extending to a line which is 12 miles from the coast of such State, and for other purposes.",
            "type": "HR",
            "url": "https://api.congress.gov/v3/bill/93/hr/1738?format=json"
        },
        {
            "congress": 93,
            "introducedDate": "1973-01-11",
            "latestAction": {
                "actionDate": "1973-01-11",
                "text": "Referred to House Committee on House Administration."
            },
            "number": "1734",
            "policyArea": {
                "name": "Arts, Culture, Religion"
            },
            "title": "Accredited law schools constituted depositories",
            "type": "HR",
            "url": "https://api.congress.gov/v3/bill/93/hr/1734?format=json"
        },
        {
            "congress": 93,
            "introducedDate": "1973-01-03",
            "latestAction": {
                "actionDate": "1973-01-03",
                "text": "Referred to House Committee on Merchant Marine and Fisheries."
            },
            "number": "9",
            "policyArea": {
                "name": "Public Lands and Natural Resources"
            },
            "title": "Deep Seabed Hard Mineral Resources Act",
            "type": "HR",
            "url": "https://api.congress.gov/v3/bill/93/hr/9?format=json"
        },
        {
            "congress": 93,
            "introducedDate": "1974-03-06",
            "latestAction": {
                "actionDate": "1974-03-06",
                "text": "Referred to House Committee on the Judiciary."
            },
            "number": "931",
            "policyArea": {
                "name": "Private Legislation"
            },
            "title": "A joint resolution restoring citizenship posthumously to General Robert E. Lee.",
            "type": "HJRES",
            "url": "https://api.congress.gov/v3/bill/93/hjres/931?format=json"
        },
        {
            "congress": 93,
            "introducedDate": "1974-03-21",
            "latestAction": {
                "actionDate": "1974-03-21",
                "text": "Referred to House Committee on the Judiciary."
            },
            "number": "946",
            "policyArea": {
                "name": "Commemorations"
            },
            "title": "Joint resolution to authorize and request the President to issue a proclamation designating May 13 of each year as \"American Business Day\".",
            "type": "HJRES",
            "url": "https://api.congress.gov/v3/bill/93/hjres/946?format=json"
        },
        {
            "congress": 93,
            "introducedDate": "1973-02-05",
            "latestAction": {
                "actionDate": "1973-02-05",
                "text": "Referred to House Committee on the Judiciary."
            },
            "number": "292",
            "policyArea": {
                "name": "Civil Rights and Liberties, Minority Issues"
            },
            "title": "Joint resolution proposing an amendment to the Constitution of the United States.",
            "type": "HJRES",
            "url": "https://api.congress.gov/v3/bill/93/hjres/292?format=json"
        },
        {
            "congress": 93,
            "introducedDate": "1973-01-11",
            "latestAction": {
                "actionDate": "1973-01-11",
                "text": "Referred to House Committee on Judiciary."
            },
            "number": "160",
            "policyArea": {
                "name": "Law"
            },
            "title": "Joint resolution proposing an amendment to the Constitution of the United States with respect to the reconfirmation of judges after a term of 8 years.",
            "type": "HJRES",
            "url": "https://api.congress.gov/v3/bill/93/hjres/160?format=json"
        },
        {
            "congress": 93,
            "introducedDate": "1974-03-27",
            "latestAction": {
                "actionDate": "1974-03-27",
                "text": "Referred to House Committee on Interstate and Foreign Commerce."
            },
            "number": "1012",
            "policyArea": {
                "name": "Transportation and Public Works"
            },
            "title": "Resolution to express the sense of the House with respect to the allocation of necessary energy sources to the tourism industry.",
            "type": "HRES",
            "url": "https://api.congress.gov/v3/bill/93/hres/1012?format=json"
        },
        {
            "congress": 93,
            "introducedDate": "1973-01-11",
            "latestAction": {
                "actionDate": "1973-01-11",
                "text": "Referred to House Committee on Merchant Marine and Fisheries."
            },
            "number": "60",
            "policyArea": {
                "name": "Transportation and Public Works"
            },
            "title": "A concurrent resolution expressing the sense of Congress with respect to reducing the balance-of-payments deficit by encouraging American industry and the American public to ship and travel on American ships.",
            "type": "HCONRES",
            "url": "https://api.congress.gov/v3/bill/93/hconres/60?format=json"
        },
        {
            "congress": 94,
            "introducedDate": "1976-09-16",
            "latestAction": {
                "actionDate": "1976-09-16",
                "text": "Referred to House Committee on Armed Services."
            },
            "number": "15585",
            "policyArea": {
                "name": "Armed Forces and National Security"
            },
            "title": "A bill to permit the construction and operation of facilities other than a hotel upon the Fort Monroe Military Reservation in Virginia.",
            "type": "HR",
            "url": "https://api.congress.gov/v3/bill/94/hr/15585?format=json"
        },
        {
            "congress": 94,
            "introducedDate": "1976-08-23",
            "latestAction": {
                "actionDate": "1976-08-23",
                "text": "Referred to House Committee on the Judiciary."
            },
            "number": "15233",
            "policyArea": {
                "name": "Private Legislation"
            },
            "title": "A bill for the relief of Roswitha Haller.",
            "type": "HR",
            "url": "https://api.congress.gov/v3/bill/94/hr/15233?format=json"
        },
        {
            "congress": 94,
            "introducedDate": "1976-08-09",
            "latestAction": {
                "actionDate": "1976-08-09",
                "text": "Referred to House Committee on House Administration."
            },
            "number": "15101",
            "policyArea": {
                "name": "Libraries"
            },
            "title": "Accredited Law Schools Constituted Depositories",
            "type": "HR",
            "url": "https://api.congress.gov/v3/bill/94/hr/15101?format=json"
        },
        {
            "congress": 94,
            "introducedDate": "1976-07-27",
            "latestAction": {
                "actionDate": "1976-07-27",
                "text": "Referred to House Committee on Merchant Marine and Fisheries."
            },
            "number": "14870",
            "policyArea": {
                "name": "Transportation and Public Works"
            },
            "title": "A bill to establish an office of maritime affairs coordinator in the Executive Office of the President.",
            "type": "HR",
            "url": "https://api.congress.gov/v3/bill/94/hr/14870?format=json"
        },
        {
            "congress": 94,
            "introducedDate": "1976-06-29",
            "latestAction": {
                "actionDate": "1976-06-29",
                "text": "Referred to House Committee on Public Works and Transportation."
            },
            "number": "14595",
            "policyArea": {
                "name": "Public works"
            },
            "title": "A bill to require the Secretary of the Army, acting through the Chief of Engineers, to determine if the requirement that the local government provide a spoil disposal area for the project for Deep Creek, Warwick County (now within the city of Newport News), Va., should be eliminated, if Craney Island disposal area is an appropriate spoil disposal area for such project.",
            "type": "HR",
            "url": "https://api.congress.gov/v3/bill/94/hr/14595?format=json"
        },
        {
            "congress": 94,
            "introducedDate": "1976-06-03",
            "latestAction": {
                "actionDate": "1976-06-03",
                "text": "Referred to House Committee on Interstate and Foreign Commerce."
            },
            "number": "14158",
            "policyArea": {
                "name": "Government Operations and Politics"
            },
            "title": "Consumer Communications Reform Act",
            "type": "HR",
            "url": "https://api.congress.gov/v3/bill/94/hr/14158?format=json"
        },
        {
            "congress": 94,
            "introducedDate": "1976-05-27",
            "latestAction": {
                "actionDate": "1976-05-27",
                "text": "Referred to House Committee on the Judiciary."
            },
            "number": "14054",
            "policyArea": {
                "name": "Law"
            },
            "title": "A bill to extinguish Federal court jurisdiction over school attendance.",
            "type": "HR",
            "url": "https://api.congress.gov/v3/bill/94/hr/14054?format=json"
        },
        {
            "congress": 94,
            "introducedDate": "1976-05-25",
            "latestAction": {
                "actionDate": "1976-05-25",
                "text": "Referred to House Committee on the Judiciary."
            },
            "number": "14017",
            "policyArea": {
                "name": "Private Legislation"
            },
            "title": "A bill for the relief of Comdr. Joseph A. Siebel.",
            "type": "HR",
            "url": "https://api.congress.gov/v3/bill/94/hr/14017?format=json"
        },
        {
            "congress": 94,
            "introducedDate": "1976-05-17",
            "latestAction": {
                "actionDate": "1976-05-17",
                "text": "Referred to House Committee on Merchant Marine and Fisheries."
            },
            "number": "13809",
            "policyArea": {
                "name": "Transportation and Public Works"
            },
            "title": "A bill to amend the Merchant Marine Act, 1936, as amended, by inserting a new title X to authorize aid in developing, constructing, and operating privately owned nuclear-powered merchant ships.",
            "type": "HR",
            "url": "https://api.congress.gov/v3/bill/94/hr/13809?format=json"
        },
        {
            "congress": 94,
            "introducedDate": "1976-05-03",
            "latestAction": {
                "actionDate": "1976-05-03",
                "text": "Referred to House Committee on Merchant Marine and Fisheries."
            },
            "number": "13505",
            "policyArea": {
                "name": "Transportation and Public Works"
            },
            "title": "A bill to amend the Merchant Marine Act, 1936, as amended, by inserting a new title X to authorize aid in developing, constructing and operating privately owned nuclear-powered merchant ships.",
            "type": "HR",
            "url": "https://api.congress.gov/v3/bill/94/hr/13505?format=json"
        },
        {
            "congress": 94,
            "introducedDate": "1976-04-05",
            "latestAction": {
                "actionDate": "1976-04-05",
                "text": "Referred to House Committee on the Judiciary."
            },
            "number": "13042",
            "policyArea": {
                "name": "Private Legislation"
            },
            "title": "A bill for the relief of Charles R. Petty.",
            "type": "HR",
            "url": "https://api.congress.gov/v3/bill/94/hr/13042?format=json"
        },
        {
            "congress": 94,
            "introducedDate": "1976-03-30",
            "latestAction": {
                "actionDate": "1976-03-30",
                "text": "Referred to House Committee on the Judiciary."
            },
            "number": "12914",
            "policyArea": {
                "name": "Private Legislation"
            },
            "title": "A bill for the relief of Stephen Carpenter Carrier.",
            "type": "HR",
            "url": "https://api.congress.gov/v3/bill/94/hr/12914?format=json"
        },
        {
            "congress": 94,
            "introducedDate": "1976-03-30",
            "latestAction": {
                "actionDate": "1976-03-30",
                "text": "Referred to House Committee on the Judiciary."
            },
            "number": "12874",
            "policyArea": {
                "name": "Law"
            },
            "title": "A bill to impose a one-year statute of limitations for certain civil rights actions.",
            "type": "HR",
            "url": "https://api.congress.gov/v3/bill/94/hr/12874?format=json"
        },
        {
            "congress": 94,
            "introducedDate": "1976-03-30",
            "latestAction": {
                "actionDate": "1976-03-30",
                "text": "Referred to House Committee on the Judiciary."
            },
            "number": "12873",
            "policyArea": {
                "name": "Commerce"
            },
            "title": "Patent Act",
            "type": "HR",
            "url": "https://api.congress.gov/v3/bill/94/hr/12873?format=json"
        },
        {
            "congress": 94,
            "introducedDate": "1975-11-12",
            "latestAction": {
                "actionDate": "1975-11-12",
                "text": "Referred to House Committee on the Judiciary."
            },
            "number": "10724",
            "policyArea": {
                "name": "Private Legislation"
            },
            "title": "A bill for the relief of Alberto de la Vega-Ripol.",
            "type": "HR",
            "url": "https://api.congress.gov/v3/bill/94/hr/10724?format=json"
        },
        {
            "congress": 94,
            "introducedDate": "1975-10-02",
            "latestAction": {
                "actionDate": "1975-10-02",
                "text": "Referred to House Committee on Interior and Insular Affairs."
            },
            "number": "9986",
            "policyArea": {
                "name": "Public Lands and Natural Resources"
            },
            "title": "A bill to amend the act approved January 23, 1930, establishing the George Washington Birthplace National Monument, Virginia, to authorize the addition of certain lands to such monument, and for other purposes.",
            "type": "HR",
            "url": "https://api.congress.gov/v3/bill/94/hr/9986?format=json"
        },
        {
            "congress": 94,
            "introducedDate": "1975-09-29",
            "latestAction": {
                "actionDate": "1975-09-29",
                "text": "Referred to House Committee on Ways and Means."
            },
            "number": "9894",
            "policyArea": {
                "name": "Health"
            },
            "title": "A bill to amend title XVIII of the Social Security Act to authorize payment under the supplementary medical insurance program for optometric and medical vision care.",
            "type": "HR",
            "url": "https://api.congress.gov/v3/bill/94/hr/9894?format=json"
        },
        {
            "congress": 94,
            "introducedDate": "1975-09-29",
            "latestAction": {
                "actionDate": "1975-09-29",
                "text": "Referred to House Committee on Merchant Marine and Fisheries."
            },
            "number": "9893",
            "policyArea": {
                "name": "Public Lands and Natural Resources"
            },
            "title": "Shellfish Area Management Act",
            "type": "HR",
            "url": "https://api.congress.gov/v3/bill/94/hr/9893?format=json"
        },
        {
            "congress": 94,
            "introducedDate": "1975-09-19",
            "latestAction": {
                "actionDate": "1975-09-19",
                "text": "Referred to House Committee on Merchant Marine and Fisheries."
            },
            "number": "9716",
            "policyArea": {
                "name": null
            },
            "title": "Vessel Safety and Fishermen's Benefits Act",
            "type": "HR",
            "url": "https://api.congress.gov/v3/bill/94/hr/9716?format=json"
        },
        {
            "congress": 94,
            "introducedDate": "1975-08-01",
            "latestAction": {
                "actionDate": "1975-08-01",
                "text": "Referred to House Committee on Armed Services."
            },
            "number": "9213",
            "policyArea": {
                "name": "Armed Forces and National Security"
            },
            "title": "A bill to amend title 10, United States Code; to provide separation pay for regular enlisted members of the United States armed forces.",
            "type": "HR",
            "url": "https://api.congress.gov/v3/bill/94/hr/9213?format=json"
        },
        {
            "congress": 94,
            "introducedDate": "1975-07-29",
            "latestAction": {
                "actionDate": "1975-07-29",
                "text": "Referred to House Committee on Post Office and Civil Service."
            },
            "number": "9015",
            "policyArea": {
                "name": "Government Operations and Politics"
            },
            "title": "A bill relating to collective bargaining representation of postal employees.",
            "type": "HR",
            "url": "https://api.congress.gov/v3/bill/94/hr/9015?format=json"
        },
        {
            "congress": 94,
            "introducedDate": "1975-07-11",
            "latestAction": {
                "actionDate": "1975-07-11",
                "text": "Referred to House Committee on Armed Services."
            },
            "number": "8573",
            "policyArea": {
                "name": "Armed Forces and National Security"
            },
            "title": "A bill to amend title 10, United States Code, to provide separation pay for regular enlisted members of the U.S. Armed Forces.",
            "type": "HR",
            "url": "https://api.congress.gov/v3/bill/94/hr/8573?format=json"
        },
        {
            "congress": 94,
            "introducedDate": "1975-04-17",
            "latestAction": {
                "actionDate": "1975-04-17",
                "text": "Referred to House Committee on Ways and Means."
            },
            "number": "6103",
            "policyArea": {
                "name": "Taxation"
            },
            "title": "A bill to amend the Internal Revenue Code of 1954 to increase the exemption for purposes of the Federal estate tax, to increase the estate tax marital deduction, and to provide an alternate method of valuing certain real property for estate tax purposes.",
            "type": "HR",
            "url": "https://api.congress.gov/v3/bill/94/hr/6103?format=json"
        },
        {
            "congress": 94,
            "introducedDate": "1975-04-17",
            "latestAction": {
                "actionDate": "1975-04-17",
                "text": "Referred to House Committee on Merchant Marine and Fisheries."
            },
            "number": "6102",
            "policyArea": {
                "name": "Transportation and Public Works"
            },
            "title": "A bill to permit a two-watch system for certain officers and seamen on tugs and barges engaged in voyages of less than 1,800 miles.",
            "type": "HR",
            "url": "https://api.congress.gov/v3/bill/94/hr/6102?format=json"
        },
        {
            "congress": 94,
            "introducedDate": "1975-04-10",
            "latestAction": {
                "actionDate": "1975-04-10",
                "text": "Referred to House Committee on Ways and Means."
            },
            "number": "5868",
            "policyArea": {
                "name": "Social Welfare"
            },
            "title": "A bill to amend title II of the Social Security Act to provide that the surviving spouse of an insured worker may authorize direct payment of the worker's lump sum death payment for expenses incidental to the deceased worker's death.",
            "type": "HR",
            "url": "https://api.congress.gov/v3/bill/94/hr/5868?format=json"
        },
        {
            "congress": 94,
            "introducedDate": "1975-03-24",
            "latestAction": {
                "actionDate": "1975-08-09",
                "text": "Public law 94-85."
            },
            "number": "5405",
            "policyArea": {
                "name": "Transportation and Public Works"
            },
            "title": "A bill to amend the Merchant Marine Act, 1920, in order to permit cargo vessels to carry more than 16 passengers when emergency situations arise.",
            "type": "HR",
            "url": "https://api.congress.gov/v3/bill/94/hr/5405?format=json"
        },
        {
            "congress": 94,
            "introducedDate": "1975-03-14",
            "latestAction": {
                "actionDate": "1975-03-14",
                "text": "Referred to House Committee on Post Office and Civil Service."
            },
            "number": "4969",
            "policyArea": {
                "name": "Government Operations and Politics"
            },
            "title": "A bill to amend title 5, United States Code, to correct inequities in the determination of rates of basic pay in conversions to the General Schedule of employees and positions subjects to prevailing rate pay schedules.",
            "type": "HR",
            "url": "https://api.congress.gov/v3/bill/94/hr/4969?format=json"
        },
        {
            "congress": 94,
            "introducedDate": "1975-03-11",
            "latestAction": {
                "actionDate": "1975-03-11",
                "text": "Referred to House Committee on Merchant Marine and Fisheries."
            },
            "number": "4612",
            "policyArea": {
                "name": "Public Lands and Natural Resources"
            },
            "title": "A bill to protect the domestic fishing industry by granting to it the same protections granted to the coastwise trade.",
            "type": "HR",
            "url": "https://api.congress.gov/v3/bill/94/hr/4612?format=json"
        },
        {
            "congress": 94,
            "introducedDate": "1975-02-25",
            "latestAction": {
                "actionDate": "1975-02-25",
                "text": "Referred to House Committee on Public Works and Transportation."
            },
            "number": "3714",
            "policyArea": {
                "name": "Transportation and Public Works"
            },
            "title": "Advanced Technology Transportation System Demonstration Act",
            "type": "HR",
            "url": "https://api.congress.gov/v3/bill/94/hr/3714?format=json"
        },
        {
            "congress": 94,
            "introducedDate": "1975-01-28",
            "latestAction": {
                "actionDate": "1975-01-28",
                "text": "Referred to House Committee on Merchant Marine and Fisheries."
            },
            "number": "2188",
            "policyArea": {
                "name": "Fishes"
            },
            "title": "Industrial Fisheries Development Act",
            "type": "HR",
            "url": "https://api.congress.gov/v3/bill/94/hr/2188?format=json"
        },
        {
            "congress": 94,
            "introducedDate": "1975-01-28",
            "latestAction": {
                "actionDate": "1975-01-28",
                "text": "Referred to House Committee on Armed Services."
            },
            "number": "2185",
            "policyArea": {
                "name": "Armed Forces and National Security"
            },
            "title": "A bill to amend title 10, United States Code, to provide separation pay for regular enlisted members of the U.S.  Armed Forces.",
            "type": "HR",
            "url": "https://api.congress.gov/v3/bill/94/hr/2185?format=json"
        },
        {
            "congress": 94,
            "introducedDate": "1975-01-28",
            "latestAction": {
                "actionDate": "1975-01-28",
                "text": "Referred to House Committee on Merchant Marine and Fisheries."
            },
            "number": "2187",
            "policyArea": {
                "name": "Finance and Financial Sector"
            },
            "title": "A bill to amend the Fish and Wildlife Act of 1956 to authorize the Secretary of Commerce to make loans to associations of fishing vessel owners and operators organized to provide insurance against the damage or loss of fishing vessels or the injury or death of fishing crews and for other purposes.",
            "type": "HR",
            "url": "https://api.congress.gov/v3/bill/94/hr/2187?format=json"
        },
        {
            "congress": 94,
            "introducedDate": "1975-01-28",
            "latestAction": {
                "actionDate": "1975-01-28",
                "text": "Referred to House Committee on Education and Labor."
            },
            "number": "2186",
            "policyArea": {
                "name": "Child welfare"
            },
            "title": "A bill to amend section 13(c) of the Fair Labor Standards Act of 1938 to exempt from the child labor provisions of such act certain individuals employed in the harvesting or preparation of seafood.",
            "type": "HR",
            "url": "https://api.congress.gov/v3/bill/94/hr/2186?format=json"
        },
        {
            "congress": 94,
            "introducedDate": "1975-01-14",
            "latestAction": {
                "actionDate": "1975-12-17",
                "text": "Referred to Senate Committee on the Judiciary."
            },
            "number": "1391",
            "policyArea": {
                "name": "Private Legislation"
            },
            "title": "A bill for the relief of Boulos Stephan.",
            "type": "HR",
            "url": "https://api.congress.gov/v3/bill/94/hr/1391?format=json"
        },
        {
            "congress": 94,
            "introducedDate": "1975-01-14",
            "latestAction": {
                "actionDate": "1975-01-14",
                "text": "Referred to House Committee on House Administration."
            },
            "number": "1269",
            "policyArea": {
                "name": "Libraries"
            },
            "title": "Accredited Law Schools Constituted Depositories Act",
            "type": "HR",
            "url": "https://api.congress.gov/v3/bill/94/hr/1269?format=json"
        },
        {
            "congress": 94,
            "introducedDate": "1975-01-14",
            "latestAction": {
                "actionDate": "1975-01-14",
                "text": "Referred to House Committee on Interior and Insular Affairs."
            },
            "number": "1270",
            "policyArea": {
                "name": "Public Lands and Natural Resources"
            },
            "title": "Deep Seabed Hard Minerals Act",
            "type": "HR",
            "url": "https://api.congress.gov/v3/bill/94/hr/1270?format=json"
        },
        {
            "congress": 94,
            "introducedDate": "1975-01-14",
            "latestAction": {
                "actionDate": "1975-01-14",
                "text": "Referred to House Committee on Foreign Affairs (Subsequently: International Relations)."
            },
            "number": "356",
            "policyArea": {
                "name": "International Affairs"
            },
            "title": "A bill to limit U.S. contributions to the United Nations.",
            "type": "HR",
            "url": "https://api.congress.gov/v3/bill/94/hr/356?format=json"
        },
        {
            "congress": 94,
            "introducedDate": "1975-01-14",
            "latestAction": {
                "actionDate": "1975-01-14",
                "text": "Referred to House Committee on Merchant Marine and Fisheries."
            },
            "number": "360",
            "policyArea": {
                "name": "Transportation and Public Works"
            },
            "title": "A bill to amend the Merchant Marine Act, 1936, to expand the mission of the U.S. Merchant Marine Academy and to change the name of the Academy to reflect the expanded mission.",
            "type": "HR",
            "url": "https://api.congress.gov/v3/bill/94/hr/360?format=json"
        },
        {
            "congress": 94,
            "introducedDate": "1975-01-14",
            "latestAction": {
                "actionDate": "1975-01-14",
                "text": "Referred to House Committee on Ways and Means."
            },
            "number": "361",
            "policyArea": {
                "name": "Taxation"
            },
            "title": "A bill to amend the Internal Revenue Code of 1954 to allow a credit against the individual income tax for tuition paid for the elementary or secondary education of dependents.",
            "type": "HR",
            "url": "https://api.congress.gov/v3/bill/94/hr/361?format=json"
        },
        {
            "congress": 94,
            "introducedDate": "1975-01-14",
            "latestAction": {
                "actionDate": "1975-01-14",
                "text": "Referred to House Committee on Ways and Means."
            },
            "number": "363",
            "policyArea": {
                "name": "Health"
            },
            "title": "Health Care Insurance Act",
            "type": "HR",
            "url": "https://api.congress.gov/v3/bill/94/hr/363?format=json"
        },
        {
            "congress": 94,
            "introducedDate": "1975-01-14",
            "latestAction": {
                "actionDate": "1975-01-14",
                "text": "Referred to House Committee on Merchant Marine and Fisheries."
            },
            "number": "359",
            "policyArea": {
                "name": "Armed Forces and National Security"
            },
            "title": "Submersible Vessel Safety Act",
            "type": "HR",
            "url": "https://api.congress.gov/v3/bill/94/hr/359?format=json"
        },
        {
            "congress": 94,
            "introducedDate": "1975-01-14",
            "latestAction": {
                "actionDate": "1975-01-14",
                "text": "Referred to House Committee on the Judiciary."
            },
            "number": "357",
            "policyArea": {
                "name": "Government Operations and Politics"
            },
            "title": "A bill to have the President appoint the Director of the Federal Bureau of Investigation to a single term of 15 years.",
            "type": "HR",
            "url": "https://api.congress.gov/v3/bill/94/hr/357?format=json"
        },
        {
            "congress": 94,
            "introducedDate": "1975-01-14",
            "latestAction": {
                "actionDate": "1975-01-14",
                "text": "Referred to House Committee on Post Office and Civil Service."
            },
            "number": "248",
            "policyArea": {
                "name": "Government Operations and Politics"
            },
            "title": "A bill to amend title 5, United States Code, to correct inequities in the determination of rates of basic pay in conversions to the General Schedule of employees and positions subject to prevailing rate pay schedules.",
            "type": "HR",
            "url": "https://api.congress.gov/v3/bill/94/hr/248?format=json"
        },
        {
            "congress": 94,
            "introducedDate": "1975-01-14",
            "latestAction": {
                "actionDate": "1975-01-14",
                "text": "Referred to House Committee on Ways and Means."
            },
            "number": "362",
            "policyArea": {
                "name": "Social Welfare"
            },
            "title": "A bill to amend title II of the Social Security Act to provide that the surviving spouse of an insured worker may authorize direct payment of the worker's lump-sum death payment to the funeral home for his burial expenses.",
            "type": "HR",
            "url": "https://api.congress.gov/v3/bill/94/hr/362?format=json"
        },
        {
            "congress": 94,
            "introducedDate": "1975-01-14",
            "latestAction": {
                "actionDate": "1975-01-14",
                "text": "Referred to House Committee on Merchant Marine and Fisheries."
            },
            "number": "358",
            "policyArea": {
                "name": "Public Lands and Natural Resources"
            },
            "title": "Interim Fisheries Zone Extension and Management Act",
            "type": "HR",
            "url": "https://api.congress.gov/v3/bill/94/hr/358?format=json"
        },
        {
            "congress": 94,
            "introducedDate": "1975-01-14",
            "latestAction": {
                "actionDate": "1975-01-14",
                "text": "Referred to House Committee on Ways and Means."
            },
            "number": "252",
            "policyArea": {
                "name": "Social Welfare"
            },
            "title": "A bill to amend section 228 of the Social Security Act to provide that an uninsured individual who is permanently and totally disabled (and has attained age 72) may become entitled to monthly benefits thereunder at any time, without regard to coverage and without any reduction for governmental pensions.",
            "type": "HR",
            "url": "https://api.congress.gov/v3/bill/94/hr/252?format=json"
        },
        {
            "congress": 94,
            "introducedDate": "1975-01-14",
            "latestAction": {
                "actionDate": "1975-01-14",
                "text": "Referred to House Committee on Armed Services."
            },
            "number": "240",
            "policyArea": {
                "name": "Armed Forces and National Security"
            },
            "title": "A bill to amend title 10, United States Code, to provide severance pay for regular enlisted members of the U.S. Armed Forces.",
            "type": "HR",
            "url": "https://api.congress.gov/v3/bill/94/hr/240?format=json"
        },
        {
            "congress": 94,
            "introducedDate": "1975-01-14",
            "latestAction": {
                "actionDate": "1975-01-14",
                "text": "Referred to House Committee on Interstate and Foreign Commerce."
            },
            "number": "244",
            "policyArea": {
                "name": "Science, Technology, Communications"
            },
            "title": "A bill to amend the Communications Act of 1934 to provide for loan assistance to certain cable television systems.",
            "type": "HR",
            "url": "https://api.congress.gov/v3/bill/94/hr/244?format=json"
        },
        {
            "congress": 94,
            "introducedDate": "1975-01-14",
            "latestAction": {
                "actionDate": "1975-01-14",
                "text": "Referred to House Committee on the Judiciary."
            },
            "number": "245",
            "policyArea": {
                "name": "Crime and Law Enforcement"
            },
            "title": "A bill to amend section 2254 of title 28, United States Code, with respect to Federal habeas corpus.",
            "type": "HR",
            "url": "https://api.congress.gov/v3/bill/94/hr/245?format=json"
        },
        {
            "congress": 94,
            "introducedDate": "1975-01-14",
            "latestAction": {
                "actionDate": "1975-01-14",
                "text": "Referred to House Committee on Ways and Means."
            },
            "number": "253",
            "policyArea": {
                "name": "Social Welfare"
            },
            "title": "A bill to amend title II of the Social Security Act to eliminate the requirement that the 20 quarters of coverage which a fully insured individual generally needs in order to qualify for disability insurance benefits and the disability freeze must have been earned during a specified 40-quarter period.",
            "type": "HR",
            "url": "https://api.congress.gov/v3/bill/94/hr/253?format=json"
        },
        {
            "congress": 94,
            "introducedDate": "1975-01-14",
            "latestAction": {
                "actionDate": "1975-01-14",
                "text": "Referred to House Committee on Post Office and Civil Service."
            },
            "number": "249",
            "policyArea": {
                "name": "Government Operations and Politics"
            },
            "title": "A bill to amend title 5, United States Code, to authorize election of health benefits coverage by employees and annuitants for themselves and their spouses at a special rate based on coverage of two persons.",
            "type": "HR",
            "url": "https://api.congress.gov/v3/bill/94/hr/249?format=json"
        },
        {
            "congress": 94,
            "introducedDate": "1975-01-14",
            "latestAction": {
                "actionDate": "1975-01-14",
                "text": "Referred to House Committee on Interior and Insular Affairs."
            },
            "number": "241",
            "policyArea": {
                "name": "Public Lands and Natural Resources"
            },
            "title": "A bill to amend the act of September 21, 1965, as amended, providing for the establishment of the Assateague Island National Seashore in the States of Maryland and Virginia.",
            "type": "HR",
            "url": "https://api.congress.gov/v3/bill/94/hr/241?format=json"
        },
        {
            "congress": 94,
            "introducedDate": "1975-01-14",
            "latestAction": {
                "actionDate": "1975-01-14",
                "text": "Referred to House Committee on Ways and Means."
            },
            "number": "251",
            "policyArea": {
                "name": "Taxation"
            },
            "title": "A bill to amend the Internal Revenue Code of 1954 to provide that the tax on the amounts paid for communication services shall not apply to the amount of the State and local taxes paid for such services.",
            "type": "HR",
            "url": "https://api.congress.gov/v3/bill/94/hr/251?format=json"
        },
        {
            "congress": 94,
            "introducedDate": "1975-01-14",
            "latestAction": {
                "actionDate": "1975-01-14",
                "text": "Referred to House Committee on Merchant Marine and Fisheries."
            },
            "number": "247",
            "policyArea": {
                "name": "Nuclear ships"
            },
            "title": "A bill to amend the Merchant Marine Act, 1936, as amended, by inserting a new title X to authorize aid in developing, constructing, and operating privately owned nuclear-powered merchant ships.",
            "type": "HR",
            "url": "https://api.congress.gov/v3/bill/94/hr/247?format=json"
        },
        {
            "congress": 94,
            "introducedDate": "1975-01-14",
            "latestAction": {
                "actionDate": "1975-01-14",
                "text": "Referred to House Committee on Interstate and Foreign Commerce."
            },
            "number": "243",
            "policyArea": {
                "name": "Science, Technology, Communications"
            },
            "title": "A bill to amend the Communications Act of 1934 to establish orderly procedures for the consideration of applications for renewal of broadcast licenses.",
            "type": "HR",
            "url": "https://api.congress.gov/v3/bill/94/hr/243?format=json"
        },
        {
            "congress": 94,
            "introducedDate": "1975-01-14",
            "latestAction": {
                "actionDate": "1975-01-14",
                "text": "Referred to House Committee on Interstate and Foreign Commerce."
            },
            "number": "242",
            "policyArea": {
                "name": "Health"
            },
            "title": "A bill to amend the Public Health Service Act to encourage physicians, dentists, optometrists, and other medical personnel to practice in areas where shortages of such personnel exist.",
            "type": "HR",
            "url": "https://api.congress.gov/v3/bill/94/hr/242?format=json"
        },
        {
            "congress": 94,
            "introducedDate": "1975-01-14",
            "latestAction": {
                "actionDate": "1975-01-14",
                "text": "Referred to House Committee on Veterans' Affairs."
            },
            "number": "250",
            "policyArea": {
                "name": "Armed Forces and National Security"
            },
            "title": "A bill to amend title 38 of the United States Code in order to exclude certain social security payments in determining annual income for purposes of paying non-service-connected disability pension to veterans.",
            "type": "HR",
            "url": "https://api.congress.gov/v3/bill/94/hr/250?format=json"
        },
        {
            "congress": 94,
            "introducedDate": "1975-01-14",
            "latestAction": {
                "actionDate": "1975-01-14",
                "text": "Referred to House Committee on Merchant Marine and Fisheries."
            },
            "number": "246",
            "policyArea": {
                "name": "Transportation and Public Works"
            },
            "title": "A bill to amend the Merchant Marine Act, 1920, in order to permit cargo vessels to carry more than 16 passengers when emergency situations arise.",
            "type": "HR",
            "url": "https://api.congress.gov/v3/bill/94/hr/246?format=json"
        },
        {
            "congress": 94,
            "introducedDate": "1975-01-14",
            "latestAction": {
                "actionDate": "1975-01-14",
                "text": "Referred to House Committee on the Judiciary."
            },
            "number": "43",
            "policyArea": {
                "name": "Constitutional amendments"
            },
            "title": "Joint resolution proposing an amendment to the Constitution to provide for the direct popular election of the President and Vice President of the United States.",
            "type": "HJRES",
            "url": "https://api.congress.gov/v3/bill/94/hjres/43?format=json"
        },
        {
            "congress": 94,
            "introducedDate": "1975-01-14",
            "latestAction": {
                "actionDate": "1975-01-14",
                "text": "Referred to House Committee on the Judiciary."
            },
            "number": "44",
            "policyArea": {
                "name": "Constitutional amendments"
            },
            "title": "Joint resolution proposing an amendment to the Constitution of the United States with respect to the reconfirmation of judges after a term of 8 years.",
            "type": "HJRES",
            "url": "https://api.congress.gov/v3/bill/94/hjres/44?format=json"
        },
        {
            "congress": 94,
            "introducedDate": "1975-01-14",
            "latestAction": {
                "actionDate": "1975-01-14",
                "text": "Referred to House Committee on the Judiciary."
            },
            "number": "42",
            "policyArea": {
                "name": "Constitutional amendments"
            },
            "title": "Joint resolution proposing an amendment to the Constitution of the United States.",
            "type": "HJRES",
            "url": "https://api.congress.gov/v3/bill/94/hjres/42?format=json"
        },
        {
            "congress": 94,
            "introducedDate": "1975-01-14",
            "latestAction": {
                "actionDate": "1975-01-14",
                "text": "Referred to House Committee on the Judiciary."
            },
            "number": "45",
            "policyArea": {
                "name": "Repatriation"
            },
            "title": "Joint resolution restoring citizenship posthumously to Gen. Robert E. Lee.",
            "type": "HJRES",
            "url": "https://api.congress.gov/v3/bill/94/hjres/45?format=json"
        },
        {
            "congress": 94,
            "introducedDate": "1976-09-21",
            "latestAction": {
                "actionDate": "1976-09-30",
                "text": "Measure passed House, amended."
            },
            "number": "1557",
            "policyArea": {
                "name": "Congress"
            },
            "title": "A resolution to provide funds for the expenses of the investigations and studies to be conducted by the Select Committee on Assassinations.",
            "type": "HRES",
            "url": "https://api.congress.gov/v3/bill/94/hres/1557?format=json"
        },
        {
            "congress": 94,
            "introducedDate": "1976-03-30",
            "latestAction": {
                "actionDate": "1976-03-30",
                "text": "Referred to House Committee on Rules."
            },
            "number": "1116",
            "policyArea": {
                "name": "Congress"
            },
            "title": "A resolution creating a select committee to conduct an investigation and study of the circumstances surrounding the death of John F. Kennedy.",
            "type": "HRES",
            "url": "https://api.congress.gov/v3/bill/94/hres/1116?format=json"
        },
        {
            "congress": 94,
            "introducedDate": "1975-12-19",
            "latestAction": {
                "actionDate": "1975-12-19",
                "text": "Referred to House Committee on Rules."
            },
            "number": "949",
            "policyArea": {
                "name": "Assassination"
            },
            "title": "Resolution creating a select committee to conduct an investigation and study of the circumstances surrounding the death of John F. Kennedy.",
            "type": "HRES",
            "url": "https://api.congress.gov/v3/bill/94/hres/949?format=json"
        },
        {
            "congress": 94,
            "introducedDate": "1975-11-20",
            "latestAction": {
                "actionDate": "1975-11-20",
                "text": "Referred to House Committee on Rules."
            },
            "number": "879",
            "policyArea": {
                "name": "Assassination"
            },
            "title": "Resolution creating a select committee to conduct an investigation and study of the circumstances surrounding the death of John F. Kennedy.",
            "type": "HRES",
            "url": "https://api.congress.gov/v3/bill/94/hres/879?format=json"
        },
        {
            "congress": 94,
            "introducedDate": "1975-11-06",
            "latestAction": {
                "actionDate": "1975-11-06",
                "text": "Referred to House Committee on Rules."
            },
            "number": "848",
            "policyArea": {
                "name": "Assassination"
            },
            "title": "Resolution creating a select committee to conduct an investigation and study of the circumstances surrounding the death of John F. Kennedy.",
            "type": "HRES",
            "url": "https://api.congress.gov/v3/bill/94/hres/848?format=json"
        },
        {
            "congress": 94,
            "introducedDate": "1975-11-06",
            "latestAction": {
                "actionDate": "1975-11-06",
                "text": "Referred to House Committee on Rules."
            },
            "number": "849",
            "policyArea": {
                "name": "Assassination"
            },
            "title": "Resolution creating a select committee to conduct an investigation and study of the circumstances surrounding the death of John F. Kennedy.",
            "type": "HRES",
            "url": "https://api.congress.gov/v3/bill/94/hres/849?format=json"
        },
        {
            "congress": 94,
            "introducedDate": "1975-09-26",
            "latestAction": {
                "actionDate": "1975-09-26",
                "text": "Referred to House Committee on Rules."
            },
            "number": "743",
            "policyArea": {
                "name": "Assassination"
            },
            "title": "Resolution creating a select committee to conduct an investigation and study of the circumstances surrounding the death of John F. Kennedy.",
            "type": "HRES",
            "url": "https://api.congress.gov/v3/bill/94/hres/743?format=json"
        },
        {
            "congress": 94,
            "introducedDate": "1975-09-26",
            "latestAction": {
                "actionDate": "1975-09-26",
                "text": "Referred to House Committee on Rules."
            },
            "number": "742",
            "policyArea": {
                "name": "Assassination"
            },
            "title": "Resolution creating a select committee to conduct an investigation and study of the circumstances surrounding the death of John F. Kennedy.",
            "type": "HRES",
            "url": "https://api.congress.gov/v3/bill/94/hres/742?format=json"
        },
        {
            "congress": 94,
            "introducedDate": "1975-08-01",
            "latestAction": {
                "actionDate": "1975-08-01",
                "text": "Referred to House Committee on Rules."
            },
            "number": "669",
            "policyArea": {
                "name": "Congress"
            },
            "title": "Resolution creating a select committee to conduct an investigation and study of the circumstances surrounding the death of John F. Kennedy.",
            "type": "HRES",
            "url": "https://api.congress.gov/v3/bill/94/hres/669?format=json"
        },
        {
            "congress": 94,
            "introducedDate": "1975-06-26",
            "latestAction": {
                "actionDate": "1975-06-26",
                "text": "Referred to House Committee on Rules."
            },
            "number": "574",
            "policyArea": {
                "name": "Congress"
            },
            "title": "Resolution creating a select committee to conduct an investigation and study of the circumstances surrounding the death of John F. Kennedy.",
            "type": "HRES",
            "url": "https://api.congress.gov/v3/bill/94/hres/574?format=json"
        },
        {
            "congress": 94,
            "introducedDate": "1975-05-22",
            "latestAction": {
                "actionDate": "1975-05-22",
                "text": "Referred to House Committee on Rules."
            },
            "number": "498",
            "policyArea": {
                "name": "Assassination"
            },
            "title": "Resolution creating a select committee to conduct an investigation and study of the circumstances surrounding the death of John F. Kennedy.",
            "type": "HRES",
            "url": "https://api.congress.gov/v3/bill/94/hres/498?format=json"
        },
        {
            "congress": 94,
            "introducedDate": "1975-04-30",
            "latestAction": {
                "actionDate": "1975-04-30",
                "text": "Referred to House Committee on Rules."
            },
            "number": "432",
            "policyArea": {
                "name": "Assassination"
            },
            "title": "A resolution creating a select committee to conduct an investigation and study of the circumstances surrounding the death of John F. Kennedy.",
            "type": "HRES",
            "url": "https://api.congress.gov/v3/bill/94/hres/432?format=json"
        }
    ]
}