{
    "pagination": {
        "count": 8
    },
    "request": {
        "bioguideId": "c000385",
        "contentType": "application/json",
        "format": "json"
    },
    "sponsoredLegislation": [
        {
            "amendmentNumber": "1253",
            "congress": 104,
            "introducedDate": "1996-07-10",
            "latestAction": {
                "actionDate": "1996-07-10",
                "actionTime": "20:52:51",
                "text": "On agreeing to the Chrysler amendment (A004) Agreed to by voice vote. "
            },
            "type": null,
            "url": "https://api.congress.gov/v3/amendment/104/hamdt/1253?format=json"
        },
        {
            "amendmentNumber": "977",
            "congress": 104,
            "introducedDate": "1996-03-21",
            "latestAction": {
                "actionDate": "1996-03-21",
                "actionTime": "16:01:30",
                "text": "On agreeing to the Chrysler amendment (A017) as modified Agreed to by recorded vote: 238 - 183 (Roll no. 84). "
            },
            "type": null,
            "url": "https://api.congress.gov/v3/amendment/104/hamdt/977?format=json"
        },
        {
            "congress": 104,
            "introducedDate": "1996-06-12",
            "latestAction": {
                "actionDate": "1996-06-12",
                "text": "Referred to the Committee on Ways and Means, and in addition to the Committee on Rules, for a period to be subsequently determined by the Speaker, in each case for consideration of such provisions as fall within the jurisdiction of the committee concerned."
            },
            "number": "3622",
            "policyArea": {
                "name": "Foreign Trade and International Finance"
            },
            "title": "Standard Trade Relations Act",
            "type": "HR",
            "url": "https://api.congress.gov/v3/bill/104/hr/3622?format=json"
        },
        {
            "congress": 104,
            "introducedDate": "1996-02-27",
            "latestAction": {
                "actionDate": "1996-05-14",
                "text": "Read twice and referred to the Committee on Judiciary."
            },
            "number": "2974",
            "policyArea": {
                "name": "Crime and Law Enforcement"
            },
            "title": "Crimes Against Children and Elderly Persons Increased Punishment Act",
            "type": "HR",
            "url": "https://api.congress.gov/v3/bill/104/hr/2974?format=json"
        },
        {
            "congress": 104,
            "introducedDate": "1995-10-26",
            "latestAction": {
                "actionDate": "1995-10-26",
                "text": "Referred to the House Committee on Ways and Means."
            },
            "number": "2543",
            "policyArea": {
                "name": "Taxation"
            },
            "title": "Tuition Tax Deduction Act of 1995",
            "type": "HR",
            "url": "https://api.congress.gov/v3/bill/104/hr/2543?format=json"
        },
        {
            "congress": 104,
            "introducedDate": "1995-06-08",
            "latestAction": {
                "actionDate": "1996-03-21",
                "text": "For Further Action See H.R.2974."
            },
            "number": "1794",
            "policyArea": {
                "name": "Crime and Law Enforcement"
            },
            "title": "Crimes Against Youth and Elderly Double Penalty Act",
            "type": "HR",
            "url": "https://api.congress.gov/v3/bill/104/hr/1794?format=json"
        },
        {
            "congress": 104,
            "introducedDate": "1995-06-07",
            "latestAction": {
                "actionDate": "1995-09-21",
                "text": "Reported (Amended) by the Committee on Ways and Means. H. Rept. 104-260, Part I."
            },
            "number": "1756",
            "policyArea": {
                "name": "Government Operations and Politics"
            },
            "title": "Department of Commerce Dismantling Act",
            "type": "HR",
            "url": "https://api.congress.gov/v3/bill/104/hr/1756?format=json"
        },
        {
            "congress": 104,
            "introducedDate": "1996-03-07",
            "latestAction": {
                "actionDate": "1996-05-09",
                "text": "Referred to the Committee on Rules."
            },
            "number": "150",
            "policyArea": {
                "name": "Government Operations and Politics"
            },
            "title": "Authorizing the use of the Capitol Grounds for an event sponsored by the Specialty Equipment Market Association.",
            "type": "HCONRES",
            "url": "https://api.congress.gov/v3/bill/104/hconres/150?format=json"
        }
    ]
}