{
    "pagination": {
        "count": 96
    },
    "request": {
        "bioguideId": "b001026",
        "contentType": "application/json",
        "format": "json"
    },
    "sponsoredLegislation": [
        {
            "congress": 93,
            "introducedDate": "1974-08-21",
            "latestAction": {
                "actionDate": "1974-08-21",
                "text": "Referred to Senate Committee on Government Operations."
            },
            "number": "3936",
            "policyArea": {
                "name": "Economics and Public Finance"
            },
            "title": "A bill to authorize the President to reduce Federal expenditures for fiscal year 1975 to $295,000,000,000.",
            "type": "S",
            "url": "https://api.congress.gov/v3/bill/93/s/3936?format=json"
        },
        {
            "congress": 93,
            "introducedDate": "1974-07-31",
            "latestAction": {
                "actionDate": "1974-07-31",
                "text": "Referred to Senate Committee on Commerce."
            },
            "number": "3840",
            "policyArea": {
                "name": "Transportation and Public Works"
            },
            "title": "A bill to amend the National Traffic and Motor Vehicle Safety Act of 1966 with respect to certain seat belt standards under such act.",
            "type": "S",
            "url": "https://api.congress.gov/v3/bill/93/s/3840?format=json"
        },
        {
            "congress": 93,
            "introducedDate": "1974-07-30",
            "latestAction": {
                "actionDate": "1974-07-30",
                "text": "Referred to Senate Committee on Armed Services."
            },
            "number": "3829",
            "policyArea": {
                "name": "Armed Forces and National Security"
            },
            "title": "A bill to authorize the Secretary of the Navy to transfer ownership of two naval vessels no longer needed by the Navy to the city of New York, NY.",
            "type": "S",
            "url": "https://api.congress.gov/v3/bill/93/s/3829?format=json"
        },
        {
            "congress": 93,
            "introducedDate": "1974-07-17",
            "latestAction": {
                "actionDate": "1974-07-17",
                "text": "Referred to Senate Committee on Finance."
            },
            "number": "3775",
            "policyArea": {
                "name": "Social Welfare"
            },
            "title": "A bill to provide for the monthly publication of a Consumer Price Index for the Aged which shall be used in the provision of cost-of-living benefit increases authorized by title II of the Social Security Act.",
            "type": "S",
            "url": "https://api.congress.gov/v3/bill/93/s/3775?format=json"
        },
        {
            "congress": 93,
            "introducedDate": "1974-05-13",
            "latestAction": {
                "actionDate": "1974-05-13",
                "text": "Referred to Senate Committee on Armed Services."
            },
            "number": "3486",
            "policyArea": {
                "name": "Armed Forces and National Security"
            },
            "title": "A bill to amend title 10 of the United States Code to provide a more equitable standard for awarding the gold star lapel button.",
            "type": "S",
            "url": "https://api.congress.gov/v3/bill/93/s/3486?format=json"
        },
        {
            "congress": 93,
            "introducedDate": "1974-04-29",
            "latestAction": {
                "actionDate": "1974-04-29",
                "text": "Referred to Senate Committee on Finance."
            },
            "number": "3396",
            "policyArea": {
                "name": "Taxation"
            },
            "title": "Cost-of-Living Adjustment Act",
            "type": "S",
            "url": "https://api.congress.gov/v3/bill/93/s/3396?format=json"
        },
        {
            "congress": 93,
            "introducedDate": "1974-05-13",
            "latestAction": {
                "actionDate": "1974-05-13",
                "text": "Referred to Senate Committee on the Judiciary."
            },
            "number": "3487",
            "policyArea": {
                "name": "Private Legislation"
            },
            "title": "A bill for the relief of Rose Minutillo.",
            "type": "S",
            "url": "https://api.congress.gov/v3/bill/93/s/3487?format=json"
        },
        {
            "congress": 93,
            "introducedDate": "1974-04-24",
            "latestAction": {
                "actionDate": "1974-04-24",
                "text": "Referred to Senate Committee on Banking, Housing and Urban Affairs."
            },
            "number": "3374",
            "policyArea": {
                "name": "Commerce"
            },
            "title": "A bill to amend the Small Business Act to assist in the financing of small business concerns owned by persons who are disadvantaged because of certain social or economic considerations.",
            "type": "S",
            "url": "https://api.congress.gov/v3/bill/93/s/3374?format=json"
        },
        {
            "congress": 93,
            "introducedDate": "1974-03-27",
            "latestAction": {
                "actionDate": "1974-03-27",
                "text": "Referred to Senate Committee on Judiciary."
            },
            "number": "3241",
            "policyArea": {
                "name": "Law"
            },
            "title": "A bill to amend chapter 85 of title 28, United States Code, relating to the censure, suspension, and disbarment of attorneys.",
            "type": "S",
            "url": "https://api.congress.gov/v3/bill/93/s/3241?format=json"
        },
        {
            "congress": 93,
            "introducedDate": "1974-03-05",
            "latestAction": {
                "actionDate": "1974-03-05",
                "text": "Referred to Senate Committee on Commerce."
            },
            "number": "3113",
            "policyArea": {
                "name": "Transportation and Public Works"
            },
            "title": "Federal Transportation Act",
            "type": "S",
            "url": "https://api.congress.gov/v3/bill/93/s/3113?format=json"
        },
        {
            "congress": 93,
            "introducedDate": "1974-03-12",
            "latestAction": {
                "actionDate": "1974-03-12",
                "text": "Referred to Senate Committee on Public Works."
            },
            "number": "3159",
            "policyArea": {
                "name": "Transportation and Public Works"
            },
            "title": "A bill to authorize the Secretary of Transportation to make grants for the construction of bikeways in urbanized ares.",
            "type": "S",
            "url": "https://api.congress.gov/v3/bill/93/s/3159?format=json"
        },
        {
            "congress": 93,
            "introducedDate": "1974-02-21",
            "latestAction": {
                "actionDate": "1974-02-21",
                "text": "Referred to Senate Committee on Commerce."
            },
            "number": "3040",
            "policyArea": {
                "name": "Energy"
            },
            "title": "Natural Gas Act Amendments",
            "type": "S",
            "url": "https://api.congress.gov/v3/bill/93/s/3040?format=json"
        },
        {
            "congress": 93,
            "introducedDate": "1974-01-31",
            "latestAction": {
                "actionDate": "1974-01-31",
                "text": "Referred to Senate Committee on Judiciary."
            },
            "number": "2930",
            "policyArea": {
                "name": "Commerce"
            },
            "title": "Patent Law Modernization Act",
            "type": "S",
            "url": "https://api.congress.gov/v3/bill/93/s/2930?format=json"
        },
        {
            "congress": 93,
            "introducedDate": "1974-01-21",
            "latestAction": {
                "actionDate": "1974-01-21",
                "text": "Referred to Senate Committee on Commerce."
            },
            "number": "2863",
            "policyArea": {
                "name": "Motor vehicles"
            },
            "title": "A bill to amend the National Traffic and Motor Vehicle Safety Act of 1966 in order to provide that certain seatbelt standards shall not be required under such act.",
            "type": "S",
            "url": "https://api.congress.gov/v3/bill/93/s/2863?format=json"
        },
        {
            "congress": 93,
            "introducedDate": "1973-11-07",
            "latestAction": {
                "actionDate": "1973-11-07",
                "text": "Referred to Senate Committee on Judiciary."
            },
            "number": "2663",
            "policyArea": {
                "name": "Crime and Law Enforcement"
            },
            "title": "A bill to create a special committee to supervise the activities of certain Federal prosecutors.",
            "type": "S",
            "url": "https://api.congress.gov/v3/bill/93/s/2663?format=json"
        },
        {
            "congress": 93,
            "introducedDate": "1973-07-26",
            "latestAction": {
                "actionDate": "1973-07-26",
                "text": "Referred to Senate Committee on Post Office and Civil Service."
            },
            "number": "2254",
            "policyArea": {
                "name": "Government Operations and Politics"
            },
            "title": "A bill to provide for the issuance of a special postage stamp in commemoration of the life and work of Dr. Elizabeth Blackwell.",
            "type": "S",
            "url": "https://api.congress.gov/v3/bill/93/s/2254?format=json"
        },
        {
            "congress": 93,
            "introducedDate": "1973-06-29",
            "latestAction": {
                "actionDate": "1973-06-29",
                "text": "Referred to Senate Committee on Public Works."
            },
            "number": "2118",
            "policyArea": {
                "name": "Emergency Management"
            },
            "title": "A bill to modify the project for hurricane-flood protection and beach erosion control at East Rockaway Inlet to Rockaway Inlet and Jamaica Bay, N.Y.",
            "type": "S",
            "url": "https://api.congress.gov/v3/bill/93/s/2118?format=json"
        },
        {
            "congress": 93,
            "introducedDate": "1973-03-29",
            "latestAction": {
                "actionDate": "1973-03-29",
                "text": "Referred to Senate Committee on Banking, Housing and Urban Affairs."
            },
            "number": "1415",
            "policyArea": {
                "name": "Commerce"
            },
            "title": "A bill to amend the Small Business Act to assist in the financing of small business concerns which are disadvantaged because of certain social or economic considerations not generally applicable to other business enterprises.",
            "type": "S",
            "url": "https://api.congress.gov/v3/bill/93/s/1415?format=json"
        },
        {
            "congress": 93,
            "introducedDate": "1973-03-08",
            "latestAction": {
                "actionDate": "1973-03-08",
                "text": "Referred to Senate Committee on the Judiciary."
            },
            "number": "1126",
            "policyArea": {
                "name": "Narcotic law and legislation"
            },
            "title": "A bill to amend title 28, United States Code, so as to grant a priority in the trial or other disposition of any case involving a violation of the laws of the United States relating to narcotic drugs, marijuana, or depressant or stimulant substances.",
            "type": "S",
            "url": "https://api.congress.gov/v3/bill/93/s/1126?format=json"
        },
        {
            "congress": 93,
            "introducedDate": "1973-03-08",
            "latestAction": {
                "actionDate": "1973-03-08",
                "text": "Referred to Senate Committee on the Judiciary."
            },
            "number": "1127",
            "policyArea": {
                "name": "Narcotic law and legislation"
            },
            "title": "A bill to provide for pretrial detention in certain narcotics cases.",
            "type": "S",
            "url": "https://api.congress.gov/v3/bill/93/s/1127?format=json"
        },
        {
            "congress": 93,
            "introducedDate": "1973-02-27",
            "latestAction": {
                "actionDate": "1973-02-27",
                "text": "Referred to Senate Committee on Foreign Relations."
            },
            "number": "1020",
            "policyArea": {
                "name": "Transportation and Public Works"
            },
            "title": "A bill to insure international cooperation in the prosecution or extradition to the United States of persons alleged to have committed aircraft piracy against the laws of the United States or against international law.",
            "type": "S",
            "url": "https://api.congress.gov/v3/bill/93/s/1020?format=json"
        },
        {
            "congress": 93,
            "introducedDate": "1973-01-18",
            "latestAction": {
                "actionDate": "1973-01-18",
                "text": "Referred to Senate Committee on Labor and Public Welfare."
            },
            "number": "448",
            "policyArea": {
                "name": "Transportation and Public Works"
            },
            "title": "A bill to amend title 45, United States Code, in order to provide that a State may act in the case of labor disputes involving a railroad industry primarily engaged in intrastate operations.",
            "type": "S",
            "url": "https://api.congress.gov/v3/bill/93/s/448?format=json"
        },
        {
            "congress": 93,
            "introducedDate": "1974-06-13",
            "latestAction": {
                "actionDate": "1974-06-13",
                "text": "Referred to Senate Committee on Judiciary."
            },
            "number": "214",
            "policyArea": {
                "name": "Commemorations"
            },
            "title": "Joint resolution entitled \"Declaration of 'German Day'\".",
            "type": "SJRES",
            "url": "https://api.congress.gov/v3/bill/93/sjres/214?format=json"
        },
        {
            "congress": 93,
            "introducedDate": "1973-05-31",
            "latestAction": {
                "actionDate": "1973-05-31",
                "text": "Referred to Senate Committee on Judiciary."
            },
            "number": "119",
            "policyArea": {
                "name": "Abortion"
            },
            "title": "Joint resolution proposing an amendment to the Constitution of the United States for the protection of unborn children and other persons.",
            "type": "SJRES",
            "url": "https://api.congress.gov/v3/bill/93/sjres/119?format=json"
        },
        {
            "congress": 93,
            "introducedDate": "1974-02-26",
            "latestAction": {
                "actionDate": "1974-02-26",
                "text": "Measure passed Senate."
            },
            "number": "291",
            "policyArea": {
                "name": "Vietnamese Conflict"
            },
            "title": "Resolved, that it is hereby declared to be the sense of the Senate that the President of the United States shall make every possible diplomatic effort through the Department of State and other relevant agencies to (1) ascertain the truth of the present whereabouts or fate of United States newsmen missing in South Asia, and (2) obtain the release of those still alive and an accounting of those who may be dead.",
            "type": "SRES",
            "url": "https://api.congress.gov/v3/bill/93/sres/291?format=json"
        },
        {
            "congress": 94,
            "introducedDate": "1976-08-31",
            "latestAction": {
                "actionDate": "1976-08-31",
                "text": "Referred to Senate Committee on Finance."
            },
            "number": "3784",
            "policyArea": {
                "name": "Economics and Public Finance"
            },
            "title": "Economic Recovery and Sustained Growth Act",
            "type": "S",
            "url": "https://api.congress.gov/v3/bill/94/s/3784?format=json"
        },
        {
            "congress": 94,
            "introducedDate": "1976-08-23",
            "latestAction": {
                "actionDate": "1976-08-23",
                "text": "Referred to Senate Committee on the Judiciary."
            },
            "number": "3756",
            "policyArea": {
                "name": "Government Operations and Politics"
            },
            "title": "A bill to grant a Federal charter to the International Veteran Boxers Association.",
            "type": "S",
            "url": "https://api.congress.gov/v3/bill/94/s/3756?format=json"
        },
        {
            "congress": 94,
            "introducedDate": "1976-08-24",
            "latestAction": {
                "actionDate": "1976-08-24",
                "text": "Referred to Senate Committee on the Judiciary."
            },
            "number": "3760",
            "policyArea": {
                "name": "Immigration"
            },
            "title": "A bill to grant certain nationals of Italy and the spouses, children, and parents of such nationals status as permanent residents of the United States.",
            "type": "S",
            "url": "https://api.congress.gov/v3/bill/94/s/3760?format=json"
        },
        {
            "congress": 94,
            "introducedDate": "1976-08-31",
            "latestAction": {
                "actionDate": "1976-08-31",
                "text": "Referred to Senate Committee on the Judiciary."
            },
            "number": "3785",
            "policyArea": {
                "name": "Law"
            },
            "title": "A bill to amend the Immigration and Nationality Act to authorize certain courts which have naturalization jurisdiction to retain up to $20,000 of the fees collected in naturalization proceedings held in such courts in any fiscal year.",
            "type": "S",
            "url": "https://api.congress.gov/v3/bill/94/s/3785?format=json"
        },
        {
            "congress": 94,
            "introducedDate": "1976-08-24",
            "latestAction": {
                "actionDate": "1976-08-24",
                "text": "Referred to Senate Committee on Finance."
            },
            "number": "3761",
            "policyArea": {
                "name": "Taxation"
            },
            "title": "A bill to amend the Internal Revenue Code of 1954.",
            "type": "S",
            "url": "https://api.congress.gov/v3/bill/94/s/3761?format=json"
        },
        {
            "congress": 94,
            "introducedDate": "1976-06-10",
            "latestAction": {
                "actionDate": "1976-06-10",
                "text": "Referred to Senate Committee on Public Works."
            },
            "number": "3548",
            "policyArea": {
                "name": "Great Lakes"
            },
            "title": "Lake Ontario Protection Act",
            "type": "S",
            "url": "https://api.congress.gov/v3/bill/94/s/3548?format=json"
        },
        {
            "congress": 94,
            "introducedDate": "1976-06-03",
            "latestAction": {
                "actionDate": "1976-06-03",
                "text": "Referred to Senate Committee on Veterans' Affairs."
            },
            "number": "3511",
            "policyArea": {
                "name": "Armed Forces and National Security"
            },
            "title": "A bill to amend title 38 of the United States Code relating to the recognition of representatives of the Polish Legion of American Veterans as claims agents for claims arising under laws administered by the Veterans' Administration.",
            "type": "S",
            "url": "https://api.congress.gov/v3/bill/94/s/3511?format=json"
        },
        {
            "congress": 94,
            "introducedDate": "1976-05-20",
            "latestAction": {
                "actionDate": "1976-05-20",
                "text": "Referred to Senate Committee on Banking, Housing and Urban Affairs."
            },
            "number": "3458",
            "policyArea": {
                "name": "Housing and Community Development"
            },
            "title": "A bill to amend the Housing and Community Development Act of 1974 with regard to the definition of the term \"city\" as it is used in that Act.",
            "type": "S",
            "url": "https://api.congress.gov/v3/bill/94/s/3458?format=json"
        },
        {
            "congress": 94,
            "introducedDate": "1976-05-27",
            "latestAction": {
                "actionDate": "1976-05-27",
                "text": "Referred to Senate Committee on Finance."
            },
            "number": "3505",
            "policyArea": {
                "name": "Taxation"
            },
            "title": "A bill to amend Section 121 of the Internal Revenue Code.",
            "type": "S",
            "url": "https://api.congress.gov/v3/bill/94/s/3505?format=json"
        },
        {
            "congress": 94,
            "introducedDate": "1976-04-13",
            "latestAction": {
                "actionDate": "1976-04-13",
                "text": "Referred to Senate Committee on Finance."
            },
            "number": "3307",
            "policyArea": {
                "name": "Taxation"
            },
            "title": "A bill to amend the Internal Revenue Code of 1954 to allow a deduction to individuals who rent their principal residences for a portion of the real property taxes paid or accrued by their landlords.",
            "type": "S",
            "url": "https://api.congress.gov/v3/bill/94/s/3307?format=json"
        },
        {
            "congress": 94,
            "introducedDate": "1976-05-04",
            "latestAction": {
                "actionDate": "1976-05-04",
                "text": "Referred to Senate Committee on Finance."
            },
            "number": "3366",
            "policyArea": {
                "name": "Social Welfare"
            },
            "title": "A bill to amend title IV of the Social Security Act to permit a State in its discretion to use two-party checks in making payments of aid to families with dependent children under its approved State plan without regard to the existing ten percent limitation on the number of individuals with respect to whom vendor payments may be made under such plan.",
            "type": "S",
            "url": "https://api.congress.gov/v3/bill/94/s/3366?format=json"
        },
        {
            "congress": 94,
            "introducedDate": "1976-05-05",
            "latestAction": {
                "actionDate": "1976-05-05",
                "text": "Referred to Senate Committee on Finance."
            },
            "number": "3381",
            "policyArea": {
                "name": "Taxation"
            },
            "title": "Jobs Creation Act",
            "type": "S",
            "url": "https://api.congress.gov/v3/bill/94/s/3381?format=json"
        },
        {
            "congress": 94,
            "introducedDate": "1976-04-13",
            "latestAction": {
                "actionDate": "1976-04-13",
                "text": "Referred to Senate Committee on Commerce."
            },
            "number": "3306",
            "policyArea": {
                "name": "Transportation and Public Works"
            },
            "title": "A bill to amend the Regional Rail Reorganization Act of 1973 to authorize States to acquire certain rail properties from the Consolidated Rail Corporation.",
            "type": "S",
            "url": "https://api.congress.gov/v3/bill/94/s/3306?format=json"
        },
        {
            "congress": 94,
            "introducedDate": "1976-03-11",
            "latestAction": {
                "actionDate": "1976-03-11",
                "text": "Referred to Senate Committee on Labor and Public Welfare."
            },
            "number": "3128",
            "policyArea": {
                "name": "Education"
            },
            "title": "A bill to amend title IV of the Elementary and Secondary Education Act of 1965 in order to make the maintenance of effort provisions of that title more equitable.",
            "type": "S",
            "url": "https://api.congress.gov/v3/bill/94/s/3128?format=json"
        },
        {
            "congress": 94,
            "introducedDate": "1976-03-16",
            "latestAction": {
                "actionDate": "1976-03-16",
                "text": "Referred to Senate Committee on Post Office and Civil Service."
            },
            "number": "3144",
            "policyArea": {
                "name": "Postal service"
            },
            "title": "A bill to amend title 39, United States Code, to increase, to the fullest degree possible, competition in the delivery of mail.",
            "type": "S",
            "url": "https://api.congress.gov/v3/bill/94/s/3144?format=json"
        },
        {
            "congress": 94,
            "introducedDate": "1976-03-11",
            "latestAction": {
                "actionDate": "1976-03-11",
                "text": "Referred to Senate Committee on Foreign Relations."
            },
            "number": "3134",
            "policyArea": {
                "name": "Government Operations and Politics"
            },
            "title": "A bill to eliminate the 1 percent add-on to the cost-of-living increases for certain retirement benefits.",
            "type": "S",
            "url": "https://api.congress.gov/v3/bill/94/s/3134?format=json"
        },
        {
            "congress": 94,
            "introducedDate": "1976-03-02",
            "latestAction": {
                "actionDate": "1976-03-02",
                "text": "Referred to Senate Committee on Commerce."
            },
            "number": "3059",
            "policyArea": {
                "name": "Transportation and Public Works"
            },
            "title": "A bill to amend the Regional Rail Reorganization Act of 1973 to extend the period provided for certain designations made in the final system plan.",
            "type": "S",
            "url": "https://api.congress.gov/v3/bill/94/s/3059?format=json"
        },
        {
            "congress": 94,
            "introducedDate": "1976-03-11",
            "latestAction": {
                "actionDate": "1976-03-11",
                "text": "Referred to Senate Committee on Finance."
            },
            "number": "3126",
            "policyArea": {
                "name": "Taxation"
            },
            "title": "A bill to amend the Internal Revenue Code of 1954 to provide for the imposition of a tax on fuel used by commercial vessels on the inland waterways.",
            "type": "S",
            "url": "https://api.congress.gov/v3/bill/94/s/3126?format=json"
        },
        {
            "congress": 94,
            "introducedDate": "1976-03-11",
            "latestAction": {
                "actionDate": "1976-03-11",
                "text": "Referred to Senate Committee on Finance."
            },
            "number": "3129",
            "policyArea": {
                "name": "Government securities"
            },
            "title": "A bill to repeal section 21 of the Second Liberty Bond Act.",
            "type": "S",
            "url": "https://api.congress.gov/v3/bill/94/s/3129?format=json"
        },
        {
            "congress": 94,
            "introducedDate": "1976-03-02",
            "latestAction": {
                "actionDate": "1976-03-02",
                "text": "Referred to Senate Committee on Labor and Public Welfare."
            },
            "number": "3069",
            "policyArea": {
                "name": "Civil Rights and Liberties, Minority Issues"
            },
            "title": "Antidiscrimination Act",
            "type": "S",
            "url": "https://api.congress.gov/v3/bill/94/s/3069?format=json"
        },
        {
            "congress": 94,
            "introducedDate": "1976-03-09",
            "latestAction": {
                "actionDate": "1976-03-09",
                "text": "Referred to Senate Committee on Public Works."
            },
            "number": "3093",
            "policyArea": {
                "name": "Public works"
            },
            "title": "A bill to require that major replacement projects proposed by the Army Corps of Engineers be submitted to Congress for approval.",
            "type": "S",
            "url": "https://api.congress.gov/v3/bill/94/s/3093?format=json"
        },
        {
            "congress": 94,
            "introducedDate": "1976-02-17",
            "latestAction": {
                "actionDate": "1976-02-17",
                "text": "Referred to Senate Committee on Rules and Administration."
            },
            "number": "2980",
            "policyArea": {
                "name": "Government Operations and Politics"
            },
            "title": "Federal Campaign Act Amendments",
            "type": "S",
            "url": "https://api.congress.gov/v3/bill/94/s/2980?format=json"
        },
        {
            "congress": 94,
            "introducedDate": "1976-01-26",
            "latestAction": {
                "actionDate": "1976-01-26",
                "text": "Referred to Senate Committee on the Judiciary."
            },
            "number": "2871",
            "policyArea": {
                "name": "Legal fees"
            },
            "title": "Equal Access to Courts Act",
            "type": "S",
            "url": "https://api.congress.gov/v3/bill/94/s/2871?format=json"
        },
        {
            "congress": 94,
            "introducedDate": "1976-01-21",
            "latestAction": {
                "actionDate": "1976-01-21",
                "text": "Referred to Senate Committee on Finance."
            },
            "number": "2855",
            "policyArea": {
                "name": "Economics and Public Finance"
            },
            "title": "Fair Savings Bonds Sales Act",
            "type": "S",
            "url": "https://api.congress.gov/v3/bill/94/s/2855?format=json"
        },
        {
            "congress": 94,
            "introducedDate": "1975-12-16",
            "latestAction": {
                "actionDate": "1975-12-18",
                "text": "Measure indefinitely postponed in Senate (Provisions inserted in H.R. 11184 as passed Senate)."
            },
            "number": "2796",
            "policyArea": {
                "name": "International Affairs"
            },
            "title": "A bill to amend title 3, United States Code, to provide for the protection of foreign diplomatic missions, to increase the size of the Executive Protective Service.",
            "type": "S",
            "url": "https://api.congress.gov/v3/bill/94/s/2796?format=json"
        },
        {
            "congress": 94,
            "introducedDate": "1975-12-08",
            "latestAction": {
                "actionDate": "1975-12-08",
                "text": "Referred to Senate Committee on Labor and Public Welfare."
            },
            "number": "2755",
            "policyArea": {
                "name": null
            },
            "title": "A bill to amend the Age Discrimination in Employment Act of 1967 to prohibit an employer from requiring evidence of age of an applicant for a job.",
            "type": "S",
            "url": "https://api.congress.gov/v3/bill/94/s/2755?format=json"
        },
        {
            "congress": 94,
            "introducedDate": "1975-12-01",
            "latestAction": {
                "actionDate": "1975-12-01",
                "text": "Referred to Senate Committee on the Judiciary."
            },
            "number": "2723",
            "policyArea": {
                "name": "Law"
            },
            "title": "A bill to amend chapter 85 of title 28, United States Code, relating to the censure, suspension, and disbarment of attorneys.",
            "type": "S",
            "url": "https://api.congress.gov/v3/bill/94/s/2723?format=json"
        },
        {
            "congress": 94,
            "introducedDate": "1975-12-16",
            "latestAction": {
                "actionDate": "1975-12-16",
                "text": "Referred to Senate Committee on Veterans' Affairs."
            },
            "number": "2793",
            "policyArea": {
                "name": "Cemeteries and funerals"
            },
            "title": "A bill to provide for the establishment of a national cemetery on Long Island, N. Y.",
            "type": "S",
            "url": "https://api.congress.gov/v3/bill/94/s/2793?format=json"
        },
        {
            "congress": 94,
            "introducedDate": "1975-12-04",
            "latestAction": {
                "actionDate": "1975-12-04",
                "text": "Referred to Senate Committee on Finance."
            },
            "number": "2737",
            "policyArea": {
                "name": "Taxation"
            },
            "title": "Fair Income Tax Act",
            "type": "S",
            "url": "https://api.congress.gov/v3/bill/94/s/2737?format=json"
        },
        {
            "congress": 94,
            "introducedDate": "1975-10-28",
            "latestAction": {
                "actionDate": "1975-10-28",
                "text": "Referred to Senate Committee on the Judiciary."
            },
            "number": "2579",
            "policyArea": {
                "name": "Finance and Financial Sector"
            },
            "title": "A bill to amend chapter IX of the Bankruptcy Act, relating to proceedings involving certain local governments.",
            "type": "S",
            "url": "https://api.congress.gov/v3/bill/94/s/2579?format=json"
        },
        {
            "congress": 94,
            "introducedDate": "1975-10-29",
            "latestAction": {
                "actionDate": "1975-10-29",
                "text": "Referred to Senate Committee on the Judiciary."
            },
            "number": "2586",
            "policyArea": {
                "name": "Finance and Financial Sector"
            },
            "title": "A bill to establish a procedure for adjustment of debts of public agencies and instrumentalities and political subdivisions.",
            "type": "S",
            "url": "https://api.congress.gov/v3/bill/94/s/2586?format=json"
        },
        {
            "congress": 94,
            "introducedDate": "1975-10-20",
            "latestAction": {
                "actionDate": "1975-10-20",
                "text": "Referred to Senate Committee on the Judiciary."
            },
            "number": "2530",
            "policyArea": {
                "name": "Law"
            },
            "title": "Equal Access to Courts Act",
            "type": "S",
            "url": "https://api.congress.gov/v3/bill/94/s/2530?format=json"
        },
        {
            "congress": 94,
            "introducedDate": "1975-10-20",
            "latestAction": {
                "actionDate": "1975-10-20",
                "text": "Referred to Senate Committee on the Judiciary."
            },
            "number": "2531",
            "policyArea": {
                "name": "Citizenship"
            },
            "title": "Alien Employment Certification Act",
            "type": "S",
            "url": "https://api.congress.gov/v3/bill/94/s/2531?format=json"
        },
        {
            "congress": 94,
            "introducedDate": "1975-10-09",
            "latestAction": {
                "actionDate": "1975-10-09",
                "text": "Referred to Senate Committee on Labor and Public Welfare."
            },
            "number": "2513",
            "policyArea": {
                "name": "Education"
            },
            "title": "A bill to amend the Emergency School Aid Act with respect to eligibility for assistance.",
            "type": "S",
            "url": "https://api.congress.gov/v3/bill/94/s/2513?format=json"
        },
        {
            "congress": 94,
            "introducedDate": "1975-10-02",
            "latestAction": {
                "actionDate": "1975-10-02",
                "text": "Referred to Senate Committee on Public Works."
            },
            "number": "2462",
            "policyArea": {
                "name": "Environmental Protection"
            },
            "title": "A bill to amend title II of the Federal Water Pollution Control Act to provide for State certification.",
            "type": "S",
            "url": "https://api.congress.gov/v3/bill/94/s/2462?format=json"
        },
        {
            "congress": 94,
            "introducedDate": "1975-09-17",
            "latestAction": {
                "actionDate": "1975-09-17",
                "text": "Referred to Senate Committee on Finance."
            },
            "number": "2356",
            "policyArea": {
                "name": "Taxation"
            },
            "title": "A bill to amend the Internal Revenue Code of 1954 to allow a deduction for amounts paid by a taxpayer for tuition to provide an education for himself or for another individual.",
            "type": "S",
            "url": "https://api.congress.gov/v3/bill/94/s/2356?format=json"
        },
        {
            "congress": 94,
            "introducedDate": "1975-09-10",
            "latestAction": {
                "actionDate": "1975-09-10",
                "text": "Referred to Senate Committee on Finance."
            },
            "number": "2320",
            "policyArea": {
                "name": "Taxation"
            },
            "title": "A bill to amend the Internal Revenue Code to provide an additional personal exemption for each senior citizen whose principal place of abode is in the principal residence of the taxpayer.",
            "type": "S",
            "url": "https://api.congress.gov/v3/bill/94/s/2320?format=json"
        },
        {
            "congress": 94,
            "introducedDate": "1975-07-14",
            "latestAction": {
                "actionDate": "1975-07-14",
                "text": "Referred to Senate Committee on Public Works."
            },
            "number": "2102",
            "policyArea": {
                "name": "Water Resources Development"
            },
            "title": "A bill to authorize the establishment of a Water Resources Mitigation Advisory Board.",
            "type": "S",
            "url": "https://api.congress.gov/v3/bill/94/s/2102?format=json"
        },
        {
            "congress": 94,
            "introducedDate": "1975-06-23",
            "latestAction": {
                "actionDate": "1975-06-23",
                "text": "Referred to Senate Committee on Agriculture and Forestry."
            },
            "number": "1993",
            "policyArea": {
                "name": "Economics and Public Finance"
            },
            "title": "National Food Stamp Reform Act",
            "type": "S",
            "url": "https://api.congress.gov/v3/bill/94/s/1993?format=json"
        },
        {
            "congress": 94,
            "introducedDate": "1975-06-10",
            "latestAction": {
                "actionDate": "1975-06-10",
                "text": "Referred to Senate Committee on Public Works."
            },
            "number": "1903",
            "policyArea": {
                "name": "Transportation and Public Works"
            },
            "title": "Harbor Drift Removal Act",
            "type": "S",
            "url": "https://api.congress.gov/v3/bill/94/s/1903?format=json"
        },
        {
            "congress": 94,
            "introducedDate": "1975-06-03",
            "latestAction": {
                "actionDate": "1975-06-03",
                "text": "Referred to Senate Committee on Public Works."
            },
            "number": "1846",
            "policyArea": {
                "name": "Federal-state relations"
            },
            "title": "A bill to authorize the States to carry out certain functions of the Secretary of the Army and the Chief of Engineers on intrastate waters.",
            "type": "S",
            "url": "https://api.congress.gov/v3/bill/94/s/1846?format=json"
        },
        {
            "congress": 94,
            "introducedDate": "1975-05-21",
            "latestAction": {
                "actionDate": "1975-05-21",
                "text": "Referred to Senate Committee on Finance."
            },
            "number": "1798",
            "policyArea": {
                "name": "International Affairs"
            },
            "title": "A bill to amend title 3, United States Code.",
            "type": "S",
            "url": "https://api.congress.gov/v3/bill/94/s/1798?format=json"
        },
        {
            "congress": 94,
            "introducedDate": "1975-05-20",
            "latestAction": {
                "actionDate": "1975-05-20",
                "text": "Referred to Senate Committee on Armed Services."
            },
            "number": "1772",
            "policyArea": {
                "name": "Armed Forces and National Security"
            },
            "title": "A bill to amend title 10 of the United States Code to provide a more equitable standard for awarding the gold star lapel button.",
            "type": "S",
            "url": "https://api.congress.gov/v3/bill/94/s/1772?format=json"
        },
        {
            "congress": 94,
            "introducedDate": "1975-05-14",
            "latestAction": {
                "actionDate": "1975-05-14",
                "text": "Referred to Senate Committee on Interior and Insular Affairs."
            },
            "number": "1739",
            "policyArea": {
                "name": "District of Columbia"
            },
            "title": "A bill to authorize the Secretary of the Interior to establish a National Law Enforcement Heroes Memorial within the District of Columbia.",
            "type": "S",
            "url": "https://api.congress.gov/v3/bill/94/s/1739?format=json"
        },
        {
            "congress": 94,
            "introducedDate": "1975-05-20",
            "latestAction": {
                "actionDate": "1975-05-20",
                "text": "Referred to Senate Committee on the Judiciary."
            },
            "number": "1771",
            "policyArea": {
                "name": "Private Legislation"
            },
            "title": "A bill for the relief of Branka Mardessich and Sonia S. Silvani.",
            "type": "S",
            "url": "https://api.congress.gov/v3/bill/94/s/1771?format=json"
        },
        {
            "congress": 94,
            "introducedDate": "1975-05-14",
            "latestAction": {
                "actionDate": "1975-05-14",
                "text": "Referred to Senate Committee on Armed Services."
            },
            "number": "1738",
            "policyArea": {
                "name": "Armed Forces and National Security"
            },
            "title": "A bill to authorize the Secretary of the Navy to transfer ownership of two naval vessels no longer needed by the Navy to the city of New York, New York.",
            "type": "S",
            "url": "https://api.congress.gov/v3/bill/94/s/1738?format=json"
        },
        {
            "congress": 94,
            "introducedDate": "1975-05-14",
            "latestAction": {
                "actionDate": "1975-05-14",
                "text": "Referred to Senate Committee on Government Operations."
            },
            "number": "1740",
            "policyArea": {
                "name": "Government Operations and Politics"
            },
            "title": "A bill to reestablish and extend the program whereby payments in lieu of taxes may be made with respect to certain real property transferred by the Reconstruction Finance Corporation and its subsidiaries to other Government departments.",
            "type": "S",
            "url": "https://api.congress.gov/v3/bill/94/s/1740?format=json"
        },
        {
            "congress": 94,
            "introducedDate": "1975-03-13",
            "latestAction": {
                "actionDate": "1975-03-13",
                "text": "Referred to Senate Committee on Finance."
            },
            "number": "1188",
            "policyArea": {
                "name": "Social Welfare"
            },
            "title": "A bill to amend title II of the Social Security Act to provide for annual increases in the amount which individuals may earn without suffering deductions from benefits on account of excess earnings, and in a series of steps to lower to age 65 the age after which deductions from benefits are no longer imposed on account of excess earnings.",
            "type": "S",
            "url": "https://api.congress.gov/v3/bill/94/s/1188?format=json"
        },
        {
            "congress": 94,
            "introducedDate": "1975-03-10",
            "latestAction": {
                "actionDate": "1975-03-10",
                "text": "Referred to Senate Committee on Banking, Housing and Urban Affairs."
            },
            "number": "1124",
            "policyArea": {
                "name": "Commerce"
            },
            "title": "A bill to amend the Small Business Act to assist in the financing of small business concerns owned by persons who are disadvantaged because of certain social or economic considerations.",
            "type": "S",
            "url": "https://api.congress.gov/v3/bill/94/s/1124?format=json"
        },
        {
            "congress": 94,
            "introducedDate": "1975-03-06",
            "latestAction": {
                "actionDate": "1975-03-06",
                "text": "Referred to Senate Committee on Finance."
            },
            "number": "987",
            "policyArea": {
                "name": "Taxation"
            },
            "title": "Cost-of-Living Adjustment Act",
            "type": "S",
            "url": "https://api.congress.gov/v3/bill/94/s/987?format=json"
        },
        {
            "congress": 94,
            "introducedDate": "1975-03-05",
            "latestAction": {
                "actionDate": "1975-03-05",
                "text": "Referred to Senate Committee on Commerce."
            },
            "number": "967",
            "policyArea": {
                "name": "Transportation and Public Works"
            },
            "title": "Rail Maintenance Improvement and Employment Act",
            "type": "S",
            "url": "https://api.congress.gov/v3/bill/94/s/967?format=json"
        },
        {
            "congress": 94,
            "introducedDate": "1975-02-27",
            "latestAction": {
                "actionDate": "1976-10-18",
                "text": "Public law 94-541."
            },
            "number": "865",
            "policyArea": {
                "name": "Government Operations and Politics"
            },
            "title": "An Act to amend the Public Buildings Act of 1959 in order to preserve buildings of historical or architectural significance through their use for Federal public building purposes, and to amend the Act of August 12, 1968, relating to the accessibility of certain buildings to the physically handicapped.",
            "type": "S",
            "url": "https://api.congress.gov/v3/bill/94/s/865?format=json"
        },
        {
            "congress": 94,
            "introducedDate": "1975-02-25",
            "latestAction": {
                "actionDate": "1975-02-25",
                "text": "Referred to Senate Committee on the Judiciary."
            },
            "number": "837",
            "policyArea": {
                "name": "Private Legislation"
            },
            "title": "A bill for the relief of Rose Minutillo.",
            "type": "S",
            "url": "https://api.congress.gov/v3/bill/94/s/837?format=json"
        },
        {
            "congress": 94,
            "introducedDate": "1975-01-30",
            "latestAction": {
                "actionDate": "1975-01-30",
                "text": "Referred to Senate Committee on Finance."
            },
            "number": "497",
            "policyArea": {
                "name": "Social Welfare"
            },
            "title": "A bill to provide for the monthly publication of a Consumer Price Index for the Aged which shall be used in the provision of cost-of-living benefit increases authorized by title II of the Social Security Act.",
            "type": "S",
            "url": "https://api.congress.gov/v3/bill/94/s/497?format=json"
        },
        {
            "congress": 94,
            "introducedDate": "1975-10-20",
            "latestAction": {
                "actionDate": "1975-10-20",
                "text": "Referred to Senate Committee on the Judiciary."
            },
            "number": "140",
            "policyArea": {
                "name": "Constitutional amendments"
            },
            "title": "A joint resolution proposing an amendment to the Constitution of the United States for the protection of unborn children, and other persons.",
            "type": "SJRES",
            "url": "https://api.congress.gov/v3/bill/94/sjres/140?format=json"
        },
        {
            "congress": 94,
            "introducedDate": "1975-09-08",
            "latestAction": {
                "actionDate": "1975-09-08",
                "text": "Referred to Senate Committee on the Judiciary."
            },
            "number": "124",
            "policyArea": {
                "name": "German Americans"
            },
            "title": "A joint resolution to declare \"German-American Day\".",
            "type": "SJRES",
            "url": "https://api.congress.gov/v3/bill/94/sjres/124?format=json"
        },
        {
            "congress": 94,
            "introducedDate": "1975-07-22",
            "latestAction": {
                "actionDate": "1975-07-22",
                "text": "Referred to Senate Committee on Foreign Relations."
            },
            "number": "111",
            "policyArea": {
                "name": "International Affairs"
            },
            "title": "A joint resolution-European Security Conference Resolution.",
            "type": "SJRES",
            "url": "https://api.congress.gov/v3/bill/94/sjres/111?format=json"
        },
        {
            "congress": 94,
            "introducedDate": "1975-07-25",
            "latestAction": {
                "actionDate": "1975-07-25",
                "text": "Referred to Senate Committee on Foreign Relations."
            },
            "number": "114",
            "policyArea": {
                "name": "International Affairs"
            },
            "title": "A joint resolution-the Portuguese Free Elections Resolution.",
            "type": "SJRES",
            "url": "https://api.congress.gov/v3/bill/94/sjres/114?format=json"
        },
        {
            "congress": 94,
            "introducedDate": "1975-10-20",
            "latestAction": {
                "actionDate": "1975-10-20",
                "text": "Referred to Senate Committee on the Judiciary."
            },
            "number": "141",
            "policyArea": {
                "name": "Constitutional amendments"
            },
            "title": "A joint resolution proposing an amendment to the Constitution of the United States for the protection of unborn children and other persons.",
            "type": "SJRES",
            "url": "https://api.congress.gov/v3/bill/94/sjres/141?format=json"
        },
        {
            "congress": 94,
            "introducedDate": "1975-07-17",
            "latestAction": {
                "actionDate": "1975-07-17",
                "text": "Referred to Senate Committee on Foreign Relations."
            },
            "number": "109",
            "policyArea": {
                "name": "International Affairs"
            },
            "title": "A joint resolution relating to the European Security Conference.",
            "type": "SJRES",
            "url": "https://api.congress.gov/v3/bill/94/sjres/109?format=json"
        },
        {
            "congress": 94,
            "introducedDate": "1975-01-23",
            "latestAction": {
                "actionDate": "1975-01-23",
                "text": "Referred to Senate Committee on the Judiciary."
            },
            "number": "10",
            "policyArea": {
                "name": "Constitutional amendments"
            },
            "title": "A joint resolution proposing an amendment to the Constitution of the United States for the protection of unborn children and other persons.",
            "type": "SJRES",
            "url": "https://api.congress.gov/v3/bill/94/sjres/10?format=json"
        },
        {
            "congress": 94,
            "introducedDate": "1975-01-23",
            "latestAction": {
                "actionDate": "1975-01-23",
                "text": "Referred to Senate Committee on the Judiciary."
            },
            "number": "11",
            "policyArea": {
                "name": "Constitutional amendments"
            },
            "title": "A joint resolution proposing an amendment to the Constitution of the United States for the protection of unborn children and other persons.",
            "type": "SJRES",
            "url": "https://api.congress.gov/v3/bill/94/sjres/11?format=json"
        },
        {
            "congress": 94,
            "introducedDate": "1976-08-24",
            "latestAction": {
                "actionDate": "1976-08-24",
                "text": "Referred to Senate Committee on Foreign Relations."
            },
            "number": "520",
            "policyArea": {
                "name": "International Affairs"
            },
            "title": "A resolution concerning the situation in Northern Ireland.",
            "type": "SRES",
            "url": "https://api.congress.gov/v3/bill/94/sres/520?format=json"
        },
        {
            "congress": 94,
            "introducedDate": "1976-08-05",
            "latestAction": {
                "actionDate": "1976-08-05",
                "text": "Referred to Senate Committee on Finance."
            },
            "number": "511",
            "policyArea": {
                "name": "International Affairs"
            },
            "title": "A resolution relating to the Romanian Trade Agreement.",
            "type": "SRES",
            "url": "https://api.congress.gov/v3/bill/94/sres/511?format=json"
        },
        {
            "congress": 94,
            "introducedDate": "1976-06-18",
            "latestAction": {
                "actionDate": "1976-06-18",
                "text": "Referred to Senate Committee on the Budget."
            },
            "number": "473",
            "policyArea": {
                "name": "Congress"
            },
            "title": "A resolution reported relating to the consideration of Senate Joint Resolution 201.",
            "type": "SRES",
            "url": "https://api.congress.gov/v3/bill/94/sres/473?format=json"
        },
        {
            "congress": 94,
            "introducedDate": "1976-05-04",
            "latestAction": {
                "actionDate": "1976-05-04",
                "text": "Referred to Senate Committee on Finance."
            },
            "number": "438",
            "policyArea": {
                "name": "Congress"
            },
            "title": "A resolution to establish a select committee of the Senate to conduct an investigation and study of welfare fraud.",
            "type": "SRES",
            "url": "https://api.congress.gov/v3/bill/94/sres/438?format=json"
        },
        {
            "congress": 94,
            "introducedDate": "1975-07-24",
            "latestAction": {
                "actionDate": "1975-07-24",
                "text": "Referred to Senate Committee on the Judiciary."
            },
            "number": "220",
            "policyArea": {
                "name": "Commemorations"
            },
            "title": "Resolution declaring \"God Bless America\" Bicentennial song of the United States.",
            "type": "SRES",
            "url": "https://api.congress.gov/v3/bill/94/sres/220?format=json"
        },
        {
            "congress": 94,
            "introducedDate": "1975-04-10",
            "latestAction": {
                "actionDate": "1975-04-10",
                "text": "Referred to Senate Committee on Foreign Relations."
            },
            "number": "127",
            "policyArea": {
                "name": "International Affairs"
            },
            "title": "Resolution to censure violation of the Paris Accords.",
            "type": "SRES",
            "url": "https://api.congress.gov/v3/bill/94/sres/127?format=json"
        },
        {
            "congress": 94,
            "introducedDate": "1975-09-04",
            "latestAction": {
                "actionDate": "1975-09-04",
                "text": "Referred to Senate Committee on the Judiciary."
            },
            "number": "241",
            "policyArea": {
                "name": "Armed Forces and National Security"
            },
            "title": "A resolution to honor men listed as missing in action in Southeast Asia.",
            "type": "SRES",
            "url": "https://api.congress.gov/v3/bill/94/sres/241?format=json"
        },
        {
            "congress": 94,
            "introducedDate": "1975-05-20",
            "latestAction": {
                "actionDate": "1975-05-20",
                "text": "Referred to Senate Committee on the Judiciary."
            },
            "number": "161",
            "policyArea": {
                "name": "Private Legislation"
            },
            "title": "A resolution to refer S. 1771 to the Court of Claims.",
            "type": "SRES",
            "url": "https://api.congress.gov/v3/bill/94/sres/161?format=json"
        },
        {
            "congress": 94,
            "introducedDate": "1976-05-13",
            "latestAction": {
                "actionDate": "1976-05-13",
                "text": "Referred to Senate Committee on the Judiciary."
            },
            "number": "117",
            "policyArea": {
                "name": "Social Sciences and History"
            },
            "title": "Concurrent resolution declaring the official Bicentennial Theme.",
            "type": "SCONRES",
            "url": "https://api.congress.gov/v3/bill/94/sconres/117?format=json"
        }
    ]
}