{
    "pagination": {
        "count": 48
    },
    "request": {
        "bioguideId": "b001158",
        "contentType": "application/json",
        "format": "json"
    },
    "sponsoredLegislation": [
        {
            "congress": 98,
            "introducedDate": "1984-06-11",
            "latestAction": {
                "actionDate": "1984-06-11",
                "text": "Referred to House Committee on The Judiciary."
            },
            "number": "5819",
            "policyArea": {
                "name": "Private Legislation"
            },
            "title": "A bill for the relief of Fatima Rio Frio Benitez.",
            "type": "HR",
            "url": "https://api.congress.gov/v3/bill/98/hr/5819?format=json"
        },
        {
            "congress": 98,
            "introducedDate": "1984-03-13",
            "latestAction": {
                "actionDate": "1984-09-18",
                "text": "Subcommittee Hearings Held."
            },
            "number": "5107",
            "policyArea": {
                "name": "Labor and Employment"
            },
            "title": "Performing Arts Labor Relations Amendments",
            "type": "HR",
            "url": "https://api.congress.gov/v3/bill/98/hr/5107?format=json"
        },
        {
            "congress": 98,
            "introducedDate": "1983-11-09",
            "latestAction": {
                "actionDate": "1983-11-09",
                "text": "Referred to House Committee on The Judiciary."
            },
            "number": "4347",
            "policyArea": {
                "name": "Private Legislation"
            },
            "title": "A bill for the relief of Yong-Suk Song.",
            "type": "HR",
            "url": "https://api.congress.gov/v3/bill/98/hr/4347?format=json"
        },
        {
            "congress": 98,
            "introducedDate": "1983-09-30",
            "latestAction": {
                "actionDate": "1983-09-30",
                "text": "Referred to House Committee on The Judiciary."
            },
            "number": "4062",
            "policyArea": {
                "name": "Private Legislation"
            },
            "title": "A bill for the relief of Antonio Callejo Carsola.",
            "type": "HR",
            "url": "https://api.congress.gov/v3/bill/98/hr/4062?format=json"
        },
        {
            "congress": 98,
            "introducedDate": "1983-09-29",
            "latestAction": {
                "actionDate": "1983-10-16",
                "text": "Referred to Subcommittee on Economic Stabilization."
            },
            "number": "4031",
            "policyArea": {
                "name": "Labor and Employment"
            },
            "title": "National Employment Priorities Act",
            "type": "HR",
            "url": "https://api.congress.gov/v3/bill/98/hr/4031?format=json"
        },
        {
            "congress": 98,
            "introducedDate": "1983-08-04",
            "latestAction": {
                "actionDate": "1983-08-11",
                "text": "Referred to Subcommittee on Health."
            },
            "number": "3792",
            "policyArea": {
                "name": "Health"
            },
            "title": "A bill to provide benefits under part B of the medicare program with respect to acupuncture treatment in States which license or certify individuals who furnish such treatment.",
            "type": "HR",
            "url": "https://api.congress.gov/v3/bill/98/hr/3792?format=json"
        },
        {
            "congress": 98,
            "introducedDate": "1983-08-04",
            "latestAction": {
                "actionDate": "1983-08-04",
                "text": "Referred to Subcommittee on Health and the Environment."
            },
            "number": "3791",
            "policyArea": {
                "name": "Health"
            },
            "title": "A bill to amend title XIX of the Social Security Act to provide for medicaid coverage of acupuncturists' services.",
            "type": "HR",
            "url": "https://api.congress.gov/v3/bill/98/hr/3791?format=json"
        },
        {
            "amendmentNumber": "880",
            "congress": 99,
            "introducedDate": "1986-06-05",
            "latestAction": {
                "actionDate": "1986-06-05",
                "text": "Amendment Passed in Committee of the Whole by Voice Vote. "
            },
            "type": null,
            "url": "https://api.congress.gov/v3/amendment/99/hamdt/880?format=json"
        },
        {
            "amendmentNumber": "641",
            "congress": 99,
            "introducedDate": "1985-12-03",
            "latestAction": {
                "actionDate": "1985-12-03",
                "text": "Amendment Passed in Committee of the Whole by Voice Vote. "
            },
            "type": null,
            "url": "https://api.congress.gov/v3/amendment/99/hamdt/641?format=json"
        },
        {
            "congress": 99,
            "introducedDate": "1986-03-18",
            "latestAction": {
                "actionDate": "1986-03-18",
                "text": "Referred to House Committee on The Judiciary."
            },
            "number": "4446",
            "policyArea": {
                "name": "Private Legislation"
            },
            "title": "A bill for the relief of Henry David Brimmer.",
            "type": "HR",
            "url": "https://api.congress.gov/v3/bill/99/hr/4446?format=json"
        },
        {
            "congress": 99,
            "introducedDate": "1986-02-19",
            "latestAction": {
                "actionDate": "1986-02-19",
                "text": "Referred to House Committee on The Judiciary."
            },
            "number": "4199",
            "policyArea": {
                "name": "Private Legislation"
            },
            "title": "A bill for the relief of Sau To Yue.",
            "type": "HR",
            "url": "https://api.congress.gov/v3/bill/99/hr/4199?format=json"
        },
        {
            "congress": 99,
            "introducedDate": "1986-01-23",
            "latestAction": {
                "actionDate": "1986-01-30",
                "text": "Referred to Subcommittee on Health and the Environment."
            },
            "number": "4042",
            "policyArea": {
                "name": "Environmental Protection"
            },
            "title": "A bill to require the Environmental Protection Agency to conduct a study of acid precipitation in a 9-County Bay Area of California.",
            "type": "HR",
            "url": "https://api.congress.gov/v3/bill/99/hr/4042?format=json"
        },
        {
            "congress": 99,
            "introducedDate": "1985-06-11",
            "latestAction": {
                "actionDate": "1985-06-11",
                "text": "Referred to House Committee on The Judiciary."
            },
            "number": "2737",
            "policyArea": {
                "name": "Private Legislation"
            },
            "title": "A bill for the relief of Demetrios Theodoropulos.",
            "type": "HR",
            "url": "https://api.congress.gov/v3/bill/99/hr/2737?format=json"
        },
        {
            "congress": 99,
            "introducedDate": "1985-04-23",
            "latestAction": {
                "actionDate": "1985-04-23",
                "text": "Referred to House Committee on The Judiciary."
            },
            "number": "2192",
            "policyArea": {
                "name": "Private Legislation"
            },
            "title": "A bill for the relief of Chun Wei Wong.",
            "type": "HR",
            "url": "https://api.congress.gov/v3/bill/99/hr/2192?format=json"
        },
        {
            "congress": 99,
            "introducedDate": "1985-04-18",
            "latestAction": {
                "actionDate": "1985-05-06",
                "text": "Referred to Subcommittee on Postsecondary Education."
            },
            "number": "2111",
            "policyArea": {
                "name": "Families"
            },
            "title": "A bill to amend the Higher Education Act of 1965 to improve the access to higher education of low-income parents in need of child care services and for other purposes.",
            "type": "HR",
            "url": "https://api.congress.gov/v3/bill/99/hr/2111?format=json"
        },
        {
            "congress": 99,
            "introducedDate": "1985-04-01",
            "latestAction": {
                "actionDate": "1985-04-01",
                "text": "Referred to House Committee on The Judiciary."
            },
            "number": "1862",
            "policyArea": {
                "name": "Private Legislation"
            },
            "title": "A bill for the relief of Richard John Longstaff.",
            "type": "HR",
            "url": "https://api.congress.gov/v3/bill/99/hr/1862?format=json"
        },
        {
            "congress": 99,
            "introducedDate": "1985-03-20",
            "latestAction": {
                "actionDate": "1985-03-20",
                "text": "Referred to House Committee on The Judiciary."
            },
            "number": "1636",
            "policyArea": {
                "name": "Private Legislation"
            },
            "title": "A bill for the relief of Maria de Jesus Castro.",
            "type": "HR",
            "url": "https://api.congress.gov/v3/bill/99/hr/1636?format=json"
        },
        {
            "congress": 99,
            "introducedDate": "1985-03-20",
            "latestAction": {
                "actionDate": "1985-03-20",
                "text": "Referred to House Committee on The Judiciary."
            },
            "number": "1640",
            "policyArea": {
                "name": "Private Legislation"
            },
            "title": "A bill for the relief of Yong-Suk Song.",
            "type": "HR",
            "url": "https://api.congress.gov/v3/bill/99/hr/1640?format=json"
        },
        {
            "congress": 99,
            "introducedDate": "1985-03-20",
            "latestAction": {
                "actionDate": "1985-03-20",
                "text": "Referred to House Committee on The Judiciary."
            },
            "number": "1635",
            "policyArea": {
                "name": "Private Legislation"
            },
            "title": "A bill for the relief of Dalila Barrinuevo.",
            "type": "HR",
            "url": "https://api.congress.gov/v3/bill/99/hr/1635?format=json"
        },
        {
            "congress": 99,
            "introducedDate": "1985-03-20",
            "latestAction": {
                "actionDate": "1985-03-20",
                "text": "Referred to House Committee on The Judiciary."
            },
            "number": "1637",
            "policyArea": {
                "name": "Private Legislation"
            },
            "title": "A bill for the relief of Rosa Maria Jansa de Mendez.",
            "type": "HR",
            "url": "https://api.congress.gov/v3/bill/99/hr/1637?format=json"
        },
        {
            "congress": 99,
            "introducedDate": "1985-03-20",
            "latestAction": {
                "actionDate": "1985-03-20",
                "text": "Referred to House Committee on The Judiciary."
            },
            "number": "1639",
            "policyArea": {
                "name": "Private Legislation"
            },
            "title": "A bill for the relief of Bertha Rubio de Parra.",
            "type": "HR",
            "url": "https://api.congress.gov/v3/bill/99/hr/1639?format=json"
        },
        {
            "congress": 99,
            "introducedDate": "1985-03-20",
            "latestAction": {
                "actionDate": "1985-03-20",
                "text": "Referred to House Committee on The Judiciary."
            },
            "number": "1638",
            "policyArea": {
                "name": "Private Legislation"
            },
            "title": "A bill for the relief of Joaquin Morales.",
            "type": "HR",
            "url": "https://api.congress.gov/v3/bill/99/hr/1638?format=json"
        },
        {
            "congress": 99,
            "introducedDate": "1985-03-19",
            "latestAction": {
                "actionDate": "1985-03-21",
                "text": "Referred to Subcommittee on Immigration, Refugees, and International Law."
            },
            "number": "1549",
            "policyArea": {
                "name": "Immigration"
            },
            "title": "A bill to amend the Immigration and Nationality Act to increase the immigrant quota for colonies and dependent areas.",
            "type": "HR",
            "url": "https://api.congress.gov/v3/bill/99/hr/1549?format=json"
        },
        {
            "congress": 99,
            "introducedDate": "1985-02-28",
            "latestAction": {
                "actionDate": "1986-08-27",
                "text": "Became Public Law No: 99-395."
            },
            "number": "1343",
            "policyArea": {
                "name": "Sports and Recreation"
            },
            "title": "A bill to authorize the use of funds from rental of floating drydock and other marine equipment to support the National Maritime Museum in San Francisco, California.",
            "type": "HR",
            "url": "https://api.congress.gov/v3/bill/99/hr/1343?format=json"
        },
        {
            "congress": 99,
            "introducedDate": "1985-02-19",
            "latestAction": {
                "actionDate": "1985-02-19",
                "text": "Referred to House Committee on The Judiciary."
            },
            "number": "1149",
            "policyArea": {
                "name": "Private Legislation"
            },
            "title": "A bill for the relief of Emily Gayanes Gaufo, Joselyn G. Gaufo, and Favio G. Gaufo, Junior.",
            "type": "HR",
            "url": "https://api.congress.gov/v3/bill/99/hr/1149?format=json"
        },
        {
            "congress": 99,
            "introducedDate": "1985-02-20",
            "latestAction": {
                "actionDate": "1985-02-20",
                "text": "Referred to House Committee on The Judiciary."
            },
            "number": "1187",
            "policyArea": {
                "name": "Private Legislation"
            },
            "title": "A bill for the relief of Fung Ping Lee.",
            "type": "HR",
            "url": "https://api.congress.gov/v3/bill/99/hr/1187?format=json"
        },
        {
            "congress": 99,
            "introducedDate": "1985-02-07",
            "latestAction": {
                "actionDate": "1985-02-26",
                "text": "Referred to Subcommittee on Health and the Environment."
            },
            "number": "1032",
            "policyArea": {
                "name": "Social Welfare"
            },
            "title": "A bill to provide benefits under part B of the medicare program with respect to acupuncture treatment in States which license or certify individuals who furnish such treatment.",
            "type": "HR",
            "url": "https://api.congress.gov/v3/bill/99/hr/1032?format=json"
        },
        {
            "congress": 99,
            "introducedDate": "1985-02-07",
            "latestAction": {
                "actionDate": "1985-02-26",
                "text": "Referred to Subcommittee on Health and the Environment."
            },
            "number": "1031",
            "policyArea": {
                "name": "Social Welfare"
            },
            "title": "A bill to amend title XIX of the Social Security Act to provide for medicaid coverage of acupuncturists' services.",
            "type": "HR",
            "url": "https://api.congress.gov/v3/bill/99/hr/1031?format=json"
        },
        {
            "congress": 99,
            "introducedDate": "1985-02-04",
            "latestAction": {
                "actionDate": "1985-02-04",
                "text": "Referred to House Committee on The Judiciary."
            },
            "number": "940",
            "policyArea": {
                "name": "Private Legislation"
            },
            "title": "A bill for the relief of Reynaldo B. Nidoy and Bella Anderson Nidoy.",
            "type": "HR",
            "url": "https://api.congress.gov/v3/bill/99/hr/940?format=json"
        },
        {
            "congress": 99,
            "introducedDate": "1985-02-04",
            "latestAction": {
                "actionDate": "1985-02-04",
                "text": "Referred to House Committee on The Judiciary."
            },
            "number": "942",
            "policyArea": {
                "name": "Private Legislation"
            },
            "title": "A bill for the relief of Cheng Hsiang-Lin.",
            "type": "HR",
            "url": "https://api.congress.gov/v3/bill/99/hr/942?format=json"
        },
        {
            "congress": 99,
            "introducedDate": "1985-02-04",
            "latestAction": {
                "actionDate": "1985-02-04",
                "text": "Referred to House Committee on The Judiciary."
            },
            "number": "938",
            "policyArea": {
                "name": "Private Legislation"
            },
            "title": "A bill for the relief of Fatima Rio Frio Benitez.",
            "type": "HR",
            "url": "https://api.congress.gov/v3/bill/99/hr/938?format=json"
        },
        {
            "congress": 99,
            "introducedDate": "1985-02-04",
            "latestAction": {
                "actionDate": "1985-02-04",
                "text": "Referred to House Committee on The Judiciary."
            },
            "number": "941",
            "policyArea": {
                "name": "Private Legislation"
            },
            "title": "A bill for the relief of Barry David Tombs.",
            "type": "HR",
            "url": "https://api.congress.gov/v3/bill/99/hr/941?format=json"
        },
        {
            "congress": 99,
            "introducedDate": "1985-02-04",
            "latestAction": {
                "actionDate": "1985-02-04",
                "text": "Referred to House Committee on The Judiciary."
            },
            "number": "939",
            "policyArea": {
                "name": "Private Legislation"
            },
            "title": "A bill for the relief of Chen-Chuan Jen.",
            "type": "HR",
            "url": "https://api.congress.gov/v3/bill/99/hr/939?format=json"
        },
        {
            "congress": 99,
            "introducedDate": "1986-08-12",
            "latestAction": {
                "actionDate": "1986-10-14",
                "text": "See S.J.Res.390."
            },
            "number": "704",
            "policyArea": {
                "name": "Commemorations"
            },
            "title": "A joint resolution to authorize and request the President to proclaim the week of November 23, 1986, to November 30, 1986, as \"American Indian Week\".",
            "type": "HJRES",
            "url": "https://api.congress.gov/v3/bill/99/hjres/704?format=json"
        },
        {
            "congress": 99,
            "introducedDate": "1986-07-29",
            "latestAction": {
                "actionDate": "1986-07-31",
                "text": "Resolution Agreed to in House by Yea-Nay Vote: 315 - 93 (Record Vote No: 275)."
            },
            "number": "516",
            "policyArea": {
                "name": "Congress"
            },
            "title": "A resolution waiving certain points of order against consideration of the bill (H.R. 5234) making appropriations for the Department of the Interior and related agencies for the fiscal year ending September 30, 1987, and for other purposes.",
            "type": "HRES",
            "url": "https://api.congress.gov/v3/bill/99/hres/516?format=json"
        },
        {
            "congress": 99,
            "introducedDate": "1986-07-31",
            "latestAction": {
                "actionDate": "1986-08-01",
                "text": "Resolution Agreed to in House by Yea-Nay Vote: 278 - 92 (Record Vote No: 279)."
            },
            "number": "521",
            "policyArea": {
                "name": "Congress"
            },
            "title": "A resolution waiving certain points of order against consideration of the bill (H.R. 5294) making appropriations for the Treasury Department, the United States Postal Service, the Executive Office of the President, and certain Independent Agencies, for the fiscal year ending September 30, 1987, and for other purposes.",
            "type": "HRES",
            "url": "https://api.congress.gov/v3/bill/99/hres/521?format=json"
        },
        {
            "congress": 99,
            "introducedDate": "1986-06-24",
            "latestAction": {
                "actionDate": "1986-07-16",
                "text": "Resolution Agreed to in House by Yea-Nay Vote: 398 - 2 (Record Vote No: 214)."
            },
            "number": "483",
            "policyArea": {
                "name": "Congress"
            },
            "title": "A resolution providing for the consideration of the bill (H. R. 4259) to amend the Act of February 11, 1895 (28 Stat. 651), to authorize the donation of certain non-Federal lands within the boundaries of the Gettysburg National Military Park.",
            "type": "HRES",
            "url": "https://api.congress.gov/v3/bill/99/hres/483?format=json"
        },
        {
            "congress": 99,
            "introducedDate": "1986-05-20",
            "latestAction": {
                "actionDate": "1986-05-22",
                "text": "Resolution Agreed to in House by Voice Vote."
            },
            "number": "458",
            "policyArea": {
                "name": "Congress"
            },
            "title": "A resolution waiving certain points of order against the conference report on (H. R. 2672) to redesignate the New York International and Bulk Mail Center in Jersey City, New Jersey, as the \"New Jersey International and Bulk Mail Center\", and to honor the memory of a former postal employee by dedicating a portion of a street at the New York International and Bulk Mail Center in Jersey City, New Jersey, as \"Michael McDermott Place,\" and against the consideration of such conference report.",
            "type": "HRES",
            "url": "https://api.congress.gov/v3/bill/99/hres/458?format=json"
        },
        {
            "congress": 99,
            "introducedDate": "1986-04-22",
            "latestAction": {
                "actionDate": "1986-04-30",
                "text": "Resolution Agreed to in House by Yea-Nay Vote: 336 - 74 (Record Vote No: 106)."
            },
            "number": "429",
            "policyArea": {
                "name": "Congress"
            },
            "title": "A resolution providing for the consideration of the bill (H.R. 3302) to designate certain national forest lands in the State of Nevada for inclusion in the National Wilderness Preservation System, and for other purposes.",
            "type": "HRES",
            "url": "https://api.congress.gov/v3/bill/99/hres/429?format=json"
        },
        {
            "congress": 99,
            "introducedDate": "1986-03-17",
            "latestAction": {
                "actionDate": "1986-03-18",
                "text": "Resolution Agreed to in House by Voice Vote."
            },
            "number": "402",
            "policyArea": {
                "name": "Congress"
            },
            "title": "A resolution providing for the consideration of the bill (H.R. 4151) to provide for the security of United States diplomatic personnel, facilities, and operations, and for other purposes.",
            "type": "HRES",
            "url": "https://api.congress.gov/v3/bill/99/hres/402?format=json"
        },
        {
            "congress": 99,
            "introducedDate": "1985-12-06",
            "latestAction": {
                "actionDate": "1985-12-11",
                "text": "Resolution Agreed to in House by Yea-Nay Vote: 252 - 158 (Record Vote No: 450)."
            },
            "number": "333",
            "policyArea": {
                "name": "Congress"
            },
            "title": "A resolution providing for the consideration of the joint resolution (S. J. Res. 238) relating to the approval and implementation of the proposed agreement for nuclear cooperation between the United States and the People's Republic of China.",
            "type": "HRES",
            "url": "https://api.congress.gov/v3/bill/99/hres/333?format=json"
        },
        {
            "congress": 99,
            "introducedDate": "1985-12-10",
            "latestAction": {
                "actionDate": "1985-12-11",
                "text": "Resolution Agreed to in House by Voice Vote."
            },
            "number": "338",
            "policyArea": {
                "name": "Congress"
            },
            "title": "A resolution providing for amending the Senate amendment to the joint resolution (H. J. Res.  187) to approve the \"Compact of Free Association\", and for other purposes.",
            "type": "HRES",
            "url": "https://api.congress.gov/v3/bill/99/hres/338?format=json"
        },
        {
            "congress": 99,
            "introducedDate": "1985-10-01",
            "latestAction": {
                "actionDate": "1985-10-17",
                "text": "Resolution Agreed to in House by Yea-Nay Vote: 369 - 33 (Record Vote No: 361)."
            },
            "number": "282",
            "policyArea": {
                "name": "Congress"
            },
            "title": "A resolution waiving certain points of order against consideration of the bill (H. R. 3327) making appropriations for military construction for the Department of Defense for the fiscal year ending September 30, 1986, and for other purposes.",
            "type": "HRES",
            "url": "https://api.congress.gov/v3/bill/99/hres/282?format=json"
        },
        {
            "congress": 99,
            "introducedDate": "1985-06-11",
            "latestAction": {
                "actionDate": "1985-07-11",
                "text": "Resolution Agreed to in House by Voice Vote."
            },
            "number": "195",
            "policyArea": {
                "name": "Congress"
            },
            "title": "A resolution providing for the consideration of the bill (H.R.99) to provide for the conservation, rehabilitation, and improvement of natural and cultural resources located on public or Indian lands, and for other purposes.",
            "type": "HRES",
            "url": "https://api.congress.gov/v3/bill/99/hres/195?format=json"
        },
        {
            "congress": 99,
            "introducedDate": "1985-07-24",
            "latestAction": {
                "actionDate": "1985-07-25",
                "text": "Resolution Agreed to in House by Voice Vote."
            },
            "number": "235",
            "policyArea": {
                "name": "Congress"
            },
            "title": "A resolution providing for the consideration of the joint resolution (H.J.Res. 187) to approve the \"Compact of Free Association\", and for other purposes.",
            "type": "HRES",
            "url": "https://api.congress.gov/v3/bill/99/hres/235?format=json"
        },
        {
            "congress": 99,
            "introducedDate": "1985-12-16",
            "latestAction": {
                "actionDate": "1986-04-16",
                "text": "For Further Action See S.Con.Res.95."
            },
            "number": "260",
            "policyArea": {
                "name": "Commerce"
            },
            "title": "A concurrent resolution to recognize and honor the contributions of the Consumers Union.",
            "type": "HCONRES",
            "url": "https://api.congress.gov/v3/bill/99/hconres/260?format=json"
        },
        {
            "congress": 99,
            "introducedDate": "1986-03-05",
            "latestAction": {
                "actionDate": "1986-03-05",
                "text": "Referred to House Committee on Ways and Means."
            },
            "number": "294",
            "policyArea": {
                "name": "Taxation"
            },
            "title": "A concurrent resolution expressing the sense of the Congress that the Internal Revenue Service should be provided with adequate resources to enforce the internal revenue laws of the United States.",
            "type": "HCONRES",
            "url": "https://api.congress.gov/v3/bill/99/hconres/294?format=json"
        },
        {
            "congress": 99,
            "introducedDate": "1985-04-18",
            "latestAction": {
                "actionDate": "1986-05-13",
                "text": "Forwarded by Subcommittee to Full Committee."
            },
            "number": "121",
            "policyArea": {
                "name": "Education"
            },
            "title": "A concurrent resolution to express the sense of the Congress that public schools should be encouraged to include a study of the Holocaust in their history curriculums.",
            "type": "HCONRES",
            "url": "https://api.congress.gov/v3/bill/99/hconres/121?format=json"
        }
    ]
}