{
    "pagination": {
        "count": 15
    },
    "request": {
        "bioguideId": "c000737",
        "contentType": "application/json",
        "format": "json"
    },
    "sponsoredLegislation": [
        {
            "amendmentNumber": "60",
            "congress": 104,
            "introducedDate": "1995-01-31",
            "latestAction": {
                "actionDate": "1995-01-31",
                "actionTime": "16:50:13",
                "text": "On agreeing to the Cooley amendment (A049) Failed by recorded vote: 146 - 287 (Roll no. 75). "
            },
            "type": null,
            "url": "https://api.congress.gov/v3/amendment/104/hamdt/60?format=json"
        },
        {
            "congress": 104,
            "introducedDate": "1996-09-28",
            "latestAction": {
                "actionDate": "1996-09-28",
                "text": "Referred to the House Committee on Resources."
            },
            "number": "4294",
            "policyArea": {
                "name": "Public Lands and Natural Resources"
            },
            "title": "To prohibit further extension or establishment of any national monument in Oregon without full public participation and an express Act of Congress, and for other purposes.",
            "type": "HR",
            "url": "https://api.congress.gov/v3/bill/104/hr/4294?format=json"
        },
        {
            "congress": 104,
            "introducedDate": "1996-07-23",
            "latestAction": {
                "actionDate": "1996-08-05",
                "text": "Referred to the Subcommittee on Water Resources and Environment."
            },
            "number": "3875",
            "policyArea": {
                "name": "Water Resources Development"
            },
            "title": "To redesignate the dam located at mile 153.6 on the Rogue River in Jackson County, Oregon, and commonly known as the Lost Creek Dam Lake Project, as the \"William L. Jess Dam and Intake Structure\".",
            "type": "HR",
            "url": "https://api.congress.gov/v3/bill/104/hr/3875?format=json"
        },
        {
            "congress": 104,
            "introducedDate": "1996-05-01",
            "latestAction": {
                "actionDate": "1996-05-06",
                "text": "Referred to the Subcommittee on National Parks, Forests and Lands."
            },
            "number": "3377",
            "policyArea": {
                "name": "Public Lands and Natural Resources"
            },
            "title": "Rural Right-of-Way Fairness Act",
            "type": "HR",
            "url": "https://api.congress.gov/v3/bill/104/hr/3377?format=json"
        },
        {
            "congress": 104,
            "introducedDate": "1996-04-23",
            "latestAction": {
                "actionDate": "1996-07-08",
                "text": "Placed on the Union Calendar, Calendar No. 335."
            },
            "number": "3290",
            "policyArea": {
                "name": "Public Lands and Natural Resources"
            },
            "title": "To authorize appropriations for the Bureau of Land Management for each of the fiscal years 1997 through 2002.",
            "type": "HR",
            "url": "https://api.congress.gov/v3/bill/104/hr/3290?format=json"
        },
        {
            "congress": 104,
            "introducedDate": "1995-11-30",
            "latestAction": {
                "actionDate": "1996-09-09",
                "text": "Placed on the Union Calendar, Calendar No. 421."
            },
            "number": "2693",
            "policyArea": {
                "name": "Public Lands and Natural Resources"
            },
            "title": "To require the Secretary of Agriculture to make a minor adjustment in the exterior boundary of the Hells Canyon Wilderness in the States of Oregon and Idaho to exclude an established Forest Service road inadvertently included in the wilderness.",
            "type": "HR",
            "url": "https://api.congress.gov/v3/bill/104/hr/2693?format=json"
        },
        {
            "congress": 104,
            "introducedDate": "1995-11-01",
            "latestAction": {
                "actionDate": "1996-04-22",
                "text": "Executive Comment Requested from USDA."
            },
            "number": "2568",
            "policyArea": {
                "name": "Public Lands and Natural Resources"
            },
            "title": "To require adoption of a management plan for the Hells Canyon National Recreation Area that allows appropriate use of motorized and nonmotorized river craft in the recreation area, and for other purposes.",
            "type": "HR",
            "url": "https://api.congress.gov/v3/bill/104/hr/2568?format=json"
        },
        {
            "congress": 104,
            "introducedDate": "1995-09-21",
            "latestAction": {
                "actionDate": "1996-09-28",
                "text": "Placed on the Union Calendar, Calendar No. 467."
            },
            "number": "2392",
            "policyArea": {
                "name": "Water Resources Development"
            },
            "title": "Umatilla Basin Project Completion Act",
            "type": "HR",
            "url": "https://api.congress.gov/v3/bill/104/hr/2392?format=json"
        },
        {
            "congress": 104,
            "introducedDate": "1995-07-19",
            "latestAction": {
                "actionDate": "1996-02-01",
                "text": "Became Public Law No: 104-101."
            },
            "number": "2061",
            "policyArea": {
                "name": "Government Operations and Politics"
            },
            "title": "To designate the Federal building located at 1550 Dewey Avenue, Baker City, Oregon as the \"David J. Wheeler Federal Building\".",
            "type": "HR",
            "url": "https://api.congress.gov/v3/bill/104/hr/2061?format=json"
        },
        {
            "congress": 104,
            "introducedDate": "1995-05-25",
            "latestAction": {
                "actionDate": "1996-04-25",
                "text": "For Further Action See S.1459."
            },
            "number": "1713",
            "policyArea": {
                "name": "Public Lands and Natural Resources"
            },
            "title": "Livestock Grazing Act",
            "type": "HR",
            "url": "https://api.congress.gov/v3/bill/104/hr/1713?format=json"
        },
        {
            "congress": 104,
            "introducedDate": "1995-05-24",
            "latestAction": {
                "actionDate": "1995-06-05",
                "text": "Executive Comment Requested from USDA."
            },
            "number": "1697",
            "policyArea": {
                "name": "Public Lands and Natural Resources"
            },
            "title": "To provide for the continuation of certain commercial activities at the Red's Horse Ranch area of the Eagle Cap Wilderness, Wallowa and Whitman National Forests, Oregon.",
            "type": "HR",
            "url": "https://api.congress.gov/v3/bill/104/hr/1697?format=json"
        },
        {
            "congress": 104,
            "introducedDate": "1995-05-24",
            "latestAction": {
                "actionDate": "1995-07-20",
                "text": "Subcommittee Hearings Held."
            },
            "number": "1696",
            "policyArea": {
                "name": "Environmental Protection"
            },
            "title": "To authorize the Administrator of the Environmental Protection Agency to exempt certain small landfills from the ground water monitoring requirements contained in landfill regulations promulgated by the Agency.",
            "type": "HR",
            "url": "https://api.congress.gov/v3/bill/104/hr/1696?format=json"
        },
        {
            "congress": 104,
            "introducedDate": "1995-05-09",
            "latestAction": {
                "actionDate": "1995-11-08",
                "text": "Received in the Senate and read twice and referred to the Committee on Agriculture."
            },
            "number": "1581",
            "policyArea": {
                "name": "Public Lands and Natural Resources"
            },
            "title": "To require the Secretary of Agriculture to convey certain lands under the jurisdiction of the Department of Agriculture to the City of Sumpter, Oregon.",
            "type": "HR",
            "url": "https://api.congress.gov/v3/bill/104/hr/1581?format=json"
        },
        {
            "congress": 104,
            "introducedDate": "1995-04-03",
            "latestAction": {
                "actionDate": "1995-11-01",
                "text": "Sponsor introductory remarks on measure. (CR S16503-16506)"
            },
            "number": "1375",
            "policyArea": {
                "name": "Public Lands and Natural Resources"
            },
            "title": "To provide for the extension of expiring term grazing permits for lands within the National Forest System pending the completion by the Forest Service of final agency action in connection with the renewal of such permits.",
            "type": "HR",
            "url": "https://api.congress.gov/v3/bill/104/hr/1375?format=json"
        },
        {
            "congress": 104,
            "introducedDate": "1995-03-22",
            "latestAction": {
                "actionDate": "1996-10-09",
                "text": "Became Public Law No: 104-245."
            },
            "number": "1290",
            "policyArea": {
                "name": "Energy"
            },
            "title": "To reinstate the permit for, and extend the deadline under the Federal Power Act applicable to the construction of, a hydroelectric project in Oregon, and for other purposes.",
            "type": "HR",
            "url": "https://api.congress.gov/v3/bill/104/hr/1290?format=json"
        }
    ]
}