{
    "pagination": {
        "count": 101
    },
    "request": {
        "bioguideId": "j000292",
        "contentType": "application/json",
        "format": "json"
    },
    "sponsoredLegislation": [
        {
            "congress": 118,
            "introducedDate": "2023-11-08",
            "latestAction": {
                "actionDate": "2023-11-10",
                "text": "Referred to the Subcommittee on Energy, Climate and Grid Security."
            },
            "number": "6303",
            "policyArea": {
                "name": "Energy"
            },
            "title": "Strengthening American Nuclear Competitiveness Act",
            "type": "HR",
            "url": "https://api.congress.gov/v3/bill/118/hr/6303?format=json"
        },
        {
            "congress": 118,
            "introducedDate": "2023-09-12",
            "latestAction": {
                "actionDate": "2023-12-06",
                "text": "Ordered to be Reported by the Yeas and Nays: 46 - 0."
            },
            "number": "5398",
            "policyArea": {
                "name": "Commerce"
            },
            "title": "Advancing Tech Startups Act",
            "type": "HR",
            "url": "https://api.congress.gov/v3/bill/118/hr/5398?format=json"
        },
        {
            "congress": 118,
            "introducedDate": "2023-09-12",
            "latestAction": {
                "actionDate": "2023-09-15",
                "text": "Referred to the Subcommittee on Health."
            },
            "number": "676",
            "policyArea": {
                "name": "Health"
            },
            "title": "Supporting the designation of the week of September 17 through September 23, 2023, as \"Telehealth Awareness Week\".",
            "type": "HRES",
            "url": "https://api.congress.gov/v3/bill/118/hres/676?format=json"
        },
        {
            "congress": 118,
            "introducedDate": "2023-07-10",
            "latestAction": {
                "actionDate": "2024-03-05",
                "actionTime": "19:12:02",
                "text": "ASSUMING FIRST SPONSORSHIP - Mr. Weber (TX) asked unanimous consent that he may hereafter be considered as the first sponsor of H.R. 4506, a bill originally introduced by Representative Johnson (OH), for the purpose of adding cosponsors and requesting reprintings pursuant to clause 7 of rule XII. Agreed to without objection."
            },
            "number": "4506",
            "policyArea": {
                "name": "Science, Technology, Communications"
            },
            "title": "Timely Evaluation of Acquisitions, Mergers, or Transactions with External, Lawful Entities to Clear Owners and Management Act",
            "type": "HR",
            "url": "https://api.congress.gov/v3/bill/118/hr/4506?format=json"
        },
        {
            "congress": 118,
            "introducedDate": "2023-06-12",
            "latestAction": {
                "actionDate": "2024-04-09",
                "actionTime": "19:18:42",
                "text": "ASSUMING FIRST SPONSORSHIP - Mr. Pfluger asked unanimous consent that he may hereafter be considered as the first sponsor of H.R. 4006, a bill originally introduced by Representative Johnson (OH), for the purpose of adding cosponsors and requesting reprintings pursuant to clause 7 of rule XII. Agreed to without objection."
            },
            "number": "4006",
            "policyArea": {
                "name": "Science, Technology, Communications"
            },
            "title": "Amateur Radio Emergency Preparedness Act",
            "type": "HR",
            "url": "https://api.congress.gov/v3/bill/118/hr/4006?format=json"
        },
        {
            "congress": 118,
            "introducedDate": "2023-05-25",
            "latestAction": {
                "actionDate": "2023-05-25",
                "text": "Referred to the House Committee on Armed Services."
            },
            "number": "3668",
            "policyArea": {
                "name": "Armed Forces and National Security"
            },
            "title": "TRICARE Fairness for National Guard and Reserve Retirees Act",
            "type": "HR",
            "url": "https://api.congress.gov/v3/bill/118/hr/3668?format=json"
        },
        {
            "congress": 118,
            "introducedDate": "2023-05-15",
            "latestAction": {
                "actionDate": "2023-05-19",
                "text": "Referred to the Subcommittee on Communications and Technology."
            },
            "number": "3289",
            "policyArea": {
                "name": "Science, Technology, Communications"
            },
            "title": "Wireless Broadband Competition and Efficient Deployment Act",
            "type": "HR",
            "url": "https://api.congress.gov/v3/bill/118/hr/3289?format=json"
        },
        {
            "congress": 118,
            "introducedDate": "2023-03-03",
            "latestAction": {
                "actionDate": "2023-04-27",
                "text": "Received in the Senate and Read twice and referred to the Committee on Commerce, Science, and Transportation."
            },
            "number": "1353",
            "policyArea": {
                "name": "Science, Technology, Communications"
            },
            "title": "Advanced, Local Emergency Response Telecommunications Parity Act",
            "type": "HR",
            "url": "https://api.congress.gov/v3/bill/118/hr/1353?format=json"
        },
        {
            "congress": 118,
            "introducedDate": "2023-04-10",
            "latestAction": {
                "actionDate": "2023-04-11",
                "text": "Referred to the Subcommittee on Aviation."
            },
            "number": "2558",
            "policyArea": {
                "name": "Transportation and Public Works"
            },
            "title": "To amend title 49, United States Code, to include a public airport in use by an air reserve station as a primary airport.",
            "type": "HR",
            "url": "https://api.congress.gov/v3/bill/118/hr/2558?format=json"
        },
        {
            "congress": 118,
            "introducedDate": "2023-02-21",
            "latestAction": {
                "actionDate": "2023-09-21",
                "actionTime": "08:05:46",
                "text": "Rules Committee Resolution H. Res. 712 Reported to House. Rule provides for consideration of H.R. 4365, H.R. 1130 and H. Res. 684. The resolution provides for consideration of H.R. 4365, under a structured rule; H.R. 1130, under a structured rule; and H.Res. 684, under a closed rule. The resolution provides for one hour of general debate on all three bills."
            },
            "number": "1130",
            "policyArea": {
                "name": "Energy"
            },
            "title": "Unlocking our Domestic LNG Potential Act of 2023",
            "type": "HR",
            "url": "https://api.congress.gov/v3/bill/118/hr/1130?format=json"
        },
        {
            "congress": 118,
            "introducedDate": "2023-03-17",
            "latestAction": {
                "actionDate": "2024-01-29",
                "actionTime": "19:07:26",
                "text": "ASSUMING FIRST SPONSORSHIP - Mrs. Sykes asked unanimous consent that she may hereafter be considered as the first sponsor of H.R. 1633, a bill originally introduced by Representative Johnson (OH), for the purpose of adding cosponsors and requesting reprintings pursuant to clause 7 of rule XII. Agreed to without objection."
            },
            "number": "1633",
            "policyArea": {
                "name": "Transportation and Public Works"
            },
            "title": "RAIL Act",
            "type": "HR",
            "url": "https://api.congress.gov/v3/bill/118/hr/1633?format=json"
        },
        {
            "congress": 118,
            "introducedDate": "2023-03-17",
            "latestAction": {
                "actionDate": "2024-02-28",
                "actionTime": "19:34:21",
                "text": "ASSUMING FIRST SPONSORSHIP - Mr. Joyce (PA) asked unanimous consent that he may hereafter be considered as the first sponsor of H.R. 1634, a bill originally introduced by Representative Johnson (OH), for the purpose of adding cosponsors and requesting reprintings pursuant to clause 7 of rule XII. Agreed to without objection."
            },
            "number": "1634",
            "policyArea": {
                "name": "Health"
            },
            "title": "Helping Ensure Life- and Limb-Saving Access to Podiatric Physicians Act",
            "type": "HR",
            "url": "https://api.congress.gov/v3/bill/118/hr/1634?format=json"
        },
        {
            "congress": 118,
            "introducedDate": "2023-03-01",
            "latestAction": {
                "actionDate": "2023-03-01",
                "text": "Referred to the House Committee on Ways and Means."
            },
            "number": "1270",
            "policyArea": {
                "name": "Taxation"
            },
            "title": "To exclude certain amounts relating to compensating victims of the East Palestine train derailment, and for other purposes.",
            "type": "HR",
            "url": "https://api.congress.gov/v3/bill/118/hr/1270?format=json"
        },
        {
            "congress": 118,
            "introducedDate": "2023-02-09",
            "latestAction": {
                "actionDate": "2023-02-17",
                "text": "Referred to the Subcommittee on Environment, Manufacturing, and Critical Materials."
            },
            "number": "928",
            "policyArea": {
                "name": "Energy"
            },
            "title": "To repeal the High-Efficiency Electric Home Rebate Program and transfer funds under such program to the Edward Byrne Memorial Justice Assistance Grant Program.",
            "type": "HR",
            "url": "https://api.congress.gov/v3/bill/118/hr/928?format=json"
        },
        {
            "congress": 118,
            "introducedDate": "2023-02-02",
            "latestAction": {
                "actionDate": "2024-02-06",
                "actionTime": "18:59:03",
                "text": "ASSUMING FIRST SPONSORSHIP - Ms. Blunt Rochester asked unanimous consent that she may hereafter be considered as the first sponsor of H.R. 793, a bill originally introduced by Representative Johnson (OH), for the purpose of adding cosponsors and requesting reprintings pursuant to clause 7 of rule XII. Agreed to without objection."
            },
            "number": "793",
            "policyArea": {
                "name": "Education"
            },
            "title": "Jumpstart Our Businesses by Supporting Students Act of 2023",
            "type": "HR",
            "url": "https://api.congress.gov/v3/bill/118/hr/793?format=json"
        },
        {
            "congress": 118,
            "introducedDate": "2023-01-31",
            "latestAction": {
                "actionDate": "2023-02-10",
                "text": "Referred to the Subcommittee on Energy, Climate and Grid Security."
            },
            "number": "647",
            "policyArea": {
                "name": "Energy"
            },
            "title": "Unlocking our Domestic LNG Potential Act of 2023",
            "type": "HR",
            "url": "https://api.congress.gov/v3/bill/118/hr/647?format=json"
        },
        {
            "amendmentNumber": "825",
            "congress": 118,
            "introducedDate": "2023-12-06",
            "latestAction": {
                "actionDate": "2023-12-06",
                "actionTime": "13:43:25",
                "text": "On agreeing to the Johnson (OH) amendment (A001) Agreed to by voice vote. "
            },
            "type": null,
            "url": "https://api.congress.gov/v3/amendment/118/hamdt/825?format=json"
        },
        {
            "congress": 117,
            "introducedDate": "2022-12-22",
            "latestAction": {
                "actionDate": "2022-12-22",
                "text": "Referred to the House Committee on Energy and Commerce."
            },
            "number": "9670",
            "policyArea": {
                "name": "Science, Technology, Communications"
            },
            "title": "Amateur Radio Emergency Preparedness Act",
            "type": "HR",
            "url": "https://api.congress.gov/v3/bill/117/hr/9670?format=json"
        },
        {
            "congress": 117,
            "introducedDate": "2022-12-15",
            "latestAction": {
                "actionDate": "2022-12-15",
                "text": "Referred to the House Committee on Energy and Commerce."
            },
            "number": "9569",
            "policyArea": {
                "name": "Science, Technology, Communications"
            },
            "title": "ALERT Parity Act",
            "type": "HR",
            "url": "https://api.congress.gov/v3/bill/117/hr/9569?format=json"
        },
        {
            "congress": 117,
            "introducedDate": "2022-07-26",
            "latestAction": {
                "actionDate": "2022-09-29",
                "text": "Placed on the House Calendar, Calendar No. 132."
            },
            "number": "1272",
            "policyArea": {
                "name": "Energy"
            },
            "title": "Of inquiry requesting the President to provide certain documents to the House of Representatives relating to plans to declare a \"climate emergency\" in order to invoke emergency authorities to impose regulations on industrial activity, or the supply and delivery of energy or electric power, in the United States.",
            "type": "HRES",
            "url": "https://api.congress.gov/v3/bill/117/hres/1272?format=json"
        },
        {
            "congress": 117,
            "introducedDate": "2022-05-13",
            "latestAction": {
                "actionDate": "2022-05-13",
                "text": "Referred to the House Committee on House Administration."
            },
            "number": "1115",
            "policyArea": {
                "name": "Congress"
            },
            "title": "COPS Resolution",
            "type": "HRES",
            "url": "https://api.congress.gov/v3/bill/117/hres/1115?format=json"
        },
        {
            "congress": 117,
            "introducedDate": "2022-05-11",
            "latestAction": {
                "actionDate": "2022-05-12",
                "text": "Referred to the Subcommittee on Economic Development, Public Buildings, and Emergency Management."
            },
            "number": "7720",
            "policyArea": {
                "name": "Government Operations and Politics"
            },
            "title": "SWAMP Act",
            "type": "HR",
            "url": "https://api.congress.gov/v3/bill/117/hr/7720?format=json"
        },
        {
            "congress": 117,
            "introducedDate": "2022-04-04",
            "latestAction": {
                "actionDate": "2022-04-04",
                "text": "Referred to the House Committee on Foreign Affairs."
            },
            "number": "1025",
            "policyArea": {
                "name": "International Affairs"
            },
            "title": "Recognizing April 4, 2022, as the International Day for Mine Awareness and Assistance in Mine Action, and reaffirming the leadership of the United States in eliminating landmines and unexploded ordnance.",
            "type": "HRES",
            "url": "https://api.congress.gov/v3/bill/117/hres/1025?format=json"
        },
        {
            "congress": 117,
            "introducedDate": "2022-03-30",
            "latestAction": {
                "actionDate": "2022-03-31",
                "text": "Referred to the Subcommittee on Aviation."
            },
            "number": "7282",
            "policyArea": {
                "name": "Transportation and Public Works"
            },
            "title": "To amend title 49, United States Code, to include a public airport in use by an air reserve station as a primary airport.",
            "type": "HR",
            "url": "https://api.congress.gov/v3/bill/117/hr/7282?format=json"
        },
        {
            "congress": 117,
            "introducedDate": "2022-02-09",
            "latestAction": {
                "actionDate": "2022-02-09",
                "text": "Referred to the House Committee on Education and Labor."
            },
            "number": "6679",
            "policyArea": {
                "name": "Education"
            },
            "title": "Scholarship for Service: The Building Better Americans Act",
            "type": "HR",
            "url": "https://api.congress.gov/v3/bill/117/hr/6679?format=json"
        },
        {
            "congress": 117,
            "introducedDate": "2021-10-05",
            "latestAction": {
                "actionDate": "2021-10-06",
                "text": "Referred to the Subcommittee on Consumer Protection and Commerce."
            },
            "number": "5476",
            "policyArea": {
                "name": "Commerce"
            },
            "title": "Advancing Tech Startups Act",
            "type": "HR",
            "url": "https://api.congress.gov/v3/bill/117/hr/5476?format=json"
        },
        {
            "congress": 117,
            "introducedDate": "2021-06-22",
            "latestAction": {
                "actionDate": "2021-06-23",
                "text": "Referred to the Subcommittee on Communications and Technology."
            },
            "number": "4029",
            "policyArea": {
                "name": "Science, Technology, Communications"
            },
            "title": "TEAM TELECOM Act",
            "type": "HR",
            "url": "https://api.congress.gov/v3/bill/117/hr/4029?format=json"
        },
        {
            "congress": 117,
            "introducedDate": "2021-06-04",
            "latestAction": {
                "actionDate": "2021-06-07",
                "text": "Referred to the Subcommittee on Consumer Protection and Commerce."
            },
            "number": "3708",
            "policyArea": {
                "name": "Commerce"
            },
            "title": "Advancing Tech Startups Act",
            "type": "HR",
            "url": "https://api.congress.gov/v3/bill/117/hr/3708?format=json"
        },
        {
            "congress": 117,
            "introducedDate": "2021-05-20",
            "latestAction": {
                "actionDate": "2021-05-20",
                "text": "Referred to the House Committee on Armed Services."
            },
            "number": "3363",
            "policyArea": {
                "name": "Armed Forces and National Security"
            },
            "title": "SPC Christian Ward Act",
            "type": "HR",
            "url": "https://api.congress.gov/v3/bill/117/hr/3363?format=json"
        },
        {
            "congress": 117,
            "introducedDate": "2021-04-13",
            "latestAction": {
                "actionDate": "2022-12-27",
                "text": "Became Public Law No: 117-270."
            },
            "number": "2473",
            "policyArea": {
                "name": "Government Operations and Politics"
            },
            "title": "To designate the facility of the United States Postal Service located at 275 Penn Avenue in Salem, Ohio, as the \"Howard Arthur Tibbs Post Office\".",
            "type": "HR",
            "url": "https://api.congress.gov/v3/bill/117/hr/2473?format=json"
        },
        {
            "congress": 117,
            "introducedDate": "2021-04-13",
            "latestAction": {
                "actionDate": "2022-12-27",
                "text": "Became Public Law No: 117-269."
            },
            "number": "2472",
            "policyArea": {
                "name": "Government Operations and Politics"
            },
            "title": "To designate the facility of the United States Postal Service located at 82422 Cadiz Jewett Road in Cadiz, Ohio, as the John Armor Bingham Post Office.",
            "type": "HR",
            "url": "https://api.congress.gov/v3/bill/117/hr/2472?format=json"
        },
        {
            "congress": 117,
            "introducedDate": "2021-03-18",
            "latestAction": {
                "actionDate": "2021-03-18",
                "text": "Referred to the House Committee on Armed Services."
            },
            "number": "1997",
            "policyArea": {
                "name": "Armed Forces and National Security"
            },
            "title": "TRICARE Fairness for National Guard and Reserve Retirees Act",
            "type": "HR",
            "url": "https://api.congress.gov/v3/bill/117/hr/1997?format=json"
        },
        {
            "congress": 117,
            "introducedDate": "2021-03-10",
            "latestAction": {
                "actionDate": "2021-03-11",
                "text": "Referred to the Subcommittee on Energy."
            },
            "number": "1748",
            "policyArea": {
                "name": "Foreign Trade and International Finance"
            },
            "title": "Strengthening American Nuclear Competitiveness Act",
            "type": "HR",
            "url": "https://api.congress.gov/v3/bill/117/hr/1748?format=json"
        },
        {
            "congress": 117,
            "introducedDate": "2021-03-03",
            "latestAction": {
                "actionDate": "2021-03-04",
                "text": "Referred to the Subcommittee on Energy."
            },
            "number": "1575",
            "policyArea": {
                "name": "Energy"
            },
            "title": "Unlocking our Domestic LNG Potential Act of 2021",
            "type": "HR",
            "url": "https://api.congress.gov/v3/bill/117/hr/1575?format=json"
        },
        {
            "congress": 117,
            "introducedDate": "2021-02-15",
            "latestAction": {
                "actionDate": "2021-02-16",
                "text": "Referred to the Subcommittee on Environment and Climate Change."
            },
            "number": "1056",
            "policyArea": {
                "name": "Science, Technology, Communications"
            },
            "title": "Wireless Broadband Competition and Efficient Deployment Act",
            "type": "HR",
            "url": "https://api.congress.gov/v3/bill/117/hr/1056?format=json"
        },
        {
            "congress": 116,
            "introducedDate": "2020-10-27",
            "latestAction": {
                "actionDate": "2020-10-27",
                "text": "Referred to the House Committee on Oversight and Reform."
            },
            "number": "8692",
            "policyArea": {
                "name": "Government Operations and Politics"
            },
            "title": "To designate the facility of the United States Postal Service located at 275 Penn Avenue in Salem, Ohio, as the \"Howard Arthur Tibbs Post Office\".",
            "type": "HR",
            "url": "https://api.congress.gov/v3/bill/116/hr/8692?format=json"
        },
        {
            "congress": 116,
            "introducedDate": "2020-10-09",
            "latestAction": {
                "actionDate": "2020-10-09",
                "text": "Referred to the House Committee on Energy and Commerce."
            },
            "number": "8561",
            "policyArea": {
                "name": "Health"
            },
            "title": "Restoring Fairness to Medicaid Reimbursement Act of 2020",
            "type": "HR",
            "url": "https://api.congress.gov/v3/bill/116/hr/8561?format=json"
        },
        {
            "congress": 116,
            "introducedDate": "2020-08-14",
            "latestAction": {
                "actionDate": "2020-08-14",
                "text": "Referred to the House Committee on Education and Labor."
            },
            "number": "8043",
            "policyArea": {
                "name": "Education"
            },
            "title": "Scholarship for Service: The Building Better Americans Act",
            "type": "HR",
            "url": "https://api.congress.gov/v3/bill/116/hr/8043?format=json"
        },
        {
            "congress": 116,
            "introducedDate": "2020-06-29",
            "latestAction": {
                "actionDate": "2020-06-29",
                "text": "Referred to the Committee on Foreign Affairs, and in addition to the Committee on Energy and Commerce, for a period to be subsequently determined by the Speaker, in each case for consideration of such provisions as fall within the jurisdiction of the committee concerned."
            },
            "number": "7405",
            "policyArea": {
                "name": "Foreign Trade and International Finance"
            },
            "title": "Strengthening American Nuclear Competitiveness Act",
            "type": "HR",
            "url": "https://api.congress.gov/v3/bill/116/hr/7405?format=json"
        },
        {
            "congress": 116,
            "introducedDate": "2020-06-29",
            "latestAction": {
                "actionDate": "2020-06-29",
                "text": "Referred to the House Committee on Energy and Commerce."
            },
            "number": "7404",
            "policyArea": {
                "name": "Energy"
            },
            "title": "Unlocking our Domestic LNG Potential Act of 2020",
            "type": "HR",
            "url": "https://api.congress.gov/v3/bill/116/hr/7404?format=json"
        },
        {
            "congress": 116,
            "introducedDate": "2020-06-25",
            "latestAction": {
                "actionDate": "2020-06-25",
                "text": "Referred to the Committee on Energy and Commerce, and in addition to the Committee on Natural Resources, for a period to be subsequently determined by the Speaker, in each case for consideration of such provisions as fall within the jurisdiction of the committee concerned."
            },
            "number": "7357",
            "policyArea": {
                "name": "Science, Technology, Communications"
            },
            "title": "Wireless Broadband Competition and Efficient Deployment Act",
            "type": "HR",
            "url": "https://api.congress.gov/v3/bill/116/hr/7357?format=json"
        },
        {
            "congress": 116,
            "introducedDate": "2020-05-22",
            "latestAction": {
                "actionDate": "2020-05-22",
                "text": "Referred to the House Committee on Rules."
            },
            "number": "976",
            "policyArea": {
                "name": "Law"
            },
            "title": "Authorizing and directing the Committee on the Judiciary to inquire whether the House of Representatives should impeach Emmet G. Sullivan, a judge of the United States District Court for the District of Columbia.",
            "type": "HRES",
            "url": "https://api.congress.gov/v3/bill/116/hres/976?format=json"
        },
        {
            "congress": 116,
            "introducedDate": "2020-05-19",
            "latestAction": {
                "actionDate": "2020-05-19",
                "text": "Referred to the Committee on Energy and Commerce, and in addition to the Committees on Small Business, and Foreign Affairs, for a period to be subsequently determined by the Speaker, in each case for consideration of such provisions as fall within the jurisdiction of the committee concerned."
            },
            "number": "6940",
            "policyArea": {
                "name": "Commerce"
            },
            "title": "Advancing Tech Startups Act",
            "type": "HR",
            "url": "https://api.congress.gov/v3/bill/116/hr/6940?format=json"
        },
        {
            "congress": 116,
            "introducedDate": "2020-02-25",
            "latestAction": {
                "actionDate": "2020-02-26",
                "text": "Referred to the Subcommittee on Water Resources and Environment."
            },
            "number": "5960",
            "policyArea": {
                "name": "Public Lands and Natural Resources"
            },
            "title": "To require the Secretary of the Army to convey certain Federal property in the State of Ohio to the Friends of Barker House.",
            "type": "HR",
            "url": "https://api.congress.gov/v3/bill/116/hr/5960?format=json"
        },
        {
            "congress": 116,
            "introducedDate": "2019-07-30",
            "latestAction": {
                "actionDate": "2019-07-30",
                "text": "Referred to the Committee on Rules, and in addition to the Committee on the Budget, for a period to be subsequently determined by the Speaker, in each case for consideration of such provisions as fall within the jurisdiction of the committee concerned."
            },
            "number": "4115",
            "policyArea": {
                "name": "Economics and Public Finance"
            },
            "title": "To amend the Congressional Budget and Impoundment Control Act of 1974 to establish a point of order against long-term direct spending, and for other purposes.",
            "type": "HR",
            "url": "https://api.congress.gov/v3/bill/116/hr/4115?format=json"
        },
        {
            "congress": 116,
            "introducedDate": "2019-07-12",
            "latestAction": {
                "actionDate": "2019-07-12",
                "text": "Referred to the House Committee on Oversight and Reform."
            },
            "number": "486",
            "policyArea": {
                "name": "Sports and Recreation"
            },
            "title": "Honoring the life and legacy of John Havlicek.",
            "type": "HRES",
            "url": "https://api.congress.gov/v3/bill/116/hres/486?format=json"
        },
        {
            "congress": 116,
            "introducedDate": "2019-06-13",
            "latestAction": {
                "actionDate": "2019-07-17",
                "text": "Ordered to be Reported (Amended) by Unanimous Consent."
            },
            "number": "442",
            "policyArea": {
                "name": "International Affairs"
            },
            "title": "Observing 10 years since the war in Sri Lanka ended on May 18, 2009, commemorating the lives lost, and expressing support for transitional justice, reconciliation, reconstruction, reparation, and reform in Sri Lanka, which are necessary to ensure a lasting peace and a prosperous future for all Sri Lankans.",
            "type": "HRES",
            "url": "https://api.congress.gov/v3/bill/116/hres/442?format=json"
        },
        {
            "amendmentNumber": "293",
            "congress": 116,
            "introducedDate": "2019-06-12",
            "latestAction": {
                "actionDate": "2019-06-12",
                "actionTime": "23:55:21",
                "text": "On agreeing to the Johnson (OH) amendment (A027) Agreed to by recorded vote: 408 - 15 (Roll no. 277). "
            },
            "type": null,
            "url": "https://api.congress.gov/v3/amendment/116/hamdt/293?format=json"
        },
        {
            "congress": 113,
            "introducedDate": "2014-09-18",
            "latestAction": {
                "actionDate": "2014-09-19",
                "text": "Referred to the Subcommittee on Health."
            },
            "number": "5614",
            "policyArea": {
                "name": "Sports and Recreation"
            },
            "title": "United States Anti-Doping Agency Reauthorization Act",
            "type": "HR",
            "url": "https://api.congress.gov/v3/bill/113/hr/5614?format=json"
        },
        {
            "congress": 113,
            "introducedDate": "2014-07-23",
            "latestAction": {
                "actionDate": "2014-08-15",
                "text": "Referred to the Subcommittee on Health."
            },
            "number": "5172",
            "policyArea": {
                "name": "Armed Forces and National Security"
            },
            "title": "POW Accountability Act",
            "type": "HR",
            "url": "https://api.congress.gov/v3/bill/113/hr/5172?format=json"
        },
        {
            "congress": 113,
            "introducedDate": "2014-04-02",
            "latestAction": {
                "actionDate": "2014-04-04",
                "text": "Referred to the Subcommittee on Energy and Mineral Resources."
            },
            "number": "4369",
            "policyArea": {
                "name": "Public Lands and Natural Resources"
            },
            "title": "Using our Energy to Build Better Communities Act",
            "type": "HR",
            "url": "https://api.congress.gov/v3/bill/113/hr/4369?format=json"
        },
        {
            "congress": 113,
            "introducedDate": "2014-03-11",
            "latestAction": {
                "actionDate": "2014-06-13",
                "text": "Referred to the Subcommittee on Health, Employment, Labor, and Pensions."
            },
            "number": "4196",
            "policyArea": {
                "name": "Health"
            },
            "title": "Seniors' Fairness Act of 2014",
            "type": "HR",
            "url": "https://api.congress.gov/v3/bill/113/hr/4196?format=json"
        },
        {
            "congress": 113,
            "introducedDate": "2014-01-29",
            "latestAction": {
                "actionDate": "2014-02-07",
                "text": "Referred to the Subcommittee on Health."
            },
            "number": "3969",
            "policyArea": {
                "name": "Health"
            },
            "title": "PACT Act",
            "type": "HR",
            "url": "https://api.congress.gov/v3/bill/113/hr/3969?format=json"
        },
        {
            "congress": 113,
            "introducedDate": "2013-11-21",
            "latestAction": {
                "actionDate": "2013-12-20",
                "text": "Became Public Law No: 113-64."
            },
            "number": "3588",
            "policyArea": {
                "name": "Environmental Protection"
            },
            "title": "Community Fire Safety Act of 2013",
            "type": "HR",
            "url": "https://api.congress.gov/v3/bill/113/hr/3588?format=json"
        },
        {
            "congress": 113,
            "introducedDate": "2013-11-20",
            "latestAction": {
                "actionDate": "2014-08-08",
                "text": "Became Public Law No: 113-152."
            },
            "number": "3548",
            "policyArea": {
                "name": "Health"
            },
            "title": "Improving Trauma Care Act of 2014",
            "type": "HR",
            "url": "https://api.congress.gov/v3/bill/113/hr/3548?format=json"
        },
        {
            "congress": 113,
            "introducedDate": "2013-11-19",
            "latestAction": {
                "actionDate": "2013-11-22",
                "text": "Referred to the Subcommittee on Environment and the Economy."
            },
            "number": "3542",
            "policyArea": {
                "name": "Environmental Protection"
            },
            "title": "Community Fire Safety Act of 2013",
            "type": "HR",
            "url": "https://api.congress.gov/v3/bill/113/hr/3542?format=json"
        },
        {
            "congress": 113,
            "introducedDate": "2013-10-29",
            "latestAction": {
                "actionDate": "2013-11-01",
                "text": "Referred to the Subcommittee on Health."
            },
            "number": "3373",
            "policyArea": {
                "name": "Health"
            },
            "title": "Healthcare.gov Spending Accountability Act",
            "type": "HR",
            "url": "https://api.congress.gov/v3/bill/113/hr/3373?format=json"
        },
        {
            "congress": 113,
            "introducedDate": "2013-07-25",
            "latestAction": {
                "actionDate": "2014-05-08",
                "text": "Read the second time. Placed on Senate Legislative Calendar under General Orders. Calendar No. 373."
            },
            "number": "2824",
            "policyArea": {
                "name": "Public Lands and Natural Resources"
            },
            "title": "Preventing Government Waste and Protecting Coal Mining Jobs in America",
            "type": "HR",
            "url": "https://api.congress.gov/v3/bill/113/hr/2824?format=json"
        },
        {
            "congress": 113,
            "introducedDate": "2013-07-24",
            "latestAction": {
                "actionDate": "2014-09-09",
                "text": "Received in the Senate and Read twice and referred to the Committee on Homeland Security and Governmental Affairs."
            },
            "number": "2819",
            "policyArea": {
                "name": "Government Operations and Politics"
            },
            "title": "To designate the facility of the United States Postal Service located at 275 Front Street in Marietta, Ohio, as the \"Veterans Memorial Post Office Building\".",
            "type": "HR",
            "url": "https://api.congress.gov/v3/bill/113/hr/2819?format=json"
        },
        {
            "congress": 113,
            "introducedDate": "2013-06-03",
            "latestAction": {
                "actionDate": "2013-11-01",
                "text": "Placed on the Union Calendar, Calendar No. 182."
            },
            "number": "2226",
            "policyArea": {
                "name": "Environmental Protection"
            },
            "title": "Federal and State Partnership for Environmental Protection Act of 2013",
            "type": "HR",
            "url": "https://api.congress.gov/v3/bill/113/hr/2226?format=json"
        },
        {
            "congress": 113,
            "introducedDate": "2013-05-23",
            "latestAction": {
                "actionDate": "2014-06-30",
                "text": "Placed on the Union Calendar, Calendar No. 373."
            },
            "number": "2175",
            "policyArea": {
                "name": "Public Lands and Natural Resources"
            },
            "title": "World War II Memorial Prayer Act of 2014",
            "type": "HR",
            "url": "https://api.congress.gov/v3/bill/113/hr/2175?format=json"
        },
        {
            "congress": 113,
            "introducedDate": "2013-05-21",
            "latestAction": {
                "actionDate": "2014-03-12",
                "text": "Ordered to be Reported by Unanimous Consent."
            },
            "number": "2062",
            "policyArea": {
                "name": "Government Operations and Politics"
            },
            "title": "To designate the facility of the United States Postal Service located at 275 Front Street in Marietta, Ohio, as the \"Lance Corporal Joshua C. Taylor Memorial Post Office Building\".",
            "type": "HR",
            "url": "https://api.congress.gov/v3/bill/113/hr/2062?format=json"
        },
        {
            "congress": 113,
            "introducedDate": "2013-03-21",
            "latestAction": {
                "actionDate": "2013-07-18",
                "text": "Forwarded by Subcommittee to Full Committee by Voice Vote ."
            },
            "number": "1357",
            "policyArea": {
                "name": "Armed Forces and National Security"
            },
            "title": "To amend the VOW to Hire Heroes Act of 2011 to improve the Veterans Retraining Assistance Program by providing assistance under such program for certain training programs that are considered less than full-time.",
            "type": "HR",
            "url": "https://api.congress.gov/v3/bill/113/hr/1357?format=json"
        },
        {
            "congress": 113,
            "introducedDate": "2013-02-28",
            "latestAction": {
                "actionDate": "2013-04-25",
                "text": "Forwarded by Subcommittee to Full Committee by Voice Vote ."
            },
            "number": "894",
            "policyArea": {
                "name": "Armed Forces and National Security"
            },
            "title": "To amend title 38, United States Code, to improve the supervision of fiduciaries of veterans under the laws administered by the Secretary of Veterans Affairs.",
            "type": "HR",
            "url": "https://api.congress.gov/v3/bill/113/hr/894?format=json"
        },
        {
            "congress": 113,
            "introducedDate": "2013-02-06",
            "latestAction": {
                "actionDate": "2013-09-10",
                "text": "Placed on the Union Calendar, Calendar No. 148."
            },
            "number": "555",
            "policyArea": {
                "name": "Energy"
            },
            "title": "BLM Live Internet Auctions Act",
            "type": "HR",
            "url": "https://api.congress.gov/v3/bill/113/hr/555?format=json"
        },
        {
            "amendmentNumber": "131",
            "congress": 112,
            "introducedDate": "2011-02-18",
            "latestAction": {
                "actionDate": "2011-02-18",
                "actionTime": "21:43:39",
                "text": "On agreeing to the Johnson (OH) amendment (A121) Agreed to by recorded vote: 239 - 186 (Roll no. 119). "
            },
            "type": null,
            "url": "https://api.congress.gov/v3/amendment/112/hamdt/131?format=json"
        },
        {
            "congress": 112,
            "introducedDate": "2012-10-19",
            "latestAction": {
                "actionDate": "2013-01-02",
                "text": "Referred to the Subcommittee on Economic Opportunity."
            },
            "number": "6577",
            "policyArea": {
                "name": "Armed Forces and National Security"
            },
            "title": "To amend the VOW to Hire Heroes Act of 2011 to improve the Veterans Retraining Assistance Program by providing assistance under such program for certain training programs that are considered less than full-time.",
            "type": "HR",
            "url": "https://api.congress.gov/v3/bill/112/hr/6577?format=json"
        },
        {
            "congress": 112,
            "introducedDate": "2012-06-12",
            "latestAction": {
                "actionDate": "2012-09-20",
                "text": "Received in the Senate and Read twice and referred to the Committee on Veterans' Affairs."
            },
            "number": "5948",
            "policyArea": {
                "name": "Armed Forces and National Security"
            },
            "title": "Veterans Fiduciary Reform and Honoring Noble Service Act",
            "type": "HR",
            "url": "https://api.congress.gov/v3/bill/112/hr/5948?format=json"
        },
        {
            "congress": 112,
            "introducedDate": "2012-02-16",
            "latestAction": {
                "actionDate": "2012-03-28",
                "text": "Forwarded by Subcommittee to Full Committee (Amended) by Voice Vote ."
            },
            "number": "4048",
            "policyArea": {
                "name": "Government Operations and Politics"
            },
            "title": "Improving Contracting Opportunities for Veteran-Owned Small Businesses Act of 2012",
            "type": "HR",
            "url": "https://api.congress.gov/v3/bill/112/hr/4048?format=json"
        },
        {
            "congress": 112,
            "introducedDate": "2012-02-15",
            "latestAction": {
                "actionDate": "2012-02-15",
                "text": "Referred to the Committee on House Administration, and in addition to the Committee on Oversight and Government Reform, for a period to be subsequently determined by the Speaker, in each case for consideration of such provisions as fall within the jurisdiction of the committee concerned."
            },
            "number": "4036",
            "policyArea": {
                "name": "Congress"
            },
            "title": "Pass a Budget Now Act",
            "type": "HR",
            "url": "https://api.congress.gov/v3/bill/112/hr/4036?format=json"
        },
        {
            "congress": 112,
            "introducedDate": "2011-11-14",
            "latestAction": {
                "actionDate": "2012-11-13",
                "text": "Received in the Senate and Read twice and referred to the Committee on Environment and Public Works."
            },
            "number": "3409",
            "policyArea": {
                "name": "Public Lands and Natural Resources"
            },
            "title": "Stop the War on Coal Act of 2012",
            "type": "HR",
            "url": "https://api.congress.gov/v3/bill/112/hr/3409?format=json"
        },
        {
            "congress": 112,
            "introducedDate": "2011-08-01",
            "latestAction": {
                "actionDate": "2012-01-18",
                "text": "Placed on the Union Calendar, Calendar No. 252."
            },
            "number": "2752",
            "policyArea": {
                "name": "Energy"
            },
            "title": "BLM Live Internet Auctions Act",
            "type": "HR",
            "url": "https://api.congress.gov/v3/bill/112/hr/2752?format=json"
        },
        {
            "congress": 112,
            "introducedDate": "2011-07-26",
            "latestAction": {
                "actionDate": "2011-10-05",
                "text": "Became Public Law No: 112-37."
            },
            "number": "2646",
            "policyArea": {
                "name": "Armed Forces and National Security"
            },
            "title": "Veterans Health Care Facilities Capital Improvement Act of 2011",
            "type": "HR",
            "url": "https://api.congress.gov/v3/bill/112/hr/2646?format=json"
        },
        {
            "congress": 112,
            "introducedDate": "2011-06-24",
            "latestAction": {
                "actionDate": "2011-07-15",
                "text": "Referred to the Subcommittee on Oversight and Investigations."
            },
            "number": "2384",
            "policyArea": {
                "name": "Armed Forces and National Security"
            },
            "title": "Accountability in Contract Execution Act",
            "type": "HR",
            "url": "https://api.congress.gov/v3/bill/112/hr/2384?format=json"
        },
        {
            "congress": 112,
            "introducedDate": "2011-06-24",
            "latestAction": {
                "actionDate": "2011-07-28",
                "text": "Forwarded by Subcommittee to Full Committee (Amended) by Voice Vote ."
            },
            "number": "2383",
            "policyArea": {
                "name": "Armed Forces and National Security"
            },
            "title": "Modernizing Notice to Claimants Act",
            "type": "HR",
            "url": "https://api.congress.gov/v3/bill/112/hr/2383?format=json"
        },
        {
            "congress": 112,
            "introducedDate": "2011-06-23",
            "latestAction": {
                "actionDate": "2011-07-21",
                "text": "Forwarded by Subcommittee to Full Committee by Voice Vote ."
            },
            "number": "2329",
            "policyArea": {
                "name": "Armed Forces and National Security"
            },
            "title": "Ensuring a Response for Servicemembers Act",
            "type": "HR",
            "url": "https://api.congress.gov/v3/bill/112/hr/2329?format=json"
        },
        {
            "congress": 112,
            "introducedDate": "2011-06-01",
            "latestAction": {
                "actionDate": "2012-01-26",
                "text": "Received in the Senate and Read twice and referred to the Committee on Energy and Natural Resources."
            },
            "number": "2070",
            "policyArea": {
                "name": "Public Lands and Natural Resources"
            },
            "title": "World War II Memorial Prayer Act of 2012",
            "type": "HR",
            "url": "https://api.congress.gov/v3/bill/112/hr/2070?format=json"
        },
        {
            "congress": 112,
            "introducedDate": "2011-03-11",
            "latestAction": {
                "actionDate": "2011-03-11",
                "text": "Referred to the House Committee on Natural Resources."
            },
            "number": "1049",
            "policyArea": {
                "name": "Environmental Protection"
            },
            "title": "ROAD to Jobs Act of 2011",
            "type": "HR",
            "url": "https://api.congress.gov/v3/bill/112/hr/1049?format=json"
        },
        {
            "congress": 116,
            "introducedDate": "2019-01-30",
            "latestAction": {
                "actionDate": "2019-02-15",
                "text": "Referred to the Subcommittee on National Parks, Forests, and Public Lands."
            },
            "number": "862",
            "policyArea": {
                "name": "Public Lands and Natural Resources"
            },
            "title": "Eastern Legacy Extension Act",
            "type": "HR",
            "url": "https://api.congress.gov/v3/bill/116/hr/862?format=json"
        },
        {
            "congress": 115,
            "introducedDate": "2018-07-23",
            "latestAction": {
                "actionDate": "2018-07-27",
                "text": "Referred to the Subcommittee on Environment."
            },
            "number": "6476",
            "policyArea": {
                "name": "Environmental Protection"
            },
            "title": "Light-Duty Natural Gas Vehicle Parity Act of 2018",
            "type": "HR",
            "url": "https://api.congress.gov/v3/bill/115/hr/6476?format=json"
        },
        {
            "amendmentNumber": "884",
            "congress": 115,
            "introducedDate": "2018-07-17",
            "latestAction": {
                "actionDate": "2018-07-17",
                "actionTime": "21:10:56",
                "text": "On agreeing to the Johnson (OH) amendments (A015) Agreed to by voice vote. "
            },
            "type": null,
            "url": "https://api.congress.gov/v3/amendment/115/hamdt/884?format=json"
        },
        {
            "congress": 115,
            "introducedDate": "2018-07-12",
            "latestAction": {
                "actionDate": "2018-07-18",
                "text": "Ordered to be Reported (Amended) by the Yeas and Nays: 33 - 16."
            },
            "number": "6351",
            "policyArea": {
                "name": "Energy"
            },
            "title": "Advancing U.S. Civil Nuclear Competitiveness and Jobs Act",
            "type": "HR",
            "url": "https://api.congress.gov/v3/bill/115/hr/6351?format=json"
        },
        {
            "amendmentNumber": "767",
            "congress": 115,
            "introducedDate": "2018-06-07",
            "latestAction": {
                "actionDate": "2018-06-07",
                "actionTime": "23:29:30",
                "text": "On agreeing to the Johnson (OH) amendment (A054) Agreed to by voice vote. "
            },
            "type": null,
            "url": "https://api.congress.gov/v3/amendment/115/hamdt/767?format=json"
        },
        {
            "congress": 115,
            "introducedDate": "2018-03-13",
            "latestAction": {
                "actionDate": "2018-06-13",
                "text": "Received in the Senate and Read twice and referred to the Committee on Health, Education, Labor, and Pensions."
            },
            "number": "5261",
            "policyArea": {
                "name": "Health"
            },
            "title": "Treatment, Education, and Community Help to Combat Addiction Act of 2018",
            "type": "HR",
            "url": "https://api.congress.gov/v3/bill/115/hr/5261?format=json"
        },
        {
            "congress": 115,
            "introducedDate": "2018-01-17",
            "latestAction": {
                "actionDate": "2018-01-19",
                "text": "Referred to the Subcommittee on Communications and Technology."
            },
            "number": "4810",
            "policyArea": {
                "name": "Science, Technology, Communications"
            },
            "title": "MAPPING NOW Act of 2018",
            "type": "HR",
            "url": "https://api.congress.gov/v3/bill/115/hr/4810?format=json"
        },
        {
            "congress": 115,
            "introducedDate": "2017-12-11",
            "latestAction": {
                "actionDate": "2018-09-06",
                "text": "Received in the Senate and Read twice and referred to the Committee on Energy and Natural Resources."
            },
            "number": "4606",
            "policyArea": {
                "name": "Energy"
            },
            "title": "Ensuring Small Scale LNG Certainty and Access Act",
            "type": "HR",
            "url": "https://api.congress.gov/v3/bill/115/hr/4606?format=json"
        },
        {
            "congress": 115,
            "introducedDate": "2017-12-11",
            "latestAction": {
                "actionDate": "2017-12-15",
                "text": "Referred to the Subcommittee on Energy."
            },
            "number": "4605",
            "policyArea": {
                "name": "Energy"
            },
            "title": "Unlocking Our Domestic LNG Potential Act",
            "type": "HR",
            "url": "https://api.congress.gov/v3/bill/115/hr/4605?format=json"
        },
        {
            "congress": 115,
            "introducedDate": "2017-09-27",
            "latestAction": {
                "actionDate": "2018-04-18",
                "text": "Subcommittee Hearings Held."
            },
            "number": "3846",
            "policyArea": {
                "name": "Energy"
            },
            "title": "POWER Counties Act",
            "type": "HR",
            "url": "https://api.congress.gov/v3/bill/115/hr/3846?format=json"
        },
        {
            "congress": 115,
            "introducedDate": "2017-07-27",
            "latestAction": {
                "actionDate": "2017-07-28",
                "text": "Referred to the Subcommittee on Health."
            },
            "number": "3482",
            "policyArea": {
                "name": "Health"
            },
            "title": "Evidence-Based Telehealth Expansion Act of 2017",
            "type": "HR",
            "url": "https://api.congress.gov/v3/bill/115/hr/3482?format=json"
        },
        {
            "congress": 115,
            "introducedDate": "2017-05-24",
            "latestAction": {
                "actionDate": "2017-05-24",
                "text": "Referred to the House Committee on Oversight and Government Reform."
            },
            "number": "2636",
            "policyArea": {
                "name": "Science, Technology, Communications"
            },
            "title": "To establish an independent inspector general for the Federal Communications Commission.",
            "type": "HR",
            "url": "https://api.congress.gov/v3/bill/115/hr/2636?format=json"
        },
        {
            "congress": 115,
            "introducedDate": "2017-04-05",
            "latestAction": {
                "actionDate": "2018-03-08",
                "text": "Received in the Senate and Read twice and referred to the Committee on Environment and Public Works."
            },
            "number": "1917",
            "policyArea": {
                "name": "Environmental Protection"
            },
            "title": "Blocking Regulatory Interference from Closing Kilns Act of 2017",
            "type": "HR",
            "url": "https://api.congress.gov/v3/bill/115/hr/1917?format=json"
        },
        {
            "congress": 115,
            "introducedDate": "2017-03-15",
            "latestAction": {
                "actionDate": "2017-03-24",
                "text": "Referred to the Subcommittee on Health."
            },
            "number": "1542",
            "policyArea": {
                "name": "Health"
            },
            "title": "HELLPP Act",
            "type": "HR",
            "url": "https://api.congress.gov/v3/bill/115/hr/1542?format=json"
        },
        {
            "congress": 115,
            "introducedDate": "2017-03-01",
            "latestAction": {
                "actionDate": "2017-03-17",
                "text": "Referred to the Subcommittee on Health."
            },
            "number": "1271",
            "policyArea": {
                "name": "Health"
            },
            "title": "DXM Abuse Prevention Act of 2017",
            "type": "HR",
            "url": "https://api.congress.gov/v3/bill/115/hr/1271?format=json"
        },
        {
            "congress": 115,
            "introducedDate": "2017-01-30",
            "latestAction": {
                "actionDate": "2017-02-16",
                "text": "Became Public Law No: 115-5."
            },
            "number": "38",
            "policyArea": {
                "name": "Environmental Protection"
            },
            "title": "Joint resolution disapproving the rule submitted by the Department of the Interior known as the Stream Protection Rule",
            "type": "HJRES",
            "url": "https://api.congress.gov/v3/bill/115/hjres/38?format=json"
        },
        {
            "congress": 114,
            "introducedDate": "2016-02-12",
            "latestAction": {
                "actionDate": "2016-03-07",
                "text": "Received in the Senate and Read twice and referred to the Committee on Environment and Public Works."
            },
            "number": "4557",
            "policyArea": {
                "name": "Environmental Protection"
            },
            "title": "Blocking Regulatory Interference from Closing Kilns Act of 2016",
            "type": "HR",
            "url": "https://api.congress.gov/v3/bill/114/hr/4557?format=json"
        },
        {
            "amendmentNumber": "545",
            "congress": 114,
            "introducedDate": "2015-06-25",
            "latestAction": {
                "actionDate": "2015-06-25",
                "actionTime": "15:15:31",
                "text": "On agreeing to the Johnson (OH) amendment (A015) Agreed to by voice vote. "
            },
            "type": null,
            "url": "https://api.congress.gov/v3/amendment/114/hamdt/545?format=json"
        },
        {
            "congress": 114,
            "introducedDate": "2015-07-29",
            "latestAction": {
                "actionDate": "2015-08-31",
                "text": "Referred to the Subcommittee on Energy and Mineral Resources."
            },
            "number": "3357",
            "policyArea": {
                "name": "Energy"
            },
            "title": "POWER Counties Act",
            "type": "HR",
            "url": "https://api.congress.gov/v3/bill/114/hr/3357?format=json"
        },
        {
            "congress": 114,
            "introducedDate": "2015-07-28",
            "latestAction": {
                "actionDate": "2016-07-08",
                "text": "Placed on the Union Calendar, Calendar No. 520."
            },
            "number": "3250",
            "policyArea": {
                "name": "Health"
            },
            "title": "DXM Abuse Prevention Act of 2015",
            "type": "HR",
            "url": "https://api.congress.gov/v3/bill/114/hr/3250?format=json"
        },
        {
            "congress": 114,
            "introducedDate": "2015-07-16",
            "latestAction": {
                "actionDate": "2015-08-05",
                "text": "Referred to the Subcommittee on Disability Assistance and Memorial Affairs."
            },
            "number": "3101",
            "policyArea": {
                "name": "Armed Forces and National Security"
            },
            "title": "POW Accountability Act",
            "type": "HR",
            "url": "https://api.congress.gov/v3/bill/114/hr/3101?format=json"
        },
        {
            "congress": 114,
            "introducedDate": "2015-06-02",
            "latestAction": {
                "actionDate": "2015-07-09",
                "text": "Forwarded by Subcommittee to Full Committee in the Nature of a Substitute (Amended) by Voice Vote ."
            },
            "number": "2605",
            "policyArea": {
                "name": "Armed Forces and National Security"
            },
            "title": "Veterans Fiduciary Reform Act of 2015",
            "type": "HR",
            "url": "https://api.congress.gov/v3/bill/114/hr/2605?format=json"
        },
        {
            "congress": 114,
            "introducedDate": "2015-01-14",
            "latestAction": {
                "actionDate": "2015-01-29",
                "text": "Received in the Senate and Read twice and referred to the Committee on Energy and Natural Resources."
            },
            "number": "351",
            "policyArea": {
                "name": "Energy"
            },
            "title": "LNG Permitting Certainty and Transparency Act",
            "type": "HR",
            "url": "https://api.congress.gov/v3/bill/114/hr/351?format=json"
        }
    ]
}