{
    "pagination": {
        "count": 10
    },
    "request": {
        "bioguideId": "j000047",
        "contentType": "application/json",
        "format": "json"
    },
    "sponsoredLegislation": [
        {
            "congress": 101,
            "introducedDate": "1990-06-27",
            "latestAction": {
                "actionDate": "1990-11-16",
                "text": "See H.R.4009."
            },
            "number": "5187",
            "policyArea": {
                "name": "Private Legislation"
            },
            "title": "To clear certain impediments to the licensing of a vessel for employment in the coastwise trade and fisheries of the United States.",
            "type": "HR",
            "url": "https://api.congress.gov/v3/bill/101/hr/5187?format=json"
        },
        {
            "congress": 101,
            "introducedDate": "1990-06-05",
            "latestAction": {
                "actionDate": "1990-08-17",
                "text": "Referred to the Subcommittee on Postsecondary Education."
            },
            "number": "4961",
            "policyArea": {
                "name": "Education"
            },
            "title": "To authorize additional appropriations for the construction and maintenance of the Mary McLeod Bethune Memorial Fine Arts Center.",
            "type": "HR",
            "url": "https://api.congress.gov/v3/bill/101/hr/4961?format=json"
        },
        {
            "congress": 101,
            "introducedDate": "1989-09-06",
            "latestAction": {
                "actionDate": "1989-09-26",
                "text": "Measure Incorporated Into H.R.3133"
            },
            "number": "3226",
            "policyArea": {
                "name": "Private Legislation"
            },
            "title": "To authorize issuance of a certificate of documentation for employment in the coastwise trade of the United States for the vessel CAMELOT.",
            "type": "HR",
            "url": "https://api.congress.gov/v3/bill/101/hr/3226?format=json"
        },
        {
            "congress": 101,
            "introducedDate": "1989-06-28",
            "latestAction": {
                "actionDate": "1989-07-10",
                "text": "Referred to the Subcommittee on Elections."
            },
            "number": "2785",
            "policyArea": {
                "name": "Government Operations and Politics"
            },
            "title": "Integrity in Campaign Financing Act of 1989",
            "type": "HR",
            "url": "https://api.congress.gov/v3/bill/101/hr/2785?format=json"
        },
        {
            "congress": 101,
            "introducedDate": "1989-04-27",
            "latestAction": {
                "actionDate": "1989-05-08",
                "text": "Referred to the Subcommittee on Personnel and Police."
            },
            "number": "2143",
            "policyArea": {
                "name": "Government Operations and Politics"
            },
            "title": "Integrity in Post Employment Act of 1989",
            "type": "HR",
            "url": "https://api.congress.gov/v3/bill/101/hr/2143?format=json"
        },
        {
            "congress": 101,
            "introducedDate": "1989-04-13",
            "latestAction": {
                "actionDate": "1989-04-19",
                "text": "Referred to the Subcommittee on Civil and Constitutional Rights."
            },
            "number": "239",
            "policyArea": {
                "name": "Congress"
            },
            "title": "Proposing an amendment to the Constitution of the United States to provide for a four-year term for Members of the House of Representatives and to provide that a Member of the Senate or the House of Representatives may not serve more than two terms.",
            "type": "HJRES",
            "url": "https://api.congress.gov/v3/bill/101/hjres/239?format=json"
        },
        {
            "congress": 102,
            "introducedDate": "1992-08-12",
            "latestAction": {
                "actionDate": "1992-09-09",
                "text": "Executive Comment Requested from DOT."
            },
            "number": "5910",
            "policyArea": {
                "name": "Private Legislation"
            },
            "title": "To clear impediments to the issuance of documentation for the vessel CHEROKEE.",
            "type": "HR",
            "url": "https://api.congress.gov/v3/bill/102/hr/5910?format=json"
        },
        {
            "congress": 102,
            "introducedDate": "1991-10-30",
            "latestAction": {
                "actionDate": "1991-11-12",
                "text": "Referred to the Subcommittee on Europe and the Middle East."
            },
            "number": "3668",
            "policyArea": {
                "name": "International Affairs"
            },
            "title": "To remove the President's authority to grant debt forgiveness to foreign countries.",
            "type": "HR",
            "url": "https://api.congress.gov/v3/bill/102/hr/3668?format=json"
        },
        {
            "congress": 102,
            "introducedDate": "1991-05-09",
            "latestAction": {
                "actionDate": "1991-06-17",
                "text": "Referred to the Subcommittee on Postsecondary Education."
            },
            "number": "2290",
            "policyArea": {
                "name": "Education"
            },
            "title": "To authorize additional appropriations for the construction and maintenance of the Mary McLeod Bethune Memorial Fine Arts Center.",
            "type": "HR",
            "url": "https://api.congress.gov/v3/bill/102/hr/2290?format=json"
        },
        {
            "congress": 102,
            "introducedDate": "1992-04-09",
            "latestAction": {
                "actionDate": "1992-04-09",
                "text": "Referred to the House Committee on Rules."
            },
            "number": "438",
            "policyArea": {
                "name": "Congress"
            },
            "title": "Creating a bipartisan search committee to recommend to the House an individual to fill the position of Sergeant-at-Arms.",
            "type": "HRES",
            "url": "https://api.congress.gov/v3/bill/102/hres/438?format=json"
        }
    ]
}