{
    "pagination": {
        "count": 16
    },
    "request": {
        "bioguideId": "b001319",
        "contentType": "application/json",
        "format": "json"
    },
    "sponsoredLegislation": [
        {
            "amendmentNumber": "2605",
            "congress": 118,
            "introducedDate": "2024-07-11",
            "latestAction": null,
            "type": null,
            "url": "https://api.congress.gov/v3/amendment/118/samdt/2605?format=json"
        },
        {
            "congress": 118,
            "introducedDate": "2023-11-09",
            "latestAction": {
                "actionDate": "2024-06-12",
                "text": "Committee on Indian Affairs. Hearings held."
            },
            "number": "3263",
            "policyArea": {
                "name": "Native Americans"
            },
            "title": "Poarch Band of Creek Indians Parity Act",
            "type": "S",
            "url": "https://api.congress.gov/v3/bill/118/s/3263?format=json"
        },
        {
            "congress": 118,
            "introducedDate": "2024-06-11",
            "latestAction": {
                "actionDate": "2024-06-11",
                "text": "Read twice and referred to the Committee on Commerce, Science, and Transportation."
            },
            "number": "4500",
            "policyArea": {
                "name": null
            },
            "title": "A bill to modify operations of the National Water Center of the National Oceanic and Atmospheric Administration, and for other purposes.",
            "type": "S",
            "url": "https://api.congress.gov/v3/bill/118/s/4500?format=json"
        },
        {
            "congress": 118,
            "introducedDate": "2024-06-11",
            "latestAction": {
                "actionDate": "2024-06-11",
                "text": "Submitted in the Senate, considered, and agreed to without amendment and with a preamble by Unanimous Consent. (consideration: CR S4023; text: CR S4022-4023)"
            },
            "number": "728",
            "policyArea": {
                "name": "Health"
            },
            "title": "A resolution commending the University of South Alabama on the occasion of its 60th anniversary and its years of service to the State of Alabama and the United States.",
            "type": "SRES",
            "url": "https://api.congress.gov/v3/bill/118/sres/728?format=json"
        },
        {
            "congress": 118,
            "introducedDate": "2024-05-23",
            "latestAction": {
                "actionDate": "2024-05-23",
                "text": "Read twice and referred to the Committee on Banking, Housing, and Urban Affairs."
            },
            "number": "4400",
            "policyArea": {
                "name": null
            },
            "title": "A bill to require the Securities and Exchange Commission to carry out a study and rulemaking on the definition of the term \"small entity\" for purposes of the securities laws, and for other purposes.",
            "type": "S",
            "url": "https://api.congress.gov/v3/bill/118/s/4400?format=json"
        },
        {
            "congress": 118,
            "introducedDate": "2024-05-09",
            "latestAction": {
                "actionDate": "2024-05-09",
                "text": "Read twice and referred to the Committee on Health, Education, Labor, and Pensions."
            },
            "number": "4296",
            "policyArea": {
                "name": null
            },
            "title": "More Opportunities for Moms to Succeed Act",
            "type": "S",
            "url": "https://api.congress.gov/v3/bill/118/s/4296?format=json"
        },
        {
            "congress": 118,
            "introducedDate": "2024-04-16",
            "latestAction": {
                "actionDate": "2024-04-16",
                "text": "Read twice and referred to the Committee on Finance."
            },
            "number": "4126",
            "policyArea": {
                "name": "Social Welfare"
            },
            "title": "Clergy Act",
            "type": "S",
            "url": "https://api.congress.gov/v3/bill/118/s/4126?format=json"
        },
        {
            "amendmentNumber": "752",
            "congress": 118,
            "introducedDate": "2023-07-13",
            "latestAction": null,
            "type": null,
            "url": "https://api.congress.gov/v3/amendment/118/samdt/752?format=json"
        },
        {
            "congress": 118,
            "introducedDate": "2024-03-12",
            "latestAction": {
                "actionDate": "2024-03-12",
                "text": "Read twice and referred to the Committee on the Judiciary."
            },
            "number": "3933",
            "policyArea": {
                "name": "Immigration"
            },
            "title": "Laken Riley Act",
            "type": "S",
            "url": "https://api.congress.gov/v3/bill/118/s/3933?format=json"
        },
        {
            "congress": 118,
            "introducedDate": "2023-12-12",
            "latestAction": {
                "actionDate": "2023-12-12",
                "text": "Read twice and referred to the Committee on Rules and Administration."
            },
            "number": "3470",
            "policyArea": {
                "name": "Government Operations and Politics"
            },
            "title": "Citizen Ballot Protection Act",
            "type": "S",
            "url": "https://api.congress.gov/v3/bill/118/s/3470?format=json"
        },
        {
            "congress": 118,
            "introducedDate": "2023-11-28",
            "latestAction": {
                "actionDate": "2023-11-28",
                "text": "Read twice and referred to the Committee on Banking, Housing, and Urban Affairs."
            },
            "number": "3349",
            "policyArea": {
                "name": "Finance and Financial Sector"
            },
            "title": "Insurance Data Protection Act",
            "type": "S",
            "url": "https://api.congress.gov/v3/bill/118/s/3349?format=json"
        },
        {
            "amendmentNumber": "1270",
            "congress": 118,
            "introducedDate": "2023-09-20",
            "latestAction": {
                "actionDate": "2023-10-25",
                "text": "Amendment SA 1270 agreed to in Senate by Voice Vote."
            },
            "type": null,
            "url": "https://api.congress.gov/v3/amendment/118/samdt/1270?format=json"
        },
        {
            "congress": 118,
            "introducedDate": "2023-02-09",
            "latestAction": {
                "actionDate": "2023-02-09",
                "text": "Read twice and referred to the Committee on Finance."
            },
            "number": "332",
            "policyArea": {
                "name": "Immigration"
            },
            "title": "WALL Act of 2023",
            "type": "S",
            "url": "https://api.congress.gov/v3/bill/118/s/332?format=json"
        },
        {
            "congress": 118,
            "introducedDate": "2023-02-09",
            "latestAction": {
                "actionDate": "2023-02-09",
                "text": "Referred to the Committee on the Judiciary. (text: CR S328)"
            },
            "number": "45",
            "policyArea": {
                "name": "Immigration"
            },
            "title": "A resolution expressing the sense of the Senate that the current influx of migrants is causing a crisis at the southern border.",
            "type": "SRES",
            "url": "https://api.congress.gov/v3/bill/118/sres/45?format=json"
        },
        {
            "congress": 118,
            "introducedDate": "2023-02-09",
            "latestAction": {
                "actionDate": "2023-02-09",
                "text": "Read twice and referred to the Committee on the Judiciary."
            },
            "number": "348",
            "policyArea": {
                "name": "Immigration"
            },
            "title": "Asylum Abuse Reduction Act",
            "type": "S",
            "url": "https://api.congress.gov/v3/bill/118/s/348?format=json"
        },
        {
            "congress": 118,
            "introducedDate": "2023-02-09",
            "latestAction": {
                "actionDate": "2023-02-09",
                "text": "Read twice and referred to the Committee on the Judiciary."
            },
            "number": "333",
            "policyArea": {
                "name": "Immigration"
            },
            "title": "Keep Our Communities Safe Act of 2023",
            "type": "S",
            "url": "https://api.congress.gov/v3/bill/118/s/333?format=json"
        }
    ]
}