{
    "pagination": {
        "count": 11
    },
    "request": {
        "bioguideId": "m000779",
        "contentType": "application/json",
        "format": "json"
    },
    "sponsoredLegislation": [
        {
            "congress": 93,
            "introducedDate": "1973-02-20",
            "latestAction": {
                "actionDate": "1973-02-20",
                "text": "Referred to House Committee on Interstate and Foreign Commerce."
            },
            "number": "4391",
            "policyArea": {
                "name": "Transportation and Public Works"
            },
            "title": "A bill to amend section 5 of the Act of August 18, 1894, to require the Secretary of Transportation to prescribe regulations requiring more frequent openings of the Penn Central Drawbridge across the Bush River near Aberdeen, Md..",
            "type": "HR",
            "url": "https://api.congress.gov/v3/bill/93/hr/4391?format=json"
        },
        {
            "congress": 93,
            "introducedDate": "1973-02-07",
            "latestAction": {
                "actionDate": "1973-02-07",
                "text": "Referred to House Committee on Post Office and Civil Service."
            },
            "number": "4025",
            "policyArea": {
                "name": "Government Operations and Politics"
            },
            "title": "A bill to provide for annual authorization of appropriations to the U.S.  Postal Service.",
            "type": "HR",
            "url": "https://api.congress.gov/v3/bill/93/hr/4025?format=json"
        },
        {
            "congress": 93,
            "introducedDate": "1973-02-06",
            "latestAction": {
                "actionDate": "1973-02-06",
                "text": "Referred to House Committee on Agriculture."
            },
            "number": "3837",
            "policyArea": {
                "name": "Agriculture and Food"
            },
            "title": "A bill to amend the Rural Electrification Act of 1936, as amended, to reaffirm that such funds made available for each fiscal year to carry out the programs provided for in such act be fully obligated in said year, and for other purposes.",
            "type": "HR",
            "url": "https://api.congress.gov/v3/bill/93/hr/3837?format=json"
        },
        {
            "congress": 93,
            "introducedDate": "1973-02-06",
            "latestAction": {
                "actionDate": "1973-02-06",
                "text": "Referred to House Committee on Education and Labor."
            },
            "number": "3838",
            "policyArea": {
                "name": "Armed Forces and National Security"
            },
            "title": "A bill to permit retired personnel of the Armed Forces to receive benefits under chapter 81 of title 5, United States Code, relating to compensation of Federal employees for work injuries.",
            "type": "HR",
            "url": "https://api.congress.gov/v3/bill/93/hr/3838?format=json"
        },
        {
            "congress": 93,
            "introducedDate": "1973-02-06",
            "latestAction": {
                "actionDate": "1973-02-06",
                "text": "Referred to House Committee on Agriculture."
            },
            "number": "3836",
            "policyArea": {
                "name": "Agriculture and Food"
            },
            "title": "A bill to provide price support for milk at not less than 85 percentum of the parity price therefor.",
            "type": "HR",
            "url": "https://api.congress.gov/v3/bill/93/hr/3836?format=json"
        },
        {
            "congress": 93,
            "introducedDate": "1973-02-06",
            "latestAction": {
                "actionDate": "1973-02-06",
                "text": "Referred to House Committee on Ways and Means."
            },
            "number": "3840",
            "policyArea": {
                "name": "Energy"
            },
            "title": "A bill to terminate the oil import control program.",
            "type": "HR",
            "url": "https://api.congress.gov/v3/bill/93/hr/3840?format=json"
        },
        {
            "congress": 93,
            "introducedDate": "1973-02-06",
            "latestAction": {
                "actionDate": "1973-02-06",
                "text": "Referred to House Committee on Merchant Marine and Fisheries."
            },
            "number": "3839",
            "policyArea": {
                "name": "Transportation and Public Works"
            },
            "title": "A bill to amend section 40(b) of the Merchant Marine Act of 1970.",
            "type": "HR",
            "url": "https://api.congress.gov/v3/bill/93/hr/3839?format=json"
        },
        {
            "congress": 93,
            "introducedDate": "1973-01-03",
            "latestAction": {
                "actionDate": "1973-01-03",
                "text": "Referred to House Committee on Interstate and Foreign Commerce."
            },
            "number": "801",
            "policyArea": {
                "name": "Government Operations and Politics"
            },
            "title": "A bill to amend the Communications Act of 1934 to establish orderly procedures for the consideration of applications for renewal of broadcast licenses.",
            "type": "HR",
            "url": "https://api.congress.gov/v3/bill/93/hr/801?format=json"
        },
        {
            "congress": 93,
            "introducedDate": "1973-01-03",
            "latestAction": {
                "actionDate": "1973-01-03",
                "text": "Referred to House Committee on Interstate and Foreign Commerce."
            },
            "number": "802",
            "policyArea": {
                "name": "Rivers"
            },
            "title": "A bill to declare the south prong of the Wicomico River, Md., nonnavigable.",
            "type": "HR",
            "url": "https://api.congress.gov/v3/bill/93/hr/802?format=json"
        },
        {
            "congress": 93,
            "introducedDate": "1973-01-03",
            "latestAction": {
                "actionDate": "1973-01-03",
                "text": "Referred to House Committee on Agriculture."
            },
            "number": "800",
            "policyArea": {
                "name": "Public Lands and Natural Resources"
            },
            "title": "A bill to direct the Secretary of Agriculture to release on behalf of the United States a condition in a deed conveying certain lands to the State of Maryland.",
            "type": "HR",
            "url": "https://api.congress.gov/v3/bill/93/hr/800?format=json"
        },
        {
            "congress": 93,
            "introducedDate": "1973-01-15",
            "latestAction": {
                "actionDate": "1973-01-15",
                "text": "Referred to House Committee on the Judiciary."
            },
            "number": "195",
            "policyArea": {
                "name": "Civil Rights and Liberties, Minority Issues"
            },
            "title": "Joint resolution proposing an amendment to the Constitution of the United States.",
            "type": "HJRES",
            "url": "https://api.congress.gov/v3/bill/93/hjres/195?format=json"
        }
    ]
}