{
    "pagination": {
        "count": 78
    },
    "request": {
        "bioguideId": "f000059",
        "contentType": "application/json",
        "format": "json"
    },
    "sponsoredLegislation": [
        {
            "amendmentNumber": "709",
            "congress": 98,
            "introducedDate": "1984-05-09",
            "latestAction": null,
            "type": null,
            "url": "https://api.congress.gov/v3/amendment/98/hamdt/709?format=json"
        },
        {
            "congress": 98,
            "introducedDate": "1984-08-10",
            "latestAction": {
                "actionDate": "1984-08-20",
                "text": "Referred to Subcommittee on Trade."
            },
            "number": "6154",
            "policyArea": {
                "name": "Foreign Trade and International Finance"
            },
            "title": "A bill to suspend the duties on circular knitting machines designed for sweater or garment length knitting until the close of December 31, 1989.",
            "type": "HR",
            "url": "https://api.congress.gov/v3/bill/98/hr/6154?format=json"
        },
        {
            "congress": 98,
            "introducedDate": "1984-06-29",
            "latestAction": {
                "actionDate": "1984-09-19",
                "text": "Unfavorable Executive Comment Received From State."
            },
            "number": "5980",
            "policyArea": {
                "name": "International Affairs"
            },
            "title": "A bill directing the President to conduct a comprehensive review of United States policy toward Bulgaria.",
            "type": "HR",
            "url": "https://api.congress.gov/v3/bill/98/hr/5980?format=json"
        },
        {
            "congress": 98,
            "introducedDate": "1984-02-22",
            "latestAction": {
                "actionDate": "1984-02-27",
                "text": "Referred to Subcommittee on Monopolies and Commercial Law."
            },
            "number": "4897",
            "policyArea": {
                "name": "Commerce"
            },
            "title": "A bill to amend the Clayton Act to provide for the consideration of certain mitigating factors in certain determinations.",
            "type": "HR",
            "url": "https://api.congress.gov/v3/bill/98/hr/4897?format=json"
        },
        {
            "congress": 98,
            "introducedDate": "1984-02-01",
            "latestAction": {
                "actionDate": "1984-02-01",
                "text": "Referred to House Committee on The Judiciary."
            },
            "number": "4722",
            "policyArea": {
                "name": "Private Legislation"
            },
            "title": "A bill for the relief of Steven McKenna.",
            "type": "HR",
            "url": "https://api.congress.gov/v3/bill/98/hr/4722?format=json"
        },
        {
            "congress": 98,
            "introducedDate": "1983-11-18",
            "latestAction": {
                "actionDate": "1984-02-10",
                "text": "Unfavorable Executive Comment Received From State."
            },
            "number": "4505",
            "policyArea": {
                "name": "International Affairs"
            },
            "title": "A bill to prohibit all United States military assistance for Turkey until the Turkish Government takes certain actions to resolve the conflict on Cyprus.",
            "type": "HR",
            "url": "https://api.congress.gov/v3/bill/98/hr/4505?format=json"
        },
        {
            "congress": 98,
            "introducedDate": "1983-10-06",
            "latestAction": {
                "actionDate": "1983-10-13",
                "text": "Referred to Subcommittee on Monopolies and Commercial Law."
            },
            "number": "4111",
            "policyArea": {
                "name": "Finance and Financial Sector"
            },
            "title": "A bill to amend title 11 of the United States Code to provide that in cases under chapter 11 of such title certain debts for medical benefits payable to retired employees shall not be dischargeable.",
            "type": "HR",
            "url": "https://api.congress.gov/v3/bill/98/hr/4111?format=json"
        },
        {
            "congress": 98,
            "introducedDate": "1983-09-22",
            "latestAction": {
                "actionDate": "1984-05-01",
                "text": "For Further Action See H.R.3282."
            },
            "number": "3965",
            "policyArea": {
                "name": "Environmental Protection"
            },
            "title": "A bill to provide that the Rocky River Wastewater Treatment Plant in Rocky River, Ohio, shall be eligible for reimbursement under section 206 (a) of the Federal Water Pollution Control Act.",
            "type": "HR",
            "url": "https://api.congress.gov/v3/bill/98/hr/3965?format=json"
        },
        {
            "congress": 98,
            "introducedDate": "1983-07-18",
            "latestAction": {
                "actionDate": "1983-07-18",
                "text": "Referred to House Committee on Veterans' Affairs."
            },
            "number": "3586",
            "policyArea": {
                "name": "Armed Forces and National Security"
            },
            "title": "A bill to require the Administrator of Veterans' Affairs to establish a post-traumatic stress disorder program for Vietnam era veterans at the Veterans' Administration hospital in Brecksville, Ohio.",
            "type": "HR",
            "url": "https://api.congress.gov/v3/bill/98/hr/3586?format=json"
        },
        {
            "congress": 98,
            "introducedDate": "1983-05-24",
            "latestAction": {
                "actionDate": "1983-09-13",
                "text": "Subcommittee Hearings Held."
            },
            "number": "3112",
            "policyArea": {
                "name": "Labor and Employment"
            },
            "title": "A bill to amend the Federal-State Extended Unemployment Compensation Act of 1970 to provide that extended benefits will be payable in any State in which the rate of regular unemployment equals or exceeds 9 percent.",
            "type": "HR",
            "url": "https://api.congress.gov/v3/bill/98/hr/3112?format=json"
        },
        {
            "congress": 98,
            "introducedDate": "1983-03-22",
            "latestAction": {
                "actionDate": "1983-03-31",
                "text": "Referred to Subcommittee on Western Hemisphere Affairs."
            },
            "number": "2233",
            "policyArea": {
                "name": "International Affairs"
            },
            "title": "El Salvador Post-War Reconstruction Assistance Fund Act",
            "type": "HR",
            "url": "https://api.congress.gov/v3/bill/98/hr/2233?format=json"
        },
        {
            "congress": 98,
            "introducedDate": "1983-03-22",
            "latestAction": {
                "actionDate": "1983-03-31",
                "text": "Referred to Subcommittee on Western Hemisphere Affairs."
            },
            "number": "2232",
            "policyArea": {
                "name": "International Affairs"
            },
            "title": "A bill to suspend military assistance and sales to El Salvador until the Government of El Salvador has demonstrated its willingness, through the appointment of a Peace Commission, to enter into a dialogue with the other parties to the conflict in that country and with other Salvadoran groups which are seeking an end to the conflict.",
            "type": "HR",
            "url": "https://api.congress.gov/v3/bill/98/hr/2232?format=json"
        },
        {
            "congress": 98,
            "introducedDate": "1983-11-02",
            "latestAction": {
                "actionDate": "1983-11-02",
                "text": "Referred to House Committee on Veterans' Affairs."
            },
            "number": "360",
            "policyArea": {
                "name": "Armed Forces and National Security"
            },
            "title": "A resolution expressing the sense of the House of Representatives that the Veterans' Administration should develop a comprehensive, unified policy for the study and treatment of post traumatic stress disorder and establish a central office to advise persons in Veterans' Administration hospitals and outpatient facilities who are setting up post-traumatic stress disorder wards and treatment programs.",
            "type": "HRES",
            "url": "https://api.congress.gov/v3/bill/98/hres/360?format=json"
        },
        {
            "congress": 98,
            "introducedDate": "1984-06-29",
            "latestAction": {
                "actionDate": "1984-10-02",
                "text": "Received in the Senate and referred to the Committee on Foreign Relations."
            },
            "number": "337",
            "policyArea": {
                "name": "Foreign Trade and International Finance"
            },
            "title": "A concurrent resolution concerning Bulgaria's abuses of the Customs Convention on the International Transport of Goods under cover of TIR Carnets in facilitating the transportation of illicit narcotics, smuggled arms, and terrorists.",
            "type": "HCONRES",
            "url": "https://api.congress.gov/v3/bill/98/hconres/337?format=json"
        },
        {
            "congress": 98,
            "introducedDate": "1984-02-21",
            "latestAction": {
                "actionDate": "1984-03-02",
                "text": "Referred to Subcommittee on Europe and the Middle East."
            },
            "number": "259",
            "policyArea": {
                "name": "International Affairs"
            },
            "title": "A concurrent resolution expressing the sense of the Congress that the Vatican should recognize the State of Israel and should establish diplomatic relations with that country.",
            "type": "HCONRES",
            "url": "https://api.congress.gov/v3/bill/98/hconres/259?format=json"
        },
        {
            "congress": 99,
            "introducedDate": "1986-08-05",
            "latestAction": {
                "actionDate": "1986-08-08",
                "text": "Referred to Subcommittee on Monopolies and Commercial Law."
            },
            "number": "5337",
            "policyArea": {
                "name": "Commerce"
            },
            "title": "A bill to amend the Clayton Act regarding consent judgments.",
            "type": "HR",
            "url": "https://api.congress.gov/v3/bill/99/hr/5337?format=json"
        },
        {
            "congress": 99,
            "introducedDate": "1986-06-26",
            "latestAction": {
                "actionDate": "1986-06-26",
                "text": "Referred to House Committee on Ways and Means."
            },
            "number": "5120",
            "policyArea": {
                "name": "Taxation"
            },
            "title": "A bill to amend the Internal Revenue Code of 1954 to clarify the tax treatment of voluntary employee benefit associations.",
            "type": "HR",
            "url": "https://api.congress.gov/v3/bill/99/hr/5120?format=json"
        },
        {
            "congress": 99,
            "introducedDate": "1986-03-05",
            "latestAction": {
                "actionDate": "1986-03-11",
                "text": "Referred to Subcommittee on Crime."
            },
            "number": "4310",
            "policyArea": {
                "name": "Crime and Law Enforcement"
            },
            "title": "Police and Citizens Safety Act of 1985",
            "type": "HR",
            "url": "https://api.congress.gov/v3/bill/99/hr/4310?format=json"
        },
        {
            "congress": 99,
            "introducedDate": "1986-02-27",
            "latestAction": {
                "actionDate": "1986-02-27",
                "text": "Referred to Subcommittee on Housing and Community Development."
            },
            "number": "4274",
            "policyArea": {
                "name": "Housing and Community Development"
            },
            "title": "A bill to amend the Housing and Community Development Act of 1974 to permit the use of assistance under the community development block grant program for uniform emergency telephone number systems.",
            "type": "HR",
            "url": "https://api.congress.gov/v3/bill/99/hr/4274?format=json"
        },
        {
            "congress": 99,
            "introducedDate": "1985-10-09",
            "latestAction": {
                "actionDate": "1985-10-18",
                "text": "Referred to Subcommittee on Asian and Pacific Affairs."
            },
            "number": "3537",
            "policyArea": {
                "name": "Energy"
            },
            "title": "Sino-American Nuclear Verification Act of 1985",
            "type": "HR",
            "url": "https://api.congress.gov/v3/bill/99/hr/3537?format=json"
        },
        {
            "congress": 99,
            "introducedDate": "1985-07-29",
            "latestAction": {
                "actionDate": "1985-08-01",
                "text": "Referred to Subcommittee on Health and the Environment."
            },
            "number": "3095",
            "policyArea": {
                "name": "Agriculture and Food"
            },
            "title": "A bill to repeal provisions of law authorizing the provisional listing of color additives.",
            "type": "HR",
            "url": "https://api.congress.gov/v3/bill/99/hr/3095?format=json"
        },
        {
            "congress": 99,
            "introducedDate": "1985-06-25",
            "latestAction": {
                "actionDate": "1985-06-27",
                "text": "Referred to Subcommittee on Health and the Environment."
            },
            "number": "2857",
            "policyArea": {
                "name": "Commerce"
            },
            "title": "A bill to terminate the provisional listing of food, drug, and cosmetic color dyes known as FD&C Red No. 3, D&C Red No. 8, D&C Red No. 9, D&C Red No. 19, D&C Red No. 37, and D&C Orange No. 17 under the Federal Food, Drug, and Cosmetic Act.",
            "type": "HR",
            "url": "https://api.congress.gov/v3/bill/99/hr/2857?format=json"
        },
        {
            "congress": 99,
            "introducedDate": "1985-04-29",
            "latestAction": {
                "actionDate": "1986-09-30",
                "text": "Executive Comment Received From Justice."
            },
            "number": "2256",
            "policyArea": {
                "name": "Families"
            },
            "title": "A bill to amend the Juvenile Justice and Delinquency Prevention Act of 1974 to provide assistance for State clearinghouses for information relating to missing children.",
            "type": "HR",
            "url": "https://api.congress.gov/v3/bill/99/hr/2256?format=json"
        },
        {
            "congress": 99,
            "introducedDate": "1985-04-04",
            "latestAction": {
                "actionDate": "1985-04-15",
                "text": "Referred to Subcommittee on Commerce, Transportation and Tourism."
            },
            "number": "1995",
            "policyArea": {
                "name": "Labor and Employment"
            },
            "title": "A bill to amend the Railroad Retirement Act of 1974 to permit retirement, without certain deductions in annuity amount, by certain persons who have not attained the age of 62 years but were involuntarily separated from their last railroad employment.",
            "type": "HR",
            "url": "https://api.congress.gov/v3/bill/99/hr/1995?format=json"
        },
        {
            "congress": 99,
            "introducedDate": "1985-03-19",
            "latestAction": {
                "actionDate": "1986-10-21",
                "text": "Became Private Law No: 99-18."
            },
            "number": "1598",
            "policyArea": {
                "name": "Private Legislation"
            },
            "title": "A bill for the relief of Steven McKenna.",
            "type": "HR",
            "url": "https://api.congress.gov/v3/bill/99/hr/1598?format=json"
        },
        {
            "congress": 99,
            "introducedDate": "1986-08-13",
            "latestAction": {
                "actionDate": "1986-10-06",
                "text": "See S.J.Res.405."
            },
            "number": "708",
            "policyArea": {
                "name": "Commemorations"
            },
            "title": "A joint resolution to designate September 11, 1986, \"9-1-1 Emergency Number Day\".",
            "type": "HJRES",
            "url": "https://api.congress.gov/v3/bill/99/hjres/708?format=json"
        },
        {
            "congress": 99,
            "introducedDate": "1985-05-16",
            "latestAction": {
                "actionDate": "1985-05-16",
                "text": "Referred to House Committee on Rules."
            },
            "number": "175",
            "policyArea": {
                "name": "Transportation and Public Works"
            },
            "title": "A resolution to provide that it shall not be in order to consider any legislation relating to the sale of the interest of the United States in the common stock of the Consolidated Rail Corporation to the Norfolk Southern Corporation, until the Department of Justice has taken certain actions and reported to the Congress.",
            "type": "HRES",
            "url": "https://api.congress.gov/v3/bill/99/hres/175?format=json"
        },
        {
            "congress": 99,
            "introducedDate": "1985-02-28",
            "latestAction": {
                "actionDate": "1985-03-06",
                "text": "Referred to Subcommittee on Health and the Environment."
            },
            "number": "94",
            "policyArea": {
                "name": "Commerce"
            },
            "title": "A resolution expressing the sense of the House of Representatives that the Secretary of Health and Human Services is required by law to terminate the provisional listing of certain color dyes.",
            "type": "HRES",
            "url": "https://api.congress.gov/v3/bill/99/hres/94?format=json"
        },
        {
            "congress": 99,
            "introducedDate": "1986-06-03",
            "latestAction": {
                "actionDate": "1986-06-25",
                "text": "Received in the Senate and referred to the Committee on Foreign Relations."
            },
            "number": "345",
            "policyArea": {
                "name": "International Affairs"
            },
            "title": "A concurrent resolution expressing the sense of the Congress concerning democracy in the Republic of Korea.",
            "type": "HCONRES",
            "url": "https://api.congress.gov/v3/bill/99/hconres/345?format=json"
        },
        {
            "congress": 99,
            "introducedDate": "1986-04-22",
            "latestAction": {
                "actionDate": "1986-05-05",
                "text": "Referred to Subcommittee on Asian and Pacific Affairs."
            },
            "number": "322",
            "policyArea": {
                "name": "International Affairs"
            },
            "title": "A concurrent resolution concerning the illegal diversion of funds by former Philippine President Ferdinand Marcos.",
            "type": "HCONRES",
            "url": "https://api.congress.gov/v3/bill/99/hconres/322?format=json"
        },
        {
            "congress": 99,
            "introducedDate": "1986-03-21",
            "latestAction": {
                "actionDate": "1986-03-31",
                "text": "Referred to Subcommittee on Europe and the Middle East."
            },
            "number": "306",
            "policyArea": {
                "name": "International Affairs"
            },
            "title": "A concurrent resolution expressing the sense of the Congress that the Vatican should recognize the State of Israel and should establish diplomatic relations with that country.",
            "type": "HCONRES",
            "url": "https://api.congress.gov/v3/bill/99/hconres/306?format=json"
        },
        {
            "congress": 99,
            "introducedDate": "1985-12-17",
            "latestAction": {
                "actionDate": "1986-06-05",
                "text": "For Further Action See H.Con.Res.345."
            },
            "number": "261",
            "policyArea": {
                "name": "International Affairs"
            },
            "title": "A concurrent resolution expressing the sense of the Congress that the Republic of Korea should restore the civil and political rights of Kim Dae Jung and that true democracy should be instituted in the Republic of Korea.",
            "type": "HCONRES",
            "url": "https://api.congress.gov/v3/bill/99/hconres/261?format=json"
        },
        {
            "congress": 99,
            "introducedDate": "1985-03-26",
            "latestAction": {
                "actionDate": "1985-04-05",
                "text": "Referred to Subcommittee on Europe and the Middle East."
            },
            "number": "101",
            "policyArea": {
                "name": "International Affairs"
            },
            "title": "A concurrent resolution calling upon the Government of the United Kingdom to ban the use of plastic and rubber bullets against civilians.",
            "type": "HCONRES",
            "url": "https://api.congress.gov/v3/bill/99/hconres/101?format=json"
        },
        {
            "amendmentNumber": "132",
            "congress": 100,
            "introducedDate": "1987-05-13",
            "latestAction": {
                "actionDate": "1987-05-13",
                "text": "Amendment Failed of Passage in Committee of Whole by Recorded Vote: 109 - 311 (Record Vote No: 121). "
            },
            "type": null,
            "url": "https://api.congress.gov/v3/amendment/100/hamdt/132?format=json"
        },
        {
            "congress": 100,
            "introducedDate": "1988-05-24",
            "latestAction": {
                "actionDate": "1988-06-01",
                "text": "Referred to Subcommittee on Trade."
            },
            "number": "4664",
            "policyArea": {
                "name": "International Affairs"
            },
            "title": "Foreign Aid Insurance Act of 1988",
            "type": "HR",
            "url": "https://api.congress.gov/v3/bill/100/hr/4664?format=json"
        },
        {
            "congress": 100,
            "introducedDate": "1988-04-14",
            "latestAction": {
                "actionDate": "1988-04-26",
                "text": "Referred to Subcommittee on Postal Personnel and Modernization."
            },
            "number": "4392",
            "policyArea": {
                "name": "Government Operations and Politics"
            },
            "title": "A bill to amend title 39, United States Code, to make nonmailable any mail matter which is designed to resemble a bill or invoice but which in fact constitutes a solicitation of donations, and for other purposes.",
            "type": "HR",
            "url": "https://api.congress.gov/v3/bill/100/hr/4392?format=json"
        },
        {
            "congress": 100,
            "introducedDate": "1987-12-18",
            "latestAction": {
                "actionDate": "1987-12-28",
                "text": "Referred to Subcommittee on International Operations."
            },
            "number": "3805",
            "policyArea": {
                "name": "International Affairs"
            },
            "title": "Treaty Termination Procedure Act of 1987",
            "type": "HR",
            "url": "https://api.congress.gov/v3/bill/100/hr/3805?format=json"
        },
        {
            "congress": 100,
            "introducedDate": "1987-06-10",
            "latestAction": {
                "actionDate": "1987-06-22",
                "text": "Referred to Subcommittee on Health and Safety."
            },
            "number": "2647",
            "policyArea": {
                "name": "Labor and Employment"
            },
            "title": "Fire Fighter Protective Gear Liability Reform Act of 1987",
            "type": "HR",
            "url": "https://api.congress.gov/v3/bill/100/hr/2647?format=json"
        },
        {
            "congress": 100,
            "introducedDate": "1987-05-12",
            "latestAction": {
                "actionDate": "1987-10-29",
                "text": "Subcommittee Hearings Held."
            },
            "number": "2378",
            "policyArea": {
                "name": "Government Operations and Politics"
            },
            "title": "Federal Procurement Liability Reform Act of 1987",
            "type": "HR",
            "url": "https://api.congress.gov/v3/bill/100/hr/2378?format=json"
        },
        {
            "congress": 100,
            "introducedDate": "1987-04-08",
            "latestAction": {
                "actionDate": "1987-05-08",
                "text": "Referred to Subcommittee on Labor-Management Relations."
            },
            "number": "1992",
            "policyArea": {
                "name": "Labor and Employment"
            },
            "title": "Portable Pension Plan Act of 1987",
            "type": "HR",
            "url": "https://api.congress.gov/v3/bill/100/hr/1992?format=json"
        },
        {
            "congress": 100,
            "introducedDate": "1987-02-09",
            "latestAction": {
                "actionDate": "1988-10-04",
                "text": "See H.R.4758."
            },
            "number": "1052",
            "policyArea": {
                "name": "Crime and Law Enforcement"
            },
            "title": "A bill to amend the Omnibus Crime Control and Safe Streets Act of 1968 to increase the level of benefits payable with respect to the death of public safety officers, and for other purposes.",
            "type": "HR",
            "url": "https://api.congress.gov/v3/bill/100/hr/1052?format=json"
        },
        {
            "congress": 100,
            "introducedDate": "1987-02-04",
            "latestAction": {
                "actionDate": "1988-06-27",
                "text": "Some Provisions of Measure Incorporated Into H.R.4916."
            },
            "number": "975",
            "policyArea": {
                "name": "Crime and Law Enforcement"
            },
            "title": "A bill to provide for a waiting period before the sale, delivery, or transfer of a handgun.",
            "type": "HR",
            "url": "https://api.congress.gov/v3/bill/100/hr/975?format=json"
        },
        {
            "congress": 100,
            "introducedDate": "1987-02-02",
            "latestAction": {
                "actionDate": "1987-03-03",
                "text": "Subcommittee Hearings Held."
            },
            "number": "910",
            "policyArea": {
                "name": "International Affairs"
            },
            "title": "Self-Sufficiency for the Poor Act of 1987",
            "type": "HR",
            "url": "https://api.congress.gov/v3/bill/100/hr/910?format=json"
        },
        {
            "congress": 100,
            "introducedDate": "1987-01-22",
            "latestAction": {
                "actionDate": "1987-01-22",
                "text": "Referred to Subcommittee on Housing and Community Development."
            },
            "number": "721",
            "policyArea": {
                "name": "Government Operations and Politics"
            },
            "title": "A bill to amend the Housing and Community Development Act of 1974 to permit the use of assistance under the community development block grant program for uniform emergency telephone number systems.",
            "type": "HR",
            "url": "https://api.congress.gov/v3/bill/100/hr/721?format=json"
        },
        {
            "congress": 100,
            "introducedDate": "1987-01-06",
            "latestAction": {
                "actionDate": "1988-04-21",
                "text": "See H.R.2845."
            },
            "number": "155",
            "policyArea": {
                "name": "Crime and Law Enforcement"
            },
            "title": "A bill to prohibit the manufacture and importation of not readily detectable firearms, to prohibit the transfer and possession of silencers, and to provide for a waiting period before purchase of a handgun.",
            "type": "HR",
            "url": "https://api.congress.gov/v3/bill/100/hr/155?format=json"
        },
        {
            "congress": 100,
            "introducedDate": "1987-03-25",
            "latestAction": {
                "actionDate": "1987-03-27",
                "text": "Referred to Subcommittee on Trade."
            },
            "number": "202",
            "policyArea": {
                "name": "Foreign Trade and International Finance"
            },
            "title": "A joint resolution disapproving the certification by the President with respect to the Bahamas under section 802(b) of the Trade Act of 1974.",
            "type": "HJRES",
            "url": "https://api.congress.gov/v3/bill/100/hjres/202?format=json"
        },
        {
            "congress": 100,
            "introducedDate": "1987-03-25",
            "latestAction": {
                "actionDate": "1987-03-25",
                "text": "Referred to House Committee on Foreign Affairs."
            },
            "number": "203",
            "policyArea": {
                "name": "International Affairs"
            },
            "title": "A joint resolution disapproving the certification by the President with respect to the Bahamas under section 481(h) of the Foreign Assistance Act of 1961.",
            "type": "HJRES",
            "url": "https://api.congress.gov/v3/bill/100/hjres/203?format=json"
        },
        {
            "congress": 100,
            "introducedDate": "1988-07-06",
            "latestAction": {
                "actionDate": "1988-09-08",
                "text": "Executive Comment Requested from State."
            },
            "number": "328",
            "policyArea": {
                "name": "International Affairs"
            },
            "title": "A concurrent resolution regarding the protection and promotion of basic human rights in the Republic of Singapore.",
            "type": "HCONRES",
            "url": "https://api.congress.gov/v3/bill/100/hconres/328?format=json"
        },
        {
            "congress": 100,
            "introducedDate": "1988-02-01",
            "latestAction": {
                "actionDate": "1988-02-12",
                "text": "Referred to Subcommittee on Western Hemisphere Affairs."
            },
            "number": "240",
            "policyArea": {
                "name": "International Affairs"
            },
            "title": "A concurrent resolution in support of the Guatemala peace accord.",
            "type": "HCONRES",
            "url": "https://api.congress.gov/v3/bill/100/hconres/240?format=json"
        },
        {
            "congress": 100,
            "introducedDate": "1987-06-16",
            "latestAction": {
                "actionDate": "1987-06-30",
                "text": "Resolution Agreed to in House (Amended) by Yea-Nay Vote: 421 - 0 (Record Vote No: 233)."
            },
            "number": "141",
            "policyArea": {
                "name": "International Affairs"
            },
            "title": "A concurrent resolution regarding the promotion of democracy and security in the Republic of Korea.",
            "type": "HCONRES",
            "url": "https://api.congress.gov/v3/bill/100/hconres/141?format=json"
        },
        {
            "congress": 100,
            "introducedDate": "1987-03-04",
            "latestAction": {
                "actionDate": "1987-03-16",
                "text": "Referred to Subcommittee on Europe and the Middle East."
            },
            "number": "60",
            "policyArea": {
                "name": "International Affairs"
            },
            "title": "A concurrent resolution expressing the sense of the Congress that the Vatican should recognize the State of Israel and should establish diplomatic relations with that country.",
            "type": "HCONRES",
            "url": "https://api.congress.gov/v3/bill/100/hconres/60?format=json"
        },
        {
            "congress": 100,
            "introducedDate": "1987-02-18",
            "latestAction": {
                "actionDate": "1987-03-02",
                "text": "Referred to Subcommittee on Human Rights and International Organizations."
            },
            "number": "48",
            "policyArea": {
                "name": "International Affairs"
            },
            "title": "A concurrent resolution regarding the promotion of democracy and security in the Republic of Korea.",
            "type": "HCONRES",
            "url": "https://api.congress.gov/v3/bill/100/hconres/48?format=json"
        },
        {
            "congress": 101,
            "introducedDate": "1990-09-19",
            "latestAction": {
                "actionDate": "1990-10-16",
                "text": "Referred to the Subcommittee on Courts, Intellectual Property, and the Administration of Justice."
            },
            "number": "5670",
            "policyArea": {
                "name": "Crime and Law Enforcement"
            },
            "title": "Antiterrorism Act of 1990",
            "type": "HR",
            "url": "https://api.congress.gov/v3/bill/101/hr/5670?format=json"
        },
        {
            "congress": 101,
            "introducedDate": "1990-05-16",
            "latestAction": {
                "actionDate": "1990-05-21",
                "text": "Referred to the Subcommittee on Crime."
            },
            "number": "4830",
            "policyArea": {
                "name": "Crime and Law Enforcement"
            },
            "title": "Police Protection Act of 1990",
            "type": "HR",
            "url": "https://api.congress.gov/v3/bill/101/hr/4830?format=json"
        },
        {
            "congress": 101,
            "introducedDate": "1990-03-29",
            "latestAction": {
                "actionDate": "1990-04-12",
                "text": "Referred to the Subcommittee on International Economic Policy and Trade."
            },
            "number": "4425",
            "policyArea": {
                "name": "Foreign Trade and International Finance"
            },
            "title": "To amend the Export Administration Act of 1979 to require the Secretary of Commerce to establish a performance-based indexing system for the definition and control of supercomputer exports.",
            "type": "HR",
            "url": "https://api.congress.gov/v3/bill/101/hr/4425?format=json"
        },
        {
            "congress": 101,
            "introducedDate": "1990-03-06",
            "latestAction": {
                "actionDate": "1990-04-04",
                "text": "Referred to the Subcommittee on Postsecondary Education."
            },
            "number": "4184",
            "policyArea": {
                "name": "Crime and Law Enforcement"
            },
            "title": "Law Enforcement Scholarship Act of 1990",
            "type": "HR",
            "url": "https://api.congress.gov/v3/bill/101/hr/4184?format=json"
        },
        {
            "congress": 101,
            "introducedDate": "1989-11-20",
            "latestAction": {
                "actionDate": "1990-09-06",
                "text": "Subcommittee Hearings Held."
            },
            "number": "3757",
            "policyArea": {
                "name": "Crime and Law Enforcement"
            },
            "title": "Gun-Free School Zones Act of 1990",
            "type": "HR",
            "url": "https://api.congress.gov/v3/bill/101/hr/3757?format=json"
        },
        {
            "congress": 101,
            "introducedDate": "1989-07-25",
            "latestAction": {
                "actionDate": "1989-08-07",
                "text": "Referred to the Subcommittee on Arms Control, International Security and Science."
            },
            "number": "3005",
            "policyArea": {
                "name": "International Affairs"
            },
            "title": "To prohibit negotiations with any representative of the Palestine Liberation Organization who has directly participated in an act of terrorism against a United States citizen.",
            "type": "HR",
            "url": "https://api.congress.gov/v3/bill/101/hr/3005?format=json"
        },
        {
            "congress": 101,
            "introducedDate": "1989-01-04",
            "latestAction": {
                "actionDate": "1990-09-10",
                "text": "Placed on the Union Calendar, Calendar No. 431."
            },
            "number": "467",
            "policyArea": {
                "name": "Crime and Law Enforcement"
            },
            "title": "Brady Handgun Violence Prevention Act",
            "type": "HR",
            "url": "https://api.congress.gov/v3/bill/101/hr/467?format=json"
        },
        {
            "congress": 101,
            "introducedDate": "1989-03-23",
            "latestAction": {
                "actionDate": "1989-04-03",
                "text": "Referred to the Subcommittee on Western Hemisphere Affairs."
            },
            "number": "219",
            "policyArea": {
                "name": "International Affairs"
            },
            "title": "Disapproving the 1989 certification by the President with respect to the Bahamas under section 481(h) of the Foreign Assistance Act of 1961.",
            "type": "HJRES",
            "url": "https://api.congress.gov/v3/bill/101/hjres/219?format=json"
        },
        {
            "congress": 101,
            "introducedDate": "1989-03-23",
            "latestAction": {
                "actionDate": "1989-04-04",
                "text": "Referred to the Subcommittee on Trade."
            },
            "number": "218",
            "policyArea": {
                "name": "Foreign Trade and International Finance"
            },
            "title": "Disapproving the 1989 certification by the President with respect to the Bahamas under section 802(b) of the Trade Act of 1974.",
            "type": "HJRES",
            "url": "https://api.congress.gov/v3/bill/101/hjres/218?format=json"
        },
        {
            "congress": 101,
            "introducedDate": "1989-04-13",
            "latestAction": {
                "actionDate": "1989-09-19",
                "actionTime": "15:33:10",
                "text": "Motion to reconsider laid on the table Agreed to without objection."
            },
            "number": "128",
            "policyArea": {
                "name": "International Affairs"
            },
            "title": "Expressing the sense of the House regarding the situation in Lebanon.",
            "type": "HRES",
            "url": "https://api.congress.gov/v3/bill/101/hres/128?format=json"
        },
        {
            "congress": 101,
            "introducedDate": "1989-10-03",
            "latestAction": {
                "actionDate": "1989-10-18",
                "text": "Referred to the Subcommittee on Asian and Pacific Affairs."
            },
            "number": "206",
            "policyArea": {
                "name": "International Affairs"
            },
            "title": "Regarding the protection and promotion of democracy and basic human rights in the Republic of Korea.",
            "type": "HCONRES",
            "url": "https://api.congress.gov/v3/bill/101/hconres/206?format=json"
        },
        {
            "congress": 101,
            "introducedDate": "1989-09-21",
            "latestAction": {
                "actionDate": "1989-09-29",
                "text": "Referred to the Subcommittee on Europe and the Middle East."
            },
            "number": "199",
            "policyArea": {
                "name": "International Affairs"
            },
            "title": "Congratulating Malta on the 25th anniversary of its independence.",
            "type": "HCONRES",
            "url": "https://api.congress.gov/v3/bill/101/hconres/199?format=json"
        },
        {
            "congress": 101,
            "introducedDate": "1989-05-04",
            "latestAction": {
                "actionDate": "1989-05-22",
                "text": "Executive Comment Requested from State."
            },
            "number": "108",
            "policyArea": {
                "name": "International Affairs"
            },
            "title": "Expressing the sense of the Congress that the Vatican should recognize the State of Israel and should establish diplomatic relations with that country.",
            "type": "HCONRES",
            "url": "https://api.congress.gov/v3/bill/101/hconres/108?format=json"
        },
        {
            "amendmentNumber": "184",
            "congress": 102,
            "introducedDate": "1991-06-19",
            "latestAction": {
                "actionDate": "1991-06-19",
                "actionTime": "18:03:46",
                "text": "On agreeing to the Feighan amendment (A040) Agreed to by recorded vote: 271 - 144 (Roll no. 178). "
            },
            "type": null,
            "url": "https://api.congress.gov/v3/amendment/102/hamdt/184?format=json"
        },
        {
            "congress": 102,
            "introducedDate": "1992-02-26",
            "latestAction": {
                "actionDate": "1992-05-12",
                "text": "Referred to the Subcommittee on Crime and Criminal Justice."
            },
            "number": "4329",
            "policyArea": {
                "name": "Crime and Law Enforcement"
            },
            "title": "Felon Gun Prohibition Act",
            "type": "HR",
            "url": "https://api.congress.gov/v3/bill/102/hr/4329?format=json"
        },
        {
            "congress": 102,
            "introducedDate": "1991-07-25",
            "latestAction": {
                "actionDate": "1991-07-31",
                "text": "Referred to the Subcommittee on Crime and Criminal Justice."
            },
            "number": "3043",
            "policyArea": {
                "name": "Crime and Law Enforcement"
            },
            "title": "Gun Violence Act of 1991",
            "type": "HR",
            "url": "https://api.congress.gov/v3/bill/102/hr/3043?format=json"
        },
        {
            "congress": 102,
            "introducedDate": "1991-05-02",
            "latestAction": {
                "actionDate": "1992-10-06",
                "text": "Placed on the Union Calendar, Calendar No. 577."
            },
            "number": "2222",
            "policyArea": {
                "name": "Crime and Law Enforcement"
            },
            "title": "Antiterrorism Act of 1992",
            "type": "HR",
            "url": "https://api.congress.gov/v3/bill/102/hr/2222?format=json"
        },
        {
            "congress": 102,
            "introducedDate": "1991-03-22",
            "latestAction": {
                "actionDate": "1991-04-18",
                "text": "Subcommittee Consideration and Mark-up Session Held."
            },
            "number": "1608",
            "policyArea": {
                "name": "International Affairs"
            },
            "title": "Microenterprise Development Act of 1991",
            "type": "HR",
            "url": "https://api.congress.gov/v3/bill/102/hr/1608?format=json"
        },
        {
            "congress": 102,
            "introducedDate": "1991-01-03",
            "latestAction": {
                "actionDate": "1991-06-07",
                "text": "Referred to the Subcommittee on Crime and Criminal Justice."
            },
            "number": "322",
            "policyArea": {
                "name": "Crime and Law Enforcement"
            },
            "title": "Police Protection Act of 1991",
            "type": "HR",
            "url": "https://api.congress.gov/v3/bill/102/hr/322?format=json"
        },
        {
            "congress": 102,
            "introducedDate": "1991-01-03",
            "latestAction": {
                "actionDate": "1991-06-07",
                "text": "Referred to the Subcommittee on Crime and Criminal Justice."
            },
            "number": "323",
            "policyArea": {
                "name": "Crime and Law Enforcement"
            },
            "title": "Law Enforcement Scholarship Act of 1991",
            "type": "HR",
            "url": "https://api.congress.gov/v3/bill/102/hr/323?format=json"
        },
        {
            "congress": 102,
            "introducedDate": "1991-01-03",
            "latestAction": {
                "actionDate": "1991-06-03",
                "text": "Read the second time. Placed on Senate Legislative Calendar under General Orders. Calendar No. 101."
            },
            "number": "7",
            "policyArea": {
                "name": "Crime and Law Enforcement"
            },
            "title": "Brady Handgun Violence Prevention Act",
            "type": "HR",
            "url": "https://api.congress.gov/v3/bill/102/hr/7?format=json"
        },
        {
            "congress": 102,
            "introducedDate": "1991-10-03",
            "latestAction": {
                "actionDate": "1991-10-11",
                "text": "Referred to the Subcommittee on Europe and the Middle East."
            },
            "number": "237",
            "policyArea": {
                "name": "International Affairs"
            },
            "title": "Regarding the crisis in Yugoslavia.",
            "type": "HRES",
            "url": "https://api.congress.gov/v3/bill/102/hres/237?format=json"
        },
        {
            "congress": 102,
            "introducedDate": "1991-10-24",
            "latestAction": {
                "actionDate": "1991-11-05",
                "text": "Referred to the Subcommittee on Europe and the Middle East."
            },
            "number": "260",
            "policyArea": {
                "name": "International Affairs"
            },
            "title": "Expressing the sense of the House of Representatives that the United States should pursue discussions at the upcoming Middle East peace conference regarding the Syrian connection to terrorism.",
            "type": "HRES",
            "url": "https://api.congress.gov/v3/bill/102/hres/260?format=json"
        },
        {
            "congress": 102,
            "introducedDate": "1992-03-24",
            "latestAction": {
                "actionDate": "1992-04-06",
                "text": "Referred to the Subcommittee on Europe and the Middle East."
            },
            "number": "298",
            "policyArea": {
                "name": "International Affairs"
            },
            "title": "Expressing the sense of the Congress that the Vatican should recognize the State of Israel and should establish diplomatic relations with that country.",
            "type": "HCONRES",
            "url": "https://api.congress.gov/v3/bill/102/hconres/298?format=json"
        },
        {
            "congress": 102,
            "introducedDate": "1992-02-27",
            "latestAction": {
                "actionDate": "1992-03-11",
                "text": "Referred to the Subcommittee on Human Rights and International Organizations."
            },
            "number": "284",
            "policyArea": {
                "name": "International Affairs"
            },
            "title": "Expressing the sense of the Congress that the President should pursue a multilateral initiative designed to bring to justice those responsible for the bombing of Pan Am Flight 103 over Lockerbie, Scotland, on December 21, 1988.",
            "type": "HCONRES",
            "url": "https://api.congress.gov/v3/bill/102/hconres/284?format=json"
        },
        {
            "congress": 102,
            "introducedDate": "1991-01-18",
            "latestAction": {
                "actionDate": "1991-01-24",
                "text": "Referred to the Committee on Foreign Relations."
            },
            "number": "41",
            "policyArea": {
                "name": "International Affairs"
            },
            "title": "Condemning the Iraqi attack against Israel.",
            "type": "HCONRES",
            "url": "https://api.congress.gov/v3/bill/102/hconres/41?format=json"
        }
    ]
}