{
    "pagination": {
        "count": 89
    },
    "request": {
        "bioguideId": "a000357",
        "contentType": "application/json",
        "format": "json"
    },
    "sponsoredLegislation": [
        {
            "congress": 109,
            "introducedDate": "2006-07-28",
            "latestAction": {
                "actionDate": "2006-08-01",
                "text": "Referred to the Subcommittee on Health."
            },
            "number": "5975",
            "policyArea": {
                "name": "Health"
            },
            "title": "Prescription Drug Comparative Effectiveness Act of 2006",
            "type": "HR",
            "url": "https://api.congress.gov/v3/bill/109/hr/5975?format=json"
        },
        {
            "congress": 109,
            "introducedDate": "2006-05-04",
            "latestAction": {
                "actionDate": "2006-06-07",
                "text": "Sponsor introductory remarks on measure. (CR H3487-3488)"
            },
            "number": "5288",
            "policyArea": {
                "name": "Health"
            },
            "title": "Small Business Health Plans Act of 2006",
            "type": "HR",
            "url": "https://api.congress.gov/v3/bill/109/hr/5288?format=json"
        },
        {
            "congress": 109,
            "introducedDate": "2006-03-30",
            "latestAction": {
                "actionDate": "2006-06-07",
                "text": "Sponsor introductory remarks on measure. (CR H3487-3488)"
            },
            "number": "5058",
            "policyArea": {
                "name": "Commerce"
            },
            "title": "Small Business Investment and Promotion Act of 2006",
            "type": "HR",
            "url": "https://api.congress.gov/v3/bill/109/hr/5058?format=json"
        },
        {
            "congress": 109,
            "introducedDate": "2006-03-08",
            "latestAction": {
                "actionDate": "2006-03-08",
                "text": "Referred to the House Committee on House Administration."
            },
            "number": "4900",
            "policyArea": {
                "name": "Government Operations and Politics"
            },
            "title": "Internet Free Speech Protection Act of 2006",
            "type": "HR",
            "url": "https://api.congress.gov/v3/bill/109/hr/4900?format=json"
        },
        {
            "congress": 109,
            "introducedDate": "2006-01-31",
            "latestAction": {
                "actionDate": "2006-02-17",
                "text": "Referred to the Subcommittee on Health."
            },
            "number": "4660",
            "policyArea": {
                "name": "Health"
            },
            "title": "Requiring Emergency Pharmaceutical Access for Individual Relief (REPAIR) Act of 2006",
            "type": "HR",
            "url": "https://api.congress.gov/v3/bill/109/hr/4660?format=json"
        },
        {
            "congress": 109,
            "introducedDate": "2005-11-18",
            "latestAction": {
                "actionDate": "2005-11-18",
                "text": "Referred to the House Committee on Ways and Means."
            },
            "number": "4392",
            "policyArea": {
                "name": "Foreign Trade and International Finance"
            },
            "title": "To provide for the importation of pharmaceutical products under a compulsory license as provided for under the World Trade Organization.",
            "type": "HR",
            "url": "https://api.congress.gov/v3/bill/109/hr/4392?format=json"
        },
        {
            "congress": 109,
            "introducedDate": "2005-09-29",
            "latestAction": {
                "actionDate": "2005-09-29",
                "text": "Referred to the House Committee on Ways and Means."
            },
            "number": "3944",
            "policyArea": {
                "name": "Taxation"
            },
            "title": "Small Business Fuel Cost Relief Act of 2005",
            "type": "HR",
            "url": "https://api.congress.gov/v3/bill/109/hr/3944?format=json"
        },
        {
            "congress": 109,
            "introducedDate": "2005-07-14",
            "latestAction": {
                "actionDate": "2005-07-21",
                "text": "Executive Comment Requested from Commerce."
            },
            "number": "3278",
            "policyArea": {
                "name": "Public Lands and Natural Resources"
            },
            "title": "Fishing Quota Standards Act of 2005",
            "type": "HR",
            "url": "https://api.congress.gov/v3/bill/109/hr/3278?format=json"
        },
        {
            "congress": 109,
            "introducedDate": "2005-06-30",
            "latestAction": {
                "actionDate": "2005-06-30",
                "text": "Referred to the Committee on International Relations, and in addition to the Committee on Armed Services, for a period to be subsequently determined by the Speaker, in each case for consideration of such provisions as fall within the jurisdiction of the committee concerned."
            },
            "number": "3142",
            "policyArea": {
                "name": "International Affairs"
            },
            "title": "Iraq Sovereignty Promotion Act of 2005",
            "type": "HR",
            "url": "https://api.congress.gov/v3/bill/109/hr/3142?format=json"
        },
        {
            "congress": 109,
            "introducedDate": "2005-03-08",
            "latestAction": {
                "actionDate": "2005-03-15",
                "text": "Referred to the Subcommittee on Health."
            },
            "number": "1144",
            "policyArea": {
                "name": "Health"
            },
            "title": "Medicare Dual Eligible Prescription Drug Coverage Act of 2005",
            "type": "HR",
            "url": "https://api.congress.gov/v3/bill/109/hr/1144?format=json"
        },
        {
            "congress": 109,
            "introducedDate": "2005-11-18",
            "latestAction": {
                "actionDate": "2005-11-18",
                "text": "Referred to the House Committee on International Relations."
            },
            "number": "573",
            "policyArea": {
                "name": "International Affairs"
            },
            "title": "Congratulating Mohamed ElBaradei and the United Nations International Atomic Energy Agency on winning the Nobel Peace Prize.",
            "type": "HRES",
            "url": "https://api.congress.gov/v3/bill/109/hres/573?format=json"
        },
        {
            "congress": 110,
            "introducedDate": "2008-07-24",
            "latestAction": {
                "actionDate": "2008-07-24",
                "text": "Referred to the Subcommittee on Energy and Air Quality."
            },
            "number": "6605",
            "policyArea": {
                "name": "Taxation"
            },
            "title": "Home Heating Fuels Cost Relief Act of 2008",
            "type": "HR",
            "url": "https://api.congress.gov/v3/bill/110/hr/6605?format=json"
        },
        {
            "congress": 110,
            "introducedDate": "2008-04-16",
            "latestAction": {
                "actionDate": "2008-04-21",
                "text": "Referred to the Subcommittee on National Parks, Forests and Public Lands."
            },
            "number": "5820",
            "policyArea": {
                "name": "Public Lands and Natural Resources"
            },
            "title": "Traditional Use Protection Act of 2008",
            "type": "HR",
            "url": "https://api.congress.gov/v3/bill/110/hr/5820?format=json"
        },
        {
            "congress": 110,
            "introducedDate": "2008-04-02",
            "latestAction": {
                "actionDate": "2008-11-19",
                "text": "Referred to the Subcommittee on Specialty Crops, Rural Development, and Foreign Agriculture."
            },
            "number": "5682",
            "policyArea": {
                "name": "Science, Technology, Communications"
            },
            "title": "Rural America Communication Expansion for the Future Act of 2008",
            "type": "HR",
            "url": "https://api.congress.gov/v3/bill/110/hr/5682?format=json"
        },
        {
            "congress": 110,
            "introducedDate": "2008-03-14",
            "latestAction": {
                "actionDate": "2008-03-14",
                "text": "Referred to the House Committee on Ways and Means."
            },
            "number": "5643",
            "policyArea": {
                "name": "Taxation"
            },
            "title": "First-Time Homebuyers' Tax Credit Act of 2008",
            "type": "HR",
            "url": "https://api.congress.gov/v3/bill/110/hr/5643?format=json"
        },
        {
            "congress": 110,
            "introducedDate": "2008-03-06",
            "latestAction": {
                "actionDate": "2008-03-06",
                "text": "Referred to the Subcommittee on Energy and Air Quality."
            },
            "number": "5547",
            "policyArea": {
                "name": "Energy"
            },
            "title": "Consumer Protection and Cost Accountability Act",
            "type": "HR",
            "url": "https://api.congress.gov/v3/bill/110/hr/5547?format=json"
        },
        {
            "congress": 110,
            "introducedDate": "2008-03-06",
            "latestAction": {
                "actionDate": "2008-03-06",
                "text": "Referred to the Committee on Ways and Means, and in addition to the Committee on Education and Labor, for a period to be subsequently determined by the Speaker, in each case for consideration of such provisions as fall within the jurisdiction of the committee concerned."
            },
            "number": "5543",
            "policyArea": {
                "name": "Labor and Employment"
            },
            "title": "Women's Retirement Security Act of 2008",
            "type": "HR",
            "url": "https://api.congress.gov/v3/bill/110/hr/5543?format=json"
        },
        {
            "congress": 110,
            "introducedDate": "2008-03-05",
            "latestAction": {
                "actionDate": "2008-03-06",
                "text": "Referred to the Subcommittee on Coast Guard and Maritime Transportation."
            },
            "number": "5536",
            "policyArea": {
                "name": "Animals"
            },
            "title": "To require the Secretary of Commerce to prescribe regulations to reduce the incidence of vessels colliding with North Atlantic right whales by limiting the speed of vessels, and for other purposes.",
            "type": "HR",
            "url": "https://api.congress.gov/v3/bill/110/hr/5536?format=json"
        },
        {
            "congress": 110,
            "introducedDate": "2008-02-14",
            "latestAction": {
                "actionDate": "2008-06-12",
                "text": "Subcommittee Hearings Held."
            },
            "number": "5448",
            "policyArea": {
                "name": "Armed Forces and National Security"
            },
            "title": "Full Faith in Veterans Act of 2008",
            "type": "HR",
            "url": "https://api.congress.gov/v3/bill/110/hr/5448?format=json"
        },
        {
            "congress": 110,
            "introducedDate": "2007-12-06",
            "latestAction": {
                "actionDate": "2008-02-05",
                "text": "Referred to the Subcommittee on Early Childhood, Elementary, and Secondary Education."
            },
            "number": "4305",
            "policyArea": {
                "name": "Education"
            },
            "title": "Improving Student Testing Act of 2007",
            "type": "HR",
            "url": "https://api.congress.gov/v3/bill/110/hr/4305?format=json"
        },
        {
            "congress": 110,
            "introducedDate": "2007-11-15",
            "latestAction": {
                "actionDate": "2007-11-15",
                "text": "Referred to the Subcommittee on Health."
            },
            "number": "4205",
            "policyArea": {
                "name": "Health"
            },
            "title": "National Health Services Corps and Loan Repayment Programs Renewal Act of 2007",
            "type": "HR",
            "url": "https://api.congress.gov/v3/bill/110/hr/4205?format=json"
        },
        {
            "congress": 110,
            "introducedDate": "2007-11-14",
            "latestAction": {
                "actionDate": "2008-07-10",
                "text": "Received in the Senate. Read twice. Placed on Senate Legislative Calendar under General Orders. Calendar No. 873."
            },
            "number": "4174",
            "policyArea": {
                "name": "Public Lands and Natural Resources"
            },
            "title": "Federal Ocean Acidification Research And Monitoring Act of 2008",
            "type": "HR",
            "url": "https://api.congress.gov/v3/bill/110/hr/4174?format=json"
        },
        {
            "congress": 110,
            "introducedDate": "2007-10-18",
            "latestAction": {
                "actionDate": "2007-10-22",
                "text": "Referred to the Subcommittee on Telecommunications and the Internet."
            },
            "number": "3893",
            "policyArea": {
                "name": "Science, Technology, Communications"
            },
            "title": "Connect America Now Act",
            "type": "HR",
            "url": "https://api.congress.gov/v3/bill/110/hr/3893?format=json"
        },
        {
            "congress": 110,
            "introducedDate": "2007-07-30",
            "latestAction": {
                "actionDate": "2008-02-28",
                "text": "Subcommittee Hearings Held."
            },
            "number": "3223",
            "policyArea": {
                "name": "Public Lands and Natural Resources"
            },
            "title": "Keep Our Waterfronts Working Act of 2007",
            "type": "HR",
            "url": "https://api.congress.gov/v3/bill/110/hr/3223?format=json"
        },
        {
            "congress": 110,
            "introducedDate": "2007-06-28",
            "latestAction": {
                "actionDate": "2007-06-28",
                "text": "Referred to the House Committee on Ways and Means."
            },
            "number": "2901",
            "policyArea": {
                "name": "Taxation"
            },
            "title": "Lifelong Learning Accounts Act of 2007",
            "type": "HR",
            "url": "https://api.congress.gov/v3/bill/110/hr/2901?format=json"
        },
        {
            "congress": 110,
            "introducedDate": "2007-06-28",
            "latestAction": {
                "actionDate": "2007-06-28",
                "text": "Referred to the House Committee on Ways and Means."
            },
            "number": "2902",
            "policyArea": {
                "name": "Taxation"
            },
            "title": "Middle Class Opportunity Act of 2007",
            "type": "HR",
            "url": "https://api.congress.gov/v3/bill/110/hr/2902?format=json"
        },
        {
            "congress": 110,
            "introducedDate": "2007-05-16",
            "latestAction": {
                "actionDate": "2008-04-01",
                "text": "Received in the Senate and Read twice and referred to the Committee on Commerce, Science, and Transportation."
            },
            "number": "2342",
            "policyArea": {
                "name": "Public Lands and Natural Resources"
            },
            "title": "National Integrated Coastal and Ocean Observation Act of 2007",
            "type": "HR",
            "url": "https://api.congress.gov/v3/bill/110/hr/2342?format=json"
        },
        {
            "congress": 110,
            "introducedDate": "2007-05-09",
            "latestAction": {
                "actionDate": "2007-05-15",
                "text": "Referred to the Subcommittee on Health."
            },
            "number": "2231",
            "policyArea": {
                "name": "Health"
            },
            "title": "Medicare Access to Complex Rehabilitation and Assistive Technology Act of 2007",
            "type": "HR",
            "url": "https://api.congress.gov/v3/bill/110/hr/2231?format=json"
        },
        {
            "congress": 110,
            "introducedDate": "2007-05-07",
            "latestAction": {
                "actionDate": "2007-05-15",
                "text": "Referred to the Subcommittee on Health."
            },
            "number": "2184",
            "policyArea": {
                "name": "Health"
            },
            "title": "Enhanced Health Care Value for All Act of 2007",
            "type": "HR",
            "url": "https://api.congress.gov/v3/bill/110/hr/2184?format=json"
        },
        {
            "congress": 110,
            "introducedDate": "2007-05-03",
            "latestAction": {
                "actionDate": "2007-05-08",
                "text": "Referred to the Subcommittee on Technology and Innovation."
            },
            "number": "2133",
            "policyArea": {
                "name": "Commerce"
            },
            "title": "Small Business Investment and Promotion Act of 2007",
            "type": "HR",
            "url": "https://api.congress.gov/v3/bill/110/hr/2133?format=json"
        },
        {
            "congress": 110,
            "introducedDate": "2007-05-03",
            "latestAction": {
                "actionDate": "2007-07-17",
                "text": "Referred to the Subcommittee on Health, Employment, Labor, and Pensions."
            },
            "number": "2132",
            "policyArea": {
                "name": "Health"
            },
            "title": "Small Business Health Plans Act of 2007",
            "type": "HR",
            "url": "https://api.congress.gov/v3/bill/110/hr/2132?format=json"
        },
        {
            "congress": 110,
            "introducedDate": "2007-04-26",
            "latestAction": {
                "actionDate": "2007-04-30",
                "text": "Referred to the Subcommittee on Health."
            },
            "number": "2050",
            "policyArea": {
                "name": "Health"
            },
            "title": "Medicaid Emergency Psychiatric Care Act of 2007",
            "type": "HR",
            "url": "https://api.congress.gov/v3/bill/110/hr/2050?format=json"
        },
        {
            "congress": 110,
            "introducedDate": "2007-03-15",
            "latestAction": {
                "actionDate": "2008-05-13",
                "text": "Committee on Environment and Public Works. Hearings held."
            },
            "number": "1534",
            "policyArea": {
                "name": "Environmental Protection"
            },
            "title": "Mercury Export Ban Act of 2007",
            "type": "HR",
            "url": "https://api.congress.gov/v3/bill/110/hr/1534?format=json"
        },
        {
            "congress": 110,
            "introducedDate": "2007-03-15",
            "latestAction": {
                "actionDate": "2007-03-16",
                "text": "Referred to the Subcommittee on Environment and Hazardous Materials."
            },
            "number": "1533",
            "policyArea": {
                "name": "Environmental Protection"
            },
            "title": "Comprehensive National Mercury Monitoring Program Establishment Act",
            "type": "HR",
            "url": "https://api.congress.gov/v3/bill/110/hr/1533?format=json"
        },
        {
            "congress": 110,
            "introducedDate": "2007-02-16",
            "latestAction": {
                "actionDate": "2007-03-23",
                "text": "Referred to the Subcommittee on Government Management, Organization, and Procurement."
            },
            "number": "1117",
            "policyArea": {
                "name": "Crime and Law Enforcement"
            },
            "title": "REAL ID Repeal and Identification Security Enhancement Act of 2007",
            "type": "HR",
            "url": "https://api.congress.gov/v3/bill/110/hr/1117?format=json"
        },
        {
            "congress": 110,
            "introducedDate": "2007-06-28",
            "latestAction": {
                "actionDate": "2007-07-06",
                "text": "Referred to the Subcommittee on Trade."
            },
            "number": "525",
            "policyArea": {
                "name": "Foreign Trade and International Finance"
            },
            "title": "Expressing the sense of the House of Representatives that the United States should reaffirm the commitments of the United States to the 2001 Doha Declaration on the TRIPS Agreement and Public Health and to pursuing trade policies that promote access to affordable medicines.",
            "type": "HRES",
            "url": "https://api.congress.gov/v3/bill/110/hres/525?format=json"
        },
        {
            "congress": 110,
            "introducedDate": "2008-04-29",
            "latestAction": {
                "actionDate": "2008-06-20",
                "text": "Message on Senate action sent to the House."
            },
            "number": "337",
            "policyArea": {
                "name": "Commemorations"
            },
            "title": "Honoring Seeds of Peace for its 15th anniversary as an organization promoting understanding, reconciliation, acceptance, coexistence, and peace in the Middle East, South Asia, and other regions of conflict.",
            "type": "HCONRES",
            "url": "https://api.congress.gov/v3/bill/110/hconres/337?format=json"
        },
        {
            "amendmentNumber": "724",
            "congress": 108,
            "introducedDate": "2004-09-08",
            "latestAction": {
                "actionDate": "2004-09-08",
                "actionTime": "15:00:50",
                "text": "By unanimous consent, the Allen amendment was withdrawn. "
            },
            "type": null,
            "url": "https://api.congress.gov/v3/amendment/108/hamdt/724?format=json"
        },
        {
            "amendmentNumber": "338",
            "congress": 108,
            "introducedDate": "2003-07-25",
            "latestAction": {
                "actionDate": "2003-07-25",
                "actionTime": "15:31:59",
                "text": "On agreeing to the Allen amendment (A013) Agreed to by voice vote. "
            },
            "type": null,
            "url": "https://api.congress.gov/v3/amendment/108/hamdt/338?format=json"
        },
        {
            "amendmentNumber": "219",
            "congress": 108,
            "introducedDate": "2003-07-10",
            "latestAction": {
                "actionDate": "2003-07-10",
                "actionTime": "17:53:48",
                "text": "On agreeing to the Allen amendment (A006) Failed by recorded vote: 199 - 223 (Roll no. 350). "
            },
            "type": null,
            "url": "https://api.congress.gov/v3/amendment/108/hamdt/219?format=json"
        },
        {
            "amendmentNumber": "118",
            "congress": 108,
            "introducedDate": "2003-05-08",
            "latestAction": {
                "actionDate": "2003-05-08",
                "actionTime": "13:34:17",
                "text": "On agreeing to the Allen amendment (A002) Agreed to by voice vote. "
            },
            "type": null,
            "url": "https://api.congress.gov/v3/amendment/108/hamdt/118?format=json"
        },
        {
            "amendmentNumber": "48",
            "congress": 108,
            "introducedDate": "2003-04-03",
            "latestAction": {
                "actionDate": "2003-04-03",
                "actionTime": "20:12:23",
                "text": "By unanimous consent, the Allen amendment was withdrawn. "
            },
            "type": null,
            "url": "https://api.congress.gov/v3/amendment/108/hamdt/48?format=json"
        },
        {
            "congress": 108,
            "introducedDate": "2004-07-22",
            "latestAction": {
                "actionDate": "2004-08-03",
                "text": "Referred to the Subcommittee on Health."
            },
            "number": "4919",
            "policyArea": {
                "name": "Health"
            },
            "title": "Medicare Drug Card Guaranteed Savings Act",
            "type": "HR",
            "url": "https://api.congress.gov/v3/bill/108/hr/4919?format=json"
        },
        {
            "congress": 108,
            "introducedDate": "2003-12-08",
            "latestAction": {
                "actionDate": "2003-12-17",
                "text": "Referred to the Subcommittee on Health."
            },
            "number": "3662",
            "policyArea": {
                "name": "Health"
            },
            "title": "State and Local Access to Fair Prescription Drug Prices Act",
            "type": "HR",
            "url": "https://api.congress.gov/v3/bill/108/hr/3662?format=json"
        },
        {
            "congress": 108,
            "introducedDate": "2003-10-20",
            "latestAction": {
                "actionDate": "2003-11-03",
                "text": "Referred to the Subcommittee on Education Reform."
            },
            "number": "3341",
            "policyArea": {
                "name": "Education"
            },
            "title": "Adequate Yearly Federal Funding Report Act",
            "type": "HR",
            "url": "https://api.congress.gov/v3/bill/108/hr/3341?format=json"
        },
        {
            "congress": 108,
            "introducedDate": "2003-06-26",
            "latestAction": {
                "actionDate": "2003-07-07",
                "text": "Executive Comment Requested from Commerce."
            },
            "number": "2621",
            "policyArea": {
                "name": "Public Lands and Natural Resources"
            },
            "title": "Fishing Quota Standards Act of 2003",
            "type": "HR",
            "url": "https://api.congress.gov/v3/bill/108/hr/2621?format=json"
        },
        {
            "congress": 108,
            "introducedDate": "2003-06-05",
            "latestAction": {
                "actionDate": "2003-06-11",
                "text": "Referred to the Subcommittee on Health."
            },
            "number": "2356",
            "policyArea": {
                "name": "Health"
            },
            "title": "Prescription Drug Comparative Effectiveness Act of 2003",
            "type": "HR",
            "url": "https://api.congress.gov/v3/bill/108/hr/2356?format=json"
        },
        {
            "congress": 108,
            "introducedDate": "2003-04-02",
            "latestAction": {
                "actionDate": "2003-04-02",
                "text": "Referred to the Committee on Appropriations, and in addition to the Committee on Ways and Means, for a period to be subsequently determined by the Speaker, in each case for consideration of such provisions as fall within the jurisdiction of the committee concerned."
            },
            "number": "1564",
            "policyArea": {
                "name": "Education"
            },
            "title": "Local Property Tax Relief Act of 2003",
            "type": "HR",
            "url": "https://api.congress.gov/v3/bill/108/hr/1564?format=json"
        },
        {
            "congress": 108,
            "introducedDate": "2003-03-20",
            "latestAction": {
                "actionDate": "2003-06-23",
                "text": "Sponsor introductory remarks on measure. (CR H5698-5699)"
            },
            "number": "1400",
            "policyArea": {
                "name": "Health"
            },
            "title": "Prescription Drug Fairness for Seniors Act of 2003",
            "type": "HR",
            "url": "https://api.congress.gov/v3/bill/108/hr/1400?format=json"
        },
        {
            "congress": 108,
            "introducedDate": "2003-02-27",
            "latestAction": {
                "actionDate": "2003-03-17",
                "text": "Referred to the Subcommittee on Health, for a period to be subsequently determined by the Chairman."
            },
            "number": "967",
            "policyArea": {
                "name": "Health"
            },
            "title": "Medicare Beneficiary Skilled Nursing Protection Act of 2003",
            "type": "HR",
            "url": "https://api.congress.gov/v3/bill/108/hr/967?format=json"
        },
        {
            "congress": 108,
            "introducedDate": "2003-01-08",
            "latestAction": {
                "actionDate": "2003-03-06",
                "text": "Referred to the Subcommittee on Immigration, Border Security, and Claims."
            },
            "number": "334",
            "policyArea": {
                "name": "Private Legislation"
            },
            "title": "For the relief of Nancy B. Wilson.",
            "type": "HR",
            "url": "https://api.congress.gov/v3/bill/108/hr/334?format=json"
        },
        {
            "congress": 108,
            "introducedDate": "2003-01-08",
            "latestAction": {
                "actionDate": "2003-01-21",
                "text": "Referred to the Subcommittee on Social Security."
            },
            "number": "249",
            "policyArea": {
                "name": "Social Welfare"
            },
            "title": "To amend title II of the Social Security Act to provide an exception to the nine-month duration of marriage requirement for widows and widowers in cases in which the marriage was postponed by legal impediments to the marriage caused by State restrictions on divorce from a prior spouse institutionalized due to mental incompetence or similar incapacity.",
            "type": "HR",
            "url": "https://api.congress.gov/v3/bill/108/hr/249?format=json"
        },
        {
            "congress": 108,
            "introducedDate": "2003-01-08",
            "latestAction": {
                "actionDate": "2003-02-03",
                "text": "Referred to the Subcommittee on Health."
            },
            "number": "248",
            "policyArea": {
                "name": "Health"
            },
            "title": "To amend the Public Health Service Act and the Homeland Security Act of 2002 to strike unrelated provisions concerning changes to the National Vaccine Injury Compensation Program and liability for vaccine manufacturers.",
            "type": "HR",
            "url": "https://api.congress.gov/v3/bill/108/hr/248?format=json"
        },
        {
            "congress": 108,
            "introducedDate": "2003-05-21",
            "latestAction": {
                "actionDate": "2003-06-02",
                "text": "Referred to the Subcommittee on Civil Service and Agency Organization."
            },
            "number": "246",
            "policyArea": {
                "name": "Commemorations"
            },
            "title": "Commemorating the 53rd anniversary of Senator Margaret Chase Smith's \"Declaration of Conscience\" speech in which she defended the American rights to free speech and dissent.",
            "type": "HRES",
            "url": "https://api.congress.gov/v3/bill/108/hres/246?format=json"
        },
        {
            "congress": 108,
            "introducedDate": "2003-09-24",
            "latestAction": {
                "actionDate": "2003-11-20",
                "text": "Received in the Senate and referred to the Committee on the Judiciary."
            },
            "number": "288",
            "policyArea": {
                "name": "International Affairs"
            },
            "title": "Honoring Seeds of Peace for its promotion of understanding, reconciliation, acceptance, coexistence, and peace among youth from the Middle East and other regions of conflict.",
            "type": "HCONRES",
            "url": "https://api.congress.gov/v3/bill/108/hconres/288?format=json"
        },
        {
            "amendmentNumber": "164",
            "congress": 107,
            "introducedDate": "2001-07-11",
            "latestAction": {
                "actionDate": "2001-07-11",
                "actionTime": "17:33:25",
                "text": "Mr. Bonilla raised a point of order against the Allen amendment (A032). Mr. Bonilla stated that the amendment sought to change existing law and constituted legislation in an appropriation bill. The Chair sustained the point of order. "
            },
            "type": null,
            "url": "https://api.congress.gov/v3/amendment/107/hamdt/164?format=json"
        },
        {
            "congress": 107,
            "introducedDate": "2002-09-19",
            "latestAction": {
                "actionDate": "2002-10-08",
                "text": "Referred to the Subcommittee on Health, for a period to be subsequently determined by the Chairman."
            },
            "number": "5411",
            "policyArea": {
                "name": "Health"
            },
            "title": "Medicare Beneficiary Skilled Nursing Protection Act of 2002",
            "type": "HR",
            "url": "https://api.congress.gov/v3/bill/107/hr/5411?format=json"
        },
        {
            "congress": 107,
            "introducedDate": "2002-05-23",
            "latestAction": {
                "actionDate": "2002-06-03",
                "text": "Referred to the Subcommittee on Health."
            },
            "number": "4832",
            "policyArea": {
                "name": "Health"
            },
            "title": "Prescription Drug Comparative Effectiveness Act of 2002",
            "type": "HR",
            "url": "https://api.congress.gov/v3/bill/107/hr/4832?format=json"
        },
        {
            "congress": 107,
            "introducedDate": "2002-05-23",
            "latestAction": {
                "actionDate": "2002-06-03",
                "text": "Referred to the Subcommittee on Health."
            },
            "number": "4833",
            "policyArea": {
                "name": "Commerce"
            },
            "title": "Accuracy in Pharmaceutical Advertisements Act",
            "type": "HR",
            "url": "https://api.congress.gov/v3/bill/107/hr/4833?format=json"
        },
        {
            "congress": 107,
            "introducedDate": "2002-03-20",
            "latestAction": {
                "actionDate": "2002-04-02",
                "text": "Referred to the Subcommittee on Health."
            },
            "number": "4021",
            "policyArea": {
                "name": "Health"
            },
            "title": "Small Business Health Insurance Relief Act of 2002",
            "type": "HR",
            "url": "https://api.congress.gov/v3/bill/107/hr/4021?format=json"
        },
        {
            "congress": 107,
            "introducedDate": "2001-08-02",
            "latestAction": {
                "actionDate": "2001-08-16",
                "text": "Referred to the Subcommittee on Energy and Air Quality."
            },
            "number": "2729",
            "policyArea": {
                "name": "Environmental Protection"
            },
            "title": "Omnibus Mercury Emissions Reduction Act of 2001",
            "type": "HR",
            "url": "https://api.congress.gov/v3/bill/107/hr/2729?format=json"
        },
        {
            "congress": 107,
            "introducedDate": "2001-07-26",
            "latestAction": {
                "actionDate": "2002-03-11",
                "text": "Referred to the Subcommittee on 21st Century Competitiveness."
            },
            "number": "2648",
            "policyArea": {
                "name": "Education"
            },
            "title": "Recruit and Reward Future Math and Science Teachers of  America Act of 2001",
            "type": "HR",
            "url": "https://api.congress.gov/v3/bill/107/hr/2648?format=json"
        },
        {
            "congress": 107,
            "introducedDate": "2001-07-17",
            "latestAction": {
                "actionDate": "2001-07-23",
                "text": "Executive Comment Requested from DOD."
            },
            "number": "2514",
            "policyArea": {
                "name": "International Affairs"
            },
            "title": "Missile Defense Burdensharing Act of 2001",
            "type": "HR",
            "url": "https://api.congress.gov/v3/bill/107/hr/2514?format=json"
        },
        {
            "congress": 107,
            "introducedDate": "2001-07-17",
            "latestAction": {
                "actionDate": "2001-07-31",
                "text": "Referred to the Subcommittee on Health."
            },
            "number": "2513",
            "policyArea": {
                "name": "Health"
            },
            "title": "State Prescription Drug Flexibility Act of 2001",
            "type": "HR",
            "url": "https://api.congress.gov/v3/bill/107/hr/2513?format=json"
        },
        {
            "congress": 107,
            "introducedDate": "2001-06-21",
            "latestAction": {
                "actionDate": "2001-08-29",
                "text": "Referred to the Subcommittee on Military Readiness."
            },
            "number": "2266",
            "policyArea": {
                "name": "Environmental Protection"
            },
            "title": "Mercury Storage and Safe Disposal Act of 2001",
            "type": "HR",
            "url": "https://api.congress.gov/v3/bill/107/hr/2266?format=json"
        },
        {
            "congress": 107,
            "introducedDate": "2001-05-25",
            "latestAction": {
                "actionDate": "2001-08-28",
                "text": "Received report from DOD that agreed with the purposes of the legislation."
            },
            "number": "2013",
            "policyArea": {
                "name": "Armed Forces and National Security"
            },
            "title": "Strategic Arms Flexibility Act of 2001",
            "type": "HR",
            "url": "https://api.congress.gov/v3/bill/107/hr/2013?format=json"
        },
        {
            "congress": 107,
            "introducedDate": "2001-04-04",
            "latestAction": {
                "actionDate": "2001-04-25",
                "text": "Referred to the Subcommittee on Health."
            },
            "number": "1400",
            "policyArea": {
                "name": "Health"
            },
            "title": "Prescription Drug Fairness for Seniors Act of 2001",
            "type": "HR",
            "url": "https://api.congress.gov/v3/bill/107/hr/1400?format=json"
        },
        {
            "congress": 107,
            "introducedDate": "2001-04-03",
            "latestAction": {
                "actionDate": "2001-06-20",
                "text": "Referred to the Subcommittee on 21st Century Competitiveness."
            },
            "number": "1335",
            "policyArea": {
                "name": "Environmental Protection"
            },
            "title": "Clean Power Plant Act of 2001",
            "type": "HR",
            "url": "https://api.congress.gov/v3/bill/107/hr/1335?format=json"
        },
        {
            "congress": 107,
            "introducedDate": "2001-01-31",
            "latestAction": {
                "actionDate": "2002-11-14",
                "actionTime": "13:04:10",
                "text": "By request of Mr. Coble the House passed over the measure without prejudice."
            },
            "number": "392",
            "policyArea": {
                "name": "Private Legislation"
            },
            "title": "For the relief of Nancy B. Wilson.",
            "type": "HR",
            "url": "https://api.congress.gov/v3/bill/107/hr/392?format=json"
        },
        {
            "congress": 107,
            "introducedDate": "2001-01-31",
            "latestAction": {
                "actionDate": "2001-02-09",
                "text": "Referred to the Subcommittee on Social Security."
            },
            "number": "319",
            "policyArea": {
                "name": "Social Welfare"
            },
            "title": "To amend title II of the Social Security Act to provide an exception to the nine-month duration of marriage requirement for widows and widowers in cases in which the marriage was postponed by legal impediments to the marriage caused by State restrictions on divorce from a prior spouse institutionalized due to mental incompetence or similar incapacity.",
            "type": "HR",
            "url": "https://api.congress.gov/v3/bill/107/hr/319?format=json"
        },
        {
            "amendmentNumber": "974",
            "congress": 106,
            "introducedDate": "2000-07-11",
            "latestAction": {
                "actionDate": "2000-07-11",
                "actionTime": "13:30:31",
                "text": "By unanimous consent, the Allen amendment was withdrawn. "
            },
            "type": null,
            "url": "https://api.congress.gov/v3/amendment/106/hamdt/974?format=json"
        },
        {
            "amendmentNumber": "910",
            "congress": 106,
            "introducedDate": "2000-06-26",
            "latestAction": {
                "actionDate": "2000-06-26",
                "actionTime": "21:54:18",
                "text": "By unanimous consent, the Allen amendment was withdrawn. "
            },
            "type": null,
            "url": "https://api.congress.gov/v3/amendment/106/hamdt/910?format=json"
        },
        {
            "congress": 106,
            "introducedDate": "2000-07-27",
            "latestAction": {
                "actionDate": "2000-07-27",
                "text": "Referred to the House Committee on Ways and Means."
            },
            "number": "5007",
            "policyArea": {
                "name": "Social Welfare"
            },
            "title": "To amend title II of the Social Security Act to provide an exception to the nine-month duration of marriage requirement for widows and widowers in cases in which the marriage was postponed by legal impediments to the marriage caused by State restrictions on divorce from a prior spouse institutionalized due to mental incompetence or similar incapacity.",
            "type": "HR",
            "url": "https://api.congress.gov/v3/bill/106/hr/5007?format=json"
        },
        {
            "congress": 106,
            "introducedDate": "2000-02-29",
            "latestAction": {
                "actionDate": "2000-02-29",
                "text": "Referred to the House Committee on Education and the Workforce."
            },
            "number": "3702",
            "policyArea": {
                "name": "Education"
            },
            "title": "Recruit and Reward Future Math and Science Teachers of America Act of 2000",
            "type": "HR",
            "url": "https://api.congress.gov/v3/bill/106/hr/3702?format=json"
        },
        {
            "congress": 106,
            "introducedDate": "1999-09-30",
            "latestAction": {
                "actionDate": "2000-10-04",
                "text": "Sponsor introductory remarks on measure. (CR H8776)"
            },
            "number": "2980",
            "policyArea": {
                "name": "Environmental Protection"
            },
            "title": "Clean Power Plant Act of 1999",
            "type": "HR",
            "url": "https://api.congress.gov/v3/bill/106/hr/2980?format=json"
        },
        {
            "congress": 106,
            "introducedDate": "1999-08-02",
            "latestAction": {
                "actionDate": "1999-09-10",
                "text": "Referred to the Subcommittee on Health and Environment."
            },
            "number": "2667",
            "policyArea": {
                "name": "Environmental Protection"
            },
            "title": "Omnibus Mercury Emissions Reduction Act of 1999",
            "type": "HR",
            "url": "https://api.congress.gov/v3/bill/106/hr/2667?format=json"
        },
        {
            "congress": 106,
            "introducedDate": "1999-02-11",
            "latestAction": {
                "actionDate": "2000-04-05",
                "text": "Received in the Senate and Read twice and referred to the Committee on Finance."
            },
            "number": "758",
            "policyArea": {
                "name": "Private Legislation"
            },
            "title": "For the relief of Nancy B. Wilson.",
            "type": "HR",
            "url": "https://api.congress.gov/v3/bill/106/hr/758?format=json"
        },
        {
            "congress": 106,
            "introducedDate": "1999-02-10",
            "latestAction": {
                "actionDate": "2000-07-17",
                "text": "Sponsor introductory remarks on measure. (CR H6099-6102)"
            },
            "number": "664",
            "policyArea": {
                "name": "Health"
            },
            "title": "Prescription Drug Fairness for Seniors Act of 1999",
            "type": "HR",
            "url": "https://api.congress.gov/v3/bill/106/hr/664?format=json"
        },
        {
            "amendmentNumber": "577",
            "congress": 105,
            "introducedDate": "1998-04-29",
            "latestAction": {
                "actionDate": "1998-04-29",
                "actionTime": "22:06:23",
                "text": "On agreeing to the Allen amendment (A011) as modified Agreed to by voice vote. "
            },
            "type": null,
            "url": "https://api.congress.gov/v3/amendment/105/hamdt/577?format=json"
        },
        {
            "congress": 105,
            "introducedDate": "1998-09-25",
            "latestAction": {
                "actionDate": "1998-10-11",
                "text": "Sponsor introductory remarks on measure. (CR E2061)"
            },
            "number": "4627",
            "policyArea": {
                "name": "Health"
            },
            "title": "Prescription Drug Fairness for Seniors Act of 1998",
            "type": "HR",
            "url": "https://api.congress.gov/v3/bill/105/hr/4627?format=json"
        },
        {
            "congress": 105,
            "introducedDate": "1998-06-25",
            "latestAction": {
                "actionDate": "1998-09-15",
                "text": "Executive Comment Requested from DOD."
            },
            "number": "4156",
            "policyArea": {
                "name": "Transportation and Public Works"
            },
            "title": "To limit the disposal of former naval vessels and Maritime Administration vessels for purpose of scrapping abroad and to require the Secretary of the Navy to carry out a ship scrapping pilot program.",
            "type": "HR",
            "url": "https://api.congress.gov/v3/bill/105/hr/4156?format=json"
        },
        {
            "congress": 105,
            "introducedDate": "1998-04-30",
            "latestAction": {
                "actionDate": "1998-05-15",
                "text": "Referred to the Subcommittee on Early Childhood, Youth and Families."
            },
            "number": "3768",
            "policyArea": {
                "name": "Families"
            },
            "title": "Education Childcare Partnership Act",
            "type": "HR",
            "url": "https://api.congress.gov/v3/bill/105/hr/3768?format=json"
        },
        {
            "congress": 105,
            "introducedDate": "1998-05-05",
            "latestAction": {
                "actionDate": "1998-05-26",
                "text": "Referred to the Subcommittee on Health and Environment."
            },
            "number": "3791",
            "policyArea": {
                "name": "Environmental Protection"
            },
            "title": "Omnibus Mercury Emissions Reduction Act of 1998",
            "type": "HR",
            "url": "https://api.congress.gov/v3/bill/105/hr/3791?format=json"
        },
        {
            "congress": 105,
            "introducedDate": "1998-04-28",
            "latestAction": {
                "actionDate": "1998-05-11",
                "text": "Referred to the Subcommittee on Water Resources and Environment."
            },
            "number": "3737",
            "policyArea": {
                "name": "Water Resources Development"
            },
            "title": "To amend the Water Resources Development Act of 1996 to deauthorize the remainder of the project at East Boothbay Harbor, Maine.",
            "type": "HR",
            "url": "https://api.congress.gov/v3/bill/105/hr/3737?format=json"
        },
        {
            "congress": 105,
            "introducedDate": "1998-03-05",
            "latestAction": {
                "actionDate": "1998-03-20",
                "text": "Referred to the Subcommittee on Postsecondary Education, Training and Life-Long Learning."
            },
            "number": "3338",
            "policyArea": {
                "name": "Education"
            },
            "title": "Recruit and Reward Future Math and Science Teachers of America Act of 1998",
            "type": "HR",
            "url": "https://api.congress.gov/v3/bill/105/hr/3338?format=json"
        },
        {
            "congress": 105,
            "introducedDate": "1997-11-09",
            "latestAction": {
                "actionDate": "1997-12-09",
                "text": "Referred to the Subcommittee on Finance and Hazardous Materials."
            },
            "number": "2980",
            "policyArea": {
                "name": "Environmental Protection"
            },
            "title": "National Beverage Container Recycling Initiative Act",
            "type": "HR",
            "url": "https://api.congress.gov/v3/bill/105/hr/2980?format=json"
        },
        {
            "congress": 105,
            "introducedDate": "1997-11-09",
            "latestAction": {
                "actionDate": "1997-12-10",
                "text": "Referred to the Subcommittee on Postsecondary Education, Training and Life-Long Learning."
            },
            "number": "2981",
            "policyArea": {
                "name": "Education"
            },
            "title": "Student Loan Protection Act",
            "type": "HR",
            "url": "https://api.congress.gov/v3/bill/105/hr/2981?format=json"
        },
        {
            "congress": 105,
            "introducedDate": "1997-04-10",
            "latestAction": {
                "actionDate": "1998-09-29",
                "text": "Referred to Subcommittee on Oversight and Courts."
            },
            "number": "1313",
            "policyArea": {
                "name": "Private Legislation"
            },
            "title": "For the relief of Nancy B. Wilson.",
            "type": "HR",
            "url": "https://api.congress.gov/v3/bill/105/hr/1313?format=json"
        },
        {
            "congress": 105,
            "introducedDate": "1997-09-05",
            "latestAction": {
                "actionDate": "1997-09-08",
                "text": "Referred to the Subcommittee on Postal Service."
            },
            "number": "147",
            "policyArea": {
                "name": "Commemorations"
            },
            "title": "Expressing the sense of Congress that a postage stamp should be issued commemorating Joshua Lawrence Chamberlain.",
            "type": "HCONRES",
            "url": "https://api.congress.gov/v3/bill/105/hconres/147?format=json"
        }
    ]
}