{
    "pagination": {
        "count": 150
    },
    "request": {
        "bioguideId": "v000108",
        "contentType": "application/json",
        "format": "json"
    },
    "sponsoredLegislation": [
        {
            "amendmentNumber": "868",
            "congress": 116,
            "introducedDate": "2020-07-30",
            "latestAction": {
                "actionDate": "2020-07-30",
                "actionTime": "14:25:18",
                "text": "On agreeing to the Visclosky amendments (A010) Agreed to by voice vote. "
            },
            "type": null,
            "url": "https://api.congress.gov/v3/amendment/116/hamdt/868?format=json"
        },
        {
            "amendmentNumber": "867",
            "congress": 116,
            "introducedDate": "2020-07-30",
            "latestAction": {
                "actionDate": "2020-07-30",
                "actionTime": "14:08:36",
                "text": "On agreeing to the Visclosky amendments (A009) Agreed to by voice vote. "
            },
            "type": null,
            "url": "https://api.congress.gov/v3/amendment/116/hamdt/867?format=json"
        },
        {
            "congress": 116,
            "introducedDate": "2020-07-16",
            "latestAction": {
                "actionDate": "2020-08-12",
                "text": "Received in the Senate and Read twice and referred to the Committee on Appropriations."
            },
            "number": "7617",
            "policyArea": {
                "name": "Armed Forces and National Security"
            },
            "title": "Defense, Commerce, Justice, Science, Energy and Water Development, Financial Services and General Government, Labor, Health and Human Services, Education, Transportation, Housing, and Urban Development Appropriations Act, 2021",
            "type": "HR",
            "url": "https://api.congress.gov/v3/bill/116/hr/7617?format=json"
        },
        {
            "congress": 116,
            "introducedDate": "2019-10-04",
            "latestAction": {
                "actionDate": "2019-10-25",
                "text": "Referred to the Subcommittee on Europe, Eurasia, Energy and the Environment."
            },
            "number": "618",
            "policyArea": {
                "name": "International Affairs"
            },
            "title": "Congratulating the peoples of the Czech Republic and the Slovak Republic on the 30th anniversary of the Velvet Revolution, on the 26th anniversary of their countries' independence, and on the 101st anniversary of Czechoslovakia's declaration of independence.",
            "type": "HRES",
            "url": "https://api.congress.gov/v3/bill/116/hres/618?format=json"
        },
        {
            "congress": 116,
            "introducedDate": "2019-07-23",
            "latestAction": {
                "actionDate": "2019-07-23",
                "text": "Referred to the House Committee on Education and Labor."
            },
            "number": "3926",
            "policyArea": {
                "name": "Education"
            },
            "title": "Consider Teachers Act",
            "type": "HR",
            "url": "https://api.congress.gov/v3/bill/116/hr/3926?format=json"
        },
        {
            "amendmentNumber": "358",
            "congress": 116,
            "introducedDate": "2019-06-18",
            "latestAction": {
                "actionDate": "2019-06-18",
                "actionTime": "22:27:10",
                "text": "On agreeing to the Visclosky amendments (A093) Agreed to by recorded vote: 381 - 46 (Roll no. 341). "
            },
            "type": null,
            "url": "https://api.congress.gov/v3/amendment/116/hamdt/358?format=json"
        },
        {
            "amendmentNumber": "368",
            "congress": 116,
            "introducedDate": "2019-06-18",
            "latestAction": {
                "actionDate": "2019-06-18",
                "actionTime": "22:51:48",
                "text": "On agreeing to the Visclosky amendment (A103) Agreed to by recorded vote: 254 - 174 (Roll no. 348). "
            },
            "type": null,
            "url": "https://api.congress.gov/v3/amendment/116/hamdt/368?format=json"
        },
        {
            "amendmentNumber": "367",
            "congress": 116,
            "introducedDate": "2019-06-18",
            "latestAction": {
                "actionDate": "2019-06-18",
                "actionTime": "22:48:42",
                "text": "On agreeing to the Visclosky amendment (A102) Agreed to by recorded vote: 389 - 39 (Roll no. 347). "
            },
            "type": null,
            "url": "https://api.congress.gov/v3/amendment/116/hamdt/367?format=json"
        },
        {
            "congress": 116,
            "introducedDate": "2019-05-23",
            "latestAction": {
                "actionDate": "2019-05-23",
                "text": "Placed on the Union Calendar, Calendar No. 59."
            },
            "number": "2968",
            "policyArea": {
                "name": "Armed Forces and National Security"
            },
            "title": "Making appropriations for the Department of Defense for the fiscal year ending September 30, 2020, and for other purposes.",
            "type": "HR",
            "url": "https://api.congress.gov/v3/bill/116/hr/2968?format=json"
        },
        {
            "congress": 113,
            "introducedDate": "2013-05-08",
            "latestAction": {
                "actionDate": "2013-05-08",
                "text": "Referred to the House Committee on Oversight and Government Reform."
            },
            "number": "1899",
            "policyArea": {
                "name": "Government Operations and Politics"
            },
            "title": "Fighting for American Jobs Act of 2013",
            "type": "HR",
            "url": "https://api.congress.gov/v3/bill/113/hr/1899?format=json"
        },
        {
            "congress": 113,
            "introducedDate": "2013-04-26",
            "latestAction": {
                "actionDate": "2013-05-06",
                "text": "Referred to the Subcommittee on Oversight and Management Efficiency."
            },
            "number": "1817",
            "policyArea": {
                "name": "Government Operations and Politics"
            },
            "title": "American Steel First Act of 2013",
            "type": "HR",
            "url": "https://api.congress.gov/v3/bill/113/hr/1817?format=json"
        },
        {
            "congress": 112,
            "introducedDate": "2011-07-06",
            "latestAction": {
                "actionDate": "2011-07-07",
                "text": "Referred to the Subcommittee on Water Resources and Environment."
            },
            "number": "2432",
            "policyArea": {
                "name": "Water Resources Development"
            },
            "title": "To provide for a feasibility study before carrying out any Federal action relating to the Chicago Area Water System.",
            "type": "HR",
            "url": "https://api.congress.gov/v3/bill/112/hr/2432?format=json"
        },
        {
            "congress": 112,
            "introducedDate": "2011-05-03",
            "latestAction": {
                "actionDate": "2011-05-10",
                "text": "Referred to the Subcommittee on Oversight, Investigations, and Management."
            },
            "number": "1703",
            "policyArea": {
                "name": "Government Operations and Politics"
            },
            "title": "American Steel First Act of 2011",
            "type": "HR",
            "url": "https://api.congress.gov/v3/bill/112/hr/1703?format=json"
        },
        {
            "congress": 112,
            "introducedDate": "2011-04-05",
            "latestAction": {
                "actionDate": "2011-04-08",
                "text": "Referred to the Subcommittee on Government Organization, Efficiency, and Financial Management     ."
            },
            "number": "1378",
            "policyArea": {
                "name": "Government Operations and Politics"
            },
            "title": "Fighting for American Jobs Act of 2011",
            "type": "HR",
            "url": "https://api.congress.gov/v3/bill/112/hr/1378?format=json"
        },
        {
            "congress": 116,
            "introducedDate": "2019-01-17",
            "latestAction": {
                "actionDate": "2019-02-07",
                "text": "Referred to the Subcommittee on National Parks, Forests, and Public Lands."
            },
            "number": "684",
            "policyArea": {
                "name": "Public Lands and Natural Resources"
            },
            "title": "Indiana Dunes National Park Act",
            "type": "HR",
            "url": "https://api.congress.gov/v3/bill/116/hr/684?format=json"
        },
        {
            "amendmentNumber": "817",
            "congress": 115,
            "introducedDate": "2018-06-26",
            "latestAction": {
                "actionDate": "2018-06-26",
                "actionTime": "18:11:10",
                "text": "On agreeing to the Visclosky amendment (A013) Agreed to by voice vote. "
            },
            "type": null,
            "url": "https://api.congress.gov/v3/amendment/115/hamdt/817?format=json"
        },
        {
            "amendmentNumber": "815",
            "congress": 115,
            "introducedDate": "2018-06-26",
            "latestAction": {
                "actionDate": "2018-06-26",
                "actionTime": "17:56:03",
                "text": "On agreeing to the Visclosky amendment (A011) Agreed to by voice vote. "
            },
            "type": null,
            "url": "https://api.congress.gov/v3/amendment/115/hamdt/815?format=json"
        },
        {
            "congress": 115,
            "introducedDate": "2017-03-09",
            "latestAction": {
                "actionDate": "2018-08-15",
                "text": "Committee on Energy and Natural Resources Subcommittee on National Parks. Hearings held. With printed Hearing: S.Hrg. 115-526."
            },
            "number": "1488",
            "policyArea": {
                "name": "Public Lands and Natural Resources"
            },
            "title": "Indiana Dunes National Park Act",
            "type": "HR",
            "url": "https://api.congress.gov/v3/bill/115/hr/1488?format=json"
        },
        {
            "congress": 114,
            "introducedDate": "2016-09-28",
            "latestAction": {
                "actionDate": "2016-10-11",
                "text": "Referred to the Subcommittee on Federal Lands."
            },
            "number": "6291",
            "policyArea": {
                "name": "Public Lands and Natural Resources"
            },
            "title": "Indiana Dunes National Park Act",
            "type": "HR",
            "url": "https://api.congress.gov/v3/bill/114/hr/6291?format=json"
        },
        {
            "congress": 114,
            "introducedDate": "2016-03-23",
            "latestAction": {
                "actionDate": "2016-12-16",
                "text": "Became Public Law No: 114-290."
            },
            "number": "4887",
            "policyArea": {
                "name": "Government Operations and Politics"
            },
            "title": "To designate the facility of the United States Postal Service located at 23323 Shelby Road in Shelby, Indiana, as the \"Richard Allen Cable Post Office\".",
            "type": "HR",
            "url": "https://api.congress.gov/v3/bill/114/hr/4887?format=json"
        },
        {
            "amendmentNumber": "467",
            "congress": 114,
            "introducedDate": "2015-06-10",
            "latestAction": {
                "actionDate": "2015-06-10",
                "actionTime": "22:20:12",
                "text": "On agreeing to the Visclosky amendment (A027) Failed by recorded vote: 174 - 257 (Roll no. 336). "
            },
            "type": null,
            "url": "https://api.congress.gov/v3/amendment/114/hamdt/467?format=json"
        },
        {
            "congress": 114,
            "introducedDate": "2015-06-04",
            "latestAction": {
                "actionDate": "2015-06-04",
                "text": "Referred to the House Committee on Oversight and Government Reform."
            },
            "number": "2682",
            "policyArea": {
                "name": "Government Operations and Politics"
            },
            "title": "Fighting for American Jobs Act of 2015",
            "type": "HR",
            "url": "https://api.congress.gov/v3/bill/114/hr/2682?format=json"
        },
        {
            "congress": 114,
            "introducedDate": "2015-06-04",
            "latestAction": {
                "actionDate": "2015-06-15",
                "text": "Referred to the Subcommittee on Oversight and Management Efficiency."
            },
            "number": "2683",
            "policyArea": {
                "name": "Government Operations and Politics"
            },
            "title": "American Steel First Act of 2015",
            "type": "HR",
            "url": "https://api.congress.gov/v3/bill/114/hr/2683?format=json"
        },
        {
            "amendmentNumber": "912",
            "congress": 109,
            "introducedDate": "2006-05-24",
            "latestAction": {
                "actionDate": "2006-05-24",
                "actionTime": "15:43:13",
                "text": "Mr. Hobson raised a point of order against the Visclosky amendment (A001). Mr. Hobson stated that the amendment sought to change existing law and constituted legislation in an appropriations bill. The Chair sustained the point of order. "
            },
            "type": null,
            "url": "https://api.congress.gov/v3/amendment/109/hamdt/912?format=json"
        },
        {
            "amendmentNumber": "921",
            "congress": 109,
            "introducedDate": "2006-05-24",
            "latestAction": {
                "actionDate": "2006-05-24",
                "actionTime": "17:44:59",
                "text": "On agreeing to the Visclosky amendment (A010) Agreed to by voice vote. "
            },
            "type": null,
            "url": "https://api.congress.gov/v3/amendment/109/hamdt/921?format=json"
        },
        {
            "congress": 109,
            "introducedDate": "2006-09-27",
            "latestAction": {
                "actionDate": "2006-10-17",
                "text": "Referred to the Subcommittee on Terrorism, Unconventional Threats and Capabilities."
            },
            "number": "6223",
            "policyArea": {
                "name": "Energy"
            },
            "title": "American Fuels Act of 2006",
            "type": "HR",
            "url": "https://api.congress.gov/v3/bill/109/hr/6223?format=json"
        },
        {
            "congress": 109,
            "introducedDate": "2006-09-27",
            "latestAction": {
                "actionDate": "2006-09-27",
                "text": "Referred to the House Committee on Government Reform."
            },
            "number": "6196",
            "policyArea": {
                "name": "Labor and Employment"
            },
            "title": "Fighting for American Jobs Act of 2006",
            "type": "HR",
            "url": "https://api.congress.gov/v3/bill/109/hr/6196?format=json"
        },
        {
            "congress": 109,
            "introducedDate": "2006-02-28",
            "latestAction": {
                "actionDate": "2006-02-28",
                "text": "Referred to the House Committee on International Relations."
            },
            "number": "4823",
            "policyArea": {
                "name": "International Affairs"
            },
            "title": "United States-Poland Parliamentary Youth Exchange Program Act of 2006",
            "type": "HR",
            "url": "https://api.congress.gov/v3/bill/109/hr/4823?format=json"
        },
        {
            "congress": 109,
            "introducedDate": "2005-10-07",
            "latestAction": {
                "actionDate": "2006-02-06",
                "text": "Referred to the Subcommittee on Commercial and Administrative Law."
            },
            "number": "4055",
            "policyArea": {
                "name": "Labor and Employment"
            },
            "title": "Employees' Pension Security Act of 2005",
            "type": "HR",
            "url": "https://api.congress.gov/v3/bill/109/hr/4055?format=json"
        },
        {
            "congress": 109,
            "introducedDate": "2005-10-17",
            "latestAction": {
                "actionDate": "2005-10-20",
                "text": "Referred to the Subcommittee on National Parks."
            },
            "number": "4068",
            "policyArea": {
                "name": "Public Lands and Natural Resources"
            },
            "title": "Dorothy Buell Memorial Visitor Center Lease Act",
            "type": "HR",
            "url": "https://api.congress.gov/v3/bill/109/hr/4068?format=json"
        },
        {
            "congress": 109,
            "introducedDate": "2005-09-14",
            "latestAction": {
                "actionDate": "2005-10-17",
                "text": "Referred to the Subcommittee on Domestic and International Monetary Policy, Trade, and Technology."
            },
            "number": "3781",
            "policyArea": {
                "name": "Health"
            },
            "title": "Vaccines for the New Millennium Act of 2005",
            "type": "HR",
            "url": "https://api.congress.gov/v3/bill/109/hr/3781?format=json"
        },
        {
            "congress": 109,
            "introducedDate": "2005-06-30",
            "latestAction": {
                "actionDate": "2005-07-26",
                "text": "Referred to the Subcommittee on Military Personnel."
            },
            "number": "3195",
            "policyArea": {
                "name": "Armed Forces and National Security"
            },
            "title": "Montgomery GI Bill Second Chance Act of 2005",
            "type": "HR",
            "url": "https://api.congress.gov/v3/bill/109/hr/3195?format=json"
        },
        {
            "congress": 109,
            "introducedDate": "2005-04-13",
            "latestAction": {
                "actionDate": "2005-04-20",
                "text": "Referred to the Subcommittee on National Parks."
            },
            "number": "1625",
            "policyArea": {
                "name": "Public Lands and Natural Resources"
            },
            "title": "Indiana Dunes National Lakeshore Corrections Act",
            "type": "HR",
            "url": "https://api.congress.gov/v3/bill/109/hr/1625?format=json"
        },
        {
            "congress": 109,
            "introducedDate": "2005-05-18",
            "latestAction": {
                "actionDate": "2005-05-18",
                "text": "Referred to the House Committee on International Relations."
            },
            "number": "286",
            "policyArea": {
                "name": "International Affairs"
            },
            "title": "Expressing the sense of the House of Representatives on promoting initiatives to develop an HIV vaccine.",
            "type": "HRES",
            "url": "https://api.congress.gov/v3/bill/109/hres/286?format=json"
        },
        {
            "congress": 111,
            "introducedDate": "2009-12-10",
            "latestAction": {
                "actionDate": "2010-03-01",
                "text": "Referred to the Subcommittee on Commercial and Administrative Law."
            },
            "number": "4281",
            "policyArea": {
                "name": "Labor and Employment"
            },
            "title": "Employees' Pension Security Act of 2009",
            "type": "HR",
            "url": "https://api.congress.gov/v3/bill/111/hr/4281?format=json"
        },
        {
            "congress": 111,
            "introducedDate": "2009-12-10",
            "latestAction": {
                "actionDate": "2009-12-10",
                "text": "Referred to the House Committee on Oversight and Government Reform."
            },
            "number": "4280",
            "policyArea": {
                "name": "Government Operations and Politics"
            },
            "title": "Fighting for American Jobs Act of 2009",
            "type": "HR",
            "url": "https://api.congress.gov/v3/bill/111/hr/4280?format=json"
        },
        {
            "congress": 111,
            "introducedDate": "2009-03-17",
            "latestAction": {
                "actionDate": "2009-03-23",
                "text": "Referred to the Subcommittee on National Parks, Forests and Public Lands."
            },
            "number": "1574",
            "policyArea": {
                "name": "Public Lands and Natural Resources"
            },
            "title": "To amend the Act titled \"An Act to provide for the establishment of the Indiana Dunes National Lakeshore, and for other purposes\" to allow the acquisition of lands by payment of delinquent taxes.",
            "type": "HR",
            "url": "https://api.congress.gov/v3/bill/111/hr/1574?format=json"
        },
        {
            "congress": 111,
            "introducedDate": "2009-03-03",
            "latestAction": {
                "actionDate": "2010-03-02",
                "text": "Placed on Senate Legislative Calendar under General Orders. Calendar No. 298."
            },
            "number": "1287",
            "policyArea": {
                "name": "Public Lands and Natural Resources"
            },
            "title": "Dorothy Buell Memorial Visitor Center Partnership Act",
            "type": "HR",
            "url": "https://api.congress.gov/v3/bill/111/hr/1287?format=json"
        },
        {
            "congress": 111,
            "introducedDate": "2009-03-03",
            "latestAction": {
                "actionDate": "2009-03-06",
                "text": "Referred to the Subcommittee on National Parks, Forests and Public Lands."
            },
            "number": "1286",
            "policyArea": {
                "name": "Public Lands and Natural Resources"
            },
            "title": "To amend the Act titled \"An Act to provide for the establishment of the Indiana Dunes National Lakeshore, and for other purposes\" to clarify the authority of the Secretary of the Interior to accept donations of lands that are contiguous to the Indiana Dunes National Lakeshore, and for other purposes.",
            "type": "HR",
            "url": "https://api.congress.gov/v3/bill/111/hr/1286?format=json"
        },
        {
            "congress": 111,
            "introducedDate": "2009-01-15",
            "latestAction": {
                "actionDate": "2009-02-05",
                "text": "Referred to the Subcommittee on Management, Investigations, and Oversight."
            },
            "number": "595",
            "policyArea": {
                "name": "Government Operations and Politics"
            },
            "title": "American Steel First Act of 2009",
            "type": "HR",
            "url": "https://api.congress.gov/v3/bill/111/hr/595?format=json"
        },
        {
            "amendmentNumber": "1073",
            "congress": 110,
            "introducedDate": "2008-06-04",
            "latestAction": {
                "actionDate": "2008-06-04",
                "actionTime": "19:01:44",
                "text": "On agreeing to the Visclosky amendment (A005) Agreed to by voice vote. "
            },
            "type": null,
            "url": "https://api.congress.gov/v3/amendment/110/hamdt/1073?format=json"
        },
        {
            "congress": 110,
            "introducedDate": "2008-12-10",
            "latestAction": {
                "actionDate": "2008-12-10",
                "text": "Placed on the Union Calendar, Calendar No. 595."
            },
            "number": "7324",
            "policyArea": {
                "name": "Economics and Public Finance"
            },
            "title": "Energy and Water Development and Related Agencies Appropriations Act, 2009",
            "type": "HR",
            "url": "https://api.congress.gov/v3/bill/110/hr/7324?format=json"
        },
        {
            "congress": 110,
            "introducedDate": "2008-05-13",
            "latestAction": {
                "actionDate": "2008-10-15",
                "text": "Became Public Law No: 110-421."
            },
            "number": "6045",
            "policyArea": {
                "name": "Crime and Law Enforcement"
            },
            "title": "Bulletproof Vest Partnership Grant Act of 2008",
            "type": "HR",
            "url": "https://api.congress.gov/v3/bill/110/hr/6045?format=json"
        },
        {
            "congress": 110,
            "introducedDate": "2008-04-30",
            "latestAction": {
                "actionDate": "2008-06-26",
                "text": "Ordered to be Reported by Voice Vote."
            },
            "number": "5935",
            "policyArea": {
                "name": "Government Operations and Politics"
            },
            "title": "American Steel First Act of 2008",
            "type": "HR",
            "url": "https://api.congress.gov/v3/bill/110/hr/5935?format=json"
        },
        {
            "congress": 110,
            "introducedDate": "2008-04-09",
            "latestAction": {
                "actionDate": "2008-04-28",
                "text": "Referred to the Subcommittee on Commercial and Administrative Law."
            },
            "number": "5754",
            "policyArea": {
                "name": "Labor and Employment"
            },
            "title": "Employees' Pension Security Act of 2008",
            "type": "HR",
            "url": "https://api.congress.gov/v3/bill/110/hr/5754?format=json"
        },
        {
            "congress": 110,
            "introducedDate": "2008-02-14",
            "latestAction": {
                "actionDate": "2008-05-07",
                "text": "Became Public Law No: 110-225."
            },
            "number": "5472",
            "policyArea": {
                "name": "Commemorations"
            },
            "title": "To designate the facility of the United States Postal Service located at 2650 Dr. Martin Luther King Jr. Street, Indianapolis, Indiana, as the \"Julia M. Carson Post Office Building\".",
            "type": "HR",
            "url": "https://api.congress.gov/v3/bill/110/hr/5472?format=json"
        },
        {
            "congress": 110,
            "introducedDate": "2008-01-17",
            "latestAction": {
                "actionDate": "2008-04-25",
                "text": "Referred to the Subcommittee on Specialty Crops, Rural Development, and Foreign Agriculture."
            },
            "number": "5069",
            "policyArea": {
                "name": "Commerce"
            },
            "title": "Food and Product Responsibility Act of 2008",
            "type": "HR",
            "url": "https://api.congress.gov/v3/bill/110/hr/5069?format=json"
        },
        {
            "congress": 110,
            "introducedDate": "2007-06-15",
            "latestAction": {
                "actionDate": "2007-06-28",
                "text": "Referred to the Subcommittee on Government Management, Organization, and Procurement."
            },
            "number": "2759",
            "policyArea": {
                "name": "Labor and Employment"
            },
            "title": "Fighting for American Jobs Act of 2007",
            "type": "HR",
            "url": "https://api.congress.gov/v3/bill/110/hr/2759?format=json"
        },
        {
            "congress": 110,
            "introducedDate": "2007-06-11",
            "latestAction": {
                "actionDate": "2007-07-18",
                "text": "Received in the Senate. Read twice. Placed on Senate Legislative Calendar under General Orders. Calendar No. 274."
            },
            "number": "2641",
            "policyArea": {
                "name": "Economics and Public Finance"
            },
            "title": "Energy and Water Development and Related Agencies Appropriations Act, 2008",
            "type": "HR",
            "url": "https://api.congress.gov/v3/bill/110/hr/2641?format=json"
        },
        {
            "congress": 110,
            "introducedDate": "2007-05-21",
            "latestAction": {
                "actionDate": "2007-06-20",
                "text": "Referred to the Subcommittee on Military Personnel."
            },
            "number": "2417",
            "policyArea": {
                "name": "Armed Forces and National Security"
            },
            "title": "Montgomery GI Bill Second Chance Act of 2007",
            "type": "HR",
            "url": "https://api.congress.gov/v3/bill/110/hr/2417?format=json"
        },
        {
            "congress": 110,
            "introducedDate": "2007-05-16",
            "latestAction": {
                "actionDate": "2007-06-28",
                "text": "Referred to the Subcommittee on Readiness."
            },
            "number": "2354",
            "policyArea": {
                "name": "Energy"
            },
            "title": "American Fuels Act of 2007",
            "type": "HR",
            "url": "https://api.congress.gov/v3/bill/110/hr/2354?format=json"
        },
        {
            "congress": 110,
            "introducedDate": "2007-03-21",
            "latestAction": {
                "actionDate": "2007-03-21",
                "text": "Referred to the House Committee on Foreign Affairs."
            },
            "number": "1636",
            "policyArea": {
                "name": "International Affairs"
            },
            "title": "United States-Poland Parliamentary Youth Exchange Program Act of 2007",
            "type": "HR",
            "url": "https://api.congress.gov/v3/bill/110/hr/1636?format=json"
        },
        {
            "congress": 110,
            "introducedDate": "2007-03-08",
            "latestAction": {
                "actionDate": "2008-07-09",
                "text": "Received in the Senate and Read twice and referred to the Committee on Energy and Natural Resources."
            },
            "number": "1423",
            "policyArea": {
                "name": "Public Lands and Natural Resources"
            },
            "title": "Dorothy Buell Memorial Visitor Center Partnership Act",
            "type": "HR",
            "url": "https://api.congress.gov/v3/bill/110/hr/1423?format=json"
        },
        {
            "congress": 110,
            "introducedDate": "2007-03-07",
            "latestAction": {
                "actionDate": "2007-04-13",
                "text": "Referred to the Subcommittee on Domestic and International Monetary Policy, Trade, and Technology."
            },
            "number": "1391",
            "policyArea": {
                "name": "International Affairs"
            },
            "title": "Vaccines for the Future Act of 2007",
            "type": "HR",
            "url": "https://api.congress.gov/v3/bill/110/hr/1391?format=json"
        },
        {
            "congress": 110,
            "introducedDate": "2007-01-18",
            "latestAction": {
                "actionDate": "2008-06-05",
                "text": "Subcommittee Hearings Held."
            },
            "number": "573",
            "policyArea": {
                "name": "Public Lands and Natural Resources"
            },
            "title": "Indiana Dunes National Lakeshore Corrections Act",
            "type": "HR",
            "url": "https://api.congress.gov/v3/bill/110/hr/573?format=json"
        },
        {
            "congress": 108,
            "introducedDate": "2004-05-20",
            "latestAction": {
                "actionDate": "2004-07-14",
                "text": "Referred to the Subcommittee on Benefits."
            },
            "number": "4468",
            "policyArea": {
                "name": "Armed Forces and National Security"
            },
            "title": "Montgomery GI Bill Second Chance Act of 2004",
            "type": "HR",
            "url": "https://api.congress.gov/v3/bill/108/hr/4468?format=json"
        },
        {
            "congress": 108,
            "introducedDate": "2003-12-08",
            "latestAction": {
                "actionDate": "2003-12-17",
                "text": "Referred to the Subcommittee on Trade."
            },
            "number": "3699",
            "policyArea": {
                "name": "Foreign Trade and International Finance"
            },
            "title": "Keeping America's Promise to Steel Act",
            "type": "HR",
            "url": "https://api.congress.gov/v3/bill/108/hr/3699?format=json"
        },
        {
            "congress": 108,
            "introducedDate": "2003-06-16",
            "latestAction": {
                "actionDate": "2003-06-23",
                "text": "Referred to the Subcommittee on Health."
            },
            "number": "2486",
            "policyArea": {
                "name": "Health"
            },
            "title": "To provide for the geographic reclassification of a county for purposes of equitable hospital payment rates under the Medicare Program.",
            "type": "HR",
            "url": "https://api.congress.gov/v3/bill/108/hr/2486?format=json"
        },
        {
            "congress": 108,
            "introducedDate": "2003-06-05",
            "latestAction": {
                "actionDate": "2003-06-24",
                "text": "Referred to the Subcommittee on Health."
            },
            "number": "2389",
            "policyArea": {
                "name": "Health"
            },
            "title": "Physician Availability Act of 2003",
            "type": "HR",
            "url": "https://api.congress.gov/v3/bill/108/hr/2389?format=json"
        },
        {
            "congress": 108,
            "introducedDate": "2003-05-07",
            "latestAction": {
                "actionDate": "2003-05-07",
                "text": "Referred to the House Committee on Ways and Means."
            },
            "number": "1999",
            "policyArea": {
                "name": "Taxation"
            },
            "title": "Health Care Tax Credit Enhancement for Workers and Steel Security Act of 2003",
            "type": "HR",
            "url": "https://api.congress.gov/v3/bill/108/hr/1999?format=json"
        },
        {
            "congress": 108,
            "introducedDate": "2003-04-10",
            "latestAction": {
                "actionDate": "2003-05-05",
                "text": "Referred to the Subcommittee on Crime, Terrorism, and Homeland Security."
            },
            "number": "1708",
            "policyArea": {
                "name": "Crime and Law Enforcement"
            },
            "title": "Bulletproof Vest Partnership Grant Act of 2003",
            "type": "HR",
            "url": "https://api.congress.gov/v3/bill/108/hr/1708?format=json"
        },
        {
            "congress": 108,
            "introducedDate": "2003-01-08",
            "latestAction": {
                "actionDate": "2003-02-21",
                "text": "Referred to the Subcommittee on Employer-Employee Relations."
            },
            "number": "323",
            "policyArea": {
                "name": "Labor and Employment"
            },
            "title": "To amend title I of the Employee Retirement Income Security Act of 1974 to provide for joint trusteeship of single-employer pension plans.",
            "type": "HR",
            "url": "https://api.congress.gov/v3/bill/108/hr/323?format=json"
        },
        {
            "amendmentNumber": "401",
            "congress": 107,
            "introducedDate": "2001-11-28",
            "latestAction": {
                "actionDate": "2001-11-28",
                "actionTime": "18:06:49",
                "text": "By unanimous consent, the Visclosky amendment was withdrawn. "
            },
            "type": null,
            "url": "https://api.congress.gov/v3/amendment/107/hamdt/401?format=json"
        },
        {
            "amendmentNumber": "208",
            "congress": 107,
            "introducedDate": "2001-07-24",
            "latestAction": {
                "actionDate": "2001-07-24",
                "actionTime": "13:16:23",
                "text": "On agreeing to the Visclosky amendment (A006) Agreed to by recorded vote: 258 - 162 (Roll no. 260). "
            },
            "type": null,
            "url": "https://api.congress.gov/v3/amendment/107/hamdt/208?format=json"
        },
        {
            "amendmentNumber": "88",
            "congress": 107,
            "introducedDate": "2001-06-20",
            "latestAction": {
                "actionDate": "2001-06-20",
                "actionTime": "17:55:51",
                "text": "On agreeing to the Visclosky amendment (A010) Agreed to by voice vote. "
            },
            "type": null,
            "url": "https://api.congress.gov/v3/amendment/107/hamdt/88?format=json"
        },
        {
            "congress": 107,
            "introducedDate": "2002-10-02",
            "latestAction": {
                "actionDate": "2002-11-25",
                "text": "Referred to the Subcommittee on Employer-Employee Relations."
            },
            "number": "5529",
            "policyArea": {
                "name": "Labor and Employment"
            },
            "title": "To amend title I of the Employee Retirement Income Security Act of 1974 to provide for joint trusteeship of single-employer pension plans.",
            "type": "HR",
            "url": "https://api.congress.gov/v3/bill/107/hr/5529?format=json"
        },
        {
            "congress": 107,
            "introducedDate": "2002-05-15",
            "latestAction": {
                "actionDate": "2002-05-15",
                "text": "Referred to the House Committee on Ways and Means."
            },
            "number": "4745",
            "policyArea": {
                "name": "Health"
            },
            "title": "To provide for the geographic reclassification of a county for purposes of equitable hospital payment rates under the Medicare Program.",
            "type": "HR",
            "url": "https://api.congress.gov/v3/bill/107/hr/4745?format=json"
        },
        {
            "congress": 107,
            "introducedDate": "2002-02-27",
            "latestAction": {
                "actionDate": "2002-03-06",
                "text": "Executive Comment Requested from Interior."
            },
            "number": "3817",
            "policyArea": {
                "name": "Public Lands and Natural Resources"
            },
            "title": "Indiana Dunes National Lakeshore Corrections Act",
            "type": "HR",
            "url": "https://api.congress.gov/v3/bill/107/hr/3817?format=json"
        },
        {
            "congress": 107,
            "introducedDate": "2001-12-20",
            "latestAction": {
                "actionDate": "2002-01-14",
                "text": "Referred to the Subcommittee on Domestic Monetary Policy, Technology and Economic Growth."
            },
            "number": "3559",
            "policyArea": {
                "name": "Commerce"
            },
            "title": "To amend the Emergency Steel Loan Guarantee Act of 1999 to revise eligibility and other requirements for loan guarantees under that Act, and for other purposes.",
            "type": "HR",
            "url": "https://api.congress.gov/v3/bill/107/hr/3559?format=json"
        },
        {
            "congress": 107,
            "introducedDate": "2001-04-04",
            "latestAction": {
                "actionDate": "2001-04-16",
                "text": "Referred to the Subcommittee on Health."
            },
            "number": "1399",
            "policyArea": {
                "name": "Health"
            },
            "title": "Physician Availability Act of 2001",
            "type": "HR",
            "url": "https://api.congress.gov/v3/bill/107/hr/1399?format=json"
        },
        {
            "congress": 107,
            "introducedDate": "2001-03-01",
            "latestAction": {
                "actionDate": "2001-04-20",
                "text": "Referred to the Subcommittee on Employer-Employee Relations."
            },
            "number": "808",
            "policyArea": {
                "name": "Commerce"
            },
            "title": "Steel Revitalization Act of 2001",
            "type": "HR",
            "url": "https://api.congress.gov/v3/bill/107/hr/808?format=json"
        },
        {
            "amendmentNumber": "925",
            "congress": 106,
            "introducedDate": "2000-06-27",
            "latestAction": {
                "actionDate": "2000-06-27",
                "actionTime": "20:29:53",
                "text": "On agreeing to the Visclosky amendment (A011) Agreed to by voice vote. "
            },
            "type": null,
            "url": "https://api.congress.gov/v3/amendment/106/hamdt/925?format=json"
        },
        {
            "amendmentNumber": "347",
            "congress": 106,
            "introducedDate": "1999-07-27",
            "latestAction": {
                "actionDate": "1999-07-27",
                "actionTime": "20:31:26",
                "text": "On agreeing to the Visclosky amendment (A001) Failed by recorded vote: 183 - 245 (Roll no. 341). "
            },
            "type": null,
            "url": "https://api.congress.gov/v3/amendment/106/hamdt/347?format=json"
        },
        {
            "congress": 106,
            "introducedDate": "2000-03-20",
            "latestAction": {
                "actionDate": "2000-09-05",
                "text": "Read the second time. Placed on Senate Legislative Calendar under General Orders. Calendar No. 777."
            },
            "number": "4033",
            "policyArea": {
                "name": "Crime and Law Enforcement"
            },
            "title": "Bulletproof Vest Partnership Grant Act of 2000",
            "type": "HR",
            "url": "https://api.congress.gov/v3/bill/106/hr/4033?format=json"
        },
        {
            "congress": 106,
            "introducedDate": "1999-06-24",
            "latestAction": {
                "actionDate": "1999-09-30",
                "text": "Ordered to be Reported by Voice Vote."
            },
            "number": "2358",
            "policyArea": {
                "name": "Commemorations"
            },
            "title": "To designate the United States Post Office located at 3813 Main Street in East Chicago, Indiana, as the \"Lance Corporal Harold Gomez Post Office\".",
            "type": "HR",
            "url": "https://api.congress.gov/v3/bill/106/hr/2358?format=json"
        },
        {
            "congress": 106,
            "introducedDate": "1999-06-23",
            "latestAction": {
                "actionDate": "1999-06-29",
                "text": "Referred to the Subcommittee on National Parks and Public Lands."
            },
            "number": "2329",
            "policyArea": {
                "name": "Public Lands and Natural Resources"
            },
            "title": "Indiana Dunes National Lakeshore Corrections Act",
            "type": "HR",
            "url": "https://api.congress.gov/v3/bill/106/hr/2329?format=json"
        },
        {
            "congress": 106,
            "introducedDate": "1999-05-13",
            "latestAction": {
                "actionDate": "2000-07-19",
                "text": "Committee Consideration and Mark-up Session Held."
            },
            "number": "1814",
            "policyArea": {
                "name": "Native Americans"
            },
            "title": "To provide incentives for Indian tribes to collect and pay lawfully imposed State sales taxes on goods sold on tribal lands and to provide for penalties against Indian tribes that do not collect and pay such State sales taxes.",
            "type": "HR",
            "url": "https://api.congress.gov/v3/bill/106/hr/1814?format=json"
        },
        {
            "congress": 106,
            "introducedDate": "1999-04-22",
            "latestAction": {
                "actionDate": "1999-04-23",
                "text": "Referred to the Subcommittee on Water Resources and Environment."
            },
            "number": "1549",
            "policyArea": {
                "name": "Environmental Protection"
            },
            "title": "National Clean Water Trust Fund Act of 1999",
            "type": "HR",
            "url": "https://api.congress.gov/v3/bill/106/hr/1549?format=json"
        },
        {
            "congress": 106,
            "introducedDate": "1999-04-15",
            "latestAction": {
                "actionDate": "1999-04-30",
                "text": "Referred to the Subcommittee on Domestic and International Monetary Policy."
            },
            "number": "1470",
            "policyArea": {
                "name": "Commerce"
            },
            "title": "Corporate Responsibility Act of 1999",
            "type": "HR",
            "url": "https://api.congress.gov/v3/bill/106/hr/1470?format=json"
        },
        {
            "congress": 106,
            "introducedDate": "1999-03-04",
            "latestAction": {
                "actionDate": "1999-06-22",
                "text": "Cloture on the motion to proceed not invoked in Senate by Yea-Nay Vote. 42-57. Record Vote No: 178. (consideration:  CR S7405)"
            },
            "number": "975",
            "policyArea": {
                "name": "Foreign Trade and International Finance"
            },
            "title": "To provide for a reduction in the volume of steel imports, and to establish a steel import notification and monitoring program.",
            "type": "HR",
            "url": "https://api.congress.gov/v3/bill/106/hr/975?format=json"
        },
        {
            "congress": 106,
            "introducedDate": "1999-02-03",
            "latestAction": {
                "actionDate": "1999-02-16",
                "text": "Referred to the Subcommittee on Health and Environment."
            },
            "number": "567",
            "policyArea": {
                "name": "Health"
            },
            "title": "Physician Availability Act of 1999",
            "type": "HR",
            "url": "https://api.congress.gov/v3/bill/106/hr/567?format=json"
        },
        {
            "congress": 106,
            "introducedDate": "1999-02-02",
            "latestAction": {
                "actionDate": "1999-02-09",
                "text": "Referred to the Subcommittee on Trade."
            },
            "number": "506",
            "policyArea": {
                "name": "Foreign Trade and International Finance"
            },
            "title": "To ensure that the volume of steel imports does not exceed the average monthly volume of such imports during the 36-month period preceding July 1997.",
            "type": "HR",
            "url": "https://api.congress.gov/v3/bill/106/hr/506?format=json"
        },
        {
            "congress": 106,
            "introducedDate": "1999-09-22",
            "latestAction": {
                "actionDate": "1999-10-19",
                "text": "Sponsor introductory remarks on measure. (CR H10182-10183)"
            },
            "number": "298",
            "policyArea": {
                "name": "Foreign Trade and International Finance"
            },
            "title": "Calling on the President to abstain from renegotiating international agreements governing antidumping and countervailing measures.",
            "type": "HRES",
            "url": "https://api.congress.gov/v3/bill/106/hres/298?format=json"
        },
        {
            "amendmentNumber": "1079",
            "congress": 99,
            "introducedDate": "1986-08-07",
            "latestAction": {
                "actionDate": "1986-08-07",
                "text": "Amendment Passed in Committee of the Whole by Voice Vote. "
            },
            "type": null,
            "url": "https://api.congress.gov/v3/amendment/99/hamdt/1079?format=json"
        },
        {
            "congress": 99,
            "introducedDate": "1986-01-23",
            "latestAction": {
                "actionDate": "1986-10-29",
                "text": "Became Public Law No: 99-583."
            },
            "number": "4037",
            "policyArea": {
                "name": "Public Lands and Natural Resources"
            },
            "title": "A bill relating to the Indiana Dunes National Lakeshore, and for other purposes.",
            "type": "HR",
            "url": "https://api.congress.gov/v3/bill/99/hr/4037?format=json"
        },
        {
            "congress": 99,
            "introducedDate": "1986-07-24",
            "latestAction": {
                "actionDate": "1986-10-16",
                "text": "Became Public Law No: 99-482."
            },
            "number": "686",
            "policyArea": {
                "name": "Commemorations"
            },
            "title": "A joint resolution to designate August 12, 1986, as \"National Civil Rights Day\".",
            "type": "HJRES",
            "url": "https://api.congress.gov/v3/bill/99/hjres/686?format=json"
        },
        {
            "congress": 100,
            "introducedDate": "1988-03-31",
            "latestAction": {
                "actionDate": "1988-04-14",
                "text": "Referred to Subcommittee on Surface Transportation."
            },
            "number": "4353",
            "policyArea": {
                "name": "Transportation and Public Works"
            },
            "title": "A bill to establish a limitation of $912,598,392 on the amount of funds which may be used for operating assistance under the Urban Mass Transportation Act of 1964 in fiscal year 1988.",
            "type": "HR",
            "url": "https://api.congress.gov/v3/bill/100/hr/4353?format=json"
        },
        {
            "congress": 100,
            "introducedDate": "1987-01-21",
            "latestAction": {
                "actionDate": "1987-04-02",
                "text": "See H.R.2."
            },
            "number": "707",
            "policyArea": {
                "name": "Transportation and Public Works"
            },
            "title": "A bill to make urban high density program funds from the Highway Trust Fund available for construction of an interchange in Indiana that is related to a project constructed under such program.",
            "type": "HR",
            "url": "https://api.congress.gov/v3/bill/100/hr/707?format=json"
        },
        {
            "congress": 100,
            "introducedDate": "1987-02-05",
            "latestAction": {
                "actionDate": "1988-08-17",
                "text": "Became Public Law No: 100-401."
            },
            "number": "140",
            "policyArea": {
                "name": "Commemorations"
            },
            "title": "A joint resolution designating August 12, 1988, as \"National Civil Rights Day\".",
            "type": "HJRES",
            "url": "https://api.congress.gov/v3/bill/100/hjres/140?format=json"
        },
        {
            "congress": 101,
            "introducedDate": "1990-10-18",
            "latestAction": {
                "actionDate": "1990-10-18",
                "text": "Referred to the House Committee on Public Works + Transportation."
            },
            "number": "5868",
            "policyArea": {
                "name": "Public Lands and Natural Resources"
            },
            "title": "To authorize the Secretary of Transportation to release the restrictions, requirements, and conditions imposed in connection with the conveyance of certain lands to the city of Gary, Indiana.",
            "type": "HR",
            "url": "https://api.congress.gov/v3/bill/101/hr/5868?format=json"
        },
        {
            "congress": 101,
            "introducedDate": "1990-09-18",
            "latestAction": {
                "actionDate": "1990-09-28",
                "text": "Referred to the Subcommittee on Transportation and Hazardous Materials."
            },
            "number": "5660",
            "policyArea": {
                "name": "Transportation and Public Works"
            },
            "title": "To temporarily prevent the discontinuance by Amtrak of commuter rail service between Valparaiso, Indiana, and Chicago, Illinois.",
            "type": "HR",
            "url": "https://api.congress.gov/v3/bill/101/hr/5660?format=json"
        },
        {
            "congress": 101,
            "introducedDate": "1990-08-03",
            "latestAction": {
                "actionDate": "1990-09-04",
                "text": "Referred to the Subcommittee on Labor-Management Relations."
            },
            "number": "5542",
            "policyArea": {
                "name": "Taxation"
            },
            "title": "To amend the Internal Revenue Code of 1986 and the Employee Retirement Income Security Act of 1974 to permit certain projected benefit increases to be taken into account in determining the amount of the full-funding limitation, and to amend such Code to increase the excise tax on employer reversions from qualified plans.",
            "type": "HR",
            "url": "https://api.congress.gov/v3/bill/101/hr/5542?format=json"
        },
        {
            "congress": 101,
            "introducedDate": "1990-03-01",
            "latestAction": {
                "actionDate": "1990-03-01",
                "text": "Referred to the House Committee on Ways and Means."
            },
            "number": "4172",
            "policyArea": {
                "name": "Taxation"
            },
            "title": "Right to Safe Drinking Water Act of 1990",
            "type": "HR",
            "url": "https://api.congress.gov/v3/bill/101/hr/4172?format=json"
        },
        {
            "congress": 101,
            "introducedDate": "1990-03-01",
            "latestAction": {
                "actionDate": "1990-03-15",
                "text": "Executive Comment Requested from DOT, OMB."
            },
            "number": "4171",
            "policyArea": {
                "name": "Transportation and Public Works"
            },
            "title": "Fair Site Selection Act",
            "type": "HR",
            "url": "https://api.congress.gov/v3/bill/101/hr/4171?format=json"
        },
        {
            "congress": 101,
            "introducedDate": "1989-10-04",
            "latestAction": {
                "actionDate": "1990-01-17",
                "text": "Unfavorable Executive Comment Received from State."
            },
            "number": "3409",
            "policyArea": {
                "name": "Environmental Protection"
            },
            "title": "Global Environmental Standards Reporting Act",
            "type": "HR",
            "url": "https://api.congress.gov/v3/bill/101/hr/3409?format=json"
        },
        {
            "congress": 101,
            "introducedDate": "1989-08-04",
            "latestAction": {
                "actionDate": "1990-11-02",
                "text": "Message on House action received in Senate and held at desk:. House disagrees to Senate amendment."
            },
            "number": "3209",
            "policyArea": {
                "name": "Public Lands and Natural Resources"
            },
            "title": "Indiana Dunes National Lakeshore Access and Enhancement Act",
            "type": "HR",
            "url": "https://api.congress.gov/v3/bill/101/hr/3209?format=json"
        },
        {
            "congress": 101,
            "introducedDate": "1989-08-02",
            "latestAction": {
                "actionDate": "1989-11-22",
                "text": "See H.R.3275."
            },
            "number": "3093",
            "policyArea": {
                "name": "Foreign Trade and International Finance"
            },
            "title": "Steel Fair Trade Review Act",
            "type": "HR",
            "url": "https://api.congress.gov/v3/bill/101/hr/3093?format=json"
        },
        {
            "congress": 101,
            "introducedDate": "1989-06-15",
            "latestAction": {
                "actionDate": "1990-02-28",
                "text": "Subcommittee Hearings Held."
            },
            "number": "2664",
            "policyArea": {
                "name": "Labor and Employment"
            },
            "title": "To amend title I of the Employee Retirement Income Security Act of 1974 to provide for joint trusteeship of single-employer pension plans.",
            "type": "HR",
            "url": "https://api.congress.gov/v3/bill/101/hr/2664?format=json"
        },
        {
            "congress": 101,
            "introducedDate": "1989-02-06",
            "latestAction": {
                "actionDate": "1989-02-06",
                "text": "Referred to the House Committee on Rules."
            },
            "number": "128",
            "policyArea": {
                "name": "Government Operations and Politics"
            },
            "title": "Disapproving the pay adjustments for executive, legislative, and judicial branch positions recently recommended by the President; requiring that pay adjustments for positions covered by those recommendations be made by law pursuant to a recorded vote in each House of Congress and that the adjustments be deferred until the beginning of the following Congress, and for other purposes.",
            "type": "HJRES",
            "url": "https://api.congress.gov/v3/bill/101/hjres/128?format=json"
        },
        {
            "congress": 101,
            "introducedDate": "1990-09-24",
            "latestAction": {
                "actionDate": "1990-10-09",
                "text": "Referred to the Subcommittee on Europe and the Middle East."
            },
            "number": "474",
            "policyArea": {
                "name": "International Affairs"
            },
            "title": "Calling for an international investigation of, and the prosecution of those responsible for, Iragi war crimes against foreign nationals.",
            "type": "HRES",
            "url": "https://api.congress.gov/v3/bill/101/hres/474?format=json"
        },
        {
            "congress": 102,
            "introducedDate": "1992-07-02",
            "latestAction": {
                "actionDate": "1992-07-14",
                "text": "Referred to the Subcommittee on Health."
            },
            "number": "5558",
            "policyArea": {
                "name": "Health"
            },
            "title": "To amend title XVIII of the Social Security Act to protect certain hospitals from the unintended effects of geographic reclassification in determining the amount of payments to such hospitals for the operating costs of inpatient hospital services under part A of the medicare program, to clarify the criteria used for the geographic reclassification of hospitals under the program, and to permit certain hospitals to be treated as regional referral centers under the program.",
            "type": "HR",
            "url": "https://api.congress.gov/v3/bill/102/hr/5558?format=json"
        },
        {
            "congress": 102,
            "introducedDate": "1992-06-04",
            "latestAction": {
                "actionDate": "1992-06-18",
                "text": "Referred to the Subcommittee on Water Resources."
            },
            "number": "5330",
            "policyArea": {
                "name": "Water Resources Development"
            },
            "title": "To permit a diversion of water from Lake Michigan to the town of Lowell, Indiana.",
            "type": "HR",
            "url": "https://api.congress.gov/v3/bill/102/hr/5330?format=json"
        },
        {
            "congress": 102,
            "introducedDate": "1991-11-26",
            "latestAction": {
                "actionDate": "1991-11-27",
                "text": "Referred to the Subcommittee on Trade."
            },
            "number": "4051",
            "policyArea": {
                "name": "Foreign Trade and International Finance"
            },
            "title": "Steel Trade Liberalization Program Extension Act",
            "type": "HR",
            "url": "https://api.congress.gov/v3/bill/102/hr/4051?format=json"
        },
        {
            "congress": 102,
            "introducedDate": "1991-11-22",
            "latestAction": {
                "actionDate": "1991-11-22",
                "text": "Referred to the House Committee on Veterans' Affairs."
            },
            "number": "3896",
            "policyArea": {
                "name": "Armed Forces and National Security"
            },
            "title": "To direct the Secretary of Veterans Affairs to establish a national cemetery for veterans in Lake County or Porter County, Indiana.",
            "type": "HR",
            "url": "https://api.congress.gov/v3/bill/102/hr/3896?format=json"
        },
        {
            "congress": 102,
            "introducedDate": "1991-11-14",
            "latestAction": {
                "actionDate": "1992-07-09",
                "text": "Subcommittee Hearings Held."
            },
            "number": "3790",
            "policyArea": {
                "name": "Economics and Public Finance"
            },
            "title": "Reuse of American Industrial Manufacturing Facilities Act of 1991",
            "type": "HR",
            "url": "https://api.congress.gov/v3/bill/102/hr/3790?format=json"
        },
        {
            "congress": 102,
            "introducedDate": "1991-06-24",
            "latestAction": {
                "actionDate": "1991-07-02",
                "text": "Referred to the Subcommittee on International Law, Immigration, and Refugees."
            },
            "number": "2741",
            "policyArea": {
                "name": "Immigration"
            },
            "title": "To direct the Attorney General to establish in Lake County, Indiana an office of the Immigration and Naturalization Service.",
            "type": "HR",
            "url": "https://api.congress.gov/v3/bill/102/hr/2741?format=json"
        },
        {
            "congress": 102,
            "introducedDate": "1991-06-20",
            "latestAction": {
                "actionDate": "1991-07-05",
                "text": "Referred to the Subcommittee on Water Resources."
            },
            "number": "2725",
            "policyArea": {
                "name": "Transportation and Public Works"
            },
            "title": "To amend the Federal Water Pollution Control Act to direct the Administrator of the Environmental Protection Agency to enter into contracts with the Secretary of the Army to carry out a project for the removal and appropriate disposal of sediments, including contaminated sediments, in Indiana Harbor and Ship Canal, East Chicago, Indiana.",
            "type": "HR",
            "url": "https://api.congress.gov/v3/bill/102/hr/2725?format=json"
        },
        {
            "congress": 102,
            "introducedDate": "1991-06-20",
            "latestAction": {
                "actionDate": "1991-07-05",
                "text": "Referred to the Subcommittee on Water Resources."
            },
            "number": "2724",
            "policyArea": {
                "name": "Environmental Protection"
            },
            "title": "Water Pollution Penalty Fund Act of 1991",
            "type": "HR",
            "url": "https://api.congress.gov/v3/bill/102/hr/2724?format=json"
        },
        {
            "congress": 102,
            "introducedDate": "1991-05-09",
            "latestAction": {
                "actionDate": "1991-05-21",
                "text": "Referred to the Subcommittee on Investigations."
            },
            "number": "2308",
            "policyArea": {
                "name": "Armed Forces and National Security"
            },
            "title": "To amend title 10, United States Code, to provide that defense contractors not be denied reimbursement for certain severance costs incurred because of United States or host country action, and for other purposes.",
            "type": "HR",
            "url": "https://api.congress.gov/v3/bill/102/hr/2308?format=json"
        },
        {
            "congress": 102,
            "introducedDate": "1991-04-16",
            "latestAction": {
                "actionDate": "1991-06-24",
                "text": "See H.R.1006."
            },
            "number": "1839",
            "policyArea": {
                "name": "Private Legislation"
            },
            "title": "To authorize issuance of a certificate of documentation for employment in the coastwise trade of the United States for the vessel Phoenix.",
            "type": "HR",
            "url": "https://api.congress.gov/v3/bill/102/hr/1839?format=json"
        },
        {
            "congress": 102,
            "introducedDate": "1991-02-28",
            "latestAction": {
                "actionDate": "1992-10-23",
                "text": "Became Public Law No: 102-430."
            },
            "number": "1216",
            "policyArea": {
                "name": "Public Lands and Natural Resources"
            },
            "title": "Indiana Dunes National Lakeshore Access and Enhancement Act",
            "type": "HR",
            "url": "https://api.congress.gov/v3/bill/102/hr/1216?format=json"
        },
        {
            "congress": 102,
            "introducedDate": "1991-01-31",
            "latestAction": {
                "actionDate": "1991-01-31",
                "text": "Referred to the House Committee on Ways and Means."
            },
            "number": "774",
            "policyArea": {
                "name": "Taxation"
            },
            "title": "Right to Safe Drinking Water Act of 1991",
            "type": "HR",
            "url": "https://api.congress.gov/v3/bill/102/hr/774?format=json"
        },
        {
            "congress": 102,
            "introducedDate": "1991-01-09",
            "latestAction": {
                "actionDate": "1991-10-30",
                "text": "Became Public Law No: 102-148."
            },
            "number": "470",
            "policyArea": {
                "name": "Public Lands and Natural Resources"
            },
            "title": "To authorize the Secretary of Transportation to release the restrictions, requirements, and conditions imposed in connection with the conveyance of certain lands to the city of Gary, Indiana.",
            "type": "HR",
            "url": "https://api.congress.gov/v3/bill/102/hr/470?format=json"
        },
        {
            "congress": 102,
            "introducedDate": "1991-06-05",
            "latestAction": {
                "actionDate": "1991-06-17",
                "text": "Referred to the Subcommittee on Commerce, Consumer Protection and Competitiveness."
            },
            "number": "167",
            "policyArea": {
                "name": "Government Operations and Politics"
            },
            "title": "Expressing the sense of the House of Representatives that United States businesses engaged in the rebuilding of Kuwait should use United States subcontractors and all available United States goods and services.",
            "type": "HRES",
            "url": "https://api.congress.gov/v3/bill/102/hres/167?format=json"
        },
        {
            "congress": 102,
            "introducedDate": "1991-01-23",
            "latestAction": {
                "actionDate": "1991-06-06",
                "text": "Executive Comment Received from State."
            },
            "number": "42",
            "policyArea": {
                "name": "International Affairs"
            },
            "title": "Calling for an international investigation of, and the prosecution of those responsible for, Iraqi war crimes against prisoners of war and other foreign nationals.",
            "type": "HRES",
            "url": "https://api.congress.gov/v3/bill/102/hres/42?format=json"
        },
        {
            "congress": 102,
            "introducedDate": "1991-11-21",
            "latestAction": {
                "actionDate": "1991-12-02",
                "text": "Referred to the Subcommittee on Europe and the Middle East."
            },
            "number": "245",
            "policyArea": {
                "name": "International Affairs"
            },
            "title": "Urging all parties in Yugoslavia to cease further use of force and engage fully and in good faith in negotiations on the future of Yugoslavia.",
            "type": "HCONRES",
            "url": "https://api.congress.gov/v3/bill/102/hconres/245?format=json"
        },
        {
            "congress": 102,
            "introducedDate": "1991-07-17",
            "latestAction": {
                "actionDate": "1991-08-02",
                "text": "Referred to the Subcommittee on Trade."
            },
            "number": "184",
            "policyArea": {
                "name": "Foreign Trade and International Finance"
            },
            "title": "Regarding the regulation of steel product imports into the United States from the Union of South Africa.",
            "type": "HCONRES",
            "url": "https://api.congress.gov/v3/bill/102/hconres/184?format=json"
        },
        {
            "amendmentNumber": "688",
            "congress": 103,
            "introducedDate": "1994-06-27",
            "latestAction": {
                "actionDate": "1994-06-27",
                "actionTime": "17:57:32",
                "text": "On agreeing to the Visclosky amendment (A015) Agreed to by voice vote. "
            },
            "type": null,
            "url": "https://api.congress.gov/v3/amendment/103/hamdt/688?format=json"
        },
        {
            "amendmentNumber": "687",
            "congress": 103,
            "introducedDate": "1994-06-27",
            "latestAction": {
                "actionDate": "1994-06-27",
                "actionTime": "17:55:43",
                "text": "On agreeing to the Visclosky amendment (A014) Agreed to by voice vote. "
            },
            "type": null,
            "url": "https://api.congress.gov/v3/amendment/103/hamdt/687?format=json"
        },
        {
            "congress": 103,
            "introducedDate": "1994-07-28",
            "latestAction": {
                "actionDate": "1994-08-11",
                "text": "Referred to the Subcommittee on Surface Transportation."
            },
            "number": "4855",
            "policyArea": {
                "name": "Transportation and Public Works"
            },
            "title": "Rail Grade Crossing Safety Enhancement Act of 1994",
            "type": "HR",
            "url": "https://api.congress.gov/v3/bill/103/hr/4855?format=json"
        },
        {
            "congress": 103,
            "introducedDate": "1994-04-20",
            "latestAction": {
                "actionDate": "1994-04-27",
                "text": "Referred to the Subcommittee on Trade."
            },
            "number": "4271",
            "policyArea": {
                "name": "Foreign Trade and International Finance"
            },
            "title": "Worker Rights and Labor Standards Trade Act of 1994",
            "type": "HR",
            "url": "https://api.congress.gov/v3/bill/103/hr/4271?format=json"
        },
        {
            "congress": 103,
            "introducedDate": "1994-02-10",
            "latestAction": {
                "actionDate": "1994-02-25",
                "text": "Referred to the Subcommittee on Public Buildings and Grounds."
            },
            "number": "3845",
            "policyArea": {
                "name": "Government Operations and Politics"
            },
            "title": "Prohibition of Cigarette Sales to Minors in Federal Buildings and Lands Act",
            "type": "HR",
            "url": "https://api.congress.gov/v3/bill/103/hr/3845?format=json"
        },
        {
            "congress": 103,
            "introducedDate": "1994-02-10",
            "latestAction": {
                "actionDate": "1994-03-04",
                "text": "Referred to the Subcommittee on Transportation and Hazardous Materials."
            },
            "number": "3843",
            "policyArea": {
                "name": "Environmental Protection"
            },
            "title": "Brownfield Cleanup and Redevelopment Act",
            "type": "HR",
            "url": "https://api.congress.gov/v3/bill/103/hr/3843?format=json"
        },
        {
            "congress": 103,
            "introducedDate": "1994-02-10",
            "latestAction": {
                "actionDate": "1994-03-04",
                "text": "Referred to the Subcommittee on Transportation and Hazardous Materials."
            },
            "number": "3844",
            "policyArea": {
                "name": "Environmental Protection"
            },
            "title": "Brownfield Cleanup and Redevelopment Revolving Loan Fund Act",
            "type": "HR",
            "url": "https://api.congress.gov/v3/bill/103/hr/3844?format=json"
        },
        {
            "congress": 103,
            "introducedDate": "1993-05-10",
            "latestAction": {
                "actionDate": "1993-05-24",
                "text": "Referred to the Subcommittee on Water Resources and Environment."
            },
            "number": "2054",
            "policyArea": {
                "name": "Water Resources Development"
            },
            "title": "To direct the Secretary of the Army to develop a watershed management plan for the Lake George area of Indiana, and for other purposes.",
            "type": "HR",
            "url": "https://api.congress.gov/v3/bill/103/hr/2054?format=json"
        },
        {
            "congress": 103,
            "introducedDate": "1993-04-21",
            "latestAction": {
                "actionDate": "1994-03-03",
                "text": "See H.R.3948."
            },
            "number": "1801",
            "policyArea": {
                "name": "Environmental Protection"
            },
            "title": "National Clean Water Trust Fund Act of 1993",
            "type": "HR",
            "url": "https://api.congress.gov/v3/bill/103/hr/1801?format=json"
        },
        {
            "congress": 103,
            "introducedDate": "1993-03-25",
            "latestAction": {
                "actionDate": "1993-04-08",
                "text": "Referred to the Subcommittee on Water Resources and Environment."
            },
            "number": "1499",
            "policyArea": {
                "name": "Water Resources Development"
            },
            "title": "To modify the flood control project for the Little Calumet River, Indiana, to direct the Secretary of the Army to provide a local preference in awarding contracts to carry out the project, and for other purposes.",
            "type": "HR",
            "url": "https://api.congress.gov/v3/bill/103/hr/1499?format=json"
        },
        {
            "congress": 103,
            "introducedDate": "1993-02-04",
            "latestAction": {
                "actionDate": "1993-02-18",
                "text": "Referred to the Subcommittee on Housing and Memorial Affairs."
            },
            "number": "871",
            "policyArea": {
                "name": "Armed Forces and National Security"
            },
            "title": "To direct the Secretary of Veterans Affairs to establish a national cemetery for veterans in Lake County or Porter County, Indiana.",
            "type": "HR",
            "url": "https://api.congress.gov/v3/bill/103/hr/871?format=json"
        },
        {
            "amendmentNumber": "1122",
            "congress": 104,
            "introducedDate": "1996-06-05",
            "latestAction": {
                "actionDate": "1996-06-05",
                "actionTime": "18:37:11",
                "text": "On agreeing to the Visclosky amendment (A011) Agreed to by recorded vote: 301 - 118, 1 Present (Roll no. 214). "
            },
            "type": null,
            "url": "https://api.congress.gov/v3/amendment/104/hamdt/1122?format=json"
        },
        {
            "amendmentNumber": "484",
            "congress": 104,
            "introducedDate": "1995-06-28",
            "latestAction": {
                "actionDate": "1995-06-29",
                "actionTime": "01:48:26",
                "text": "On agreeing to the Visclosky amendment (A026) Agreed to by voice vote. "
            },
            "type": null,
            "url": "https://api.congress.gov/v3/amendment/104/hamdt/484?format=json"
        },
        {
            "amendmentNumber": "374",
            "congress": 104,
            "introducedDate": "1995-05-11",
            "latestAction": {
                "actionDate": "1995-05-11",
                "actionTime": "19:03:54",
                "text": "On agreeing to the Visclosky amendment (A019) Failed by recorded vote: 156 - 247 (Roll no. 325). "
            },
            "type": null,
            "url": "https://api.congress.gov/v3/amendment/104/hamdt/374?format=json"
        },
        {
            "congress": 104,
            "introducedDate": "1996-03-14",
            "latestAction": {
                "actionDate": "1996-03-20",
                "text": "Executive Comment Requested from USDA, Interior."
            },
            "number": "3102",
            "policyArea": {
                "name": "Economics and Public Finance"
            },
            "title": "Common Sense Corporate Responsibility Act of 1996",
            "type": "HR",
            "url": "https://api.congress.gov/v3/bill/104/hr/3102?format=json"
        },
        {
            "congress": 104,
            "introducedDate": "1996-02-29",
            "latestAction": {
                "actionDate": "1996-03-14",
                "text": "Referred to the Subcommittee on Surface Transportation."
            },
            "number": "3000",
            "policyArea": {
                "name": "Transportation and Public Works"
            },
            "title": "Highway Rail Grade Crossing Safety Formula Enhancement Act of 1996",
            "type": "HR",
            "url": "https://api.congress.gov/v3/bill/104/hr/3000?format=json"
        },
        {
            "congress": 104,
            "introducedDate": "1995-04-07",
            "latestAction": {
                "actionDate": "1995-10-25",
                "text": "Sponsor introductory remarks on measure. (CR H10792)"
            },
            "number": "1516",
            "policyArea": {
                "name": "Economics and Public Finance"
            },
            "title": "Balanced Budget Enforcement Act of 1995",
            "type": "HR",
            "url": "https://api.congress.gov/v3/bill/104/hr/1516?format=json"
        },
        {
            "congress": 104,
            "introducedDate": "1995-04-05",
            "latestAction": {
                "actionDate": "1995-04-19",
                "text": "Referred to the Subcommittee on Coast Guard and Maritime Transportation."
            },
            "number": "1419",
            "policyArea": {
                "name": "Sports and Recreation"
            },
            "title": "To provide an exemption with respect to gambling devices on certain vessels making voyages on Lake Michigan.",
            "type": "HR",
            "url": "https://api.congress.gov/v3/bill/104/hr/1419?format=json"
        },
        {
            "congress": 104,
            "introducedDate": "1995-03-07",
            "latestAction": {
                "actionDate": "1995-03-20",
                "text": "Referred to the Subcommittee on Water Resources and Environment."
            },
            "number": "1152",
            "policyArea": {
                "name": "Environmental Protection"
            },
            "title": "National Clean Water Trust Fund Act of 1995",
            "type": "HR",
            "url": "https://api.congress.gov/v3/bill/104/hr/1152?format=json"
        },
        {
            "congress": 104,
            "introducedDate": "1995-03-01",
            "latestAction": {
                "actionDate": "1995-03-13",
                "text": "Referred to the Subcommittee on Water Resources and Environment."
            },
            "number": "1107",
            "policyArea": {
                "name": "Water Resources Development"
            },
            "title": "To direct the Secretary of the Army to develop a watershed management plan for the Lake George area of Indiana, and for other purposes.",
            "type": "HR",
            "url": "https://api.congress.gov/v3/bill/104/hr/1107?format=json"
        },
        {
            "congress": 105,
            "introducedDate": "1998-09-23",
            "latestAction": {
                "actionDate": "1998-10-13",
                "text": "Referred to the Subcommittee on Postal Service."
            },
            "number": "4616",
            "policyArea": {
                "name": "Commemorations"
            },
            "title": "To designate the United States Post Office located at 3813 Main Street in East Chicago, Indiana, as the \"Corporal Harold Gomez Post Office\".",
            "type": "HR",
            "url": "https://api.congress.gov/v3/bill/105/hr/4616?format=json"
        },
        {
            "congress": 105,
            "introducedDate": "1998-03-05",
            "latestAction": {
                "actionDate": "1998-04-21",
                "text": "Referred to the Subcommittee on Military Readiness."
            },
            "number": "3404",
            "policyArea": {
                "name": "Armed Forces and National Security"
            },
            "title": "To require additional public education, outreach, and participation with respect to the disposal of napalm and certain other materials owned or controlled by the Department of Defense, and for other purposes.",
            "type": "HR",
            "url": "https://api.congress.gov/v3/bill/105/hr/3404?format=json"
        },
        {
            "congress": 105,
            "introducedDate": "1998-01-27",
            "latestAction": {
                "actionDate": "1998-02-11",
                "text": "Referred to the Subcommittee on Health and Environment."
            },
            "number": "3111",
            "policyArea": {
                "name": "Health"
            },
            "title": "Physician Availability Act of 1997",
            "type": "HR",
            "url": "https://api.congress.gov/v3/bill/105/hr/3111?format=json"
        },
        {
            "congress": 105,
            "introducedDate": "1997-11-05",
            "latestAction": {
                "actionDate": "1998-05-12",
                "actionTime": "18:39:17",
                "text": "Laid on the table. See S. 1605 for further action. (consideration: CR H3068)"
            },
            "number": "2829",
            "policyArea": {
                "name": "Crime and Law Enforcement"
            },
            "title": "Bulletproof Vest Partnership Grant Act of 1998",
            "type": "HR",
            "url": "https://api.congress.gov/v3/bill/105/hr/2829?format=json"
        },
        {
            "congress": 105,
            "introducedDate": "1997-10-08",
            "latestAction": {
                "actionDate": "1997-10-08",
                "text": "Referred to the House Committee on Ways and Means."
            },
            "number": "2642",
            "policyArea": {
                "name": "Taxation"
            },
            "title": "To amend the Internal Revenue Code of 1986 to clarify the standards for determining whether an employer-employee relationship exists.",
            "type": "HR",
            "url": "https://api.congress.gov/v3/bill/105/hr/2642?format=json"
        },
        {
            "congress": 105,
            "introducedDate": "1997-06-19",
            "latestAction": {
                "actionDate": "1997-06-24",
                "text": "Referred to the Subcommittee on National Parks and Public Lands."
            },
            "number": "1994",
            "policyArea": {
                "name": "Public Lands and Natural Resources"
            },
            "title": "To amend the Act entitled \"An Act to provide for the establishment of the Indiana Dunes National Lakeshore, and for other purposes\" to ensure an opportunity for persons who convey property for inclusion in that national lakeshore to retain a right of use and occupancy for a fixed term, and for other purposes.",
            "type": "HR",
            "url": "https://api.congress.gov/v3/bill/105/hr/1994?format=json"
        },
        {
            "congress": 105,
            "introducedDate": "1997-04-24",
            "latestAction": {
                "actionDate": "1997-05-06",
                "text": "Sponsor introductory remarks on measure. (CR H2173)"
            },
            "number": "1462",
            "policyArea": {
                "name": "Environmental Protection"
            },
            "title": "Brownfield Cleanup and Redevelopment Revolving Loan Fund Pilot Project Act of 1997",
            "type": "HR",
            "url": "https://api.congress.gov/v3/bill/105/hr/1462?format=json"
        },
        {
            "congress": 105,
            "introducedDate": "1997-04-14",
            "latestAction": {
                "actionDate": "1997-04-14",
                "text": "Referred to the House Committee on Ways and Means."
            },
            "number": "1320",
            "policyArea": {
                "name": "Labor and Employment"
            },
            "title": "To amend the Internal Revenue Code of 1986 to waive in the case of multiemployer plans the section 415 limit on benefits to the participant's average compensation for his high 3 years.",
            "type": "HR",
            "url": "https://api.congress.gov/v3/bill/105/hr/1320?format=json"
        },
        {
            "congress": 105,
            "introducedDate": "1997-04-15",
            "latestAction": {
                "actionDate": "1997-04-28",
                "text": "Referred to the Subcommittee on Risk Management and Specialty Crops."
            },
            "number": "1340",
            "policyArea": {
                "name": "Commerce"
            },
            "title": "Corporate Responsibility Act of 1997",
            "type": "HR",
            "url": "https://api.congress.gov/v3/bill/105/hr/1340?format=json"
        },
        {
            "congress": 105,
            "introducedDate": "1997-03-20",
            "latestAction": {
                "actionDate": "1997-05-06",
                "text": "Sponsor introductory remarks on measure. (CR H2173)"
            },
            "number": "1206",
            "policyArea": {
                "name": "Environmental Protection"
            },
            "title": "Brownfield Cleanup and Redevelopment Act",
            "type": "HR",
            "url": "https://api.congress.gov/v3/bill/105/hr/1206?format=json"
        },
        {
            "congress": 105,
            "introducedDate": "1997-02-27",
            "latestAction": {
                "actionDate": "1997-02-27",
                "text": "Referred to House Rules"
            },
            "number": "898",
            "policyArea": {
                "name": "Economics and Public Finance"
            },
            "title": "Balanced Budget Enforcement Act of 1997",
            "type": "HR",
            "url": "https://api.congress.gov/v3/bill/105/hr/898?format=json"
        },
        {
            "congress": 105,
            "introducedDate": "1997-02-13",
            "latestAction": {
                "actionDate": "1997-02-27",
                "text": "Referred to the Subcommittee on Water Resources and Environment."
            },
            "number": "806",
            "policyArea": {
                "name": "Environmental Protection"
            },
            "title": "National Clean Water Trust Fund Act of 1997",
            "type": "HR",
            "url": "https://api.congress.gov/v3/bill/105/hr/806?format=json"
        },
        {
            "congress": 105,
            "introducedDate": "1997-02-06",
            "latestAction": {
                "actionDate": "1997-02-20",
                "text": "Referred to the Subcommittee on Surface Transportation."
            },
            "number": "650",
            "policyArea": {
                "name": "Transportation and Public Works"
            },
            "title": "Highway Rail Grade Crossing Safety Formula Enhancement Act of 1997",
            "type": "HR",
            "url": "https://api.congress.gov/v3/bill/105/hr/650?format=json"
        }
    ]
}