{
    "pagination": {
        "count": 28
    },
    "request": {
        "bioguideId": "f000184",
        "contentType": "application/json",
        "format": "json"
    },
    "sponsoredLegislation": [
        {
            "congress": 100,
            "introducedDate": "1988-03-16",
            "latestAction": {
                "actionDate": "1988-03-29",
                "text": "Referred to Subcommittee on Census and Population."
            },
            "number": "505",
            "policyArea": {
                "name": "Commemorations"
            },
            "title": "A joint resolution designating May 1-7, 1988, as \"Students for Child Survival Week\".",
            "type": "HJRES",
            "url": "https://api.congress.gov/v3/bill/100/hjres/505?format=json"
        },
        {
            "congress": 100,
            "introducedDate": "1987-10-15",
            "latestAction": {
                "actionDate": "1988-03-28",
                "text": "Indefinitely postponed by Senate by Voice Vote."
            },
            "number": "377",
            "policyArea": {
                "name": "Commemorations"
            },
            "title": "A joint resolution designating March 27, 1988, as \"National Black American Inventors Day\".",
            "type": "HJRES",
            "url": "https://api.congress.gov/v3/bill/100/hjres/377?format=json"
        },
        {
            "congress": 100,
            "introducedDate": "1988-06-15",
            "latestAction": {
                "actionDate": "1988-07-15",
                "text": "Referred to Subcommittee on Housing and Community Development."
            },
            "number": "472",
            "policyArea": {
                "name": "Housing and Community Development"
            },
            "title": "A resolution expressing the sense of the House of Representives regarding the steps which the United States must take to ensure that all Americans have decent and affordable housing.",
            "type": "HRES",
            "url": "https://api.congress.gov/v3/bill/100/hres/472?format=json"
        },
        {
            "amendmentNumber": "640",
            "congress": 101,
            "introducedDate": "1990-07-31",
            "latestAction": {
                "actionDate": "1990-07-31",
                "actionTime": "16:35:56",
                "text": "On agreeing to the Flake amendment (A008) Agreed to by voice vote. "
            },
            "type": null,
            "url": "https://api.congress.gov/v3/amendment/101/hamdt/640?format=json"
        },
        {
            "congress": 101,
            "introducedDate": "1990-04-25",
            "latestAction": {
                "actionDate": "1990-05-01",
                "text": "Referred to the Subcommittee on Housing and Community Development."
            },
            "number": "4621",
            "policyArea": {
                "name": "Housing and Community Development"
            },
            "title": "Mickey Leland Peace Dividend Housing Assistance Act of 1990",
            "type": "HR",
            "url": "https://api.congress.gov/v3/bill/101/hr/4621?format=json"
        },
        {
            "congress": 101,
            "introducedDate": "1989-07-27",
            "latestAction": {
                "actionDate": "1989-08-24",
                "text": "Referred to the Subcommittee on Employment Opportunities."
            },
            "number": "3035",
            "policyArea": {
                "name": "Civil Rights and Liberties, Minority Issues"
            },
            "title": "Fair Employment Reinstatement Act",
            "type": "HR",
            "url": "https://api.congress.gov/v3/bill/101/hr/3035?format=json"
        },
        {
            "congress": 101,
            "introducedDate": "1989-07-19",
            "latestAction": {
                "actionDate": "1989-08-01",
                "text": "Referred to the Subcommittee on Housing and Community Development."
            },
            "number": "2928",
            "policyArea": {
                "name": "Housing and Community Development"
            },
            "title": "Urban Housing Rehabilitation Loan Revitalization Act of 1989",
            "type": "HR",
            "url": "https://api.congress.gov/v3/bill/101/hr/2928?format=json"
        },
        {
            "congress": 101,
            "introducedDate": "1989-06-15",
            "latestAction": {
                "actionDate": "1989-06-15",
                "text": "Referred to the House Committee on Ways and Means."
            },
            "number": "2671",
            "policyArea": {
                "name": "Taxation"
            },
            "title": "Home Ownership Plan Encouragement Act",
            "type": "HR",
            "url": "https://api.congress.gov/v3/bill/101/hr/2671?format=json"
        },
        {
            "congress": 101,
            "introducedDate": "1989-03-23",
            "latestAction": {
                "actionDate": "1989-03-29",
                "text": "Referred to the Subcommittee on Crime."
            },
            "number": "1612",
            "policyArea": {
                "name": "Crime and Law Enforcement"
            },
            "title": "To require applications for a license to deal in firearms or ammunition to include a statement from certain law enforcement authorities that the applicant is eligible under State law to obtain such a license.",
            "type": "HR",
            "url": "https://api.congress.gov/v3/bill/101/hr/1612?format=json"
        },
        {
            "congress": 101,
            "introducedDate": "1989-03-23",
            "latestAction": {
                "actionDate": "1989-03-29",
                "text": "Referred to the Subcommittee on Census and Population."
            },
            "number": "220",
            "policyArea": {
                "name": "Commerce"
            },
            "title": "Designating March 27, 1990, as \"National Black American Inventors Day\".",
            "type": "HJRES",
            "url": "https://api.congress.gov/v3/bill/101/hjres/220?format=json"
        },
        {
            "congress": 101,
            "introducedDate": "1989-03-23",
            "latestAction": {
                "actionDate": "1989-04-01",
                "text": "Referred to the Subcommittee on Housing and Community Development."
            },
            "number": "116",
            "policyArea": {
                "name": "Housing and Community Development"
            },
            "title": "Expressing the sense of the House of Representatives regarding the steps which the United States must take to ensure that all Americans have decent and affordable housing.",
            "type": "HRES",
            "url": "https://api.congress.gov/v3/bill/101/hres/116?format=json"
        },
        {
            "congress": 102,
            "introducedDate": "1991-10-01",
            "latestAction": {
                "actionDate": "1991-10-15",
                "text": "Referred to the Subcommittee on Housing and Community Development."
            },
            "number": "3448",
            "policyArea": {
                "name": "Housing and Community Development"
            },
            "title": "Mickey Leland Peace Dividend Housing Assistance Act of 1990",
            "type": "HR",
            "url": "https://api.congress.gov/v3/bill/102/hr/3448?format=json"
        },
        {
            "congress": 102,
            "introducedDate": "1991-05-20",
            "latestAction": {
                "actionDate": "1991-06-03",
                "text": "Referred to the Subcommittee on Financial Institutions Supervision, Regulation and Insurance."
            },
            "number": "2396",
            "policyArea": {
                "name": "Finance and Financial Sector"
            },
            "title": "Foreign Bank Supervision Enhancement Act of 1991",
            "type": "HR",
            "url": "https://api.congress.gov/v3/bill/102/hr/2396?format=json"
        },
        {
            "congress": 102,
            "introducedDate": "1991-03-07",
            "latestAction": {
                "actionDate": "1991-03-18",
                "text": "Referred to the Subcommittee on Africa."
            },
            "number": "1328",
            "policyArea": {
                "name": "International Affairs"
            },
            "title": "Liberian Relief, Rehabilitation, and Reconstruction Act of 1991",
            "type": "HR",
            "url": "https://api.congress.gov/v3/bill/102/hr/1328?format=json"
        },
        {
            "congress": 102,
            "introducedDate": "1991-02-21",
            "latestAction": {
                "actionDate": "1991-02-21",
                "text": "Referred to the House Committee on Education and Labor."
            },
            "number": "1061",
            "policyArea": {
                "name": "Civil Rights and Liberties, Minority Issues"
            },
            "title": "Fair Employment Reinstatement Act",
            "type": "HR",
            "url": "https://api.congress.gov/v3/bill/102/hr/1061?format=json"
        },
        {
            "congress": 102,
            "introducedDate": "1991-02-21",
            "latestAction": {
                "actionDate": "1991-02-21",
                "text": "Referred to the House Committee on Ways and Means."
            },
            "number": "1062",
            "policyArea": {
                "name": "Taxation"
            },
            "title": "Home Ownership Plan Encouragement Act",
            "type": "HR",
            "url": "https://api.congress.gov/v3/bill/102/hr/1062?format=json"
        },
        {
            "congress": 102,
            "introducedDate": "1991-01-11",
            "latestAction": {
                "actionDate": "1991-02-01",
                "text": "Referred to the Subcommittee on Financial Institutions Supervision, Regulation and Insurance."
            },
            "number": "482",
            "policyArea": {
                "name": "Finance and Financial Sector"
            },
            "title": "Fair Treatment for Freedom National Bank Act",
            "type": "HR",
            "url": "https://api.congress.gov/v3/bill/102/hr/482?format=json"
        },
        {
            "congress": 102,
            "introducedDate": "1991-02-21",
            "latestAction": {
                "actionDate": "1991-03-01",
                "text": "Referred to the Subcommittee on Housing and Community Development."
            },
            "number": "90",
            "policyArea": {
                "name": "Housing and Community Development"
            },
            "title": "Expressing the sense of the House of Representatives regarding the steps which the United States must take to ensure that all Americans have decent and affordable housing.",
            "type": "HRES",
            "url": "https://api.congress.gov/v3/bill/102/hres/90?format=json"
        },
        {
            "congress": 103,
            "introducedDate": "1994-06-08",
            "latestAction": {
                "actionDate": "1994-06-13",
                "text": "Referred to the Subcommittee on Human Resources."
            },
            "number": "4546",
            "policyArea": {
                "name": "Social Welfare"
            },
            "title": "Family Investment and Self-Sufficiency Act of 1994",
            "type": "HR",
            "url": "https://api.congress.gov/v3/bill/103/hr/4546?format=json"
        },
        {
            "congress": 103,
            "introducedDate": "1994-04-18",
            "latestAction": {
                "actionDate": "1994-05-02",
                "text": "Referred to the Subcommittee on Africa."
            },
            "number": "4238",
            "policyArea": {
                "name": "International Affairs"
            },
            "title": "Liberian Relief, Rehabilitation, and Reconstruction Act of 1994",
            "type": "HR",
            "url": "https://api.congress.gov/v3/bill/103/hr/4238?format=json"
        },
        {
            "congress": 103,
            "introducedDate": "1993-08-06",
            "latestAction": {
                "actionDate": "1993-08-19",
                "text": "Referred to the Subcommittee on Surface Transportation."
            },
            "number": "2939",
            "policyArea": {
                "name": "Transportation and Public Works"
            },
            "title": "To amend title 23, United States Code, to establish a minimum blood alcohol concentration level for individuals who are less than 21 years of age.",
            "type": "HR",
            "url": "https://api.congress.gov/v3/bill/103/hr/2939?format=json"
        },
        {
            "congress": 103,
            "introducedDate": "1993-07-22",
            "latestAction": {
                "actionDate": "1993-08-06",
                "text": "Sponsor introductory remarks on measure. (CR H6297)"
            },
            "number": "2707",
            "policyArea": {
                "name": "Finance and Financial Sector"
            },
            "title": "Bank Enterprise Act Amendments of 1993",
            "type": "HR",
            "url": "https://api.congress.gov/v3/bill/103/hr/2707?format=json"
        },
        {
            "congress": 103,
            "introducedDate": "1993-03-31",
            "latestAction": {
                "actionDate": "1993-04-02",
                "text": "Referred to the Subcommittee on Trade."
            },
            "number": "1567",
            "policyArea": {
                "name": "Taxation"
            },
            "title": "To amend the Internal Revenue Code of 1986 to provide that tax-exempt interest shall not be taken into account in determining the portion of social security benefits subject to income taxation.",
            "type": "HR",
            "url": "https://api.congress.gov/v3/bill/103/hr/1567?format=json"
        },
        {
            "congress": 103,
            "introducedDate": "1994-05-25",
            "latestAction": {
                "actionDate": "1994-05-25",
                "text": "Referred to the House Committee on Post Office and Civil Service."
            },
            "number": "252",
            "policyArea": {
                "name": "Government Operations and Politics"
            },
            "title": "Expressing the sense of the Congress that a postage stamp should be issued to recognize the achievements of Lewis Howard Latimer.",
            "type": "HCONRES",
            "url": "https://api.congress.gov/v3/bill/103/hconres/252?format=json"
        },
        {
            "congress": 104,
            "introducedDate": "1995-07-27",
            "latestAction": {
                "actionDate": "1995-08-11",
                "text": "Referred to the Subcommittee on Financial Institutions and Consumer Credit."
            },
            "number": "2123",
            "policyArea": {
                "name": "Finance and Financial Sector"
            },
            "title": "Savings Association Insurance Fund Capitalization Act of 1995",
            "type": "HR",
            "url": "https://api.congress.gov/v3/bill/104/hr/2123?format=json"
        },
        {
            "congress": 104,
            "introducedDate": "1995-03-16",
            "latestAction": {
                "actionDate": "1995-04-06",
                "text": "Sponsor introductory remarks on measure. (CR H4342)"
            },
            "number": "1258",
            "policyArea": {
                "name": "Commerce"
            },
            "title": "Small Business Capital Access Act of 1995",
            "type": "HR",
            "url": "https://api.congress.gov/v3/bill/104/hr/1258?format=json"
        },
        {
            "congress": 104,
            "introducedDate": "1995-03-09",
            "latestAction": {
                "actionDate": "1995-03-14",
                "text": "Referred to the Subcommittee on Human Resources."
            },
            "number": "1181",
            "policyArea": {
                "name": "Social Welfare"
            },
            "title": "Family Investment and Self-Sufficiency Act of 1995",
            "type": "HR",
            "url": "https://api.congress.gov/v3/bill/104/hr/1181?format=json"
        },
        {
            "congress": 105,
            "introducedDate": "1997-02-12",
            "latestAction": {
                "actionDate": "1997-03-21",
                "text": "Referred to the Subcommittee on Postsecondary Education, Training and Life-Long Learning."
            },
            "number": "717",
            "policyArea": {
                "name": "Education"
            },
            "title": "To amend the Higher Education Act of 1965 to continue the exemption of certain institutions of higher education serving minorities from default-based ineligibility for student loan programs.",
            "type": "HR",
            "url": "https://api.congress.gov/v3/bill/105/hr/717?format=json"
        }
    ]
}