{
    "pagination": {
        "count": 15
    },
    "request": {
        "bioguideId": "s000282",
        "contentType": "application/json",
        "format": "json"
    },
    "sponsoredLegislation": [
        {
            "amendmentNumber": "329",
            "congress": 97,
            "introducedDate": "1981-10-21",
            "latestAction": {
                "actionDate": "1981-10-21",
                "text": "Amendment Failed of Passage in Committee of Whole by Recorded Vote: 184 - 231 (Record Vote No: 271). "
            },
            "type": null,
            "url": "https://api.congress.gov/v3/amendment/97/hamdt/329?format=json"
        },
        {
            "amendmentNumber": "236",
            "congress": 97,
            "introducedDate": "1981-09-17",
            "latestAction": {
                "actionDate": "1981-09-17",
                "text": "Amendment Passed in Committee of the Whole by Voice Vote. "
            },
            "type": null,
            "url": "https://api.congress.gov/v3/amendment/97/hamdt/236?format=json"
        },
        {
            "congress": 97,
            "introducedDate": "1982-09-30",
            "latestAction": {
                "actionDate": "1982-10-15",
                "text": "Referred to Subcommittee on Housing and Community Development."
            },
            "number": "7249",
            "policyArea": {
                "name": "Finance and Financial Sector"
            },
            "title": "Time-Shares Sales Full Disclosure Act",
            "type": "HR",
            "url": "https://api.congress.gov/v3/bill/97/hr/7249?format=json"
        },
        {
            "congress": 97,
            "introducedDate": "1982-03-30",
            "latestAction": {
                "actionDate": "1982-04-06",
                "text": "Referred to Subcommittee on Health."
            },
            "number": "5987",
            "policyArea": {
                "name": "Social Welfare"
            },
            "title": "Social Security Trust Funds Improvement Act of 1982",
            "type": "HR",
            "url": "https://api.congress.gov/v3/bill/97/hr/5987?format=json"
        },
        {
            "congress": 97,
            "introducedDate": "1982-03-17",
            "latestAction": {
                "actionDate": "1982-09-29",
                "text": "Forwarded by Subcommittee to Full Committee (Amended)."
            },
            "number": "5880",
            "policyArea": {
                "name": "Transportation and Public Works"
            },
            "title": "Automobile Research Competition Act",
            "type": "HR",
            "url": "https://api.congress.gov/v3/bill/97/hr/5880?format=json"
        },
        {
            "congress": 97,
            "introducedDate": "1982-02-23",
            "latestAction": {
                "actionDate": "1982-03-12",
                "text": "Referred to Subcommittee on Courts, Civil Liberties, and the Administration of Justice."
            },
            "number": "5572",
            "policyArea": {
                "name": "Crime and Law Enforcement"
            },
            "title": "A bill to amend title 18, United States Code, to require the National Institute of Corrections to establish and administer training programs for guards employed at State correctional, juvenile, and detention facilities.",
            "type": "HR",
            "url": "https://api.congress.gov/v3/bill/97/hr/5572?format=json"
        },
        {
            "congress": 97,
            "introducedDate": "1982-02-02",
            "latestAction": {
                "actionDate": "1982-02-02",
                "text": "Referred to House Committee on Agriculture."
            },
            "number": "5423",
            "policyArea": {
                "name": "Agriculture and Food"
            },
            "title": "A bill to amend the Agricultural Adjustment Act to terminate the authority of the Secretary of Agriculture to enter into marketing agreements, to issue marketing orders, and to enforce such agreements and orders, with respect to fruits, vegetables, hops, and tree nuts.",
            "type": "HR",
            "url": "https://api.congress.gov/v3/bill/97/hr/5423?format=json"
        },
        {
            "congress": 97,
            "introducedDate": "1981-09-09",
            "latestAction": {
                "actionDate": "1981-09-14",
                "text": "Referred to Subcommittee on Health."
            },
            "number": "4443",
            "policyArea": {
                "name": "Social Welfare"
            },
            "title": "A bill to amend the Social Security Act to provide for improved management of the social security trust funds and increase the return on investments to those funds.",
            "type": "HR",
            "url": "https://api.congress.gov/v3/bill/97/hr/4443?format=json"
        },
        {
            "congress": 97,
            "introducedDate": "1981-07-27",
            "latestAction": {
                "actionDate": "1981-08-04",
                "text": "See H.R.4242."
            },
            "number": "4277",
            "policyArea": {
                "name": "Taxation"
            },
            "title": "A bill to make the exclusion of amounts received under a qualified group legal services plan permanent.",
            "type": "HR",
            "url": "https://api.congress.gov/v3/bill/97/hr/4277?format=json"
        },
        {
            "congress": 97,
            "introducedDate": "1981-06-04",
            "latestAction": {
                "actionDate": "1981-06-04",
                "text": "Referred to House Committee on The Judiciary."
            },
            "number": "3834",
            "policyArea": {
                "name": "Private Legislation"
            },
            "title": "A bill for the relief of certain present and former employees of the Defense Supply Agency at the Defense Construction Supply Center in Columbus, Ohio.",
            "type": "HR",
            "url": "https://api.congress.gov/v3/bill/97/hr/3834?format=json"
        },
        {
            "congress": 97,
            "introducedDate": "1981-05-01",
            "latestAction": {
                "actionDate": "1981-05-15",
                "text": "Referred to Subcommittee on Housing and Community Development."
            },
            "number": "3381",
            "policyArea": {
                "name": "Housing and Community Development"
            },
            "title": "A bill to amend the National Housing Act to extend the period of time during which the Secretary of Housing and Urban Development may provide assistance under section 235(q).",
            "type": "HR",
            "url": "https://api.congress.gov/v3/bill/97/hr/3381?format=json"
        },
        {
            "congress": 97,
            "introducedDate": "1981-02-03",
            "latestAction": {
                "actionDate": "1981-02-03",
                "text": "Referred to House Committee on The Judiciary."
            },
            "number": "1633",
            "policyArea": {
                "name": "Private Legislation"
            },
            "title": "A bill for the relief of Ms. Daana Alyarez.",
            "type": "HR",
            "url": "https://api.congress.gov/v3/bill/97/hr/1633?format=json"
        },
        {
            "congress": 97,
            "introducedDate": "1981-02-03",
            "latestAction": {
                "actionDate": "1981-02-03",
                "text": "Referred to House Committee on The Judiciary."
            },
            "number": "1632",
            "policyArea": {
                "name": "Private Legislation"
            },
            "title": "A bill for the relief of Ms. Delphi Panisa.",
            "type": "HR",
            "url": "https://api.congress.gov/v3/bill/97/hr/1632?format=json"
        },
        {
            "congress": 97,
            "introducedDate": "1981-02-03",
            "latestAction": {
                "actionDate": "1981-02-03",
                "text": "Referred to House Committee on The Judiciary."
            },
            "number": "1634",
            "policyArea": {
                "name": "Private Legislation"
            },
            "title": "A bill for the relief of Ms. Clarita Guerrero.",
            "type": "HR",
            "url": "https://api.congress.gov/v3/bill/97/hr/1634?format=json"
        },
        {
            "congress": 97,
            "introducedDate": "1981-05-19",
            "latestAction": {
                "actionDate": "1981-09-17",
                "text": "Ordered to be Reported (Amended)."
            },
            "number": "142",
            "policyArea": {
                "name": "International Affairs"
            },
            "title": "A resolution expressing the sense of the House of Representatives that the United Nations Educational, Scientific and Cultural Organization should cease efforts to attempt to regulate the flow of news and information around the world.",
            "type": "HRES",
            "url": "https://api.congress.gov/v3/bill/97/hres/142?format=json"
        }
    ]
}