{
    "pagination": {
        "count": 10
    },
    "request": {
        "bioguideId": "h000236",
        "contentType": "application/json",
        "format": "json"
    },
    "sponsoredLegislation": [
        {
            "congress": 100,
            "introducedDate": "1988-07-14",
            "latestAction": {
                "actionDate": "1988-10-25",
                "text": "Became Public Law No: 100-529."
            },
            "number": "5059",
            "policyArea": {
                "name": "Public Lands and Natural Resources"
            },
            "title": "A bill to quiet title and possession with respect to a certain private land claim in Sumter County, Alabama.",
            "type": "HR",
            "url": "https://api.congress.gov/v3/bill/100/hr/5059?format=json"
        },
        {
            "congress": 101,
            "introducedDate": "1990-04-26",
            "latestAction": {
                "actionDate": "1990-07-26",
                "text": "See H.R.5326."
            },
            "number": "4657",
            "policyArea": {
                "name": "Armed Forces and National Security"
            },
            "title": "To provide that members of the Reserve and National Guard who participated in open-air nuclear tests during the 1950's and early 1960's and who have contracted certain radiation-related diseases shall be deemed, for purposes of certain benefits administered by the Department of Veterans Affairs, to have contracted those diseases in the active military, naval, or air service of the United States.",
            "type": "HR",
            "url": "https://api.congress.gov/v3/bill/101/hr/4657?format=json"
        },
        {
            "congress": 101,
            "introducedDate": "1990-02-06",
            "latestAction": {
                "actionDate": "1990-06-13",
                "text": "Unfavorable Executive Comment Received from USDA."
            },
            "number": "3955",
            "policyArea": {
                "name": "Emergency Management"
            },
            "title": "National Fire Forces Mobilization Act of 1990",
            "type": "HR",
            "url": "https://api.congress.gov/v3/bill/101/hr/3955?format=json"
        },
        {
            "congress": 101,
            "introducedDate": "1989-11-17",
            "latestAction": {
                "actionDate": "1989-11-17",
                "text": "Referred to the House Committee on Veterans' Affairs."
            },
            "number": "3706",
            "policyArea": {
                "name": "Armed Forces and National Security"
            },
            "title": "To amend title 38, United States Code, to provide eligibility for burial in national cemeteries of all members of the Selected Reserve and of individuals who have served at least 20 years in the Selected Reserve.",
            "type": "HR",
            "url": "https://api.congress.gov/v3/bill/101/hr/3706?format=json"
        },
        {
            "congress": 101,
            "introducedDate": "1989-03-15",
            "latestAction": {
                "actionDate": "1989-03-21",
                "text": "Referred to the Subcommittee on Immigration, Refugees, and International Law."
            },
            "number": "1460",
            "policyArea": {
                "name": "Private Legislation"
            },
            "title": "For the relief of Nicola Giampietro.",
            "type": "HR",
            "url": "https://api.congress.gov/v3/bill/101/hr/1460?format=json"
        },
        {
            "congress": 101,
            "introducedDate": "1990-04-04",
            "latestAction": {
                "actionDate": "1990-05-10",
                "text": "Became Public Law No: 101-287."
            },
            "number": "546",
            "policyArea": {
                "name": "Health"
            },
            "title": "Designating May 13, 1990, as Infant Mortality Awareness Day.",
            "type": "HJRES",
            "url": "https://api.congress.gov/v3/bill/101/hjres/546?format=json"
        },
        {
            "congress": 102,
            "introducedDate": "1992-03-03",
            "latestAction": {
                "actionDate": "1992-07-22",
                "text": "Committee on Veterans. Hearings held. Hearings printed: S.Hrg. 102-1008."
            },
            "number": "4368",
            "policyArea": {
                "name": "Armed Forces and National Security"
            },
            "title": "To amend title 38, United States Code, to extend eligibility for burial in national cemeteries to persons who have 20 years of service creditable for retired pay as members of a reserve component of the Armed Forces, and for other purposes.",
            "type": "HR",
            "url": "https://api.congress.gov/v3/bill/102/hr/4368?format=json"
        },
        {
            "congress": 102,
            "introducedDate": "1992-02-07",
            "latestAction": {
                "actionDate": "1992-02-07",
                "text": "Referred to the House Committee on Veterans' Affairs."
            },
            "number": "4196",
            "policyArea": {
                "name": "Armed Forces and National Security"
            },
            "title": "To prohibit the Secretary of Veterans Affairs from carrying out the Rural Health Care Initiative.",
            "type": "HR",
            "url": "https://api.congress.gov/v3/bill/102/hr/4196?format=json"
        },
        {
            "congress": 102,
            "introducedDate": "1992-02-26",
            "latestAction": {
                "actionDate": "1992-05-14",
                "text": "Became Public Law No: 102-283."
            },
            "number": "425",
            "policyArea": {
                "name": "Health"
            },
            "title": "Designating May 10, 1992, as \"Infant Mortality Awareness Day\".",
            "type": "HJRES",
            "url": "https://api.congress.gov/v3/bill/102/hjres/425?format=json"
        },
        {
            "congress": 102,
            "introducedDate": "1991-03-19",
            "latestAction": {
                "actionDate": "1991-05-14",
                "text": "Became Public Law No: 102-43."
            },
            "number": "194",
            "policyArea": {
                "name": "Health"
            },
            "title": "Designating May 12, 1991, as \"Infant Mortality Awareness Day\".",
            "type": "HJRES",
            "url": "https://api.congress.gov/v3/bill/102/hjres/194?format=json"
        }
    ]
}