{
    "pagination": {
        "count": 25
    },
    "request": {
        "bioguideId": "c001079",
        "contentType": "application/json",
        "format": "json"
    },
    "sponsoredLegislation": [
        {
            "amendmentNumber": "702",
            "congress": 111,
            "introducedDate": "2010-06-16",
            "latestAction": {
                "actionDate": "2010-06-17",
                "actionTime": "13:14:52",
                "text": "On agreeing to the Cao amendment (A009) Agreed to by recorded vote: 414 - 0, 1 Present (Roll no. 372). (consideration: CR H4614-4615)"
            },
            "type": null,
            "url": "https://api.congress.gov/v3/amendment/111/hamdt/702?format=json"
        },
        {
            "amendmentNumber": "682",
            "congress": 111,
            "introducedDate": "2010-06-10",
            "latestAction": {
                "actionDate": "2010-06-10",
                "actionTime": "11:41:53",
                "text": "On agreeing to the Cao amendment (A003) Agreed to by voice vote. "
            },
            "type": null,
            "url": "https://api.congress.gov/v3/amendment/111/hamdt/682?format=json"
        },
        {
            "amendmentNumber": "368",
            "congress": 111,
            "introducedDate": "2009-07-23",
            "latestAction": {
                "actionDate": "2009-07-23",
                "actionTime": "14:33:50",
                "text": "On agreeing to the Cao amendment (A006) Agreed to by voice vote. "
            },
            "type": null,
            "url": "https://api.congress.gov/v3/amendment/111/hamdt/368?format=json"
        },
        {
            "amendmentNumber": "329",
            "congress": 111,
            "introducedDate": "2009-07-15",
            "latestAction": {
                "actionDate": "2009-07-17",
                "actionTime": "13:39:14",
                "text": "On agreeing to the Cao amendment (A010) Agreed to by recorded vote: 423 - 1 (Roll no. 579). (consideration: CR H8329-8330; text: CR H8329)"
            },
            "type": null,
            "url": "https://api.congress.gov/v3/amendment/111/hamdt/329?format=json"
        },
        {
            "congress": 111,
            "introducedDate": "2010-11-18",
            "latestAction": {
                "actionDate": "2010-11-18",
                "text": "Referred to the House Committee on Foreign Affairs."
            },
            "number": "6432",
            "policyArea": {
                "name": "International Affairs"
            },
            "title": "Vietnam Democracy Promotion Act of 2010",
            "type": "HR",
            "url": "https://api.congress.gov/v3/bill/111/hr/6432?format=json"
        },
        {
            "congress": 111,
            "introducedDate": "2010-11-18",
            "latestAction": {
                "actionDate": "2010-12-20",
                "text": "Referred to the Subcommittee on Immigration, Citizenship, Refugees, Border Security, and International Law."
            },
            "number": "6433",
            "policyArea": {
                "name": "International Affairs"
            },
            "title": "Vietnam Human Rights Sanctions Act",
            "type": "HR",
            "url": "https://api.congress.gov/v3/bill/111/hr/6433?format=json"
        },
        {
            "congress": 111,
            "introducedDate": "2010-07-01",
            "latestAction": {
                "actionDate": "2010-07-14",
                "text": "Referred to the Subcommittee on Transportation Security and Infrastructure Protection."
            },
            "number": "5684",
            "policyArea": {
                "name": "Emergency Management"
            },
            "title": "Maritime Infrastructure Security and Counterterrorism Act",
            "type": "HR",
            "url": "https://api.congress.gov/v3/bill/111/hr/5684?format=json"
        },
        {
            "congress": 111,
            "introducedDate": "2010-06-17",
            "latestAction": {
                "actionDate": "2010-06-17",
                "text": "Referred to the House Committee on Financial Services."
            },
            "number": "5553",
            "policyArea": {
                "name": "Emergency Management"
            },
            "title": "National Flood Insurance Program Extension Act of 2010",
            "type": "HR",
            "url": "https://api.congress.gov/v3/bill/111/hr/5553?format=json"
        },
        {
            "congress": 111,
            "introducedDate": "2010-05-11",
            "latestAction": {
                "actionDate": "2010-05-12",
                "text": "Referred to the Subcommittee on Energy and Mineral Resources."
            },
            "number": "5267",
            "policyArea": {
                "name": "Energy"
            },
            "title": "To amend the Gulf of Mexico Energy Security Act of 2006 to accelerate the increase in the amount of Gulf of Mexico oil and gas lease revenues that is shared with States.",
            "type": "HR",
            "url": "https://api.congress.gov/v3/bill/111/hr/5267?format=json"
        },
        {
            "congress": 111,
            "introducedDate": "2010-02-25",
            "latestAction": {
                "actionDate": "2010-02-25",
                "text": "Referred to the House Committee on Ways and Means."
            },
            "number": "4697",
            "policyArea": {
                "name": "Taxation"
            },
            "title": "To amend the Internal Revenue Code of 1986 to exclude from gross income remediation payments for hazardous drywall.",
            "type": "HR",
            "url": "https://api.congress.gov/v3/bill/111/hr/4697?format=json"
        },
        {
            "congress": 111,
            "introducedDate": "2009-12-16",
            "latestAction": {
                "actionDate": "2009-12-16",
                "text": "Referred to the House Committee on Ways and Means."
            },
            "number": "4362",
            "policyArea": {
                "name": "Taxation"
            },
            "title": "To amend the Internal Revenue Code of 1986 to exclude from gross income remediation payments for hazardous drywall.",
            "type": "HR",
            "url": "https://api.congress.gov/v3/bill/111/hr/4362?format=json"
        },
        {
            "congress": 111,
            "introducedDate": "2009-12-08",
            "latestAction": {
                "actionDate": "2010-01-04",
                "text": "Referred to the Subcommittee on Crime, Terrorism, and Homeland Security."
            },
            "number": "4231",
            "policyArea": {
                "name": "Crime and Law Enforcement"
            },
            "title": "Safe Cities Act of 2009",
            "type": "HR",
            "url": "https://api.congress.gov/v3/bill/111/hr/4231?format=json"
        },
        {
            "congress": 111,
            "introducedDate": "2009-11-06",
            "latestAction": {
                "actionDate": "2009-11-07",
                "text": "Referred to the Subcommittee on Health."
            },
            "number": "4047",
            "policyArea": {
                "name": "Health"
            },
            "title": "To use historical averages to calculate the Federal Medical Assistance Percentage for disaster affected States for purposes of the Medicaid Program.",
            "type": "HR",
            "url": "https://api.congress.gov/v3/bill/111/hr/4047?format=json"
        },
        {
            "congress": 111,
            "introducedDate": "2009-10-28",
            "latestAction": {
                "actionDate": "2010-06-28",
                "text": "Became Public Law No: 111-193."
            },
            "number": "3951",
            "policyArea": {
                "name": "Government Operations and Politics"
            },
            "title": "To designate the facility of the United States Postal Service located at 2000 Louisiana Avenue in New Orleans, Louisiana, as the \"Roy Rondeno, Sr. Post Office Building\".",
            "type": "HR",
            "url": "https://api.congress.gov/v3/bill/111/hr/3951?format=json"
        },
        {
            "congress": 111,
            "introducedDate": "2009-09-23",
            "latestAction": {
                "actionDate": "2009-09-24",
                "text": "Referred to the Subcommittee on Economic Development, Public Buildings and Emergency Management."
            },
            "number": "3635",
            "policyArea": {
                "name": "Emergency Management"
            },
            "title": "Disaster Relief and Recovery Development Act of 2009",
            "type": "HR",
            "url": "https://api.congress.gov/v3/bill/111/hr/3635?format=json"
        },
        {
            "congress": 111,
            "introducedDate": "2009-07-31",
            "latestAction": {
                "actionDate": "2009-08-03",
                "text": "Referred to the Subcommittee on Economic Development, Public Buildings and Emergency Management."
            },
            "number": "3466",
            "policyArea": {
                "name": "Emergency Management"
            },
            "title": "To amend the Robert T. Stafford Disaster Relief and Emergency Assistance Act.",
            "type": "HR",
            "url": "https://api.congress.gov/v3/bill/111/hr/3466?format=json"
        },
        {
            "congress": 111,
            "introducedDate": "2009-07-27",
            "latestAction": {
                "actionDate": "2009-10-08",
                "text": "FOR FURTHER ACTION, see H.R. 3633."
            },
            "number": "3348",
            "policyArea": {
                "name": "Science, Technology, Communications"
            },
            "title": "To amend the Digital Television Transition and Public Safety Act of 2005 to extend the interoperable emergency communications grant program through fiscal year 2012.",
            "type": "HR",
            "url": "https://api.congress.gov/v3/bill/111/hr/3348?format=json"
        },
        {
            "congress": 111,
            "introducedDate": "2009-05-19",
            "latestAction": {
                "actionDate": "2009-05-20",
                "text": "Referred to the Subcommittee on Economic Development, Public Buildings and Emergency Management."
            },
            "number": "2484",
            "policyArea": {
                "name": "Emergency Management"
            },
            "title": "Ratepayer Recovery Act of 2009",
            "type": "HR",
            "url": "https://api.congress.gov/v3/bill/111/hr/2484?format=json"
        },
        {
            "congress": 111,
            "introducedDate": "2009-03-31",
            "latestAction": {
                "actionDate": "2009-10-08",
                "text": "FOR FURTHER ACTION, see H.R. 3633."
            },
            "number": "1819",
            "policyArea": {
                "name": "Science, Technology, Communications"
            },
            "title": "To amend the Digital Television Transition and Public Safety Act of 2005 to extend the interoperable emergency communications grant program through fiscal year 2012.",
            "type": "HR",
            "url": "https://api.congress.gov/v3/bill/111/hr/1819?format=json"
        },
        {
            "congress": 111,
            "introducedDate": "2010-07-29",
            "latestAction": {
                "actionDate": "2010-07-30",
                "text": "Referred to the Subcommittee on Economic Development, Public Buildings and Emergency Management."
            },
            "number": "1577",
            "policyArea": {
                "name": "Emergency Management"
            },
            "title": "Observing the fifth anniversary of the date on which Hurricane Katrina devastated the Gulf Coast, saluting the dedication of volunteers who offered assistance in support of those affected by the storm, recognizing the progress of efforts to rebuild the affected Gulf Coast region, commending the persistence of the people of the States of Louisiana, Mississippi, Alabama, and Florida, and reaffirming Congress' commitment to restore and renew.",
            "type": "HRES",
            "url": "https://api.congress.gov/v3/bill/111/hres/1577?format=json"
        },
        {
            "congress": 111,
            "introducedDate": "2010-05-05",
            "latestAction": {
                "actionDate": "2010-07-26",
                "text": "Referred to the Subcommittee on Immigration, Citizenship, Refugees, Border Security, and International Law."
            },
            "number": "1331",
            "policyArea": {
                "name": "Immigration"
            },
            "title": "Recognizing and appreciating the historical significance and the heroic struggle and sacrifice of the Vietnamese people for the cause of freedom and commending the Vietnamese-American community and nongovernmental organizations.",
            "type": "HRES",
            "url": "https://api.congress.gov/v3/bill/111/hres/1331?format=json"
        },
        {
            "congress": 111,
            "introducedDate": "2010-04-27",
            "latestAction": {
                "actionDate": "2010-04-27",
                "text": "Referred to the House Committee on Energy and Commerce."
            },
            "number": "1302",
            "policyArea": {
                "name": "Health"
            },
            "title": "Supporting the goals and ideals of National Hepatitis Awareness Month and World Hepatitis Day.",
            "type": "HRES",
            "url": "https://api.congress.gov/v3/bill/111/hres/1302?format=json"
        },
        {
            "congress": 111,
            "introducedDate": "2010-02-09",
            "latestAction": {
                "actionDate": "2010-03-04",
                "actionTime": "15:39:22",
                "text": "Motion to reconsider laid on the table Agreed to without objection."
            },
            "number": "1079",
            "policyArea": {
                "name": "Sports and Recreation"
            },
            "title": "Congratulating the National Football League Champion New Orleans Saints for winning Super Bowl XLIV and for bringing New Orleans its first Lombardi Trophy in franchise history.",
            "type": "HRES",
            "url": "https://api.congress.gov/v3/bill/111/hres/1079?format=json"
        },
        {
            "congress": 111,
            "introducedDate": "2009-10-14",
            "latestAction": {
                "actionDate": "2009-11-02",
                "actionTime": "14:51:49",
                "text": "Motion to reconsider laid on the table Agreed to without objection."
            },
            "number": "828",
            "policyArea": {
                "name": "Armed Forces and National Security"
            },
            "title": "To recognize October 24, 2009, the 20th chartered flight of World War II veterans through Louisiana HonorAir, as \"Louisiana HonorAir Day,\" and to honor the invaluable service and dedication of the World War II veterans to our Nation.",
            "type": "HRES",
            "url": "https://api.congress.gov/v3/bill/111/hres/828?format=json"
        },
        {
            "congress": 111,
            "introducedDate": "2009-04-21",
            "latestAction": {
                "actionDate": "2009-04-28",
                "actionTime": "13:18:47",
                "text": "Motion to reconsider laid on the table Agreed to without objection."
            },
            "number": "342",
            "policyArea": {
                "name": "Immigration"
            },
            "title": "Expressing support for designation of May 2, 2009, as \"Vietnamese Refugees Day\".",
            "type": "HRES",
            "url": "https://api.congress.gov/v3/bill/111/hres/342?format=json"
        }
    ]
}