{
    "pagination": {
        "count": 55
    },
    "request": {
        "bioguideId": "m001191",
        "contentType": "application/json",
        "format": "json"
    },
    "sponsoredLegislation": [
        {
            "amendmentNumber": "1118",
            "congress": 113,
            "introducedDate": "2014-07-24",
            "latestAction": {
                "actionDate": "2014-07-24",
                "actionTime": "13:22:25",
                "text": "On agreeing to the Murphy (FL) amendment (A003) Agreed to by voice vote. "
            },
            "type": null,
            "url": "https://api.congress.gov/v3/amendment/113/hamdt/1118?format=json"
        },
        {
            "amendmentNumber": "973",
            "congress": 113,
            "introducedDate": "2014-07-09",
            "latestAction": {
                "actionDate": "2014-07-09",
                "actionTime": "14:30:55",
                "text": "On agreeing to the Murphy (FL) amendment (A002) Agreed to by voice vote. "
            },
            "type": null,
            "url": "https://api.congress.gov/v3/amendment/113/hamdt/973?format=json"
        },
        {
            "amendmentNumber": "924",
            "congress": 113,
            "introducedDate": "2014-06-19",
            "latestAction": {
                "actionDate": "2014-06-19",
                "actionTime": "20:19:27",
                "text": "On agreeing to the Murphy (FL) amendment (A058) Agreed to by voice vote. "
            },
            "type": null,
            "url": "https://api.congress.gov/v3/amendment/113/hamdt/924?format=json"
        },
        {
            "amendmentNumber": "627",
            "congress": 113,
            "introducedDate": "2014-04-30",
            "latestAction": {
                "actionDate": "2014-04-30",
                "actionTime": "17:04:32",
                "text": "On agreeing to the Murphy (FL) amendment (A010) Agreed to by voice vote. "
            },
            "type": null,
            "url": "https://api.congress.gov/v3/amendment/113/hamdt/627?format=json"
        },
        {
            "amendmentNumber": "560",
            "congress": 113,
            "introducedDate": "2014-02-26",
            "latestAction": {
                "actionDate": "2014-02-26",
                "actionTime": "18:16:01",
                "text": "On agreeing to the Murphy (FL) amendment (A002) Failed by voice vote. "
            },
            "type": null,
            "url": "https://api.congress.gov/v3/amendment/113/hamdt/560?format=json"
        },
        {
            "amendmentNumber": "125",
            "congress": 113,
            "introducedDate": "2013-06-05",
            "latestAction": {
                "actionDate": "2013-06-05",
                "actionTime": "21:06:23",
                "text": "On agreeing to the Murphy (FL) amendment (A029) Failed by voice vote. "
            },
            "type": null,
            "url": "https://api.congress.gov/v3/amendment/113/hamdt/125?format=json"
        },
        {
            "amendmentNumber": "95",
            "congress": 113,
            "introducedDate": "2013-06-04",
            "latestAction": {
                "actionDate": "2013-06-04",
                "actionTime": "18:19:25",
                "text": "On agreeing to the Murphy (FL) amendment (A019) Agreed to by voice vote. "
            },
            "type": null,
            "url": "https://api.congress.gov/v3/amendment/113/hamdt/95?format=json"
        },
        {
            "amendmentNumber": "91",
            "congress": 113,
            "introducedDate": "2013-06-04",
            "latestAction": {
                "actionDate": "2013-06-04",
                "actionTime": "18:04:54",
                "text": "On agreeing to the Murphy (FL) amendment (A015) Agreed to by voice vote. "
            },
            "type": null,
            "url": "https://api.congress.gov/v3/amendment/113/hamdt/91?format=json"
        },
        {
            "congress": 113,
            "introducedDate": "2014-09-18",
            "latestAction": {
                "actionDate": "2014-09-18",
                "text": "Referred to the House Committee on Oversight and Government Reform."
            },
            "number": "5630",
            "policyArea": {
                "name": "Government Operations and Politics"
            },
            "title": "Inspector General Vacancy Act of 2014",
            "type": "HR",
            "url": "https://api.congress.gov/v3/bill/113/hr/5630?format=json"
        },
        {
            "congress": 113,
            "introducedDate": "2014-09-18",
            "latestAction": {
                "actionDate": "2014-09-19",
                "text": "Referred to the Subcommittee on Water Resources and Environment."
            },
            "number": "5631",
            "policyArea": {
                "name": "Environmental Protection"
            },
            "title": "To authorize the Central Everglades Planning Project, Florida, and for other purposes.",
            "type": "HR",
            "url": "https://api.congress.gov/v3/bill/113/hr/5631?format=json"
        },
        {
            "congress": 113,
            "introducedDate": "2014-09-11",
            "latestAction": {
                "actionDate": "2014-09-11",
                "text": "Referred to the House Committee on Ways and Means."
            },
            "number": "5457",
            "policyArea": {
                "name": "Taxation"
            },
            "title": "Fueling America's Future Act of 2014",
            "type": "HR",
            "url": "https://api.congress.gov/v3/bill/113/hr/5457?format=json"
        },
        {
            "congress": 113,
            "introducedDate": "2014-07-31",
            "latestAction": {
                "actionDate": "2014-07-31",
                "text": "Referred to the House Committee on Ways and Means."
            },
            "number": "5362",
            "policyArea": {
                "name": "Government Operations and Politics"
            },
            "title": "To provide that the Social Security Administration pay fees associated with obtaining birth certificate or State identification card for purposes of obtaining a replacement social security card for certain victims of domestic violence, and for other purposes.",
            "type": "HR",
            "url": "https://api.congress.gov/v3/bill/113/hr/5362?format=json"
        },
        {
            "congress": 113,
            "introducedDate": "2014-07-31",
            "latestAction": {
                "actionDate": "2014-09-26",
                "text": "Referred to the Subcommittee on Crime, Terrorism, Homeland Security, and Investigations."
            },
            "number": "5361",
            "policyArea": {
                "name": "Crime and Law Enforcement"
            },
            "title": "National Silver Alert Act of 2014",
            "type": "HR",
            "url": "https://api.congress.gov/v3/bill/113/hr/5361?format=json"
        },
        {
            "congress": 113,
            "introducedDate": "2014-07-30",
            "latestAction": {
                "actionDate": "2014-07-31",
                "text": "Referred to the Subcommittee on Water Resources and Environment."
            },
            "number": "5289",
            "policyArea": {
                "name": "Environmental Protection"
            },
            "title": "Indian River Lagoon Nutrient Removal Assistance Act of 2014",
            "type": "HR",
            "url": "https://api.congress.gov/v3/bill/113/hr/5289?format=json"
        },
        {
            "congress": 113,
            "introducedDate": "2014-07-17",
            "latestAction": {
                "actionDate": "2014-07-17",
                "text": "Referred to the House Committee on Education and the Workforce."
            },
            "number": "5151",
            "policyArea": {
                "name": "Education"
            },
            "title": "Student Loan Transparency for Success Act",
            "type": "HR",
            "url": "https://api.congress.gov/v3/bill/113/hr/5151?format=json"
        },
        {
            "congress": 113,
            "introducedDate": "2014-07-17",
            "latestAction": {
                "actionDate": "2014-08-15",
                "text": "Referred to the Subcommittee on Health."
            },
            "number": "5152",
            "policyArea": {
                "name": "Government Operations and Politics"
            },
            "title": "Savings, Accountability, Value, and Efficiency III Act of 2014",
            "type": "HR",
            "url": "https://api.congress.gov/v3/bill/113/hr/5152?format=json"
        },
        {
            "congress": 113,
            "introducedDate": "2014-07-11",
            "latestAction": {
                "actionDate": "2014-08-15",
                "text": "Referred to the Subcommittee on Disability Assistance and Memorial Affairs."
            },
            "number": "5088",
            "policyArea": {
                "name": "Armed Forces and National Security"
            },
            "title": "Responsive and Efficient Appeals Courts for Heroes Act of 2014",
            "type": "HR",
            "url": "https://api.congress.gov/v3/bill/113/hr/5088?format=json"
        },
        {
            "congress": 113,
            "introducedDate": "2014-06-09",
            "latestAction": {
                "actionDate": "2014-07-01",
                "text": "Referred to the Subcommittee on Military Personnel."
            },
            "number": "4818",
            "policyArea": {
                "name": "Armed Forces and National Security"
            },
            "title": "Military Spouse Career Advancement Act",
            "type": "HR",
            "url": "https://api.congress.gov/v3/bill/113/hr/4818?format=json"
        },
        {
            "congress": 113,
            "introducedDate": "2014-06-09",
            "latestAction": {
                "actionDate": "2014-06-09",
                "text": "Referred to the House Committee on Ways and Means."
            },
            "number": "4819",
            "policyArea": {
                "name": "Taxation"
            },
            "title": "Jobs Investment Act of 2014",
            "type": "HR",
            "url": "https://api.congress.gov/v3/bill/113/hr/4819?format=json"
        },
        {
            "congress": 113,
            "introducedDate": "2014-05-30",
            "latestAction": {
                "actionDate": "2014-06-16",
                "text": "Referred to the Subcommittee on Economic Opportunity."
            },
            "number": "4793",
            "policyArea": {
                "name": "Armed Forces and National Security"
            },
            "title": "Reducing Barriers for Veterans Education Act of 2014",
            "type": "HR",
            "url": "https://api.congress.gov/v3/bill/113/hr/4793?format=json"
        },
        {
            "congress": 113,
            "introducedDate": "2014-05-29",
            "latestAction": {
                "actionDate": "2014-05-30",
                "text": "Referred to the Subcommittee on Coast Guard and Maritime Transportation."
            },
            "number": "4770",
            "policyArea": {
                "name": "Transportation and Public Works"
            },
            "title": "Coast Guard Regulation Relief Act of 2014",
            "type": "HR",
            "url": "https://api.congress.gov/v3/bill/113/hr/4770?format=json"
        },
        {
            "congress": 113,
            "introducedDate": "2014-05-09",
            "latestAction": {
                "actionDate": "2014-05-09",
                "text": "Referred to the Committee on Oversight and Government Reform, and in addition to the Committee on Rules, for a period to be subsequently determined by the Speaker, in each case for consideration of such provisions as fall within the jurisdiction of the committee concerned."
            },
            "number": "4646",
            "policyArea": {
                "name": "Government Operations and Politics"
            },
            "title": "Regulatory Improvement Act of 2014",
            "type": "HR",
            "url": "https://api.congress.gov/v3/bill/113/hr/4646?format=json"
        },
        {
            "congress": 113,
            "introducedDate": "2014-02-28",
            "latestAction": {
                "actionDate": "2014-02-28",
                "text": "Referred to the House Committee on Ways and Means."
            },
            "number": "4132",
            "policyArea": {
                "name": "Taxation"
            },
            "title": "Helping Entrepreneurs Lower Prices Act of 2014",
            "type": "HR",
            "url": "https://api.congress.gov/v3/bill/113/hr/4132?format=json"
        },
        {
            "congress": 113,
            "introducedDate": "2014-02-28",
            "latestAction": {
                "actionDate": "2014-02-28",
                "text": "Referred to the House Committee on Ways and Means."
            },
            "number": "4133",
            "policyArea": {
                "name": "Taxation"
            },
            "title": "Small Business Attraction and Retention Act of 2014",
            "type": "HR",
            "url": "https://api.congress.gov/v3/bill/113/hr/4133?format=json"
        },
        {
            "congress": 113,
            "introducedDate": "2014-02-06",
            "latestAction": {
                "actionDate": "2014-02-06",
                "text": "Referred to the House Committee on Ways and Means."
            },
            "number": "4019",
            "policyArea": {
                "name": "Taxation"
            },
            "title": "Small Business Investment Act of 2014",
            "type": "HR",
            "url": "https://api.congress.gov/v3/bill/113/hr/4019?format=json"
        },
        {
            "congress": 113,
            "introducedDate": "2013-09-19",
            "latestAction": {
                "actionDate": "2013-10-15",
                "text": "Referred to the Subcommittee on Crime, Terrorism, Homeland Security, and Investigations."
            },
            "number": "3146",
            "policyArea": {
                "name": "Government Operations and Politics"
            },
            "title": "SAVE II Act",
            "type": "HR",
            "url": "https://api.congress.gov/v3/bill/113/hr/3146?format=json"
        },
        {
            "congress": 113,
            "introducedDate": "2013-08-01",
            "latestAction": {
                "actionDate": "2013-08-09",
                "text": "Referred to the Subcommittee on Energy and Mineral Resources."
            },
            "number": "2956",
            "policyArea": {
                "name": "Taxation"
            },
            "title": "End Welfare for Big Oil Act of 2013",
            "type": "HR",
            "url": "https://api.congress.gov/v3/bill/113/hr/2956?format=json"
        },
        {
            "congress": 113,
            "introducedDate": "2013-06-06",
            "latestAction": {
                "actionDate": "2013-06-06",
                "text": "Referred to the House Committee on Financial Services."
            },
            "number": "2295",
            "policyArea": {
                "name": "Finance and Financial Sector"
            },
            "title": "Basel III CASE Act",
            "type": "HR",
            "url": "https://api.congress.gov/v3/bill/113/hr/2295?format=json"
        },
        {
            "congress": 113,
            "introducedDate": "2013-05-15",
            "latestAction": {
                "actionDate": "2013-05-22",
                "text": "Referred to the Subcommittee on Livestock, Rural Development, and Credit."
            },
            "number": "1999",
            "policyArea": {
                "name": "Government Operations and Politics"
            },
            "title": "SAVE Act",
            "type": "HR",
            "url": "https://api.congress.gov/v3/bill/113/hr/1999?format=json"
        },
        {
            "congress": 113,
            "introducedDate": "2013-05-14",
            "latestAction": {
                "actionDate": "2013-05-14",
                "text": "Referred to the House Committee on Small Business."
            },
            "number": "1974",
            "policyArea": {
                "name": "Commerce"
            },
            "title": "Small Business Disaster Reform Act of 2013",
            "type": "HR",
            "url": "https://api.congress.gov/v3/bill/113/hr/1974?format=json"
        },
        {
            "congress": 113,
            "introducedDate": "2013-04-09",
            "latestAction": {
                "actionDate": "2013-06-24",
                "text": "Referred to the Subcommittee on Research and Technology."
            },
            "number": "1418",
            "policyArea": {
                "name": "Commerce"
            },
            "title": "Partnering with American Manufacturers for Efficiency and Competitiveness Act",
            "type": "HR",
            "url": "https://api.congress.gov/v3/bill/113/hr/1418?format=json"
        },
        {
            "congress": 114,
            "introducedDate": "2016-09-14",
            "latestAction": {
                "actionDate": "2016-09-20",
                "text": "Referred to the Subcommittee on Health."
            },
            "number": "6027",
            "policyArea": {
                "name": "Health"
            },
            "title": "Puerto Rico Health Insurance Fairness Act of 2016",
            "type": "HR",
            "url": "https://api.congress.gov/v3/bill/114/hr/6027?format=json"
        },
        {
            "congress": 114,
            "introducedDate": "2016-07-14",
            "latestAction": {
                "actionDate": "2016-07-15",
                "text": "Referred to the Subcommittee on Water Resources and Environment."
            },
            "number": "5870",
            "policyArea": {
                "name": "Environmental Protection"
            },
            "title": "Federal Partnership for Clean Water Land Acquisition Act of 2016",
            "type": "HR",
            "url": "https://api.congress.gov/v3/bill/114/hr/5870?format=json"
        },
        {
            "amendmentNumber": "1337",
            "congress": 114,
            "introducedDate": "2016-07-13",
            "latestAction": {
                "actionDate": "2016-07-13",
                "actionTime": "18:15:51",
                "text": "On agreeing to the Murphy (FL) amendment (A058) Failed by recorded vote: 197 - 231 (Roll no. 451). "
            },
            "type": null,
            "url": "https://api.congress.gov/v3/amendment/114/hamdt/1337?format=json"
        },
        {
            "congress": 114,
            "introducedDate": "2016-06-15",
            "latestAction": {
                "actionDate": "2016-06-15",
                "text": "Referred to the House Committee on Energy and Commerce."
            },
            "number": "5492",
            "policyArea": {
                "name": "Health"
            },
            "title": "SMASH Act",
            "type": "HR",
            "url": "https://api.congress.gov/v3/bill/114/hr/5492?format=json"
        },
        {
            "congress": 114,
            "introducedDate": "2016-06-13",
            "latestAction": {
                "actionDate": "2016-06-13",
                "text": "Referred to the House Committee on Energy and Commerce."
            },
            "number": "5463",
            "policyArea": {
                "name": "Health"
            },
            "title": "SMASH Act",
            "type": "HR",
            "url": "https://api.congress.gov/v3/bill/114/hr/5463?format=json"
        },
        {
            "congress": 114,
            "introducedDate": "2016-05-26",
            "latestAction": {
                "actionDate": "2016-05-26",
                "text": "Referred to the House Committee on Ways and Means."
            },
            "number": "5366",
            "policyArea": {
                "name": "Taxation"
            },
            "title": "Alzheimer's Breakthrough Sunshine Act",
            "type": "HR",
            "url": "https://api.congress.gov/v3/bill/114/hr/5366?format=json"
        },
        {
            "congress": 114,
            "introducedDate": "2016-05-16",
            "latestAction": {
                "actionDate": "2016-05-16",
                "text": "Referred to the House Committee on Ways and Means."
            },
            "number": "5254",
            "policyArea": {
                "name": "Taxation"
            },
            "title": "Senior Accessible Housing Act",
            "type": "HR",
            "url": "https://api.congress.gov/v3/bill/114/hr/5254?format=json"
        },
        {
            "congress": 114,
            "introducedDate": "2016-04-18",
            "latestAction": {
                "actionDate": "2016-04-28",
                "text": "Referred to the Subcommittee on Social Security."
            },
            "number": "4988",
            "policyArea": {
                "name": "Social Welfare"
            },
            "title": "Protection of Social Security Benefits Restoration Act",
            "type": "HR",
            "url": "https://api.congress.gov/v3/bill/114/hr/4988?format=json"
        },
        {
            "congress": 114,
            "introducedDate": "2016-03-03",
            "latestAction": {
                "actionDate": "2016-03-03",
                "text": "Referred to the House Committee on Ways and Means."
            },
            "number": "4705",
            "policyArea": {
                "name": "Taxation"
            },
            "title": "Austin and Perry Safe Boating Incentive Act",
            "type": "HR",
            "url": "https://api.congress.gov/v3/bill/114/hr/4705?format=json"
        },
        {
            "congress": 114,
            "introducedDate": "2016-02-10",
            "latestAction": {
                "actionDate": "2016-02-16",
                "text": "Referred to the Subcommittee on Social Security."
            },
            "number": "4529",
            "policyArea": {
                "name": "Social Welfare"
            },
            "title": "Social Security Parent Penalty Repeal Act",
            "type": "HR",
            "url": "https://api.congress.gov/v3/bill/114/hr/4529?format=json"
        },
        {
            "congress": 114,
            "introducedDate": "2015-12-15",
            "latestAction": {
                "actionDate": "2016-03-23",
                "text": "Referred to the Subcommittee on Higher Education and Workforce Training."
            },
            "number": "4256",
            "policyArea": {
                "name": "Education"
            },
            "title": "Simple Income-Based Repayment Act",
            "type": "HR",
            "url": "https://api.congress.gov/v3/bill/114/hr/4256?format=json"
        },
        {
            "amendmentNumber": "887",
            "congress": 114,
            "introducedDate": "2016-01-06",
            "latestAction": {
                "actionDate": "2016-01-06",
                "actionTime": "20:22:13",
                "text": "By unanimous consent, the Murphy (FL) amendment was withdrawn. (consideration: CR H87)"
            },
            "type": null,
            "url": "https://api.congress.gov/v3/amendment/114/hamdt/887?format=json"
        },
        {
            "congress": 114,
            "introducedDate": "2015-11-19",
            "latestAction": {
                "actionDate": "2015-12-04",
                "text": "Referred to the Subcommittee on Crime, Terrorism, Homeland Security, and Investigations."
            },
            "number": "4117",
            "policyArea": {
                "name": "Crime and Law Enforcement"
            },
            "title": "TRUST Act of 2015",
            "type": "HR",
            "url": "https://api.congress.gov/v3/bill/114/hr/4117?format=json"
        },
        {
            "congress": 114,
            "introducedDate": "2015-10-21",
            "latestAction": {
                "actionDate": "2016-03-23",
                "text": "Referred to the Subcommittee on Higher Education and Workforce Training."
            },
            "number": "3793",
            "policyArea": {
                "name": "Social Welfare"
            },
            "title": "Ruthie and Connie LGBT Elder Americans Act of 2015",
            "type": "HR",
            "url": "https://api.congress.gov/v3/bill/114/hr/3793?format=json"
        },
        {
            "amendmentNumber": "620",
            "congress": 114,
            "introducedDate": "2015-07-07",
            "latestAction": {
                "actionDate": "2015-07-07",
                "actionTime": "22:48:09",
                "text": "On agreeing to the Murphy (FL) amendment (A090) Failed by voice vote. "
            },
            "type": null,
            "url": "https://api.congress.gov/v3/amendment/114/hamdt/620?format=json"
        },
        {
            "congress": 114,
            "introducedDate": "2015-10-01",
            "latestAction": {
                "actionDate": "2015-10-01",
                "text": "Referred to the Subcommittee on Social Security."
            },
            "number": "3679",
            "policyArea": {
                "name": "Social Welfare"
            },
            "title": "To provide that the Social Security Administration pay fees associated with obtaining birth certificate or State identification card for purposes of obtaining a replacement social security card for certain victims of domestic violence, and for other purposes.",
            "type": "HR",
            "url": "https://api.congress.gov/v3/bill/114/hr/3679?format=json"
        },
        {
            "amendmentNumber": "153",
            "congress": 114,
            "introducedDate": "2015-04-29",
            "latestAction": {
                "actionDate": "2015-04-29",
                "actionTime": "21:16:51",
                "text": "On agreeing to the Murphy (FL) amendment (A003) Agreed to by voice vote. "
            },
            "type": null,
            "url": "https://api.congress.gov/v3/amendment/114/hamdt/153?format=json"
        },
        {
            "congress": 114,
            "introducedDate": "2015-03-17",
            "latestAction": {
                "actionDate": "2015-03-17",
                "text": "Referred to the Committee on Oversight and Government Reform, and in addition to the Committee on Rules, for a period to be subsequently determined by the Speaker, in each case for consideration of such provisions as fall within the jurisdiction of the committee concerned."
            },
            "number": "1407",
            "policyArea": {
                "name": "Government Operations and Politics"
            },
            "title": "Regulatory Improvement Act of 2015",
            "type": "HR",
            "url": "https://api.congress.gov/v3/bill/114/hr/1407?format=json"
        },
        {
            "congress": 114,
            "introducedDate": "2015-01-28",
            "latestAction": {
                "actionDate": "2015-02-13",
                "text": "Referred to the Subcommittee on Oversight and Investigations."
            },
            "number": "614",
            "policyArea": {
                "name": "Government Operations and Politics"
            },
            "title": "SAVE Act",
            "type": "HR",
            "url": "https://api.congress.gov/v3/bill/114/hr/614?format=json"
        },
        {
            "congress": 114,
            "introducedDate": "2015-01-08",
            "latestAction": {
                "actionDate": "2015-01-09",
                "text": "Referred to the Subcommittee on Water Resources and Environment."
            },
            "number": "230",
            "policyArea": {
                "name": "Environmental Protection"
            },
            "title": "To amend the Water Resources Development Act of 2000 to authorize the Central Everglades Planning Project, Florida.",
            "type": "HR",
            "url": "https://api.congress.gov/v3/bill/114/hr/230?format=json"
        },
        {
            "congress": 114,
            "introducedDate": "2015-01-08",
            "latestAction": {
                "actionDate": "2015-01-09",
                "text": "Referred to the Subcommittee on Water Resources and Environment."
            },
            "number": "231",
            "policyArea": {
                "name": "Water Resources Development"
            },
            "title": "To amend the Water Resources Development Act of 1996 to deauthorize the Ten Mile Creek Water Preserve Area Critical Restoration Project.",
            "type": "HR",
            "url": "https://api.congress.gov/v3/bill/114/hr/231?format=json"
        },
        {
            "congress": 114,
            "introducedDate": "2015-09-18",
            "latestAction": {
                "actionDate": "2015-09-18",
                "text": "Referred to the Subcommittee on Health."
            },
            "number": "432",
            "policyArea": {
                "name": "Health"
            },
            "title": "Expressing support for designating February 2016 as \"National Spine Ability Month\".",
            "type": "HRES",
            "url": "https://api.congress.gov/v3/bill/114/hres/432?format=json"
        },
        {
            "congress": 114,
            "introducedDate": "2015-05-12",
            "latestAction": {
                "actionDate": "2015-06-04",
                "text": "Referred to the Subcommittee on Energy and Mineral Resources."
            },
            "number": "2276",
            "policyArea": {
                "name": "Energy"
            },
            "title": "Seismic Moratorium Act",
            "type": "HR",
            "url": "https://api.congress.gov/v3/bill/114/hr/2276?format=json"
        },
        {
            "congress": 114,
            "introducedDate": "2015-01-21",
            "latestAction": {
                "actionDate": "2015-04-16",
                "text": "Forwarded by Subcommittee to Full Committee by Voice Vote ."
            },
            "number": "456",
            "policyArea": {
                "name": "Armed Forces and National Security"
            },
            "title": "Reducing Barriers for Veterans Education Act of 2015",
            "type": "HR",
            "url": "https://api.congress.gov/v3/bill/114/hr/456?format=json"
        }
    ]
}