{
    "pagination": {
        "count": 75
    },
    "request": {
        "bioguideId": "c000263",
        "contentType": "application/json",
        "format": "json"
    },
    "sponsoredLegislation": [
        {
            "congress": 93,
            "introducedDate": "1974-11-19",
            "latestAction": {
                "actionDate": "1974-11-19",
                "text": "Referred to House Committee on Ways and Means."
            },
            "number": "17454",
            "policyArea": {
                "name": null
            },
            "title": "A bill to amend the Internal Revenue Code of 1954 to exempt certain farm vehicles from the highway use tax, and to require that evidence of payment of such tax be shown on highway motor vehicles subject to tax.",
            "type": "HR",
            "url": "https://api.congress.gov/v3/bill/93/hr/17454?format=json"
        },
        {
            "congress": 93,
            "introducedDate": "1974-10-09",
            "latestAction": {
                "actionDate": "1974-10-10",
                "text": "Re-referred to House Committee on Appropriations."
            },
            "number": "17193",
            "policyArea": {
                "name": "Economics and Public Finance"
            },
            "title": "A bill to provide for joint action by the executive and legislative branches to limit outlays from budget authority for the fiscal year 1975.",
            "type": "HR",
            "url": "https://api.congress.gov/v3/bill/93/hr/17193?format=json"
        },
        {
            "congress": 93,
            "introducedDate": "1974-10-10",
            "latestAction": {
                "actionDate": "1974-10-10",
                "text": "Referred to House Committee on Appropriations."
            },
            "number": "17226",
            "policyArea": {
                "name": "Economics and Public Finance"
            },
            "title": "A bill to provide for joint action by the executive and legislative branches to limit outlays from budget authority for the fiscal year 1975.",
            "type": "HR",
            "url": "https://api.congress.gov/v3/bill/93/hr/17226?format=json"
        },
        {
            "congress": 93,
            "introducedDate": "1974-10-10",
            "latestAction": {
                "actionDate": "1974-10-10",
                "text": "Referred to House Committee on Appropriations."
            },
            "number": "17259",
            "policyArea": {
                "name": "Economics and Public Finance"
            },
            "title": "A bill to provide for joint action by the executive and legislative branches to limit outlays from budget authority for the fiscal year 1975.",
            "type": "HR",
            "url": "https://api.congress.gov/v3/bill/93/hr/17259?format=json"
        },
        {
            "congress": 93,
            "introducedDate": "1974-09-24",
            "latestAction": {
                "actionDate": "1974-09-24",
                "text": "Referred to House Committee on Post Office and Civil Service."
            },
            "number": "16812",
            "policyArea": {
                "name": "Government Operations and Politics"
            },
            "title": "A bill to amend title 39, United States Code, to require the Postal Service to consult with agencies of State and local governments with respect to the construction of certain Postal Service facilities, to establish hearing procedures with respect to proposals for such construction, and for other purposes.",
            "type": "HR",
            "url": "https://api.congress.gov/v3/bill/93/hr/16812?format=json"
        },
        {
            "congress": 93,
            "introducedDate": "1974-09-18",
            "latestAction": {
                "actionDate": "1974-09-18",
                "text": "Referred to House Committee on Ways and Means."
            },
            "number": "16711",
            "policyArea": {
                "name": "Taxation"
            },
            "title": "A bill to amend the Internal Revenue Code of 1954 to deny an exemption from tax to any otherwise tax exempt organization which discriminates in certain cases against blind individuals.",
            "type": "HR",
            "url": "https://api.congress.gov/v3/bill/93/hr/16711?format=json"
        },
        {
            "congress": 93,
            "introducedDate": "1974-08-13",
            "latestAction": {
                "actionDate": "1974-08-13",
                "text": "Referred to House Committee on Interstate and Foreign Commerce."
            },
            "number": "16403",
            "policyArea": {
                "name": "Health"
            },
            "title": "National Commission on Epilepsy and its Consequences Act",
            "type": "HR",
            "url": "https://api.congress.gov/v3/bill/93/hr/16403?format=json"
        },
        {
            "congress": 93,
            "introducedDate": "1974-04-23",
            "latestAction": {
                "actionDate": "1974-04-23",
                "text": "Referred to House Committee on the Judiciary."
            },
            "number": "14330",
            "policyArea": {
                "name": "Private Legislation"
            },
            "title": "A bill for the relief of Morgan-McCool, Inc.",
            "type": "HR",
            "url": "https://api.congress.gov/v3/bill/93/hr/14330?format=json"
        },
        {
            "congress": 93,
            "introducedDate": "1974-04-01",
            "latestAction": {
                "actionDate": "1975-01-02",
                "text": "Private Law 93-121."
            },
            "number": "13869",
            "policyArea": {
                "name": "Private Legislation"
            },
            "title": "A bill for the relief of Carl C. Strauss and Mary Ann Strauss.",
            "type": "HR",
            "url": "https://api.congress.gov/v3/bill/93/hr/13869?format=json"
        },
        {
            "congress": 93,
            "introducedDate": "1973-10-09",
            "latestAction": {
                "actionDate": "1973-10-09",
                "text": "Referred to House Committee on Banking and Currency."
            },
            "number": "10814",
            "policyArea": {
                "name": null
            },
            "title": "A bill to amend the Truth-in-Lending Act to eliminate the inclusion of agricultural credit.",
            "type": "HR",
            "url": "https://api.congress.gov/v3/bill/93/hr/10814?format=json"
        },
        {
            "congress": 93,
            "introducedDate": "1973-06-20",
            "latestAction": {
                "actionDate": "1973-06-20",
                "text": "Referred to House Committee on Ways and Means."
            },
            "number": "8832",
            "policyArea": {
                "name": "Taxation"
            },
            "title": "A bill to amend the Internal Revenue Code of 1954 to designate the home of a State legislator for income tax purposes.",
            "type": "HR",
            "url": "https://api.congress.gov/v3/bill/93/hr/8832?format=json"
        },
        {
            "congress": 93,
            "introducedDate": "1973-04-10",
            "latestAction": {
                "actionDate": "1973-04-10",
                "text": "Referred to House Committee on Agriculture."
            },
            "number": "6771",
            "policyArea": {
                "name": "Agriculture and Food"
            },
            "title": "A bill to provide price support for milk at not less than 85 percent of the parity price therefor.",
            "type": "HR",
            "url": "https://api.congress.gov/v3/bill/93/hr/6771?format=json"
        },
        {
            "congress": 93,
            "introducedDate": "1973-03-14",
            "latestAction": {
                "actionDate": "1973-03-14",
                "text": "Referred to House Committee on Agriculture."
            },
            "number": "5583",
            "policyArea": {
                "name": null
            },
            "title": "National Agricultural Marketing and Bargaining Act",
            "type": "HR",
            "url": "https://api.congress.gov/v3/bill/93/hr/5583?format=json"
        },
        {
            "congress": 93,
            "introducedDate": "1973-03-01",
            "latestAction": {
                "actionDate": "1973-03-01",
                "text": "Referred to House Committee on Post Office and Civil Service."
            },
            "number": "5023",
            "policyArea": {
                "name": "Government Operations and Politics"
            },
            "title": "A bill to amend title 5, United States Code, to improve the administration of the leave system for Federal employees.",
            "type": "HR",
            "url": "https://api.congress.gov/v3/bill/93/hr/5023?format=json"
        },
        {
            "congress": 93,
            "introducedDate": "1973-01-03",
            "latestAction": {
                "actionDate": "1973-01-03",
                "text": "Referred to House Committee on Interstate and Foreign Commerce."
            },
            "number": "135",
            "policyArea": {
                "name": null
            },
            "title": "Food Supplement Amendment",
            "type": "HR",
            "url": "https://api.congress.gov/v3/bill/93/hr/135?format=json"
        },
        {
            "congress": 93,
            "introducedDate": "1973-01-03",
            "latestAction": {
                "actionDate": "1973-01-03",
                "text": "Referred to House Committee on Interstate and Foreign Commerce."
            },
            "number": "136",
            "policyArea": {
                "name": null
            },
            "title": "A bill to amend the Federal Trade Commission Act (15 U.S.C. 41) to provide that under certain circumstances exclusive territorial arrangements shall not be deemed unlawful.",
            "type": "HR",
            "url": "https://api.congress.gov/v3/bill/93/hr/136?format=json"
        },
        {
            "congress": 93,
            "introducedDate": "1973-01-03",
            "latestAction": {
                "actionDate": "1973-01-03",
                "text": "Referred to House Committee on Government Operations."
            },
            "number": "133",
            "policyArea": {
                "name": "Intergovernmental relations"
            },
            "title": "A bill to increase the membership of the Advisory Commission on Intergovernmental Relations by two members who shall be elected town or township officials.",
            "type": "HR",
            "url": "https://api.congress.gov/v3/bill/93/hr/133?format=json"
        },
        {
            "congress": 93,
            "introducedDate": "1973-01-03",
            "latestAction": {
                "actionDate": "1973-01-03",
                "text": "Referred to House Committee on Interior and Insular Affairs."
            },
            "number": "134",
            "policyArea": {
                "name": "Public Lands and Natural Resources"
            },
            "title": "A bill to amend the Wild and Scenic Rivers Act by designating certain rivers in the State of Michigan for potential additions to the national wild and scenic rivers system.",
            "type": "HR",
            "url": "https://api.congress.gov/v3/bill/93/hr/134?format=json"
        },
        {
            "congress": 93,
            "introducedDate": "1974-06-11",
            "latestAction": {
                "actionDate": "1974-06-11",
                "text": "Referred to House Committee on Armed Services."
            },
            "number": "1054",
            "policyArea": {
                "name": "Government Operations and Politics"
            },
            "title": "Joint resolution designating the premises occupied by the chief of naval operations as the official residence of the Vice President, effective upon the termination of service of the incumbent chief of naval operations.",
            "type": "HJRES",
            "url": "https://api.congress.gov/v3/bill/93/hjres/1054?format=json"
        },
        {
            "congress": 93,
            "introducedDate": "1974-05-16",
            "latestAction": {
                "actionDate": "1974-05-16",
                "text": "Referred to House Committee on Armed Services."
            },
            "number": "1018",
            "policyArea": {
                "name": "Government Operations and Politics"
            },
            "title": "Joint resolution designating the premises occupied by the Chief of Naval Operations as the official residence of the Vice President, effective upon the termination of service of the incumbent Chief of Naval Operations.",
            "type": "HJRES",
            "url": "https://api.congress.gov/v3/bill/93/hjres/1018?format=json"
        },
        {
            "congress": 93,
            "introducedDate": "1973-03-14",
            "latestAction": {
                "actionDate": "1973-03-14",
                "text": "Referred to House Committee on the Judiciary."
            },
            "number": "428",
            "policyArea": {
                "name": "Commemorations"
            },
            "title": "Joint resolution to authorize the President to issue annually a proclamation designating the month of May in each year as \"National Arthritis Month\".",
            "type": "HJRES",
            "url": "https://api.congress.gov/v3/bill/93/hjres/428?format=json"
        },
        {
            "congress": 93,
            "introducedDate": "1973-01-15",
            "latestAction": {
                "actionDate": "1973-01-15",
                "text": "Referred to House Committee on the Judiciary."
            },
            "number": "188",
            "policyArea": {
                "name": "Arts, Culture, Religion"
            },
            "title": "A joint resolution designating the square dance as the national folk dance of the United States of America.",
            "type": "HJRES",
            "url": "https://api.congress.gov/v3/bill/93/hjres/188?format=json"
        },
        {
            "congress": 93,
            "introducedDate": "1973-01-03",
            "latestAction": {
                "actionDate": "1973-01-03",
                "text": "Referred to House Committee on Judiciary."
            },
            "number": "17",
            "policyArea": {
                "name": "Civil Rights and Liberties, Minority Issues"
            },
            "title": "Joint resolution proposing an amendment to the Constitution of the United States.",
            "type": "HJRES",
            "url": "https://api.congress.gov/v3/bill/93/hjres/17?format=json"
        },
        {
            "congress": 93,
            "introducedDate": "1974-07-22",
            "latestAction": {
                "actionDate": "1974-07-22",
                "text": "Referred to House Committee on Ways and Means."
            },
            "number": "567",
            "policyArea": {
                "name": "Alcoholic beverages"
            },
            "title": "Concurrent resolution expressing the sense of Congress that regulations, requiring a statement of ingredients on bottles of distilled spirits and wine, be not promulgated until Congress has considered the matter fully.",
            "type": "HCONRES",
            "url": "https://api.congress.gov/v3/bill/93/hconres/567?format=json"
        },
        {
            "congress": 93,
            "introducedDate": "1973-12-12",
            "latestAction": {
                "actionDate": "1973-12-12",
                "text": "Referred to House Committee on Foreign Affairs."
            },
            "number": "398",
            "policyArea": {
                "name": "Vietnamese Conflict"
            },
            "title": "Concurrent resolution expressing the sense of Congress with respect to the missing in action in Southeast Asia.",
            "type": "HCONRES",
            "url": "https://api.congress.gov/v3/bill/93/hconres/398?format=json"
        },
        {
            "congress": 94,
            "introducedDate": "1976-10-01",
            "latestAction": {
                "actionDate": "1976-10-01",
                "text": "Referred to House Committee on Interstate and Foreign Commerce."
            },
            "number": "15823",
            "policyArea": {
                "name": "Agriculture and Food"
            },
            "title": "A bill to amend the Federal Food, Drug, and Cosmetic Act to authorize the Secretary of Health, Education, and Welfare to conduct research to resolve conflicting data on the safety of food additives and color additives.",
            "type": "HR",
            "url": "https://api.congress.gov/v3/bill/94/hr/15823?format=json"
        },
        {
            "congress": 94,
            "introducedDate": "1976-05-18",
            "latestAction": {
                "actionDate": "1976-05-18",
                "text": "Referred to House Committee on Interstate and Foreign Commerce."
            },
            "number": "13841",
            "policyArea": {
                "name": "Government Operations and Politics"
            },
            "title": "Consumer Communications Reform Act",
            "type": "HR",
            "url": "https://api.congress.gov/v3/bill/94/hr/13841?format=json"
        },
        {
            "congress": 94,
            "introducedDate": "1976-04-13",
            "latestAction": {
                "actionDate": "1976-04-13",
                "text": "Referred to House Committee on the Judiciary."
            },
            "number": "13197",
            "policyArea": {
                "name": "Crime and Law Enforcement"
            },
            "title": "Foreign Intelligence Surveillance Act",
            "type": "HR",
            "url": "https://api.congress.gov/v3/bill/94/hr/13197?format=json"
        },
        {
            "congress": 94,
            "introducedDate": "1976-04-05",
            "latestAction": {
                "actionDate": "1976-04-05",
                "text": "Referred to House Committee on Veterans' Affairs."
            },
            "number": "13039",
            "policyArea": {
                "name": "Armed Forces and National Security"
            },
            "title": "A bill to amend title 38 of the United States Code in order to extend the delimiting period for completing programs of education for veterans pursuing such programs at the close of such period.",
            "type": "HR",
            "url": "https://api.congress.gov/v3/bill/94/hr/13039?format=json"
        },
        {
            "congress": 94,
            "introducedDate": "1976-03-16",
            "latestAction": {
                "actionDate": "1976-03-16",
                "text": "Referred to House Committee on Ways and Means."
            },
            "number": "12539",
            "policyArea": {
                "name": "Social Welfare"
            },
            "title": "A bill to amend title XX of the Social Security Act to provide that no State shall be required to administer individual means tests for provision of education, nutrition, transportation, socialization, or associated services relating to multipurpose senior centers to individuals aged 60 or older.",
            "type": "HR",
            "url": "https://api.congress.gov/v3/bill/94/hr/12539?format=json"
        },
        {
            "congress": 94,
            "introducedDate": "1975-10-08",
            "latestAction": {
                "actionDate": "1975-10-08",
                "text": "Referred to House Committee on Interstate and Foreign Commerce."
            },
            "number": "10079",
            "policyArea": {
                "name": "Transportation and Public Works"
            },
            "title": "Local Rail Service Amendments",
            "type": "HR",
            "url": "https://api.congress.gov/v3/bill/94/hr/10079?format=json"
        },
        {
            "congress": 94,
            "introducedDate": "1975-09-04",
            "latestAction": {
                "actionDate": "1975-09-04",
                "text": "Referred to House Committee on Public Works and Transportation."
            },
            "number": "9359",
            "policyArea": {
                "name": "Transportation and Public Works"
            },
            "title": "A bill to amend title 23 of the United States Code relating to the description of the Federal-aid secondary system.",
            "type": "HR",
            "url": "https://api.congress.gov/v3/bill/94/hr/9359?format=json"
        },
        {
            "congress": 94,
            "introducedDate": "1975-06-24",
            "latestAction": {
                "actionDate": "1975-06-24",
                "text": "Referred to House Committee on Ways and Means."
            },
            "number": "8166",
            "policyArea": {
                "name": "Open space lands"
            },
            "title": "A bill to amend the Internal Revenue Code of 1954 to increase the exemption for purposes of the Federal estate tax, to increase the estate tax marital deduction, and to provide an alternate method of valuing certain real property for estate tax.",
            "type": "HR",
            "url": "https://api.congress.gov/v3/bill/94/hr/8166?format=json"
        },
        {
            "congress": 94,
            "introducedDate": "1975-05-20",
            "latestAction": {
                "actionDate": "1975-05-20",
                "text": "Referred to House Committee on Interstate and Foreign Commerce."
            },
            "number": "7126",
            "policyArea": {
                "name": "Health"
            },
            "title": "Comprehensive Health Care Insurance Act",
            "type": "HR",
            "url": "https://api.congress.gov/v3/bill/94/hr/7126?format=json"
        },
        {
            "congress": 94,
            "introducedDate": "1975-05-20",
            "latestAction": {
                "actionDate": "1975-05-20",
                "text": "Referred to House Committee on Interstate and Foreign Commerce."
            },
            "number": "7125",
            "policyArea": {
                "name": "Government Operations and Politics"
            },
            "title": "A bill to amend the Communications Act of 1934 to establish orderly procedures for the consideration of applications for renewal of broadcast licenses.",
            "type": "HR",
            "url": "https://api.congress.gov/v3/bill/94/hr/7125?format=json"
        },
        {
            "congress": 94,
            "introducedDate": "1975-04-28",
            "latestAction": {
                "actionDate": "1976-01-19",
                "text": "Measure laid on table in House, S. 1657 passed in lieu."
            },
            "number": "6397",
            "policyArea": {
                "name": "Arts"
            },
            "title": "A bill to amend the National Portrait Gallery Act to redefine \"portraiture\".",
            "type": "HR",
            "url": "https://api.congress.gov/v3/bill/94/hr/6397?format=json"
        },
        {
            "congress": 94,
            "introducedDate": "1975-04-09",
            "latestAction": {
                "actionDate": "1975-04-09",
                "text": "Referred to House Committee on House Administration."
            },
            "number": "5799",
            "policyArea": {
                "name": "Arts, Culture, Religion"
            },
            "title": "A bill to reserve a site for the use of the Smithsonian Institution.",
            "type": "HR",
            "url": "https://api.congress.gov/v3/bill/94/hr/5799?format=json"
        },
        {
            "congress": 94,
            "introducedDate": "1975-04-09",
            "latestAction": {
                "actionDate": "1975-04-09",
                "text": "Referred to House Committee on House Administration."
            },
            "number": "5798",
            "policyArea": {
                "name": "Arts, Culture, Religion"
            },
            "title": "A bill to authorize the Smithsonian Institution to plan museum support facilities.",
            "type": "HR",
            "url": "https://api.congress.gov/v3/bill/94/hr/5798?format=json"
        },
        {
            "congress": 94,
            "introducedDate": "1975-04-07",
            "latestAction": {
                "actionDate": "1976-07-12",
                "text": "Private Law 94-53."
            },
            "number": "5666",
            "policyArea": {
                "name": "Private Legislation"
            },
            "title": "A bill for the relief of Won, Hyo-Yun.",
            "type": "HR",
            "url": "https://api.congress.gov/v3/bill/94/hr/5666?format=json"
        },
        {
            "congress": 94,
            "introducedDate": "1975-03-13",
            "latestAction": {
                "actionDate": "1975-03-13",
                "text": "Referred to House Committee on Agriculture."
            },
            "number": "4837",
            "policyArea": {
                "name": "Government Operations and Politics"
            },
            "title": "Beef Research and Consumer Information Act",
            "type": "HR",
            "url": "https://api.congress.gov/v3/bill/94/hr/4837?format=json"
        },
        {
            "congress": 94,
            "introducedDate": "1975-03-06",
            "latestAction": {
                "actionDate": "1975-03-06",
                "text": "Referred to House Committee on Ways and Means."
            },
            "number": "4370",
            "policyArea": {
                "name": "Motor vehicles"
            },
            "title": "Motor Vehicle Tax Repeal Act",
            "type": "HR",
            "url": "https://api.congress.gov/v3/bill/94/hr/4370?format=json"
        },
        {
            "congress": 94,
            "introducedDate": "1975-02-26",
            "latestAction": {
                "actionDate": "1975-02-26",
                "text": "Referred to House Committee on Post Office and Civil Service."
            },
            "number": "3758",
            "policyArea": {
                "name": "Government Operations and Politics"
            },
            "title": "A bill to amend title 5 of the United States Code to provide for the designation of the 11th of November of each year as Veterans Day.",
            "type": "HR",
            "url": "https://api.congress.gov/v3/bill/94/hr/3758?format=json"
        },
        {
            "congress": 94,
            "introducedDate": "1975-01-20",
            "latestAction": {
                "actionDate": "1975-01-20",
                "text": "Referred to House Committee on the Judiciary."
            },
            "number": "1754",
            "policyArea": {
                "name": "Private Legislation"
            },
            "title": "A bill for the relief of Morgan McCool, Incorporated.",
            "type": "HR",
            "url": "https://api.congress.gov/v3/bill/94/hr/1754?format=json"
        },
        {
            "congress": 94,
            "introducedDate": "1975-01-20",
            "latestAction": {
                "actionDate": "1975-01-20",
                "text": "Referred to House Committee on Banking, Currency and Housing."
            },
            "number": "1664",
            "policyArea": {
                "name": "Agriculture and Food"
            },
            "title": "A bill to amend the Truth in Lending Act to eliminate the inclusion of agricultural credit.",
            "type": "HR",
            "url": "https://api.congress.gov/v3/bill/94/hr/1664?format=json"
        },
        {
            "congress": 94,
            "introducedDate": "1975-01-20",
            "latestAction": {
                "actionDate": "1975-01-20",
                "text": "Referred to House Committee on Agriculture."
            },
            "number": "1663",
            "policyArea": {
                "name": "Gambling"
            },
            "title": "A bill to amend the act of August 24, 1966, for purposes of prohibiting the shipment in interstate commerce of dogs intended to be used to fight other dogs for purposes of sport, wagering, or entertainment.",
            "type": "HR",
            "url": "https://api.congress.gov/v3/bill/94/hr/1663?format=json"
        },
        {
            "congress": 94,
            "introducedDate": "1975-01-20",
            "latestAction": {
                "actionDate": "1975-01-20",
                "text": "Referred to House Committee on Ways and Means."
            },
            "number": "1667",
            "policyArea": {
                "name": "Motor vehicles"
            },
            "title": "A bill to amend the Internal Revenue Code of 1954 to exempt certain farm vehicles from the highway use tax, and to require that evidence of payment of such tax be shown on highway motor vehicles subject to tax.",
            "type": "HR",
            "url": "https://api.congress.gov/v3/bill/94/hr/1667?format=json"
        },
        {
            "congress": 94,
            "introducedDate": "1975-01-20",
            "latestAction": {
                "actionDate": "1975-01-20",
                "text": "Referred to House Committee on Interstate and Foreign Commerce."
            },
            "number": "1665",
            "policyArea": {
                "name": "Agriculture and Food"
            },
            "title": "Food Supplement Amendment",
            "type": "HR",
            "url": "https://api.congress.gov/v3/bill/94/hr/1665?format=json"
        },
        {
            "congress": 94,
            "introducedDate": "1975-01-20",
            "latestAction": {
                "actionDate": "1975-01-20",
                "text": "Referred to House Committee on Ways and Means."
            },
            "number": "1666",
            "policyArea": {
                "name": "Taxation"
            },
            "title": "A bill to amend the Internal Revenue Code of 1954 to deny an exemption from tax to any otherwise tax-exempt organization which discriminates in certain cases against blind individuals.",
            "type": "HR",
            "url": "https://api.congress.gov/v3/bill/94/hr/1666?format=json"
        },
        {
            "congress": 94,
            "introducedDate": "1976-05-07",
            "latestAction": {
                "actionDate": "1976-05-07",
                "text": "Referred to House Committee on Rules."
            },
            "number": "945",
            "policyArea": {
                "name": "Congress"
            },
            "title": "Joint resolution to provide for the establishment of a Joint Committee on Intelligence.",
            "type": "HJRES",
            "url": "https://api.congress.gov/v3/bill/94/hjres/945?format=json"
        },
        {
            "congress": 94,
            "introducedDate": "1975-05-20",
            "latestAction": {
                "actionDate": "1975-05-20",
                "text": "Referred to House Committee on Appropriations."
            },
            "number": "464",
            "policyArea": {
                "name": "Economics and Public Finance"
            },
            "title": "Joint resolution making urgent supplemental appropriations for the fiscal year ending June 30, 1975, and for other purposes.",
            "type": "HJRES",
            "url": "https://api.congress.gov/v3/bill/94/hjres/464?format=json"
        },
        {
            "congress": 94,
            "introducedDate": "1975-02-26",
            "latestAction": {
                "actionDate": "1975-02-26",
                "text": "Referred to House Committee on Post Office and Civil Service."
            },
            "number": "249",
            "policyArea": {
                "name": "Commemorations"
            },
            "title": "Joint resolution asking the President of the United States to declare the fourth Saturday of each September National Hunting and Fishing Day.",
            "type": "HJRES",
            "url": "https://api.congress.gov/v3/bill/94/hjres/249?format=json"
        },
        {
            "congress": 94,
            "introducedDate": "1975-01-20",
            "latestAction": {
                "actionDate": "1975-04-16",
                "text": "Rereferred to House Committee on Post Office and Civil Service."
            },
            "number": "114",
            "policyArea": {
                "name": "Arts"
            },
            "title": "Joint resolution designating the square dance as the national folk dance of the United States of America.",
            "type": "HJRES",
            "url": "https://api.congress.gov/v3/bill/94/hjres/114?format=json"
        },
        {
            "congress": 94,
            "introducedDate": "1975-01-20",
            "latestAction": {
                "actionDate": "1975-01-20",
                "text": "Referred to House Committee on the Judiciary."
            },
            "number": "113",
            "policyArea": {
                "name": "Constitutional amendments"
            },
            "title": "Joint resolution proposing an amendment to the Constitution of the United States.",
            "type": "HJRES",
            "url": "https://api.congress.gov/v3/bill/94/hjres/113?format=json"
        },
        {
            "congress": 94,
            "introducedDate": "1976-01-28",
            "latestAction": {
                "actionDate": "1976-01-28",
                "text": "Referred to House Committee on Rules."
            },
            "number": "996",
            "policyArea": {
                "name": "Congress"
            },
            "title": "Resolution to provide that statements be included in legislative reports of committees regarding the rights of individuals.",
            "type": "HRES",
            "url": "https://api.congress.gov/v3/bill/94/hres/996?format=json"
        },
        {
            "congress": 94,
            "introducedDate": "1975-10-09",
            "latestAction": {
                "actionDate": "1975-10-09",
                "text": "Referred to House Committee on the Budget."
            },
            "number": "430",
            "policyArea": {
                "name": "Economics and Public Finance"
            },
            "title": "Concurrent resolution to declare that total Federal budget outlays for fiscal year 1977 shall not exceed $395 billion.",
            "type": "HCONRES",
            "url": "https://api.congress.gov/v3/bill/94/hconres/430?format=json"
        },
        {
            "congress": 95,
            "introducedDate": "1978-06-19",
            "latestAction": {
                "actionDate": "1978-06-19",
                "text": "Referred to House Committee on Interstate and Foreign Commerce."
            },
            "number": "13195",
            "policyArea": {
                "name": "Health"
            },
            "title": "Comprehensive Health Care Insurance Act",
            "type": "HR",
            "url": "https://api.congress.gov/v3/bill/95/hr/13195?format=json"
        },
        {
            "congress": 95,
            "introducedDate": "1978-06-12",
            "latestAction": {
                "actionDate": "1978-06-12",
                "text": "Referred to House Committee on Ways and Means."
            },
            "number": "13094",
            "policyArea": {
                "name": "Foreign Trade and International Finance"
            },
            "title": "A bill to amend the Tariff Schedules of the United States to provide duty-free treatment of certain alloy tool steels used for making chipper knives.",
            "type": "HR",
            "url": "https://api.congress.gov/v3/bill/95/hr/13094?format=json"
        },
        {
            "congress": 95,
            "introducedDate": "1978-06-02",
            "latestAction": {
                "actionDate": "1978-06-02",
                "text": "Referred to House Committee on Ways and Means."
            },
            "number": "12949",
            "policyArea": {
                "name": "Taxation"
            },
            "title": "A bill to repeal the carryover basis provisions added by the Tax Reform Act of 1976.",
            "type": "HR",
            "url": "https://api.congress.gov/v3/bill/95/hr/12949?format=json"
        },
        {
            "congress": 95,
            "introducedDate": "1978-06-05",
            "latestAction": {
                "actionDate": "1978-06-05",
                "text": "Referred to House Committee on Ways and Means."
            },
            "number": "12974",
            "policyArea": {
                "name": "Federal advisory bodies"
            },
            "title": "Economic Recovery Act",
            "type": "HR",
            "url": "https://api.congress.gov/v3/bill/95/hr/12974?format=json"
        },
        {
            "congress": 95,
            "introducedDate": "1978-06-02",
            "latestAction": {
                "actionDate": "1978-06-02",
                "text": "Referred to House Committee on Ways and Means."
            },
            "number": "12950",
            "policyArea": {
                "name": "Taxation"
            },
            "title": "A bill to amend the Internal Revenue Code of 1954 to provide for an extension of the period during which an individual must purchase a new residence for nonrecognition of gain on the sale of an old residence in the case of members of the Armed Forces who are stationed overseas or who are required to reside in Government-owned quarters.",
            "type": "HR",
            "url": "https://api.congress.gov/v3/bill/95/hr/12950?format=json"
        },
        {
            "congress": 95,
            "introducedDate": "1978-05-18",
            "latestAction": {
                "actionDate": "1978-05-18",
                "text": "Referred to House Committee on Ways and Means."
            },
            "number": "12777",
            "policyArea": {
                "name": "Agriculture in foreign trade"
            },
            "title": "Economic Recovery Act",
            "type": "HR",
            "url": "https://api.congress.gov/v3/bill/95/hr/12777?format=json"
        },
        {
            "congress": 95,
            "introducedDate": "1978-04-18",
            "latestAction": {
                "actionDate": "1978-04-18",
                "text": "Referred to House Committee on Ways and Means."
            },
            "number": "12198",
            "policyArea": {
                "name": "Foreign Trade and International Finance"
            },
            "title": "A bill to amend the Tariff Schedules of the United States to provide a temporary suspension of the duty on polystyrene foam.",
            "type": "HR",
            "url": "https://api.congress.gov/v3/bill/95/hr/12198?format=json"
        },
        {
            "congress": 95,
            "introducedDate": "1978-03-13",
            "latestAction": {
                "actionDate": "1978-03-13",
                "text": "Referred to House Committee on Agriculture."
            },
            "number": "11466",
            "policyArea": {
                "name": null
            },
            "title": "Flexible Parity Act",
            "type": "HR",
            "url": "https://api.congress.gov/v3/bill/95/hr/11466?format=json"
        },
        {
            "congress": 95,
            "introducedDate": "1978-03-02",
            "latestAction": {
                "actionDate": "1978-03-02",
                "text": "Referred to House Committee on Ways and Means."
            },
            "number": "11247",
            "policyArea": {
                "name": null
            },
            "title": "Economic Recovery Act",
            "type": "HR",
            "url": "https://api.congress.gov/v3/bill/95/hr/11247?format=json"
        },
        {
            "congress": 95,
            "introducedDate": "1978-01-24",
            "latestAction": {
                "actionDate": "1978-01-24",
                "text": "Referred to House Committee on Public Works and Transportation."
            },
            "number": "10507",
            "policyArea": {
                "name": "Emergency Management"
            },
            "title": "A bill to modify the authorization for the project for flood protection on the Saginaw River and Tributaries, Michigan.",
            "type": "HR",
            "url": "https://api.congress.gov/v3/bill/95/hr/10507?format=json"
        },
        {
            "congress": 95,
            "introducedDate": "1977-10-18",
            "latestAction": {
                "actionDate": "1977-10-18",
                "text": "Referred to House Committee on the Judiciary."
            },
            "number": "9633",
            "policyArea": {
                "name": "Private Legislation"
            },
            "title": "A bill for the relief of Rohini.",
            "type": "HR",
            "url": "https://api.congress.gov/v3/bill/95/hr/9633?format=json"
        },
        {
            "congress": 95,
            "introducedDate": "1977-10-18",
            "latestAction": {
                "actionDate": "1977-10-18",
                "text": "Referred to House Committee on the Judiciary."
            },
            "number": "9634",
            "policyArea": {
                "name": "Private Legislation"
            },
            "title": "A bill for the relief of Sohini and Sheela.",
            "type": "HR",
            "url": "https://api.congress.gov/v3/bill/95/hr/9634?format=json"
        },
        {
            "congress": 95,
            "introducedDate": "1977-07-12",
            "latestAction": {
                "actionDate": "1977-07-12",
                "text": "Referred to House Committee on Public Works and Transportation."
            },
            "number": "8219",
            "policyArea": {
                "name": "Emergency Management"
            },
            "title": "A bill to amend the Authorization for the project for flood protection on the Saginaw River, Mich.",
            "type": "HR",
            "url": "https://api.congress.gov/v3/bill/95/hr/8219?format=json"
        },
        {
            "congress": 95,
            "introducedDate": "1977-06-09",
            "latestAction": {
                "actionDate": "1977-06-09",
                "text": "Referred to House Committee on the Judiciary."
            },
            "number": "508",
            "policyArea": {
                "name": "Religion"
            },
            "title": "Joint resolution proposing an amendment to the Constitution of the United States.",
            "type": "HJRES",
            "url": "https://api.congress.gov/v3/bill/95/hjres/508?format=json"
        },
        {
            "congress": 95,
            "introducedDate": "1977-06-09",
            "latestAction": {
                "actionDate": "1977-06-09",
                "text": "Referred to House Committee on Post Office and Civil Service."
            },
            "number": "509",
            "policyArea": {
                "name": "Commemorations"
            },
            "title": "Joint resolution designating the week in each year during which Veterans Day is observed as Love America Week.",
            "type": "HJRES",
            "url": "https://api.congress.gov/v3/bill/95/hjres/509?format=json"
        },
        {
            "congress": 95,
            "introducedDate": "1977-05-06",
            "latestAction": {
                "actionDate": "1977-05-06",
                "text": "Referred to House Committee on Rules."
            },
            "number": "445",
            "policyArea": {
                "name": "Congress"
            },
            "title": "Joint resolution to provide for the establishment of a Joint Committee on Intelligence.",
            "type": "HJRES",
            "url": "https://api.congress.gov/v3/bill/95/hjres/445?format=json"
        },
        {
            "congress": 95,
            "introducedDate": "1977-05-06",
            "latestAction": {
                "actionDate": "1977-05-06",
                "text": "Referred to House Committee on Post Office and Civil Service."
            },
            "number": "444",
            "policyArea": {
                "name": "Government Operations and Politics"
            },
            "title": "Joint resolution designating the square dance as the national folk dance of the United States of America.",
            "type": "HJRES",
            "url": "https://api.congress.gov/v3/bill/95/hjres/444?format=json"
        },
        {
            "congress": 95,
            "introducedDate": "1977-02-09",
            "latestAction": {
                "actionDate": "1977-02-09",
                "text": "Referred to House Committee on Rules."
            },
            "number": "251",
            "policyArea": {
                "name": "Congress"
            },
            "title": "Joint resolution to provide for the establishment of a Joint Committee on Intelligence.",
            "type": "HJRES",
            "url": "https://api.congress.gov/v3/bill/95/hjres/251?format=json"
        },
        {
            "congress": 95,
            "introducedDate": "1977-07-22",
            "latestAction": {
                "actionDate": "1977-07-22",
                "text": "Referred to House Committee on Interstate and Foreign Commerce."
            },
            "number": "706",
            "policyArea": {
                "name": "Science, Technology, Communications"
            },
            "title": "Resolution that Congress move expeditiously to resolve pending issues regarding national telecommunications policy.",
            "type": "HRES",
            "url": "https://api.congress.gov/v3/bill/95/hres/706?format=json"
        },
        {
            "congress": 95,
            "introducedDate": "1977-05-06",
            "latestAction": {
                "actionDate": "1977-05-06",
                "text": "Referred to House Committee on Interstate and Foreign Commerce."
            },
            "number": "547",
            "policyArea": {
                "name": "Science, Technology, Communications"
            },
            "title": "Resolution that Congress move expeditiously to resolve pending issues regarding national telecommunications policy.",
            "type": "HRES",
            "url": "https://api.congress.gov/v3/bill/95/hres/547?format=json"
        }
    ]
}