{
    "pagination": {
        "count": 149
    },
    "request": {
        "bioguideId": "h000241",
        "contentType": "application/json",
        "format": "json"
    },
    "sponsoredLegislation": [
        {
            "congress": 96,
            "introducedDate": "1980-09-10",
            "latestAction": {
                "actionDate": "1980-09-10",
                "text": "Referred to House Committee on Ways and Means."
            },
            "number": "8099",
            "policyArea": {
                "name": "Taxation"
            },
            "title": "Handicapped Financial Security Tax Act of 1980",
            "type": "HR",
            "url": "https://api.congress.gov/v3/bill/96/hr/8099?format=json"
        },
        {
            "congress": 96,
            "introducedDate": "1980-08-01",
            "latestAction": {
                "actionDate": "1980-08-01",
                "text": "Referred to House Committee on the Judiciary."
            },
            "number": "7924",
            "policyArea": {
                "name": "Private Legislation"
            },
            "title": "A bill for the relief of Ludmilla Schneider.",
            "type": "HR",
            "url": "https://api.congress.gov/v3/bill/96/hr/7924?format=json"
        },
        {
            "congress": 96,
            "introducedDate": "1980-06-26",
            "latestAction": {
                "actionDate": "1980-06-26",
                "text": "Referred to House Committee on Government Operations."
            },
            "number": "7674",
            "policyArea": {
                "name": "Government Operations and Politics"
            },
            "title": "Consultant Reform Act of 1980",
            "type": "HR",
            "url": "https://api.congress.gov/v3/bill/96/hr/7674?format=json"
        },
        {
            "congress": 96,
            "introducedDate": "1980-06-25",
            "latestAction": {
                "actionDate": "1980-09-25",
                "text": "Referred to Senate Committee on Governmental Affairs."
            },
            "number": "7658",
            "policyArea": {
                "name": "Transportation and Public Works"
            },
            "title": "A bill to amend the National Capital Transportation Act of 1969 to require the Secretary of Transportation to contract with the Washington Metropolitan Area Transit Authority for a comprehensive study of extending the rail rapid transit line specified in the Adopted Regional System.",
            "type": "HR",
            "url": "https://api.congress.gov/v3/bill/96/hr/7658?format=json"
        },
        {
            "congress": 96,
            "introducedDate": "1980-05-22",
            "latestAction": {
                "actionDate": "1980-05-22",
                "text": "Referred to House Committee on Public Works and Transportation."
            },
            "number": "7431",
            "policyArea": {
                "name": "Water Resources Development"
            },
            "title": "A bill to direct the Administrator of the Environmental Protection Agency to make grants to the Upper Occoquan Sewage Authority to reimburse such authority for the portion of the costs incurred by such Authority in constructing its advanced waste water treatment plant in the Occoquan Reservoir watershed area in Fairfax County, Virginia, and to pay 5 percent of the costs of operating and maintaining such plant.",
            "type": "HR",
            "url": "https://api.congress.gov/v3/bill/96/hr/7431?format=json"
        },
        {
            "congress": 96,
            "introducedDate": "1980-05-07",
            "latestAction": {
                "actionDate": "1980-05-07",
                "text": "Referred to House Committee on Government Operations."
            },
            "number": "7287",
            "policyArea": {
                "name": "Economics and Public Finance"
            },
            "title": "Year-End Spending Control Act",
            "type": "HR",
            "url": "https://api.congress.gov/v3/bill/96/hr/7287?format=json"
        },
        {
            "congress": 96,
            "introducedDate": "1980-04-24",
            "latestAction": {
                "actionDate": "1980-04-24",
                "text": "Referred to House Committee on Post Office and Civil Service."
            },
            "number": "7160",
            "policyArea": {
                "name": "Government Operations and Politics"
            },
            "title": "A bill to provide for the issuance of a commemorative postage stamp honoring George Mason.",
            "type": "HR",
            "url": "https://api.congress.gov/v3/bill/96/hr/7160?format=json"
        },
        {
            "congress": 96,
            "introducedDate": "1980-04-16",
            "latestAction": {
                "actionDate": "1980-04-16",
                "text": "Referred to House Committee on Public Works and Transportation."
            },
            "number": "7075",
            "policyArea": {
                "name": "Transportation and Public Works"
            },
            "title": "A bill to provide for the reconstruction and rehabilitation of the Woodrow Wilson Memorial Bridge.",
            "type": "HR",
            "url": "https://api.congress.gov/v3/bill/96/hr/7075?format=json"
        },
        {
            "congress": 96,
            "introducedDate": "1980-03-13",
            "latestAction": {
                "actionDate": "1980-03-13",
                "text": "Referred to House Committee on Ways and Means."
            },
            "number": "6813",
            "policyArea": {
                "name": "Taxation"
            },
            "title": "A bill to amend the Internal Revenue Code of 1954 to allow the residential energy credit for energy conservation expenditures with respect to new residences if such expenditures are for items not required by Federal, State, or local housing standards.",
            "type": "HR",
            "url": "https://api.congress.gov/v3/bill/96/hr/6813?format=json"
        },
        {
            "congress": 96,
            "introducedDate": "1980-02-19",
            "latestAction": {
                "actionDate": "1980-02-19",
                "text": "Referred to House Committee on House Administration."
            },
            "number": "6530",
            "policyArea": {
                "name": "Congress"
            },
            "title": "A bill to amend the Federal Election Campaign Act of 1971 to eliminate the exemption of Members of Congress from the provision of such Act relating to limitations on the use of certain contributions.",
            "type": "HR",
            "url": "https://api.congress.gov/v3/bill/96/hr/6530?format=json"
        },
        {
            "congress": 96,
            "introducedDate": "1979-11-26",
            "latestAction": {
                "actionDate": "1980-06-12",
                "text": "Provisions as passed House inserted in S. 390."
            },
            "number": "5949",
            "policyArea": {
                "name": "Crime and Law Enforcement"
            },
            "title": "A bill to amend the Antitrust Civil Process Act to authorize the Department of Justice to use agents in connection with the enforcement of the antitrust laws.",
            "type": "HR",
            "url": "https://api.congress.gov/v3/bill/96/hr/5949?format=json"
        },
        {
            "congress": 96,
            "introducedDate": "1979-10-23",
            "latestAction": {
                "actionDate": "1980-12-18",
                "text": "Private Law 96-79."
            },
            "number": "5687",
            "policyArea": {
                "name": "Private Legislation"
            },
            "title": "A bill for the relief of Michael G. Macdonald.",
            "type": "HR",
            "url": "https://api.congress.gov/v3/bill/96/hr/5687?format=json"
        },
        {
            "congress": 96,
            "introducedDate": "1979-09-10",
            "latestAction": {
                "actionDate": "1979-09-10",
                "text": "Referred to House Committee on Merchant Marine and Fisheries."
            },
            "number": "5226",
            "policyArea": {
                "name": "Private Legislation"
            },
            "title": "A bill for the relief of Paul H. Craig.",
            "type": "HR",
            "url": "https://api.congress.gov/v3/bill/96/hr/5226?format=json"
        },
        {
            "congress": 96,
            "introducedDate": "1979-08-01",
            "latestAction": {
                "actionDate": "1980-10-13",
                "text": "Public Law 96-442."
            },
            "number": "5048",
            "policyArea": {
                "name": "Public Lands and Natural Resources"
            },
            "title": "Manassas National Battlefield Park Amendments of 1980",
            "type": "HR",
            "url": "https://api.congress.gov/v3/bill/96/hr/5048?format=json"
        },
        {
            "congress": 96,
            "introducedDate": "1979-07-27",
            "latestAction": {
                "actionDate": "1979-07-27",
                "text": "Referred to House Committee on the Judiciary."
            },
            "number": "5005",
            "policyArea": {
                "name": "Private Legislation"
            },
            "title": "A bill for the relief of Harry Stanley Spaulding, Junior.",
            "type": "HR",
            "url": "https://api.congress.gov/v3/bill/96/hr/5005?format=json"
        },
        {
            "congress": 96,
            "introducedDate": "1979-07-17",
            "latestAction": {
                "actionDate": "1979-07-17",
                "text": "Referred to House Committee on the Judiciary."
            },
            "number": "4825",
            "policyArea": {
                "name": "Crime and Law Enforcement"
            },
            "title": "A bill to amend title 18, United States Code, to impose criminal penalties for the sabotage of a nuclear facility.",
            "type": "HR",
            "url": "https://api.congress.gov/v3/bill/96/hr/4825?format=json"
        },
        {
            "congress": 96,
            "introducedDate": "1979-07-10",
            "latestAction": {
                "actionDate": "1980-05-15",
                "text": "Reported to House from the Committee on Government Operations with amendment, H. Rept. 96-729 (Part II)."
            },
            "number": "4717",
            "policyArea": {
                "name": "Government Operations and Politics"
            },
            "title": "A bill to amend title 5, United States Code, to provide for adjustments to Federal personnel ceilings based upon the extent that Federal functions are contracted out, to provide that performance in administering personnel ceilings and contracting-out requirements are taken into account in evaluating the performance of Federal executives and managers, and for other purposes.",
            "type": "HR",
            "url": "https://api.congress.gov/v3/bill/96/hr/4717?format=json"
        },
        {
            "congress": 96,
            "introducedDate": "1979-06-04",
            "latestAction": {
                "actionDate": "1979-06-04",
                "text": "Referred to House Committee on the Judiciary."
            },
            "number": "4294",
            "policyArea": {
                "name": "Immigration"
            },
            "title": "A bill to amend the Immigration and Nationality Act to provide special immigrant status for certain retired officers and employees, and certain children and surviving spouses of officers and employees, of international organizations.",
            "type": "HR",
            "url": "https://api.congress.gov/v3/bill/96/hr/4294?format=json"
        },
        {
            "congress": 96,
            "introducedDate": "1979-05-31",
            "latestAction": {
                "actionDate": "1980-03-04",
                "text": "Measure recommitted to Committee on the Judiciary."
            },
            "number": "4285",
            "policyArea": {
                "name": "Private Legislation"
            },
            "title": "A bill for the relief of Morris and Lenke Gelb.",
            "type": "HR",
            "url": "https://api.congress.gov/v3/bill/96/hr/4285?format=json"
        },
        {
            "congress": 96,
            "introducedDate": "1979-05-15",
            "latestAction": {
                "actionDate": "1979-05-15",
                "text": "Referred to House Committee on Ways and Means."
            },
            "number": "4095",
            "policyArea": {
                "name": "Taxation"
            },
            "title": "A bill to amend the Internal Revenue Code of 1954 to allow a credit against income tax to individuals for certain expenses incurred in providing higher education.",
            "type": "HR",
            "url": "https://api.congress.gov/v3/bill/96/hr/4095?format=json"
        },
        {
            "congress": 96,
            "introducedDate": "1979-04-24",
            "latestAction": {
                "actionDate": "1979-04-24",
                "text": "Referred to House Committee on the Judiciary."
            },
            "number": "3706",
            "policyArea": {
                "name": "Private Legislation"
            },
            "title": "A bill for the relief of Charles J. Mangan.",
            "type": "HR",
            "url": "https://api.congress.gov/v3/bill/96/hr/3706?format=json"
        },
        {
            "congress": 96,
            "introducedDate": "1979-04-02",
            "latestAction": {
                "actionDate": "1979-04-02",
                "text": "Referred to House Committee on Ways and Means."
            },
            "number": "3379",
            "policyArea": {
                "name": "Social Welfare"
            },
            "title": "A bill to amend title II of the Social Security Act to eliminate the offset against social security benefits in the case of spouses and surviving spouses receiving certain government pensions.",
            "type": "HR",
            "url": "https://api.congress.gov/v3/bill/96/hr/3379?format=json"
        },
        {
            "congress": 96,
            "introducedDate": "1979-03-27",
            "latestAction": {
                "actionDate": "1979-03-27",
                "text": "Referred to House Committee on the Judiciary."
            },
            "number": "3271",
            "policyArea": {
                "name": "Crime and Law Enforcement"
            },
            "title": "A bill to amend the Antitrust Civil Process Act to authorize the Department of Justice to use agents in connection with the enforcement of the antitrust laws.",
            "type": "HR",
            "url": "https://api.congress.gov/v3/bill/96/hr/3271?format=json"
        },
        {
            "congress": 96,
            "introducedDate": "1979-03-13",
            "latestAction": {
                "actionDate": "1979-03-13",
                "text": "Referred to House Committee on Interstate and Foreign Commerce."
            },
            "number": "2847",
            "policyArea": {
                "name": "Taxation"
            },
            "title": "Social Security Tax Reduction Act of 1979",
            "type": "HR",
            "url": "https://api.congress.gov/v3/bill/96/hr/2847?format=json"
        },
        {
            "congress": 96,
            "introducedDate": "1979-03-08",
            "latestAction": {
                "actionDate": "1979-03-08",
                "text": "Referred to House Committee on Post Office and Civil Service."
            },
            "number": "2748",
            "policyArea": {
                "name": "Government Operations and Politics"
            },
            "title": "A bill to amend title 5, United States Code, to improve the basic workweek of firefighting personnel of executive agencies, and for other purposes.",
            "type": "HR",
            "url": "https://api.congress.gov/v3/bill/96/hr/2748?format=json"
        },
        {
            "congress": 96,
            "introducedDate": "1979-03-01",
            "latestAction": {
                "actionDate": "1979-03-01",
                "text": "Referred to House Committee on Education and Labor."
            },
            "number": "2546",
            "policyArea": {
                "name": "Education"
            },
            "title": "Mobile Teachers Retirement Assistance Act",
            "type": "HR",
            "url": "https://api.congress.gov/v3/bill/96/hr/2546?format=json"
        },
        {
            "congress": 96,
            "introducedDate": "1979-02-15",
            "latestAction": {
                "actionDate": "1979-02-15",
                "text": "Referred to House Committee on Ways and Means."
            },
            "number": "2191",
            "policyArea": {
                "name": "Taxation"
            },
            "title": "A bill to amend the Internal Revenue Code of 1954 to allow individuals a refundable tax credit for a portion of the rent which they pay on their principal residences and which is attributable to real property taxes.",
            "type": "HR",
            "url": "https://api.congress.gov/v3/bill/96/hr/2191?format=json"
        },
        {
            "congress": 96,
            "introducedDate": "1979-02-01",
            "latestAction": {
                "actionDate": "1979-02-01",
                "text": "Referred to House Committee on the District of Columbia."
            },
            "number": "1792",
            "policyArea": {
                "name": "Transportation and Public Works"
            },
            "title": "National Capital Transportation Amendments of 1979",
            "type": "HR",
            "url": "https://api.congress.gov/v3/bill/96/hr/1792?format=json"
        },
        {
            "congress": 96,
            "introducedDate": "1980-04-24",
            "latestAction": {
                "actionDate": "1980-04-24",
                "text": "Referred to House Committee on Banking, Finance and Urban Affairs."
            },
            "number": "646",
            "policyArea": {
                "name": "Economics and Public Finance"
            },
            "title": "A resolution to express the sense of the House of Representatives that the Federal Reserve Board should take immediate actions to facilitate prompt economic recovery.",
            "type": "HRES",
            "url": "https://api.congress.gov/v3/bill/96/hres/646?format=json"
        },
        {
            "congress": 96,
            "introducedDate": "1979-11-05",
            "latestAction": {
                "actionDate": "1979-11-05",
                "text": "Measure passed House."
            },
            "number": "475",
            "policyArea": {
                "name": "Congress"
            },
            "title": "A resolution election Representative Wright as Speaker pro tempore during the absence of the Speaker.",
            "type": "HRES",
            "url": "https://api.congress.gov/v3/bill/96/hres/475?format=json"
        },
        {
            "congress": 96,
            "introducedDate": "1979-10-16",
            "latestAction": {
                "actionDate": "1979-10-16",
                "text": "Referred to House Committee on Rules."
            },
            "number": "446",
            "policyArea": {
                "name": "Congress"
            },
            "title": "A resolution to amend the Rules of the House of Representatives to restrict provisions of and amendments to appropriation bills.",
            "type": "HRES",
            "url": "https://api.congress.gov/v3/bill/96/hres/446?format=json"
        },
        {
            "congress": 96,
            "introducedDate": "1980-12-16",
            "latestAction": {
                "actionDate": "1980-12-16",
                "text": "Measure passed Senate."
            },
            "number": "460",
            "policyArea": {
                "name": "Private Legislation"
            },
            "title": "A concurrent resolution requesting the President to return the enrolled bill (H.R. 7175) for the relief of the Woodstock Daily Sentinel, and providing for its reenrollment with a technical correction.",
            "type": "HCONRES",
            "url": "https://api.congress.gov/v3/bill/96/hconres/460?format=json"
        },
        {
            "congress": 96,
            "introducedDate": "1980-06-17",
            "latestAction": {
                "actionDate": "1980-06-17",
                "text": "Referred to House Committee on Post Office and Civil Service."
            },
            "number": "365",
            "policyArea": {
                "name": "Government Operations and Politics"
            },
            "title": "A concurrent resolution to express the sense of Congress that it must save the Postal Service and keep its commitment to retired Military and Federal Personnel.",
            "type": "HCONRES",
            "url": "https://api.congress.gov/v3/bill/96/hconres/365?format=json"
        },
        {
            "congress": 96,
            "introducedDate": "1979-01-15",
            "latestAction": {
                "actionDate": "1979-01-15",
                "text": "Referred to House Committee on Rules."
            },
            "number": "21",
            "policyArea": {
                "name": "Congress"
            },
            "title": "A concurrent resolution to invite the Chief Justice of the United States to appear before a joint session of the Congress to report on the state of the judiciary.",
            "type": "HCONRES",
            "url": "https://api.congress.gov/v3/bill/96/hconres/21?format=json"
        },
        {
            "congress": 94,
            "introducedDate": "1976-06-16",
            "latestAction": {
                "actionDate": "1976-06-16",
                "text": "Referred to House Committee on Post Office and Civil Service."
            },
            "number": "14411",
            "policyArea": {
                "name": "Congress"
            },
            "title": "A bill to provide that the rates of pay for Members of Congress shall be the rates in effect on September 30, 1975, until such time as they are fixed otherwise by law.",
            "type": "HR",
            "url": "https://api.congress.gov/v3/bill/94/hr/14411?format=json"
        },
        {
            "congress": 94,
            "introducedDate": "1976-06-15",
            "latestAction": {
                "actionDate": "1976-06-15",
                "text": "Referred to House Committee on Ways and Means."
            },
            "number": "14374",
            "policyArea": {
                "name": "Taxation"
            },
            "title": "A bill to amend the Internal Revenue Code of 1954 to allow a deduction to individuals who rent their principal residences for a portion of the real property taxes paid or accrued by their landlords.",
            "type": "HR",
            "url": "https://api.congress.gov/v3/bill/94/hr/14374?format=json"
        },
        {
            "congress": 94,
            "introducedDate": "1976-06-14",
            "latestAction": {
                "actionDate": "1976-06-14",
                "text": "Referred to House Committee on Ways and Means."
            },
            "number": "14358",
            "policyArea": {
                "name": "Taxation"
            },
            "title": "A bill to amend the Internal Revenue Code of 1954 to deny certain benefits to taxpayers who make bribes or other illegal payments to foreign government agents or officials.",
            "type": "HR",
            "url": "https://api.congress.gov/v3/bill/94/hr/14358?format=json"
        },
        {
            "congress": 94,
            "introducedDate": "1976-06-03",
            "latestAction": {
                "actionDate": "1976-06-03",
                "text": "Referred to House Committee on Education and Labor."
            },
            "number": "14162",
            "policyArea": {
                "name": "Civil Rights and Liberties, Minority Issues"
            },
            "title": "National Commission on Alternatives to Busing Act",
            "type": "HR",
            "url": "https://api.congress.gov/v3/bill/94/hr/14162?format=json"
        },
        {
            "congress": 94,
            "introducedDate": "1976-05-27",
            "latestAction": {
                "actionDate": "1976-05-27",
                "text": "Referred to House Committee on Post Office and Civil Service."
            },
            "number": "14061",
            "policyArea": {
                "name": "Government Operations and Politics"
            },
            "title": "A bill to amend title 5, United States Code, to increase the membership of the Civil Service Commission from three to five.",
            "type": "HR",
            "url": "https://api.congress.gov/v3/bill/94/hr/14061?format=json"
        },
        {
            "congress": 94,
            "introducedDate": "1976-05-13",
            "latestAction": {
                "actionDate": "1976-05-13",
                "text": "Referred to House Committee on Ways and Means."
            },
            "number": "13778",
            "policyArea": {
                "name": "Taxation"
            },
            "title": "A bill to amend the Internal Revenue Code of 1954 to allow a deduction to individuals who rent their principal residences for a portion of the real property taxes paid or accrued by their landlords.",
            "type": "HR",
            "url": "https://api.congress.gov/v3/bill/94/hr/13778?format=json"
        },
        {
            "congress": 94,
            "introducedDate": "1976-05-06",
            "latestAction": {
                "actionDate": "1976-05-06",
                "text": "Referred to House Committee on Post Office and Civil Service."
            },
            "number": "13588",
            "policyArea": {
                "name": "Government Operations and Politics"
            },
            "title": "A bill to amend title 5, United States Code, to increase the membership of the Civil Service Commission from three to five.",
            "type": "HR",
            "url": "https://api.congress.gov/v3/bill/94/hr/13588?format=json"
        },
        {
            "congress": 94,
            "introducedDate": "1976-05-05",
            "latestAction": {
                "actionDate": "1976-05-05",
                "text": "Referred to House Committee on Ways and Means."
            },
            "number": "13574",
            "policyArea": {
                "name": "Taxation"
            },
            "title": "A bill to amend the Internal Revenue Code of 1954 to allow a deduction to individuals who rent their principal residences for a portion of the real property taxes paid or accrued by their landlords.",
            "type": "HR",
            "url": "https://api.congress.gov/v3/bill/94/hr/13574?format=json"
        },
        {
            "congress": 94,
            "introducedDate": "1976-04-26",
            "latestAction": {
                "actionDate": "1976-04-26",
                "text": "Referred to House Committee on Ways and Means."
            },
            "number": "13275",
            "policyArea": {
                "name": "Taxation"
            },
            "title": "A bill to amend the Internal Revenue Code of 1954 to allow a deduction to individuals who rent their principal residences for a portion of the real property taxes paid or accrued by their landlords.",
            "type": "HR",
            "url": "https://api.congress.gov/v3/bill/94/hr/13275?format=json"
        },
        {
            "congress": 94,
            "introducedDate": "1976-04-27",
            "latestAction": {
                "actionDate": "1976-04-27",
                "text": "Referred to House Committee on Ways and Means."
            },
            "number": "13306",
            "policyArea": {
                "name": "Taxation"
            },
            "title": "A bill to amend the Internal Revenue Code of 1954 to allow a deduction to individuals who rent their principal residences for a portion of the real property taxes paid or accrued by their landlords.",
            "type": "HR",
            "url": "https://api.congress.gov/v3/bill/94/hr/13306?format=json"
        },
        {
            "congress": 94,
            "introducedDate": "1976-02-18",
            "latestAction": {
                "actionDate": "1976-02-18",
                "text": "Referred to House Committee on Post Office and Civil Service."
            },
            "number": "11944",
            "policyArea": {
                "name": "Government Operations and Politics"
            },
            "title": "A bill to amend title 5, United States Code, to remove the ceiling on General Schedule pay rates, to exclude from the Federal Pay Comparability System certain executive, legislative, and judicial offices and positions, to provide that the Commission on Executive, Legislative, and Judicial Salaries transmit its next recommendations before January 1, 1977.",
            "type": "HR",
            "url": "https://api.congress.gov/v3/bill/94/hr/11944?format=json"
        },
        {
            "congress": 94,
            "introducedDate": "1976-02-09",
            "latestAction": {
                "actionDate": "1976-02-09",
                "text": "Referred to House Committee on Public Works and Transportation."
            },
            "number": "11775",
            "policyArea": {
                "name": "Transportation and Public Works"
            },
            "title": "A bill to prohibit commercial flights by supersonic aircraft into or over the United States until certain findings are made by the Administrator of the Environmental Protection Agency and by the Secretary of Transportation, and for other purposes.",
            "type": "HR",
            "url": "https://api.congress.gov/v3/bill/94/hr/11775?format=json"
        },
        {
            "congress": 94,
            "introducedDate": "1976-02-17",
            "latestAction": {
                "actionDate": "1976-02-17",
                "text": "Referred to House Committee on Public Works and Transportation."
            },
            "number": "11901",
            "policyArea": {
                "name": "Transportation and Public Works"
            },
            "title": "A bill to prohibit commercial flights by supersonic aircraft into and over the United States until certain findings are made by the Administrator of the Environmental Protection Agency and by the Secretary of Transportation.",
            "type": "HR",
            "url": "https://api.congress.gov/v3/bill/94/hr/11901?format=json"
        },
        {
            "congress": 94,
            "introducedDate": "1976-02-04",
            "latestAction": {
                "actionDate": "1976-02-04",
                "text": "Referred to House Committee on Public Works and Transportation."
            },
            "number": "11692",
            "policyArea": {
                "name": "Transportation and Public Works"
            },
            "title": "A bill to prohibit commercial flights by supersonic aircraft into or over the United States until certain findings are made by the Administrator of the Environmental Protection Agency and by the Secretary of Transportation.",
            "type": "HR",
            "url": "https://api.congress.gov/v3/bill/94/hr/11692?format=json"
        },
        {
            "congress": 94,
            "introducedDate": "1975-12-12",
            "latestAction": {
                "actionDate": "1976-04-06",
                "text": "Referred to Senate Committee on Veterans' Affairs."
            },
            "number": "11140",
            "policyArea": {
                "name": "Cemeteries and funerals"
            },
            "title": "A bill to require that a national cemetery be established at Quantico, Va.",
            "type": "HR",
            "url": "https://api.congress.gov/v3/bill/94/hr/11140?format=json"
        },
        {
            "congress": 94,
            "introducedDate": "1975-12-09",
            "latestAction": {
                "actionDate": "1975-12-09",
                "text": "Referred to House Committee on Ways and Means."
            },
            "number": "11068",
            "policyArea": {
                "name": "Taxation"
            },
            "title": "A bill to amend the Internal Revenue Code of 1954 to allow a deduction to individuals who rent their principal residences for a portion of the real property taxes paid or accrued by their landlords.",
            "type": "HR",
            "url": "https://api.congress.gov/v3/bill/94/hr/11068?format=json"
        },
        {
            "congress": 94,
            "introducedDate": "1975-11-11",
            "latestAction": {
                "actionDate": "1975-11-11",
                "text": "Referred to House Committee on Post Office and Civil Service."
            },
            "number": "10676",
            "policyArea": {
                "name": "Congress"
            },
            "title": "A bill to provide that the rates of pay for Members of Congress shall be the rates in effect on September 30, 1975, until such time as they are fixed otherwise by law.",
            "type": "HR",
            "url": "https://api.congress.gov/v3/bill/94/hr/10676?format=json"
        },
        {
            "congress": 94,
            "introducedDate": "1975-11-11",
            "latestAction": {
                "actionDate": "1975-11-11",
                "text": "Referred to House Committee on Post Office and Civil Service."
            },
            "number": "10675",
            "policyArea": {
                "name": "Government Operations and Politics"
            },
            "title": "A bill to amend title 5, United States Code, to eliminate the President's authority to submit to the Congress alternative comparability pay plans for Federal employees.",
            "type": "HR",
            "url": "https://api.congress.gov/v3/bill/94/hr/10675?format=json"
        },
        {
            "congress": 94,
            "introducedDate": "1975-11-05",
            "latestAction": {
                "actionDate": "1975-11-05",
                "text": "Referred to House Committee on Ways and Means."
            },
            "number": "10578",
            "policyArea": {
                "name": "Taxation"
            },
            "title": "A bill to amend the Internal Revenue Code of 1954 to allow a deduction to individuals who rent their principal residences for a portion of the real property taxes paid or accrued by their landlords.",
            "type": "HR",
            "url": "https://api.congress.gov/v3/bill/94/hr/10578?format=json"
        },
        {
            "congress": 94,
            "introducedDate": "1975-10-31",
            "latestAction": {
                "actionDate": "1975-10-31",
                "text": "Referred to House Committee on Post Office and Civil Service."
            },
            "number": "10491",
            "policyArea": {
                "name": "Congress"
            },
            "title": "A bill to provide that the rates of pay for Members of Congress shall be the rates in effect on September 30, 1975, until such time as they are fixed otherwise by law.",
            "type": "HR",
            "url": "https://api.congress.gov/v3/bill/94/hr/10491?format=json"
        },
        {
            "congress": 94,
            "introducedDate": "1975-10-31",
            "latestAction": {
                "actionDate": "1975-10-31",
                "text": "Referred to House Committee on Post Office and Civil Service."
            },
            "number": "10490",
            "policyArea": {
                "name": "Government Operations and Politics"
            },
            "title": "A bill to amend title 5, United States Code, to eliminate the President's authority to submit to the Congress alternative comparability pay plans for Federal employees.",
            "type": "HR",
            "url": "https://api.congress.gov/v3/bill/94/hr/10490?format=json"
        },
        {
            "congress": 94,
            "introducedDate": "1975-11-03",
            "latestAction": {
                "actionDate": "1975-11-03",
                "text": "Referred to House Committee on Interior and Insular Affairs."
            },
            "number": "10517",
            "policyArea": {
                "name": "Public Lands and Natural Resources"
            },
            "title": "A bill to amend the act of April 7, 1954, which preserved within Manassas National Battlefield Park, Va., important historic properties relating to the battles of Manassas.",
            "type": "HR",
            "url": "https://api.congress.gov/v3/bill/94/hr/10517?format=json"
        },
        {
            "congress": 94,
            "introducedDate": "1975-10-28",
            "latestAction": {
                "actionDate": "1975-10-28",
                "text": "Referred to House Committee on the Judiciary."
            },
            "number": "10414",
            "policyArea": {
                "name": "Private Legislation"
            },
            "title": "A bill for the relief of George E. Chiplock.",
            "type": "HR",
            "url": "https://api.congress.gov/v3/bill/94/hr/10414?format=json"
        },
        {
            "congress": 94,
            "introducedDate": "1975-10-20",
            "latestAction": {
                "actionDate": "1976-07-21",
                "text": "Referred to Senate Committee on Finance."
            },
            "number": "10219",
            "policyArea": {
                "name": "Taxation"
            },
            "title": "A bill to amend the Internal Revenue Code of 1954 to allow a deduction to individuals who rent their principal residences for a portion of the real property taxes paid or accrued by their landlords.",
            "type": "HR",
            "url": "https://api.congress.gov/v3/bill/94/hr/10219?format=json"
        },
        {
            "congress": 94,
            "introducedDate": "1975-10-07",
            "latestAction": {
                "actionDate": "1975-10-07",
                "text": "Referred to House Committee on Post Office and Civil Service."
            },
            "number": "10060",
            "policyArea": {
                "name": "Government Operations and Politics"
            },
            "title": "A bill to amend title 5, United States Code, to eliminate the President's authority to submit to the Congress alternative comparability pay plans for Federal employees.",
            "type": "HR",
            "url": "https://api.congress.gov/v3/bill/94/hr/10060?format=json"
        },
        {
            "congress": 94,
            "introducedDate": "1975-10-09",
            "latestAction": {
                "actionDate": "1975-10-09",
                "text": "Referred to House Committee on Post Office and Civil Service."
            },
            "number": "10201",
            "policyArea": {
                "name": "Government Operations and Politics"
            },
            "title": "A bill to increase the contribution by the Federal Government to the costs of employees' health benefits insurance.",
            "type": "HR",
            "url": "https://api.congress.gov/v3/bill/94/hr/10201?format=json"
        },
        {
            "congress": 94,
            "introducedDate": "1975-10-03",
            "latestAction": {
                "actionDate": "1975-10-03",
                "text": "Referred to House Committee on Interior and Insular Affairs."
            },
            "number": "10012",
            "policyArea": {
                "name": "Public Lands and Natural Resources"
            },
            "title": "A bill to amend the act of April 17, 1954, which preserved within Manassas National Battlefield Park, Va., important historic properties relating to the battles of Manassas.",
            "type": "HR",
            "url": "https://api.congress.gov/v3/bill/94/hr/10012?format=json"
        },
        {
            "congress": 94,
            "introducedDate": "1975-10-06",
            "latestAction": {
                "actionDate": "1975-10-06",
                "text": "Referred to House Committee on Post Office and Civil Service."
            },
            "number": "10042",
            "policyArea": {
                "name": "Congress"
            },
            "title": "A bill to provide that the rates of pay for Members of Congress shall be the rates in effect on September 30,1975, until such time as they are fixed otherwise by law.",
            "type": "HR",
            "url": "https://api.congress.gov/v3/bill/94/hr/10042?format=json"
        },
        {
            "congress": 94,
            "introducedDate": "1975-10-01",
            "latestAction": {
                "actionDate": "1975-10-01",
                "text": "Referred to House Committee on Banking, Currency and Housing."
            },
            "number": "9961",
            "policyArea": {
                "name": "Housing and Community Development"
            },
            "title": "A bill to amend section 313 of the National Housing Act for the purpose of raising the limitation on the amount of the principal obligation of a mortgage which may be purchased under such section and for the purpose of mandating that a certain percentage of the mortgages purchased under such section be secured by residences located in certain metropolitan areas.",
            "type": "HR",
            "url": "https://api.congress.gov/v3/bill/94/hr/9961?format=json"
        },
        {
            "congress": 94,
            "introducedDate": "1975-09-29",
            "latestAction": {
                "actionDate": "1975-09-29",
                "text": "Referred to House Committee on Post Office and Civil Service."
            },
            "number": "9905",
            "policyArea": {
                "name": "Government Operations and Politics"
            },
            "title": "A bill to amend title 5, United States Code, to eliminate the President's authority to submit to the Congress alternative comparability pay plans for Federal employees.",
            "type": "HR",
            "url": "https://api.congress.gov/v3/bill/94/hr/9905?format=json"
        },
        {
            "congress": 94,
            "introducedDate": "1975-09-18",
            "latestAction": {
                "actionDate": "1975-09-18",
                "text": "Referred to House Committee on Ways and Means."
            },
            "number": "9684",
            "policyArea": {
                "name": "Taxation"
            },
            "title": "A bill to amend the Internal Revenue Code of 1954 to allow a credit against income tax to individuals for certain expenses incurred in providing higher education.",
            "type": "HR",
            "url": "https://api.congress.gov/v3/bill/94/hr/9684?format=json"
        },
        {
            "congress": 94,
            "introducedDate": "1975-09-05",
            "latestAction": {
                "actionDate": "1975-09-05",
                "text": "Referred to House Committee on Interior and Insular Affairs."
            },
            "number": "9391",
            "policyArea": {
                "name": "Public Lands and Natural Resources"
            },
            "title": "A bill to amend the act of April 17, 1954, which preserved within Manassas National Battlefield Park, Va., important historic properties relating to the battles of Manassas.",
            "type": "HR",
            "url": "https://api.congress.gov/v3/bill/94/hr/9391?format=json"
        },
        {
            "congress": 94,
            "introducedDate": "1975-09-05",
            "latestAction": {
                "actionDate": "1975-09-05",
                "text": "Referred to House Committee on Interstate and Foreign Commerce."
            },
            "number": "9392",
            "policyArea": {
                "name": "Commerce"
            },
            "title": "Fair Marketing of Petroleum Products Act",
            "type": "HR",
            "url": "https://api.congress.gov/v3/bill/94/hr/9392?format=json"
        },
        {
            "congress": 94,
            "introducedDate": "1975-08-01",
            "latestAction": {
                "actionDate": "1975-08-01",
                "text": "Referred to House Committee on Interior and Insular Affairs."
            },
            "number": "9223",
            "policyArea": {
                "name": "Public Lands and Natural Resources"
            },
            "title": "A bill to amend the act of April 17, 1954, which preserved within Manassas National Battlefield Park, Va., important historic properties relating to the battles of Manassas.",
            "type": "HR",
            "url": "https://api.congress.gov/v3/bill/94/hr/9223?format=json"
        },
        {
            "congress": 94,
            "introducedDate": "1975-08-01",
            "latestAction": {
                "actionDate": "1975-08-01",
                "text": "Referred to House Committee on Interior and Insular Affairs."
            },
            "number": "9222",
            "policyArea": {
                "name": "Public Lands and Natural Resources"
            },
            "title": "A bill to amend the Act of April 17, 1954, which preserved within Manassas National Battlefield Park, Va., important historic properties relating to the battles of Manassas.",
            "type": "HR",
            "url": "https://api.congress.gov/v3/bill/94/hr/9222?format=json"
        },
        {
            "congress": 94,
            "introducedDate": "1975-06-25",
            "latestAction": {
                "actionDate": "1975-06-25",
                "text": "Referred to House Committee on Interior and Insular Affairs."
            },
            "number": "8207",
            "policyArea": {
                "name": "Public Lands and Natural Resources"
            },
            "title": "A bill to amend the act of April 17, 1954, which preserved within Manassas National Battlefield Park, Va., important historic properties relating to the battles of Manassas, and for other purposes.",
            "type": "HR",
            "url": "https://api.congress.gov/v3/bill/94/hr/8207?format=json"
        },
        {
            "congress": 94,
            "introducedDate": "1975-06-16",
            "latestAction": {
                "actionDate": "1975-06-16",
                "text": "Referred to House Committee on House Administration."
            },
            "number": "7931",
            "policyArea": {
                "name": "Taxation"
            },
            "title": "A bill to authorize the voluntary withholding of State and District of Columbia income taxes, pursuant to agreements subject to review by the Committee on House Administration of the House of Representatives, in the case of certain legislative officers and employees.",
            "type": "HR",
            "url": "https://api.congress.gov/v3/bill/94/hr/7931?format=json"
        },
        {
            "congress": 94,
            "introducedDate": "1975-06-03",
            "latestAction": {
                "actionDate": "1975-06-03",
                "text": "Referred to House Committee on the Judiciary."
            },
            "number": "7572",
            "policyArea": {
                "name": "Private Legislation"
            },
            "title": "A bill for the relief of Doctor John Alexis L. S. Tam and Yeut Shum Tam.",
            "type": "HR",
            "url": "https://api.congress.gov/v3/bill/94/hr/7572?format=json"
        },
        {
            "congress": 94,
            "introducedDate": "1975-06-03",
            "latestAction": {
                "actionDate": "1975-06-03",
                "text": "Referred to House Committee on Ways and Means."
            },
            "number": "7532",
            "policyArea": {
                "name": "Taxation"
            },
            "title": "A bill to amend section 44 of the Internal Revenue Code of 1954 (relating to credit for purchase of new principal residence) to provide that the lowest offering price requirement be limited to offers after December 31, 1974, and to expedite the prescribing of final regulations on such section 44.",
            "type": "HR",
            "url": "https://api.congress.gov/v3/bill/94/hr/7532?format=json"
        },
        {
            "congress": 94,
            "introducedDate": "1975-06-03",
            "latestAction": {
                "actionDate": "1975-06-03",
                "text": "Referred to House Committee on Post Office and Civil Service."
            },
            "number": "7531",
            "policyArea": {
                "name": "Fire fighters"
            },
            "title": "A bill relating to the retirement annuities of certain Federal law enforcement and firefighter personnel who retired before July 12, 1974.",
            "type": "HR",
            "url": "https://api.congress.gov/v3/bill/94/hr/7531?format=json"
        },
        {
            "congress": 94,
            "introducedDate": "1975-04-24",
            "latestAction": {
                "actionDate": "1975-04-24",
                "text": "Referred to House Committee on the District of Columbia."
            },
            "number": "6360",
            "policyArea": {
                "name": "Transportation and Public Works"
            },
            "title": "National Capital Transportation Act",
            "type": "HR",
            "url": "https://api.congress.gov/v3/bill/94/hr/6360?format=json"
        },
        {
            "congress": 94,
            "introducedDate": "1975-04-22",
            "latestAction": {
                "actionDate": "1975-04-22",
                "text": "Referred to House Committee on Post Office and Civil Service."
            },
            "number": "6232",
            "policyArea": {
                "name": "Government Operations and Politics"
            },
            "title": "A bill to amend title 5, United States Code, to require the heads of the respective executive agencies to provide the Congress with advance notice of certain planned organizational and other changes or actions which would affect Federal civilian employment.",
            "type": "HR",
            "url": "https://api.congress.gov/v3/bill/94/hr/6232?format=json"
        },
        {
            "congress": 94,
            "introducedDate": "1975-04-22",
            "latestAction": {
                "actionDate": "1975-04-22",
                "text": "Referred to House Committee on Education and Labor."
            },
            "number": "6231",
            "policyArea": {
                "name": "Education"
            },
            "title": "A bill to amend the education amendments of 1974 to delay the effective date of certain amendments to the act of September 30, 1950 (Public Law 874, 81st Congress).",
            "type": "HR",
            "url": "https://api.congress.gov/v3/bill/94/hr/6231?format=json"
        },
        {
            "congress": 94,
            "introducedDate": "1975-04-21",
            "latestAction": {
                "actionDate": "1975-04-21",
                "text": "Referred to House Committee on Post Office and Civil Service."
            },
            "number": "6195",
            "policyArea": {
                "name": "District of Columbia"
            },
            "title": "A bill to repeal section 3306 of title 5, United States Code, to eliminate the requirement of apportionment of appointments in the departmental service in the District of Columbia.",
            "type": "HR",
            "url": "https://api.congress.gov/v3/bill/94/hr/6195?format=json"
        },
        {
            "congress": 94,
            "introducedDate": "1975-04-22",
            "latestAction": {
                "actionDate": "1975-04-22",
                "text": "Referred to House Committee on Interstate and Foreign Commerce."
            },
            "number": "6266",
            "policyArea": {
                "name": "Energy"
            },
            "title": "Fair Marketing of Petroleum Products Act",
            "type": "HR",
            "url": "https://api.congress.gov/v3/bill/94/hr/6266?format=json"
        },
        {
            "congress": 94,
            "introducedDate": "1975-04-18",
            "latestAction": {
                "actionDate": "1975-04-18",
                "text": "Referred to House Committee on Banking, Currency and Housing."
            },
            "number": "6166",
            "policyArea": {
                "name": "Residential rehabilitation"
            },
            "title": "Neighborhood Conservation Act",
            "type": "HR",
            "url": "https://api.congress.gov/v3/bill/94/hr/6166?format=json"
        },
        {
            "congress": 94,
            "introducedDate": "1975-04-09",
            "latestAction": {
                "actionDate": "1975-04-09",
                "text": "Referred to House Committee on the Judiciary."
            },
            "number": "5829",
            "policyArea": {
                "name": "Private Legislation"
            },
            "title": "A bill for the relief of Harry Stanley Spaulding, Jr.",
            "type": "HR",
            "url": "https://api.congress.gov/v3/bill/94/hr/5829?format=json"
        },
        {
            "congress": 94,
            "introducedDate": "1975-04-08",
            "latestAction": {
                "actionDate": "1975-04-08",
                "text": "Referred to House Committee on Armed Services."
            },
            "number": "5691",
            "policyArea": {
                "name": "Energy"
            },
            "title": "Naval Petroleum Production Act",
            "type": "HR",
            "url": "https://api.congress.gov/v3/bill/94/hr/5691?format=json"
        },
        {
            "congress": 94,
            "introducedDate": "1975-04-08",
            "latestAction": {
                "actionDate": "1975-04-08",
                "text": "Referred to House Committee on Rules."
            },
            "number": "5746",
            "policyArea": {
                "name": "Public Lands and Natural Resources"
            },
            "title": "Federal Oil and Gas Management Act",
            "type": "HR",
            "url": "https://api.congress.gov/v3/bill/94/hr/5746?format=json"
        },
        {
            "congress": 94,
            "introducedDate": "1975-03-11",
            "latestAction": {
                "actionDate": "1975-03-11",
                "text": "Referred to House Committee on Post Office and Civil Service."
            },
            "number": "4621",
            "policyArea": {
                "name": "Government Operations and Politics"
            },
            "title": "A bill to amend section 8332, title 5, United States Code, to provide for the inclusion in the computation of accredited services of certain periods of service rendered States or instrumentalities of States.",
            "type": "HR",
            "url": "https://api.congress.gov/v3/bill/94/hr/4621?format=json"
        },
        {
            "congress": 94,
            "introducedDate": "1975-01-30",
            "latestAction": {
                "actionDate": "1975-01-30",
                "text": "Referred to House Committee on Ways and Means."
            },
            "number": "2446",
            "policyArea": {
                "name": "Taxation"
            },
            "title": "Emergency Tax Adjustment Act",
            "type": "HR",
            "url": "https://api.congress.gov/v3/bill/94/hr/2446?format=json"
        },
        {
            "congress": 94,
            "introducedDate": "1975-04-29",
            "latestAction": {
                "actionDate": "1975-04-29",
                "text": "Referred to House Committee on the Judiciary."
            },
            "number": "418",
            "policyArea": {
                "name": "Citizenship"
            },
            "title": "Joint resolution to restore posthumously full rights of citizenship to Gen. R. E. Lee.",
            "type": "HJRES",
            "url": "https://api.congress.gov/v3/bill/94/hjres/418?format=json"
        },
        {
            "congress": 94,
            "introducedDate": "1975-09-04",
            "latestAction": {
                "actionDate": "1975-10-01",
                "text": "Motion to table motion to discharge the Committee on Post Office and Civil Service passed House, roll call #566 (278-123)."
            },
            "number": "688",
            "policyArea": {
                "name": "Congressional-Presidential relations"
            },
            "title": "Resolution disapproving the Federal pay comparability alternative plan proposed by the President.",
            "type": "HRES",
            "url": "https://api.congress.gov/v3/bill/94/hres/688?format=json"
        },
        {
            "congress": 94,
            "introducedDate": "1975-05-12",
            "latestAction": {
                "actionDate": "1975-05-12",
                "text": "Referred to House Committee on the District of Columbia."
            },
            "number": "457",
            "policyArea": {
                "name": "Crime and Law Enforcement"
            },
            "title": "Resolution providing that the House of Representatives should not approve funds for the renovation, remodeling, or capital improvement of the correctional facilities at Lorton, Va., of the District of Columbia Department of Corrections.",
            "type": "HRES",
            "url": "https://api.congress.gov/v3/bill/94/hres/457?format=json"
        },
        {
            "congress": 95,
            "introducedDate": "1978-09-07",
            "latestAction": {
                "actionDate": "1978-09-07",
                "text": "Referred to House Committee on the District of Columbia."
            },
            "number": "14012",
            "policyArea": {
                "name": "Transportation and Public Works"
            },
            "title": "National Capital Transportation Amendments",
            "type": "HR",
            "url": "https://api.congress.gov/v3/bill/95/hr/14012?format=json"
        },
        {
            "congress": 95,
            "introducedDate": "1978-06-22",
            "latestAction": {
                "actionDate": "1978-06-22",
                "text": "Referred to House Committee on the Judiciary."
            },
            "number": "13247",
            "policyArea": {
                "name": "Immigration"
            },
            "title": "A bill to amend the Immigration and Nationality Act to facilitate the admission into the United States of more than two adopted children, and to provide for the expeditious naturalization of adopted children.",
            "type": "HR",
            "url": "https://api.congress.gov/v3/bill/95/hr/13247?format=json"
        },
        {
            "congress": 95,
            "introducedDate": "1978-06-14",
            "latestAction": {
                "actionDate": "1978-06-14",
                "text": "Referred to House Committee on Ways and Means."
            },
            "number": "13139",
            "policyArea": {
                "name": "Social Welfare"
            },
            "title": "A bill to eliminate the offset against social security benefits in the case of spouses and surviving spouses receiving certain Government pensions.",
            "type": "HR",
            "url": "https://api.congress.gov/v3/bill/95/hr/13139?format=json"
        },
        {
            "congress": 95,
            "introducedDate": "1978-05-31",
            "latestAction": {
                "actionDate": "1978-05-31",
                "text": "Referred to House Committee on Ways and Means."
            },
            "number": "12903",
            "policyArea": {
                "name": "Labor and Employment"
            },
            "title": "A bill to disregard, for the purposes of certain taxes imposed by the Internal Revenue Code of 1954 with respect to employees, certain changes since 1975 in the treatment of individuals as employees.",
            "type": "HR",
            "url": "https://api.congress.gov/v3/bill/95/hr/12903?format=json"
        },
        {
            "congress": 95,
            "introducedDate": "1978-05-02",
            "latestAction": {
                "actionDate": "1978-10-05",
                "text": "Public Law 95-417."
            },
            "number": "12508",
            "policyArea": {
                "name": "Immigration"
            },
            "title": "A bill to amend the Immigration and Nationality Act to facilitate the admission into the United States of more than two adopted children, and to provide for the expeditious naturalization of adopted children.",
            "type": "HR",
            "url": "https://api.congress.gov/v3/bill/95/hr/12508?format=json"
        },
        {
            "congress": 95,
            "introducedDate": "1978-05-01",
            "latestAction": {
                "actionDate": "1978-05-01",
                "text": "Referred to House Committee on Ways and Means."
            },
            "number": "12451",
            "policyArea": {
                "name": "Labor and Employment"
            },
            "title": "A bill to disregard, for the purposes of certain taxes imposed by the Internal Revenue Code of 1954 with respect to employees, certain changes since 1975 in the treatment of individuals as employees.",
            "type": "HR",
            "url": "https://api.congress.gov/v3/bill/95/hr/12451?format=json"
        },
        {
            "congress": 95,
            "introducedDate": "1978-04-04",
            "latestAction": {
                "actionDate": "1978-04-04",
                "text": "Referred to House Committee on Ways and Means."
            },
            "number": "11855",
            "policyArea": {
                "name": "Social Welfare"
            },
            "title": "Social Security Tax Reduction Act",
            "type": "HR",
            "url": "https://api.congress.gov/v3/bill/95/hr/11855?format=json"
        },
        {
            "congress": 95,
            "introducedDate": "1978-03-07",
            "latestAction": {
                "actionDate": "1978-03-07",
                "text": "Referred to House Committee on Ways and Means."
            },
            "number": "11331",
            "policyArea": {
                "name": "Social Welfare"
            },
            "title": "Social Security Tax Reduction Act",
            "type": "HR",
            "url": "https://api.congress.gov/v3/bill/95/hr/11331?format=json"
        },
        {
            "congress": 95,
            "introducedDate": "1978-02-27",
            "latestAction": {
                "actionDate": "1978-02-27",
                "text": "Referred to House Committee on Post Office and Civil Service."
            },
            "number": "11165",
            "policyArea": {
                "name": "Government Operations and Politics"
            },
            "title": "Merit Employment Act",
            "type": "HR",
            "url": "https://api.congress.gov/v3/bill/95/hr/11165?format=json"
        },
        {
            "congress": 95,
            "introducedDate": "1978-02-20",
            "latestAction": {
                "actionDate": "1978-11-02",
                "text": "Public Law 95-570."
            },
            "number": "11003",
            "policyArea": {
                "name": "Government Operations and Politics"
            },
            "title": "A bill to clarify the authority for employment of personnel in the White House Office and the Executive Residence at the White House, to clarify the authority for employment of personnel by the President to meet unanticipated needs, and for other purposes.",
            "type": "HR",
            "url": "https://api.congress.gov/v3/bill/95/hr/11003?format=json"
        },
        {
            "congress": 95,
            "introducedDate": "1978-02-20",
            "latestAction": {
                "actionDate": "1978-11-01",
                "text": "Public Law 95-563."
            },
            "number": "11002",
            "policyArea": {
                "name": "Government Operations and Politics"
            },
            "title": "Contract Disputes Act",
            "type": "HR",
            "url": "https://api.congress.gov/v3/bill/95/hr/11002?format=json"
        },
        {
            "congress": 95,
            "introducedDate": "1978-01-31",
            "latestAction": {
                "actionDate": "1978-01-31",
                "text": "Referred to House Committee on Post Office and Civil Service."
            },
            "number": "10657",
            "policyArea": {
                "name": "Government Operations and Politics"
            },
            "title": "A bill to clarify the authority for employment of personnel in the White House Office and the Executive Residence at the White House, to clarify the authority for employment of personnel by the President to meet unanticipated needs, and for other purposes.",
            "type": "HR",
            "url": "https://api.congress.gov/v3/bill/95/hr/10657?format=json"
        },
        {
            "congress": 95,
            "introducedDate": "1978-01-19",
            "latestAction": {
                "actionDate": "1978-01-19",
                "text": "Referred to House Committee on Ways and Means."
            },
            "number": "10465",
            "policyArea": {
                "name": "Social Welfare"
            },
            "title": "A bill to eliminate the offset against social security benefits in the case of spouses and surviving spouses receiving certain government pensions.",
            "type": "HR",
            "url": "https://api.congress.gov/v3/bill/95/hr/10465?format=json"
        },
        {
            "congress": 95,
            "introducedDate": "1977-10-13",
            "latestAction": {
                "actionDate": "1977-10-13",
                "text": "Referred to House Committee on the Judiciary."
            },
            "number": "9559",
            "policyArea": {
                "name": "Survivors' benefits"
            },
            "title": "A bill to amend the Omnibus Crime Control and Safe Streets Act of 1968 to include rescue squad members in the group of persons eligible for public safety officers' death benefits.",
            "type": "HR",
            "url": "https://api.congress.gov/v3/bill/95/hr/9559?format=json"
        },
        {
            "congress": 95,
            "introducedDate": "1977-10-13",
            "latestAction": {
                "actionDate": "1977-10-13",
                "text": "Referred to House Committee on the Judiciary."
            },
            "number": "9560",
            "policyArea": {
                "name": "Immigration"
            },
            "title": "A bill to amend the Immigration and Nationality Act to facilitate the admission into the United States of more than two adopted children, and to provide for the expeditious naturalization of adopted children.",
            "type": "HR",
            "url": "https://api.congress.gov/v3/bill/95/hr/9560?format=json"
        },
        {
            "congress": 95,
            "introducedDate": "1977-10-17",
            "latestAction": {
                "actionDate": "1977-10-17",
                "text": "Referred to House Committee on Post Office and Civil Service."
            },
            "number": "9590",
            "policyArea": {
                "name": "Government Operations and Politics"
            },
            "title": "A bill to amend title 5, United States Code, to increase the contribution by the Federal Government to the costs of employees' health benefits insurance.",
            "type": "HR",
            "url": "https://api.congress.gov/v3/bill/95/hr/9590?format=json"
        },
        {
            "congress": 95,
            "introducedDate": "1977-09-14",
            "latestAction": {
                "actionDate": "1977-09-14",
                "text": "Referred to House Committee on the Judiciary."
            },
            "number": "9112",
            "policyArea": {
                "name": "Private Legislation"
            },
            "title": "A bill for the relief of Charles J. Mangan.",
            "type": "HR",
            "url": "https://api.congress.gov/v3/bill/95/hr/9112?format=json"
        },
        {
            "congress": 95,
            "introducedDate": "1977-07-27",
            "latestAction": {
                "actionDate": "1977-07-27",
                "text": "Referred to House Committee on Ways and Means."
            },
            "number": "8559",
            "policyArea": {
                "name": "Taxation"
            },
            "title": "A bill to amend the Internal Revenue Code of 1954 to eliminate the tax credit for oil and gas extraction taxes paid to any foreign country.",
            "type": "HR",
            "url": "https://api.congress.gov/v3/bill/95/hr/8559?format=json"
        },
        {
            "congress": 95,
            "introducedDate": "1977-07-25",
            "latestAction": {
                "actionDate": "1977-07-25",
                "text": "Referred to House Committee on the Judiciary."
            },
            "number": "8506",
            "policyArea": {
                "name": "Energy"
            },
            "title": "Pipeline Divestiture Act",
            "type": "HR",
            "url": "https://api.congress.gov/v3/bill/95/hr/8506?format=json"
        },
        {
            "congress": 95,
            "introducedDate": "1977-07-14",
            "latestAction": {
                "actionDate": "1977-07-14",
                "text": "Referred to House Committee on Post Office and Civil Service."
            },
            "number": "8332",
            "policyArea": {
                "name": "Government Operations and Politics"
            },
            "title": "A bill to provide for the referral to the Committee on Post Office and Civil Service of the House of Representatives of bills, resolutions, and other matters under which authority is granted to establish executive level positions, to limit the number of such positions which may be created.",
            "type": "HR",
            "url": "https://api.congress.gov/v3/bill/95/hr/8332?format=json"
        },
        {
            "congress": 95,
            "introducedDate": "1977-07-21",
            "latestAction": {
                "actionDate": "1977-07-21",
                "text": "Referred to House Committee on Rules."
            },
            "number": "8462",
            "policyArea": {
                "name": "Government Operations and Politics"
            },
            "title": "A bill to provide for the referral to the Committee on Post Office and Civil Service of the House of Representatives of bills, resolutions, and other matters under which authority is granted to establish executive level positions, to limit the number of such positions which may be created.",
            "type": "HR",
            "url": "https://api.congress.gov/v3/bill/95/hr/8462?format=json"
        },
        {
            "congress": 95,
            "introducedDate": "1977-07-12",
            "latestAction": {
                "actionDate": "1977-07-12",
                "text": "Referred to House Committee on the Judiciary."
            },
            "number": "8230",
            "policyArea": {
                "name": "Survivors' benefits"
            },
            "title": "A bill to amend the Omnibus Crime Control and Safe Streets Act of 1968 to include rescue squad members in the group of persons eligible for public safety officers' death benefits.",
            "type": "HR",
            "url": "https://api.congress.gov/v3/bill/95/hr/8230?format=json"
        },
        {
            "congress": 95,
            "introducedDate": "1977-06-30",
            "latestAction": {
                "actionDate": "1977-06-30",
                "text": "Referred to House Committee on Post Office and Civil Service."
            },
            "number": "8147",
            "policyArea": {
                "name": "Government Operations and Politics"
            },
            "title": "A bill to amend title 5, United States Code, to improve the basic workweek of firefighting personnel of executive agencies.",
            "type": "HR",
            "url": "https://api.congress.gov/v3/bill/95/hr/8147?format=json"
        },
        {
            "congress": 95,
            "introducedDate": "1977-06-06",
            "latestAction": {
                "actionDate": "1977-06-06",
                "text": "Referred to House Committee on Ways and Means."
            },
            "number": "7610",
            "policyArea": {
                "name": "Taxation"
            },
            "title": "A bill to amend the Internal Revenue Code of 1954 to allow a tax credit on houses or apartments for a portion of the real estate taxes paid or incurred by their landlords.",
            "type": "HR",
            "url": "https://api.congress.gov/v3/bill/95/hr/7610?format=json"
        },
        {
            "congress": 95,
            "introducedDate": "1977-05-25",
            "latestAction": {
                "actionDate": "1977-05-25",
                "text": "Referred to House Committee on Ways and Means."
            },
            "number": "7428",
            "policyArea": {
                "name": "Taxation"
            },
            "title": "A bill to amend the Internal Revenue Code of 1954 to allow a tax credit on houses or apartments for a portion of the real estate taxes paid or incurred by their landlords.",
            "type": "HR",
            "url": "https://api.congress.gov/v3/bill/95/hr/7428?format=json"
        },
        {
            "congress": 95,
            "introducedDate": "1977-05-23",
            "latestAction": {
                "actionDate": "1977-05-23",
                "text": "Referred to House Committee on Ways and Means."
            },
            "number": "7338",
            "policyArea": {
                "name": "Armed Forces and National Security"
            },
            "title": "A bill to amend the Social Security Act to make certain that recipients of supplemental security income benefits, recipients of aid to families with dependent children, recipients of medicaid benefits, and recipients of aid or assistance under the Veterans' benefit programs and certain other Federal and federally assisted programs, will not  have the amount of such benefits, aid, or assistance reduced because of increases in monthly social security benefits.",
            "type": "HR",
            "url": "https://api.congress.gov/v3/bill/95/hr/7338?format=json"
        },
        {
            "congress": 95,
            "introducedDate": "1977-05-10",
            "latestAction": {
                "actionDate": "1977-05-10",
                "text": "Referred to House Committee on the Judiciary."
            },
            "number": "7083",
            "policyArea": {
                "name": "Private Legislation"
            },
            "title": "A bill for the relief of Ho Sun Pak.",
            "type": "HR",
            "url": "https://api.congress.gov/v3/bill/95/hr/7083?format=json"
        },
        {
            "congress": 95,
            "introducedDate": "1977-05-10",
            "latestAction": {
                "actionDate": "1977-05-10",
                "text": "Referred to House Committee on Ways and Means."
            },
            "number": "7075",
            "policyArea": {
                "name": "Taxation"
            },
            "title": "A bill to amend the Internal Revenue Code of 1954 to allow a credit against income tax to individuals for certain expenses incurred in providing higher education.",
            "type": "HR",
            "url": "https://api.congress.gov/v3/bill/95/hr/7075?format=json"
        },
        {
            "congress": 95,
            "introducedDate": "1977-04-28",
            "latestAction": {
                "actionDate": "1977-04-28",
                "text": "Referred to House Committee on Ways and Means."
            },
            "number": "6748",
            "policyArea": {
                "name": "Taxation"
            },
            "title": "A bill to amend the Internal Revenue Code of 1954 to allow a credit against income tax to individuals for certain expenses incurred in providing higher education.",
            "type": "HR",
            "url": "https://api.congress.gov/v3/bill/95/hr/6748?format=json"
        },
        {
            "congress": 95,
            "introducedDate": "1977-04-22",
            "latestAction": {
                "actionDate": "1977-04-22",
                "text": "Referred to House Committee on Interior and Insular Affairs."
            },
            "number": "6557",
            "policyArea": {
                "name": "Public Lands and Natural Resources"
            },
            "title": "A bill to amend the act of April 17, 1954, which preserved within Manassas National Battlefield Park, Va., important historic properties relating to the battles of Manassas.",
            "type": "HR",
            "url": "https://api.congress.gov/v3/bill/95/hr/6557?format=json"
        },
        {
            "congress": 95,
            "introducedDate": "1977-04-21",
            "latestAction": {
                "actionDate": "1977-04-21",
                "text": "Referred to House Committee on the Judiciary."
            },
            "number": "6488",
            "policyArea": {
                "name": "Immigration"
            },
            "title": "A bill to amend the Immigration and Nationality Act to facilitate the admission into the United States of more than two adopted children, and to provide for the expeditions naturalization of adopted children.",
            "type": "HR",
            "url": "https://api.congress.gov/v3/bill/95/hr/6488?format=json"
        },
        {
            "congress": 95,
            "introducedDate": "1977-04-19",
            "latestAction": {
                "actionDate": "1977-04-19",
                "text": "Referred to House Committee on Post Office and Civil Service."
            },
            "number": "6326",
            "policyArea": {
                "name": "Government Operations and Politics"
            },
            "title": "A bill to clarify existing authority for employment of personnel in the White House Office and the Executive Residence at the White House, to clarify existing authority for employment of personnel by the President to meet unanticipated personnel needs.",
            "type": "HR",
            "url": "https://api.congress.gov/v3/bill/95/hr/6326?format=json"
        },
        {
            "congress": 95,
            "introducedDate": "1977-03-29",
            "latestAction": {
                "actionDate": "1977-03-29",
                "text": "Referred to House Committee on Ways and Means."
            },
            "number": "5681",
            "policyArea": {
                "name": "Taxation"
            },
            "title": "A bill to amend the Internal Revenue Code of 1954 to allow a tax credit on houses or apartments for a portion of the real estate taxes paid or incurred by their landlords.",
            "type": "HR",
            "url": "https://api.congress.gov/v3/bill/95/hr/5681?format=json"
        },
        {
            "congress": 95,
            "introducedDate": "1977-03-22",
            "latestAction": {
                "actionDate": "1977-03-22",
                "text": "Referred to House Committee on Post Office and Civil Service."
            },
            "number": "5330",
            "policyArea": {
                "name": "Government Operations and Politics"
            },
            "title": "A bill to amend title 5, United States Code, to provide for grade retention benefits for certain employees whose positions are reduced in grade.",
            "type": "HR",
            "url": "https://api.congress.gov/v3/bill/95/hr/5330?format=json"
        },
        {
            "congress": 95,
            "introducedDate": "1977-03-15",
            "latestAction": {
                "actionDate": "1978-02-10",
                "text": "Public Law 95-228."
            },
            "number": "5054",
            "policyArea": {
                "name": "Municipal officials and employees"
            },
            "title": "A bill to repeal section 3306 of title 5, United States Code, to eliminate the requirement of apportionment of appointments in the departmental service in the District of Columbia.",
            "type": "HR",
            "url": "https://api.congress.gov/v3/bill/95/hr/5054?format=json"
        },
        {
            "congress": 95,
            "introducedDate": "1977-02-28",
            "latestAction": {
                "actionDate": "1977-02-28",
                "text": "Referred to House Committee on Interior and Insular Affairs."
            },
            "number": "4134",
            "policyArea": {
                "name": "Public Lands and Natural Resources"
            },
            "title": "A bill to amend the act of April 17, 1954, which preserved within Manassas National Battlefield Park, Va., important historic properties relating to the battles of Manassas.",
            "type": "HR",
            "url": "https://api.congress.gov/v3/bill/95/hr/4134?format=json"
        },
        {
            "congress": 95,
            "introducedDate": "1977-02-22",
            "latestAction": {
                "actionDate": "1977-02-22",
                "text": "Referred to House Committee on the Judiciary."
            },
            "number": "3745",
            "policyArea": {
                "name": "Government Operations and Politics"
            },
            "title": "Contract Disputes Act",
            "type": "HR",
            "url": "https://api.congress.gov/v3/bill/95/hr/3745?format=json"
        },
        {
            "congress": 95,
            "introducedDate": "1977-02-17",
            "latestAction": {
                "actionDate": "1977-02-17",
                "text": "Referred to House Committee on Post Office and Civil Service."
            },
            "number": "3656",
            "policyArea": {
                "name": "Salaries"
            },
            "title": "A bill to provide that the rates of pay for Members of Congress shall be the rates in effect on September 30, 1976, until such time as they are fixed otherwise by law, and to provide that the pay for certain executive, legislative, and judicial offices and positions may not be increased until a comprehensive code of public conduct has been enacted.",
            "type": "HR",
            "url": "https://api.congress.gov/v3/bill/95/hr/3656?format=json"
        },
        {
            "congress": 95,
            "introducedDate": "1977-02-08",
            "latestAction": {
                "actionDate": "1977-02-08",
                "text": "Referred to House Committee on Post Office and Civil Service."
            },
            "number": "3249",
            "policyArea": {
                "name": "Government Operations and Politics"
            },
            "title": "A bill to provide that the rate of pay for Members of Congress shall be the rates in effect on September 30, 1976, until such time as they are fixed otherwise by law, and to provide that the pay for certain executive, legislative, and judicial offices and positions may not be increased until a comprehensive code of public conduct has been enacted.",
            "type": "HR",
            "url": "https://api.congress.gov/v3/bill/95/hr/3249?format=json"
        },
        {
            "congress": 95,
            "introducedDate": "1977-02-07",
            "latestAction": {
                "actionDate": "1978-06-19",
                "text": "Vetoed by President, H. Doc. 95-358."
            },
            "number": "3161",
            "policyArea": {
                "name": "Government Operations and Politics"
            },
            "title": "A bill to amend title 5, United States Code, to improve the basic workweek of firefighting personnel of executive agencies.",
            "type": "HR",
            "url": "https://api.congress.gov/v3/bill/95/hr/3161?format=json"
        },
        {
            "congress": 95,
            "introducedDate": "1977-02-02",
            "latestAction": {
                "actionDate": "1977-10-27",
                "text": "Reported to House from the Committee on the Judiciary with amendment, H. Rept. 95-769."
            },
            "number": "3084",
            "policyArea": {
                "name": "Private Legislation"
            },
            "title": "A bill for the relief of Morris and Lenke Gelb.",
            "type": "HR",
            "url": "https://api.congress.gov/v3/bill/95/hr/3084?format=json"
        },
        {
            "congress": 95,
            "introducedDate": "1977-02-02",
            "latestAction": {
                "actionDate": "1977-02-02",
                "text": "Referred to House Committee on Post Office and Civil Service."
            },
            "number": "2991",
            "policyArea": {
                "name": "Salaries"
            },
            "title": "A bill to provide that the rates of pay for Members of Congress shall be the rates in effect on September 30, 1976, until such time as they are fixed otherwise by law, and to provide that the pay for certain executive, legislative, and judicial offices and positions may not be increased until a comprehensive code of public conduct has been enacted.",
            "type": "HR",
            "url": "https://api.congress.gov/v3/bill/95/hr/2991?format=json"
        },
        {
            "congress": 95,
            "introducedDate": "1977-01-31",
            "latestAction": {
                "actionDate": "1977-01-31",
                "text": "Referred to House Committee on the Judiciary."
            },
            "number": "2762",
            "policyArea": {
                "name": "Private Legislation"
            },
            "title": "A bill for the relief of Harry Stanley Spaulding, Jr.",
            "type": "HR",
            "url": "https://api.congress.gov/v3/bill/95/hr/2762?format=json"
        },
        {
            "congress": 95,
            "introducedDate": "1977-01-31",
            "latestAction": {
                "actionDate": "1978-03-27",
                "text": "Private Law 95-33."
            },
            "number": "2761",
            "policyArea": {
                "name": "Private Legislation"
            },
            "title": "A bill for the relief of Su-Hwan Choe.",
            "type": "HR",
            "url": "https://api.congress.gov/v3/bill/95/hr/2761?format=json"
        },
        {
            "congress": 95,
            "introducedDate": "1977-01-27",
            "latestAction": {
                "actionDate": "1977-01-27",
                "text": "Referred to House Committee on Ways and Means."
            },
            "number": "2642",
            "policyArea": {
                "name": "Taxation"
            },
            "title": "A bill to amend the Internal Revenue Code of 1954 to allow a tax credit on houses or apartments for a portion of the real estate taxes paid or incurred by their landlords.",
            "type": "HR",
            "url": "https://api.congress.gov/v3/bill/95/hr/2642?format=json"
        },
        {
            "congress": 95,
            "introducedDate": "1977-01-26",
            "latestAction": {
                "actionDate": "1978-10-30",
                "text": "Private Law 95-133."
            },
            "number": "2558",
            "policyArea": {
                "name": "Private Legislation"
            },
            "title": "A bill for the relief of Dr. John Alexis L. S. Tam, and Yeut Shum Tam.",
            "type": "HR",
            "url": "https://api.congress.gov/v3/bill/95/hr/2558?format=json"
        },
        {
            "congress": 95,
            "introducedDate": "1977-01-26",
            "latestAction": {
                "actionDate": "1977-06-07",
                "text": "Referred to Senate Committee on Energy and Natural Resources."
            },
            "number": "2437",
            "policyArea": {
                "name": "Public Lands and Natural Resources"
            },
            "title": "A bill to amend the Act of April 17, 1954, which preserved within Manassas National Battlefield Park, Va., important historic properties relating to the battles of Manassas.",
            "type": "HR",
            "url": "https://api.congress.gov/v3/bill/95/hr/2437?format=json"
        },
        {
            "congress": 95,
            "introducedDate": "1977-01-11",
            "latestAction": {
                "actionDate": "1977-01-11",
                "text": "Referred to House Committee on Ways and Means."
            },
            "number": "1676",
            "policyArea": {
                "name": "Taxation"
            },
            "title": "A bill to amend the Internal Revenue Code of 1954 to allow a tax credit on houses or apartments for a portion of the real estate taxes paid or incurred by their landlords.",
            "type": "HR",
            "url": "https://api.congress.gov/v3/bill/95/hr/1676?format=json"
        },
        {
            "congress": 95,
            "introducedDate": "1977-01-04",
            "latestAction": {
                "actionDate": "1977-01-04",
                "text": "Referred to House Committee on Ways and Means."
            },
            "number": "383",
            "policyArea": {
                "name": "Taxation"
            },
            "title": "A bill to amend the Internal Revenue Code of 1954 to allow a tax credit on houses or apartments for a portion of the real estate taxes paid or incurred by their landlords.",
            "type": "HR",
            "url": "https://api.congress.gov/v3/bill/95/hr/383?format=json"
        },
        {
            "congress": 95,
            "introducedDate": "1977-01-04",
            "latestAction": {
                "actionDate": "1977-01-04",
                "text": "Referred to House Committee on Ways and Means."
            },
            "number": "84",
            "policyArea": {
                "name": "Taxation"
            },
            "title": "A bill to amend the Internal Revenue Code of 1954 to allow a tax credit on houses or apartments for a portion of the real estate taxes paid or incurred by their landlords.",
            "type": "HR",
            "url": "https://api.congress.gov/v3/bill/95/hr/84?format=json"
        },
        {
            "congress": 95,
            "introducedDate": "1977-01-04",
            "latestAction": {
                "actionDate": "1977-01-04",
                "text": "Referred to House Committee on Public Works and Transportation."
            },
            "number": "83",
            "policyArea": {
                "name": "Water Resources Development"
            },
            "title": "A bill to provide for the establishment of an equitable rate structure for water delivered to the District of Columbia and to encourage water conservation in the District of Columbia.",
            "type": "HR",
            "url": "https://api.congress.gov/v3/bill/95/hr/83?format=json"
        },
        {
            "congress": 95,
            "introducedDate": "1978-02-01",
            "latestAction": {
                "actionDate": "1978-02-01",
                "text": "Referred to House Committee on Post Office and Civil Service."
            },
            "number": "710",
            "policyArea": {
                "name": "Commemorations"
            },
            "title": "A resolution to provide for the designation of the week of February 12 to 18, 1978, as \"National Vocational Education Week\".",
            "type": "HJRES",
            "url": "https://api.congress.gov/v3/bill/95/hjres/710?format=json"
        },
        {
            "congress": 95,
            "introducedDate": "1977-04-21",
            "latestAction": {
                "actionDate": "1977-04-21",
                "text": "Referred to House Committee on Post Office and Civil Service."
            },
            "number": "404",
            "policyArea": {
                "name": "Commemorations"
            },
            "title": "Joint resolution designating the month of June 1977 as National Graduating Class of 1977 Month.",
            "type": "HJRES",
            "url": "https://api.congress.gov/v3/bill/95/hjres/404?format=json"
        },
        {
            "congress": 95,
            "introducedDate": "1977-01-31",
            "latestAction": {
                "actionDate": "1977-01-31",
                "text": "Referred to House Committee on Post Office and Civil Service."
            },
            "number": "211",
            "policyArea": {
                "name": "Commemorations"
            },
            "title": "Joint resolution designating the month of June 1977 as \"National Graduating Class of 1977 Month\".",
            "type": "HJRES",
            "url": "https://api.congress.gov/v3/bill/95/hjres/211?format=json"
        },
        {
            "congress": 95,
            "introducedDate": "1978-09-18",
            "latestAction": {
                "actionDate": "1978-09-18",
                "text": "Referred to House Committee on Post Office and Civil Service."
            },
            "number": "1353",
            "policyArea": {
                "name": "Government Operations and Politics"
            },
            "title": "A resolution disapproving the alternative plan for pay adjustments for Federal employees recommended and submitted by the President to the Congress on August 31, 1978, under section 5305(c) of title 5, United States Code.",
            "type": "HRES",
            "url": "https://api.congress.gov/v3/bill/95/hres/1353?format=json"
        },
        {
            "congress": 95,
            "introducedDate": "1978-09-13",
            "latestAction": {
                "actionDate": "1978-09-13",
                "text": "Referred to House Committee on Post Office and Civil Service."
            },
            "number": "1347",
            "policyArea": {
                "name": "Government Operations and Politics"
            },
            "title": "A resolution disapproving the alternative plan for pay adjustments for Federal employees recommended and submitted by the President to the Congress on August 31, 1978, under section 5305(c) of title 5, United States Code.",
            "type": "HRES",
            "url": "https://api.congress.gov/v3/bill/95/hres/1347?format=json"
        },
        {
            "congress": 95,
            "introducedDate": "1978-09-06",
            "latestAction": {
                "actionDate": "1978-09-06",
                "text": "Referred to House Committee on Post Office and Civil Service."
            },
            "number": "1336",
            "policyArea": {
                "name": "Government Operations and Politics"
            },
            "title": "A resolution disapproving the Federal pay comparability alternative plan proposed by the President.",
            "type": "HRES",
            "url": "https://api.congress.gov/v3/bill/95/hres/1336?format=json"
        },
        {
            "congress": 95,
            "introducedDate": "1978-03-21",
            "latestAction": {
                "actionDate": "1978-03-21",
                "text": "Referred to House Committee on Rules."
            },
            "number": "1097",
            "policyArea": {
                "name": "Congress"
            },
            "title": "A resolution to amend the Rules of the House of Representatives to restrict provisions of and amendments to appropriation bills.",
            "type": "HRES",
            "url": "https://api.congress.gov/v3/bill/95/hres/1097?format=json"
        },
        {
            "congress": 95,
            "introducedDate": "1978-02-09",
            "latestAction": {
                "actionDate": "1978-02-09",
                "text": "Referred to House Committee on Rules."
            },
            "number": "1017",
            "policyArea": {
                "name": "Congress"
            },
            "title": "A resolution to amend the Rules of the House of Representatives to restrict provisions of and amendments to appropriation bills.",
            "type": "HRES",
            "url": "https://api.congress.gov/v3/bill/95/hres/1017?format=json"
        },
        {
            "congress": 95,
            "introducedDate": "1978-02-07",
            "latestAction": {
                "actionDate": "1978-02-07",
                "text": "Referred to House Committee on Rules."
            },
            "number": "1007",
            "policyArea": {
                "name": "Congress"
            },
            "title": "A resolution to amend the Rules of the House of Representatives to restrict provisions of and amendments to appropriation bills.",
            "type": "HRES",
            "url": "https://api.congress.gov/v3/bill/95/hres/1007?format=json"
        },
        {
            "congress": 95,
            "introducedDate": "1978-03-14",
            "latestAction": {
                "actionDate": "1978-03-14",
                "text": "Referred to House Committee on International Relations."
            },
            "number": "521",
            "policyArea": {
                "name": "Terrorism"
            },
            "title": "A resolution condemning terrorist activities of the PLO.",
            "type": "HCONRES",
            "url": "https://api.congress.gov/v3/bill/95/hconres/521?format=json"
        }
    ]
}