{
    "pagination": {
        "count": 132
    },
    "request": {
        "bioguideId": "n000189",
        "contentType": "application/json",
        "format": "json"
    },
    "sponsoredLegislation": [
        {
            "congress": 118,
            "introducedDate": "2024-07-09",
            "latestAction": {
                "actionDate": "2024-07-09",
                "text": "Referred to the Committee on Natural Resources, and in addition to the Committee on Energy and Commerce, for a period to be subsequently determined by the Speaker, in each case for consideration of such provisions as fall within the jurisdiction of the committee concerned."
            },
            "number": "8956",
            "policyArea": {
                "name": null
            },
            "title": "To amend the Indian Health Care Improvement Act for the development and implementation of a centralized system to credential licensed health professionals who seek to provide health care services at any Indian Health Service unit.",
            "type": "HR",
            "url": "https://api.congress.gov/v3/bill/118/hr/8956?format=json"
        },
        {
            "congress": 118,
            "introducedDate": "2024-06-11",
            "latestAction": {
                "actionDate": "2024-06-11",
                "text": "Referred to the House Committee on Foreign Affairs."
            },
            "number": "8693",
            "policyArea": {
                "name": null
            },
            "title": "To prohibit certain businesses and persons from purchasing real estate adjacent to covered Federal lands in the United States, and for other purposes.",
            "type": "HR",
            "url": "https://api.congress.gov/v3/bill/118/hr/8693?format=json"
        },
        {
            "congress": 118,
            "introducedDate": "2024-05-23",
            "latestAction": {
                "actionDate": "2024-05-23",
                "text": "Referred to the House Committee on Natural Resources."
            },
            "number": "159",
            "policyArea": {
                "name": null
            },
            "title": "Providing for congressional disapproval under chapter 8 of title 5, United States Code, of the rule submitted by the United States Fish and Wildlife Service relating to \"Endangered and Threatened Wildlife and Plants; Regulations Pertaining to Endangered and Threatened Wildlife and Plants\".",
            "type": "HJRES",
            "url": "https://api.congress.gov/v3/bill/118/hjres/159?format=json"
        },
        {
            "congress": 118,
            "introducedDate": "2024-05-16",
            "latestAction": {
                "actionDate": "2024-05-16",
                "text": "Referred to the House Committee on Natural Resources."
            },
            "number": "149",
            "policyArea": {
                "name": "Animals"
            },
            "title": "Providing for congressional disapproval under chapter 8 of title 5, United States Code, of the rule submitted by the United States Fish and Wildlife Service relating to \"Endangered and Threatened Wildlife and Plants; Establishment of a Nonessential Experimental Population of Grizzly Bear in the North Cascades Ecosystem, Washington State\".",
            "type": "HJRES",
            "url": "https://api.congress.gov/v3/bill/118/hjres/149?format=json"
        },
        {
            "congress": 118,
            "introducedDate": "2024-04-30",
            "latestAction": {
                "actionDate": "2024-04-30",
                "text": "Referred to the House Committee on Transportation and Infrastructure."
            },
            "number": "1185",
            "policyArea": {
                "name": null
            },
            "title": "Designating the month of May as \"National First Responder Month\".",
            "type": "HRES",
            "url": "https://api.congress.gov/v3/bill/118/hres/1185?format=json"
        },
        {
            "congress": 118,
            "introducedDate": "2024-04-29",
            "latestAction": {
                "actionDate": "2024-04-29",
                "text": "Referred to the House Committee on Natural Resources."
            },
            "number": "8156",
            "policyArea": {
                "name": null
            },
            "title": "To direct the Comptroller General of the United States to submit to Congress an updated report on the roles, responsibilities, and practices of the Council on Environmental Quality.",
            "type": "HR",
            "url": "https://api.congress.gov/v3/bill/118/hr/8156?format=json"
        },
        {
            "congress": 118,
            "introducedDate": "2024-04-29",
            "latestAction": {
                "actionDate": "2024-04-29",
                "text": "Referred to the House Committee on Transportation and Infrastructure."
            },
            "number": "8160",
            "policyArea": {
                "name": null
            },
            "title": "Breaking Irresponsible Energy and Commercial Habits Act",
            "type": "HR",
            "url": "https://api.congress.gov/v3/bill/118/hr/8160?format=json"
        },
        {
            "congress": 118,
            "introducedDate": "2024-04-29",
            "latestAction": {
                "actionDate": "2024-04-29",
                "text": "Referred to the Committee on Transportation and Infrastructure, and in addition to the Committee on Natural Resources, for a period to be subsequently determined by the Speaker, in each case for consideration of such provisions as fall within the jurisdiction of the committee concerned."
            },
            "number": "8161",
            "policyArea": {
                "name": null
            },
            "title": "Electric Act",
            "type": "HR",
            "url": "https://api.congress.gov/v3/bill/118/hr/8161?format=json"
        },
        {
            "congress": 118,
            "introducedDate": "2024-04-29",
            "latestAction": {
                "actionDate": "2024-04-29",
                "text": "Referred to the House Committee on Transportation and Infrastructure."
            },
            "number": "8158",
            "policyArea": {
                "name": null
            },
            "title": "Pinniped Predator Deterrence Act",
            "type": "HR",
            "url": "https://api.congress.gov/v3/bill/118/hr/8158?format=json"
        },
        {
            "congress": 118,
            "introducedDate": "2024-04-29",
            "latestAction": {
                "actionDate": "2024-04-29",
                "text": "Referred to the House Committee on Energy and Commerce."
            },
            "number": "1175",
            "policyArea": {
                "name": null
            },
            "title": "Expressing the sense of the House of Representatives that hydropower is a vital component to an all-of-the-above approach to energy development which is critical to United States national security.",
            "type": "HRES",
            "url": "https://api.congress.gov/v3/bill/118/hres/1175?format=json"
        },
        {
            "congress": 118,
            "introducedDate": "2024-04-29",
            "latestAction": {
                "actionDate": "2024-04-29",
                "text": "Referred to the House Committee on Transportation and Infrastructure."
            },
            "number": "8157",
            "policyArea": {
                "name": null
            },
            "title": "To prohibit the Secretary of the Army from carrying out certain spillage operations on the Lower Snake Rivers dams, and for other purposes.",
            "type": "HR",
            "url": "https://api.congress.gov/v3/bill/118/hr/8157?format=json"
        },
        {
            "congress": 118,
            "introducedDate": "2024-04-29",
            "latestAction": {
                "actionDate": "2024-04-29",
                "text": "Referred to the House Committee on Transportation and Infrastructure."
            },
            "number": "8159",
            "policyArea": {
                "name": null
            },
            "title": "Abandoning Inconsistent and Rash Environmental Solutions Act",
            "type": "HR",
            "url": "https://api.congress.gov/v3/bill/118/hr/8159?format=json"
        },
        {
            "congress": 118,
            "introducedDate": "2024-04-29",
            "latestAction": {
                "actionDate": "2024-04-29",
                "text": "Referred to the Committee on Natural Resources, and in addition to the Committee on the Judiciary, for a period to be subsequently determined by the Speaker, in each case for consideration of such provisions as fall within the jurisdiction of the committee concerned."
            },
            "number": "1177",
            "policyArea": {
                "name": null
            },
            "title": "Expressing support for the designation of May 5, 2024, as the \"National Day of Awareness for Missing and Murdered Indigenous Women and Girls\".",
            "type": "HRES",
            "url": "https://api.congress.gov/v3/bill/118/hres/1177?format=json"
        },
        {
            "congress": 118,
            "introducedDate": "2024-04-29",
            "latestAction": {
                "actionDate": "2024-04-29",
                "text": "Referred to the House Committee on Natural Resources."
            },
            "number": "8155",
            "policyArea": {
                "name": null
            },
            "title": "Ratepayer Funding Alternative Act",
            "type": "HR",
            "url": "https://api.congress.gov/v3/bill/118/hr/8155?format=json"
        },
        {
            "congress": 118,
            "introducedDate": "2024-04-29",
            "latestAction": {
                "actionDate": "2024-04-29",
                "text": "Referred to the House Committee on Natural Resources."
            },
            "number": "1176",
            "policyArea": {
                "name": null
            },
            "title": "Expressing disapproval of the Columbia Basin Restoration Initiative entered into by the Biden administration.",
            "type": "HRES",
            "url": "https://api.congress.gov/v3/bill/118/hres/1176?format=json"
        },
        {
            "congress": 118,
            "introducedDate": "2024-01-31",
            "latestAction": {
                "actionDate": "2024-03-21",
                "actionTime": "14:26:49",
                "text": "Motion to reconsider laid on the table Agreed to without objection."
            },
            "number": "987",
            "policyArea": {
                "name": "Energy"
            },
            "title": "Denouncing the harmful, anti-American energy policies of the Biden administration, and for other purposes.",
            "type": "HRES",
            "url": "https://api.congress.gov/v3/bill/118/hres/987?format=json"
        },
        {
            "congress": 118,
            "introducedDate": "2024-01-22",
            "latestAction": {
                "actionDate": "2024-01-22",
                "text": "Referred to the House Committee on Natural Resources."
            },
            "number": "7066",
            "policyArea": {
                "name": "Water Resources Development"
            },
            "title": "DAMN Act",
            "type": "HR",
            "url": "https://api.congress.gov/v3/bill/118/hr/7066?format=json"
        },
        {
            "congress": 118,
            "introducedDate": "2023-10-17",
            "latestAction": {
                "actionDate": "2024-01-18",
                "text": "Referred to the Subcommittee on Nutrition, Foreign Agriculture, and Horticulture."
            },
            "number": "5973",
            "policyArea": {
                "name": "Agriculture and Food"
            },
            "title": "Continuous Improvement and Accountability in Organic Standards Act",
            "type": "HR",
            "url": "https://api.congress.gov/v3/bill/118/hr/5973?format=json"
        },
        {
            "congress": 118,
            "introducedDate": "2023-10-11",
            "latestAction": {
                "actionDate": "2023-10-25",
                "text": "Referred to the House Committee on Natural Resources."
            },
            "number": "5927",
            "policyArea": {
                "name": "Animals"
            },
            "title": "To require the Secretary of the Interior to withdraw certain documents relating to grizzly bears.",
            "type": "HR",
            "url": "https://api.congress.gov/v3/bill/118/hr/5927?format=json"
        },
        {
            "congress": 118,
            "introducedDate": "2023-09-21",
            "latestAction": {
                "actionDate": "2023-09-22",
                "text": "Referred to the Subcommittee on Health."
            },
            "number": "5652",
            "policyArea": {
                "name": "Health"
            },
            "title": "Stop Overdose in Schools Act",
            "type": "HR",
            "url": "https://api.congress.gov/v3/bill/118/hr/5652?format=json"
        },
        {
            "congress": 118,
            "introducedDate": "2023-09-21",
            "latestAction": {
                "actionDate": "2023-09-21",
                "text": "Referred to the Committee on Armed Services, and in addition to the Committee on Veterans' Affairs, for a period to be subsequently determined by the Speaker, in each case for consideration of such provisions as fall within the jurisdiction of the committee concerned."
            },
            "number": "720",
            "policyArea": {
                "name": "Armed Forces and National Security"
            },
            "title": "Designating the week of September 24 through September 30, 2023, as \"Gold Star Families Remembrance Week\".",
            "type": "HRES",
            "url": "https://api.congress.gov/v3/bill/118/hres/720?format=json"
        },
        {
            "congress": 118,
            "introducedDate": "2023-09-14",
            "latestAction": {
                "actionDate": "2023-10-25",
                "text": "Subcommittee Hearings Held"
            },
            "number": "5504",
            "policyArea": {
                "name": "Environmental Protection"
            },
            "title": "To require the Director of the United States Fish and Wildlife Service and the Assistant Administrator for Fisheries of the National Oceanic and Atmospheric Administration to withdraw proposed rules relating to the Endangered Species Act of 1973, and for other purposes.",
            "type": "HR",
            "url": "https://api.congress.gov/v3/bill/118/hr/5504?format=json"
        },
        {
            "congress": 118,
            "introducedDate": "2023-09-14",
            "latestAction": {
                "actionDate": "2023-09-21",
                "actionTime": "11:38:25",
                "text": "Rule H. Res. 712 failed passage of House."
            },
            "number": "684",
            "policyArea": {
                "name": "Crime and Law Enforcement"
            },
            "title": "Condemning the actions of Governor of New Mexico, Michelle Lujan Grisham, for subverting the Second Amendment to the Constitution and depriving the citizens of New Mexico of their right to bear arms.",
            "type": "HRES",
            "url": "https://api.congress.gov/v3/bill/118/hres/684?format=json"
        },
        {
            "congress": 118,
            "introducedDate": "2023-07-10",
            "latestAction": {
                "actionDate": "2024-03-12",
                "text": "Ordered to be Reported (Amended) by Unanimous Consent."
            },
            "number": "4524",
            "policyArea": {
                "name": "Native Americans"
            },
            "title": "Parity for Tribal Law Enforcement Act",
            "type": "HR",
            "url": "https://api.congress.gov/v3/bill/118/hr/4524?format=json"
        },
        {
            "congress": 118,
            "introducedDate": "2023-06-30",
            "latestAction": {
                "actionDate": "2023-06-30",
                "text": "Referred to the House Committee on the Judiciary."
            },
            "number": "4431",
            "policyArea": {
                "name": "Crime and Law Enforcement"
            },
            "title": "Law Enforcement Officers Preventing Overdose Deaths Act",
            "type": "HR",
            "url": "https://api.congress.gov/v3/bill/118/hr/4431?format=json"
        },
        {
            "congress": 118,
            "introducedDate": "2023-06-05",
            "latestAction": {
                "actionDate": "2023-06-09",
                "text": "Referred to the Subcommittee on Energy, Climate and Grid Security."
            },
            "number": "3818",
            "policyArea": {
                "name": "Energy"
            },
            "title": "To prohibit the Secretary of Energy from finalizing a proposed rule related to consumer conventional cooking products, and for other purposes.",
            "type": "HR",
            "url": "https://api.congress.gov/v3/bill/118/hr/3818?format=json"
        },
        {
            "congress": 118,
            "introducedDate": "2023-05-25",
            "latestAction": {
                "actionDate": "2023-05-25",
                "text": "Referred to the Committee on Oversight and Accountability, and in addition to the Committee on the Judiciary, for a period to be subsequently determined by the Speaker, in each case for consideration of such provisions as fall within the jurisdiction of the committee concerned."
            },
            "number": "3721",
            "policyArea": {
                "name": "Government Operations and Politics"
            },
            "title": "United States Postal Service Shipping Equity Act",
            "type": "HR",
            "url": "https://api.congress.gov/v3/bill/118/hr/3721?format=json"
        },
        {
            "congress": 118,
            "introducedDate": "2023-05-02",
            "latestAction": {
                "actionDate": "2023-06-09",
                "text": "Referred to the Subcommittee on Indian and Insular Affairs."
            },
            "number": "353",
            "policyArea": {
                "name": "Native Americans"
            },
            "title": "Expressing support for the designation of May 5, 2023, as the \"National Day of Awareness for Missing and Murdered Indigenous Women and Girls\".",
            "type": "HRES",
            "url": "https://api.congress.gov/v3/bill/118/hres/353?format=json"
        },
        {
            "congress": 118,
            "introducedDate": "2023-04-28",
            "latestAction": {
                "actionDate": "2023-05-05",
                "text": "Referred to the Subcommittee on Energy, Climate and Grid Security."
            },
            "number": "339",
            "policyArea": {
                "name": "Energy"
            },
            "title": "Expressing the sense of the House of Representatives that an \"all-of-the-above\" energy strategy is the most viable approach to energy policy.",
            "type": "HRES",
            "url": "https://api.congress.gov/v3/bill/118/hres/339?format=json"
        },
        {
            "congress": 118,
            "introducedDate": "2023-04-19",
            "latestAction": {
                "actionDate": "2023-05-15",
                "text": "Referred to the Subcommittee on Conservation, Research, and Biotechnology."
            },
            "number": "2720",
            "policyArea": {
                "name": "Agriculture and Food"
            },
            "title": "Strengthening Organic Agricultural Research (SOAR) Act of 2023",
            "type": "HR",
            "url": "https://api.congress.gov/v3/bill/118/hr/2720?format=json"
        },
        {
            "congress": 118,
            "introducedDate": "2023-04-19",
            "latestAction": {
                "actionDate": "2023-05-15",
                "text": "Referred to the Subcommittee on Conservation, Research, and Biotechnology."
            },
            "number": "2719",
            "policyArea": {
                "name": "Agriculture and Food"
            },
            "title": "Conservation and Innovative Climate Partnership Act of 2023",
            "type": "HR",
            "url": "https://api.congress.gov/v3/bill/118/hr/2719?format=json"
        },
        {
            "congress": 118,
            "introducedDate": "2023-03-23",
            "latestAction": {
                "actionDate": "2023-04-14",
                "text": "Referred to the Subcommittee on Water, Wildlife, and Fisheries."
            },
            "number": "1762",
            "policyArea": {
                "name": "Water Resources Development"
            },
            "title": "Northwest Energy Security Act",
            "type": "HR",
            "url": "https://api.congress.gov/v3/bill/118/hr/1762?format=json"
        },
        {
            "congress": 118,
            "introducedDate": "2023-03-14",
            "latestAction": {
                "actionDate": "2023-03-24",
                "text": "Referred to the Subcommittee on Health."
            },
            "number": "1597",
            "policyArea": {
                "name": "Crime and Law Enforcement"
            },
            "title": "William and James Wonacott Act of 2023",
            "type": "HR",
            "url": "https://api.congress.gov/v3/bill/118/hr/1597?format=json"
        },
        {
            "congress": 118,
            "introducedDate": "2023-02-02",
            "latestAction": {
                "actionDate": "2023-02-02",
                "text": "Referred to the Committee on Agriculture, and in addition to the Committee on Foreign Affairs, for a period to be subsequently determined by the Speaker, in each case for consideration of such provisions as fall within the jurisdiction of the committee concerned."
            },
            "number": "809",
            "policyArea": {
                "name": "Agriculture and Food"
            },
            "title": "Prohibition of Agricultural Land for the People\u2019s Republic of China Act",
            "type": "HR",
            "url": "https://api.congress.gov/v3/bill/118/hr/809?format=json"
        },
        {
            "congress": 118,
            "introducedDate": "2023-01-31",
            "latestAction": {
                "actionDate": "2024-01-31",
                "text": "Subcommittee Hearings Held"
            },
            "number": "674",
            "policyArea": {
                "name": "Public Lands and Natural Resources"
            },
            "title": "Root and Stem Project Authorization Act of 2023",
            "type": "HR",
            "url": "https://api.congress.gov/v3/bill/118/hr/674?format=json"
        },
        {
            "congress": 118,
            "introducedDate": "2023-01-31",
            "latestAction": {
                "actionDate": "2023-01-31",
                "text": "Referred to the House Committee on Agriculture."
            },
            "number": "648",
            "policyArea": {
                "name": "Agriculture and Food"
            },
            "title": "Agriculture Export Promotion Act of 2023",
            "type": "HR",
            "url": "https://api.congress.gov/v3/bill/118/hr/648?format=json"
        },
        {
            "congress": 117,
            "introducedDate": "2022-10-14",
            "latestAction": {
                "actionDate": "2022-10-28",
                "text": "Referred to the Subcommittee on Conservation and Forestry."
            },
            "number": "9184",
            "policyArea": {
                "name": "Public Lands and Natural Resources"
            },
            "title": "Root and Stem Project Authorization Act of 2022",
            "type": "HR",
            "url": "https://api.congress.gov/v3/bill/117/hr/9184?format=json"
        },
        {
            "congress": 117,
            "introducedDate": "2022-07-14",
            "latestAction": {
                "actionDate": "2022-11-01",
                "text": "Referred to the Subcommittee on Crime, Terrorism, and Homeland Security."
            },
            "number": "8387",
            "policyArea": {
                "name": "Native Americans"
            },
            "title": "Parity for Tribal Law Enforcement Act",
            "type": "HR",
            "url": "https://api.congress.gov/v3/bill/117/hr/8387?format=json"
        },
        {
            "congress": 117,
            "introducedDate": "2022-06-09",
            "latestAction": {
                "actionDate": "2022-06-10",
                "text": "Referred to the Subcommittee on Water Resources and Environment."
            },
            "number": "8016",
            "policyArea": {
                "name": "Water Resources Development"
            },
            "title": "Federal Columbia River Power System Certainty Act",
            "type": "HR",
            "url": "https://api.congress.gov/v3/bill/117/hr/8016?format=json"
        },
        {
            "congress": 117,
            "introducedDate": "2022-05-27",
            "latestAction": {
                "actionDate": "2022-05-27",
                "text": "Referred to the Committee on Agriculture, and in addition to the Committee on Foreign Affairs, for a period to be subsequently determined by the Speaker, in each case for consideration of such provisions as fall within the jurisdiction of the committee concerned."
            },
            "number": "7892",
            "policyArea": {
                "name": "International Affairs"
            },
            "title": "Prohibition of Agricultural Land for the People\u2019s Republic of China Act",
            "type": "HR",
            "url": "https://api.congress.gov/v3/bill/117/hr/7892?format=json"
        },
        {
            "congress": 117,
            "introducedDate": "2022-05-06",
            "latestAction": {
                "actionDate": "2022-05-06",
                "text": "Referred to the House Committee on Natural Resources."
            },
            "number": "1094",
            "policyArea": {
                "name": "Native Americans"
            },
            "title": "Expressing support for the designation of May 5, 2022, as the \"National Day of Awareness for Missing and Murdered Native Women and Girls\".",
            "type": "HRES",
            "url": "https://api.congress.gov/v3/bill/117/hres/1094?format=json"
        },
        {
            "congress": 117,
            "introducedDate": "2022-04-05",
            "latestAction": {
                "actionDate": "2022-05-10",
                "text": "Referred to the Subcommittee on Disability Assistance and Memorial Affairs."
            },
            "number": "1030",
            "policyArea": {
                "name": "Armed Forces and National Security"
            },
            "title": "Expressing support for the designation of the week of September 18 through September 24, 2022, as \"Gold Star Families Remembrance Week\".",
            "type": "HRES",
            "url": "https://api.congress.gov/v3/bill/117/hres/1030?format=json"
        },
        {
            "congress": 117,
            "introducedDate": "2022-03-31",
            "latestAction": {
                "actionDate": "2022-03-31",
                "text": "Referred to the House Committee on Ways and Means."
            },
            "number": "7341",
            "policyArea": {
                "name": "Taxation"
            },
            "title": "System Transparency and Accountability for the IRS Act",
            "type": "HR",
            "url": "https://api.congress.gov/v3/bill/117/hr/7341?format=json"
        },
        {
            "congress": 117,
            "introducedDate": "2022-03-21",
            "latestAction": {
                "actionDate": "2022-03-22",
                "text": "Referred to the Subcommittee on Health."
            },
            "number": "7189",
            "policyArea": {
                "name": "Health"
            },
            "title": "School Resource Officers Save Lives Act",
            "type": "HR",
            "url": "https://api.congress.gov/v3/bill/117/hr/7189?format=json"
        },
        {
            "congress": 117,
            "introducedDate": "2022-02-03",
            "latestAction": {
                "actionDate": "2022-11-01",
                "text": "Referred to the Subcommittee on Crime, Terrorism, and Homeland Security."
            },
            "number": "6593",
            "policyArea": {
                "name": "Crime and Law Enforcement"
            },
            "title": "Law Enforcement Officers Preventing Drug Abuse Related Deaths Act",
            "type": "HR",
            "url": "https://api.congress.gov/v3/bill/117/hr/6593?format=json"
        },
        {
            "congress": 117,
            "introducedDate": "2021-11-15",
            "latestAction": {
                "actionDate": "2021-12-02",
                "text": "Sponsor introductory remarks on measure. (CR H6864)"
            },
            "number": "5978",
            "policyArea": {
                "name": "Government Operations and Politics"
            },
            "title": "Exemptions for Critical Workers Act",
            "type": "HR",
            "url": "https://api.congress.gov/v3/bill/117/hr/5978?format=json"
        },
        {
            "congress": 117,
            "introducedDate": "2021-10-26",
            "latestAction": {
                "actionDate": "2021-11-04",
                "text": "Sponsor introductory remarks on measure. (CR H6186)"
            },
            "number": "5741",
            "policyArea": {
                "name": "Government Operations and Politics"
            },
            "title": "Options Over Terminations Act",
            "type": "HR",
            "url": "https://api.congress.gov/v3/bill/117/hr/5741?format=json"
        },
        {
            "congress": 117,
            "introducedDate": "2021-10-26",
            "latestAction": {
                "actionDate": "2021-11-04",
                "text": "Referred to the Subcommittee on Water, Oceans, and Wildlife."
            },
            "number": "5740",
            "policyArea": {
                "name": "Environmental Protection"
            },
            "title": "To codify certain regulations relating to endangered species and threatened species listing and critical habitat designation.",
            "type": "HR",
            "url": "https://api.congress.gov/v3/bill/117/hr/5740?format=json"
        },
        {
            "congress": 117,
            "introducedDate": "2021-07-20",
            "latestAction": {
                "actionDate": "2021-08-11",
                "text": "Referred to the Subcommittee on Conservation and Forestry."
            },
            "number": "4573",
            "policyArea": {
                "name": "Public Lands and Natural Resources"
            },
            "title": "Stop CATASTROPHES Act",
            "type": "HR",
            "url": "https://api.congress.gov/v3/bill/117/hr/4573?format=json"
        },
        {
            "congress": 117,
            "introducedDate": "2021-09-22",
            "latestAction": {
                "actionDate": "2021-09-22",
                "text": "Referred to the Committee on Armed Services, and in addition to the Committee on Veterans' Affairs, for a period to be subsequently determined by the Speaker, in each case for consideration of such provisions as fall within the jurisdiction of the committee concerned."
            },
            "number": "675",
            "policyArea": {
                "name": "Armed Forces and National Security"
            },
            "title": "Expressing support for the designation of the week of September 19 through September 25, 2021, as \"Gold Star Families Remembrance Week\".",
            "type": "HRES",
            "url": "https://api.congress.gov/v3/bill/117/hres/675?format=json"
        },
        {
            "congress": 117,
            "introducedDate": "2021-09-14",
            "latestAction": {
                "actionDate": "2022-12-30",
                "text": "Placed on the House Calendar, Calendar No. 171."
            },
            "number": "641",
            "policyArea": {
                "name": "Public Lands and Natural Resources"
            },
            "title": "Recognizing and celebrating the 75th anniversary of the National Association of Conservation Districts and their commitment to our lands.",
            "type": "HRES",
            "url": "https://api.congress.gov/v3/bill/117/hres/641?format=json"
        },
        {
            "congress": 117,
            "introducedDate": "2021-07-29",
            "latestAction": {
                "actionDate": "2021-08-18",
                "text": "Referred to the Subcommittee on Conservation and Forestry."
            },
            "number": "4842",
            "policyArea": {
                "name": "Public Lands and Natural Resources"
            },
            "title": "Tree Spiking Mitigation Act of 2021",
            "type": "HR",
            "url": "https://api.congress.gov/v3/bill/117/hr/4842?format=json"
        },
        {
            "congress": 117,
            "introducedDate": "2021-06-22",
            "latestAction": {
                "actionDate": "2022-11-01",
                "text": "Referred to the Subcommittee on Crime, Terrorism, and Homeland Security."
            },
            "number": "4060",
            "policyArea": {
                "name": "Crime and Law Enforcement"
            },
            "title": "Second Amendment is Essential Act of 2021",
            "type": "HR",
            "url": "https://api.congress.gov/v3/bill/117/hr/4060?format=json"
        },
        {
            "congress": 117,
            "introducedDate": "2021-06-17",
            "latestAction": {
                "actionDate": "2021-06-18",
                "text": "Referred to the Subcommittee on Health."
            },
            "number": "4008",
            "policyArea": {
                "name": "Health"
            },
            "title": "Increasing Rural Telehealth Access Act of 2021",
            "type": "HR",
            "url": "https://api.congress.gov/v3/bill/117/hr/4008?format=json"
        },
        {
            "congress": 117,
            "introducedDate": "2021-06-04",
            "latestAction": {
                "actionDate": "2021-08-04",
                "text": "Referred to the Subcommittee on Asia, the Pacific, Central Asia and Nonproliferation."
            },
            "number": "462",
            "policyArea": {
                "name": "International Affairs"
            },
            "title": "Expressing the sense of the House of Representatives regarding the need to conduct a comprehensive investigation to determine the origins of COVID-19, and for other purposes.",
            "type": "HRES",
            "url": "https://api.congress.gov/v3/bill/117/hres/462?format=json"
        },
        {
            "congress": 117,
            "introducedDate": "2021-05-18",
            "latestAction": {
                "actionDate": "2021-05-18",
                "text": "Referred to the House Committee on Ways and Means."
            },
            "number": "3316",
            "policyArea": {
                "name": "Labor and Employment"
            },
            "title": "National Signing Bonus Act of 2021",
            "type": "HR",
            "url": "https://api.congress.gov/v3/bill/117/hr/3316?format=json"
        },
        {
            "congress": 117,
            "introducedDate": "2021-05-04",
            "latestAction": {
                "actionDate": "2021-05-04",
                "text": "Referred to the Subcommittee for Indigenous Peoples of the United States."
            },
            "number": "369",
            "policyArea": {
                "name": "Native Americans"
            },
            "title": "Expressing support for the designation of May 5, 2021, as the \"National Day of Awareness for Missing and Murdered Native Women and Girls\".",
            "type": "HRES",
            "url": "https://api.congress.gov/v3/bill/117/hres/369?format=json"
        },
        {
            "congress": 117,
            "introducedDate": "2021-04-19",
            "latestAction": {
                "actionDate": "2022-12-15",
                "text": "Placed on the Union Calendar, Calendar No. 463."
            },
            "number": "2641",
            "policyArea": {
                "name": "Water Resources Development"
            },
            "title": "Pacific Northwest Pumped Storage Hydropower Development Act of 2021",
            "type": "HR",
            "url": "https://api.congress.gov/v3/bill/117/hr/2641?format=json"
        },
        {
            "congress": 117,
            "introducedDate": "2021-04-16",
            "latestAction": {
                "actionDate": "2021-06-15",
                "text": "Referred to the Subcommittee on Biotechnology, Horticulture, and Research."
            },
            "number": "2613",
            "policyArea": {
                "name": "Agriculture and Food"
            },
            "title": "Conservation and Innovative Climate Partnership Act of 2021",
            "type": "HR",
            "url": "https://api.congress.gov/v3/bill/117/hr/2613?format=json"
        },
        {
            "congress": 117,
            "introducedDate": "2021-02-03",
            "latestAction": {
                "actionDate": "2021-02-04",
                "text": "Referred to the Subcommittee on Health."
            },
            "number": "769",
            "policyArea": {
                "name": "Health"
            },
            "title": "Rural MOMS Act",
            "type": "HR",
            "url": "https://api.congress.gov/v3/bill/117/hr/769?format=json"
        },
        {
            "congress": 116,
            "introducedDate": "2020-12-09",
            "latestAction": {
                "actionDate": "2020-12-09",
                "text": "Referred to the House Committee on Foreign Affairs."
            },
            "number": "126",
            "policyArea": {
                "name": "International Affairs"
            },
            "title": "Expressing the sense of the Congress that the President should direct the Secretary of State to immediately issue a notice of intent to terminate the commercial and power coordination provisions of the Columbia River Treaty between the United States and Canada.",
            "type": "HCONRES",
            "url": "https://api.congress.gov/v3/bill/116/hconres/126?format=json"
        },
        {
            "congress": 116,
            "introducedDate": "2020-09-22",
            "latestAction": {
                "actionDate": "2020-09-22",
                "text": "Referred to the House Committee on Education and Labor."
            },
            "number": "1140",
            "policyArea": {
                "name": "Education"
            },
            "title": "Recognizing and celebrating the 70th anniversary of Impact Aid on September 30, 2020.",
            "type": "HRES",
            "url": "https://api.congress.gov/v3/bill/116/hres/1140?format=json"
        },
        {
            "congress": 116,
            "introducedDate": "2020-07-09",
            "latestAction": {
                "actionDate": "2020-09-11",
                "text": "Referred to the Subcommittee on Nutrition, Oversight, and Department Operations."
            },
            "number": "7554",
            "policyArea": {
                "name": "Agriculture and Food"
            },
            "title": "American Farmers, Food Banks, and Families Act of 2020",
            "type": "HR",
            "url": "https://api.congress.gov/v3/bill/116/hr/7554?format=json"
        },
        {
            "congress": 116,
            "introducedDate": "2020-05-15",
            "latestAction": {
                "actionDate": "2020-05-15",
                "text": "Referred to the House Committee on Ways and Means."
            },
            "number": "6884",
            "policyArea": {
                "name": "Taxation"
            },
            "title": "FIRST Act",
            "type": "HR",
            "url": "https://api.congress.gov/v3/bill/116/hr/6884?format=json"
        },
        {
            "congress": 116,
            "introducedDate": "2020-01-13",
            "latestAction": {
                "actionDate": "2020-01-17",
                "text": "Referred to the Subcommittee on Water, Oceans, and Wildlife."
            },
            "number": "5588",
            "policyArea": {
                "name": "Environmental Protection"
            },
            "title": "WHOLE Act of 2020",
            "type": "HR",
            "url": "https://api.congress.gov/v3/bill/116/hr/5588?format=json"
        },
        {
            "congress": 116,
            "introducedDate": "2019-10-28",
            "latestAction": {
                "actionDate": "2019-10-28",
                "text": "Referred to the Committee on Financial Services, and in addition to the Committee on House Administration, for a period to be subsequently determined by the Speaker, in each case for consideration of such provisions as fall within the jurisdiction of the committee concerned."
            },
            "number": "4867",
            "policyArea": {
                "name": "Armed Forces and National Security"
            },
            "title": "General James N. Mattis Congressional Gold Medal Act",
            "type": "HR",
            "url": "https://api.congress.gov/v3/bill/116/hr/4867?format=json"
        },
        {
            "congress": 116,
            "introducedDate": "2019-10-11",
            "latestAction": {
                "actionDate": "2019-10-22",
                "text": "Referred to the Subcommittee on Water, Oceans, and Wildlife."
            },
            "number": "4659",
            "policyArea": {
                "name": "Water Resources Development"
            },
            "title": "Water Supply Infrastructure Rehabilitation and Utilization Act",
            "type": "HR",
            "url": "https://api.congress.gov/v3/bill/116/hr/4659?format=json"
        },
        {
            "congress": 116,
            "introducedDate": "2019-07-24",
            "latestAction": {
                "actionDate": "2020-06-25",
                "text": "Subcommittee Hearings Held."
            },
            "number": "3937",
            "policyArea": {
                "name": "Energy"
            },
            "title": "To redesignate the facility of the Bureau of Reclamation located at Highway-155, Coulee Dam, WA 99116, as the \"Nathaniel 'Nat' Washington Power Plant\".",
            "type": "HR",
            "url": "https://api.congress.gov/v3/bill/116/hr/3937?format=json"
        },
        {
            "amendmentNumber": "445",
            "congress": 116,
            "introducedDate": "2019-06-20",
            "latestAction": {
                "actionDate": "2019-06-20",
                "actionTime": "15:18:33",
                "text": "By unanimous consent, the Newhouse amendment was withdrawn. (consideration: CR H4968)"
            },
            "type": null,
            "url": "https://api.congress.gov/v3/amendment/116/hamdt/445?format=json"
        },
        {
            "congress": 116,
            "introducedDate": "2019-02-07",
            "latestAction": {
                "actionDate": "2019-02-25",
                "text": "Referred to the Subcommittee on Water, Oceans, and Wildlife."
            },
            "number": "1048",
            "policyArea": {
                "name": "Water Resources Development"
            },
            "title": "Yakima River Basin Water Enhancement Project Phase III Act",
            "type": "HR",
            "url": "https://api.congress.gov/v3/bill/116/hr/1048?format=json"
        },
        {
            "congress": 116,
            "introducedDate": "2019-01-08",
            "latestAction": {
                "actionDate": "2020-12-15",
                "text": "Placed on the Union Calendar, Calendar No. 531."
            },
            "number": "278",
            "policyArea": {
                "name": "Water Resources Development"
            },
            "title": "To direct the Secretary of the Interior to convey certain facilities, easements, and rights-of-way to the Kennewick Irrigation District, and for other purposes.",
            "type": "HR",
            "url": "https://api.congress.gov/v3/bill/116/hr/278?format=json"
        },
        {
            "congress": 115,
            "introducedDate": "2018-12-21",
            "latestAction": {
                "actionDate": "2018-12-21",
                "text": "Placed on the House Calendar, Calendar No. 201."
            },
            "number": "1185",
            "policyArea": {
                "name": "Congress"
            },
            "title": "Providing for consideration of the bill (S. 2322) to amend the Federal Food, Drug, and Cosmetic Act to define the term natural cheese.",
            "type": "HRES",
            "url": "https://api.congress.gov/v3/bill/115/hres/1185?format=json"
        },
        {
            "congress": 115,
            "introducedDate": "2018-12-11",
            "latestAction": {
                "actionDate": "2018-12-12",
                "actionTime": "14:09:51",
                "text": "Motion to reconsider laid on the table Agreed to without objection."
            },
            "number": "1176",
            "policyArea": {
                "name": "Congress"
            },
            "title": "Providing for consideration of the conference report to accompany the bill (H.R. 2) to provide for the reform and continuation of agricultural and other programs of the Department of Agriculture through fiscal year 2023, and for other purposes.",
            "type": "HRES",
            "url": "https://api.congress.gov/v3/bill/115/hres/1176?format=json"
        },
        {
            "congress": 115,
            "introducedDate": "2018-11-13",
            "latestAction": {
                "actionDate": "2018-11-14",
                "actionTime": "17:09:23",
                "text": "Motion to reconsider laid on the table Agreed to without objection."
            },
            "number": "1142",
            "policyArea": {
                "name": "Congress"
            },
            "title": "Providing for consideration of the bill (H.R. 6784) to provide for removal of the gray wolf in the contiguous 48 States from the List of Endangered and Threatened Wildlife published under the Endangered Species Act of 1973, and providing for proceedings during the period from November 19, 2018, through November 26, 2018.",
            "type": "HRES",
            "url": "https://api.congress.gov/v3/bill/115/hres/1142?format=json"
        },
        {
            "congress": 115,
            "introducedDate": "2018-08-03",
            "latestAction": {
                "actionDate": "2018-12-20",
                "text": "Received in the Senate."
            },
            "number": "6652",
            "policyArea": {
                "name": "Water Resources Development"
            },
            "title": "To direct the Secretary of the Interior to convey certain facilities, easements, and rights-of-way to the Kennewick Irrigation District, and for other purposes.",
            "type": "HR",
            "url": "https://api.congress.gov/v3/bill/115/hr/6652?format=json"
        },
        {
            "congress": 115,
            "introducedDate": "2018-07-17",
            "latestAction": {
                "actionDate": "2018-07-18",
                "actionTime": "15:52:14",
                "text": "Motion to reconsider laid on the table Agreed to without objection."
            },
            "number": "1001",
            "policyArea": {
                "name": "Congress"
            },
            "title": "Providing for consideration of the concurrent resolution (H. Con. Res. 119) expressing the sense of Congress that a carbon tax would be detrimental to the United States economy.",
            "type": "HRES",
            "url": "https://api.congress.gov/v3/bill/115/hres/1001?format=json"
        },
        {
            "congress": 115,
            "introducedDate": "2018-06-20",
            "latestAction": {
                "actionDate": "2018-06-21",
                "actionTime": "16:14:50",
                "text": "Motion to reconsider laid on the table Agreed to without objection."
            },
            "number": "953",
            "policyArea": {
                "name": "Congress"
            },
            "title": "Providing for consideration of the bill (H.R. 6136) to amend the immigration laws and provide for border security, and for other purposes.",
            "type": "HRES",
            "url": "https://api.congress.gov/v3/bill/115/hres/953?format=json"
        },
        {
            "amendmentNumber": "744",
            "congress": 115,
            "introducedDate": "2018-06-07",
            "latestAction": {
                "actionDate": "2018-06-07",
                "actionTime": "20:02:02",
                "text": "On agreeing to the Newhouse amendment (A031) Agreed to by voice vote. "
            },
            "type": null,
            "url": "https://api.congress.gov/v3/amendment/115/hamdt/744?format=json"
        },
        {
            "congress": 115,
            "introducedDate": "2018-05-16",
            "latestAction": {
                "actionDate": "2018-05-17",
                "actionTime": "14:05:45",
                "text": "Motion to reconsider laid on the table Agreed to without objection."
            },
            "number": "900",
            "policyArea": {
                "name": "Congress"
            },
            "title": "Providing for further consideration of the bill (H.R. 2) to provide for the reform and continuation of agricultural and other programs of the Department of Agriculture through fiscal year 2023, and for other purposes.",
            "type": "HRES",
            "url": "https://api.congress.gov/v3/bill/115/hres/900?format=json"
        },
        {
            "congress": 115,
            "introducedDate": "2018-05-08",
            "latestAction": {
                "actionDate": "2018-05-09",
                "actionTime": "13:42:47",
                "text": "Motion to reconsider laid on the table Agreed to without objection."
            },
            "number": "879",
            "policyArea": {
                "name": "Congress"
            },
            "title": "Providing for consideration of the bill (H.R. 3053) to amend the Nuclear Waste Policy Act of 1982, and for other purposes.",
            "type": "HRES",
            "url": "https://api.congress.gov/v3/bill/115/hres/879?format=json"
        },
        {
            "congress": 115,
            "introducedDate": "2018-04-16",
            "latestAction": {
                "actionDate": "2018-04-18",
                "actionTime": "13:33:50",
                "text": "Motion to reconsider laid on the table Agreed to without objection."
            },
            "number": "831",
            "policyArea": {
                "name": "Congress"
            },
            "title": "Providing for consideration of the bill (H.R. 5444) to amend the Internal Revenue Code of 1986 to modernize and improve the Internal Revenue Service, and for other purposes, and providing for consideration of the bill (H.R. 5445) to amend the Internal Revenue Code of 1986 to improve cybersecurity and taxpayer identity protection, and modernize the information technology of the Internal Revenue Service, and for other purposes.",
            "type": "HRES",
            "url": "https://api.congress.gov/v3/bill/115/hres/831?format=json"
        },
        {
            "congress": 115,
            "introducedDate": "2018-04-13",
            "latestAction": {
                "actionDate": "2018-12-06",
                "text": "Became Public Law No: 115-292."
            },
            "number": "5504",
            "policyArea": {
                "name": "Government Operations and Politics"
            },
            "title": "An act to designate the facility of the United States Postal Service located at 4801 West Van Giesen Street in West Richland, Washington, as the \"Sergeant Dietrich Schmieman Post Office Building\"",
            "type": "HR",
            "url": "https://api.congress.gov/v3/bill/115/hr/5504?format=json"
        },
        {
            "congress": 115,
            "introducedDate": "2017-11-16",
            "latestAction": {
                "actionDate": "2018-11-02",
                "text": "Placed on the Union Calendar, Calendar No. 782."
            },
            "number": "4419",
            "policyArea": {
                "name": "Native Americans"
            },
            "title": "Bureau of Reclamation and Bureau of Indian Affairs Water Project Streamlining Act",
            "type": "HR",
            "url": "https://api.congress.gov/v3/bill/115/hr/4419?format=json"
        },
        {
            "congress": 115,
            "introducedDate": "2017-10-31",
            "latestAction": {
                "actionDate": "2017-11-01",
                "actionTime": "13:54:26",
                "text": "Motion to reconsider laid on the table Agreed to without objection."
            },
            "number": "595",
            "policyArea": {
                "name": "Congress"
            },
            "title": "Providing for consideration of the bill (H.R. 2936) to expedite under the National Environmental Policy Act of 1969 and improve forest management activities on National Forest System lands, on public lands under the jurisdiction of the Bureau of Land Management, and on Tribal lands to return resilience to overgrown, fire-prone forested lands, and for other purposes.",
            "type": "HRES",
            "url": "https://api.congress.gov/v3/bill/115/hres/595?format=json"
        },
        {
            "congress": 115,
            "introducedDate": "2017-07-26",
            "latestAction": {
                "actionDate": "2017-07-27",
                "actionTime": "14:16:07",
                "text": "Motion to reconsider laid on the table Agreed to without objection."
            },
            "number": "478",
            "policyArea": {
                "name": "Congress"
            },
            "title": "Providing for further consideration of the bill (H.R. 3219) making appropriations for the Department of Defense for the fiscal year ending September 30, 2018, and for other purposes, and providing for consideration of motions to suspend the rules.",
            "type": "HRES",
            "url": "https://api.congress.gov/v3/bill/115/hres/478?format=json"
        },
        {
            "congress": 115,
            "introducedDate": "2017-06-23",
            "latestAction": {
                "actionDate": "2017-06-23",
                "text": "Referred to the Committee on Financial Services, and in addition to the Committee on House Administration, for a period to be subsequently determined by the Speaker, in each case for consideration of such provisions as fall within the jurisdiction of the committee concerned."
            },
            "number": "3034",
            "policyArea": {
                "name": "Education"
            },
            "title": "Justin Smith Morrill Congressional Gold Medal Act",
            "type": "HR",
            "url": "https://api.congress.gov/v3/bill/115/hr/3034?format=json"
        },
        {
            "congress": 115,
            "introducedDate": "2017-06-20",
            "latestAction": {
                "actionDate": "2017-06-21",
                "actionTime": "14:43:24",
                "text": "Motion to reconsider laid on the table Agreed to without objection."
            },
            "number": "392",
            "policyArea": {
                "name": "Congress"
            },
            "title": "Providing for consideration of the bill (H.R. 1873) to amend the Federal Land Policy and Management Act of 1976 to enhance the reliability of the electricity grid and reduce the threat of wildfires to and from electric transmission and distribution facilities on Federal lands by facilitating vegetation management on such lands, and providing for consideration of the bill (H.R. 1654) to authorize the Secretary of the Interior to coordinate Federal and State permitting processes related to the construction of new surface water storage projects on lands under the jurisdiction of the Secretary of the Interior and the Secretary of Agriculture and to designate the Bureau of Reclamation as the lead agency for permit processing, and for other purposes.",
            "type": "HRES",
            "url": "https://api.congress.gov/v3/bill/115/hres/392?format=json"
        },
        {
            "congress": 115,
            "introducedDate": "2017-06-08",
            "latestAction": {
                "actionDate": "2017-07-19",
                "text": "Received in the Senate and Read twice and referred to the Committee on Energy and Natural Resources."
            },
            "number": "2828",
            "policyArea": {
                "name": "Energy"
            },
            "title": "To extend the deadline for commencement of construction of a hydroelectric project.",
            "type": "HR",
            "url": "https://api.congress.gov/v3/bill/115/hr/2828?format=json"
        },
        {
            "congress": 115,
            "introducedDate": "2017-05-03",
            "latestAction": {
                "actionDate": "2017-05-03",
                "text": "Referred to the House Committee on Agriculture."
            },
            "number": "2321",
            "policyArea": {
                "name": "Agriculture and Food"
            },
            "title": "Cultivating Revitalization by Expanding American Agricultural Trade and Exports Act",
            "type": "HR",
            "url": "https://api.congress.gov/v3/bill/115/hr/2321?format=json"
        },
        {
            "congress": 115,
            "introducedDate": "2017-03-28",
            "latestAction": {
                "actionDate": "2017-03-29",
                "actionTime": "13:44:24",
                "text": "Motion to reconsider laid on the table Agreed to without objection."
            },
            "number": "233",
            "policyArea": {
                "name": "Congress"
            },
            "title": "Providing for consideration of the bill (H.R. 1431) to amend the Environmental Research, Development, and Demonstration Authorization Act of 1978 to provide for Scientific Advisory Board member qualifications, public participation, and for other purposes.",
            "type": "HRES",
            "url": "https://api.congress.gov/v3/bill/115/hres/233?format=json"
        },
        {
            "congress": 115,
            "introducedDate": "2017-03-01",
            "latestAction": {
                "actionDate": "2018-02-15",
                "text": "Placed on the Union Calendar, Calendar No. 422."
            },
            "number": "1274",
            "policyArea": {
                "name": "Environmental Protection"
            },
            "title": "State, Tribal, and Local Species Transparency and Recovery Act",
            "type": "HR",
            "url": "https://api.congress.gov/v3/bill/115/hr/1274?format=json"
        },
        {
            "congress": 115,
            "introducedDate": "2017-03-01",
            "latestAction": {
                "actionDate": "2017-03-01",
                "text": "Referred to the House Committee on Natural Resources."
            },
            "number": "1273",
            "policyArea": {
                "name": "Environmental Protection"
            },
            "title": "21st Century Endangered Species Transparency Act",
            "type": "HR",
            "url": "https://api.congress.gov/v3/bill/115/hr/1273?format=json"
        },
        {
            "congress": 115,
            "introducedDate": "2017-02-06",
            "latestAction": {
                "actionDate": "2017-02-17",
                "text": "Referred to the Subcommittee on Water, Power and Oceans."
            },
            "number": "875",
            "policyArea": {
                "name": "Water Resources Development"
            },
            "title": "Bureau of Reclamation Water Project Streamlining Act",
            "type": "HR",
            "url": "https://api.congress.gov/v3/bill/115/hr/875?format=json"
        },
        {
            "congress": 115,
            "introducedDate": "2017-02-03",
            "latestAction": {
                "actionDate": "2017-02-10",
                "text": "Referred to the Subcommittee on Environment."
            },
            "number": "848",
            "policyArea": {
                "name": "Environmental Protection"
            },
            "title": "Farm Regulatory Certainty Act",
            "type": "HR",
            "url": "https://api.congress.gov/v3/bill/115/hr/848?format=json"
        },
        {
            "congress": 115,
            "introducedDate": "2017-02-02",
            "latestAction": {
                "actionDate": "2017-02-02",
                "text": "Referred to the House Committee on Natural Resources."
            },
            "number": "60",
            "policyArea": {
                "name": "Environmental Protection"
            },
            "title": "Providing for congressional disapproval under chapter 8 of title 5, United States Code, of the final rule of the United States Fish and Wildlife Service relating to the use of compensatory mitigation as recommended or required under the Endangered Species Act of 1973.",
            "type": "HJRES",
            "url": "https://api.congress.gov/v3/bill/115/hjres/60?format=json"
        },
        {
            "congress": 115,
            "introducedDate": "2017-01-31",
            "latestAction": {
                "actionDate": "2017-01-31",
                "text": "Referred to the House Committee on Natural Resources."
            },
            "number": "52",
            "policyArea": {
                "name": "Environmental Protection"
            },
            "title": "Providing for congressional disapproval under chapter 8 of title 5, United States Code, of the final rule of the United States Fish and Wildlife Service relating to \"Mitigation Policy\".",
            "type": "HJRES",
            "url": "https://api.congress.gov/v3/bill/115/hjres/52?format=json"
        },
        {
            "congress": 115,
            "introducedDate": "2017-01-30",
            "latestAction": {
                "actionDate": "2017-01-31",
                "actionTime": "17:26:18",
                "text": "Motion to reconsider laid on the table Agreed to without objection."
            },
            "number": "70",
            "policyArea": {
                "name": "Congress"
            },
            "title": "Providing for consideration of the joint resolution (H.J. Res. 38) disapproving the rule submitted by the Department of the Interior known as the Stream Protection Rule.",
            "type": "HRES",
            "url": "https://api.congress.gov/v3/bill/115/hres/70?format=json"
        },
        {
            "congress": 115,
            "introducedDate": "2017-01-12",
            "latestAction": {
                "actionDate": "2017-02-03",
                "text": "Referred to the Subcommittee on Health."
            },
            "number": "476",
            "policyArea": {
                "name": "Armed Forces and National Security"
            },
            "title": "VET Act",
            "type": "HR",
            "url": "https://api.congress.gov/v3/bill/115/hr/476?format=json"
        },
        {
            "congress": 115,
            "introducedDate": "2017-01-10",
            "latestAction": {
                "actionDate": "2017-01-11",
                "actionTime": "13:40:11",
                "text": "Motion to reconsider laid on the table Agreed to without objection."
            },
            "number": "40",
            "policyArea": {
                "name": "Congress"
            },
            "title": "Providing for consideration of the bill (H.R. 78) to improve the consideration by the Securities and Exchange Commission of the costs and benefits of its regulations and orders; providing for consideration of the bill (H.R. 238) to reauthorize the Commodity Futures Trading Commission, to better protect futures customers, to provide end-users with market certainty, to make basic reforms to ensure transparency and accountability at the Commission, to help farmers, ranchers, and end-users manage risks, to help keep consumer costs low, and for other purposes; and for other purposes.",
            "type": "HRES",
            "url": "https://api.congress.gov/v3/bill/115/hres/40?format=json"
        },
        {
            "amendmentNumber": "1477",
            "congress": 114,
            "introducedDate": "2016-09-28",
            "latestAction": {
                "actionDate": "2016-09-28",
                "actionTime": "17:07:58",
                "text": "On agreeing to the Newhouse amendment (A040) Agreed to by voice vote. "
            },
            "type": null,
            "url": "https://api.congress.gov/v3/amendment/114/hamdt/1477?format=json"
        },
        {
            "amendmentNumber": "1399",
            "congress": 114,
            "introducedDate": "2016-09-13",
            "latestAction": {
                "actionDate": "2016-09-13",
                "actionTime": "18:50:46",
                "text": "On agreeing to the Newhouse amendment (A007) Agreed to by voice vote. "
            },
            "type": null,
            "url": "https://api.congress.gov/v3/amendment/114/hamdt/1399?format=json"
        },
        {
            "amendmentNumber": "1340",
            "congress": 114,
            "introducedDate": "2016-07-13",
            "latestAction": {
                "actionDate": "2016-07-13",
                "actionTime": "02:07:45",
                "text": "On agreeing to the Newhouse amendment (A061) Agreed to by voice vote. "
            },
            "type": null,
            "url": "https://api.congress.gov/v3/amendment/114/hamdt/1340?format=json"
        },
        {
            "amendmentNumber": "1339",
            "congress": 114,
            "introducedDate": "2016-07-13",
            "latestAction": {
                "actionDate": "2016-07-13",
                "actionTime": "02:00:58",
                "text": "On agreeing to the Newhouse amendment (A060) Agreed to by voice vote. "
            },
            "type": null,
            "url": "https://api.congress.gov/v3/amendment/114/hamdt/1339?format=json"
        },
        {
            "amendmentNumber": "1338",
            "congress": 114,
            "introducedDate": "2016-07-13",
            "latestAction": {
                "actionDate": "2016-07-13",
                "actionTime": "18:18:35",
                "text": "On agreeing to the Newhouse amendment (A059) Agreed to by recorded vote: 223 - 201 (Roll no. 452). "
            },
            "type": null,
            "url": "https://api.congress.gov/v3/amendment/114/hamdt/1338?format=json"
        },
        {
            "congress": 114,
            "introducedDate": "2016-07-11",
            "latestAction": {
                "actionDate": "2016-07-12",
                "actionTime": "15:24:37",
                "text": "Motion to reconsider laid on the table Agreed to without objection."
            },
            "number": "820",
            "policyArea": {
                "name": "Congress"
            },
            "title": "Providing for consideration of the bill (H.R. 5538) making appropriations for the Department of the Interior, environment, and related agencies for the fiscal year ending September 30, 2017, and for other purposes; providing for proceedings during the period from July 15, 2016, through September 5, 2016; and for other purposes.",
            "type": "HRES",
            "url": "https://api.congress.gov/v3/bill/114/hres/820?format=json"
        },
        {
            "congress": 114,
            "introducedDate": "2016-07-08",
            "latestAction": {
                "actionDate": "2016-07-08",
                "text": "Referred to the House Committee on Energy and Commerce."
            },
            "number": "5685",
            "policyArea": {
                "name": "Environmental Protection"
            },
            "title": "Farm Regulatory Certainty Act",
            "type": "HR",
            "url": "https://api.congress.gov/v3/bill/114/hr/5685?format=json"
        },
        {
            "congress": 114,
            "introducedDate": "2016-06-15",
            "latestAction": {
                "actionDate": "2016-06-15",
                "text": "Referred to the House Committee on Energy and Commerce."
            },
            "number": "5483",
            "policyArea": {
                "name": "Energy"
            },
            "title": "To extend the deadline for commencement of construction of a hydroelectric project.",
            "type": "HR",
            "url": "https://api.congress.gov/v3/bill/114/hr/5483?format=json"
        },
        {
            "congress": 114,
            "introducedDate": "2016-05-23",
            "latestAction": {
                "actionDate": "2016-05-24",
                "actionTime": "14:24:47",
                "text": "Motion to reconsider laid on the table Agreed to without objection."
            },
            "number": "743",
            "policyArea": {
                "name": "Congress"
            },
            "title": "Providing for consideration of the bill (H.R. 5055) making appropriations for energy and water development and related agencies for the fiscal year ending September 30, 2017, and for other purposes.",
            "type": "HRES",
            "url": "https://api.congress.gov/v3/bill/114/hres/743?format=json"
        },
        {
            "congress": 114,
            "introducedDate": "2016-04-21",
            "latestAction": {
                "actionDate": "2016-05-05",
                "text": "Referred to the Subcommittee on Readiness."
            },
            "number": "5017",
            "policyArea": {
                "name": "Public Lands and Natural Resources"
            },
            "title": "Port of Benton Restriction Release Act of 2016",
            "type": "HR",
            "url": "https://api.congress.gov/v3/bill/114/hr/5017?format=json"
        },
        {
            "amendmentNumber": "955",
            "congress": 114,
            "introducedDate": "2016-02-26",
            "latestAction": {
                "actionDate": "2016-02-26",
                "actionTime": "10:22:11",
                "text": "On agreeing to the Newhouse amendment (A010) Agreed to by voice vote. "
            },
            "type": null,
            "url": "https://api.congress.gov/v3/amendment/114/hamdt/955?format=json"
        },
        {
            "amendmentNumber": "936",
            "congress": 114,
            "introducedDate": "2016-02-11",
            "latestAction": {
                "actionDate": "2016-02-11",
                "actionTime": "15:04:36",
                "text": "On agreeing to the Newhouse amendment (A003) Agreed to by voice vote. "
            },
            "type": null,
            "url": "https://api.congress.gov/v3/amendment/114/hamdt/936?format=json"
        },
        {
            "congress": 114,
            "introducedDate": "2016-02-23",
            "latestAction": {
                "actionDate": "2016-02-25",
                "actionTime": "16:15:27",
                "text": "Motion to reconsider laid on the table Agreed to without objection."
            },
            "number": "619",
            "policyArea": {
                "name": "Congress"
            },
            "title": "Providing for consideration of the bill (H.R. 2406) to protect and enhance opportunities for recreational hunting, fishing, and shooting, and for other purposes.",
            "type": "HRES",
            "url": "https://api.congress.gov/v3/bill/114/hres/619?format=json"
        },
        {
            "congress": 114,
            "introducedDate": "2016-02-10",
            "latestAction": {
                "actionDate": "2016-02-10",
                "text": "Referred to the Committee on Financial Services, and in addition to the Committee on House Administration, for a period to be subsequently determined by the Speaker, in each case for consideration of such provisions as fall within the jurisdiction of the committee concerned."
            },
            "number": "4520",
            "policyArea": {
                "name": "Education"
            },
            "title": "Justin Smith Morrill Congressional Gold Medal Act",
            "type": "HR",
            "url": "https://api.congress.gov/v3/bill/114/hr/4520?format=json"
        },
        {
            "congress": 114,
            "introducedDate": "2016-01-11",
            "latestAction": {
                "actionDate": "2016-01-12",
                "actionTime": "14:30:13",
                "text": "On agreeing to the resolution Agreed to by recorded vote: 239 - 183 (Roll no. 37). (text: CR H297)"
            },
            "number": "583",
            "policyArea": {
                "name": "Congress"
            },
            "title": "Providing for consideration of bill (H.R. 1644) to amend the Surface Mining Control and Reclamation Act of 1977 to ensure transparency in the development of environmental regulations, and for other purposes; providing for consideration of the joint resolution (S.J. Res. 22) providing for congressional disapproval under chapter 8 of title 5, United States Code, of the rule submitted by the Corps of Engineers and the Environmental Protection Agency relating to the definition of \"waters of the United States\" under the Federal Water Pollution Control Act; providing for consideration of the bill (H.R. 3662) to enhance congressional oversight over the administration of sanctions against certain Iranian terrorism financiers, and for other purposes; and providing for proceedings during the period from January 14, 2016, through January 22, 2016.",
            "type": "HRES",
            "url": "https://api.congress.gov/v3/bill/114/hres/583?format=json"
        },
        {
            "congress": 114,
            "introducedDate": "2015-12-08",
            "latestAction": {
                "actionDate": "2015-12-09",
                "actionTime": "15:07:30",
                "text": "Motion to reconsider laid on the table Agreed to without objection."
            },
            "number": "556",
            "policyArea": {
                "name": "Congress"
            },
            "title": "Providing for consideration of the bill (H.R. 2130) to provide legal certainty to property owners along the Red River in Texas, and for other purposes, and providing for consideration of motions to suspend the rules.",
            "type": "HRES",
            "url": "https://api.congress.gov/v3/bill/114/hres/556?format=json"
        },
        {
            "congress": 114,
            "introducedDate": "2015-11-05",
            "latestAction": {
                "actionDate": "2016-03-23",
                "text": "Referred to the Subcommittee on Health, Employment, Labor, and Pensions."
            },
            "number": "3932",
            "policyArea": {
                "name": "Labor and Employment"
            },
            "title": "ECONOMICS Act",
            "type": "HR",
            "url": "https://api.congress.gov/v3/bill/114/hr/3932?format=json"
        },
        {
            "amendmentNumber": "801",
            "congress": 114,
            "introducedDate": "2015-11-04",
            "latestAction": {
                "actionDate": "2015-11-04",
                "actionTime": "18:00:35",
                "text": "By unanimous consent, the Newhouse amendment was withdrawn. (consideration: CR H7678)"
            },
            "type": null,
            "url": "https://api.congress.gov/v3/amendment/114/hamdt/801?format=json"
        },
        {
            "congress": 114,
            "introducedDate": "2015-10-20",
            "latestAction": {
                "actionDate": "2015-10-21",
                "actionTime": "14:46:52",
                "text": "Motion to reconsider laid on the table Agreed to without objection."
            },
            "number": "481",
            "policyArea": {
                "name": "Congress"
            },
            "title": "Providing for consideration of the bill (H.R. 1937) to require the Secretary of the Interior and the Secretary of Agriculture to more efficiently develop domestic sources of the minerals and mineral materials of strategic and critical importance to United States economic and national security and manufacturing competitiveness.",
            "type": "HRES",
            "url": "https://api.congress.gov/v3/bill/114/hres/481?format=json"
        },
        {
            "amendmentNumber": "613",
            "congress": 114,
            "introducedDate": "2015-07-07",
            "latestAction": {
                "actionDate": "2015-07-07",
                "actionTime": "21:59:29",
                "text": "On agreeing to the Newhouse amendment (A083) Agreed to by voice vote. "
            },
            "type": null,
            "url": "https://api.congress.gov/v3/amendment/114/hamdt/613?format=json"
        },
        {
            "amendmentNumber": "611",
            "congress": 114,
            "introducedDate": "2015-07-07",
            "latestAction": {
                "actionDate": "2015-07-07",
                "actionTime": "21:33:45",
                "text": "Amendment (A081) offered by Mr. Newhouse. (consideration: CR H4831-4832; text: CR H4831)"
            },
            "type": null,
            "url": "https://api.congress.gov/v3/amendment/114/hamdt/611?format=json"
        },
        {
            "amendmentNumber": "530",
            "congress": 114,
            "introducedDate": "2015-06-24",
            "latestAction": {
                "actionDate": "2015-06-24",
                "actionTime": "16:18:51",
                "text": "On agreeing to the Newhouse amendment (A005) Agreed to by voice vote. "
            },
            "type": null,
            "url": "https://api.congress.gov/v3/amendment/114/hamdt/530?format=json"
        },
        {
            "amendmentNumber": "427",
            "congress": 114,
            "introducedDate": "2015-06-09",
            "latestAction": {
                "actionDate": "2015-06-09",
                "actionTime": "20:44:10",
                "text": "On agreeing to the Newhouse amendment (A067) Agreed to by voice vote. "
            },
            "type": null,
            "url": "https://api.congress.gov/v3/amendment/114/hamdt/427?format=json"
        },
        {
            "amendmentNumber": "426",
            "congress": 114,
            "introducedDate": "2015-06-09",
            "latestAction": {
                "actionDate": "2015-06-09",
                "actionTime": "20:42:20",
                "text": "By unanimous consent, the Newhouse amendment was withdrawn. (consideration: CR H3978)"
            },
            "type": null,
            "url": "https://api.congress.gov/v3/amendment/114/hamdt/426?format=json"
        },
        {
            "congress": 114,
            "introducedDate": "2015-04-29",
            "latestAction": {
                "actionDate": "2015-05-26",
                "text": "Referred to the Subcommittee on Water, Power and Oceans."
            },
            "number": "2097",
            "policyArea": {
                "name": "Water Resources Development"
            },
            "title": "Bureau of Reclamation Surface Water Storage Streamlining Act",
            "type": "HR",
            "url": "https://api.congress.gov/v3/bill/114/hr/2097?format=json"
        },
        {
            "congress": 114,
            "introducedDate": "2015-04-23",
            "latestAction": {
                "actionDate": "2015-04-23",
                "text": "Referred to the House Committee on Natural Resources."
            },
            "number": "1985",
            "policyArea": {
                "name": "Animals"
            },
            "title": "Pacific Northwest Gray Wolf Management Act of 2015",
            "type": "HR",
            "url": "https://api.congress.gov/v3/bill/114/hr/1985?format=json"
        },
        {
            "congress": 114,
            "introducedDate": "2015-03-26",
            "latestAction": {
                "actionDate": "2015-04-08",
                "text": "Referred to the Subcommittee on Federal Lands."
            },
            "number": "1651",
            "policyArea": {
                "name": "Public Lands and Natural Resources"
            },
            "title": "Federal Land Transaction Facilitation Act Reauthorization of 2015",
            "type": "HR",
            "url": "https://api.congress.gov/v3/bill/114/hr/1651?format=json"
        },
        {
            "congress": 114,
            "introducedDate": "2015-07-14",
            "latestAction": {
                "actionDate": "2015-07-15",
                "actionTime": "14:31:22",
                "text": "Motion to reconsider laid on the table Agreed to without objection."
            },
            "number": "362",
            "policyArea": {
                "name": "Congress"
            },
            "title": "Providing for consideration of the bill (H.R. 2898) to provide drought relief in the State of California, and for other purposes, and providing for consideration of the bill (H.R. 3038) to provide an extension of Federal-aid highway, highway safety, motor carrier safety, transit, and other programs funded out of the Highway Trust Fund, and for other purposes.",
            "type": "HRES",
            "url": "https://api.congress.gov/v3/bill/114/hres/362?format=json"
        },
        {
            "congress": 114,
            "introducedDate": "2015-07-07",
            "latestAction": {
                "actionDate": "2015-07-08",
                "actionTime": "14:19:33",
                "text": "On agreeing to the resolution Agreed to by the Yeas and Nays: 242 - 185 (Roll no. 392). (text: CR H4879-4880)"
            },
            "number": "347",
            "policyArea": {
                "name": "Congress"
            },
            "title": "Providing for further consideration of the bill (H.R. 5) to support State and local accountability for public education, protect State and local authority, inform parents of the performance of their children's schools, and for other purposes, and providing for consideration of the bill (H.R. 2647) to expedite under the National Environmental Policy Act and improve forest management activities in units of the National Forest System derived from the public domain, on public lands under the jurisdiction of the Bureau of Land Management, and on tribal lands to return resilience to overgrown, fire-prone forested lands, and for other purposes.",
            "type": "HRES",
            "url": "https://api.congress.gov/v3/bill/114/hres/347?format=json"
        },
        {
            "congress": 114,
            "introducedDate": "2015-05-18",
            "latestAction": {
                "actionDate": "2015-05-19",
                "actionTime": "14:00:50",
                "text": "Motion to reconsider laid on the table Agreed to without objection."
            },
            "number": "271",
            "policyArea": {
                "name": "Congress"
            },
            "title": "Providing for consideration of the bill (H.R. 1806) to provide for technological innovation through the prioritization of Federal investment in basic research, fundamental scientific discovery, and development to improve the competitiveness of the United States, and for other purposes; providing for consideration of the bill (H.R. 2250) making appropriations for the Legislative Branch for the fiscal year ending September 30, 2016, and for other purposes; and providing for consideration of the bill (H.R. 2353) to provide an extension of Federal-aid highway, highway safety, motor carrier safety, transit, and other programs funded out of the Highway Trust Fund, and for other purposes.",
            "type": "HRES",
            "url": "https://api.congress.gov/v3/bill/114/hres/271?format=json"
        },
        {
            "congress": 114,
            "introducedDate": "2015-06-09",
            "latestAction": {
                "actionDate": "2015-06-10",
                "actionTime": "14:12:35",
                "text": "Motion to reconsider laid on the table Agreed to without objection."
            },
            "number": "303",
            "policyArea": {
                "name": "Congress"
            },
            "title": "Providing for consideration of the bill (H.R. 2685) making appropriations for the Department of Defense for the fiscal year ending September 30, 2016, and for other purposes, and providing for consideration of the bill (H.R. 2393) to amend the Agricultural Marketing Act of 1946 to repeal country of origin labeling requirements with respect to beef, pork, and chicken, and for other purposes.",
            "type": "HRES",
            "url": "https://api.congress.gov/v3/bill/114/hres/303?format=json"
        },
        {
            "congress": 114,
            "introducedDate": "2015-07-27",
            "latestAction": {
                "actionDate": "2016-09-27",
                "text": "Received in the Senate and Read twice and referred to the Committee on Veterans' Affairs."
            },
            "number": "3216",
            "policyArea": {
                "name": "Armed Forces and National Security"
            },
            "title": "VET Act",
            "type": "HR",
            "url": "https://api.congress.gov/v3/bill/114/hr/3216?format=json"
        },
        {
            "congress": 114,
            "introducedDate": "2015-06-02",
            "latestAction": {
                "actionDate": "2015-06-03",
                "actionTime": "13:41:12",
                "text": "Motion to reconsider laid on the table Agreed to without objection."
            },
            "number": "288",
            "policyArea": {
                "name": "Congress"
            },
            "title": "Providing for consideration of the bill (H.R. 2289) to reauthorize the Commodity Futures Trading Commission, to better protect futures customers, to provide end-users with market certainty, to make basic reforms to ensure transparency and accountability at the Commission, to help farmers, ranchers, and end-users manage risks, to help keep consumer costs low, and for other purposes.",
            "type": "HRES",
            "url": "https://api.congress.gov/v3/bill/114/hres/288?format=json"
        }
    ]
}