{
    "pagination": {
        "count": 54
    },
    "request": {
        "bioguideId": "s000846",
        "contentType": "application/json",
        "format": "json"
    },
    "sponsoredLegislation": [
        {
            "congress": 93,
            "introducedDate": "1974-11-21",
            "latestAction": {
                "actionDate": "1974-11-21",
                "text": "Referred to House Committee on Judiciary."
            },
            "number": "17500",
            "policyArea": {
                "name": "Public Lands and Natural Resources"
            },
            "title": "A bill to authorize the Secretary of Agriculture to compensate employees for losses sustained in the value of personal housing due to closing the headquarters of the Sitgraves National Forest in Holbrook, Ariz.",
            "type": "HR",
            "url": "https://api.congress.gov/v3/bill/93/hr/17500?format=json"
        },
        {
            "congress": 93,
            "introducedDate": "1974-06-18",
            "latestAction": {
                "actionDate": "1974-06-18",
                "text": "Referred to House Committee on Interior and Insular Affairs."
            },
            "number": "15469",
            "policyArea": {
                "name": "Public Lands and Natural Resources"
            },
            "title": "A bill to relinquish and disclaim any title to certain lands and to authorize the Secretary of the Interior to convey certain lands situated in Yuma County, Ariz.",
            "type": "HR",
            "url": "https://api.congress.gov/v3/bill/93/hr/15469?format=json"
        },
        {
            "congress": 93,
            "introducedDate": "1974-04-03",
            "latestAction": {
                "actionDate": "1974-04-03",
                "text": "Referred to House Committee on Interior and Insular Affairs."
            },
            "number": "13954",
            "policyArea": {
                "name": "Water Resources Development"
            },
            "title": "A bill to authorize the Secretary of the Interior to engage in a feasibility investigation of water supply delivery system for the city of Yuma, Ariz.",
            "type": "HR",
            "url": "https://api.congress.gov/v3/bill/93/hr/13954?format=json"
        },
        {
            "congress": 93,
            "introducedDate": "1974-03-27",
            "latestAction": {
                "actionDate": "1974-03-27",
                "text": "Referred to House Committee on Interior and Insular Affairs."
            },
            "number": "13790",
            "policyArea": {
                "name": "Public Lands and Natural Resources"
            },
            "title": "Land Use Planning Assistance Act",
            "type": "HR",
            "url": "https://api.congress.gov/v3/bill/93/hr/13790?format=json"
        },
        {
            "congress": 93,
            "introducedDate": "1974-01-30",
            "latestAction": {
                "actionDate": "1974-01-30",
                "text": "Referred to House Committee on Interior and Insular Affairs."
            },
            "number": "12426",
            "policyArea": {
                "name": null
            },
            "title": "A bill to further the economic advancement and general welfare of the various Indian tribes.",
            "type": "HR",
            "url": "https://api.congress.gov/v3/bill/93/hr/12426?format=json"
        },
        {
            "congress": 93,
            "introducedDate": "1973-11-30",
            "latestAction": {
                "actionDate": "1973-11-30",
                "text": "Referred to House Committee on Ways and Means."
            },
            "number": "11705",
            "policyArea": {
                "name": "Health"
            },
            "title": "A bill to amend title XI of the Social Security Act to repeal the recently added provision for the establishment of Professional Standards Review Organizations to review services covered under the medicare and medicaid programs.",
            "type": "HR",
            "url": "https://api.congress.gov/v3/bill/93/hr/11705?format=json"
        },
        {
            "congress": 93,
            "introducedDate": "1973-11-07",
            "latestAction": {
                "actionDate": "1973-11-07",
                "text": "Referred to House Committee on Interior and Insular Affairs."
            },
            "number": "11325",
            "policyArea": {
                "name": "Public Lands and Natural Resources"
            },
            "title": "Land Use Planning Act",
            "type": "HR",
            "url": "https://api.congress.gov/v3/bill/93/hr/11325?format=json"
        },
        {
            "congress": 93,
            "introducedDate": "1973-09-26",
            "latestAction": {
                "actionDate": "1973-09-26",
                "text": "Referred to House Committee on Interior and Insular Affairs."
            },
            "number": "10558",
            "policyArea": {
                "name": null
            },
            "title": "A bill to provide for the disposition of funds appropriated to pay a judgment in favor of the Northern Tonto Apache Indians in Indian Claims Commission docket No. 22-J, and for other purposes.",
            "type": "HR",
            "url": "https://api.congress.gov/v3/bill/93/hr/10558?format=json"
        },
        {
            "congress": 93,
            "introducedDate": "1973-09-20",
            "latestAction": {
                "actionDate": "1973-09-20",
                "text": "Referred to House Committee on Interstate and Foreign Commerce."
            },
            "number": "10442",
            "policyArea": {
                "name": null
            },
            "title": "A bill to provide for the general welfare of the Fort Mojave Indian Tribe.",
            "type": "HR",
            "url": "https://api.congress.gov/v3/bill/93/hr/10442?format=json"
        },
        {
            "congress": 93,
            "introducedDate": "1973-09-13",
            "latestAction": {
                "actionDate": "1973-09-13",
                "text": "Referred to House Committee on Judiciary."
            },
            "number": "10275",
            "policyArea": {
                "name": "Crime and Law Enforcement"
            },
            "title": "A bill to amend title 18 of the United States Code to provide an alternative to the exclusionary rule in Federal criminal proceedings.",
            "type": "HR",
            "url": "https://api.congress.gov/v3/bill/93/hr/10275?format=json"
        },
        {
            "congress": 93,
            "introducedDate": "1973-07-25",
            "latestAction": {
                "actionDate": "1973-07-25",
                "text": "Referred to House Committee on Armed Services."
            },
            "number": "9573",
            "policyArea": {
                "name": "Armed Forces and National Security"
            },
            "title": "A bill to amend title 10, United States Code, to restore the system of recomputation of retired pay for certain members and former members of the armed forces.",
            "type": "HR",
            "url": "https://api.congress.gov/v3/bill/93/hr/9573?format=json"
        },
        {
            "congress": 93,
            "introducedDate": "1973-06-20",
            "latestAction": {
                "actionDate": "1973-06-20",
                "text": "Referred to House Committee on the Judiciary."
            },
            "number": "8875",
            "policyArea": {
                "name": "Private Legislation"
            },
            "title": "A bill to extend Letters Patent No. 2,322,210, and for other purposes.",
            "type": "HR",
            "url": "https://api.congress.gov/v3/bill/93/hr/8875?format=json"
        },
        {
            "congress": 93,
            "introducedDate": "1973-05-31",
            "latestAction": {
                "actionDate": "1973-05-31",
                "text": "Referred to House Committee on Interior and Insular Affairs."
            },
            "number": "8292",
            "policyArea": {
                "name": "Public Lands and Natural Resources"
            },
            "title": "A bill to provide for the orderly administration of special land-use permits regarding Federal lands.",
            "type": "HR",
            "url": "https://api.congress.gov/v3/bill/93/hr/8292?format=json"
        },
        {
            "congress": 93,
            "introducedDate": "1973-05-21",
            "latestAction": {
                "actionDate": "1974-12-30",
                "text": "Public law 93-560."
            },
            "number": "7978",
            "policyArea": {
                "name": null
            },
            "title": "An Act to declare that certain federally owned lands shall be held by the United States in trust for the Hualapai Indian Tribe, of the Hualapai Reservation, Arizona, and for other purposes.",
            "type": "HR",
            "url": "https://api.congress.gov/v3/bill/93/hr/7978?format=json"
        },
        {
            "congress": 93,
            "introducedDate": "1973-05-01",
            "latestAction": {
                "actionDate": "1973-05-01",
                "text": "Referred to House Committee on Interior and Insular Affairs."
            },
            "number": "7391",
            "policyArea": {
                "name": null
            },
            "title": "A bill to provide for the disposition of funds appropriated to pay a judgment in favor of the Navajo Tribe of Indians in court of claims case No. 49692, and for other purposes.",
            "type": "HR",
            "url": "https://api.congress.gov/v3/bill/93/hr/7391?format=json"
        },
        {
            "congress": 93,
            "introducedDate": "1973-03-29",
            "latestAction": {
                "actionDate": "1973-03-29",
                "text": "Referred to House Committee on Education and Labor."
            },
            "number": "6391",
            "policyArea": {
                "name": "Labor and Employment"
            },
            "title": "A bill to amend the Occupational Safety and Health Act of 1970 to provide additional assistance to small employers.",
            "type": "HR",
            "url": "https://api.congress.gov/v3/bill/93/hr/6391?format=json"
        },
        {
            "congress": 93,
            "introducedDate": "1973-03-22",
            "latestAction": {
                "actionDate": "1973-03-22",
                "text": "Referred to House Committee on Interior and Insular Affairs."
            },
            "number": "6075",
            "policyArea": {
                "name": "Public Lands and Natural Resources"
            },
            "title": "A bill to amend the Mineral Leasing Act of 1920.",
            "type": "HR",
            "url": "https://api.congress.gov/v3/bill/93/hr/6075?format=json"
        },
        {
            "congress": 93,
            "introducedDate": "1973-03-14",
            "latestAction": {
                "actionDate": "1973-03-14",
                "text": "Referred to House Committee on Interior and Insular Affairs."
            },
            "number": "5647",
            "policyArea": {
                "name": null
            },
            "title": "A bill to authorize the partition of the surface rights in the joint use area of the 1882 Executive order:  Hopi Reservation and the surface and subsurface rights in the 1934 Navajo Reservation between the Hopi and Navajo Tribes, to provide for allotments to certain Paiute Indians, and for other purposes.",
            "type": "HR",
            "url": "https://api.congress.gov/v3/bill/93/hr/5647?format=json"
        },
        {
            "congress": 93,
            "introducedDate": "1973-03-06",
            "latestAction": {
                "actionDate": "1973-03-06",
                "text": "Referred to House Committee on Education and Labor."
            },
            "number": "5257",
            "policyArea": {
                "name": "Labor and Employment"
            },
            "title": "A bill to preserve and protect the free choice of individual employees to form, join, or assist labor organizations, or to refrain from such activities.",
            "type": "HR",
            "url": "https://api.congress.gov/v3/bill/93/hr/5257?format=json"
        },
        {
            "congress": 93,
            "introducedDate": "1973-02-20",
            "latestAction": {
                "actionDate": "1973-02-20",
                "text": "Referred to House Committee on the Judiciary."
            },
            "number": "4446",
            "policyArea": {
                "name": "Private Legislation"
            },
            "title": "For the relief of Armen Sahakian.",
            "type": "HR",
            "url": "https://api.congress.gov/v3/bill/93/hr/4446?format=json"
        },
        {
            "congress": 93,
            "introducedDate": "1973-02-20",
            "latestAction": {
                "actionDate": "1973-02-20",
                "text": "Referred to House Committee on Interior and Insular Affairs."
            },
            "number": "4413",
            "policyArea": {
                "name": "Energy"
            },
            "title": "A bill to promote the exploration and development of geothermal resources through cooperation between the Federal Government and private enterprise.",
            "type": "HR",
            "url": "https://api.congress.gov/v3/bill/93/hr/4413?format=json"
        },
        {
            "congress": 93,
            "introducedDate": "1973-02-20",
            "latestAction": {
                "actionDate": "1973-02-20",
                "text": "Referred to House Committee on Interior and Insular Affairs."
            },
            "number": "4414",
            "policyArea": {
                "name": null
            },
            "title": "A bill to authorize the Secretary of the Interior to purchase property located within the San Carlos mineral strip.",
            "type": "HR",
            "url": "https://api.congress.gov/v3/bill/93/hr/4414?format=json"
        },
        {
            "congress": 93,
            "introducedDate": "1973-02-20",
            "latestAction": {
                "actionDate": "1973-02-20",
                "text": "Referred to House Committee on Interior and Insular Affairs."
            },
            "number": "4412",
            "policyArea": {
                "name": "Congress"
            },
            "title": "A bill to abolish the Joint Committee on Navajo-Hopi Indian Administration.",
            "type": "HR",
            "url": "https://api.congress.gov/v3/bill/93/hr/4412?format=json"
        },
        {
            "congress": 93,
            "introducedDate": "1973-01-18",
            "latestAction": {
                "actionDate": "1973-01-18",
                "text": "Referred to House Committee on Interior and Insular Affairs."
            },
            "number": "2440",
            "policyArea": {
                "name": null
            },
            "title": "A bill to declare that certain federally owned lands shall be held by the United States in trust for the Hualapai Indian Tribe, of the Hualapai Reservation, Ariz., and for other purposes.",
            "type": "HR",
            "url": "https://api.congress.gov/v3/bill/93/hr/2440?format=json"
        },
        {
            "congress": 93,
            "introducedDate": "1973-01-03",
            "latestAction": {
                "actionDate": "1973-01-03",
                "text": "Referred to House Committee on Judiciary."
            },
            "number": "1195",
            "policyArea": {
                "name": "Gambling"
            },
            "title": "A bill to amend title 18 of the United States Code to provide penalties for fixing certain horse or dog races, and for other purposes.",
            "type": "HR",
            "url": "https://api.congress.gov/v3/bill/93/hr/1195?format=json"
        },
        {
            "congress": 93,
            "introducedDate": "1973-01-03",
            "latestAction": {
                "actionDate": "1973-01-03",
                "text": "Referred to House Committee on Interior and Insular Affairs."
            },
            "number": "1194",
            "policyArea": {
                "name": "Government Operations and Politics"
            },
            "title": "Page, Arizona, Community Act",
            "type": "HR",
            "url": "https://api.congress.gov/v3/bill/93/hr/1194?format=json"
        },
        {
            "congress": 93,
            "introducedDate": "1973-01-03",
            "latestAction": {
                "actionDate": "1973-01-03",
                "text": "Referred to House Committee on Ways and Means."
            },
            "number": "1196",
            "policyArea": {
                "name": "Gambling"
            },
            "title": "Parimutuel Racing Tax Act",
            "type": "HR",
            "url": "https://api.congress.gov/v3/bill/93/hr/1196?format=json"
        },
        {
            "congress": 93,
            "introducedDate": "1973-01-03",
            "latestAction": {
                "actionDate": "1973-01-03",
                "text": "Referred to House Committee on Interior and Insular Affairs."
            },
            "number": "1193",
            "policyArea": {
                "name": null
            },
            "title": "A bill to authorize the partition of the surface rights in the joint use area of the 1882 Executive Order Hopi Reservation and the surface and subsurface rights in the 1934 Navajo Reservation between the Hopi and Navajo Tribes, to provide for allotments to certain Paiute Indians, and for other purposes.",
            "type": "HR",
            "url": "https://api.congress.gov/v3/bill/93/hr/1193?format=json"
        },
        {
            "congress": 93,
            "introducedDate": "1974-11-26",
            "latestAction": {
                "actionDate": "1974-11-26",
                "text": "Referred to House Committee on Judiciary."
            },
            "number": "1172",
            "policyArea": {
                "name": "Commemorations"
            },
            "title": "Joint resolution to declare November 24 to December 1, 1974, \"National Bible Week\".",
            "type": "HJRES",
            "url": "https://api.congress.gov/v3/bill/93/hjres/1172?format=json"
        },
        {
            "congress": 94,
            "introducedDate": "1976-08-10",
            "latestAction": {
                "actionDate": "1976-08-10",
                "text": "Referred to House Committee on Merchant Marine and Fisheries."
            },
            "number": "15151",
            "policyArea": {
                "name": "Environmental Protection"
            },
            "title": "A bill to amend the Endangered Species Act of 1973 to exempt from the provisions of that act certain activities relating to endangered species born in captivity.",
            "type": "HR",
            "url": "https://api.congress.gov/v3/bill/94/hr/15151?format=json"
        },
        {
            "congress": 94,
            "introducedDate": "1976-06-23",
            "latestAction": {
                "actionDate": "1976-06-23",
                "text": "Referred to House Committee on Education and Labor."
            },
            "number": "14529",
            "policyArea": {
                "name": "Native Americans"
            },
            "title": "A bill to amend the act of December 15, 1971, relating to the Navajo Community College.",
            "type": "HR",
            "url": "https://api.congress.gov/v3/bill/94/hr/14529?format=json"
        },
        {
            "congress": 94,
            "introducedDate": "1976-04-13",
            "latestAction": {
                "actionDate": "1976-04-13",
                "text": "Referred to House Committee on Interior and Insular Affairs."
            },
            "number": "13217",
            "policyArea": {
                "name": "Mines and mineral resources"
            },
            "title": "A bill to provide for the conveyance of certain mineral rights in and under certain lands near Palo Verde, Arizona.",
            "type": "HR",
            "url": "https://api.congress.gov/v3/bill/94/hr/13217?format=json"
        },
        {
            "congress": 94,
            "introducedDate": "1976-03-17",
            "latestAction": {
                "actionDate": "1976-03-17",
                "text": "Referred to House Committee on the Judiciary."
            },
            "number": "12615",
            "policyArea": {
                "name": "Private Legislation"
            },
            "title": "A bill for the relief of Juan Martinez Rodriguez.",
            "type": "HR",
            "url": "https://api.congress.gov/v3/bill/94/hr/12615?format=json"
        },
        {
            "congress": 94,
            "introducedDate": "1976-02-05",
            "latestAction": {
                "actionDate": "1976-02-05",
                "text": "Referred to House Committee on Education and Labor."
            },
            "number": "11764",
            "policyArea": {
                "name": "Sex discrimination"
            },
            "title": "A bill to amend the Education Amendments of 1972 to provide that Boys State, Boys Nation, Girls State, and Girls Nation conferences conducted by the American Legion shall not be subject to title IX of such act.",
            "type": "HR",
            "url": "https://api.congress.gov/v3/bill/94/hr/11764?format=json"
        },
        {
            "congress": 94,
            "introducedDate": "1976-02-03",
            "latestAction": {
                "actionDate": "1976-02-03",
                "text": "Referred to House Committee on Interior and Insular Affairs."
            },
            "number": "11684",
            "policyArea": {
                "name": "Private Legislation"
            },
            "title": "A bill to provide that William C. King may occupy certain land in Coronado National Forest, Arizona, which is subject to a placer mining claim.",
            "type": "HR",
            "url": "https://api.congress.gov/v3/bill/94/hr/11684?format=json"
        },
        {
            "congress": 94,
            "introducedDate": "1976-01-27",
            "latestAction": {
                "actionDate": "1976-01-27",
                "text": "Referred to House Committee on the Judiciary."
            },
            "number": "11551",
            "policyArea": {
                "name": "Private Legislation"
            },
            "title": "A bill for the relief of Juan Martinez Rodriguez.",
            "type": "HR",
            "url": "https://api.congress.gov/v3/bill/94/hr/11551?format=json"
        },
        {
            "congress": 94,
            "introducedDate": "1976-01-21",
            "latestAction": {
                "actionDate": "1976-01-21",
                "text": "Referred to House Committee on Education and Labor."
            },
            "number": "11428",
            "policyArea": {
                "name": "Sex discrimination"
            },
            "title": "A bill to amend the Education Amendments of 1972 to provide that Boys State, Boys Nation, Girls State, and Girls Nation conferences conducted by the American Legion shall not be subject to title IX of such act.",
            "type": "HR",
            "url": "https://api.congress.gov/v3/bill/94/hr/11428?format=json"
        },
        {
            "congress": 94,
            "introducedDate": "1975-11-06",
            "latestAction": {
                "actionDate": "1975-11-06",
                "text": "Referred to House Committee on Veterans' Affairs."
            },
            "number": "10599",
            "policyArea": {
                "name": "Cemeteries and funerals"
            },
            "title": "A bill to provide for national cemeteries in the State of Arizona.",
            "type": "HR",
            "url": "https://api.congress.gov/v3/bill/94/hr/10599?format=json"
        },
        {
            "congress": 94,
            "introducedDate": "1975-07-29",
            "latestAction": {
                "actionDate": "1975-07-29",
                "text": "Referred to House Committee on the Judiciary."
            },
            "number": "9031",
            "policyArea": {
                "name": "Private Legislation"
            },
            "title": "A bill to extend Letters Patent Numbered 2,322,210 and for other purposes.",
            "type": "HR",
            "url": "https://api.congress.gov/v3/bill/94/hr/9031?format=json"
        },
        {
            "congress": 94,
            "introducedDate": "1975-06-24",
            "latestAction": {
                "actionDate": "1975-06-24",
                "text": "Referred to House Committee on Interior and Insular Affairs."
            },
            "number": "8177",
            "policyArea": {
                "name": "Public works"
            },
            "title": "A bill to authorize the Secretary of the Interior to construct, operate, and maintain facilities to deliver a water supply for the city of Yuma, Ariz.",
            "type": "HR",
            "url": "https://api.congress.gov/v3/bill/94/hr/8177?format=json"
        },
        {
            "congress": 94,
            "introducedDate": "1975-05-20",
            "latestAction": {
                "actionDate": "1975-05-20",
                "text": "Referred to House Committee on Interior and Insular Affairs."
            },
            "number": "7140",
            "policyArea": {
                "name": "Water Resources Development"
            },
            "title": "A bill to authorize the Secretary of the Interior to construct, operate, and maintain the Mogollon Mesa project, Arizona.",
            "type": "HR",
            "url": "https://api.congress.gov/v3/bill/94/hr/7140?format=json"
        },
        {
            "congress": 94,
            "introducedDate": "1975-05-06",
            "latestAction": {
                "actionDate": "1975-05-06",
                "text": "Referred to House Committee on Interior and Insular Affairs."
            },
            "number": "6745",
            "policyArea": {
                "name": "Licenses"
            },
            "title": "A bill to authorize the licensing of Hualapai Dam.",
            "type": "HR",
            "url": "https://api.congress.gov/v3/bill/94/hr/6745?format=json"
        },
        {
            "congress": 94,
            "introducedDate": "1975-04-21",
            "latestAction": {
                "actionDate": "1975-04-21",
                "text": "Referred to House Committee on Public Works and Transportation."
            },
            "number": "6211",
            "policyArea": {
                "name": "Transportation and Public Works"
            },
            "title": "A bill to amend section 402 of title 23, United States Code, relating to highway safety programs.",
            "type": "HR",
            "url": "https://api.congress.gov/v3/bill/94/hr/6211?format=json"
        },
        {
            "congress": 94,
            "introducedDate": "1975-03-26",
            "latestAction": {
                "actionDate": "1975-03-26",
                "text": "Referred to House Committee on the Judiciary."
            },
            "number": "5628",
            "policyArea": {
                "name": "Crime and Law Enforcement"
            },
            "title": "A bill to amend title 18 of the United States Code to provide an alternative to the exclusionary rule in Federal criminal proceedings.",
            "type": "HR",
            "url": "https://api.congress.gov/v3/bill/94/hr/5628?format=json"
        },
        {
            "congress": 94,
            "introducedDate": "1975-03-19",
            "latestAction": {
                "actionDate": "1975-03-19",
                "text": "Referred to House Committee on Interior and Insular Affairs."
            },
            "number": "5216",
            "policyArea": {
                "name": "Government Operations and Politics"
            },
            "title": "A bill to amend section 2 of the act of June 30, 1954, as amended, provided for the continuance of civil government for the Trust Territory of the Pacific Islands.",
            "type": "HR",
            "url": "https://api.congress.gov/v3/bill/94/hr/5216?format=json"
        },
        {
            "congress": 94,
            "introducedDate": "1975-03-19",
            "latestAction": {
                "actionDate": "1975-03-19",
                "text": "Referred to House Committee on Interior and Insular Affairs."
            },
            "number": "5215",
            "policyArea": {
                "name": "Territories (U.S.)"
            },
            "title": "A bill to provide an authorization for an ex gratia payment to the people of Bikini Atoll, in the Marshall Islands of the Trust Territory of the Pacific Islands.",
            "type": "HR",
            "url": "https://api.congress.gov/v3/bill/94/hr/5215?format=json"
        },
        {
            "congress": 94,
            "introducedDate": "1975-03-06",
            "latestAction": {
                "actionDate": "1975-03-06",
                "text": "Referred to House Committee on Ways and Means."
            },
            "number": "4456",
            "policyArea": {
                "name": "Taxation"
            },
            "title": "A bill to amend the Internal Revenue Code of 1954 to provide that a cooperative housing corporation, condominium management association, or residential real estate management association, shall not be taxed on the assessments, fees, charges, etc., paid to it by its members.",
            "type": "HR",
            "url": "https://api.congress.gov/v3/bill/94/hr/4456?format=json"
        },
        {
            "congress": 94,
            "introducedDate": "1975-02-27",
            "latestAction": {
                "actionDate": "1975-02-27",
                "text": "Referred to House Committee on the Judiciary."
            },
            "number": "4017",
            "policyArea": {
                "name": "Indemnity"
            },
            "title": "A bill to authorize the Secretary of Agriculture to compensate employees for losses sustained in the value of personal housing due to closing the headquarters of the Sitgreaves National Forest in Holbrook, Ariz.",
            "type": "HR",
            "url": "https://api.congress.gov/v3/bill/94/hr/4017?format=json"
        },
        {
            "congress": 94,
            "introducedDate": "1975-02-20",
            "latestAction": {
                "actionDate": "1975-02-20",
                "text": "Referred to House Committee on Interior and Insular Affairs."
            },
            "number": "3508",
            "policyArea": {
                "name": "Public Lands and Natural Resources"
            },
            "title": "A bill to designate certain lands as wilderness, and for other purposes.",
            "type": "HR",
            "url": "https://api.congress.gov/v3/bill/94/hr/3508?format=json"
        },
        {
            "congress": 94,
            "introducedDate": "1975-02-20",
            "latestAction": {
                "actionDate": "1975-02-20",
                "text": "Referred to House Committee on Ways and Means."
            },
            "number": "3507",
            "policyArea": {
                "name": "Public Lands and Natural Resources"
            },
            "title": "A bill to designate certain lands as wilderness.",
            "type": "HR",
            "url": "https://api.congress.gov/v3/bill/94/hr/3507?format=json"
        },
        {
            "congress": 94,
            "introducedDate": "1975-01-14",
            "latestAction": {
                "actionDate": "1975-01-14",
                "text": "Referred to House Committee on Interior and Insular Affairs."
            },
            "number": "1379",
            "policyArea": {
                "name": "Energy"
            },
            "title": "A bill to amend Public Law 87-279 to permit the Secretary of the Interior to administer electric utility systems constructed and operated as a part of an irrigation system.",
            "type": "HR",
            "url": "https://api.congress.gov/v3/bill/94/hr/1379?format=json"
        },
        {
            "congress": 94,
            "introducedDate": "1975-01-14",
            "latestAction": {
                "actionDate": "1975-01-14",
                "text": "Referred to House Committee on Ways and Means."
            },
            "number": "1048",
            "policyArea": {
                "name": "Gambling"
            },
            "title": "Parimutuel Racing Tax Act",
            "type": "HR",
            "url": "https://api.congress.gov/v3/bill/94/hr/1048?format=json"
        },
        {
            "congress": 94,
            "introducedDate": "1975-09-25",
            "latestAction": {
                "actionDate": "1975-09-25",
                "text": "Referred to House Committee on the Judiciary."
            },
            "number": "671",
            "policyArea": {
                "name": "Economics and Public Finance"
            },
            "title": "Joint resolution proposing an amendment to the Constitution to provide that, except in time of war or economic emergency declared by the Congress, expenditures of the Government may not exceed the revenues of the Government during any fiscal year.",
            "type": "HJRES",
            "url": "https://api.congress.gov/v3/bill/94/hjres/671?format=json"
        },
        {
            "congress": 94,
            "introducedDate": "1975-10-21",
            "latestAction": {
                "actionDate": "1975-10-21",
                "text": "Referred to House Committee on Post Office and Civil Service."
            },
            "number": "705",
            "policyArea": {
                "name": "Commemorations"
            },
            "title": "Joint resolution to designate the week commencing with the third Monday in February of each year as National Patriotism Week.",
            "type": "HJRES",
            "url": "https://api.congress.gov/v3/bill/94/hjres/705?format=json"
        }
    ]
}