{
    "pagination": {
        "count": 25
    },
    "request": {
        "bioguideId": "d000419",
        "contentType": "application/json",
        "format": "json"
    },
    "sponsoredLegislation": [
        {
            "congress": 93,
            "introducedDate": "1974-10-03",
            "latestAction": {
                "actionDate": "1974-10-03",
                "text": "Referred to House Committee on Ways and Means."
            },
            "number": "17073",
            "policyArea": {
                "name": "Foreign Trade and International Finance"
            },
            "title": "A bill to amend the Tariff Schedules of the United States to provide for the duty-free entry of potassium fluotantalate and synthetic tantalite / columbite concentrate.",
            "type": "HR",
            "url": "https://api.congress.gov/v3/bill/93/hr/17073?format=json"
        },
        {
            "congress": 93,
            "introducedDate": "1974-04-11",
            "latestAction": {
                "actionDate": "1974-04-11",
                "text": "Referred to House Committee on Banking and Currency."
            },
            "number": "14234",
            "policyArea": {
                "name": "Inflation"
            },
            "title": "Anti-inflation Act",
            "type": "HR",
            "url": "https://api.congress.gov/v3/bill/93/hr/14234?format=json"
        },
        {
            "congress": 93,
            "introducedDate": "1973-12-07",
            "latestAction": {
                "actionDate": "1973-12-07",
                "text": "Referred to House Committee on Banking and Currency."
            },
            "number": "11834",
            "policyArea": {
                "name": "Housing and Community Development"
            },
            "title": "A bill to provide that a State or political subdivision may levy a tax with respect to a federally assisted housing project which under Federal law is otherwise exempt from State and local taxes but is required to make payments in lieu of taxes, where such payments are less than the amount of the taxes from which it is so exempt.",
            "type": "HR",
            "url": "https://api.congress.gov/v3/bill/93/hr/11834?format=json"
        },
        {
            "congress": 93,
            "introducedDate": "1973-11-30",
            "latestAction": {
                "actionDate": "1974-05-21",
                "text": "Referred to Senate Committee on the Judiciary."
            },
            "number": "11691",
            "policyArea": {
                "name": "Government Operations and Politics"
            },
            "title": "A bill to amend the act of August 24, 1935 (commonly referred to as the \"Miller Act\") to provide for the inclusion of interest and legal fees in judgments granted on suits by subcontractors based upon payment bonds, and for other purposes.",
            "type": "HR",
            "url": "https://api.congress.gov/v3/bill/93/hr/11691?format=json"
        },
        {
            "congress": 93,
            "introducedDate": "1973-11-14",
            "latestAction": {
                "actionDate": "1973-11-14",
                "text": "Referred to House Committee on Banking and Currency."
            },
            "number": "11468",
            "policyArea": {
                "name": "Foreign Trade and International Finance"
            },
            "title": "A bill to direct the President to halt all exports of gasoline, distillate fuel oil, and propane gas until he determines that no shortage of such fuels exists in the United States.",
            "type": "HR",
            "url": "https://api.congress.gov/v3/bill/93/hr/11468?format=json"
        },
        {
            "congress": 93,
            "introducedDate": "1973-09-26",
            "latestAction": {
                "actionDate": "1973-09-26",
                "text": "Referred to House Committee on Banking and Currency."
            },
            "number": "10565",
            "policyArea": {
                "name": "Environmental Protection"
            },
            "title": "Pollution Control Facility Loan Act",
            "type": "HR",
            "url": "https://api.congress.gov/v3/bill/93/hr/10565?format=json"
        },
        {
            "congress": 93,
            "introducedDate": "1973-09-26",
            "latestAction": {
                "actionDate": "1973-09-26",
                "text": "Referred to House Committee on the Judiciary."
            },
            "number": "10566",
            "policyArea": {
                "name": null
            },
            "title": "Energy Industry Competition Act",
            "type": "HR",
            "url": "https://api.congress.gov/v3/bill/93/hr/10566?format=json"
        },
        {
            "congress": 93,
            "introducedDate": "1973-09-19",
            "latestAction": {
                "actionDate": "1973-09-19",
                "text": "Referred to House Committee on Interstate and Foreign Commerce."
            },
            "number": "10355",
            "policyArea": {
                "name": "Social Welfare"
            },
            "title": "A bill to amend the Federal Aviation Act of 1958 and the Interstate Commerce Act to authorize reduced fare transportation on a space-available basis for persons who are 65 years of age or older.",
            "type": "HR",
            "url": "https://api.congress.gov/v3/bill/93/hr/10355?format=json"
        },
        {
            "congress": 93,
            "introducedDate": "1973-09-13",
            "latestAction": {
                "actionDate": "1973-09-13",
                "text": "Referred to House Committee on Ways and Means."
            },
            "number": "10248",
            "policyArea": {
                "name": "Social Welfare"
            },
            "title": "A bill to provide that the special cost-of-living increase in social security benefits enacted by Public Law 93-66 shall become effective immediately, and for other purposes.",
            "type": "HR",
            "url": "https://api.congress.gov/v3/bill/93/hr/10248?format=json"
        },
        {
            "congress": 93,
            "introducedDate": "1973-05-31",
            "latestAction": {
                "actionDate": "1973-05-31",
                "text": "Referred to House Committee on Rules."
            },
            "number": "8271",
            "policyArea": {
                "name": "Congress"
            },
            "title": "A bill to establish a Joint Committee on Energy, and for other purposes.",
            "type": "HR",
            "url": "https://api.congress.gov/v3/bill/93/hr/8271?format=json"
        },
        {
            "congress": 93,
            "introducedDate": "1973-05-09",
            "latestAction": {
                "actionDate": "1973-05-09",
                "text": "Referred to House Committee on Armed Services."
            },
            "number": "7636",
            "policyArea": {
                "name": "Armed Forces and National Security"
            },
            "title": "A bill to amend section 9 of the Military Selective Service Act relating to reemployment rights of members and former members of the Armed Forces of the United States.",
            "type": "HR",
            "url": "https://api.congress.gov/v3/bill/93/hr/7636?format=json"
        },
        {
            "congress": 93,
            "introducedDate": "1973-05-02",
            "latestAction": {
                "actionDate": "1973-05-02",
                "text": "Referred to House Committee on the Judiciary."
            },
            "number": "7415",
            "policyArea": {
                "name": "Crime and Law Enforcement"
            },
            "title": "A bill to amend the Omnibus Crime Control and Safe Streets Act of 1968 to provide for grants to cities for improved street lighting.",
            "type": "HR",
            "url": "https://api.congress.gov/v3/bill/93/hr/7415?format=json"
        },
        {
            "congress": 93,
            "introducedDate": "1973-05-03",
            "latestAction": {
                "actionDate": "1973-12-11",
                "text": "Public law 93-179."
            },
            "number": "7446",
            "policyArea": {
                "name": "American Revolution Bicentennial"
            },
            "title": "A bill to establish the American Revolution Bicentennial Administration, and for other purposes.",
            "type": "HR",
            "url": "https://api.congress.gov/v3/bill/93/hr/7446?format=json"
        },
        {
            "congress": 93,
            "introducedDate": "1973-04-03",
            "latestAction": {
                "actionDate": "1973-04-03",
                "text": "Referred to House Committee on Interior and Insular Affairs."
            },
            "number": "6506",
            "policyArea": {
                "name": "Real property"
            },
            "title": "A bill to reestablish and extend the program whereby payments in lieu of taxes may be made with respect to certain real property transferred by the Reconstruction Finance Corporation and its subsidiaries to other Government departments.",
            "type": "HR",
            "url": "https://api.congress.gov/v3/bill/93/hr/6506?format=json"
        },
        {
            "congress": 93,
            "introducedDate": "1973-04-02",
            "latestAction": {
                "actionDate": "1973-04-02",
                "text": "Referred to House Committee on Ways and Means."
            },
            "number": "6433",
            "policyArea": {
                "name": "Education"
            },
            "title": "A bill to amend the Internal Revenue Code of 1954 to allow a credit against the individual income tax for tuition paid for the elementary or secondary education of dependents.",
            "type": "HR",
            "url": "https://api.congress.gov/v3/bill/93/hr/6433?format=json"
        },
        {
            "congress": 93,
            "introducedDate": "1973-03-20",
            "latestAction": {
                "actionDate": "1973-03-20",
                "text": "Referred to House Committee on Veterans' Affairs."
            },
            "number": "5851",
            "policyArea": {
                "name": "Armed Forces and National Security"
            },
            "title": "A bill to amend title 38 of the United States Code to liberalize the provisions relating to payment of disability and death pension.",
            "type": "HR",
            "url": "https://api.congress.gov/v3/bill/93/hr/5851?format=json"
        },
        {
            "congress": 93,
            "introducedDate": "1973-03-08",
            "latestAction": {
                "actionDate": "1973-03-08",
                "text": "Referred to House Committee on the Judiciary."
            },
            "number": "5456",
            "policyArea": {
                "name": "Private Legislation"
            },
            "title": "For the relief of Mrs. Athena Loukanari.",
            "type": "HR",
            "url": "https://api.congress.gov/v3/bill/93/hr/5456?format=json"
        },
        {
            "congress": 93,
            "introducedDate": "1973-03-08",
            "latestAction": {
                "actionDate": "1973-03-08",
                "text": "Referred to House Committee on Judiciary."
            },
            "number": "5405",
            "policyArea": {
                "name": "Domestic relations"
            },
            "title": "Federal Family Support Act",
            "type": "HR",
            "url": "https://api.congress.gov/v3/bill/93/hr/5405?format=json"
        },
        {
            "congress": 93,
            "introducedDate": "1973-03-08",
            "latestAction": {
                "actionDate": "1973-03-08",
                "text": "Referred to House Committee on Interstate and Foreign Commerce."
            },
            "number": "5404",
            "policyArea": {
                "name": null
            },
            "title": "Synthetic Hydrocarbon Fuel Act",
            "type": "HR",
            "url": "https://api.congress.gov/v3/bill/93/hr/5404?format=json"
        },
        {
            "congress": 93,
            "introducedDate": "1973-03-07",
            "latestAction": {
                "actionDate": "1973-12-15",
                "text": "Private Law 93-46."
            },
            "number": "5379",
            "policyArea": {
                "name": "Private Legislation"
            },
            "title": "For the relief of John B. Clayton.",
            "type": "HR",
            "url": "https://api.congress.gov/v3/bill/93/hr/5379?format=json"
        },
        {
            "congress": 93,
            "introducedDate": "1973-03-07",
            "latestAction": {
                "actionDate": "1973-03-07",
                "text": "Referred to House Committee on Ways and Means."
            },
            "number": "5336",
            "policyArea": {
                "name": "Crime and Law Enforcement"
            },
            "title": "A bill to amend the Internal Revenue Code of 1954 to provide that pensions paid to retired policemen or firemen or their dependents, or to the widows or other survivors of deceased policemen or firemen, shall not be subject to the income tax.",
            "type": "HR",
            "url": "https://api.congress.gov/v3/bill/93/hr/5336?format=json"
        },
        {
            "congress": 93,
            "introducedDate": "1973-03-07",
            "latestAction": {
                "actionDate": "1973-03-07",
                "text": "Referred to House Committee on Ways and Means."
            },
            "number": "5335",
            "policyArea": {
                "name": "Taxation"
            },
            "title": "A bill to amend the Internal Revenue Code of 1954 to provide an additional income tax exemption for a taxpayer supporting a dependent who is mentally retarded.",
            "type": "HR",
            "url": "https://api.congress.gov/v3/bill/93/hr/5335?format=json"
        },
        {
            "congress": 93,
            "introducedDate": "1973-02-22",
            "latestAction": {
                "actionDate": "1973-02-22",
                "text": "Referred to House Committee on the Judiciary."
            },
            "number": "4701",
            "policyArea": {
                "name": "Private Legislation"
            },
            "title": "For the relief of Antonio Corapi.",
            "type": "HR",
            "url": "https://api.congress.gov/v3/bill/93/hr/4701?format=json"
        },
        {
            "congress": 93,
            "introducedDate": "1973-10-24",
            "latestAction": {
                "actionDate": "1973-10-24",
                "text": "Referred to House Committee on the Judiciary."
            },
            "number": "791",
            "policyArea": {
                "name": "Crime and Law Enforcement"
            },
            "title": "Special Prosecution Conservancy Act",
            "type": "HJRES",
            "url": "https://api.congress.gov/v3/bill/93/hjres/791?format=json"
        },
        {
            "congress": 93,
            "introducedDate": "1973-11-27",
            "latestAction": {
                "actionDate": "1973-11-28",
                "text": "Measure passed Senate."
            },
            "number": "382",
            "policyArea": {
                "name": "Congress"
            },
            "title": "Directs the Clerk of the House of Representatives to make a technical change in the enrollment of H.R. 7446 (Establishing the American Revolution Bicentennial Commission).",
            "type": "HCONRES",
            "url": "https://api.congress.gov/v3/bill/93/hconres/382?format=json"
        }
    ]
}