{
    "pagination": {
        "count": 146
    },
    "request": {
        "bioguideId": "h000762",
        "contentType": "application/json",
        "format": "json"
    },
    "sponsoredLegislation": [
        {
            "amendmentNumber": "1026",
            "congress": 109,
            "introducedDate": "2006-06-13",
            "latestAction": {
                "actionDate": "2006-06-13",
                "actionTime": "21:59:11",
                "text": "On agreeing to the Hooley amendment (A020) Agreed to by recorded vote: 348 - 76 (Roll no. 273). "
            },
            "type": null,
            "url": "https://api.congress.gov/v3/amendment/109/hamdt/1026?format=json"
        },
        {
            "amendmentNumber": "990",
            "congress": 109,
            "introducedDate": "2006-06-09",
            "latestAction": {
                "actionDate": "2006-06-09",
                "actionTime": "09:34:50",
                "text": "On agreeing to the Hooley amendment (A006) Agreed to by voice vote. "
            },
            "type": null,
            "url": "https://api.congress.gov/v3/amendment/109/hamdt/990?format=json"
        },
        {
            "amendmentNumber": "794",
            "congress": 109,
            "introducedDate": "2006-05-04",
            "latestAction": {
                "actionDate": "2006-05-04",
                "actionTime": "12:26:42",
                "text": "On agreeing to the Hooley amendment (A007) Agreed to by voice vote. "
            },
            "type": null,
            "url": "https://api.congress.gov/v3/amendment/109/hamdt/794?format=json"
        },
        {
            "amendmentNumber": "817",
            "congress": 109,
            "introducedDate": "2006-05-11",
            "latestAction": {
                "actionDate": "2006-05-11",
                "actionTime": "14:22:25",
                "text": "On agreeing to the Hooley amendment (A015) as modified Agreed to by voice vote. (text as modified: CR H2541)"
            },
            "type": null,
            "url": "https://api.congress.gov/v3/amendment/109/hamdt/817?format=json"
        },
        {
            "amendmentNumber": "693",
            "congress": 109,
            "introducedDate": "2006-03-09",
            "latestAction": {
                "actionDate": "2006-03-09",
                "actionTime": "15:46:21",
                "text": "On agreeing to the Hooley amendment (A008) Agreed to by recorded vote: 403 - 3 (Roll no. 35). "
            },
            "type": null,
            "url": "https://api.congress.gov/v3/amendment/109/hamdt/693?format=json"
        },
        {
            "amendmentNumber": "414",
            "congress": 109,
            "introducedDate": "2005-06-29",
            "latestAction": {
                "actionDate": "2005-06-29",
                "actionTime": "22:27:19",
                "text": "On agreeing to the Hooley amendment (A021) Agreed to by recorded vote: 315 - 103 (Roll no. 343). "
            },
            "type": null,
            "url": "https://api.congress.gov/v3/amendment/109/hamdt/414?format=json"
        },
        {
            "amendmentNumber": "461",
            "congress": 109,
            "introducedDate": "2005-07-19",
            "latestAction": {
                "actionDate": "2005-07-19",
                "actionTime": "17:25:37",
                "text": "On agreeing to the Hooley amendment (A008) Agreed to by recorded vote: 424 - 1 (Roll no. 387). "
            },
            "type": null,
            "url": "https://api.congress.gov/v3/amendment/109/hamdt/461?format=json"
        },
        {
            "amendmentNumber": "371",
            "congress": 109,
            "introducedDate": "2005-06-28",
            "latestAction": {
                "actionDate": "2005-06-28",
                "actionTime": "15:17:36",
                "text": "On agreeing to the Hooley amendment (A001) Agreed to by voice vote. (text: CR H5296)"
            },
            "type": null,
            "url": "https://api.congress.gov/v3/amendment/109/hamdt/371?format=json"
        },
        {
            "amendmentNumber": "158",
            "congress": 109,
            "introducedDate": "2005-05-18",
            "latestAction": {
                "actionDate": "2005-05-18",
                "actionTime": "18:22:11",
                "text": "On agreeing to the Hooley amendment (A013) Agreed to by recorded vote: 363 - 65 (Roll no. 184). "
            },
            "type": null,
            "url": "https://api.congress.gov/v3/amendment/109/hamdt/158?format=json"
        },
        {
            "congress": 109,
            "introducedDate": "2006-07-26",
            "latestAction": {
                "actionDate": "2006-08-17",
                "text": "Referred to the Subcommittee on Tactical Air and Land Forces."
            },
            "number": "5897",
            "policyArea": {
                "name": "Armed Forces and National Security"
            },
            "title": "To extend the period during which members of the Armed Forces deployed in contingency operations may request and receive reimbursement for helmet pads, which are designed to better protect the wearer from bomb blasts than military-issued pads, that are purchased by or for the use of such members.",
            "type": "HR",
            "url": "https://api.congress.gov/v3/bill/109/hr/5897?format=json"
        },
        {
            "congress": 109,
            "introducedDate": "2006-05-25",
            "latestAction": {
                "actionDate": "2006-07-18",
                "text": "Unfavorable Executive Comment Received from Veterans' Affairs."
            },
            "number": "5487",
            "policyArea": {
                "name": "Armed Forces and National Security"
            },
            "title": "Veterans' ID Theft Protection Act of 2006",
            "type": "HR",
            "url": "https://api.congress.gov/v3/bill/109/hr/5487?format=json"
        },
        {
            "congress": 109,
            "introducedDate": "2006-05-16",
            "latestAction": {
                "actionDate": "2006-05-24",
                "text": "Executive Comment Requested from Interior."
            },
            "number": "5394",
            "policyArea": {
                "name": "Native Americans"
            },
            "title": "To waive application of the Indian Self-Determination and Education Assistance Act to a specific parcel of real property transferred by the United States to 2 Indian tribes in Oregon, and for other purposes.",
            "type": "HR",
            "url": "https://api.congress.gov/v3/bill/109/hr/5394?format=json"
        },
        {
            "congress": 109,
            "introducedDate": "2006-05-19",
            "latestAction": {
                "actionDate": "2006-06-05",
                "text": "Referred to the Subcommittee on Health."
            },
            "number": "5433",
            "policyArea": {
                "name": "Health"
            },
            "title": "To amend title XVIII of the Social Security Act to provide for a Medicare Prescription Drug Ombudsman.",
            "type": "HR",
            "url": "https://api.congress.gov/v3/bill/109/hr/5433?format=json"
        },
        {
            "congress": 109,
            "introducedDate": "2006-05-10",
            "latestAction": {
                "actionDate": "2006-06-02",
                "text": "Referred to the Subcommittee on Education Reform."
            },
            "number": "5344",
            "policyArea": {
                "name": "Agriculture and Food"
            },
            "title": "Summer Food Service Program Improvement Act of 2006",
            "type": "HR",
            "url": "https://api.congress.gov/v3/bill/109/hr/5344?format=json"
        },
        {
            "congress": 109,
            "introducedDate": "2006-05-02",
            "latestAction": {
                "actionDate": "2006-05-03",
                "text": "Referred to the Subcommittee on Water Resources and Environment."
            },
            "number": "5265",
            "policyArea": {
                "name": "Emergency Management"
            },
            "title": "Community Hazard Assessment and Mitigation Program Act",
            "type": "HR",
            "url": "https://api.congress.gov/v3/bill/109/hr/5265?format=json"
        },
        {
            "congress": 109,
            "introducedDate": "2005-12-15",
            "latestAction": {
                "actionDate": "2005-12-15",
                "text": "Referred to the House Committee on the Judiciary."
            },
            "number": "4566",
            "policyArea": {
                "name": "Private Legislation"
            },
            "title": "For the relief of Anton Goloubev.",
            "type": "HR",
            "url": "https://api.congress.gov/v3/bill/109/hr/4566?format=json"
        },
        {
            "congress": 109,
            "introducedDate": "2005-11-07",
            "latestAction": {
                "actionDate": "2006-02-06",
                "text": "Referred to the Subcommittee on Crime, Terrorism, and Homeland Security."
            },
            "number": "4244",
            "policyArea": {
                "name": "Crime and Law Enforcement"
            },
            "title": "Regional ID Theft Task Force Act of 2005",
            "type": "HR",
            "url": "https://api.congress.gov/v3/bill/109/hr/4244?format=json"
        },
        {
            "congress": 109,
            "introducedDate": "2005-10-25",
            "latestAction": {
                "actionDate": "2005-10-31",
                "text": "Referred to the Subcommittee on Energy and Mineral Resources."
            },
            "number": "4136",
            "policyArea": {
                "name": "Energy"
            },
            "title": "To ensure that exports of Alaskan North Slope crude oil are prohibited.",
            "type": "HR",
            "url": "https://api.congress.gov/v3/bill/109/hr/4136?format=json"
        },
        {
            "congress": 109,
            "introducedDate": "2005-10-19",
            "latestAction": {
                "actionDate": "2005-11-17",
                "text": "Referred to the Subcommittee on Education Reform."
            },
            "number": "4085",
            "policyArea": {
                "name": "Education"
            },
            "title": "Flexibility in Assessments for Individuals Reform Act of 2005",
            "type": "HR",
            "url": "https://api.congress.gov/v3/bill/109/hr/4085?format=json"
        },
        {
            "congress": 109,
            "introducedDate": "2005-07-28",
            "latestAction": {
                "actionDate": "2005-10-12",
                "text": "Referred to the Subcommittee on Education Reform."
            },
            "number": "3562",
            "policyArea": {
                "name": "Agriculture and Food"
            },
            "title": "Specialty Crop and Value-Added Agriculture Promotion Act",
            "type": "HR",
            "url": "https://api.congress.gov/v3/bill/109/hr/3562?format=json"
        },
        {
            "congress": 109,
            "introducedDate": "2005-04-20",
            "latestAction": {
                "actionDate": "2005-05-24",
                "text": "Referred to the Subcommittee on Military Personnel."
            },
            "number": "1735",
            "policyArea": {
                "name": "Armed Forces and National Security"
            },
            "title": "To amend title 10, United States Code, to provide that an officer of the Army or Air Force on the active-duty list may not be promoted to brigadier general unless the officer has had a duty assignment of at least one year involving the administration of the National Guard or Reserves.",
            "type": "HR",
            "url": "https://api.congress.gov/v3/bill/109/hr/1735?format=json"
        },
        {
            "congress": 109,
            "introducedDate": "2005-04-19",
            "latestAction": {
                "actionDate": "2005-04-19",
                "text": "Referred to the House Committee on Ways and Means."
            },
            "number": "1692",
            "policyArea": {
                "name": "Taxation"
            },
            "title": "Savings for Personal Education Continuation Tax Relief Act of 2005",
            "type": "HR",
            "url": "https://api.congress.gov/v3/bill/109/hr/1692?format=json"
        },
        {
            "congress": 109,
            "introducedDate": "2005-04-13",
            "latestAction": {
                "actionDate": "2005-05-06",
                "text": "Referred to the Subcommittee on Military Personnel."
            },
            "number": "1611",
            "policyArea": {
                "name": "Armed Forces and National Security"
            },
            "title": "To modify the calculation of back pay for persons who were approved for promotion as members of the Navy and Marine Corps while interned as prisoners of war during World War II to take into account changes in the Consumer Price Index.",
            "type": "HR",
            "url": "https://api.congress.gov/v3/bill/109/hr/1611?format=json"
        },
        {
            "congress": 109,
            "introducedDate": "2005-04-18",
            "latestAction": {
                "actionDate": "2005-04-18",
                "text": "Referred to the House Committee on Ways and Means."
            },
            "number": "1676",
            "policyArea": {
                "name": "Taxation"
            },
            "title": "ID Theft Loophole Closure Act",
            "type": "HR",
            "url": "https://api.congress.gov/v3/bill/109/hr/1676?format=json"
        },
        {
            "congress": 109,
            "introducedDate": "2005-04-12",
            "latestAction": {
                "actionDate": "2005-04-29",
                "text": "Referred to the Subcommittee on Employer-Employee Relations."
            },
            "number": "1565",
            "policyArea": {
                "name": "Armed Forces and National Security"
            },
            "title": "National Guard and Reserve Bill of Rights Act of 2005",
            "type": "HR",
            "url": "https://api.congress.gov/v3/bill/109/hr/1565?format=json"
        },
        {
            "congress": 109,
            "introducedDate": "2005-03-17",
            "latestAction": {
                "actionDate": "2005-04-04",
                "text": "Referred to the Subcommittee on Crime, Terrorism, and Homeland Security."
            },
            "number": "1395",
            "policyArea": {
                "name": "Health"
            },
            "title": "Protection of Children from Methamphetamine Act of 2005",
            "type": "HR",
            "url": "https://api.congress.gov/v3/bill/109/hr/1395?format=json"
        },
        {
            "congress": 109,
            "introducedDate": "2005-03-17",
            "latestAction": {
                "actionDate": "2005-04-04",
                "text": "Referred to the Subcommittee on Crime, Terrorism, and Homeland Security."
            },
            "number": "1393",
            "policyArea": {
                "name": "Labor and Employment"
            },
            "title": "Civil Air Patrol Homeland Security Benefits Act",
            "type": "HR",
            "url": "https://api.congress.gov/v3/bill/109/hr/1393?format=json"
        },
        {
            "congress": 109,
            "introducedDate": "2005-03-17",
            "latestAction": {
                "actionDate": "2005-03-17",
                "text": "Referred to the House Committee on Small Business."
            },
            "number": "1394",
            "policyArea": {
                "name": "Commerce"
            },
            "title": "Small Business Administration Drought Assistance Act",
            "type": "HR",
            "url": "https://api.congress.gov/v3/bill/109/hr/1394?format=json"
        },
        {
            "congress": 109,
            "introducedDate": "2005-03-03",
            "latestAction": {
                "actionDate": "2005-05-10",
                "text": "Referred to the Subcommittee on Crime, Terrorism, and Homeland Security."
            },
            "number": "1099",
            "policyArea": {
                "name": "Crime and Law Enforcement"
            },
            "title": "Anti-phishing Act of 2005",
            "type": "HR",
            "url": "https://api.congress.gov/v3/bill/109/hr/1099?format=json"
        },
        {
            "congress": 109,
            "introducedDate": "2005-03-02",
            "latestAction": {
                "actionDate": "2005-04-04",
                "text": "Referred to the Subcommittee on Crime, Terrorism, and Homeland Security."
            },
            "number": "1055",
            "policyArea": {
                "name": "Crime and Law Enforcement"
            },
            "title": "Comprehensive Methamphetamine Response Act",
            "type": "HR",
            "url": "https://api.congress.gov/v3/bill/109/hr/1055?format=json"
        },
        {
            "congress": 109,
            "introducedDate": "2005-03-02",
            "latestAction": {
                "actionDate": "2005-04-04",
                "text": "Referred to the Subcommittee on Crime, Terrorism, and Homeland Security."
            },
            "number": "1056",
            "policyArea": {
                "name": "Crime and Law Enforcement"
            },
            "title": "Methamphetamine Precursor Control Act of 2005",
            "type": "HR",
            "url": "https://api.congress.gov/v3/bill/109/hr/1056?format=json"
        },
        {
            "congress": 109,
            "introducedDate": "2005-01-04",
            "latestAction": {
                "actionDate": "2005-01-04",
                "text": "Referred to the House Committee on Ways and Means."
            },
            "number": "119",
            "policyArea": {
                "name": "Taxation"
            },
            "title": "Expand America's Workforce Act of 2005",
            "type": "HR",
            "url": "https://api.congress.gov/v3/bill/109/hr/119?format=json"
        },
        {
            "congress": 109,
            "introducedDate": "2005-01-04",
            "latestAction": {
                "actionDate": "2005-01-04",
                "text": "Referred to the House Committee on Ways and Means."
            },
            "number": "118",
            "policyArea": {
                "name": "Taxation"
            },
            "title": "Keeping Small Businesses Healthy Act of 2005",
            "type": "HR",
            "url": "https://api.congress.gov/v3/bill/109/hr/118?format=json"
        },
        {
            "congress": 109,
            "introducedDate": "2006-06-28",
            "latestAction": {
                "actionDate": "2006-11-02",
                "text": "Referred to the Subcommittee on 21st Century Competitiveness."
            },
            "number": "898",
            "policyArea": {
                "name": "Commemorations"
            },
            "title": "Congratulating the Oregon State University Beavers baseball team for winning the 2006 National Collegiate Athletic Association Division I College World Series.",
            "type": "HRES",
            "url": "https://api.congress.gov/v3/bill/109/hres/898?format=json"
        },
        {
            "congress": 109,
            "introducedDate": "2005-05-05",
            "latestAction": {
                "actionDate": "2005-05-18",
                "text": "Motion to Discharge Committee filed by Ms. Hooley. Petition No: 109-1. (<a href=\"http://clerk.house.gov/109/lrc/pd/Petitions/Dis1.htm\">Discharge petition</a> text with signatures.)"
            },
            "number": "267",
            "policyArea": {
                "name": "Congress"
            },
            "title": "Providing for consideration of the bill (H.R. 376) to amend title XVIII of the Social Security Act to authorize the Secretary of Health and Human Services to negotiate fair prices for Medicare prescription drugs on behalf of Medicare beneficiaries.",
            "type": "HRES",
            "url": "https://api.congress.gov/v3/bill/109/hres/267?format=json"
        },
        {
            "amendmentNumber": "745",
            "congress": 110,
            "introducedDate": "2007-08-04",
            "latestAction": {
                "actionDate": "2007-08-04",
                "actionTime": "13:30:49",
                "text": "On agreeing to the Hooley amendment (A003) Agreed to by voice vote. "
            },
            "type": null,
            "url": "https://api.congress.gov/v3/amendment/110/hamdt/745?format=json"
        },
        {
            "amendmentNumber": "77",
            "congress": 110,
            "introducedDate": "2007-03-28",
            "latestAction": {
                "actionDate": "2007-03-28",
                "actionTime": "15:49:45",
                "text": "On agreeing to the Hooley amendment (A008) Agreed to by voice vote. "
            },
            "type": null,
            "url": "https://api.congress.gov/v3/amendment/110/hamdt/77?format=json"
        },
        {
            "congress": 110,
            "introducedDate": "2008-09-15",
            "latestAction": {
                "actionDate": "2008-09-26",
                "text": "Received in the Senate."
            },
            "number": "6901",
            "policyArea": {
                "name": "Health"
            },
            "title": "Meth Free Families and Communities Act",
            "type": "HR",
            "url": "https://api.congress.gov/v3/bill/110/hr/6901?format=json"
        },
        {
            "congress": 110,
            "introducedDate": "2008-09-15",
            "latestAction": {
                "actionDate": "2008-09-15",
                "text": "Referred to the House Committee on Oversight and Government Reform."
            },
            "number": "6904",
            "policyArea": {
                "name": "Government Operations and Politics"
            },
            "title": "To designate the facility of the United States Postal Service located at 1706 NW 24th Avenue in Portland, Oregon, as the \"Vera Katz Post Office\".",
            "type": "HR",
            "url": "https://api.congress.gov/v3/bill/110/hr/6904?format=json"
        },
        {
            "congress": 110,
            "introducedDate": "2008-07-23",
            "latestAction": {
                "actionDate": "2008-07-23",
                "text": "Referred to the House Committee on Oversight and Government Reform."
            },
            "number": "6584",
            "policyArea": {
                "name": "Commemorations"
            },
            "title": "To designate the facility of the United States Postal Service located at 19300 South Molalla Avenue in Oregon City, Oregon, as the \"Alice Norris Post Office Building\".",
            "type": "HR",
            "url": "https://api.congress.gov/v3/bill/110/hr/6584?format=json"
        },
        {
            "congress": 110,
            "introducedDate": "2008-07-23",
            "latestAction": {
                "actionDate": "2008-10-02",
                "text": "Read twice and referred to the Committee on Homeland Security and Governmental Affairs."
            },
            "number": "6585",
            "policyArea": {
                "name": "Government Operations and Politics"
            },
            "title": "To designate the facility of the United States Postal Service located at 311 Southwest 2nd Street in Corvallis, Oregon, as the \"Helen Berg Post Office Building\".",
            "type": "HR",
            "url": "https://api.congress.gov/v3/bill/110/hr/6585?format=json"
        },
        {
            "congress": 110,
            "introducedDate": "2008-07-23",
            "latestAction": {
                "actionDate": "2008-07-23",
                "text": "Referred to the House Committee on Oversight and Government Reform."
            },
            "number": "6586",
            "policyArea": {
                "name": "Government Operations and Politics"
            },
            "title": "To designate the facility of the United States Postal Service located at 3624 Commercial Street Southeast in Salem, Oregon, as the \"Sue Miller Post Office Building\".",
            "type": "HR",
            "url": "https://api.congress.gov/v3/bill/110/hr/6586?format=json"
        },
        {
            "congress": 110,
            "introducedDate": "2008-07-14",
            "latestAction": {
                "actionDate": "2008-07-14",
                "text": "Referred to the House Committee on Energy and Commerce."
            },
            "number": "6488",
            "policyArea": {
                "name": "Commerce"
            },
            "title": "To direct the Consumer Product Safety Commission to promulgate a final consumer product safety rule banning novelty lighters.",
            "type": "HR",
            "url": "https://api.congress.gov/v3/bill/110/hr/6488?format=json"
        },
        {
            "congress": 110,
            "introducedDate": "2008-07-15",
            "latestAction": {
                "actionDate": "2008-07-15",
                "text": "Referred to the Committee on Armed Services, and in addition to the Committees on the Judiciary, and Ways and Means, for a period to be subsequently determined by the Speaker, in each case for consideration of such provisions as fall within the jurisdiction of the committee concerned."
            },
            "number": "6497",
            "policyArea": {
                "name": "Law"
            },
            "title": "To require the payment of compensation to members of the Armed Forces and civilian employees of the United States who were forced to perform slave labor by the Imperial Government of Japan or by corporations of Japan during World War II, or the surviving spouses of such members, and for other purposes.",
            "type": "HR",
            "url": "https://api.congress.gov/v3/bill/110/hr/6497?format=json"
        },
        {
            "congress": 110,
            "introducedDate": "2008-07-14",
            "latestAction": {
                "actionDate": "2008-09-29",
                "text": "Received in the Senate."
            },
            "number": "6489",
            "policyArea": {
                "name": "Commemorations"
            },
            "title": "To designate the facility of the United States Postal Service located at 501 4th Street in Lake Oswego, Oregon, as the \"Judie Hammerstad Post Office Building\".",
            "type": "HR",
            "url": "https://api.congress.gov/v3/bill/110/hr/6489?format=json"
        },
        {
            "congress": 110,
            "introducedDate": "2007-12-19",
            "latestAction": {
                "actionDate": "2007-12-20",
                "text": "Referred to the Subcommittee on Health."
            },
            "number": "4897",
            "policyArea": {
                "name": "Health"
            },
            "title": "Stop Senior Suicide Act",
            "type": "HR",
            "url": "https://api.congress.gov/v3/bill/110/hr/4897?format=json"
        },
        {
            "congress": 110,
            "introducedDate": "2007-11-15",
            "latestAction": {
                "actionDate": "2007-12-04",
                "text": "Subcommittee Hearings Held."
            },
            "number": "4230",
            "policyArea": {
                "name": "Health"
            },
            "title": "School-Based Health Clinic Act of 2007",
            "type": "HR",
            "url": "https://api.congress.gov/v3/bill/110/hr/4230?format=json"
        },
        {
            "congress": 110,
            "introducedDate": "2007-10-31",
            "latestAction": {
                "actionDate": "2007-10-31",
                "text": "Referred to the House Committee on Energy and Commerce."
            },
            "number": "4030",
            "policyArea": {
                "name": "Commerce"
            },
            "title": "Children's Chemical Risk Reduction Act",
            "type": "HR",
            "url": "https://api.congress.gov/v3/bill/110/hr/4030?format=json"
        },
        {
            "congress": 110,
            "introducedDate": "2007-10-04",
            "latestAction": {
                "actionDate": "2007-10-04",
                "text": "Referred to the Subcommittee on Health."
            },
            "number": "3749",
            "policyArea": {
                "name": "Health"
            },
            "title": "Methamphetamine Prevention Enhancement Act of 2007",
            "type": "HR",
            "url": "https://api.congress.gov/v3/bill/110/hr/3749?format=json"
        },
        {
            "congress": 110,
            "introducedDate": "2007-09-18",
            "latestAction": {
                "actionDate": "2007-09-20",
                "text": "Referred to the Subcommittee on National Parks, Forests and Public Lands."
            },
            "number": "3574",
            "policyArea": {
                "name": "Water Resources Development"
            },
            "title": "Willamette River United Act",
            "type": "HR",
            "url": "https://api.congress.gov/v3/bill/110/hr/3574?format=json"
        },
        {
            "congress": 110,
            "introducedDate": "2007-09-17",
            "latestAction": {
                "actionDate": "2007-09-17",
                "text": "Referred to the Subcommittee on Commerce, Trade and Consumer Protection."
            },
            "number": "3542",
            "policyArea": {
                "name": "Environmental Protection"
            },
            "title": "To declare water hoses containing lead to be banned hazardous substances.",
            "type": "HR",
            "url": "https://api.congress.gov/v3/bill/110/hr/3542?format=json"
        },
        {
            "congress": 110,
            "introducedDate": "2007-09-07",
            "latestAction": {
                "actionDate": "2007-09-07",
                "text": "Referred to the Subcommittee on Commerce, Trade and Consumer Protection."
            },
            "number": "3499",
            "policyArea": {
                "name": "Commerce"
            },
            "title": "Children's Products Safety Act of 2007",
            "type": "HR",
            "url": "https://api.congress.gov/v3/bill/110/hr/3499?format=json"
        },
        {
            "congress": 110,
            "introducedDate": "2007-07-23",
            "latestAction": {
                "actionDate": "2007-07-23",
                "text": "Referred to the Subcommittee on Health."
            },
            "number": "3130",
            "policyArea": {
                "name": "Health"
            },
            "title": "Enhanced Methamphetamine Treatment Grants Assistance Act of 2007",
            "type": "HR",
            "url": "https://api.congress.gov/v3/bill/110/hr/3130?format=json"
        },
        {
            "congress": 110,
            "introducedDate": "2007-07-12",
            "latestAction": {
                "actionDate": "2007-07-12",
                "text": "Referred to the House Committee on Education and Labor."
            },
            "number": "3030",
            "policyArea": {
                "name": "Agriculture and Food"
            },
            "title": "Summer Food Service Program Improvement Act of 2007",
            "type": "HR",
            "url": "https://api.congress.gov/v3/bill/110/hr/3030?format=json"
        },
        {
            "congress": 110,
            "introducedDate": "2007-06-20",
            "latestAction": {
                "actionDate": "2007-06-20",
                "text": "Referred to the Subcommittee on Health."
            },
            "number": "2791",
            "policyArea": {
                "name": "Health"
            },
            "title": "Unique Device Identification System for Medical Devices Act of 2007",
            "type": "HR",
            "url": "https://api.congress.gov/v3/bill/110/hr/2791?format=json"
        },
        {
            "congress": 110,
            "introducedDate": "2007-05-22",
            "latestAction": {
                "actionDate": "2007-10-02",
                "text": "Subcommittee Hearings Held."
            },
            "number": "2436",
            "policyArea": {
                "name": "Education"
            },
            "title": "Nanotechnology in the Schools Act",
            "type": "HR",
            "url": "https://api.congress.gov/v3/bill/110/hr/2436?format=json"
        },
        {
            "congress": 110,
            "introducedDate": "2007-05-15",
            "latestAction": {
                "actionDate": "2008-05-06",
                "text": "Hearing Held by Subcommittee on Energy and Environment Prior to Introduction and Referral (May 17, 2007)."
            },
            "number": "2313",
            "policyArea": {
                "name": "Energy"
            },
            "title": "Marine Renewable Energy Research and Development Act of 2007",
            "type": "HR",
            "url": "https://api.congress.gov/v3/bill/110/hr/2313?format=json"
        },
        {
            "congress": 110,
            "introducedDate": "2007-04-26",
            "latestAction": {
                "actionDate": "2007-06-28",
                "text": "Referred to the Subcommittee on Military Personnel."
            },
            "number": "2059",
            "policyArea": {
                "name": "Armed Forces and National Security"
            },
            "title": "To amend title 32, United States Code, to provide members of the National Guard additional time to transition to civilian life when they return from active duty in support of contingency operations or homeland defense missions.",
            "type": "HR",
            "url": "https://api.congress.gov/v3/bill/110/hr/2059?format=json"
        },
        {
            "congress": 110,
            "introducedDate": "2007-03-29",
            "latestAction": {
                "actionDate": "2007-03-29",
                "text": "Referred to the House Committee on Ways and Means."
            },
            "number": "1802",
            "policyArea": {
                "name": "Taxation"
            },
            "title": "Keeping Small Businesses Healthy Act of 2007",
            "type": "HR",
            "url": "https://api.congress.gov/v3/bill/110/hr/1802?format=json"
        },
        {
            "congress": 110,
            "introducedDate": "2007-03-27",
            "latestAction": {
                "actionDate": "2007-06-27",
                "text": "Referred to the Subcommittee on Early Childhood, Elementary, and Secondary Education."
            },
            "number": "1711",
            "policyArea": {
                "name": "Education"
            },
            "title": "Flexibility in Assessments for Individuals Reform Act of 2007",
            "type": "HR",
            "url": "https://api.congress.gov/v3/bill/110/hr/1711?format=json"
        },
        {
            "congress": 110,
            "introducedDate": "2007-03-27",
            "latestAction": {
                "actionDate": "2007-04-18",
                "text": "Referred to the Subcommittee on Military Personnel."
            },
            "number": "1710",
            "policyArea": {
                "name": "Armed Forces and National Security"
            },
            "title": "To modify the calculation of back pay for persons who were approved for promotion as members of the Navy and Marine Corps while interned as prisoners of war during World War II to take into account changes in the Consumer Price Index.",
            "type": "HR",
            "url": "https://api.congress.gov/v3/bill/110/hr/1710?format=json"
        },
        {
            "congress": 110,
            "introducedDate": "2007-03-06",
            "latestAction": {
                "actionDate": "2007-04-03",
                "text": "Referred to the Subcommittee on Air and Land Forces."
            },
            "number": "1347",
            "policyArea": {
                "name": "Armed Forces and National Security"
            },
            "title": "To extend the period during which members of the Armed Forces deployed in contingency operations may request and receive reimbursement for helmet pads, which are designed to protect the wearer from bomb blasts and non-ballistic impacts, that are purchased by such members.",
            "type": "HR",
            "url": "https://api.congress.gov/v3/bill/110/hr/1347?format=json"
        },
        {
            "congress": 110,
            "introducedDate": "2007-03-01",
            "latestAction": {
                "actionDate": "2007-03-28",
                "text": "Referred to the Subcommittee on Military Personnel."
            },
            "number": "1288",
            "policyArea": {
                "name": "Armed Forces and National Security"
            },
            "title": "To amend title 10, United States Code, to provide that an officer of the Army or Air Force on the active-duty list may not be promoted to brigadier general unless the officer has had a duty assignment of at least one year involving the administration of the National Guard or Reserves.",
            "type": "HR",
            "url": "https://api.congress.gov/v3/bill/110/hr/1288?format=json"
        },
        {
            "congress": 110,
            "introducedDate": "2007-01-24",
            "latestAction": {
                "actionDate": "2007-01-24",
                "text": "Referred to the House Committee on Natural Resources."
            },
            "number": "679",
            "policyArea": {
                "name": "Native Americans"
            },
            "title": "To waive application of the Indian Self-Determination and Education Assistance Act to a specific parcel of real property transferred by the United States to 2 Indian tribes in Oregon, and for other purposes.",
            "type": "HR",
            "url": "https://api.congress.gov/v3/bill/110/hr/679?format=json"
        },
        {
            "congress": 110,
            "introducedDate": "2007-01-19",
            "latestAction": {
                "actionDate": "2007-02-01",
                "text": "Referred to the Subcommittee on Readiness."
            },
            "number": "588",
            "policyArea": {
                "name": "Armed Forces and National Security"
            },
            "title": "To extend the period during which members of the Armed Forces deployed in contingency operations may request and receive reimbursement for helmet pads, which are designed to better protect the wearer from bomb blasts than military-issued pads, that are purchased by or for the use of such members.",
            "type": "HR",
            "url": "https://api.congress.gov/v3/bill/110/hr/588?format=json"
        },
        {
            "congress": 110,
            "introducedDate": "2008-03-14",
            "latestAction": {
                "actionDate": "2008-03-14",
                "text": "Referred to the House Committee on Oversight and Government Reform."
            },
            "number": "1056",
            "policyArea": {
                "name": "Commemorations"
            },
            "title": "Expressing support for designation of April 28, 2008, as \"National Healthy Schools Day\".",
            "type": "HRES",
            "url": "https://api.congress.gov/v3/bill/110/hres/1056?format=json"
        },
        {
            "congress": 110,
            "introducedDate": "2007-11-06",
            "latestAction": {
                "actionDate": "2007-11-06",
                "text": "Referred to the House Committee on Energy and Commerce."
            },
            "number": "804",
            "policyArea": {
                "name": "Commerce"
            },
            "title": "Expressing the sense of the House of Representatives that the House has lost confidence in the performance of Consumer Product Safety Commission Chairman Nancy Nord, and urging the President to request her resignation.",
            "type": "HRES",
            "url": "https://api.congress.gov/v3/bill/110/hres/804?format=json"
        },
        {
            "congress": 110,
            "introducedDate": "2007-09-27",
            "latestAction": {
                "actionDate": "2007-09-27",
                "text": "Referred to the House Committee on the Judiciary."
            },
            "number": "689",
            "policyArea": {
                "name": "Congress"
            },
            "title": "Calling upon George W. Bush, President of the United States, to urge full cooperation by his former political appointees, current Administration officials, and their friends and associates with congressional investigations.",
            "type": "HRES",
            "url": "https://api.congress.gov/v3/bill/110/hres/689?format=json"
        },
        {
            "congress": 110,
            "introducedDate": "2007-09-18",
            "latestAction": {
                "actionDate": "2007-09-18",
                "text": "Referred to the Subcommittee on Health."
            },
            "number": "662",
            "policyArea": {
                "name": "Commemorations"
            },
            "title": "Supporting the goals and ideals of National Assisted Living Week.",
            "type": "HRES",
            "url": "https://api.congress.gov/v3/bill/110/hres/662?format=json"
        },
        {
            "congress": 110,
            "introducedDate": "2007-06-25",
            "latestAction": {
                "actionDate": "2007-07-30",
                "actionTime": "15:55:55",
                "text": "Motion to reconsider laid on the table Agreed to without objection."
            },
            "number": "515",
            "policyArea": {
                "name": "Commemorations"
            },
            "title": "Congratulating the Oregon State University Beavers baseball team for winning the 2007 National Collegiate Athletic Association Division I College World Series.",
            "type": "HRES",
            "url": "https://api.congress.gov/v3/bill/110/hres/515?format=json"
        },
        {
            "congress": 110,
            "introducedDate": "2007-04-20",
            "latestAction": {
                "actionDate": "2007-09-18",
                "actionTime": "15:49:01",
                "text": "Motion to reconsider laid on the table Agreed to without objection."
            },
            "number": "326",
            "policyArea": {
                "name": "Commemorations"
            },
            "title": "Commemorating the 25th anniversary of the Vietnam Veterans Memorial.",
            "type": "HRES",
            "url": "https://api.congress.gov/v3/bill/110/hres/326?format=json"
        },
        {
            "congress": 110,
            "introducedDate": "2007-03-15",
            "latestAction": {
                "actionDate": "2007-04-03",
                "text": "Referred to the Subcommittee on Military Personnel."
            },
            "number": "92",
            "policyArea": {
                "name": "Commemorations"
            },
            "title": "Recognizing and commending Dr. Robert Meaders and all of the volunteers and contributors of Operation Helmet for their efforts in sending out 35,000 helmet upgrade kits to members of the United States Armed Forces deployed in Iraq and Afghanistan.",
            "type": "HCONRES",
            "url": "https://api.congress.gov/v3/bill/110/hconres/92?format=json"
        },
        {
            "amendmentNumber": "717",
            "congress": 108,
            "introducedDate": "2004-09-08",
            "latestAction": {
                "actionDate": "2004-09-08",
                "actionTime": "13:17:17",
                "text": "On agreeing to the Hooley (OR) amendment (A002) Agreed to by voice vote. "
            },
            "type": null,
            "url": "https://api.congress.gov/v3/amendment/108/hamdt/717?format=json"
        },
        {
            "amendmentNumber": "673",
            "congress": 108,
            "introducedDate": "2004-07-13",
            "latestAction": {
                "actionDate": "2004-07-13",
                "actionTime": "14:35:26",
                "text": "On agreeing to the Hooley (OR) amendment (A005) Agreed to by recorded vote: 260 - 160 (Roll no. 363). "
            },
            "type": null,
            "url": "https://api.congress.gov/v3/amendment/108/hamdt/673?format=json"
        },
        {
            "amendmentNumber": "550",
            "congress": 108,
            "introducedDate": "2004-06-16",
            "latestAction": {
                "actionDate": "2004-06-16",
                "actionTime": "18:26:36",
                "text": "On agreeing to the Hooley (OR) amendment (A003) Failed by recorded vote: 186 - 241 (Roll no. 250). "
            },
            "type": null,
            "url": "https://api.congress.gov/v3/amendment/108/hamdt/550?format=json"
        },
        {
            "amendmentNumber": "359",
            "congress": 108,
            "introducedDate": "2003-09-04",
            "latestAction": {
                "actionDate": "2003-09-04",
                "actionTime": "18:14:42",
                "text": "On agreeing to the Hooley (OR) amendment (A010) Agreed to by recorded vote: 213 - 203 (Roll no. 472). "
            },
            "type": null,
            "url": "https://api.congress.gov/v3/amendment/108/hamdt/359?format=json"
        },
        {
            "congress": 108,
            "introducedDate": "2004-10-09",
            "latestAction": {
                "actionDate": "2004-10-21",
                "text": "Referred to the Subcommittee on Health, for a period to be subsequently determined by the Chairman."
            },
            "number": "5354",
            "policyArea": {
                "name": "Armed Forces and National Security"
            },
            "title": "National Guard and Reserve Bill of Rights Act of 2004",
            "type": "HR",
            "url": "https://api.congress.gov/v3/bill/108/hr/5354?format=json"
        },
        {
            "congress": 108,
            "introducedDate": "2004-07-22",
            "latestAction": {
                "actionDate": "2004-07-22",
                "text": "Referred to the Subcommittee on Commerce, Trade and Consumer Protection."
            },
            "number": "4955",
            "policyArea": {
                "name": "Commerce"
            },
            "title": "Children's Listbroker Privacy Act",
            "type": "HR",
            "url": "https://api.congress.gov/v3/bill/108/hr/4955?format=json"
        },
        {
            "congress": 108,
            "introducedDate": "2004-07-19",
            "latestAction": {
                "actionDate": "2004-08-04",
                "text": "Referred to the Subcommittee on Crime, Terrorism, and Homeland Security."
            },
            "number": "4857",
            "policyArea": {
                "name": "Crime and Law Enforcement"
            },
            "title": "Border Security Information Integration Act",
            "type": "HR",
            "url": "https://api.congress.gov/v3/bill/108/hr/4857?format=json"
        },
        {
            "congress": 108,
            "introducedDate": "2004-07-09",
            "latestAction": {
                "actionDate": "2004-08-25",
                "text": "Referred to the Subcommittee on Education Reform."
            },
            "number": "4800",
            "policyArea": {
                "name": "Agriculture and Food"
            },
            "title": "Specialty Crop and Value-Added Agriculture Promotion Act",
            "type": "HR",
            "url": "https://api.congress.gov/v3/bill/108/hr/4800?format=json"
        },
        {
            "congress": 108,
            "introducedDate": "2004-06-25",
            "latestAction": {
                "actionDate": "2004-07-14",
                "text": "Referred to the Subcommittee on Benefits."
            },
            "number": "4733",
            "policyArea": {
                "name": "Armed Forces and National Security"
            },
            "title": "To provide improved income security for members of the Individual Ready Reserve who are called to active duty.",
            "type": "HR",
            "url": "https://api.congress.gov/v3/bill/108/hr/4733?format=json"
        },
        {
            "congress": 108,
            "introducedDate": "2004-06-21",
            "latestAction": {
                "actionDate": "2004-06-21",
                "text": "Referred to the House Committee on Armed Services."
            },
            "number": "4630",
            "policyArea": {
                "name": "Armed Forces and National Security"
            },
            "title": "To amend title 10, United States Code, to provide that an officer of the Army or Air Force on the active-duty list may not be promoted to brigadier general unless the officer has had a duty assignment of at least one year involving the administration of the National Guard or Reserves.",
            "type": "HR",
            "url": "https://api.congress.gov/v3/bill/108/hr/4630?format=json"
        },
        {
            "congress": 108,
            "introducedDate": "2004-05-11",
            "latestAction": {
                "actionDate": "2004-06-28",
                "text": "Referred to the Subcommittee on Crime, Terrorism, and Homeland Security."
            },
            "number": "4333",
            "policyArea": {
                "name": "Emergency Management"
            },
            "title": "Homeland Security Grant Enhancement Act of 2004",
            "type": "HR",
            "url": "https://api.congress.gov/v3/bill/108/hr/4333?format=json"
        },
        {
            "congress": 108,
            "introducedDate": "2004-03-10",
            "latestAction": {
                "actionDate": "2004-03-29",
                "text": "Referred to the Subcommittee on Education Reform."
            },
            "number": "3930",
            "policyArea": {
                "name": "Agriculture and Food"
            },
            "title": "Summer Food Service Program Improvement Act of 2004",
            "type": "HR",
            "url": "https://api.congress.gov/v3/bill/108/hr/3930?format=json"
        },
        {
            "congress": 108,
            "introducedDate": "2003-12-08",
            "latestAction": {
                "actionDate": "2003-12-17",
                "text": "Referred to the Subcommittee on Health."
            },
            "number": "3677",
            "policyArea": {
                "name": "Commerce"
            },
            "title": "Prescription Drug Retail Price Disclosure Act",
            "type": "HR",
            "url": "https://api.congress.gov/v3/bill/108/hr/3677?format=json"
        },
        {
            "congress": 108,
            "introducedDate": "2003-11-21",
            "latestAction": {
                "actionDate": "2003-11-21",
                "text": "Referred to the House Committee on Ways and Means."
            },
            "number": "3608",
            "policyArea": {
                "name": "Taxation"
            },
            "title": "Expand America's Workforce Act of 2003",
            "type": "HR",
            "url": "https://api.congress.gov/v3/bill/108/hr/3608?format=json"
        },
        {
            "congress": 108,
            "introducedDate": "2003-11-21",
            "latestAction": {
                "actionDate": "2003-11-21",
                "text": "Referred to the House Committee on Ways and Means."
            },
            "number": "3607",
            "policyArea": {
                "name": "Taxation"
            },
            "title": "Keeping Small Businesses Health Act of 2003",
            "type": "HR",
            "url": "https://api.congress.gov/v3/bill/108/hr/3607?format=json"
        },
        {
            "congress": 108,
            "introducedDate": "2003-11-17",
            "latestAction": {
                "actionDate": "2003-12-01",
                "text": "Referred to the Subcommittee on Human Resources."
            },
            "number": "3499",
            "policyArea": {
                "name": "Labor and Employment"
            },
            "title": "Emergency Unemployment Compensation Extension Act",
            "type": "HR",
            "url": "https://api.congress.gov/v3/bill/108/hr/3499?format=json"
        },
        {
            "congress": 108,
            "introducedDate": "2003-09-03",
            "latestAction": {
                "actionDate": "2003-09-03",
                "text": "Referred to the House Committee on Armed Services."
            },
            "number": "2992",
            "policyArea": {
                "name": "Armed Forces and National Security"
            },
            "title": "To modify the calculation of back pay for persons who were approved for promotion as members of the Navy and Marine Corps while interned as prisoners of war during World War II to take into account changes in the Consumer Price Index.",
            "type": "HR",
            "url": "https://api.congress.gov/v3/bill/108/hr/2992?format=json"
        },
        {
            "congress": 108,
            "introducedDate": "2003-07-25",
            "latestAction": {
                "actionDate": "2003-09-04",
                "text": "Referred to the Subcommittee on Crime, Terrorism, and Homeland Security."
            },
            "number": "2943",
            "policyArea": {
                "name": "Crime and Law Enforcement"
            },
            "title": "First Responders Enhancement Act",
            "type": "HR",
            "url": "https://api.congress.gov/v3/bill/108/hr/2943?format=json"
        },
        {
            "congress": 108,
            "introducedDate": "2003-07-25",
            "latestAction": {
                "actionDate": "2003-09-04",
                "text": "Referred to the Subcommittee on Crime, Terrorism, and Homeland Security."
            },
            "number": "2942",
            "policyArea": {
                "name": "Crime and Law Enforcement"
            },
            "title": "Environmental Terrorism Reduction Act",
            "type": "HR",
            "url": "https://api.congress.gov/v3/bill/108/hr/2942?format=json"
        },
        {
            "congress": 108,
            "introducedDate": "2003-07-24",
            "latestAction": {
                "actionDate": "2003-08-13",
                "text": "Referred to the Subcommittee on Education Reform."
            },
            "number": "2873",
            "policyArea": {
                "name": "Education"
            },
            "title": "Fighting Abuse of Inhalants Act of 2003",
            "type": "HR",
            "url": "https://api.congress.gov/v3/bill/108/hr/2873?format=json"
        },
        {
            "congress": 108,
            "introducedDate": "2003-07-24",
            "latestAction": {
                "actionDate": "2003-08-22",
                "text": "Referred to the Subcommittee on Health."
            },
            "number": "2874",
            "policyArea": {
                "name": "Armed Forces and National Security"
            },
            "title": "Improving Access to Prescription Drug Benefits for Veterans Act of 2003",
            "type": "HR",
            "url": "https://api.congress.gov/v3/bill/108/hr/2874?format=json"
        },
        {
            "congress": 108,
            "introducedDate": "2003-07-17",
            "latestAction": {
                "actionDate": "2003-07-23",
                "text": "Referred to the Subcommittee on Social Security."
            },
            "number": "2774",
            "policyArea": {
                "name": "Taxation"
            },
            "title": "ID Theft Loophole Closure Act",
            "type": "HR",
            "url": "https://api.congress.gov/v3/bill/108/hr/2774?format=json"
        },
        {
            "congress": 108,
            "introducedDate": "2003-07-16",
            "latestAction": {
                "actionDate": "2003-07-22",
                "text": "Referred to the Subcommittee on Social Security."
            },
            "number": "2757",
            "policyArea": {
                "name": "Crime and Law Enforcement"
            },
            "title": "Secure Identity Protection Act",
            "type": "HR",
            "url": "https://api.congress.gov/v3/bill/108/hr/2757?format=json"
        },
        {
            "congress": 108,
            "introducedDate": "2003-06-26",
            "latestAction": {
                "actionDate": "2003-07-14",
                "text": "Referred to the Subcommittee on Department Operations, Oversight, Nutrition and Forestry."
            },
            "number": "2639",
            "policyArea": {
                "name": "Public Lands and Natural Resources"
            },
            "title": "Community and Forest Protection Act",
            "type": "HR",
            "url": "https://api.congress.gov/v3/bill/108/hr/2639?format=json"
        },
        {
            "congress": 108,
            "introducedDate": "2003-06-18",
            "latestAction": {
                "actionDate": "2003-06-24",
                "text": "Referred to the Subcommittee on Health."
            },
            "number": "2507",
            "policyArea": {
                "name": "Health"
            },
            "title": "Conquering Pain Act of 2003",
            "type": "HR",
            "url": "https://api.congress.gov/v3/bill/108/hr/2507?format=json"
        },
        {
            "congress": 108,
            "introducedDate": "2003-05-22",
            "latestAction": {
                "actionDate": "2003-05-22",
                "text": "Referred to the House Committee on Ways and Means."
            },
            "number": "2240",
            "policyArea": {
                "name": "Taxation"
            },
            "title": "Catch-Up Lost Retirement Savings Act",
            "type": "HR",
            "url": "https://api.congress.gov/v3/bill/108/hr/2240?format=json"
        },
        {
            "congress": 108,
            "introducedDate": "2003-05-08",
            "latestAction": {
                "actionDate": "2003-05-23",
                "text": "Referred to the Subcommittee on Financial Institutions and Consumer Credit."
            },
            "number": "2035",
            "policyArea": {
                "name": "Finance and Financial Sector"
            },
            "title": "Identity Theft and Financial Privacy Protection Act of 2003",
            "type": "HR",
            "url": "https://api.congress.gov/v3/bill/108/hr/2035?format=json"
        },
        {
            "congress": 108,
            "introducedDate": "2003-04-11",
            "latestAction": {
                "actionDate": "2003-04-16",
                "text": "Referred to the Subcommittee on Energy and Mineral Resources."
            },
            "number": "1797",
            "policyArea": {
                "name": "Energy"
            },
            "title": "To ensure that exports of Alaskan North Slope crude oil are prohibited.",
            "type": "HR",
            "url": "https://api.congress.gov/v3/bill/108/hr/1797?format=json"
        },
        {
            "congress": 108,
            "introducedDate": "2003-03-05",
            "latestAction": {
                "actionDate": "2003-03-31",
                "text": "Referred to the Subcommittee on Education Reform."
            },
            "number": "1094",
            "policyArea": {
                "name": "Education"
            },
            "title": "To authorize appropriations for part B of the Individuals with Disabilities Education Act to achieve full funding for part B of that Act by 2008.",
            "type": "HR",
            "url": "https://api.congress.gov/v3/bill/108/hr/1094?format=json"
        },
        {
            "congress": 108,
            "introducedDate": "2003-02-12",
            "latestAction": {
                "actionDate": "2003-03-06",
                "text": "Referred to the Subcommittee on Crime, Terrorism, and Homeland Security."
            },
            "number": "732",
            "policyArea": {
                "name": "Labor and Employment"
            },
            "title": "Civil Air Patrol Homeland Security Benefits Act",
            "type": "HR",
            "url": "https://api.congress.gov/v3/bill/108/hr/732?format=json"
        },
        {
            "congress": 108,
            "introducedDate": "2003-02-12",
            "latestAction": {
                "actionDate": "2003-07-29",
                "text": "Became Public Law No: 108-63."
            },
            "number": "733",
            "policyArea": {
                "name": "Public Lands and Natural Resources"
            },
            "title": "McLoughlin House Addition to Fort Vancouver National Historic Site Act",
            "type": "HR",
            "url": "https://api.congress.gov/v3/bill/108/hr/733?format=json"
        },
        {
            "congress": 108,
            "introducedDate": "2003-01-27",
            "latestAction": {
                "actionDate": "2003-02-21",
                "text": "Referred to the Subcommittee on 21st Century Competitiveness."
            },
            "number": "365",
            "policyArea": {
                "name": "Native Americans"
            },
            "title": "Tribal College or University Teacher Loan Forgiveness Act",
            "type": "HR",
            "url": "https://api.congress.gov/v3/bill/108/hr/365?format=json"
        },
        {
            "congress": 108,
            "introducedDate": "2003-01-27",
            "latestAction": {
                "actionDate": "2003-02-03",
                "text": "Referred to the Subcommittee on Health."
            },
            "number": "364",
            "policyArea": {
                "name": "Health"
            },
            "title": "To amend title XIX of the Social Security Act to require criminal background checks on drivers providing Medicaid medical assistance transportation services.",
            "type": "HR",
            "url": "https://api.congress.gov/v3/bill/108/hr/364?format=json"
        },
        {
            "congress": 108,
            "introducedDate": "2003-01-27",
            "latestAction": {
                "actionDate": "2003-02-28",
                "text": "Referred to the Subcommittee on Civil Service and Agency Organization."
            },
            "number": "366",
            "policyArea": {
                "name": "Government Operations and Politics"
            },
            "title": "To authorize former Federal employees who receive voluntary separation incentive payments under the Department of Agriculture program to accept subsequent employment with the Federal Government, without loss of their payments, when such employment is directly related to fighting forest fires.",
            "type": "HR",
            "url": "https://api.congress.gov/v3/bill/108/hr/366?format=json"
        },
        {
            "congress": 108,
            "introducedDate": "2003-10-15",
            "latestAction": {
                "actionDate": "2003-10-29",
                "text": "Motion to Discharge Committee filed by Ms. Hooley (OR). Petition No: 108-4. (<a href=\"http://clerk.house.gov/108/lrc/pd/Petitions/Dis4.htm\">Discharge petition</a> text with signatures.)"
            },
            "number": "398",
            "policyArea": {
                "name": "Congress"
            },
            "title": "Providing for consideration of the bill (H.R. 1652) to provide extended unemployment benefits to displaced workers, and to make other improvements in the unemployment insurance system.",
            "type": "HRES",
            "url": "https://api.congress.gov/v3/bill/108/hres/398?format=json"
        },
        {
            "congress": 108,
            "introducedDate": "2003-11-21",
            "latestAction": {
                "actionDate": "2003-11-21",
                "text": "Referred to the House Committee on Resources."
            },
            "number": "341",
            "policyArea": {
                "name": "Commemorations"
            },
            "title": "Recognizing the 20th anniversary of the restoration of Federal recognition of the Confederated Tribes of the Grand Ronde Community of Oregon.",
            "type": "HCONRES",
            "url": "https://api.congress.gov/v3/bill/108/hconres/341?format=json"
        },
        {
            "congress": 108,
            "introducedDate": "2003-02-25",
            "latestAction": {
                "actionDate": "2003-03-10",
                "text": "Referred to the Subcommittee on Health."
            },
            "number": "52",
            "policyArea": {
                "name": "Sports and Recreation"
            },
            "title": "Expressing the sense of Congress that all major sports organizations should ban the use of ephedra and dietary supplements containing ephedrine.",
            "type": "HCONRES",
            "url": "https://api.congress.gov/v3/bill/108/hconres/52?format=json"
        },
        {
            "amendmentNumber": "345",
            "congress": 107,
            "introducedDate": "2001-10-04",
            "latestAction": {
                "actionDate": "2001-10-04",
                "actionTime": "19:45:58",
                "text": "By unanimous consent, the Hooley amendment was withdrawn. "
            },
            "type": null,
            "url": "https://api.congress.gov/v3/amendment/107/hamdt/345?format=json"
        },
        {
            "amendmentNumber": "76",
            "congress": 107,
            "introducedDate": "2001-06-13",
            "latestAction": {
                "actionDate": "2001-06-13",
                "actionTime": "11:53:37",
                "text": "On agreeing to the Hooley amendment (A004) Agreed to by voice vote. "
            },
            "type": null,
            "url": "https://api.congress.gov/v3/amendment/107/hamdt/76?format=json"
        },
        {
            "congress": 107,
            "introducedDate": "2002-07-26",
            "latestAction": {
                "actionDate": "2002-07-26",
                "text": "Referred to the House Committee on Ways and Means."
            },
            "number": "5284",
            "policyArea": {
                "name": "Crime and Law Enforcement"
            },
            "title": "Secure Identity Protection Act",
            "type": "HR",
            "url": "https://api.congress.gov/v3/bill/107/hr/5284?format=json"
        },
        {
            "congress": 107,
            "introducedDate": "2002-05-23",
            "latestAction": {
                "actionDate": "2002-07-02",
                "text": "Referred to the Subcommittee on Benefits."
            },
            "number": "4842",
            "policyArea": {
                "name": "Armed Forces and National Security"
            },
            "title": "To amend title 10, United States Code, to terminate the requirement that disability compensation payable to a veteran by the Secretary of Veterans Affairs be reduced by the amount of any payment to that veteran under Department of Defense separation programs.",
            "type": "HR",
            "url": "https://api.congress.gov/v3/bill/107/hr/4842?format=json"
        },
        {
            "congress": 107,
            "introducedDate": "2002-02-05",
            "latestAction": {
                "actionDate": "2002-03-18",
                "text": "Referred to the Subcommittee on Crime."
            },
            "number": "3681",
            "policyArea": {
                "name": "Labor and Employment"
            },
            "title": "Civil  Air Patrol Homeland Security Benefits Act",
            "type": "HR",
            "url": "https://api.congress.gov/v3/bill/107/hr/3681?format=json"
        },
        {
            "congress": 107,
            "introducedDate": "2001-12-13",
            "latestAction": {
                "actionDate": "2001-12-28",
                "text": "Referred to the Subcommittee on Health, for a period to be subsequently determined by the Chairman."
            },
            "number": "3492",
            "policyArea": {
                "name": "Health"
            },
            "title": "Hospice Improvement Program Act of 2001",
            "type": "HR",
            "url": "https://api.congress.gov/v3/bill/107/hr/3492?format=json"
        },
        {
            "congress": 107,
            "introducedDate": "2001-12-06",
            "latestAction": {
                "actionDate": "2002-09-11",
                "text": "Placed on the Union Calendar, Calendar No. 399."
            },
            "number": "3434",
            "policyArea": {
                "name": "Public Lands and Natural Resources"
            },
            "title": "McLoughlin House National Historic Site Act",
            "type": "HR",
            "url": "https://api.congress.gov/v3/bill/107/hr/3434?format=json"
        },
        {
            "congress": 107,
            "introducedDate": "2001-10-05",
            "latestAction": {
                "actionDate": "2001-11-02",
                "text": "Referred to the Subcommittee on Financial Institutions and Consumer Credit."
            },
            "number": "3053",
            "policyArea": {
                "name": "Finance and Financial Sector"
            },
            "title": "Identity Theft Prevention Act of 2001",
            "type": "HR",
            "url": "https://api.congress.gov/v3/bill/107/hr/3053?format=json"
        },
        {
            "congress": 107,
            "introducedDate": "2001-09-25",
            "latestAction": {
                "actionDate": "2001-10-01",
                "text": "Referred to the Subcommittee on the Civil Service and Agency Organization."
            },
            "number": "2959",
            "policyArea": {
                "name": "Government Operations and Politics"
            },
            "title": "To authorize former Federal employees who receive voluntary separation incentive payments under the Department of Agriculture program to accept subsequent employment with the Federal Government, without loss of their payments, when such employment is directly related to fighting forest fires.",
            "type": "HR",
            "url": "https://api.congress.gov/v3/bill/107/hr/2959?format=json"
        },
        {
            "congress": 107,
            "introducedDate": "2001-08-02",
            "latestAction": {
                "actionDate": "2001-08-24",
                "text": "Referred to the Subcommittee on Housing and Community Opportunity, for a period to be subsequently determined by the Chairman."
            },
            "number": "2762",
            "policyArea": {
                "name": "Emergency Management"
            },
            "title": "Earthquake Loss Reduction Act of 2001",
            "type": "HR",
            "url": "https://api.congress.gov/v3/bill/107/hr/2762?format=json"
        },
        {
            "congress": 107,
            "introducedDate": "2001-08-02",
            "latestAction": {
                "actionDate": "2001-08-02",
                "text": "Referred to the House Committee on Ways and Means."
            },
            "number": "2761",
            "policyArea": {
                "name": "Taxation"
            },
            "title": "Small Business Tax Fairness Act of 2001",
            "type": "HR",
            "url": "https://api.congress.gov/v3/bill/107/hr/2761?format=json"
        },
        {
            "congress": 107,
            "introducedDate": "2001-07-20",
            "latestAction": {
                "actionDate": "2001-08-06",
                "text": "Referred to the Subcommittee on Crime."
            },
            "number": "2583",
            "policyArea": {
                "name": "Crime and Law Enforcement"
            },
            "title": "Environmental Terrorism Reduction Act",
            "type": "HR",
            "url": "https://api.congress.gov/v3/bill/107/hr/2583?format=json"
        },
        {
            "congress": 107,
            "introducedDate": "2001-06-13",
            "latestAction": {
                "actionDate": "2001-06-25",
                "text": "Referred to the Subcommittee on Health."
            },
            "number": "2156",
            "policyArea": {
                "name": "Health"
            },
            "title": "Conquering Pain Act of 2001",
            "type": "HR",
            "url": "https://api.congress.gov/v3/bill/107/hr/2156?format=json"
        },
        {
            "congress": 107,
            "introducedDate": "2001-06-06",
            "latestAction": {
                "actionDate": "2001-06-06",
                "text": "Referred to the House Committee on Ways and Means."
            },
            "number": "2077",
            "policyArea": {
                "name": "Taxation"
            },
            "title": "ID Theft Loophole Closure Act",
            "type": "HR",
            "url": "https://api.congress.gov/v3/bill/107/hr/2077?format=json"
        },
        {
            "congress": 107,
            "introducedDate": "2001-03-22",
            "latestAction": {
                "actionDate": "2001-05-30",
                "text": "Referred to the Subcommittee on 21st Century Competitiveness."
            },
            "number": "1180",
            "policyArea": {
                "name": "Native Americans"
            },
            "title": "Tribal College or University Teacher Loan Forgiveness Act",
            "type": "HR",
            "url": "https://api.congress.gov/v3/bill/107/hr/1180?format=json"
        },
        {
            "congress": 107,
            "introducedDate": "2001-02-28",
            "latestAction": {
                "actionDate": "2001-04-20",
                "text": "Referred to the Subcommittee on Education Reform."
            },
            "number": "790",
            "policyArea": {
                "name": "Education"
            },
            "title": "To amend the Safe and Drug-Free Schools and Communities Act of 1994 to prevent the abuse of inhalants through programs under that Act, and for other purposes.",
            "type": "HR",
            "url": "https://api.congress.gov/v3/bill/107/hr/790?format=json"
        },
        {
            "congress": 107,
            "introducedDate": "2001-02-14",
            "latestAction": {
                "actionDate": "2001-02-27",
                "text": "Referred to the Subcommittee on Energy and Mineral Resources."
            },
            "number": "660",
            "policyArea": {
                "name": "Energy"
            },
            "title": "To ensure that exports of Alaskan North Slope crude oil are prohibited.",
            "type": "HR",
            "url": "https://api.congress.gov/v3/bill/107/hr/660?format=json"
        },
        {
            "congress": 107,
            "introducedDate": "2001-02-14",
            "latestAction": {
                "actionDate": "2001-04-05",
                "text": "Referred to the Subcommittee on Education Reform."
            },
            "number": "659",
            "policyArea": {
                "name": "Education"
            },
            "title": "To authorize appropriations for part B of the Individuals with Disabilities Education Act to achieve full funding for part B of that Act by 2006.",
            "type": "HR",
            "url": "https://api.congress.gov/v3/bill/107/hr/659?format=json"
        },
        {
            "congress": 107,
            "introducedDate": "2001-02-06",
            "latestAction": {
                "actionDate": "2001-02-14",
                "text": "Referred to the Subcommittee on Health."
            },
            "number": "453",
            "policyArea": {
                "name": "Health"
            },
            "title": "To amend title XIX of the Social Security Act to require criminal background checks on drivers providing Medicaid medical assistance transportation services.",
            "type": "HR",
            "url": "https://api.congress.gov/v3/bill/107/hr/453?format=json"
        },
        {
            "congress": 106,
            "introducedDate": "2000-07-13",
            "latestAction": {
                "actionDate": "2000-08-03",
                "text": "Referred to the Subcommittee on Immigration and Claims."
            },
            "number": "4863",
            "policyArea": {
                "name": "Private Legislation"
            },
            "title": "For the relief of Julian Mart, Paul Mart, Vernoica Mart, and Adelina Mart.",
            "type": "HR",
            "url": "https://api.congress.gov/v3/bill/106/hr/4863?format=json"
        },
        {
            "congress": 106,
            "introducedDate": "2000-05-25",
            "latestAction": {
                "actionDate": "2000-05-25",
                "text": "Referred to the House Committee on Education and the Workforce."
            },
            "number": "4565",
            "policyArea": {
                "name": "Health"
            },
            "title": "To amend the Safe and Drug-Free Schools and Communities Act of 1994 to prevent the abuse of inhalants through programs under that Act, and for other purposes.",
            "type": "HR",
            "url": "https://api.congress.gov/v3/bill/106/hr/4565?format=json"
        },
        {
            "congress": 106,
            "introducedDate": "2000-04-13",
            "latestAction": {
                "actionDate": "2000-04-13",
                "text": "Referred to the House Committee on Banking and Financial Services."
            },
            "number": "4311",
            "policyArea": {
                "name": "Finance and Financial Sector"
            },
            "title": "Identity Theft Prevention Act of 2000",
            "type": "HR",
            "url": "https://api.congress.gov/v3/bill/106/hr/4311?format=json"
        },
        {
            "congress": 106,
            "introducedDate": "1999-11-18",
            "latestAction": {
                "actionDate": "1999-12-02",
                "text": "Referred to the Subcommittee on Financial Institutions and Consumer Credit."
            },
            "number": "3477",
            "policyArea": {
                "name": "Finance and Financial Sector"
            },
            "title": "Credit Card Customer Protection Act of 1999",
            "type": "HR",
            "url": "https://api.congress.gov/v3/bill/106/hr/3477?format=json"
        },
        {
            "congress": 106,
            "introducedDate": "1999-10-14",
            "latestAction": {
                "actionDate": "1999-12-30",
                "text": "Referred to the Subcommittee on Health."
            },
            "number": "3079",
            "policyArea": {
                "name": "Armed Forces and National Security"
            },
            "title": "To direct the Secretary of Veterans Affairs to establish an outpatient clinic in Salem, Oregon.",
            "type": "HR",
            "url": "https://api.congress.gov/v3/bill/106/hr/3079?format=json"
        },
        {
            "congress": 106,
            "introducedDate": "1999-09-29",
            "latestAction": {
                "actionDate": "1999-09-29",
                "text": "Referred to the Committee on Education and the Workforce, and in addition to the Committee on Ways and Means, for a period to be subsequently determined by the Speaker, in each case for consideration of such provisions as fall within the jurisdiction of the committee concerned."
            },
            "number": "2975",
            "policyArea": {
                "name": "Families"
            },
            "title": "Youth Education Development Act of 1999",
            "type": "HR",
            "url": "https://api.congress.gov/v3/bill/106/hr/2975?format=json"
        },
        {
            "congress": 106,
            "introducedDate": "1999-09-22",
            "latestAction": {
                "actionDate": "1999-10-25",
                "text": "Referred to the Subcommittee on Early Childhood, Youth and Families."
            },
            "number": "2913",
            "policyArea": {
                "name": "Crime and Law Enforcement"
            },
            "title": "Juvenile Accountability and Diversion Act of 1999",
            "type": "HR",
            "url": "https://api.congress.gov/v3/bill/106/hr/2913?format=json"
        },
        {
            "congress": 106,
            "introducedDate": "1999-09-09",
            "latestAction": {
                "actionDate": "1999-10-06",
                "text": "Referred to the Subcommittee on Health and Environment."
            },
            "number": "2828",
            "policyArea": {
                "name": "Health"
            },
            "title": "To amend title XIX of the Social Security Act to require criminal background checks on drivers providing Medicaid medical assistance transportation services.",
            "type": "HR",
            "url": "https://api.congress.gov/v3/bill/106/hr/2828?format=json"
        },
        {
            "congress": 106,
            "introducedDate": "1999-06-14",
            "latestAction": {
                "actionDate": "1999-08-03",
                "text": "Referred to the Subcommittee on Health and Environment."
            },
            "number": "2188",
            "policyArea": {
                "name": "Health"
            },
            "title": "Conquering Pain Act of 1999",
            "type": "HR",
            "url": "https://api.congress.gov/v3/bill/106/hr/2188?format=json"
        },
        {
            "congress": 106,
            "introducedDate": "1999-06-09",
            "latestAction": {
                "actionDate": "1999-07-14",
                "text": "Sponsor introductory remarks on measure. (CR H5464-5465)"
            },
            "number": "2085",
            "policyArea": {
                "name": "Taxation"
            },
            "title": "Family Tax Reduction Act of 1999",
            "type": "HR",
            "url": "https://api.congress.gov/v3/bill/106/hr/2085?format=json"
        },
        {
            "congress": 106,
            "introducedDate": "1999-03-25",
            "latestAction": {
                "actionDate": "1999-12-06",
                "text": "Became Public Law No: 106-125."
            },
            "number": "1327",
            "policyArea": {
                "name": "Commemorations"
            },
            "title": "To designate the United States Postal Service building located at 34480 Highway 101 South in Cloverdale, Oregon, as the \"Maurine B. Neuberger United States Post Office\".",
            "type": "HR",
            "url": "https://api.congress.gov/v3/bill/106/hr/1327?format=json"
        },
        {
            "congress": 106,
            "introducedDate": "1999-02-11",
            "latestAction": {
                "actionDate": "1999-05-11",
                "text": "Sponsor introductory remarks on measure. (CR H2970-2971)"
            },
            "number": "709",
            "policyArea": {
                "name": "Labor and Employment"
            },
            "title": "Technology Education Capital Investment Act of 1999",
            "type": "HR",
            "url": "https://api.congress.gov/v3/bill/106/hr/709?format=json"
        },
        {
            "congress": 106,
            "introducedDate": "1999-11-10",
            "latestAction": {
                "actionDate": "1999-12-30",
                "text": "Referred to the Subcommittee on Health."
            },
            "number": "225",
            "policyArea": {
                "name": "Armed Forces and National Security"
            },
            "title": "Expressing the sense of the Congress that the United States has an obligation to serve its veterans' health needs, that future congressional budget resolutions should reflect the ongoing need of the Nation's veterans, and that the Committees on Appropriations should provide the financial resources needed by the Veterans Health Administration to meet future demands.",
            "type": "HCONRES",
            "url": "https://api.congress.gov/v3/bill/106/hconres/225?format=json"
        },
        {
            "congress": 105,
            "introducedDate": "1998-05-22",
            "latestAction": {
                "actionDate": "1998-06-01",
                "text": "Executive Comment Requested from Interior."
            },
            "number": "3964",
            "policyArea": {
                "name": "Water Resources Development"
            },
            "title": "To authorize the Secretary of the Interior to participate in the design, planning, and construction of the Willow Lake Natural Treatment System Project for the reclamation and reuse of water, and for other purposes.",
            "type": "HR",
            "url": "https://api.congress.gov/v3/bill/105/hr/3964?format=json"
        },
        {
            "congress": 105,
            "introducedDate": "1998-02-12",
            "latestAction": {
                "actionDate": "1998-02-12",
                "text": "Referred to the House Committee on Ways and Means."
            },
            "number": "3227",
            "policyArea": {
                "name": "Taxation"
            },
            "title": "To amend the Internal Revenue Code of 1986 to adjust for inflation the amount of family-owned businesses excluded from the gross estate of a decedent.",
            "type": "HR",
            "url": "https://api.congress.gov/v3/bill/105/hr/3227?format=json"
        },
        {
            "congress": 105,
            "introducedDate": "1997-11-09",
            "latestAction": {
                "actionDate": "1997-12-10",
                "text": "Referred to the Subcommittee on Early Childhood, Youth and Families."
            },
            "number": "2994",
            "policyArea": {
                "name": "Labor and Employment"
            },
            "title": "Technology Education Capital Investment Act of 1997",
            "type": "HR",
            "url": "https://api.congress.gov/v3/bill/105/hr/2994?format=json"
        },
        {
            "congress": 105,
            "introducedDate": "1997-05-13",
            "latestAction": {
                "actionDate": "1997-05-14",
                "text": "Sponsor introductory remarks on measure. (CR E913-914)"
            },
            "number": "1583",
            "policyArea": {
                "name": "Taxation"
            },
            "title": "Family Business Preservation Act",
            "type": "HR",
            "url": "https://api.congress.gov/v3/bill/105/hr/1583?format=json"
        },
        {
            "congress": 105,
            "introducedDate": "1997-10-30",
            "latestAction": {
                "actionDate": "1997-10-30",
                "actionTime": "19:25:37",
                "text": "On motion to table the measure Agreed to by recorded vote: 212 - 197, 5 Present (Roll no. 563). (consideration: CR  H9777-9778)"
            },
            "number": "295",
            "policyArea": {
                "name": "Government Operations and Politics"
            },
            "title": "Relating to a question of the privileges of the House.",
            "type": "HRES",
            "url": "https://api.congress.gov/v3/bill/105/hres/295?format=json"
        }
    ]
}