{
    "pagination": {
        "count": 19
    },
    "request": {
        "bioguideId": "f000110",
        "contentType": "application/json",
        "format": "json"
    },
    "sponsoredLegislation": [
        {
            "amendmentNumber": "770",
            "congress": 103,
            "introducedDate": "1994-07-20",
            "latestAction": {
                "actionDate": "1994-07-20",
                "actionTime": "17:58:41",
                "text": "On agreeing to the Fields (LA) amendment (A003) Failed by recorded vote: 123 - 305 (Roll no. 339). "
            },
            "type": null,
            "url": "https://api.congress.gov/v3/amendment/103/hamdt/770?format=json"
        },
        {
            "congress": 103,
            "introducedDate": "1994-03-16",
            "latestAction": {
                "actionDate": "1994-07-27",
                "text": "See S.21."
            },
            "number": "4043",
            "policyArea": {
                "name": "Economics and Public Finance"
            },
            "title": "Lower Mississippi Delta Initiatives Act of 1994",
            "type": "HR",
            "url": "https://api.congress.gov/v3/bill/103/hr/4043?format=json"
        },
        {
            "congress": 103,
            "introducedDate": "1993-11-22",
            "latestAction": {
                "actionDate": "1993-11-30",
                "text": "Referred to the Subcommittee on Crime and Criminal Justice."
            },
            "number": "3639",
            "policyArea": {
                "name": "Crime and Law Enforcement"
            },
            "title": "Stolen Guns Act of 1994",
            "type": "HR",
            "url": "https://api.congress.gov/v3/bill/103/hr/3639?format=json"
        },
        {
            "congress": 103,
            "introducedDate": "1993-03-24",
            "latestAction": {
                "actionDate": "1993-06-29",
                "text": "Subcommittee Hearings Held."
            },
            "number": "1448",
            "policyArea": {
                "name": "Finance and Financial Sector"
            },
            "title": "Check Cashing Act of 1993",
            "type": "HR",
            "url": "https://api.congress.gov/v3/bill/103/hr/1448?format=json"
        },
        {
            "amendmentNumber": "1215",
            "congress": 104,
            "introducedDate": "1996-06-26",
            "latestAction": {
                "actionDate": "1996-06-26",
                "actionTime": "15:37:43",
                "text": "By unanimous consent, the Fields (LA) amendment was withdrawn. "
            },
            "type": null,
            "url": "https://api.congress.gov/v3/amendment/104/hamdt/1215?format=json"
        },
        {
            "amendmentNumber": "1021",
            "congress": 104,
            "introducedDate": "1996-05-08",
            "latestAction": {
                "actionDate": "1996-05-08",
                "actionTime": "19:38:45",
                "text": "By unanimous consent, the Fields (LA) amendment was withdrawn. "
            },
            "type": null,
            "url": "https://api.congress.gov/v3/amendment/104/hamdt/1021?format=json"
        },
        {
            "amendmentNumber": "1022",
            "congress": 104,
            "introducedDate": "1996-05-08",
            "latestAction": {
                "actionDate": "1996-05-08",
                "actionTime": "21:59:40",
                "text": "On agreeing to the Fields (LA) amendment (A006) Failed by recorded vote: 158 - 254 (Roll no. 154). "
            },
            "type": null,
            "url": "https://api.congress.gov/v3/amendment/104/hamdt/1022?format=json"
        },
        {
            "amendmentNumber": "1028",
            "congress": 104,
            "introducedDate": "1996-05-08",
            "latestAction": {
                "actionDate": "1996-05-08",
                "actionTime": "22:24:19",
                "text": "On agreeing to the Fields (LA) amendment (A012) Failed by voice vote. "
            },
            "type": null,
            "url": "https://api.congress.gov/v3/amendment/104/hamdt/1028?format=json"
        },
        {
            "amendmentNumber": "1027",
            "congress": 104,
            "introducedDate": "1996-05-08",
            "latestAction": {
                "actionDate": "1996-05-08",
                "actionTime": "22:10:17",
                "text": "On agreeing to the Fields (LA) amendment (A011) Agreed to by voice vote. "
            },
            "type": null,
            "url": "https://api.congress.gov/v3/amendment/104/hamdt/1027?format=json"
        },
        {
            "amendmentNumber": "694",
            "congress": 104,
            "introducedDate": "1995-07-28",
            "latestAction": {
                "actionDate": "1995-07-28",
                "actionTime": "13:51:53",
                "text": "On agreeing to the Fields (LA) amendment (A020) Failed by voice vote. "
            },
            "type": null,
            "url": "https://api.congress.gov/v3/amendment/104/hamdt/694?format=json"
        },
        {
            "amendmentNumber": "652",
            "congress": 104,
            "introducedDate": "1995-07-26",
            "latestAction": {
                "actionDate": "1995-07-26",
                "actionTime": "15:17:07",
                "text": "On agreeing to the Fields (LA) amendment (A010) Failed by recorded vote: 128 - 296 (Roll no. 575). "
            },
            "type": null,
            "url": "https://api.congress.gov/v3/amendment/104/hamdt/652?format=json"
        },
        {
            "amendmentNumber": "38",
            "congress": 104,
            "introducedDate": "1995-01-30",
            "latestAction": {
                "actionDate": "1995-01-31",
                "actionTime": "00:07:25",
                "text": "On agreeing to the Fields (LA) amendments (A029) Failed by recorded vote: 135 - 282 (Roll no. 72). "
            },
            "type": null,
            "url": "https://api.congress.gov/v3/amendment/104/hamdt/38?format=json"
        },
        {
            "amendmentNumber": "104",
            "congress": 104,
            "introducedDate": "1995-02-08",
            "latestAction": {
                "actionDate": "1995-02-08",
                "actionTime": "14:46:34",
                "text": "On agreeing to the Fields (LA) amendment (A006) as amended Agreed to by voice vote. "
            },
            "type": null,
            "url": "https://api.congress.gov/v3/amendment/104/hamdt/104?format=json"
        },
        {
            "amendmentNumber": "111",
            "congress": 104,
            "introducedDate": "1995-02-08",
            "latestAction": {
                "actionDate": "1995-02-08",
                "actionTime": "19:53:10",
                "text": "On agreeing to the Fields (LA) amendment (A005) Failed by recorded vote: 139 - 291 (Roll no. 107). "
            },
            "type": null,
            "url": "https://api.congress.gov/v3/amendment/104/hamdt/111?format=json"
        },
        {
            "congress": 104,
            "introducedDate": "1996-03-07",
            "latestAction": {
                "actionDate": "1996-03-07",
                "text": "Referred to the House Committee on Ways and Means."
            },
            "number": "3042",
            "policyArea": {
                "name": "Taxation"
            },
            "title": "Tax-Free Savings and Investment Income Act",
            "type": "HR",
            "url": "https://api.congress.gov/v3/bill/104/hr/3042?format=json"
        },
        {
            "congress": 104,
            "introducedDate": "1995-12-18",
            "latestAction": {
                "actionDate": "1996-01-19",
                "text": "Referred to the Subcommittee on Early Childhood, Youth and Families."
            },
            "number": "2800",
            "policyArea": {
                "name": "Taxation"
            },
            "title": "Education Trust Fund Act",
            "type": "HR",
            "url": "https://api.congress.gov/v3/bill/104/hr/2800?format=json"
        },
        {
            "congress": 104,
            "introducedDate": "1995-03-15",
            "latestAction": {
                "actionDate": "1995-03-24",
                "text": "Referred to the Subcommittee on Financial Institutions and Consumer Credit."
            },
            "number": "1246",
            "policyArea": {
                "name": "Finance and Financial Sector"
            },
            "title": "Electronic Terminal Disclosure Act of 1995",
            "type": "HR",
            "url": "https://api.congress.gov/v3/bill/104/hr/1246?format=json"
        },
        {
            "congress": 104,
            "introducedDate": "1995-03-15",
            "latestAction": {
                "actionDate": "1995-04-10",
                "text": "Referred to the Subcommittee on Commerce, Trade, and Hazardous Materials."
            },
            "number": "1247",
            "policyArea": {
                "name": "Commerce"
            },
            "title": "Insurance Disclosure Act of 1995",
            "type": "HR",
            "url": "https://api.congress.gov/v3/bill/104/hr/1247?format=json"
        },
        {
            "congress": 104,
            "introducedDate": "1995-03-01",
            "latestAction": {
                "actionDate": "1995-03-10",
                "text": "Referred to the Subcommittee on Financial Institutions and Consumer Credit."
            },
            "number": "1095",
            "policyArea": {
                "name": "Finance and Financial Sector"
            },
            "title": "Check Cashing Act of 1995",
            "type": "HR",
            "url": "https://api.congress.gov/v3/bill/104/hr/1095?format=json"
        }
    ]
}