{
    "pagination": {
        "count": 62
    },
    "request": {
        "bioguideId": "p000326",
        "contentType": "application/json",
        "format": "json"
    },
    "sponsoredLegislation": [
        {
            "amendmentNumber": "29",
            "congress": 106,
            "introducedDate": "1999-03-17",
            "latestAction": {
                "actionDate": "1999-03-17",
                "actionTime": "14:22:33",
                "text": "On agreeing to the Pickett amendment (A002) Agreed to by voice vote. "
            },
            "type": null,
            "url": "https://api.congress.gov/v3/amendment/106/hamdt/29?format=json"
        },
        {
            "congress": 106,
            "introducedDate": "1999-03-09",
            "latestAction": {
                "actionDate": "1999-03-10",
                "text": "See H.R.820."
            },
            "number": "1047",
            "policyArea": {
                "name": "Private Legislation"
            },
            "title": "To authorize the Secretary of Transportation to issue a certificate of documentation with appropriate endorsement for employment in the coastwise trade for the vessel NORFOLK.",
            "type": "HR",
            "url": "https://api.congress.gov/v3/bill/106/hr/1047?format=json"
        },
        {
            "congress": 106,
            "introducedDate": "1999-03-04",
            "latestAction": {
                "actionDate": "1999-03-04",
                "text": "Referred to the House Committee on Ways and Means."
            },
            "number": "1014",
            "policyArea": {
                "name": "Taxation"
            },
            "title": "Employee Educational Assistance Act of 1999",
            "type": "HR",
            "url": "https://api.congress.gov/v3/bill/106/hr/1014?format=json"
        },
        {
            "congress": 106,
            "introducedDate": "1999-02-09",
            "latestAction": {
                "actionDate": "1999-02-23",
                "text": "Executive Comment Requested from DOD."
            },
            "number": "648",
            "policyArea": {
                "name": "Armed Forces and National Security"
            },
            "title": "Military Retired Pay Restoration Act of 1999",
            "type": "HR",
            "url": "https://api.congress.gov/v3/bill/106/hr/648?format=json"
        },
        {
            "congress": 106,
            "introducedDate": "1999-03-04",
            "latestAction": {
                "actionDate": "1999-03-10",
                "text": "Referred to the Subcommittee on the Constitution."
            },
            "number": "36",
            "policyArea": {
                "name": "Economics and Public Finance"
            },
            "title": "Proposing an amendment to the Constitution of the United States to restrict annual deficits by limiting the public debt of the United States and requiring a favorable vote of the people on any law to exceed such limits.",
            "type": "HJRES",
            "url": "https://api.congress.gov/v3/bill/106/hjres/36?format=json"
        },
        {
            "congress": 106,
            "introducedDate": "1999-03-04",
            "latestAction": {
                "actionDate": "1999-03-19",
                "text": "Referred to the Subcommittee on Employer-Employee Relations."
            },
            "number": "41",
            "policyArea": {
                "name": "Economics and Public Finance"
            },
            "title": "To express the sense of the Congress that the Bureau of Labor Statistics should develop and publish monthly a cost of living index.",
            "type": "HCONRES",
            "url": "https://api.congress.gov/v3/bill/106/hconres/41?format=json"
        },
        {
            "congress": 100,
            "introducedDate": "1988-05-10",
            "latestAction": {
                "actionDate": "1988-09-23",
                "text": "Received in the Senate and read twice and referred to the Committee on Armed Services."
            },
            "number": "4566",
            "policyArea": {
                "name": "Private Legislation"
            },
            "title": "A bill for the relief of Charlotte S. Neal.",
            "type": "HR",
            "url": "https://api.congress.gov/v3/bill/100/hr/4566?format=json"
        },
        {
            "congress": 100,
            "introducedDate": "1987-11-09",
            "latestAction": {
                "actionDate": "1987-11-16",
                "text": "Referred to Subcommittee on Readiness."
            },
            "number": "3622",
            "policyArea": {
                "name": "Armed Forces and National Security"
            },
            "title": "A bill to direct the Secretary of Defense to provide commissary and exchange benefits to certain former spouses of members of the uniformed services.",
            "type": "HR",
            "url": "https://api.congress.gov/v3/bill/100/hr/3622?format=json"
        },
        {
            "amendmentNumber": "777",
            "congress": 101,
            "introducedDate": "1990-09-26",
            "latestAction": {
                "actionDate": "1990-09-26",
                "actionTime": "18:54:26",
                "text": "On agreeing to the Pickett amendment (A022) Failed by voice vote. "
            },
            "type": null,
            "url": "https://api.congress.gov/v3/amendment/101/hamdt/777?format=json"
        },
        {
            "congress": 101,
            "introducedDate": "1990-10-02",
            "latestAction": {
                "actionDate": "1990-10-30",
                "text": "Referred to the Subcommittee on Energy and Power."
            },
            "number": "5773",
            "policyArea": {
                "name": "Energy"
            },
            "title": "To require the President to submit a National Energy Policy Plan, together with implementing legislation, to the Congress by March 31, 1991, and biennially thereafter through 1999, that will provide for energy self-sufficiency for the United States by the year 2000.",
            "type": "HR",
            "url": "https://api.congress.gov/v3/bill/101/hr/5773?format=json"
        },
        {
            "congress": 101,
            "introducedDate": "1990-10-02",
            "latestAction": {
                "actionDate": "1990-10-02",
                "text": "Referred to the House Committee on Ways and Means."
            },
            "number": "5774",
            "policyArea": {
                "name": "Taxation"
            },
            "title": "To amend the Internal Revenue Code of 1986 to allow the 1-time exclusion on gain from the sale of a principal residence to be taken before age 55 if the taxpayer is permanently and totally disabled.",
            "type": "HR",
            "url": "https://api.congress.gov/v3/bill/101/hr/5774?format=json"
        },
        {
            "congress": 101,
            "introducedDate": "1989-03-07",
            "latestAction": {
                "actionDate": "1989-09-21",
                "text": "Subcommittee Hearings Held."
            },
            "number": "1286",
            "policyArea": {
                "name": "Immigration"
            },
            "title": "To amend the Immigration and Nationality Act to provide for special immigrant status for certain aliens who have served honorably (or are enlisted to serve) in the Armed Forces of the United States for at least 12 years.",
            "type": "HR",
            "url": "https://api.congress.gov/v3/bill/101/hr/1286?format=json"
        },
        {
            "congress": 101,
            "introducedDate": "1989-02-28",
            "latestAction": {
                "actionDate": "1989-02-28",
                "text": "Referred to the House Committee on Ways and Means."
            },
            "number": "1165",
            "policyArea": {
                "name": "Taxation"
            },
            "title": "To amend the Internal Revenue Code of 1986 to repeal the provision terminating the exclusion for benefits under educational assistance programs and to repeal the provision limiting such exclusion to benefits for undergraduate education.",
            "type": "HR",
            "url": "https://api.congress.gov/v3/bill/101/hr/1165?format=json"
        },
        {
            "congress": 101,
            "introducedDate": "1989-02-28",
            "latestAction": {
                "actionDate": "1989-03-09",
                "text": "Referred to the Subcommittee on Administrative Law and Governmental Relations."
            },
            "number": "1178",
            "policyArea": {
                "name": "Private Legislation"
            },
            "title": "For the relief of Earl B. Chappell, Jr.",
            "type": "HR",
            "url": "https://api.congress.gov/v3/bill/101/hr/1178?format=json"
        },
        {
            "congress": 101,
            "introducedDate": "1989-02-09",
            "latestAction": {
                "actionDate": "1989-11-13",
                "text": "Received in the Senate and read twice and referred to the Committee on Armed Services."
            },
            "number": "1021",
            "policyArea": {
                "name": "Private Legislation"
            },
            "title": "For the relief of Charlotte S. Neal.",
            "type": "HR",
            "url": "https://api.congress.gov/v3/bill/101/hr/1021?format=json"
        },
        {
            "congress": 101,
            "introducedDate": "1989-06-22",
            "latestAction": {
                "actionDate": "1990-06-13",
                "text": "See H.J.Res.350."
            },
            "number": "317",
            "policyArea": {
                "name": "Government Operations and Politics"
            },
            "title": "Proposing an amendment to the Constitution of the United States relative to the desecration of the American Flag.",
            "type": "HJRES",
            "url": "https://api.congress.gov/v3/bill/101/hjres/317?format=json"
        },
        {
            "congress": 101,
            "introducedDate": "1989-07-20",
            "latestAction": {
                "actionDate": "1989-07-27",
                "text": "Referred to the Subcommittee on Fisheries and Wildlife Conservation and the Environment."
            },
            "number": "210",
            "policyArea": {
                "name": "Public Lands and Natural Resources"
            },
            "title": "Expressing the sense of the House of Representatives that the Secretaryof the Interior conduct a study to determine whether or not there should be an administrative appeal process to review decisions regarding the denying or revoking of access permits to units of the National Wildlife Refuge System.",
            "type": "HRES",
            "url": "https://api.congress.gov/v3/bill/101/hres/210?format=json"
        },
        {
            "congress": 102,
            "introducedDate": "1992-05-07",
            "latestAction": {
                "actionDate": "1992-10-04",
                "actionTime": "19:53:10",
                "text": "By request of Mr. Boucher the House passed over the measure without prejudice."
            },
            "number": "5128",
            "policyArea": {
                "name": "Private Legislation"
            },
            "title": "To authorize a certificate of documentation for the vessel REDDY JANE.",
            "type": "HR",
            "url": "https://api.congress.gov/v3/bill/102/hr/5128?format=json"
        },
        {
            "congress": 102,
            "introducedDate": "1991-03-21",
            "latestAction": {
                "actionDate": "1991-03-26",
                "text": "Referred to the Subcommittee On Merchant Marine."
            },
            "number": "1579",
            "policyArea": {
                "name": "Transportation and Public Works"
            },
            "title": "Vessel Modification Act of 1991",
            "type": "HR",
            "url": "https://api.congress.gov/v3/bill/102/hr/1579?format=json"
        },
        {
            "congress": 102,
            "introducedDate": "1991-03-12",
            "latestAction": {
                "actionDate": "1991-03-25",
                "text": "Referred to the Subcommittee on Transportation and Hazardous Materials."
            },
            "number": "1405",
            "policyArea": {
                "name": "Environmental Protection"
            },
            "title": "To amend the Solid Waste Disposal Act to provide financial and technical assistance to State, regional, and local agencies for the development of markets for recovered resources.",
            "type": "HR",
            "url": "https://api.congress.gov/v3/bill/102/hr/1405?format=json"
        },
        {
            "congress": 102,
            "introducedDate": "1991-03-05",
            "latestAction": {
                "actionDate": "1992-10-04",
                "actionTime": "19:54:11",
                "text": "Having been called up and objected to, the measure was stricken from the Private Calendar and recommitted."
            },
            "number": "1280",
            "policyArea": {
                "name": "Private Legislation"
            },
            "title": "For the relief of Earl B. Chappell, Jr.",
            "type": "HR",
            "url": "https://api.congress.gov/v3/bill/102/hr/1280?format=json"
        },
        {
            "congress": 102,
            "introducedDate": "1991-03-05",
            "latestAction": {
                "actionDate": "1991-10-02",
                "text": "Received in the Senate and read twice and referred to the Committee on Armed Services."
            },
            "number": "1279",
            "policyArea": {
                "name": "Private Legislation"
            },
            "title": "For the relief of Charlotte S. Neal.",
            "type": "HR",
            "url": "https://api.congress.gov/v3/bill/102/hr/1279?format=json"
        },
        {
            "congress": 102,
            "introducedDate": "1991-03-05",
            "latestAction": {
                "actionDate": "1991-03-05",
                "text": "Referred to the House Committee on Ways and Means."
            },
            "number": "1257",
            "policyArea": {
                "name": "Taxation"
            },
            "title": "To amend the Internal Revenue Code of 1986 to repeal the provision terminating the exclusion for benefits under educational assistance programs and to repeal the provision limiting such exclusion to benefits for undergraduate education.",
            "type": "HR",
            "url": "https://api.congress.gov/v3/bill/102/hr/1257?format=json"
        },
        {
            "congress": 102,
            "introducedDate": "1991-02-21",
            "latestAction": {
                "actionDate": "1991-02-21",
                "text": "Referred to the House Committee on Ways and Means."
            },
            "number": "1076",
            "policyArea": {
                "name": "Taxation"
            },
            "title": "To amend the Internal Revenue Code of 1986 to allow the one-time exclusion on gain from the sale of a principal residence to be taken before age 55 if the taxpayer is permanently and totally disabled.",
            "type": "HR",
            "url": "https://api.congress.gov/v3/bill/102/hr/1076?format=json"
        },
        {
            "congress": 102,
            "introducedDate": "1991-01-24",
            "latestAction": {
                "actionDate": "1991-02-11",
                "text": "Referred to the Subcommittee on Energy and Power."
            },
            "number": "647",
            "policyArea": {
                "name": "Energy"
            },
            "title": "To require the President to submit a National Energy Policy Plan, together with implementing legislation, to the Congress by March 31, 1991, and biennially thereafter through 1999, that will provide for energy self-sufficiency for the United States by the year 2000.",
            "type": "HR",
            "url": "https://api.congress.gov/v3/bill/102/hr/647?format=json"
        },
        {
            "congress": 102,
            "introducedDate": "1991-01-18",
            "latestAction": {
                "actionDate": "1991-05-03",
                "text": "Executive Comment Requested from DOD, Justice."
            },
            "number": "582",
            "policyArea": {
                "name": "Immigration"
            },
            "title": "Armed Forces Immigration Adjustment Act of 1989",
            "type": "HR",
            "url": "https://api.congress.gov/v3/bill/102/hr/582?format=json"
        },
        {
            "congress": 102,
            "introducedDate": "1991-01-11",
            "latestAction": {
                "actionDate": "1991-05-22",
                "text": "See H.R.2324."
            },
            "number": "504",
            "policyArea": {
                "name": "Crime and Law Enforcement"
            },
            "title": "To amend title 28, United States Code, to prohibit the paying of witness fees to persons convicted of crime and serving a prison sentence pursuant to that conviction.",
            "type": "HR",
            "url": "https://api.congress.gov/v3/bill/102/hr/504?format=json"
        },
        {
            "congress": 102,
            "introducedDate": "1992-05-21",
            "latestAction": {
                "actionDate": "1992-05-21",
                "text": "Referred to the House Committee on Judiciary."
            },
            "number": "491",
            "policyArea": {
                "name": "Economics and Public Finance"
            },
            "title": "Proposing an amendment to the Constitution of the United States to restrict annual deficits by limiting the public debt of the United States and requiring a favorable vote of the people on any law to exceed such limit.",
            "type": "HJRES",
            "url": "https://api.congress.gov/v3/bill/102/hjres/491?format=json"
        },
        {
            "congress": 102,
            "introducedDate": "1991-01-29",
            "latestAction": {
                "actionDate": "1991-02-08",
                "text": "Referred to the Subcommittee on Europe and the Middle East."
            },
            "number": "48",
            "policyArea": {
                "name": "International Affairs"
            },
            "title": "Condemning Iraq for violations of internationally-recognized human rights and the law of nations.",
            "type": "HRES",
            "url": "https://api.congress.gov/v3/bill/102/hres/48?format=json"
        },
        {
            "congress": 103,
            "introducedDate": "1993-10-19",
            "latestAction": {
                "actionDate": "1993-10-25",
                "text": "Executive Comment Requested from Interior."
            },
            "number": "3312",
            "policyArea": {
                "name": "Environmental Protection"
            },
            "title": "To direct the Secretary of the Interior to revise a map relating to the Coastal Barrier Resources System.",
            "type": "HR",
            "url": "https://api.congress.gov/v3/bill/103/hr/3312?format=json"
        },
        {
            "congress": 103,
            "introducedDate": "1993-03-29",
            "latestAction": {
                "actionDate": "1993-04-01",
                "text": "Referred to the Subcommittee on Administrative Law and Governmental Relations."
            },
            "number": "1516",
            "policyArea": {
                "name": "Private Legislation"
            },
            "title": "For the relief of Earl B. Chappell, Jr.",
            "type": "HR",
            "url": "https://api.congress.gov/v3/bill/103/hr/1516?format=json"
        },
        {
            "congress": 103,
            "introducedDate": "1993-03-23",
            "latestAction": {
                "actionDate": "1993-05-19",
                "text": "Sponsor introductory remarks on measure. (CR H2567-2568)"
            },
            "number": "1436",
            "policyArea": {
                "name": "Transportation and Public Works"
            },
            "title": "To direct the Secretary of Transportation to transmit to the Congress a report on maritime policies of the Department of Transportation.",
            "type": "HR",
            "url": "https://api.congress.gov/v3/bill/103/hr/1436?format=json"
        },
        {
            "congress": 103,
            "introducedDate": "1994-10-07",
            "latestAction": {
                "actionDate": "1994-10-31",
                "text": "Referred to the Subcommittee on Civil and Constitutional Rights."
            },
            "number": "428",
            "policyArea": {
                "name": "Government Operations and Politics"
            },
            "title": "Proposing an amendment to the Constitution of the United States relative to the desecration of the American Flag.",
            "type": "HJRES",
            "url": "https://api.congress.gov/v3/bill/103/hjres/428?format=json"
        },
        {
            "congress": 103,
            "introducedDate": "1993-03-23",
            "latestAction": {
                "actionDate": "1994-03-17",
                "text": "See H.J.Res.103."
            },
            "number": "161",
            "policyArea": {
                "name": "Economics and Public Finance"
            },
            "title": "Proposing an amendment to the Constitution of the United States to restrict annual deficits by limiting the public debt of the United States and requiring a favorable vote of the people on any law to exceed such limit.",
            "type": "HJRES",
            "url": "https://api.congress.gov/v3/bill/103/hjres/161?format=json"
        },
        {
            "amendmentNumber": "1355",
            "congress": 104,
            "introducedDate": "1996-07-24",
            "latestAction": {
                "actionDate": "1996-07-24",
                "actionTime": "20:21:41",
                "text": "By unanimous consent, the Pickett amendment was withdrawn. "
            },
            "type": null,
            "url": "https://api.congress.gov/v3/amendment/104/hamdt/1355?format=json"
        },
        {
            "congress": 104,
            "introducedDate": "1996-03-28",
            "latestAction": {
                "actionDate": "1996-03-28",
                "text": "Referred to the House Committee on the Judiciary."
            },
            "number": "3197",
            "policyArea": {
                "name": "Private Legislation"
            },
            "title": "For the relief of Emma W. Todd.",
            "type": "HR",
            "url": "https://api.congress.gov/v3/bill/104/hr/3197?format=json"
        },
        {
            "congress": 104,
            "introducedDate": "1996-03-28",
            "latestAction": {
                "actionDate": "1996-04-18",
                "text": "Referred to the Subcommittee on Crime."
            },
            "number": "3194",
            "policyArea": {
                "name": "Crime and Law Enforcement"
            },
            "title": "Innocent Owners' Forfeiture Protection Act of 1996",
            "type": "HR",
            "url": "https://api.congress.gov/v3/bill/104/hr/3194?format=json"
        },
        {
            "congress": 104,
            "introducedDate": "1996-01-30",
            "latestAction": {
                "actionDate": "1996-02-12",
                "text": "Referred to the Subcommittee on Coast Guard and Maritime Transportation."
            },
            "number": "2907",
            "policyArea": {
                "name": "Private Legislation"
            },
            "title": "To authorize the Secretary of Transportation to issue a certificate of documentation with appropriate endorsement for employment in the coastwise trade for the vessel BAREFOOT'N.",
            "type": "HR",
            "url": "https://api.congress.gov/v3/bill/104/hr/2907?format=json"
        },
        {
            "congress": 104,
            "introducedDate": "1995-01-30",
            "latestAction": {
                "actionDate": "1995-03-15",
                "text": "Referred to the Subcommittee on Immigration and Claims."
            },
            "number": "745",
            "policyArea": {
                "name": "Immigration"
            },
            "title": "NATO Special Immigrant Amendments of 1995",
            "type": "HR",
            "url": "https://api.congress.gov/v3/bill/104/hr/745?format=json"
        },
        {
            "congress": 104,
            "introducedDate": "1995-01-30",
            "latestAction": {
                "actionDate": "1995-01-30",
                "text": "Referred to the House Committee on Ways and Means."
            },
            "number": "746",
            "policyArea": {
                "name": "Taxation"
            },
            "title": "Employee Educational Assistance Act of 1995",
            "type": "HR",
            "url": "https://api.congress.gov/v3/bill/104/hr/746?format=json"
        },
        {
            "congress": 104,
            "introducedDate": "1995-01-30",
            "latestAction": {
                "actionDate": "1995-06-28",
                "text": "Subcommittee Hearings Held."
            },
            "number": "744",
            "policyArea": {
                "name": "Taxation"
            },
            "title": "To limit State taxation of certain pension income, and for other purposes.",
            "type": "HR",
            "url": "https://api.congress.gov/v3/bill/104/hr/744?format=json"
        },
        {
            "congress": 104,
            "introducedDate": "1995-01-04",
            "latestAction": {
                "actionDate": "1995-01-25",
                "text": "Referred to the Subcommittee on Early Childhood, Youth and Families."
            },
            "number": "345",
            "policyArea": {
                "name": "Arts, Culture, Religion"
            },
            "title": "Language of Government Act of 1995",
            "type": "HR",
            "url": "https://api.congress.gov/v3/bill/104/hr/345?format=json"
        },
        {
            "congress": 104,
            "introducedDate": "1995-01-04",
            "latestAction": {
                "actionDate": "1995-01-18",
                "text": "Executive Comment Requested from DOD."
            },
            "number": "347",
            "policyArea": {
                "name": "Armed Forces and National Security"
            },
            "title": "Ships' Stores Funding Act of 1995",
            "type": "HR",
            "url": "https://api.congress.gov/v3/bill/104/hr/347?format=json"
        },
        {
            "congress": 104,
            "introducedDate": "1995-01-04",
            "latestAction": {
                "actionDate": "1995-01-18",
                "text": "Executive Comment Requested from DOD."
            },
            "number": "346",
            "policyArea": {
                "name": "Armed Forces and National Security"
            },
            "title": "To authorize the Secretary of the Navy to transfer a riverine patrol boat of the U.S.S. Swift class to Tidewater Community College, Portsmouth, Virginia.",
            "type": "HR",
            "url": "https://api.congress.gov/v3/bill/104/hr/346?format=json"
        },
        {
            "congress": 104,
            "introducedDate": "1995-01-04",
            "latestAction": {
                "actionDate": "1995-02-02",
                "text": "Sponsor introductory remarks on measure. (CR S2064-2066)"
            },
            "number": "348",
            "policyArea": {
                "name": "Transportation and Public Works"
            },
            "title": "To authorize the Secretary of Transportation to use available amount to make grants to qualified ship repair yard to pay 75 percent of the cost of acquiring advanced ship repair technology and modern ship repair technology.",
            "type": "HR",
            "url": "https://api.congress.gov/v3/bill/104/hr/348?format=json"
        },
        {
            "congress": 104,
            "introducedDate": "1995-01-04",
            "latestAction": {
                "actionDate": "1995-01-25",
                "text": "Referred to the Subcommittee on Employer-Employee Relations."
            },
            "number": "344",
            "policyArea": {
                "name": "Labor and Employment"
            },
            "title": "To amend the Age Discrimination in Employment Act of 1967 to reinstate an exemption with respect to the employment of individuals as State and local firefighters and law enforcement officers.",
            "type": "HR",
            "url": "https://api.congress.gov/v3/bill/104/hr/344?format=json"
        },
        {
            "congress": 104,
            "introducedDate": "1995-01-04",
            "latestAction": {
                "actionDate": "1995-01-24",
                "text": "For Further Action See H.J.Res.1."
            },
            "number": "40",
            "policyArea": {
                "name": "Economics and Public Finance"
            },
            "title": "Proposing an amendment to the Constitution of the United States to restrict annual deficits by limiting the public debt of the United States and requiring a favorable vote of the people on any law to exceed such limits.",
            "type": "HJRES",
            "url": "https://api.congress.gov/v3/bill/104/hjres/40?format=json"
        },
        {
            "congress": 104,
            "introducedDate": "1995-01-04",
            "latestAction": {
                "actionDate": "1995-01-25",
                "text": "For Further Action See H.J.Res.79."
            },
            "number": "41",
            "policyArea": {
                "name": "Government Operations and Politics"
            },
            "title": "Proposing an amendment to the Constitution of the United States relative to the desecration of the American Flag.",
            "type": "HJRES",
            "url": "https://api.congress.gov/v3/bill/104/hjres/41?format=json"
        },
        {
            "congress": 104,
            "introducedDate": "1996-01-03",
            "latestAction": {
                "actionDate": "1996-01-19",
                "text": "Referred to the Subcommittee on Employer-Employee Relations."
            },
            "number": "130",
            "policyArea": {
                "name": "Economics and Public Finance"
            },
            "title": "To express the sense of the Congress that the Bureau of Labor Statistics should develop and publish monthly a cost of living index.",
            "type": "HCONRES",
            "url": "https://api.congress.gov/v3/bill/104/hconres/130?format=json"
        },
        {
            "congress": 104,
            "introducedDate": "1995-05-23",
            "latestAction": {
                "actionDate": "1995-05-23",
                "text": "Referred to the House Committee on the Budget."
            },
            "number": "71",
            "policyArea": {
                "name": "Economics and Public Finance"
            },
            "title": "Providing a sense of the Congress that the concurrent resolution on the budget for fiscal year 1996 should reach a balanced Federal budget by fiscal year 2001 through expenditure reductions and not tax increases.",
            "type": "HCONRES",
            "url": "https://api.congress.gov/v3/bill/104/hconres/71?format=json"
        },
        {
            "congress": 104,
            "introducedDate": "1995-02-14",
            "latestAction": {
                "actionDate": "1995-02-21",
                "text": "Referred to the Subcommittee on Energy and Power."
            },
            "number": "29",
            "policyArea": {
                "name": "Energy"
            },
            "title": "Expressing the sense of the Congress that the President should submit a National Energy Policy Plan to Congress.",
            "type": "HCONRES",
            "url": "https://api.congress.gov/v3/bill/104/hconres/29?format=json"
        },
        {
            "congress": 104,
            "introducedDate": "1995-01-04",
            "latestAction": {
                "actionDate": "1995-01-17",
                "text": "Referred to the Subcommittee on Western Hemisphere Affairs."
            },
            "number": "9",
            "policyArea": {
                "name": "International Affairs"
            },
            "title": "Expressing the sense of the Congress that the President should seek to negotiate a new base rights agreement with the Government of Panama to permit the United States Armed Forces to remain in Panama beyond December 31, 1999, and to permit the United States to act independently to continue to protect the Panama Canal.",
            "type": "HCONRES",
            "url": "https://api.congress.gov/v3/bill/104/hconres/9?format=json"
        },
        {
            "congress": 105,
            "introducedDate": "1998-10-01",
            "latestAction": {
                "actionDate": "1998-10-13",
                "text": "Executive Comment Requested from DOD."
            },
            "number": "4669",
            "policyArea": {
                "name": "Armed Forces and National Security"
            },
            "title": "Military Retired Pay Restoration Act of 1998",
            "type": "HR",
            "url": "https://api.congress.gov/v3/bill/105/hr/4669?format=json"
        },
        {
            "congress": 105,
            "introducedDate": "1998-05-22",
            "latestAction": {
                "actionDate": "1998-10-20",
                "text": "Received in the Senate."
            },
            "number": "3972",
            "policyArea": {
                "name": "Public Lands and Natural Resources"
            },
            "title": "To amend the Outer Continental Shelf Lands Act to prohibit the Secretary of the Interior from charging State and local government agencies for certain uses of the sand, gravel, and shell resources of the outer Continental Shelf.",
            "type": "HR",
            "url": "https://api.congress.gov/v3/bill/105/hr/3972?format=json"
        },
        {
            "congress": 105,
            "introducedDate": "1997-03-21",
            "latestAction": {
                "actionDate": "1997-11-06",
                "text": "See H.R.1119."
            },
            "number": "1221",
            "policyArea": {
                "name": "Armed Forces and National Security"
            },
            "title": "To amend title 37, United States Code, to prohibit a reduction in the overseas locality allowance for a member of the uniformed services on duty outside of the United States or in Hawaii or Alaska during the course of the member's tour of duty.",
            "type": "HR",
            "url": "https://api.congress.gov/v3/bill/105/hr/1221?format=json"
        },
        {
            "congress": 105,
            "introducedDate": "1997-01-09",
            "latestAction": {
                "actionDate": "1998-05-15",
                "text": "Referred to Subcommittee on Immigration."
            },
            "number": "429",
            "policyArea": {
                "name": "Immigration"
            },
            "title": "NATO Special Immigrant Amendments of 1998",
            "type": "HR",
            "url": "https://api.congress.gov/v3/bill/105/hr/429?format=json"
        },
        {
            "congress": 105,
            "introducedDate": "1997-01-09",
            "latestAction": {
                "actionDate": "1997-08-05",
                "text": "See H.R.2014."
            },
            "number": "430",
            "policyArea": {
                "name": "Taxation"
            },
            "title": "Employee Educational Assistance Act of 1997",
            "type": "HR",
            "url": "https://api.congress.gov/v3/bill/105/hr/430?format=json"
        },
        {
            "congress": 105,
            "introducedDate": "1997-01-09",
            "latestAction": {
                "actionDate": "1997-01-09",
                "text": "Referred to the House Committee on the Judiciary."
            },
            "number": "428",
            "policyArea": {
                "name": "Crime and Law Enforcement"
            },
            "title": "Innocent Owners' Forfeiture Protection Act of 1997",
            "type": "HR",
            "url": "https://api.congress.gov/v3/bill/105/hr/428?format=json"
        },
        {
            "congress": 105,
            "introducedDate": "1997-01-09",
            "latestAction": {
                "actionDate": "1997-03-05",
                "text": "Referred to the Subcommittee on the Constitution."
            },
            "number": "30",
            "policyArea": {
                "name": "Economics and Public Finance"
            },
            "title": "Proposing an amendment to the Constitution of the United States to restrict annual deficits by limiting the public debt of the United States and requiring a favorable vote of the people on any law to exceed such limits.",
            "type": "HJRES",
            "url": "https://api.congress.gov/v3/bill/105/hjres/30?format=json"
        },
        {
            "congress": 105,
            "introducedDate": "1997-03-04",
            "latestAction": {
                "actionDate": "1997-03-14",
                "text": "Referred to the Subcommittee on Employer-Employee Relations."
            },
            "number": "33",
            "policyArea": {
                "name": "Economics and Public Finance"
            },
            "title": "To express the sense of the Congress that the Bureau of Labor Statistics should develop and publish monthly a cost of living index.",
            "type": "HCONRES",
            "url": "https://api.congress.gov/v3/bill/105/hconres/33?format=json"
        },
        {
            "congress": 105,
            "introducedDate": "1997-03-04",
            "latestAction": {
                "actionDate": "1997-03-07",
                "text": "Referred to the Subcommittee on Energy and Power."
            },
            "number": "34",
            "policyArea": {
                "name": "Energy"
            },
            "title": "Expressing the sense of the Congress that the President should submit a National Energy Policy Plan to Congress.",
            "type": "HCONRES",
            "url": "https://api.congress.gov/v3/bill/105/hconres/34?format=json"
        },
        {
            "congress": 105,
            "introducedDate": "1997-01-09",
            "latestAction": {
                "actionDate": "1997-02-13",
                "text": "Referred to the Subcommittee on the Western Hemisphere."
            },
            "number": "7",
            "policyArea": {
                "name": "International Affairs"
            },
            "title": "Expressing the sense of the Congress that the President should seek to negotiate a new base rights agreement with the Government of Panama to permit the United States Armed Forces to remain in Panama beyond December 31, 1999, and to permit the United States to act independently to continue to protect the Panama Canal.",
            "type": "HCONRES",
            "url": "https://api.congress.gov/v3/bill/105/hconres/7?format=json"
        }
    ]
}