{
    "pagination": {
        "count": 29
    },
    "request": {
        "bioguideId": "m001172",
        "contentType": "application/json",
        "format": "json"
    },
    "sponsoredLegislation": [
        {
            "amendmentNumber": "139",
            "congress": 111,
            "introducedDate": "2009-05-20",
            "latestAction": {
                "actionDate": "2009-05-20",
                "actionTime": "15:25:24",
                "text": "On agreeing to the Markey (CO) amendment (A002) Agreed to by voice vote. "
            },
            "type": null,
            "url": "https://api.congress.gov/v3/amendment/111/hamdt/139?format=json"
        },
        {
            "amendmentNumber": "45",
            "congress": 111,
            "introducedDate": "2009-03-18",
            "latestAction": {
                "actionDate": "2009-03-18",
                "actionTime": "15:55:18",
                "text": "On agreeing to the Markey (CO) amendment (A008) Agreed to by recorded vote: 283 - 147 (Roll no. 137). "
            },
            "type": null,
            "url": "https://api.congress.gov/v3/amendment/111/hamdt/45?format=json"
        },
        {
            "amendmentNumber": "30",
            "congress": 111,
            "introducedDate": "2009-03-12",
            "latestAction": {
                "actionDate": "2009-03-12",
                "actionTime": "12:34:55",
                "text": "On agreeing to the Markey (CO) amendment (A003) Agreed to by voice vote. "
            },
            "type": null,
            "url": "https://api.congress.gov/v3/amendment/111/hamdt/30?format=json"
        },
        {
            "congress": 111,
            "introducedDate": "2010-09-23",
            "latestAction": {
                "actionDate": "2010-09-24",
                "text": "Referred to the Subcommittee on Health."
            },
            "number": "6211",
            "policyArea": {
                "name": "Armed Forces and National Security"
            },
            "title": "Veterans Back and Spinal Therapy Act",
            "type": "HR",
            "url": "https://api.congress.gov/v3/bill/111/hr/6211?format=json"
        },
        {
            "congress": 111,
            "introducedDate": "2010-07-30",
            "latestAction": {
                "actionDate": "2010-08-05",
                "text": "Referred to the Subcommittee on National Parks, Forests and Public Lands."
            },
            "number": "6050",
            "policyArea": {
                "name": "Arts, Culture, Religion"
            },
            "title": "Bent's Old Fort Museum Collections Facility Act of 2010",
            "type": "HR",
            "url": "https://api.congress.gov/v3/bill/111/hr/6050?format=json"
        },
        {
            "congress": 111,
            "introducedDate": "2010-07-30",
            "latestAction": {
                "actionDate": "2010-08-05",
                "text": "Referred to the Subcommittee on National Parks, Forests and Public Lands."
            },
            "number": "6049",
            "policyArea": {
                "name": "Public Lands and Natural Resources"
            },
            "title": "Sand Creek Massacre National Historic Site Visitor Center Act of 2010",
            "type": "HR",
            "url": "https://api.congress.gov/v3/bill/111/hr/6049?format=json"
        },
        {
            "congress": 111,
            "introducedDate": "2010-07-28",
            "latestAction": {
                "actionDate": "2010-08-02",
                "text": "Referred to the Subcommittee on National Parks, Forests and Public Lands."
            },
            "number": "5911",
            "policyArea": {
                "name": "Public Lands and Natural Resources"
            },
            "title": "Rocky Mountain National Park Boundary Modification Act of 2010",
            "type": "HR",
            "url": "https://api.congress.gov/v3/bill/111/hr/5911?format=json"
        },
        {
            "congress": 111,
            "introducedDate": "2010-07-14",
            "latestAction": {
                "actionDate": "2010-08-03",
                "text": "Read twice and referred to the Committee on Environment and Public Works."
            },
            "number": "5730",
            "policyArea": {
                "name": "Transportation and Public Works"
            },
            "title": "Surface Transportation Earmark Rescission, Savings, and Accountability Act",
            "type": "HR",
            "url": "https://api.congress.gov/v3/bill/111/hr/5730?format=json"
        },
        {
            "congress": 111,
            "introducedDate": "2010-04-21",
            "latestAction": {
                "actionDate": "2010-04-22",
                "text": "Referred to the Subcommittee on Highways and Transit."
            },
            "number": "5097",
            "policyArea": {
                "name": "Transportation and Public Works"
            },
            "title": "Erica's Law",
            "type": "HR",
            "url": "https://api.congress.gov/v3/bill/111/hr/5097?format=json"
        },
        {
            "congress": 111,
            "introducedDate": "2010-04-13",
            "latestAction": {
                "actionDate": "2010-04-13",
                "text": "Referred to House Budget"
            },
            "number": "5008",
            "policyArea": {
                "name": "Economics and Public Finance"
            },
            "title": "Targeted Deficit Reduction Act of 2010",
            "type": "HR",
            "url": "https://api.congress.gov/v3/bill/111/hr/5008?format=json"
        },
        {
            "congress": 111,
            "introducedDate": "2009-12-08",
            "latestAction": {
                "actionDate": "2010-06-09",
                "text": "Became Public Law No: 111-186."
            },
            "number": "4238",
            "policyArea": {
                "name": "Government Operations and Politics"
            },
            "title": "To designate the facility of the United States Postal Service located at 930 39th Avenue in Greeley, Colorado, as the \"W.D. Farr Post Office Building\".",
            "type": "HR",
            "url": "https://api.congress.gov/v3/bill/111/hr/4238?format=json"
        },
        {
            "congress": 111,
            "introducedDate": "2009-11-19",
            "latestAction": {
                "actionDate": "2009-11-19",
                "text": "Referred to the House Committee on Ways and Means."
            },
            "number": "4149",
            "policyArea": {
                "name": "Taxation"
            },
            "title": "To amend the Internal Revenue Code of 1986 to provide a renewable electricity integration credit for a utility that purchases or produces renewable power.",
            "type": "HR",
            "url": "https://api.congress.gov/v3/bill/111/hr/4149?format=json"
        },
        {
            "congress": 111,
            "introducedDate": "2009-10-28",
            "latestAction": {
                "actionDate": "2009-10-28",
                "text": "Referred to the House Committee on Financial Services."
            },
            "number": "3959",
            "policyArea": {
                "name": "Finance and Financial Sector"
            },
            "title": "Credit Card Rate Freeze Act of 2009",
            "type": "HR",
            "url": "https://api.congress.gov/v3/bill/111/hr/3959?format=json"
        },
        {
            "congress": 111,
            "introducedDate": "2009-10-08",
            "latestAction": {
                "actionDate": "2009-10-15",
                "text": "Referred to the Subcommittee on Insular Affairs, Oceans and Wildlife."
            },
            "number": "3781",
            "policyArea": {
                "name": "Public Lands and Natural Resources"
            },
            "title": "Target Practice and Marksmanship Training Support Act",
            "type": "HR",
            "url": "https://api.congress.gov/v3/bill/111/hr/3781?format=json"
        },
        {
            "congress": 111,
            "introducedDate": "2009-07-28",
            "latestAction": {
                "actionDate": "2009-10-28",
                "text": "Referred to the Subcommittee on Military Personnel."
            },
            "number": "3368",
            "policyArea": {
                "name": "Armed Forces and National Security"
            },
            "title": "Honor Act of 2009",
            "type": "HR",
            "url": "https://api.congress.gov/v3/bill/111/hr/3368?format=json"
        },
        {
            "congress": 111,
            "introducedDate": "2009-07-21",
            "latestAction": {
                "actionDate": "2009-07-22",
                "text": "Referred to the Subcommittee on Highways and Transit."
            },
            "number": "3275",
            "policyArea": {
                "name": "Transportation and Public Works"
            },
            "title": "To amend the definition of commercial motor vehicle in section 31101 of title 49, United States Code, to exclude certain farm vehicles, and for other purposes.",
            "type": "HR",
            "url": "https://api.congress.gov/v3/bill/111/hr/3275?format=json"
        },
        {
            "congress": 111,
            "introducedDate": "2009-07-10",
            "latestAction": {
                "actionDate": "2009-07-10",
                "text": "Referred to the House Committee on Ways and Means."
            },
            "number": "3178",
            "policyArea": {
                "name": "Taxation"
            },
            "title": "Small Business Growth Act of 2009",
            "type": "HR",
            "url": "https://api.congress.gov/v3/bill/111/hr/3178?format=json"
        },
        {
            "congress": 111,
            "introducedDate": "2009-05-20",
            "latestAction": {
                "actionDate": "2009-05-20",
                "text": "Referred to the Subcommittee on Finance and Tax."
            },
            "number": "2527",
            "policyArea": {
                "name": "Commerce"
            },
            "title": "To provide authority for certain debt refinancing with respect to financings approved under title V of the Small Business Investment Act of 1958, and for other purposes.",
            "type": "HR",
            "url": "https://api.congress.gov/v3/bill/111/hr/2527?format=json"
        },
        {
            "congress": 111,
            "introducedDate": "2009-04-01",
            "latestAction": {
                "actionDate": "2010-09-29",
                "text": "Committee on Energy and Natural Resources Subcommittee on Public Lands and Forests. Hearings held."
            },
            "number": "1858",
            "policyArea": {
                "name": "Public Lands and Natural Resources"
            },
            "title": "To provide for a boundary adjustment and land conveyances involving Roosevelt National Forest, Colorado, to correct the effects of an erroneous land survey that resulted in approximately 7 acres of the Crystal Lakes Subdivision, Ninth Filing, encroaching on National Forest System land, and for other purposes.",
            "type": "HR",
            "url": "https://api.congress.gov/v3/bill/111/hr/1858?format=json"
        },
        {
            "congress": 111,
            "introducedDate": "2009-02-09",
            "latestAction": {
                "actionDate": "2009-02-11",
                "text": "Referred to the Subcommittee on National Parks, Forests and Public Lands."
            },
            "number": "926",
            "policyArea": {
                "name": "Public Lands and Natural Resources"
            },
            "title": "Cache La Poudre River National Heritage Area Act of 2009",
            "type": "HR",
            "url": "https://api.congress.gov/v3/bill/111/hr/926?format=json"
        },
        {
            "congress": 111,
            "introducedDate": "2009-01-15",
            "latestAction": {
                "actionDate": "2009-01-15",
                "text": "Referred to the House Committee on Ways and Means."
            },
            "number": "561",
            "policyArea": {
                "name": "Taxation"
            },
            "title": "To amend the Internal Revenue Code of 1986 to allow a 5 year carryback of certain net operating losses, and for other purposes.",
            "type": "HR",
            "url": "https://api.congress.gov/v3/bill/111/hr/561?format=json"
        },
        {
            "congress": 111,
            "introducedDate": "2009-01-09",
            "latestAction": {
                "actionDate": "2009-02-04",
                "text": "Referred to the Subcommittee on National Parks, Forests and Public Lands."
            },
            "number": "419",
            "policyArea": {
                "name": "Public Lands and Natural Resources"
            },
            "title": "Rocky Mountain National Park Wilderness and Indian Peaks Wilderness Expansion Act",
            "type": "HR",
            "url": "https://api.congress.gov/v3/bill/111/hr/419?format=json"
        },
        {
            "congress": 111,
            "introducedDate": "2010-07-20",
            "latestAction": {
                "actionDate": "2010-10-13",
                "text": "Referred to the Subcommittee on Early Childhood, Elementary, and Secondary Education."
            },
            "number": "1541",
            "policyArea": {
                "name": "Education"
            },
            "title": "Expressing support for designation of October 7, 2010, as national \"Jumpstart's Read for the Record Day\".",
            "type": "HRES",
            "url": "https://api.congress.gov/v3/bill/111/hres/1541?format=json"
        },
        {
            "congress": 111,
            "introducedDate": "2010-04-22",
            "latestAction": {
                "actionDate": "2010-05-18",
                "actionTime": "16:47:53",
                "text": "Motion to reconsider laid on the table Agreed to without objection."
            },
            "number": "1297",
            "policyArea": {
                "name": "Agriculture and Food"
            },
            "title": "Supporting the goals and ideals of American Craft Beer Week.",
            "type": "HRES",
            "url": "https://api.congress.gov/v3/bill/111/hres/1297?format=json"
        },
        {
            "congress": 111,
            "introducedDate": "2010-03-16",
            "latestAction": {
                "actionDate": "2010-03-23",
                "actionTime": "16:24:13",
                "text": "On motion to suspend the rules and agree to the resolution Agreed to by the Yeas and Nays: (2/3 required): 410 - 2 (Roll no. 175). (text: CR H2229)"
            },
            "number": "1186",
            "policyArea": {
                "name": "Transportation and Public Works"
            },
            "title": "Expressing support for designation of April as National Distracted Driving Awareness Month.",
            "type": "HRES",
            "url": "https://api.congress.gov/v3/bill/111/hres/1186?format=json"
        },
        {
            "congress": 111,
            "introducedDate": "2010-02-25",
            "latestAction": {
                "actionDate": "2010-03-22",
                "text": "Referred to the Subcommittee on Early Childhood, Elementary, and Secondary Education."
            },
            "number": "1111",
            "policyArea": {
                "name": "Education"
            },
            "title": "Designating March 2, 2010, as \"Read Across America Day\".",
            "type": "HRES",
            "url": "https://api.congress.gov/v3/bill/111/hres/1111?format=json"
        },
        {
            "congress": 111,
            "introducedDate": "2010-01-20",
            "latestAction": {
                "actionDate": "2010-01-27",
                "actionTime": "14:17:41",
                "text": "Motion to reconsider laid on the table Agreed to without objection."
            },
            "number": "1020",
            "policyArea": {
                "name": "Public Lands and Natural Resources"
            },
            "title": "Honoring the 95th anniversary of the signing of the Rocky Mountain National Park Act.",
            "type": "HRES",
            "url": "https://api.congress.gov/v3/bill/111/hres/1020?format=json"
        },
        {
            "congress": 111,
            "introducedDate": "2009-09-14",
            "latestAction": {
                "actionDate": "2009-10-06",
                "actionTime": "15:05:33",
                "text": "Motion to reconsider laid on the table Agreed to without objection."
            },
            "number": "741",
            "policyArea": {
                "name": "Education"
            },
            "title": "Expressing support for designation of October 8, 2009, as national Jumpstart's \"Read for the Record Day\".",
            "type": "HRES",
            "url": "https://api.congress.gov/v3/bill/111/hres/741?format=json"
        },
        {
            "congress": 111,
            "introducedDate": "2009-02-10",
            "latestAction": {
                "actionDate": "2009-04-22",
                "text": "Referred to the Subcommittee on Early Childhood, Elementary, and Secondary Education."
            },
            "number": "146",
            "policyArea": {
                "name": "Education"
            },
            "title": "Designating March 2, 2009, as \"Read Across America Day\".",
            "type": "HRES",
            "url": "https://api.congress.gov/v3/bill/111/hres/146?format=json"
        }
    ]
}