{
    "pagination": {
        "count": 57
    },
    "request": {
        "bioguideId": "c000107",
        "contentType": "application/json",
        "format": "json"
    },
    "sponsoredLegislation": [
        {
            "congress": 104,
            "introducedDate": "1995-01-04",
            "latestAction": {
                "actionDate": "1995-02-08",
                "text": "Sponsor introductory remarks on measure. (CR E295)"
            },
            "number": "3",
            "policyArea": {
                "name": "Crime and Law Enforcement"
            },
            "title": "Taking Back Our Streets Act of 1995",
            "type": "HR",
            "url": "https://api.congress.gov/v3/bill/104/hr/3?format=json"
        },
        {
            "amendmentNumber": "508",
            "congress": 106,
            "introducedDate": "1999-09-30",
            "latestAction": {
                "actionDate": "1999-09-30",
                "actionTime": "17:04:55",
                "text": "On agreeing to the Canady amendment (A001) Agreed to by recorded vote: 269 - 158 (Roll no. 463). "
            },
            "type": null,
            "url": "https://api.congress.gov/v3/amendment/106/hamdt/508?format=json"
        },
        {
            "amendmentNumber": "186",
            "congress": 106,
            "introducedDate": "1999-06-16",
            "latestAction": {
                "actionDate": "1999-06-16",
                "actionTime": "19:11:25",
                "text": "On agreeing to the Canady amendment (A012) Agreed to by voice vote. "
            },
            "type": null,
            "url": "https://api.congress.gov/v3/amendment/106/hamdt/186?format=json"
        },
        {
            "congress": 106,
            "introducedDate": "2000-07-27",
            "latestAction": {
                "actionDate": "2000-10-04",
                "text": "Placed on the Union Calendar, Calendar No. 562."
            },
            "number": "5018",
            "policyArea": {
                "name": "Crime and Law Enforcement"
            },
            "title": "Electronic Communications Privacy Act of 2000",
            "type": "HR",
            "url": "https://api.congress.gov/v3/bill/106/hr/5018?format=json"
        },
        {
            "congress": 106,
            "introducedDate": "2000-07-20",
            "latestAction": {
                "actionDate": "2000-09-06",
                "text": "Subcommittee Hearings Held."
            },
            "number": "4908",
            "policyArea": {
                "name": "Civil Rights and Liberties, Minority Issues"
            },
            "title": "Notice of Electronic Monitoring Act",
            "type": "HR",
            "url": "https://api.congress.gov/v3/bill/106/hr/4908?format=json"
        },
        {
            "congress": 106,
            "introducedDate": "2000-07-13",
            "latestAction": {
                "actionDate": "2000-07-18",
                "text": "Referred to the Subcommittee on the Constitution."
            },
            "number": "4862",
            "policyArea": {
                "name": "Civil Rights and Liberties, Minority Issues"
            },
            "title": "Religious Land Use and Institutionalized Persons Act of 2000",
            "type": "HR",
            "url": "https://api.congress.gov/v3/bill/106/hr/4862?format=json"
        },
        {
            "congress": 106,
            "introducedDate": "2000-04-13",
            "latestAction": {
                "actionDate": "2000-10-05",
                "text": "Read the first time. Placed on Senate Legislative Calendar under Read the First Time."
            },
            "number": "4292",
            "policyArea": {
                "name": "Law"
            },
            "title": "Born-Alive Infants Protection Act of 2000",
            "type": "HR",
            "url": "https://api.congress.gov/v3/bill/106/hr/4292?format=json"
        },
        {
            "congress": 106,
            "introducedDate": "2000-02-15",
            "latestAction": {
                "actionDate": "2000-05-25",
                "text": "Read twice. Placed on Senate Legislative Calendar under General Orders. Calendar No. 581."
            },
            "number": "3660",
            "policyArea": {
                "name": "Crime and Law Enforcement"
            },
            "title": "Partial-Birth Abortion Ban Act of 2000",
            "type": "HR",
            "url": "https://api.congress.gov/v3/bill/106/hr/3660?format=json"
        },
        {
            "congress": 106,
            "introducedDate": "1999-06-29",
            "latestAction": {
                "actionDate": "2000-03-20",
                "text": "Received in the Senate and Read twice and referred to the Committee on the Judiciary."
            },
            "number": "2372",
            "policyArea": {
                "name": "Law"
            },
            "title": "Private Property Rights Implementation Act of 2000",
            "type": "HR",
            "url": "https://api.congress.gov/v3/bill/106/hr/2372?format=json"
        },
        {
            "congress": 106,
            "introducedDate": "1999-05-20",
            "latestAction": {
                "actionDate": "1999-10-21",
                "text": "Subcommittee Hearings Held."
            },
            "number": "1886",
            "policyArea": {
                "name": "Labor and Employment"
            },
            "title": "MSPA Clarification Act of 1999",
            "type": "HR",
            "url": "https://api.congress.gov/v3/bill/106/hr/1886?format=json"
        },
        {
            "congress": 106,
            "introducedDate": "1999-05-05",
            "latestAction": {
                "actionDate": "1999-11-19",
                "actionTime": "23:43:42",
                "text": "See also S. 2869."
            },
            "number": "1691",
            "policyArea": {
                "name": "Civil Rights and Liberties, Minority Issues"
            },
            "title": "Religious Liberty Protection Act of 1999",
            "type": "HR",
            "url": "https://api.congress.gov/v3/bill/106/hr/1691?format=json"
        },
        {
            "congress": 106,
            "introducedDate": "1999-04-21",
            "latestAction": {
                "actionDate": "2000-03-17",
                "text": "Favorable Executive Comment Received from USDA."
            },
            "number": "1504",
            "policyArea": {
                "name": "Agriculture and Food"
            },
            "title": "Plant Protection Act",
            "type": "HR",
            "url": "https://api.congress.gov/v3/bill/106/hr/1504?format=json"
        },
        {
            "congress": 106,
            "introducedDate": "1999-03-16",
            "latestAction": {
                "actionDate": "1999-04-07",
                "text": "Referred to the Subcommittee on Health and Environment, for a period to be subsequently determined by the Chairman."
            },
            "number": "1115",
            "policyArea": {
                "name": "Health"
            },
            "title": "Immunosuppresive Drug Coverage Extension Act of 1999",
            "type": "HR",
            "url": "https://api.congress.gov/v3/bill/106/hr/1115?format=json"
        },
        {
            "congress": 106,
            "introducedDate": "1999-02-02",
            "latestAction": {
                "actionDate": "1999-02-17",
                "text": "Executive Comment Requested from USDA."
            },
            "number": "453",
            "policyArea": {
                "name": "Animals"
            },
            "title": "Pet Safety and Protection Act of 1999",
            "type": "HR",
            "url": "https://api.congress.gov/v3/bill/106/hr/453?format=json"
        },
        {
            "congress": 106,
            "introducedDate": "1999-02-02",
            "latestAction": {
                "actionDate": "1999-02-25",
                "text": "Referred to the Subcommittee on Courts and Intellectual Property."
            },
            "number": "454",
            "policyArea": {
                "name": "Law"
            },
            "title": "Florida Federal Judgeship Act of 1999",
            "type": "HR",
            "url": "https://api.congress.gov/v3/bill/106/hr/454?format=json"
        },
        {
            "congress": 103,
            "introducedDate": "1994-05-25",
            "latestAction": {
                "actionDate": "1994-06-22",
                "text": "Referred to the Subcommittee on Human Resources."
            },
            "number": "4491",
            "policyArea": {
                "name": "Crime and Law Enforcement"
            },
            "title": "Juvenile Criminal Act of 1994",
            "type": "HR",
            "url": "https://api.congress.gov/v3/bill/103/hr/4491?format=json"
        },
        {
            "congress": 103,
            "introducedDate": "1994-02-24",
            "latestAction": {
                "actionDate": "1994-04-21",
                "text": "See H.R.4092."
            },
            "number": "3895",
            "policyArea": {
                "name": "Crime and Law Enforcement"
            },
            "title": "Prison Management Relief Act of 1994",
            "type": "HR",
            "url": "https://api.congress.gov/v3/bill/103/hr/3895?format=json"
        },
        {
            "congress": 103,
            "introducedDate": "1993-06-24",
            "latestAction": {
                "actionDate": "1993-08-09",
                "text": "Referred to the Subcommittee on Crime and Criminal Justice."
            },
            "number": "2523",
            "policyArea": {
                "name": "Crime and Law Enforcement"
            },
            "title": "To amend section 2119 of title 18, United States Code, to authorize imposition of the death penalty if death results from a carjacking, and for other purposes.",
            "type": "HR",
            "url": "https://api.congress.gov/v3/bill/103/hr/2523?format=json"
        },
        {
            "congress": 103,
            "introducedDate": "1993-06-09",
            "latestAction": {
                "actionDate": "1993-06-24",
                "text": "Referred to the Subcommittee on Intellectual Property and Judicial Administration."
            },
            "number": "2354",
            "policyArea": {
                "name": "Law"
            },
            "title": "Prison Litigation Relief Act of 1993",
            "type": "HR",
            "url": "https://api.congress.gov/v3/bill/103/hr/2354?format=json"
        },
        {
            "congress": 103,
            "introducedDate": "1993-05-19",
            "latestAction": {
                "actionDate": "1993-06-24",
                "text": "Sponsor introductory remarks on measure. (CR H4017)"
            },
            "number": "174",
            "policyArea": {
                "name": "Law"
            },
            "title": "Impeaching Robert F. Collins, judge of the United States District Court for the Eastern District of Louisiana, for bribery and high crimes and misdemeanors.",
            "type": "HRES",
            "url": "https://api.congress.gov/v3/bill/103/hres/174?format=json"
        },
        {
            "amendmentNumber": "974",
            "congress": 104,
            "introducedDate": "1996-03-20",
            "latestAction": {
                "actionDate": "1996-03-20",
                "actionTime": "21:03:25",
                "text": "On agreeing to the Canady amendment (A014) Agreed to by recorded vote: 210 - 207 (Roll no. 78). "
            },
            "type": null,
            "url": "https://api.congress.gov/v3/amendment/104/hamdt/974?format=json"
        },
        {
            "amendmentNumber": "247",
            "congress": 104,
            "introducedDate": "1995-03-02",
            "latestAction": {
                "actionDate": "1995-03-03",
                "actionTime": "13:15:07",
                "text": "On agreeing to the Canady amendment (A001) as amended Agreed to by voice vote. "
            },
            "type": null,
            "url": "https://api.congress.gov/v3/amendment/104/hamdt/247?format=json"
        },
        {
            "amendmentNumber": "113",
            "congress": 104,
            "introducedDate": "1995-02-09",
            "latestAction": {
                "actionDate": "1995-02-09",
                "actionTime": "12:45:06",
                "text": "On agreeing to the Canady amendment (A001) Agreed to by voice vote. "
            },
            "type": null,
            "url": "https://api.congress.gov/v3/amendment/104/hamdt/113?format=json"
        },
        {
            "amendmentNumber": "119",
            "congress": 104,
            "introducedDate": "1995-02-09",
            "latestAction": {
                "actionDate": "1995-02-09",
                "actionTime": "16:11:02",
                "text": "On agreeing to the Canady amendment (A007) Agreed to by voice vote. "
            },
            "type": null,
            "url": "https://api.congress.gov/v3/amendment/104/hamdt/119?format=json"
        },
        {
            "congress": 104,
            "introducedDate": "1996-09-24",
            "latestAction": {
                "actionDate": "1996-09-24",
                "text": "Referred to the House Committee on Government Reform and Oversight."
            },
            "number": "4146",
            "policyArea": {
                "name": "Government Operations and Politics"
            },
            "title": "Family Caregiver Information Act",
            "type": "HR",
            "url": "https://api.congress.gov/v3/bill/104/hr/4146?format=json"
        },
        {
            "congress": 104,
            "introducedDate": "1996-07-30",
            "latestAction": {
                "actionDate": "1996-08-12",
                "text": "Referred to the Subcommittee on Coast Guard and Maritime Transportation."
            },
            "number": "3915",
            "policyArea": {
                "name": "Private Legislation"
            },
            "title": "To authorize the Secretary of Transportation to issue a certificate of documentation with appropriate endorsement for employment in the coastwise trade, in the fisheries, and on the Great Lakes and their tributary and connecting waters in trade with Canada, for the vessel MARALINDA.",
            "type": "HR",
            "url": "https://api.congress.gov/v3/bill/104/hr/3915?format=json"
        },
        {
            "congress": 104,
            "introducedDate": "1996-07-23",
            "latestAction": {
                "actionDate": "1996-09-26",
                "text": "Placed on the Union Calendar, Calendar No. 459."
            },
            "number": "3874",
            "policyArea": {
                "name": "Civil Rights and Liberties, Minority Issues"
            },
            "title": "Civil Rights Commission Act of 1996",
            "type": "HR",
            "url": "https://api.congress.gov/v3/bill/104/hr/3874?format=json"
        },
        {
            "congress": 104,
            "introducedDate": "1996-05-20",
            "latestAction": {
                "actionDate": "1996-06-26",
                "text": "Referred to the Subcommittee on Crime."
            },
            "number": "3494",
            "policyArea": {
                "name": "Crime and Law Enforcement"
            },
            "title": "Violent and Hard-Core Juvenile Offender Reform Act of 1996",
            "type": "HR",
            "url": "https://api.congress.gov/v3/bill/104/hr/3494?format=json"
        },
        {
            "congress": 104,
            "introducedDate": "1996-05-10",
            "latestAction": {
                "actionDate": "1996-05-30",
                "text": "Forwarded by Subcommittee to Full Committee (Amended) by Voice Vote."
            },
            "number": "3434",
            "policyArea": {
                "name": "Government Operations and Politics"
            },
            "title": "Revolving Door Act of 1996",
            "type": "HR",
            "url": "https://api.congress.gov/v3/bill/104/hr/3434?format=json"
        },
        {
            "congress": 104,
            "introducedDate": "1996-05-07",
            "latestAction": {
                "actionDate": "1996-09-04",
                "text": "Unfavorable Executive Comment Received from USDA."
            },
            "number": "3398",
            "policyArea": {
                "name": "Animals"
            },
            "title": "Pet Safety and Protection Act of 1996",
            "type": "HR",
            "url": "https://api.congress.gov/v3/bill/104/hr/3398?format=json"
        },
        {
            "congress": 104,
            "introducedDate": "1996-05-10",
            "latestAction": {
                "actionDate": "1996-07-31",
                "text": "Received in the Senate."
            },
            "number": "3435",
            "policyArea": {
                "name": "Government Operations and Politics"
            },
            "title": "Lobbying Disclosure Technical Amendments Act of 1996",
            "type": "HR",
            "url": "https://api.congress.gov/v3/bill/104/hr/3435?format=json"
        },
        {
            "congress": 104,
            "introducedDate": "1996-04-15",
            "latestAction": {
                "actionDate": "1996-08-06",
                "text": "Became Public Law No: 104-179."
            },
            "number": "3235",
            "policyArea": {
                "name": "Government Operations and Politics"
            },
            "title": "Office of Government Ethics Authorization Act of 1996",
            "type": "HR",
            "url": "https://api.congress.gov/v3/bill/104/hr/3235?format=json"
        },
        {
            "congress": 104,
            "introducedDate": "1996-03-21",
            "latestAction": {
                "actionDate": "1996-03-29",
                "text": "Referred to the Subcommittee on Health and Environment, for a period to be subsequently determined by the Chairman."
            },
            "number": "3138",
            "policyArea": {
                "name": "Health"
            },
            "title": "To amend title XVIII of the Social Security Act to eliminate the time limitation on benefits for immunosuppressive drugs under the Medicare program.",
            "type": "HR",
            "url": "https://api.congress.gov/v3/bill/104/hr/3138?format=json"
        },
        {
            "congress": 104,
            "introducedDate": "1995-10-31",
            "latestAction": {
                "actionDate": "1995-11-29",
                "actionTime": "11:35:36",
                "text": "Laid on the table. See S. 1060 for further action."
            },
            "number": "2564",
            "policyArea": {
                "name": "Government Operations and Politics"
            },
            "title": "Lobbying Disclosure Act of 1995",
            "type": "HR",
            "url": "https://api.congress.gov/v3/bill/104/hr/2564?format=json"
        },
        {
            "congress": 104,
            "introducedDate": "1995-07-27",
            "latestAction": {
                "actionDate": "1996-05-16",
                "text": "Sponsor introductory remarks on measure. (CR H5282-5285)"
            },
            "number": "2128",
            "policyArea": {
                "name": "Civil Rights and Liberties, Minority Issues"
            },
            "title": "Equal Opportunity Act of 1995",
            "type": "HR",
            "url": "https://api.congress.gov/v3/bill/104/hr/2128?format=json"
        },
        {
            "congress": 104,
            "introducedDate": "1995-06-14",
            "latestAction": {
                "actionDate": "1997-01-06",
                "text": "Message on Senate action sent to the House."
            },
            "number": "1833",
            "policyArea": {
                "name": "Crime and Law Enforcement"
            },
            "title": "Partial-Birth Abortion Ban Act of 1995",
            "type": "HR",
            "url": "https://api.congress.gov/v3/bill/104/hr/1833?format=json"
        },
        {
            "congress": 104,
            "introducedDate": "1995-02-14",
            "latestAction": {
                "actionDate": "1995-03-07",
                "text": "Received in the Senate and read twice and referred to the Committee on Environment and Public Works."
            },
            "number": "925",
            "policyArea": {
                "name": "Civil Rights and Liberties, Minority Issues"
            },
            "title": "Private Property Protection Act of 1995",
            "type": "HR",
            "url": "https://api.congress.gov/v3/bill/104/hr/925?format=json"
        },
        {
            "congress": 104,
            "introducedDate": "1995-02-02",
            "latestAction": {
                "actionDate": "1995-02-21",
                "text": "Referred to the Subcommittee Commerce, Trade, and Hazardous Materials."
            },
            "number": "795",
            "policyArea": {
                "name": "Environmental Protection"
            },
            "title": "To impose a moratorium on enforcement of the Comprehensive Environmental Response, Compensation, and Liability Act of 1980 (Superfund) against certain persons and on the authority under that Act for contribution actions.",
            "type": "HR",
            "url": "https://api.congress.gov/v3/bill/104/hr/795?format=json"
        },
        {
            "congress": 104,
            "introducedDate": "1995-01-18",
            "latestAction": {
                "actionDate": "1995-01-25",
                "text": "Referred to the Subcommittee on Crime."
            },
            "number": "554",
            "policyArea": {
                "name": "Crime and Law Enforcement"
            },
            "title": "Stop Turning Out Prisoners Act",
            "type": "HR",
            "url": "https://api.congress.gov/v3/bill/104/hr/554?format=json"
        },
        {
            "congress": 104,
            "introducedDate": "1995-11-29",
            "latestAction": {
                "actionDate": "1995-12-14",
                "text": "Message on Senate action sent to the House."
            },
            "number": "116",
            "policyArea": {
                "name": "Congress"
            },
            "title": "Directing the Secretary of the Senate to make technical corrections in the enrollment of S. 1060.",
            "type": "HCONRES",
            "url": "https://api.congress.gov/v3/bill/104/hconres/116?format=json"
        },
        {
            "congress": 105,
            "introducedDate": "1998-07-31",
            "latestAction": {
                "actionDate": "1998-07-31",
                "text": "Referred to the House Committee on Ways and Means."
            },
            "number": "4369",
            "policyArea": {
                "name": "Social Welfare"
            },
            "title": "Social Security Earnings Test Grace Year Act of 1998",
            "type": "HR",
            "url": "https://api.congress.gov/v3/bill/105/hr/4369?format=json"
        },
        {
            "congress": 105,
            "introducedDate": "1998-06-09",
            "latestAction": {
                "actionDate": "1998-08-06",
                "text": "Forwarded by Subcommittee to Full Committee (Amended) by Voice Vote."
            },
            "number": "4019",
            "policyArea": {
                "name": "Civil Rights and Liberties, Minority Issues"
            },
            "title": "Religious Liberty Protection Act of 1998",
            "type": "HR",
            "url": "https://api.congress.gov/v3/bill/105/hr/4019?format=json"
        },
        {
            "congress": 105,
            "introducedDate": "1998-04-30",
            "latestAction": {
                "actionDate": "1998-06-26",
                "text": "Referred to the Subcommittee on Courts and Intellectual Property."
            },
            "number": "3766",
            "policyArea": {
                "name": "Agriculture and Food"
            },
            "title": "Plant Protection Act",
            "type": "HR",
            "url": "https://api.congress.gov/v3/bill/105/hr/3766?format=json"
        },
        {
            "congress": 105,
            "introducedDate": "1998-02-04",
            "latestAction": {
                "actionDate": "1998-02-09",
                "text": "Referred to the Subcommittee on Courts and Intellectual Property."
            },
            "number": "3154",
            "policyArea": {
                "name": "Law"
            },
            "title": "Florida Federal Judgeship Act of 1998",
            "type": "HR",
            "url": "https://api.congress.gov/v3/bill/105/hr/3154?format=json"
        },
        {
            "congress": 105,
            "introducedDate": "1998-01-28",
            "latestAction": {
                "actionDate": "1998-05-15",
                "text": "Referred to Subcommittee on Constitution, Federalism, Property."
            },
            "number": "3117",
            "policyArea": {
                "name": "Civil Rights and Liberties, Minority Issues"
            },
            "title": "Civil Rights Commission Act of 1998",
            "type": "HR",
            "url": "https://api.congress.gov/v3/bill/105/hr/3117?format=json"
        },
        {
            "congress": 105,
            "introducedDate": "1997-10-28",
            "latestAction": {
                "actionDate": "1998-02-04",
                "text": "Referred to the Subcommittee on Courts and Intellectual Property."
            },
            "number": "2747",
            "policyArea": {
                "name": "Law"
            },
            "title": "To provide for limited circumstances under which compliance with a subpoena issued in connection with certain civil actions in a court of the United States shall not be required.",
            "type": "HR",
            "url": "https://api.congress.gov/v3/bill/105/hr/2747?format=json"
        },
        {
            "congress": 105,
            "introducedDate": "1997-06-26",
            "latestAction": {
                "actionDate": "1998-07-28",
                "text": "Referred to the Subcommittee on the Census."
            },
            "number": "2081",
            "policyArea": {
                "name": "Government Operations and Politics"
            },
            "title": "Family Caregiver Enumeration Act",
            "type": "HR",
            "url": "https://api.congress.gov/v3/bill/105/hr/2081?format=json"
        },
        {
            "congress": 105,
            "introducedDate": "1997-06-25",
            "latestAction": {
                "actionDate": "1998-04-21",
                "text": "Subcommittee Hearings Held."
            },
            "number": "2038",
            "policyArea": {
                "name": "Labor and Employment"
            },
            "title": "MSPA Clarification Act of 1997",
            "type": "HR",
            "url": "https://api.congress.gov/v3/bill/105/hr/2038?format=json"
        },
        {
            "congress": 105,
            "introducedDate": "1997-06-17",
            "latestAction": {
                "actionDate": "1997-11-06",
                "text": "Tabled by Committee by Yeas and Nays: 17-9."
            },
            "number": "1909",
            "policyArea": {
                "name": "Civil Rights and Liberties, Minority Issues"
            },
            "title": "Civil Rights Act of 1997",
            "type": "HR",
            "url": "https://api.congress.gov/v3/bill/105/hr/1909?format=json"
        },
        {
            "congress": 105,
            "introducedDate": "1997-06-12",
            "latestAction": {
                "actionDate": "1997-06-26",
                "text": "Referred to the Subcommittee on Water Resources and Environment."
            },
            "number": "1878",
            "policyArea": {
                "name": "Environmental Protection"
            },
            "title": "To impose an indefinite moratorium on enforcement of the Comprehensive Environmental Response, Compensation, and Liability Act of 1980 against certain de minimis parties.",
            "type": "HR",
            "url": "https://api.congress.gov/v3/bill/105/hr/1878?format=json"
        },
        {
            "congress": 105,
            "introducedDate": "1997-03-13",
            "latestAction": {
                "actionDate": "1997-03-21",
                "text": "Referred to the Subcommittee on Health and Environment, for a period to be subsequently determined by the Chairman."
            },
            "number": "1061",
            "policyArea": {
                "name": "Health"
            },
            "title": "To amend title XVIII of the Social Security Act to eliminate the time limitation on benefits for immunosuppressive drugs under the Medicare Program.",
            "type": "HR",
            "url": "https://api.congress.gov/v3/bill/105/hr/1061?format=json"
        },
        {
            "congress": 105,
            "introducedDate": "1997-03-05",
            "latestAction": {
                "actionDate": "1997-04-08",
                "text": "Sponsor introductory remarks on measure. (CR E585-586)"
            },
            "number": "929",
            "policyArea": {
                "name": "Crime and Law Enforcement"
            },
            "title": "Partial-Birth Abortion Ban Act of 1997",
            "type": "HR",
            "url": "https://api.congress.gov/v3/bill/105/hr/929?format=json"
        },
        {
            "congress": 105,
            "introducedDate": "1997-02-10",
            "latestAction": {
                "actionDate": "1997-03-05",
                "text": "Referred to the Subcommittee on Courts and Intellectual Property."
            },
            "number": "660",
            "policyArea": {
                "name": "Law"
            },
            "title": "To amend title 28, United States Code, to allow an interlocutory appeal from a court order determining whether an action may be maintained as a class action.",
            "type": "HR",
            "url": "https://api.congress.gov/v3/bill/105/hr/660?format=json"
        },
        {
            "congress": 105,
            "introducedDate": "1997-02-06",
            "latestAction": {
                "actionDate": "1997-02-06",
                "text": "Referred to the House Committee on Ways and Means."
            },
            "number": "631",
            "policyArea": {
                "name": "Taxation"
            },
            "title": "To amend the Internal Revenue Code of 1986 to place the burden on the Secretary of the Treasury of proving the accuracy of determinations forming a basis for certain notices of deficiency.",
            "type": "HR",
            "url": "https://api.congress.gov/v3/bill/105/hr/631?format=json"
        },
        {
            "congress": 105,
            "introducedDate": "1997-02-05",
            "latestAction": {
                "actionDate": "1997-02-11",
                "text": "Executive Comment Requested from USDA."
            },
            "number": "594",
            "policyArea": {
                "name": "Animals"
            },
            "title": "Pet Safety and Protection Act of 1997",
            "type": "HR",
            "url": "https://api.congress.gov/v3/bill/105/hr/594?format=json"
        },
        {
            "congress": 105,
            "introducedDate": "1997-02-04",
            "latestAction": {
                "actionDate": "1997-03-05",
                "text": "Referred to the Subcommittee on Courts and Intellectual Property."
            },
            "number": "520",
            "policyArea": {
                "name": "Law"
            },
            "title": "Peremptory Challenge Act of 1997",
            "type": "HR",
            "url": "https://api.congress.gov/v3/bill/105/hr/520?format=json"
        },
        {
            "congress": 105,
            "introducedDate": "1997-02-12",
            "latestAction": {
                "actionDate": "1997-02-12",
                "actionTime": "18:37:43",
                "text": "Motion to reconsider laid on the table Agreed to without objection."
            },
            "number": "52",
            "policyArea": {
                "name": "Congress"
            },
            "title": "Designating majority membership on certain standing committees of the House.",
            "type": "HRES",
            "url": "https://api.congress.gov/v3/bill/105/hres/52?format=json"
        }
    ]
}