{
    "pagination": {
        "count": 12
    },
    "request": {
        "bioguideId": "l000547",
        "contentType": "application/json",
        "format": "json"
    },
    "sponsoredLegislation": [
        {
            "congress": 97,
            "introducedDate": "1982-09-15",
            "latestAction": {
                "actionDate": "1982-09-20",
                "text": "Referred to Subcommittee on Courts, Civil Liberties, and the Administration of Justice."
            },
            "number": "7112",
            "policyArea": {
                "name": "Crime and Law Enforcement"
            },
            "title": "Arctic Penitentiary Act of 1982",
            "type": "HR",
            "url": "https://api.congress.gov/v3/bill/97/hr/7112?format=json"
        },
        {
            "congress": 97,
            "introducedDate": "1982-08-18",
            "latestAction": {
                "actionDate": "1982-08-23",
                "text": "Referred to Subcommittee on Courts, Civil Liberties, and the Administration of Justice."
            },
            "number": "7010",
            "policyArea": {
                "name": "Armed Forces and National Security"
            },
            "title": "Foreign Surveillance Prevention Act of 1982",
            "type": "HR",
            "url": "https://api.congress.gov/v3/bill/97/hr/7010?format=json"
        },
        {
            "congress": 97,
            "introducedDate": "1982-04-29",
            "latestAction": {
                "actionDate": "1982-06-07",
                "text": "Executive Comment Requested from OMB, OPM."
            },
            "number": "6235",
            "policyArea": {
                "name": "Labor and Employment"
            },
            "title": "Mandatory Retirement Abolition Act of 1982",
            "type": "HR",
            "url": "https://api.congress.gov/v3/bill/97/hr/6235?format=json"
        },
        {
            "congress": 97,
            "introducedDate": "1982-04-06",
            "latestAction": {
                "actionDate": "1982-04-23",
                "text": "Referred to Subcommittee on Select Education."
            },
            "number": "6098",
            "policyArea": {
                "name": "Education"
            },
            "title": "Helen Keller National Center Act",
            "type": "HR",
            "url": "https://api.congress.gov/v3/bill/97/hr/6098?format=json"
        },
        {
            "congress": 97,
            "introducedDate": "1981-12-11",
            "latestAction": {
                "actionDate": "1981-12-18",
                "text": "Referred to Subcommittee on Select Education."
            },
            "number": "5191",
            "policyArea": {
                "name": "Education"
            },
            "title": "Helen Keller National Center Act",
            "type": "HR",
            "url": "https://api.congress.gov/v3/bill/97/hr/5191?format=json"
        },
        {
            "congress": 97,
            "introducedDate": "1981-07-27",
            "latestAction": {
                "actionDate": "1981-07-27",
                "text": "Referred to House Committee on Ways and Means."
            },
            "number": "4274",
            "policyArea": {
                "name": "Taxation"
            },
            "title": "A bill to amend the Internal Revenue Code of 1954 to allow individuals a deduction for commuting expenses.",
            "type": "HR",
            "url": "https://api.congress.gov/v3/bill/97/hr/4274?format=json"
        },
        {
            "congress": 97,
            "introducedDate": "1981-06-09",
            "latestAction": {
                "actionDate": "1981-06-09",
                "text": "Referred to House Committee on Ways and Means."
            },
            "number": "3860",
            "policyArea": {
                "name": "Taxation"
            },
            "title": "Tuition Tax Relief Act of 1981",
            "type": "HR",
            "url": "https://api.congress.gov/v3/bill/97/hr/3860?format=json"
        },
        {
            "congress": 97,
            "introducedDate": "1981-06-02",
            "latestAction": {
                "actionDate": "1981-06-15",
                "text": "Referred to Subcommittee on Financial Institutions Supervision, Regulation and Insurance."
            },
            "number": "3762",
            "policyArea": {
                "name": "Finance and Financial Sector"
            },
            "title": "A bill to make State and local governments eligible for negotiable order of withdrawal accounts.",
            "type": "HR",
            "url": "https://api.congress.gov/v3/bill/97/hr/3762?format=json"
        },
        {
            "congress": 97,
            "introducedDate": "1981-09-22",
            "latestAction": {
                "actionDate": "1981-09-30",
                "text": "Referred to Subcommittee on Europe and the Middle East."
            },
            "number": "188",
            "policyArea": {
                "name": "Sports and Recreation"
            },
            "title": "A concurrent resolution expressing the sense of the Congress that the National Hockey League, the American Hockey League, the National Collegiate Athletic Association, and the Amateur Athletic Union should bar all teams from the United States from participating in any sports event involving the Soviet Union.",
            "type": "HCONRES",
            "url": "https://api.congress.gov/v3/bill/97/hconres/188?format=json"
        },
        {
            "congress": 97,
            "introducedDate": "1981-07-21",
            "latestAction": {
                "actionDate": "1981-08-03",
                "text": "Executive Comment Requested from Commerce, DOE, State."
            },
            "number": "159",
            "policyArea": {
                "name": "International Affairs"
            },
            "title": "A concurrent resolution expressing the sense of the Congress that the United States should not participate in the Yamal natural gas pipeline project, and urging the President to secure the cooperation of the nations of Western Europe and Japan in developing alternative Free World energy sources.",
            "type": "HCONRES",
            "url": "https://api.congress.gov/v3/bill/97/hconres/159?format=json"
        },
        {
            "congress": 97,
            "introducedDate": "1981-09-24",
            "latestAction": {
                "actionDate": "1981-09-30",
                "text": "Referred to Subcommittee on Europe and the Middle East."
            },
            "number": "191",
            "policyArea": {
                "name": "Sports and Recreation"
            },
            "title": "A concurrent resolution expressing the sense of the Congress that all athletic teams from the United States should refuse to participate in any sports event with athletic teams from the Union of Soviet Socialist Republics.",
            "type": "HCONRES",
            "url": "https://api.congress.gov/v3/bill/97/hconres/191?format=json"
        },
        {
            "congress": 97,
            "introducedDate": "1981-02-25",
            "latestAction": {
                "actionDate": "1981-03-05",
                "text": "Referred to Subcommittee on Europe and the Middle East."
            },
            "number": "79",
            "policyArea": {
                "name": "International Affairs"
            },
            "title": "A concurrent resolution expressing the sense of the Congress with respect to the interdependence of Israel and the United States, their ability to deter Soviet aggression in the Middle East, and their ability to retain freedom of action.",
            "type": "HCONRES",
            "url": "https://api.congress.gov/v3/bill/97/hconres/79?format=json"
        }
    ]
}