{
    "pagination": {
        "count": 19
    },
    "request": {
        "bioguideId": "y000067",
        "contentType": "application/json",
        "format": "json"
    },
    "sponsoredLegislation": [
        {
            "congress": 118,
            "introducedDate": "2024-06-27",
            "latestAction": {
                "actionDate": "2024-07-10",
                "text": "Subcommittee Hearings Held"
            },
            "number": "8854",
            "policyArea": {
                "name": null
            },
            "title": "To amend title 38, United States Code, to authorize the provision of certain additional burial benefits for individuals for whom an urn or plaque is furnished, and for other purposes.",
            "type": "HR",
            "url": "https://api.congress.gov/v3/bill/118/hr/8854?format=json"
        },
        {
            "congress": 118,
            "introducedDate": "2024-06-03",
            "latestAction": {
                "actionDate": "2024-06-03",
                "text": "Referred to the House Committee on Transportation and Infrastructure."
            },
            "number": "1268",
            "policyArea": {
                "name": null
            },
            "title": "Expressing support for the designation of the week of June 2 through June 8, 2024, as \"National Trailer Safety Week\" in the United States, and supporting the goals and ideals of National Trailer Safety Week to educate American motorists about the importance of proper towing techniques and maintenance.",
            "type": "HRES",
            "url": "https://api.congress.gov/v3/bill/118/hres/1268?format=json"
        },
        {
            "congress": 118,
            "introducedDate": "2024-05-21",
            "latestAction": {
                "actionDate": "2024-05-21",
                "text": "Referred to the House Committee on Education and the Workforce."
            },
            "number": "8468",
            "policyArea": {
                "name": null
            },
            "title": "No Debt Forgiveness for Self-Centered Pupils at Overpriced Institutions Lacking Effectively Disciplined Students Act",
            "type": "HR",
            "url": "https://api.congress.gov/v3/bill/118/hr/8468?format=json"
        },
        {
            "congress": 118,
            "introducedDate": "2024-05-10",
            "latestAction": {
                "actionDate": "2024-05-16",
                "text": "Ordered to be Reported (Amended) by the Yeas and Nays: 18 - 7."
            },
            "number": "8342",
            "policyArea": {
                "name": null
            },
            "title": "Improper Payments Transparency Act",
            "type": "HR",
            "url": "https://api.congress.gov/v3/bill/118/hr/8342?format=json"
        },
        {
            "congress": 118,
            "introducedDate": "2024-02-29",
            "latestAction": {
                "actionDate": "2024-02-29",
                "text": "Referred to the House Committee on Education and the Workforce."
            },
            "number": "7478",
            "policyArea": {
                "name": "Education"
            },
            "title": "Promote Restoring Order To End Campus Targeting of Jewish Students and Faculty Act",
            "type": "HR",
            "url": "https://api.congress.gov/v3/bill/118/hr/7478?format=json"
        },
        {
            "congress": 118,
            "introducedDate": "2024-02-28",
            "latestAction": {
                "actionDate": "2024-03-22",
                "text": "Referred to the Subcommittee on Health."
            },
            "number": "7464",
            "policyArea": {
                "name": "Armed Forces and National Security"
            },
            "title": "Sergeant Ted Grubbs Mental Healthcare for Disabled Veterans Act",
            "type": "HR",
            "url": "https://api.congress.gov/v3/bill/118/hr/7464?format=json"
        },
        {
            "congress": 118,
            "introducedDate": "2024-01-10",
            "latestAction": {
                "actionDate": "2024-01-10",
                "text": "Referred to the Committee on Oversight and Accountability, and in addition to the Committee on Foreign Affairs, for a period to be subsequently determined by the Speaker, in each case for consideration of such provisions as fall within the jurisdiction of the committee concerned."
            },
            "number": "6950",
            "policyArea": {
                "name": "Government Operations and Politics"
            },
            "title": "Working Dog Health and Welfare Act of 2024",
            "type": "HR",
            "url": "https://api.congress.gov/v3/bill/118/hr/6950?format=json"
        },
        {
            "congress": 118,
            "introducedDate": "2023-11-29",
            "latestAction": {
                "actionDate": "2023-11-29",
                "text": "Referred to the House Committee on the Judiciary."
            },
            "number": "104",
            "policyArea": {
                "name": "Economics and Public Finance"
            },
            "title": "Proposing a Federal debt limit amendment to the Constitution of the United States.",
            "type": "HJRES",
            "url": "https://api.congress.gov/v3/bill/118/hjres/104?format=json"
        },
        {
            "congress": 118,
            "introducedDate": "2023-11-01",
            "latestAction": {
                "actionDate": "2023-11-02",
                "text": "Sponsor introductory remarks on measure. (CR H5247)"
            },
            "number": "6129",
            "policyArea": {
                "name": "Environmental Protection"
            },
            "title": "Studying NEPA\u2019s Impact on Projects Act",
            "type": "HR",
            "url": "https://api.congress.gov/v3/bill/118/hr/6129?format=json"
        },
        {
            "congress": 118,
            "introducedDate": "2023-09-14",
            "latestAction": {
                "actionDate": "2023-09-15",
                "text": "Referred to the Subcommittee on Health."
            },
            "number": "5458",
            "policyArea": {
                "name": "Health"
            },
            "title": "BO\u2019s Act",
            "type": "HR",
            "url": "https://api.congress.gov/v3/bill/118/hr/5458?format=json"
        },
        {
            "congress": 118,
            "introducedDate": "2023-07-20",
            "latestAction": {
                "actionDate": "2023-09-13",
                "text": "Placed on the Union Calendar, Calendar No. 158."
            },
            "number": "4762",
            "policyArea": {
                "name": "Transportation and Public Works"
            },
            "title": "To amend title 49, United States Code, to extend the non-premium war risk insurance program.",
            "type": "HR",
            "url": "https://api.congress.gov/v3/bill/118/hr/4762?format=json"
        },
        {
            "congress": 118,
            "introducedDate": "2023-07-27",
            "latestAction": {
                "actionDate": "2023-07-28",
                "text": "Referred to the Subcommittee on Water Resources and Environment."
            },
            "number": "4956",
            "policyArea": {
                "name": "Agriculture and Food"
            },
            "title": "Farmer-Informed WOTUS Act of 2023",
            "type": "HR",
            "url": "https://api.congress.gov/v3/bill/118/hr/4956?format=json"
        },
        {
            "congress": 118,
            "introducedDate": "2023-06-09",
            "latestAction": {
                "actionDate": "2023-06-09",
                "text": "Referred to the House Committee on Ways and Means."
            },
            "number": "3999",
            "policyArea": {
                "name": "Foreign Trade and International Finance"
            },
            "title": "To provide for the reliquidation of certain entries of golf cart tires.",
            "type": "HR",
            "url": "https://api.congress.gov/v3/bill/118/hr/3999?format=json"
        },
        {
            "congress": 118,
            "introducedDate": "2023-06-09",
            "latestAction": {
                "actionDate": "2023-06-12",
                "text": "Referred to the Subcommittee on Highways and Transit."
            },
            "number": "3998",
            "policyArea": {
                "name": "Transportation and Public Works"
            },
            "title": "Jackie Walorski Enhancing Necessary Data on Illegal School Bus Passing Act",
            "type": "HR",
            "url": "https://api.congress.gov/v3/bill/118/hr/3998?format=json"
        },
        {
            "congress": 118,
            "introducedDate": "2023-06-06",
            "latestAction": {
                "actionDate": "2023-06-07",
                "text": "Referred to the Subcommittee on Highways and Transit."
            },
            "number": "467",
            "policyArea": {
                "name": "Transportation and Public Works"
            },
            "title": "Expressing support for the designation of the week of June 4 through June 10, 2023, as \"National Trailer Safety Week\" in the United States, and supporting the goals and ideals of National Trailer Safety Week to educate American motorists about the importance of proper towing techniques and maintenance.",
            "type": "HRES",
            "url": "https://api.congress.gov/v3/bill/118/hres/467?format=json"
        },
        {
            "congress": 118,
            "introducedDate": "2023-05-24",
            "latestAction": {
                "actionDate": "2023-05-24",
                "text": "Referred to the House Committee on Ways and Means."
            },
            "number": "3624",
            "policyArea": {
                "name": "Taxation"
            },
            "title": "Travel Trailer and Camper Tax Parity Act",
            "type": "HR",
            "url": "https://api.congress.gov/v3/bill/118/hr/3624?format=json"
        },
        {
            "congress": 118,
            "introducedDate": "2023-05-18",
            "latestAction": {
                "actionDate": "2023-05-19",
                "text": "Referred to the Subcommittee on Aviation."
            },
            "number": "3459",
            "policyArea": {
                "name": "Transportation and Public Works"
            },
            "title": "Increasing Competitiveness for American Drones Act of 2023",
            "type": "HR",
            "url": "https://api.congress.gov/v3/bill/118/hr/3459?format=json"
        },
        {
            "congress": 118,
            "introducedDate": "2023-04-18",
            "latestAction": {
                "actionDate": "2023-04-18",
                "text": "Referred to the House Committee on the Judiciary."
            },
            "number": "55",
            "policyArea": {
                "name": "Economics and Public Finance"
            },
            "title": "Proposing a balanced budget amendment to the Constitution of the United States.",
            "type": "HJRES",
            "url": "https://api.congress.gov/v3/bill/118/hjres/55?format=json"
        },
        {
            "amendmentNumber": "98",
            "congress": 118,
            "introducedDate": "2023-03-01",
            "latestAction": {
                "actionDate": "2023-03-01",
                "actionTime": "10:12:39",
                "text": "On agreeing to the Yakym amendment (A014) Agreed to by voice vote. "
            },
            "type": null,
            "url": "https://api.congress.gov/v3/amendment/118/hamdt/98?format=json"
        }
    ]
}