{
    "pagination": {
        "count": 131
    },
    "request": {
        "bioguideId": "o000175",
        "contentType": "application/json",
        "format": "json"
    },
    "sponsoredLegislation": [
        {
            "congress": 118,
            "introducedDate": "2024-07-11",
            "latestAction": {
                "actionDate": "2024-07-11",
                "text": "Referred to the House Committee on Natural Resources."
            },
            "number": "9017",
            "policyArea": {
                "name": null
            },
            "title": "To amend the Mineral Leasing Act to make certain adjustments to the royalty rates for leases for oil and gas extraction on Federal land, and for other purposes.",
            "type": "HR",
            "url": "https://api.congress.gov/v3/bill/118/hr/9017?format=json"
        },
        {
            "congress": 118,
            "introducedDate": "2024-07-11",
            "latestAction": {
                "actionDate": "2024-07-11",
                "text": "Referred to the House Committee on the Judiciary."
            },
            "number": "9016",
            "policyArea": {
                "name": null
            },
            "title": "To amend title 18, United States Code, to provide for enhanced punishments for offenders who commit sexual abuse while unlawfully present in the United States.",
            "type": "HR",
            "url": "https://api.congress.gov/v3/bill/118/hr/9016?format=json"
        },
        {
            "congress": 118,
            "introducedDate": "2024-07-10",
            "latestAction": {
                "actionDate": "2024-07-10",
                "text": "Referred to the House Committee on the Judiciary."
            },
            "number": "8985",
            "policyArea": {
                "name": null
            },
            "title": "To provide for certain conditions on the enforcement of surrogacy contracts.",
            "type": "HR",
            "url": "https://api.congress.gov/v3/bill/118/hr/8985?format=json"
        },
        {
            "amendmentNumber": "1077",
            "congress": 118,
            "introducedDate": "2024-06-27",
            "latestAction": {
                "actionDate": "2024-06-27",
                "actionTime": "15:01:03",
                "text": "On agreeing to the Ogles amendment (A011) Agreed to by voice vote."
            },
            "type": null,
            "url": "https://api.congress.gov/v3/amendment/118/hamdt/1077?format=json"
        },
        {
            "amendmentNumber": "1055",
            "congress": 118,
            "introducedDate": "2024-06-27",
            "latestAction": {
                "actionDate": "2024-06-27",
                "actionTime": "11:56:43",
                "text": "On agreeing to the Ogles amendment (A027) Agreed to by recorded vote: 216 - 197 (Roll no. 314). (consideration: CR H4345-4346)"
            },
            "type": null,
            "url": "https://api.congress.gov/v3/amendment/118/hamdt/1055?format=json"
        },
        {
            "amendmentNumber": "1053",
            "congress": 118,
            "introducedDate": "2024-06-27",
            "latestAction": {
                "actionDate": "2024-06-27",
                "actionTime": "09:34:53",
                "text": "On agreeing to the Ogles amendment (A025) Agreed to by voice vote."
            },
            "type": null,
            "url": "https://api.congress.gov/v3/amendment/118/hamdt/1053?format=json"
        },
        {
            "amendmentNumber": "1078",
            "congress": 118,
            "introducedDate": "2024-06-27",
            "latestAction": {
                "actionDate": "2024-06-27",
                "actionTime": "15:09:15",
                "text": "On agreeing to the Ogles amendment (A012) Agreed to by voice vote."
            },
            "type": null,
            "url": "https://api.congress.gov/v3/amendment/118/hamdt/1078?format=json"
        },
        {
            "amendmentNumber": "1054",
            "congress": 118,
            "introducedDate": "2024-06-27",
            "latestAction": {
                "actionDate": "2024-06-27",
                "actionTime": "09:41:48",
                "text": "On agreeing to the Ogles amendment (A026) Agreed to by voice vote."
            },
            "type": null,
            "url": "https://api.congress.gov/v3/amendment/118/hamdt/1054?format=json"
        },
        {
            "amendmentNumber": "1018",
            "congress": 118,
            "introducedDate": "2024-06-26",
            "latestAction": {
                "actionDate": "2024-06-26",
                "actionTime": "16:26:13",
                "text": "On agreeing to the Ogles amendment (A021) Agreed to by recorded vote: 204 - 203 (Roll no. 291)."
            },
            "type": null,
            "url": "https://api.congress.gov/v3/amendment/118/hamdt/1018?format=json"
        },
        {
            "amendmentNumber": "1019",
            "congress": 118,
            "introducedDate": "2024-06-26",
            "latestAction": {
                "actionDate": "2024-06-26",
                "actionTime": "14:26:00",
                "text": "On agreeing to the Ogles amendment (A022) Agreed to by voice vote."
            },
            "type": null,
            "url": "https://api.congress.gov/v3/amendment/118/hamdt/1019?format=json"
        },
        {
            "amendmentNumber": "1016",
            "congress": 118,
            "introducedDate": "2024-06-26",
            "latestAction": {
                "actionDate": "2024-06-26",
                "actionTime": "16:12:33",
                "text": "On agreeing to the Ogles amendment (A019) Agreed to by recorded vote: 207 - 206 (Roll no. 289)."
            },
            "type": null,
            "url": "https://api.congress.gov/v3/amendment/118/hamdt/1016?format=json"
        },
        {
            "amendmentNumber": "1017",
            "congress": 118,
            "introducedDate": "2024-06-26",
            "latestAction": {
                "actionDate": "2024-06-26",
                "actionTime": "14:13:53",
                "text": "On agreeing to the Ogles amendment (A020) Agreed to by voice vote."
            },
            "type": null,
            "url": "https://api.congress.gov/v3/amendment/118/hamdt/1017?format=json"
        },
        {
            "amendmentNumber": "1015",
            "congress": 118,
            "introducedDate": "2024-06-26",
            "latestAction": {
                "actionDate": "2024-06-26",
                "actionTime": "14:04:04",
                "text": "On agreeing to the Ogles amendment (A018) Agreed to by voice vote."
            },
            "type": null,
            "url": "https://api.congress.gov/v3/amendment/118/hamdt/1015?format=json"
        },
        {
            "congress": 118,
            "introducedDate": "2024-06-26",
            "latestAction": {
                "actionDate": "2024-06-26",
                "text": "Referred to the House Committee on Foreign Affairs."
            },
            "number": "8847",
            "policyArea": {
                "name": null
            },
            "title": "To require the inclusion of the Ministry of Public Security's Institute of Forensic Science of China on the entity list maintained by the Bureau of Industry and Security of the Department of Commerce, and for other purposes.",
            "type": "HR",
            "url": "https://api.congress.gov/v3/bill/118/hr/8847?format=json"
        },
        {
            "amendmentNumber": "985",
            "congress": 118,
            "introducedDate": "2024-06-13",
            "latestAction": {
                "actionDate": "2024-06-13",
                "actionTime": "14:55:16",
                "text": "On agreeing to the Ogles amendment (A027) Agreed to by voice vote."
            },
            "type": null,
            "url": "https://api.congress.gov/v3/amendment/118/hamdt/985?format=json"
        },
        {
            "congress": 118,
            "introducedDate": "2024-06-13",
            "latestAction": {
                "actionDate": "2024-06-13",
                "text": "Referred to the Committee on Energy and Commerce, and in addition to the Committees on Transportation and Infrastructure, and Science, Space, and Technology, for a period to be subsequently determined by the Speaker, in each case for consideration of such provisions as fall within the jurisdiction of the committee concerned."
            },
            "number": "8737",
            "policyArea": {
                "name": null
            },
            "title": "To amend the Infrastructure and Investment and Jobs Act to repeal the authority of the Secretary of Energy and the Secretary of Transportation to maintain an electric vehicle working group, and for other purposes.",
            "type": "HR",
            "url": "https://api.congress.gov/v3/bill/118/hr/8737?format=json"
        },
        {
            "congress": 118,
            "introducedDate": "2024-06-13",
            "latestAction": {
                "actionDate": "2024-06-27",
                "text": "Sponsor introductory remarks on measure. (CR H4325)"
            },
            "number": "8736",
            "policyArea": {
                "name": null
            },
            "title": "To require the President to notify Congress of each instance the President takes certain drugs relating to cognitive function, and for other purposes.",
            "type": "HR",
            "url": "https://api.congress.gov/v3/bill/118/hr/8736?format=json"
        },
        {
            "amendmentNumber": "962",
            "congress": 118,
            "introducedDate": "2024-06-12",
            "latestAction": {
                "actionDate": "2024-06-12",
                "actionTime": "13:49:53",
                "text": "On agreeing to the Ogles amendment (A004) Agreed to by voice vote."
            },
            "type": null,
            "url": "https://api.congress.gov/v3/amendment/118/hamdt/962?format=json"
        },
        {
            "amendmentNumber": "947",
            "congress": 118,
            "introducedDate": "2024-06-04",
            "latestAction": {
                "actionDate": "2024-06-04",
                "actionTime": "14:39:19",
                "text": "On agreeing to the Ogles amendment (A020) Agreed to by voice vote."
            },
            "type": null,
            "url": "https://api.congress.gov/v3/amendment/118/hamdt/947?format=json"
        },
        {
            "amendmentNumber": "943",
            "congress": 118,
            "introducedDate": "2024-06-04",
            "latestAction": {
                "actionDate": "2024-06-04",
                "actionTime": "14:24:18",
                "text": "On agreeing to the Ogles amendment (A016) Agreed to by voice vote."
            },
            "type": null,
            "url": "https://api.congress.gov/v3/amendment/118/hamdt/943?format=json"
        },
        {
            "amendmentNumber": "946",
            "congress": 118,
            "introducedDate": "2024-06-04",
            "latestAction": {
                "actionDate": "2024-06-04",
                "actionTime": "14:36:31",
                "text": "On agreeing to the Ogles amendment (A019) Agreed to by voice vote."
            },
            "type": null,
            "url": "https://api.congress.gov/v3/amendment/118/hamdt/946?format=json"
        },
        {
            "amendmentNumber": "945",
            "congress": 118,
            "introducedDate": "2024-06-04",
            "latestAction": {
                "actionDate": "2024-06-04",
                "actionTime": "14:33:36",
                "text": "On agreeing to the Ogles amendment (A018) Agreed to by voice vote."
            },
            "type": null,
            "url": "https://api.congress.gov/v3/amendment/118/hamdt/945?format=json"
        },
        {
            "amendmentNumber": "944",
            "congress": 118,
            "introducedDate": "2024-06-04",
            "latestAction": {
                "actionDate": "2024-06-04",
                "actionTime": "14:27:06",
                "text": "On agreeing to the Ogles amendment (A017) Agreed to by voice vote."
            },
            "type": null,
            "url": "https://api.congress.gov/v3/amendment/118/hamdt/944?format=json"
        },
        {
            "amendmentNumber": "924",
            "congress": 118,
            "introducedDate": "2024-05-23",
            "latestAction": {
                "actionDate": "2024-05-23",
                "actionTime": "13:36:29",
                "text": "On agreeing to the Ogles amendment (A001) Agreed to by recorded vote: 204 - 176 (Roll no. 227)."
            },
            "type": null,
            "url": "https://api.congress.gov/v3/amendment/118/hamdt/924?format=json"
        },
        {
            "congress": 118,
            "introducedDate": "2024-05-23",
            "latestAction": {
                "actionDate": "2024-05-23",
                "text": "Referred to the House Committee on Foreign Affairs."
            },
            "number": "8550",
            "policyArea": {
                "name": null
            },
            "title": "To provide for the prohibition on the use of United States passports for travel to, in, or through the Turks and Caicos Islands.",
            "type": "HR",
            "url": "https://api.congress.gov/v3/bill/118/hr/8550?format=json"
        },
        {
            "congress": 118,
            "introducedDate": "2024-05-23",
            "latestAction": {
                "actionDate": "2024-05-23",
                "text": "Referred to the House Committee on Intelligence (Permanent Select)."
            },
            "number": "8551",
            "policyArea": {
                "name": null
            },
            "title": "To require the Director of National Intelligence to prepare and make available a report on the wealth and corrupt activities of the leadership of the Chinese Communist Party, and for other purposes.",
            "type": "HR",
            "url": "https://api.congress.gov/v3/bill/118/hr/8551?format=json"
        },
        {
            "congress": 118,
            "introducedDate": "2024-05-23",
            "latestAction": {
                "actionDate": "2024-05-23",
                "text": "Referred to the House Committee on Education and the Workforce."
            },
            "number": "8549",
            "policyArea": {
                "name": null
            },
            "title": "To prohibit any person convicted of an unlawful activity on or after October 7, 2023, on a college campus from being eligible for public service loan forgiveness.",
            "type": "HR",
            "url": "https://api.congress.gov/v3/bill/118/hr/8549?format=json"
        },
        {
            "congress": 118,
            "introducedDate": "2024-05-15",
            "latestAction": {
                "actionDate": "2024-05-15",
                "text": "Referred to the House Committee on the Judiciary."
            },
            "number": "8410",
            "policyArea": {
                "name": null
            },
            "title": "Let Trump Speak Act",
            "type": "HR",
            "url": "https://api.congress.gov/v3/bill/118/hr/8410?format=json"
        },
        {
            "congress": 118,
            "introducedDate": "2024-05-14",
            "latestAction": {
                "actionDate": "2024-05-14",
                "text": "Referred to the Committee on Financial Services, and in addition to the Committee on Agriculture, for a period to be subsequently determined by the Speaker, in each case for consideration of such provisions as fall within the jurisdiction of the committee concerned."
            },
            "number": "8394",
            "policyArea": {
                "name": null
            },
            "title": "To restrict the Chinese Government from accessing United States capital markets and exchanges if it fails to comply with international laws relating to finance, trade, and commerce.",
            "type": "HR",
            "url": "https://api.congress.gov/v3/bill/118/hr/8394?format=json"
        },
        {
            "congress": 118,
            "introducedDate": "2024-05-08",
            "latestAction": {
                "actionDate": "2024-05-08",
                "text": "Referred to the House Committee on the Judiciary."
            },
            "number": "8322",
            "policyArea": {
                "name": null
            },
            "title": "Study Abroad Act",
            "type": "HR",
            "url": "https://api.congress.gov/v3/bill/118/hr/8322?format=json"
        },
        {
            "congress": 118,
            "introducedDate": "2024-05-08",
            "latestAction": {
                "actionDate": "2024-05-08",
                "text": "Referred to the House Committee on Foreign Affairs."
            },
            "number": "8321",
            "policyArea": {
                "name": null
            },
            "title": "Antisemitism Community Service Act",
            "type": "HR",
            "url": "https://api.congress.gov/v3/bill/118/hr/8321?format=json"
        },
        {
            "congress": 118,
            "introducedDate": "2024-04-11",
            "latestAction": {
                "actionDate": "2024-04-12",
                "text": "Referred to the Subcommittee on Health."
            },
            "number": "7964",
            "policyArea": {
                "name": "Health"
            },
            "title": "Defunding Unscientific Mask Mandates Act of 2024",
            "type": "HR",
            "url": "https://api.congress.gov/v3/bill/118/hr/7964?format=json"
        },
        {
            "congress": 118,
            "introducedDate": "2024-03-26",
            "latestAction": {
                "actionDate": "2024-03-26",
                "text": "Referred to the House Committee on Financial Services."
            },
            "number": "121",
            "policyArea": {
                "name": "Finance and Financial Sector"
            },
            "title": "Providing for congressional disapproval under chapter 8 of title 5, United States Code, of the rule submitted by the Bureau of Consumer Financial Protection relating to \"Credit Card Penalty Fees (Regulation Z)\".",
            "type": "HJRES",
            "url": "https://api.congress.gov/v3/bill/118/hjres/121?format=json"
        },
        {
            "congress": 118,
            "introducedDate": "2024-03-21",
            "latestAction": {
                "actionDate": "2024-03-21",
                "text": "Referred to the House Committee on Education and the Workforce."
            },
            "number": "7783",
            "policyArea": {
                "name": "Labor and Employment"
            },
            "title": "To nullify certain documents issued by the Equal Employment Opportunity Commission relating to gender-based workplace discrimination.",
            "type": "HR",
            "url": "https://api.congress.gov/v3/bill/118/hr/7783?format=json"
        },
        {
            "congress": 118,
            "introducedDate": "2024-03-06",
            "latestAction": {
                "actionDate": "2024-03-06",
                "text": "Referred to the House Committee on Oversight and Accountability."
            },
            "number": "7570",
            "policyArea": {
                "name": "Economics and Public Finance"
            },
            "title": "Shrinkflation Reduction Act",
            "type": "HR",
            "url": "https://api.congress.gov/v3/bill/118/hr/7570?format=json"
        },
        {
            "congress": 118,
            "introducedDate": "2024-02-16",
            "latestAction": {
                "actionDate": "2024-02-16",
                "text": "Referred to the House Committee on the Judiciary."
            },
            "number": "1020",
            "policyArea": {
                "name": "Labor and Employment"
            },
            "title": "Expresses steadfast resolve with the people of Texas, condemns the current administration's efforts to impose the consequences of illegal immigration on the States, and considers, pursuant to article III, section 3 of the Constitution, Joe Biden to be guilty of treason against the people of the United States.",
            "type": "HRES",
            "url": "https://api.congress.gov/v3/bill/118/hres/1020?format=json"
        },
        {
            "congress": 118,
            "introducedDate": "2024-02-16",
            "latestAction": {
                "actionDate": "2024-02-16",
                "text": "Referred to the House Committee on the Judiciary."
            },
            "number": "1021",
            "policyArea": {
                "name": "Government Operations and Politics"
            },
            "title": "Providing the sense of the House of Representatives that the political persecution of President Donald J. Trump is morally unjustifiable and has damaged institutional trust to an extraordinary degree; that the Biden administration's weaponization of the Federal Government against Donald Trump, the Republican Party's nominee for President in 2024, must end; that those responsible for the persecution of Donald Trump within the Biden administration must be held accountable by Congress; and that the United States would benefit enormously from having Donald J. Trump inaugurated once again as the President of the United States on January 20, 2025.",
            "type": "HRES",
            "url": "https://api.congress.gov/v3/bill/118/hres/1021?format=json"
        },
        {
            "congress": 118,
            "introducedDate": "2024-02-14",
            "latestAction": {
                "actionDate": "2024-02-14",
                "text": "Referred to the House Committee on Foreign Affairs."
            },
            "number": "7358",
            "policyArea": {
                "name": "International Affairs"
            },
            "title": "No Carveouts for Terrorists Act",
            "type": "HR",
            "url": "https://api.congress.gov/v3/bill/118/hr/7358?format=json"
        },
        {
            "congress": 118,
            "introducedDate": "2024-02-06",
            "latestAction": {
                "actionDate": "2024-02-06",
                "text": "Referred to the House Committee on the Judiciary."
            },
            "number": "7259",
            "policyArea": {
                "name": "Immigration"
            },
            "title": "Sending Evading Non-Documented Threats Home Especially Migrants Biden Accepted Carelessly and Knowingly Act of 2024",
            "type": "HR",
            "url": "https://api.congress.gov/v3/bill/118/hr/7259?format=json"
        },
        {
            "congress": 118,
            "introducedDate": "2024-02-01",
            "latestAction": {
                "actionDate": "2024-02-01",
                "text": "Referred to the House Committee on the Judiciary."
            },
            "number": "7206",
            "policyArea": {
                "name": "International Affairs"
            },
            "title": "UNRWA FTO Designation Act",
            "type": "HR",
            "url": "https://api.congress.gov/v3/bill/118/hr/7206?format=json"
        },
        {
            "congress": 118,
            "introducedDate": "2024-01-30",
            "latestAction": {
                "actionDate": "2024-01-30",
                "text": "Referred to the House Committee on Financial Services."
            },
            "number": "7143",
            "policyArea": {
                "name": "Finance and Financial Sector"
            },
            "title": "Stop Basel Endgame Act",
            "type": "HR",
            "url": "https://api.congress.gov/v3/bill/118/hr/7143?format=json"
        },
        {
            "congress": 118,
            "introducedDate": "2024-01-12",
            "latestAction": {
                "actionDate": "2024-01-12",
                "text": "Referred to the House Committee on Appropriations."
            },
            "number": "964",
            "policyArea": {
                "name": "Economics and Public Finance"
            },
            "title": "Providing the sense of the House of Representatives that the House should not adjourn until the annual appropriation bills within the jurisdiction of all the subcommittees of the Committee on Appropriations for the current fiscal year are enacted into law.",
            "type": "HRES",
            "url": "https://api.congress.gov/v3/bill/118/hres/964?format=json"
        },
        {
            "congress": 118,
            "introducedDate": "2023-12-19",
            "latestAction": {
                "actionDate": "2023-12-19",
                "text": "Referred to the House Committee on Financial Services."
            },
            "number": "6870",
            "policyArea": {
                "name": "Finance and Financial Sector"
            },
            "title": "To amend the Equal Credit Opportunity Act to clarify creditor's rights and remedies with respect to the consideration of immigration status with respect to the extension of credit, and for other purposes.",
            "type": "HR",
            "url": "https://api.congress.gov/v3/bill/118/hr/6870?format=json"
        },
        {
            "congress": 118,
            "introducedDate": "2023-12-01",
            "latestAction": {
                "actionDate": "2023-12-01",
                "text": "Referred to the House Committee on Oversight and Accountability."
            },
            "number": "6558",
            "policyArea": {
                "name": "Government Operations and Politics"
            },
            "title": "Enabling Necessary Discipline with the Defense of Executives\u2019 Endeavors to Properly Staff Their Agencies with Trustworthy Employees Act",
            "type": "HR",
            "url": "https://api.congress.gov/v3/bill/118/hr/6558?format=json"
        },
        {
            "congress": 118,
            "introducedDate": "2023-11-21",
            "latestAction": {
                "actionDate": "2023-11-21",
                "text": "Referred to the House Committee on Rules."
            },
            "number": "890",
            "policyArea": {
                "name": "Congress"
            },
            "title": "Amending the Rules of the House of Representatives to establish the Committee on the Elimination of Nonessential Federal Programs.",
            "type": "HRES",
            "url": "https://api.congress.gov/v3/bill/118/hres/890?format=json"
        },
        {
            "congress": 118,
            "introducedDate": "2023-11-15",
            "latestAction": {
                "actionDate": "2023-11-15",
                "text": "Referred to the House Committee on Oversight and Accountability."
            },
            "number": "6432",
            "policyArea": {
                "name": "Government Operations and Politics"
            },
            "title": "Safeguarding Honest Speech Act",
            "type": "HR",
            "url": "https://api.congress.gov/v3/bill/118/hr/6432?format=json"
        },
        {
            "congress": 118,
            "introducedDate": "2023-11-15",
            "latestAction": {
                "actionDate": "2023-11-15",
                "text": "Referred to the House Committee on Foreign Affairs."
            },
            "number": "6431",
            "policyArea": {
                "name": "International Affairs"
            },
            "title": "Trust But Verify Act",
            "type": "HR",
            "url": "https://api.congress.gov/v3/bill/118/hr/6431?format=json"
        },
        {
            "congress": 118,
            "introducedDate": "2023-11-01",
            "latestAction": {
                "actionDate": "2023-11-01",
                "text": "Referred to the House Committee on the Judiciary."
            },
            "number": "6164",
            "policyArea": {
                "name": "Immigration"
            },
            "title": "No TPS for Terrorists Act",
            "type": "HR",
            "url": "https://api.congress.gov/v3/bill/118/hr/6164?format=json"
        },
        {
            "congress": 118,
            "introducedDate": "2023-10-26",
            "latestAction": {
                "actionDate": "2023-10-26",
                "text": "Referred to the House Committee on the Judiciary."
            },
            "number": "6099",
            "policyArea": {
                "name": "Immigration"
            },
            "title": "Evicting Violent Islamic Criminals That Entered Deviously Act",
            "type": "HR",
            "url": "https://api.congress.gov/v3/bill/118/hr/6099?format=json"
        },
        {
            "congress": 118,
            "introducedDate": "2023-10-25",
            "latestAction": {
                "actionDate": "2023-10-25",
                "text": "Referred to the House Committee on Foreign Affairs."
            },
            "number": "6060",
            "policyArea": {
                "name": "International Affairs"
            },
            "title": "Defunding Israel\u2019s Enemies Act",
            "type": "HR",
            "url": "https://api.congress.gov/v3/bill/118/hr/6060?format=json"
        },
        {
            "congress": 118,
            "introducedDate": "2023-09-29",
            "latestAction": {
                "actionDate": "2023-09-29",
                "text": "Referred to the House Committee on House Administration."
            },
            "number": "5853",
            "policyArea": {
                "name": "Congress"
            },
            "title": "No Budget, No Pay Act",
            "type": "HR",
            "url": "https://api.congress.gov/v3/bill/118/hr/5853?format=json"
        },
        {
            "congress": 118,
            "introducedDate": "2023-09-28",
            "latestAction": {
                "actionDate": "2023-09-28",
                "text": "Referred to the House Committee on the Judiciary."
            },
            "number": "5806",
            "policyArea": {
                "name": "Crime and Law Enforcement"
            },
            "title": "Ending Chemical Abortions Act of 2023",
            "type": "HR",
            "url": "https://api.congress.gov/v3/bill/118/hr/5806?format=json"
        },
        {
            "congress": 118,
            "introducedDate": "2023-09-26",
            "latestAction": {
                "actionDate": "2023-09-26",
                "text": "Referred to the House Committee on Oversight and Accountability."
            },
            "number": "5726",
            "policyArea": {
                "name": "Government Operations and Politics"
            },
            "title": "Denying Pensions to Convicted Child Molesters Act of 2023",
            "type": "HR",
            "url": "https://api.congress.gov/v3/bill/118/hr/5726?format=json"
        },
        {
            "congress": 118,
            "introducedDate": "2023-09-21",
            "latestAction": {
                "actionDate": "2023-09-22",
                "text": "Referred to the Subcommittee on Energy, Climate and Grid Security."
            },
            "number": "91",
            "policyArea": {
                "name": "Energy"
            },
            "title": "Providing for congressional disapproval under chapter 8 of title 5, United States Code, of the rule submitted by the Department of Energy relating to the \"Energy Conservation Program: Test Procedure for Consumer Water Heaters and Residential-Duty Commercial Water Heaters\".",
            "type": "HJRES",
            "url": "https://api.congress.gov/v3/bill/118/hjres/91?format=json"
        },
        {
            "congress": 118,
            "introducedDate": "2023-09-21",
            "latestAction": {
                "actionDate": "2023-09-22",
                "text": "Referred to the Subcommittee on Energy, Climate and Grid Security."
            },
            "number": "5654",
            "policyArea": {
                "name": "Energy"
            },
            "title": "Hot Showers Act",
            "type": "HR",
            "url": "https://api.congress.gov/v3/bill/118/hr/5654?format=json"
        },
        {
            "congress": 118,
            "introducedDate": "2023-09-20",
            "latestAction": {
                "actionDate": "2023-09-20",
                "text": "Referred to the House Committee on Financial Services."
            },
            "number": "5602",
            "policyArea": {
                "name": "Finance and Financial Sector"
            },
            "title": "Interest Rate Risk Reporting Act",
            "type": "HR",
            "url": "https://api.congress.gov/v3/bill/118/hr/5602?format=json"
        },
        {
            "congress": 118,
            "introducedDate": "2023-09-18",
            "latestAction": {
                "actionDate": "2023-09-18",
                "text": "Referred to the House Committee on the Judiciary."
            },
            "number": "5550",
            "policyArea": {
                "name": "International Affairs"
            },
            "title": "Blocking the Entry of Malign Actors Act",
            "type": "HR",
            "url": "https://api.congress.gov/v3/bill/118/hr/5550?format=json"
        },
        {
            "congress": 118,
            "introducedDate": "2023-09-18",
            "latestAction": {
                "actionDate": "2023-09-18",
                "text": "Referred to the House Committee on Financial Services."
            },
            "number": "5549",
            "policyArea": {
                "name": "Finance and Financial Sector"
            },
            "title": "End of GSE Conservatorship Preparation Act of 2023",
            "type": "HR",
            "url": "https://api.congress.gov/v3/bill/118/hr/5549?format=json"
        },
        {
            "congress": 118,
            "introducedDate": "2023-09-14",
            "latestAction": {
                "actionDate": "2023-09-14",
                "text": "Referred to the House Committee on Education and the Workforce."
            },
            "number": "5505",
            "policyArea": {
                "name": "Education"
            },
            "title": "Educating Responsible Future Hunters Act",
            "type": "HR",
            "url": "https://api.congress.gov/v3/bill/118/hr/5505?format=json"
        },
        {
            "congress": 118,
            "introducedDate": "2023-09-13",
            "latestAction": {
                "actionDate": "2023-09-13",
                "text": "Referred to the Committee on Foreign Affairs, and in addition to the Committee on the Judiciary, for a period to be subsequently determined by the Speaker, in each case for consideration of such provisions as fall within the jurisdiction of the committee concerned."
            },
            "number": "5448",
            "policyArea": {
                "name": "International Affairs"
            },
            "title": "Countering CCP Fentanyl Trafficking Act",
            "type": "HR",
            "url": "https://api.congress.gov/v3/bill/118/hr/5448?format=json"
        },
        {
            "congress": 118,
            "introducedDate": "2023-09-13",
            "latestAction": {
                "actionDate": "2023-09-13",
                "text": "Referred to the House Committee on Financial Services."
            },
            "number": "5447",
            "policyArea": {
                "name": "Finance and Financial Sector"
            },
            "title": "No Alipay Act of 2023",
            "type": "HR",
            "url": "https://api.congress.gov/v3/bill/118/hr/5447?format=json"
        },
        {
            "congress": 118,
            "introducedDate": "2023-08-11",
            "latestAction": {
                "actionDate": "2023-08-11",
                "text": "Referred to the House Committee on the Judiciary."
            },
            "number": "5194",
            "policyArea": {
                "name": "Crime and Law Enforcement"
            },
            "title": "YOU\u2019RE FIRED Act",
            "type": "HR",
            "url": "https://api.congress.gov/v3/bill/118/hr/5194?format=json"
        },
        {
            "congress": 118,
            "introducedDate": "2023-08-11",
            "latestAction": {
                "actionDate": "2023-08-11",
                "text": "Referred to the Committee on Oversight and Accountability, and in addition to the Committee on Rules, for a period to be subsequently determined by the Speaker, in each case for consideration of such provisions as fall within the jurisdiction of the committee concerned."
            },
            "number": "5195",
            "policyArea": {
                "name": "Government Operations and Politics"
            },
            "title": "Seat of Government Act",
            "type": "HR",
            "url": "https://api.congress.gov/v3/bill/118/hr/5195?format=json"
        },
        {
            "congress": 118,
            "introducedDate": "2023-07-27",
            "latestAction": {
                "actionDate": "2023-07-27",
                "text": "Referred to the House Committee on Financial Services."
            },
            "number": "629",
            "policyArea": {
                "name": "Finance and Financial Sector"
            },
            "title": "Expressing the sense of the House of Representatives that the Board of Governors of the Federal Reserve System and the Federal Open Market Committee should not be permitted to develop, create, or implement a central bank digital currency, or use any such tool to implement monetary policy.",
            "type": "HRES",
            "url": "https://api.congress.gov/v3/bill/118/hres/629?format=json"
        },
        {
            "congress": 118,
            "introducedDate": "2023-07-27",
            "latestAction": {
                "actionDate": "2023-07-27",
                "text": "Referred to the House Committee on Financial Services."
            },
            "number": "5032",
            "policyArea": {
                "name": "Finance and Financial Sector"
            },
            "title": "Cease Orwellian Surveillance and Targeting Act of 2023",
            "type": "HR",
            "url": "https://api.congress.gov/v3/bill/118/hr/5032?format=json"
        },
        {
            "congress": 118,
            "introducedDate": "2023-07-20",
            "latestAction": {
                "actionDate": "2023-07-20",
                "text": "Referred to the House Committee on Ethics."
            },
            "number": "606",
            "policyArea": {
                "name": "Congress"
            },
            "title": "Censuring Pramila Jayapal, Representative of the 7th Congressional District of Washington.",
            "type": "HRES",
            "url": "https://api.congress.gov/v3/bill/118/hres/606?format=json"
        },
        {
            "congress": 118,
            "introducedDate": "2023-07-20",
            "latestAction": {
                "actionDate": "2023-07-20",
                "text": "Referred to the Committee on Armed Services, and in addition to the Committee on Foreign Affairs, for a period to be subsequently determined by the Speaker, in each case for consideration of such provisions as fall within the jurisdiction of the committee concerned."
            },
            "number": "4799",
            "policyArea": {
                "name": "International Affairs"
            },
            "title": "RVC ARE Neo-Nazis Act",
            "type": "HR",
            "url": "https://api.congress.gov/v3/bill/118/hr/4799?format=json"
        },
        {
            "congress": 118,
            "introducedDate": "2023-07-18",
            "latestAction": {
                "actionDate": "2023-07-18",
                "text": "Referred to the House Committee on Energy and Commerce."
            },
            "number": "58",
            "policyArea": {
                "name": "Science, Technology, Communications"
            },
            "title": "Calling on the media to engage in responsible and voluntary journalistic practices to deny mass public murderers the attention they desire and minimize any possible \"media contagion effect\" of irresponsible and sensationalistic reporting practices.",
            "type": "HCONRES",
            "url": "https://api.congress.gov/v3/bill/118/hconres/58?format=json"
        },
        {
            "congress": 118,
            "introducedDate": "2023-07-13",
            "latestAction": {
                "actionDate": "2023-07-13",
                "text": "Referred to the House Committee on Financial Services."
            },
            "number": "4630",
            "policyArea": {
                "name": "Finance and Financial Sector"
            },
            "title": "Supervision Reform Act of 2023",
            "type": "HR",
            "url": "https://api.congress.gov/v3/bill/118/hr/4630?format=json"
        },
        {
            "congress": 118,
            "introducedDate": "2023-06-22",
            "latestAction": {
                "actionDate": "2023-06-22",
                "text": "Referred to the House Committee on Education and the Workforce."
            },
            "number": "4298",
            "policyArea": {
                "name": "Education"
            },
            "title": "Keep our Kids Safe Act of 2023",
            "type": "HR",
            "url": "https://api.congress.gov/v3/bill/118/hr/4298?format=json"
        },
        {
            "congress": 118,
            "introducedDate": "2023-06-22",
            "latestAction": {
                "actionDate": "2023-06-22",
                "text": "Referred to the House Committee on Oversight and Accountability."
            },
            "number": "4299",
            "policyArea": {
                "name": "Government Operations and Politics"
            },
            "title": "There are Two Sexes Act of 2023",
            "type": "HR",
            "url": "https://api.congress.gov/v3/bill/118/hr/4299?format=json"
        },
        {
            "congress": 118,
            "introducedDate": "2023-06-15",
            "latestAction": {
                "actionDate": "2023-06-15",
                "text": "Referred to the House Committee on Oversight and Accountability."
            },
            "number": "4181",
            "policyArea": {
                "name": "Government Operations and Politics"
            },
            "title": "To designate the area between the intersections of International Drive, Northwest and Van Ness Street, Northwest and International Drive, Northwest and International Place, Northwest in Washington, District of Columbia, as \"Tiananmen Square Memorial Boulevard\", and for other purposes.",
            "type": "HR",
            "url": "https://api.congress.gov/v3/bill/118/hr/4181?format=json"
        },
        {
            "congress": 118,
            "introducedDate": "2023-05-18",
            "latestAction": {
                "actionDate": "2023-05-18",
                "text": "Referred to the House Committee on the Judiciary."
            },
            "number": "3529",
            "policyArea": {
                "name": "Crime and Law Enforcement"
            },
            "title": "FIRE Act",
            "type": "HR",
            "url": "https://api.congress.gov/v3/bill/118/hr/3529?format=json"
        },
        {
            "congress": 118,
            "introducedDate": "2023-06-12",
            "latestAction": {
                "actionDate": "2023-06-13",
                "text": "Sponsor introductory remarks on measure. (CR H2819)"
            },
            "number": "494",
            "policyArea": {
                "name": "Government Operations and Politics"
            },
            "title": "Impeaching Kamala Devi Harris, Vice President of the United States, for high crimes and misdemeanors.",
            "type": "HRES",
            "url": "https://api.congress.gov/v3/bill/118/hres/494?format=json"
        },
        {
            "congress": 118,
            "introducedDate": "2023-06-12",
            "latestAction": {
                "actionDate": "2023-06-13",
                "text": "Sponsor introductory remarks on measure. (CR H2819)"
            },
            "number": "493",
            "policyArea": {
                "name": "Government Operations and Politics"
            },
            "title": "Impeaching President Joseph Robinette Biden, President of the United States, for high crimes and misdemeanors.",
            "type": "HRES",
            "url": "https://api.congress.gov/v3/bill/118/hres/493?format=json"
        },
        {
            "congress": 118,
            "introducedDate": "2023-05-25",
            "latestAction": {
                "actionDate": "2023-05-25",
                "text": "Referred to the House Committee on Oversight and Accountability."
            },
            "number": "448",
            "policyArea": {
                "name": "Crime and Law Enforcement"
            },
            "title": "Recognizing and honoring Daniel Penny of West Islip, New York, for his heroism and courage in apprehending a threat to public safety.",
            "type": "HRES",
            "url": "https://api.congress.gov/v3/bill/118/hres/448?format=json"
        },
        {
            "congress": 118,
            "introducedDate": "2023-05-18",
            "latestAction": {
                "actionDate": "2023-05-18",
                "text": "Referred to the House Committee on Financial Services."
            },
            "number": "3527",
            "policyArea": {
                "name": "Finance and Financial Sector"
            },
            "title": "MATCH Act",
            "type": "HR",
            "url": "https://api.congress.gov/v3/bill/118/hr/3527?format=json"
        },
        {
            "congress": 118,
            "introducedDate": "2023-05-18",
            "latestAction": {
                "actionDate": "2023-05-18",
                "text": "Referred to the House Committee on Foreign Affairs."
            },
            "number": "3528",
            "policyArea": {
                "name": "International Affairs"
            },
            "title": "ZIPPO Act",
            "type": "HR",
            "url": "https://api.congress.gov/v3/bill/118/hr/3528?format=json"
        },
        {
            "congress": 118,
            "introducedDate": "2023-05-10",
            "latestAction": {
                "actionDate": "2023-05-10",
                "text": "Referred to the House Committee on Foreign Affairs."
            },
            "number": "3191",
            "policyArea": {
                "name": "International Affairs"
            },
            "title": "Defund the OTF Act of 2023",
            "type": "HR",
            "url": "https://api.congress.gov/v3/bill/118/hr/3191?format=json"
        },
        {
            "congress": 118,
            "introducedDate": "2023-04-28",
            "latestAction": {
                "actionDate": "2023-04-28",
                "text": "Referred to the Committee on Education and the Workforce, and in addition to the Committee on the Judiciary, for a period to be subsequently determined by the Speaker, in each case for consideration of such provisions as fall within the jurisdiction of the committee concerned."
            },
            "number": "2991",
            "policyArea": {
                "name": "Education"
            },
            "title": "TEACH Act of 2023",
            "type": "HR",
            "url": "https://api.congress.gov/v3/bill/118/hr/2991?format=json"
        },
        {
            "congress": 118,
            "introducedDate": "2023-04-27",
            "latestAction": {
                "actionDate": "2023-09-12",
                "text": "Referred to the Subcommittee on Oversight."
            },
            "number": "336",
            "policyArea": {
                "name": "Arts, Culture, Religion"
            },
            "title": "Expressing the sense of the House of Representatives that the House should recognize Robert Aitken's Bible as a historical document of the United States Congress.",
            "type": "HRES",
            "url": "https://api.congress.gov/v3/bill/118/hres/336?format=json"
        },
        {
            "congress": 118,
            "introducedDate": "2023-04-20",
            "latestAction": {
                "actionDate": "2023-04-20",
                "text": "Referred to the Committee on Financial Services, and in addition to the Committee on Ways and Means, for a period to be subsequently determined by the Speaker, in each case for consideration of such provisions as fall within the jurisdiction of the committee concerned."
            },
            "number": "2776",
            "policyArea": {
                "name": "Finance and Financial Sector"
            },
            "title": "Go Woke, Go Broke Act",
            "type": "HR",
            "url": "https://api.congress.gov/v3/bill/118/hr/2776?format=json"
        },
        {
            "congress": 118,
            "introducedDate": "2023-04-20",
            "latestAction": {
                "actionDate": "2023-04-20",
                "text": "Referred to the House Committee on the Judiciary."
            },
            "number": "2737",
            "policyArea": {
                "name": "Immigration"
            },
            "title": "Stop the Invasion Act",
            "type": "HR",
            "url": "https://api.congress.gov/v3/bill/118/hr/2737?format=json"
        },
        {
            "congress": 118,
            "introducedDate": "2023-04-19",
            "latestAction": {
                "actionDate": "2023-04-19",
                "text": "Referred to the House Committee on Foreign Affairs."
            },
            "number": "2721",
            "policyArea": {
                "name": "International Affairs"
            },
            "title": "Ukraine Lend-Lease Accountability Act",
            "type": "HR",
            "url": "https://api.congress.gov/v3/bill/118/hr/2721?format=json"
        },
        {
            "congress": 118,
            "introducedDate": "2023-04-06",
            "latestAction": {
                "actionDate": "2023-04-06",
                "text": "Referred to the House Committee on Foreign Affairs."
            },
            "number": "2511",
            "policyArea": {
                "name": "International Affairs"
            },
            "title": "Defund China\u2019s Allies Act",
            "type": "HR",
            "url": "https://api.congress.gov/v3/bill/118/hr/2511?format=json"
        },
        {
            "congress": 118,
            "introducedDate": "2023-03-30",
            "latestAction": {
                "actionDate": "2023-03-30",
                "text": "Referred to the House Committee on Financial Services."
            },
            "number": "2440",
            "policyArea": {
                "name": "Crime and Law Enforcement"
            },
            "title": "Covenant School Heroes Congressional Gold Medal Act",
            "type": "HR",
            "url": "https://api.congress.gov/v3/bill/118/hr/2440?format=json"
        },
        {
            "congress": 118,
            "introducedDate": "2023-02-09",
            "latestAction": {
                "actionDate": "2023-02-09",
                "text": "Referred to the House Committee on the Judiciary."
            },
            "number": "943",
            "policyArea": {
                "name": "Immigration"
            },
            "title": "It\u2019s Your Fault Act",
            "type": "HR",
            "url": "https://api.congress.gov/v3/bill/118/hr/943?format=json"
        },
        {
            "congress": 118,
            "introducedDate": "2023-02-02",
            "latestAction": {
                "actionDate": "2023-02-03",
                "text": "Referred to the Subcommittee on Highways and Transit."
            },
            "number": "812",
            "policyArea": {
                "name": "Taxation"
            },
            "title": "Inflation Reduction Act of 2023",
            "type": "HR",
            "url": "https://api.congress.gov/v3/bill/118/hr/812?format=json"
        },
        {
            "congress": 118,
            "introducedDate": "2024-03-13",
            "latestAction": {
                "actionDate": "2024-04-10",
                "text": "Placed on the Union Calendar, Calendar No. 377."
            },
            "number": "7673",
            "policyArea": {
                "name": "Energy"
            },
            "title": "Liberty in Laundry Act",
            "type": "HR",
            "url": "https://api.congress.gov/v3/bill/118/hr/7673?format=json"
        },
        {
            "amendmentNumber": "831",
            "congress": 118,
            "introducedDate": "2023-12-06",
            "latestAction": {
                "actionDate": "2023-12-06",
                "actionTime": "17:09:40",
                "text": "On agreeing to the Ogles amendment (A006) Failed by recorded vote: 94 - 320 (Roll no. 699). "
            },
            "type": null,
            "url": "https://api.congress.gov/v3/amendment/118/hamdt/831?format=json"
        },
        {
            "amendmentNumber": "820",
            "congress": 118,
            "introducedDate": "2023-11-30",
            "latestAction": {
                "actionDate": "2023-11-30",
                "actionTime": "16:41:06",
                "text": "On agreeing to the Ogles amendment (A008) Agreed to by recorded vote: 226 - 199, 1 Present (Roll no. 683). "
            },
            "type": null,
            "url": "https://api.congress.gov/v3/amendment/118/hamdt/820?format=json"
        },
        {
            "amendmentNumber": "818",
            "congress": 118,
            "introducedDate": "2023-11-30",
            "latestAction": {
                "actionDate": "2023-11-30",
                "actionTime": "16:38:05",
                "text": "On agreeing to the Ogles amendment (A006) Agreed to by recorded vote: 241 - 181, 1 Present (Roll no. 682). "
            },
            "type": null,
            "url": "https://api.congress.gov/v3/amendment/118/hamdt/818?format=json"
        },
        {
            "amendmentNumber": "817",
            "congress": 118,
            "introducedDate": "2023-11-30",
            "latestAction": {
                "actionDate": "2023-11-30",
                "actionTime": "16:34:09",
                "text": "On agreeing to the Ogles amendment (A005) Agreed to by recorded vote: 422 - 1, 1 Present (Roll no. 681). "
            },
            "type": null,
            "url": "https://api.congress.gov/v3/amendment/118/hamdt/817?format=json"
        },
        {
            "amendmentNumber": "819",
            "congress": 118,
            "introducedDate": "2023-11-30",
            "latestAction": {
                "actionDate": "2023-11-30",
                "actionTime": "14:08:33",
                "text": "On agreeing to the Ogles amendment (A007) Agreed to by voice vote. "
            },
            "type": null,
            "url": "https://api.congress.gov/v3/amendment/118/hamdt/819?format=json"
        },
        {
            "amendmentNumber": "811",
            "congress": 118,
            "introducedDate": "2023-11-29",
            "latestAction": {
                "actionDate": "2023-11-29",
                "actionTime": "15:32:24",
                "text": "On agreeing to the Ogles amendment (A001) Agreed to by voice vote. "
            },
            "type": null,
            "url": "https://api.congress.gov/v3/amendment/118/hamdt/811?format=json"
        },
        {
            "amendmentNumber": "794",
            "congress": 118,
            "introducedDate": "2023-11-14",
            "latestAction": {
                "actionDate": "2023-11-14",
                "actionTime": "22:52:53",
                "text": "On agreeing to the Ogles amendment (A070) Agreed to by voice vote. "
            },
            "type": null,
            "url": "https://api.congress.gov/v3/amendment/118/hamdt/794?format=json"
        },
        {
            "amendmentNumber": "793",
            "congress": 118,
            "introducedDate": "2023-11-14",
            "latestAction": {
                "actionDate": "2023-11-14",
                "actionTime": "22:44:28",
                "text": "On agreeing to the Ogles amendment (A069) Agreed to by voice vote. "
            },
            "type": null,
            "url": "https://api.congress.gov/v3/amendment/118/hamdt/793?format=json"
        },
        {
            "amendmentNumber": "707",
            "congress": 118,
            "introducedDate": "2023-11-08",
            "latestAction": {
                "actionDate": "2023-11-08",
                "actionTime": "21:40:02",
                "text": "On agreeing to the Ogles amendment (A052) Failed by recorded vote: 198 - 221 (Roll no. 636). "
            },
            "type": null,
            "url": "https://api.congress.gov/v3/amendment/118/hamdt/707?format=json"
        },
        {
            "amendmentNumber": "709",
            "congress": 118,
            "introducedDate": "2023-11-08",
            "latestAction": {
                "actionDate": "2023-11-08",
                "actionTime": "21:43:08",
                "text": "On agreeing to the Ogles amendment (A054) Failed by recorded vote: 196 - 223 (Roll no. 637). "
            },
            "type": null,
            "url": "https://api.congress.gov/v3/amendment/118/hamdt/709?format=json"
        },
        {
            "amendmentNumber": "705",
            "congress": 118,
            "introducedDate": "2023-11-08",
            "latestAction": {
                "actionDate": "2023-11-08",
                "actionTime": "17:49:42",
                "text": "On agreeing to the Ogles amendment (A050) Agreed to by voice vote. "
            },
            "type": null,
            "url": "https://api.congress.gov/v3/amendment/118/hamdt/705?format=json"
        },
        {
            "amendmentNumber": "706",
            "congress": 118,
            "introducedDate": "2023-11-08",
            "latestAction": {
                "actionDate": "2023-11-08",
                "actionTime": "17:53:53",
                "text": "On agreeing to the Ogles amendment (A051) Agreed to by voice vote. "
            },
            "type": null,
            "url": "https://api.congress.gov/v3/amendment/118/hamdt/706?format=json"
        },
        {
            "amendmentNumber": "708",
            "congress": 118,
            "introducedDate": "2023-11-08",
            "latestAction": {
                "actionDate": "2023-11-08",
                "actionTime": "18:07:35",
                "text": "On agreeing to the Ogles amendment (A053) Agreed to by voice vote. "
            },
            "type": null,
            "url": "https://api.congress.gov/v3/amendment/118/hamdt/708?format=json"
        },
        {
            "amendmentNumber": "665",
            "congress": 118,
            "introducedDate": "2023-11-08",
            "latestAction": {
                "actionDate": "2023-11-08",
                "actionTime": "14:55:16",
                "text": "On agreeing to the Ogles amendment (A010) Failed by recorded vote: 183 - 246 (Roll no. 627). "
            },
            "type": null,
            "url": "https://api.congress.gov/v3/amendment/118/hamdt/665?format=json"
        },
        {
            "amendmentNumber": "619",
            "congress": 118,
            "introducedDate": "2023-11-06",
            "latestAction": {
                "actionDate": "2023-11-06",
                "actionTime": "20:20:57",
                "text": "On agreeing to the Ogles amendment (A008) Agreed to by voice vote. "
            },
            "type": null,
            "url": "https://api.congress.gov/v3/amendment/118/hamdt/619?format=json"
        },
        {
            "amendmentNumber": "600",
            "congress": 118,
            "introducedDate": "2023-11-02",
            "latestAction": {
                "actionDate": "2023-11-03",
                "actionTime": "10:43:55",
                "text": "On agreeing to the Ogles amendment (A070) Agreed to by recorded vote: 214 - 204 (Roll no. 593). "
            },
            "type": null,
            "url": "https://api.congress.gov/v3/amendment/118/hamdt/600?format=json"
        },
        {
            "amendmentNumber": "596",
            "congress": 118,
            "introducedDate": "2023-11-02",
            "latestAction": {
                "actionDate": "2023-11-02",
                "actionTime": "23:16:21",
                "text": "On agreeing to the Ogles amendment (A066) Failed by recorded vote: 175 - 244 (Roll no. 592). "
            },
            "type": null,
            "url": "https://api.congress.gov/v3/amendment/118/hamdt/596?format=json"
        },
        {
            "amendmentNumber": "599",
            "congress": 118,
            "introducedDate": "2023-11-02",
            "latestAction": {
                "actionDate": "2023-11-02",
                "actionTime": "23:21:39",
                "text": "On agreeing to the Ogles amendment (A069) Agreed to by voice vote. "
            },
            "type": null,
            "url": "https://api.congress.gov/v3/amendment/118/hamdt/599?format=json"
        },
        {
            "amendmentNumber": "597",
            "congress": 118,
            "introducedDate": "2023-11-02",
            "latestAction": {
                "actionDate": "2023-11-02",
                "actionTime": "21:57:49",
                "text": "On agreeing to the Ogles amendment (A067) Agreed to by voice vote. "
            },
            "type": null,
            "url": "https://api.congress.gov/v3/amendment/118/hamdt/597?format=json"
        },
        {
            "amendmentNumber": "598",
            "congress": 118,
            "introducedDate": "2023-11-02",
            "latestAction": {
                "actionDate": "2023-11-02",
                "actionTime": "22:03:37",
                "text": "On agreeing to the Ogles amendment (A068) Agreed to by voice vote. "
            },
            "type": null,
            "url": "https://api.congress.gov/v3/amendment/118/hamdt/598?format=json"
        },
        {
            "amendmentNumber": "523",
            "congress": 118,
            "introducedDate": "2023-10-26",
            "latestAction": {
                "actionDate": "2023-10-26",
                "actionTime": "14:14:48",
                "text": "On agreeing to the Ogles amendment (A037) Agreed to by voice vote. "
            },
            "type": null,
            "url": "https://api.congress.gov/v3/amendment/118/hamdt/523?format=json"
        },
        {
            "amendmentNumber": "522",
            "congress": 118,
            "introducedDate": "2023-10-26",
            "latestAction": {
                "actionDate": "2023-10-26",
                "actionTime": "14:09:23",
                "text": "On agreeing to the Ogles amendment (A036) Agreed to by voice vote. "
            },
            "type": null,
            "url": "https://api.congress.gov/v3/amendment/118/hamdt/522?format=json"
        },
        {
            "amendmentNumber": "483",
            "congress": 118,
            "introducedDate": "2023-09-28",
            "latestAction": {
                "actionDate": "2023-09-28",
                "actionTime": "22:24:49",
                "text": "On agreeing to the Ogles amendment (A048) Agreed to by recorded vote: 351 - 81 (Roll no. 496). "
            },
            "type": null,
            "url": "https://api.congress.gov/v3/amendment/118/hamdt/483?format=json"
        },
        {
            "amendmentNumber": "462",
            "congress": 118,
            "introducedDate": "2023-09-28",
            "latestAction": {
                "actionDate": "2023-09-28",
                "actionTime": "18:00:58",
                "text": "On agreeing to the Ogles amendment (A027) Failed by recorded vote: 132 - 298 (Roll no. 482). "
            },
            "type": null,
            "url": "https://api.congress.gov/v3/amendment/118/hamdt/462?format=json"
        },
        {
            "amendmentNumber": "446",
            "congress": 118,
            "introducedDate": "2023-09-28",
            "latestAction": {
                "actionDate": "2023-09-28",
                "actionTime": "17:21:16",
                "text": "On agreeing to the Ogles amendment (A011) Failed by recorded vote: 135 - 295 (Roll no. 470). "
            },
            "type": null,
            "url": "https://api.congress.gov/v3/amendment/118/hamdt/446?format=json"
        },
        {
            "amendmentNumber": "451",
            "congress": 118,
            "introducedDate": "2023-09-28",
            "latestAction": {
                "actionDate": "2023-09-28",
                "actionTime": "12:00:22",
                "text": "On agreeing to the Ogles amendment (A016) Agreed to by voice vote. "
            },
            "type": null,
            "url": "https://api.congress.gov/v3/amendment/118/hamdt/451?format=json"
        },
        {
            "amendmentNumber": "450",
            "congress": 118,
            "introducedDate": "2023-09-28",
            "latestAction": {
                "actionDate": "2023-09-28",
                "actionTime": "11:53:54",
                "text": "On agreeing to the Ogles amendment (A015) Agreed to by voice vote. "
            },
            "type": null,
            "url": "https://api.congress.gov/v3/amendment/118/hamdt/450?format=json"
        },
        {
            "amendmentNumber": "378",
            "congress": 118,
            "introducedDate": "2023-09-27",
            "latestAction": {
                "actionDate": "2023-09-27",
                "actionTime": "13:27:25",
                "text": "On agreeing to the Ogles amendment (A027) Agreed to by voice vote. "
            },
            "type": null,
            "url": "https://api.congress.gov/v3/amendment/118/hamdt/378?format=json"
        },
        {
            "amendmentNumber": "377",
            "congress": 118,
            "introducedDate": "2023-09-27",
            "latestAction": {
                "actionDate": "2023-09-27",
                "actionTime": "13:17:22",
                "text": "On agreeing to the Ogles amendment (A026) Agreed to by voice vote. "
            },
            "type": null,
            "url": "https://api.congress.gov/v3/amendment/118/hamdt/377?format=json"
        },
        {
            "amendmentNumber": "425",
            "congress": 118,
            "introducedDate": "2023-09-27",
            "latestAction": {
                "actionDate": "2023-09-28",
                "actionTime": "00:01:36",
                "text": "On agreeing to the Ogles amendment (A038) Agreed to by voice vote. "
            },
            "type": null,
            "url": "https://api.congress.gov/v3/amendment/118/hamdt/425?format=json"
        },
        {
            "amendmentNumber": "426",
            "congress": 118,
            "introducedDate": "2023-09-28",
            "latestAction": {
                "actionDate": "2023-09-28",
                "actionTime": "00:03:34",
                "text": "On agreeing to the Ogles amendment (A039) Agreed to by voice vote. "
            },
            "type": null,
            "url": "https://api.congress.gov/v3/amendment/118/hamdt/426?format=json"
        },
        {
            "amendmentNumber": "316",
            "congress": 118,
            "introducedDate": "2023-09-26",
            "latestAction": {
                "actionDate": "2023-09-26",
                "actionTime": "22:57:11",
                "text": "On agreeing to the Ogles amendment (A013) Agreed to by voice vote. "
            },
            "type": null,
            "url": "https://api.congress.gov/v3/amendment/118/hamdt/316?format=json"
        },
        {
            "amendmentNumber": "292",
            "congress": 118,
            "introducedDate": "2023-07-26",
            "latestAction": {
                "actionDate": "2023-07-26",
                "actionTime": "18:14:29",
                "text": "On agreeing to the Ogles amendment (A002) Failed by recorded vote: 99 - 327 (Roll no. 370). "
            },
            "type": null,
            "url": "https://api.congress.gov/v3/amendment/118/hamdt/292?format=json"
        },
        {
            "amendmentNumber": "282",
            "congress": 118,
            "introducedDate": "2023-07-19",
            "latestAction": {
                "actionDate": "2023-07-19",
                "actionTime": "22:32:51",
                "text": "On agreeing to the Ogles amendment (A023) Failed by recorded vote: 206 - 227 (Roll no. 356). "
            },
            "type": null,
            "url": "https://api.congress.gov/v3/amendment/118/hamdt/282?format=json"
        },
        {
            "amendmentNumber": "281",
            "congress": 118,
            "introducedDate": "2023-07-19",
            "latestAction": {
                "actionDate": "2023-07-19",
                "actionTime": "22:29:52",
                "text": "On agreeing to the Ogles amendment (A022) Failed by recorded vote: 191 - 244 (Roll no. 355). "
            },
            "type": null,
            "url": "https://api.congress.gov/v3/amendment/118/hamdt/281?format=json"
        },
        {
            "amendmentNumber": "259",
            "congress": 118,
            "introducedDate": "2023-07-18",
            "latestAction": {
                "actionDate": "2023-07-18",
                "actionTime": "17:03:19",
                "text": "On agreeing to the Ogles amendment (A002) Agreed to by voice vote. "
            },
            "type": null,
            "url": "https://api.congress.gov/v3/amendment/118/hamdt/259?format=json"
        },
        {
            "amendmentNumber": "229",
            "congress": 118,
            "introducedDate": "2023-07-13",
            "latestAction": {
                "actionDate": "2023-07-13",
                "actionTime": "17:55:25",
                "text": "On agreeing to the Ogles amendment (A014) Failed by recorded vote: 71 - 360 (Roll no. 307). "
            },
            "type": null,
            "url": "https://api.congress.gov/v3/amendment/118/hamdt/229?format=json"
        },
        {
            "amendmentNumber": "170",
            "congress": 118,
            "introducedDate": "2023-04-20",
            "latestAction": {
                "actionDate": "2023-04-20",
                "actionTime": "09:34:44",
                "text": "On agreeing to the Ogles amendment (A002) Agreed to by voice vote. "
            },
            "type": null,
            "url": "https://api.congress.gov/v3/amendment/118/hamdt/170?format=json"
        },
        {
            "amendmentNumber": "162",
            "congress": 118,
            "introducedDate": "2023-03-30",
            "latestAction": {
                "actionDate": "2023-03-30",
                "actionTime": "11:18:08",
                "text": "On agreeing to the Ogles amendment (A031) Agreed to by recorded vote: 405 - 24 (Roll no. 177). (consideration: CR H1674-1675)"
            },
            "type": null,
            "url": "https://api.congress.gov/v3/amendment/118/hamdt/162?format=json"
        },
        {
            "amendmentNumber": "161",
            "congress": 118,
            "introducedDate": "2023-03-30",
            "latestAction": {
                "actionDate": "2023-03-30",
                "actionTime": "09:22:41",
                "text": "On agreeing to the Ogles amendment (A030) Agreed to by voice vote. "
            },
            "type": null,
            "url": "https://api.congress.gov/v3/amendment/118/hamdt/161?format=json"
        },
        {
            "amendmentNumber": "107",
            "congress": 118,
            "introducedDate": "2023-03-08",
            "latestAction": {
                "actionDate": "2023-03-08",
                "actionTime": "17:18:21",
                "text": "On agreeing to the Ogles amendment (A008) Agreed to by voice vote. "
            },
            "type": null,
            "url": "https://api.congress.gov/v3/amendment/118/hamdt/107?format=json"
        },
        {
            "amendmentNumber": "106",
            "congress": 118,
            "introducedDate": "2023-03-08",
            "latestAction": {
                "actionDate": "2023-03-08",
                "actionTime": "17:11:44",
                "text": "On agreeing to the Ogles amendment (A007) Agreed to by voice vote. "
            },
            "type": null,
            "url": "https://api.congress.gov/v3/amendment/118/hamdt/106?format=json"
        }
    ]
}