{
    "pagination": {
        "count": 10
    },
    "request": {
        "bioguideId": "s001220",
        "contentType": "application/json",
        "format": "json"
    },
    "sponsoredLegislation": [
        {
            "congress": 118,
            "introducedDate": "2024-05-31",
            "latestAction": {
                "actionDate": "2024-05-31",
                "text": "Referred to the Committee on the Judiciary, and in addition to the Committee on Transportation and Infrastructure, for a period to be subsequently determined by the Speaker, in each case for consideration of such provisions as fall within the jurisdiction of the committee concerned."
            },
            "number": "8590",
            "policyArea": {
                "name": null
            },
            "title": "To amend the Homeland Security Act of 2002 to require the Attorney General, in coordination with the Secretary of Homeland Security, to establish counter-UAS system training and require the Attorney General and Secretary of Homeland Security, in coordination with the Administrator of the Federal Aviation Administration to establish related standards for initial and recurrent training programs or certifications for individuals seeking to operate counter-UAS detection and mitigation systems, equipment, or technology, and for other purposes.",
            "type": "HR",
            "url": "https://api.congress.gov/v3/bill/118/hr/8590?format=json"
        },
        {
            "congress": 118,
            "introducedDate": "2024-04-26",
            "latestAction": {
                "actionDate": "2024-04-26",
                "text": "Referred to the House Committee on the Judiciary."
            },
            "number": "8140",
            "policyArea": {
                "name": null
            },
            "title": "Supporting Every at-Risk Veteran In Critical Emergencies Act of 2024",
            "type": "HR",
            "url": "https://api.congress.gov/v3/bill/118/hr/8140?format=json"
        },
        {
            "congress": 118,
            "introducedDate": "2024-01-31",
            "latestAction": {
                "actionDate": "2024-01-31",
                "text": "Referred to the House Committee on the Judiciary."
            },
            "number": "7177",
            "policyArea": {
                "name": "Law"
            },
            "title": "To amend title 28, United States Code, to consolidate certain divisions in the Northern District of Alabama.",
            "type": "HR",
            "url": "https://api.congress.gov/v3/bill/118/hr/7177?format=json"
        },
        {
            "congress": 118,
            "introducedDate": "2023-11-02",
            "latestAction": {
                "actionDate": "2024-03-12",
                "text": "Star Print ordered on the bill."
            },
            "number": "6174",
            "policyArea": {
                "name": "Government Operations and Politics"
            },
            "title": "DHS Biodetection Improvement Act",
            "type": "HR",
            "url": "https://api.congress.gov/v3/bill/118/hr/6174?format=json"
        },
        {
            "congress": 118,
            "introducedDate": "2023-09-20",
            "latestAction": {
                "actionDate": "2023-09-20",
                "text": "Referred to the House Committee on the Judiciary."
            },
            "number": "5609",
            "policyArea": {
                "name": "Government Operations and Politics"
            },
            "title": "To prohibit the use of Federal funds for security protection for the former Director of the National Institute of Allergy and Infectious Diseases who served between January 1984 and December 2022.",
            "type": "HR",
            "url": "https://api.congress.gov/v3/bill/118/hr/5609?format=json"
        },
        {
            "congress": 118,
            "introducedDate": "2023-08-01",
            "latestAction": {
                "actionDate": "2023-08-01",
                "text": "Referred to the House Committee on Armed Services."
            },
            "number": "5130",
            "policyArea": {
                "name": "Armed Forces and National Security"
            },
            "title": "Finish It Act",
            "type": "HR",
            "url": "https://api.congress.gov/v3/bill/118/hr/5130?format=json"
        },
        {
            "congress": 118,
            "introducedDate": "2023-06-07",
            "latestAction": {
                "actionDate": "2023-06-07",
                "text": "Referred to the Subcommittee on Border Security and Enforcement."
            },
            "number": "482",
            "policyArea": {
                "name": "Immigration"
            },
            "title": "Commending United States Border Patrol Chief Raul L. Ortiz on his retirement after 32 years of public service.",
            "type": "HRES",
            "url": "https://api.congress.gov/v3/bill/118/hres/482?format=json"
        },
        {
            "congress": 118,
            "introducedDate": "2023-05-16",
            "latestAction": {
                "actionDate": "2023-07-17",
                "text": "Referred to the Subcommittee on the National Intelligence Enterprise."
            },
            "number": "3357",
            "policyArea": {
                "name": "Agriculture and Food"
            },
            "title": "Protecting America\u2019s Agricultural Land from Foreign Harm Act of 2023",
            "type": "HR",
            "url": "https://api.congress.gov/v3/bill/118/hr/3357?format=json"
        },
        {
            "congress": 118,
            "introducedDate": "2023-03-10",
            "latestAction": {
                "actionDate": "2023-03-13",
                "text": "Referred to the Subcommittee on Border Security and Enforcement."
            },
            "number": "1531",
            "policyArea": {
                "name": "Immigration"
            },
            "title": "To provide for the renewed availability of funds to construct the border wall upon the deployment of the National Guard to the southern land border of the United States, and for other purposes.",
            "type": "HR",
            "url": "https://api.congress.gov/v3/bill/118/hr/1531?format=json"
        },
        {
            "amendmentNumber": "623",
            "congress": 118,
            "introducedDate": "2023-11-07",
            "latestAction": {
                "actionDate": "2023-11-07",
                "actionTime": "16:05:47",
                "text": "On agreeing to the Strong amendment (A012) Agreed to by voice vote. "
            },
            "type": null,
            "url": "https://api.congress.gov/v3/amendment/118/hamdt/623?format=json"
        }
    ]
}