{
    "pagination": {
        "count": 48
    },
    "request": {
        "bioguideId": "s000125",
        "contentType": "application/json",
        "format": "json"
    },
    "sponsoredLegislation": [
        {
            "congress": 101,
            "introducedDate": "1990-09-13",
            "latestAction": {
                "actionDate": "1990-09-20",
                "text": "Referred to the Subcommittee on Administrative Law and Governmental Relations."
            },
            "number": "5620",
            "policyArea": {
                "name": "Law"
            },
            "title": "To confer jurisdiction on the United States Claims Court with respect to land claims of Pueblo of Isleta Indian Tribe.",
            "type": "HR",
            "url": "https://api.congress.gov/v3/bill/101/hr/5620?format=json"
        },
        {
            "congress": 101,
            "introducedDate": "1990-08-03",
            "latestAction": {
                "actionDate": "1990-08-31",
                "text": "Referred to the Subcommittee on Energy and Power."
            },
            "number": "5519",
            "policyArea": {
                "name": "Energy"
            },
            "title": "To establish the National Atomic Museum.",
            "type": "HR",
            "url": "https://api.congress.gov/v3/bill/101/hr/5519?format=json"
        },
        {
            "congress": 101,
            "introducedDate": "1990-06-28",
            "latestAction": {
                "actionDate": "1990-09-11",
                "text": "Provisions Included In H.R.4630."
            },
            "number": "5215",
            "policyArea": {
                "name": "Public Lands and Natural Resources"
            },
            "title": "To make a technical correction in a land description contained in the San Juan Basin Wilderness Protection Act of 1984.",
            "type": "HR",
            "url": "https://api.congress.gov/v3/bill/101/hr/5215?format=json"
        },
        {
            "congress": 101,
            "introducedDate": "1990-04-26",
            "latestAction": {
                "actionDate": "1990-05-03",
                "text": "Referred to the Subcommittee on Courts, Intellectual Property, and the Administration of Justice."
            },
            "number": "4666",
            "policyArea": {
                "name": "Crime and Law Enforcement"
            },
            "title": "To amend title 18, United States Code, to provide standards and procedures for the United States Marshals Service to use in designating court districts that need additional private facilities for the pretrial detention of Federal prisoners and to provide certain standards for entities providing such facilities.",
            "type": "HR",
            "url": "https://api.congress.gov/v3/bill/101/hr/4666?format=json"
        },
        {
            "congress": 101,
            "introducedDate": "1990-03-07",
            "latestAction": {
                "actionDate": "1990-03-07",
                "text": "Referred to the House Committee on Science, Space and Technology."
            },
            "number": "4217",
            "policyArea": {
                "name": "Science, Technology, Communications"
            },
            "title": "Scientific Balloon Launch Site Act of 1990",
            "type": "HR",
            "url": "https://api.congress.gov/v3/bill/101/hr/4217?format=json"
        },
        {
            "congress": 101,
            "introducedDate": "1989-11-16",
            "latestAction": {
                "actionDate": "1989-11-20",
                "text": "Referred to the Subcommittee on Economic and Commercial Law."
            },
            "number": "3691",
            "policyArea": {
                "name": "Finance and Financial Sector"
            },
            "title": "To amend chapter 13 of title 11 of the United States Code to prevent the modification of any obligation to pay a debt for restitution payable in a criminal case.",
            "type": "HR",
            "url": "https://api.congress.gov/v3/bill/101/hr/3691?format=json"
        },
        {
            "congress": 101,
            "introducedDate": "1989-11-16",
            "latestAction": {
                "actionDate": "1989-11-20",
                "text": "Referred to the Subcommittee on Economic and Commercial Law."
            },
            "number": "3690",
            "policyArea": {
                "name": "Finance and Financial Sector"
            },
            "title": "To amend chapter 13 of title 11 of the United States Code to prevent the discharge of certain fines, penalties, and forfeitures.",
            "type": "HR",
            "url": "https://api.congress.gov/v3/bill/101/hr/3690?format=json"
        },
        {
            "congress": 101,
            "introducedDate": "1989-05-04",
            "latestAction": {
                "actionDate": "1989-05-04",
                "text": "Referred to the House Committee on Armed Services."
            },
            "number": "2252",
            "policyArea": {
                "name": "Armed Forces and National Security"
            },
            "title": "Center for National Security and Arms Control Authorization Act of 1989",
            "type": "HR",
            "url": "https://api.congress.gov/v3/bill/101/hr/2252?format=json"
        },
        {
            "congress": 101,
            "introducedDate": "1989-01-31",
            "latestAction": {
                "actionDate": "1990-05-08",
                "text": "For Further Action See S.286."
            },
            "number": "745",
            "policyArea": {
                "name": "Public Lands and Natural Resources"
            },
            "title": "Petroglyph National Monument Establishment Act of 1989",
            "type": "HR",
            "url": "https://api.congress.gov/v3/bill/101/hr/745?format=json"
        },
        {
            "amendmentNumber": "331",
            "congress": 102,
            "introducedDate": "1991-10-22",
            "latestAction": {
                "actionDate": "1991-10-22",
                "actionTime": "13:45:45",
                "text": "On agreeing to the Schiff amendment (A012) Failed by recorded vote: 129 - 286 (Roll no. 321). "
            },
            "type": null,
            "url": "https://api.congress.gov/v3/amendment/102/hamdt/331?format=json"
        },
        {
            "congress": 102,
            "introducedDate": "1992-06-16",
            "latestAction": {
                "actionDate": "1992-06-22",
                "text": "Referred to the Subcommittee on Administrative Law and Governmental Relations."
            },
            "number": "5411",
            "policyArea": {
                "name": "Private Legislation"
            },
            "title": "For the relief of Benjamin Stock.",
            "type": "HR",
            "url": "https://api.congress.gov/v3/bill/102/hr/5411?format=json"
        },
        {
            "congress": 102,
            "introducedDate": "1992-04-29",
            "latestAction": {
                "actionDate": "1992-05-04",
                "text": "Referred to the Subcommittee on Administrative Law and Governmental Relations."
            },
            "number": "5032",
            "policyArea": {
                "name": "Private Legislation"
            },
            "title": "For the relief of Arsenio F. Sanchez.",
            "type": "HR",
            "url": "https://api.congress.gov/v3/bill/102/hr/5032?format=json"
        },
        {
            "congress": 102,
            "introducedDate": "1991-11-26",
            "latestAction": {
                "actionDate": "1991-11-26",
                "text": "Referred to the House Committee on Ways and Means."
            },
            "number": "4033",
            "policyArea": {
                "name": "Taxation"
            },
            "title": "To amend the Internal Revenue Code of 1986 to permit amounts in individual retirement plans to be used for certain housing purposes.",
            "type": "HR",
            "url": "https://api.congress.gov/v3/bill/102/hr/4033?format=json"
        },
        {
            "congress": 102,
            "introducedDate": "1991-07-10",
            "latestAction": {
                "actionDate": "1991-07-17",
                "text": "Referred to the Subcommittee on Economic and Commercial Law."
            },
            "number": "2867",
            "policyArea": {
                "name": "Finance and Financial Sector"
            },
            "title": "To amend title 11 of the United States Code with respect to certain income-producing real property of the debtor.",
            "type": "HR",
            "url": "https://api.congress.gov/v3/bill/102/hr/2867?format=json"
        },
        {
            "congress": 102,
            "introducedDate": "1991-06-26",
            "latestAction": {
                "actionDate": "1991-06-26",
                "text": "Referred to the House Committee on Ways and Means."
            },
            "number": "2796",
            "policyArea": {
                "name": "Finance and Financial Sector"
            },
            "title": "To provide that proceeds of United States savings bonds shall not be paid to any individual who kills the individual otherwise entitled to such payment where State law would prohibit such payment.",
            "type": "HR",
            "url": "https://api.congress.gov/v3/bill/102/hr/2796?format=json"
        },
        {
            "congress": 102,
            "introducedDate": "1991-06-26",
            "latestAction": {
                "actionDate": "1991-07-02",
                "text": "Referred to the Subcommittee on Crime and Criminal Justice."
            },
            "number": "2795",
            "policyArea": {
                "name": "Crime and Law Enforcement"
            },
            "title": "To amend title 18, United States Code, to reduce the number of prior convictions for a violent felony or a serious drug offense that are required for the imposition of enhanced penalties on persons who unlawfully ship, transport, or receive firearms or ammunition.",
            "type": "HR",
            "url": "https://api.congress.gov/v3/bill/102/hr/2795?format=json"
        },
        {
            "congress": 102,
            "introducedDate": "1991-03-21",
            "latestAction": {
                "actionDate": "1991-10-15",
                "text": "Subcommittee Hearings Held."
            },
            "number": "1584",
            "policyArea": {
                "name": "Public Lands and Natural Resources"
            },
            "title": "To increase Federal payments in lieu of taxes to units of general local government, and for other purposes.",
            "type": "HR",
            "url": "https://api.congress.gov/v3/bill/102/hr/1584?format=json"
        },
        {
            "congress": 102,
            "introducedDate": "1991-02-28",
            "latestAction": {
                "actionDate": "1991-03-11",
                "text": "Referred to the Subcommittee on Energy and Power."
            },
            "number": "1207",
            "policyArea": {
                "name": "Energy"
            },
            "title": "To establish the National Atomic Museum.",
            "type": "HR",
            "url": "https://api.congress.gov/v3/bill/102/hr/1207?format=json"
        },
        {
            "congress": 102,
            "introducedDate": "1991-02-28",
            "latestAction": {
                "actionDate": "1992-08-05",
                "text": "Received in the Senate and read twice and referred to the Committee on Judiciary."
            },
            "number": "1206",
            "policyArea": {
                "name": "Law"
            },
            "title": "To confer jurisdiction on the United States Claims Court with respect to land claims of Pueblo of Isleta Indian Tribe.",
            "type": "HR",
            "url": "https://api.congress.gov/v3/bill/102/hr/1206?format=json"
        },
        {
            "congress": 102,
            "introducedDate": "1991-02-19",
            "latestAction": {
                "actionDate": "1991-02-19",
                "text": "Referred to the House Committee on Ways and Means."
            },
            "number": "974",
            "policyArea": {
                "name": "Taxation"
            },
            "title": "Americans With Disabilities Luxury Tax Relief Act",
            "type": "HR",
            "url": "https://api.congress.gov/v3/bill/102/hr/974?format=json"
        },
        {
            "amendmentNumber": "676",
            "congress": 103,
            "introducedDate": "1994-06-24",
            "latestAction": {
                "actionDate": "1994-06-24",
                "actionTime": "11:25:57",
                "text": "On agreeing to the Schiff amendment (A003) Failed by recorded vote: 160 - 241 (Roll no. 276). "
            },
            "type": null,
            "url": "https://api.congress.gov/v3/amendment/103/hamdt/676?format=json"
        },
        {
            "amendmentNumber": "513",
            "congress": 103,
            "introducedDate": "1994-04-19",
            "latestAction": {
                "actionDate": "1994-04-19",
                "actionTime": "19:01:03",
                "text": "On agreeing to the Schiff amendment (A015) Failed by recorded vote: 205 - 216 (Roll no. 125). "
            },
            "type": null,
            "url": "https://api.congress.gov/v3/amendment/103/hamdt/513?format=json"
        },
        {
            "congress": 103,
            "introducedDate": "1994-07-25",
            "latestAction": {
                "actionDate": "1994-11-30",
                "text": "Referred to the Subcommittee on National Parks, Forests and Public Lands."
            },
            "number": "4826",
            "policyArea": {
                "name": "Public Lands and Natural Resources"
            },
            "title": "To amend the Wilderness Act to permit the landing of aircraft within wilderness areas for purposes of search and rescue under certain circumstances.",
            "type": "HR",
            "url": "https://api.congress.gov/v3/bill/103/hr/4826?format=json"
        },
        {
            "congress": 103,
            "introducedDate": "1994-04-21",
            "latestAction": {
                "actionDate": "1994-04-26",
                "text": "Referred to the Subcommittee on Civil Service."
            },
            "number": "4287",
            "policyArea": {
                "name": "Government Operations and Politics"
            },
            "title": "To amend title 5, United States Code, to provide for assignment of employees of federally funded research and development centers and Federal employees between Federal agencies and federally funded research and development centers.",
            "type": "HR",
            "url": "https://api.congress.gov/v3/bill/103/hr/4287?format=json"
        },
        {
            "congress": 103,
            "introducedDate": "1993-11-03",
            "latestAction": {
                "actionDate": "1993-11-05",
                "text": "Referred to the Subcommittee on Department Operations and Nutrition."
            },
            "number": "3442",
            "policyArea": {
                "name": "Economics and Public Finance"
            },
            "title": "To eliminate certain expenditures provided by the Omnibus Budget Reconciliation Act of 1993.",
            "type": "HR",
            "url": "https://api.congress.gov/v3/bill/103/hr/3442?format=json"
        },
        {
            "congress": 103,
            "introducedDate": "1993-10-14",
            "latestAction": {
                "actionDate": "1993-10-28",
                "text": "Referred to the Subcommittee on Water Resources and Environment."
            },
            "number": "3287",
            "policyArea": {
                "name": "Environmental Protection"
            },
            "title": "Unincorporated Community Wastewater Treatment Act of 1993",
            "type": "HR",
            "url": "https://api.congress.gov/v3/bill/103/hr/3287?format=json"
        },
        {
            "congress": 103,
            "introducedDate": "1993-03-17",
            "latestAction": {
                "actionDate": "1993-09-22",
                "text": "Received in the Senate and read twice and referred to the Committee on Judiciary."
            },
            "number": "1385",
            "policyArea": {
                "name": "Crime and Law Enforcement"
            },
            "title": "To amend the Omnibus Crime Control and Safe Streets Act of 1968 to allow formula grants to be used to prosecute persons driving while intoxicated.",
            "type": "HR",
            "url": "https://api.congress.gov/v3/bill/103/hr/1385?format=json"
        },
        {
            "congress": 103,
            "introducedDate": "1993-03-17",
            "latestAction": {
                "actionDate": "1993-03-29",
                "text": "Referred to the Subcommittee on Surface Transportation."
            },
            "number": "1386",
            "policyArea": {
                "name": "Transportation and Public Works"
            },
            "title": "Drunk Driving Prevention Act of 1993",
            "type": "HR",
            "url": "https://api.congress.gov/v3/bill/103/hr/1386?format=json"
        },
        {
            "amendmentNumber": "1087",
            "congress": 104,
            "introducedDate": "1996-05-29",
            "latestAction": {
                "actionDate": "1996-05-29",
                "actionTime": "15:58:52",
                "text": "On agreeing to the Schiff amendment (A002) Agreed to by voice vote. "
            },
            "type": null,
            "url": "https://api.congress.gov/v3/amendment/104/hamdt/1087?format=json"
        },
        {
            "amendmentNumber": "144",
            "congress": 104,
            "introducedDate": "1995-02-13",
            "latestAction": {
                "actionDate": "1995-02-13",
                "actionTime": "17:20:22",
                "text": "On agreeing to the Schiff amendment (A001) Agreed to by voice vote. "
            },
            "type": null,
            "url": "https://api.congress.gov/v3/amendment/104/hamdt/144?format=json"
        },
        {
            "amendmentNumber": "40",
            "congress": 104,
            "introducedDate": "1995-01-31",
            "latestAction": {
                "actionDate": "1995-01-31",
                "actionTime": "13:04:53",
                "text": "On agreeing to the Schiff amendment (A030) as modified and amended Agreed to by voice vote. "
            },
            "type": null,
            "url": "https://api.congress.gov/v3/amendment/104/hamdt/40?format=json"
        },
        {
            "congress": 104,
            "introducedDate": "1996-03-29",
            "latestAction": {
                "actionDate": "1996-04-18",
                "text": "Referred to the Subcommittee on Crime."
            },
            "number": "3223",
            "policyArea": {
                "name": "Crime and Law Enforcement"
            },
            "title": "Two Strikes Act of 1996",
            "type": "HR",
            "url": "https://api.congress.gov/v3/bill/104/hr/3223?format=json"
        },
        {
            "congress": 104,
            "introducedDate": "1996-03-29",
            "latestAction": {
                "actionDate": "1996-05-02",
                "text": "Joint Hearings Held by the Subcommittee on Human Resources and Intergovernmental Relations and by the Subcommittee on Government Management, Information and Technology."
            },
            "number": "3224",
            "policyArea": {
                "name": "Health"
            },
            "title": "Health Care Fraud and Abuse Prevention Act of 1996",
            "type": "HR",
            "url": "https://api.congress.gov/v3/bill/104/hr/3224?format=json"
        },
        {
            "congress": 104,
            "introducedDate": "1996-02-28",
            "latestAction": {
                "actionDate": "1996-03-11",
                "text": "Referred to the Subcommittee on Water Resources and Environment."
            },
            "number": "2989",
            "policyArea": {
                "name": "Water Resources Development"
            },
            "title": "To redesignate the Jemez Canyon Dam as the \"Tamaya Dam\".",
            "type": "HR",
            "url": "https://api.congress.gov/v3/bill/104/hr/2989?format=json"
        },
        {
            "congress": 104,
            "introducedDate": "1995-10-17",
            "latestAction": {
                "actionDate": "1995-11-06",
                "text": "Referred to the Subcommittee on Crime."
            },
            "number": "2488",
            "policyArea": {
                "name": "Crime and Law Enforcement"
            },
            "title": "Prison Judgment Relief Act of 1995",
            "type": "HR",
            "url": "https://api.congress.gov/v3/bill/104/hr/2488?format=json"
        },
        {
            "congress": 104,
            "introducedDate": "1995-09-13",
            "latestAction": {
                "actionDate": "1995-10-02",
                "text": "Referred to the Subcommittee on Crime."
            },
            "number": "2326",
            "policyArea": {
                "name": "Health"
            },
            "title": "Health Care Fraud and Abuse Prevention Act of 1995",
            "type": "HR",
            "url": "https://api.congress.gov/v3/bill/104/hr/2326?format=json"
        },
        {
            "congress": 104,
            "introducedDate": "1995-07-31",
            "latestAction": {
                "actionDate": "1996-01-03",
                "text": "Unfavorable Executive Comment Received from DOD."
            },
            "number": "2142",
            "policyArea": {
                "name": "Energy"
            },
            "title": "Department of Energy Laboratory Missions Act",
            "type": "HR",
            "url": "https://api.congress.gov/v3/bill/104/hr/2142?format=json"
        },
        {
            "congress": 104,
            "introducedDate": "1995-06-27",
            "latestAction": {
                "actionDate": "1995-07-18",
                "text": "Referred to the Subcommittee on Commercial and Administrative Law."
            },
            "number": "1937",
            "policyArea": {
                "name": "Commerce"
            },
            "title": "Small Business Advocacy Act of 1995",
            "type": "HR",
            "url": "https://api.congress.gov/v3/bill/104/hr/1937?format=json"
        },
        {
            "congress": 104,
            "introducedDate": "1995-06-15",
            "latestAction": {
                "actionDate": "1995-09-27",
                "text": "For Further Action See H.R.2405."
            },
            "number": "1851",
            "policyArea": {
                "name": "Emergency Management"
            },
            "title": "Fire Administration Authorization Act of 1995",
            "type": "HR",
            "url": "https://api.congress.gov/v3/bill/104/hr/1851?format=json"
        },
        {
            "congress": 104,
            "introducedDate": "1995-06-15",
            "latestAction": {
                "actionDate": "1995-09-27",
                "text": "For Further Action See H.R.2405."
            },
            "number": "1852",
            "policyArea": {
                "name": "Science, Technology, Communications"
            },
            "title": "National Science Foundation Authorization Act of 1995",
            "type": "HR",
            "url": "https://api.congress.gov/v3/bill/104/hr/1852?format=json"
        },
        {
            "congress": 104,
            "introducedDate": "1995-03-15",
            "latestAction": {
                "actionDate": "1995-04-10",
                "text": "Referred to the Subcommittee on Health and Environment."
            },
            "number": "1255",
            "policyArea": {
                "name": "Environmental Protection"
            },
            "title": "To amend the Clean Air Act to extend the deadline for the imposition of sanctions under section 179 of the Act.",
            "type": "HR",
            "url": "https://api.congress.gov/v3/bill/104/hr/1255?format=json"
        },
        {
            "congress": 104,
            "introducedDate": "1996-09-27",
            "latestAction": {
                "actionDate": "1996-10-04",
                "text": "Referred to the Subcommittee on Crime."
            },
            "number": "227",
            "policyArea": {
                "name": "Crime and Law Enforcement"
            },
            "title": "Expressing the sense of Congress that the technology program at the National Institue of Justice of the Department of Justice, should be designated as the national focal point for law enforcement technology programs.",
            "type": "HCONRES",
            "url": "https://api.congress.gov/v3/bill/104/hconres/227?format=json"
        },
        {
            "congress": 105,
            "introducedDate": "1997-07-31",
            "latestAction": {
                "actionDate": "1997-08-15",
                "text": "Referred to the Subcommittee on Crime."
            },
            "number": "2361",
            "policyArea": {
                "name": "Crime and Law Enforcement"
            },
            "title": "To amend title 18, United States Code, with respect to the \"three strikes\" life sentence.",
            "type": "HR",
            "url": "https://api.congress.gov/v3/bill/105/hr/2361?format=json"
        },
        {
            "congress": 105,
            "introducedDate": "1997-04-23",
            "latestAction": {
                "actionDate": "1997-04-30",
                "text": "Executive Comment Requested from Interior."
            },
            "number": "1424",
            "policyArea": {
                "name": "Public Lands and Natural Resources"
            },
            "title": "Petroglyph National Monument Boundary Adjustment Act",
            "type": "HR",
            "url": "https://api.congress.gov/v3/bill/105/hr/1424?format=json"
        },
        {
            "congress": 105,
            "introducedDate": "1997-04-10",
            "latestAction": {
                "actionDate": "1998-07-29",
                "text": "Became Public Law No: 105-207."
            },
            "number": "1273",
            "policyArea": {
                "name": "Science, Technology, Communications"
            },
            "title": "National Science Foundation Authorization Act of 1998",
            "type": "HR",
            "url": "https://api.congress.gov/v3/bill/105/hr/1273?format=json"
        },
        {
            "congress": 105,
            "introducedDate": "1997-04-10",
            "latestAction": {
                "actionDate": "1997-04-24",
                "text": "Received in the Senate and read twice and referred to the Committee on Commerce."
            },
            "number": "1272",
            "policyArea": {
                "name": "Emergency Management"
            },
            "title": "Fire Administration Authorization Act of 1997",
            "type": "HR",
            "url": "https://api.congress.gov/v3/bill/105/hr/1272?format=json"
        },
        {
            "congress": 105,
            "introducedDate": "1997-02-13",
            "latestAction": {
                "actionDate": "1997-02-13",
                "text": "Referred to the House Committee on House Oversight."
            },
            "number": "797",
            "policyArea": {
                "name": "Government Operations and Politics"
            },
            "title": "To amend the Federal Election Campaign Act of 1971 to reduce the amount that a multicandidate political committee may contribute to a House of Representatives candidate, and for other purposes.",
            "type": "HR",
            "url": "https://api.congress.gov/v3/bill/105/hr/797?format=json"
        },
        {
            "congress": 105,
            "introducedDate": "1998-03-18",
            "latestAction": {
                "actionDate": "1998-03-20",
                "text": "Referred to the Subcommittee on Civil Service."
            },
            "number": "389",
            "policyArea": {
                "name": "Commemorations"
            },
            "title": "Celebrating the \"New Mexico Cuartocentenario\", the 400th anniversary commemoration of the first permanent Spanish settlement in New Mexico.",
            "type": "HRES",
            "url": "https://api.congress.gov/v3/bill/105/hres/389?format=json"
        }
    ]
}