{
    "pagination": {
        "count": 8
    },
    "request": {
        "bioguideId": "g000499",
        "contentType": "application/json",
        "format": "json"
    },
    "sponsoredLegislation": [
        {
            "congress": 99,
            "introducedDate": "1985-07-24",
            "latestAction": {
                "actionDate": "1985-07-24",
                "text": "Referred to House Committee on Ways and Means."
            },
            "number": "3073",
            "policyArea": {
                "name": "Taxation"
            },
            "title": "A bill to amend the Internal Revenue Code of 1954 to provide a mechanism for taxpayers to designate overpayments of income tax for purposes of reducing the public debt of the United States.",
            "type": "HR",
            "url": "https://api.congress.gov/v3/bill/99/hr/3073?format=json"
        },
        {
            "congress": 99,
            "introducedDate": "1985-06-27",
            "latestAction": {
                "actionDate": "1985-07-26",
                "text": "See S.960."
            },
            "number": "2905",
            "policyArea": {
                "name": "Transportation and Public Works"
            },
            "title": "Airport and Air Carrier Security Improvement Act of 1985",
            "type": "HR",
            "url": "https://api.congress.gov/v3/bill/99/hr/2905?format=json"
        },
        {
            "congress": 99,
            "introducedDate": "1985-06-26",
            "latestAction": {
                "actionDate": "1985-07-02",
                "text": "Referred to Subcommittee on Social Security."
            },
            "number": "2877",
            "policyArea": {
                "name": "Social Welfare"
            },
            "title": "A bill to amend title II of the Social Security Act to increase the amount of excess earnings an individual who has attained retirement age may earn before suffering deductions from benefits.",
            "type": "HR",
            "url": "https://api.congress.gov/v3/bill/99/hr/2877?format=json"
        },
        {
            "congress": 99,
            "introducedDate": "1985-06-20",
            "latestAction": {
                "actionDate": "1986-10-17",
                "text": "H.J.RES. 738 passed in Senate relating to this measure."
            },
            "number": "2824",
            "policyArea": {
                "name": "Taxation"
            },
            "title": "A bill to amend the Farm Credit Act of 1971 with respect to obligations of Federal intermediate credit banks, Federal land banks, and Federal land bank associations.",
            "type": "HR",
            "url": "https://api.congress.gov/v3/bill/99/hr/2824?format=json"
        },
        {
            "congress": 99,
            "introducedDate": "1985-06-27",
            "latestAction": {
                "actionDate": "1985-07-09",
                "text": "Referred to Subcommittee on Elections."
            },
            "number": "2906",
            "policyArea": {
                "name": "Government Operations and Politics"
            },
            "title": "Voter Interest and Participation Act of 1985",
            "type": "HR",
            "url": "https://api.congress.gov/v3/bill/99/hr/2906?format=json"
        },
        {
            "congress": 99,
            "introducedDate": "1985-05-01",
            "latestAction": {
                "actionDate": "1985-05-20",
                "text": "Executive Comment Requested from OMB, US Postal Service."
            },
            "number": "2302",
            "policyArea": {
                "name": "Government Operations and Politics"
            },
            "title": "A bill to amend title 39 of the United States Code to provide for congressional review of proposed changes in postal services.",
            "type": "HR",
            "url": "https://api.congress.gov/v3/bill/99/hr/2302?format=json"
        },
        {
            "congress": 99,
            "introducedDate": "1985-08-01",
            "latestAction": {
                "actionDate": "1985-08-01",
                "text": "Referred to House Committee on Ways and Means."
            },
            "number": "182",
            "policyArea": {
                "name": "Finance and Financial Sector"
            },
            "title": "A concurrent resolution calling upon the Members of the Congress to actively support the United States savings bonds program.",
            "type": "HCONRES",
            "url": "https://api.congress.gov/v3/bill/99/hconres/182?format=json"
        },
        {
            "congress": 99,
            "introducedDate": "1985-05-23",
            "latestAction": {
                "actionDate": "1985-06-03",
                "text": "Referred to Subcommittee on Investigations."
            },
            "number": "157",
            "policyArea": {
                "name": "Armed Forces and National Security"
            },
            "title": "A concurrent resolution expressing the sense of the Congress that performing groups in the armed forces of the United States should use domestically manufactured entertainment support items at patriotic and ceremonial events at the Capitol and at all Federal buildings, unless there is no domestically manufactured item of comparable quality and price.",
            "type": "HCONRES",
            "url": "https://api.congress.gov/v3/bill/99/hconres/157?format=json"
        }
    ]
}