{
    "pagination": {
        "count": 80
    },
    "request": {
        "bioguideId": "d000593",
        "contentType": "application/json",
        "format": "json"
    },
    "sponsoredLegislation": [
        {
            "congress": 97,
            "introducedDate": "1982-09-30",
            "latestAction": {
                "actionDate": "1982-10-07",
                "text": "Referred to Subcommittee on Conservation Credit and Rural Development."
            },
            "number": "7227",
            "policyArea": {
                "name": "Agriculture and Food"
            },
            "title": "A bill to amend the Soil Conservation and Domestic Allotment Act with respect to the authority of the Secretary of Agriculture to provide financial assistance for conservation measures providing drainage of land by means of open ditches.",
            "type": "HR",
            "url": "https://api.congress.gov/v3/bill/97/hr/7227?format=json"
        },
        {
            "congress": 97,
            "introducedDate": "1982-03-01",
            "latestAction": {
                "actionDate": "1982-03-01",
                "text": "Referred to House Committee on Merchant Marine and Fisheries."
            },
            "number": "5640",
            "policyArea": {
                "name": "Transportation and Public Works"
            },
            "title": "A bill prohibiting the collection of certain user fees by the United States Coast Guard.",
            "type": "HR",
            "url": "https://api.congress.gov/v3/bill/97/hr/5640?format=json"
        },
        {
            "congress": 97,
            "introducedDate": "1981-09-30",
            "latestAction": {
                "actionDate": "1982-07-08",
                "text": "Unfavorable Executive Comment Received From DOT."
            },
            "number": "4645",
            "policyArea": {
                "name": "Transportation and Public Works"
            },
            "title": "A bill prohibiting the collection of certain user fees by the United States Coast Guard.",
            "type": "HR",
            "url": "https://api.congress.gov/v3/bill/97/hr/4645?format=json"
        },
        {
            "congress": 97,
            "introducedDate": "1981-07-28",
            "latestAction": {
                "actionDate": "1982-07-28",
                "text": "Unfavorable Executive Comment Received From DOD."
            },
            "number": "4285",
            "policyArea": {
                "name": "Armed Forces and National Security"
            },
            "title": "A bill to provide the same annuity benefits to the surviving spouses of military retirees who died before September 21, 1972, but after their discharge or release from active duty, as are provided to the surviving spouses of former members who died before such date while serving on active duty after becoming eligible to retire.",
            "type": "HR",
            "url": "https://api.congress.gov/v3/bill/97/hr/4285?format=json"
        },
        {
            "congress": 97,
            "introducedDate": "1981-07-15",
            "latestAction": {
                "actionDate": "1981-07-15",
                "text": "Referred to House Committee on Armed Services."
            },
            "number": "4151",
            "policyArea": {
                "name": "Armed Forces and National Security"
            },
            "title": "A bill to amend the title 10, United States Code, to eliminate the social security offset from annuities under the Survivor Benefit Plan to the extent that any social security annuity of the Survivor Benefit Plan annuitant is reduced because of a public retirement benefit received by the annuitant based on the annuitant's own employment.",
            "type": "HR",
            "url": "https://api.congress.gov/v3/bill/97/hr/4151?format=json"
        },
        {
            "congress": 97,
            "introducedDate": "1981-06-16",
            "latestAction": {
                "actionDate": "1981-10-27",
                "text": "Subcommittee Hearings Held."
            },
            "number": "3923",
            "policyArea": {
                "name": "Government Operations and Politics"
            },
            "title": "A bill to provide for payments in lieu of taxes to be made by the United States to local governments for property exempt from property taxation under Federal law which is located within the jurisdiction of the local government and owned by the United States, a foreign government, or an international organization.",
            "type": "HR",
            "url": "https://api.congress.gov/v3/bill/97/hr/3923?format=json"
        },
        {
            "congress": 97,
            "introducedDate": "1981-06-16",
            "latestAction": {
                "actionDate": "1981-11-24",
                "text": "Unfavorable Executive Comment Received From DOT."
            },
            "number": "3924",
            "policyArea": {
                "name": "Transportation and Public Works"
            },
            "title": "A bill prohibiting the collection of certain user fees by the United States Coast Guard.",
            "type": "HR",
            "url": "https://api.congress.gov/v3/bill/97/hr/3924?format=json"
        },
        {
            "congress": 97,
            "introducedDate": "1981-05-13",
            "latestAction": {
                "actionDate": "1981-05-13",
                "text": "Referred to House Committee on The Judiciary."
            },
            "number": "3591",
            "policyArea": {
                "name": "Private Legislation"
            },
            "title": "A bill for the relief of Hyung Joo Kim.",
            "type": "HR",
            "url": "https://api.congress.gov/v3/bill/97/hr/3591?format=json"
        },
        {
            "congress": 97,
            "introducedDate": "1981-04-09",
            "latestAction": {
                "actionDate": "1981-07-15",
                "text": "Subcommittee Hearings Held."
            },
            "number": "3179",
            "policyArea": {
                "name": "Agriculture and Food"
            },
            "title": "A bill to amend the Agricultural Adjustment Act of 1938 with respect to tobacco marketing quotas.",
            "type": "HR",
            "url": "https://api.congress.gov/v3/bill/97/hr/3179?format=json"
        },
        {
            "congress": 97,
            "introducedDate": "1982-05-11",
            "latestAction": {
                "actionDate": "1982-05-11",
                "text": "Referred to House Committee on Post Office and Civil Service."
            },
            "number": "479",
            "policyArea": {
                "name": "Armed Forces and National Security"
            },
            "title": "A joint resolution to provide for the designation of July 9, 1982 and April 9, 1983 as \"National P.O.W./M.I.A. Recognition Day\".",
            "type": "HJRES",
            "url": "https://api.congress.gov/v3/bill/97/hjres/479?format=json"
        },
        {
            "congress": 97,
            "introducedDate": "1982-03-09",
            "latestAction": {
                "actionDate": "1982-03-09",
                "text": "Referred to House Committee on Post Office and Civil Service."
            },
            "number": "428",
            "policyArea": {
                "name": "Armed Forces and National Security"
            },
            "title": "A joint resolution to provide for the designation of April 9 of each year as \"National P.O.W./M.I.A. Recognition Day\".",
            "type": "HJRES",
            "url": "https://api.congress.gov/v3/bill/97/hjres/428?format=json"
        },
        {
            "congress": 97,
            "introducedDate": "1981-12-09",
            "latestAction": {
                "actionDate": "1981-12-09",
                "text": "Referred to House Committee on Post Office and Civil Service."
            },
            "number": "371",
            "policyArea": {
                "name": "Armed Forces and National Security"
            },
            "title": "A joint resolution to provide for the designation of April 9 as the \"Annual National P. O. W./M. I. A. Day\".",
            "type": "HJRES",
            "url": "https://api.congress.gov/v3/bill/97/hjres/371?format=json"
        },
        {
            "congress": 97,
            "introducedDate": "1981-10-20",
            "latestAction": {
                "actionDate": "1981-10-27",
                "text": "Referred to Subcommittee on Intergovernmental Relations and Human Resources."
            },
            "number": "250",
            "policyArea": {
                "name": "Government Operations and Politics"
            },
            "title": "A resolution expressing the sense of the House of Representatives with respect to the need to continue the entitlement payment to local governments as provided for in the general revenue sharing program.",
            "type": "HRES",
            "url": "https://api.congress.gov/v3/bill/97/hres/250?format=json"
        },
        {
            "congress": 97,
            "introducedDate": "1981-08-04",
            "latestAction": {
                "actionDate": "1981-08-22",
                "text": "Referred to Subcommittee on Census and Population."
            },
            "number": "204",
            "policyArea": {
                "name": "Education"
            },
            "title": "A resolution expressing the sense of the House of Representatives in paying tribute to Washington College.",
            "type": "HRES",
            "url": "https://api.congress.gov/v3/bill/97/hres/204?format=json"
        },
        {
            "congress": 97,
            "introducedDate": "1982-05-19",
            "latestAction": {
                "actionDate": "1982-05-28",
                "text": "Referred to Subcommittee on Human Resources."
            },
            "number": "346",
            "policyArea": {
                "name": "Social Welfare"
            },
            "title": "A concurrent resolution expressing the sense of the Congress that funds should be appropriated during fiscal year 1983, and in subsequent fiscal years, for programs under the Older Americans Act of 1965 in such amounts as may be necessary to maintain or expand such programs as reauthorized under the Older Americans Act Amendments of 1981.",
            "type": "HCONRES",
            "url": "https://api.congress.gov/v3/bill/97/hconres/346?format=json"
        },
        {
            "congress": 97,
            "introducedDate": "1982-03-16",
            "latestAction": {
                "actionDate": "1982-03-29",
                "text": "Referred to Subcommittee on Water Resources."
            },
            "number": "292",
            "policyArea": {
                "name": "Economics and Public Finance"
            },
            "title": "A concurrent resolution expressing the sense of Congress concerning the President's prospective impoundment of the Army Corps of Engineers Operation and Maintenance Funds for civil works.",
            "type": "HCONRES",
            "url": "https://api.congress.gov/v3/bill/97/hconres/292?format=json"
        },
        {
            "amendmentNumber": "279",
            "congress": 98,
            "introducedDate": "1983-07-26",
            "latestAction": {
                "actionDate": "1983-07-26",
                "text": "Amendment Passed in Committee of the Whole by Voice Vote. "
            },
            "type": null,
            "url": "https://api.congress.gov/v3/amendment/98/hamdt/279?format=json"
        },
        {
            "congress": 98,
            "introducedDate": "1984-06-29",
            "latestAction": {
                "actionDate": "1984-07-24",
                "text": "Referred to Subcommittee on Fisheries and Wildlife Conservation and the Environment."
            },
            "number": "5978",
            "policyArea": {
                "name": "Public Lands and Natural Resources"
            },
            "title": "A bill to authorize a study of the effects of acid rain on the Atlantic striped bass.",
            "type": "HR",
            "url": "https://api.congress.gov/v3/bill/98/hr/5978?format=json"
        },
        {
            "congress": 98,
            "introducedDate": "1984-05-08",
            "latestAction": {
                "actionDate": "1984-09-19",
                "text": "Received in the Senate and read twice and referred to the Committee on Energy and Natural Resources."
            },
            "number": "5611",
            "policyArea": {
                "name": "Armed Forces and National Security"
            },
            "title": "A bill to authorize the Eleventh Airborne Divison Association to establish a memorial in the District of Columbia.",
            "type": "HR",
            "url": "https://api.congress.gov/v3/bill/98/hr/5611?format=json"
        },
        {
            "congress": 98,
            "introducedDate": "1984-04-04",
            "latestAction": {
                "actionDate": "1984-05-02",
                "text": "For Further Action See H.R.5220."
            },
            "number": "5364",
            "policyArea": {
                "name": "Transportation and Public Works"
            },
            "title": "A bill to authorize the construction of versatile motor vehicle carrying vessels under title VII of the Merchant Marine Act, 1936, and for other purposes.",
            "type": "HR",
            "url": "https://api.congress.gov/v3/bill/98/hr/5364?format=json"
        },
        {
            "congress": 98,
            "introducedDate": "1983-10-06",
            "latestAction": {
                "actionDate": "1984-06-26",
                "text": "See H.R.3282."
            },
            "number": "4108",
            "policyArea": {
                "name": "Environmental Protection"
            },
            "title": "A bill to amend the Federal Water Pollution Control Act to provide for the enhanced water quality of the Chesapeake and Narragansett Bays, and for other purposes.",
            "type": "HR",
            "url": "https://api.congress.gov/v3/bill/98/hr/4108?format=json"
        },
        {
            "congress": 98,
            "introducedDate": "1983-10-06",
            "latestAction": {
                "actionDate": "1984-05-24",
                "text": "Became Public Law No: 98-296."
            },
            "number": "4107",
            "policyArea": {
                "name": "Government Operations and Politics"
            },
            "title": "A bill to designate the Federal building in Salisbury, Maryland, as the \"Maude R. Toulson Federal Building\".",
            "type": "HR",
            "url": "https://api.congress.gov/v3/bill/98/hr/4107?format=json"
        },
        {
            "congress": 98,
            "introducedDate": "1983-07-28",
            "latestAction": {
                "actionDate": "1983-07-28",
                "text": "Referred to House Committee on The Judiciary."
            },
            "number": "3704",
            "policyArea": {
                "name": "Private Legislation"
            },
            "title": "A bill for the relief of Emiliana Raqueno.",
            "type": "HR",
            "url": "https://api.congress.gov/v3/bill/98/hr/3704?format=json"
        },
        {
            "congress": 98,
            "introducedDate": "1983-07-11",
            "latestAction": {
                "actionDate": "1983-07-11",
                "text": "Referred to House Committee on House Administration."
            },
            "number": "3508",
            "policyArea": {
                "name": "Armed Forces and National Security"
            },
            "title": "A bill to authorize the Eleventh Airborne Division Association to erect a memorial in the District of Columbia or its environs.",
            "type": "HR",
            "url": "https://api.congress.gov/v3/bill/98/hr/3508?format=json"
        },
        {
            "congress": 98,
            "introducedDate": "1983-04-28",
            "latestAction": {
                "actionDate": "1984-06-26",
                "text": "See H.R.3282."
            },
            "number": "2817",
            "policyArea": {
                "name": "Environmental Protection"
            },
            "title": "A bill to amend the Federal Water Pollution Control Act to provide for the enhanced water quality of the Chesapeake and Narragansett Bays, and for other purposes.",
            "type": "HR",
            "url": "https://api.congress.gov/v3/bill/98/hr/2817?format=json"
        },
        {
            "congress": 98,
            "introducedDate": "1983-03-23",
            "latestAction": {
                "actionDate": "1983-03-29",
                "text": "Referred to Subcommittee on Military Personnel and Compensation."
            },
            "number": "2296",
            "policyArea": {
                "name": "Armed Forces and National Security"
            },
            "title": "A bill to provide the same annuity benefits to the surviving spouses of military retirees who died before September 21, 1972, but after their discharge or release from active duty, as are provided to the surviving spouses of former members who died before such date while serving on active duty after becoming eligible to retire.",
            "type": "HR",
            "url": "https://api.congress.gov/v3/bill/98/hr/2296?format=json"
        },
        {
            "congress": 98,
            "introducedDate": "1983-03-23",
            "latestAction": {
                "actionDate": "1983-03-29",
                "text": "Referred to Subcommittee on Military Personnel and Compensation."
            },
            "number": "2295",
            "policyArea": {
                "name": "Armed Forces and National Security"
            },
            "title": "A bill to amend title 10, United States Code, to eliminate the social security offset from annuities under the Survivor Benefit Plan to the extent that any social security annuity of the Survivor Benefit Plan annuitant is reduced because of a public retirement benefit received by the annuitant based on the annuitant's own employment.",
            "type": "HR",
            "url": "https://api.congress.gov/v3/bill/98/hr/2295?format=json"
        },
        {
            "congress": 98,
            "introducedDate": "1983-03-08",
            "latestAction": {
                "actionDate": "1983-07-15",
                "text": "Provisions Incorporated into Title II of H.R. 2065."
            },
            "number": "1958",
            "policyArea": {
                "name": "Science, Technology, Communications"
            },
            "title": "A bill relating to the transfer of civil land remote sensing space satellite systems and meteorological satellite systems to the private sector.",
            "type": "HR",
            "url": "https://api.congress.gov/v3/bill/98/hr/1958?format=json"
        },
        {
            "amendmentNumber": "1119",
            "congress": 99,
            "introducedDate": "1986-08-13",
            "latestAction": {
                "actionDate": "1986-08-13",
                "text": "Amendment Passed in Committee of the Whole by Voice Vote. "
            },
            "type": null,
            "url": "https://api.congress.gov/v3/amendment/99/hamdt/1119?format=json"
        },
        {
            "amendmentNumber": "600",
            "congress": 99,
            "introducedDate": "1985-11-06",
            "latestAction": {
                "actionDate": "1985-11-06",
                "text": "Amendment Passed in Committee of the Whole by Voice Vote. "
            },
            "type": null,
            "url": "https://api.congress.gov/v3/amendment/99/hamdt/600?format=json"
        },
        {
            "amendmentNumber": "592",
            "congress": 99,
            "introducedDate": "1985-10-30",
            "latestAction": {
                "actionDate": "1985-10-30",
                "text": "Amendment Withdrawn in Committee of the Whole. "
            },
            "type": null,
            "url": "https://api.congress.gov/v3/amendment/99/hamdt/592?format=json"
        },
        {
            "amendmentNumber": "221",
            "congress": 99,
            "introducedDate": "1985-06-27",
            "latestAction": {
                "actionDate": "1985-06-27",
                "text": "Amendment Passed in Committee of the Whole by Voice Vote. "
            },
            "type": null,
            "url": "https://api.congress.gov/v3/amendment/99/hamdt/221?format=json"
        },
        {
            "congress": 99,
            "introducedDate": "1986-10-09",
            "latestAction": {
                "actionDate": "1986-11-03",
                "text": "Became Public Law No: 99-596."
            },
            "number": "5682",
            "policyArea": {
                "name": "Armed Forces and National Security"
            },
            "title": "A bill to authorize the Secretary of the Navy to make a certain conveyance of real property.",
            "type": "HR",
            "url": "https://api.congress.gov/v3/bill/99/hr/5682?format=json"
        },
        {
            "congress": 99,
            "introducedDate": "1986-06-17",
            "latestAction": {
                "actionDate": "1986-07-14",
                "text": "Referred to Subcommittee on Housing and Community Development."
            },
            "number": "5039",
            "policyArea": {
                "name": "Housing and Community Development"
            },
            "title": "A bill to amend the National Housing Act to provide the Secretary of Housing and Urban Development with permanent authority to insure mortgages on single-family dwellings.",
            "type": "HR",
            "url": "https://api.congress.gov/v3/bill/99/hr/5039?format=json"
        },
        {
            "congress": 99,
            "introducedDate": "1986-03-18",
            "latestAction": {
                "actionDate": "1986-04-15",
                "text": "Referred to Subcommittee on Livestock, Dairy, and Poultry."
            },
            "number": "4432",
            "policyArea": {
                "name": "Agriculture and Food"
            },
            "title": "Emergency Avian Influenza and Citrus Canker Response Act of 1986",
            "type": "HR",
            "url": "https://api.congress.gov/v3/bill/99/hr/4432?format=json"
        },
        {
            "congress": 99,
            "introducedDate": "1986-03-18",
            "latestAction": {
                "actionDate": "1986-03-31",
                "text": "Referred to Subcommittee on Fisheries and Wildlife Conservation and the Environment."
            },
            "number": "4433",
            "policyArea": {
                "name": "Animals"
            },
            "title": "A bill relating to the use of steel shot in the hunting of migratory birds.",
            "type": "HR",
            "url": "https://api.congress.gov/v3/bill/99/hr/4433?format=json"
        },
        {
            "congress": 99,
            "introducedDate": "1986-02-27",
            "latestAction": {
                "actionDate": "1986-02-27",
                "text": "Referred to House Committee on House Administration."
            },
            "number": "4270",
            "policyArea": {
                "name": "Armed Forces and National Security"
            },
            "title": "A bill to authorize the Eleventh Airborne Division Association to establish a memorial in the District of Columbia or its environs.",
            "type": "HR",
            "url": "https://api.congress.gov/v3/bill/99/hr/4270?format=json"
        },
        {
            "congress": 99,
            "introducedDate": "1985-12-02",
            "latestAction": {
                "actionDate": "1986-07-03",
                "text": "Executive Comment Received From State."
            },
            "number": "3835",
            "policyArea": {
                "name": "Environmental Protection"
            },
            "title": "A bill entitled the \"Ocean Incineration Research Act of 1985\".",
            "type": "HR",
            "url": "https://api.congress.gov/v3/bill/99/hr/3835?format=json"
        },
        {
            "congress": 99,
            "introducedDate": "1985-10-31",
            "latestAction": {
                "actionDate": "1985-12-02",
                "text": "Referred to Subcommittee on Consumer Affairs and Coinage."
            },
            "number": "3663",
            "policyArea": {
                "name": "Congress"
            },
            "title": "A bill to provide for the striking of medals commemorating the 100th Congress.",
            "type": "HR",
            "url": "https://api.congress.gov/v3/bill/99/hr/3663?format=json"
        },
        {
            "congress": 99,
            "introducedDate": "1985-04-15",
            "latestAction": {
                "actionDate": "1985-04-15",
                "text": "Referred to House Committee on The Judiciary."
            },
            "number": "2043",
            "policyArea": {
                "name": "Private Legislation"
            },
            "title": "A bill for the relief of Nassim Yadgar and Linda Yadgar.",
            "type": "HR",
            "url": "https://api.congress.gov/v3/bill/99/hr/2043?format=json"
        },
        {
            "congress": 99,
            "introducedDate": "1985-03-27",
            "latestAction": {
                "actionDate": "1985-03-27",
                "text": "Referred to House Committee on Ways and Means."
            },
            "number": "1767",
            "policyArea": {
                "name": "Taxation"
            },
            "title": "A bill to amend the Deficit Reduction Act of 1984 to provide that an amendment made by such Act relating to Federal guarantees of industrial development bonds shall not apply to obligations issued for certain solid waste disposal facilities for which substantial sums and effort have already been expended.",
            "type": "HR",
            "url": "https://api.congress.gov/v3/bill/99/hr/1767?format=json"
        },
        {
            "congress": 99,
            "introducedDate": "1985-02-04",
            "latestAction": {
                "actionDate": "1985-02-13",
                "text": "Referred to Subcommittee on Investigations."
            },
            "number": "918",
            "policyArea": {
                "name": "Government Operations and Politics"
            },
            "title": "A bill to clarify the statutory limitation on the amount the Department of Defense may spend during fiscal year 1985 for certain contracted advisory and assistance services and to require the Secretary of Defense to develop an accounting procedure for identifying and controlling expenditures for such services in later fiscal years.",
            "type": "HR",
            "url": "https://api.congress.gov/v3/bill/99/hr/918?format=json"
        },
        {
            "congress": 99,
            "introducedDate": "1985-01-24",
            "latestAction": {
                "actionDate": "1985-03-07",
                "text": "Referred to Subcommittee on Investigations."
            },
            "number": "660",
            "policyArea": {
                "name": "Government Operations and Politics"
            },
            "title": "A bill to clarify the statutory limitation on the amount the Department of Defense may spend during fiscal year 1985 for certain contracted advisory and assistance services and to require the Secretary of Defense to develop a standardized auditing procedure for identifying and controlling expenditures for such services in later fiscal years.",
            "type": "HR",
            "url": "https://api.congress.gov/v3/bill/99/hr/660?format=json"
        },
        {
            "congress": 99,
            "introducedDate": "1985-01-03",
            "latestAction": {
                "actionDate": "1985-07-23",
                "text": "See H.R.8."
            },
            "number": "9",
            "policyArea": {
                "name": "Environmental Protection"
            },
            "title": "A bill to amend the Federal Water Pollution Control Act to provide for the enhanced water quality of the Chesapeake and Narragansett Bays, and for other purposes.",
            "type": "HR",
            "url": "https://api.congress.gov/v3/bill/99/hr/9?format=json"
        },
        {
            "congress": 99,
            "introducedDate": "1985-06-27",
            "latestAction": {
                "actionDate": "1985-07-03",
                "text": "Referred to Subcommittee on Census and Population."
            },
            "number": "330",
            "policyArea": {
                "name": "Commemorations"
            },
            "title": "A joint resolution designating May 1986 as \"Public Awareness of the Hearing Impaired Month\".",
            "type": "HJRES",
            "url": "https://api.congress.gov/v3/bill/99/hjres/330?format=json"
        },
        {
            "congress": 99,
            "introducedDate": "1986-10-17",
            "latestAction": {
                "actionDate": "1986-10-18",
                "text": "Referred to the Committee on Armed Services."
            },
            "number": "418",
            "policyArea": {
                "name": "Congress"
            },
            "title": "A concurrent resolution to direct the Secretary of the Senate to make technical corrections in the enrollment of the bill S. 2638.",
            "type": "HCONRES",
            "url": "https://api.congress.gov/v3/bill/99/hconres/418?format=json"
        },
        {
            "congress": 99,
            "introducedDate": "1985-10-31",
            "latestAction": {
                "actionDate": "1985-10-31",
                "text": "Referred to House Committee on Post Office and Civil Service."
            },
            "number": "225",
            "policyArea": {
                "name": "Government Operations and Politics"
            },
            "title": "A concurrent resolution to express the sense of the Congress that the Postmaster General should issue a postage stamp commemorating the 100th Congress.",
            "type": "HCONRES",
            "url": "https://api.congress.gov/v3/bill/99/hconres/225?format=json"
        },
        {
            "amendmentNumber": "46",
            "congress": 100,
            "introducedDate": "1987-04-23",
            "latestAction": {
                "actionDate": "1987-04-23",
                "text": "Amendment Withdrawn in Committee of the Whole. "
            },
            "type": null,
            "url": "https://api.congress.gov/v3/amendment/100/hamdt/46?format=json"
        },
        {
            "congress": 100,
            "introducedDate": "1988-09-28",
            "latestAction": {
                "actionDate": "1988-10-03",
                "text": "Referred to Subcommittee on Seapower and Strategic and Critical Materials."
            },
            "number": "5412",
            "policyArea": {
                "name": "Armed Forces and National Security"
            },
            "title": "A bill to allow the obsolete submarine United States ship Blenny to be transferred to the town of Ocean City, Maryland, before the expiration of the otherwise applicable 60-day congressional review period.",
            "type": "HR",
            "url": "https://api.congress.gov/v3/bill/100/hr/5412?format=json"
        },
        {
            "congress": 100,
            "introducedDate": "1988-06-30",
            "latestAction": {
                "actionDate": "1988-08-11",
                "text": "See H.R.5015."
            },
            "number": "4954",
            "policyArea": {
                "name": "Agriculture and Food"
            },
            "title": "A bill to amend the Agricultural Act of 1949 to permit farmers to hay and graze on set-aside acreage with respect to a crop of wheat or feed grains if their farms were situated in areas declared natural disasters by the Secretary of Agriculture during the preceding calendar year.",
            "type": "HR",
            "url": "https://api.congress.gov/v3/bill/100/hr/4954?format=json"
        },
        {
            "congress": 100,
            "introducedDate": "1988-02-18",
            "latestAction": {
                "actionDate": "1988-06-27",
                "text": "Field Hearings Held in Queenstown, Maryland."
            },
            "number": "3969",
            "policyArea": {
                "name": "Public Lands and Natural Resources"
            },
            "title": "Oyster Disease Research Assistance Act",
            "type": "HR",
            "url": "https://api.congress.gov/v3/bill/100/hr/3969?format=json"
        },
        {
            "congress": 100,
            "introducedDate": "1987-12-08",
            "latestAction": {
                "actionDate": "1987-12-14",
                "text": "Referred to Subcommittee on Conservation Credit and Rural Development."
            },
            "number": "3716",
            "policyArea": {
                "name": "Agriculture and Food"
            },
            "title": "Emergency Loan and Disaster Assistance Act of 1987",
            "type": "HR",
            "url": "https://api.congress.gov/v3/bill/100/hr/3716?format=json"
        },
        {
            "congress": 100,
            "introducedDate": "1987-10-06",
            "latestAction": {
                "actionDate": "1987-12-29",
                "text": "Became Public Law No: 100-218."
            },
            "number": "3427",
            "policyArea": {
                "name": "Armed Forces and National Security"
            },
            "title": "A bill to allow the obsolete submarine United States ship Blenny to be transferred to the State of Maryland before the expiration of the otherwise applicable 60-day congressional review period.",
            "type": "HR",
            "url": "https://api.congress.gov/v3/bill/100/hr/3427?format=json"
        },
        {
            "congress": 100,
            "introducedDate": "1987-09-14",
            "latestAction": {
                "actionDate": "1987-09-21",
                "text": "Referred to Subcommittee on Courts, Civil Liberties, and the Administration of Justice."
            },
            "number": "3257",
            "policyArea": {
                "name": "Private Legislation"
            },
            "title": "A bill providing for a 10-year extension of the patent for the automatic variable pitch marine propeller.",
            "type": "HR",
            "url": "https://api.congress.gov/v3/bill/100/hr/3257?format=json"
        },
        {
            "congress": 100,
            "introducedDate": "1987-04-22",
            "latestAction": {
                "actionDate": "1987-12-22",
                "text": "See H.R.3545."
            },
            "number": "2123",
            "policyArea": {
                "name": "Taxation"
            },
            "title": "A bill to repeal the provisions of the Tax Reform Act of 1986 which require partnerships, S corporations, and personal service corporations to adopt certain taxable years.",
            "type": "HR",
            "url": "https://api.congress.gov/v3/bill/100/hr/2123?format=json"
        },
        {
            "congress": 100,
            "introducedDate": "1987-03-03",
            "latestAction": {
                "actionDate": "1987-03-10",
                "text": "Referred to Subcommittee on Fisheries and Wildlife Conservation and the Environment."
            },
            "number": "1353",
            "policyArea": {
                "name": "Animals"
            },
            "title": "Social Security Services Improvement Act of 1989",
            "type": "HR",
            "url": "https://api.congress.gov/v3/bill/100/hr/1353?format=json"
        },
        {
            "congress": 100,
            "introducedDate": "1987-02-04",
            "latestAction": {
                "actionDate": "1987-02-04",
                "text": "Referred to Subcommittee on Consumer Affairs and Coinage."
            },
            "number": "972",
            "policyArea": {
                "name": "Congress"
            },
            "title": "A bill to provide for the striking of medals commemorating the 100th Congress.",
            "type": "HR",
            "url": "https://api.congress.gov/v3/bill/100/hr/972?format=json"
        },
        {
            "congress": 100,
            "introducedDate": "1987-01-26",
            "latestAction": {
                "actionDate": "1987-11-17",
                "text": "Subcommittee Hearings Held."
            },
            "number": "737",
            "policyArea": {
                "name": "Environmental Protection"
            },
            "title": "Ocean Incineration Research Act of 1987",
            "type": "HR",
            "url": "https://api.congress.gov/v3/bill/100/hr/737?format=json"
        },
        {
            "congress": 100,
            "introducedDate": "1988-04-26",
            "latestAction": {
                "actionDate": "1988-05-02",
                "text": "Referred to Subcommittee on Census and Population."
            },
            "number": "554",
            "policyArea": {
                "name": "Commemorations"
            },
            "title": "A joint resolution designating the week beginning November 6, 1988, as \"National Watermen's Recognition Week\".",
            "type": "HJRES",
            "url": "https://api.congress.gov/v3/bill/100/hjres/554?format=json"
        },
        {
            "congress": 100,
            "introducedDate": "1987-06-03",
            "latestAction": {
                "actionDate": "1987-11-04",
                "text": "Received in the Senate and read twice and referred to the Committee on Judiciary."
            },
            "number": "303",
            "policyArea": {
                "name": "Commemorations"
            },
            "title": "A joint resolution designating the week of November 1 through November 7, 1987, as \"National Watermen's Recognition Week\".",
            "type": "HJRES",
            "url": "https://api.congress.gov/v3/bill/100/hjres/303?format=json"
        },
        {
            "congress": 100,
            "introducedDate": "1987-10-13",
            "latestAction": {
                "actionDate": "1987-10-27",
                "text": "Referred to Subcommittee on Census and Population."
            },
            "number": "198",
            "policyArea": {
                "name": "Arts, Culture, Religion"
            },
            "title": "A concurrent resolution congratulating Charles \"Buddy\" Rogers for his outstanding entertainment achievements and philanthropic endeavors.",
            "type": "HCONRES",
            "url": "https://api.congress.gov/v3/bill/100/hconres/198?format=json"
        },
        {
            "congress": 100,
            "introducedDate": "1987-04-01",
            "latestAction": {
                "actionDate": "1987-06-29",
                "text": "Resolution Agreed to in House (Amended) by Voice Vote."
            },
            "number": "94",
            "policyArea": {
                "name": "International Affairs"
            },
            "title": "A concurrent resolution expressing the insistence of the Congress on the extradition of Mohammed Hamadei to the United States for trial in connection with the murder of Navy diver Robert Stethem and the opposition of the Congress to any trade of Mohammed Hamadei for West German nationals being held hostage.",
            "type": "HCONRES",
            "url": "https://api.congress.gov/v3/bill/100/hconres/94?format=json"
        },
        {
            "congress": 100,
            "introducedDate": "1987-02-04",
            "latestAction": {
                "actionDate": "1987-02-04",
                "text": "Referred to House Committee on Post Office and Civil Service."
            },
            "number": "39",
            "policyArea": {
                "name": "Congress"
            },
            "title": "A concurrent resolution to express the sense of the Congress that the Postmaster General should issue a postage stamp commemorating the 100th Congress.",
            "type": "HCONRES",
            "url": "https://api.congress.gov/v3/bill/100/hconres/39?format=json"
        },
        {
            "congress": 101,
            "introducedDate": "1990-10-18",
            "latestAction": {
                "actionDate": "1990-10-27",
                "text": "Referred to the Subcommittee on Oceanography and Great Lakes."
            },
            "number": "5858",
            "policyArea": {
                "name": "Environmental Protection"
            },
            "title": "Chesapeake Bay Restoration Act of 1990",
            "type": "HR",
            "url": "https://api.congress.gov/v3/bill/101/hr/5858?format=json"
        },
        {
            "congress": 101,
            "introducedDate": "1990-07-11",
            "latestAction": {
                "actionDate": "1990-07-18",
                "text": "Referred to the Subcommittee on Crime."
            },
            "number": "5244",
            "policyArea": {
                "name": "Crime and Law Enforcement"
            },
            "title": "Rural Law Enforcement Drug Act of 1990",
            "type": "HR",
            "url": "https://api.congress.gov/v3/bill/101/hr/5244?format=json"
        },
        {
            "congress": 101,
            "introducedDate": "1990-06-26",
            "latestAction": {
                "actionDate": "1990-11-16",
                "text": "See H.R.4009."
            },
            "number": "5168",
            "policyArea": {
                "name": "Private Legislation"
            },
            "title": "To authorize fishery documentation for the vessel Paula Sue.",
            "type": "HR",
            "url": "https://api.congress.gov/v3/bill/101/hr/5168?format=json"
        },
        {
            "congress": 101,
            "introducedDate": "1990-06-26",
            "latestAction": {
                "actionDate": "1990-11-16",
                "text": "See H.R.4009."
            },
            "number": "5167",
            "policyArea": {
                "name": "Private Legislation"
            },
            "title": "To authorize coastwise and Great Lakes documentation for the vessel Playpen.",
            "type": "HR",
            "url": "https://api.congress.gov/v3/bill/101/hr/5167?format=json"
        },
        {
            "congress": 101,
            "introducedDate": "1990-05-08",
            "latestAction": {
                "actionDate": "1990-05-21",
                "text": "Referred to the Subcommittee on Water Resources."
            },
            "number": "4738",
            "policyArea": {
                "name": "Environmental Protection"
            },
            "title": "Nontidal Wetlands Protection Act of 1990",
            "type": "HR",
            "url": "https://api.congress.gov/v3/bill/101/hr/4738?format=json"
        },
        {
            "congress": 101,
            "introducedDate": "1990-03-15",
            "latestAction": {
                "actionDate": "1990-11-05",
                "text": "See H.R.4739."
            },
            "number": "4283",
            "policyArea": {
                "name": "Transportation and Public Works"
            },
            "title": "Panama Canal Commission Authorization Act, Fiscal Year 1991",
            "type": "HR",
            "url": "https://api.congress.gov/v3/bill/101/hr/4283?format=json"
        },
        {
            "congress": 101,
            "introducedDate": "1990-03-15",
            "latestAction": {
                "actionDate": "1990-04-02",
                "text": "Referred to the Subcommittee on Telecommunications and Finance."
            },
            "number": "4282",
            "policyArea": {
                "name": "Government Operations and Politics"
            },
            "title": "To amend the Federal Election Campaign Act of 1971, the Internal Revenue Code of 1986, and the Communications Act of 1934 to provide for House of Representatives campaign finance reform, and for other purposes.",
            "type": "HR",
            "url": "https://api.congress.gov/v3/bill/101/hr/4282?format=json"
        },
        {
            "congress": 101,
            "introducedDate": "1989-11-21",
            "latestAction": {
                "actionDate": "1989-11-21",
                "text": "Referred to the Subcommittee on Conservation Credit and Rural Development."
            },
            "number": "3829",
            "policyArea": {
                "name": "Agriculture and Food"
            },
            "title": "Conservation Reserve Program Enhancement Act of 1989",
            "type": "HR",
            "url": "https://api.congress.gov/v3/bill/101/hr/3829?format=json"
        },
        {
            "congress": 101,
            "introducedDate": "1989-10-05",
            "latestAction": {
                "actionDate": "1989-10-20",
                "text": "Referred to the Subcommittee on Health and the Environment."
            },
            "number": "3417",
            "policyArea": {
                "name": "Crime and Law Enforcement"
            },
            "title": "Drug-Free Military Installations Act of 1989",
            "type": "HR",
            "url": "https://api.congress.gov/v3/bill/101/hr/3417?format=json"
        },
        {
            "congress": 101,
            "introducedDate": "1989-09-11",
            "latestAction": {
                "actionDate": "1989-09-26",
                "text": "Committee Consideration and Mark-up Session Held."
            },
            "number": "3237",
            "policyArea": {
                "name": "Armed Forces and National Security"
            },
            "title": "To amend title 10, United States Code, and the Merchant Marine Act, 1936, to provide authorization for the officer of the Department of Defense designated by the Secretary of Defense as a member of the Board of the Panama Canal Commission to nominate individuals for appointment to the United States service academies.",
            "type": "HR",
            "url": "https://api.congress.gov/v3/bill/101/hr/3237?format=json"
        },
        {
            "congress": 101,
            "introducedDate": "1989-07-12",
            "latestAction": {
                "actionDate": "1989-10-12",
                "text": "Unfavorable Executive Comment Received from DOD."
            },
            "number": "2868",
            "policyArea": {
                "name": "International Affairs"
            },
            "title": "Emergency Panama Canal Commission Expenditures Act",
            "type": "HR",
            "url": "https://api.congress.gov/v3/bill/101/hr/2868?format=json"
        },
        {
            "congress": 101,
            "introducedDate": "1989-04-11",
            "latestAction": {
                "actionDate": "1989-11-29",
                "text": "See H.R.2461."
            },
            "number": "1763",
            "policyArea": {
                "name": "Transportation and Public Works"
            },
            "title": "Panama Canal Commission Authorization Act, Fiscal Year 1990",
            "type": "HR",
            "url": "https://api.congress.gov/v3/bill/101/hr/1763?format=json"
        },
        {
            "congress": 101,
            "introducedDate": "1989-03-14",
            "latestAction": {
                "actionDate": "1989-03-17",
                "text": "Referred to the Subcommittee on Conservation Credit and Rural Development."
            },
            "number": "1388",
            "policyArea": {
                "name": "Agriculture and Food"
            },
            "title": "Federal Crop Insurance Adjustments Act of 1989",
            "type": "HR",
            "url": "https://api.congress.gov/v3/bill/101/hr/1388?format=json"
        },
        {
            "congress": 101,
            "introducedDate": "1989-02-28",
            "latestAction": {
                "actionDate": "1989-03-08",
                "text": "Executive Comment Requested from DOD."
            },
            "number": "1151",
            "policyArea": {
                "name": "Armed Forces and National Security"
            },
            "title": "To require that $25 million of the amount appropriated for fiscal year 1990 for the Department of Defense for operation and maintenance be spent only for environmental cleanup and restoration of the former Naval Training Center, Bainbridge.",
            "type": "HR",
            "url": "https://api.congress.gov/v3/bill/101/hr/1151?format=json"
        },
        {
            "congress": 101,
            "introducedDate": "1989-01-20",
            "latestAction": {
                "actionDate": "1989-01-20",
                "text": "Referred to the House Committee on Rules."
            },
            "number": "580",
            "policyArea": {
                "name": "Congress"
            },
            "title": "Congressional Pay Reform Act of 1989",
            "type": "HR",
            "url": "https://api.congress.gov/v3/bill/101/hr/580?format=json"
        },
        {
            "congress": 101,
            "introducedDate": "1989-01-03",
            "latestAction": {
                "actionDate": "1989-10-27",
                "text": "Referred to the Subcommittee on Oceanography."
            },
            "number": "161",
            "policyArea": {
                "name": "Public Lands and Natural Resources"
            },
            "title": "Oyster Disease Research Assistance Act",
            "type": "HR",
            "url": "https://api.congress.gov/v3/bill/101/hr/161?format=json"
        },
        {
            "congress": 101,
            "introducedDate": "1989-07-13",
            "latestAction": {
                "actionDate": "1990-06-13",
                "text": "See H.J.Res.350."
            },
            "number": "365",
            "policyArea": {
                "name": "Government Operations and Politics"
            },
            "title": "Proposing an amendment to the Constitution of the United States to authorize the Congress to prohibit the misuse and improper display of the flag of the United States.",
            "type": "HJRES",
            "url": "https://api.congress.gov/v3/bill/101/hjres/365?format=json"
        }
    ]
}