{
    "pagination": {
        "count": 120
    },
    "request": {
        "bioguideId": "c001063",
        "contentType": "application/json",
        "format": "json"
    },
    "sponsoredLegislation": [
        {
            "congress": 118,
            "introducedDate": "2024-07-11",
            "latestAction": {
                "actionDate": "2024-07-11",
                "text": "Referred to the House Committee on Education and the Workforce."
            },
            "number": "9006",
            "policyArea": {
                "name": null
            },
            "title": "To amend the Occupational Safety and Health Act of 1970 to require that safety data sheets be provided in English and Spanish.",
            "type": "HR",
            "url": "https://api.congress.gov/v3/bill/118/hr/9006?format=json"
        },
        {
            "congress": 118,
            "introducedDate": "2023-11-13",
            "latestAction": {
                "actionDate": "2023-11-13",
                "text": "Referred to the Committee on Education and the Workforce, and in addition to the Committee on Ways and Means, for a period to be subsequently determined by the Speaker, in each case for consideration of such provisions as fall within the jurisdiction of the committee concerned."
            },
            "number": "6377",
            "policyArea": {
                "name": "Labor and Employment"
            },
            "title": "Apprentice-Related Child Care Act",
            "type": "HR",
            "url": "https://api.congress.gov/v3/bill/118/hr/6377?format=json"
        },
        {
            "congress": 118,
            "introducedDate": "2023-11-06",
            "latestAction": {
                "actionDate": "2023-11-08",
                "text": "Referred to the Subcommittee on Highways and Transit."
            },
            "number": "6240",
            "policyArea": {
                "name": "Transportation and Public Works"
            },
            "title": "To modify a certain commercial zone in Texas to include Zapata County, and for other purposes.",
            "type": "HR",
            "url": "https://api.congress.gov/v3/bill/118/hr/6240?format=json"
        },
        {
            "congress": 118,
            "introducedDate": "2023-11-02",
            "latestAction": {
                "actionDate": "2024-01-18",
                "text": "Referred to the Subcommittee on Commodity Markets, Digital Assets, and Rural Development."
            },
            "number": "6183",
            "policyArea": {
                "name": "Agriculture and Food"
            },
            "title": "Office of Colonias and Farmworker Initiatives Establishment Act of 2023",
            "type": "HR",
            "url": "https://api.congress.gov/v3/bill/118/hr/6183?format=json"
        },
        {
            "congress": 118,
            "introducedDate": "2023-07-11",
            "latestAction": {
                "actionDate": "2023-07-14",
                "text": "Referred to the Subcommittee on Environment, Manufacturing, and Critical Materials."
            },
            "number": "4540",
            "policyArea": {
                "name": "Environmental Protection"
            },
            "title": "Water Infrastructure Enhancement Act of 2023",
            "type": "HR",
            "url": "https://api.congress.gov/v3/bill/118/hr/4540?format=json"
        },
        {
            "congress": 118,
            "introducedDate": "2023-05-22",
            "latestAction": {
                "actionDate": "2023-12-13",
                "text": "Ordered to be Reported by the Yeas and Nays: 46 - 0."
            },
            "number": "3569",
            "policyArea": {
                "name": "International Affairs"
            },
            "title": "Starr\u2013Camargo Bridge Expansion Act",
            "type": "HR",
            "url": "https://api.congress.gov/v3/bill/118/hr/3569?format=json"
        },
        {
            "congress": 118,
            "introducedDate": "2023-05-09",
            "latestAction": {
                "actionDate": "2023-06-01",
                "text": "Referred to the Subcommittee on Conservation, Research, and Biotechnology."
            },
            "number": "3135",
            "policyArea": {
                "name": "Immigration"
            },
            "title": "LPOE Modernization Trust Fund Act",
            "type": "HR",
            "url": "https://api.congress.gov/v3/bill/118/hr/3135?format=json"
        },
        {
            "congress": 118,
            "introducedDate": "2023-04-27",
            "latestAction": {
                "actionDate": "2023-04-27",
                "text": "Referred to the House Committee on the Judiciary."
            },
            "number": "2936",
            "policyArea": {
                "name": "Transportation and Public Works"
            },
            "title": "Highway Accident Fairness Act of 2023",
            "type": "HR",
            "url": "https://api.congress.gov/v3/bill/118/hr/2936?format=json"
        },
        {
            "congress": 118,
            "introducedDate": "2023-04-20",
            "latestAction": {
                "actionDate": "2024-05-07",
                "text": "Became Public Law No: 118-55."
            },
            "number": "2754",
            "policyArea": {
                "name": "Government Operations and Politics"
            },
            "title": "To designate the facility of the United States Postal Service located at 2395 East Del Mar Boulevard in Laredo, Texas, as the \"Lance Corporal David Lee Espinoza, Lance Corporal Juan Rodrigo Rodriguez & Sergeant Roberto Arizola Jr. Post Office Building\".",
            "type": "HR",
            "url": "https://api.congress.gov/v3/bill/118/hr/2754?format=json"
        },
        {
            "congress": 118,
            "introducedDate": "2023-03-07",
            "latestAction": {
                "actionDate": "2023-03-07",
                "text": "Referred to the House Committee on Oversight and Accountability."
            },
            "number": "1390",
            "policyArea": {
                "name": "Government Operations and Politics"
            },
            "title": "Identifying and Eliminating Wasteful Programs Act",
            "type": "HR",
            "url": "https://api.congress.gov/v3/bill/118/hr/1390?format=json"
        },
        {
            "congress": 118,
            "introducedDate": "2023-01-11",
            "latestAction": {
                "actionDate": "2023-01-11",
                "text": "Referred to the House Committee on Foreign Affairs."
            },
            "number": "284",
            "policyArea": {
                "name": "International Affairs"
            },
            "title": "United States-Mexico Tourism Improvement Act of 2023",
            "type": "HR",
            "url": "https://api.congress.gov/v3/bill/118/hr/284?format=json"
        },
        {
            "congress": 117,
            "introducedDate": "2022-07-20",
            "latestAction": {
                "actionDate": "2022-07-20",
                "text": "Referred to the Committee on Education and Labor, and in addition to the Committee on Ways and Means, for a period to be subsequently determined by the Speaker, in each case for consideration of such provisions as fall within the jurisdiction of the committee concerned."
            },
            "number": "8442",
            "policyArea": {
                "name": "Labor and Employment"
            },
            "title": "Worker Flexibility and Choice Act",
            "type": "HR",
            "url": "https://api.congress.gov/v3/bill/117/hr/8442?format=json"
        },
        {
            "congress": 117,
            "introducedDate": "2021-12-07",
            "latestAction": {
                "actionDate": "2022-11-01",
                "text": "Referred to the Subcommittee on Crime, Terrorism, and Homeland Security."
            },
            "number": "6151",
            "policyArea": {
                "name": "Transportation and Public Works"
            },
            "title": "Highway Accident Fairness Act of 2021",
            "type": "HR",
            "url": "https://api.congress.gov/v3/bill/117/hr/6151?format=json"
        },
        {
            "congress": 117,
            "introducedDate": "2021-10-08",
            "latestAction": {
                "actionDate": "2021-10-11",
                "text": "Referred to the Subcommittee on Health."
            },
            "number": "5514",
            "policyArea": {
                "name": "Health"
            },
            "title": "Choose Home Care Act of 2021",
            "type": "HR",
            "url": "https://api.congress.gov/v3/bill/117/hr/5514?format=json"
        },
        {
            "congress": 117,
            "introducedDate": "2021-06-15",
            "latestAction": {
                "actionDate": "2022-11-01",
                "text": "Referred to the Subcommittee on Immigration and Citizenship."
            },
            "number": "3897",
            "policyArea": {
                "name": "Immigration"
            },
            "title": "H\u20132B Returning Worker Exception Act of 2021",
            "type": "HR",
            "url": "https://api.congress.gov/v3/bill/117/hr/3897?format=json"
        },
        {
            "congress": 117,
            "introducedDate": "2021-05-28",
            "latestAction": {
                "actionDate": "2021-05-31",
                "text": "Referred to the Subcommittee on Energy."
            },
            "number": "3578",
            "policyArea": {
                "name": "Energy"
            },
            "title": "United States-Mexico Electricity Exchange Act",
            "type": "HR",
            "url": "https://api.congress.gov/v3/bill/117/hr/3578?format=json"
        },
        {
            "congress": 117,
            "introducedDate": "2021-05-07",
            "latestAction": {
                "actionDate": "2021-07-01",
                "text": "Referred to the Subcommittee on Biotechnology, Horticulture, and Research."
            },
            "number": "3028",
            "policyArea": {
                "name": "Immigration"
            },
            "title": "LPOE Modernization Trust Fund Act",
            "type": "HR",
            "url": "https://api.congress.gov/v3/bill/117/hr/3028?format=json"
        },
        {
            "congress": 117,
            "introducedDate": "2021-04-26",
            "latestAction": {
                "actionDate": "2021-10-19",
                "text": "Referred to the Subcommittee on Immigration and Citizenship."
            },
            "number": "2839",
            "policyArea": {
                "name": "Immigration"
            },
            "title": "Bipartisan Border Solutions Act of 2021",
            "type": "HR",
            "url": "https://api.congress.gov/v3/bill/117/hr/2839?format=json"
        },
        {
            "congress": 117,
            "introducedDate": "2021-04-21",
            "latestAction": {
                "actionDate": "2021-04-30",
                "text": "Referred to the Subcommittee on Western Hemisphere, Civilian Security, Migration and International Economic Policy."
            },
            "number": "2723",
            "policyArea": {
                "name": "International Affairs"
            },
            "title": "United States-Mexico Tourism Improvement Act of 2021",
            "type": "HR",
            "url": "https://api.congress.gov/v3/bill/117/hr/2723?format=json"
        },
        {
            "congress": 117,
            "introducedDate": "2021-04-05",
            "latestAction": {
                "actionDate": "2021-06-15",
                "text": "Subcommittee Hearings Held."
            },
            "number": "2359",
            "policyArea": {
                "name": "Public Lands and Natural Resources"
            },
            "title": "To authorize the Secretary of the Interior to conduct a study to assess the suitability and feasibility of designating certain lands as the Los Caminos del Rio National Heritage Corridor, and for other purposes.",
            "type": "HR",
            "url": "https://api.congress.gov/v3/bill/117/hr/2359?format=json"
        },
        {
            "congress": 117,
            "introducedDate": "2021-03-23",
            "latestAction": {
                "actionDate": "2021-10-19",
                "text": "Referred to the Subcommittee on Crime, Terrorism, and Homeland Security."
            },
            "number": "2137",
            "policyArea": {
                "name": "Crime and Law Enforcement"
            },
            "title": "Jaime Zapata and Victor Avila Federal Law Enforcement Protection Act",
            "type": "HR",
            "url": "https://api.congress.gov/v3/bill/117/hr/2137?format=json"
        },
        {
            "congress": 117,
            "introducedDate": "2021-02-08",
            "latestAction": {
                "actionDate": "2021-02-08",
                "text": "Referred to the House Committee on Financial Services."
            },
            "number": "924",
            "policyArea": {
                "name": "Housing and Community Development"
            },
            "title": "Southern Border Communities Reimbursement Act of 2021",
            "type": "HR",
            "url": "https://api.congress.gov/v3/bill/117/hr/924?format=json"
        },
        {
            "congress": 116,
            "introducedDate": "2020-12-02",
            "latestAction": {
                "actionDate": "2020-12-03",
                "text": "Referred to the Subcommittee on Economic Development, Public Buildings, and Emergency Management."
            },
            "number": "8833",
            "policyArea": {
                "name": "Government Operations and Politics"
            },
            "title": "To amend the Homeland Security Act of 2002 to extend by one year certain port of entry donation authority, and for other purposes.",
            "type": "HR",
            "url": "https://api.congress.gov/v3/bill/116/hr/8833?format=json"
        },
        {
            "congress": 116,
            "introducedDate": "2020-05-14",
            "latestAction": {
                "actionDate": "2020-05-14",
                "text": "Referred to the House Committee on the Judiciary."
            },
            "number": "6864",
            "policyArea": {
                "name": "Crime and Law Enforcement"
            },
            "title": "Jaime Zapata and Victor Avila Federal Law Enforcement Protection Act",
            "type": "HR",
            "url": "https://api.congress.gov/v3/bill/116/hr/6864?format=json"
        },
        {
            "congress": 116,
            "introducedDate": "2020-04-14",
            "latestAction": {
                "actionDate": "2020-04-23",
                "text": "Referred to the Subcommittee on National Parks, Forests, and Public Lands."
            },
            "number": "6499",
            "policyArea": {
                "name": "Public Lands and Natural Resources"
            },
            "title": "To authorize the Secretary of the Interior to conduct a study to assess the suitability and feasibility of designating certain lands as the Los Caminos del Rio National Heritage Corridor, and for other purposes.",
            "type": "HR",
            "url": "https://api.congress.gov/v3/bill/116/hr/6499?format=json"
        },
        {
            "congress": 116,
            "introducedDate": "2019-05-03",
            "latestAction": {
                "actionDate": "2019-05-31",
                "text": "Referred to the Subcommittee on Immigration and Citizenship."
            },
            "number": "2522",
            "policyArea": {
                "name": "Immigration"
            },
            "title": "HUMANE Act of 2019",
            "type": "HR",
            "url": "https://api.congress.gov/v3/bill/116/hr/2522?format=json"
        },
        {
            "congress": 116,
            "introducedDate": "2019-04-18",
            "latestAction": {
                "actionDate": "2019-04-18",
                "text": "Referred to the House Committee on Education and Labor."
            },
            "number": "2335",
            "policyArea": {
                "name": "Labor and Employment"
            },
            "title": "Border Patrol Pay Security Act of 2019",
            "type": "HR",
            "url": "https://api.congress.gov/v3/bill/116/hr/2335?format=json"
        },
        {
            "congress": 116,
            "introducedDate": "2019-04-03",
            "latestAction": {
                "actionDate": "2019-05-03",
                "text": "Referred to the Subcommittee on Immigration and Citizenship."
            },
            "number": "287",
            "policyArea": {
                "name": "Immigration"
            },
            "title": "Condemning the President's threat to shut down the United States-Mexico border to the detriment of the United States economy.",
            "type": "HRES",
            "url": "https://api.congress.gov/v3/bill/116/hres/287?format=json"
        },
        {
            "congress": 113,
            "introducedDate": "2014-07-15",
            "latestAction": {
                "actionDate": "2014-09-02",
                "text": "Referred to the Subcommittee on Immigration and Border Security."
            },
            "number": "5114",
            "policyArea": {
                "name": "Immigration"
            },
            "title": "Helping Unaccompanied Minors and Alleviating National Emergency Act",
            "type": "HR",
            "url": "https://api.congress.gov/v3/bill/113/hr/5114?format=json"
        },
        {
            "congress": 113,
            "introducedDate": "2013-04-19",
            "latestAction": {
                "actionDate": "2013-08-01",
                "text": "Received in the Senate and Read twice and referred to the Committee on Homeland Security and Governmental Affairs."
            },
            "number": "1660",
            "policyArea": {
                "name": "Government Operations and Politics"
            },
            "title": "Government Customer Service Improvement Act of 2013",
            "type": "HR",
            "url": "https://api.congress.gov/v3/bill/113/hr/1660?format=json"
        },
        {
            "congress": 113,
            "introducedDate": "2013-03-13",
            "latestAction": {
                "actionDate": "2013-04-11",
                "text": "Referred to the Subcommittee on Trade."
            },
            "number": "1108",
            "policyArea": {
                "name": "Government Operations and Politics"
            },
            "title": "Cross-Border Trade Enhancement Act of 2013",
            "type": "HR",
            "url": "https://api.congress.gov/v3/bill/113/hr/1108?format=json"
        },
        {
            "amendmentNumber": "1149",
            "congress": 112,
            "introducedDate": "2012-05-31",
            "latestAction": {
                "actionDate": "2012-05-31",
                "actionTime": "15:23:25",
                "text": "On agreeing to the Cuellar amendment (A005) Agreed to by voice vote. "
            },
            "type": null,
            "url": "https://api.congress.gov/v3/amendment/112/hamdt/1149?format=json"
        },
        {
            "amendmentNumber": "363",
            "congress": 112,
            "introducedDate": "2011-06-01",
            "latestAction": {
                "actionDate": "2011-06-01",
                "actionTime": "18:54:47",
                "text": "On agreeing to the Cuellar amendment (A015) Failed by recorded vote: 162 - 256 (Roll no. 388). "
            },
            "type": null,
            "url": "https://api.congress.gov/v3/amendment/112/hamdt/363?format=json"
        },
        {
            "amendmentNumber": "243",
            "congress": 112,
            "introducedDate": "2011-04-06",
            "latestAction": {
                "actionDate": "2011-04-06",
                "actionTime": "16:31:16",
                "text": "On agreeing to the Cuellar amendment (A004) Failed by voice vote. "
            },
            "type": null,
            "url": "https://api.congress.gov/v3/amendment/112/hamdt/243?format=json"
        },
        {
            "congress": 112,
            "introducedDate": "2012-06-21",
            "latestAction": {
                "actionDate": "2012-06-28",
                "text": "Referred to the Subcommittee on National Parks, Forests and Public Lands."
            },
            "number": "5988",
            "policyArea": {
                "name": "Public Lands and Natural Resources"
            },
            "title": "San Antonio Missions National Historical Park Boundary Expansion Act of 2012",
            "type": "HR",
            "url": "https://api.congress.gov/v3/bill/112/hr/5988?format=json"
        },
        {
            "congress": 112,
            "introducedDate": "2012-06-19",
            "latestAction": {
                "actionDate": "2012-06-28",
                "text": "Referred to the Subcommittee on Immigration Policy and Enforcement."
            },
            "number": "5964",
            "policyArea": {
                "name": "Government Operations and Politics"
            },
            "title": "Cross-Border Trade Enhancement Act of 2012",
            "type": "HR",
            "url": "https://api.congress.gov/v3/bill/112/hr/5964?format=json"
        },
        {
            "congress": 112,
            "introducedDate": "2011-05-13",
            "latestAction": {
                "actionDate": "2011-05-23",
                "text": "Referred to the Subcommittee on Energy and Power."
            },
            "number": "1914",
            "policyArea": {
                "name": "Energy"
            },
            "title": "Gas Price Stabilization Act of 2011",
            "type": "HR",
            "url": "https://api.congress.gov/v3/bill/112/hr/1914?format=json"
        },
        {
            "congress": 112,
            "introducedDate": "2011-04-15",
            "latestAction": {
                "actionDate": "2011-04-15",
                "text": "Referred to the House Committee on Ways and Means."
            },
            "number": "1601",
            "policyArea": {
                "name": "Taxation"
            },
            "title": "Tax Cuts for America Act of 2011",
            "type": "HR",
            "url": "https://api.congress.gov/v3/bill/112/hr/1601?format=json"
        },
        {
            "congress": 112,
            "introducedDate": "2011-04-01",
            "latestAction": {
                "actionDate": "2011-04-15",
                "text": "Referred to the Subcommittee on Health."
            },
            "number": "1318",
            "policyArea": {
                "name": "Armed Forces and National Security"
            },
            "title": "South Texas Veterans Health Care Expansion Act",
            "type": "HR",
            "url": "https://api.congress.gov/v3/bill/112/hr/1318?format=json"
        },
        {
            "congress": 112,
            "introducedDate": "2011-03-31",
            "latestAction": {
                "actionDate": "2011-04-07",
                "text": "Referred to the Subcommittee on Energy and Power."
            },
            "number": "1292",
            "policyArea": {
                "name": "Environmental Protection"
            },
            "title": "Energy Production Freedom Act",
            "type": "HR",
            "url": "https://api.congress.gov/v3/bill/112/hr/1292?format=json"
        },
        {
            "congress": 112,
            "introducedDate": "2011-03-03",
            "latestAction": {
                "actionDate": "2012-12-07",
                "text": "Became Public Law No: 112-205."
            },
            "number": "915",
            "policyArea": {
                "name": "Immigration"
            },
            "title": "Jaime Zapata Border Enforcement Security Task Force Act",
            "type": "HR",
            "url": "https://api.congress.gov/v3/bill/112/hr/915?format=json"
        },
        {
            "congress": 112,
            "introducedDate": "2011-02-17",
            "latestAction": {
                "actionDate": "2011-10-12",
                "text": "Became Public Law No: 112-38."
            },
            "number": "771",
            "policyArea": {
                "name": "Government Operations and Politics"
            },
            "title": "To designate the facility of the United States Postal Service located at 1081 Elbel Road in Schertz, Texas, as the \"Schertz Veterans Post Office\".",
            "type": "HR",
            "url": "https://api.congress.gov/v3/bill/112/hr/771?format=json"
        },
        {
            "congress": 112,
            "introducedDate": "2011-02-17",
            "latestAction": {
                "actionDate": "2011-02-24",
                "text": "Referred to the Subcommittee on Border and Maritime Security."
            },
            "number": "770",
            "policyArea": {
                "name": "Immigration"
            },
            "title": "Border Enforcement Security Task Force Act of 2011",
            "type": "HR",
            "url": "https://api.congress.gov/v3/bill/112/hr/770?format=json"
        },
        {
            "congress": 112,
            "introducedDate": "2011-02-08",
            "latestAction": {
                "actionDate": "2012-09-12",
                "text": "Received in the Senate and Read twice and referred to the Committee on Homeland Security and Governmental Affairs."
            },
            "number": "538",
            "policyArea": {
                "name": "Government Operations and Politics"
            },
            "title": "Government Customer Service Improvement Act",
            "type": "HR",
            "url": "https://api.congress.gov/v3/bill/112/hr/538?format=json"
        },
        {
            "congress": 112,
            "introducedDate": "2011-01-06",
            "latestAction": {
                "actionDate": "2011-01-24",
                "text": "Referred to the Subcommittee on the Constitution."
            },
            "number": "10",
            "policyArea": {
                "name": "Economics and Public Finance"
            },
            "title": "Proposing a balanced budget amendment to the Constitution of the United States.",
            "type": "HJRES",
            "url": "https://api.congress.gov/v3/bill/112/hjres/10?format=json"
        },
        {
            "congress": 116,
            "introducedDate": "2019-02-04",
            "latestAction": {
                "actionDate": "2019-06-11",
                "text": "Received in the Senate and Read twice and referred to the Committee on Foreign Relations."
            },
            "number": "951",
            "policyArea": {
                "name": "International Affairs"
            },
            "title": "United States-Mexico Tourism Improvement Act of 2019",
            "type": "HR",
            "url": "https://api.congress.gov/v3/bill/116/hr/951?format=json"
        },
        {
            "congress": 116,
            "introducedDate": "2019-01-03",
            "latestAction": {
                "actionDate": "2019-09-20",
                "text": "Ordered to be Reported (Amended) by the Yeas and Nays: 32 - 23."
            },
            "number": "132",
            "policyArea": {
                "name": "International Affairs"
            },
            "title": "North American Development Bank Improvement Act of 2019",
            "type": "HR",
            "url": "https://api.congress.gov/v3/bill/116/hr/132?format=json"
        },
        {
            "congress": 116,
            "introducedDate": "2019-01-03",
            "latestAction": {
                "actionDate": "2020-12-27",
                "text": "Became Public Law No: 116-260."
            },
            "number": "133",
            "policyArea": {
                "name": "Economics and Public Finance"
            },
            "title": "Consolidated Appropriations Act, 2021",
            "type": "HR",
            "url": "https://api.congress.gov/v3/bill/116/hr/133?format=json"
        },
        {
            "congress": 115,
            "introducedDate": "2018-03-14",
            "latestAction": {
                "actionDate": "2018-03-15",
                "text": "Referred to the Subcommittee on Economic Development, Public Buildings and Emergency Management."
            },
            "number": "5280",
            "policyArea": {
                "name": "Government Operations and Politics"
            },
            "title": "To designate the Federal building and United States courthouse located at 1300 Victoria Street in Laredo, Texas, as the \"George P. Kazen Federal Building and United States Courthouse\", and to designate the jury room in that Federal building and United States courthouse as the \"Marcel C. Notzon II Jury Room\".",
            "type": "HR",
            "url": "https://api.congress.gov/v3/bill/115/hr/5280?format=json"
        },
        {
            "congress": 115,
            "introducedDate": "2017-11-16",
            "latestAction": {
                "actionDate": "2017-12-13",
                "text": "Referred to the Subcommittee on Crime, Terrorism, Homeland Security, and Investigations."
            },
            "number": "4434",
            "policyArea": {
                "name": "Crime and Law Enforcement"
            },
            "title": "Fix NICS Act of 2017",
            "type": "HR",
            "url": "https://api.congress.gov/v3/bill/115/hr/4434?format=json"
        },
        {
            "congress": 115,
            "introducedDate": "2017-03-16",
            "latestAction": {
                "actionDate": "2018-11-28",
                "text": "Received in the Senate and Read twice and referred to the Committee on Foreign Relations."
            },
            "number": "1567",
            "policyArea": {
                "name": "International Affairs"
            },
            "title": "United States-Mexico Economic Partnership Act",
            "type": "HR",
            "url": "https://api.congress.gov/v3/bill/115/hr/1567?format=json"
        },
        {
            "congress": 115,
            "introducedDate": "2017-02-21",
            "latestAction": {
                "actionDate": "2018-12-21",
                "text": "Became Public Law No: 115-341."
            },
            "number": "1211",
            "policyArea": {
                "name": "Government Operations and Politics"
            },
            "title": "An act to designate the facility of the United States Postal Service located at 400 N. Main Street, Encinal, Texas, as the \"Encinal Veterans Post Office\"",
            "type": "HR",
            "url": "https://api.congress.gov/v3/bill/115/hr/1211?format=json"
        },
        {
            "congress": 115,
            "introducedDate": "2017-02-21",
            "latestAction": {
                "actionDate": "2018-12-06",
                "text": "Became Public Law No: 115-284."
            },
            "number": "1209",
            "policyArea": {
                "name": "Government Operations and Politics"
            },
            "title": "An act to designate the facility of the United States Postal Service located at 901 N. Francisco Avenue, Mission, Texas, as the \"Mission Veterans Post Office Building\"",
            "type": "HR",
            "url": "https://api.congress.gov/v3/bill/115/hr/1209?format=json"
        },
        {
            "congress": 115,
            "introducedDate": "2017-02-21",
            "latestAction": {
                "actionDate": "2018-12-13",
                "text": "Became Public Law No: 115-311."
            },
            "number": "1207",
            "policyArea": {
                "name": "Government Operations and Politics"
            },
            "title": "An act to designate the facility of the United States Postal Service located at 306 River Street in Tilden, Texas, as the \"Tilden Veterans Post Office\"",
            "type": "HR",
            "url": "https://api.congress.gov/v3/bill/115/hr/1207?format=json"
        },
        {
            "congress": 115,
            "introducedDate": "2017-02-21",
            "latestAction": {
                "actionDate": "2018-03-20",
                "text": "Became Public Law No: 115-138."
            },
            "number": "1208",
            "policyArea": {
                "name": "Government Operations and Politics"
            },
            "title": "An act to designate the facility of the United States Postal Service located at 9155 Schaefer Road, Converse, Texas, as the \"Converse Veterans Post Office Building\"",
            "type": "HR",
            "url": "https://api.congress.gov/v3/bill/115/hr/1208?format=json"
        },
        {
            "congress": 115,
            "introducedDate": "2017-02-21",
            "latestAction": {
                "actionDate": "2018-12-21",
                "text": "Became Public Law No: 115-340."
            },
            "number": "1210",
            "policyArea": {
                "name": "Government Operations and Politics"
            },
            "title": "An act to designate the facility of the United States Postal Service located at 122 W. Goodwin Street, Pleasanton, Texas, as the \"Pleasanton Veterans Post Office\"",
            "type": "HR",
            "url": "https://api.congress.gov/v3/bill/115/hr/1210?format=json"
        },
        {
            "congress": 115,
            "introducedDate": "2017-02-06",
            "latestAction": {
                "actionDate": "2017-02-06",
                "text": "Referred to the House Committee on Financial Services."
            },
            "number": "882",
            "policyArea": {
                "name": "International Affairs"
            },
            "title": "North American Development Bank Improvement and General Capital Increase Authorization Act of 2017",
            "type": "HR",
            "url": "https://api.congress.gov/v3/bill/115/hr/882?format=json"
        },
        {
            "congress": 114,
            "introducedDate": "2016-07-14",
            "latestAction": {
                "actionDate": "2016-07-14",
                "text": "Referred to the House Committee on Oversight and Government Reform."
            },
            "number": "833",
            "policyArea": {
                "name": "Government Operations and Politics"
            },
            "title": "Recommending the designation of the first Wednesday of December as \"Government Customer Service Day\".",
            "type": "HRES",
            "url": "https://api.congress.gov/v3/bill/114/hres/833?format=json"
        },
        {
            "congress": 114,
            "introducedDate": "2016-06-28",
            "latestAction": {
                "actionDate": "2016-12-16",
                "text": "Became Public Law No: 114-298."
            },
            "number": "5591",
            "policyArea": {
                "name": "Government Operations and Politics"
            },
            "title": "To designate the facility of the United States Postal Service located at 810 N US Highway 83 in Zapata, Texas, as the \"Zapata Veterans Post Office\".",
            "type": "HR",
            "url": "https://api.congress.gov/v3/bill/114/hr/5591?format=json"
        },
        {
            "amendmentNumber": "719",
            "congress": 114,
            "introducedDate": "2015-10-09",
            "latestAction": {
                "actionDate": "2015-10-09",
                "actionTime": "12:13:59",
                "text": "On agreeing to the Cuellar amendment (A007) Agreed to by voice vote. "
            },
            "type": null,
            "url": "https://api.congress.gov/v3/amendment/114/hamdt/719?format=json"
        },
        {
            "congress": 114,
            "introducedDate": "2015-10-06",
            "latestAction": {
                "actionDate": "2016-02-12",
                "text": "Referred to the Subcommittee on the Western Hemisphere."
            },
            "number": "3688",
            "policyArea": {
                "name": "Transportation and Public Works"
            },
            "title": "To provide for the authority for the successors and assigns of the Starr-Camargo Bridge Company to maintain and operate a toll bridge across the Rio Grande near Rio Grande City, Texas, and for other purposes.",
            "type": "HR",
            "url": "https://api.congress.gov/v3/bill/114/hr/3688?format=json"
        },
        {
            "congress": 114,
            "introducedDate": "2015-02-11",
            "latestAction": {
                "actionDate": "2016-12-16",
                "text": "Became Public Law No: 114-279."
            },
            "number": "875",
            "policyArea": {
                "name": "Foreign Trade and International Finance"
            },
            "title": "Cross-Border Trade Enhancement Act of 2016",
            "type": "HR",
            "url": "https://api.congress.gov/v3/bill/114/hr/875?format=json"
        },
        {
            "congress": 114,
            "introducedDate": "2015-02-11",
            "latestAction": {
                "actionDate": "2015-07-20",
                "text": "Became Public Law No: 114-33."
            },
            "number": "891",
            "policyArea": {
                "name": "Government Operations and Politics"
            },
            "title": "To designate the facility of the United States Postal Service located at 141 Paloma Drive in Floresville, Texas, as the \"Floresville Veterans Post Office Building\".",
            "type": "HR",
            "url": "https://api.congress.gov/v3/bill/114/hr/891?format=json"
        },
        {
            "amendmentNumber": "1200",
            "congress": 109,
            "introducedDate": "2006-07-27",
            "latestAction": {
                "actionDate": "2006-07-27",
                "actionTime": "14:44:50",
                "text": "On agreeing to the Cuellar amendment (A004) Agreed to by voice vote. "
            },
            "type": null,
            "url": "https://api.congress.gov/v3/amendment/109/hamdt/1200?format=json"
        },
        {
            "amendmentNumber": "792",
            "congress": 109,
            "introducedDate": "2006-05-04",
            "latestAction": {
                "actionDate": "2006-05-04",
                "actionTime": "12:11:06",
                "text": "On agreeing to the Cuellar amendment (A005) Agreed to by voice vote. "
            },
            "type": null,
            "url": "https://api.congress.gov/v3/amendment/109/hamdt/792?format=json"
        },
        {
            "amendmentNumber": "762",
            "congress": 109,
            "introducedDate": "2006-03-29",
            "latestAction": {
                "actionDate": "2006-03-29",
                "actionTime": "14:34:52",
                "text": "On agreeing to the Cuellar amendment (A012) Agreed to by voice vote. "
            },
            "type": null,
            "url": "https://api.congress.gov/v3/amendment/109/hamdt/762?format=json"
        },
        {
            "amendmentNumber": "761",
            "congress": 109,
            "introducedDate": "2006-03-29",
            "latestAction": {
                "actionDate": "2006-03-29",
                "actionTime": "14:31:20",
                "text": "On agreeing to the Cuellar amendment (A011) Agreed to by voice vote. "
            },
            "type": null,
            "url": "https://api.congress.gov/v3/amendment/109/hamdt/761?format=json"
        },
        {
            "amendmentNumber": "690",
            "congress": 109,
            "introducedDate": "2006-03-09",
            "latestAction": {
                "actionDate": "2006-03-09",
                "actionTime": "13:12:06",
                "text": "On agreeing to the Cuellar amendment (A005) Agreed to by voice vote. "
            },
            "type": null,
            "url": "https://api.congress.gov/v3/amendment/109/hamdt/690?format=json"
        },
        {
            "amendmentNumber": "614",
            "congress": 109,
            "introducedDate": "2005-11-03",
            "latestAction": {
                "actionDate": "2005-11-03",
                "actionTime": "16:36:30",
                "text": "On agreeing to the Cuellar amendment (A008) Agreed to by voice vote. "
            },
            "type": null,
            "url": "https://api.congress.gov/v3/amendment/109/hamdt/614?format=json"
        },
        {
            "amendmentNumber": "620",
            "congress": 109,
            "introducedDate": "2005-11-09",
            "latestAction": {
                "actionDate": "2005-11-09",
                "actionTime": "16:56:44",
                "text": "On agreeing to the Cuellar amendment (A004) Agreed to by voice vote. "
            },
            "type": null,
            "url": "https://api.congress.gov/v3/amendment/109/hamdt/620?format=json"
        },
        {
            "amendmentNumber": "576",
            "congress": 109,
            "introducedDate": "2005-09-28",
            "latestAction": {
                "actionDate": "2005-09-28",
                "actionTime": "16:44:31",
                "text": "On agreeing to the Cuellar amendment (A003) Agreed to by voice vote. "
            },
            "type": null,
            "url": "https://api.congress.gov/v3/amendment/109/hamdt/576?format=json"
        },
        {
            "amendmentNumber": "577",
            "congress": 109,
            "introducedDate": "2005-09-28",
            "latestAction": {
                "actionDate": "2005-09-28",
                "actionTime": "16:45:49",
                "text": "On agreeing to the Cuellar amendment (A004) Agreed to by voice vote. "
            },
            "type": null,
            "url": "https://api.congress.gov/v3/amendment/109/hamdt/577?format=json"
        },
        {
            "amendmentNumber": "522",
            "congress": 109,
            "introducedDate": "2005-09-14",
            "latestAction": {
                "actionDate": "2005-09-14",
                "actionTime": "12:54:27",
                "text": "On agreeing to the Cuellar amendment (A003) Agreed to by voice vote. "
            },
            "type": null,
            "url": "https://api.congress.gov/v3/amendment/109/hamdt/522?format=json"
        },
        {
            "amendmentNumber": "113",
            "congress": 109,
            "introducedDate": "2005-05-11",
            "latestAction": {
                "actionDate": "2005-05-11",
                "actionTime": "15:18:06",
                "text": "On agreeing to the Cuellar amendment (A002) Agreed to by voice vote. "
            },
            "type": null,
            "url": "https://api.congress.gov/v3/amendment/109/hamdt/113?format=json"
        },
        {
            "congress": 109,
            "introducedDate": "2005-05-26",
            "latestAction": {
                "actionDate": "2005-06-03",
                "text": "Referred to the Subcommittee on Immigration, Border Security, and Claims."
            },
            "number": "2743",
            "policyArea": {
                "name": "Private Legislation"
            },
            "title": "For the relief of Aida Abigail Trevino de Zamarron.",
            "type": "HR",
            "url": "https://api.congress.gov/v3/bill/109/hr/2743?format=json"
        },
        {
            "congress": 109,
            "introducedDate": "2005-03-01",
            "latestAction": {
                "actionDate": "2005-03-01",
                "text": "Referred to the House Committee on Government Reform."
            },
            "number": "128",
            "policyArea": {
                "name": "Commemorations"
            },
            "title": "Recognizing the 250th anniversary of Laredo, Texas.",
            "type": "HRES",
            "url": "https://api.congress.gov/v3/bill/109/hres/128?format=json"
        },
        {
            "congress": 114,
            "introducedDate": "2015-09-25",
            "latestAction": {
                "actionDate": "2015-09-25",
                "text": "Referred to the Committee on Appropriations, and in addition to the Committee on the Budget, for a period to be subsequently determined by the Speaker, in each case for consideration of such provisions as fall within the jurisdiction of the committee concerned."
            },
            "number": "3612",
            "policyArea": {
                "name": "Government Operations and Politics"
            },
            "title": "Making emergency appropriations for the fiscal year ending September 30, 2016, to address needs of the Federal judiciary serving the border region between the United States and Mexico, and for other purposes.",
            "type": "HR",
            "url": "https://api.congress.gov/v3/bill/114/hr/3612?format=json"
        },
        {
            "congress": 114,
            "introducedDate": "2015-04-28",
            "latestAction": {
                "actionDate": "2015-05-20",
                "text": "Referred to the Subcommittee on the Western Hemisphere."
            },
            "number": "2060",
            "policyArea": {
                "name": "International Affairs"
            },
            "title": "United States-Mexico Economic Partnership Act",
            "type": "HR",
            "url": "https://api.congress.gov/v3/bill/114/hr/2060?format=json"
        },
        {
            "congress": 114,
            "introducedDate": "2015-04-13",
            "latestAction": {
                "actionDate": "2015-04-14",
                "text": "Referred to the Subcommittee on Economic Development, Public Buildings and Emergency Management."
            },
            "number": "1744",
            "policyArea": {
                "name": "Government Operations and Politics"
            },
            "title": "To designate the Federal building and United States courthouse located at 1300 Victoria Street in Laredo, Texas, as the \"George P. Kazen Federal Building and United States Courthouse\", and to designate the jury room in that Federal building and United States courthouse as the \"Marcel C. Notzon II Jury Room\".",
            "type": "HR",
            "url": "https://api.congress.gov/v3/bill/114/hr/1744?format=json"
        },
        {
            "amendmentNumber": "776",
            "congress": 111,
            "introducedDate": "2010-09-16",
            "latestAction": {
                "actionDate": "2010-09-16",
                "actionTime": "13:07:03",
                "text": "On agreeing to the Cuellar amendment (A002) Agreed to by voice vote. "
            },
            "type": null,
            "url": "https://api.congress.gov/v3/amendment/111/hamdt/776?format=json"
        },
        {
            "amendmentNumber": "733",
            "congress": 111,
            "introducedDate": "2010-07-28",
            "latestAction": {
                "actionDate": "2010-07-28",
                "actionTime": "17:36:43",
                "text": "On agreeing to the Cuellar amendment (A005) Agreed to by voice vote. "
            },
            "type": null,
            "url": "https://api.congress.gov/v3/amendment/111/hamdt/733?format=json"
        },
        {
            "amendmentNumber": "704",
            "congress": 111,
            "introducedDate": "2010-06-16",
            "latestAction": {
                "actionDate": "2010-06-16",
                "actionTime": "12:52:57",
                "text": "On agreeing to the Cuellar amendment (A011) Agreed to by voice vote. "
            },
            "type": null,
            "url": "https://api.congress.gov/v3/amendment/111/hamdt/704?format=json"
        },
        {
            "amendmentNumber": "558",
            "congress": 111,
            "introducedDate": "2010-02-03",
            "latestAction": {
                "actionDate": "2010-02-03",
                "actionTime": "16:37:56",
                "text": "On agreeing to the Cuellar amendment (A014) Agreed to by recorded vote: 416 - 4 (Roll no. 37). "
            },
            "type": null,
            "url": "https://api.congress.gov/v3/amendment/111/hamdt/558?format=json"
        },
        {
            "amendmentNumber": "434",
            "congress": 111,
            "introducedDate": "2009-09-17",
            "latestAction": {
                "actionDate": "2009-09-17",
                "actionTime": "10:49:24",
                "text": "On agreeing to the Cuellar amendment (A011) Agreed to by voice vote. "
            },
            "type": null,
            "url": "https://api.congress.gov/v3/amendment/111/hamdt/434?format=json"
        },
        {
            "amendmentNumber": "222",
            "congress": 111,
            "introducedDate": "2009-06-18",
            "latestAction": {
                "actionDate": "2009-06-18",
                "actionTime": "16:43:13",
                "text": "On agreeing to the Cuellar amendment (A012) Agreed to by recorded vote: 338 - 74 (Roll no. 398). "
            },
            "type": null,
            "url": "https://api.congress.gov/v3/amendment/111/hamdt/222?format=json"
        },
        {
            "amendmentNumber": "152",
            "congress": 111,
            "introducedDate": "2009-05-21",
            "latestAction": {
                "actionDate": "2009-05-21",
                "actionTime": "15:53:37",
                "text": "On agreeing to the Cuellar amendment (A005) as modified Agreed to by voice vote. "
            },
            "type": null,
            "url": "https://api.congress.gov/v3/amendment/111/hamdt/152?format=json"
        },
        {
            "congress": 111,
            "introducedDate": "2010-07-22",
            "latestAction": {
                "actionDate": "2010-07-22",
                "text": "Referred to the House Committee on Oversight and Government Reform."
            },
            "number": "5831",
            "policyArea": {
                "name": "Government Operations and Politics"
            },
            "title": "To designate the facility of the United States Postal Service located at 1081 Elbel Road in Schertz, Texas, as the \"Schertz Veterans Post Office\".",
            "type": "HR",
            "url": "https://api.congress.gov/v3/bill/111/hr/5831?format=json"
        },
        {
            "congress": 111,
            "introducedDate": "2010-07-01",
            "latestAction": {
                "actionDate": "2010-07-01",
                "text": "Referred to the House Committee on the Judiciary."
            },
            "number": "5687",
            "policyArea": {
                "name": "Immigration"
            },
            "title": "Underserved Area Nursing Relief Restoration Act of 2010",
            "type": "HR",
            "url": "https://api.congress.gov/v3/bill/111/hr/5687?format=json"
        },
        {
            "congress": 111,
            "introducedDate": "2010-05-06",
            "latestAction": {
                "actionDate": "2010-05-06",
                "text": "Referred to House Judiciary"
            },
            "number": "5243",
            "policyArea": {
                "name": "Health"
            },
            "title": "To amend the Patient Protection and Affordable Care Act to clarify that the Act does not affect standards or procedures in medical malpractice actions.",
            "type": "HR",
            "url": "https://api.congress.gov/v3/bill/111/hr/5243?format=json"
        },
        {
            "congress": 111,
            "introducedDate": "2009-12-03",
            "latestAction": {
                "actionDate": "2009-12-03",
                "text": "Referred to the House Committee on Ways and Means."
            },
            "number": "4201",
            "policyArea": {
                "name": "Taxation"
            },
            "title": "To amend the Internal Revenue Code of 1986 to extend the special rule for contributions of book inventory to public schools.",
            "type": "HR",
            "url": "https://api.congress.gov/v3/bill/111/hr/4201?format=json"
        },
        {
            "congress": 111,
            "introducedDate": "2009-11-02",
            "latestAction": {
                "actionDate": "2010-10-12",
                "text": "Became Public Law No: 111-271."
            },
            "number": "3980",
            "policyArea": {
                "name": "Emergency Management"
            },
            "title": "Redundancy Elimination and Enhanced Performance for Preparedness Grants Act",
            "type": "HR",
            "url": "https://api.congress.gov/v3/bill/111/hr/3980?format=json"
        },
        {
            "congress": 111,
            "introducedDate": "2009-05-14",
            "latestAction": {
                "actionDate": "2009-10-15",
                "text": "Received in the Senate and Read twice and referred to the Committee on Environment and Public Works."
            },
            "number": "2423",
            "policyArea": {
                "name": "Government Operations and Politics"
            },
            "title": "A bill to designate the Federal building and United States courthouse located at 1300 Victoria Street in Laredo, Texas, as the \"George P. Kazen Federal Building and United States Courthouse\".",
            "type": "HR",
            "url": "https://api.congress.gov/v3/bill/111/hr/2423?format=json"
        },
        {
            "congress": 111,
            "introducedDate": "2009-05-07",
            "latestAction": {
                "actionDate": "2009-08-19",
                "text": "Became Public Law No: 111-57."
            },
            "number": "2325",
            "policyArea": {
                "name": "Government Operations and Politics"
            },
            "title": "To designate the facility of the United States Postal Service located at 1300 Matamoros Street in Laredo, Texas, as the \"Laredo Veterans Post Office\".",
            "type": "HR",
            "url": "https://api.congress.gov/v3/bill/111/hr/2325?format=json"
        },
        {
            "congress": 111,
            "introducedDate": "2009-04-30",
            "latestAction": {
                "actionDate": "2009-04-30",
                "text": "Referred to the House Committee on Ways and Means."
            },
            "number": "2204",
            "policyArea": {
                "name": "Health"
            },
            "title": "Medicare Access to Rural Anesthesiology Act of 2009",
            "type": "HR",
            "url": "https://api.congress.gov/v3/bill/111/hr/2204?format=json"
        },
        {
            "congress": 111,
            "introducedDate": "2009-04-29",
            "latestAction": {
                "actionDate": "2009-04-30",
                "text": "Referred to the Subcommittee on Communications, Technology, and the Internet."
            },
            "number": "2166",
            "policyArea": {
                "name": "Science, Technology, Communications"
            },
            "title": "To amend the Communications Act of 1934 to provide universal service support to head start programs, and for other purposes.",
            "type": "HR",
            "url": "https://api.congress.gov/v3/bill/111/hr/2166?format=json"
        },
        {
            "congress": 111,
            "introducedDate": "2009-04-29",
            "latestAction": {
                "actionDate": "2009-07-08",
                "text": "Subcommittee Hearings Held."
            },
            "number": "2167",
            "policyArea": {
                "name": "Public Lands and Natural Resources"
            },
            "title": "To authorize the Secretary of the Interior to conduct a study to assess the suitability and feasibility of designating certain lands as the Los Caminos del Rio Los Caminos del Rio National Heritage Corridor, and for other purposes.",
            "type": "HR",
            "url": "https://api.congress.gov/v3/bill/111/hr/2167?format=json"
        },
        {
            "congress": 111,
            "introducedDate": "2009-04-28",
            "latestAction": {
                "actionDate": "2011-01-04",
                "text": "Became Public Law No: 111-352."
            },
            "number": "2142",
            "policyArea": {
                "name": "Government Operations and Politics"
            },
            "title": "GPRA Modernization Act of 2010",
            "type": "HR",
            "url": "https://api.congress.gov/v3/bill/111/hr/2142?format=json"
        },
        {
            "congress": 111,
            "introducedDate": "2009-03-11",
            "latestAction": {
                "actionDate": "2009-08-19",
                "text": "Referred to the Subcommittee on Crime, Terrorism, and Homeland Security."
            },
            "number": "1437",
            "policyArea": {
                "name": "Crime and Law Enforcement"
            },
            "title": "Southern Border Security Task Force Act of 2009",
            "type": "HR",
            "url": "https://api.congress.gov/v3/bill/111/hr/1437?format=json"
        },
        {
            "congress": 111,
            "introducedDate": "2009-03-11",
            "latestAction": {
                "actionDate": "2009-05-04",
                "text": "Referred to the Subcommittee on Government Management, Organization, and Procurement."
            },
            "number": "1436",
            "policyArea": {
                "name": "Government Operations and Politics"
            },
            "title": "Government Efficiency, Effectiveness, and Accountability Act",
            "type": "HR",
            "url": "https://api.congress.gov/v3/bill/111/hr/1436?format=json"
        },
        {
            "congress": 111,
            "introducedDate": "2009-01-08",
            "latestAction": {
                "actionDate": "2009-01-08",
                "text": "Referred to the House Committee on Oversight and Government Reform."
            },
            "number": "315",
            "policyArea": {
                "name": "Government Operations and Politics"
            },
            "title": "Federal Customer Service Enhancement Act",
            "type": "HR",
            "url": "https://api.congress.gov/v3/bill/111/hr/315?format=json"
        },
        {
            "congress": 111,
            "introducedDate": "2009-01-08",
            "latestAction": {
                "actionDate": "2009-02-09",
                "text": "Referred to the Subcommittee on Courts, the Internet, and Intellectual Property."
            },
            "number": "314",
            "policyArea": {
                "name": "Law"
            },
            "title": "Federal Criminal Immigration Courts Act of 2009",
            "type": "HR",
            "url": "https://api.congress.gov/v3/bill/111/hr/314?format=json"
        },
        {
            "congress": 111,
            "introducedDate": "2009-01-08",
            "latestAction": {
                "actionDate": "2009-01-08",
                "text": "Referred to the House Committee on the Judiciary."
            },
            "number": "313",
            "policyArea": {
                "name": "Finance and Financial Sector"
            },
            "title": "Customs Business Fairness Act of 2009",
            "type": "HR",
            "url": "https://api.congress.gov/v3/bill/111/hr/313?format=json"
        },
        {
            "amendmentNumber": "1033",
            "congress": 110,
            "introducedDate": "2008-04-24",
            "latestAction": {
                "actionDate": "2008-04-24",
                "actionTime": "13:25:36",
                "text": "On agreeing to the Cuellar amendment (A011) Agreed to by voice vote. "
            },
            "type": null,
            "url": "https://api.congress.gov/v3/amendment/110/hamdt/1033?format=json"
        },
        {
            "amendmentNumber": "455",
            "congress": 110,
            "introducedDate": "2007-06-27",
            "latestAction": {
                "actionDate": "2007-06-27",
                "actionTime": "22:02:41",
                "text": "By unanimous consent, the Cuellar amendment was withdrawn. "
            },
            "type": null,
            "url": "https://api.congress.gov/v3/amendment/110/hamdt/455?format=json"
        },
        {
            "amendmentNumber": "113",
            "congress": 110,
            "introducedDate": "2007-04-25",
            "latestAction": {
                "actionDate": "2007-04-25",
                "actionTime": "17:18:49",
                "text": "On agreeing to the Cuellar amendment (A003) Agreed to by voice vote. "
            },
            "type": null,
            "url": "https://api.congress.gov/v3/amendment/110/hamdt/113?format=json"
        },
        {
            "amendmentNumber": "125",
            "congress": 110,
            "introducedDate": "2007-05-02",
            "latestAction": {
                "actionDate": "2007-05-02",
                "actionTime": "16:54:50",
                "text": "On agreeing to the Cuellar amendment (A010) Agreed to by voice vote. "
            },
            "type": null,
            "url": "https://api.congress.gov/v3/amendment/110/hamdt/125?format=json"
        },
        {
            "congress": 110,
            "introducedDate": "2008-09-25",
            "latestAction": {
                "actionDate": "2008-09-26",
                "text": "Referred to the Subcommittee on Economic Development, Public Buildings and Emergency Management."
            },
            "number": "7088",
            "policyArea": {
                "name": "Emergency Management"
            },
            "title": "To amend the Robert T. Stafford Disaster Relief and Emergency Assistance Act to authorize funding for emergency management performance grants to provide for domestic preparedness and collective response to catastrophic incidents, and for other purposes.",
            "type": "HR",
            "url": "https://api.congress.gov/v3/bill/110/hr/7088?format=json"
        },
        {
            "congress": 110,
            "introducedDate": "2008-07-10",
            "latestAction": {
                "actionDate": "2008-07-11",
                "text": "Referred to the Subcommittee on Highways and Transit."
            },
            "number": "6468",
            "policyArea": {
                "name": "Transportation and Public Works"
            },
            "title": "Putting the Brakes on Human Smuggling Act",
            "type": "HR",
            "url": "https://api.congress.gov/v3/bill/110/hr/6468?format=json"
        },
        {
            "congress": 110,
            "introducedDate": "2008-06-26",
            "latestAction": {
                "actionDate": "2008-09-29",
                "text": "Referred to the Subcommittee on Emergency Communications, Preparedness, and Response."
            },
            "number": "6392",
            "policyArea": {
                "name": "Emergency Management"
            },
            "title": "Alerting Lives through Effective and Reliable Technological Systems Act of 2008",
            "type": "HR",
            "url": "https://api.congress.gov/v3/bill/110/hr/6392?format=json"
        },
        {
            "congress": 110,
            "introducedDate": "2008-04-24",
            "latestAction": {
                "actionDate": "2008-04-30",
                "text": "Forwarded by Subcommittee to Full Committee (Amended) by the Yeas and Nays: 8 - 0 ."
            },
            "number": "5890",
            "policyArea": {
                "name": "Emergency Management"
            },
            "title": "Citizen and Community Preparedness Act of 2008",
            "type": "HR",
            "url": "https://api.congress.gov/v3/bill/110/hr/5890?format=json"
        },
        {
            "congress": 110,
            "introducedDate": "2008-04-22",
            "latestAction": {
                "actionDate": "2008-04-28",
                "text": "Referred to the Subcommittee on Crime, Terrorism, and Homeland Security."
            },
            "number": "5863",
            "policyArea": {
                "name": "Crime and Law Enforcement"
            },
            "title": "Southwest Border Violence Reduction Act of 2008",
            "type": "HR",
            "url": "https://api.congress.gov/v3/bill/110/hr/5863?format=json"
        },
        {
            "congress": 110,
            "introducedDate": "2007-05-24",
            "latestAction": {
                "actionDate": "2007-05-24",
                "text": "Referred to the House Committee on Small Business."
            },
            "number": "2499",
            "policyArea": {
                "name": "Commerce"
            },
            "title": "SBDC Colonias Outreach Act of 2007",
            "type": "HR",
            "url": "https://api.congress.gov/v3/bill/110/hr/2499?format=json"
        },
        {
            "congress": 110,
            "introducedDate": "2007-05-22",
            "latestAction": {
                "actionDate": "2007-06-07",
                "text": "Referred to the Subcommittee on Emerging Threats, Cybersecurity, and Science and Technology."
            },
            "number": "2431",
            "policyArea": {
                "name": "Foreign Trade and International Finance"
            },
            "title": "Border Infrastructure and Technology Modernization Act of 2007",
            "type": "HR",
            "url": "https://api.congress.gov/v3/bill/110/hr/2431?format=json"
        },
        {
            "congress": 110,
            "introducedDate": "2007-04-18",
            "latestAction": {
                "actionDate": "2007-06-27",
                "text": "Sponsor introductory remarks on measure. (CR H7303-7304)"
            },
            "number": "1909",
            "policyArea": {
                "name": "Law"
            },
            "title": "Federal Criminal Immigration Courts Act of 2007",
            "type": "HR",
            "url": "https://api.congress.gov/v3/bill/110/hr/1909?format=json"
        },
        {
            "congress": 110,
            "introducedDate": "2007-04-17",
            "latestAction": {
                "actionDate": "2007-04-20",
                "text": "Referred to the Subcommittee on Health."
            },
            "number": "1866",
            "policyArea": {
                "name": "Health"
            },
            "title": "Medicare Access to Rural Anesthesiology Act of 2007",
            "type": "HR",
            "url": "https://api.congress.gov/v3/bill/110/hr/1866?format=json"
        },
        {
            "congress": 110,
            "introducedDate": "2007-03-07",
            "latestAction": {
                "actionDate": "2007-03-07",
                "text": "Referred to the House Committee on Ways and Means."
            },
            "number": "1377",
            "policyArea": {
                "name": "Taxation"
            },
            "title": "Teachers of English Language Learners Act",
            "type": "HR",
            "url": "https://api.congress.gov/v3/bill/110/hr/1377?format=json"
        },
        {
            "congress": 110,
            "introducedDate": "2007-01-29",
            "latestAction": {
                "actionDate": "2007-03-01",
                "text": "Referred to the Subcommittee on Immigration, Citizenship, Refugees, Border Security, and International Law."
            },
            "number": "702",
            "policyArea": {
                "name": "Immigration"
            },
            "title": "Secure Border Crossing Card Entry Act of 2007",
            "type": "HR",
            "url": "https://api.congress.gov/v3/bill/110/hr/702?format=json"
        },
        {
            "congress": 110,
            "introducedDate": "2007-01-17",
            "latestAction": {
                "actionDate": "2007-01-17",
                "text": "Referred to the House Committee on Foreign Affairs."
            },
            "number": "502",
            "policyArea": {
                "name": "International Affairs"
            },
            "title": "Prosperous and Secure Neighbor Alliance Act of 2007",
            "type": "HR",
            "url": "https://api.congress.gov/v3/bill/110/hr/502?format=json"
        },
        {
            "congress": 110,
            "introducedDate": "2007-01-12",
            "latestAction": {
                "actionDate": "2007-06-01",
                "text": "Became Public Law No: 110-30."
            },
            "number": "437",
            "policyArea": {
                "name": "Commemorations"
            },
            "title": "To designate the facility of the United States Postal Service located at 500 West Eisenhower Street in Rio Grande City, Texas, as the \"Lino Perez, Jr. Post Office\".",
            "type": "HR",
            "url": "https://api.congress.gov/v3/bill/110/hr/437?format=json"
        },
        {
            "congress": 110,
            "introducedDate": "2007-01-11",
            "latestAction": {
                "actionDate": "2008-10-01",
                "text": "Placed on Senate Legislative Calendar under General Orders. Calendar No. 1107."
            },
            "number": "404",
            "policyArea": {
                "name": "Government Operations and Politics"
            },
            "title": "Federal Customer Service Enhancement Act of 2008",
            "type": "HR",
            "url": "https://api.congress.gov/v3/bill/110/hr/404?format=json"
        }
    ]
}