{
    "pagination": {
        "count": 33
    },
    "request": {
        "bioguideId": "w000818",
        "contentType": "application/json",
        "format": "json"
    },
    "sponsoredLegislation": [
        {
            "congress": 113,
            "introducedDate": "2014-07-31",
            "latestAction": {
                "actionDate": "2014-07-31",
                "text": "Read twice and referred to the Committee on Rules and Administration."
            },
            "number": "2751",
            "policyArea": {
                "name": "Government Operations and Politics"
            },
            "title": "Rural and Tribal Voter Rights Act",
            "type": "S",
            "url": "https://api.congress.gov/v3/bill/113/s/2751?format=json"
        },
        {
            "amendmentNumber": "3546",
            "congress": 113,
            "introducedDate": "2014-07-10",
            "latestAction": null,
            "type": null,
            "url": "https://api.congress.gov/v3/amendment/113/samdt/3546?format=json"
        },
        {
            "amendmentNumber": "3513",
            "congress": 113,
            "introducedDate": "2014-07-09",
            "latestAction": null,
            "type": null,
            "url": "https://api.congress.gov/v3/amendment/113/samdt/3513?format=json"
        },
        {
            "amendmentNumber": "3515",
            "congress": 113,
            "introducedDate": "2014-07-09",
            "latestAction": null,
            "type": null,
            "url": "https://api.congress.gov/v3/amendment/113/samdt/3515?format=json"
        },
        {
            "amendmentNumber": "3514",
            "congress": 113,
            "introducedDate": "2014-07-09",
            "latestAction": null,
            "type": null,
            "url": "https://api.congress.gov/v3/amendment/113/samdt/3514?format=json"
        },
        {
            "amendmentNumber": "3418",
            "congress": 113,
            "introducedDate": "2014-06-26",
            "latestAction": null,
            "type": null,
            "url": "https://api.congress.gov/v3/amendment/113/samdt/3418?format=json"
        },
        {
            "amendmentNumber": "3420",
            "congress": 113,
            "introducedDate": "2014-06-26",
            "latestAction": null,
            "type": null,
            "url": "https://api.congress.gov/v3/amendment/113/samdt/3420?format=json"
        },
        {
            "amendmentNumber": "3419",
            "congress": 113,
            "introducedDate": "2014-06-26",
            "latestAction": null,
            "type": null,
            "url": "https://api.congress.gov/v3/amendment/113/samdt/3419?format=json"
        },
        {
            "amendmentNumber": "3285",
            "congress": 113,
            "introducedDate": "2014-06-18",
            "latestAction": null,
            "type": null,
            "url": "https://api.congress.gov/v3/amendment/113/samdt/3285?format=json"
        },
        {
            "congress": 113,
            "introducedDate": "2014-12-04",
            "latestAction": {
                "actionDate": "2014-12-04",
                "text": "Read twice and referred to the Committee on Veterans' Affairs."
            },
            "number": "2979",
            "policyArea": {
                "name": "Armed Forces and National Security"
            },
            "title": "A bill to extend eligibility for hospital care, medical services, and nursing home and domiciliary care for certain veterans who served in a theater of combat operations.",
            "type": "S",
            "url": "https://api.congress.gov/v3/bill/113/s/2979?format=json"
        },
        {
            "congress": 113,
            "introducedDate": "2014-08-01",
            "latestAction": {
                "actionDate": "2014-08-01",
                "text": "Read twice and referred to the Committee on Energy and Natural Resources."
            },
            "number": "2776",
            "policyArea": {
                "name": "Energy"
            },
            "title": "Ten in Ten Act",
            "type": "S",
            "url": "https://api.congress.gov/v3/bill/113/s/2776?format=json"
        },
        {
            "congress": 113,
            "introducedDate": "2014-07-31",
            "latestAction": {
                "actionDate": "2014-07-31",
                "text": "Read twice and referred to the Committee on the Judiciary."
            },
            "number": "2770",
            "policyArea": {
                "name": "Law"
            },
            "title": "Open Book on Equal Access to Justice Act",
            "type": "S",
            "url": "https://api.congress.gov/v3/bill/113/s/2770?format=json"
        },
        {
            "congress": 113,
            "introducedDate": "2014-07-31",
            "latestAction": {
                "actionDate": "2014-07-31",
                "text": "Read twice and referred to the Committee on Agriculture, Nutrition, and Forestry."
            },
            "number": "2764",
            "policyArea": {
                "name": "Agriculture and Food"
            },
            "title": "American Livestock Protection and Ranching Opportunity Act of 2014",
            "type": "S",
            "url": "https://api.congress.gov/v3/bill/113/s/2764?format=json"
        },
        {
            "congress": 113,
            "introducedDate": "2014-07-17",
            "latestAction": {
                "actionDate": "2014-07-17",
                "text": "Read twice and referred to the Committee on Energy and Natural Resources."
            },
            "number": "2626",
            "policyArea": {
                "name": "Public Lands and Natural Resources"
            },
            "title": "Fair Share Act of 2014",
            "type": "S",
            "url": "https://api.congress.gov/v3/bill/113/s/2626?format=json"
        },
        {
            "congress": 113,
            "introducedDate": "2014-07-14",
            "latestAction": {
                "actionDate": "2014-07-14",
                "text": "Read twice and referred to the Committee on the Judiciary."
            },
            "number": "2596",
            "policyArea": {
                "name": "Crime and Law Enforcement"
            },
            "title": "A bill to amend title 18, United States Code, to establish Federal criminal penalties for interstate child endangerment.",
            "type": "S",
            "url": "https://api.congress.gov/v3/bill/113/s/2596?format=json"
        },
        {
            "congress": 113,
            "introducedDate": "2014-07-09",
            "latestAction": {
                "actionDate": "2014-07-09",
                "text": "Read twice and referred to the Committee on Environment and Public Works."
            },
            "number": "2575",
            "policyArea": {
                "name": "Environmental Protection"
            },
            "title": "Sage-Grouse Accountability and Private Conservation Act of 2014",
            "type": "S",
            "url": "https://api.congress.gov/v3/bill/113/s/2575?format=json"
        },
        {
            "congress": 113,
            "introducedDate": "2014-07-08",
            "latestAction": {
                "actionDate": "2014-07-30",
                "text": "Cloture on the measure not invoked in Senate by Yea-Nay Vote. 54 - 42. Record Vote Number: 249. (consideration: CR S5082-5083; text: CR S5082)"
            },
            "number": "2569",
            "policyArea": {
                "name": "Taxation"
            },
            "title": "Bring Jobs Home Act",
            "type": "S",
            "url": "https://api.congress.gov/v3/bill/113/s/2569?format=json"
        },
        {
            "congress": 113,
            "introducedDate": "2014-06-19",
            "latestAction": {
                "actionDate": "2014-06-19",
                "text": "Read twice and referred to the Committee on Commerce, Science, and Transportation."
            },
            "number": "2500",
            "policyArea": {
                "name": "Science, Technology, Communications"
            },
            "title": "American Digital Security and Commerce Act of 2014",
            "type": "S",
            "url": "https://api.congress.gov/v3/bill/113/s/2500?format=json"
        },
        {
            "congress": 113,
            "introducedDate": "2014-06-18",
            "latestAction": {
                "actionDate": "2014-06-18",
                "text": "Read twice and referred to the Committee on Finance."
            },
            "number": "2489",
            "policyArea": {
                "name": "Economics and Public Finance"
            },
            "title": "American Jobs for American Infrastructure Act",
            "type": "S",
            "url": "https://api.congress.gov/v3/bill/113/s/2489?format=json"
        },
        {
            "congress": 113,
            "introducedDate": "2014-06-10",
            "latestAction": {
                "actionDate": "2014-06-10",
                "text": "Read twice and referred to the Committee on Indian Affairs."
            },
            "number": "2458",
            "policyArea": {
                "name": "Native Americans"
            },
            "title": "American Indian Teacher Loan Forgiveness Act of 2014",
            "type": "S",
            "url": "https://api.congress.gov/v3/bill/113/s/2458?format=json"
        },
        {
            "congress": 113,
            "introducedDate": "2014-06-05",
            "latestAction": {
                "actionDate": "2014-12-12",
                "text": "By Senator Tester from Committee on Indian Affairs filed written report. Report No. 113-317."
            },
            "number": "2442",
            "policyArea": {
                "name": "Native Americans"
            },
            "title": "Northern Cheyenne Lands Act",
            "type": "S",
            "url": "https://api.congress.gov/v3/bill/113/s/2442?format=json"
        },
        {
            "congress": 113,
            "introducedDate": "2014-05-22",
            "latestAction": {
                "actionDate": "2014-07-23",
                "text": "Committee on Energy and Natural Resources Senate Subcommittee on National Parks. Hearings held. With printed Hearing: S.Hrg. 113-493."
            },
            "number": "2392",
            "policyArea": {
                "name": "Public Lands and Natural Resources"
            },
            "title": "East Rosebud Wild and Scenic Rivers Act",
            "type": "S",
            "url": "https://api.congress.gov/v3/bill/113/s/2392?format=json"
        },
        {
            "congress": 113,
            "introducedDate": "2014-05-22",
            "latestAction": {
                "actionDate": "2014-05-22",
                "text": "Read twice and referred to the Committee on Finance."
            },
            "number": "2387",
            "policyArea": {
                "name": "Native Americans"
            },
            "title": "A bill to amend the Claims Resolution Act of 2010 to authorize the Secretary of the Interior to contract with eligible Indian tribes to manage land buy-back programs, to require that certain amounts be deposited into interest bearing accounts, and for other purposes.",
            "type": "S",
            "url": "https://api.congress.gov/v3/bill/113/s/2387?format=json"
        },
        {
            "congress": 113,
            "introducedDate": "2014-05-13",
            "latestAction": {
                "actionDate": "2014-05-13",
                "text": "Read twice and referred to the Committee on Appropriations."
            },
            "number": "2327",
            "policyArea": {
                "name": "Public Lands and Natural Resources"
            },
            "title": "Keeping Public Lands Open Act",
            "type": "S",
            "url": "https://api.congress.gov/v3/bill/113/s/2327?format=json"
        },
        {
            "congress": 113,
            "introducedDate": "2014-05-08",
            "latestAction": {
                "actionDate": "2014-05-08",
                "text": "Read twice and referred to the Committee on Homeland Security and Governmental Affairs."
            },
            "number": "2314",
            "policyArea": {
                "name": "Energy"
            },
            "title": "Removing Repeated Executive Delays to Transboundary Approvals of Pipelines and Engineering Act",
            "type": "S",
            "url": "https://api.congress.gov/v3/bill/113/s/2314?format=json"
        },
        {
            "congress": 113,
            "introducedDate": "2014-05-08",
            "latestAction": {
                "actionDate": "2014-05-08",
                "text": "Read twice and referred to the Committee on Homeland Security and Governmental Affairs."
            },
            "number": "2313",
            "policyArea": {
                "name": "Congress"
            },
            "title": "Do Your Job Act",
            "type": "S",
            "url": "https://api.congress.gov/v3/bill/113/s/2313?format=json"
        },
        {
            "congress": 113,
            "introducedDate": "2014-05-01",
            "latestAction": {
                "actionDate": "2014-05-01",
                "text": "Read twice and referred to the Committee on Armed Services."
            },
            "number": "2286",
            "policyArea": {
                "name": "Government Operations and Politics"
            },
            "title": "Cutting Contractor Use and Taxpayer Savings Act of 2014",
            "type": "S",
            "url": "https://api.congress.gov/v3/bill/113/s/2286?format=json"
        },
        {
            "congress": 113,
            "introducedDate": "2014-04-11",
            "latestAction": {
                "actionDate": "2014-04-11",
                "text": "Read twice and referred to the Committee on Energy and Natural Resources."
            },
            "number": "2256",
            "policyArea": {
                "name": "Native Americans"
            },
            "title": "Northern Cheyenne Lands Act",
            "type": "S",
            "url": "https://api.congress.gov/v3/bill/113/s/2256?format=json"
        },
        {
            "congress": 113,
            "introducedDate": "2014-04-08",
            "latestAction": {
                "actionDate": "2014-04-08",
                "text": "Read twice and referred to the Committee on Armed Services."
            },
            "number": "2222",
            "policyArea": {
                "name": "Armed Forces and National Security"
            },
            "title": "A bill to require a Comptroller General of the United States report on the sexual assault prevention activities of the Department of Defense and the Armed Forces.",
            "type": "S",
            "url": "https://api.congress.gov/v3/bill/113/s/2222?format=json"
        },
        {
            "congress": 113,
            "introducedDate": "2014-03-27",
            "latestAction": {
                "actionDate": "2014-03-27",
                "text": "Read twice and referred to the Committee on Veterans' Affairs."
            },
            "number": "2182",
            "policyArea": {
                "name": "Armed Forces and National Security"
            },
            "title": "Suicide Prevention for American Veterans Act",
            "type": "S",
            "url": "https://api.congress.gov/v3/bill/113/s/2182?format=json"
        },
        {
            "congress": 113,
            "introducedDate": "2014-03-12",
            "latestAction": {
                "actionDate": "2014-03-12",
                "text": "Read twice and referred to the Committee on Homeland Security and Governmental Affairs."
            },
            "number": "2121",
            "policyArea": {
                "name": "Transportation and Public Works"
            },
            "title": "Repeal REAL ID Act",
            "type": "S",
            "url": "https://api.congress.gov/v3/bill/113/s/2121?format=json"
        },
        {
            "congress": 113,
            "introducedDate": "2014-03-06",
            "latestAction": {
                "actionDate": "2014-03-06",
                "text": "Read twice and referred to the Committee on the Judiciary."
            },
            "number": "2093",
            "policyArea": {
                "name": "Armed Forces and National Security"
            },
            "title": "Civil Liberties Protection Act",
            "type": "S",
            "url": "https://api.congress.gov/v3/bill/113/s/2093?format=json"
        },
        {
            "congress": 113,
            "introducedDate": "2014-06-24",
            "latestAction": {
                "actionDate": "2014-06-24",
                "text": "Referred to the Committee on Energy and Natural Resources. (text of measure as introduced: CR S3944)"
            },
            "number": "483",
            "policyArea": {
                "name": "Public Lands and Natural Resources"
            },
            "title": "A resolution establishing a point of order against legislation selling Federal land in order to reduce the deficit.",
            "type": "SRES",
            "url": "https://api.congress.gov/v3/bill/113/sres/483?format=json"
        }
    ]
}