{
    "pagination": {
        "count": 12
    },
    "request": {
        "bioguideId": "h000922",
        "contentType": "application/json",
        "format": "json"
    },
    "sponsoredLegislation": [
        {
            "congress": 93,
            "introducedDate": "1974-11-26",
            "latestAction": {
                "actionDate": "1974-11-26",
                "text": "Referred to Senate Committee on Armed Services."
            },
            "number": "4190",
            "policyArea": {
                "name": "Armed Forces and National Security"
            },
            "title": "A bill to amend chapter 41 of title 10, United States Code, to require that retired members of the armed forces recalled to active duty and appointed to positions of importance and responsibility be appointed by and with the advice and consent of the Senate.",
            "type": "S",
            "url": "https://api.congress.gov/v3/bill/93/s/4190?format=json"
        },
        {
            "congress": 93,
            "introducedDate": "1974-03-11",
            "latestAction": {
                "actionDate": "1974-03-11",
                "text": "Referred to Senate Committee on the Judiciary."
            },
            "number": "3144",
            "policyArea": {
                "name": "Private Legislation"
            },
            "title": "A bill for the relief of Gregg Kenneth LeDuc.",
            "type": "S",
            "url": "https://api.congress.gov/v3/bill/93/s/3144?format=json"
        },
        {
            "congress": 93,
            "introducedDate": "1974-01-23",
            "latestAction": {
                "actionDate": "1974-01-23",
                "text": "Referred to Senate Committee on the Judiciary."
            },
            "number": "2876",
            "policyArea": {
                "name": "Private Legislation"
            },
            "title": "A bill for the relief of Carmichael C. Peters.",
            "type": "S",
            "url": "https://api.congress.gov/v3/bill/93/s/2876?format=json"
        },
        {
            "congress": 93,
            "introducedDate": "1973-12-21",
            "latestAction": {
                "actionDate": "1973-12-21",
                "text": "Referred to Senate Committee on Armed Services."
            },
            "number": "2853",
            "policyArea": {
                "name": "Private Legislation"
            },
            "title": "A bill to provide for the relief of Lt. (jg.) Charles W. Baker, Medical Service Corps, U.S. Navy.",
            "type": "S",
            "url": "https://api.congress.gov/v3/bill/93/s/2853?format=json"
        },
        {
            "congress": 93,
            "introducedDate": "1973-09-24",
            "latestAction": {
                "actionDate": "1973-09-24",
                "text": "Referred to Senate Committee on the Judiciary."
            },
            "number": "2472",
            "policyArea": {
                "name": "Private Legislation"
            },
            "title": "A bill for the relief of Colonel Paul H. Thompson, United States Air Force.",
            "type": "S",
            "url": "https://api.congress.gov/v3/bill/93/s/2472?format=json"
        },
        {
            "congress": 93,
            "introducedDate": "1973-05-14",
            "latestAction": {
                "actionDate": "1973-05-14",
                "text": "Referred to Senate Committee on Public Works."
            },
            "number": "1788",
            "policyArea": {
                "name": "Emergency Management"
            },
            "title": "A bill to authorize the modification of the project for flood protection on the Charitan River, Iowa and Missouri, in order to provide for a Federal payment toward the cost of construction of a fish hatchery.",
            "type": "S",
            "url": "https://api.congress.gov/v3/bill/93/s/1788?format=json"
        },
        {
            "congress": 93,
            "introducedDate": "1973-04-17",
            "latestAction": {
                "actionDate": "1973-04-17",
                "text": "Referred to Senate Committee on Armed Services."
            },
            "number": "1600",
            "policyArea": {
                "name": "Armed Forces and National Security"
            },
            "title": "A bill to require annual authorization prescribing the maximum number of members of the Armed Forces of the United States that may be deployed in major geographic regions of the world outside the United States.",
            "type": "S",
            "url": "https://api.congress.gov/v3/bill/93/s/1600?format=json"
        },
        {
            "congress": 93,
            "introducedDate": "1973-03-06",
            "latestAction": {
                "actionDate": "1973-10-01",
                "text": "Referred to House Committee on Interstate and Foreign Commerce."
            },
            "number": "1116",
            "policyArea": {
                "name": "Transportation and Public Works"
            },
            "title": "A bill to authorize the Secretary of Transportation to release restrictions on the use of certain property conveyed to the city of Algona, Iowa, for airport purposes.",
            "type": "S",
            "url": "https://api.congress.gov/v3/bill/93/s/1116?format=json"
        },
        {
            "congress": 93,
            "introducedDate": "1973-03-08",
            "latestAction": {
                "actionDate": "1974-05-14",
                "text": "Public law 93-282."
            },
            "number": "1125",
            "policyArea": {
                "name": "Health"
            },
            "title": "An Act to extend through fiscal year 1974 certain expiring appropriations authorizations in the Public Health Service Act, the Community Mental Health Centers Act, and the Developmental Disabilities Services and Facilities Construction Act, and for other purposes.",
            "type": "S",
            "url": "https://api.congress.gov/v3/bill/93/s/1125?format=json"
        },
        {
            "congress": 93,
            "introducedDate": "1973-01-18",
            "latestAction": {
                "actionDate": "1973-01-18",
                "text": "Referred to Senate Committee on Armed Services."
            },
            "number": "450",
            "policyArea": {
                "name": "Vietnamese Conflict"
            },
            "title": "A bill to require the public disclosure of certain information relating to U.S. military activities in Southeast Asia.",
            "type": "S",
            "url": "https://api.congress.gov/v3/bill/93/s/450?format=json"
        },
        {
            "congress": 93,
            "introducedDate": "1973-01-12",
            "latestAction": {
                "actionDate": "1973-01-12",
                "text": "Referred to Senate Committee on Armed Services."
            },
            "number": "353",
            "policyArea": {
                "name": "Armed Forces and National Security"
            },
            "title": "A bill to amend titles 10 and 37, United States Code, to provide for equality of treatment for military personnel in the application of dependency criteria.",
            "type": "S",
            "url": "https://api.congress.gov/v3/bill/93/s/353?format=json"
        },
        {
            "congress": 93,
            "introducedDate": "1973-05-02",
            "latestAction": {
                "actionDate": "1973-05-02",
                "text": "Referred to Senate Committee on Judiciary."
            },
            "number": "102",
            "policyArea": {
                "name": "Commemorations"
            },
            "title": "Joint resolution to authorize and request the President to proclaim June 17, 1973, as a day of commemoration of the opening of the upper Mississippi River by Jacques Marquette and Louis Jolliet in 1673.",
            "type": "SJRES",
            "url": "https://api.congress.gov/v3/bill/93/sjres/102?format=json"
        }
    ]
}