{
    "pagination": {
        "count": 136
    },
    "request": {
        "bioguideId": "s001200",
        "contentType": "application/json",
        "format": "json"
    },
    "sponsoredLegislation": [
        {
            "congress": 118,
            "introducedDate": "2024-05-17",
            "latestAction": {
                "actionDate": "2024-05-17",
                "text": "Referred to the House Committee on Energy and Commerce."
            },
            "number": "8463",
            "policyArea": {
                "name": null
            },
            "title": "Stopping Hijacking of Identity Expressly for Libel on Domains Act",
            "type": "HR",
            "url": "https://api.congress.gov/v3/bill/118/hr/8463?format=json"
        },
        {
            "congress": 118,
            "introducedDate": "2024-04-26",
            "latestAction": {
                "actionDate": "2024-04-26",
                "text": "Referred to the House Committee on Agriculture."
            },
            "number": "8138",
            "policyArea": {
                "name": null
            },
            "title": "To direct the Secretary of Agriculture to establish a disaster response training program to train certain Farm Service Agency employees to provide outreach and technical assistance to farmers and ranchers affected by a natural disaster, and for other purposes.",
            "type": "HR",
            "url": "https://api.congress.gov/v3/bill/118/hr/8138?format=json"
        },
        {
            "congress": 118,
            "introducedDate": "2024-03-21",
            "latestAction": {
                "actionDate": "2024-03-22",
                "text": "Referred to the Subcommittee on Health."
            },
            "number": "7788",
            "policyArea": {
                "name": "Health"
            },
            "title": "Firefighter PFAS Injury Compensation Act of 2024",
            "type": "HR",
            "url": "https://api.congress.gov/v3/bill/118/hr/7788?format=json"
        },
        {
            "congress": 118,
            "introducedDate": "2024-01-29",
            "latestAction": {
                "actionDate": "2024-02-02",
                "text": "Referred to the Subcommittee on Communications and Technology."
            },
            "number": "7124",
            "policyArea": {
                "name": "Science, Technology, Communications"
            },
            "title": "Roboblock Act",
            "type": "HR",
            "url": "https://api.congress.gov/v3/bill/118/hr/7124?format=json"
        },
        {
            "congress": 118,
            "introducedDate": "2023-11-30",
            "latestAction": {
                "actionDate": "2023-12-01",
                "text": "Referred to the Subcommittee on Energy, Climate and Grid Security."
            },
            "number": "6536",
            "policyArea": {
                "name": "Energy"
            },
            "title": "REBATE Act",
            "type": "HR",
            "url": "https://api.congress.gov/v3/bill/118/hr/6536?format=json"
        },
        {
            "congress": 118,
            "introducedDate": "2023-10-13",
            "latestAction": {
                "actionDate": "2023-10-25",
                "text": "Referred to the House Committee on the Judiciary."
            },
            "number": "785",
            "policyArea": {
                "name": "Law"
            },
            "title": "Recognizing the diaspora of Hispanic culture, and the representation of Hispanics in the legal profession and the judiciary.",
            "type": "HRES",
            "url": "https://api.congress.gov/v3/bill/118/hres/785?format=json"
        },
        {
            "congress": 118,
            "introducedDate": "2023-10-11",
            "latestAction": {
                "actionDate": "2023-10-25",
                "text": "Referred to the House Committee on Natural Resources."
            },
            "number": "779",
            "policyArea": {
                "name": "Public Lands and Natural Resources"
            },
            "title": "Recognizing the importance of the National Park Service in preserving the legacy of LGBTQI+ people and honoring their contributions to American history through the preservation of historic places and landmarks.",
            "type": "HRES",
            "url": "https://api.congress.gov/v3/bill/118/hres/779?format=json"
        },
        {
            "congress": 118,
            "introducedDate": "2023-07-26",
            "latestAction": {
                "actionDate": "2023-08-24",
                "text": "Referred to the Subcommittee on Economic Opportunity."
            },
            "number": "4949",
            "policyArea": {
                "name": "Armed Forces and National Security"
            },
            "title": "Don Young Veterans Advancing Conservation Act",
            "type": "HR",
            "url": "https://api.congress.gov/v3/bill/118/hr/4949?format=json"
        },
        {
            "congress": 118,
            "introducedDate": "2023-01-31",
            "latestAction": {
                "actionDate": "2023-07-26",
                "text": "Received in the Senate and Read twice and referred to the Committee on Commerce, Science, and Transportation."
            },
            "number": "682",
            "policyArea": {
                "name": "Science, Technology, Communications"
            },
            "title": "Launch Communications Act",
            "type": "HR",
            "url": "https://api.congress.gov/v3/bill/118/hr/682?format=json"
        },
        {
            "congress": 118,
            "introducedDate": "2023-07-20",
            "latestAction": {
                "actionDate": "2024-05-15",
                "text": "Received in the Senate and Read twice and referred to the Committee on Commerce, Science, and Transportation."
            },
            "number": "4814",
            "policyArea": {
                "name": "Commerce"
            },
            "title": "Consumer Safety Technology Act",
            "type": "HR",
            "url": "https://api.congress.gov/v3/bill/118/hr/4814?format=json"
        },
        {
            "congress": 118,
            "introducedDate": "2023-07-18",
            "latestAction": {
                "actionDate": "2023-07-18",
                "text": "Referred to the House Committee on the Judiciary."
            },
            "number": "4722",
            "policyArea": {
                "name": "Immigration"
            },
            "title": "Protect Patriot Spouses Act",
            "type": "HR",
            "url": "https://api.congress.gov/v3/bill/118/hr/4722?format=json"
        },
        {
            "congress": 118,
            "introducedDate": "2023-07-06",
            "latestAction": {
                "actionDate": "2023-07-06",
                "text": "Referred to the Committee on Education and the Workforce, and in addition to the Committee on Science, Space, and Technology, for a period to be subsequently determined by the Speaker, in each case for consideration of such provisions as fall within the jurisdiction of the committee concerned."
            },
            "number": "4498",
            "policyArea": {
                "name": "Labor and Employment"
            },
            "title": "Jobs of the Future Act of 2023",
            "type": "HR",
            "url": "https://api.congress.gov/v3/bill/118/hr/4498?format=json"
        },
        {
            "congress": 118,
            "introducedDate": "2023-06-30",
            "latestAction": {
                "actionDate": "2023-06-30",
                "text": "Referred to the House Committee on Oversight and Accountability."
            },
            "number": "4444",
            "policyArea": {
                "name": "Government Operations and Politics"
            },
            "title": "To establish in the Executive Office of the President an Office of Young Americans, and for other purposes.",
            "type": "HR",
            "url": "https://api.congress.gov/v3/bill/118/hr/4444?format=json"
        },
        {
            "congress": 118,
            "introducedDate": "2023-06-16",
            "latestAction": {
                "actionDate": "2023-08-21",
                "text": "Referred to the Subcommittee on Conservation, Research, and Biotechnology."
            },
            "number": "4199",
            "policyArea": {
                "name": "Agriculture and Food"
            },
            "title": "To amend the Agricultural Research, Extension, and Education Reform Act of 1998 to establish and carry out a pilot program to use blockchain technology in food safety and labeling.",
            "type": "HR",
            "url": "https://api.congress.gov/v3/bill/118/hr/4199?format=json"
        },
        {
            "congress": 118,
            "introducedDate": "2023-06-14",
            "latestAction": {
                "actionDate": "2023-06-14",
                "text": "Referred to the House Committee on Armed Services."
            },
            "number": "4140",
            "policyArea": {
                "name": "Armed Forces and National Security"
            },
            "title": "To authorize the President to award the Purple Heart to Louis Boria, Jr., for injuries incurred during World War II and the Korean War while a member of the Marine Corps.",
            "type": "HR",
            "url": "https://api.congress.gov/v3/bill/118/hr/4140?format=json"
        },
        {
            "congress": 118,
            "introducedDate": "2023-06-12",
            "latestAction": {
                "actionDate": "2023-06-12",
                "text": "Referred to the House Committee on the Judiciary."
            },
            "number": "4048",
            "policyArea": {
                "name": "Immigration"
            },
            "title": "Venezuelan Adjustment Act",
            "type": "HR",
            "url": "https://api.congress.gov/v3/bill/118/hr/4048?format=json"
        },
        {
            "congress": 118,
            "introducedDate": "2023-06-12",
            "latestAction": {
                "actionDate": "2023-06-12",
                "text": "Referred to the House Committee on Oversight and Accountability."
            },
            "number": "500",
            "policyArea": {
                "name": "Crime and Law Enforcement"
            },
            "title": "Commemorating 7 years since the Pulse nightclub shooting in Orlando, Florida, on June 12, 2016.",
            "type": "HRES",
            "url": "https://api.congress.gov/v3/bill/118/hres/500?format=json"
        },
        {
            "congress": 118,
            "introducedDate": "2023-05-26",
            "latestAction": {
                "actionDate": "2023-05-29",
                "text": "Referred to the Subcommittee on Aviation."
            },
            "number": "3743",
            "policyArea": {
                "name": "Transportation and Public Works"
            },
            "title": "To amend the FAA Reauthorization Act of 2018 to extend the advisory committee on the air travel needs of passengers with disabilities.",
            "type": "HR",
            "url": "https://api.congress.gov/v3/bill/118/hr/3743?format=json"
        },
        {
            "congress": 118,
            "introducedDate": "2023-05-26",
            "latestAction": {
                "actionDate": "2023-05-29",
                "text": "Referred to the Subcommittee on Aviation."
            },
            "number": "3744",
            "policyArea": {
                "name": "Transportation and Public Works"
            },
            "title": "Avionic Students Housing Act.",
            "type": "HR",
            "url": "https://api.congress.gov/v3/bill/118/hr/3744?format=json"
        },
        {
            "congress": 118,
            "introducedDate": "2023-05-05",
            "latestAction": {
                "actionDate": "2024-06-12",
                "text": "Ordered to be Reported by Unanimous Consent."
            },
            "number": "3119",
            "policyArea": {
                "name": "Environmental Protection"
            },
            "title": "To provide for the issuance of a Manatee Semipostal Stamp.",
            "type": "HR",
            "url": "https://api.congress.gov/v3/bill/118/hr/3119?format=json"
        },
        {
            "congress": 118,
            "introducedDate": "2023-04-26",
            "latestAction": {
                "actionDate": "2023-04-26",
                "text": "Referred to the House Committee on Oversight and Accountability."
            },
            "number": "2908",
            "policyArea": {
                "name": "Government Operations and Politics"
            },
            "title": "To designate the facility of the United States Postal Service located at 2600 Michigan Avenue in Kissimmee, Florida, as the \"Robert Guevara Post Office Building\".",
            "type": "HR",
            "url": "https://api.congress.gov/v3/bill/118/hr/2908?format=json"
        },
        {
            "congress": 118,
            "introducedDate": "2023-04-25",
            "latestAction": {
                "actionDate": "2023-10-25",
                "text": "Subcommittee Hearings Held"
            },
            "number": "2855",
            "policyArea": {
                "name": "Science, Technology, Communications"
            },
            "title": "Sinkhole Mapping Act of 2023",
            "type": "HR",
            "url": "https://api.congress.gov/v3/bill/118/hr/2855?format=json"
        },
        {
            "congress": 118,
            "introducedDate": "2023-02-27",
            "latestAction": {
                "actionDate": "2023-03-09",
                "text": "Referred to the Subcommittee on Livestock, Dairy, and Poultry."
            },
            "number": "176",
            "policyArea": {
                "name": "Agriculture and Food"
            },
            "title": "Recognizing the historical significance of Lawrence Silas.",
            "type": "HRES",
            "url": "https://api.congress.gov/v3/bill/118/hres/176?format=json"
        },
        {
            "amendmentNumber": "13",
            "congress": 118,
            "introducedDate": "2023-01-26",
            "latestAction": {
                "actionDate": "2023-01-26",
                "actionTime": "17:49:13",
                "text": "On agreeing to the Soto amendment (A012) Failed by recorded vote: 213 - 218 (Roll no. 43). "
            },
            "type": null,
            "url": "https://api.congress.gov/v3/amendment/118/hamdt/13?format=json"
        },
        {
            "congress": 117,
            "introducedDate": "2022-08-12",
            "latestAction": {
                "actionDate": "2022-08-12",
                "text": "Referred to the House Committee on Oversight and Reform."
            },
            "number": "8712",
            "policyArea": {
                "name": "Government Operations and Politics"
            },
            "title": "To designate the facility of the United States Postal Service located at 2600 Michigan Avenue in Kissimmee, Florida, as the \"Robert Guevara Post Office Building\".",
            "type": "HR",
            "url": "https://api.congress.gov/v3/bill/117/hr/8712?format=json"
        },
        {
            "congress": 117,
            "introducedDate": "2022-08-12",
            "latestAction": {
                "actionDate": "2022-08-12",
                "text": "Referred to the Subcommittee on Asia, the Pacific, Central Asia and Nonproliferation."
            },
            "number": "1321",
            "policyArea": {
                "name": "International Affairs"
            },
            "title": "Celebrating the United States-Republic of Korea alliance and the dedication of the Wall of Remembrance at the Korean War Veterans Memorial on July 27, 2022.",
            "type": "HRES",
            "url": "https://api.congress.gov/v3/bill/117/hres/1321?format=json"
        },
        {
            "congress": 117,
            "introducedDate": "2022-07-29",
            "latestAction": {
                "actionDate": "2022-07-29",
                "text": "Referred to the House Committee on House Administration."
            },
            "number": "1308",
            "policyArea": {
                "name": "Congress"
            },
            "title": "Honoring the Future Forum on its successful second Youth Congress and its commitment to issues that affect young people, recognizes the youth participants in Future Forum's town halls and youth congresses for their commitment to public service, and expresses its best wishes for continued success.",
            "type": "HRES",
            "url": "https://api.congress.gov/v3/bill/117/hres/1308?format=json"
        },
        {
            "congress": 117,
            "introducedDate": "2022-07-28",
            "latestAction": {
                "actionDate": "2022-07-28",
                "text": "Referred to the House Committee on House Administration."
            },
            "number": "1299",
            "policyArea": {
                "name": "Congress"
            },
            "title": "Honoring the Future Forum on its successful second Youth Congress and its commitment to issues that affect young people, recognizes the youth participants in Future Forum's town halls and youth congresses for their commitment to public service, and expresses its best wishes for continued success.",
            "type": "HRES",
            "url": "https://api.congress.gov/v3/bill/117/hres/1299?format=json"
        },
        {
            "congress": 117,
            "introducedDate": "2022-07-27",
            "latestAction": {
                "actionDate": "2022-07-27",
                "text": "Referred to the House Committee on Science, Space, and Technology."
            },
            "number": "8545",
            "policyArea": {
                "name": "Science, Technology, Communications"
            },
            "title": "To establish a blockchain and cryptocurrency position within the Office of Science and Technology Policy, and for other purposes.",
            "type": "HR",
            "url": "https://api.congress.gov/v3/bill/117/hr/8545?format=json"
        },
        {
            "congress": 117,
            "introducedDate": "2022-07-05",
            "latestAction": {
                "actionDate": "2022-07-05",
                "text": "Referred to the House Committee on Energy and Commerce."
            },
            "number": "8288",
            "policyArea": {
                "name": "Science, Technology, Communications"
            },
            "title": "LAUNCHES Act",
            "type": "HR",
            "url": "https://api.congress.gov/v3/bill/117/hr/8288?format=json"
        },
        {
            "congress": 117,
            "introducedDate": "2022-05-19",
            "latestAction": {
                "actionDate": "2022-11-01",
                "text": "Referred to the Subcommittee on Immigration and Citizenship."
            },
            "number": "7854",
            "policyArea": {
                "name": "Immigration"
            },
            "title": "Venezuelan Adjustment Act",
            "type": "HR",
            "url": "https://api.congress.gov/v3/bill/117/hr/7854?format=json"
        },
        {
            "congress": 117,
            "introducedDate": "2022-04-06",
            "latestAction": {
                "actionDate": "2022-05-10",
                "text": "Referred to the Subcommittee on Economic Opportunity."
            },
            "number": "7431",
            "policyArea": {
                "name": "Armed Forces and National Security"
            },
            "title": "Don Young Veterans Advancing Conservation Act",
            "type": "HR",
            "url": "https://api.congress.gov/v3/bill/117/hr/7431?format=json"
        },
        {
            "congress": 117,
            "introducedDate": "2022-02-01",
            "latestAction": {
                "actionDate": "2022-04-05",
                "text": "Committee on Banking, Housing, and Urban Affairs. Hearings held."
            },
            "number": "6553",
            "policyArea": {
                "name": "Labor and Employment"
            },
            "title": "AI JOBS Act of 2022",
            "type": "HR",
            "url": "https://api.congress.gov/v3/bill/117/hr/6553?format=json"
        },
        {
            "congress": 117,
            "introducedDate": "2021-12-16",
            "latestAction": {
                "actionDate": "2021-12-17",
                "text": "Referred to the Subcommittee on National Parks, Forests, and Public Lands."
            },
            "number": "857",
            "policyArea": {
                "name": "Public Lands and Natural Resources"
            },
            "title": "Urging the Secretary of the Interior to recognize the historical significance of Roberto Clemente's place of death near Pi\u00f1ones in Lo\u00edza, Puerto Rico, by adding it to the National Register of Historic Places.",
            "type": "HRES",
            "url": "https://api.congress.gov/v3/bill/117/hres/857?format=json"
        },
        {
            "congress": 117,
            "introducedDate": "2021-10-21",
            "latestAction": {
                "actionDate": "2021-10-21",
                "text": "Referred to the House Committee on Education and Labor."
            },
            "number": "737",
            "policyArea": {
                "name": "Education"
            },
            "title": "Expressing support for the designation of October 25, 2021, as \"National Beauty and Wellness Education Day\" by promoting the importance of the Nation's licensed beauty and wellness professionals and the valued role of institutions of higher education that educate students for careers in the thriving beauty and wellness sector.",
            "type": "HRES",
            "url": "https://api.congress.gov/v3/bill/117/hres/737?format=json"
        },
        {
            "congress": 117,
            "introducedDate": "2021-07-09",
            "latestAction": {
                "actionDate": "2022-07-20",
                "text": "Received in the Senate and Read twice and referred to the Committee on Energy and Natural Resources."
            },
            "number": "4404",
            "policyArea": {
                "name": "Public Lands and Natural Resources"
            },
            "title": "Kissimmee River Wild and Scenic River Act",
            "type": "HR",
            "url": "https://api.congress.gov/v3/bill/117/hr/4404?format=json"
        },
        {
            "congress": 117,
            "introducedDate": "2021-10-15",
            "latestAction": {
                "actionDate": "2022-11-01",
                "text": "Referred to the Subcommittee on the Constitution, Civil Rights, and Civil Liberties."
            },
            "number": "5600",
            "policyArea": {
                "name": "Families"
            },
            "title": "Guardianship Accountability Act of 2021",
            "type": "HR",
            "url": "https://api.congress.gov/v3/bill/117/hr/5600?format=json"
        },
        {
            "congress": 117,
            "introducedDate": "2021-10-05",
            "latestAction": {
                "actionDate": "2021-10-06",
                "text": "Referred to the Subcommittee on National Parks, Forests, and Public Lands."
            },
            "number": "704",
            "policyArea": {
                "name": "Public Lands and Natural Resources"
            },
            "title": "Recognizing the importance of the National Park Service in preserving the legacy of LGBTQ+ people and honoring their contributions to American history through the preservation of historic places and landmarks.",
            "type": "HRES",
            "url": "https://api.congress.gov/v3/bill/117/hres/704?format=json"
        },
        {
            "congress": 117,
            "introducedDate": "2021-08-24",
            "latestAction": {
                "actionDate": "2021-09-14",
                "text": "Referred to the Subcommittee on Commodity Exchanges, Energy, and Credit."
            },
            "number": "5101",
            "policyArea": {
                "name": "Finance and Financial Sector"
            },
            "title": "U.S. Virtual Currency Market and Regulatory Competitiveness Act of 2021",
            "type": "HR",
            "url": "https://api.congress.gov/v3/bill/117/hr/5101?format=json"
        },
        {
            "congress": 117,
            "introducedDate": "2021-08-24",
            "latestAction": {
                "actionDate": "2021-09-14",
                "text": "Referred to the Subcommittee on Commodity Exchanges, Energy, and Credit."
            },
            "number": "5100",
            "policyArea": {
                "name": "Finance and Financial Sector"
            },
            "title": "Virtual Currency Consumer Protection Act of 2021",
            "type": "HR",
            "url": "https://api.congress.gov/v3/bill/117/hr/5100?format=json"
        },
        {
            "congress": 117,
            "introducedDate": "2021-08-23",
            "latestAction": {
                "actionDate": "2021-08-23",
                "text": "Referred to the House Committee on Ways and Means."
            },
            "number": "5082",
            "policyArea": {
                "name": "Taxation"
            },
            "title": "Cryptocurrency Tax Clarity Act",
            "type": "HR",
            "url": "https://api.congress.gov/v3/bill/117/hr/5082?format=json"
        },
        {
            "congress": 117,
            "introducedDate": "2021-08-23",
            "latestAction": {
                "actionDate": "2021-08-23",
                "text": "Referred to the House Committee on Ways and Means."
            },
            "number": "5083",
            "policyArea": {
                "name": "Taxation"
            },
            "title": "Cryptocurrency Tax Reform Act",
            "type": "HR",
            "url": "https://api.congress.gov/v3/bill/117/hr/5083?format=json"
        },
        {
            "congress": 117,
            "introducedDate": "2021-07-13",
            "latestAction": {
                "actionDate": "2021-07-21",
                "text": "Ordered to be Reported (Amended) by Voice Vote."
            },
            "number": "4406",
            "policyArea": {
                "name": "Health"
            },
            "title": "Supporting Medicaid in the U.S. Territories Act of 2021",
            "type": "HR",
            "url": "https://api.congress.gov/v3/bill/117/hr/4406?format=json"
        },
        {
            "congress": 117,
            "introducedDate": "2021-06-04",
            "latestAction": {
                "actionDate": "2021-06-04",
                "text": "Referred to the House Committee on Armed Services."
            },
            "number": "3741",
            "policyArea": {
                "name": null
            },
            "title": "To authorize the President to award the Purple Heart to Louis Boria, Jr., for injuries incurred during World War II and the Korean War while a member of the Marine Corps.",
            "type": "HR",
            "url": "https://api.congress.gov/v3/bill/117/hr/3741?format=json"
        },
        {
            "congress": 117,
            "introducedDate": "2021-06-01",
            "latestAction": {
                "actionDate": "2022-12-30",
                "text": "Placed on the Union Calendar, Calendar No. 494."
            },
            "number": "3681",
            "policyArea": {
                "name": "Science, Technology, Communications"
            },
            "title": "Sinkhole Mapping Act of 2021",
            "type": "HR",
            "url": "https://api.congress.gov/v3/bill/117/hr/3681?format=json"
        },
        {
            "congress": 117,
            "introducedDate": "2021-05-28",
            "latestAction": {
                "actionDate": "2021-05-31",
                "text": "Referred to the Subcommittee on Consumer Protection and Commerce."
            },
            "number": "3638",
            "policyArea": {
                "name": "Commerce"
            },
            "title": "Digital Taxonomy Act",
            "type": "HR",
            "url": "https://api.congress.gov/v3/bill/117/hr/3638?format=json"
        },
        {
            "congress": 117,
            "introducedDate": "2021-05-28",
            "latestAction": {
                "actionDate": "2021-05-31",
                "text": "Referred to the Subcommittee on Consumer Protection and Commerce."
            },
            "number": "3639",
            "policyArea": {
                "name": "Commerce"
            },
            "title": "Blockchain Innovation Act",
            "type": "HR",
            "url": "https://api.congress.gov/v3/bill/117/hr/3639?format=json"
        },
        {
            "congress": 117,
            "introducedDate": "2021-05-25",
            "latestAction": {
                "actionDate": "2021-05-26",
                "text": "Referred to the Subcommittee on Consumer Protection and Commerce."
            },
            "number": "3543",
            "policyArea": {
                "name": "Commerce"
            },
            "title": "Blockchain Technology Coordination Act of 2021",
            "type": "HR",
            "url": "https://api.congress.gov/v3/bill/117/hr/3543?format=json"
        },
        {
            "congress": 117,
            "introducedDate": "2021-03-23",
            "latestAction": {
                "actionDate": "2021-03-24",
                "text": "Referred to the Subcommittee on Health."
            },
            "number": "2170",
            "policyArea": {
                "name": "Health"
            },
            "title": "HAPI Act",
            "type": "HR",
            "url": "https://api.congress.gov/v3/bill/117/hr/2170?format=json"
        },
        {
            "congress": 117,
            "introducedDate": "2021-03-02",
            "latestAction": {
                "actionDate": "2021-06-16",
                "text": "Committee Hearings Held."
            },
            "number": "1522",
            "policyArea": {
                "name": "Government Operations and Politics"
            },
            "title": "Puerto Rico Statehood Admission Act",
            "type": "HR",
            "url": "https://api.congress.gov/v3/bill/117/hr/1522?format=json"
        },
        {
            "congress": 117,
            "introducedDate": "2021-01-25",
            "latestAction": {
                "actionDate": "2021-03-05",
                "text": "Referred to the Subcommittee on Immigration and Citizenship."
            },
            "number": "495",
            "policyArea": {
                "name": null
            },
            "title": "For the relief of Alejandra Juarez.",
            "type": "HR",
            "url": "https://api.congress.gov/v3/bill/117/hr/495?format=json"
        },
        {
            "congress": 117,
            "introducedDate": "2021-01-04",
            "latestAction": {
                "actionDate": "2021-06-25",
                "text": "Became Public Law No: 117-20."
            },
            "number": "49",
            "policyArea": {
                "name": "Arts, Culture, Religion"
            },
            "title": "To designate the National Pulse Memorial located at 1912 South Orange Avenue, Orlando, Florida, 32806, and for other purposes.",
            "type": "HR",
            "url": "https://api.congress.gov/v3/bill/117/hr/49?format=json"
        },
        {
            "congress": 117,
            "introducedDate": "2021-01-04",
            "latestAction": {
                "actionDate": "2022-12-14",
                "text": "Placed on the Union Calendar, Calendar No. 450."
            },
            "number": "160",
            "policyArea": {
                "name": "Public Lands and Natural Resources"
            },
            "title": "Restoring Resilient Reefs Act of 2021",
            "type": "HR",
            "url": "https://api.congress.gov/v3/bill/117/hr/160?format=json"
        },
        {
            "congress": 117,
            "introducedDate": "2021-01-04",
            "latestAction": {
                "actionDate": "2021-01-04",
                "text": "Referred to the House Committee on Financial Services."
            },
            "number": "162",
            "policyArea": {
                "name": "Housing and Community Development"
            },
            "title": "To amend the CARES Act to provide for repayment terms for mortgages in forbearance, and for other purposes.",
            "type": "HR",
            "url": "https://api.congress.gov/v3/bill/117/hr/162?format=json"
        },
        {
            "congress": 117,
            "introducedDate": "2021-01-04",
            "latestAction": {
                "actionDate": "2021-03-04",
                "text": "Referred to the Subcommittee on Immigration and Citizenship."
            },
            "number": "161",
            "policyArea": {
                "name": "Immigration"
            },
            "title": "Venezuela TPS Act of 2021",
            "type": "HR",
            "url": "https://api.congress.gov/v3/bill/117/hr/161?format=json"
        },
        {
            "congress": 117,
            "introducedDate": "2021-01-04",
            "latestAction": {
                "actionDate": "2022-07-14",
                "text": "Placed on the Union Calendar, Calendar No. 314."
            },
            "number": "164",
            "policyArea": {
                "name": "Native Americans"
            },
            "title": "To authorize the Seminole Tribe of Florida to lease or transfer certain land, and for other purposes.",
            "type": "HR",
            "url": "https://api.congress.gov/v3/bill/117/hr/164?format=json"
        },
        {
            "congress": 117,
            "introducedDate": "2021-01-04",
            "latestAction": {
                "actionDate": "2021-03-04",
                "text": "Referred to the Subcommittee on Immigration and Citizenship."
            },
            "number": "163",
            "policyArea": {
                "name": "Immigration"
            },
            "title": "Protect Patriot Spouses Act",
            "type": "HR",
            "url": "https://api.congress.gov/v3/bill/117/hr/163?format=json"
        },
        {
            "congress": 116,
            "introducedDate": "2020-12-31",
            "latestAction": {
                "actionDate": "2020-12-31",
                "text": "Referred to the House Committee on Energy and Commerce."
            },
            "number": "9067",
            "policyArea": {
                "name": "Commerce"
            },
            "title": "Blockchain Technology Coordination Act of 2020",
            "type": "HR",
            "url": "https://api.congress.gov/v3/bill/116/hr/9067?format=json"
        },
        {
            "congress": 116,
            "introducedDate": "2020-11-02",
            "latestAction": {
                "actionDate": "2020-11-02",
                "text": "Referred to the House Committee on Energy and Commerce."
            },
            "number": "8725",
            "policyArea": {
                "name": "Health"
            },
            "title": "HAPI Act",
            "type": "HR",
            "url": "https://api.congress.gov/v3/bill/116/hr/8725?format=json"
        },
        {
            "congress": 116,
            "introducedDate": "2020-10-20",
            "latestAction": {
                "actionDate": "2020-10-20",
                "text": "Referred to the House Committee on Ways and Means."
            },
            "number": "8645",
            "policyArea": {
                "name": "Taxation"
            },
            "title": "To designate the Kissimmee Gateway Airport and certain surrounding areas as an enterprise community.",
            "type": "HR",
            "url": "https://api.congress.gov/v3/bill/116/hr/8645?format=json"
        },
        {
            "congress": 116,
            "introducedDate": "2020-09-15",
            "latestAction": {
                "actionDate": "2020-09-15",
                "text": "Referred to the House Committee on Natural Resources."
            },
            "number": "1113",
            "policyArea": {
                "name": "Government Operations and Politics"
            },
            "title": "To state the need for action on statehood for Puerto Rico if the status wins a majority of the vote on the question in the territory's plebiscite on November 3.",
            "type": "HRES",
            "url": "https://api.congress.gov/v3/bill/116/hres/1113?format=json"
        },
        {
            "congress": 116,
            "introducedDate": "2020-09-01",
            "latestAction": {
                "actionDate": "2020-09-01",
                "text": "Referred to the House Committee on Energy and Commerce."
            },
            "number": "8153",
            "policyArea": {
                "name": "Commerce"
            },
            "title": "Blockchain Innovation Act",
            "type": "HR",
            "url": "https://api.congress.gov/v3/bill/116/hr/8153?format=json"
        },
        {
            "congress": 116,
            "introducedDate": "2020-07-09",
            "latestAction": {
                "actionDate": "2020-09-24",
                "text": "Subcommittee Hearings Held."
            },
            "number": "7565",
            "policyArea": {
                "name": "Native Americans"
            },
            "title": "To authorize the Seminole Tribe of Florida to lease or transfer certain land, and for other purposes.",
            "type": "HR",
            "url": "https://api.congress.gov/v3/bill/116/hr/7565?format=json"
        },
        {
            "congress": 116,
            "introducedDate": "2020-05-26",
            "latestAction": {
                "actionDate": "2020-05-26",
                "text": "Referred to the House Committee on Energy and Commerce."
            },
            "number": "7021",
            "policyArea": {
                "name": "Science, Technology, Communications"
            },
            "title": "LAUNCHES Act",
            "type": "HR",
            "url": "https://api.congress.gov/v3/bill/116/hr/7021?format=json"
        },
        {
            "congress": 116,
            "introducedDate": "2020-04-28",
            "latestAction": {
                "actionDate": "2020-04-28",
                "text": "Referred to the House Committee on Financial Services."
            },
            "number": "6632",
            "policyArea": {
                "name": "Housing and Community Development"
            },
            "title": "To amend the CARES Act to provide for repayment terms for mortgages in forbearance, and for other purposes.",
            "type": "HR",
            "url": "https://api.congress.gov/v3/bill/116/hr/6632?format=json"
        },
        {
            "congress": 116,
            "introducedDate": "2019-08-06",
            "latestAction": {
                "actionDate": "2019-08-06",
                "text": "Referred to the House Committee on the Judiciary."
            },
            "number": "4174",
            "policyArea": {
                "name": "Families"
            },
            "title": "Guardianship Accountability Act of 2019",
            "type": "HR",
            "url": "https://api.congress.gov/v3/bill/116/hr/4174?format=json"
        },
        {
            "congress": 116,
            "introducedDate": "2019-08-02",
            "latestAction": {
                "actionDate": "2019-08-15",
                "text": "Referred to the Subcommittee on Water, Oceans, and Wildlife."
            },
            "number": "4160",
            "policyArea": {
                "name": "Public Lands and Natural Resources"
            },
            "title": "Restoring Resilient Reefs Act of 2019",
            "type": "HR",
            "url": "https://api.congress.gov/v3/bill/116/hr/4160?format=json"
        },
        {
            "congress": 116,
            "introducedDate": "2019-07-09",
            "latestAction": {
                "actionDate": "2019-07-11",
                "text": "Forwarded by Subcommittee to Full Committee by Voice Vote ."
            },
            "number": "3631",
            "policyArea": {
                "name": "Health"
            },
            "title": "Territories Health Care Improvement Act",
            "type": "HR",
            "url": "https://api.congress.gov/v3/bill/116/hr/3631?format=json"
        },
        {
            "congress": 116,
            "introducedDate": "2019-06-04",
            "latestAction": {
                "actionDate": "2020-06-29",
                "text": "Received in the Senate and Read twice and referred to the Committee on Energy and Natural Resources."
            },
            "number": "3094",
            "policyArea": {
                "name": "Arts, Culture, Religion"
            },
            "title": "To designate the National Pulse Memorial located at 1912 South Orange Avenue, Orlando, Florida, 32806, and for other purposes.",
            "type": "HR",
            "url": "https://api.congress.gov/v3/bill/116/hr/3094?format=json"
        },
        {
            "congress": 116,
            "introducedDate": "2019-05-23",
            "latestAction": {
                "actionDate": "2020-12-21",
                "text": "Became Public Law No: 116-229."
            },
            "number": "2969",
            "policyArea": {
                "name": "Government Operations and Politics"
            },
            "title": "To designate the facility of the United States Postal Service located at 1401 1st Street North in Winter Haven, Florida, as the Althea Margaret Daily Mills Post Office Building.",
            "type": "HR",
            "url": "https://api.congress.gov/v3/bill/116/hr/2969?format=json"
        },
        {
            "congress": 116,
            "introducedDate": "2019-05-07",
            "latestAction": {
                "actionDate": "2019-09-26",
                "text": "Forwarded by Subcommittee to Full Committee by Voice Vote ."
            },
            "number": "2566",
            "policyArea": {
                "name": "Environmental Protection"
            },
            "title": "To require the Administrator of the Environmental Protection Agency to revise the Safer Choice Standard to provide for a Safer Choice label for pots, pans, and cooking utensils that do not contain PFAS, and for other purposes.",
            "type": "HR",
            "url": "https://api.congress.gov/v3/bill/116/hr/2566?format=json"
        },
        {
            "congress": 116,
            "introducedDate": "2019-04-29",
            "latestAction": {
                "actionDate": "2019-04-30",
                "text": "Referred to the Subcommittee on Military Personnel."
            },
            "number": "2395",
            "policyArea": {
                "name": null
            },
            "title": "To authorize the President to award the Purple Heart to Louis Boria, Jr., for injuries incurred during World War II and the Korean War while a member of the Marine Corps.",
            "type": "HR",
            "url": "https://api.congress.gov/v3/bill/116/hr/2395?format=json"
        },
        {
            "congress": 116,
            "introducedDate": "2019-04-09",
            "latestAction": {
                "actionDate": "2019-04-10",
                "text": "Referred to the Subcommittee on Consumer Protection and Commerce."
            },
            "number": "2154",
            "policyArea": {
                "name": "Commerce"
            },
            "title": "Digital Taxonomy Act of 2019",
            "type": "HR",
            "url": "https://api.congress.gov/v3/bill/116/hr/2154?format=json"
        },
        {
            "congress": 116,
            "introducedDate": "2019-03-28",
            "latestAction": {
                "actionDate": "2019-03-28",
                "text": "Referred to the House Committee on Natural Resources."
            },
            "number": "1965",
            "policyArea": {
                "name": "Government Operations and Politics"
            },
            "title": "Puerto Rico Admission Act",
            "type": "HR",
            "url": "https://api.congress.gov/v3/bill/116/hr/1965?format=json"
        },
        {
            "congress": 116,
            "introducedDate": "2019-01-30",
            "latestAction": {
                "actionDate": "2019-02-25",
                "text": "Referred to the Subcommittee on Commodity Exchanges, Energy, and Credit."
            },
            "number": "923",
            "policyArea": {
                "name": "Finance and Financial Sector"
            },
            "title": "U.S. Virtual Currency Market and Regulatory Competitiveness Act of 2019",
            "type": "HR",
            "url": "https://api.congress.gov/v3/bill/116/hr/923?format=json"
        },
        {
            "congress": 116,
            "introducedDate": "2019-01-30",
            "latestAction": {
                "actionDate": "2019-02-25",
                "text": "Referred to the Subcommittee on Commodity Exchanges, Energy, and Credit."
            },
            "number": "922",
            "policyArea": {
                "name": "Finance and Financial Sector"
            },
            "title": "Virtual Currency Consumer Protection Act of 2019",
            "type": "HR",
            "url": "https://api.congress.gov/v3/bill/116/hr/922?format=json"
        },
        {
            "congress": 116,
            "introducedDate": "2019-01-28",
            "latestAction": {
                "actionDate": "2019-01-28",
                "text": "Referred to the House Committee on Education and Labor."
            },
            "number": "827",
            "policyArea": {
                "name": "Labor and Employment"
            },
            "title": "AI JOBS Act of 2019",
            "type": "HR",
            "url": "https://api.congress.gov/v3/bill/116/hr/827?format=json"
        },
        {
            "congress": 116,
            "introducedDate": "2019-01-15",
            "latestAction": {
                "actionDate": "2019-02-25",
                "text": "Referred to the Subcommittee on Immigration and Citizenship."
            },
            "number": "581",
            "policyArea": {
                "name": null
            },
            "title": "For the relief of Alejandra Juarez.",
            "type": "HR",
            "url": "https://api.congress.gov/v3/bill/116/hr/581?format=json"
        },
        {
            "congress": 116,
            "introducedDate": "2019-01-15",
            "latestAction": {
                "actionDate": "2019-02-25",
                "text": "Referred to the Subcommittee on Immigration and Citizenship."
            },
            "number": "557",
            "policyArea": {
                "name": "Immigration"
            },
            "title": "Protect Patriot Spouses Act",
            "type": "HR",
            "url": "https://api.congress.gov/v3/bill/116/hr/557?format=json"
        },
        {
            "congress": 116,
            "introducedDate": "2019-01-15",
            "latestAction": {
                "actionDate": "2019-07-29",
                "text": "Received in the Senate and Read twice and referred to the Committee on the Judiciary."
            },
            "number": "549",
            "policyArea": {
                "name": "International Affairs"
            },
            "title": "Venezuela TPS Act of 2019",
            "type": "HR",
            "url": "https://api.congress.gov/v3/bill/116/hr/549?format=json"
        },
        {
            "congress": 116,
            "introducedDate": "2019-01-11",
            "latestAction": {
                "actionDate": "2020-06-04",
                "text": "Placed on the Union Calendar, Calendar No. 341."
            },
            "number": "496",
            "policyArea": {
                "name": "Science, Technology, Communications"
            },
            "title": "Sinkhole Mapping Act of 2019",
            "type": "HR",
            "url": "https://api.congress.gov/v3/bill/116/hr/496?format=json"
        },
        {
            "congress": 116,
            "introducedDate": "2019-01-10",
            "latestAction": {
                "actionDate": "2019-02-05",
                "text": "Referred to the Subcommittee on Energy and Mineral Resources."
            },
            "number": "484",
            "policyArea": {
                "name": "Environmental Protection"
            },
            "title": "To amend the Mineral Leasing Act to authorize the Secretary of the Interior to regulate hydraulic fracturing operations on Federal lands, and for other purposes.",
            "type": "HR",
            "url": "https://api.congress.gov/v3/bill/116/hr/484?format=json"
        },
        {
            "congress": 116,
            "introducedDate": "2019-01-10",
            "latestAction": {
                "actionDate": "2019-02-07",
                "text": "Referred to the Subcommittee on Water Resources and Environment."
            },
            "number": "436",
            "policyArea": {
                "name": "Environmental Protection"
            },
            "title": "Fracking Disclosure and Safety Act",
            "type": "HR",
            "url": "https://api.congress.gov/v3/bill/116/hr/436?format=json"
        },
        {
            "congress": 116,
            "introducedDate": "2019-01-09",
            "latestAction": {
                "actionDate": "2019-05-08",
                "text": "Subcommittee Hearings Held."
            },
            "number": "417",
            "policyArea": {
                "name": "Crime and Law Enforcement"
            },
            "title": "To amend title 18, United States Code, to establish measures to combat invasive lionfish, and for other purposes.",
            "type": "HR",
            "url": "https://api.congress.gov/v3/bill/116/hr/417?format=json"
        },
        {
            "congress": 116,
            "introducedDate": "2019-01-08",
            "latestAction": {
                "actionDate": "2019-01-25",
                "text": "Referred to the Subcommittee on Health."
            },
            "number": "345",
            "policyArea": {
                "name": "Health"
            },
            "title": "SMASH Act",
            "type": "HR",
            "url": "https://api.congress.gov/v3/bill/116/hr/345?format=json"
        },
        {
            "congress": 116,
            "introducedDate": "2019-01-03",
            "latestAction": {
                "actionDate": "2019-02-05",
                "text": "Referred to the Subcommittee on National Parks, Forests, and Public Lands."
            },
            "number": "37",
            "policyArea": {
                "name": "Public Lands and Natural Resources"
            },
            "title": "Kissimmee River Wild and Scenic River Study Act",
            "type": "HR",
            "url": "https://api.congress.gov/v3/bill/116/hr/37?format=json"
        },
        {
            "congress": 115,
            "introducedDate": "2018-12-06",
            "latestAction": {
                "actionDate": "2018-12-06",
                "text": "Referred to the Committee on Financial Services, and in addition to the Committee on Agriculture, for a period to be subsequently determined by the Speaker, in each case for consideration of such provisions as fall within the jurisdiction of the committee concerned."
            },
            "number": "7225",
            "policyArea": {
                "name": "Finance and Financial Sector"
            },
            "title": "U.S. Virtual Currency Market and Regulatory Competitiveness Act of 2018",
            "type": "HR",
            "url": "https://api.congress.gov/v3/bill/115/hr/7225?format=json"
        },
        {
            "congress": 115,
            "introducedDate": "2018-12-06",
            "latestAction": {
                "actionDate": "2018-12-06",
                "text": "Referred to the Committee on Financial Services, and in addition to the Committee on Agriculture, for a period to be subsequently determined by the Speaker, in each case for consideration of such provisions as fall within the jurisdiction of the committee concerned."
            },
            "number": "7224",
            "policyArea": {
                "name": "Finance and Financial Sector"
            },
            "title": "Virtual Currency Consumer Protection Act of 2018",
            "type": "HR",
            "url": "https://api.congress.gov/v3/bill/115/hr/7224?format=json"
        },
        {
            "congress": 115,
            "introducedDate": "2018-11-30",
            "latestAction": {
                "actionDate": "2018-12-13",
                "text": "Referred to the Subcommittee on Energy and Mineral Resources."
            },
            "number": "7210",
            "policyArea": {
                "name": "Science, Technology, Communications"
            },
            "title": "Sinkhole Mapping Act of 2018",
            "type": "HR",
            "url": "https://api.congress.gov/v3/bill/115/hr/7210?format=json"
        },
        {
            "congress": 115,
            "introducedDate": "2018-11-30",
            "latestAction": {
                "actionDate": "2018-12-13",
                "text": "Referred to the Subcommittee on Energy and Mineral Resources."
            },
            "number": "7211",
            "policyArea": {
                "name": "Environmental Protection"
            },
            "title": "To amend the Mineral Leasing Act to authorize the Secretary of the Interior to regulate hydraulic fracturing operations on Federal lands, and for other purposes.",
            "type": "HR",
            "url": "https://api.congress.gov/v3/bill/115/hr/7211?format=json"
        },
        {
            "congress": 115,
            "introducedDate": "2018-09-25",
            "latestAction": {
                "actionDate": "2018-09-26",
                "text": "Referred to the Subcommittee on Military Personnel."
            },
            "number": "6895",
            "policyArea": {
                "name": null
            },
            "title": "To authorize the President to award the Purple Heart to Louis Boria, Jr., for injuries incurred during World War II and the Korean War while a member of the Marine Corps.",
            "type": "HR",
            "url": "https://api.congress.gov/v3/bill/115/hr/6895?format=json"
        },
        {
            "congress": 115,
            "introducedDate": "2018-09-10",
            "latestAction": {
                "actionDate": "2018-09-19",
                "text": "Referred to the Subcommittee on Energy and Mineral Resources."
            },
            "number": "6768",
            "policyArea": {
                "name": "Environmental Protection"
            },
            "title": "Fracking Disclosure and Safety Act",
            "type": "HR",
            "url": "https://api.congress.gov/v3/bill/115/hr/6768?format=json"
        },
        {
            "amendmentNumber": "939",
            "congress": 115,
            "introducedDate": "2018-07-18",
            "latestAction": {
                "actionDate": "2018-07-18",
                "actionTime": "20:18:35",
                "text": "On agreeing to the Soto amendment (A070) Agreed to by voice vote. "
            },
            "type": null,
            "url": "https://api.congress.gov/v3/amendment/115/hamdt/939?format=json"
        },
        {
            "amendmentNumber": "938",
            "congress": 115,
            "introducedDate": "2018-07-18",
            "latestAction": {
                "actionDate": "2018-07-18",
                "actionTime": "20:15:55",
                "text": "On agreeing to the Soto amendment (A069) Agreed to by voice vote. "
            },
            "type": null,
            "url": "https://api.congress.gov/v3/amendment/115/hamdt/938?format=json"
        },
        {
            "amendmentNumber": "897",
            "congress": 115,
            "introducedDate": "2018-07-17",
            "latestAction": {
                "actionDate": "2018-07-17",
                "actionTime": "22:24:36",
                "text": "On agreeing to the Soto amendment (A028) Agreed to by voice vote. "
            },
            "type": null,
            "url": "https://api.congress.gov/v3/amendment/115/hamdt/897?format=json"
        },
        {
            "amendmentNumber": "871",
            "congress": 115,
            "introducedDate": "2018-07-17",
            "latestAction": {
                "actionDate": "2018-07-17",
                "actionTime": "20:00:47",
                "text": "On agreeing to the Soto amendment (A002) Agreed to by voice vote. "
            },
            "type": null,
            "url": "https://api.congress.gov/v3/amendment/115/hamdt/871?format=json"
        },
        {
            "congress": 115,
            "introducedDate": "2018-06-27",
            "latestAction": {
                "actionDate": "2018-12-20",
                "text": "Reported by the Committee on Natural Resources. H. Rept. 115-1089, Part I."
            },
            "number": "6255",
            "policyArea": {
                "name": "Crime and Law Enforcement"
            },
            "title": "To amend title 18, United States Code, to establish measures to combat invasive lionfish, and for other purposes.",
            "type": "HR",
            "url": "https://api.congress.gov/v3/bill/115/hr/6255?format=json"
        },
        {
            "amendmentNumber": "814",
            "congress": 115,
            "introducedDate": "2018-06-26",
            "latestAction": {
                "actionDate": "2018-06-26",
                "actionTime": "17:52:42",
                "text": "On agreeing to the Soto amendment (A010) Agreed to by voice vote. "
            },
            "type": null,
            "url": "https://api.congress.gov/v3/amendment/115/hamdt/814?format=json"
        },
        {
            "amendmentNumber": "811",
            "congress": 115,
            "introducedDate": "2018-06-26",
            "latestAction": {
                "actionDate": "2018-06-26",
                "actionTime": "17:34:04",
                "text": "On agreeing to the Soto amendment (A007) Agreed to by voice vote. "
            },
            "type": null,
            "url": "https://api.congress.gov/v3/amendment/115/hamdt/811?format=json"
        },
        {
            "congress": 115,
            "introducedDate": "2018-06-21",
            "latestAction": {
                "actionDate": "2018-07-30",
                "text": "Referred to the Subcommittee on Immigration and Border Security."
            },
            "number": "6191",
            "policyArea": {
                "name": null
            },
            "title": "For the relief of Alejandra Juarez.",
            "type": "HR",
            "url": "https://api.congress.gov/v3/bill/115/hr/6191?format=json"
        },
        {
            "congress": 115,
            "introducedDate": "2018-06-20",
            "latestAction": {
                "actionDate": "2018-06-21",
                "text": "Referred to the Subcommittee on Economic Development, Public Buildings and Emergency Management."
            },
            "number": "6169",
            "policyArea": {
                "name": "Emergency Management"
            },
            "title": "Disaster Housing Assistance Act",
            "type": "HR",
            "url": "https://api.congress.gov/v3/bill/115/hr/6169?format=json"
        },
        {
            "amendmentNumber": "727",
            "congress": 115,
            "introducedDate": "2018-06-07",
            "latestAction": {
                "actionDate": "2018-06-07",
                "actionTime": "17:35:03",
                "text": "On agreeing to the Soto amendment (A014) Agreed to by voice vote. "
            },
            "type": null,
            "url": "https://api.congress.gov/v3/amendment/115/hamdt/727?format=json"
        },
        {
            "amendmentNumber": "726",
            "congress": 115,
            "introducedDate": "2018-06-07",
            "latestAction": {
                "actionDate": "2018-06-07",
                "actionTime": "17:32:43",
                "text": "On agreeing to the Soto amendment (A013) Agreed to by voice vote. "
            },
            "type": null,
            "url": "https://api.congress.gov/v3/amendment/115/hamdt/726?format=json"
        },
        {
            "amendmentNumber": "710",
            "congress": 115,
            "introducedDate": "2018-06-06",
            "latestAction": {
                "actionDate": "2018-06-06",
                "actionTime": "18:33:09",
                "text": "On agreeing to the Soto amendment (A050) Agreed to by voice vote. "
            },
            "type": null,
            "url": "https://api.congress.gov/v3/amendment/115/hamdt/710?format=json"
        },
        {
            "amendmentNumber": "672",
            "congress": 115,
            "introducedDate": "2018-06-06",
            "latestAction": {
                "actionDate": "2018-06-06",
                "actionTime": "16:06:07",
                "text": "On agreeing to the Soto amendment (A012) Agreed to by voice vote. "
            },
            "type": null,
            "url": "https://api.congress.gov/v3/amendment/115/hamdt/672?format=json"
        },
        {
            "amendmentNumber": "664",
            "congress": 115,
            "introducedDate": "2018-06-06",
            "latestAction": {
                "actionDate": "2018-06-06",
                "actionTime": "15:37:37",
                "text": "On agreeing to the Soto amendment (A004) Agreed to by voice vote. "
            },
            "type": null,
            "url": "https://api.congress.gov/v3/amendment/115/hamdt/664?format=json"
        },
        {
            "amendmentNumber": "669",
            "congress": 115,
            "introducedDate": "2018-06-06",
            "latestAction": {
                "actionDate": "2018-06-06",
                "actionTime": "15:53:35",
                "text": "On agreeing to the Soto amendment (A009) Agreed to by voice vote. "
            },
            "type": null,
            "url": "https://api.congress.gov/v3/amendment/115/hamdt/669?format=json"
        },
        {
            "congress": 115,
            "introducedDate": "2018-05-23",
            "latestAction": {
                "actionDate": "2018-05-23",
                "text": "Referred to the House Committee on Energy and Commerce."
            },
            "number": "5927",
            "policyArea": {
                "name": "Health"
            },
            "title": "Neonatal Abstinence Syndrome Best Practice Act",
            "type": "HR",
            "url": "https://api.congress.gov/v3/bill/115/hr/5927?format=json"
        },
        {
            "congress": 115,
            "introducedDate": "2018-04-24",
            "latestAction": {
                "actionDate": "2018-05-22",
                "text": "Referred to the Subcommittee on Immigration and Border Security."
            },
            "number": "5593",
            "policyArea": {
                "name": "Immigration"
            },
            "title": "Protect Patriot Spouses Act",
            "type": "HR",
            "url": "https://api.congress.gov/v3/bill/115/hr/5593?format=json"
        },
        {
            "congress": 115,
            "introducedDate": "2018-04-10",
            "latestAction": {
                "actionDate": "2018-04-30",
                "text": "Referred to the Subcommittee on Biotechnology, Horticulture, and Research."
            },
            "number": "5448",
            "policyArea": {
                "name": "Agriculture and Food"
            },
            "title": "To amend the Food, Agriculture, Conservation, and Trade Act of 1990 to provide eligibility under the assistive technology program for farmers with disabilities to veterans with disabilities and their families.",
            "type": "HR",
            "url": "https://api.congress.gov/v3/bill/115/hr/5448?format=json"
        },
        {
            "congress": 115,
            "introducedDate": "2018-04-10",
            "latestAction": {
                "actionDate": "2018-04-30",
                "text": "Referred to the Subcommittee on Commodity Exchanges, Energy, and Credit."
            },
            "number": "5450",
            "policyArea": {
                "name": "Agriculture and Food"
            },
            "title": "To increase the access of small farmers in Puerto Rico to Federal agriculture programs, and for other purposes.",
            "type": "HR",
            "url": "https://api.congress.gov/v3/bill/115/hr/5450?format=json"
        },
        {
            "congress": 115,
            "introducedDate": "2018-04-10",
            "latestAction": {
                "actionDate": "2018-04-30",
                "text": "Referred to the Subcommittee on Commodity Exchanges, Energy, and Credit."
            },
            "number": "5449",
            "policyArea": {
                "name": "Agriculture and Food"
            },
            "title": "To amend the Farm Security and Rural Investment Act of 2002 to support a smart agriculture industry technology roadmap, and for other purposes.",
            "type": "HR",
            "url": "https://api.congress.gov/v3/bill/115/hr/5449?format=json"
        },
        {
            "congress": 115,
            "introducedDate": "2018-03-15",
            "latestAction": {
                "actionDate": "2018-03-15",
                "text": "Referred to the House Committee on Oversight and Government Reform."
            },
            "number": "5292",
            "policyArea": {
                "name": "Government Operations and Politics"
            },
            "title": "2020 Census Accountability Act",
            "type": "HR",
            "url": "https://api.congress.gov/v3/bill/115/hr/5292?format=json"
        },
        {
            "congress": 115,
            "introducedDate": "2018-03-08",
            "latestAction": {
                "actionDate": "2018-03-28",
                "text": "Referred to the Subcommittee on Commodity Exchanges, Energy, and Credit."
            },
            "number": "5234",
            "policyArea": {
                "name": "Agriculture and Food"
            },
            "title": "To amend the Farm Security and Rural Investment Act of 2002 to expand opportunities for algae-based research, and for other purposes.",
            "type": "HR",
            "url": "https://api.congress.gov/v3/bill/115/hr/5234?format=json"
        },
        {
            "congress": 115,
            "introducedDate": "2018-03-05",
            "latestAction": {
                "actionDate": "2018-03-28",
                "text": "Referred to the Subcommittee on Biotechnology, Horticulture, and Research."
            },
            "number": "5169",
            "policyArea": {
                "name": "Agriculture and Food"
            },
            "title": "To amend the Competitive, Special, and Facilities Research Grant Act to prioritize research on sensor and imager technology in agriculture, and for other purposes.",
            "type": "HR",
            "url": "https://api.congress.gov/v3/bill/115/hr/5169?format=json"
        },
        {
            "congress": 115,
            "introducedDate": "2018-03-05",
            "latestAction": {
                "actionDate": "2018-03-28",
                "text": "Referred to the Subcommittee on Biotechnology, Horticulture, and Research."
            },
            "number": "5168",
            "policyArea": {
                "name": "Agriculture and Food"
            },
            "title": "To amend the Food, Agriculture, Conservation, and Trade Act of 1990 to establish seaweed as a high-priority research and extension area, and for other purposes.",
            "type": "HR",
            "url": "https://api.congress.gov/v3/bill/115/hr/5168?format=json"
        },
        {
            "congress": 115,
            "introducedDate": "2018-02-14",
            "latestAction": {
                "actionDate": "2018-03-08",
                "text": "Referred to the Subcommittee on Biotechnology, Horticulture, and Research."
            },
            "number": "5029",
            "policyArea": {
                "name": "Agriculture and Food"
            },
            "title": "To amend the National Agricultural Research, Extension, and Teaching Policy Act of 1977 to require the specialty crops committee to make an additional recommendation regarding agricultural technology, and for other purposes.",
            "type": "HR",
            "url": "https://api.congress.gov/v3/bill/115/hr/5029?format=json"
        },
        {
            "congress": 115,
            "introducedDate": "2018-01-18",
            "latestAction": {
                "actionDate": "2018-04-05",
                "text": "Referred to the Subcommittee on Health, Employment, Labor, and Pensions."
            },
            "number": "4829",
            "policyArea": {
                "name": "Labor and Employment"
            },
            "title": "AI JOBS Act of 2018",
            "type": "HR",
            "url": "https://api.congress.gov/v3/bill/115/hr/4829?format=json"
        },
        {
            "congress": 115,
            "introducedDate": "2018-01-09",
            "latestAction": {
                "actionDate": "2018-01-24",
                "text": "Referred to the Subcommittee on Livestock and Foreign Agriculture."
            },
            "number": "4749",
            "policyArea": {
                "name": "Agriculture and Food"
            },
            "title": "Truth in Certification for Foreign Food Ingredients Act",
            "type": "HR",
            "url": "https://api.congress.gov/v3/bill/115/hr/4749?format=json"
        },
        {
            "congress": 115,
            "introducedDate": "2017-12-01",
            "latestAction": {
                "actionDate": "2018-08-02",
                "text": "Became Public Law No: 115-228."
            },
            "number": "4528",
            "policyArea": {
                "name": "Public Lands and Natural Resources"
            },
            "title": "An act to make technical amendments to certain marine fish conservation statutes, and for other purposes",
            "type": "HR",
            "url": "https://api.congress.gov/v3/bill/115/hr/4528?format=json"
        },
        {
            "congress": 115,
            "introducedDate": "2017-10-12",
            "latestAction": {
                "actionDate": "2017-10-13",
                "text": "Referred to the Subcommittee on Energy."
            },
            "number": "4063",
            "policyArea": {
                "name": "Energy"
            },
            "title": "POWER Act",
            "type": "HR",
            "url": "https://api.congress.gov/v3/bill/115/hr/4063?format=json"
        },
        {
            "congress": 115,
            "introducedDate": "2017-10-12",
            "latestAction": {
                "actionDate": "2017-11-01",
                "text": "Referred to the Subcommittee on Crime, Terrorism, Homeland Security, and Investigations."
            },
            "number": "4064",
            "policyArea": {
                "name": "Crime and Law Enforcement"
            },
            "title": "To impose restrictions on the sale of binary explosives, and for other purposes.",
            "type": "HR",
            "url": "https://api.congress.gov/v3/bill/115/hr/4064?format=json"
        },
        {
            "congress": 115,
            "introducedDate": "2017-10-12",
            "latestAction": {
                "actionDate": "2018-03-23",
                "text": "Became Public Law No: 115-154."
            },
            "number": "4042",
            "policyArea": {
                "name": "Government Operations and Politics"
            },
            "title": "An act to designate the facility of the United States Postal Service located at 1415 West Oak Street, in Kissimmee, Florida, as the \"Borinqueneers Post Office Building\"",
            "type": "HR",
            "url": "https://api.congress.gov/v3/bill/115/hr/4042?format=json"
        },
        {
            "congress": 115,
            "introducedDate": "2017-10-04",
            "latestAction": {
                "actionDate": "2018-12-12",
                "text": "Committee on Energy and Natural Resources Subcommittee on National Parks. Hearings held."
            },
            "number": "3961",
            "policyArea": {
                "name": "Public Lands and Natural Resources"
            },
            "title": "Kissimmee River Wild and Scenic River Study Act of 2018",
            "type": "HR",
            "url": "https://api.congress.gov/v3/bill/115/hr/3961?format=json"
        },
        {
            "congress": 115,
            "introducedDate": "2017-09-26",
            "latestAction": {
                "actionDate": "2017-09-29",
                "text": "Referred to the Subcommittee on Energy."
            },
            "number": "3829",
            "policyArea": {
                "name": "Energy"
            },
            "title": "TUFGRID Act of 2017",
            "type": "HR",
            "url": "https://api.congress.gov/v3/bill/115/hr/3829?format=json"
        },
        {
            "amendmentNumber": "288",
            "congress": 115,
            "introducedDate": "2017-09-06",
            "latestAction": {
                "actionDate": "2017-09-06",
                "actionTime": "20:32:15",
                "text": "By unanimous consent, the Soto amendment was withdrawn. "
            },
            "type": null,
            "url": "https://api.congress.gov/v3/amendment/115/hamdt/288?format=json"
        },
        {
            "congress": 115,
            "introducedDate": "2017-07-19",
            "latestAction": {
                "actionDate": "2017-07-28",
                "text": "Sponsor introductory remarks on measure. (CR H6525)"
            },
            "number": "461",
            "policyArea": {
                "name": "Sports and Recreation"
            },
            "title": "Urging Tom Flores be inducted to the Pro Football Hall of Fame.",
            "type": "HRES",
            "url": "https://api.congress.gov/v3/bill/115/hres/461?format=json"
        },
        {
            "congress": 115,
            "introducedDate": "2017-06-29",
            "latestAction": {
                "actionDate": "2017-07-24",
                "text": "Referred to the Subcommittee on Water, Power and Oceans."
            },
            "number": "3156",
            "policyArea": {
                "name": "Science, Technology, Communications"
            },
            "title": "To establish the Water Science Centers within the United States Geological Survey.",
            "type": "HR",
            "url": "https://api.congress.gov/v3/bill/115/hr/3156?format=json"
        },
        {
            "congress": 115,
            "introducedDate": "2017-05-25",
            "latestAction": {
                "actionDate": "2017-06-26",
                "text": "Referred to the Subcommittee on Livestock and Foreign Agriculture."
            },
            "number": "2659",
            "policyArea": {
                "name": "Agriculture and Food"
            },
            "title": "United States-Israel Agriculture Strategic Partnership Act",
            "type": "HR",
            "url": "https://api.congress.gov/v3/bill/115/hr/2659?format=json"
        },
        {
            "congress": 115,
            "introducedDate": "2017-05-19",
            "latestAction": {
                "actionDate": "2017-05-19",
                "text": "Referred to the House Committee on Education and the Workforce."
            },
            "number": "2554",
            "policyArea": {
                "name": "Education"
            },
            "title": "Direct Connect to Success Act",
            "type": "HR",
            "url": "https://api.congress.gov/v3/bill/115/hr/2554?format=json"
        },
        {
            "amendmentNumber": "76",
            "congress": 115,
            "introducedDate": "2017-03-10",
            "latestAction": {
                "actionDate": "2017-03-10",
                "actionTime": "10:50:16",
                "text": "On agreeing to the Soto amendment (A001) Failed by recorded vote: 181 - 225 (Roll no. 153). "
            },
            "type": null,
            "url": "https://api.congress.gov/v3/amendment/115/hamdt/76?format=json"
        },
        {
            "amendmentNumber": "71",
            "congress": 115,
            "introducedDate": "2017-03-09",
            "latestAction": {
                "actionDate": "2017-03-09",
                "actionTime": "18:16:12",
                "text": "On agreeing to the Soto amendment (A004) Failed by recorded vote: 192 - 230 (Roll no. 142). "
            },
            "type": null,
            "url": "https://api.congress.gov/v3/amendment/115/hamdt/71?format=json"
        },
        {
            "amendmentNumber": "66",
            "congress": 115,
            "introducedDate": "2017-03-09",
            "latestAction": {
                "actionDate": "2017-03-09",
                "actionTime": "19:00:09",
                "text": "On agreeing to the Soto amendment (A001) Failed by recorded vote: 189 - 233 (Roll no. 149). "
            },
            "type": null,
            "url": "https://api.congress.gov/v3/amendment/115/hamdt/66?format=json"
        },
        {
            "congress": 115,
            "introducedDate": "2017-03-02",
            "latestAction": {
                "actionDate": "2017-03-17",
                "text": "Referred to the Subcommittee on Health."
            },
            "number": "1310",
            "policyArea": {
                "name": "Health"
            },
            "title": "SMASH Act",
            "type": "HR",
            "url": "https://api.congress.gov/v3/bill/115/hr/1310?format=json"
        },
        {
            "congress": 115,
            "introducedDate": "2017-02-13",
            "latestAction": {
                "actionDate": "2017-04-25",
                "text": "Referred to the Subcommittee on Environment."
            },
            "number": "1008",
            "policyArea": {
                "name": "Science, Technology, Communications"
            },
            "title": "Ensuring the Reliability of Our Hurricane Hunter Aircraft Act",
            "type": "HR",
            "url": "https://api.congress.gov/v3/bill/115/hr/1008?format=json"
        },
        {
            "congress": 115,
            "introducedDate": "2017-02-07",
            "latestAction": {
                "actionDate": "2017-02-07",
                "text": "Referred to the House Committee on Education and the Workforce."
            },
            "number": "926",
            "policyArea": {
                "name": "Education"
            },
            "title": "ASPIRE Act",
            "type": "HR",
            "url": "https://api.congress.gov/v3/bill/115/hr/926?format=json"
        }
    ]
}