{
    "pagination": {
        "count": 169
    },
    "request": {
        "bioguideId": "p000612",
        "contentType": "application/json",
        "format": "json"
    },
    "sponsoredLegislation": [
        {
            "congress": 116,
            "introducedDate": "2019-06-12",
            "latestAction": {
                "actionDate": "2019-06-12",
                "text": "Read twice and referred to the Committee on the Budget."
            },
            "number": "1807",
            "policyArea": {
                "name": "Economics and Public Finance"
            },
            "title": "Fix Funding First Act",
            "type": "S",
            "url": "https://api.congress.gov/v3/bill/116/s/1807?format=json"
        },
        {
            "congress": 116,
            "introducedDate": "2020-07-22",
            "latestAction": {
                "actionDate": "2020-07-22",
                "text": "Read twice and referred to the Committee on Health, Education, Labor, and Pensions."
            },
            "number": "4261",
            "policyArea": {
                "name": "Education"
            },
            "title": "SCHOOL Act",
            "type": "S",
            "url": "https://api.congress.gov/v3/bill/116/s/4261?format=json"
        },
        {
            "congress": 116,
            "introducedDate": "2019-04-09",
            "latestAction": {
                "actionDate": "2019-04-09",
                "text": "Read twice and referred to the Committee on Homeland Security and Governmental Affairs."
            },
            "number": "1078",
            "policyArea": {
                "name": "Government Operations and Politics"
            },
            "title": "Federal Register Modernization Act",
            "type": "S",
            "url": "https://api.congress.gov/v3/bill/116/s/1078?format=json"
        },
        {
            "congress": 116,
            "introducedDate": "2019-12-18",
            "latestAction": {
                "actionDate": "2020-03-04",
                "text": "Committee on Energy and Natural Resources Subcommittee on National Parks. Hearings held. With printed Hearing: S.Hrg. 116-367."
            },
            "number": "3098",
            "policyArea": {
                "name": "Public Lands and Natural Resources"
            },
            "title": "Jimmy Carter National Historical Park Redesignation Act",
            "type": "S",
            "url": "https://api.congress.gov/v3/bill/116/s/3098?format=json"
        },
        {
            "congress": 116,
            "introducedDate": "2020-07-28",
            "latestAction": {
                "actionDate": "2020-07-28",
                "text": "Submitted in the Senate, considered, and agreed to without amendment and with a preamble by Unanimous Consent. (consideration: CR S4524-4525; text: CR S4524-4525)"
            },
            "number": "660",
            "policyArea": {
                "name": "Congress"
            },
            "title": "A resolution honoring and commemorating the life and legacy of Representative John Lewis.",
            "type": "SRES",
            "url": "https://api.congress.gov/v3/bill/116/sres/660?format=json"
        },
        {
            "congress": 116,
            "introducedDate": "2019-12-19",
            "latestAction": {
                "actionDate": "2019-12-19",
                "text": "Read twice and referred to the Committee on Banking, Housing, and Urban Affairs."
            },
            "number": "3111",
            "policyArea": {
                "name": "Finance and Financial Sector"
            },
            "title": "Brokered Deposit Affiliate-Subsidiary Modernization Act of 2019",
            "type": "S",
            "url": "https://api.congress.gov/v3/bill/116/s/3111?format=json"
        },
        {
            "congress": 116,
            "introducedDate": "2020-06-22",
            "latestAction": {
                "actionDate": "2020-09-09",
                "text": "Placed on Senate Legislative Calendar under General Orders. Calendar No. 528."
            },
            "number": "4024",
            "policyArea": {
                "name": "Science, Technology, Communications"
            },
            "title": "Cybersecurity Advisory Committee Authorization Act of 2020",
            "type": "S",
            "url": "https://api.congress.gov/v3/bill/116/s/4024?format=json"
        },
        {
            "congress": 116,
            "introducedDate": "2020-11-12",
            "latestAction": {
                "actionDate": "2020-11-12",
                "text": "Read twice and referred to the Committee on Rules and Administration."
            },
            "number": "4895",
            "policyArea": {
                "name": "Government Operations and Politics"
            },
            "title": "SAFE Votes Act",
            "type": "S",
            "url": "https://api.congress.gov/v3/bill/116/s/4895?format=json"
        },
        {
            "congress": 116,
            "introducedDate": "2020-11-18",
            "latestAction": {
                "actionDate": "2020-11-18",
                "text": "Referred to the Committee on Health, Education, Labor, and Pensions. (text: CR S7079)"
            },
            "number": "777",
            "policyArea": {
                "name": "Health"
            },
            "title": "A resolution expressing the sense of the Senate on the need for common sense solutions to improve health care delivery and affordability for all people of the United States.",
            "type": "SRES",
            "url": "https://api.congress.gov/v3/bill/116/sres/777?format=json"
        },
        {
            "congress": 116,
            "introducedDate": "2020-09-22",
            "latestAction": {
                "actionDate": "2020-09-22",
                "text": "Read twice and referred to the Committee on Banking, Housing, and Urban Affairs."
            },
            "number": "4655",
            "policyArea": {
                "name": "Finance and Financial Sector"
            },
            "title": "Main Street Lending Improvement Act of 2020",
            "type": "S",
            "url": "https://api.congress.gov/v3/bill/116/s/4655?format=json"
        },
        {
            "congress": 116,
            "introducedDate": "2020-09-29",
            "latestAction": {
                "actionDate": "2020-09-29",
                "text": "Read twice and referred to the Committee on Finance."
            },
            "number": "4754",
            "policyArea": {
                "name": "Taxation"
            },
            "title": "A bill to amend the Internal Revenue Code of 1986 to establish COVID Recovery Bonds, and for other purposes.",
            "type": "S",
            "url": "https://api.congress.gov/v3/bill/116/s/4754?format=json"
        },
        {
            "congress": 116,
            "introducedDate": "2020-09-29",
            "latestAction": {
                "actionDate": "2020-09-29",
                "text": "Referred to the Committee on the Judiciary. (text: CR S5897-5898)"
            },
            "number": "726",
            "policyArea": {
                "name": "Health"
            },
            "title": "A resolution honoring Rosalynn Smith Carter's 50 years of mental health advocacy.",
            "type": "SRES",
            "url": "https://api.congress.gov/v3/bill/116/sres/726?format=json"
        },
        {
            "congress": 116,
            "introducedDate": "2019-09-23",
            "latestAction": {
                "actionDate": "2019-09-23",
                "text": "Read twice and referred to the Committee on Homeland Security and Governmental Affairs."
            },
            "number": "2530",
            "policyArea": {
                "name": "Education"
            },
            "title": "School Safety Clearinghouse Act",
            "type": "S",
            "url": "https://api.congress.gov/v3/bill/116/s/2530?format=json"
        },
        {
            "congress": 116,
            "introducedDate": "2020-05-05",
            "latestAction": {
                "actionDate": "2020-05-05",
                "text": "Read twice and referred to the Committee on the Judiciary."
            },
            "number": "3599",
            "policyArea": {
                "name": "Immigration"
            },
            "title": "Healthcare Workforce Resilience Act",
            "type": "S",
            "url": "https://api.congress.gov/v3/bill/116/s/3599?format=json"
        },
        {
            "amendmentNumber": "2546",
            "congress": 116,
            "introducedDate": "2020-08-04",
            "latestAction": null,
            "type": null,
            "url": "https://api.congress.gov/v3/amendment/116/samdt/2546?format=json"
        },
        {
            "amendmentNumber": "2545",
            "congress": 116,
            "introducedDate": "2020-08-04",
            "latestAction": null,
            "type": null,
            "url": "https://api.congress.gov/v3/amendment/116/samdt/2545?format=json"
        },
        {
            "amendmentNumber": "2459",
            "congress": 116,
            "introducedDate": "2020-07-20",
            "latestAction": null,
            "type": null,
            "url": "https://api.congress.gov/v3/amendment/116/samdt/2459?format=json"
        },
        {
            "amendmentNumber": "2460",
            "congress": 116,
            "introducedDate": "2020-07-20",
            "latestAction": null,
            "type": null,
            "url": "https://api.congress.gov/v3/amendment/116/samdt/2460?format=json"
        },
        {
            "amendmentNumber": "2449",
            "congress": 116,
            "introducedDate": "2020-07-20",
            "latestAction": null,
            "type": null,
            "url": "https://api.congress.gov/v3/amendment/116/samdt/2449?format=json"
        },
        {
            "congress": 115,
            "introducedDate": "2018-11-29",
            "latestAction": {
                "actionDate": "2018-11-29",
                "text": "Read twice and referred to the Committee on Banking, Housing, and Urban Affairs."
            },
            "number": "3682",
            "policyArea": {
                "name": "Finance and Financial Sector"
            },
            "title": "A bill to require the appropriate Federal banking agencies to recognize the exposure-reducing nature of client margin for cleared derivatives.",
            "type": "S",
            "url": "https://api.congress.gov/v3/bill/115/s/3682?format=json"
        },
        {
            "amendmentNumber": "2420",
            "congress": 116,
            "introducedDate": "2020-07-02",
            "latestAction": null,
            "type": null,
            "url": "https://api.congress.gov/v3/amendment/116/samdt/2420?format=json"
        },
        {
            "amendmentNumber": "2401",
            "congress": 116,
            "introducedDate": "2020-07-01",
            "latestAction": null,
            "type": null,
            "url": "https://api.congress.gov/v3/amendment/116/samdt/2401?format=json"
        },
        {
            "congress": 115,
            "introducedDate": "2018-09-06",
            "latestAction": {
                "actionDate": "2018-09-06",
                "text": "Read twice and referred to the Committee on the Judiciary."
            },
            "number": "3421",
            "policyArea": {
                "name": "Finance and Financial Sector"
            },
            "title": "Blue Sky Harmonization Act",
            "type": "S",
            "url": "https://api.congress.gov/v3/bill/115/s/3421?format=json"
        },
        {
            "amendmentNumber": "2227",
            "congress": 116,
            "introducedDate": "2020-06-29",
            "latestAction": null,
            "type": null,
            "url": "https://api.congress.gov/v3/amendment/116/samdt/2227?format=json"
        },
        {
            "amendmentNumber": "2095",
            "congress": 116,
            "introducedDate": "2020-06-25",
            "latestAction": null,
            "type": null,
            "url": "https://api.congress.gov/v3/amendment/116/samdt/2095?format=json"
        },
        {
            "amendmentNumber": "2098",
            "congress": 116,
            "introducedDate": "2020-06-25",
            "latestAction": null,
            "type": null,
            "url": "https://api.congress.gov/v3/amendment/116/samdt/2098?format=json"
        },
        {
            "amendmentNumber": "2096",
            "congress": 116,
            "introducedDate": "2020-06-25",
            "latestAction": null,
            "type": null,
            "url": "https://api.congress.gov/v3/amendment/116/samdt/2096?format=json"
        },
        {
            "amendmentNumber": "2097",
            "congress": 116,
            "introducedDate": "2020-06-25",
            "latestAction": null,
            "type": null,
            "url": "https://api.congress.gov/v3/amendment/116/samdt/2097?format=json"
        },
        {
            "congress": 116,
            "introducedDate": "2019-02-26",
            "latestAction": {
                "actionDate": "2019-02-26",
                "text": "Referred to the Committee on Finance. (text: CR S1494)"
            },
            "number": "78",
            "policyArea": {
                "name": "Economics and Public Finance"
            },
            "title": "A resolution recognizing the national debt as a threat to national security.",
            "type": "SRES",
            "url": "https://api.congress.gov/v3/bill/116/sres/78?format=json"
        },
        {
            "congress": 116,
            "introducedDate": "2019-06-19",
            "latestAction": {
                "actionDate": "2019-06-19",
                "text": "Read twice and referred to the Committee on Homeland Security and Governmental Affairs."
            },
            "number": "1898",
            "policyArea": {
                "name": "Government Operations and Politics"
            },
            "title": "MERIT Act of 2019",
            "type": "S",
            "url": "https://api.congress.gov/v3/bill/116/s/1898?format=json"
        },
        {
            "congress": 116,
            "introducedDate": "2020-03-20",
            "latestAction": {
                "actionDate": "2020-03-20",
                "text": "Read twice and referred to the Committee on Finance."
            },
            "number": "3553",
            "policyArea": {
                "name": "Taxation"
            },
            "title": "A bill to modify the schedule for estimated tax payments for 2020.",
            "type": "S",
            "url": "https://api.congress.gov/v3/bill/116/s/3553?format=json"
        },
        {
            "congress": 116,
            "introducedDate": "2020-03-23",
            "latestAction": {
                "actionDate": "2020-03-23",
                "text": "Referred to the Committee on the Judiciary. (text: CR S1970)"
            },
            "number": "550",
            "policyArea": {
                "name": "Health"
            },
            "title": "A resolution commending the people in the United States who are carrying out essential tasks during the unprecedented time of crisis created by the Coronavirus Disease 2019 (COVID-19).",
            "type": "SRES",
            "url": "https://api.congress.gov/v3/bill/116/sres/550?format=json"
        },
        {
            "amendmentNumber": "1563",
            "congress": 116,
            "introducedDate": "2020-03-21",
            "latestAction": {
                "actionDate": "2020-03-21",
                "text": "Referred to the Committee on Finance. "
            },
            "type": null,
            "url": "https://api.congress.gov/v3/amendment/116/samdt/1563?format=json"
        },
        {
            "congress": 116,
            "introducedDate": "2020-01-09",
            "latestAction": {
                "actionDate": "2020-03-02",
                "text": "Became Public Law No: 116-119."
            },
            "number": "67",
            "policyArea": {
                "name": "Government Operations and Politics"
            },
            "title": "A joint resolution providing for the reappointment of Risa Lavizzo-Mourey as a citizen regent of the Board of Regents of the Smithsonian Institution.",
            "type": "SJRES",
            "url": "https://api.congress.gov/v3/bill/116/sjres/67?format=json"
        },
        {
            "congress": 116,
            "introducedDate": "2019-02-14",
            "latestAction": {
                "actionDate": "2019-03-26",
                "text": "Resolution agreed to in Senate without amendment and with a preamble by Unanimous Consent. (text: CR 2/14/2019 S1387-1388)"
            },
            "number": "72",
            "policyArea": {
                "name": "Armed Forces and National Security"
            },
            "title": "A resolution honoring the 100th anniversary of Fort Benning in Columbus, Georgia.",
            "type": "SRES",
            "url": "https://api.congress.gov/v3/bill/116/sres/72?format=json"
        },
        {
            "amendmentNumber": "1304",
            "congress": 116,
            "introducedDate": "2020-02-11",
            "latestAction": {
                "actionDate": "2020-02-11",
                "text": "Referred to the Committee on Foreign Relations. "
            },
            "type": null,
            "url": "https://api.congress.gov/v3/amendment/116/samdt/1304?format=json"
        },
        {
            "congress": 116,
            "introducedDate": "2019-02-12",
            "latestAction": {
                "actionDate": "2019-02-12",
                "text": "Read twice and referred to the Committee on Banking, Housing, and Urban Affairs."
            },
            "number": "453",
            "policyArea": {
                "name": "Finance and Financial Sector"
            },
            "title": "Consumer Financial Protection Bureau Accountability Act of 2019",
            "type": "S",
            "url": "https://api.congress.gov/v3/bill/116/s/453?format=json"
        },
        {
            "congress": 116,
            "introducedDate": "2019-05-23",
            "latestAction": {
                "actionDate": "2019-05-23",
                "text": "Read twice and referred to the Committee on Finance."
            },
            "number": "1677",
            "policyArea": {
                "name": "Taxation"
            },
            "title": "Filing Relief for Natural Disasters Act",
            "type": "S",
            "url": "https://api.congress.gov/v3/bill/116/s/1677?format=json"
        },
        {
            "congress": 116,
            "introducedDate": "2019-06-27",
            "latestAction": {
                "actionDate": "2019-06-27",
                "text": "Read twice and referred to the Committee on Commerce, Science, and Transportation."
            },
            "number": "2025",
            "policyArea": {
                "name": "Transportation and Public Works"
            },
            "title": "Agricultural Trucking Relief Act of 2019",
            "type": "S",
            "url": "https://api.congress.gov/v3/bill/116/s/2025?format=json"
        },
        {
            "congress": 116,
            "introducedDate": "2019-01-15",
            "latestAction": {
                "actionDate": "2019-01-15",
                "text": "Read twice and referred to the Committee on the Judiciary."
            },
            "number": "122",
            "policyArea": {
                "name": "Crime and Law Enforcement"
            },
            "title": "Private Corrado Piccoli Purple Heart Preservation Act",
            "type": "S",
            "url": "https://api.congress.gov/v3/bill/116/s/122?format=json"
        },
        {
            "congress": 116,
            "introducedDate": "2019-05-08",
            "latestAction": {
                "actionDate": "2019-05-08",
                "text": "Submitted in the Senate, considered, and agreed to without amendment and with a preamble by Unanimous Consent. (consideration: CR S2748; text: CR S2747-2748)"
            },
            "number": "196",
            "policyArea": {
                "name": "Agriculture and Food"
            },
            "title": "A resolution recognizing the American Peanut Shellers Association for a century of effective leadership in the peanut industry and the beneficial work of the peanut industry in the United States and the State of Georgia.",
            "type": "SRES",
            "url": "https://api.congress.gov/v3/bill/116/sres/196?format=json"
        },
        {
            "congress": 116,
            "introducedDate": "2019-05-01",
            "latestAction": {
                "actionDate": "2019-05-01",
                "text": "Referred to the Committee on Banking, Housing, and Urban Affairs. (text: CR S2576)"
            },
            "number": "182",
            "policyArea": {
                "name": "Economics and Public Finance"
            },
            "title": "A resolution recognizing the duty of the Senate to condemn Modern Monetary Theory and recognizing Modern Monetary Theory would lead to higher deficits and higher inflation.",
            "type": "SRES",
            "url": "https://api.congress.gov/v3/bill/116/sres/182?format=json"
        },
        {
            "congress": 116,
            "introducedDate": "2019-05-14",
            "latestAction": {
                "actionDate": "2019-05-14",
                "text": "Read twice and referred to the Committee on the Budget."
            },
            "number": "1463",
            "policyArea": {
                "name": "Housing and Community Development"
            },
            "title": "A bill to establish a scorekeeping rule to ensure that increases in guarantee fees of Fannie Mae and Freddie Mac shall not be used to offset provisions that increase the deficit.",
            "type": "S",
            "url": "https://api.congress.gov/v3/bill/116/s/1463?format=json"
        },
        {
            "congress": 116,
            "introducedDate": "2019-02-26",
            "latestAction": {
                "actionDate": "2019-02-26",
                "text": "Read twice and referred to the Committee on Appropriations."
            },
            "number": "572",
            "policyArea": {
                "name": "Emergency Management"
            },
            "title": "Additional Supplemental Appropriations for Disaster Relief, 2019",
            "type": "S",
            "url": "https://api.congress.gov/v3/bill/116/s/572?format=json"
        },
        {
            "congress": 115,
            "introducedDate": "2017-03-02",
            "latestAction": {
                "actionDate": "2018-08-01",
                "text": "Committee on Veterans' Affairs. Hearings held. Hearings printed: S.Hrg. 115-616."
            },
            "number": "514",
            "policyArea": {
                "name": "Armed Forces and National Security"
            },
            "title": "No Hero Left Untreated Act",
            "type": "S",
            "url": "https://api.congress.gov/v3/bill/115/s/514?format=json"
        },
        {
            "amendmentNumber": "773",
            "congress": 116,
            "introducedDate": "2019-06-19",
            "latestAction": null,
            "type": null,
            "url": "https://api.congress.gov/v3/amendment/116/samdt/773?format=json"
        },
        {
            "amendmentNumber": "898",
            "congress": 116,
            "introducedDate": "2019-06-25",
            "latestAction": null,
            "type": null,
            "url": "https://api.congress.gov/v3/amendment/116/samdt/898?format=json"
        },
        {
            "amendmentNumber": "776",
            "congress": 116,
            "introducedDate": "2019-06-19",
            "latestAction": null,
            "type": null,
            "url": "https://api.congress.gov/v3/amendment/116/samdt/776?format=json"
        },
        {
            "amendmentNumber": "774",
            "congress": 116,
            "introducedDate": "2019-06-19",
            "latestAction": null,
            "type": null,
            "url": "https://api.congress.gov/v3/amendment/116/samdt/774?format=json"
        },
        {
            "amendmentNumber": "756",
            "congress": 116,
            "introducedDate": "2019-06-19",
            "latestAction": null,
            "type": null,
            "url": "https://api.congress.gov/v3/amendment/116/samdt/756?format=json"
        },
        {
            "amendmentNumber": "309",
            "congress": 116,
            "introducedDate": "2019-06-12",
            "latestAction": null,
            "type": null,
            "url": "https://api.congress.gov/v3/amendment/116/samdt/309?format=json"
        },
        {
            "amendmentNumber": "753",
            "congress": 116,
            "introducedDate": "2019-06-18",
            "latestAction": null,
            "type": null,
            "url": "https://api.congress.gov/v3/amendment/116/samdt/753?format=json"
        },
        {
            "amendmentNumber": "315",
            "congress": 116,
            "introducedDate": "2019-06-12",
            "latestAction": null,
            "type": null,
            "url": "https://api.congress.gov/v3/amendment/116/samdt/315?format=json"
        },
        {
            "congress": 115,
            "introducedDate": "2018-05-24",
            "latestAction": {
                "actionDate": "2018-05-24",
                "text": "Read twice and referred to the Committee on Armed Services."
            },
            "number": "2949",
            "policyArea": {
                "name": "Armed Forces and National Security"
            },
            "title": "Joint Electromagnetic Spectrum Operations Readiness Act of 2018",
            "type": "S",
            "url": "https://api.congress.gov/v3/bill/115/s/2949?format=json"
        },
        {
            "congress": 115,
            "introducedDate": "2018-09-12",
            "latestAction": {
                "actionDate": "2018-09-12",
                "text": "Read twice and referred to the Committee on Banking, Housing, and Urban Affairs."
            },
            "number": "3431",
            "policyArea": {
                "name": "International Affairs"
            },
            "title": "Iranian Proxies Terrorist Sanctions Act",
            "type": "S",
            "url": "https://api.congress.gov/v3/bill/115/s/3431?format=json"
        },
        {
            "congress": 115,
            "introducedDate": "2018-12-10",
            "latestAction": {
                "actionDate": "2018-12-10",
                "text": "Read twice and referred to the Committee on Agriculture, Nutrition, and Forestry."
            },
            "number": "3732",
            "policyArea": {
                "name": "Finance and Financial Sector"
            },
            "title": "Protection of Source Code Act",
            "type": "S",
            "url": "https://api.congress.gov/v3/bill/115/s/3732?format=json"
        },
        {
            "congress": 115,
            "introducedDate": "2018-04-17",
            "latestAction": {
                "actionDate": "2018-04-17",
                "text": "Read twice and referred to the Committee on the Judiciary."
            },
            "number": "2686",
            "policyArea": {
                "name": "Crime and Law Enforcement"
            },
            "title": "SELECT Act",
            "type": "S",
            "url": "https://api.congress.gov/v3/bill/115/s/2686?format=json"
        },
        {
            "congress": 115,
            "introducedDate": "2018-05-24",
            "latestAction": {
                "actionDate": "2018-05-24",
                "text": "Referred to the Committee on Foreign Relations. (text of measure as introduced: CR S2939)"
            },
            "number": "527",
            "policyArea": {
                "name": "International Affairs"
            },
            "title": "A resolution congratulating the people of Georgia on the 100th anniversary of its declaration of independence as a democratic republic and reaffirming the strength of the relationship between the United States and Georgia.",
            "type": "SRES",
            "url": "https://api.congress.gov/v3/bill/115/sres/527?format=json"
        },
        {
            "congress": 115,
            "introducedDate": "2018-04-26",
            "latestAction": {
                "actionDate": "2018-04-26",
                "text": "Referred to the Committee on Armed Services. (text of measure as introduced: CR S2491-2492)"
            },
            "number": "488",
            "policyArea": {
                "name": "Armed Forces and National Security"
            },
            "title": "A resolution honoring the 100th anniversary of Fort Benning in Columbus, Georgia.",
            "type": "SRES",
            "url": "https://api.congress.gov/v3/bill/115/sres/488?format=json"
        },
        {
            "amendmentNumber": "167",
            "congress": 116,
            "introducedDate": "2019-02-07",
            "latestAction": null,
            "type": null,
            "url": "https://api.congress.gov/v3/amendment/116/samdt/167?format=json"
        },
        {
            "congress": 115,
            "introducedDate": "2018-07-18",
            "latestAction": {
                "actionDate": "2018-12-14",
                "text": "Became Public Law No: 115-319."
            },
            "number": "3237",
            "policyArea": {
                "name": "Government Operations and Politics"
            },
            "title": "An act to designate the facility of the United States Postal Service located at 120 12th Street Lobby in Columbus, Georgia, as the \"Richard W. Williams, Jr., Chapter of the Triple Nickles (555th P.I.A.) Post Office\"",
            "type": "S",
            "url": "https://api.congress.gov/v3/bill/115/s/3237?format=json"
        },
        {
            "amendmentNumber": "82",
            "congress": 116,
            "introducedDate": "2019-01-30",
            "latestAction": null,
            "type": null,
            "url": "https://api.congress.gov/v3/amendment/116/samdt/82?format=json"
        },
        {
            "congress": 115,
            "introducedDate": "2018-12-10",
            "latestAction": {
                "actionDate": "2018-12-10",
                "text": "Read twice and referred to the Committee on Banking, Housing, and Urban Affairs."
            },
            "number": "3733",
            "policyArea": {
                "name": "Finance and Financial Sector"
            },
            "title": "Protection of Source Code Act",
            "type": "S",
            "url": "https://api.congress.gov/v3/bill/115/s/3733?format=json"
        },
        {
            "congress": 115,
            "introducedDate": "2018-06-12",
            "latestAction": {
                "actionDate": "2018-06-12",
                "text": "Read twice and referred to the Committee on Finance."
            },
            "number": "3054",
            "policyArea": {
                "name": "Health"
            },
            "title": "Stark Administrative Simplification Act of 2018",
            "type": "S",
            "url": "https://api.congress.gov/v3/bill/115/s/3054?format=json"
        },
        {
            "congress": 115,
            "introducedDate": "2018-06-28",
            "latestAction": {
                "actionDate": "2018-12-11",
                "text": "Resolution agreed to in Senate without amendment and an amended preamble by Unanimous Consent."
            },
            "number": "565",
            "policyArea": {
                "name": "Armed Forces and National Security"
            },
            "title": "A resolution honoring the 40th anniversary of Naval Submarine Base Kings Bay in Kings Bay, Georgia.",
            "type": "SRES",
            "url": "https://api.congress.gov/v3/bill/115/sres/565?format=json"
        },
        {
            "congress": 115,
            "introducedDate": "2018-10-04",
            "latestAction": {
                "actionDate": "2018-10-04",
                "text": "Referred to the Committee on Foreign Relations. (text of measure as introduced: CR S6543-6544)"
            },
            "number": "667",
            "policyArea": {
                "name": "International Affairs"
            },
            "title": "A resolution condemning persecution of religious minorities in the People's Republic of China and any actions that limit their free expression and practice of faith.",
            "type": "SRES",
            "url": "https://api.congress.gov/v3/bill/115/sres/667?format=json"
        },
        {
            "amendmentNumber": "4076",
            "congress": 115,
            "introducedDate": "2018-12-11",
            "latestAction": {
                "actionDate": "2018-12-11",
                "text": "Amendment SA 4076 agreed to in Senate by Unanimous Consent. "
            },
            "type": null,
            "url": "https://api.congress.gov/v3/amendment/115/samdt/4076?format=json"
        },
        {
            "congress": 115,
            "introducedDate": "2018-07-12",
            "latestAction": {
                "actionDate": "2018-07-12",
                "text": "Read twice and referred to the Committee on Homeland Security and Governmental Affairs."
            },
            "number": "3200",
            "policyArea": {
                "name": "Government Operations and Politics"
            },
            "title": "MERIT Act of 2018",
            "type": "S",
            "url": "https://api.congress.gov/v3/bill/115/s/3200?format=json"
        },
        {
            "congress": 115,
            "introducedDate": "2017-11-16",
            "latestAction": {
                "actionDate": "2017-11-16",
                "text": "Submitted in the Senate, considered, and agreed to without amendment and with a preamble by Unanimous Consent. (consideration: CR S7310; text: CR S7304-7306)"
            },
            "number": "340",
            "policyArea": {
                "name": "Armed Forces and National Security"
            },
            "title": "A resolution commemorating the 100th anniversary of the 3d Infantry Division.",
            "type": "SRES",
            "url": "https://api.congress.gov/v3/bill/115/sres/340?format=json"
        },
        {
            "congress": 115,
            "introducedDate": "2018-07-10",
            "latestAction": {
                "actionDate": "2018-07-10",
                "text": "Referred to the Committee on Foreign Relations. (text of measure as introduced: CR S4878)"
            },
            "number": "570",
            "policyArea": {
                "name": "International Affairs"
            },
            "title": "A resolution emphasizing the importance of meeting NATO spending commitments.",
            "type": "SRES",
            "url": "https://api.congress.gov/v3/bill/115/sres/570?format=json"
        },
        {
            "amendmentNumber": "3940",
            "congress": 115,
            "introducedDate": "2018-08-22",
            "latestAction": {
                "actionDate": "2018-08-23",
                "text": "Amendment SA 3940 agreed to in Senate by Unanimous Consent. "
            },
            "type": null,
            "url": "https://api.congress.gov/v3/amendment/115/samdt/3940?format=json"
        },
        {
            "amendmentNumber": "3978",
            "congress": 115,
            "introducedDate": "2018-08-22",
            "latestAction": null,
            "type": null,
            "url": "https://api.congress.gov/v3/amendment/115/samdt/3978?format=json"
        },
        {
            "amendmentNumber": "3599",
            "congress": 115,
            "introducedDate": "2018-07-25",
            "latestAction": null,
            "type": null,
            "url": "https://api.congress.gov/v3/amendment/115/samdt/3599?format=json"
        },
        {
            "congress": 115,
            "introducedDate": "2017-10-05",
            "latestAction": {
                "actionDate": "2017-10-05",
                "text": "Read twice and referred to the Committee on Rules and Administration."
            },
            "number": "1954",
            "policyArea": {
                "name": "Science, Technology, Communications"
            },
            "title": "Smithsonian National Zoological Park Central Parking Facility Authorization Act",
            "type": "S",
            "url": "https://api.congress.gov/v3/bill/115/s/1954?format=json"
        },
        {
            "amendmentNumber": "3360",
            "congress": 115,
            "introducedDate": "2018-06-28",
            "latestAction": null,
            "type": null,
            "url": "https://api.congress.gov/v3/amendment/115/samdt/3360?format=json"
        },
        {
            "amendmentNumber": "3345",
            "congress": 115,
            "introducedDate": "2018-06-27",
            "latestAction": null,
            "type": null,
            "url": "https://api.congress.gov/v3/amendment/115/samdt/3345?format=json"
        },
        {
            "amendmentNumber": "3335",
            "congress": 115,
            "introducedDate": "2018-06-27",
            "latestAction": null,
            "type": null,
            "url": "https://api.congress.gov/v3/amendment/115/samdt/3335?format=json"
        },
        {
            "amendmentNumber": "3283",
            "congress": 115,
            "introducedDate": "2018-06-27",
            "latestAction": null,
            "type": null,
            "url": "https://api.congress.gov/v3/amendment/115/samdt/3283?format=json"
        },
        {
            "amendmentNumber": "3282",
            "congress": 115,
            "introducedDate": "2018-06-27",
            "latestAction": null,
            "type": null,
            "url": "https://api.congress.gov/v3/amendment/115/samdt/3282?format=json"
        },
        {
            "amendmentNumber": "3054",
            "congress": 115,
            "introducedDate": "2018-06-21",
            "latestAction": {
                "actionDate": "2018-06-21",
                "text": "Amendment SA 3054 agreed to in Senate by Unanimous Consent. "
            },
            "type": null,
            "url": "https://api.congress.gov/v3/amendment/115/samdt/3054?format=json"
        },
        {
            "amendmentNumber": "2987",
            "congress": 115,
            "introducedDate": "2018-06-19",
            "latestAction": null,
            "type": null,
            "url": "https://api.congress.gov/v3/amendment/115/samdt/2987?format=json"
        },
        {
            "amendmentNumber": "2989",
            "congress": 115,
            "introducedDate": "2018-06-19",
            "latestAction": null,
            "type": null,
            "url": "https://api.congress.gov/v3/amendment/115/samdt/2989?format=json"
        },
        {
            "amendmentNumber": "2988",
            "congress": 115,
            "introducedDate": "2018-06-19",
            "latestAction": null,
            "type": null,
            "url": "https://api.congress.gov/v3/amendment/115/samdt/2988?format=json"
        },
        {
            "amendmentNumber": "2870",
            "congress": 115,
            "introducedDate": "2018-06-13",
            "latestAction": null,
            "type": null,
            "url": "https://api.congress.gov/v3/amendment/115/samdt/2870?format=json"
        },
        {
            "amendmentNumber": "2851",
            "congress": 115,
            "introducedDate": "2018-06-12",
            "latestAction": null,
            "type": null,
            "url": "https://api.congress.gov/v3/amendment/115/samdt/2851?format=json"
        },
        {
            "amendmentNumber": "2813",
            "congress": 115,
            "introducedDate": "2018-06-12",
            "latestAction": null,
            "type": null,
            "url": "https://api.congress.gov/v3/amendment/115/samdt/2813?format=json"
        },
        {
            "amendmentNumber": "2739",
            "congress": 115,
            "introducedDate": "2018-06-11",
            "latestAction": null,
            "type": null,
            "url": "https://api.congress.gov/v3/amendment/115/samdt/2739?format=json"
        },
        {
            "amendmentNumber": "2690",
            "congress": 115,
            "introducedDate": "2018-06-11",
            "latestAction": null,
            "type": null,
            "url": "https://api.congress.gov/v3/amendment/115/samdt/2690?format=json"
        },
        {
            "amendmentNumber": "2501",
            "congress": 115,
            "introducedDate": "2018-06-07",
            "latestAction": null,
            "type": null,
            "url": "https://api.congress.gov/v3/amendment/115/samdt/2501?format=json"
        },
        {
            "amendmentNumber": "2380",
            "congress": 115,
            "introducedDate": "2018-06-07",
            "latestAction": null,
            "type": null,
            "url": "https://api.congress.gov/v3/amendment/115/samdt/2380?format=json"
        },
        {
            "amendmentNumber": "2375",
            "congress": 115,
            "introducedDate": "2018-06-07",
            "latestAction": null,
            "type": null,
            "url": "https://api.congress.gov/v3/amendment/115/samdt/2375?format=json"
        },
        {
            "amendmentNumber": "2376",
            "congress": 115,
            "introducedDate": "2018-06-07",
            "latestAction": null,
            "type": null,
            "url": "https://api.congress.gov/v3/amendment/115/samdt/2376?format=json"
        },
        {
            "amendmentNumber": "2377",
            "congress": 115,
            "introducedDate": "2018-06-07",
            "latestAction": null,
            "type": null,
            "url": "https://api.congress.gov/v3/amendment/115/samdt/2377?format=json"
        },
        {
            "amendmentNumber": "2378",
            "congress": 115,
            "introducedDate": "2018-06-07",
            "latestAction": null,
            "type": null,
            "url": "https://api.congress.gov/v3/amendment/115/samdt/2378?format=json"
        },
        {
            "amendmentNumber": "2379",
            "congress": 115,
            "introducedDate": "2018-06-07",
            "latestAction": null,
            "type": null,
            "url": "https://api.congress.gov/v3/amendment/115/samdt/2379?format=json"
        },
        {
            "amendmentNumber": "2171",
            "congress": 115,
            "introducedDate": "2018-03-08",
            "latestAction": null,
            "type": null,
            "url": "https://api.congress.gov/v3/amendment/115/samdt/2171?format=json"
        },
        {
            "amendmentNumber": "2172",
            "congress": 115,
            "introducedDate": "2018-03-08",
            "latestAction": null,
            "type": null,
            "url": "https://api.congress.gov/v3/amendment/115/samdt/2172?format=json"
        },
        {
            "congress": 115,
            "introducedDate": "2017-10-26",
            "latestAction": {
                "actionDate": "2017-10-26",
                "text": "Read twice and referred to the Committee on Banking, Housing, and Urban Affairs."
            },
            "number": "2013",
            "policyArea": {
                "name": "Finance and Financial Sector"
            },
            "title": "Portfolio Lending and Mortgage Access Act",
            "type": "S",
            "url": "https://api.congress.gov/v3/bill/115/s/2013?format=json"
        },
        {
            "congress": 115,
            "introducedDate": "2017-10-18",
            "latestAction": {
                "actionDate": "2017-10-18",
                "text": "Read twice and referred to the Committee on Banking, Housing, and Urban Affairs."
            },
            "number": "1982",
            "policyArea": {
                "name": "Finance and Financial Sector"
            },
            "title": "PROTECT Act of 2017",
            "type": "S",
            "url": "https://api.congress.gov/v3/bill/115/s/1982?format=json"
        },
        {
            "amendmentNumber": "1666",
            "congress": 115,
            "introducedDate": "2017-11-30",
            "latestAction": null,
            "type": null,
            "url": "https://api.congress.gov/v3/amendment/115/samdt/1666?format=json"
        },
        {
            "amendmentNumber": "1670",
            "congress": 115,
            "introducedDate": "2017-11-30",
            "latestAction": null,
            "type": null,
            "url": "https://api.congress.gov/v3/amendment/115/samdt/1670?format=json"
        },
        {
            "amendmentNumber": "1669",
            "congress": 115,
            "introducedDate": "2017-11-30",
            "latestAction": null,
            "type": null,
            "url": "https://api.congress.gov/v3/amendment/115/samdt/1669?format=json"
        },
        {
            "amendmentNumber": "1668",
            "congress": 115,
            "introducedDate": "2017-11-30",
            "latestAction": null,
            "type": null,
            "url": "https://api.congress.gov/v3/amendment/115/samdt/1668?format=json"
        },
        {
            "amendmentNumber": "1667",
            "congress": 115,
            "introducedDate": "2017-11-30",
            "latestAction": null,
            "type": null,
            "url": "https://api.congress.gov/v3/amendment/115/samdt/1667?format=json"
        },
        {
            "amendmentNumber": "1167",
            "congress": 115,
            "introducedDate": "2017-10-18",
            "latestAction": {
                "actionDate": "2017-10-19",
                "text": "Amendment SA 1167 agreed to in Senate by Voice Vote. "
            },
            "type": null,
            "url": "https://api.congress.gov/v3/amendment/115/samdt/1167?format=json"
        },
        {
            "amendmentNumber": "1181",
            "congress": 115,
            "introducedDate": "2017-10-18",
            "latestAction": null,
            "type": null,
            "url": "https://api.congress.gov/v3/amendment/115/samdt/1181?format=json"
        },
        {
            "amendmentNumber": "1180",
            "congress": 115,
            "introducedDate": "2017-10-18",
            "latestAction": null,
            "type": null,
            "url": "https://api.congress.gov/v3/amendment/115/samdt/1180?format=json"
        },
        {
            "amendmentNumber": "1033",
            "congress": 115,
            "introducedDate": "2017-09-13",
            "latestAction": {
                "actionDate": "2017-09-18",
                "text": "Amendment SA 1033 agreed to in Senate by Unanimous Consent. "
            },
            "type": null,
            "url": "https://api.congress.gov/v3/amendment/115/samdt/1033?format=json"
        },
        {
            "congress": 115,
            "introducedDate": "2017-03-29",
            "latestAction": {
                "actionDate": "2017-08-23",
                "text": "Referred to the Subcommittee on Crime, Terrorism, Homeland Security, and Investigations."
            },
            "number": "765",
            "policyArea": {
                "name": "Crime and Law Enforcement"
            },
            "title": "Private Corrado Piccoli Purple Heart Preservation Act",
            "type": "S",
            "url": "https://api.congress.gov/v3/bill/115/s/765?format=json"
        },
        {
            "amendmentNumber": "1080",
            "congress": 115,
            "introducedDate": "2017-09-14",
            "latestAction": null,
            "type": null,
            "url": "https://api.congress.gov/v3/amendment/115/samdt/1080?format=json"
        },
        {
            "amendmentNumber": "636",
            "congress": 115,
            "introducedDate": "2017-07-27",
            "latestAction": null,
            "type": null,
            "url": "https://api.congress.gov/v3/amendment/115/samdt/636?format=json"
        },
        {
            "amendmentNumber": "767",
            "congress": 115,
            "introducedDate": "2017-08-03",
            "latestAction": {
                "actionDate": "2017-08-03",
                "text": "Amendment SA 767 agreed to in Senate by Unanimous Consent. "
            },
            "type": null,
            "url": "https://api.congress.gov/v3/amendment/115/samdt/767?format=json"
        },
        {
            "amendmentNumber": "682",
            "congress": 115,
            "introducedDate": "2017-07-27",
            "latestAction": null,
            "type": null,
            "url": "https://api.congress.gov/v3/amendment/115/samdt/682?format=json"
        },
        {
            "congress": 115,
            "introducedDate": "2017-03-02",
            "latestAction": {
                "actionDate": "2017-04-19",
                "text": "Became Public Law No: 115-27."
            },
            "number": "30",
            "policyArea": {
                "name": "Government Operations and Politics"
            },
            "title": "Joint resolution providing for the reappointment of Steve Case as a citizen regent of the Board of Regents of the Smithsonian Institution",
            "type": "SJRES",
            "url": "https://api.congress.gov/v3/bill/115/sjres/30?format=json"
        },
        {
            "congress": 115,
            "introducedDate": "2017-03-08",
            "latestAction": {
                "actionDate": "2017-03-08",
                "text": "Read twice and referred to the Committee on Agriculture, Nutrition, and Forestry."
            },
            "number": "571",
            "policyArea": {
                "name": "Public Lands and Natural Resources"
            },
            "title": "Chattahoochee-Oconee National Forest Land Adjustment Act",
            "type": "S",
            "url": "https://api.congress.gov/v3/bill/115/s/571?format=json"
        },
        {
            "amendmentNumber": "248",
            "congress": 115,
            "introducedDate": "2017-06-14",
            "latestAction": null,
            "type": null,
            "url": "https://api.congress.gov/v3/amendment/115/samdt/248?format=json"
        },
        {
            "amendmentNumber": "234",
            "congress": 115,
            "introducedDate": "2017-06-13",
            "latestAction": null,
            "type": null,
            "url": "https://api.congress.gov/v3/amendment/115/samdt/234?format=json"
        },
        {
            "congress": 114,
            "introducedDate": "2016-09-28",
            "latestAction": {
                "actionDate": "2016-09-28",
                "text": "Read twice and referred to the Committee on the Judiciary."
            },
            "number": "3415",
            "policyArea": {
                "name": "Crime and Law Enforcement"
            },
            "title": "SELECT Act",
            "type": "S",
            "url": "https://api.congress.gov/v3/bill/114/s/3415?format=json"
        },
        {
            "congress": 115,
            "introducedDate": "2017-03-21",
            "latestAction": {
                "actionDate": "2017-03-21",
                "text": "Referred to the Committee on Foreign Relations. (text of measure as introduced: CR S1895)"
            },
            "number": "90",
            "policyArea": {
                "name": "International Affairs"
            },
            "title": "A resolution recognizing the importance of the United States-Israel economic relationship and encouraging new areas of cooperation.",
            "type": "SRES",
            "url": "https://api.congress.gov/v3/bill/115/sres/90?format=json"
        },
        {
            "congress": 114,
            "introducedDate": "2016-12-09",
            "latestAction": {
                "actionDate": "2016-12-09",
                "text": "Read twice and referred to the Committee on Veterans' Affairs."
            },
            "number": "3540",
            "policyArea": {
                "name": "Armed Forces and National Security"
            },
            "title": "No Hero Left Untreated Act",
            "type": "S",
            "url": "https://api.congress.gov/v3/bill/114/s/3540?format=json"
        },
        {
            "congress": 115,
            "introducedDate": "2017-02-15",
            "latestAction": {
                "actionDate": "2017-02-15",
                "text": "Read twice and referred to the Committee on Banking, Housing, and Urban Affairs."
            },
            "number": "387",
            "policyArea": {
                "name": "Finance and Financial Sector"
            },
            "title": "Consumer Financial Protection Bureau Accountability Act of 2017",
            "type": "S",
            "url": "https://api.congress.gov/v3/bill/115/s/387?format=json"
        },
        {
            "congress": 114,
            "introducedDate": "2016-09-13",
            "latestAction": {
                "actionDate": "2016-09-14",
                "text": "Read the second time. Placed on Senate Legislative Calendar under General Orders. Calendar No. 627."
            },
            "number": "3318",
            "policyArea": {
                "name": "Finance and Financial Sector"
            },
            "title": "Consumer Financial Protection Bureau Accountability Act of 2016",
            "type": "S",
            "url": "https://api.congress.gov/v3/bill/114/s/3318?format=json"
        },
        {
            "congress": 115,
            "introducedDate": "2017-02-01",
            "latestAction": {
                "actionDate": "2017-03-30",
                "text": "Placed on Senate Legislative Calendar under General Orders. Calendar No. 28."
            },
            "number": "19",
            "policyArea": {
                "name": "Finance and Financial Sector"
            },
            "title": "A joint resolution providing for congressional disapproval under chapter 8 of title 5, United States Code, of the rule submitted by the Bureau of Consumer Financial Protection relating to prepaid accounts under the Electronic Fund Transfer Act and the Truth in Lending Act.",
            "type": "SJRES",
            "url": "https://api.congress.gov/v3/bill/115/sjres/19?format=json"
        },
        {
            "congress": 114,
            "introducedDate": "2016-04-12",
            "latestAction": {
                "actionDate": "2016-12-12",
                "actionTime": "16:50:35",
                "text": "Held at the desk."
            },
            "number": "2781",
            "policyArea": {
                "name": "Crime and Law Enforcement"
            },
            "title": "Federal Law Enforcement Training Centers Reform and Improvement Act of 2016",
            "type": "S",
            "url": "https://api.congress.gov/v3/bill/114/s/2781?format=json"
        },
        {
            "congress": 114,
            "introducedDate": "2016-07-12",
            "latestAction": {
                "actionDate": "2016-07-12",
                "text": "Read twice and referred to the Committee on Foreign Relations."
            },
            "number": "3160",
            "policyArea": {
                "name": "International Affairs"
            },
            "title": "Securing our Secrets Act",
            "type": "S",
            "url": "https://api.congress.gov/v3/bill/114/s/3160?format=json"
        },
        {
            "congress": 114,
            "introducedDate": "2016-09-28",
            "latestAction": {
                "actionDate": "2016-09-28",
                "text": "Read twice and referred to the Committee on Foreign Relations."
            },
            "number": "3443",
            "policyArea": {
                "name": "International Affairs"
            },
            "title": "A bill to prohibit the United States Government from making cash payments to state sponsors of terrorism, and for other purposes.",
            "type": "S",
            "url": "https://api.congress.gov/v3/bill/114/s/3443?format=json"
        },
        {
            "amendmentNumber": "5171",
            "congress": 114,
            "introducedDate": "2016-12-09",
            "latestAction": {
                "actionDate": "2016-12-10",
                "text": "Amendment SA 5171 agreed to in Senate by Unanimous Consent. (consideration: CR S7104-7105)"
            },
            "type": null,
            "url": "https://api.congress.gov/v3/amendment/114/samdt/5171?format=json"
        },
        {
            "amendmentNumber": "5170",
            "congress": 114,
            "introducedDate": "2016-12-10",
            "latestAction": {
                "actionDate": "2016-12-10",
                "text": "Amendment SA 5170 agreed to in Senate by Unanimous Consent. "
            },
            "type": null,
            "url": "https://api.congress.gov/v3/amendment/114/samdt/5170?format=json"
        },
        {
            "congress": 114,
            "introducedDate": "2016-09-14",
            "latestAction": {
                "actionDate": "2016-09-14",
                "text": "Read twice and referred to the Committee on Foreign Relations."
            },
            "number": "3329",
            "policyArea": {
                "name": "International Affairs"
            },
            "title": "JCPOA Enforcement Transparency Act of 2016",
            "type": "S",
            "url": "https://api.congress.gov/v3/bill/114/s/3329?format=json"
        },
        {
            "congress": 114,
            "introducedDate": "2016-06-20",
            "latestAction": {
                "actionDate": "2016-06-28",
                "text": "Placed on Senate Legislative Calendar under General Orders. Calendar No. 538."
            },
            "number": "501",
            "policyArea": {
                "name": "International Affairs"
            },
            "title": "A resolution expressing the sense of the Senate on Russian military aggression.",
            "type": "SRES",
            "url": "https://api.congress.gov/v3/bill/114/sres/501?format=json"
        },
        {
            "congress": 114,
            "introducedDate": "2016-04-14",
            "latestAction": {
                "actionDate": "2016-04-14",
                "text": "Submitted in the Senate, considered, and agreed to without amendment and with a preamble by Unanimous Consent. (consideration: CR S2107; text as passed Senate: CR S2103)"
            },
            "number": "429",
            "policyArea": {
                "name": "Education"
            },
            "title": "A resolution expressing support for the designation of the week of April 11 through April 15, 2016, as \"National Assistant Principals Week\".",
            "type": "SRES",
            "url": "https://api.congress.gov/v3/bill/114/sres/429?format=json"
        },
        {
            "amendmentNumber": "5062",
            "congress": 114,
            "introducedDate": "2016-09-13",
            "latestAction": null,
            "type": null,
            "url": "https://api.congress.gov/v3/amendment/114/samdt/5062?format=json"
        },
        {
            "amendmentNumber": "5009",
            "congress": 114,
            "introducedDate": "2016-09-12",
            "latestAction": null,
            "type": null,
            "url": "https://api.congress.gov/v3/amendment/114/samdt/5009?format=json"
        },
        {
            "congress": 114,
            "introducedDate": "2016-02-08",
            "latestAction": {
                "actionDate": "2016-02-08",
                "text": "Read twice and referred to the Committee on the Budget."
            },
            "number": "2513",
            "policyArea": {
                "name": "Economics and Public Finance"
            },
            "title": "Accurate Accounting Act of 2016",
            "type": "S",
            "url": "https://api.congress.gov/v3/bill/114/s/2513?format=json"
        },
        {
            "amendmentNumber": "4684",
            "congress": 114,
            "introducedDate": "2016-06-14",
            "latestAction": null,
            "type": null,
            "url": "https://api.congress.gov/v3/amendment/114/samdt/4684?format=json"
        },
        {
            "amendmentNumber": "4118",
            "congress": 114,
            "introducedDate": "2016-05-24",
            "latestAction": null,
            "type": null,
            "url": "https://api.congress.gov/v3/amendment/114/samdt/4118?format=json"
        },
        {
            "amendmentNumber": "4552",
            "congress": 114,
            "introducedDate": "2016-06-07",
            "latestAction": null,
            "type": null,
            "url": "https://api.congress.gov/v3/amendment/114/samdt/4552?format=json"
        },
        {
            "amendmentNumber": "4418",
            "congress": 114,
            "introducedDate": "2016-06-06",
            "latestAction": null,
            "type": null,
            "url": "https://api.congress.gov/v3/amendment/114/samdt/4418?format=json"
        },
        {
            "congress": 114,
            "introducedDate": "2016-03-01",
            "latestAction": {
                "actionDate": "2016-04-27",
                "text": "Resolution agreed to in Senate with an amendment and an amended preamble by Unanimous Consent. (text: CR S2500)"
            },
            "number": "383",
            "policyArea": {
                "name": "International Affairs"
            },
            "title": "A resolution recognizing the importance of the United States-Israel economic relationship and encouraging new areas of cooperation.",
            "type": "SRES",
            "url": "https://api.congress.gov/v3/bill/114/sres/383?format=json"
        },
        {
            "amendmentNumber": "4238",
            "congress": 114,
            "introducedDate": "2016-05-26",
            "latestAction": null,
            "type": null,
            "url": "https://api.congress.gov/v3/amendment/114/samdt/4238?format=json"
        },
        {
            "amendmentNumber": "4203",
            "congress": 114,
            "introducedDate": "2016-05-25",
            "latestAction": null,
            "type": null,
            "url": "https://api.congress.gov/v3/amendment/114/samdt/4203?format=json"
        },
        {
            "amendmentNumber": "4171",
            "congress": 114,
            "introducedDate": "2016-05-25",
            "latestAction": null,
            "type": null,
            "url": "https://api.congress.gov/v3/amendment/114/samdt/4171?format=json"
        },
        {
            "amendmentNumber": "4103",
            "congress": 114,
            "introducedDate": "2016-05-24",
            "latestAction": null,
            "type": null,
            "url": "https://api.congress.gov/v3/amendment/114/samdt/4103?format=json"
        },
        {
            "amendmentNumber": "4108",
            "congress": 114,
            "introducedDate": "2016-05-24",
            "latestAction": null,
            "type": null,
            "url": "https://api.congress.gov/v3/amendment/114/samdt/4108?format=json"
        },
        {
            "amendmentNumber": "4109",
            "congress": 114,
            "introducedDate": "2016-05-24",
            "latestAction": null,
            "type": null,
            "url": "https://api.congress.gov/v3/amendment/114/samdt/4109?format=json"
        },
        {
            "amendmentNumber": "4107",
            "congress": 114,
            "introducedDate": "2016-05-24",
            "latestAction": null,
            "type": null,
            "url": "https://api.congress.gov/v3/amendment/114/samdt/4107?format=json"
        },
        {
            "amendmentNumber": "4106",
            "congress": 114,
            "introducedDate": "2016-05-24",
            "latestAction": null,
            "type": null,
            "url": "https://api.congress.gov/v3/amendment/114/samdt/4106?format=json"
        },
        {
            "amendmentNumber": "4105",
            "congress": 114,
            "introducedDate": "2016-05-24",
            "latestAction": null,
            "type": null,
            "url": "https://api.congress.gov/v3/amendment/114/samdt/4105?format=json"
        },
        {
            "amendmentNumber": "4104",
            "congress": 114,
            "introducedDate": "2016-05-24",
            "latestAction": null,
            "type": null,
            "url": "https://api.congress.gov/v3/amendment/114/samdt/4104?format=json"
        },
        {
            "amendmentNumber": "4110",
            "congress": 114,
            "introducedDate": "2016-05-24",
            "latestAction": null,
            "type": null,
            "url": "https://api.congress.gov/v3/amendment/114/samdt/4110?format=json"
        },
        {
            "amendmentNumber": "4102",
            "congress": 114,
            "introducedDate": "2016-05-24",
            "latestAction": null,
            "type": null,
            "url": "https://api.congress.gov/v3/amendment/114/samdt/4102?format=json"
        },
        {
            "amendmentNumber": "4028",
            "congress": 114,
            "introducedDate": "2016-05-18",
            "latestAction": null,
            "type": null,
            "url": "https://api.congress.gov/v3/amendment/114/samdt/4028?format=json"
        },
        {
            "amendmentNumber": "3933",
            "congress": 114,
            "introducedDate": "2016-05-17",
            "latestAction": {
                "actionDate": "2016-05-18",
                "text": "Amendment SA 3933 agreed to in Senate by Voice Vote. "
            },
            "type": null,
            "url": "https://api.congress.gov/v3/amendment/114/samdt/3933?format=json"
        },
        {
            "amendmentNumber": "3943",
            "congress": 114,
            "introducedDate": "2016-05-17",
            "latestAction": null,
            "type": null,
            "url": "https://api.congress.gov/v3/amendment/114/samdt/3943?format=json"
        },
        {
            "amendmentNumber": "3942",
            "congress": 114,
            "introducedDate": "2016-05-17",
            "latestAction": null,
            "type": null,
            "url": "https://api.congress.gov/v3/amendment/114/samdt/3942?format=json"
        },
        {
            "amendmentNumber": "3883",
            "congress": 114,
            "introducedDate": "2016-04-27",
            "latestAction": {
                "actionDate": "2016-04-27",
                "text": "Amendment SA 3883 agreed to in Senate by Unanimous Consent. "
            },
            "type": null,
            "url": "https://api.congress.gov/v3/amendment/114/samdt/3883?format=json"
        },
        {
            "amendmentNumber": "3882",
            "congress": 114,
            "introducedDate": "2016-04-27",
            "latestAction": {
                "actionDate": "2016-04-27",
                "text": "Amendment SA 3882 agreed to in Senate by Unanimous Consent. "
            },
            "type": null,
            "url": "https://api.congress.gov/v3/amendment/114/samdt/3882?format=json"
        },
        {
            "amendmentNumber": "3857",
            "congress": 114,
            "introducedDate": "2016-04-21",
            "latestAction": null,
            "type": null,
            "url": "https://api.congress.gov/v3/amendment/114/samdt/3857?format=json"
        },
        {
            "congress": 114,
            "introducedDate": "2015-05-19",
            "latestAction": {
                "actionDate": "2015-05-19",
                "text": "Read twice and referred to the Committee on Banking, Housing, and Urban Affairs."
            },
            "number": "1383",
            "policyArea": {
                "name": "Finance and Financial Sector"
            },
            "title": "Consumer Financial Protection Bureau Accountability Act of 2015",
            "type": "S",
            "url": "https://api.congress.gov/v3/bill/114/s/1383?format=json"
        },
        {
            "amendmentNumber": "3784",
            "congress": 114,
            "introducedDate": "2016-04-13",
            "latestAction": null,
            "type": null,
            "url": "https://api.congress.gov/v3/amendment/114/samdt/3784?format=json"
        },
        {
            "amendmentNumber": "3293",
            "congress": 114,
            "introducedDate": "2016-02-08",
            "latestAction": null,
            "type": null,
            "url": "https://api.congress.gov/v3/amendment/114/samdt/3293?format=json"
        },
        {
            "amendmentNumber": "3294",
            "congress": 114,
            "introducedDate": "2016-02-08",
            "latestAction": null,
            "type": null,
            "url": "https://api.congress.gov/v3/amendment/114/samdt/3294?format=json"
        },
        {
            "congress": 114,
            "introducedDate": "2015-07-09",
            "latestAction": {
                "actionDate": "2015-07-16",
                "text": "Committee on Agriculture, Nutrition, and Forestry. Hearings held."
            },
            "number": "1744",
            "policyArea": {
                "name": "Public Lands and Natural Resources"
            },
            "title": "Chattahoochee-Oconee National Forest Land Adjustment Act of 2015",
            "type": "S",
            "url": "https://api.congress.gov/v3/bill/114/s/1744?format=json"
        },
        {
            "congress": 114,
            "introducedDate": "2015-06-08",
            "latestAction": {
                "actionDate": "2015-06-08",
                "text": "Read twice and referred to the Committee on Foreign Relations."
            },
            "number": "1527",
            "policyArea": {
                "name": "International Affairs"
            },
            "title": "Improving Department of State Oversight Act of 2015",
            "type": "S",
            "url": "https://api.congress.gov/v3/bill/114/s/1527?format=json"
        },
        {
            "amendmentNumber": "1841",
            "congress": 114,
            "introducedDate": "2015-06-08",
            "latestAction": null,
            "type": null,
            "url": "https://api.congress.gov/v3/amendment/114/samdt/1841?format=json"
        },
        {
            "amendmentNumber": "1861",
            "congress": 114,
            "introducedDate": "2015-06-08",
            "latestAction": null,
            "type": null,
            "url": "https://api.congress.gov/v3/amendment/114/samdt/1861?format=json"
        },
        {
            "amendmentNumber": "1842",
            "congress": 114,
            "introducedDate": "2015-06-08",
            "latestAction": null,
            "type": null,
            "url": "https://api.congress.gov/v3/amendment/114/samdt/1842?format=json"
        },
        {
            "congress": 114,
            "introducedDate": "2015-06-24",
            "latestAction": {
                "actionDate": "2015-06-24",
                "text": "Read twice and referred to the Committee on Agriculture, Nutrition, and Forestry."
            },
            "number": "1655",
            "policyArea": {
                "name": "Agriculture and Food"
            },
            "title": "A bill to amend the United States Cotton Futures Act to exclude certain cotton futures contracts from coverage under that Act.",
            "type": "S",
            "url": "https://api.congress.gov/v3/bill/114/s/1655?format=json"
        },
        {
            "amendmentNumber": "2324",
            "congress": 114,
            "introducedDate": "2015-07-23",
            "latestAction": null,
            "type": null,
            "url": "https://api.congress.gov/v3/amendment/114/samdt/2324?format=json"
        }
    ]
}