{
    "pagination": {
        "count": 107
    },
    "request": {
        "bioguideId": "l000589",
        "contentType": "application/json",
        "format": "json"
    },
    "sponsoredLegislation": [
        {
            "congress": 118,
            "introducedDate": "2024-07-09",
            "latestAction": {
                "actionDate": "2024-07-09",
                "text": "Referred to the House Committee on Energy and Commerce."
            },
            "number": "8968",
            "policyArea": {
                "name": null
            },
            "title": "To amend the Federal Power Act to require annual reports on generation and load capacity by Regional Transmission Organizations and Independent System Operators, to establish reliability markets, and for other purposes.",
            "type": "HR",
            "url": "https://api.congress.gov/v3/bill/118/hr/8968?format=json"
        },
        {
            "congress": 118,
            "introducedDate": "2024-05-01",
            "latestAction": {
                "actionDate": "2024-05-01",
                "text": "Referred to the House Committee on the Judiciary."
            },
            "number": "8211",
            "policyArea": {
                "name": null
            },
            "title": "Fixing Administrations Unethical Corrupt Influence Act",
            "type": "HR",
            "url": "https://api.congress.gov/v3/bill/118/hr/8211?format=json"
        },
        {
            "congress": 118,
            "introducedDate": "2024-02-26",
            "latestAction": {
                "actionDate": "2024-02-26",
                "text": "Referred to the Subcommittee on Border Security and Enforcement."
            },
            "number": "1031",
            "policyArea": {
                "name": "Immigration"
            },
            "title": "Expressing the sense of the House of Representatives that the situation at the southern border is an invasion.",
            "type": "HRES",
            "url": "https://api.congress.gov/v3/bill/118/hres/1031?format=json"
        },
        {
            "congress": 118,
            "introducedDate": "2023-11-09",
            "latestAction": {
                "actionDate": "2023-11-10",
                "text": "Referred to the Subcommittee on Energy, Climate and Grid Security."
            },
            "number": "6346",
            "policyArea": {
                "name": "Energy"
            },
            "title": "Advancing Nuclear Regulatory Oversight Act",
            "type": "HR",
            "url": "https://api.congress.gov/v3/bill/118/hr/6346?format=json"
        },
        {
            "congress": 118,
            "introducedDate": "2023-11-02",
            "latestAction": {
                "actionDate": "2024-05-08",
                "text": "Received in the Senate and Read twice and referred to the Committee on Energy and Natural Resources."
            },
            "number": "6192",
            "policyArea": {
                "name": "Energy"
            },
            "title": "Hands Off Our Home Appliances Act",
            "type": "HR",
            "url": "https://api.congress.gov/v3/bill/118/hr/6192?format=json"
        },
        {
            "congress": 118,
            "introducedDate": "2023-09-14",
            "latestAction": {
                "actionDate": "2023-09-15",
                "text": "Referred to the Subcommittee on Innovation, Data, and Commerce."
            },
            "number": "5495",
            "policyArea": {
                "name": "Commerce"
            },
            "title": "Political BIAS Emails Act of 2023",
            "type": "HR",
            "url": "https://api.congress.gov/v3/bill/118/hr/5495?format=json"
        },
        {
            "congress": 118,
            "introducedDate": "2023-09-05",
            "latestAction": {
                "actionDate": "2023-09-05",
                "text": "Referred to the House Committee on the Judiciary."
            },
            "number": "5347",
            "policyArea": {
                "name": "Crime and Law Enforcement"
            },
            "title": "Protecting Our Kids Act",
            "type": "HR",
            "url": "https://api.congress.gov/v3/bill/118/hr/5347?format=json"
        },
        {
            "congress": 118,
            "introducedDate": "2023-05-05",
            "latestAction": {
                "actionDate": "2023-05-05",
                "text": "Referred to the House Committee on Foreign Affairs."
            },
            "number": "3101",
            "policyArea": {
                "name": "International Affairs"
            },
            "title": "TPA Act",
            "type": "HR",
            "url": "https://api.congress.gov/v3/bill/118/hr/3101?format=json"
        },
        {
            "congress": 118,
            "introducedDate": "2023-07-25",
            "latestAction": {
                "actionDate": "2023-07-28",
                "text": "Referred to the Subcommittee on Health."
            },
            "number": "4878",
            "policyArea": {
                "name": "Health"
            },
            "title": "Enabling More of the Physical and Occupational Workforce to Engage in Rehabilitation Act",
            "type": "HR",
            "url": "https://api.congress.gov/v3/bill/118/hr/4878?format=json"
        },
        {
            "congress": 118,
            "introducedDate": "2023-06-30",
            "latestAction": {
                "actionDate": "2023-07-03",
                "text": "Referred to the Subcommittee on Highways and Transit."
            },
            "number": "4427",
            "policyArea": {
                "name": "Transportation and Public Works"
            },
            "title": "Red Light Act",
            "type": "HR",
            "url": "https://api.congress.gov/v3/bill/118/hr/4427?format=json"
        },
        {
            "congress": 118,
            "introducedDate": "2023-06-27",
            "latestAction": {
                "actionDate": "2023-06-30",
                "text": "Referred to the Subcommittee on Energy, Climate and Grid Security."
            },
            "number": "4378",
            "policyArea": {
                "name": "Energy"
            },
            "title": "Strengthening Manufactured Appliance Requirements towards Thoughtful Energy Efficiency Standards Act",
            "type": "HR",
            "url": "https://api.congress.gov/v3/bill/118/hr/4378?format=json"
        },
        {
            "congress": 118,
            "introducedDate": "2023-06-06",
            "latestAction": {
                "actionDate": "2023-06-06",
                "text": "Referred to the House Committee on Foreign Affairs."
            },
            "number": "472",
            "policyArea": {
                "name": "International Affairs"
            },
            "title": "Expressing the sense of the House of Representatives regarding United States policy recognizing the Semele Massacre of 1933.",
            "type": "HRES",
            "url": "https://api.congress.gov/v3/bill/118/hres/472?format=json"
        },
        {
            "congress": 118,
            "introducedDate": "2023-03-17",
            "latestAction": {
                "actionDate": "2023-06-15",
                "text": "Received in the Senate and Read twice and referred to the Committee on Energy and Natural Resources."
            },
            "number": "1640",
            "policyArea": {
                "name": "Energy"
            },
            "title": "Save Our Gas Stoves Act",
            "type": "HR",
            "url": "https://api.congress.gov/v3/bill/118/hr/1640?format=json"
        },
        {
            "congress": 118,
            "introducedDate": "2023-05-25",
            "latestAction": {
                "actionDate": "2023-05-25",
                "text": "Referred to the House Committee on Ways and Means."
            },
            "number": "3708",
            "policyArea": {
                "name": "Taxation"
            },
            "title": "Tax Deadline Simplification Act",
            "type": "HR",
            "url": "https://api.congress.gov/v3/bill/118/hr/3708?format=json"
        },
        {
            "congress": 118,
            "introducedDate": "2023-05-18",
            "latestAction": {
                "actionDate": "2023-05-18",
                "text": "Referred to the House Committee on Oversight and Accountability."
            },
            "number": "3515",
            "policyArea": {
                "name": "Government Operations and Politics"
            },
            "title": "Stop the Outlay of Payments Act",
            "type": "HR",
            "url": "https://api.congress.gov/v3/bill/118/hr/3515?format=json"
        },
        {
            "congress": 118,
            "introducedDate": "2023-05-18",
            "latestAction": {
                "actionDate": "2023-06-09",
                "text": "Referred to the Subcommittee on Energy and Mineral Resources."
            },
            "number": "3514",
            "policyArea": {
                "name": "Energy"
            },
            "title": "Domestic USA Act",
            "type": "HR",
            "url": "https://api.congress.gov/v3/bill/118/hr/3514?format=json"
        },
        {
            "congress": 118,
            "introducedDate": "2023-05-15",
            "latestAction": {
                "actionDate": "2023-05-19",
                "text": "Referred to the Subcommittee on Communications and Technology."
            },
            "number": "3330",
            "policyArea": {
                "name": "Science, Technology, Communications"
            },
            "title": "CABLE Expansion Act",
            "type": "HR",
            "url": "https://api.congress.gov/v3/bill/118/hr/3330?format=json"
        },
        {
            "congress": 118,
            "introducedDate": "2023-05-11",
            "latestAction": {
                "actionDate": "2023-05-12",
                "text": "Referred to the Subcommittee on Communications and Technology."
            },
            "number": "3241",
            "policyArea": {
                "name": "Science, Technology, Communications"
            },
            "title": "Amateur Radio Communications Improvement Act",
            "type": "HR",
            "url": "https://api.congress.gov/v3/bill/118/hr/3241?format=json"
        },
        {
            "congress": 118,
            "introducedDate": "2023-02-02",
            "latestAction": {
                "actionDate": "2023-05-11",
                "text": "Placed on the Union Calendar, Calendar No. 36."
            },
            "number": "801",
            "policyArea": {
                "name": "Health"
            },
            "title": "Securing the Border for Public Health Act of 2023",
            "type": "HR",
            "url": "https://api.congress.gov/v3/bill/118/hr/801?format=json"
        },
        {
            "congress": 118,
            "introducedDate": "2023-05-05",
            "latestAction": {
                "actionDate": "2023-05-05",
                "text": "Referred to the Subcommittee on Transportation and Maritime Security."
            },
            "number": "3102",
            "policyArea": {
                "name": "Transportation and Public Works"
            },
            "title": "TSA Act",
            "type": "HR",
            "url": "https://api.congress.gov/v3/bill/118/hr/3102?format=json"
        },
        {
            "congress": 118,
            "introducedDate": "2023-04-27",
            "latestAction": {
                "actionDate": "2023-04-28",
                "text": "Referred to the Subcommittee on Energy, Climate and Grid Security."
            },
            "number": "2962",
            "policyArea": {
                "name": "Energy"
            },
            "title": "Hydrogen Permitting Simplification Act",
            "type": "HR",
            "url": "https://api.congress.gov/v3/bill/118/hr/2962?format=json"
        },
        {
            "congress": 118,
            "introducedDate": "2023-04-18",
            "latestAction": {
                "actionDate": "2023-04-18",
                "text": "Referred to the House Committee on Oversight and Accountability."
            },
            "number": "305",
            "policyArea": {
                "name": "Science, Technology, Communications"
            },
            "title": "Expressing support for the designation of April 18, 2024, as \"National Amateur Radio Operators Day\".",
            "type": "HRES",
            "url": "https://api.congress.gov/v3/bill/118/hres/305?format=json"
        },
        {
            "congress": 118,
            "introducedDate": "2023-02-07",
            "latestAction": {
                "actionDate": "2023-03-23",
                "text": "Reported by the Committee on Energy and Commerce. H. Rept. 118-25, Part I."
            },
            "number": "14",
            "policyArea": {
                "name": "Energy"
            },
            "title": "Expressing disapproval of the revocation by President Biden of the Presidential permit for the Keystone XL pipeline.",
            "type": "HCONRES",
            "url": "https://api.congress.gov/v3/bill/118/hconres/14?format=json"
        },
        {
            "congress": 118,
            "introducedDate": "2023-03-08",
            "latestAction": {
                "actionDate": "2023-03-08",
                "text": "Referred to the Subcommittee on Border Security and Enforcement."
            },
            "number": "1464",
            "policyArea": {
                "name": "Immigration"
            },
            "title": "EXIT Act of 2023",
            "type": "HR",
            "url": "https://api.congress.gov/v3/bill/118/hr/1464?format=json"
        },
        {
            "congress": 118,
            "introducedDate": "2023-03-01",
            "latestAction": {
                "actionDate": "2023-03-01",
                "text": "Referred to the House Committee on the Judiciary."
            },
            "number": "38",
            "policyArea": {
                "name": "Families"
            },
            "title": "Proposing an amendment to the Constitution of the United States relating to parental rights.",
            "type": "HJRES",
            "url": "https://api.congress.gov/v3/bill/118/hjres/38?format=json"
        },
        {
            "congress": 118,
            "introducedDate": "2023-02-24",
            "latestAction": {
                "actionDate": "2023-02-24",
                "text": "Referred to the House Committee on Education and the Workforce."
            },
            "number": "1185",
            "policyArea": {
                "name": "Education"
            },
            "title": "Make Education Local Act of 2023",
            "type": "HR",
            "url": "https://api.congress.gov/v3/bill/118/hr/1185?format=json"
        },
        {
            "congress": 118,
            "introducedDate": "2023-02-17",
            "latestAction": {
                "actionDate": "2023-04-28",
                "text": "Ordered to be Reported by Voice Vote."
            },
            "number": "1089",
            "policyArea": {
                "name": "Armed Forces and National Security"
            },
            "title": "VA Medical Center Facility Transparency Act",
            "type": "HR",
            "url": "https://api.congress.gov/v3/bill/118/hr/1089?format=json"
        },
        {
            "congress": 118,
            "introducedDate": "2023-02-14",
            "latestAction": {
                "actionDate": "2023-02-14",
                "text": "Referred to the House Committee on the Judiciary."
            },
            "number": "1016",
            "policyArea": {
                "name": "Immigration"
            },
            "title": "Stop China\u2019s IP Theft Act",
            "type": "HR",
            "url": "https://api.congress.gov/v3/bill/118/hr/1016?format=json"
        },
        {
            "congress": 118,
            "introducedDate": "2023-02-09",
            "latestAction": {
                "actionDate": "2023-02-09",
                "text": "Referred to the House Committee on the Judiciary."
            },
            "number": "115",
            "policyArea": {
                "name": "Civil Rights and Liberties, Minority Issues"
            },
            "title": "Establishing a Women's Bill of Rights to reaffirm legal protections afforded to women under Federal law.",
            "type": "HRES",
            "url": "https://api.congress.gov/v3/bill/118/hres/115?format=json"
        },
        {
            "congress": 118,
            "introducedDate": "2023-02-08",
            "latestAction": {
                "actionDate": "2023-02-08",
                "text": "Referred to the House Committee on the Judiciary."
            },
            "number": "876",
            "policyArea": {
                "name": "Immigration"
            },
            "title": "Border Crisis Prevention Act of 2023",
            "type": "HR",
            "url": "https://api.congress.gov/v3/bill/118/hr/876?format=json"
        },
        {
            "congress": 118,
            "introducedDate": "2023-02-07",
            "latestAction": {
                "actionDate": "2023-02-07",
                "text": "Referred to the House Committee on the Judiciary."
            },
            "number": "862",
            "policyArea": {
                "name": "Crime and Law Enforcement"
            },
            "title": "Dismemberment Abortion Ban Act of 2023",
            "type": "HR",
            "url": "https://api.congress.gov/v3/bill/118/hr/862?format=json"
        },
        {
            "congress": 118,
            "introducedDate": "2023-01-30",
            "latestAction": {
                "actionDate": "2023-02-10",
                "text": "Referred to the Subcommittee on Health."
            },
            "number": "73",
            "policyArea": {
                "name": "Social Welfare"
            },
            "title": "Expressing the sense of the House of Representatives that Medicare and Social Security provide an essential benefit for current enrollees and should be strengthened for future generations.",
            "type": "HRES",
            "url": "https://api.congress.gov/v3/bill/118/hres/73?format=json"
        },
        {
            "congress": 117,
            "introducedDate": "2022-12-21",
            "latestAction": {
                "actionDate": "2022-12-21",
                "text": "Referred to the House Committee on Energy and Commerce."
            },
            "number": "9664",
            "policyArea": {
                "name": "Science, Technology, Communications"
            },
            "title": "Amateur Radio Communications Improvement Act",
            "type": "HR",
            "url": "https://api.congress.gov/v3/bill/117/hr/9664?format=json"
        },
        {
            "congress": 117,
            "introducedDate": "2022-10-18",
            "latestAction": {
                "actionDate": "2022-10-18",
                "text": "Referred to the House Committee on the Judiciary."
            },
            "number": "99",
            "policyArea": {
                "name": "Families"
            },
            "title": "Proposing an amendment to the Constitution of the United States relating to parental rights.",
            "type": "HJRES",
            "url": "https://api.congress.gov/v3/bill/117/hjres/99?format=json"
        },
        {
            "congress": 117,
            "introducedDate": "2022-09-21",
            "latestAction": {
                "actionDate": "2022-09-21",
                "text": "Referred to the Subcommittee on Western Hemisphere, Civilian Security, Migration and International Economic Policy."
            },
            "number": "8940",
            "policyArea": {
                "name": "International Affairs"
            },
            "title": "Protecting our Border, Protecting our Water Act",
            "type": "HR",
            "url": "https://api.congress.gov/v3/bill/117/hr/8940?format=json"
        },
        {
            "congress": 117,
            "introducedDate": "2022-07-26",
            "latestAction": {
                "actionDate": "2022-09-29",
                "text": "Placed on the House Calendar, Calendar No. 134."
            },
            "number": "1275",
            "policyArea": {
                "name": "Health"
            },
            "title": "Of inquiry directing the President to provide certain documents in the President's possession to the House of Representatives relating to communications by staff of the White House regarding the implications of revoking the public health orders commonly referred to as \"title 42\".",
            "type": "HRES",
            "url": "https://api.congress.gov/v3/bill/117/hres/1275?format=json"
        },
        {
            "congress": 117,
            "introducedDate": "2022-07-21",
            "latestAction": {
                "actionDate": "2022-07-21",
                "text": "Referred to the House Committee on Energy and Commerce."
            },
            "number": "8471",
            "policyArea": {
                "name": "Energy"
            },
            "title": "Advancing Nuclear Regulatory Oversight Act",
            "type": "HR",
            "url": "https://api.congress.gov/v3/bill/117/hr/8471?format=json"
        },
        {
            "congress": 117,
            "introducedDate": "2022-07-15",
            "latestAction": {
                "actionDate": "2022-07-15",
                "text": "Referred to the House Committee on Energy and Commerce."
            },
            "number": "8402",
            "policyArea": {
                "name": "Energy"
            },
            "title": "DOE Appliance and Equipment Standards Reform and Consumer Protection Act",
            "type": "HR",
            "url": "https://api.congress.gov/v3/bill/117/hr/8402?format=json"
        },
        {
            "congress": 117,
            "introducedDate": "2022-07-13",
            "latestAction": {
                "actionDate": "2022-07-13",
                "text": "Referred to the House Committee on Education and Labor."
            },
            "number": "8364",
            "policyArea": {
                "name": "Agriculture and Food"
            },
            "title": "Protecting Kids, Protecting Lunches Act of 2022",
            "type": "HR",
            "url": "https://api.congress.gov/v3/bill/117/hr/8364?format=json"
        },
        {
            "congress": 117,
            "introducedDate": "2022-06-21",
            "latestAction": {
                "actionDate": "2022-06-21",
                "text": "Referred to the House Committee on Energy and Commerce."
            },
            "number": "8160",
            "policyArea": {
                "name": "Commerce"
            },
            "title": "Political BIAS Emails Act of 2022",
            "type": "HR",
            "url": "https://api.congress.gov/v3/bill/117/hr/8160?format=json"
        },
        {
            "congress": 117,
            "introducedDate": "2022-06-16",
            "latestAction": {
                "actionDate": "2022-06-16",
                "text": "Referred to the Committee on Energy and Commerce, and in addition to the Committee on Natural Resources, for a period to be subsequently determined by the Speaker, in each case for consideration of such provisions as fall within the jurisdiction of the committee concerned."
            },
            "number": "8117",
            "policyArea": {
                "name": "Energy"
            },
            "title": "Hydrogen Permitting Simplification Act",
            "type": "HR",
            "url": "https://api.congress.gov/v3/bill/117/hr/8117?format=json"
        },
        {
            "congress": 117,
            "introducedDate": "2022-06-03",
            "latestAction": {
                "actionDate": "2022-06-03",
                "text": "Referred to the House Committee on Natural Resources."
            },
            "number": "7938",
            "policyArea": {
                "name": "Energy"
            },
            "title": "Domestic USA Act",
            "type": "HR",
            "url": "https://api.congress.gov/v3/bill/117/hr/7938?format=json"
        },
        {
            "congress": 117,
            "introducedDate": "2022-05-19",
            "latestAction": {
                "actionDate": "2022-11-01",
                "text": "Referred to the Subcommittee on the Constitution, Civil Rights, and Civil Liberties."
            },
            "number": "1136",
            "policyArea": {
                "name": "Civil Rights and Liberties, Minority Issues"
            },
            "title": "Establishing a Women's Bill of Rights to reaffirm legal protections afforded to women under Federal law.",
            "type": "HRES",
            "url": "https://api.congress.gov/v3/bill/117/hres/1136?format=json"
        },
        {
            "congress": 117,
            "introducedDate": "2022-05-11",
            "latestAction": {
                "actionDate": "2022-05-11",
                "text": "Referred to the House Committee on Natural Resources."
            },
            "number": "7722",
            "policyArea": {
                "name": "Environmental Protection"
            },
            "title": "Unleashing American Resources Act",
            "type": "HR",
            "url": "https://api.congress.gov/v3/bill/117/hr/7722?format=json"
        },
        {
            "congress": 117,
            "introducedDate": "2022-04-27",
            "latestAction": {
                "actionDate": "2022-04-27",
                "text": "Referred to the House Committee on Foreign Affairs."
            },
            "number": "7599",
            "policyArea": {
                "name": "Immigration"
            },
            "title": "TPA Act",
            "type": "HR",
            "url": "https://api.congress.gov/v3/bill/117/hr/7599?format=json"
        },
        {
            "congress": 117,
            "introducedDate": "2022-04-27",
            "latestAction": {
                "actionDate": "2022-04-28",
                "text": "Referred to the Subcommittee on Transportation and Maritime Security."
            },
            "number": "7600",
            "policyArea": {
                "name": "Transportation and Public Works"
            },
            "title": "TSA Act",
            "type": "HR",
            "url": "https://api.congress.gov/v3/bill/117/hr/7600?format=json"
        },
        {
            "congress": 117,
            "introducedDate": "2022-04-26",
            "latestAction": {
                "actionDate": "2022-04-27",
                "text": "Referred to the Subcommittee on Health."
            },
            "number": "7586",
            "policyArea": {
                "name": "Health"
            },
            "title": "Securing the Border for Public Health Act of 2022",
            "type": "HR",
            "url": "https://api.congress.gov/v3/bill/117/hr/7586?format=json"
        },
        {
            "congress": 117,
            "introducedDate": "2022-03-18",
            "latestAction": {
                "actionDate": "2022-03-21",
                "text": "Referred to the Subcommittee on Consumer Protection and Commerce."
            },
            "number": "7162",
            "policyArea": {
                "name": "Science, Technology, Communications"
            },
            "title": "Don\u2019t Mess with Arizona Act",
            "type": "HR",
            "url": "https://api.congress.gov/v3/bill/117/hr/7162?format=json"
        },
        {
            "congress": 117,
            "introducedDate": "2022-02-18",
            "latestAction": {
                "actionDate": "2022-02-21",
                "text": "Referred to the Subcommittee on Energy."
            },
            "number": "6780",
            "policyArea": {
                "name": "Energy"
            },
            "title": "Advancing Hydrogen Power Research and Development Act",
            "type": "HR",
            "url": "https://api.congress.gov/v3/bill/117/hr/6780?format=json"
        },
        {
            "congress": 117,
            "introducedDate": "2021-12-20",
            "latestAction": {
                "actionDate": "2021-12-21",
                "text": "Referred to the Subcommittee on Health."
            },
            "number": "6333",
            "policyArea": {
                "name": "Health"
            },
            "title": "To prohibit the use of Federal funds to establish, maintain, or support any national database identifying individuals as having received or not received any vaccine.",
            "type": "HR",
            "url": "https://api.congress.gov/v3/bill/117/hr/6333?format=json"
        },
        {
            "congress": 117,
            "introducedDate": "2021-11-03",
            "latestAction": {
                "actionDate": "2022-11-01",
                "text": "Referred to the Subcommittee on Immigration and Citizenship."
            },
            "number": "768",
            "policyArea": {
                "name": "Immigration"
            },
            "title": "Condemning the Biden administration for incentivizing illegal immigration by compensating illegal migrants who cross the southern border illegally and for stopping construction on the southern border wall and failing to enforce Migrant Protection Protocols.",
            "type": "HRES",
            "url": "https://api.congress.gov/v3/bill/117/hres/768?format=json"
        },
        {
            "congress": 117,
            "introducedDate": "2021-11-02",
            "latestAction": {
                "actionDate": "2021-11-03",
                "text": "Referred to the Subcommittee on Health."
            },
            "number": "5820",
            "policyArea": {
                "name": "Health"
            },
            "title": "To prohibit the use of certain Federal funds to facilitate mandatory vaccination programs, and for other purposes.",
            "type": "HR",
            "url": "https://api.congress.gov/v3/bill/117/hr/5820?format=json"
        },
        {
            "congress": 117,
            "introducedDate": "2021-08-20",
            "latestAction": {
                "actionDate": "2021-08-23",
                "text": "Referred to the Subcommittee on Highways and Transit."
            },
            "number": "5065",
            "policyArea": {
                "name": "Transportation and Public Works"
            },
            "title": "Red Light Act",
            "type": "HR",
            "url": "https://api.congress.gov/v3/bill/117/hr/5065?format=json"
        },
        {
            "congress": 117,
            "introducedDate": "2021-08-10",
            "latestAction": {
                "actionDate": "2021-08-16",
                "text": "Referred to the Subcommittee on Health."
            },
            "number": "584",
            "policyArea": {
                "name": "Health"
            },
            "title": "Highlighting the importance of Title 42 Public Health Authorities.",
            "type": "HRES",
            "url": "https://api.congress.gov/v3/bill/117/hres/584?format=json"
        },
        {
            "amendmentNumber": "84",
            "congress": 117,
            "introducedDate": "2021-07-27",
            "latestAction": {
                "actionDate": "2021-07-27",
                "actionTime": "21:42:47",
                "text": "On agreeing to the Lesko amendment (A006) Failed by the Yeas and Nays: 147 - 276 (Roll no. 229). "
            },
            "type": null,
            "url": "https://api.congress.gov/v3/amendment/117/hamdt/84?format=json"
        },
        {
            "congress": 117,
            "introducedDate": "2021-06-30",
            "latestAction": {
                "actionDate": "2021-06-30",
                "text": "Referred to the House Committee on Science, Space, and Technology."
            },
            "number": "515",
            "policyArea": {
                "name": "Science, Technology, Communications"
            },
            "title": "Honoring NASA suppliers for the work they are doing on the Artemis missions.",
            "type": "HRES",
            "url": "https://api.congress.gov/v3/bill/117/hres/515?format=json"
        },
        {
            "congress": 117,
            "introducedDate": "2021-06-29",
            "latestAction": {
                "actionDate": "2021-06-29",
                "text": "Referred to the House Committee on Ways and Means."
            },
            "number": "4214",
            "policyArea": {
                "name": "Taxation"
            },
            "title": "Tax Deadline Simplification Act",
            "type": "HR",
            "url": "https://api.congress.gov/v3/bill/117/hr/4214?format=json"
        },
        {
            "congress": 117,
            "introducedDate": "2021-06-22",
            "latestAction": {
                "actionDate": "2021-06-22",
                "text": "Referred to the House Committee on Oversight and Reform."
            },
            "number": "4056",
            "policyArea": {
                "name": "Government Operations and Politics"
            },
            "title": "Stop the Outlay of Payments Act",
            "type": "HR",
            "url": "https://api.congress.gov/v3/bill/117/hr/4056?format=json"
        },
        {
            "congress": 117,
            "introducedDate": "2021-06-17",
            "latestAction": {
                "actionDate": "2021-06-17",
                "text": "Referred to the Committee on Foreign Affairs, and in addition to the Committee on Education and Labor, for a period to be subsequently determined by the Speaker, in each case for consideration of such provisions as fall within the jurisdiction of the committee concerned."
            },
            "number": "4004",
            "policyArea": {
                "name": "Education"
            },
            "title": "No Student Exchanges with North Korean Schools Act",
            "type": "HR",
            "url": "https://api.congress.gov/v3/bill/117/hr/4004?format=json"
        },
        {
            "congress": 117,
            "introducedDate": "2021-05-14",
            "latestAction": {
                "actionDate": "2021-05-17",
                "text": "Referred to the Subcommittee on Consumer Protection and Commerce."
            },
            "number": "3253",
            "policyArea": {
                "name": "Transportation and Public Works"
            },
            "title": "Impaired Driving Study Act of 2021",
            "type": "HR",
            "url": "https://api.congress.gov/v3/bill/117/hr/3253?format=json"
        },
        {
            "congress": 117,
            "introducedDate": "2021-04-30",
            "latestAction": {
                "actionDate": "2021-11-09",
                "text": "Referred to the Subcommittee on Antitrust, Commercial, and Administrative Law."
            },
            "number": "2906",
            "policyArea": {
                "name": "Law"
            },
            "title": "Carrie\u2019s Law",
            "type": "HR",
            "url": "https://api.congress.gov/v3/bill/117/hr/2906?format=json"
        },
        {
            "congress": 117,
            "introducedDate": "2021-04-19",
            "latestAction": {
                "actionDate": "2021-04-19",
                "text": "Referred to the House Committee on Oversight and Reform."
            },
            "number": "329",
            "policyArea": {
                "name": "Science, Technology, Communications"
            },
            "title": "Expressing support for the designation of April 18, 2022, as \"National Amateur Radio Operators Day\".",
            "type": "HRES",
            "url": "https://api.congress.gov/v3/bill/117/hres/329?format=json"
        },
        {
            "amendmentNumber": "21",
            "congress": 117,
            "introducedDate": "2021-03-03",
            "latestAction": {
                "actionDate": "2021-03-03",
                "actionTime": "10:48:50",
                "text": "On agreeing to the Lesko amendment (A007) Failed by voice vote. "
            },
            "type": null,
            "url": "https://api.congress.gov/v3/amendment/117/hamdt/21?format=json"
        },
        {
            "congress": 117,
            "introducedDate": "2021-02-22",
            "latestAction": {
                "actionDate": "2021-04-02",
                "text": "Referred to the Subcommittee on Middle East, North Africa and Global Counterterrorism."
            },
            "number": "143",
            "policyArea": {
                "name": "International Affairs"
            },
            "title": "Expressing the sense of the House of Representatives regarding United States policy recognizing the Semele Massacre of 1933.",
            "type": "HRES",
            "url": "https://api.congress.gov/v3/bill/117/hres/143?format=json"
        },
        {
            "congress": 117,
            "introducedDate": "2021-02-15",
            "latestAction": {
                "actionDate": "2021-02-16",
                "text": "Referred to the Subcommittee on Communications and Technology."
            },
            "number": "1061",
            "policyArea": {
                "name": "Science, Technology, Communications"
            },
            "title": "CABLE Expansion Act",
            "type": "HR",
            "url": "https://api.congress.gov/v3/bill/117/hr/1061?format=json"
        },
        {
            "congress": 117,
            "introducedDate": "2021-02-04",
            "latestAction": {
                "actionDate": "2021-04-23",
                "text": "Referred to the Subcommittee on Immigration and Citizenship."
            },
            "number": "824",
            "policyArea": {
                "name": "Immigration"
            },
            "title": "Stop China\u2019s IP Theft Act",
            "type": "HR",
            "url": "https://api.congress.gov/v3/bill/117/hr/824?format=json"
        },
        {
            "congress": 117,
            "introducedDate": "2021-02-03",
            "latestAction": {
                "actionDate": "2021-03-16",
                "text": "Referred to the Subcommittee on Health."
            },
            "number": "765",
            "policyArea": {
                "name": "Armed Forces and National Security"
            },
            "title": "VA Medical Center Facility Transparency Act",
            "type": "HR",
            "url": "https://api.congress.gov/v3/bill/117/hr/765?format=json"
        },
        {
            "congress": 117,
            "introducedDate": "2021-02-02",
            "latestAction": {
                "actionDate": "2021-03-22",
                "text": "Referred to the Subcommittee on Immigration and Citizenship."
            },
            "number": "709",
            "policyArea": {
                "name": "Immigration"
            },
            "title": "Border Crisis Prevention Act of 2021",
            "type": "HR",
            "url": "https://api.congress.gov/v3/bill/117/hr/709?format=json"
        },
        {
            "congress": 117,
            "introducedDate": "2021-01-28",
            "latestAction": {
                "actionDate": "2021-03-05",
                "text": "Referred to the Subcommittee on Crime, Terrorism, and Homeland Security."
            },
            "number": "558",
            "policyArea": {
                "name": "Crime and Law Enforcement"
            },
            "title": "Dismemberment Abortion Ban Act of 2021",
            "type": "HR",
            "url": "https://api.congress.gov/v3/bill/117/hr/558?format=json"
        },
        {
            "congress": 117,
            "introducedDate": "2021-01-28",
            "latestAction": {
                "actionDate": "2021-01-28",
                "text": "Referred to the House Committee on Education and Labor."
            },
            "number": "557",
            "policyArea": {
                "name": "Education"
            },
            "title": "Make Education Local Act of 2021",
            "type": "HR",
            "url": "https://api.congress.gov/v3/bill/117/hr/557?format=json"
        },
        {
            "congress": 117,
            "introducedDate": "2021-01-25",
            "latestAction": {
                "actionDate": "2021-02-02",
                "text": "Referred to the Subcommittee on Health."
            },
            "number": "61",
            "policyArea": {
                "name": "Health"
            },
            "title": "Expressing the sense of the House of Representatives that Medicare and Social Security provide an essential benefit for current enrollees and should be strengthened for future generations.",
            "type": "HRES",
            "url": "https://api.congress.gov/v3/bill/117/hres/61?format=json"
        },
        {
            "congress": 116,
            "introducedDate": "2020-12-02",
            "latestAction": {
                "actionDate": "2020-12-02",
                "text": "Referred to the House Committee on Foreign Affairs."
            },
            "number": "1246",
            "policyArea": {
                "name": "International Affairs"
            },
            "title": "Expressing the sense of the House of Representatives regarding United States policy recognizing the Semele Massacre of 1933.",
            "type": "HRES",
            "url": "https://api.congress.gov/v3/bill/116/hres/1246?format=json"
        },
        {
            "congress": 116,
            "introducedDate": "2020-11-19",
            "latestAction": {
                "actionDate": "2020-11-19",
                "text": "Referred to the Committee on Ways and Means, and in addition to the Committee on Education and Labor, for a period to be subsequently determined by the Speaker, in each case for consideration of such provisions as fall within the jurisdiction of the committee concerned."
            },
            "number": "8787",
            "policyArea": {
                "name": "Taxation"
            },
            "title": "STAR Act of 2020",
            "type": "HR",
            "url": "https://api.congress.gov/v3/bill/116/hr/8787?format=json"
        },
        {
            "congress": 116,
            "introducedDate": "2020-11-17",
            "latestAction": {
                "actionDate": "2020-11-17",
                "text": "Referred to the House Committee on the Judiciary."
            },
            "number": "8764",
            "policyArea": {
                "name": "Immigration"
            },
            "title": "Stop China\u2019s IP Theft Act",
            "type": "HR",
            "url": "https://api.congress.gov/v3/bill/116/hr/8764?format=json"
        },
        {
            "congress": 116,
            "introducedDate": "2020-10-23",
            "latestAction": {
                "actionDate": "2020-10-23",
                "text": "Referred to the House Committee on Oversight and Reform."
            },
            "number": "1201",
            "policyArea": {
                "name": "Science, Technology, Communications"
            },
            "title": "Expressing support for the designation of April 18, 2021, as \"National Amateur Radio Operators Day\".",
            "type": "HRES",
            "url": "https://api.congress.gov/v3/bill/116/hres/1201?format=json"
        },
        {
            "congress": 116,
            "introducedDate": "2020-10-16",
            "latestAction": {
                "actionDate": "2020-10-16",
                "text": "Referred to the House Committee on the Judiciary."
            },
            "number": "8608",
            "policyArea": {
                "name": "Law"
            },
            "title": "Carrie\u2019s Law",
            "type": "HR",
            "url": "https://api.congress.gov/v3/bill/116/hr/8608?format=json"
        },
        {
            "congress": 116,
            "introducedDate": "2020-09-17",
            "latestAction": {
                "actionDate": "2020-09-17",
                "text": "Referred to the House Committee on the Judiciary."
            },
            "number": "8301",
            "policyArea": {
                "name": "Crime and Law Enforcement"
            },
            "title": "Holding Rioters Accountable Act of 2020",
            "type": "HR",
            "url": "https://api.congress.gov/v3/bill/116/hr/8301?format=json"
        },
        {
            "congress": 116,
            "introducedDate": "2020-08-25",
            "latestAction": {
                "actionDate": "2020-08-25",
                "text": "Referred to the House Committee on the Judiciary."
            },
            "number": "8106",
            "policyArea": {
                "name": "Law"
            },
            "title": "District of Arizona Judgeship Authorization Act of 2020",
            "type": "HR",
            "url": "https://api.congress.gov/v3/bill/116/hr/8106?format=json"
        },
        {
            "congress": 116,
            "introducedDate": "2020-07-27",
            "latestAction": {
                "actionDate": "2020-07-27",
                "text": "Referred to the House Committee on Small Business."
            },
            "number": "7802",
            "policyArea": {
                "name": "Commerce"
            },
            "title": "To require the Planned Parenthood Federation of America and any affiliates to return amounts received under the paycheck protection program, and for other purposes.",
            "type": "HR",
            "url": "https://api.congress.gov/v3/bill/116/hr/7802?format=json"
        },
        {
            "congress": 116,
            "introducedDate": "2020-07-16",
            "latestAction": {
                "actionDate": "2020-07-16",
                "text": "Referred to the Committee on the Judiciary, and in addition to the Committees on Oversight and Reform, and Armed Services, for a period to be subsequently determined by the Speaker, in each case for consideration of such provisions as fall within the jurisdiction of the committee concerned."
            },
            "number": "7643",
            "policyArea": {
                "name": "Crime and Law Enforcement"
            },
            "title": "To set forth the policy of the United States regarding vandalism, and for other purposes.",
            "type": "HR",
            "url": "https://api.congress.gov/v3/bill/116/hr/7643?format=json"
        },
        {
            "congress": 116,
            "introducedDate": "2020-07-16",
            "latestAction": {
                "actionDate": "2020-07-29",
                "actionTime": "19:43:06",
                "text": "Motion to reconsider laid on the table Agreed to without objection."
            },
            "number": "1046",
            "policyArea": {
                "name": "Government Operations and Politics"
            },
            "title": "Supporting the designation of August 2020 as National Women\u2019s Suffrage Month.",
            "type": "HRES",
            "url": "https://api.congress.gov/v3/bill/116/hres/1046?format=json"
        },
        {
            "congress": 116,
            "introducedDate": "2020-02-28",
            "latestAction": {
                "actionDate": "2021-01-05",
                "text": "Became Public Law No: 116-308."
            },
            "number": "6016",
            "policyArea": {
                "name": "Government Operations and Politics"
            },
            "title": "To designate the facility of the United States Postal Service located at 14955 West Bell Road in Surprise, Arizona, as the Marc Lee Memorial Post Office Building.",
            "type": "HR",
            "url": "https://api.congress.gov/v3/bill/116/hr/6016?format=json"
        },
        {
            "congress": 116,
            "introducedDate": "2020-02-10",
            "latestAction": {
                "actionDate": "2020-12-10",
                "text": "Supplemental report filed by the Committee on Homeland Security, H. Rept. 116-471, Part II."
            },
            "number": "5828",
            "policyArea": {
                "name": "Immigration"
            },
            "title": "DHS Illicit Cross-Border Tunnel Defense Act",
            "type": "HR",
            "url": "https://api.congress.gov/v3/bill/116/hr/5828?format=json"
        },
        {
            "congress": 116,
            "introducedDate": "2020-02-10",
            "latestAction": {
                "actionDate": "2020-02-19",
                "text": "Referred to the Subcommittee on Transportation and Maritime Security."
            },
            "number": "5827",
            "policyArea": {
                "name": "Transportation and Public Works"
            },
            "title": "Trusted Traveler REAL ID Relief Act of 2020",
            "type": "HR",
            "url": "https://api.congress.gov/v3/bill/116/hr/5827?format=json"
        },
        {
            "amendmentNumber": "639",
            "congress": 116,
            "introducedDate": "2019-10-23",
            "latestAction": {
                "actionDate": "2019-10-23",
                "actionTime": "18:00:52",
                "text": "On agreeing to the Lesko amendment (A002) Failed by recorded vote: 180 - 231 (Roll no. 581). "
            },
            "type": null,
            "url": "https://api.congress.gov/v3/amendment/116/hamdt/639?format=json"
        },
        {
            "congress": 116,
            "introducedDate": "2019-09-19",
            "latestAction": {
                "actionDate": "2019-12-10",
                "text": "Received in the Senate and Read twice and referred to the Committee on Homeland Security and Governmental Affairs."
            },
            "number": "4402",
            "policyArea": {
                "name": "Emergency Management"
            },
            "title": "Inland Waters Security Review Act",
            "type": "HR",
            "url": "https://api.congress.gov/v3/bill/116/hr/4402?format=json"
        },
        {
            "amendmentNumber": "608",
            "congress": 116,
            "introducedDate": "2019-09-11",
            "latestAction": {
                "actionDate": "2019-09-11",
                "actionTime": "14:00:32",
                "text": "On agreeing to the Lesko amendment (A003) Agreed to by voice vote. "
            },
            "type": null,
            "url": "https://api.congress.gov/v3/amendment/116/hamdt/608?format=json"
        },
        {
            "congress": 116,
            "introducedDate": "2019-07-19",
            "latestAction": {
                "actionDate": "2019-08-12",
                "text": "Referred to the Subcommittee on Immigration and Citizenship."
            },
            "number": "3857",
            "policyArea": {
                "name": "Immigration"
            },
            "title": "To amend the Immigration and Nationality Act to reform asylum procedures related to the filing of frivolous applications, and for other purposes.",
            "type": "HR",
            "url": "https://api.congress.gov/v3/bill/116/hr/3857?format=json"
        },
        {
            "congress": 116,
            "introducedDate": "2019-07-19",
            "latestAction": {
                "actionDate": "2019-08-12",
                "text": "Referred to the Subcommittee on Immigration and Citizenship."
            },
            "number": "3856",
            "policyArea": {
                "name": "Immigration"
            },
            "title": "To amend the Immigration and Nationality Act to reform asylum procedures related to safe third countries, and for other purposes.",
            "type": "HR",
            "url": "https://api.congress.gov/v3/bill/116/hr/3856?format=json"
        },
        {
            "congress": 116,
            "introducedDate": "2019-07-19",
            "latestAction": {
                "actionDate": "2019-08-12",
                "text": "Referred to the Subcommittee on Immigration and Citizenship."
            },
            "number": "3860",
            "policyArea": {
                "name": "Immigration"
            },
            "title": "To amend the Immigration and Nationality Act with respect to the detention of dangerous aliens, and for other purposes.",
            "type": "HR",
            "url": "https://api.congress.gov/v3/bill/116/hr/3860?format=json"
        },
        {
            "congress": 116,
            "introducedDate": "2019-07-19",
            "latestAction": {
                "actionDate": "2019-08-12",
                "text": "Referred to the Subcommittee on Immigration and Citizenship."
            },
            "number": "3855",
            "policyArea": {
                "name": "Immigration"
            },
            "title": "To amend the Immigration and Nationality Act to reform asylum procedures, and for other purposes.",
            "type": "HR",
            "url": "https://api.congress.gov/v3/bill/116/hr/3855?format=json"
        },
        {
            "congress": 116,
            "introducedDate": "2019-07-19",
            "latestAction": {
                "actionDate": "2019-08-12",
                "text": "Referred to the Subcommittee on Immigration and Citizenship."
            },
            "number": "3859",
            "policyArea": {
                "name": "Law"
            },
            "title": "To authorize the Attorney General to appoint 100 additional immigration judges, and for other purposes.",
            "type": "HR",
            "url": "https://api.congress.gov/v3/bill/116/hr/3859?format=json"
        },
        {
            "congress": 116,
            "introducedDate": "2019-07-19",
            "latestAction": {
                "actionDate": "2019-08-12",
                "text": "Referred to the Subcommittee on Immigration and Citizenship."
            },
            "number": "3858",
            "policyArea": {
                "name": "Immigration"
            },
            "title": "To authorize appropriations for detention spaces for the purpose of enforcing the immigration laws, and for other purposes.",
            "type": "HR",
            "url": "https://api.congress.gov/v3/bill/116/hr/3858?format=json"
        },
        {
            "congress": 116,
            "introducedDate": "2019-07-11",
            "latestAction": {
                "actionDate": "2019-10-15",
                "text": "Received in the Senate and Read twice and referred to the Committee on Commerce, Science, and Transportation."
            },
            "number": "3694",
            "policyArea": {
                "name": "Transportation and Public Works"
            },
            "title": "Helping Families Fly Act of 2019",
            "type": "HR",
            "url": "https://api.congress.gov/v3/bill/116/hr/3694?format=json"
        },
        {
            "amendmentNumber": "340",
            "congress": 116,
            "introducedDate": "2019-06-13",
            "latestAction": {
                "actionDate": "2019-06-18",
                "actionTime": "19:11:15",
                "text": "On agreeing to the Lesko amendment (A075) Failed by recorded vote: 188 - 225 (Roll no. 324). "
            },
            "type": null,
            "url": "https://api.congress.gov/v3/amendment/116/hamdt/340?format=json"
        },
        {
            "congress": 116,
            "introducedDate": "2019-04-10",
            "latestAction": {
                "actionDate": "2019-04-10",
                "text": "Referred to the House Committee on Education and Labor."
            },
            "number": "2263",
            "policyArea": {
                "name": "Education"
            },
            "title": "Make Education Local Act of 2019",
            "type": "HR",
            "url": "https://api.congress.gov/v3/bill/116/hr/2263?format=json"
        },
        {
            "congress": 116,
            "introducedDate": "2019-03-28",
            "latestAction": {
                "actionDate": "2019-04-29",
                "text": "Referred to the Subcommittee on Health."
            },
            "number": "1944",
            "policyArea": {
                "name": "Armed Forces and National Security"
            },
            "title": "VA Medical Center Facility Transparency Act",
            "type": "HR",
            "url": "https://api.congress.gov/v3/bill/116/hr/1944?format=json"
        },
        {
            "congress": 116,
            "introducedDate": "2019-03-18",
            "latestAction": {
                "actionDate": "2019-03-18",
                "text": "Referred to the Committee on Ways and Means, and in addition to the Committee on House Administration, for a period to be subsequently determined by the Speaker, in each case for consideration of such provisions as fall within the jurisdiction of the committee concerned."
            },
            "number": "1827",
            "policyArea": {
                "name": "Taxation"
            },
            "title": "STOP Act",
            "type": "HR",
            "url": "https://api.congress.gov/v3/bill/116/hr/1827?format=json"
        },
        {
            "congress": 116,
            "introducedDate": "2019-03-05",
            "latestAction": {
                "actionDate": "2019-03-06",
                "text": "Referred to the Subcommittee on Tactical Air and Land Forces."
            },
            "number": "177",
            "policyArea": {
                "name": "Armed Forces and National Security"
            },
            "title": "Expressing the sense of the House of Representatives that Congress should continue to support the F-35 Joint Strike Fighter Program.",
            "type": "HRES",
            "url": "https://api.congress.gov/v3/bill/116/hres/177?format=json"
        },
        {
            "amendmentNumber": "44",
            "congress": 116,
            "introducedDate": "2019-02-27",
            "latestAction": {
                "actionDate": "2019-02-27",
                "actionTime": "15:00:02",
                "text": "On agreeing to the Lesko amendment (A001) Failed by recorded vote: 182 - 250 (Roll no. 96). "
            },
            "type": null,
            "url": "https://api.congress.gov/v3/amendment/116/hamdt/44?format=json"
        },
        {
            "congress": 116,
            "introducedDate": "2019-02-14",
            "latestAction": {
                "actionDate": "2019-03-25",
                "text": "Referred to the Subcommittee on Crime, Terrorism, and Homeland Security."
            },
            "number": "1239",
            "policyArea": {
                "name": "Crime and Law Enforcement"
            },
            "title": "Protecting Women Act of 2019",
            "type": "HR",
            "url": "https://api.congress.gov/v3/bill/116/hr/1239?format=json"
        },
        {
            "congress": 116,
            "introducedDate": "2019-02-07",
            "latestAction": {
                "actionDate": "2019-02-07",
                "text": "Referred to the House Committee on House Administration."
            },
            "number": "1085",
            "policyArea": {
                "name": "Congress"
            },
            "title": "Give it Back to the Taxpayers Act",
            "type": "HR",
            "url": "https://api.congress.gov/v3/bill/116/hr/1085?format=json"
        },
        {
            "congress": 116,
            "introducedDate": "2019-02-04",
            "latestAction": {
                "actionDate": "2019-03-22",
                "text": "Referred to the Subcommittee on Crime, Terrorism, and Homeland Security."
            },
            "number": "956",
            "policyArea": {
                "name": "Crime and Law Enforcement"
            },
            "title": "Saving Children Act",
            "type": "HR",
            "url": "https://api.congress.gov/v3/bill/116/hr/956?format=json"
        },
        {
            "congress": 116,
            "introducedDate": "2019-01-17",
            "latestAction": {
                "actionDate": "2019-03-01",
                "text": "Referred to the Subcommittee on Social Security."
            },
            "number": "59",
            "policyArea": {
                "name": "Health"
            },
            "title": "Expressing the sense of the House of Representatives that Medicare and Social Security provide an essential benefit for current enrollees and should be strengthened for future generations.",
            "type": "HRES",
            "url": "https://api.congress.gov/v3/bill/116/hres/59?format=json"
        },
        {
            "congress": 115,
            "introducedDate": "2018-07-25",
            "latestAction": {
                "actionDate": "2018-07-25",
                "text": "Referred to the Committee on Ways and Means, and in addition to the Committee on Energy and Commerce, for a period to be subsequently determined by the Speaker, in each case for consideration of such provisions as fall within the jurisdiction of the committee concerned."
            },
            "number": "1026",
            "policyArea": {
                "name": "Health"
            },
            "title": "Expressing the sense of the House of Representatives that Medicare and Social Security provide an essential benefit for current enrollees and should be strengthened for future generations.",
            "type": "HRES",
            "url": "https://api.congress.gov/v3/bill/115/hres/1026?format=json"
        },
        {
            "congress": 115,
            "introducedDate": "2018-07-17",
            "latestAction": {
                "actionDate": "2018-12-21",
                "text": "Became Public Law No: 115-372."
            },
            "number": "6400",
            "policyArea": {
                "name": "Emergency Management"
            },
            "title": "An act to require the Secretary of Homeland Security to conduct a threat and operational analysis of ports of entry, and for other purposes",
            "type": "HR",
            "url": "https://api.congress.gov/v3/bill/115/hr/6400?format=json"
        },
        {
            "congress": 115,
            "introducedDate": "2018-06-28",
            "latestAction": {
                "actionDate": "2018-06-28",
                "text": "Referred to the House Committee on Education and the Workforce."
            },
            "number": "6259",
            "policyArea": {
                "name": "Education"
            },
            "title": "Make Education Local Act of 2018",
            "type": "HR",
            "url": "https://api.congress.gov/v3/bill/115/hr/6259?format=json"
        }
    ]
}