{
    "pagination": {
        "count": 23
    },
    "request": {
        "bioguideId": "c001058",
        "contentType": "application/json",
        "format": "json"
    },
    "sponsoredLegislation": [
        {
            "congress": 112,
            "introducedDate": "2011-11-18",
            "latestAction": {
                "actionDate": "2012-03-29",
                "text": "Referred to the Subcommittee on Higher Education and Workforce Training."
            },
            "number": "3490",
            "policyArea": {
                "name": "Education"
            },
            "title": "21st Century Green High-Performing Public School Facilities Act",
            "type": "HR",
            "url": "https://api.congress.gov/v3/bill/112/hr/3490?format=json"
        },
        {
            "congress": 112,
            "introducedDate": "2011-02-09",
            "latestAction": {
                "actionDate": "2011-02-14",
                "text": "Referred to the Subcommittee on Crime, Terrorism, and Homeland Security."
            },
            "number": "577",
            "policyArea": {
                "name": "Crime and Law Enforcement"
            },
            "title": "Elder Abuse Prevention Act",
            "type": "HR",
            "url": "https://api.congress.gov/v3/bill/112/hr/577?format=json"
        },
        {
            "congress": 112,
            "introducedDate": "2011-02-09",
            "latestAction": {
                "actionDate": "2011-02-14",
                "text": "Referred to the Subcommittee on Crime, Terrorism, and Homeland Security."
            },
            "number": "578",
            "policyArea": {
                "name": "Crime and Law Enforcement"
            },
            "title": "No Parole for Sex Offenders Act",
            "type": "HR",
            "url": "https://api.congress.gov/v3/bill/112/hr/578?format=json"
        },
        {
            "congress": 112,
            "introducedDate": "2012-04-18",
            "latestAction": {
                "actionDate": "2012-04-18",
                "text": "Referred to the House Committee on Education and the Workforce."
            },
            "number": "622",
            "policyArea": {
                "name": "Sports and Recreation"
            },
            "title": "Congratulating the University of Kentucky Wildcats on winning the 2012 National Collegiate Athletic Association (NCAA) Men's Division I basketball championship.",
            "type": "HRES",
            "url": "https://api.congress.gov/v3/bill/112/hres/622?format=json"
        },
        {
            "congress": 112,
            "introducedDate": "2011-05-25",
            "latestAction": {
                "actionDate": "2011-06-03",
                "text": "Referred to the Subcommittee on Health."
            },
            "number": "279",
            "policyArea": {
                "name": "Health"
            },
            "title": "Raising awareness of the risk of internal bleeding for patients taking anti-coagulant drugs.",
            "type": "HRES",
            "url": "https://api.congress.gov/v3/bill/112/hres/279?format=json"
        },
        {
            "congress": 109,
            "introducedDate": "2006-07-27",
            "latestAction": {
                "actionDate": "2006-09-28",
                "text": "Referred to the Subcommittee on Education Reform."
            },
            "number": "5928",
            "policyArea": {
                "name": "Education"
            },
            "title": "21st Century High-Performing Public School Facilities Act of 2006",
            "type": "HR",
            "url": "https://api.congress.gov/v3/bill/109/hr/5928?format=json"
        },
        {
            "congress": 109,
            "introducedDate": "2006-06-29",
            "latestAction": {
                "actionDate": "2006-07-07",
                "text": "Executive Comment Requested from Interior."
            },
            "number": "5723",
            "policyArea": {
                "name": "Public Lands and Natural Resources"
            },
            "title": "Camp Nelson Civil War Heritage Park Study Act of 2006",
            "type": "HR",
            "url": "https://api.congress.gov/v3/bill/109/hr/5723?format=json"
        },
        {
            "congress": 109,
            "introducedDate": "2006-06-29",
            "latestAction": {
                "actionDate": "2006-06-29",
                "text": "Referred to the House Committee on the Judiciary."
            },
            "number": "5722",
            "policyArea": {
                "name": "Crime and Law Enforcement"
            },
            "title": "Elder Abuse Prevention Act of 2006",
            "type": "HR",
            "url": "https://api.congress.gov/v3/bill/109/hr/5722?format=json"
        },
        {
            "congress": 109,
            "introducedDate": "2005-12-14",
            "latestAction": {
                "actionDate": "2006-05-23",
                "text": "Received in the Senate and Read twice and referred to the Committee on Environment and Public Works."
            },
            "number": "4530",
            "policyArea": {
                "name": "Commemorations"
            },
            "title": "To designate the Federal building and United States courthouse located at 101 Barr Street in Lexington, Kentucky, as the \"Scott Reed Federal Building and United States Courthouse\".",
            "type": "HR",
            "url": "https://api.congress.gov/v3/bill/109/hr/4530?format=json"
        },
        {
            "congress": 109,
            "introducedDate": "2006-09-06",
            "latestAction": {
                "actionDate": "2006-09-06",
                "actionTime": "16:40:06",
                "text": "Motion to reconsider laid on the table Agreed to without objection."
            },
            "number": "980",
            "policyArea": {
                "name": "Commemorations"
            },
            "title": "Expressing condolences to the families, friends, and loved ones of the victims of the crash of Comair Flight 5191, and for other purposes.",
            "type": "HRES",
            "url": "https://api.congress.gov/v3/bill/109/hres/980?format=json"
        },
        {
            "congress": 111,
            "introducedDate": "2010-03-17",
            "latestAction": {
                "actionDate": "2010-03-17",
                "text": "Referred to the House Committee on Ways and Means."
            },
            "number": "4873",
            "policyArea": {
                "name": "Taxation"
            },
            "title": "To exempt the natural aging process in the determination of the production period for distilled spirits under section 263A of the Internal Revenue Code of 1986.",
            "type": "HR",
            "url": "https://api.congress.gov/v3/bill/111/hr/4873?format=json"
        },
        {
            "congress": 111,
            "introducedDate": "2009-04-30",
            "latestAction": {
                "actionDate": "2009-05-18",
                "text": "Received in the Senate and Read twice and referred to the Committee on Health, Education, Labor, and Pensions."
            },
            "number": "2187",
            "policyArea": {
                "name": "Education"
            },
            "title": "21st Century Green High-Performing Public School Facilities Act",
            "type": "HR",
            "url": "https://api.congress.gov/v3/bill/111/hr/2187?format=json"
        },
        {
            "congress": 111,
            "introducedDate": "2009-03-06",
            "latestAction": {
                "actionDate": "2009-03-16",
                "text": "Referred to the Subcommittee on Crime, Terrorism, and Homeland Security."
            },
            "number": "1374",
            "policyArea": {
                "name": "Crime and Law Enforcement"
            },
            "title": "Elder Abuse Prevention Act",
            "type": "HR",
            "url": "https://api.congress.gov/v3/bill/111/hr/1374?format=json"
        },
        {
            "congress": 111,
            "introducedDate": "2009-03-06",
            "latestAction": {
                "actionDate": "2009-04-27",
                "text": "Referred to the Subcommittee on Crime, Terrorism, and Homeland Security."
            },
            "number": "1375",
            "policyArea": {
                "name": "Crime and Law Enforcement"
            },
            "title": "No Parole for Sex Offenders Act",
            "type": "HR",
            "url": "https://api.congress.gov/v3/bill/111/hr/1375?format=json"
        },
        {
            "congress": 111,
            "introducedDate": "2009-02-04",
            "latestAction": {
                "actionDate": "2009-03-11",
                "text": "Received in the Senate and Read twice and referred to the Committee on Environment and Public Works."
            },
            "number": "869",
            "policyArea": {
                "name": "Government Operations and Politics"
            },
            "title": "To designate the Federal building and United States courthouse located at 101 Barr Street in Lexington, Kentucky, as the \"Scott Reed Federal Building and United States Courthouse\".",
            "type": "HR",
            "url": "https://api.congress.gov/v3/bill/111/hr/869?format=json"
        },
        {
            "congress": 111,
            "introducedDate": "2009-09-17",
            "latestAction": {
                "actionDate": "2009-09-21",
                "text": "Referred to the Subcommittee on Health."
            },
            "number": "751",
            "policyArea": {
                "name": "Health"
            },
            "title": "Encouraging States to adopt laws that set clear guidelines for contact protocols for personal emergency response systems used by the Nation's senior citizens.",
            "type": "HRES",
            "url": "https://api.congress.gov/v3/bill/111/hres/751?format=json"
        },
        {
            "congress": 110,
            "introducedDate": "2007-08-03",
            "latestAction": {
                "actionDate": "2007-09-10",
                "text": "Referred to the Subcommittee on Crime, Terrorism, and Homeland Security."
            },
            "number": "3384",
            "policyArea": {
                "name": "Crime and Law Enforcement"
            },
            "title": "Safe Neighborhoods Expansion Act of 2007",
            "type": "HR",
            "url": "https://api.congress.gov/v3/bill/110/hr/3384?format=json"
        },
        {
            "congress": 110,
            "introducedDate": "2007-07-12",
            "latestAction": {
                "actionDate": "2008-08-01",
                "text": "Read twice and referred to the Committee on Health, Education, Labor, and Pensions."
            },
            "number": "3021",
            "policyArea": {
                "name": "Education"
            },
            "title": "21st Century Green High-Performing Public School Facilities Act",
            "type": "HR",
            "url": "https://api.congress.gov/v3/bill/110/hr/3021?format=json"
        },
        {
            "congress": 110,
            "introducedDate": "2007-06-12",
            "latestAction": {
                "actionDate": "2007-06-13",
                "text": "Referred to the Subcommittee on Space and Aeronautics."
            },
            "number": "2684",
            "policyArea": {
                "name": "Transportation and Public Works"
            },
            "title": "FAA Aviation Safety Research Assessment Act of 2007",
            "type": "HR",
            "url": "https://api.congress.gov/v3/bill/110/hr/2684?format=json"
        },
        {
            "congress": 110,
            "introducedDate": "2007-05-02",
            "latestAction": {
                "actionDate": "2007-06-04",
                "text": "Referred to the Subcommittee on Crime, Terrorism, and Homeland Security."
            },
            "number": "2106",
            "policyArea": {
                "name": "Crime and Law Enforcement"
            },
            "title": "No Parole for Sex Offenders Act",
            "type": "HR",
            "url": "https://api.congress.gov/v3/bill/110/hr/2106?format=json"
        },
        {
            "congress": 110,
            "introducedDate": "2007-05-02",
            "latestAction": {
                "actionDate": "2007-06-04",
                "text": "Referred to the Subcommittee on Crime, Terrorism, and Homeland Security."
            },
            "number": "2105",
            "policyArea": {
                "name": "Crime and Law Enforcement"
            },
            "title": "Elder Abuse Prevention Act",
            "type": "HR",
            "url": "https://api.congress.gov/v3/bill/110/hr/2105?format=json"
        },
        {
            "congress": 110,
            "introducedDate": "2007-01-16",
            "latestAction": {
                "actionDate": "2007-03-14",
                "text": "Received in the Senate and Read twice and referred to the Committee on Environment and Public Works."
            },
            "number": "478",
            "policyArea": {
                "name": "Commemorations"
            },
            "title": "To designate the Federal building and United States courthouse located at 101 Barr Street in Lexington, Kentucky, as the \"Scott Reed Federal Building and United States Courthouse\".",
            "type": "HR",
            "url": "https://api.congress.gov/v3/bill/110/hr/478?format=json"
        },
        {
            "congress": 108,
            "introducedDate": "2004-12-06",
            "latestAction": {
                "actionDate": "2004-12-07",
                "text": "Referred to the Subcommittee on Commerce, Trade and Consumer Protection, for a period to be subsequently determined by the Chairman."
            },
            "number": "5427",
            "policyArea": {
                "name": "Government Operations and Politics"
            },
            "title": "Jobs Investment Act of 2004",
            "type": "HR",
            "url": "https://api.congress.gov/v3/bill/108/hr/5427?format=json"
        }
    ]
}