{
    "pagination": {
        "count": 23
    },
    "request": {
        "bioguideId": "s001113",
        "contentType": "application/json",
        "format": "json"
    },
    "sponsoredLegislation": [
        {
            "amendmentNumber": "633",
            "congress": 102,
            "introducedDate": "1992-06-24",
            "latestAction": {
                "actionDate": "1992-06-24",
                "actionTime": "15:44:57",
                "text": "On agreeing to the Swett amendment (A001) Agreed to by recorded vote: 426 - 0 (Roll no. 225). "
            },
            "type": null,
            "url": "https://api.congress.gov/v3/amendment/102/hamdt/633?format=json"
        },
        {
            "congress": 102,
            "introducedDate": "1992-10-02",
            "latestAction": {
                "actionDate": "1992-10-02",
                "text": "Referred to the House Committee on Public Works + Transportation."
            },
            "number": "6095",
            "policyArea": {
                "name": "Government Operations and Politics"
            },
            "title": "Excellence in Public Architecture Act of 1992",
            "type": "HR",
            "url": "https://api.congress.gov/v3/bill/102/hr/6095?format=json"
        },
        {
            "congress": 102,
            "introducedDate": "1992-09-22",
            "latestAction": {
                "actionDate": "1992-09-22",
                "text": "Referred to the House Committee on Armed Services."
            },
            "number": "5981",
            "policyArea": {
                "name": "Armed Forces and National Security"
            },
            "title": "To direct the President to award the Navy Expeditionary Medal to officers and enlisted men of the United States Navy and Marine Corps who served on the ships of Task Forces 16.1 and 16.2, including the U.S.S. Hornet, that participated in the raid led by Lieutenant Colonel James H. Doolittle on Tokyo in April 1942.",
            "type": "HR",
            "url": "https://api.congress.gov/v3/bill/102/hr/5981?format=json"
        },
        {
            "congress": 102,
            "introducedDate": "1992-08-04",
            "latestAction": {
                "actionDate": "1992-08-12",
                "text": "Referred to the Subcommittee on Civil and Constitutional Rights."
            },
            "number": "5756",
            "policyArea": {
                "name": "Civil Rights and Liberties, Minority Issues"
            },
            "title": "Uniform Protection of Reproductive Rights Act of 1992",
            "type": "HR",
            "url": "https://api.congress.gov/v3/bill/102/hr/5756?format=json"
        },
        {
            "congress": 102,
            "introducedDate": "1992-05-14",
            "latestAction": {
                "actionDate": "1992-05-20",
                "text": "Referred to the Subcommittee on Administrative Law and Governmental Relations."
            },
            "number": "5166",
            "policyArea": {
                "name": "Government Operations and Politics"
            },
            "title": "To amend section 3056 of title 18, United States Code, with respect to Secret Service protection for former Presidents and their families.",
            "type": "HR",
            "url": "https://api.congress.gov/v3/bill/102/hr/5166?format=json"
        },
        {
            "congress": 102,
            "introducedDate": "1992-04-09",
            "latestAction": {
                "actionDate": "1992-10-24",
                "text": "Became Public Law No: 102-494."
            },
            "number": "4841",
            "policyArea": {
                "name": "Government Operations and Politics"
            },
            "title": "Granting the consent of the Congress to the New Hampshire-Maine Interstate School Compact.",
            "type": "HR",
            "url": "https://api.congress.gov/v3/bill/102/hr/4841?format=json"
        },
        {
            "congress": 102,
            "introducedDate": "1992-03-11",
            "latestAction": {
                "actionDate": "1992-03-11",
                "text": "Referred to the House Committee on House Administration."
            },
            "number": "4424",
            "policyArea": {
                "name": "Congress"
            },
            "title": "To authorize any Member of the House of Representatives to direct that unobligated funds remaining in such Member's Official Mail Allowance at the end of each session of Congress be paid to the State which such Member represents.",
            "type": "HR",
            "url": "https://api.congress.gov/v3/bill/102/hr/4424?format=json"
        },
        {
            "congress": 102,
            "introducedDate": "1992-03-11",
            "latestAction": {
                "actionDate": "1992-03-16",
                "text": "Referred to the Subcommittee on Environment."
            },
            "number": "4425",
            "policyArea": {
                "name": "Public Lands and Natural Resources"
            },
            "title": "American Pulp and Paper Research Act of 1992",
            "type": "HR",
            "url": "https://api.congress.gov/v3/bill/102/hr/4425?format=json"
        },
        {
            "congress": 102,
            "introducedDate": "1991-11-26",
            "latestAction": {
                "actionDate": "1992-01-14",
                "text": "Referred to the Subcommittee on Energy and Power."
            },
            "number": "3937",
            "policyArea": {
                "name": "Energy"
            },
            "title": "Federal Energy Management Reform Act of 1991",
            "type": "HR",
            "url": "https://api.congress.gov/v3/bill/102/hr/3937?format=json"
        },
        {
            "congress": 102,
            "introducedDate": "1991-06-07",
            "latestAction": {
                "actionDate": "1991-06-13",
                "text": "Referred to the Subcommittee on Military Personnel and Compensation."
            },
            "number": "2584",
            "policyArea": {
                "name": "Armed Forces and National Security"
            },
            "title": "Desert Storm Military Service Academy Eligibility Extension Act of 1991",
            "type": "HR",
            "url": "https://api.congress.gov/v3/bill/102/hr/2584?format=json"
        },
        {
            "congress": 102,
            "introducedDate": "1991-05-09",
            "latestAction": {
                "actionDate": "1991-12-18",
                "text": "See H.R.2950."
            },
            "number": "2279",
            "policyArea": {
                "name": "Transportation and Public Works"
            },
            "title": "Transportation for Livable Communities Act of 1991",
            "type": "HR",
            "url": "https://api.congress.gov/v3/bill/102/hr/2279?format=json"
        },
        {
            "congress": 102,
            "introducedDate": "1992-10-05",
            "latestAction": {
                "actionDate": "1992-10-05",
                "text": "Referred to the House Committee on Post Office and Civil Service."
            },
            "number": "562",
            "policyArea": {
                "name": "Public Lands and Natural Resources"
            },
            "title": "Recognizing the Desert Shield-Desert Storm Memorial Light at the Shrine of Our Lady of Grace in Columbia, New Hampshire, as a memorial of national significance.",
            "type": "HJRES",
            "url": "https://api.congress.gov/v3/bill/102/hjres/562?format=json"
        },
        {
            "amendmentNumber": "624",
            "congress": 103,
            "introducedDate": "1994-06-14",
            "latestAction": {
                "actionDate": "1994-06-14",
                "actionTime": "16:06:11",
                "text": "On agreeing to the Swett amendment (A004) Failed by voice vote. "
            },
            "type": null,
            "url": "https://api.congress.gov/v3/amendment/103/hamdt/624?format=json"
        },
        {
            "congress": 103,
            "introducedDate": "1994-06-10",
            "latestAction": {
                "actionDate": "1994-06-14",
                "text": "Referred to the Subcommittee on Energy."
            },
            "number": "4564",
            "policyArea": {
                "name": "Energy"
            },
            "title": "Fusion Energy Research Accountability Act of 1994",
            "type": "HR",
            "url": "https://api.congress.gov/v3/bill/103/hr/4564?format=json"
        },
        {
            "congress": 103,
            "introducedDate": "1994-03-01",
            "latestAction": {
                "actionDate": "1994-03-08",
                "text": "Referred to the Subcommittee on Intellectual Property and Judicial Administration."
            },
            "number": "3934",
            "policyArea": {
                "name": "Law"
            },
            "title": "To amend title 28, United States Code, to provide that district courts give notice of default judgements to the parties against whom such judgments are entered.",
            "type": "HR",
            "url": "https://api.congress.gov/v3/bill/103/hr/3934?format=json"
        },
        {
            "congress": 103,
            "introducedDate": "1994-02-11",
            "latestAction": {
                "actionDate": "1994-02-16",
                "text": "Referred to the Subcommittee on Human Resources."
            },
            "number": "3867",
            "policyArea": {
                "name": "Taxation"
            },
            "title": "Foster Care Living Arrangements Act of 1994",
            "type": "HR",
            "url": "https://api.congress.gov/v3/bill/103/hr/3867?format=json"
        },
        {
            "congress": 103,
            "introducedDate": "1993-11-18",
            "latestAction": {
                "actionDate": "1993-11-22",
                "text": "Referred to the Subcommittee on Technology, Environment and Aviation."
            },
            "number": "3529",
            "policyArea": {
                "name": "Environmental Protection"
            },
            "title": "Environmental Excellence Recognition Act of 1993",
            "type": "HR",
            "url": "https://api.congress.gov/v3/bill/103/hr/3529?format=json"
        },
        {
            "congress": 103,
            "introducedDate": "1993-11-18",
            "latestAction": {
                "actionDate": "1993-11-22",
                "text": "Referred to the Subcommittee on Technology, Environment and Aviation."
            },
            "number": "3531",
            "policyArea": {
                "name": "Environmental Protection"
            },
            "title": "Greener Government Act of 1993",
            "type": "HR",
            "url": "https://api.congress.gov/v3/bill/103/hr/3531?format=json"
        },
        {
            "congress": 103,
            "introducedDate": "1993-11-18",
            "latestAction": {
                "actionDate": "1993-11-29",
                "text": "Referred to the Subcommittee on Technology, Environment and Aviation."
            },
            "number": "3530",
            "policyArea": {
                "name": "Environmental Protection"
            },
            "title": "Environmental Technology Demonstration Act of 1993",
            "type": "HR",
            "url": "https://api.congress.gov/v3/bill/103/hr/3530?format=json"
        },
        {
            "congress": 103,
            "introducedDate": "1993-10-26",
            "latestAction": {
                "actionDate": "1994-01-03",
                "text": "Referred to the Subcommittee on Energy and Power."
            },
            "number": "3371",
            "policyArea": {
                "name": "Energy"
            },
            "title": "Federal Cogeneration Act of 1993",
            "type": "HR",
            "url": "https://api.congress.gov/v3/bill/103/hr/3371?format=json"
        },
        {
            "congress": 103,
            "introducedDate": "1993-07-15",
            "latestAction": {
                "actionDate": "1993-07-15",
                "text": "Referred to the House Committee on Ways and Means."
            },
            "number": "2642",
            "policyArea": {
                "name": "Taxation"
            },
            "title": "To provide for financing of certain recreational facilities in the White Mountain National Forest.",
            "type": "HR",
            "url": "https://api.congress.gov/v3/bill/103/hr/2642?format=json"
        },
        {
            "congress": 103,
            "introducedDate": "1993-06-24",
            "latestAction": {
                "actionDate": "1993-07-29",
                "text": "Sponsor introductory remarks on measure. (CR E1924)"
            },
            "number": "2516",
            "policyArea": {
                "name": "Science, Technology, Communications"
            },
            "title": "Green Technology Promotion Act of 1993",
            "type": "HR",
            "url": "https://api.congress.gov/v3/bill/103/hr/2516?format=json"
        },
        {
            "congress": 103,
            "introducedDate": "1993-03-04",
            "latestAction": {
                "actionDate": "1993-03-04",
                "text": "Referred to the House Committee on Post Office and Civil Service."
            },
            "number": "132",
            "policyArea": {
                "name": "Armed Forces and National Security"
            },
            "title": "Recognizing the Desert Shield-Desert Storm Memorial Light at the Shrine of Our Lady of Grace in Columbia, New Hampshire, as a memorial of national significance.",
            "type": "HJRES",
            "url": "https://api.congress.gov/v3/bill/103/hjres/132?format=json"
        }
    ]
}