{
    "pagination": {
        "count": 42
    },
    "request": {
        "bioguideId": "b000179",
        "contentType": "application/json",
        "format": "json"
    },
    "sponsoredLegislation": [
        {
            "congress": 106,
            "introducedDate": "2000-10-04",
            "latestAction": {
                "actionDate": "2000-11-14",
                "text": "Referred to the Subcommittee on Early Childhood, Youth and Families."
            },
            "number": "5383",
            "policyArea": {
                "name": "Families"
            },
            "title": "To amend the child and adult care food program under the Richard B. Russell National School Lunch Act to provide alternative reimbursement rates under that program for family or group day care homes located in less populous areas.",
            "type": "HR",
            "url": "https://api.congress.gov/v3/bill/106/hr/5383?format=json"
        },
        {
            "congress": 106,
            "introducedDate": "2000-06-29",
            "latestAction": {
                "actionDate": "2000-11-09",
                "text": "Became Public Law No: 106-472."
            },
            "number": "4788",
            "policyArea": {
                "name": "Agriculture and Food"
            },
            "title": "Grain Standards and Warehouse Improvement Act of 2000",
            "type": "HR",
            "url": "https://api.congress.gov/v3/bill/106/hr/4788?format=json"
        },
        {
            "congress": 106,
            "introducedDate": "1999-11-17",
            "latestAction": {
                "actionDate": "2000-02-09",
                "text": "Sponsor introductory remarks on measure. (CR H258)"
            },
            "number": "3429",
            "policyArea": {
                "name": "Immigration"
            },
            "title": "Legal Employment Authentication Program (LEAP) Act of 1999",
            "type": "HR",
            "url": "https://api.congress.gov/v3/bill/106/hr/3429?format=json"
        },
        {
            "congress": 106,
            "introducedDate": "1999-09-30",
            "latestAction": {
                "actionDate": "2000-10-27",
                "text": "Became Public Law No: 106-366."
            },
            "number": "2984",
            "policyArea": {
                "name": "Water Resources Development"
            },
            "title": "To direct the Secretary of the Interior, through the Bureau of Reclamation, to convey to the Loup Basin Reclamation District, the Sargent River Irrigation District, and the Farwell Irrigation District, Nebraska, property comprising the assets of the Middle Loup Division of the Missouri River Basin Project, Nebraska.",
            "type": "HR",
            "url": "https://api.congress.gov/v3/bill/106/hr/2984?format=json"
        },
        {
            "congress": 106,
            "introducedDate": "1999-09-14",
            "latestAction": {
                "actionDate": "1999-10-04",
                "text": "Referred to the Subcommittee on Postsecondary Education, Training and Life-Long Learning."
            },
            "number": "2850",
            "policyArea": {
                "name": "Social Welfare"
            },
            "title": "Older Americans Amendments of 1999",
            "type": "HR",
            "url": "https://api.congress.gov/v3/bill/106/hr/2850?format=json"
        },
        {
            "congress": 106,
            "introducedDate": "1999-08-05",
            "latestAction": {
                "actionDate": "2000-03-14",
                "text": "Sponsor introductory remarks on measure. (CR E294)"
            },
            "number": "2725",
            "policyArea": {
                "name": "Education"
            },
            "title": "Rural Education Initiative Act",
            "type": "HR",
            "url": "https://api.congress.gov/v3/bill/106/hr/2725?format=json"
        },
        {
            "congress": 106,
            "introducedDate": "1999-08-02",
            "latestAction": {
                "actionDate": "2000-07-17",
                "text": "Placed on the Union Calendar, Calendar No. 416."
            },
            "number": "2671",
            "policyArea": {
                "name": "Native Americans"
            },
            "title": "Yankton Sioux Tribe and Santee Sioux Tribe of Nebraska Development Trust Fund Act",
            "type": "HR",
            "url": "https://api.congress.gov/v3/bill/106/hr/2671?format=json"
        },
        {
            "congress": 106,
            "introducedDate": "1999-07-15",
            "latestAction": {
                "actionDate": "1999-07-20",
                "text": "Executive Comment Requested from USDA."
            },
            "number": "2530",
            "policyArea": {
                "name": "Agriculture and Food"
            },
            "title": "To amend the Food Security Act of 1985 to increase the maximum amount of marketing loan gains and loan deficiency payments that an agricultural producer may receive during the 1999 crop year.",
            "type": "HR",
            "url": "https://api.congress.gov/v3/bill/106/hr/2530?format=json"
        },
        {
            "congress": 106,
            "introducedDate": "1999-04-21",
            "latestAction": {
                "actionDate": "1999-05-04",
                "text": "Sponsor introductory remarks on measure. (CR H2562)"
            },
            "number": "1503",
            "policyArea": {
                "name": "Taxation"
            },
            "title": "To amend the Internal Revenue Code of 1986 to provide an exclusion for gain from sale of farmland which is similar to the exclusion from gain on the sale of a principal residence.",
            "type": "HR",
            "url": "https://api.congress.gov/v3/bill/106/hr/1503?format=json"
        },
        {
            "congress": 106,
            "introducedDate": "1999-02-23",
            "latestAction": {
                "actionDate": "2000-11-13",
                "text": "Became Public Law No: 106-501."
            },
            "number": "782",
            "policyArea": {
                "name": "Social Welfare"
            },
            "title": "Older Americans Act Amendments of 2000",
            "type": "HR",
            "url": "https://api.congress.gov/v3/bill/106/hr/782?format=json"
        },
        {
            "congress": 106,
            "introducedDate": "1999-01-19",
            "latestAction": {
                "actionDate": "1999-02-01",
                "text": "Referred to the Subcommittee on Water Resources and Environment."
            },
            "number": "344",
            "policyArea": {
                "name": "Water Resources Development"
            },
            "title": "To modify the project for flood control, Wood River, Grand Island, Nebraska.",
            "type": "HR",
            "url": "https://api.congress.gov/v3/bill/106/hr/344?format=json"
        },
        {
            "congress": 106,
            "introducedDate": "2000-10-17",
            "latestAction": {
                "actionDate": "2000-10-17",
                "actionTime": "17:04:54",
                "text": "Motion to reconsider laid on the table Agreed to without objection."
            },
            "number": "632",
            "policyArea": {
                "name": "Congress"
            },
            "title": "Providing for the concurrence by the House with an amendment in the Senate amendment to H.R. 4788, the Grain Standards and Warehouse Improvement Act of 2000.",
            "type": "HRES",
            "url": "https://api.congress.gov/v3/bill/106/hres/632?format=json"
        },
        {
            "amendmentNumber": "55",
            "congress": 102,
            "introducedDate": "1991-05-14",
            "latestAction": {
                "actionDate": "1991-05-14",
                "actionTime": "16:14:21",
                "text": "On agreeing to the Barrett amendment (A001) Failed by recorded vote: 109 - 293 (Roll no. 87). "
            },
            "type": null,
            "url": "https://api.congress.gov/v3/amendment/102/hamdt/55?format=json"
        },
        {
            "congress": 102,
            "introducedDate": "1992-03-19",
            "latestAction": {
                "actionDate": "1992-03-19",
                "text": "Referred to the House Committee on Ways and Means."
            },
            "number": "4512",
            "policyArea": {
                "name": "Taxation"
            },
            "title": "To amend the Internal Revenue Code of 1986 to clarify the exemption from the firearms tax for shells and cartridges supplied by a customer for reloading.",
            "type": "HR",
            "url": "https://api.congress.gov/v3/bill/102/hr/4512?format=json"
        },
        {
            "congress": 102,
            "introducedDate": "1991-10-17",
            "latestAction": {
                "actionDate": "1991-10-17",
                "text": "Referred to the House Committee on Ways and Means."
            },
            "number": "3577",
            "policyArea": {
                "name": "Taxation"
            },
            "title": "Farm Estate Fairness Act",
            "type": "HR",
            "url": "https://api.congress.gov/v3/bill/102/hr/3577?format=json"
        },
        {
            "congress": 102,
            "introducedDate": "1991-09-25",
            "latestAction": {
                "actionDate": "1991-10-24",
                "text": "Referred to the Subcommittee on Postsecondary Education."
            },
            "number": "3411",
            "policyArea": {
                "name": "Education"
            },
            "title": "To amend the Higher Education Act of 1965 to preclude the consideration of nonliquid assets in the determination of Federal student financial assistance.",
            "type": "HR",
            "url": "https://api.congress.gov/v3/bill/102/hr/3411?format=json"
        },
        {
            "congress": 102,
            "introducedDate": "1991-03-21",
            "latestAction": {
                "actionDate": "1991-04-16",
                "text": "For Further Action See H.R.614."
            },
            "number": "1548",
            "policyArea": {
                "name": "Public Lands and Natural Resources"
            },
            "title": "To amend the Wild and Scenic Rivers Act to designate a certain portion of the Niobrara River in the State of Nebraska for study for potential addition to the wild and scenic rivers system.",
            "type": "HR",
            "url": "https://api.congress.gov/v3/bill/102/hr/1548?format=json"
        },
        {
            "congress": 102,
            "introducedDate": "1991-02-20",
            "latestAction": {
                "actionDate": "1991-02-22",
                "text": "Referred to the Subcommittee on Wheat, Soybeans, and Feed Grains."
            },
            "number": "980",
            "policyArea": {
                "name": "Agriculture and Food"
            },
            "title": "Corn and Grain Sorghum Base Clarification Act of 1991",
            "type": "HR",
            "url": "https://api.congress.gov/v3/bill/102/hr/980?format=json"
        },
        {
            "amendmentNumber": "563",
            "congress": 103,
            "introducedDate": "1994-05-19",
            "latestAction": {
                "actionDate": "1994-05-19",
                "actionTime": "16:26:28",
                "text": "On agreeing to the Barrett (NE) amendment (A007) Failed by recorded vote: 162 - 265 (Roll no. 184). "
            },
            "type": null,
            "url": "https://api.congress.gov/v3/amendment/103/hamdt/563?format=json"
        },
        {
            "amendmentNumber": "459",
            "congress": 103,
            "introducedDate": "1994-03-09",
            "latestAction": {
                "actionDate": "1994-03-09",
                "actionTime": "16:45:16",
                "text": "On agreeing to the Barrett (NE) amendment (A021) Agreed to by recorded vote: 418 - 1 (Roll no. 47). "
            },
            "type": null,
            "url": "https://api.congress.gov/v3/amendment/103/hamdt/459?format=json"
        },
        {
            "congress": 103,
            "introducedDate": "1994-08-11",
            "latestAction": {
                "actionDate": "1994-08-16",
                "text": "Executive Comment Requested from DOD."
            },
            "number": "4938",
            "policyArea": {
                "name": "Armed Forces and National Security"
            },
            "title": "To provide that members of the Armed Forces held as hostages in Iran after the seizure of the United States embassy in Tehran on November 4, 1979, shall be treated as having been prisoners of war during the period that they were in a captive status.",
            "type": "HR",
            "url": "https://api.congress.gov/v3/bill/103/hr/4938?format=json"
        },
        {
            "congress": 103,
            "introducedDate": "1993-10-20",
            "latestAction": {
                "actionDate": "1993-11-02",
                "text": "Referred to the Subcommittee on International Security, International Organizations and Human Rights."
            },
            "number": "3319",
            "policyArea": {
                "name": "Armed Forces and National Security"
            },
            "title": "To impose limitations on the placing of United States Armed Forces under the operational control of a foreign national acting on behalf of the United Nations.",
            "type": "HR",
            "url": "https://api.congress.gov/v3/bill/103/hr/3319?format=json"
        },
        {
            "congress": 103,
            "introducedDate": "1993-04-22",
            "latestAction": {
                "actionDate": "1993-04-27",
                "text": "Executive Comment Requested from USTR."
            },
            "number": "1811",
            "policyArea": {
                "name": "Transportation and Public Works"
            },
            "title": "To provide that requirements relating to transport of certain agricultural commodities and other items shall not apply to certain assistance provided to Russia.",
            "type": "HR",
            "url": "https://api.congress.gov/v3/bill/103/hr/1811?format=json"
        },
        {
            "congress": 103,
            "introducedDate": "1993-04-22",
            "latestAction": {
                "actionDate": "1993-04-27",
                "text": "Executive Comment Requested from USDA."
            },
            "number": "1812",
            "policyArea": {
                "name": "Foreign Trade and International Finance"
            },
            "title": "To amend the Food for Progress Act of 1985 to clarify the application of other laws to the agricultural commodities furnished under that Act pursuant to the Vancouver Package.",
            "type": "HR",
            "url": "https://api.congress.gov/v3/bill/103/hr/1812?format=json"
        },
        {
            "congress": 103,
            "introducedDate": "1993-02-04",
            "latestAction": {
                "actionDate": "1993-02-04",
                "text": "Referred to the House Committee on Ways and Means."
            },
            "number": "817",
            "policyArea": {
                "name": "Taxation"
            },
            "title": "Farm Estate Fairness Act",
            "type": "HR",
            "url": "https://api.congress.gov/v3/bill/103/hr/817?format=json"
        },
        {
            "congress": 103,
            "introducedDate": "1993-02-04",
            "latestAction": {
                "actionDate": "1993-02-04",
                "text": "Referred to the House Committee on Ways and Means."
            },
            "number": "816",
            "policyArea": {
                "name": "Taxation"
            },
            "title": "To amend the Internal Revenue Code of 1986 to clarify the exemption from the firearms tax for shells and cartridges supplied by a customer for reloading.",
            "type": "HR",
            "url": "https://api.congress.gov/v3/bill/103/hr/816?format=json"
        },
        {
            "congress": 103,
            "introducedDate": "1993-02-04",
            "latestAction": {
                "actionDate": "1993-08-10",
                "text": "See H.R.2264."
            },
            "number": "815",
            "policyArea": {
                "name": "Taxation"
            },
            "title": "To amend the Internal Revenue Code of 1986 to restore and increase tax deduction for the health insurance costs of self-employed individuals.",
            "type": "HR",
            "url": "https://api.congress.gov/v3/bill/103/hr/815?format=json"
        },
        {
            "congress": 103,
            "introducedDate": "1993-04-22",
            "latestAction": {
                "actionDate": "1993-04-26",
                "text": "Executive Comment Requested from USTR."
            },
            "number": "85",
            "policyArea": {
                "name": "Foreign Trade and International Finance"
            },
            "title": "To express the sense of Congress that the President should exercise the temporary waiver authority that an emergency exists under the Merchant Marine Act, 1936 and justifying the waiver of cargo preference rates in transporting the $1.6 billion in bilateral assistance to Russia as agreed to in the \"Vancouver Package\" between President Clinton and President Yeltsin of the Russian Federation.",
            "type": "HCONRES",
            "url": "https://api.congress.gov/v3/bill/103/hconres/85?format=json"
        },
        {
            "congress": 104,
            "introducedDate": "1996-06-06",
            "latestAction": {
                "actionDate": "1996-08-01",
                "text": "Subcommittee Hearings Held."
            },
            "number": "3595",
            "policyArea": {
                "name": "Native Americans"
            },
            "title": "To make available to the Santee Sioux Tribe of Nebraska its proportionate share of funds awarded in Docket 74-A to the Sioux Indian Nation, and for other purposes.",
            "type": "HR",
            "url": "https://api.congress.gov/v3/bill/104/hr/3595?format=json"
        },
        {
            "congress": 104,
            "introducedDate": "1996-04-30",
            "latestAction": {
                "actionDate": "1996-10-04",
                "text": "For Further Action See S.1649."
            },
            "number": "3350",
            "policyArea": {
                "name": "Water Resources Development"
            },
            "title": "Irrigation Project Contract Extension Act of 1996",
            "type": "HR",
            "url": "https://api.congress.gov/v3/bill/104/hr/3350?format=json"
        },
        {
            "congress": 104,
            "introducedDate": "1996-04-23",
            "latestAction": {
                "actionDate": "1996-10-01",
                "text": "Became Public Law No: 104-215."
            },
            "number": "3287",
            "policyArea": {
                "name": "Public Lands and Natural Resources"
            },
            "title": "Crawford National Fish Hatchery Conveyance Act",
            "type": "HR",
            "url": "https://api.congress.gov/v3/bill/104/hr/3287?format=json"
        },
        {
            "congress": 104,
            "introducedDate": "1996-01-25",
            "latestAction": {
                "actionDate": "1996-02-08",
                "text": "Referred to the Subcommittee on Aviation."
            },
            "number": "2881",
            "policyArea": {
                "name": "Transportation and Public Works"
            },
            "title": "Small Community Air Service Act of 1996",
            "type": "HR",
            "url": "https://api.congress.gov/v3/bill/104/hr/2881?format=json"
        },
        {
            "congress": 104,
            "introducedDate": "1995-11-28",
            "latestAction": {
                "actionDate": "1996-10-01",
                "text": "Became Public Law No: 104-212."
            },
            "number": "2679",
            "policyArea": {
                "name": "Public Lands and Natural Resources"
            },
            "title": "An Act to revise the boundary of the North Platte National Wildlife Refuge, to expand the Pettaquamscutt Cove National Wildlife Refuge, and for other purposes.",
            "type": "HR",
            "url": "https://api.congress.gov/v3/bill/104/hr/2679?format=json"
        },
        {
            "congress": 104,
            "introducedDate": "1995-07-31",
            "latestAction": {
                "actionDate": "1995-09-08",
                "text": "See H.R.2274."
            },
            "number": "2144",
            "policyArea": {
                "name": "Transportation and Public Works"
            },
            "title": "Utility Consumer Service Protection Act of 1995",
            "type": "HR",
            "url": "https://api.congress.gov/v3/bill/104/hr/2144?format=json"
        },
        {
            "congress": 104,
            "introducedDate": "1995-02-28",
            "latestAction": {
                "actionDate": "1995-03-13",
                "text": "Referred to the Subcommittee on Water Resources and Environment."
            },
            "number": "1071",
            "policyArea": {
                "name": "Water Resources Development"
            },
            "title": "To direct the Secretary of the Army to deposit $1,400,000 into the Judgment Fund of the Department of Justice to cover those costs of the project for flood control, Lost Creek, Columbus, Nebraska, which are in excess of the $4,000,000 limit on projects carried out under section 205 of the Flood Control Act of 1948.",
            "type": "HR",
            "url": "https://api.congress.gov/v3/bill/104/hr/1071?format=json"
        },
        {
            "congress": 104,
            "introducedDate": "1995-01-13",
            "latestAction": {
                "actionDate": "1995-01-13",
                "text": "Referred to the House Committee on Ways and Means."
            },
            "number": "501",
            "policyArea": {
                "name": "Taxation"
            },
            "title": "Farm Estate Fairness Act",
            "type": "HR",
            "url": "https://api.congress.gov/v3/bill/104/hr/501?format=json"
        },
        {
            "congress": 104,
            "introducedDate": "1996-05-23",
            "latestAction": {
                "actionDate": "1996-06-05",
                "text": "Received in the Senate. Placed on Senate Legislative Calendar under General Orders. Calendar No. 428."
            },
            "number": "181",
            "policyArea": {
                "name": "Agriculture and Food"
            },
            "title": "Expressing the Sense of Congress that the Secretary of Agriculture should dispose of all remaining commodities in the disaster reserve maintained under the Agricultural Act of 1970 to relieve the distress of livestock producers whose ability to maintain livestock is adversely affected by the prolonged drought conditions existing in certain areas of the United States.",
            "type": "HCONRES",
            "url": "https://api.congress.gov/v3/bill/104/hconres/181?format=json"
        },
        {
            "congress": 105,
            "introducedDate": "1998-09-16",
            "latestAction": {
                "actionDate": "1998-09-16",
                "text": "Referred to the House Committee on Agriculture."
            },
            "number": "4580",
            "policyArea": {
                "name": "Agriculture and Food"
            },
            "title": "Agricultural Trade Emergency Response Act of 1998",
            "type": "HR",
            "url": "https://api.congress.gov/v3/bill/105/hr/4580?format=json"
        },
        {
            "congress": 105,
            "introducedDate": "1997-11-04",
            "latestAction": {
                "actionDate": "1998-10-27",
                "text": "Became Public Law No: 105-293."
            },
            "number": "2795",
            "policyArea": {
                "name": "Water Resources Development"
            },
            "title": "Irrigation Project Contract Extension Act of 1998",
            "type": "HR",
            "url": "https://api.congress.gov/v3/bill/105/hr/2795?format=json"
        },
        {
            "congress": 105,
            "introducedDate": "1997-02-11",
            "latestAction": {
                "actionDate": "1997-02-24",
                "text": "Referred to the Subcommittee on Aviation."
            },
            "number": "670",
            "policyArea": {
                "name": "Transportation and Public Works"
            },
            "title": "Small Community Air Service Act of 1996",
            "type": "HR",
            "url": "https://api.congress.gov/v3/bill/105/hr/670?format=json"
        },
        {
            "congress": 105,
            "introducedDate": "1997-01-09",
            "latestAction": {
                "actionDate": "1997-08-05",
                "text": "See H.R.2014."
            },
            "number": "396",
            "policyArea": {
                "name": "Taxation"
            },
            "title": "To amend the Internal Revenue Code of 1986 to provide that the alternative minimum tax shall not apply to installment sales of farm property.",
            "type": "HR",
            "url": "https://api.congress.gov/v3/bill/105/hr/396?format=json"
        },
        {
            "congress": 105,
            "introducedDate": "1997-04-30",
            "latestAction": {
                "actionDate": "1997-04-30",
                "actionTime": "16:12:42",
                "text": "Motion to reconsider laid on the table Agreed to without objection."
            },
            "number": "137",
            "policyArea": {
                "name": "Congress"
            },
            "title": "Designating majority membership on certain standing committees of the House.",
            "type": "HRES",
            "url": "https://api.congress.gov/v3/bill/105/hres/137?format=json"
        }
    ]
}