{
    "pagination": {
        "count": 154
    },
    "request": {
        "bioguideId": "s001148",
        "contentType": "application/json",
        "format": "json"
    },
    "sponsoredLegislation": [
        {
            "congress": 118,
            "introducedDate": "2024-07-11",
            "latestAction": {
                "actionDate": "2024-07-11",
                "text": "Placed on the Union Calendar, Calendar No. 481."
            },
            "number": "8998",
            "policyArea": {
                "name": null
            },
            "title": "Department of the Interior, Environment, and Related Agencies Appropriations Act, 2025",
            "type": "HR",
            "url": "https://api.congress.gov/v3/bill/118/hr/8998?format=json"
        },
        {
            "congress": 118,
            "introducedDate": "2023-10-26",
            "latestAction": {
                "actionDate": "2023-11-14",
                "text": "Subcommittee Hearings Held"
            },
            "number": "6107",
            "policyArea": {
                "name": "Water Resources Development"
            },
            "title": "Urban Canal Modernization Act",
            "type": "HR",
            "url": "https://api.congress.gov/v3/bill/118/hr/6107?format=json"
        },
        {
            "congress": 118,
            "introducedDate": "2023-10-25",
            "latestAction": {
                "actionDate": "2024-01-18",
                "text": "Referred to the Subcommittee on Forestry."
            },
            "number": "6064",
            "policyArea": {
                "name": "Energy"
            },
            "title": "Don\u2019t DO IT Act",
            "type": "HR",
            "url": "https://api.congress.gov/v3/bill/118/hr/6064?format=json"
        },
        {
            "congress": 118,
            "introducedDate": "2023-07-24",
            "latestAction": {
                "actionDate": "2023-11-07",
                "text": "Received in the Senate. Read twice. Placed on Senate Legislative Calendar under General Orders. Calendar No. 239."
            },
            "number": "4821",
            "policyArea": {
                "name": "Economics and Public Finance"
            },
            "title": "Department of the Interior, Environment, and Related Agencies Appropriations Act, 2024",
            "type": "HR",
            "url": "https://api.congress.gov/v3/bill/118/hr/4821?format=json"
        },
        {
            "congress": 118,
            "introducedDate": "2023-04-18",
            "latestAction": {
                "actionDate": "2023-04-18",
                "text": "Referred to the House Committee on Natural Resources."
            },
            "number": "2694",
            "policyArea": {
                "name": "Water Resources Development"
            },
            "title": "To amend the Infrastructure Investment and Jobs Act to authorize the use of funds for certain additional Carey Act projects, and for other purposes.",
            "type": "HR",
            "url": "https://api.congress.gov/v3/bill/118/hr/2694?format=json"
        },
        {
            "congress": 118,
            "introducedDate": "2023-03-07",
            "latestAction": {
                "actionDate": "2023-03-17",
                "text": "Referred to the Subcommittee on Health."
            },
            "number": "1422",
            "policyArea": {
                "name": "Health"
            },
            "title": "SMILED Act",
            "type": "HR",
            "url": "https://api.congress.gov/v3/bill/118/hr/1422?format=json"
        },
        {
            "congress": 118,
            "introducedDate": "2023-01-10",
            "latestAction": {
                "actionDate": "2023-01-10",
                "text": "Referred to the House Committee on the Judiciary."
            },
            "number": "270",
            "policyArea": {
                "name": "Law"
            },
            "title": "Ninth Circuit Court of Appeals Judgeship and Reorganization Act of 2023",
            "type": "HR",
            "url": "https://api.congress.gov/v3/bill/118/hr/270?format=json"
        },
        {
            "congress": 118,
            "introducedDate": "2023-01-10",
            "latestAction": {
                "actionDate": "2023-01-10",
                "text": "Referred to the House Committee on the Judiciary."
            },
            "number": "269",
            "policyArea": {
                "name": "Law"
            },
            "title": "To authorize an additional district judgeship for the district of Idaho.",
            "type": "HR",
            "url": "https://api.congress.gov/v3/bill/118/hr/269?format=json"
        },
        {
            "amendmentNumber": "531",
            "congress": 118,
            "introducedDate": "2023-11-02",
            "latestAction": {
                "actionDate": "2023-11-02",
                "actionTime": "11:47:48",
                "text": "On agreeing to the Simpson amendments (A001) Agreed to by voice vote. "
            },
            "type": null,
            "url": "https://api.congress.gov/v3/amendment/118/hamdt/531?format=json"
        },
        {
            "congress": 117,
            "introducedDate": "2022-12-13",
            "latestAction": {
                "actionDate": "2022-12-13",
                "text": "Referred to the House Committee on Natural Resources."
            },
            "number": "9518",
            "policyArea": {
                "name": "Water Resources Development"
            },
            "title": "To amend the Infrastructure Investment and Jobs Act to modify the eligibility requirements for certain small water storage and groundwater storage projects and to authorize the use of funds for certain additional Carey Act projects, and for other purposes.",
            "type": "HR",
            "url": "https://api.congress.gov/v3/bill/117/hr/9518?format=json"
        },
        {
            "congress": 117,
            "introducedDate": "2022-12-13",
            "latestAction": {
                "actionDate": "2022-12-13",
                "text": "Referred to the House Committee on Natural Resources."
            },
            "number": "9517",
            "policyArea": {
                "name": "Transportation and Public Works"
            },
            "title": "To amend the Omnibus Public Land Management Act of 2009 to authorize certain extraordinary operation and maintenance work for urban canals of concern.",
            "type": "HR",
            "url": "https://api.congress.gov/v3/bill/117/hr/9517?format=json"
        },
        {
            "congress": 117,
            "introducedDate": "2021-01-13",
            "latestAction": {
                "actionDate": "2021-03-05",
                "text": "Referred to the Subcommittee on Courts, Intellectual Property, and the Internet."
            },
            "number": "320",
            "policyArea": {
                "name": "Law"
            },
            "title": "Ninth Circuit Court of Appeals Judgeship and Reorganization Act of 2021",
            "type": "HR",
            "url": "https://api.congress.gov/v3/bill/117/hr/320?format=json"
        },
        {
            "congress": 117,
            "introducedDate": "2021-01-13",
            "latestAction": {
                "actionDate": "2021-03-05",
                "text": "Referred to the Subcommittee on Courts, Intellectual Property, and the Internet."
            },
            "number": "319",
            "policyArea": {
                "name": "Law"
            },
            "title": "To authorize an additional district judgeship for the district of Idaho.",
            "type": "HR",
            "url": "https://api.congress.gov/v3/bill/117/hr/319?format=json"
        },
        {
            "congress": 113,
            "introducedDate": "2014-07-09",
            "latestAction": {
                "actionDate": "2014-12-18",
                "text": "Became Public Law No: 113-262."
            },
            "number": "5050",
            "policyArea": {
                "name": "Native Americans"
            },
            "title": "May 31, 1918 Act Repeal Act",
            "type": "HR",
            "url": "https://api.congress.gov/v3/bill/113/hr/5050?format=json"
        },
        {
            "congress": 113,
            "introducedDate": "2014-07-09",
            "latestAction": {
                "actionDate": "2014-12-01",
                "text": "Placed on the Union Calendar, Calendar No. 479."
            },
            "number": "5049",
            "policyArea": {
                "name": "Native Americans"
            },
            "title": "Blackfoot River Land Exchange Act of 2014",
            "type": "HR",
            "url": "https://api.congress.gov/v3/bill/113/hr/5049?format=json"
        },
        {
            "congress": 113,
            "introducedDate": "2014-06-20",
            "latestAction": {
                "actionDate": "2014-07-14",
                "text": "Received in the Senate and Read twice and referred to the Committee on Appropriations."
            },
            "number": "4923",
            "policyArea": {
                "name": "Economics and Public Finance"
            },
            "title": "Energy and Water Development and Related Agencies Appropriations Act, 2015",
            "type": "HR",
            "url": "https://api.congress.gov/v3/bill/113/hr/4923?format=json"
        },
        {
            "congress": 113,
            "introducedDate": "2014-03-21",
            "latestAction": {
                "actionDate": "2014-09-09",
                "text": "Received in the Senate and Read twice and referred to the Committee on Energy and Natural Resources."
            },
            "number": "4283",
            "policyArea": {
                "name": "Public Lands and Natural Resources"
            },
            "title": "To amend the Wild and Scenic Rivers Act to authorize the Secretary of the Interior to maintain or replace certain facilities and structures for commercial recreation services at Smith Gulch in Idaho, and for other purposes.",
            "type": "HR",
            "url": "https://api.congress.gov/v3/bill/113/hr/4283?format=json"
        },
        {
            "congress": 113,
            "introducedDate": "2014-02-28",
            "latestAction": {
                "actionDate": "2014-04-16",
                "text": "Referred to the Subcommittee on Crime, Terrorism, Homeland Security, and Investigations."
            },
            "number": "4135",
            "policyArea": {
                "name": "Crime and Law Enforcement"
            },
            "title": "Firearm Importation Fairness Act of 2014",
            "type": "HR",
            "url": "https://api.congress.gov/v3/bill/113/hr/4135?format=json"
        },
        {
            "congress": 113,
            "introducedDate": "2014-02-05",
            "latestAction": {
                "actionDate": "2014-07-11",
                "text": "Motion to Discharge Committee filed by Mr. Peters (CA). Petition No: 113-10. (<a href=\"http://clerk.house.gov/113/lrc/pd/petitions/DisPet0010.xml\r\n\">Discharge petition</a> text with signatures.)"
            },
            "number": "3992",
            "policyArea": {
                "name": "Economics and Public Finance"
            },
            "title": "Wildfire Disaster Funding Act of 2014",
            "type": "HR",
            "url": "https://api.congress.gov/v3/bill/113/hr/3992?format=json"
        },
        {
            "congress": 113,
            "introducedDate": "2013-11-12",
            "latestAction": {
                "actionDate": "2014-01-09",
                "text": "Referred to the Subcommittee on Courts, Intellectual Property, and the Internet."
            },
            "number": "3457",
            "policyArea": {
                "name": "Law"
            },
            "title": "To authorize an additional district judgeship for the district of Idaho.",
            "type": "HR",
            "url": "https://api.congress.gov/v3/bill/113/hr/3457?format=json"
        },
        {
            "congress": 113,
            "introducedDate": "2013-09-11",
            "latestAction": {
                "actionDate": "2013-09-12",
                "text": "Referred to the Subcommittee on Highways and Transit."
            },
            "number": "3083",
            "policyArea": {
                "name": "Transportation and Public Works"
            },
            "title": "Idaho Safe and Efficient Vehicle Act of 2013",
            "type": "HR",
            "url": "https://api.congress.gov/v3/bill/113/hr/3083?format=json"
        },
        {
            "congress": 113,
            "introducedDate": "2013-05-15",
            "latestAction": {
                "actionDate": "2014-07-29",
                "text": "Subcommittee Hearings Held."
            },
            "number": "2004",
            "policyArea": {
                "name": "Public Lands and Natural Resources"
            },
            "title": "Geothermal Production Expansion Act of 2013",
            "type": "HR",
            "url": "https://api.congress.gov/v3/bill/113/hr/2004?format=json"
        },
        {
            "congress": 113,
            "introducedDate": "2013-03-13",
            "latestAction": {
                "actionDate": "2013-03-20",
                "text": "Referred to the Subcommittee on Public Lands and Environmental Regulation."
            },
            "number": "1142",
            "policyArea": {
                "name": "Public Lands and Natural Resources"
            },
            "title": "To authorize the Secretary of the Interior to permit an exchange of land between the city of Ketchum and the Blaine County School District, Idaho.",
            "type": "HR",
            "url": "https://api.congress.gov/v3/bill/113/hr/1142?format=json"
        },
        {
            "congress": 113,
            "introducedDate": "2013-02-27",
            "latestAction": {
                "actionDate": "2014-07-25",
                "text": "Became Public Law No: 113-136."
            },
            "number": "876",
            "policyArea": {
                "name": "Public Lands and Natural Resources"
            },
            "title": "Idaho Wilderness Water Resources Protection Act",
            "type": "HR",
            "url": "https://api.congress.gov/v3/bill/113/hr/876?format=json"
        },
        {
            "congress": 113,
            "introducedDate": "2013-01-23",
            "latestAction": {
                "actionDate": "2014-05-07",
                "text": "Subcommittee Hearings Held."
            },
            "number": "409",
            "policyArea": {
                "name": "Native Americans"
            },
            "title": "Indian Trust Asset Reform Act",
            "type": "HR",
            "url": "https://api.congress.gov/v3/bill/113/hr/409?format=json"
        },
        {
            "congress": 113,
            "introducedDate": "2013-01-03",
            "latestAction": {
                "actionDate": "2013-01-31",
                "text": "Referred to the Subcommittee on Public Lands and Environmental Regulation."
            },
            "number": "145",
            "policyArea": {
                "name": "Public Lands and Natural Resources"
            },
            "title": "Central Idaho Economic Development and Recreation Act",
            "type": "HR",
            "url": "https://api.congress.gov/v3/bill/113/hr/145?format=json"
        },
        {
            "congress": 113,
            "introducedDate": "2013-01-03",
            "latestAction": {
                "actionDate": "2013-01-25",
                "text": "Referred to the Subcommittee on Courts, Intellectual Property, And The Internet."
            },
            "number": "144",
            "policyArea": {
                "name": "Law"
            },
            "title": "Ninth Circuit Court of Appeals Judgeship and Reorganization Act of 2013",
            "type": "HR",
            "url": "https://api.congress.gov/v3/bill/113/hr/144?format=json"
        },
        {
            "congress": 113,
            "introducedDate": "2013-10-03",
            "latestAction": {
                "actionDate": "2013-10-16",
                "text": "Read the second time. Placed on Senate Legislative Calendar under General Orders. Calendar No. 221."
            },
            "number": "80",
            "policyArea": {
                "name": "Native Americans"
            },
            "title": "Bureau of Indian Affairs, Bureau of Indian Education, and Indian Health Service Continuing Appropriations Resolution, 2014",
            "type": "HJRES",
            "url": "https://api.congress.gov/v3/bill/113/hjres/80?format=json"
        },
        {
            "congress": 113,
            "introducedDate": "2013-10-01",
            "latestAction": {
                "actionDate": "2013-10-03",
                "text": "Read the second time. Placed on Senate Legislative Calendar under General Orders. Calendar No. 203 pursuant to the order of Oct. 2, 2013."
            },
            "number": "70",
            "policyArea": {
                "name": "Economics and Public Finance"
            },
            "title": "National Park Service Operations, Smithsonian Institution, National Gallery of Art, and United States Holocaust Memorial Museum Continuing Appropriations Resolution, 2014",
            "type": "HJRES",
            "url": "https://api.congress.gov/v3/bill/113/hjres/70?format=json"
        },
        {
            "amendmentNumber": "713",
            "congress": 112,
            "introducedDate": "2011-07-25",
            "latestAction": {
                "actionDate": "2011-07-25",
                "actionTime": "14:58:52",
                "text": "On agreeing to the Simpson amendment (A001) Agreed to by voice vote. "
            },
            "type": null,
            "url": "https://api.congress.gov/v3/amendment/112/hamdt/713?format=json"
        },
        {
            "congress": 112,
            "introducedDate": "2012-11-29",
            "latestAction": {
                "actionDate": "2012-12-10",
                "text": "Referred to the Subcommittee Indian and Alaska Native Affairs."
            },
            "number": "6617",
            "policyArea": {
                "name": "Native Americans"
            },
            "title": "Indian Trust Asset Reform Act",
            "type": "HR",
            "url": "https://api.congress.gov/v3/bill/112/hr/6617?format=json"
        },
        {
            "congress": 112,
            "introducedDate": "2012-07-10",
            "latestAction": {
                "actionDate": "2012-07-10",
                "text": "Placed on the Union Calendar, Calendar No. 426."
            },
            "number": "6091",
            "policyArea": {
                "name": "Economics and Public Finance"
            },
            "title": "Department of the Interior, Environment, and Related Agencies Appropriations Act, 2013",
            "type": "HR",
            "url": "https://api.congress.gov/v3/bill/112/hr/6091?format=json"
        },
        {
            "congress": 112,
            "introducedDate": "2011-08-01",
            "latestAction": {
                "actionDate": "2011-08-04",
                "text": "Referred to the Subcommittee on Energy and Mineral Resources."
            },
            "number": "2776",
            "policyArea": {
                "name": "Public Lands and Natural Resources"
            },
            "title": "Geothermal Production Expansion Act of 2011",
            "type": "HR",
            "url": "https://api.congress.gov/v3/bill/112/hr/2776?format=json"
        },
        {
            "congress": 112,
            "introducedDate": "2011-07-19",
            "latestAction": {
                "actionDate": "2011-07-28",
                "actionTime": "14:58:28",
                "text": "Committee of the Whole House on the state of the Union rises leaving H.R. 2584 as unfinished business."
            },
            "number": "2584",
            "policyArea": {
                "name": "Economics and Public Finance"
            },
            "title": "Department of the Interior, Environment, and Related Agencies Appropriations Act, 2012",
            "type": "HR",
            "url": "https://api.congress.gov/v3/bill/112/hr/2584?format=json"
        },
        {
            "congress": 112,
            "introducedDate": "2011-06-03",
            "latestAction": {
                "actionDate": "2011-06-06",
                "text": "Referred to the Subcommittee on Highways and Transit."
            },
            "number": "2143",
            "policyArea": {
                "name": "Transportation and Public Works"
            },
            "title": "Idaho Efficient Vehicle Demonstration Act of 2011",
            "type": "HR",
            "url": "https://api.congress.gov/v3/bill/112/hr/2143?format=json"
        },
        {
            "congress": 112,
            "introducedDate": "2011-05-26",
            "latestAction": {
                "actionDate": "2012-05-08",
                "text": "Read the second time. Placed on Senate Legislative Calendar under General Orders. Calendar No. 391."
            },
            "number": "2050",
            "policyArea": {
                "name": "Public Lands and Natural Resources"
            },
            "title": "Idaho Wilderness Water Resources Protection Act",
            "type": "HR",
            "url": "https://api.congress.gov/v3/bill/112/hr/2050?format=json"
        },
        {
            "congress": 112,
            "introducedDate": "2011-05-02",
            "latestAction": {
                "actionDate": "2011-05-05",
                "text": "Referred to the Subcommittee on Health."
            },
            "number": "1666",
            "policyArea": {
                "name": "Health"
            },
            "title": "Breaking Barriers to Oral Health Act of 2011",
            "type": "HR",
            "url": "https://api.congress.gov/v3/bill/112/hr/1666?format=json"
        },
        {
            "congress": 112,
            "introducedDate": "2011-02-10",
            "latestAction": {
                "actionDate": "2011-02-17",
                "text": "Referred to the Subcommittee on National Parks, Forests and Public Lands."
            },
            "number": "647",
            "policyArea": {
                "name": "Public Lands and Natural Resources"
            },
            "title": "To authorize the Secretary of the Interior to permit an exchange of land between the city of Ketchum and the Blaine County School District, Idaho.",
            "type": "HR",
            "url": "https://api.congress.gov/v3/bill/112/hr/647?format=json"
        },
        {
            "congress": 112,
            "introducedDate": "2011-01-05",
            "latestAction": {
                "actionDate": "2011-01-24",
                "text": "Referred to the Subcommittee on Courts, Commercial and Administrative Law."
            },
            "number": "162",
            "policyArea": {
                "name": "Law"
            },
            "title": "Ninth Circuit Court of Appeals Judgeship and Reorganization Act of 2011",
            "type": "HR",
            "url": "https://api.congress.gov/v3/bill/112/hr/162?format=json"
        },
        {
            "congress": 112,
            "introducedDate": "2011-01-05",
            "latestAction": {
                "actionDate": "2011-01-26",
                "text": "Referred to the Subcommittee on National Parks, Forests and Public Lands."
            },
            "number": "163",
            "policyArea": {
                "name": "Public Lands and Natural Resources"
            },
            "title": "Central Idaho Economic Development and Recreation Act",
            "type": "HR",
            "url": "https://api.congress.gov/v3/bill/112/hr/163?format=json"
        },
        {
            "congress": 116,
            "introducedDate": "2019-02-08",
            "latestAction": {
                "actionDate": "2019-02-08",
                "text": "Referred to the House Committee on Oversight and Reform."
            },
            "number": "1113",
            "policyArea": {
                "name": "Government Operations and Politics"
            },
            "title": "Statistical Area Fairness Act of 2019",
            "type": "HR",
            "url": "https://api.congress.gov/v3/bill/116/hr/1113?format=json"
        },
        {
            "congress": 116,
            "introducedDate": "2019-02-06",
            "latestAction": {
                "actionDate": "2019-02-25",
                "text": "Referred to the Subcommittee on National Parks, Forests, and Public Lands."
            },
            "number": "1026",
            "policyArea": {
                "name": "Public Lands and Natural Resources"
            },
            "title": "LAND Act",
            "type": "HR",
            "url": "https://api.congress.gov/v3/bill/116/hr/1026?format=json"
        },
        {
            "congress": 116,
            "introducedDate": "2019-01-10",
            "latestAction": {
                "actionDate": "2019-02-05",
                "text": "Referred to the Subcommittee on National Parks, Forests, and Public Lands."
            },
            "number": "482",
            "policyArea": {
                "name": "Public Lands and Natural Resources"
            },
            "title": "To authorize the Secretary of Agriculture to maintain or replace certain facilities and structures for commercial recreation services at Smith Gulch in Idaho, and for other purposes.",
            "type": "HR",
            "url": "https://api.congress.gov/v3/bill/116/hr/482?format=json"
        },
        {
            "congress": 116,
            "introducedDate": "2019-01-10",
            "latestAction": {
                "actionDate": "2019-02-05",
                "text": "Referred to the Subcommittee on National Parks, Forests, and Public Lands."
            },
            "number": "483",
            "policyArea": {
                "name": "Public Lands and Natural Resources"
            },
            "title": "To authorize the Secretary of the Interior to convey certain public land within the Henry's Lake Wilderness Study Area in the State of Idaho to resolve an unauthorized use and an occupancy encroachment dating back to 1983.",
            "type": "HR",
            "url": "https://api.congress.gov/v3/bill/116/hr/483?format=json"
        },
        {
            "congress": 116,
            "introducedDate": "2019-01-03",
            "latestAction": {
                "actionDate": "2019-01-03",
                "text": "Referred to the Subcommittee on Courts, Intellectual Property, and the Internet."
            },
            "number": "214",
            "policyArea": {
                "name": "Law"
            },
            "title": "To authorize an additional district judgeship for the district of Idaho.",
            "type": "HR",
            "url": "https://api.congress.gov/v3/bill/116/hr/214?format=json"
        },
        {
            "congress": 116,
            "introducedDate": "2019-01-03",
            "latestAction": {
                "actionDate": "2019-01-03",
                "text": "Referred to the Subcommittee on Courts, Intellectual Property, and the Internet."
            },
            "number": "215",
            "policyArea": {
                "name": "Law"
            },
            "title": "Ninth Circuit Court of Appeals Judgeship and Reorganization Act of 2019",
            "type": "HR",
            "url": "https://api.congress.gov/v3/bill/116/hr/215?format=json"
        },
        {
            "congress": 115,
            "introducedDate": "2018-09-26",
            "latestAction": {
                "actionDate": "2018-10-05",
                "text": "Referred to the Subcommittee on Federal Lands."
            },
            "number": "6924",
            "policyArea": {
                "name": "Public Lands and Natural Resources"
            },
            "title": "To authorize the Secretary of the Interior to convey certain public land within the Henry's Lake Wilderness Study Area in the State of Idaho to resolve an unauthorized use and an occupancy encroachment dating back to 1983.",
            "type": "HR",
            "url": "https://api.congress.gov/v3/bill/115/hr/6924?format=json"
        },
        {
            "congress": 115,
            "introducedDate": "2018-05-21",
            "latestAction": {
                "actionDate": "2018-09-21",
                "text": "Became Public Law No: 115-244."
            },
            "number": "5895",
            "policyArea": {
                "name": "Economics and Public Finance"
            },
            "title": "An act making consolidated appropriations for Energy and Water Development, the Legislative Branch, Military Construction, Veterans Affairs, and Related Agencies for the fiscal year ending September 30, 2019, and for other purposes",
            "type": "HR",
            "url": "https://api.congress.gov/v3/bill/115/hr/5895?format=json"
        },
        {
            "congress": 115,
            "introducedDate": "2018-03-07",
            "latestAction": {
                "actionDate": "2018-03-20",
                "text": "Subcommittee Hearings Held."
            },
            "number": "5210",
            "policyArea": {
                "name": "Public Lands and Natural Resources"
            },
            "title": "National Park Restoration Act",
            "type": "HR",
            "url": "https://api.congress.gov/v3/bill/115/hr/5210?format=json"
        },
        {
            "congress": 115,
            "introducedDate": "2017-11-16",
            "latestAction": {
                "actionDate": "2017-11-29",
                "text": "Referred to the Subcommittee on Federal Lands."
            },
            "number": "4448",
            "policyArea": {
                "name": "Public Lands and Natural Resources"
            },
            "title": "To provide for an exchange of Federal land and non-Federal land in the State of Idaho, and for other purposes.",
            "type": "HR",
            "url": "https://api.congress.gov/v3/bill/115/hr/4448?format=json"
        },
        {
            "congress": 115,
            "introducedDate": "2017-11-03",
            "latestAction": {
                "actionDate": "2017-11-14",
                "text": "Referred to the Subcommittee on Energy and Mineral Resources."
            },
            "number": "4252",
            "policyArea": {
                "name": "Energy"
            },
            "title": "Geothermal Production Expansion Act of 2017",
            "type": "HR",
            "url": "https://api.congress.gov/v3/bill/115/hr/4252?format=json"
        },
        {
            "congress": 115,
            "introducedDate": "2017-10-25",
            "latestAction": {
                "actionDate": "2018-02-26",
                "text": "Placed on the House Calendar, Calendar No. 127."
            },
            "number": "4134",
            "policyArea": {
                "name": "Public Lands and Natural Resources"
            },
            "title": "Cecil D. Andrus-White Clouds Wilderness Redesignation Act",
            "type": "HR",
            "url": "https://api.congress.gov/v3/bill/115/hr/4134?format=json"
        },
        {
            "amendmentNumber": "229",
            "congress": 115,
            "introducedDate": "2017-07-26",
            "latestAction": {
                "actionDate": "2017-07-26",
                "actionTime": "19:31:05",
                "text": "On agreeing to the Simpson amendments (A017) Agreed to by voice vote. "
            },
            "type": null,
            "url": "https://api.congress.gov/v3/amendment/115/hamdt/229?format=json"
        },
        {
            "congress": 115,
            "introducedDate": "2017-07-17",
            "latestAction": {
                "actionDate": "2017-07-17",
                "text": "Placed on the Union Calendar, Calendar No. 163."
            },
            "number": "3266",
            "policyArea": {
                "name": "Economics and Public Finance"
            },
            "title": "Energy and Water Development and Related Agencies Appropriations Act, 2018",
            "type": "HR",
            "url": "https://api.congress.gov/v3/bill/115/hr/3266?format=json"
        },
        {
            "congress": 115,
            "introducedDate": "2017-06-08",
            "latestAction": {
                "actionDate": "2017-06-26",
                "text": "Referred to the Subcommittee on Conservation and Forestry."
            },
            "number": "2862",
            "policyArea": {
                "name": "Emergency Management"
            },
            "title": "Wildfire Disaster Funding Act",
            "type": "HR",
            "url": "https://api.congress.gov/v3/bill/115/hr/2862?format=json"
        },
        {
            "congress": 115,
            "introducedDate": "2017-06-08",
            "latestAction": {
                "actionDate": "2017-06-26",
                "text": "Referred to the Subcommittee on Conservation and Forestry."
            },
            "number": "2863",
            "policyArea": {
                "name": "Public Lands and Natural Resources"
            },
            "title": "LAND Act",
            "type": "HR",
            "url": "https://api.congress.gov/v3/bill/115/hr/2863?format=json"
        },
        {
            "congress": 114,
            "introducedDate": "2015-01-06",
            "latestAction": {
                "actionDate": "2015-02-02",
                "text": "Referred to the Subcommittee on Courts, Intellectual Property, and the Internet."
            },
            "number": "168",
            "policyArea": {
                "name": "Law"
            },
            "title": "To authorize an additional district judgeship for the district of Idaho.",
            "type": "HR",
            "url": "https://api.congress.gov/v3/bill/114/hr/168?format=json"
        },
        {
            "congress": 114,
            "introducedDate": "2015-01-06",
            "latestAction": {
                "actionDate": "2015-03-02",
                "text": "Referred to the Subcommittee on Federal Lands."
            },
            "number": "167",
            "policyArea": {
                "name": "Emergency Management"
            },
            "title": "Wildfire Disaster Funding Act",
            "type": "HR",
            "url": "https://api.congress.gov/v3/bill/114/hr/167?format=json"
        },
        {
            "congress": 114,
            "introducedDate": "2015-01-06",
            "latestAction": {
                "actionDate": "2015-02-02",
                "text": "Referred to the Subcommittee on Courts, Intellectual Property, and the Internet."
            },
            "number": "166",
            "policyArea": {
                "name": "Law"
            },
            "title": "Ninth Circuit Court of Appeals Judgeship and Reorganization Act of 2015",
            "type": "HR",
            "url": "https://api.congress.gov/v3/bill/114/hr/166?format=json"
        },
        {
            "congress": 114,
            "introducedDate": "2015-01-06",
            "latestAction": {
                "actionDate": "2015-01-07",
                "text": "Referred to the Subcommittee on Highways and Transit."
            },
            "number": "129",
            "policyArea": {
                "name": "Transportation and Public Works"
            },
            "title": "Idaho Safe and Efficient Vehicle Act of 2015",
            "type": "HR",
            "url": "https://api.congress.gov/v3/bill/114/hr/129?format=json"
        },
        {
            "congress": 115,
            "introducedDate": "2017-04-20",
            "latestAction": {
                "actionDate": "2017-04-24",
                "text": "Referred to the Subcommittee on Water, Power and Oceans."
            },
            "number": "2104",
            "policyArea": {
                "name": "Public Lands and Natural Resources"
            },
            "title": "Morley Nelson Snake River Birds of Prey National Conservation Area Boundary Modification Act of 2017",
            "type": "HR",
            "url": "https://api.congress.gov/v3/bill/115/hr/2104?format=json"
        },
        {
            "congress": 115,
            "introducedDate": "2017-03-27",
            "latestAction": {
                "actionDate": "2017-04-05",
                "text": "Subcommittee Hearings Held."
            },
            "number": "1728",
            "policyArea": {
                "name": "Public Lands and Natural Resources"
            },
            "title": "To modify the boundaries of the Morley Nelson Snake River Birds of Prey National Conservation Area, and for other purposes.",
            "type": "HR",
            "url": "https://api.congress.gov/v3/bill/115/hr/1728?format=json"
        },
        {
            "congress": 115,
            "introducedDate": "2017-03-09",
            "latestAction": {
                "actionDate": "2017-03-23",
                "text": "Referred to the Subcommittee on Conservation and Forestry."
            },
            "number": "1483",
            "policyArea": {
                "name": "Public Lands and Natural Resources"
            },
            "title": "Litigation Relief for Forest Management Projects Act",
            "type": "HR",
            "url": "https://api.congress.gov/v3/bill/115/hr/1483?format=json"
        },
        {
            "congress": 115,
            "introducedDate": "2017-03-09",
            "latestAction": {
                "actionDate": "2018-07-17",
                "text": "Placed on the Union Calendar, Calendar No. 645."
            },
            "number": "1482",
            "policyArea": {
                "name": "Public Lands and Natural Resources"
            },
            "title": "To authorize the Secretary of Agriculture to maintain or replace certain facilities and structures for commercial recreation services at Smith Gulch in Idaho, and for other purposes.",
            "type": "HR",
            "url": "https://api.congress.gov/v3/bill/115/hr/1482?format=json"
        },
        {
            "congress": 115,
            "introducedDate": "2017-01-03",
            "latestAction": {
                "actionDate": "2017-01-13",
                "text": "Referred to the Subcommittee on Courts, Intellectual Property, and the Internet."
            },
            "number": "196",
            "policyArea": {
                "name": "Law"
            },
            "title": "Ninth Circuit Court of Appeals Judgeship and Reorganization Act of 2017",
            "type": "HR",
            "url": "https://api.congress.gov/v3/bill/115/hr/196?format=json"
        },
        {
            "congress": 115,
            "introducedDate": "2017-01-03",
            "latestAction": {
                "actionDate": "2017-01-13",
                "text": "Referred to the Subcommittee on Courts, Intellectual Property, and the Internet."
            },
            "number": "197",
            "policyArea": {
                "name": "Law"
            },
            "title": "To authorize an additional district judgeship for the district of Idaho.",
            "type": "HR",
            "url": "https://api.congress.gov/v3/bill/115/hr/197?format=json"
        },
        {
            "congress": 114,
            "introducedDate": "2016-04-26",
            "latestAction": {
                "actionDate": "2016-05-26",
                "actionTime": "11:13:06",
                "text": "Motion to reconsider laid on the table Agreed to without objection."
            },
            "number": "5055",
            "policyArea": {
                "name": "Economics and Public Finance"
            },
            "title": "Energy and Water Development and Related Agencies Appropriations Act, 2017",
            "type": "HR",
            "url": "https://api.congress.gov/v3/bill/114/hr/5055?format=json"
        },
        {
            "congress": 114,
            "introducedDate": "2015-12-01",
            "latestAction": {
                "actionDate": "2015-12-18",
                "text": "Referred to the Subcommittee on Conservation and Forestry."
            },
            "number": "4151",
            "policyArea": {
                "name": "Public Lands and Natural Resources"
            },
            "title": "To amend chapter 2003 of title 54, United States Code, to fund the Land and Water Conservation Fund and provide for the use of such funds, and for other purposes.",
            "type": "HR",
            "url": "https://api.congress.gov/v3/bill/114/hr/4151?format=json"
        },
        {
            "congress": 114,
            "introducedDate": "2015-03-26",
            "latestAction": {
                "actionDate": "2015-04-20",
                "text": "Referred to the Subcommittee on Energy and Mineral Resources."
            },
            "number": "1719",
            "policyArea": {
                "name": "Public Lands and Natural Resources"
            },
            "title": "Geothermal Production Expansion Act of 2015",
            "type": "HR",
            "url": "https://api.congress.gov/v3/bill/114/hr/1719?format=json"
        },
        {
            "congress": 114,
            "introducedDate": "2015-02-26",
            "latestAction": {
                "actionDate": "2015-08-07",
                "text": "Became Public Law No: 114-46."
            },
            "number": "1138",
            "policyArea": {
                "name": "Public Lands and Natural Resources"
            },
            "title": "Sawtooth National Recreation Area and Jerry Peak Wilderness Additions Act",
            "type": "HR",
            "url": "https://api.congress.gov/v3/bill/114/hr/1138?format=json"
        },
        {
            "congress": 109,
            "introducedDate": "2006-12-07",
            "latestAction": {
                "actionDate": "2006-12-18",
                "text": "Referred to the Subcommittee on Forests and Forest Health."
            },
            "number": "6409",
            "policyArea": {
                "name": "Public Lands and Natural Resources"
            },
            "title": "Central Idaho Economic Development and Recreation Act",
            "type": "HR",
            "url": "https://api.congress.gov/v3/bill/109/hr/6409?format=json"
        },
        {
            "congress": 109,
            "introducedDate": "2006-06-21",
            "latestAction": {
                "actionDate": "2006-12-06",
                "text": "Received in the Senate."
            },
            "number": "5666",
            "policyArea": {
                "name": "Water Resources Development"
            },
            "title": "Southern Idaho Bureau of Reclamation Repayment Act of 2006",
            "type": "HR",
            "url": "https://api.congress.gov/v3/bill/109/hr/5666?format=json"
        },
        {
            "congress": 109,
            "introducedDate": "2006-06-21",
            "latestAction": {
                "actionDate": "2006-09-28",
                "text": "Subcommittee Hearings Held."
            },
            "number": "5665",
            "policyArea": {
                "name": "Public Lands and Natural Resources"
            },
            "title": "American Falls Reservoir District Number 2 Conveyance Act",
            "type": "HR",
            "url": "https://api.congress.gov/v3/bill/109/hr/5665?format=json"
        },
        {
            "congress": 109,
            "introducedDate": "2005-07-28",
            "latestAction": {
                "actionDate": "2006-09-27",
                "text": "Committee on Energy and Natural Resources. Hearings held."
            },
            "number": "3603",
            "policyArea": {
                "name": "Public Lands and Natural Resources"
            },
            "title": "Central Idaho Economic Development and Recreation Act",
            "type": "HR",
            "url": "https://api.congress.gov/v3/bill/109/hr/3603?format=json"
        },
        {
            "congress": 109,
            "introducedDate": "2005-06-29",
            "latestAction": {
                "actionDate": "2005-08-23",
                "text": "Referred to the Subcommittee on Courts, the Internet, and Intellectual Property."
            },
            "number": "3125",
            "policyArea": {
                "name": "Law"
            },
            "title": "Ninth Circuit Court of Appeals Judgeship and Reorganization Act of 2005",
            "type": "HR",
            "url": "https://api.congress.gov/v3/bill/109/hr/3125?format=json"
        },
        {
            "congress": 109,
            "introducedDate": "2005-05-19",
            "latestAction": {
                "actionDate": "2005-05-31",
                "text": "Referred to the Subcommittee on Forests and Forest Health."
            },
            "number": "2514",
            "policyArea": {
                "name": "Public Lands and Natural Resources"
            },
            "title": "Central Idaho Economic Development and Recreation Act",
            "type": "HR",
            "url": "https://api.congress.gov/v3/bill/109/hr/2514?format=json"
        },
        {
            "congress": 109,
            "introducedDate": "2005-05-18",
            "latestAction": {
                "actionDate": "2005-05-26",
                "text": "Referred to the Subcommittee on Trade."
            },
            "number": "2469",
            "policyArea": {
                "name": "Foreign Trade and International Finance"
            },
            "title": "To extend temporarily the duty suspension on certain semi-manufactured forms of gold.",
            "type": "HR",
            "url": "https://api.congress.gov/v3/bill/109/hr/2469?format=json"
        },
        {
            "congress": 109,
            "introducedDate": "2005-03-09",
            "latestAction": {
                "actionDate": "2005-05-25",
                "text": "Subcommittee Hearings Held."
            },
            "number": "1207",
            "policyArea": {
                "name": "Armed Forces and National Security"
            },
            "title": "Department of Veterans Affairs Work-Study Act of 2005",
            "type": "HR",
            "url": "https://api.congress.gov/v3/bill/109/hr/1207?format=json"
        },
        {
            "congress": 109,
            "introducedDate": "2005-03-09",
            "latestAction": {
                "actionDate": "2005-04-18",
                "text": "Referred to the Subcommittee on 21st Century Competitiveness."
            },
            "number": "1206",
            "policyArea": {
                "name": "Education"
            },
            "title": "Veterans Education Affordability Act of 2005",
            "type": "HR",
            "url": "https://api.congress.gov/v3/bill/109/hr/1206?format=json"
        },
        {
            "congress": 109,
            "introducedDate": "2005-03-02",
            "latestAction": {
                "actionDate": "2005-04-04",
                "text": "Referred to the Subcommittee on Courts, the Internet, and Intellectual Property."
            },
            "number": "1064",
            "policyArea": {
                "name": "Law"
            },
            "title": "To remove the authority of the Ninth Circuit Court of Appeals to sit en banc with fewer than all circuit judges in regular active service.",
            "type": "HR",
            "url": "https://api.congress.gov/v3/bill/109/hr/1064?format=json"
        },
        {
            "congress": 109,
            "introducedDate": "2005-02-10",
            "latestAction": {
                "actionDate": "2005-04-04",
                "text": "Referred to the Subcommittee on Courts, the Internet, and Intellectual Property."
            },
            "number": "784",
            "policyArea": {
                "name": "Commerce"
            },
            "title": "To clarify that service marks, collective marks, and certification marks are entitled to the same protections, rights, and privileges of trademarks.",
            "type": "HR",
            "url": "https://api.congress.gov/v3/bill/109/hr/784?format=json"
        },
        {
            "congress": 109,
            "introducedDate": "2005-01-26",
            "latestAction": {
                "actionDate": "2005-10-20",
                "text": "Provisions of This Measure Incorporated in H.R. 3665, Title II."
            },
            "number": "419",
            "policyArea": {
                "name": "Armed Forces and National Security"
            },
            "title": "Hire Veterans Act of 2004",
            "type": "HR",
            "url": "https://api.congress.gov/v3/bill/109/hr/419?format=json"
        },
        {
            "congress": 109,
            "introducedDate": "2005-01-04",
            "latestAction": {
                "actionDate": "2005-03-02",
                "text": "Referred to the Subcommittee on Courts, the Internet, and Intellectual Property."
            },
            "number": "211",
            "policyArea": {
                "name": "Law"
            },
            "title": "Ninth Circuit Judgeship and Reorganization Act of 2005",
            "type": "HR",
            "url": "https://api.congress.gov/v3/bill/109/hr/211?format=json"
        },
        {
            "congress": 109,
            "introducedDate": "2005-01-04",
            "latestAction": {
                "actionDate": "2005-03-02",
                "text": "Referred to the Subcommittee on Courts, the Internet, and Intellectual Property."
            },
            "number": "212",
            "policyArea": {
                "name": "Law"
            },
            "title": "Ninth Circuit Court of Appeals Judgeship and Reorganization Act of 2005",
            "type": "HR",
            "url": "https://api.congress.gov/v3/bill/109/hr/212?format=json"
        },
        {
            "congress": 114,
            "introducedDate": "2015-06-17",
            "latestAction": {
                "actionDate": "2015-07-14",
                "text": "Referred to the Subcommittee on Federal Lands."
            },
            "number": "2816",
            "policyArea": {
                "name": "Public Lands and Natural Resources"
            },
            "title": "To direct the Secretary of the Interior to convey certain land in Blaine County, Idaho, to the city of Ketchum, Idaho, to be used to support recreation, educational, and public purposes, including river restoration, floodplain management, and municipal water storage, and for other purposes.",
            "type": "HR",
            "url": "https://api.congress.gov/v3/bill/114/hr/2816?format=json"
        },
        {
            "congress": 114,
            "introducedDate": "2015-05-13",
            "latestAction": {
                "actionDate": "2015-06-04",
                "text": "Referred to the Subcommittee on Federal Lands."
            },
            "number": "2312",
            "policyArea": {
                "name": "Public Lands and Natural Resources"
            },
            "title": "To amend the Wild and Scenic Rivers Act to authorize the Secretary of Agriculture to maintain or replace certain facilities and structures for commercial recreation services at Smith Gulch in Idaho, and for other purposes.",
            "type": "HR",
            "url": "https://api.congress.gov/v3/bill/114/hr/2312?format=json"
        },
        {
            "congress": 114,
            "introducedDate": "2015-04-24",
            "latestAction": {
                "actionDate": "2016-12-10",
                "text": "Became Public Law No: 114-254."
            },
            "number": "2028",
            "policyArea": {
                "name": "Economics and Public Finance"
            },
            "title": "Further Continuing and Security Assistance Appropriations Act, 2017",
            "type": "HR",
            "url": "https://api.congress.gov/v3/bill/114/hr/2028?format=json"
        },
        {
            "congress": 114,
            "introducedDate": "2015-02-09",
            "latestAction": {
                "actionDate": "2016-06-22",
                "text": "Became Public Law No: 114-178."
            },
            "number": "812",
            "policyArea": {
                "name": "Native Americans"
            },
            "title": "Indian Trust Asset Reform Act",
            "type": "HR",
            "url": "https://api.congress.gov/v3/bill/114/hr/812?format=json"
        },
        {
            "congress": 114,
            "introducedDate": "2015-09-10",
            "latestAction": {
                "actionDate": "2015-09-11",
                "text": "Referred to the Subcommittee on Health."
            },
            "number": "416",
            "policyArea": {
                "name": "Health"
            },
            "title": "Expressing the sense of the House of Representatives recognizing community water fluoridation as one of the great public health initiatives on its 70th anniversary.",
            "type": "HRES",
            "url": "https://api.congress.gov/v3/bill/114/hres/416?format=json"
        },
        {
            "congress": 111,
            "introducedDate": "2010-05-04",
            "latestAction": {
                "actionDate": "2010-05-06",
                "text": "Referred to the Subcommittee on National Parks, Forests and Public Lands."
            },
            "number": "5205",
            "policyArea": {
                "name": "Public Lands and Natural Resources"
            },
            "title": "Central Idaho Economic Development and Recreation Act",
            "type": "HR",
            "url": "https://api.congress.gov/v3/bill/111/hr/5205?format=json"
        },
        {
            "congress": 111,
            "introducedDate": "2010-03-09",
            "latestAction": {
                "actionDate": "2010-03-09",
                "text": "Referred to the House Committee on Energy and Commerce."
            },
            "number": "4798",
            "policyArea": {
                "name": "Water Resources Development"
            },
            "title": "Small Community Options for Regulatory Equity Act of 2010",
            "type": "HR",
            "url": "https://api.congress.gov/v3/bill/111/hr/4798?format=json"
        },
        {
            "congress": 111,
            "introducedDate": "2010-02-04",
            "latestAction": {
                "actionDate": "2010-02-04",
                "text": "Referred to the House Committee on Natural Resources."
            },
            "number": "4613",
            "policyArea": {
                "name": "Native Americans"
            },
            "title": "Blackfoot River Land Settlement Act of 2010",
            "type": "HR",
            "url": "https://api.congress.gov/v3/bill/111/hr/4613?format=json"
        },
        {
            "congress": 111,
            "introducedDate": "2009-09-08",
            "latestAction": {
                "actionDate": "2010-01-20",
                "actionTime": "14:56:35",
                "text": "On motion to suspend the rules and pass the bill, as amended Failed by the Yeas and Nays: (2/3 required): 225 - 191 (Roll no. 11)."
            },
            "number": "3538",
            "policyArea": {
                "name": "Public Lands and Natural Resources"
            },
            "title": "Idaho Wilderness Water Facilities Act",
            "type": "HR",
            "url": "https://api.congress.gov/v3/bill/111/hr/3538?format=json"
        },
        {
            "congress": 111,
            "introducedDate": "2009-04-29",
            "latestAction": {
                "actionDate": "2009-04-30",
                "text": "Referred to the Subcommittee on Highways and Transit."
            },
            "number": "2179",
            "policyArea": {
                "name": "Transportation and Public Works"
            },
            "title": "Idaho Efficient Vehicle Demonstration Act of 2009",
            "type": "HR",
            "url": "https://api.congress.gov/v3/bill/111/hr/2179?format=json"
        },
        {
            "congress": 111,
            "introducedDate": "2009-02-10",
            "latestAction": {
                "actionDate": "2009-02-11",
                "text": "Referred to the Subcommittee on Highways and Transit."
            },
            "number": "969",
            "policyArea": {
                "name": "Transportation and Public Works"
            },
            "title": "Idaho Efficient Vehicle Demonstration Act of 2009",
            "type": "HR",
            "url": "https://api.congress.gov/v3/bill/111/hr/969?format=json"
        },
        {
            "congress": 111,
            "introducedDate": "2009-01-14",
            "latestAction": {
                "actionDate": "2009-02-04",
                "text": "Referred to the Subcommittee on National Parks, Forests and Public Lands."
            },
            "number": "545",
            "policyArea": {
                "name": "Public Lands and Natural Resources"
            },
            "title": "Morley Nelson Snake River Birds of Prey National Conservation Area Act",
            "type": "HR",
            "url": "https://api.congress.gov/v3/bill/111/hr/545?format=json"
        },
        {
            "congress": 111,
            "introducedDate": "2009-01-06",
            "latestAction": {
                "actionDate": "2009-02-09",
                "text": "Referred to the Subcommittee on Courts, the Internet, and Intellectual Property."
            },
            "number": "191",
            "policyArea": {
                "name": "Law"
            },
            "title": "Ninth Circuit Court of Appeals Judgeship and Reorganization Act of 2009",
            "type": "HR",
            "url": "https://api.congress.gov/v3/bill/111/hr/191?format=json"
        },
        {
            "congress": 111,
            "introducedDate": "2009-01-06",
            "latestAction": {
                "actionDate": "2009-02-04",
                "text": "Referred to the Subcommittee on National Parks, Forests and Public Lands."
            },
            "number": "192",
            "policyArea": {
                "name": "Public Lands and Natural Resources"
            },
            "title": "Central Idaho National Forest and Public Land Management Act",
            "type": "HR",
            "url": "https://api.congress.gov/v3/bill/111/hr/192?format=json"
        },
        {
            "congress": 111,
            "introducedDate": "2010-11-18",
            "latestAction": {
                "actionDate": "2010-11-18",
                "text": "Referred to the House Committee on Energy and Commerce."
            },
            "number": "1732",
            "policyArea": {
                "name": "Environmental Protection"
            },
            "title": "Condemning the unilateral decision of the Chairman of the Nuclear Regulatory Commission to begin the closure of the Yucca Mountain license application review and calling on the Nuclear Regulatory Commission to resume license application review activities immediately pending further direction from Congress.",
            "type": "HRES",
            "url": "https://api.congress.gov/v3/bill/111/hres/1732?format=json"
        },
        {
            "congress": 111,
            "introducedDate": "2009-03-03",
            "latestAction": {
                "actionDate": "2009-05-13",
                "actionTime": "17:40:25",
                "text": "Motion to reconsider laid on the table Agreed to without objection."
            },
            "number": "204",
            "policyArea": {
                "name": "Health"
            },
            "title": "Congratulating the American Dental Association for its 150th year of working to improve the public's oral health and promoting dentistry, supporting initiatives to improve access to oral health care services for all Americans, and emphasizing the benefits of prevention of disease through support of community prevention initiatives and promotion of good oral hygiene.",
            "type": "HRES",
            "url": "https://api.congress.gov/v3/bill/111/hres/204?format=json"
        },
        {
            "congress": 110,
            "introducedDate": "2008-09-18",
            "latestAction": {
                "actionDate": "2008-09-19",
                "text": "Referred to the Subcommittee on Highways and Transit."
            },
            "number": "6974",
            "policyArea": {
                "name": "Transportation and Public Works"
            },
            "title": "Idaho Efficient Vehicle Demonstration Act of 2008",
            "type": "HR",
            "url": "https://api.congress.gov/v3/bill/110/hr/6974?format=json"
        },
        {
            "congress": 110,
            "introducedDate": "2008-09-08",
            "latestAction": {
                "actionDate": "2008-09-12",
                "text": "Referred to the Subcommittee on National Parks, Forests and Public Lands."
            },
            "number": "6839",
            "policyArea": {
                "name": "Public Lands and Natural Resources"
            },
            "title": "To designate a previously unnamed peak in the Sawtooth Wilderness of the Sawtooth National Forest in the State of Idaho as \"Mount Ernie Day\".",
            "type": "HR",
            "url": "https://api.congress.gov/v3/bill/110/hr/6839?format=json"
        },
        {
            "congress": 110,
            "introducedDate": "2008-01-22",
            "latestAction": {
                "actionDate": "2008-01-28",
                "text": "Referred to the Subcommittee on Trade."
            },
            "number": "5100",
            "policyArea": {
                "name": "Foreign Trade and International Finance"
            },
            "title": "To extend the temporary suspension of duty on certain semi-manufactured forms of gold.",
            "type": "HR",
            "url": "https://api.congress.gov/v3/bill/110/hr/5100?format=json"
        },
        {
            "congress": 110,
            "introducedDate": "2007-11-14",
            "latestAction": {
                "actionDate": "2007-11-19",
                "text": "Referred to the Subcommittee on National Parks, Forests and Public Lands."
            },
            "number": "4184",
            "policyArea": {
                "name": "Public Lands and Natural Resources"
            },
            "title": "To direct the Secretary of the Interior to convey 4 parcels of land from the Bureau of Land Management to the city of Twin Falls, Idaho.",
            "type": "HR",
            "url": "https://api.congress.gov/v3/bill/110/hr/4184?format=json"
        },
        {
            "congress": 110,
            "introducedDate": "2007-10-02",
            "latestAction": {
                "actionDate": "2008-04-23",
                "text": "Received in the Senate. Read twice. Placed on Senate Legislative Calendar under General Orders. Calendar No. 714."
            },
            "number": "3734",
            "policyArea": {
                "name": "Commemorations"
            },
            "title": "Morley Nelson Snake River Birds of Prey National Conservation Area Act",
            "type": "HR",
            "url": "https://api.congress.gov/v3/bill/110/hr/3734?format=json"
        },
        {
            "congress": 110,
            "introducedDate": "2007-09-19",
            "latestAction": {
                "actionDate": "2007-09-24",
                "text": "Referred to the Subcommittee on National Parks, Forests and Public Lands."
            },
            "number": "3603",
            "policyArea": {
                "name": "Public Lands and Natural Resources"
            },
            "title": "Idaho Land Conveyance Act of 2007",
            "type": "HR",
            "url": "https://api.congress.gov/v3/bill/110/hr/3603?format=json"
        },
        {
            "congress": 110,
            "introducedDate": "2007-07-11",
            "latestAction": {
                "actionDate": "2007-08-13",
                "text": "Became Public Law No: 110-77."
            },
            "number": "3006",
            "policyArea": {
                "name": "Public Lands and Natural Resources"
            },
            "title": "To improve the use of a grant of a parcel of land to the State of Idaho for use as an agricultural college, and for other purposes.",
            "type": "HR",
            "url": "https://api.congress.gov/v3/bill/110/hr/3006?format=json"
        },
        {
            "congress": 110,
            "introducedDate": "2007-06-14",
            "latestAction": {
                "actionDate": "2007-06-21",
                "text": "Referred to the Subcommittee on National Parks, Forests and Public Lands."
            },
            "number": "2732",
            "policyArea": {
                "name": "Public Lands and Natural Resources"
            },
            "title": "To amend the Act of July 3, 1890, to provide for the granting to a State of a parcel of land for use as an agricultural college and to proscribe the use of earnings and proceeds thereof.",
            "type": "HR",
            "url": "https://api.congress.gov/v3/bill/110/hr/2732?format=json"
        },
        {
            "congress": 110,
            "introducedDate": "2007-03-20",
            "latestAction": {
                "actionDate": "2007-03-27",
                "text": "Referred to the Subcommittee on National Parks, Forests and Public Lands."
            },
            "number": "1612",
            "policyArea": {
                "name": "Public Lands and Natural Resources"
            },
            "title": "Minidoka National Historic Site Act of 2007",
            "type": "HR",
            "url": "https://api.congress.gov/v3/bill/110/hr/1612?format=json"
        },
        {
            "congress": 110,
            "introducedDate": "2007-03-19",
            "latestAction": {
                "actionDate": "2007-03-23",
                "text": "Referred to the Subcommittee on National Parks, Forests and Public Lands."
            },
            "number": "1573",
            "policyArea": {
                "name": "Public Lands and Natural Resources"
            },
            "title": "Japanese American Memorial Act of 2007",
            "type": "HR",
            "url": "https://api.congress.gov/v3/bill/110/hr/1573?format=json"
        },
        {
            "congress": 110,
            "introducedDate": "2007-02-28",
            "latestAction": {
                "actionDate": "2007-03-05",
                "text": "Referred to the Subcommittee on Water and Power."
            },
            "number": "1251",
            "policyArea": {
                "name": "Public Lands and Natural Resources"
            },
            "title": "American Falls Reservoir District Number 2 Conveyance Act",
            "type": "HR",
            "url": "https://api.congress.gov/v3/bill/110/hr/1251?format=json"
        },
        {
            "congress": 110,
            "introducedDate": "2007-01-12",
            "latestAction": {
                "actionDate": "2007-03-06",
                "text": "Received in the Senate and Read twice and referred to the Committee on Energy and Natural Resources."
            },
            "number": "467",
            "policyArea": {
                "name": "Water Resources Development"
            },
            "title": "Southern Idaho Bureau of Reclamation Repayment Act of 2007",
            "type": "HR",
            "url": "https://api.congress.gov/v3/bill/110/hr/467?format=json"
        },
        {
            "congress": 110,
            "introducedDate": "2007-01-04",
            "latestAction": {
                "actionDate": "2007-02-02",
                "text": "Referred to the Subcommittee on Courts, the Internet, and Intellectual Property."
            },
            "number": "221",
            "policyArea": {
                "name": "Law"
            },
            "title": "Ninth Circuit Court of Appeals Judgeship and Reorganization Act of 2007",
            "type": "HR",
            "url": "https://api.congress.gov/v3/bill/110/hr/221?format=json"
        },
        {
            "congress": 110,
            "introducedDate": "2007-01-04",
            "latestAction": {
                "actionDate": "2007-02-07",
                "text": "Referred to the Subcommittee on National Parks, Forests and Public Lands."
            },
            "number": "222",
            "policyArea": {
                "name": "Public Lands and Natural Resources"
            },
            "title": "Central Idaho Economic Development and Recreation Act",
            "type": "HR",
            "url": "https://api.congress.gov/v3/bill/110/hr/222?format=json"
        },
        {
            "congress": 110,
            "introducedDate": "2007-05-01",
            "latestAction": {
                "actionDate": "2007-05-01",
                "text": "Referred to the House Committee on Oversight and Government Reform."
            },
            "number": "360",
            "policyArea": {
                "name": "Commemorations"
            },
            "title": "Recognizing the 70th anniversary of the Idaho Potato Commission and expressing the sense of the House of Representatives that an Idaho Potato Month should be established.",
            "type": "HRES",
            "url": "https://api.congress.gov/v3/bill/110/hres/360?format=json"
        },
        {
            "congress": 110,
            "introducedDate": "2007-01-09",
            "latestAction": {
                "actionDate": "2007-01-16",
                "actionTime": "19:13:50",
                "text": "Motion to reconsider laid on the table Agreed to without objection."
            },
            "number": "43",
            "policyArea": {
                "name": "Commemorations"
            },
            "title": "Commending the Boise State University Broncos football team for winning the 2007 Fiesta Bowl and completing an undefeated season.",
            "type": "HRES",
            "url": "https://api.congress.gov/v3/bill/110/hres/43?format=json"
        },
        {
            "congress": 110,
            "introducedDate": "2007-01-04",
            "latestAction": {
                "actionDate": "2007-01-04",
                "text": "Referred to the House Committee on Education and Labor."
            },
            "number": "26",
            "policyArea": {
                "name": "Commemorations"
            },
            "title": "Commending the Boise State University Broncos football team for winning the 2007 Fiesta Bowl and completing an undefeated season.",
            "type": "HRES",
            "url": "https://api.congress.gov/v3/bill/110/hres/26?format=json"
        },
        {
            "amendmentNumber": "780",
            "congress": 108,
            "introducedDate": "2004-10-05",
            "latestAction": {
                "actionDate": "2004-10-05",
                "actionTime": "13:04:23",
                "text": "On agreeing to the Simpson amendment (A002) Agreed to by recorded vote: 205 - 194 (Roll no. 492). "
            },
            "type": null,
            "url": "https://api.congress.gov/v3/amendment/108/hamdt/780?format=json"
        },
        {
            "congress": 108,
            "introducedDate": "2004-10-08",
            "latestAction": {
                "actionDate": "2004-11-08",
                "text": "Referred to the Subcommittee on National Parks, Recreation and Public Lands."
            },
            "number": "5343",
            "policyArea": {
                "name": "Public Lands and Natural Resources"
            },
            "title": "Central Idaho Economic Development and Recreation Act of 2004",
            "type": "HR",
            "url": "https://api.congress.gov/v3/bill/108/hr/5343?format=json"
        },
        {
            "congress": 108,
            "introducedDate": "2004-09-30",
            "latestAction": {
                "actionDate": "2004-11-05",
                "text": "Referred to the Subcommittee on Courts, the Internet, and Intellectual Property."
            },
            "number": "5194",
            "policyArea": {
                "name": "Commerce"
            },
            "title": "To clarify that service marks, collective marks, and certification marks are entitled to the same protections, rights, and privileges of trademarks.",
            "type": "HR",
            "url": "https://api.congress.gov/v3/bill/108/hr/5194?format=json"
        },
        {
            "congress": 108,
            "introducedDate": "2004-06-18",
            "latestAction": {
                "actionDate": "2004-07-07",
                "text": "Referred to the Subcommittee on Health."
            },
            "number": "4622",
            "policyArea": {
                "name": "Health"
            },
            "title": "Children's Dental Health Improvement Act of 2004",
            "type": "HR",
            "url": "https://api.congress.gov/v3/bill/108/hr/4622?format=json"
        },
        {
            "congress": 108,
            "introducedDate": "2004-05-05",
            "latestAction": {
                "actionDate": "2004-05-13",
                "text": "Referred to the Subcommittee on Department Operations, Oversight, Nutrition and Forestry."
            },
            "number": "4297",
            "policyArea": {
                "name": "Agriculture and Food"
            },
            "title": "To provide loan guarantees for renewable energy projects using biomass material.",
            "type": "HR",
            "url": "https://api.congress.gov/v3/bill/108/hr/4297?format=json"
        },
        {
            "congress": 108,
            "introducedDate": "2003-07-14",
            "latestAction": {
                "actionDate": "2003-10-21",
                "text": "Subcommittee Hearings Held."
            },
            "number": "2723",
            "policyArea": {
                "name": "Law"
            },
            "title": "Ninth Circuit Court of Appeals Judgeship and Reorganization Act of 2003",
            "type": "HR",
            "url": "https://api.congress.gov/v3/bill/108/hr/2723?format=json"
        },
        {
            "congress": 108,
            "introducedDate": "2003-06-19",
            "latestAction": {
                "actionDate": "2003-06-24",
                "text": "Executive Comment Requested from USDA, Interior."
            },
            "number": "2551",
            "policyArea": {
                "name": "Public Lands and Natural Resources"
            },
            "title": "Enhanced Safety from Wildfire Act of 2003",
            "type": "HR",
            "url": "https://api.congress.gov/v3/bill/108/hr/2551?format=json"
        },
        {
            "congress": 108,
            "introducedDate": "2003-06-05",
            "latestAction": {
                "actionDate": "2003-06-10",
                "text": "Referred to the Subcommittee on National Parks, Recreation and Public Lands."
            },
            "number": "2386",
            "policyArea": {
                "name": "Public Lands and Natural Resources"
            },
            "title": "National Monument Fairness Act",
            "type": "HR",
            "url": "https://api.congress.gov/v3/bill/108/hr/2386?format=json"
        },
        {
            "congress": 108,
            "introducedDate": "2003-06-05",
            "latestAction": {
                "actionDate": "2003-06-30",
                "text": "Referred to the Subcommittee on 21st Century Competitiveness."
            },
            "number": "2385",
            "policyArea": {
                "name": "Health"
            },
            "title": "To amend the Rehabilitation Act of 1973 to provide for more equitable allotment of funds to States for centers for independent living.",
            "type": "HR",
            "url": "https://api.congress.gov/v3/bill/108/hr/2385?format=json"
        },
        {
            "congress": 108,
            "introducedDate": "2003-06-02",
            "latestAction": {
                "actionDate": "2003-12-16",
                "text": "See Public Law 108-183."
            },
            "number": "2285",
            "policyArea": {
                "name": "Armed Forces and National Security"
            },
            "title": "Servicemembers Overseas Outreach Act",
            "type": "HR",
            "url": "https://api.congress.gov/v3/bill/108/hr/2285?format=json"
        },
        {
            "congress": 108,
            "introducedDate": "2003-05-22",
            "latestAction": {
                "actionDate": "2003-06-03",
                "text": "Referred to the Subcommittee on Forests and Forest Health."
            },
            "number": "2266",
            "policyArea": {
                "name": "Public Lands and Natural Resources"
            },
            "title": "To clarify the intent of Congress with respect to the continued use of established commercial outfitter hunting camps on the Salmon River.",
            "type": "HR",
            "url": "https://api.congress.gov/v3/bill/108/hr/2266?format=json"
        },
        {
            "congress": 108,
            "introducedDate": "2003-03-05",
            "latestAction": {
                "actionDate": "2003-03-17",
                "text": "Referred to the Subcommittee on Water and Power."
            },
            "number": "1106",
            "policyArea": {
                "name": "Water Resources Development"
            },
            "title": "Fremont-Madison Conveyance Act",
            "type": "HR",
            "url": "https://api.congress.gov/v3/bill/108/hr/1106?format=json"
        },
        {
            "congress": 108,
            "introducedDate": "2003-02-27",
            "latestAction": {
                "actionDate": "2003-05-05",
                "text": "Referred to the Subcommittee on Courts, the Internet, and Intellectual Property."
            },
            "number": "1033",
            "policyArea": {
                "name": "Law"
            },
            "title": "Ninth Circuit Court of Appeals Reorganization Act of 2003",
            "type": "HR",
            "url": "https://api.congress.gov/v3/bill/108/hr/1033?format=json"
        },
        {
            "congress": 108,
            "introducedDate": "2003-02-13",
            "latestAction": {
                "actionDate": "2003-04-10",
                "text": "Subcommittee Hearings Held."
            },
            "number": "850",
            "policyArea": {
                "name": "Armed Forces and National Security"
            },
            "title": "Former Prisoners of War Special Compensation Act of 2003",
            "type": "HR",
            "url": "https://api.congress.gov/v3/bill/108/hr/850?format=json"
        },
        {
            "congress": 107,
            "introducedDate": "2002-07-25",
            "latestAction": {
                "actionDate": "2002-08-09",
                "text": "Referred to the Subcommittee on Benefits."
            },
            "number": "5235",
            "policyArea": {
                "name": "Armed Forces and National Security"
            },
            "title": "Former Prisoners of War Special Compensation Act of 2002",
            "type": "HR",
            "url": "https://api.congress.gov/v3/bill/107/hr/5235?format=json"
        },
        {
            "congress": 107,
            "introducedDate": "2002-05-09",
            "latestAction": {
                "actionDate": "2002-09-25",
                "text": "Received in the Senate and Read twice and referred to the Committee on Energy and Natural Resources."
            },
            "number": "4708",
            "policyArea": {
                "name": "Water Resources Development"
            },
            "title": "Fremont-Madison Conveyance Act",
            "type": "HR",
            "url": "https://api.congress.gov/v3/bill/107/hr/4708?format=json"
        },
        {
            "congress": 107,
            "introducedDate": "2002-03-20",
            "latestAction": {
                "actionDate": "2002-11-07",
                "text": "Became Public Law No: 107-288."
            },
            "number": "4015",
            "policyArea": {
                "name": "Armed Forces and National Security"
            },
            "title": "Jobs for Veterans Act",
            "type": "HR",
            "url": "https://api.congress.gov/v3/bill/107/hr/4015?format=json"
        },
        {
            "congress": 107,
            "introducedDate": "2001-12-13",
            "latestAction": {
                "actionDate": "2001-12-18",
                "text": "Executive Comment Requested from USDA."
            },
            "number": "3499",
            "policyArea": {
                "name": "Agriculture and Food"
            },
            "title": "To expand the Farm Storage Facility Loan Program of the Department of Agriculture by making loans available to assist producers in providing storage for hay.",
            "type": "HR",
            "url": "https://api.congress.gov/v3/bill/107/hr/3499?format=json"
        },
        {
            "congress": 107,
            "introducedDate": "2001-12-06",
            "latestAction": {
                "actionDate": "2001-12-11",
                "text": "Executive Comment Requested from USDA."
            },
            "number": "3438",
            "policyArea": {
                "name": "Agriculture and Food"
            },
            "title": "To authorize the State committees appointed to carry out agricultural credit programs under the Consolidated Farm and Rural Development Act to permit the emergency commercial use of land enrolled in the conservation reserve program.",
            "type": "HR",
            "url": "https://api.congress.gov/v3/bill/107/hr/3438?format=json"
        },
        {
            "congress": 107,
            "introducedDate": "2001-08-02",
            "latestAction": {
                "actionDate": "2002-12-17",
                "text": "Became Public Law No: 107-361."
            },
            "number": "2818",
            "policyArea": {
                "name": "Public Lands and Natural Resources"
            },
            "title": "To authorize the Secretary of the Interior to convey certain public land within the Sand Mountain Wilderness Study Area in the State of Idaho to resolve an occupancy encroachment dating back to 1971.",
            "type": "HR",
            "url": "https://api.congress.gov/v3/bill/107/hr/2818?format=json"
        },
        {
            "congress": 107,
            "introducedDate": "2001-06-08",
            "latestAction": {
                "actionDate": "2001-06-21",
                "text": "Executive Comment Requested from USDA."
            },
            "number": "2119",
            "policyArea": {
                "name": "Public Lands and Natural Resources"
            },
            "title": "National Historic Forests Act of 2001",
            "type": "HR",
            "url": "https://api.congress.gov/v3/bill/107/hr/2119?format=json"
        },
        {
            "congress": 107,
            "introducedDate": "2001-06-07",
            "latestAction": {
                "actionDate": "2002-04-15",
                "text": "Placed on the Union Calendar, Calendar No. 242."
            },
            "number": "2114",
            "policyArea": {
                "name": "Public Lands and Natural Resources"
            },
            "title": "National Monument Fairness Act",
            "type": "HR",
            "url": "https://api.congress.gov/v3/bill/107/hr/2114?format=json"
        },
        {
            "congress": 107,
            "introducedDate": "2001-04-04",
            "latestAction": {
                "actionDate": "2001-04-16",
                "text": "Referred to the Subcommittee on Environment and Hazardous Materials."
            },
            "number": "1519",
            "policyArea": {
                "name": "Environmental Protection"
            },
            "title": "Project SEARCH Act of 2001",
            "type": "HR",
            "url": "https://api.congress.gov/v3/bill/107/hr/1519?format=json"
        },
        {
            "congress": 107,
            "introducedDate": "2001-03-22",
            "latestAction": {
                "actionDate": "2002-07-23",
                "text": "Subcommittee Hearings Held."
            },
            "number": "1203",
            "policyArea": {
                "name": "Law"
            },
            "title": "Ninth Circuit Court of Appeals Reorganization Act of 2001",
            "type": "HR",
            "url": "https://api.congress.gov/v3/bill/107/hr/1203?format=json"
        },
        {
            "congress": 107,
            "introducedDate": "2001-03-21",
            "latestAction": {
                "actionDate": "2001-04-19",
                "text": "Referred to the Subcommittee on Commercial and Administrative Law."
            },
            "number": "1156",
            "policyArea": {
                "name": "Water Resources Development"
            },
            "title": "State Water Sovereignty Protection Act",
            "type": "HR",
            "url": "https://api.congress.gov/v3/bill/107/hr/1156?format=json"
        },
        {
            "congress": 107,
            "introducedDate": "2001-02-14",
            "latestAction": {
                "actionDate": "2001-03-20",
                "text": "Referred to the Subcommittee on Commercial and Administrative Law."
            },
            "number": "705",
            "policyArea": {
                "name": "Water Resources Development"
            },
            "title": "Water Adjudication Fee Fairness Act of 2001",
            "type": "HR",
            "url": "https://api.congress.gov/v3/bill/107/hr/705?format=json"
        },
        {
            "congress": 107,
            "introducedDate": "2001-02-13",
            "latestAction": {
                "actionDate": "2002-08-21",
                "text": "Became Public Law No: 107-213."
            },
            "number": "601",
            "policyArea": {
                "name": "Public Lands and Natural Resources"
            },
            "title": "To redesignate certain lands within the Craters of the Moon National Monument, and for other purposes.",
            "type": "HR",
            "url": "https://api.congress.gov/v3/bill/107/hr/601?format=json"
        },
        {
            "amendmentNumber": "695",
            "congress": 106,
            "introducedDate": "2000-05-10",
            "latestAction": {
                "actionDate": "2000-05-11",
                "actionTime": "11:13:00",
                "text": "On agreeing to the Simpson amendment (A014) Failed by recorded vote: 157 - 266 (Roll no. 171). (consideration: CR H2911-2912; text: CR H2911-2912)"
            },
            "type": null,
            "url": "https://api.congress.gov/v3/amendment/106/hamdt/695?format=json"
        },
        {
            "congress": 106,
            "introducedDate": "2000-10-18",
            "latestAction": {
                "actionDate": "2000-10-30",
                "text": "Referred to the Subcommittee on Livestock and Horticulture."
            },
            "number": "5495",
            "policyArea": {
                "name": "Agriculture and Food"
            },
            "title": "Dairy Market Enhancement Act of 2000",
            "type": "HR",
            "url": "https://api.congress.gov/v3/bill/106/hr/5495?format=json"
        },
        {
            "congress": 106,
            "introducedDate": "2000-10-06",
            "latestAction": {
                "actionDate": "2000-10-16",
                "text": "Referred to the Subcommittee on Trade."
            },
            "number": "5423",
            "policyArea": {
                "name": "Foreign Trade and International Finance"
            },
            "title": "To amend the Harmonized Tariff Schedule of the United States to prevent circumvention of the sugar tariff-rate quotas.",
            "type": "HR",
            "url": "https://api.congress.gov/v3/bill/106/hr/5423?format=json"
        },
        {
            "congress": 106,
            "introducedDate": "2000-05-18",
            "latestAction": {
                "actionDate": "2000-06-05",
                "text": "Executive Comment Requested from Interior."
            },
            "number": "4496",
            "policyArea": {
                "name": "Animals"
            },
            "title": "Protecting America's Wolves Act",
            "type": "HR",
            "url": "https://api.congress.gov/v3/bill/106/hr/4496?format=json"
        },
        {
            "congress": 106,
            "introducedDate": "2000-04-05",
            "latestAction": {
                "actionDate": "2000-04-14",
                "text": "Referred to the Subcommittee on Courts and Intellectual Property."
            },
            "number": "4196",
            "policyArea": {
                "name": "Water Resources Development"
            },
            "title": "Water Adjudication Fee Fairness Act of 2000",
            "type": "HR",
            "url": "https://api.congress.gov/v3/bill/106/hr/4196?format=json"
        },
        {
            "congress": 106,
            "introducedDate": "2000-03-29",
            "latestAction": {
                "actionDate": "2000-04-05",
                "text": "Executive Comment Requested from Interior."
            },
            "number": "4121",
            "policyArea": {
                "name": "Public Lands and Natural Resources"
            },
            "title": "National Monument Accountability Act",
            "type": "HR",
            "url": "https://api.congress.gov/v3/bill/106/hr/4121?format=json"
        },
        {
            "congress": 106,
            "introducedDate": "2000-02-29",
            "latestAction": {
                "actionDate": "2000-03-07",
                "text": "Referred to the Subcommittee on Trade."
            },
            "number": "3751",
            "policyArea": {
                "name": "Foreign Trade and International Finance"
            },
            "title": "To extend the temporary suspension of duty on certain semi-manufactured forms of gold.",
            "type": "HR",
            "url": "https://api.congress.gov/v3/bill/106/hr/3751?format=json"
        },
        {
            "congress": 106,
            "introducedDate": "2000-02-16",
            "latestAction": {
                "actionDate": "2000-06-22",
                "text": "Forwarded by Subcommittee to Full Committee by Voice Vote."
            },
            "number": "3693",
            "policyArea": {
                "name": "Public Lands and Natural Resources"
            },
            "title": "Castle Rock Ranch Acquisition Act of 2000",
            "type": "HR",
            "url": "https://api.congress.gov/v3/bill/106/hr/3693?format=json"
        },
        {
            "congress": 106,
            "introducedDate": "2000-02-03",
            "latestAction": {
                "actionDate": "2000-10-27",
                "text": "Became Public Law No: 106-371."
            },
            "number": "3577",
            "policyArea": {
                "name": "Water Resources Development"
            },
            "title": "To increase the amount authorized to be appropriated for the north side pumping division of the Minidoka reclamation project, Idaho.",
            "type": "HR",
            "url": "https://api.congress.gov/v3/bill/106/hr/3577?format=json"
        },
        {
            "congress": 106,
            "introducedDate": "1999-07-01",
            "latestAction": {
                "actionDate": "1999-07-13",
                "text": "Referred to the Subcommittee on Courts and Intellectual Property."
            },
            "number": "2456",
            "policyArea": {
                "name": "Water Resources Development"
            },
            "title": "State Water Sovereignty Protection Act",
            "type": "HR",
            "url": "https://api.congress.gov/v3/bill/106/hr/2456?format=json"
        }
    ]
}