{
    "pagination": {
        "count": 86
    },
    "request": {
        "bioguideId": "j000115",
        "contentType": "application/json",
        "format": "json"
    },
    "sponsoredLegislation": [
        {
            "congress": 93,
            "introducedDate": "1974-10-02",
            "latestAction": {
                "actionDate": "1974-10-02",
                "text": "Referred to House Committee on Interstate and Foreign Commerce."
            },
            "number": "17004",
            "policyArea": {
                "name": "Health"
            },
            "title": "Arthritis Prevention, Treatment, and Rehabilitation Act",
            "type": "HR",
            "url": "https://api.congress.gov/v3/bill/93/hr/17004?format=json"
        },
        {
            "congress": 93,
            "introducedDate": "1974-09-19",
            "latestAction": {
                "actionDate": "1974-09-19",
                "text": "Referred to House Committee on Ways and Means."
            },
            "number": "16745",
            "policyArea": {
                "name": "Taxation"
            },
            "title": "A bill to exclude from gross income the first $1,000 of interest received from savings account deposits in home lending institutions.",
            "type": "HR",
            "url": "https://api.congress.gov/v3/bill/93/hr/16745?format=json"
        },
        {
            "congress": 93,
            "introducedDate": "1974-09-19",
            "latestAction": {
                "actionDate": "1974-09-19",
                "text": "Referred to House Committee on the Judiciary."
            },
            "number": "16779",
            "policyArea": {
                "name": "Private Legislation"
            },
            "title": "A bill for the relief of the Upper Allegheny Sand and Gravel Co., Inc.",
            "type": "HR",
            "url": "https://api.congress.gov/v3/bill/93/hr/16779?format=json"
        },
        {
            "congress": 93,
            "introducedDate": "1974-09-16",
            "latestAction": {
                "actionDate": "1974-09-16",
                "text": "Referred to House Committee on Ways and Means."
            },
            "number": "16665",
            "policyArea": {
                "name": "Taxation"
            },
            "title": "A bill to amend the Internal Revenue Code of 1954 to exclude from gross income the amount of certain cancellations of indebtedness under student loan programs.",
            "type": "HR",
            "url": "https://api.congress.gov/v3/bill/93/hr/16665?format=json"
        },
        {
            "congress": 93,
            "introducedDate": "1974-07-31",
            "latestAction": {
                "actionDate": "1974-07-31",
                "text": "Referred to House Committee on Judiciary."
            },
            "number": "16182",
            "policyArea": {
                "name": "Government Operations and Politics"
            },
            "title": "A bill to incorporate the United States Submarine Veterans of World War II.",
            "type": "HR",
            "url": "https://api.congress.gov/v3/bill/93/hr/16182?format=json"
        },
        {
            "congress": 93,
            "introducedDate": "1974-06-27",
            "latestAction": {
                "actionDate": "1974-06-27",
                "text": "Referred to House Committee on Ways and Means."
            },
            "number": "15681",
            "policyArea": {
                "name": "Taxation"
            },
            "title": "Cost-of-Living Adjustment Act",
            "type": "HR",
            "url": "https://api.congress.gov/v3/bill/93/hr/15681?format=json"
        },
        {
            "congress": 93,
            "introducedDate": "1974-06-21",
            "latestAction": {
                "actionDate": "1974-06-21",
                "text": "Referred to House Committee on Banking and Currency."
            },
            "number": "15564",
            "policyArea": {
                "name": "Public Lands and Natural Resources"
            },
            "title": "National Commission on Supplies and Shortages Act",
            "type": "HR",
            "url": "https://api.congress.gov/v3/bill/93/hr/15564?format=json"
        },
        {
            "congress": 93,
            "introducedDate": "1974-06-21",
            "latestAction": {
                "actionDate": "1974-06-21",
                "text": "Referred to House Committee on Ways and Means."
            },
            "number": "15566",
            "policyArea": {
                "name": "Commerce"
            },
            "title": "Small Business Tax Relief Act",
            "type": "HR",
            "url": "https://api.congress.gov/v3/bill/93/hr/15566?format=json"
        },
        {
            "congress": 93,
            "introducedDate": "1974-06-21",
            "latestAction": {
                "actionDate": "1974-06-21",
                "text": "Referred to House Committee on Ways and Means."
            },
            "number": "15565",
            "policyArea": {
                "name": "Economics and Public Finance"
            },
            "title": "A bill to provide that Federal expenditures shall not exceed Federal revenues, except in time of war or grave national emergency declared by the Congress, and to provide for systematic reduction of the public debt.",
            "type": "HR",
            "url": "https://api.congress.gov/v3/bill/93/hr/15565?format=json"
        },
        {
            "congress": 93,
            "introducedDate": "1974-06-06",
            "latestAction": {
                "actionDate": "1974-06-06",
                "text": "Referred to House Committee on Science and Astronautics."
            },
            "number": "15279",
            "policyArea": {
                "name": "Animals"
            },
            "title": "A bill to prohibit the use of appropriated funds for the purposes of carrying out research, testing, and/or evaluation of poisonous chemicals, biological, or chemical warfare agents upon dogs.",
            "type": "HR",
            "url": "https://api.congress.gov/v3/bill/93/hr/15279?format=json"
        },
        {
            "congress": 93,
            "introducedDate": "1974-04-09",
            "latestAction": {
                "actionDate": "1974-04-09",
                "text": "Referred to House Committee on Veterans' Affairs."
            },
            "number": "14064",
            "policyArea": {
                "name": "Armed Forces and National Security"
            },
            "title": "A bill to amend title 38, United States Code, to provide an annual clothing allowance to certain veterans who, because of service-connected disability wear a prosthetic appliance or appliances which tend to wear out or tear their clothing.",
            "type": "HR",
            "url": "https://api.congress.gov/v3/bill/93/hr/14064?format=json"
        },
        {
            "congress": 93,
            "introducedDate": "1974-04-09",
            "latestAction": {
                "actionDate": "1974-04-09",
                "text": "Referred to House Committee on Veterans' Affairs."
            },
            "number": "14066",
            "policyArea": {
                "name": "Armed Forces and National Security"
            },
            "title": "A bill to amend title 38, United States Code, to authorize the Administrator of Veterans' Affairs to contract with private facilities near the homes of veterans for the medical care and treatment of veterans, and for other purposes.",
            "type": "HR",
            "url": "https://api.congress.gov/v3/bill/93/hr/14066?format=json"
        },
        {
            "congress": 93,
            "introducedDate": "1974-04-09",
            "latestAction": {
                "actionDate": "1974-04-09",
                "text": "Referred to House Committee on Veterans' Affairs."
            },
            "number": "14065",
            "policyArea": {
                "name": "Armed Forces and National Security"
            },
            "title": "A bill to expand the authority of the Veterans' Administration to make direct loans to veterans where private capital is unavailable at the statutory interest rate.",
            "type": "HR",
            "url": "https://api.congress.gov/v3/bill/93/hr/14065?format=json"
        },
        {
            "congress": 93,
            "introducedDate": "1974-04-09",
            "latestAction": {
                "actionDate": "1974-04-09",
                "text": "Referred to House Committee on Interstate and Foreign Commerce."
            },
            "number": "14063",
            "policyArea": {
                "name": "Labor and Employment"
            },
            "title": "A bill to amend the Railroad Retirement Act of 1937 so as to increase the amount of the annuities payable thereunder to widows and widowers.",
            "type": "HR",
            "url": "https://api.congress.gov/v3/bill/93/hr/14063?format=json"
        },
        {
            "congress": 93,
            "introducedDate": "1974-04-02",
            "latestAction": {
                "actionDate": "1974-04-02",
                "text": "Referred to House Committee on Veterans' Affairs."
            },
            "number": "13888",
            "policyArea": {
                "name": "Armed Forces and National Security"
            },
            "title": "A bill to amend title 38 of the United States Code in order to provide service pension to certain veterans of World War I and pension to the widows of such veterans.",
            "type": "HR",
            "url": "https://api.congress.gov/v3/bill/93/hr/13888?format=json"
        },
        {
            "congress": 93,
            "introducedDate": "1974-04-02",
            "latestAction": {
                "actionDate": "1974-04-02",
                "text": "Referred to House Committee on Banking and Currency."
            },
            "number": "13887",
            "policyArea": {
                "name": "Agriculture and Food"
            },
            "title": "A bill to amend the Export Administration Act of 1969, to provide a formula to control the exports of wheat, soybeans, and corn from the United States.",
            "type": "HR",
            "url": "https://api.congress.gov/v3/bill/93/hr/13887?format=json"
        },
        {
            "congress": 93,
            "introducedDate": "1974-03-27",
            "latestAction": {
                "actionDate": "1974-03-27",
                "text": "Referred to House Committee on Interstate and Foreign Commerce."
            },
            "number": "13777",
            "policyArea": {
                "name": "Insurance"
            },
            "title": "National No-Fault Motor Vehicle Insurance Act",
            "type": "HR",
            "url": "https://api.congress.gov/v3/bill/93/hr/13777?format=json"
        },
        {
            "congress": 93,
            "introducedDate": "1974-03-21",
            "latestAction": {
                "actionDate": "1974-03-21",
                "text": "Referred to House Committee on Veterans' Affairs."
            },
            "number": "13664",
            "policyArea": {
                "name": "Armed Forces and National Security"
            },
            "title": "A bill to increase the monthly rates of dependency and indemnity compensation payable under the veterans' laws by 17 percent, and to increase the monthly rates of pension payable under such laws by 15 percent.",
            "type": "HR",
            "url": "https://api.congress.gov/v3/bill/93/hr/13664?format=json"
        },
        {
            "congress": 93,
            "introducedDate": "1974-03-19",
            "latestAction": {
                "actionDate": "1974-03-19",
                "text": "Referred to House Committee on Ways and Means."
            },
            "number": "13585",
            "policyArea": {
                "name": "Social Welfare"
            },
            "title": "A bill to amend title II of the Social Security Act to provide that a beneficiary who dies shall (if he is otherwise qualified) be entitled to a prorated benefit for the month of his death.",
            "type": "HR",
            "url": "https://api.congress.gov/v3/bill/93/hr/13585?format=json"
        },
        {
            "congress": 93,
            "introducedDate": "1974-03-21",
            "latestAction": {
                "actionDate": "1974-03-21",
                "text": "Referred to House Committee on Banking and Currency."
            },
            "number": "13663",
            "policyArea": {
                "name": "Agriculture and Food"
            },
            "title": "Domestic Food Price Impact Statement Act",
            "type": "HR",
            "url": "https://api.congress.gov/v3/bill/93/hr/13663?format=json"
        },
        {
            "congress": 93,
            "introducedDate": "1974-03-20",
            "latestAction": {
                "actionDate": "1974-03-20",
                "text": "Referred to House Committee on Ways and Means."
            },
            "number": "13611",
            "policyArea": {
                "name": "Social Welfare"
            },
            "title": "Older Americans Tax Counseling Assistance Act",
            "type": "HR",
            "url": "https://api.congress.gov/v3/bill/93/hr/13611?format=json"
        },
        {
            "congress": 93,
            "introducedDate": "1974-03-14",
            "latestAction": {
                "actionDate": "1974-03-14",
                "text": "Referred to House Committee on Banking and Currency."
            },
            "number": "13505",
            "policyArea": {
                "name": "Agriculture and Food"
            },
            "title": "A bill to prohibit the exportation of fertilizer from the United States until the Secretary of Agriculture determines that an adequate domestic supply of fertilizer exists.",
            "type": "HR",
            "url": "https://api.congress.gov/v3/bill/93/hr/13505?format=json"
        },
        {
            "congress": 93,
            "introducedDate": "1974-03-05",
            "latestAction": {
                "actionDate": "1974-03-05",
                "text": "Referred to House Committee on Interstate and Foreign Commerce."
            },
            "number": "13220",
            "policyArea": {
                "name": "Transportation and Public Works"
            },
            "title": "A bill to amend section 402 of the Regional Rail Reorganization Act of 1973 to provide for an increase of $500 million in the amounts authorized to be appropriated for rail service continuation subsidies.",
            "type": "HR",
            "url": "https://api.congress.gov/v3/bill/93/hr/13220?format=json"
        },
        {
            "congress": 93,
            "introducedDate": "1974-02-04",
            "latestAction": {
                "actionDate": "1974-02-04",
                "text": "Referred to House Committee on Banking and Currency."
            },
            "number": "12514",
            "policyArea": {
                "name": "Foreign Trade and International Finance"
            },
            "title": "Scrap Iron and Steel Export Administration Act",
            "type": "HR",
            "url": "https://api.congress.gov/v3/bill/93/hr/12514?format=json"
        },
        {
            "congress": 93,
            "introducedDate": "1974-02-04",
            "latestAction": {
                "actionDate": "1974-02-04",
                "text": "Referred to House Committee on Interstate and Foreign Commerce."
            },
            "number": "12515",
            "policyArea": {
                "name": "Energy"
            },
            "title": "Energy Information Act",
            "type": "HR",
            "url": "https://api.congress.gov/v3/bill/93/hr/12515?format=json"
        },
        {
            "congress": 93,
            "introducedDate": "1974-01-31",
            "latestAction": {
                "actionDate": "1974-01-31",
                "text": "Referred to House Committee on Interstate and Foreign Commerce."
            },
            "number": "12467",
            "policyArea": {
                "name": "Science, Technology, Communications"
            },
            "title": "A bill to repeal the Emergency Daylight Saving Time Energy Conservation Act of 1973.",
            "type": "HR",
            "url": "https://api.congress.gov/v3/bill/93/hr/12467?format=json"
        },
        {
            "congress": 93,
            "introducedDate": "1973-12-06",
            "latestAction": {
                "actionDate": "1973-12-06",
                "text": "Referred to House Committee on Appropriations."
            },
            "number": "11822",
            "policyArea": {
                "name": "Arts, Culture, Religion"
            },
            "title": "A bill making appropriations to the Department of Health, Education, and Welfare for the fiscal year ending June 30, 1974, with respect to library resources.",
            "type": "HR",
            "url": "https://api.congress.gov/v3/bill/93/hr/11822?format=json"
        },
        {
            "congress": 93,
            "introducedDate": "1973-12-06",
            "latestAction": {
                "actionDate": "1973-12-06",
                "text": "Referred to House Committee on Interstate and Foreign Commerce."
            },
            "number": "11823",
            "policyArea": {
                "name": "Housing and Community Development"
            },
            "title": "Rural Health Care Delivery Improvement Act",
            "type": "HR",
            "url": "https://api.congress.gov/v3/bill/93/hr/11823?format=json"
        },
        {
            "congress": 93,
            "introducedDate": "1973-11-30",
            "latestAction": {
                "actionDate": "1973-11-30",
                "text": "Referred to House Committee on Banking and Currency."
            },
            "number": "11697",
            "policyArea": {
                "name": "Foreign Trade and International Finance"
            },
            "title": "A bill to amend the Export Administration Act of 1969, to prohibit the export of oil from the United States to countries other than Canada and Mexico.",
            "type": "HR",
            "url": "https://api.congress.gov/v3/bill/93/hr/11697?format=json"
        },
        {
            "congress": 93,
            "introducedDate": "1973-12-03",
            "latestAction": {
                "actionDate": "1973-12-03",
                "text": "Referred to House Committee on Interior and Insular Affairs."
            },
            "number": "11742",
            "policyArea": {
                "name": "Petroleum industry"
            },
            "title": "A bill to encourage drilling and prospecting for oil and natural gas in land not known to be productive of oil and natural gas.",
            "type": "HR",
            "url": "https://api.congress.gov/v3/bill/93/hr/11742?format=json"
        },
        {
            "congress": 93,
            "introducedDate": "1973-10-16",
            "latestAction": {
                "actionDate": "1973-10-16",
                "text": "Referred to House Committee on Interstate and Foreign Commerce."
            },
            "number": "10928",
            "policyArea": {
                "name": "Motor vehicles"
            },
            "title": "A bill to amend the National Traffic and Motor Vehicle Safety Act of 1966 to prohibit the Secretary of Transportation from imposing certain seatbelt standards, and for other purposes.",
            "type": "HR",
            "url": "https://api.congress.gov/v3/bill/93/hr/10928?format=json"
        },
        {
            "congress": 93,
            "introducedDate": "1973-10-16",
            "latestAction": {
                "actionDate": "1973-10-16",
                "text": "Referred to House Committee on Ways and Means."
            },
            "number": "10929",
            "policyArea": {
                "name": "Rural affairs legislation"
            },
            "title": "Rural Development Incentive Act",
            "type": "HR",
            "url": "https://api.congress.gov/v3/bill/93/hr/10929?format=json"
        },
        {
            "congress": 93,
            "introducedDate": "1973-10-16",
            "latestAction": {
                "actionDate": "1973-10-16",
                "text": "Referred to House Committee on Banking and Currency."
            },
            "number": "10927",
            "policyArea": {
                "name": "Housing and Community Development"
            },
            "title": "Small Community Development Act",
            "type": "HR",
            "url": "https://api.congress.gov/v3/bill/93/hr/10927?format=json"
        },
        {
            "congress": 93,
            "introducedDate": "1973-10-09",
            "latestAction": {
                "actionDate": "1973-10-09",
                "text": "Referred to House Committee on Veterans' Affairs."
            },
            "number": "10820",
            "policyArea": {
                "name": "Armed Forces and National Security"
            },
            "title": "A bill to amend title 38 of the United States Code to make certain that recipients of veterans' pension and compensation will not have the amount of such pension or compensation reduced because of increases in monthly social security benefits.",
            "type": "HR",
            "url": "https://api.congress.gov/v3/bill/93/hr/10820?format=json"
        },
        {
            "congress": 93,
            "introducedDate": "1973-10-11",
            "latestAction": {
                "actionDate": "1973-10-11",
                "text": "Referred to House Committee on Ways and Means."
            },
            "number": "10867",
            "policyArea": {
                "name": "Environmental Protection"
            },
            "title": "A bill to amend the Internal Revenue Code of 1954 to provide income tax incentives to improve the waste Economics of recycling paper.",
            "type": "HR",
            "url": "https://api.congress.gov/v3/bill/93/hr/10867?format=json"
        },
        {
            "congress": 93,
            "introducedDate": "1973-10-11",
            "latestAction": {
                "actionDate": "1973-10-11",
                "text": "Referred to House Committee on Ways and Means."
            },
            "number": "10866",
            "policyArea": {
                "name": "Motor vehicles"
            },
            "title": "A bill to encourage States to establish motor vehicle disposal programs and to provide for federally guaranteed loans and tax incentives for the acquisition of automobile scrap processing equipment.",
            "type": "HR",
            "url": "https://api.congress.gov/v3/bill/93/hr/10866?format=json"
        },
        {
            "congress": 93,
            "introducedDate": "1973-10-04",
            "latestAction": {
                "actionDate": "1973-10-04",
                "text": "Referred to House Committee on Education and Labor."
            },
            "number": "10757",
            "policyArea": {
                "name": "Labor and Employment"
            },
            "title": "Fair Labor Standards Amendments",
            "type": "HR",
            "url": "https://api.congress.gov/v3/bill/93/hr/10757?format=json"
        },
        {
            "congress": 93,
            "introducedDate": "1973-10-02",
            "latestAction": {
                "actionDate": "1973-10-02",
                "text": "Referred to House Committee on Science and Astronautics."
            },
            "number": "10634",
            "policyArea": {
                "name": "Emergency Management"
            },
            "title": "Earthquake Prevention and Prediction Research Act",
            "type": "HR",
            "url": "https://api.congress.gov/v3/bill/93/hr/10634?format=json"
        },
        {
            "congress": 93,
            "introducedDate": "1973-09-20",
            "latestAction": {
                "actionDate": "1973-09-20",
                "text": "Referred to House Committee on Interstate and Foreign Commerce."
            },
            "number": "10431",
            "policyArea": {
                "name": "Health"
            },
            "title": "A bill to amend the Community Mental Health Centers Act to reorganize certain grant programs, and for other purposes.",
            "type": "HR",
            "url": "https://api.congress.gov/v3/bill/93/hr/10431?format=json"
        },
        {
            "congress": 93,
            "introducedDate": "1973-09-19",
            "latestAction": {
                "actionDate": "1973-09-19",
                "text": "Referred to House Committee on Banking and Currency."
            },
            "number": "10374",
            "policyArea": {
                "name": "Environmental Protection"
            },
            "title": "National Environmental Financing Act",
            "type": "HR",
            "url": "https://api.congress.gov/v3/bill/93/hr/10374?format=json"
        },
        {
            "congress": 93,
            "introducedDate": "1973-09-19",
            "latestAction": {
                "actionDate": "1973-09-19",
                "text": "Referred to House Committee on Veterans' Affairs."
            },
            "number": "10375",
            "policyArea": {
                "name": "Armed Forces and National Security"
            },
            "title": "A bill to increase veterans education assistance rates by 10 percent.",
            "type": "HR",
            "url": "https://api.congress.gov/v3/bill/93/hr/10375?format=json"
        },
        {
            "congress": 93,
            "introducedDate": "1973-09-13",
            "latestAction": {
                "actionDate": "1973-09-13",
                "text": "Referred to House Committee on Science and Astronautics."
            },
            "number": "10258",
            "policyArea": {
                "name": "Disasters"
            },
            "title": "A bill to authorize the Administrator of the National Aeronautics and Space Administration to conduct research and development programs to increase knowledge of tornados, hurricanes, large thunderstorms, and other types of short-term weather phenomena, and to develop methods for predicting, detecting, and monitoring such atmospheric behavior.",
            "type": "HR",
            "url": "https://api.congress.gov/v3/bill/93/hr/10258?format=json"
        },
        {
            "congress": 93,
            "introducedDate": "1973-09-11",
            "latestAction": {
                "actionDate": "1973-09-11",
                "text": "Referred to House Committee on House Administration."
            },
            "number": "10165",
            "policyArea": {
                "name": "Government Operations and Politics"
            },
            "title": "Clean Elections Act",
            "type": "HR",
            "url": "https://api.congress.gov/v3/bill/93/hr/10165?format=json"
        },
        {
            "congress": 93,
            "introducedDate": "1973-09-10",
            "latestAction": {
                "actionDate": "1973-09-10",
                "text": "Referred to House Committee on Ways and Means."
            },
            "number": "10130",
            "policyArea": {
                "name": "Taxation"
            },
            "title": "A bill to allow a credit against Federal income tax or payment from the U.S. Treasury for State and local real property taxes or an equivalent portion of rent paid on their residences by individuals who have attained age 65.",
            "type": "HR",
            "url": "https://api.congress.gov/v3/bill/93/hr/10130?format=json"
        },
        {
            "congress": 93,
            "introducedDate": "1973-09-05",
            "latestAction": {
                "actionDate": "1973-09-05",
                "text": "Referred to House Committee on Interstate and Foreign Commerce."
            },
            "number": "10045",
            "policyArea": {
                "name": "Commerce"
            },
            "title": "A bill to amend the Federal Trade Commission Act (15 U.S.C. 41) to provide that under certain circumstances exclusive territorial arrangements shall not be deemed unlawful.",
            "type": "HR",
            "url": "https://api.congress.gov/v3/bill/93/hr/10045?format=json"
        },
        {
            "congress": 93,
            "introducedDate": "1973-08-03",
            "latestAction": {
                "actionDate": "1973-08-03",
                "text": "Referred to House Committee on Ways and Means."
            },
            "number": "9932",
            "policyArea": {
                "name": "Social Welfare"
            },
            "title": "A bill to amend title II of the Social Security Act to provide that an individual may become entitled to widow's or widower's insurance benefits at age 45 whether or not disabled, subject to the existing actuarial reduction but with a benefit amount no lower than 80 percent of the decreased reduction but with a benefit amount no lower than 80 percent of the decreased worker's primary insurance amount, and to provide for the payment of widow's and widower's insurance benefits equal to 100 percent of such amount where initial entitlement is at or after age 60 (rather than only at or after age 65).",
            "type": "HR",
            "url": "https://api.congress.gov/v3/bill/93/hr/9932?format=json"
        },
        {
            "congress": 93,
            "introducedDate": "1973-05-15",
            "latestAction": {
                "actionDate": "1973-05-15",
                "text": "Referred to House Committee on Public Works."
            },
            "number": "7811",
            "policyArea": {
                "name": "Dams"
            },
            "title": "A bill to modify the project for Kinzua Dam and Allegheny Reservoir, Pa and N.Y.",
            "type": "HR",
            "url": "https://api.congress.gov/v3/bill/93/hr/7811?format=json"
        },
        {
            "congress": 93,
            "introducedDate": "1973-04-11",
            "latestAction": {
                "actionDate": "1973-04-11",
                "text": "Referred to House Committee on the Judiciary."
            },
            "number": "6841",
            "policyArea": {
                "name": "Crime and Law Enforcement"
            },
            "title": "A bill to amend chapter 44 of title 18 of the United States Code (respecting firearms) to penalize the use of firearms in the commission of any felony and to increase the penalties in certain related existing provisions.",
            "type": "HR",
            "url": "https://api.congress.gov/v3/bill/93/hr/6841?format=json"
        },
        {
            "congress": 93,
            "introducedDate": "1973-04-11",
            "latestAction": {
                "actionDate": "1973-04-11",
                "text": "Referred to House Committee on Ways and Means."
            },
            "number": "6842",
            "policyArea": {
                "name": "Taxation"
            },
            "title": "A bill to amend section 4182 of the Internal Revenue Code of 1954.",
            "type": "HR",
            "url": "https://api.congress.gov/v3/bill/93/hr/6842?format=json"
        },
        {
            "congress": 93,
            "introducedDate": "1973-04-11",
            "latestAction": {
                "actionDate": "1973-04-11",
                "text": "Referred to House Committee on Ways and Means."
            },
            "number": "6843",
            "policyArea": {
                "name": "Social Welfare"
            },
            "title": "A bill to provide for repayment of certain sums advanced to providers of services under title XVIII of the Social Security Act.",
            "type": "HR",
            "url": "https://api.congress.gov/v3/bill/93/hr/6843?format=json"
        },
        {
            "congress": 93,
            "introducedDate": "1973-03-13",
            "latestAction": {
                "actionDate": "1973-03-13",
                "text": "Referred to House Committee on the Judiciary."
            },
            "number": "5565",
            "policyArea": {
                "name": "Private Legislation"
            },
            "title": "For the relief of Commander Howard A. Weltner, U.S. Naval Reserves.",
            "type": "HR",
            "url": "https://api.congress.gov/v3/bill/93/hr/5565?format=json"
        },
        {
            "congress": 93,
            "introducedDate": "1973-03-08",
            "latestAction": {
                "actionDate": "1973-03-08",
                "text": "Referred to House Committee on the Judiciary."
            },
            "number": "5417",
            "policyArea": {
                "name": "Crime and Law Enforcement"
            },
            "title": "A bill to amend title 18 of the United States Code by adding a new chapter 404 to establish an Institute for Continuing Studies of Juvenile Justice.",
            "type": "HR",
            "url": "https://api.congress.gov/v3/bill/93/hr/5417?format=json"
        },
        {
            "congress": 93,
            "introducedDate": "1973-03-08",
            "latestAction": {
                "actionDate": "1973-03-08",
                "text": "Referred to House Committee on Banking and Currency."
            },
            "number": "5416",
            "policyArea": {
                "name": "Water Resources Development"
            },
            "title": "A bill to amend the Housing Amendments of 1955, to extend certain financial assistance for construction of waterworks to private corporations.",
            "type": "HR",
            "url": "https://api.congress.gov/v3/bill/93/hr/5416?format=json"
        },
        {
            "congress": 93,
            "introducedDate": "1973-03-08",
            "latestAction": {
                "actionDate": "1973-03-08",
                "text": "Referred to House Committee on Ways and Means."
            },
            "number": "5418",
            "policyArea": {
                "name": "Taxation"
            },
            "title": "A bill to amend the Internal Revenue Code of 1954, to provide that certain recapture provisions shall not apply in the case of the liquidation of certain corporations wholly owned by a municipal corporation.",
            "type": "HR",
            "url": "https://api.congress.gov/v3/bill/93/hr/5418?format=json"
        },
        {
            "congress": 93,
            "introducedDate": "1973-01-26",
            "latestAction": {
                "actionDate": "1973-01-26",
                "text": "Referred to House Committee on Public Works."
            },
            "number": "2995",
            "policyArea": {
                "name": "Transportation and Public Works"
            },
            "title": "A bill to amend title 23 of the U. S. Code to authorize the selection and improvement of certain priority primary routes.",
            "type": "HR",
            "url": "https://api.congress.gov/v3/bill/93/hr/2995?format=json"
        },
        {
            "congress": 93,
            "introducedDate": "1974-06-21",
            "latestAction": {
                "actionDate": "1974-06-21",
                "text": "Referred to House Committee on Judiciary."
            },
            "number": "1077",
            "policyArea": {
                "name": "Constitutional amendments"
            },
            "title": "Joint resolution proposing an amendment to the Constitution of the United States to provide that appropriations made by the United States shall not exceed its revenues, except in time of war or national emergency; and to provide for the systematic paying back of the national debt.",
            "type": "HJRES",
            "url": "https://api.congress.gov/v3/bill/93/hjres/1077?format=json"
        },
        {
            "congress": 93,
            "introducedDate": "1974-03-19",
            "latestAction": {
                "actionDate": "1974-03-19",
                "text": "Referred to House Committee on the Judiciary."
            },
            "number": "942",
            "policyArea": {
                "name": "Commemorations"
            },
            "title": "Joint resolution asking the President of the United States to declare the fourth Saturday of each September \"National Hunting and Fishing Day\".",
            "type": "HJRES",
            "url": "https://api.congress.gov/v3/bill/93/hjres/942?format=json"
        },
        {
            "congress": 93,
            "introducedDate": "1974-03-27",
            "latestAction": {
                "actionDate": "1974-03-27",
                "text": "Referred to House Committee on Judiciary."
            },
            "number": "956",
            "policyArea": {
                "name": "Constitutional amendments"
            },
            "title": "Joint resolution proposing an amendment to the Constitution of the United States to provide for a single 6-year Presidential term.",
            "type": "HJRES",
            "url": "https://api.congress.gov/v3/bill/93/hjres/956?format=json"
        },
        {
            "congress": 93,
            "introducedDate": "1973-04-11",
            "latestAction": {
                "actionDate": "1973-04-11",
                "text": "Referred to House Committee on Judiciary."
            },
            "number": "504",
            "policyArea": {
                "name": "Commemorations"
            },
            "title": "Joint resolution to authorize the President to issue annually a proclamation designating the month of May in each year as \"National Arthritis Month\".",
            "type": "HJRES",
            "url": "https://api.congress.gov/v3/bill/93/hjres/504?format=json"
        },
        {
            "congress": 93,
            "introducedDate": "1973-01-03",
            "latestAction": {
                "actionDate": "1973-01-03",
                "text": "Referred to House Committee on Judiciary."
            },
            "number": "86",
            "policyArea": {
                "name": "Government Operations and Politics"
            },
            "title": "A joint resolution proposing an amendment to the Constitution of the United States with respect to the offering of prayer in public buildings.",
            "type": "HJRES",
            "url": "https://api.congress.gov/v3/bill/93/hjres/86?format=json"
        },
        {
            "congress": 93,
            "introducedDate": "1974-09-24",
            "latestAction": {
                "actionDate": "1974-09-24",
                "text": "Referred to House Committee on the Judiciary."
            },
            "number": "1392",
            "policyArea": {
                "name": "Private Legislation"
            },
            "title": "A resolution to refer H. R. 16779, a bill for the relief of the Upper Allegheny Sand and Gravel Company, to the Chief Commissioner of the Court of Claims.",
            "type": "HRES",
            "url": "https://api.congress.gov/v3/bill/93/hres/1392?format=json"
        },
        {
            "congress": 93,
            "introducedDate": "1974-03-14",
            "latestAction": {
                "actionDate": "1974-03-14",
                "text": "Referred to House Committee on Agriculture."
            },
            "number": "984",
            "policyArea": {
                "name": "Agriculture and Food"
            },
            "title": "Resolution relating to the serious nature of the supply, demand, and price situation of fertilizer.",
            "type": "HRES",
            "url": "https://api.congress.gov/v3/bill/93/hres/984?format=json"
        },
        {
            "congress": 93,
            "introducedDate": "1973-11-30",
            "latestAction": {
                "actionDate": "1973-11-30",
                "text": "Referred to House Committee on Interior and Insular Affairs."
            },
            "number": "390",
            "policyArea": {
                "name": "Energy"
            },
            "title": "Concurrent resolution calling for the conducting of a study by the Secretary of the Interior with respect to more efficient methods of use of coal and oil shale and the effect on American consumers of continued exports of coal.",
            "type": "HCONRES",
            "url": "https://api.congress.gov/v3/bill/93/hconres/390?format=json"
        },
        {
            "congress": 94,
            "introducedDate": "1976-05-13",
            "latestAction": {
                "actionDate": "1976-05-13",
                "text": "Referred to House Committee on Ways and Means."
            },
            "number": "13780",
            "policyArea": {
                "name": "Foreign Trade and International Finance"
            },
            "title": "A bill to increase for a 5-year period the duty on certain hand tools, and for other purposes.",
            "type": "HR",
            "url": "https://api.congress.gov/v3/bill/94/hr/13780?format=json"
        },
        {
            "congress": 94,
            "introducedDate": "1976-04-09",
            "latestAction": {
                "actionDate": "1976-04-09",
                "text": "Referred to House Committee on Veterans' Affairs."
            },
            "number": "13150",
            "policyArea": {
                "name": "Armed Forces and National Security"
            },
            "title": "A bill to increase from 10 to 15 years the period during which veterans and certain wives and widows of veterans are eligible for educational assistance.",
            "type": "HR",
            "url": "https://api.congress.gov/v3/bill/94/hr/13150?format=json"
        },
        {
            "congress": 94,
            "introducedDate": "1976-03-09",
            "latestAction": {
                "actionDate": "1976-03-09",
                "text": "Referred to House Committee on Education and Labor."
            },
            "number": "12385",
            "policyArea": {
                "name": "Education"
            },
            "title": "A bill to amend title IV of the Higher Education Act of 1965.",
            "type": "HR",
            "url": "https://api.congress.gov/v3/bill/94/hr/12385?format=json"
        },
        {
            "congress": 94,
            "introducedDate": "1976-01-27",
            "latestAction": {
                "actionDate": "1976-01-27",
                "text": "Referred to House Committee on Interstate and Foreign Commerce."
            },
            "number": "11518",
            "policyArea": {
                "name": "Energy"
            },
            "title": "A bill to provide that the first sale of crude oil produced from stripper wells be exempt from price controls.",
            "type": "HR",
            "url": "https://api.congress.gov/v3/bill/94/hr/11518?format=json"
        },
        {
            "congress": 94,
            "introducedDate": "1975-07-31",
            "latestAction": {
                "actionDate": "1975-07-31",
                "text": "Referred to House Committee on Ways and Means."
            },
            "number": "9169",
            "policyArea": {
                "name": "Foundations"
            },
            "title": "A bill to amend the Tax Reform Act of 1969 to extend for an additional 2 years the application of a certain transitional rule relating to taxes on acts of self-dealing between private foundations and disqualified persons.",
            "type": "HR",
            "url": "https://api.congress.gov/v3/bill/94/hr/9169?format=json"
        },
        {
            "congress": 94,
            "introducedDate": "1975-07-17",
            "latestAction": {
                "actionDate": "1975-07-17",
                "text": "Referred to House Committee on Armed Services."
            },
            "number": "8706",
            "policyArea": {
                "name": "Animals"
            },
            "title": "A bill to prohibit the military departments from using dogs in connection with any research or other activities relating to biological or chemical warfare agents.",
            "type": "HR",
            "url": "https://api.congress.gov/v3/bill/94/hr/8706?format=json"
        },
        {
            "congress": 94,
            "introducedDate": "1975-04-16",
            "latestAction": {
                "actionDate": "1975-04-16",
                "text": "Referred to House Committee on Interstate and Foreign Commerce."
            },
            "number": "6064",
            "policyArea": {
                "name": "Commerce"
            },
            "title": "A bill to amend the Federal Trade Commission Act to provide that under certain circumstances exclusive territorial arrangements shall not be deemed per se unlawful.",
            "type": "HR",
            "url": "https://api.congress.gov/v3/bill/94/hr/6064?format=json"
        },
        {
            "congress": 94,
            "introducedDate": "1975-03-14",
            "latestAction": {
                "actionDate": "1975-03-14",
                "text": "Referred to House Committee on Ways and Means."
            },
            "number": "4953",
            "policyArea": {
                "name": "Open space lands"
            },
            "title": "A bill to amend the Internal Revenue Code of 1954 to increase the exemption for purposes of the Federal estate tax, to increase the estate tax marital deduction, and to provide an alternate method of valuing certain real property for estate tax purposes.",
            "type": "HR",
            "url": "https://api.congress.gov/v3/bill/94/hr/4953?format=json"
        },
        {
            "congress": 94,
            "introducedDate": "1975-02-25",
            "latestAction": {
                "actionDate": "1975-02-25",
                "text": "Referred to House Committee on Interstate and Foreign Commerce."
            },
            "number": "3727",
            "policyArea": {
                "name": "Transportation and Public Works"
            },
            "title": "A bill to prevent the abandonment of railroad lines covered by the Rail Reorganization Act.",
            "type": "HR",
            "url": "https://api.congress.gov/v3/bill/94/hr/3727?format=json"
        },
        {
            "congress": 94,
            "introducedDate": "1975-01-28",
            "latestAction": {
                "actionDate": "1975-01-28",
                "text": "Referred to House Committee on Veterans' Affairs."
            },
            "number": "2219",
            "policyArea": {
                "name": "Armed Forces and National Security"
            },
            "title": "A bill to amend title 38 of the United States Code in order to provide service pension to certain veterans of World War I and pension to the widows of such veterans.",
            "type": "HR",
            "url": "https://api.congress.gov/v3/bill/94/hr/2219?format=json"
        },
        {
            "congress": 94,
            "introducedDate": "1975-01-28",
            "latestAction": {
                "actionDate": "1975-01-28",
                "text": "Referred to House Committee on Interstate and Foreign Commerce."
            },
            "number": "2217",
            "policyArea": {
                "name": "Crime and Law Enforcement"
            },
            "title": "A bill to prohibit the Consumer Product Safety Commission from restricting the sale or manufacture of firearms or ammunition.",
            "type": "HR",
            "url": "https://api.congress.gov/v3/bill/94/hr/2217?format=json"
        },
        {
            "congress": 94,
            "introducedDate": "1975-01-28",
            "latestAction": {
                "actionDate": "1975-01-28",
                "text": "Referred to House Committee on Veterans' Affairs."
            },
            "number": "2218",
            "policyArea": {
                "name": "Armed Forces and National Security"
            },
            "title": "A bill to insure that recipients of veterans' pension and compensation will not have the amount of such pension or compensation reduced, or entitlement thereto discontinued, because of increases in monthly social security benefits.",
            "type": "HR",
            "url": "https://api.congress.gov/v3/bill/94/hr/2218?format=json"
        },
        {
            "congress": 94,
            "introducedDate": "1975-01-23",
            "latestAction": {
                "actionDate": "1975-01-23",
                "text": "Referred to House Committee on Education and Labor."
            },
            "number": "1862",
            "policyArea": {
                "name": "Education"
            },
            "title": "Vocational Education Amendments",
            "type": "HR",
            "url": "https://api.congress.gov/v3/bill/94/hr/1862?format=json"
        },
        {
            "congress": 94,
            "introducedDate": "1975-01-16",
            "latestAction": {
                "actionDate": "1975-01-16",
                "text": "Referred to House Committee on the Judiciary."
            },
            "number": "1561",
            "policyArea": {
                "name": "Private Legislation"
            },
            "title": "A bill for the relief of Upper Allegheny Sand and Gravel Company, Inc.",
            "type": "HR",
            "url": "https://api.congress.gov/v3/bill/94/hr/1561?format=json"
        },
        {
            "congress": 94,
            "introducedDate": "1975-01-14",
            "latestAction": {
                "actionDate": "1975-01-14",
                "text": "Referred to House Committee on Ways and Means."
            },
            "number": "1316",
            "policyArea": {
                "name": "Taxation"
            },
            "title": "A bill to exclude from gross income the first $1,000 of interest received from savings account deposits in home lending institutions.",
            "type": "HR",
            "url": "https://api.congress.gov/v3/bill/94/hr/1316?format=json"
        },
        {
            "congress": 94,
            "introducedDate": "1975-01-14",
            "latestAction": {
                "actionDate": "1975-01-14",
                "text": "Referred to House Committee on Ways and Means."
            },
            "number": "1317",
            "policyArea": {
                "name": "Social Welfare"
            },
            "title": "A bill to amend title II of the Social Security Act to increase the amount of outside earnings which subject to further increases under the automatic adjustment provisions is permitted each year without any deductions from benefits thereunder, and to revise the method for determining such amount.",
            "type": "HR",
            "url": "https://api.congress.gov/v3/bill/94/hr/1317?format=json"
        },
        {
            "congress": 94,
            "introducedDate": "1975-01-14",
            "latestAction": {
                "actionDate": "1975-01-14",
                "text": "Referred to House Committee on the Judiciary."
            },
            "number": "1315",
            "policyArea": {
                "name": "Government Operations and Politics"
            },
            "title": "A bill to incorporate the U.S. Submarine Veterans of World War II.",
            "type": "HR",
            "url": "https://api.congress.gov/v3/bill/94/hr/1315?format=json"
        },
        {
            "congress": 94,
            "introducedDate": "1975-01-14",
            "latestAction": {
                "actionDate": "1975-01-14",
                "text": "Referred to House Committee on Interstate and Foreign Commerce."
            },
            "number": "545",
            "policyArea": {
                "name": "Science, Technology, Communications"
            },
            "title": "A bill to amend the Communications Act of 1934 to establish orderly procedures for the consideration of applications for renewal of broadcast licenses.",
            "type": "HR",
            "url": "https://api.congress.gov/v3/bill/94/hr/545?format=json"
        },
        {
            "congress": 94,
            "introducedDate": "1976-05-04",
            "latestAction": {
                "actionDate": "1976-05-04",
                "text": "Referred to House Committee on Post Office and Civil Service."
            },
            "number": "935",
            "policyArea": {
                "name": "Commemorations"
            },
            "title": "Joint resolution authorizing the President to proclaim the week beginning on November 7, 1976, as National Respiratory Therapy Week.",
            "type": "HJRES",
            "url": "https://api.congress.gov/v3/bill/94/hjres/935?format=json"
        },
        {
            "congress": 94,
            "introducedDate": "1975-01-16",
            "latestAction": {
                "actionDate": "1975-01-16",
                "text": "Referred to House Committee on Post Office and Civil Service."
            },
            "number": "100",
            "policyArea": {
                "name": "Commemorations"
            },
            "title": "Joint resolution designating February of each year as American History Month.",
            "type": "HJRES",
            "url": "https://api.congress.gov/v3/bill/94/hjres/100?format=json"
        },
        {
            "congress": 94,
            "introducedDate": "1975-01-14",
            "latestAction": {
                "actionDate": "1975-01-14",
                "text": "Referred to House Committee on the Judiciary."
            },
            "number": "64",
            "policyArea": {
                "name": "Constitutional amendments"
            },
            "title": "Joint resolution proposing an amendment to the Constitution of the United States with respect to the offering of prayer in public buildings.",
            "type": "HJRES",
            "url": "https://api.congress.gov/v3/bill/94/hjres/64?format=json"
        },
        {
            "congress": 94,
            "introducedDate": "1975-01-14",
            "latestAction": {
                "actionDate": "1975-01-14",
                "text": "Referred to House Committee on Post Office and Civil Service."
            },
            "number": "65",
            "policyArea": {
                "name": "Government Operations and Politics"
            },
            "title": "Joint resolution to amend title 5 of the United States Code to provide for the designation of the 11th day of November of each year as Veterans Day.",
            "type": "HJRES",
            "url": "https://api.congress.gov/v3/bill/94/hjres/65?format=json"
        },
        {
            "congress": 94,
            "introducedDate": "1975-01-20",
            "latestAction": {
                "actionDate": "1975-01-20",
                "text": "Referred to House Committee on the Judiciary."
            },
            "number": "82",
            "policyArea": {
                "name": "Private Legislation"
            },
            "title": "Resolution to refer H.R. 1561 a bill for the relief of the Upper Allegheny Sand and Gravel Company, to the Chief Commissioner of the Court of Claims.",
            "type": "HRES",
            "url": "https://api.congress.gov/v3/bill/94/hres/82?format=json"
        }
    ]
}