{
    "pagination": {
        "count": 51
    },
    "request": {
        "bioguideId": "c001043",
        "contentType": "application/json",
        "format": "json"
    },
    "sponsoredLegislation": [
        {
            "congress": 107,
            "introducedDate": "2002-07-30",
            "latestAction": {
                "actionDate": "2002-07-30",
                "text": "Read twice and referred to the Committee on the Judiciary. (text of measure as introduced: CR S7581)"
            },
            "number": "2820",
            "policyArea": {
                "name": "Finance and Financial Sector"
            },
            "title": "A bill to increase the priority dollar amount for unsecured claims, and for other purposes.",
            "type": "S",
            "url": "https://api.congress.gov/v3/bill/107/s/2820?format=json"
        },
        {
            "congress": 107,
            "introducedDate": "2002-05-14",
            "latestAction": {
                "actionDate": "2002-10-02",
                "text": "Committee on the Judiciary. Hearings held."
            },
            "number": "2511",
            "policyArea": {
                "name": "Crime and Law Enforcement"
            },
            "title": "Child Obscenity and Pornography Prevention Act of 2002",
            "type": "S",
            "url": "https://api.congress.gov/v3/bill/107/s/2511?format=json"
        },
        {
            "amendmentNumber": "4739",
            "congress": 107,
            "introducedDate": "2002-09-25",
            "latestAction": null,
            "type": null,
            "url": "https://api.congress.gov/v3/amendment/107/samdt/4739?format=json"
        },
        {
            "amendmentNumber": "4727",
            "congress": 107,
            "introducedDate": "2002-09-24",
            "latestAction": null,
            "type": null,
            "url": "https://api.congress.gov/v3/amendment/107/samdt/4727?format=json"
        },
        {
            "amendmentNumber": "4432",
            "congress": 107,
            "introducedDate": "2002-07-31",
            "latestAction": {
                "actionDate": "2002-07-31",
                "text": "Amendment SA 4432 agreed to in Senate by Voice Vote. "
            },
            "type": null,
            "url": "https://api.congress.gov/v3/amendment/107/samdt/4432?format=json"
        },
        {
            "amendmentNumber": "4286",
            "congress": 107,
            "introducedDate": "2002-07-12",
            "latestAction": {
                "actionDate": "2002-07-15",
                "text": "Amendment SA 4286 as modified agreed to in Senate by Yea-Nay Vote. 97 - 0. Record Vote Number: 174. "
            },
            "type": null,
            "url": "https://api.congress.gov/v3/amendment/107/samdt/4286?format=json"
        },
        {
            "amendmentNumber": "4223",
            "congress": 107,
            "introducedDate": "2002-07-11",
            "latestAction": null,
            "type": null,
            "url": "https://api.congress.gov/v3/amendment/107/samdt/4223?format=json"
        },
        {
            "amendmentNumber": "4201",
            "congress": 107,
            "introducedDate": "2002-07-10",
            "latestAction": null,
            "type": null,
            "url": "https://api.congress.gov/v3/amendment/107/samdt/4201?format=json"
        },
        {
            "amendmentNumber": "4202",
            "congress": 107,
            "introducedDate": "2002-07-10",
            "latestAction": null,
            "type": null,
            "url": "https://api.congress.gov/v3/amendment/107/samdt/4202?format=json"
        },
        {
            "amendmentNumber": "3573",
            "congress": 107,
            "introducedDate": "2002-06-04",
            "latestAction": null,
            "type": null,
            "url": "https://api.congress.gov/v3/amendment/107/samdt/3573?format=json"
        },
        {
            "amendmentNumber": "3572",
            "congress": 107,
            "introducedDate": "2002-06-04",
            "latestAction": null,
            "type": null,
            "url": "https://api.congress.gov/v3/amendment/107/samdt/3572?format=json"
        },
        {
            "amendmentNumber": "3571",
            "congress": 107,
            "introducedDate": "2002-06-04",
            "latestAction": null,
            "type": null,
            "url": "https://api.congress.gov/v3/amendment/107/samdt/3571?format=json"
        },
        {
            "amendmentNumber": "3250",
            "congress": 107,
            "introducedDate": "2002-04-22",
            "latestAction": {
                "actionDate": "2002-04-23",
                "text": "Amendment SA 3250 agreed to in Senate by Voice Vote. "
            },
            "type": null,
            "url": "https://api.congress.gov/v3/amendment/107/samdt/3250?format=json"
        },
        {
            "amendmentNumber": "3204",
            "congress": 107,
            "introducedDate": "2002-04-22",
            "latestAction": null,
            "type": null,
            "url": "https://api.congress.gov/v3/amendment/107/samdt/3204?format=json"
        },
        {
            "amendmentNumber": "3015",
            "congress": 107,
            "introducedDate": "2002-03-14",
            "latestAction": {
                "actionDate": "2002-04-18",
                "text": "Amendment SA 3015 as modified agreed to in Senate by Unanimous Consent. (text as modified: CR S2898-2899)"
            },
            "type": null,
            "url": "https://api.congress.gov/v3/amendment/107/samdt/3015?format=json"
        },
        {
            "amendmentNumber": "2830",
            "congress": 107,
            "introducedDate": "2002-02-07",
            "latestAction": {
                "actionDate": "2002-02-07",
                "text": "Amendment SA 2830 agreed to in Senate by Yea-Nay Vote. 93 - 0. Record Vote Number: 20. "
            },
            "type": null,
            "url": "https://api.congress.gov/v3/amendment/107/samdt/2830?format=json"
        },
        {
            "amendmentNumber": "2406",
            "congress": 107,
            "introducedDate": "2001-12-07",
            "latestAction": {
                "actionDate": "2001-12-07",
                "text": "Amendment SA 2406 agreed to in Senate by Voice Vote. "
            },
            "type": null,
            "url": "https://api.congress.gov/v3/amendment/107/samdt/2406?format=json"
        },
        {
            "amendmentNumber": "1855",
            "congress": 107,
            "introducedDate": "2001-10-10",
            "latestAction": {
                "actionDate": "2001-10-11",
                "text": "Proposed amendment SA 1855 withdrawn in Senate. "
            },
            "type": null,
            "url": "https://api.congress.gov/v3/amendment/107/samdt/1855?format=json"
        },
        {
            "amendmentNumber": "1797",
            "congress": 107,
            "introducedDate": "2001-10-01",
            "latestAction": {
                "actionDate": "2001-10-01",
                "text": "Amendment SA 1797 agreed to in Senate by Unanimous Consent. "
            },
            "type": null,
            "url": "https://api.congress.gov/v3/amendment/107/samdt/1797?format=json"
        },
        {
            "amendmentNumber": "1742",
            "congress": 107,
            "introducedDate": "2001-10-01",
            "latestAction": null,
            "type": null,
            "url": "https://api.congress.gov/v3/amendment/107/samdt/1742?format=json"
        },
        {
            "amendmentNumber": "1743",
            "congress": 107,
            "introducedDate": "2001-10-01",
            "latestAction": null,
            "type": null,
            "url": "https://api.congress.gov/v3/amendment/107/samdt/1743?format=json"
        },
        {
            "amendmentNumber": "1700",
            "congress": 107,
            "introducedDate": "2001-09-26",
            "latestAction": {
                "actionDate": "2001-09-26",
                "text": "Amendment SA 1700 agreed to in Senate by Voice Vote. "
            },
            "type": null,
            "url": "https://api.congress.gov/v3/amendment/107/samdt/1700?format=json"
        },
        {
            "amendmentNumber": "1669",
            "congress": 107,
            "introducedDate": "2001-09-24",
            "latestAction": {
                "actionDate": "2001-09-24",
                "text": "Amendment SA 1669 agreed to in Senate by Unanimous Consent. "
            },
            "type": null,
            "url": "https://api.congress.gov/v3/amendment/107/samdt/1669?format=json"
        },
        {
            "amendmentNumber": "719",
            "congress": 107,
            "introducedDate": "2001-05-21",
            "latestAction": null,
            "type": null,
            "url": "https://api.congress.gov/v3/amendment/107/samdt/719?format=json"
        },
        {
            "amendmentNumber": "674",
            "congress": 107,
            "introducedDate": "2001-05-17",
            "latestAction": {
                "actionDate": "2001-05-21",
                "text": "Amendment SA 674 not agreed to in Senate by Yea-Nay Vote. 48 - 50. Record Vote Number: 116. "
            },
            "type": null,
            "url": "https://api.congress.gov/v3/amendment/107/samdt/674?format=json"
        },
        {
            "amendmentNumber": "448",
            "congress": 107,
            "introducedDate": "2001-05-09",
            "latestAction": {
                "actionDate": "2001-05-15",
                "text": "Amendment SA 448 agreed to in Senate by Voice Vote. "
            },
            "type": null,
            "url": "https://api.congress.gov/v3/amendment/107/samdt/448?format=json"
        },
        {
            "amendmentNumber": "385",
            "congress": 107,
            "introducedDate": "2001-05-08",
            "latestAction": {
                "actionDate": "2001-06-07",
                "text": "Amendment SA 385 not agreed to in Senate by Yea-Nay Vote. 43 - 55. Record Vote Number: 174. "
            },
            "type": null,
            "url": "https://api.congress.gov/v3/amendment/107/samdt/385?format=json"
        },
        {
            "amendmentNumber": "374",
            "congress": 107,
            "introducedDate": "2001-05-04",
            "latestAction": {
                "actionDate": "2001-05-15",
                "text": "Proposed amendment SA 374 withdrawn in Senate. "
            },
            "type": null,
            "url": "https://api.congress.gov/v3/amendment/107/samdt/374?format=json"
        },
        {
            "amendmentNumber": "40",
            "congress": 107,
            "introducedDate": "2001-03-12",
            "latestAction": {
                "actionDate": "2001-03-14",
                "text": "Amendment SA 40 agreed to in Senate by Unanimous Consent. "
            },
            "type": null,
            "url": "https://api.congress.gov/v3/amendment/107/samdt/40?format=json"
        },
        {
            "congress": 107,
            "introducedDate": "2002-08-01",
            "latestAction": {
                "actionDate": "2002-08-01",
                "text": "Read twice and referred to the Committee on Health, Education, Labor, and Pensions. (text of measure as introduced: CR S7909-7910)"
            },
            "number": "2842",
            "policyArea": {
                "name": "Social Welfare"
            },
            "title": "Senior Self-Sufficiency Act",
            "type": "S",
            "url": "https://api.congress.gov/v3/bill/107/s/2842?format=json"
        },
        {
            "congress": 107,
            "introducedDate": "2002-07-31",
            "latestAction": {
                "actionDate": "2002-07-31",
                "text": "Read twice and referred to the Committee on Finance."
            },
            "number": "2831",
            "policyArea": {
                "name": "Transportation and Public Works"
            },
            "title": "Airline Worker Relief Act of 2002 ",
            "type": "S",
            "url": "https://api.congress.gov/v3/bill/107/s/2831?format=json"
        },
        {
            "congress": 107,
            "introducedDate": "2002-07-24",
            "latestAction": {
                "actionDate": "2002-10-04",
                "text": "Sponsor introductory remarks on measure. (CR S9978)"
            },
            "number": "2783",
            "policyArea": {
                "name": "Armed Forces and National Security"
            },
            "title": "Honor Our Heroes Act",
            "type": "S",
            "url": "https://api.congress.gov/v3/bill/107/s/2783?format=json"
        },
        {
            "congress": 107,
            "introducedDate": "2002-05-08",
            "latestAction": {
                "actionDate": "2002-05-08",
                "text": "Read twice and referred to the Committee on the Judiciary."
            },
            "number": "2472",
            "policyArea": {
                "name": "Private Legislation"
            },
            "title": "A bill for the relief of Rosemary Bichage.",
            "type": "S",
            "url": "https://api.congress.gov/v3/bill/107/s/2472?format=json"
        },
        {
            "congress": 107,
            "introducedDate": "2002-05-07",
            "latestAction": {
                "actionDate": "2002-05-07",
                "text": "Read twice and referred to the Committee on Armed Services."
            },
            "number": "2470",
            "policyArea": {
                "name": "Armed Forces and National Security"
            },
            "title": "Global Nuclear Security Initiative Act of 2002",
            "type": "S",
            "url": "https://api.congress.gov/v3/bill/107/s/2470?format=json"
        },
        {
            "congress": 107,
            "introducedDate": "2002-04-17",
            "latestAction": {
                "actionDate": "2002-05-16",
                "text": "Placed on Senate Legislative Calendar under General Orders. Calendar No. 375."
            },
            "number": "2179",
            "policyArea": {
                "name": "Crime and Law Enforcement"
            },
            "title": "Law Enforcement Tribute   Act",
            "type": "S",
            "url": "https://api.congress.gov/v3/bill/107/s/2179?format=json"
        },
        {
            "congress": 107,
            "introducedDate": "2002-04-15",
            "latestAction": {
                "actionDate": "2002-04-15",
                "text": "Read twice and referred to the Committee on Health, Education, Labor, and Pensions."
            },
            "number": "2122",
            "policyArea": {
                "name": "Health"
            },
            "title": "Uterine Fibroids Research and Education Act of 2002",
            "type": "S",
            "url": "https://api.congress.gov/v3/bill/107/s/2122?format=json"
        },
        {
            "congress": 107,
            "introducedDate": "2002-03-07",
            "latestAction": {
                "actionDate": "2002-03-07",
                "text": "Read twice and referred to the Committee on Armed Services."
            },
            "number": "1997",
            "policyArea": {
                "name": "Armed Forces and National Security"
            },
            "title": "A bill to require a pilot program to assess the adoption of the Air Force Expeditionary Medical Support System by the Air National Guard.",
            "type": "S",
            "url": "https://api.congress.gov/v3/bill/107/s/1997?format=json"
        },
        {
            "congress": 107,
            "introducedDate": "2002-03-06",
            "latestAction": {
                "actionDate": "2002-03-06",
                "text": "Read twice and referred to the Committee on Armed Services."
            },
            "number": "1993",
            "policyArea": {
                "name": "Armed Forces and National Security"
            },
            "title": "A bill to authorize a military construction project for the construction of a Weapons of Mass Destruction Responder Training Facility at Fort Leonard Wood, Missouri.",
            "type": "S",
            "url": "https://api.congress.gov/v3/bill/107/s/1993?format=json"
        },
        {
            "congress": 107,
            "introducedDate": "2002-02-14",
            "latestAction": {
                "actionDate": "2002-02-14",
                "text": "Read twice and referred to the Committee on Finance."
            },
            "number": "1947",
            "policyArea": {
                "name": "Health"
            },
            "title": "A bill to amend title XIX of the Social Security Act to clarify the circumstances under which a hold harmless provision does not exist with respect to a broad-based health care related tax.",
            "type": "S",
            "url": "https://api.congress.gov/v3/bill/107/s/1947?format=json"
        },
        {
            "congress": 107,
            "introducedDate": "2002-01-24",
            "latestAction": {
                "actionDate": "2002-01-24",
                "text": "Read twice and referred to the Committee on Banking, Housing, and Urban Affairs."
            },
            "number": "1897",
            "policyArea": {
                "name": "Finance and Financial Sector"
            },
            "title": "Fully Informed Investor Act of 2002",
            "type": "S",
            "url": "https://api.congress.gov/v3/bill/107/s/1897?format=json"
        },
        {
            "congress": 107,
            "introducedDate": "2001-11-16",
            "latestAction": {
                "actionDate": "2001-11-16",
                "text": "Read twice and referred to the Committee on Finance."
            },
            "number": "1720",
            "policyArea": {
                "name": "Taxation"
            },
            "title": "Victims of Anthrax Tax Relief Act of 2001",
            "type": "S",
            "url": "https://api.congress.gov/v3/bill/107/s/1720?format=json"
        },
        {
            "congress": 107,
            "introducedDate": "2001-11-05",
            "latestAction": {
                "actionDate": "2001-11-08",
                "text": "Placed on Senate Legislative Calendar under General Orders. Calendar No. 218."
            },
            "number": "1630",
            "policyArea": {
                "name": "Finance and Financial Sector"
            },
            "title": "A bill to extend for 6 additional months the period for which chapter 12 of title 11, United States Code, is reenacted.",
            "type": "S",
            "url": "https://api.congress.gov/v3/bill/107/s/1630?format=json"
        },
        {
            "congress": 107,
            "introducedDate": "2001-10-15",
            "latestAction": {
                "actionDate": "2001-10-15",
                "text": "Read twice and referred to the Committee on Health, Education, Labor, and Pensions."
            },
            "number": "1548",
            "policyArea": {
                "name": "Health"
            },
            "title": "Bioterrorism Awareness Act",
            "type": "S",
            "url": "https://api.congress.gov/v3/bill/107/s/1548?format=json"
        },
        {
            "congress": 107,
            "introducedDate": "2001-10-02",
            "latestAction": {
                "actionDate": "2001-10-02",
                "text": "Read twice and referred to the Committee on Commerce, Science, and Transportation."
            },
            "number": "1485",
            "policyArea": {
                "name": "Commerce"
            },
            "title": "Children's Gasoline Burn Prevention Act",
            "type": "S",
            "url": "https://api.congress.gov/v3/bill/107/s/1485?format=json"
        },
        {
            "congress": 107,
            "introducedDate": "2001-09-21",
            "latestAction": {
                "actionDate": "2001-10-01",
                "text": "Sponsor introductory remarks on measure. (CR S10352-10353)"
            },
            "number": "1454",
            "policyArea": {
                "name": "Labor and Employment"
            },
            "title": "Displaced Workers Assistance Act",
            "type": "S",
            "url": "https://api.congress.gov/v3/bill/107/s/1454?format=json"
        },
        {
            "congress": 107,
            "introducedDate": "2001-08-03",
            "latestAction": {
                "actionDate": "2001-08-03",
                "text": "Read twice and referred to the Committee on Agriculture, Nutrition, and Forestry."
            },
            "number": "1354",
            "policyArea": {
                "name": "Agriculture and Food"
            },
            "title": "A bill to require the Secretary of Agriculture to provide payments to producers of forage crops for losses due to army worms.",
            "type": "S",
            "url": "https://api.congress.gov/v3/bill/107/s/1354?format=json"
        },
        {
            "congress": 107,
            "introducedDate": "2001-08-01",
            "latestAction": {
                "actionDate": "2001-09-10",
                "text": "Committee on Governmental Affairs referred to Subcommittee on International Security, Proliferation and Federal Services."
            },
            "number": "1286",
            "policyArea": {
                "name": "Government Operations and Politics"
            },
            "title": "Child Care Affordability for Federal Employees Act",
            "type": "S",
            "url": "https://api.congress.gov/v3/bill/107/s/1286?format=json"
        },
        {
            "congress": 107,
            "introducedDate": "2001-07-26",
            "latestAction": {
                "actionDate": "2001-07-26",
                "text": "Read twice and referred to the Committee on Armed Services."
            },
            "number": "1250",
            "policyArea": {
                "name": "Armed Forces and National Security"
            },
            "title": "A bill to amend title 10, United States Code, to improve transitional medical and dental care for members of the Armed Forces released from active duty to which called or ordered, or for which retained, in support of a contingency operation.",
            "type": "S",
            "url": "https://api.congress.gov/v3/bill/107/s/1250?format=json"
        },
        {
            "congress": 107,
            "introducedDate": "2001-06-06",
            "latestAction": {
                "actionDate": "2001-06-06",
                "text": "Read twice and referred to the Committee on the Judiciary. (text of measure as introduced: (CR S5903)"
            },
            "number": "993",
            "policyArea": {
                "name": "Finance and Financial Sector"
            },
            "title": "A bill to extend for 4 additional months the period for which chapter 12 of title 11, United States Code, is reenacted.",
            "type": "S",
            "url": "https://api.congress.gov/v3/bill/107/s/993?format=json"
        },
        {
            "congress": 107,
            "introducedDate": "2001-05-17",
            "latestAction": {
                "actionDate": "2001-05-17",
                "text": "Read twice and referred to the Committee on Finance."
            },
            "number": "907",
            "policyArea": {
                "name": "Taxation"
            },
            "title": "Investment in Value-Added Agriculture Act",
            "type": "S",
            "url": "https://api.congress.gov/v3/bill/107/s/907?format=json"
        },
        {
            "congress": 107,
            "introducedDate": "2001-02-15",
            "latestAction": {
                "actionDate": "2001-02-15",
                "text": "Read twice and referred to the Committee on Health, Education, Labor, and Pensions. (text of measure as introduced: CR S1470-1471)"
            },
            "number": "342",
            "policyArea": {
                "name": "Education"
            },
            "title": "Quality Classrooms Act",
            "type": "S",
            "url": "https://api.congress.gov/v3/bill/107/s/342?format=json"
        }
    ]
}