{
    "pagination": {
        "count": 51
    },
    "request": {
        "bioguideId": "g000512",
        "contentType": "application/json",
        "format": "json"
    },
    "sponsoredLegislation": [
        {
            "congress": 93,
            "introducedDate": "1974-10-08",
            "latestAction": {
                "actionDate": "1974-10-08",
                "text": "Referred to House Committee on the Judiciary."
            },
            "number": "17172",
            "policyArea": {
                "name": "Private Legislation"
            },
            "title": "A bill for the relief of Seferino Isaac Garcia.",
            "type": "HR",
            "url": "https://api.congress.gov/v3/bill/93/hr/17172?format=json"
        },
        {
            "congress": 93,
            "introducedDate": "1974-09-19",
            "latestAction": {
                "actionDate": "1974-09-19",
                "text": "Referred to House Committee on Foreign Affairs."
            },
            "number": "16740",
            "policyArea": {
                "name": "Government Operations and Politics"
            },
            "title": "A bill to amend the section of title 5, United States Code, dealing with foreign gifts and decorations, to preclude the sale of such gifts and to direct the display of certain such gifts in the Smithsonian Institution.",
            "type": "HR",
            "url": "https://api.congress.gov/v3/bill/93/hr/16740?format=json"
        },
        {
            "congress": 93,
            "introducedDate": "1974-09-19",
            "latestAction": {
                "actionDate": "1974-09-19",
                "text": "Referred to House Committee on Interior and Insular Affairs."
            },
            "number": "16778",
            "policyArea": {
                "name": "Private Legislation"
            },
            "title": "A bill to validate the conveyance of certain land in the State of California by the Southern Pacific Transportation Co.",
            "type": "HR",
            "url": "https://api.congress.gov/v3/bill/93/hr/16778?format=json"
        },
        {
            "congress": 93,
            "introducedDate": "1974-07-25",
            "latestAction": {
                "actionDate": "1974-07-25",
                "text": "Referred to House Committee on Merchant Marine and Fisheries."
            },
            "number": "16141",
            "policyArea": {
                "name": "Private Legislation"
            },
            "title": "A bill for the relief of Firman B. Voorhies.",
            "type": "HR",
            "url": "https://api.congress.gov/v3/bill/93/hr/16141?format=json"
        },
        {
            "congress": 93,
            "introducedDate": "1974-04-10",
            "latestAction": {
                "actionDate": "1974-04-10",
                "text": "Referred to House Committee on the Judiciary."
            },
            "number": "14123",
            "policyArea": {
                "name": "Government Operations and Politics"
            },
            "title": "Public Accountability Act",
            "type": "HR",
            "url": "https://api.congress.gov/v3/bill/93/hr/14123?format=json"
        },
        {
            "congress": 93,
            "introducedDate": "1974-03-05",
            "latestAction": {
                "actionDate": "1974-03-05",
                "text": "Referred to House Committee on the Judiciary."
            },
            "number": "13247",
            "policyArea": {
                "name": "Government Operations and Politics"
            },
            "title": "Public Accountability Act",
            "type": "HR",
            "url": "https://api.congress.gov/v3/bill/93/hr/13247?format=json"
        },
        {
            "congress": 93,
            "introducedDate": "1973-10-25",
            "latestAction": {
                "actionDate": "1973-10-25",
                "text": "Referred to House Committee on Judiciary."
            },
            "number": "11110",
            "policyArea": {
                "name": "Government Operations and Politics"
            },
            "title": "A bill to incorporate World War I Overseas Flyers, Inc.",
            "type": "HR",
            "url": "https://api.congress.gov/v3/bill/93/hr/11110?format=json"
        },
        {
            "congress": 93,
            "introducedDate": "1973-08-02",
            "latestAction": {
                "actionDate": "1973-08-02",
                "text": "Referred to House Committee on Veterans' Affairs."
            },
            "number": "9827",
            "policyArea": {
                "name": "Armed Forces and National Security"
            },
            "title": "A bill to amend title 38 of the United States Code to require that the Administrator of Veterans' Affairs pay the travel expenses of, or mileage allowance to, persons traveling to and from Veterans' Administration facilities for certain purposes and that the mileage allowance shall in no event be less than that paid to employees of the Federal Government traveling on official business.",
            "type": "HR",
            "url": "https://api.congress.gov/v3/bill/93/hr/9827?format=json"
        },
        {
            "congress": 93,
            "introducedDate": "1973-07-12",
            "latestAction": {
                "actionDate": "1973-07-12",
                "text": "Referred to House Committee on the Judiciary."
            },
            "number": "9275",
            "policyArea": {
                "name": "Private Legislation"
            },
            "title": "A bill for the relief of Lt. Col. Laurence E. Gardner.",
            "type": "HR",
            "url": "https://api.congress.gov/v3/bill/93/hr/9275?format=json"
        },
        {
            "congress": 93,
            "introducedDate": "1973-05-22",
            "latestAction": {
                "actionDate": "1973-05-22",
                "text": "Referred to House Committee on Armed Services."
            },
            "number": "8014",
            "policyArea": {
                "name": "Health"
            },
            "title": "A bill to amend title 10, United States Code, to authorize the use of health maintenance organizations in providing health care.",
            "type": "HR",
            "url": "https://api.congress.gov/v3/bill/93/hr/8014?format=json"
        },
        {
            "congress": 93,
            "introducedDate": "1973-04-17",
            "latestAction": {
                "actionDate": "1973-04-17",
                "text": "Referred to House Committee on the Judiciary."
            },
            "number": "7129",
            "policyArea": {
                "name": "Private Legislation"
            },
            "title": "A bill for the relief of Mrs. Ruth G. Palmer.",
            "type": "HR",
            "url": "https://api.congress.gov/v3/bill/93/hr/7129?format=json"
        },
        {
            "congress": 93,
            "introducedDate": "1973-04-11",
            "latestAction": {
                "actionDate": "1973-04-11",
                "text": "Referred to House Committee on Ways and Means."
            },
            "number": "6863",
            "policyArea": {
                "name": "Taxation"
            },
            "title": "A bill to amend the Internal Revenue Code of 1954 to eliminate the 3 percent and 1 percent floors on deductible medical expenses in the case of individuals who have attained age 65 and are not covered for hospital insurance benefits under the Social Security Act.",
            "type": "HR",
            "url": "https://api.congress.gov/v3/bill/93/hr/6863?format=json"
        },
        {
            "congress": 93,
            "introducedDate": "1973-04-11",
            "latestAction": {
                "actionDate": "1973-04-11",
                "text": "Referred to House Committee on Ways and Means."
            },
            "number": "6864",
            "policyArea": {
                "name": "Taxation"
            },
            "title": "A bill to amend the Internal Revenue Code of 1954 to restore the provisions permitting the deduction, without regard to the 3 percent and 1 percent floors, of medical expenses incurred for the care of individuals 65 years of age and over.",
            "type": "HR",
            "url": "https://api.congress.gov/v3/bill/93/hr/6864?format=json"
        },
        {
            "congress": 93,
            "introducedDate": "1973-03-14",
            "latestAction": {
                "actionDate": "1973-03-14",
                "text": "Referred to House Committee on Science and Astronautics."
            },
            "number": "5601",
            "policyArea": {
                "name": "Science, Technology, Communications"
            },
            "title": "National Science Policy and Priorities Act",
            "type": "HR",
            "url": "https://api.congress.gov/v3/bill/93/hr/5601?format=json"
        },
        {
            "congress": 93,
            "introducedDate": "1973-03-07",
            "latestAction": {
                "actionDate": "1973-03-07",
                "text": "Referred to House Committee on Government Operations."
            },
            "number": "5344",
            "policyArea": {
                "name": "Awards, medals, prizes"
            },
            "title": "Citizens' Suggestion Award Act",
            "type": "HR",
            "url": "https://api.congress.gov/v3/bill/93/hr/5344?format=json"
        },
        {
            "congress": 93,
            "introducedDate": "1973-03-07",
            "latestAction": {
                "actionDate": "1973-03-07",
                "text": "Referred to House Committee on Banking and Currency."
            },
            "number": "5343",
            "policyArea": {
                "name": "Gold"
            },
            "title": "A bill to permit American citizens to hold gold.",
            "type": "HR",
            "url": "https://api.congress.gov/v3/bill/93/hr/5343?format=json"
        },
        {
            "congress": 93,
            "introducedDate": "1973-03-01",
            "latestAction": {
                "actionDate": "1973-03-01",
                "text": "Referred to House Committee on Ways and Means."
            },
            "number": "5041",
            "policyArea": {
                "name": "Public Lands and Natural Resources"
            },
            "title": "A bill to amend the Internal Revenue Code of 1954, to allow an income tax credit for the costs of maintaining the exterior appearance and structural soundness of certain historic buildings and structures.",
            "type": "HR",
            "url": "https://api.congress.gov/v3/bill/93/hr/5041?format=json"
        },
        {
            "congress": 93,
            "introducedDate": "1973-02-27",
            "latestAction": {
                "actionDate": "1973-02-27",
                "text": "Referred to House Committee on Interstate and Foreign Commerce."
            },
            "number": "4790",
            "policyArea": {
                "name": null
            },
            "title": "Food Supplement Amendment",
            "type": "HR",
            "url": "https://api.congress.gov/v3/bill/93/hr/4790?format=json"
        },
        {
            "congress": 93,
            "introducedDate": "1973-01-31",
            "latestAction": {
                "actionDate": "1974-05-24",
                "text": "Public law 93-290."
            },
            "number": "3418",
            "policyArea": {
                "name": "Armed Forces and National Security"
            },
            "title": "A bill to amend section 505 of title 10, United States Code, to establish uniform original enlistment qualifications for male and female persons.",
            "type": "HR",
            "url": "https://api.congress.gov/v3/bill/93/hr/3418?format=json"
        },
        {
            "congress": 93,
            "introducedDate": "1973-01-31",
            "latestAction": {
                "actionDate": "1973-01-31",
                "text": "Referred to House Committee on Interior and Insular Affairs."
            },
            "number": "3420",
            "policyArea": {
                "name": "Transportation and Public Works"
            },
            "title": "A bill to authorize the Secretary of the Interior to designate the Skyline National Parkway in the State of California, and for other purposes.",
            "type": "HR",
            "url": "https://api.congress.gov/v3/bill/93/hr/3420?format=json"
        },
        {
            "congress": 93,
            "introducedDate": "1973-01-31",
            "latestAction": {
                "actionDate": "1973-01-31",
                "text": "Referred to House Committee on Post Office and Civil Service."
            },
            "number": "3424",
            "policyArea": {
                "name": "Minorities"
            },
            "title": "A bill to amend title 5, United States Code, to provide that Japanese-Americans who were placed in interment camps during World War II shall be credited for civil service retirement purposes with the time they spent in such camps.",
            "type": "HR",
            "url": "https://api.congress.gov/v3/bill/93/hr/3424?format=json"
        },
        {
            "congress": 93,
            "introducedDate": "1973-01-31",
            "latestAction": {
                "actionDate": "1973-01-31",
                "text": "Referred to House Committee on Ways and Means."
            },
            "number": "3428",
            "policyArea": {
                "name": "Taxation"
            },
            "title": "Pollution Control Incentive Act",
            "type": "HR",
            "url": "https://api.congress.gov/v3/bill/93/hr/3428?format=json"
        },
        {
            "congress": 93,
            "introducedDate": "1973-01-31",
            "latestAction": {
                "actionDate": "1973-01-31",
                "text": "Referred to House Committee on Ways and Means."
            },
            "number": "3432",
            "policyArea": {
                "name": "Alcoholic beverages"
            },
            "title": "A bill to amend section 5042 of the Internal Revenue Code of 1954 to provide an exemption from tax for certain wine produced for personal use.",
            "type": "HR",
            "url": "https://api.congress.gov/v3/bill/93/hr/3432?format=json"
        },
        {
            "congress": 93,
            "introducedDate": "1973-01-31",
            "latestAction": {
                "actionDate": "1973-01-31",
                "text": "Referred to House Committee on Interstate and Foreign Commerce."
            },
            "number": "3422",
            "policyArea": {
                "name": "Science, Technology, Communications"
            },
            "title": "A bill to amend the Communications Act of 1934 to establish orderly procedures for the consideration of applications for renewal of broadcast licenses.",
            "type": "HR",
            "url": "https://api.congress.gov/v3/bill/93/hr/3422?format=json"
        },
        {
            "congress": 93,
            "introducedDate": "1973-01-31",
            "latestAction": {
                "actionDate": "1973-01-31",
                "text": "Referred to House Committee on Veterans' Affairs."
            },
            "number": "3426",
            "policyArea": {
                "name": "Armed Forces and National Security"
            },
            "title": "A bill to amend title 38, United States Code, to extend certain benefits presently provided to veterans who are blind as a result of service-connected disability to veterans who are blind as a result of nonservice-connected disability but who have other service-connected disabilities rated as total.",
            "type": "HR",
            "url": "https://api.congress.gov/v3/bill/93/hr/3426?format=json"
        },
        {
            "congress": 93,
            "introducedDate": "1973-01-31",
            "latestAction": {
                "actionDate": "1973-01-31",
                "text": "Referred to House Committee on Ways and Means."
            },
            "number": "3430",
            "policyArea": {
                "name": "Animals"
            },
            "title": "A bill to prohibit the importation into the United States of live venomous reptiles.",
            "type": "HR",
            "url": "https://api.congress.gov/v3/bill/93/hr/3430?format=json"
        },
        {
            "congress": 93,
            "introducedDate": "1973-01-31",
            "latestAction": {
                "actionDate": "1973-01-31",
                "text": "Referred to House Committee on Interstate and Foreign Commerce."
            },
            "number": "3421",
            "policyArea": {
                "name": "Transportation and Public Works"
            },
            "title": "A bill to amend the Federal Aviation Act of 1958 so as to require additional precautionary measures aboard certain aircraft in the interest of the safety of the traveling public.",
            "type": "HR",
            "url": "https://api.congress.gov/v3/bill/93/hr/3421?format=json"
        },
        {
            "congress": 93,
            "introducedDate": "1973-01-31",
            "latestAction": {
                "actionDate": "1973-01-31",
                "text": "Referred to House Committee on Post Office and Civil Service."
            },
            "number": "3425",
            "policyArea": {
                "name": "Government Operations and Politics"
            },
            "title": "A bill to amend title 5, United States Code, to provide for additional minimum amounts to which Federal employees group life insurance may be reduced after retirement, and for other purposes.",
            "type": "HR",
            "url": "https://api.congress.gov/v3/bill/93/hr/3425?format=json"
        },
        {
            "congress": 93,
            "introducedDate": "1973-01-31",
            "latestAction": {
                "actionDate": "1973-01-31",
                "text": "Referred to House Committee on Ways and Means."
            },
            "number": "3429",
            "policyArea": {
                "name": "Minorities"
            },
            "title": "A bill to amend title II of the Social Security Act to provide wage credits under the old-age, survivors, and disability insurance program for Japanese-Americans who were detained or interned during World War II and performed compensated service during their detention or internment.",
            "type": "HR",
            "url": "https://api.congress.gov/v3/bill/93/hr/3429?format=json"
        },
        {
            "congress": 93,
            "introducedDate": "1973-01-31",
            "latestAction": {
                "actionDate": "1973-01-31",
                "text": "Referred to House Committee on Banking and Currency."
            },
            "number": "3419",
            "policyArea": {
                "name": "Commerce"
            },
            "title": "Regional Seed Money Corporation Act",
            "type": "HR",
            "url": "https://api.congress.gov/v3/bill/93/hr/3419?format=json"
        },
        {
            "congress": 93,
            "introducedDate": "1973-01-31",
            "latestAction": {
                "actionDate": "1973-01-31",
                "text": "Referred to House Committee on the Judiciary."
            },
            "number": "3423",
            "policyArea": {
                "name": "Government Operations and Politics"
            },
            "title": "A bill to amend the act of August 24, 1935, to require certain contractors with the United States to give an affidavit with respect to payment of subcontractors.",
            "type": "HR",
            "url": "https://api.congress.gov/v3/bill/93/hr/3423?format=json"
        },
        {
            "congress": 93,
            "introducedDate": "1973-01-31",
            "latestAction": {
                "actionDate": "1973-01-31",
                "text": "Referred to House Committee on Ways and Means."
            },
            "number": "3427",
            "policyArea": {
                "name": "Taxation"
            },
            "title": "A bill to amend the Internal Revenue Code of 1954 to allow a deduction, not in excess of $600, for amounts paid to support a parent of the taxpayer who is totally disabled, blind, or 65 or more years of age.",
            "type": "HR",
            "url": "https://api.congress.gov/v3/bill/93/hr/3427?format=json"
        },
        {
            "congress": 93,
            "introducedDate": "1973-01-31",
            "latestAction": {
                "actionDate": "1973-01-31",
                "text": "Referred to House Committee on Ways and Means."
            },
            "number": "3431",
            "policyArea": {
                "name": "Social Welfare"
            },
            "title": "A bill to amend the Internal Revenue Code of 1954 to provide a deduction for certain expenses of repair and maintenance of a home owned by a taxpayer who has attained the age of 65.",
            "type": "HR",
            "url": "https://api.congress.gov/v3/bill/93/hr/3431?format=json"
        },
        {
            "congress": 93,
            "introducedDate": "1973-01-03",
            "latestAction": {
                "actionDate": "1973-01-03",
                "text": "Referred to House Committee on the Judiciary."
            },
            "number": "1333",
            "policyArea": {
                "name": "Private Legislation"
            },
            "title": "For the relief of Clarice Shaw.",
            "type": "HR",
            "url": "https://api.congress.gov/v3/bill/93/hr/1333?format=json"
        },
        {
            "congress": 93,
            "introducedDate": "1973-01-03",
            "latestAction": {
                "actionDate": "1973-01-03",
                "text": "Referred to House Committee on Ways and Means."
            },
            "number": "617",
            "policyArea": {
                "name": "Taxation"
            },
            "title": "A bill to amend the Internal Revenue Code of 1954 to allow a deduction for purposes of the Federal estate tax for certain amounts left by the decedent to certain handicapped individuals.",
            "type": "HR",
            "url": "https://api.congress.gov/v3/bill/93/hr/617?format=json"
        },
        {
            "congress": 93,
            "introducedDate": "1973-01-03",
            "latestAction": {
                "actionDate": "1973-01-03",
                "text": "Referred to House Committee on Government Operations."
            },
            "number": "613",
            "policyArea": {
                "name": "Government Operations and Politics"
            },
            "title": "A bill to establish a permanent Commission on Organization of the Executive Branch of the Government.",
            "type": "HR",
            "url": "https://api.congress.gov/v3/bill/93/hr/613?format=json"
        },
        {
            "congress": 93,
            "introducedDate": "1973-01-03",
            "latestAction": {
                "actionDate": "1973-01-03",
                "text": "Referred to House Committee on Veterans' Affairs."
            },
            "number": "616",
            "policyArea": {
                "name": "Armed Forces and National Security"
            },
            "title": "A bill authorizing the Secretary of the Army to establish a national cemetery at Camp Parks, Calif., for northern California.",
            "type": "HR",
            "url": "https://api.congress.gov/v3/bill/93/hr/616?format=json"
        },
        {
            "congress": 93,
            "introducedDate": "1973-01-03",
            "latestAction": {
                "actionDate": "1973-01-03",
                "text": "Referred to House Committee on Armed Services."
            },
            "number": "612",
            "policyArea": {
                "name": "Armed Forces and National Security"
            },
            "title": "Uniformed Services Retired and Retainer Pay Equalization Act",
            "type": "HR",
            "url": "https://api.congress.gov/v3/bill/93/hr/612?format=json"
        },
        {
            "congress": 93,
            "introducedDate": "1973-01-03",
            "latestAction": {
                "actionDate": "1973-01-03",
                "text": "Referred to House Committee on Interior and Insular Affairs."
            },
            "number": "614",
            "policyArea": {
                "name": "Monuments and memorials"
            },
            "title": "A bill to provide for the erection of a monument on Alcatraz Island to serve as a western counterpart to the Statue of Liberty and commemorate the achievement of American Independence.",
            "type": "HR",
            "url": "https://api.congress.gov/v3/bill/93/hr/614?format=json"
        },
        {
            "congress": 93,
            "introducedDate": "1973-01-03",
            "latestAction": {
                "actionDate": "1973-01-03",
                "text": "Referred to House Committee on Armed Services."
            },
            "number": "611",
            "policyArea": {
                "name": "Government Operations and Politics"
            },
            "title": "A bill to amend title 10, United States Code, to limit, and to provide more effective control with respect to the use of Government production equipment by private contractors under contracts entered into by the Department of Defense and certain other Federal agencies.",
            "type": "HR",
            "url": "https://api.congress.gov/v3/bill/93/hr/611?format=json"
        },
        {
            "congress": 93,
            "introducedDate": "1973-01-03",
            "latestAction": {
                "actionDate": "1973-01-03",
                "text": "Referred to House Committee on Science and Astronautics."
            },
            "number": "615",
            "policyArea": {
                "name": "Science, Technology, Communications"
            },
            "title": "Conversion Research and Education Act",
            "type": "HR",
            "url": "https://api.congress.gov/v3/bill/93/hr/615?format=json"
        },
        {
            "congress": 93,
            "introducedDate": "1973-01-03",
            "latestAction": {
                "actionDate": "1973-01-03",
                "text": "Referred to House Committee on Ways and Means."
            },
            "number": "618",
            "policyArea": {
                "name": "Economics and Public Finance"
            },
            "title": "A bill to permit one-half of the budget surplus for any fiscal year to be applied against the public debt and to provide that one-half of such surplus shall be applied as tax credits against individual income taxes.",
            "type": "HR",
            "url": "https://api.congress.gov/v3/bill/93/hr/618?format=json"
        },
        {
            "congress": 93,
            "introducedDate": "1974-02-19",
            "latestAction": {
                "actionDate": "1974-02-19",
                "text": "Referred to House Committee on the Judiciary."
            },
            "number": "907",
            "policyArea": {
                "name": "Commemorations"
            },
            "title": "Joint resolution authorizing the President to proclaim the 28th day of September 1974 as Teacher's Day.",
            "type": "HJRES",
            "url": "https://api.congress.gov/v3/bill/93/hjres/907?format=json"
        },
        {
            "congress": 93,
            "introducedDate": "1973-07-20",
            "latestAction": {
                "actionDate": "1973-09-07",
                "text": "Referred to Senate Committee on the Judiciary."
            },
            "number": "677",
            "policyArea": {
                "name": "Commemorations"
            },
            "title": "Joint resolution authorizing the President to proclaim September 28 of each year as \"Teacher's Day\".",
            "type": "HJRES",
            "url": "https://api.congress.gov/v3/bill/93/hjres/677?format=json"
        },
        {
            "congress": 93,
            "introducedDate": "1973-06-26",
            "latestAction": {
                "actionDate": "1973-06-26",
                "text": "Referred to House Committee on the Judiciary."
            },
            "number": "642",
            "policyArea": {
                "name": "Arts, Culture, Religion"
            },
            "title": "Joint resolution designating the square dance as the national folk dance of the United States of America.",
            "type": "HJRES",
            "url": "https://api.congress.gov/v3/bill/93/hjres/642?format=json"
        },
        {
            "congress": 93,
            "introducedDate": "1973-05-14",
            "latestAction": {
                "actionDate": "1973-05-14",
                "text": "Referred to House Committee on the Judiciary."
            },
            "number": "555",
            "policyArea": {
                "name": "Arts, Culture, Religion"
            },
            "title": "Joint resolution designating the square dance as the national folk dance of the United States of America.",
            "type": "HJRES",
            "url": "https://api.congress.gov/v3/bill/93/hjres/555?format=json"
        },
        {
            "congress": 93,
            "introducedDate": "1973-01-31",
            "latestAction": {
                "actionDate": "1973-01-31",
                "text": "Referred to House Committee on Appropriations."
            },
            "number": "273",
            "policyArea": {
                "name": "Education"
            },
            "title": "Joint resolution making continuing appropriations for educational programs, and for other purposes.",
            "type": "HJRES",
            "url": "https://api.congress.gov/v3/bill/93/hjres/273?format=json"
        },
        {
            "congress": 93,
            "introducedDate": "1973-01-03",
            "latestAction": {
                "actionDate": "1973-01-03",
                "text": "Referred to House Committee on Judiciary."
            },
            "number": "84",
            "policyArea": {
                "name": "Commemorations"
            },
            "title": "A joint resolution authorizing the President to proclaim September 15 of each year as \"Respect for the Aged Day\".",
            "type": "HJRES",
            "url": "https://api.congress.gov/v3/bill/93/hjres/84?format=json"
        },
        {
            "congress": 93,
            "introducedDate": "1973-04-30",
            "latestAction": {
                "actionDate": "1973-04-30",
                "text": "Referred to House Committee on Judiciary."
            },
            "number": "207",
            "policyArea": {
                "name": "Sports and Recreation"
            },
            "title": "Concurrent resolution expressing the sense of the Congress that the San Jose Invitational Track and Field Meet is recognized as a contribution to the nationwide program of physical fitness.",
            "type": "HCONRES",
            "url": "https://api.congress.gov/v3/bill/93/hconres/207?format=json"
        },
        {
            "congress": 93,
            "introducedDate": "1973-03-21",
            "latestAction": {
                "actionDate": "1973-03-21",
                "text": "Referred to House Committee on Agriculture."
            },
            "number": "160",
            "policyArea": {
                "name": "Public Lands and Natural Resources"
            },
            "title": "Concurrent resolution expressing the sense of the Congress that the Federal Government should increase the amount of timber offered for sale for domestic use.",
            "type": "HCONRES",
            "url": "https://api.congress.gov/v3/bill/93/hconres/160?format=json"
        },
        {
            "congress": 93,
            "introducedDate": "1973-03-21",
            "latestAction": {
                "actionDate": "1973-03-21",
                "text": "Referred to House Committee on Agriculture."
            },
            "number": "161",
            "policyArea": {
                "name": "Lumber trade"
            },
            "title": "Concurrent resolution expressing the sense of the Congress that the Federal Government should increase the amount of timber offered for sale for domestic use.",
            "type": "HCONRES",
            "url": "https://api.congress.gov/v3/bill/93/hconres/161?format=json"
        }
    ]
}