{
    "pagination": {
        "count": 57
    },
    "request": {
        "bioguideId": "f000218",
        "contentType": "application/json",
        "format": "json"
    },
    "sponsoredLegislation": [
        {
            "congress": 93,
            "introducedDate": "1973-01-03",
            "latestAction": {
                "actionDate": "1973-01-03",
                "text": "Referred to House Committee on Ways and Means."
            },
            "number": "502",
            "policyArea": {
                "name": "Housing and Community Development"
            },
            "title": "A bill to amend the Internal Revenue Code of 1954 to allow a deduction for expenses incurred by a taxpayer in making repairs and improvements to his residence.",
            "type": "HR",
            "url": "https://api.congress.gov/v3/bill/93/hr/502?format=json"
        },
        {
            "congress": 93,
            "introducedDate": "1973-01-03",
            "latestAction": {
                "actionDate": "1973-01-03",
                "text": "Referred to House Committee on Armed Services."
            },
            "number": "500",
            "policyArea": {
                "name": "Armed Forces and National Security"
            },
            "title": "Uniformed Services Retirement Pay Equalization Act",
            "type": "HR",
            "url": "https://api.congress.gov/v3/bill/93/hr/500?format=json"
        },
        {
            "congress": 93,
            "introducedDate": "1973-01-03",
            "latestAction": {
                "actionDate": "1973-01-03",
                "text": "Referred to House Committee on Education and Labor."
            },
            "number": "501",
            "policyArea": {
                "name": "Mines and mineral resources"
            },
            "title": "A bill to amend the black lung benefits provisions of the Federal Coal Mine Health and Safety Act of 1969 to extend those benefits to miners who incur silicosis in iron mines.",
            "type": "HR",
            "url": "https://api.congress.gov/v3/bill/93/hr/501?format=json"
        },
        {
            "congress": 93,
            "introducedDate": "1973-10-02",
            "latestAction": {
                "actionDate": "1973-10-02",
                "text": "Referred to House Committee on Interstate and Foreign Commerce."
            },
            "number": "10632",
            "policyArea": {
                "name": "Commerce"
            },
            "title": "A bill to amend the Federal Trade Commission Act (15 U.S.C. 41) to provide that under certain circumstances exclusive territorial arrangements shall not be deemed unlawful.",
            "type": "HR",
            "url": "https://api.congress.gov/v3/bill/93/hr/10632?format=json"
        },
        {
            "congress": 93,
            "introducedDate": "1973-05-16",
            "latestAction": {
                "actionDate": "1973-05-16",
                "text": "Referred to House Committee on Public Works."
            },
            "number": "7877",
            "policyArea": {
                "name": "Recreation areas"
            },
            "title": "A bill to amend section 210 of the Flood Control Act of 1968.",
            "type": "HR",
            "url": "https://api.congress.gov/v3/bill/93/hr/7877?format=json"
        },
        {
            "congress": 93,
            "introducedDate": "1973-05-15",
            "latestAction": {
                "actionDate": "1973-05-15",
                "text": "Referred to House Committee on Interstate and Foreign Commerce."
            },
            "number": "7801",
            "policyArea": {
                "name": null
            },
            "title": "Food Supplement Amendment",
            "type": "HR",
            "url": "https://api.congress.gov/v3/bill/93/hr/7801?format=json"
        },
        {
            "congress": 93,
            "introducedDate": "1973-05-09",
            "latestAction": {
                "actionDate": "1973-05-09",
                "text": "Referred to House Committee on Rules."
            },
            "number": "7638",
            "policyArea": {
                "name": "Economics and Public Finance"
            },
            "title": "Budget Control Act",
            "type": "HR",
            "url": "https://api.congress.gov/v3/bill/93/hr/7638?format=json"
        },
        {
            "congress": 93,
            "introducedDate": "1973-01-18",
            "latestAction": {
                "actionDate": "1973-01-18",
                "text": "Referred to House Committee on Interior and Insular Affairs."
            },
            "number": "2307",
            "policyArea": {
                "name": "Public Lands and Natural Resources"
            },
            "title": "A bill to amend the Wild and Scenic Rivers Act by designating a certain river in the State of Alabama for potential addition to the national wild and scenic rivers system.",
            "type": "HR",
            "url": "https://api.congress.gov/v3/bill/93/hr/2307?format=json"
        },
        {
            "congress": 93,
            "introducedDate": "1973-01-18",
            "latestAction": {
                "actionDate": "1973-01-18",
                "text": "Referred to House Committee on Interstate and Foreign Commerce."
            },
            "number": "2308",
            "policyArea": {
                "name": "Government Operations and Politics"
            },
            "title": "A bill to amend the Communications Act of 1934 to establish orderly procedures for the consideration of applications for renewal of broadcast licenses.",
            "type": "HR",
            "url": "https://api.congress.gov/v3/bill/93/hr/2308?format=json"
        },
        {
            "congress": 94,
            "introducedDate": "1976-07-01",
            "latestAction": {
                "actionDate": "1976-07-01",
                "text": "Referred to House Committee on Ways and Means."
            },
            "number": "14662",
            "policyArea": {
                "name": "Taxation"
            },
            "title": "A bill to amend the Internal Revenue Code of 1954 to provide an additional income tax exemption for a taxpayer, his spouse, or his dependent, who is disabled.",
            "type": "HR",
            "url": "https://api.congress.gov/v3/bill/94/hr/14662?format=json"
        },
        {
            "congress": 94,
            "introducedDate": "1976-05-25",
            "latestAction": {
                "actionDate": "1976-05-25",
                "text": "Referred to House Committee on the Judiciary."
            },
            "number": "14002",
            "policyArea": {
                "name": "Government Operations and Politics"
            },
            "title": "A bill to amend the Administrative Conference Act.",
            "type": "HR",
            "url": "https://api.congress.gov/v3/bill/94/hr/14002?format=json"
        },
        {
            "congress": 94,
            "introducedDate": "1976-05-20",
            "latestAction": {
                "actionDate": "1976-09-22",
                "text": "Referred to Senate Committee on the Judiciary."
            },
            "number": "13940",
            "policyArea": {
                "name": "Private Legislation"
            },
            "title": "A bill for the relief of Mr. and Mrs. Aaron Wayne Ogburn.",
            "type": "HR",
            "url": "https://api.congress.gov/v3/bill/94/hr/13940?format=json"
        },
        {
            "congress": 94,
            "introducedDate": "1976-05-20",
            "latestAction": {
                "actionDate": "1976-05-20",
                "text": "Referred to House Committee on the Judiciary."
            },
            "number": "13941",
            "policyArea": {
                "name": "Private Legislation"
            },
            "title": "A bill for the relief of Mary Vance Trent.",
            "type": "HR",
            "url": "https://api.congress.gov/v3/bill/94/hr/13941?format=json"
        },
        {
            "congress": 94,
            "introducedDate": "1976-05-12",
            "latestAction": {
                "actionDate": "1976-05-12",
                "text": "Referred to House Committee on Interstate and Foreign Commerce."
            },
            "number": "13761",
            "policyArea": {
                "name": "Government Operations and Politics"
            },
            "title": "Consumer Communications Reform Act",
            "type": "HR",
            "url": "https://api.congress.gov/v3/bill/94/hr/13761?format=json"
        },
        {
            "congress": 94,
            "introducedDate": "1976-04-29",
            "latestAction": {
                "actionDate": "1976-04-29",
                "text": "Referred to House Committee on the Judiciary."
            },
            "number": "13431",
            "policyArea": {
                "name": "Government Operations and Politics"
            },
            "title": "A bill to transfer responsibility for furnishing certified copies of Miller Act payment bonds from the Comptroller General to the officer that awarded the contract for which the bond was given.",
            "type": "HR",
            "url": "https://api.congress.gov/v3/bill/94/hr/13431?format=json"
        },
        {
            "congress": 94,
            "introducedDate": "1976-04-28",
            "latestAction": {
                "actionDate": "1976-04-28",
                "text": "Referred to House Committee on the Judiciary."
            },
            "number": "13393",
            "policyArea": {
                "name": "Government Operations and Politics"
            },
            "title": "A bill to give the Comptroller General of the United States the authority to prescribe the monetary limitation for waiver of claim actions by the heads of agencies and Secretaries of Departments.",
            "type": "HR",
            "url": "https://api.congress.gov/v3/bill/94/hr/13393?format=json"
        },
        {
            "congress": 94,
            "introducedDate": "1976-04-27",
            "latestAction": {
                "actionDate": "1976-04-27",
                "text": "Referred to House Committee on Rules."
            },
            "number": "13305",
            "policyArea": {
                "name": "Economics and Public Finance"
            },
            "title": "Government Economy and Spending Reform Act",
            "type": "HR",
            "url": "https://api.congress.gov/v3/bill/94/hr/13305?format=json"
        },
        {
            "congress": 94,
            "introducedDate": "1976-03-16",
            "latestAction": {
                "actionDate": "1976-03-16",
                "text": "Referred to House Committee on Rules."
            },
            "number": "12543",
            "policyArea": {
                "name": "Government Operations and Politics"
            },
            "title": "Administrative Rule Making Reform Act",
            "type": "HR",
            "url": "https://api.congress.gov/v3/bill/94/hr/12543?format=json"
        },
        {
            "congress": 94,
            "introducedDate": "1976-03-02",
            "latestAction": {
                "actionDate": "1976-03-02",
                "text": "Referred to House Committee on the Judiciary."
            },
            "number": "12257",
            "policyArea": {
                "name": "Private Legislation"
            },
            "title": "A bill for the relief of Jonty Skinner.",
            "type": "HR",
            "url": "https://api.congress.gov/v3/bill/94/hr/12257?format=json"
        },
        {
            "congress": 94,
            "introducedDate": "1976-02-25",
            "latestAction": {
                "actionDate": "1976-02-25",
                "text": "Referred to House Committee on Veterans' Affairs."
            },
            "number": "12088",
            "policyArea": {
                "name": "Armed Forces and National Security"
            },
            "title": "A bill to amend title 38 of the United States Code in order to extend the delimiting period for completing programs of education for veterans pursuing such programs at the close of such period.",
            "type": "HR",
            "url": "https://api.congress.gov/v3/bill/94/hr/12088?format=json"
        },
        {
            "congress": 94,
            "introducedDate": "1976-02-24",
            "latestAction": {
                "actionDate": "1976-09-21",
                "text": "Measure failed of passage in House under suspension of rules, roll call #785 (265-135)."
            },
            "number": "12048",
            "policyArea": {
                "name": "Government Operations and Politics"
            },
            "title": "Administrative Rule Making Reform Act",
            "type": "HR",
            "url": "https://api.congress.gov/v3/bill/94/hr/12048?format=json"
        },
        {
            "congress": 94,
            "introducedDate": "1976-02-03",
            "latestAction": {
                "actionDate": "1976-02-03",
                "text": "Referred to House Committee on Ways and Means."
            },
            "number": "11643",
            "policyArea": {
                "name": "Taxation"
            },
            "title": "A bill to amend section 5701 (a)(2) of the Internal Revenue Code of 1954 so as to change the bracket tax on cigars to an ad valorem tax.",
            "type": "HR",
            "url": "https://api.congress.gov/v3/bill/94/hr/11643?format=json"
        },
        {
            "congress": 94,
            "introducedDate": "1975-12-16",
            "latestAction": {
                "actionDate": "1975-12-16",
                "text": "Referred to House Committee on Government Operations."
            },
            "number": "11188",
            "policyArea": {
                "name": "Economics and Public Finance"
            },
            "title": "A bill to limit the period of authorization of new budget authority and to require comprehensive review and study of existing programs for which continued budget authority is proposed to be authorized by committees of the Congress.",
            "type": "HR",
            "url": "https://api.congress.gov/v3/bill/94/hr/11188?format=json"
        },
        {
            "congress": 94,
            "introducedDate": "1975-10-09",
            "latestAction": {
                "actionDate": "1975-10-09",
                "text": "Referred to House Committee on the Judiciary."
            },
            "number": "10196",
            "policyArea": {
                "name": "Administrative law and regulatory procedures"
            },
            "title": "A bill to amend chapter 5, subchapter II, of title 5, United States Code, to provide for improved administrative procedures.",
            "type": "HR",
            "url": "https://api.congress.gov/v3/bill/94/hr/10196?format=json"
        },
        {
            "congress": 94,
            "introducedDate": "1975-10-09",
            "latestAction": {
                "actionDate": "1975-10-09",
                "text": "Referred to House Committee on the Judiciary."
            },
            "number": "10195",
            "policyArea": {
                "name": "Administrative law and regulatory procedures"
            },
            "title": "A bill to amend chapter 5, subchapter II, of title 5, United States Code, to provide for improved administrative procedures.",
            "type": "HR",
            "url": "https://api.congress.gov/v3/bill/94/hr/10195?format=json"
        },
        {
            "congress": 94,
            "introducedDate": "1975-10-09",
            "latestAction": {
                "actionDate": "1975-10-09",
                "text": "Referred to House Committee on the Judiciary."
            },
            "number": "10199",
            "policyArea": {
                "name": "Administrative law and regulatory procedures"
            },
            "title": "A bill to amend chapter 7, title 5, United States Code, with respect to procedure for judicial review of certain administrative agency action.",
            "type": "HR",
            "url": "https://api.congress.gov/v3/bill/94/hr/10199?format=json"
        },
        {
            "congress": 94,
            "introducedDate": "1975-10-09",
            "latestAction": {
                "actionDate": "1975-10-09",
                "text": "Referred to House Committee on the Judiciary."
            },
            "number": "10194",
            "policyArea": {
                "name": "Administrative law and regulatory procedures"
            },
            "title": "A bill to amend chapter 5, subchapter II, of title 5, United States Code, to provide for improved administrative procedures.",
            "type": "HR",
            "url": "https://api.congress.gov/v3/bill/94/hr/10194?format=json"
        },
        {
            "congress": 94,
            "introducedDate": "1975-10-09",
            "latestAction": {
                "actionDate": "1975-10-09",
                "text": "Referred to House Committee on the Judiciary."
            },
            "number": "10198",
            "policyArea": {
                "name": "Administrative law and regulatory procedures"
            },
            "title": "A bill to amend chapter 5, subchapter II, of title 5, United States Code, to provide for improved administrative procedures.",
            "type": "HR",
            "url": "https://api.congress.gov/v3/bill/94/hr/10198?format=json"
        },
        {
            "congress": 94,
            "introducedDate": "1975-10-09",
            "latestAction": {
                "actionDate": "1975-10-09",
                "text": "Referred to House Committee on the Judiciary."
            },
            "number": "10197",
            "policyArea": {
                "name": "Administrative law and regulatory procedures"
            },
            "title": "A bill to amend chapter 5, subchapter II, of title 5, United States Code, to provide for improved administrative procedures.",
            "type": "HR",
            "url": "https://api.congress.gov/v3/bill/94/hr/10197?format=json"
        },
        {
            "congress": 94,
            "introducedDate": "1975-09-25",
            "latestAction": {
                "actionDate": "1975-09-25",
                "text": "Referred to House Committee on Banking, Currency and Housing."
            },
            "number": "9855",
            "policyArea": {
                "name": "Real estate business"
            },
            "title": "A bill to repeal the Real Estate Settlement Procedures Act of 1974.",
            "type": "HR",
            "url": "https://api.congress.gov/v3/bill/94/hr/9855?format=json"
        },
        {
            "congress": 94,
            "introducedDate": "1975-10-01",
            "latestAction": {
                "actionDate": "1976-08-19",
                "text": "Private Law 94-96."
            },
            "number": "9965",
            "policyArea": {
                "name": "Private Legislation"
            },
            "title": "A bill for the relief of Boulder Daily Camera, Boulder, Colorado.",
            "type": "HR",
            "url": "https://api.congress.gov/v3/bill/94/hr/9965?format=json"
        },
        {
            "congress": 94,
            "introducedDate": "1975-09-05",
            "latestAction": {
                "actionDate": "1976-08-19",
                "text": "Private Law 94-95."
            },
            "number": "9414",
            "policyArea": {
                "name": "Private Legislation"
            },
            "title": "A bill for the relief of TV Facts, Rochester, New York.",
            "type": "HR",
            "url": "https://api.congress.gov/v3/bill/94/hr/9414?format=json"
        },
        {
            "congress": 94,
            "introducedDate": "1975-07-22",
            "latestAction": {
                "actionDate": "1975-07-22",
                "text": "Referred to House Committee on Post Office and Civil Service."
            },
            "number": "8814",
            "policyArea": {
                "name": "Periodicals"
            },
            "title": "A bill to amend title 39, United States Code, to provide that certain publications of institutions of higher education shall qualify for second-class mail rates.",
            "type": "HR",
            "url": "https://api.congress.gov/v3/bill/94/hr/8814?format=json"
        },
        {
            "congress": 94,
            "introducedDate": "1975-05-14",
            "latestAction": {
                "actionDate": "1975-05-14",
                "text": "Referred to House Committee on Ways and Means."
            },
            "number": "6963",
            "policyArea": {
                "name": "Taxation"
            },
            "title": "A bill to amend the Internal Revenue Code of 1954 to increase the exemption for purposes of the Federal estate tax from $60,000 to $200,000.",
            "type": "HR",
            "url": "https://api.congress.gov/v3/bill/94/hr/6963?format=json"
        },
        {
            "congress": 94,
            "introducedDate": "1975-05-08",
            "latestAction": {
                "actionDate": "1975-05-08",
                "text": "Referred to House Committee on the Judiciary."
            },
            "number": "6853",
            "policyArea": {
                "name": "Private Legislation"
            },
            "title": "A bill for the relief of Mr. Chin-Pao Shao.",
            "type": "HR",
            "url": "https://api.congress.gov/v3/bill/94/hr/6853?format=json"
        },
        {
            "congress": 94,
            "introducedDate": "1975-03-26",
            "latestAction": {
                "actionDate": "1975-03-26",
                "text": "Referred to House Committee on the Judiciary."
            },
            "number": "5576",
            "policyArea": {
                "name": "Government Operations and Politics"
            },
            "title": "A bill to amend the act of August 24, 1935 (commonly referred to as the \"Miller Act\") to provide for additional protection to persons supplying labor and material in the prosecution of work provided for in contracts for the construction, alteration, or repair of any public building or public work  of the United States, and for other purposes.",
            "type": "HR",
            "url": "https://api.congress.gov/v3/bill/94/hr/5576?format=json"
        },
        {
            "congress": 94,
            "introducedDate": "1975-03-13",
            "latestAction": {
                "actionDate": "1975-03-13",
                "text": "Referred to House Committee on the Judiciary."
            },
            "number": "4938",
            "policyArea": {
                "name": "Private Legislation"
            },
            "title": "A bill for the relief of Major Charles H. Lyon III, United States Army.",
            "type": "HR",
            "url": "https://api.congress.gov/v3/bill/94/hr/4938?format=json"
        },
        {
            "congress": 94,
            "introducedDate": "1975-03-04",
            "latestAction": {
                "actionDate": "1975-07-22",
                "text": "Referred to Senate Committee on the Judiciary."
            },
            "number": "4152",
            "policyArea": {
                "name": "Law"
            },
            "title": "A bill to amend title 28 of the United States Code as to the title of the commissioners of the U.S. Court of Claims.",
            "type": "HR",
            "url": "https://api.congress.gov/v3/bill/94/hr/4152?format=json"
        },
        {
            "congress": 94,
            "introducedDate": "1975-03-04",
            "latestAction": {
                "actionDate": "1975-03-04",
                "text": "Referred to House Committee on the Judiciary."
            },
            "number": "4151",
            "policyArea": {
                "name": "Law"
            },
            "title": "A bill to amend section 2509 of title 28 of the United States Code as to procedures in congressional reference cases.",
            "type": "HR",
            "url": "https://api.congress.gov/v3/bill/94/hr/4151?format=json"
        },
        {
            "congress": 94,
            "introducedDate": "1975-02-26",
            "latestAction": {
                "actionDate": "1975-10-22",
                "text": "Referred to Senate Committee on the Judiciary."
            },
            "number": "3816",
            "policyArea": {
                "name": "Private Legislation"
            },
            "title": "A bill for the relief of John A. Townsley.",
            "type": "HR",
            "url": "https://api.congress.gov/v3/bill/94/hr/3816?format=json"
        },
        {
            "congress": 94,
            "introducedDate": "1975-02-26",
            "latestAction": {
                "actionDate": "1975-10-08",
                "text": "Referred to Senate Committee on the Judiciary."
            },
            "number": "3815",
            "policyArea": {
                "name": "Private Legislation"
            },
            "title": "A bill for the relief of Joseph J. Andrews.",
            "type": "HR",
            "url": "https://api.congress.gov/v3/bill/94/hr/3815?format=json"
        },
        {
            "congress": 94,
            "introducedDate": "1975-02-26",
            "latestAction": {
                "actionDate": "1975-10-08",
                "text": "Referred to Senate Committee on the Judiciary."
            },
            "number": "3817",
            "policyArea": {
                "name": "Private Legislation"
            },
            "title": "A bill for the relief of the Billings Gazette, the Idaho Statesman, the Independent Record, the Newspaper Agency, Utah State Press Association, Incorporated, Arizona Daily Sun, and Williams News.",
            "type": "HR",
            "url": "https://api.congress.gov/v3/bill/94/hr/3817?format=json"
        },
        {
            "congress": 94,
            "introducedDate": "1975-01-14",
            "latestAction": {
                "actionDate": "1975-01-14",
                "text": "Referred to House Committee on Education and Labor."
            },
            "number": "1285",
            "policyArea": {
                "name": "Lung diseases"
            },
            "title": "A bill to amend the black lung benefits provisions of the Federal Coal Mine Health and Safety Act of 1969 to extend those benefits to miners who incur silicosis in iron mines.",
            "type": "HR",
            "url": "https://api.congress.gov/v3/bill/94/hr/1285?format=json"
        },
        {
            "congress": 94,
            "introducedDate": "1975-03-25",
            "latestAction": {
                "actionDate": "1975-03-25",
                "text": "Referred to House Committee on Post Office and Civil Service."
            },
            "number": "359",
            "policyArea": {
                "name": "Government Operations and Politics"
            },
            "title": "Joint resolution to amend title 5 of the United States Code to provide for the designation of the 11th day of November of each year as Veterans Day.",
            "type": "HJRES",
            "url": "https://api.congress.gov/v3/bill/94/hjres/359?format=json"
        },
        {
            "congress": 94,
            "introducedDate": "1975-03-13",
            "latestAction": {
                "actionDate": "1975-03-13",
                "text": "Referred to House Committee on the Judiciary."
            },
            "number": "321",
            "policyArea": {
                "name": "National emblems"
            },
            "title": "Joint resolution to amend the joint resolution entitled \"Joint resolution to codify and emphasize existing rules and customs pertaining to the display and use of the flag of the United States of America.\"",
            "type": "HJRES",
            "url": "https://api.congress.gov/v3/bill/94/hjres/321?format=json"
        },
        {
            "congress": 94,
            "introducedDate": "1975-03-04",
            "latestAction": {
                "actionDate": "1975-03-04",
                "text": "Referred to House Committee on Post Office and Civil Service."
            },
            "number": "266",
            "policyArea": {
                "name": "Commemorations"
            },
            "title": "Joint resolution to designate 1975 as \"Key Club International 50th Anniversary Year.\"",
            "type": "HJRES",
            "url": "https://api.congress.gov/v3/bill/94/hjres/266?format=json"
        },
        {
            "congress": 95,
            "introducedDate": "1978-08-01",
            "latestAction": {
                "actionDate": "1978-08-01",
                "text": "Referred to House Committee on the Judiciary."
            },
            "number": "13677",
            "policyArea": {
                "name": "Law"
            },
            "title": "Judicial Independence and Integrity Act",
            "type": "HR",
            "url": "https://api.congress.gov/v3/bill/95/hr/13677?format=json"
        },
        {
            "congress": 95,
            "introducedDate": "1978-07-25",
            "latestAction": {
                "actionDate": "1978-07-25",
                "text": "Referred to House Committee on Public Works and Transportation."
            },
            "number": "13588",
            "policyArea": {
                "name": "Transportation and Public Works"
            },
            "title": "A bill to change the name of the China Bluff Access Area being constructed by the Army Corps of Engineers as part of the Tennessee-Tombigbee Waterway near Warsaw in Sumter County, Alabama to the \"S.W. Taylor Memorial Park\".",
            "type": "HR",
            "url": "https://api.congress.gov/v3/bill/95/hr/13588?format=json"
        },
        {
            "congress": 95,
            "introducedDate": "1978-07-14",
            "latestAction": {
                "actionDate": "1978-07-14",
                "text": "Referred to House Committee on Public Works and Transportation."
            },
            "number": "13482",
            "policyArea": {
                "name": "Monuments and memorials"
            },
            "title": "A bill to change the name of the Gainsville Public Use Area being constructed near Warsaw in Sumter County, Alabama to the \"S. W. Taylor Memorial Park\".",
            "type": "HR",
            "url": "https://api.congress.gov/v3/bill/95/hr/13482?format=json"
        },
        {
            "congress": 95,
            "introducedDate": "1978-06-28",
            "latestAction": {
                "actionDate": "1978-06-28",
                "text": "Referred to House Committee on the Judiciary."
            },
            "number": "13304",
            "policyArea": {
                "name": "Health"
            },
            "title": "A bill to amend the Federal Trade Commission Act and the Clayton Act to exempt incorporated or unincorporated associations of health professions personnel from the Federal Trade Commission Act and the antitrust laws.",
            "type": "HR",
            "url": "https://api.congress.gov/v3/bill/95/hr/13304?format=json"
        },
        {
            "congress": 95,
            "introducedDate": "1978-05-03",
            "latestAction": {
                "actionDate": "1978-05-03",
                "text": "Referred to House Committee on Ways and Means."
            },
            "number": "12520",
            "policyArea": {
                "name": "Taxation"
            },
            "title": "A bill to amend the Internal Revenue Code of 1954, as amended, so as to exempt subsistence allowances of law enforcement officers of the United States from Federal income taxes.",
            "type": "HR",
            "url": "https://api.congress.gov/v3/bill/95/hr/12520?format=json"
        },
        {
            "congress": 95,
            "introducedDate": "1977-11-29",
            "latestAction": {
                "actionDate": "1977-11-29",
                "text": "Referred to House Committee on the Judiciary."
            },
            "number": "10156",
            "policyArea": {
                "name": "Private Legislation"
            },
            "title": "A bill for the relief of Chin-Pao Shao.",
            "type": "HR",
            "url": "https://api.congress.gov/v3/bill/95/hr/10156?format=json"
        },
        {
            "congress": 95,
            "introducedDate": "1977-07-13",
            "latestAction": {
                "actionDate": "1977-07-13",
                "text": "Referred to House Committee on Ways and Means."
            },
            "number": "8298",
            "policyArea": {
                "name": "Taxation"
            },
            "title": "A bill to amend the Internal Revenue Code of 1954 to provide an additional income tax exemption for a taxpayer, his spouse, or his dependent, who is disabled.",
            "type": "HR",
            "url": "https://api.congress.gov/v3/bill/95/hr/8298?format=json"
        },
        {
            "congress": 95,
            "introducedDate": "1977-06-15",
            "latestAction": {
                "actionDate": "1977-06-15",
                "text": "Referred to House Committee on the Judiciary."
            },
            "number": "7803",
            "policyArea": {
                "name": "Judicial review of administrative acts"
            },
            "title": "Small Business Administrative Review Act",
            "type": "HR",
            "url": "https://api.congress.gov/v3/bill/95/hr/7803?format=json"
        },
        {
            "congress": 95,
            "introducedDate": "1977-03-23",
            "latestAction": {
                "actionDate": "1978-10-13",
                "text": "Measure passed Senate, amended."
            },
            "number": "5551",
            "policyArea": {
                "name": "Foreign Trade and International Finance"
            },
            "title": "A bill to suspend for a 3-year period the duty on 2-Methyl, 4- chlorophenol.",
            "type": "HR",
            "url": "https://api.congress.gov/v3/bill/95/hr/5551?format=json"
        },
        {
            "congress": 95,
            "introducedDate": "1977-01-04",
            "latestAction": {
                "actionDate": "1977-01-04",
                "text": "Referred to House Committee on the Judiciary."
            },
            "number": "116",
            "policyArea": {
                "name": "Administrative procedure"
            },
            "title": "Administrative Rule Making Reform Act",
            "type": "HR",
            "url": "https://api.congress.gov/v3/bill/95/hr/116?format=json"
        },
        {
            "congress": 95,
            "introducedDate": "1978-08-01",
            "latestAction": {
                "actionDate": "1978-08-01",
                "text": "Referred to House Committee on the Judiciary."
            },
            "number": "1102",
            "policyArea": {
                "name": "Law"
            },
            "title": "A resolution proposing an amendment to the Constitution of the United States with respect to the reconfirmation of judges after a term of eight years.",
            "type": "HJRES",
            "url": "https://api.congress.gov/v3/bill/95/hjres/1102?format=json"
        }
    ]
}