{
    "pagination": {
        "count": 78
    },
    "request": {
        "bioguideId": "h000719",
        "contentType": "application/json",
        "format": "json"
    },
    "sponsoredLegislation": [
        {
            "congress": 96,
            "introducedDate": "1980-09-25",
            "latestAction": {
                "actionDate": "1980-09-25",
                "text": "Referred to House Committee on Ways and Means."
            },
            "number": "8213",
            "policyArea": {
                "name": "Taxation"
            },
            "title": "Self-Employed Individuals Retirement Tax Amendments of 1980",
            "type": "HR",
            "url": "https://api.congress.gov/v3/bill/96/hr/8213?format=json"
        },
        {
            "congress": 96,
            "introducedDate": "1980-09-18",
            "latestAction": {
                "actionDate": "1980-09-18",
                "text": "Referred to House Committee on Interior and Insular Affairs."
            },
            "number": "8162",
            "policyArea": {
                "name": "Public Lands and Natural Resources"
            },
            "title": "A bill to authorize the Secretary of the Interior to assist in the preservation of historic Camden in the State of South Carolina, and for other purposes.",
            "type": "HR",
            "url": "https://api.congress.gov/v3/bill/96/hr/8162?format=json"
        },
        {
            "congress": 96,
            "introducedDate": "1980-09-17",
            "latestAction": {
                "actionDate": "1980-09-17",
                "text": "Referred to House Committee on Ways and Means."
            },
            "number": "8137",
            "policyArea": {
                "name": "Taxation"
            },
            "title": "A bill to encourage film corporations to donate certain historical film to educational organizations by increasing the limit on the charitable contribution deduction of such corporations.",
            "type": "HR",
            "url": "https://api.congress.gov/v3/bill/96/hr/8137?format=json"
        },
        {
            "congress": 96,
            "introducedDate": "1980-06-18",
            "latestAction": {
                "actionDate": "1980-06-18",
                "text": "Referred to House Committee on Ways and Means."
            },
            "number": "7612",
            "policyArea": {
                "name": "Taxation"
            },
            "title": "A bill to amend section 3402 of the Internal Revenue Code of 1954 to provide that proceeds from identical wagers will not be aggregated for purposes of determining whether tax should be withheld.",
            "type": "HR",
            "url": "https://api.congress.gov/v3/bill/96/hr/7612?format=json"
        },
        {
            "congress": 96,
            "introducedDate": "1980-02-26",
            "latestAction": {
                "actionDate": "1980-02-26",
                "text": "Referred to House Committee on the Judiciary."
            },
            "number": "6633",
            "policyArea": {
                "name": "Private Legislation"
            },
            "title": "A bill for the relief of Henry D. Barnett.",
            "type": "HR",
            "url": "https://api.congress.gov/v3/bill/96/hr/6633?format=json"
        },
        {
            "congress": 96,
            "introducedDate": "1979-11-16",
            "latestAction": {
                "actionDate": "1979-11-16",
                "text": "Referred to House Committee on Ways and Means."
            },
            "number": "5932",
            "policyArea": {
                "name": "Taxation"
            },
            "title": "A bill to amend the Internal Revenue Code of 1954 to extend the investment credit to certain fuel-efficient vehicles used by governmental units.",
            "type": "HR",
            "url": "https://api.congress.gov/v3/bill/96/hr/5932?format=json"
        },
        {
            "congress": 96,
            "introducedDate": "1979-11-01",
            "latestAction": {
                "actionDate": "1979-11-01",
                "text": "Referred to House Committee on Ways and Means."
            },
            "number": "5779",
            "policyArea": {
                "name": "Taxation"
            },
            "title": "Individual Savings and Investment Act of 1979",
            "type": "HR",
            "url": "https://api.congress.gov/v3/bill/96/hr/5779?format=json"
        },
        {
            "congress": 96,
            "introducedDate": "1979-10-24",
            "latestAction": {
                "actionDate": "1979-10-24",
                "text": "Referred to House Committee on Ways and Means."
            },
            "number": "5695",
            "policyArea": {
                "name": "Taxation"
            },
            "title": "A bill to amend the Internal Revenue Code of 1954 to provide an exclusion for income earned abroad attributable to certain missionary services.",
            "type": "HR",
            "url": "https://api.congress.gov/v3/bill/96/hr/5695?format=json"
        },
        {
            "congress": 96,
            "introducedDate": "1979-10-17",
            "latestAction": {
                "actionDate": "1979-10-17",
                "text": "Referred to House Committee on Ways and Means."
            },
            "number": "5620",
            "policyArea": {
                "name": "Taxation"
            },
            "title": "A bill to repeal the tax on use of civil aircraft.",
            "type": "HR",
            "url": "https://api.congress.gov/v3/bill/96/hr/5620?format=json"
        },
        {
            "congress": 96,
            "introducedDate": "1979-06-27",
            "latestAction": {
                "actionDate": "1979-06-27",
                "text": "Referred to House Committee on Ways and Means."
            },
            "number": "4634",
            "policyArea": {
                "name": "Taxation"
            },
            "title": "A bill to amend the Internal Revenue Code of 1954 to provide an election for income from certain spacecraft to be treated as income from sources within the United States.",
            "type": "HR",
            "url": "https://api.congress.gov/v3/bill/96/hr/4634?format=json"
        },
        {
            "congress": 96,
            "introducedDate": "1979-06-13",
            "latestAction": {
                "actionDate": "1979-06-13",
                "text": "Referred to House Committee on Ways and Means."
            },
            "number": "4446",
            "policyArea": {
                "name": "Taxation"
            },
            "title": "A bill to amend the Internal Revenue Code of 1954 to provide that the retirement-replacement-betterment method of accounting for property used by a common carrier (including a railroad switching company or a terminal company) is an acceptable method for determining depreciation allowances for income tax purposes.",
            "type": "HR",
            "url": "https://api.congress.gov/v3/bill/96/hr/4446?format=json"
        },
        {
            "congress": 96,
            "introducedDate": "1979-05-10",
            "latestAction": {
                "actionDate": "1979-05-10",
                "text": "Referred to House Committee on Ways and Means."
            },
            "number": "4041",
            "policyArea": {
                "name": "Taxation"
            },
            "title": "A bill to amend the Internal Revenue Code of 1954 to remove an inequity by allowing the same investment tax credit for certain tangible property used as an integral part of retail or wholesale trade as is allowed for such property used in manufacturing and other certain businesses.",
            "type": "HR",
            "url": "https://api.congress.gov/v3/bill/96/hr/4041?format=json"
        },
        {
            "congress": 96,
            "introducedDate": "1979-05-10",
            "latestAction": {
                "actionDate": "1979-05-10",
                "text": "Referred to House Committee on Ways and Means."
            },
            "number": "4042",
            "policyArea": {
                "name": "Taxation"
            },
            "title": "A bill to amend the Internal Revenue Code of 1954 to allow an investment credit for buildings and structural components used as an integral part of manufacturing, production, retail or wholesale trade, extraction and certain other businesses, or which are certain research or storage facilities.",
            "type": "HR",
            "url": "https://api.congress.gov/v3/bill/96/hr/4042?format=json"
        },
        {
            "congress": 96,
            "introducedDate": "1979-05-03",
            "latestAction": {
                "actionDate": "1979-05-03",
                "text": "Referred to House Committee on Ways and Means."
            },
            "number": "3911",
            "policyArea": {
                "name": "Taxation"
            },
            "title": "A bill to amend the Internal Revenue Code of 1954 with respect to certain trade or business expenses.",
            "type": "HR",
            "url": "https://api.congress.gov/v3/bill/96/hr/3911?format=json"
        },
        {
            "congress": 96,
            "introducedDate": "1979-04-25",
            "latestAction": {
                "actionDate": "1979-04-25",
                "text": "Referred to House Committee on Ways and Means."
            },
            "number": "3741",
            "policyArea": {
                "name": "Taxation"
            },
            "title": "A bill to amend the Internal Revenue Code of 1954 to provide that petroleum coke will not be treated as a petroleum product for purposes of the energy tax credit and for purposes of the denial of the investment tax credit and rapid depreciation for certain boilers fueled by petroleum products.",
            "type": "HR",
            "url": "https://api.congress.gov/v3/bill/96/hr/3741?format=json"
        },
        {
            "congress": 96,
            "introducedDate": "1979-03-27",
            "latestAction": {
                "actionDate": "1979-03-27",
                "text": "Referred to House Committee on Interior and Insular Affairs."
            },
            "number": "3274",
            "policyArea": {
                "name": "Native Americans"
            },
            "title": "Catawba Settlement Act",
            "type": "HR",
            "url": "https://api.congress.gov/v3/bill/96/hr/3274?format=json"
        },
        {
            "congress": 96,
            "introducedDate": "1979-02-15",
            "latestAction": {
                "actionDate": "1979-02-15",
                "text": "Referred to House Committee on Interstate and Foreign Commerce."
            },
            "number": "2194",
            "policyArea": {
                "name": "Health"
            },
            "title": "National Digestive Diseases Prevention, Cure, and Control Act",
            "type": "HR",
            "url": "https://api.congress.gov/v3/bill/96/hr/2194?format=json"
        },
        {
            "congress": 96,
            "introducedDate": "1979-02-15",
            "latestAction": {
                "actionDate": "1979-02-15",
                "text": "Referred to House Committee on Ways and Means."
            },
            "number": "2195",
            "policyArea": {
                "name": "Social Welfare"
            },
            "title": "Medicare-Medicaid Administrative and Reimbursement Reform Act",
            "type": "HR",
            "url": "https://api.congress.gov/v3/bill/96/hr/2195?format=json"
        },
        {
            "congress": 96,
            "introducedDate": "1979-01-25",
            "latestAction": {
                "actionDate": "1979-01-25",
                "text": "Referred to House Committee on the Judiciary."
            },
            "number": "1512",
            "policyArea": {
                "name": "Commerce"
            },
            "title": "Soft Drink Interbrand Competition Act",
            "type": "HR",
            "url": "https://api.congress.gov/v3/bill/96/hr/1512?format=json"
        },
        {
            "congress": 96,
            "introducedDate": "1979-01-15",
            "latestAction": {
                "actionDate": "1979-01-15",
                "text": "Referred to House Committee on Ways and Means."
            },
            "number": "460",
            "policyArea": {
                "name": "Foreign Trade and International Finance"
            },
            "title": "A bill to amend the Trade Act of 1974.",
            "type": "HR",
            "url": "https://api.congress.gov/v3/bill/96/hr/460?format=json"
        },
        {
            "congress": 94,
            "introducedDate": "1976-09-20",
            "latestAction": {
                "actionDate": "1976-09-20",
                "text": "Referred to House Committee on Interstate and Foreign Commerce."
            },
            "number": "15632",
            "policyArea": {
                "name": "Government Operations and Politics"
            },
            "title": "A bill to require the Federal Communications Commission to increase the channels available for use in the citizens radio service, to prohibit the Commission from preventing the alteration of existing equipment used in the citizens radio service to accommodate such increased channel capacity.",
            "type": "HR",
            "url": "https://api.congress.gov/v3/bill/94/hr/15632?format=json"
        },
        {
            "congress": 94,
            "introducedDate": "1976-09-20",
            "latestAction": {
                "actionDate": "1976-09-20",
                "text": "Referred to House Committee on the Judiciary."
            },
            "number": "15633",
            "policyArea": {
                "name": "Rescue work"
            },
            "title": "A bill to provide benefits to the survivors of any rescue squad worker who has died as a result of injury sustained in the performance of duty.",
            "type": "HR",
            "url": "https://api.congress.gov/v3/bill/94/hr/15633?format=json"
        },
        {
            "congress": 94,
            "introducedDate": "1976-09-01",
            "latestAction": {
                "actionDate": "1976-09-01",
                "text": "Referred to House Committee on Public Works and Transportation."
            },
            "number": "15382",
            "policyArea": {
                "name": "Environmental Protection"
            },
            "title": "Disposal Area Management Act",
            "type": "HR",
            "url": "https://api.congress.gov/v3/bill/94/hr/15382?format=json"
        },
        {
            "congress": 94,
            "introducedDate": "1976-08-24",
            "latestAction": {
                "actionDate": "1976-08-24",
                "text": "Referred to House Committee on Interstate and Foreign Commerce."
            },
            "number": "15238",
            "policyArea": {
                "name": "Government Operations and Politics"
            },
            "title": "A bill to require the Federal Communications Commission to increase the channels available for use in the citizens radio service.",
            "type": "HR",
            "url": "https://api.congress.gov/v3/bill/94/hr/15238?format=json"
        },
        {
            "congress": 94,
            "introducedDate": "1976-06-04",
            "latestAction": {
                "actionDate": "1976-06-04",
                "text": "Referred to House Committee on Interstate and Foreign Commerce."
            },
            "number": "14195",
            "policyArea": {
                "name": "Government Operations and Politics"
            },
            "title": "A bill to require the Federal Communications Commission to increase the channels available for use in the citizens radio service.",
            "type": "HR",
            "url": "https://api.congress.gov/v3/bill/94/hr/14195?format=json"
        },
        {
            "congress": 94,
            "introducedDate": "1976-05-26",
            "latestAction": {
                "actionDate": "1976-05-26",
                "text": "Referred to House Committee on Education and Labor."
            },
            "number": "14023",
            "policyArea": {
                "name": "Education"
            },
            "title": "A bill to provide that the Commissioner of Education shall not act to terminate, refuse to grant or continue, or defer action on, assistance under the Elementary and Secondary Education Act of 1965 on the basis of alleged noncompliance with the provisions of title VI of the Civil Rights Act of 1964, in certain circumstances.",
            "type": "HR",
            "url": "https://api.congress.gov/v3/bill/94/hr/14023?format=json"
        },
        {
            "congress": 94,
            "introducedDate": "1976-05-03",
            "latestAction": {
                "actionDate": "1976-05-03",
                "text": "Referred to House Committee on Education and Labor."
            },
            "number": "13506",
            "policyArea": {
                "name": "Education"
            },
            "title": "A bill to provide that the Commissioner of Education shall not act to terminate, refuse to grant or continue, or defer action on assistance under the Elementary and Secondary Education Act of 1965 on the provisions of title VI of the Civil Rights Act of 1964, in certain circumstances.",
            "type": "HR",
            "url": "https://api.congress.gov/v3/bill/94/hr/13506?format=json"
        },
        {
            "congress": 94,
            "introducedDate": "1975-03-04",
            "latestAction": {
                "actionDate": "1975-03-04",
                "text": "Referred to House Committee on Ways and Means."
            },
            "number": "4165",
            "policyArea": {
                "name": "Social Welfare"
            },
            "title": "A bill to amend title II of the Social Security Act to increase to $3,600 the amount of outside earnings which (subject to further increases under the automatic adjustment provisions) is permitted an individual each year without any deductions from benefits thereunder.",
            "type": "HR",
            "url": "https://api.congress.gov/v3/bill/94/hr/4165?format=json"
        },
        {
            "congress": 94,
            "introducedDate": "1975-03-04",
            "latestAction": {
                "actionDate": "1975-03-04",
                "text": "Referred to House Committee on Ways and Means."
            },
            "number": "4166",
            "policyArea": {
                "name": "Social Welfare"
            },
            "title": "A bill to amend title II of the Social Security Act to increase to $3,600 the amount of outside earnings which (subject to further increases under the automatic adjustment provisions) is permitted an individual each year without any deductions from benefits thereunder.",
            "type": "HR",
            "url": "https://api.congress.gov/v3/bill/94/hr/4166?format=json"
        },
        {
            "congress": 94,
            "introducedDate": "1975-02-18",
            "latestAction": {
                "actionDate": "1975-02-18",
                "text": "Referred to House Committee on Ways and Means."
            },
            "number": "3167",
            "policyArea": {
                "name": "Social Welfare"
            },
            "title": "A bill to amend title II of the Social Security Act to increase to $3,600 the amount of outside earnings which (subject to further increases under the automatic adjustment provisions) is permitted an individual each year without any deductions from benefits thereunder.",
            "type": "HR",
            "url": "https://api.congress.gov/v3/bill/94/hr/3167?format=json"
        },
        {
            "congress": 95,
            "introducedDate": "1978-10-13",
            "latestAction": {
                "actionDate": "1978-10-13",
                "text": "Referred to House Committee on Ways and Means."
            },
            "number": "14322",
            "policyArea": {
                "name": "Foreign Trade and International Finance"
            },
            "title": "A bill to amend the Trade Act of 1974.",
            "type": "HR",
            "url": "https://api.congress.gov/v3/bill/95/hr/14322?format=json"
        },
        {
            "congress": 95,
            "introducedDate": "1978-09-29",
            "latestAction": {
                "actionDate": "1978-09-29",
                "text": "Referred to House Committee on Ways and Means."
            },
            "number": "14207",
            "policyArea": {
                "name": "Foreign Trade and International Finance"
            },
            "title": "A bill to amend the Trade Act of 1974.",
            "type": "HR",
            "url": "https://api.congress.gov/v3/bill/95/hr/14207?format=json"
        },
        {
            "congress": 95,
            "introducedDate": "1978-09-11",
            "latestAction": {
                "actionDate": "1978-09-11",
                "text": "Referred to House Committee on Interior and Insular Affairs."
            },
            "number": "14038",
            "policyArea": {
                "name": "Public Lands and Natural Resources"
            },
            "title": "A bill to authorize the establishment of the Historic Camden National Historic Park, and for other purposes.",
            "type": "HR",
            "url": "https://api.congress.gov/v3/bill/95/hr/14038?format=json"
        },
        {
            "congress": 95,
            "introducedDate": "1978-09-11",
            "latestAction": {
                "actionDate": "1978-09-11",
                "text": "Referred to House Committee on Interior and Insular Affairs."
            },
            "number": "14037",
            "policyArea": {
                "name": "Public Lands and Natural Resources"
            },
            "title": "A bill to authorize the Secretary of the Interior to conduct a study of the historic resources of Camden, South Carolina, and for other purposes.",
            "type": "HR",
            "url": "https://api.congress.gov/v3/bill/95/hr/14037?format=json"
        },
        {
            "congress": 95,
            "introducedDate": "1978-08-08",
            "latestAction": {
                "actionDate": "1978-08-08",
                "text": "Referred to House Committee on Ways and Means."
            },
            "number": "13792",
            "policyArea": {
                "name": "Foreign Trade and International Finance"
            },
            "title": "A bill to amend the Trade Act of 1974.",
            "type": "HR",
            "url": "https://api.congress.gov/v3/bill/95/hr/13792?format=json"
        },
        {
            "congress": 95,
            "introducedDate": "1978-06-07",
            "latestAction": {
                "actionDate": "1978-06-07",
                "text": "Referred to House Committee on Ways and Means."
            },
            "number": "13011",
            "policyArea": {
                "name": "Foreign Trade and International Finance"
            },
            "title": "A bill to amend the Trade Act of 1974.",
            "type": "HR",
            "url": "https://api.congress.gov/v3/bill/95/hr/13011?format=json"
        },
        {
            "congress": 95,
            "introducedDate": "1978-05-11",
            "latestAction": {
                "actionDate": "1978-05-11",
                "text": "Referred to House Committee on Ways and Means."
            },
            "number": "12685",
            "policyArea": {
                "name": "Foreign Trade and International Finance"
            },
            "title": "A bill to amend the Trade Act of 1974.",
            "type": "HR",
            "url": "https://api.congress.gov/v3/bill/95/hr/12685?format=json"
        },
        {
            "congress": 95,
            "introducedDate": "1978-05-03",
            "latestAction": {
                "actionDate": "1978-05-03",
                "text": "Referred to House Committee on Ways and Means."
            },
            "number": "12546",
            "policyArea": {
                "name": "Foreign Trade and International Finance"
            },
            "title": "A bill to amend the Trade Act of 1974.",
            "type": "HR",
            "url": "https://api.congress.gov/v3/bill/95/hr/12546?format=json"
        },
        {
            "congress": 95,
            "introducedDate": "1978-04-27",
            "latestAction": {
                "actionDate": "1978-04-27",
                "text": "Referred to House Committee on Ways and Means."
            },
            "number": "12419",
            "policyArea": {
                "name": "Foreign Trade and International Finance"
            },
            "title": "A bill to amend the Trade Act of 1974.",
            "type": "HR",
            "url": "https://api.congress.gov/v3/bill/95/hr/12419?format=json"
        },
        {
            "congress": 95,
            "introducedDate": "1978-04-27",
            "latestAction": {
                "actionDate": "1978-04-27",
                "text": "Referred to House Committee on Interstate and Foreign Commerce."
            },
            "number": "12420",
            "policyArea": {
                "name": "Health"
            },
            "title": "A bill to amend title XVIII of the Social Security Act to authorize payment under the supplementary medical insurance program for optometric and medical vision care.",
            "type": "HR",
            "url": "https://api.congress.gov/v3/bill/95/hr/12420?format=json"
        },
        {
            "congress": 95,
            "introducedDate": "1978-04-24",
            "latestAction": {
                "actionDate": "1978-04-24",
                "text": "Referred to House Committee on Ways and Means."
            },
            "number": "12314",
            "policyArea": {
                "name": "Foreign Trade and International Finance"
            },
            "title": "A bill to amend the Trade Act of 1974.",
            "type": "HR",
            "url": "https://api.congress.gov/v3/bill/95/hr/12314?format=json"
        },
        {
            "congress": 95,
            "introducedDate": "1978-04-19",
            "latestAction": {
                "actionDate": "1978-04-19",
                "text": "Referred to House Committee on Ways and Means."
            },
            "number": "12243",
            "policyArea": {
                "name": "Foreign Trade and International Finance"
            },
            "title": "A bill to amend the Trade Act of 1974.",
            "type": "HR",
            "url": "https://api.congress.gov/v3/bill/95/hr/12243?format=json"
        },
        {
            "congress": 95,
            "introducedDate": "1978-04-19",
            "latestAction": {
                "actionDate": "1978-04-19",
                "text": "Referred to House Committee on Ways and Means."
            },
            "number": "12242",
            "policyArea": {
                "name": "Foreign Trade and International Finance"
            },
            "title": "A bill to amend the Trade Act of 1974.",
            "type": "HR",
            "url": "https://api.congress.gov/v3/bill/95/hr/12242?format=json"
        },
        {
            "congress": 95,
            "introducedDate": "1978-04-18",
            "latestAction": {
                "actionDate": "1978-10-04",
                "text": "Referred to Senate Committee on Finance."
            },
            "number": "12200",
            "policyArea": {
                "name": "Income tax"
            },
            "title": "A bill to amend section 422 of the Internal Revenue Code of 1954.",
            "type": "HR",
            "url": "https://api.congress.gov/v3/bill/95/hr/12200?format=json"
        },
        {
            "congress": 95,
            "introducedDate": "1978-04-18",
            "latestAction": {
                "actionDate": "1978-04-18",
                "text": "Referred to House Committee on Ways and Means."
            },
            "number": "12201",
            "policyArea": {
                "name": "Foreign Trade and International Finance"
            },
            "title": "A bill to amend the Trade Act of 1974.",
            "type": "HR",
            "url": "https://api.congress.gov/v3/bill/95/hr/12201?format=json"
        },
        {
            "congress": 95,
            "introducedDate": "1978-03-10",
            "latestAction": {
                "actionDate": "1978-03-10",
                "text": "Referred to House Committee on Ways and Means."
            },
            "number": "11459",
            "policyArea": {
                "name": "Taxation"
            },
            "title": "A bill to amend the Internal Revenue Code of 1954 with respect to the tax treatment of earned income of United States citizens and resident aliens from sources without the United States, and for other purposes.",
            "type": "HR",
            "url": "https://api.congress.gov/v3/bill/95/hr/11459?format=json"
        },
        {
            "congress": 95,
            "introducedDate": "1978-03-10",
            "latestAction": {
                "actionDate": "1978-03-10",
                "text": "Referred to House Committee on Government Operations."
            },
            "number": "11458",
            "policyArea": {
                "name": "Government Operations and Politics"
            },
            "title": "Department of Education Act",
            "type": "HR",
            "url": "https://api.congress.gov/v3/bill/95/hr/11458?format=json"
        },
        {
            "congress": 95,
            "introducedDate": "1978-02-08",
            "latestAction": {
                "actionDate": "1978-02-08",
                "text": "Referred to House Committee on Ways and Means."
            },
            "number": "10853",
            "policyArea": {
                "name": "Foreign Trade and International Finance"
            },
            "title": "A bill to amend the Trade Act of 1974.",
            "type": "HR",
            "url": "https://api.congress.gov/v3/bill/95/hr/10853?format=json"
        },
        {
            "congress": 95,
            "introducedDate": "1978-01-26",
            "latestAction": {
                "actionDate": "1978-01-26",
                "text": "Referred to House Committee on Veterans' Affairs."
            },
            "number": "10595",
            "policyArea": {
                "name": "Armed Forces and National Security"
            },
            "title": "A bill to amend title 38, United States Code, to increase from 500 dollars to 1,000 dollars the amount by which the annual income of certain disabled veterans may exceed the maximum annual income limitation for pensions without such veterans losing the right to continue to receive drugs and medication from the Veterans' Administration.",
            "type": "HR",
            "url": "https://api.congress.gov/v3/bill/95/hr/10595?format=json"
        },
        {
            "congress": 95,
            "introducedDate": "1977-08-05",
            "latestAction": {
                "actionDate": "1977-08-05",
                "text": "Referred to House Committee on Ways and Means."
            },
            "number": "8852",
            "policyArea": {
                "name": "Taxation"
            },
            "title": "A bill to amend Section 167(k) of the Internal Revenue Code to promote the rehabilitation of housing for families with low income.",
            "type": "HR",
            "url": "https://api.congress.gov/v3/bill/95/hr/8852?format=json"
        },
        {
            "congress": 95,
            "introducedDate": "1977-06-02",
            "latestAction": {
                "actionDate": "1977-06-02",
                "text": "Referred to House Committee on the Judiciary."
            },
            "number": "7580",
            "policyArea": {
                "name": "Government Operations and Politics"
            },
            "title": "A bill to provide for the payment of losses incurred as a result of the ban on the use of the chemical Tris in apparel, fabric, yarn, or fiber.",
            "type": "HR",
            "url": "https://api.congress.gov/v3/bill/95/hr/7580?format=json"
        },
        {
            "congress": 95,
            "introducedDate": "1977-06-02",
            "latestAction": {
                "actionDate": "1978-08-15",
                "text": "Public Law 95-345."
            },
            "number": "7581",
            "policyArea": {
                "name": "Taxation"
            },
            "title": "An Act to amend the Internal Revenue Code of 1954 with respect to the treatment of mutual or cooperative telephone company income from nonmember telephone companies, and for other purposes.",
            "type": "HR",
            "url": "https://api.congress.gov/v3/bill/95/hr/7581?format=json"
        },
        {
            "congress": 95,
            "introducedDate": "1977-04-22",
            "latestAction": {
                "actionDate": "1977-04-22",
                "text": "Referred to House Committee on Ways and Means."
            },
            "number": "6558",
            "policyArea": {
                "name": "Taxation"
            },
            "title": "A bill to amend the Internal Revenue Code of 1954 to provide for the discharge of an unrecorded tax lien against a personal residence purchased from a delinquent taxpayer.",
            "type": "HR",
            "url": "https://api.congress.gov/v3/bill/95/hr/6558?format=json"
        },
        {
            "congress": 95,
            "introducedDate": "1977-04-21",
            "latestAction": {
                "actionDate": "1977-04-21",
                "text": "Referred to House Committee on Ways and Means."
            },
            "number": "6490",
            "policyArea": {
                "name": "Foreign Trade and International Finance"
            },
            "title": "A bill to amend the Trade Act of 1974 in order to authorize the President to designate any of certain countries as eligible for the tariff preferences extended to developing countries under title V of such act if the President determines that such designation is in the national economic interest.",
            "type": "HR",
            "url": "https://api.congress.gov/v3/bill/95/hr/6490?format=json"
        },
        {
            "congress": 95,
            "introducedDate": "1977-03-10",
            "latestAction": {
                "actionDate": "1977-03-10",
                "text": "Referred to House Committee on Education and Labor."
            },
            "number": "4832",
            "policyArea": {
                "name": "Education"
            },
            "title": "A bill to provide that the Commissioner of Education shall not act to terminate, refuse to grant or continue, or defer action on, assistance under the Elementary and Secondary Education Act of 1965 on the basis of alleged noncompliance with the provisions of title VI of the Civil Rights Act of 1964, in certain circumstances.",
            "type": "HR",
            "url": "https://api.congress.gov/v3/bill/95/hr/4832?format=json"
        },
        {
            "congress": 95,
            "introducedDate": "1977-03-10",
            "latestAction": {
                "actionDate": "1977-03-10",
                "text": "Referred to House Committee on the Judiciary."
            },
            "number": "4833",
            "policyArea": {
                "name": "Rescue work"
            },
            "title": "A bill to provide benefits to the survivors of any rescue squad worker who has died as a result of injury sustained in the performance of duty.",
            "type": "HR",
            "url": "https://api.congress.gov/v3/bill/95/hr/4833?format=json"
        },
        {
            "congress": 95,
            "introducedDate": "1977-03-10",
            "latestAction": {
                "actionDate": "1977-03-10",
                "text": "Referred to House Committee on Ways and Means."
            },
            "number": "4834",
            "policyArea": {
                "name": "Taxation"
            },
            "title": "A bill to amend the Internal Revenue Code of 1954 to exempt certain agricultural aircraft from the aircraft use tax, to provide for the refund of the gasoline tax to the agricultural aircraft operator.",
            "type": "HR",
            "url": "https://api.congress.gov/v3/bill/95/hr/4834?format=json"
        },
        {
            "congress": 95,
            "introducedDate": "1977-03-09",
            "latestAction": {
                "actionDate": "1977-03-09",
                "text": "Referred to House Committee on Ways and Means."
            },
            "number": "4725",
            "policyArea": {
                "name": "Social Welfare"
            },
            "title": "A bill to amend title II of the Social Security Act so as to liberalize the conditions governing eligibility of blind persons to receive disability insurance benefits thereunder.",
            "type": "HR",
            "url": "https://api.congress.gov/v3/bill/95/hr/4725?format=json"
        },
        {
            "congress": 97,
            "introducedDate": "1982-10-01",
            "latestAction": {
                "actionDate": "1982-10-01",
                "text": "Referred to House Committee on Ways and Means."
            },
            "number": "7269",
            "policyArea": {
                "name": "Taxation"
            },
            "title": "A bill to amend the Tax Reform Act of 1976 to extend for an additional 4 years, the exclusion from gross income of the cancellation of certain student loans.",
            "type": "HR",
            "url": "https://api.congress.gov/v3/bill/97/hr/7269?format=json"
        },
        {
            "congress": 97,
            "introducedDate": "1982-09-30",
            "latestAction": {
                "actionDate": "1982-10-29",
                "text": "Referred to Subcommittee on Labor-Management Relations."
            },
            "number": "7233",
            "policyArea": {
                "name": "Labor and Employment"
            },
            "title": "Multiemployer Retirement Income Protection Act of 1982",
            "type": "HR",
            "url": "https://api.congress.gov/v3/bill/97/hr/7233?format=json"
        },
        {
            "congress": 97,
            "introducedDate": "1982-05-12",
            "latestAction": {
                "actionDate": "1982-05-12",
                "text": "Referred to House Committee on Ways and Means."
            },
            "number": "6358",
            "policyArea": {
                "name": "Taxation"
            },
            "title": "A bill to prevent retroactive recharacterization for tax purposes of certain binding lease contracts that include a terminal rental adjustment clause.",
            "type": "HR",
            "url": "https://api.congress.gov/v3/bill/97/hr/6358?format=json"
        },
        {
            "congress": 97,
            "introducedDate": "1982-05-05",
            "latestAction": {
                "actionDate": "1982-10-04",
                "text": "Executive Comment Received From Commerce."
            },
            "number": "6278",
            "policyArea": {
                "name": "Foreign Trade and International Finance"
            },
            "title": "A bill to apply duty-free treatment to tetra amino biphenyl.",
            "type": "HR",
            "url": "https://api.congress.gov/v3/bill/97/hr/6278?format=json"
        },
        {
            "congress": 97,
            "introducedDate": "1982-04-01",
            "latestAction": {
                "actionDate": "1982-08-19",
                "text": "See H.R.4961."
            },
            "number": "6045",
            "policyArea": {
                "name": "Taxation"
            },
            "title": "A bill to provide special temporary rules for taxing the income of life insurance companies.",
            "type": "HR",
            "url": "https://api.congress.gov/v3/bill/97/hr/6045?format=json"
        },
        {
            "congress": 97,
            "introducedDate": "1982-03-04",
            "latestAction": {
                "actionDate": "1982-06-14",
                "text": "Subcommittee Hearings Held."
            },
            "number": "5732",
            "policyArea": {
                "name": "Taxation"
            },
            "title": "Periodic Payment Settlement Act of 1981",
            "type": "HR",
            "url": "https://api.congress.gov/v3/bill/97/hr/5732?format=json"
        },
        {
            "congress": 97,
            "introducedDate": "1982-02-24",
            "latestAction": {
                "actionDate": "1982-03-31",
                "text": "Executive Comment Requested from Treasury."
            },
            "number": "5599",
            "policyArea": {
                "name": "Taxation"
            },
            "title": "A bill to provide that recent amendments of section 1239 of the Internal Revenue Code of 1954 shall not apply to a disposition of property if a private letter ruling, issued before the enactment of the amendments, provided that such section would not apply to the disposition.",
            "type": "HR",
            "url": "https://api.congress.gov/v3/bill/97/hr/5599?format=json"
        },
        {
            "congress": 97,
            "introducedDate": "1981-09-24",
            "latestAction": {
                "actionDate": "1982-03-16",
                "text": "Subcommittee Hearings Held."
            },
            "number": "4592",
            "policyArea": {
                "name": "Taxation"
            },
            "title": "A bill to amend the Internal Revenue Code of 1954 to eliminate the withholding requirements with respect to gambling winnings, to provide that information returns with respect to gambling winnings shall be required only in cases of payments of 10,000 or more, and to allow a 3-year carryover of net gambling losses.",
            "type": "HR",
            "url": "https://api.congress.gov/v3/bill/97/hr/4592?format=json"
        },
        {
            "congress": 97,
            "introducedDate": "1981-07-09",
            "latestAction": {
                "actionDate": "1981-07-09",
                "text": "Referred to House Committee on Ways and Means."
            },
            "number": "4094",
            "policyArea": {
                "name": "Taxation"
            },
            "title": "A bill to amend the Internal Revenue Code of 1954 to provide an additional 3 years for the completion of certain requirements necessary for the extension through 1990 of the energy investment tax credit for long-term projects.",
            "type": "HR",
            "url": "https://api.congress.gov/v3/bill/97/hr/4094?format=json"
        },
        {
            "congress": 97,
            "introducedDate": "1981-04-30",
            "latestAction": {
                "actionDate": "1981-04-30",
                "text": "Referred to House Committee on Ways and Means."
            },
            "number": "3338",
            "policyArea": {
                "name": "Social Welfare"
            },
            "title": "A bill to amend title II of the Social Security Act so as to remove the limitation upon the amount of outside income which an individual may earn while receiving benefits thereunder.",
            "type": "HR",
            "url": "https://api.congress.gov/v3/bill/97/hr/3338?format=json"
        },
        {
            "congress": 97,
            "introducedDate": "1981-04-29",
            "latestAction": {
                "actionDate": "1981-04-29",
                "text": "Referred to House Committee on Ways and Means."
            },
            "number": "3306",
            "policyArea": {
                "name": "Taxation"
            },
            "title": "A bill to encourage corporations to donate certain historical film to educational organizations by increasing the limit on the charitable contribution deduction of such corporations.",
            "type": "HR",
            "url": "https://api.congress.gov/v3/bill/97/hr/3306?format=json"
        },
        {
            "congress": 97,
            "introducedDate": "1981-03-25",
            "latestAction": {
                "actionDate": "1981-03-25",
                "text": "Referred to House Committee on Ways and Means."
            },
            "number": "2838",
            "policyArea": {
                "name": "Taxation"
            },
            "title": "Capital Gains Rollover Account Act of 1981",
            "type": "HR",
            "url": "https://api.congress.gov/v3/bill/97/hr/2838?format=json"
        },
        {
            "congress": 97,
            "introducedDate": "1981-03-25",
            "latestAction": {
                "actionDate": "1981-03-25",
                "text": "Referred to House Committee on Ways and Means."
            },
            "number": "2837",
            "policyArea": {
                "name": "Taxation"
            },
            "title": "A bill relating to the tax treatment of certain transactions involving automobiles and trucks entered into before January 1, 1981.",
            "type": "HR",
            "url": "https://api.congress.gov/v3/bill/97/hr/2837?format=json"
        },
        {
            "congress": 97,
            "introducedDate": "1981-03-10",
            "latestAction": {
                "actionDate": "1981-03-10",
                "text": "Referred to House Committee on Ways and Means."
            },
            "number": "2396",
            "policyArea": {
                "name": "Taxation"
            },
            "title": "A bill to amend the Internal Revenue Code of 1954 to repeal the estate and gift taxes and the tax on generation-skipping transfers.",
            "type": "HR",
            "url": "https://api.congress.gov/v3/bill/97/hr/2396?format=json"
        },
        {
            "congress": 97,
            "introducedDate": "1981-03-10",
            "latestAction": {
                "actionDate": "1981-11-13",
                "text": "Other Measure H.R.4961 Forwarded by Subcommittee to Full Committee in Lieu."
            },
            "number": "2397",
            "policyArea": {
                "name": "Finance and Financial Sector"
            },
            "title": "A bill to amend the Internal Revenue Code of 1954 with respect to the treatment of certain lending or finance businesses for purposes of the tax on personal holding companies.",
            "type": "HR",
            "url": "https://api.congress.gov/v3/bill/97/hr/2397?format=json"
        },
        {
            "congress": 97,
            "introducedDate": "1981-02-19",
            "latestAction": {
                "actionDate": "1981-08-04",
                "text": "See H.R.4242."
            },
            "number": "1964",
            "policyArea": {
                "name": "Taxation"
            },
            "title": "A bill to allow an income tax deduction for certain motor carrier operating authorities to offset the impact of the Motor Carrier Reform Act of 1980.",
            "type": "HR",
            "url": "https://api.congress.gov/v3/bill/97/hr/1964?format=json"
        },
        {
            "congress": 97,
            "introducedDate": "1981-02-05",
            "latestAction": {
                "actionDate": "1981-02-05",
                "text": "Referred to House Committee on The Judiciary."
            },
            "number": "1782",
            "policyArea": {
                "name": "Private Legislation"
            },
            "title": "A bill for the relief of Henry D. Barnett.",
            "type": "HR",
            "url": "https://api.congress.gov/v3/bill/97/hr/1782?format=json"
        },
        {
            "congress": 97,
            "introducedDate": "1981-02-05",
            "latestAction": {
                "actionDate": "1981-10-16",
                "text": "Subcommittee Hearings Held."
            },
            "number": "1716",
            "policyArea": {
                "name": "Public Lands and Natural Resources"
            },
            "title": "A bill to authorize the Secretary of the Interior to assist in the preservation of historic Camden in the State of South Carolina, and for other purposes.",
            "type": "HR",
            "url": "https://api.congress.gov/v3/bill/97/hr/1716?format=json"
        },
        {
            "congress": 97,
            "introducedDate": "1981-02-05",
            "latestAction": {
                "actionDate": "1981-11-19",
                "text": "Referred to Subcommittee on Select Revenue Measures."
            },
            "number": "1717",
            "policyArea": {
                "name": "Taxation"
            },
            "title": "A bill to amend the Internal Revenue Code of 1954 relating to certain dividends received by life insurance companies.",
            "type": "HR",
            "url": "https://api.congress.gov/v3/bill/97/hr/1717?format=json"
        },
        {
            "congress": 97,
            "introducedDate": "1981-05-12",
            "latestAction": {
                "actionDate": "1981-05-15",
                "text": "Referred to Subcommittee on Census and Population."
            },
            "number": "252",
            "policyArea": {
                "name": "Health"
            },
            "title": "A joint resolution designating the week beginning September 20, 1981, as \"Positive Mental Attitude Week\".",
            "type": "HJRES",
            "url": "https://api.congress.gov/v3/bill/97/hjres/252?format=json"
        }
    ]
}