{
    "pagination": {
        "count": 60
    },
    "request": {
        "bioguideId": "h000144",
        "contentType": "application/json",
        "format": "json"
    },
    "sponsoredLegislation": [
        {
            "congress": 96,
            "introducedDate": "1980-10-02",
            "latestAction": {
                "actionDate": "1980-10-02",
                "text": "Referred to House Committee on Interior and Insular Affairs."
            },
            "number": "8292",
            "policyArea": {
                "name": "Public Lands and Natural Resources"
            },
            "title": "Off-road Vehicle Regulation Act of 1980",
            "type": "HR",
            "url": "https://api.congress.gov/v3/bill/96/hr/8292?format=json"
        },
        {
            "congress": 96,
            "introducedDate": "1980-07-28",
            "latestAction": {
                "actionDate": "1980-07-28",
                "text": "Referred to House Committee on Ways and Means."
            },
            "number": "7847",
            "policyArea": {
                "name": "Taxation"
            },
            "title": "A bill to amend the Internal Revenue Code of 1954 to allow a deduction equal to 130 percent of the amount actually paid or incurred for natural gas used on a farm for farming purposes.",
            "type": "HR",
            "url": "https://api.congress.gov/v3/bill/96/hr/7847?format=json"
        },
        {
            "congress": 96,
            "introducedDate": "1980-04-22",
            "latestAction": {
                "actionDate": "1980-04-22",
                "text": "Referred to House Committee on Agriculture."
            },
            "number": "7116",
            "policyArea": {
                "name": "Agriculture and Food"
            },
            "title": "Emergency Livestock Credit Act of 1980",
            "type": "HR",
            "url": "https://api.congress.gov/v3/bill/96/hr/7116?format=json"
        },
        {
            "congress": 96,
            "introducedDate": "1980-03-10",
            "latestAction": {
                "actionDate": "1980-03-10",
                "text": "Referred to House Committee on Interstate and Foreign Commerce."
            },
            "number": "6759",
            "policyArea": {
                "name": "Environmental Protection"
            },
            "title": "A bill to amend the Federal Food, Drug, and Cosmetic Act to strengthen the authority to ban the importation of agricultural commodities bearing or containing unsafe pesticide chemicals and the importation of foods derived from such commodities, and for other purposes.",
            "type": "HR",
            "url": "https://api.congress.gov/v3/bill/96/hr/6759?format=json"
        },
        {
            "congress": 96,
            "introducedDate": "1979-12-20",
            "latestAction": {
                "actionDate": "1979-12-20",
                "text": "Referred to House Committee on Ways and Means."
            },
            "number": "6206",
            "policyArea": {
                "name": "Taxation"
            },
            "title": "A bill to exempt limited amounts of oil production by independent producers from the windfall profits tax and for other purposes.",
            "type": "HR",
            "url": "https://api.congress.gov/v3/bill/96/hr/6206?format=json"
        },
        {
            "congress": 96,
            "introducedDate": "1979-07-19",
            "latestAction": {
                "actionDate": "1979-07-19",
                "text": "Referred to House Committee on Ways and Means."
            },
            "number": "4864",
            "policyArea": {
                "name": "Taxation"
            },
            "title": "Energy Production Encouragement Tax Act of 1979",
            "type": "HR",
            "url": "https://api.congress.gov/v3/bill/96/hr/4864?format=json"
        },
        {
            "congress": 96,
            "introducedDate": "1979-07-17",
            "latestAction": {
                "actionDate": "1979-07-17",
                "text": "Referred to House Committee on Agriculture."
            },
            "number": "4824",
            "policyArea": {
                "name": "Agriculture and Food"
            },
            "title": "A bill to amend the Food Stamp Act of 1977 to limit the eligibility of certain households to participate in the food stamp program, and for other purposes.",
            "type": "HR",
            "url": "https://api.congress.gov/v3/bill/96/hr/4824?format=json"
        },
        {
            "congress": 96,
            "introducedDate": "1979-04-24",
            "latestAction": {
                "actionDate": "1979-04-24",
                "text": "Referred to House Committee on Armed Services."
            },
            "number": "3677",
            "policyArea": {
                "name": "Armed Forces and National Security"
            },
            "title": "A bill to amend title 10, United States Code, to authorize the Secretary concerned to comply with the terms of a court decree, order, or property settlement in connection with the divorce, annulment, or legal separation of a member or former member of the uniformed services receiving retired or retainer pay, and for other purposes.",
            "type": "HR",
            "url": "https://api.congress.gov/v3/bill/96/hr/3677?format=json"
        },
        {
            "congress": 96,
            "introducedDate": "1979-04-24",
            "latestAction": {
                "actionDate": "1979-04-24",
                "text": "Referred to House Committee on Interstate and Foreign Commerce."
            },
            "number": "3678",
            "policyArea": {
                "name": "Energy"
            },
            "title": "Crude Oil Production Incentive Act of 1979",
            "type": "HR",
            "url": "https://api.congress.gov/v3/bill/96/hr/3678?format=json"
        },
        {
            "congress": 96,
            "introducedDate": "1979-03-27",
            "latestAction": {
                "actionDate": "1979-03-27",
                "text": "Referred to House Committee on Interstate and Foreign Commerce."
            },
            "number": "3247",
            "policyArea": {
                "name": "Energy"
            },
            "title": "Crude Oil Transportation Amendments Act of 1979",
            "type": "HR",
            "url": "https://api.congress.gov/v3/bill/96/hr/3247?format=json"
        },
        {
            "congress": 96,
            "introducedDate": "1979-03-20",
            "latestAction": {
                "actionDate": "1979-03-20",
                "text": "Referred to House Committee on Interstate and Foreign Commerce."
            },
            "number": "3131",
            "policyArea": {
                "name": "Energy"
            },
            "title": "Crude Oil Transportation Amendments Act of 1979",
            "type": "HR",
            "url": "https://api.congress.gov/v3/bill/96/hr/3131?format=json"
        },
        {
            "amendmentNumber": "666",
            "congress": 97,
            "introducedDate": "1982-07-28",
            "latestAction": {
                "actionDate": "1982-07-28",
                "text": "Amendment Passed in Committee of the Whole by Recorded Vote: 332 - 74 (Record Vote No: 219). "
            },
            "type": null,
            "url": "https://api.congress.gov/v3/amendment/97/hamdt/666?format=json"
        },
        {
            "amendmentNumber": "457",
            "congress": 97,
            "introducedDate": "1981-12-09",
            "latestAction": {
                "actionDate": "1981-12-09",
                "text": "Amendment Passed in Committee of the Whole by Voice Vote. "
            },
            "type": null,
            "url": "https://api.congress.gov/v3/amendment/97/hamdt/457?format=json"
        },
        {
            "amendmentNumber": "368",
            "congress": 97,
            "introducedDate": "1981-10-22",
            "latestAction": {
                "actionDate": "1981-10-22",
                "text": "Amendment Passed in Committee of the Whole by Voice Vote. "
            },
            "type": null,
            "url": "https://api.congress.gov/v3/amendment/97/hamdt/368?format=json"
        },
        {
            "congress": 97,
            "introducedDate": "1982-05-25",
            "latestAction": {
                "actionDate": "1982-05-25",
                "text": "Referred to House Committee on Ways and Means."
            },
            "number": "6480",
            "policyArea": {
                "name": "Taxation"
            },
            "title": "A bill to amend the Internal Revenue Code of 1954 to allow individuals who do not itemize deductions a deduction for expenses paid or incurred for services in connection with the preparation of any individual income tax return.",
            "type": "HR",
            "url": "https://api.congress.gov/v3/bill/97/hr/6480?format=json"
        },
        {
            "congress": 97,
            "introducedDate": "1982-03-17",
            "latestAction": {
                "actionDate": "1982-03-17",
                "text": "Referred to House Committee on Ways and Means."
            },
            "number": "5868",
            "policyArea": {
                "name": "Taxation"
            },
            "title": "A bill to direct the Secretary of the Treasury or his delegate to conduct a study of the advisability of replacing the current Federal income tax system for individuals and corporations with a system under which income tax is imposed on gross income.",
            "type": "HR",
            "url": "https://api.congress.gov/v3/bill/97/hr/5868?format=json"
        },
        {
            "congress": 97,
            "introducedDate": "1981-12-07",
            "latestAction": {
                "actionDate": "1981-12-07",
                "text": "Referred to House Committee on Ways and Means."
            },
            "number": "5120",
            "policyArea": {
                "name": "Taxation"
            },
            "title": "A bill to amend the Internal Revenue Code of 1954 to increase the deduction for net capital gains from 60 percent to 70 percent and to reduce to 6 months the holding period required for long-term capital gain treatment.",
            "type": "HR",
            "url": "https://api.congress.gov/v3/bill/97/hr/5120?format=json"
        },
        {
            "congress": 97,
            "introducedDate": "1981-09-15",
            "latestAction": {
                "actionDate": "1981-09-15",
                "text": "Referred to House Committee on Agriculture."
            },
            "number": "4479",
            "policyArea": {
                "name": "Agriculture and Food"
            },
            "title": "A bill to provide that sales of agricultural commodities may not be made at prices which are less than 90 per centum of the parity prices therefor.",
            "type": "HR",
            "url": "https://api.congress.gov/v3/bill/97/hr/4479?format=json"
        },
        {
            "congress": 97,
            "introducedDate": "1981-06-02",
            "latestAction": {
                "actionDate": "1981-08-04",
                "text": "See H.R.4242."
            },
            "number": "3758",
            "policyArea": {
                "name": "Taxation"
            },
            "title": "Estate and Gift Tax Reduction Act of 1981",
            "type": "HR",
            "url": "https://api.congress.gov/v3/bill/97/hr/3758?format=json"
        },
        {
            "congress": 97,
            "introducedDate": "1981-05-27",
            "latestAction": {
                "actionDate": "1981-06-02",
                "text": "Referred to Subcommittee on Health."
            },
            "number": "3698",
            "policyArea": {
                "name": "Taxation"
            },
            "title": "A bill to amend the Internal Revenue Code of 1954 to provide a deduction for expenses of certain postsecondary education.",
            "type": "HR",
            "url": "https://api.congress.gov/v3/bill/97/hr/3698?format=json"
        },
        {
            "congress": 97,
            "introducedDate": "1981-05-21",
            "latestAction": {
                "actionDate": "1981-05-21",
                "text": "Referred to House Committee on Ways and Means."
            },
            "number": "3679",
            "policyArea": {
                "name": "Taxation"
            },
            "title": "A bill to amend the Internal Revenue Code of 1954 to encourage the construction of real property.",
            "type": "HR",
            "url": "https://api.congress.gov/v3/bill/97/hr/3679?format=json"
        },
        {
            "congress": 97,
            "introducedDate": "1981-05-21",
            "latestAction": {
                "actionDate": "1981-05-21",
                "text": "Referred to House Committee on Ways and Means."
            },
            "number": "3678",
            "policyArea": {
                "name": "Taxation"
            },
            "title": "A bill to amend the Internal Revenue Code of 1954 to reduce to 6 months the holding period required for long-term capital gain treatment.",
            "type": "HR",
            "url": "https://api.congress.gov/v3/bill/97/hr/3678?format=json"
        },
        {
            "congress": 97,
            "introducedDate": "1981-05-13",
            "latestAction": {
                "actionDate": "1981-05-22",
                "text": "Referred to Subcommittee on Wheat, Soybeans, and Feed Grains."
            },
            "number": "3585",
            "policyArea": {
                "name": "Agriculture and Food"
            },
            "title": "A bill to assure that sales of agricultural commodities by the United States are made at prices which are not less than the cost of production.",
            "type": "HR",
            "url": "https://api.congress.gov/v3/bill/97/hr/3585?format=json"
        },
        {
            "congress": 97,
            "introducedDate": "1981-05-06",
            "latestAction": {
                "actionDate": "1981-05-06",
                "text": "Referred to House Committee on Ways and Means."
            },
            "number": "3459",
            "policyArea": {
                "name": "Taxation"
            },
            "title": "A bill to amend the Internal Revenue Code of 1954 to remove the limitation on the amount of used property for which the investment tax credit is allowable.",
            "type": "HR",
            "url": "https://api.congress.gov/v3/bill/97/hr/3459?format=json"
        },
        {
            "congress": 97,
            "introducedDate": "1981-05-06",
            "latestAction": {
                "actionDate": "1981-08-04",
                "text": "See H.R.4242."
            },
            "number": "3460",
            "policyArea": {
                "name": "Taxation"
            },
            "title": "A bill to amend the Internal Revenue Code of 1954 with respect to the income tax treatment of incentive stock options.",
            "type": "HR",
            "url": "https://api.congress.gov/v3/bill/97/hr/3460?format=json"
        },
        {
            "congress": 97,
            "introducedDate": "1981-04-09",
            "latestAction": {
                "actionDate": "1981-04-09",
                "text": "Referred to House Committee on Ways and Means."
            },
            "number": "3192",
            "policyArea": {
                "name": "Taxation"
            },
            "title": "A bill to amend the Internal Revenue Code of 1954 to allow a deduction equal to 130 percent of the amount actually paid or incurred for electricity, natural gas, and LPG used on a farm for farming purposes.",
            "type": "HR",
            "url": "https://api.congress.gov/v3/bill/97/hr/3192?format=json"
        },
        {
            "congress": 97,
            "introducedDate": "1981-04-09",
            "latestAction": {
                "actionDate": "1981-04-09",
                "text": "Referred to House Committee on Ways and Means."
            },
            "number": "3193",
            "policyArea": {
                "name": "Taxation"
            },
            "title": "A bill to amend the Internal Revenue Code of 1954 to provide a maximum individual income tax rate of 50 percent.",
            "type": "HR",
            "url": "https://api.congress.gov/v3/bill/97/hr/3193?format=json"
        },
        {
            "congress": 97,
            "introducedDate": "1981-03-24",
            "latestAction": {
                "actionDate": "1981-08-04",
                "text": "See H.R.4242."
            },
            "number": "2796",
            "policyArea": {
                "name": "Taxation"
            },
            "title": "A bill to amend the Internal Revenue Code of 1954 to exempt from the crude oil windfall profit tax oil from stripper well properties.",
            "type": "HR",
            "url": "https://api.congress.gov/v3/bill/97/hr/2796?format=json"
        },
        {
            "congress": 97,
            "introducedDate": "1981-03-11",
            "latestAction": {
                "actionDate": "1981-08-04",
                "text": "See H.R.4242."
            },
            "number": "2452",
            "policyArea": {
                "name": "Taxation"
            },
            "title": "A bill to amend the Internal Revenue Code of 1954 to exempt from the crude oil windfall profit tax oil from stripper well properties.",
            "type": "HR",
            "url": "https://api.congress.gov/v3/bill/97/hr/2452?format=json"
        },
        {
            "congress": 97,
            "introducedDate": "1981-03-11",
            "latestAction": {
                "actionDate": "1981-08-04",
                "text": "See H.R.4242."
            },
            "number": "2451",
            "policyArea": {
                "name": "Taxation"
            },
            "title": "A bill to amend the Internal Revenue Code of 1954 to provide, in lieu of the reduced rates for independent producer oil, an exemption of 1000 barrels per day from the crude oil windfall profit tax for independent producers and royalty owners.",
            "type": "HR",
            "url": "https://api.congress.gov/v3/bill/97/hr/2451?format=json"
        },
        {
            "congress": 97,
            "introducedDate": "1981-02-18",
            "latestAction": {
                "actionDate": "1981-08-04",
                "text": "See H.R.4242."
            },
            "number": "1912",
            "policyArea": {
                "name": "Taxation"
            },
            "title": "A bill to amend the Internal Revenue Code of 1954 to increase to $2,000 for an individual and $4,000 for a joint return the amount of dividends and interest which may be excluded from gross income, and to make such exclusion permanent.",
            "type": "HR",
            "url": "https://api.congress.gov/v3/bill/97/hr/1912?format=json"
        },
        {
            "congress": 97,
            "introducedDate": "1981-02-05",
            "latestAction": {
                "actionDate": "1982-09-08",
                "text": "See S.2248."
            },
            "number": "1711",
            "policyArea": {
                "name": "Armed Forces and National Security"
            },
            "title": "A bill to amend title 10, United States Code, to authorize the Secretary concerned to comply with the terms of a court decree, order, or property settlement in connection with the divorce, annulment, or legal separation of a member or former member of the uniformed services receiving retired or retainer pay, and for other purposes.",
            "type": "HR",
            "url": "https://api.congress.gov/v3/bill/97/hr/1711?format=json"
        },
        {
            "congress": 97,
            "introducedDate": "1981-02-04",
            "latestAction": {
                "actionDate": "1981-02-12",
                "text": "Referred to Subcommittee on Legislation and National Security."
            },
            "number": "1645",
            "policyArea": {
                "name": "Government Operations and Politics"
            },
            "title": "A bill to terminate the Department of Energy.",
            "type": "HR",
            "url": "https://api.congress.gov/v3/bill/97/hr/1645?format=json"
        },
        {
            "congress": 97,
            "introducedDate": "1981-02-04",
            "latestAction": {
                "actionDate": "1981-02-04",
                "text": "Referred to House Committee on Ways and Means."
            },
            "number": "1644",
            "policyArea": {
                "name": "Taxation"
            },
            "title": "A bill to repeal the crude oil windfall profit tax.",
            "type": "HR",
            "url": "https://api.congress.gov/v3/bill/97/hr/1644?format=json"
        },
        {
            "congress": 97,
            "introducedDate": "1982-02-02",
            "latestAction": {
                "actionDate": "1982-02-02",
                "text": "Referred to House Committee on Ways and Means."
            },
            "number": "261",
            "policyArea": {
                "name": "Taxation"
            },
            "title": "A concurrent resolution expressing the sense of the Congress that there should be no new withholding tax on interest and dividend income.",
            "type": "HCONRES",
            "url": "https://api.congress.gov/v3/bill/97/hconres/261?format=json"
        },
        {
            "amendmentNumber": "976",
            "congress": 98,
            "introducedDate": "1984-06-28",
            "latestAction": {
                "actionDate": "1984-06-28",
                "text": "Amendment Passed in Committee of the Whole by Voice Vote. "
            },
            "type": null,
            "url": "https://api.congress.gov/v3/amendment/98/hamdt/976?format=json"
        },
        {
            "amendmentNumber": "423",
            "congress": 98,
            "introducedDate": "1983-10-06",
            "latestAction": {
                "actionDate": "1983-10-06",
                "text": "Amendment Passed in Committee of the Whole by Voice Vote. "
            },
            "type": null,
            "url": "https://api.congress.gov/v3/amendment/98/hamdt/423?format=json"
        },
        {
            "congress": 98,
            "introducedDate": "1984-05-01",
            "latestAction": {
                "actionDate": "1984-09-27",
                "text": "Executive Comment Received From USITC."
            },
            "number": "5554",
            "policyArea": {
                "name": "Foreign Trade and International Finance"
            },
            "title": "A bill to suspend the duty on certain nitrogenous chemical compounds until the close of June 30, 1986.",
            "type": "HR",
            "url": "https://api.congress.gov/v3/bill/98/hr/5554?format=json"
        },
        {
            "congress": 98,
            "introducedDate": "1984-05-01",
            "latestAction": {
                "actionDate": "1984-09-26",
                "text": "Unfavorable Executive Comment Received From Commerce."
            },
            "number": "5553",
            "policyArea": {
                "name": "Foreign Trade and International Finance"
            },
            "title": "A bill to suspend the duty on certain benzoid chemicals until the close of June 30, 1986.",
            "type": "HR",
            "url": "https://api.congress.gov/v3/bill/98/hr/5553?format=json"
        },
        {
            "congress": 98,
            "introducedDate": "1984-05-01",
            "latestAction": {
                "actionDate": "1984-10-01",
                "text": "Executive Comment Received From USITC."
            },
            "number": "5552",
            "policyArea": {
                "name": "Foreign Trade and International Finance"
            },
            "title": "A bill to suspend the duty on certain surface active agents until the close of June 30, 1986.",
            "type": "HR",
            "url": "https://api.congress.gov/v3/bill/98/hr/5552?format=json"
        },
        {
            "congress": 98,
            "introducedDate": "1984-03-30",
            "latestAction": {
                "actionDate": "1984-03-30",
                "text": "Referred to House Committee on Ways and Means."
            },
            "number": "5309",
            "policyArea": {
                "name": "Taxation"
            },
            "title": "A bill to amend the Internal Revenue Code of 1954 to provide a credit against income tax for the recycling of hazardous wastes.",
            "type": "HR",
            "url": "https://api.congress.gov/v3/bill/98/hr/5309?format=json"
        },
        {
            "congress": 98,
            "introducedDate": "1984-02-08",
            "latestAction": {
                "actionDate": "1984-06-27",
                "text": "See H.R.4170."
            },
            "number": "4799",
            "policyArea": {
                "name": "Taxation"
            },
            "title": "Housing Finance Opportunity Act of 1984",
            "type": "HR",
            "url": "https://api.congress.gov/v3/bill/98/hr/4799?format=json"
        },
        {
            "congress": 98,
            "introducedDate": "1984-01-26",
            "latestAction": {
                "actionDate": "1984-02-03",
                "text": "Referred to Subcommittee on International Economic Policy and Trade."
            },
            "number": "4667",
            "policyArea": {
                "name": "Foreign Trade and International Finance"
            },
            "title": "A bill to impose an embargo on trade between Iran and the United States.",
            "type": "HR",
            "url": "https://api.congress.gov/v3/bill/98/hr/4667?format=json"
        },
        {
            "congress": 98,
            "introducedDate": "1983-11-18",
            "latestAction": {
                "actionDate": "1983-11-18",
                "text": "Referred to House Committee on Ways and Means."
            },
            "number": "4515",
            "policyArea": {
                "name": "Commerce"
            },
            "title": "Small Business Long Term Financing Act of 1983",
            "type": "HR",
            "url": "https://api.congress.gov/v3/bill/98/hr/4515?format=json"
        },
        {
            "congress": 98,
            "introducedDate": "1983-11-03",
            "latestAction": {
                "actionDate": "1983-11-03",
                "text": "Referred to House Committee on Ways and Means."
            },
            "number": "4305",
            "policyArea": {
                "name": "Taxation"
            },
            "title": "A bill to amend the Internal Revenue Code of 1954 to allow individuals a credit against income tax for expenses paid or incurred for services for preparing any individual income tax return.",
            "type": "HR",
            "url": "https://api.congress.gov/v3/bill/98/hr/4305?format=json"
        },
        {
            "congress": 98,
            "introducedDate": "1983-10-06",
            "latestAction": {
                "actionDate": "1983-10-18",
                "text": "See H.R.4102."
            },
            "number": "4116",
            "policyArea": {
                "name": "Science, Technology, Communications"
            },
            "title": "Telephone Equity Act of 1983",
            "type": "HR",
            "url": "https://api.congress.gov/v3/bill/98/hr/4116?format=json"
        },
        {
            "congress": 98,
            "introducedDate": "1983-08-04",
            "latestAction": {
                "actionDate": "1984-06-27",
                "text": "Forwarded by Subcommittee to Full Committee."
            },
            "number": "3817",
            "policyArea": {
                "name": "Foreign Trade and International Finance"
            },
            "title": "A bill to apply for a 5-year period a lower rate of duty on ethyl and methyl parathion.",
            "type": "HR",
            "url": "https://api.congress.gov/v3/bill/98/hr/3817?format=json"
        },
        {
            "congress": 98,
            "introducedDate": "1983-08-03",
            "latestAction": {
                "actionDate": "1983-08-03",
                "text": "Referred to House Committee on Ways and Means."
            },
            "number": "3759",
            "policyArea": {
                "name": "Taxation"
            },
            "title": "A bill to amend the Internal Revenue Code of 1954 to allow an additional 10 percent investment tax credit for new, more efficient irrigation equipment.",
            "type": "HR",
            "url": "https://api.congress.gov/v3/bill/98/hr/3759?format=json"
        },
        {
            "congress": 98,
            "introducedDate": "1983-07-26",
            "latestAction": {
                "actionDate": "1983-08-01",
                "text": "Referred to Subcommittee on Trade."
            },
            "number": "3658",
            "policyArea": {
                "name": "Foreign Trade and International Finance"
            },
            "title": "Cement, Cement Clinker, and Concrete Block and Brick Fair Trade Act of 1983",
            "type": "HR",
            "url": "https://api.congress.gov/v3/bill/98/hr/3658?format=json"
        },
        {
            "congress": 98,
            "introducedDate": "1983-07-26",
            "latestAction": {
                "actionDate": "1983-07-26",
                "text": "Referred to House Committee on Ways and Means."
            },
            "number": "3661",
            "policyArea": {
                "name": "Taxation"
            },
            "title": "A bill to amend the Internal Revenue Code of 1954 to provide cost of living adjustments in the maximum deduction for retirement savings using the cost of living adjustment applicable to the maximum annual limits with respect to employer retirement plans.",
            "type": "HR",
            "url": "https://api.congress.gov/v3/bill/98/hr/3661?format=json"
        },
        {
            "congress": 98,
            "introducedDate": "1983-07-26",
            "latestAction": {
                "actionDate": "1983-07-26",
                "text": "Referred to House Committee on Ways and Means."
            },
            "number": "3662",
            "policyArea": {
                "name": "Taxation"
            },
            "title": "A bill to amend the Internal Revenue Code of 1954 to allow the deduction for retirement savings to be computed for a married individual on the basis of the sum of such individual's compensation and so much of the compensation of the spouse of such individual as exceeds the IRA deduction of such spouse.",
            "type": "HR",
            "url": "https://api.congress.gov/v3/bill/98/hr/3662?format=json"
        },
        {
            "congress": 98,
            "introducedDate": "1983-06-08",
            "latestAction": {
                "actionDate": "1983-06-08",
                "text": "Referred to House Committee on Ways and Means."
            },
            "number": "3253",
            "policyArea": {
                "name": "Taxation"
            },
            "title": "A bill to repeal the crude oil windfall profit tax.",
            "type": "HR",
            "url": "https://api.congress.gov/v3/bill/98/hr/3253?format=json"
        },
        {
            "congress": 98,
            "introducedDate": "1983-04-14",
            "latestAction": {
                "actionDate": "1983-04-14",
                "text": "Referred to House Committee on Ways and Means."
            },
            "number": "2564",
            "policyArea": {
                "name": "Taxation"
            },
            "title": "A bill to direct the Secretary of the Treasury or his delegate to conduct a study of the advisability of replacing the current Federal income tax system for individuals and corporations with a system under which income tax is imposed on gross income.",
            "type": "HR",
            "url": "https://api.congress.gov/v3/bill/98/hr/2564?format=json"
        },
        {
            "congress": 98,
            "introducedDate": "1983-04-05",
            "latestAction": {
                "actionDate": "1983-04-05",
                "text": "Referred to House Committee on Ways and Means."
            },
            "number": "2401",
            "policyArea": {
                "name": "Taxation"
            },
            "title": "A bill to amend the Internal Revenue Code of 1954 to restore prior law with respect to the rate of the tax on the use of heavy trucks and trailers.",
            "type": "HR",
            "url": "https://api.congress.gov/v3/bill/98/hr/2401?format=json"
        },
        {
            "congress": 98,
            "introducedDate": "1983-03-24",
            "latestAction": {
                "actionDate": "1983-07-28",
                "text": "See H.R.2973."
            },
            "number": "2328",
            "policyArea": {
                "name": "Taxation"
            },
            "title": "A bill to repeal withholding on interest and dividends and, to compensate for the revenue reduction resulting from such repeal, to impose a tax on imported petroleum products.",
            "type": "HR",
            "url": "https://api.congress.gov/v3/bill/98/hr/2328?format=json"
        },
        {
            "congress": 98,
            "introducedDate": "1984-06-29",
            "latestAction": {
                "actionDate": "1984-06-29",
                "text": "Referred to House Committee on Post Office and Civil Service."
            },
            "number": "622",
            "policyArea": {
                "name": "Arts, Culture, Religion"
            },
            "title": "A joint resolution to designate September 7, 1984, as \"National Buddy Holly Day\".",
            "type": "HJRES",
            "url": "https://api.congress.gov/v3/bill/98/hjres/622?format=json"
        },
        {
            "congress": 98,
            "introducedDate": "1983-02-02",
            "latestAction": {
                "actionDate": "1983-02-07",
                "text": "Referred to Subcommittee on Census and Population."
            },
            "number": "119",
            "policyArea": {
                "name": "Housing and Community Development"
            },
            "title": "A joint resolution to provide for the designation of the Month of April, 1983, as \"National Residence Hall Month\".",
            "type": "HJRES",
            "url": "https://api.congress.gov/v3/bill/98/hjres/119?format=json"
        },
        {
            "congress": 98,
            "introducedDate": "1983-03-01",
            "latestAction": {
                "actionDate": "1983-03-07",
                "text": "Referred to Subcommittee on Social Security."
            },
            "number": "110",
            "policyArea": {
                "name": "Social Welfare"
            },
            "title": "A resolution expressing the sense of the House of Representatives with respect to the maintenance of social security benefit levels.",
            "type": "HRES",
            "url": "https://api.congress.gov/v3/bill/98/hres/110?format=json"
        },
        {
            "congress": 98,
            "introducedDate": "1984-09-25",
            "latestAction": {
                "actionDate": "1984-10-17",
                "text": "Referred to Subcommittee on Financial Institutions Supervision, Regulation and Insurance."
            },
            "number": "363",
            "policyArea": {
                "name": "Finance and Financial Sector"
            },
            "title": "A concurrent resolution expressing the sense of the Congress that the Federal Home Loan Bank Board should delay until June 30, 1985, the effective date of its proposed regulations regarding limitations on direct investment in real estate, service corporations, and equity securities by federally insured savings and loan associations.",
            "type": "HCONRES",
            "url": "https://api.congress.gov/v3/bill/98/hconres/363?format=json"
        },
        {
            "congress": 98,
            "introducedDate": "1984-02-29",
            "latestAction": {
                "actionDate": "1984-03-12",
                "text": "Referred to Subcommittee on Elementary, Secondary and Vocational Education."
            },
            "number": "266",
            "policyArea": {
                "name": "Education"
            },
            "title": "A concurrent resolution restating the clear intent of Congress to provide financial assistance to local school systems to educate alien children and to call upon the President to expend appropriated funds for such purpose.",
            "type": "HCONRES",
            "url": "https://api.congress.gov/v3/bill/98/hconres/266?format=json"
        }
    ]
}