{
    "pagination": {
        "count": 60
    },
    "request": {
        "bioguideId": "l000273",
        "contentType": "application/json",
        "format": "json"
    },
    "sponsoredLegislation": [
        {
            "congress": 118,
            "introducedDate": "2024-07-08",
            "latestAction": {
                "actionDate": "2024-07-08",
                "text": "Referred to the House Committee on Natural Resources."
            },
            "number": "8945",
            "policyArea": {
                "name": null
            },
            "title": "To approve the settlement of water rights claims of the Navajo Nation in the Rio San Jos\u00e9 Stream System in the State of New Mexico, and for other purposes.",
            "type": "HR",
            "url": "https://api.congress.gov/v3/bill/118/hr/8945?format=json"
        },
        {
            "congress": 118,
            "introducedDate": "2024-07-08",
            "latestAction": {
                "actionDate": "2024-07-08",
                "text": "Referred to the House Committee on Education and the Workforce."
            },
            "number": "8944",
            "policyArea": {
                "name": null
            },
            "title": "To direct the Secretary of Education to establish a personal finance education portal on a centralized website of the Department of Education pertaining to Federal financial aid.",
            "type": "HR",
            "url": "https://api.congress.gov/v3/bill/118/hr/8944?format=json"
        },
        {
            "congress": 118,
            "introducedDate": "2024-06-12",
            "latestAction": {
                "actionDate": "2024-06-12",
                "text": "Referred to the Committee on Financial Services, and in addition to the Committee on Ways and Means, for a period to be subsequently determined by the Speaker, in each case for consideration of such provisions as fall within the jurisdiction of the committee concerned."
            },
            "number": "8714",
            "policyArea": {
                "name": null
            },
            "title": "To require the Secretary of Housing and Urban Development to establish a program to provide homeownership assistance grants, and for other purposes.",
            "type": "HR",
            "url": "https://api.congress.gov/v3/bill/118/hr/8714?format=json"
        },
        {
            "congress": 118,
            "introducedDate": "2024-06-11",
            "latestAction": {
                "actionDate": "2024-06-11",
                "text": "Referred to the House Committee on Natural Resources."
            },
            "number": "8685",
            "policyArea": {
                "name": null
            },
            "title": "To approve the settlement of water rights claims of Ohkay Owingeh in the Rio Chama Stream System, to restore the Bosque on Pueblo Land in the State of New Mexico, and for other purposes.",
            "type": "HR",
            "url": "https://api.congress.gov/v3/bill/118/hr/8685?format=json"
        },
        {
            "congress": 118,
            "introducedDate": "2024-06-04",
            "latestAction": {
                "actionDate": "2024-06-04",
                "text": "Referred to the House Committee on Education and the Workforce."
            },
            "number": "8612",
            "policyArea": {
                "name": null
            },
            "title": "To direct the Secretary of Education to establish a personal finance education portal on a centralized website of the Department of Education pertaining to Federal financial aid.",
            "type": "HR",
            "url": "https://api.congress.gov/v3/bill/118/hr/8612?format=json"
        },
        {
            "congress": 118,
            "introducedDate": "2024-05-07",
            "latestAction": {
                "actionDate": "2024-05-07",
                "text": "Referred to the House Committee on Natural Resources."
            },
            "number": "8262",
            "policyArea": {
                "name": null
            },
            "title": "New Mexico Land Grant-Mercedes Historical or Traditional Use Cooperation and Coordination Act",
            "type": "HR",
            "url": "https://api.congress.gov/v3/bill/118/hr/8262?format=json"
        },
        {
            "congress": 118,
            "introducedDate": "2024-01-10",
            "latestAction": {
                "actionDate": "2024-01-10",
                "text": "Referred to the House Committee on Education and the Workforce."
            },
            "number": "6935",
            "policyArea": {
                "name": "Arts, Culture, Religion"
            },
            "title": "Creative Workforce Investment Act",
            "type": "HR",
            "url": "https://api.congress.gov/v3/bill/118/hr/6935?format=json"
        },
        {
            "congress": 118,
            "introducedDate": "2023-12-05",
            "latestAction": {
                "actionDate": "2023-12-05",
                "text": "Referred to the House Committee on Natural Resources."
            },
            "number": "6599",
            "policyArea": {
                "name": "Native Americans"
            },
            "title": "Technical Corrections to the Northwestern New Mexico Rural Water Projects Act, Taos Pueblo Indian Water Rights Settlement Act, and Aamodt Litigation Settlement Act",
            "type": "HR",
            "url": "https://api.congress.gov/v3/bill/118/hr/6599?format=json"
        },
        {
            "congress": 118,
            "introducedDate": "2023-10-19",
            "latestAction": {
                "actionDate": "2023-10-25",
                "text": "Referred to the House Committee on Education and the Workforce."
            },
            "number": "5998",
            "policyArea": {
                "name": "Education"
            },
            "title": "America\u2019s College Promise Act of 2023",
            "type": "HR",
            "url": "https://api.congress.gov/v3/bill/118/hr/5998?format=json"
        },
        {
            "congress": 118,
            "introducedDate": "2023-10-12",
            "latestAction": {
                "actionDate": "2023-10-25",
                "text": "Referred to the House Committee on Natural Resources."
            },
            "number": "5943",
            "policyArea": {
                "name": "Public Lands and Natural Resources"
            },
            "title": "Pecos Watershed Protection Act",
            "type": "HR",
            "url": "https://api.congress.gov/v3/bill/118/hr/5943?format=json"
        },
        {
            "congress": 118,
            "introducedDate": "2023-10-06",
            "latestAction": {
                "actionDate": "2023-10-25",
                "text": "Referred to the House Committee on Education and the Workforce."
            },
            "number": "72",
            "policyArea": {
                "name": "Labor and Employment"
            },
            "title": "Recognizing the significance of equal pay and the disparity in wages paid to Latina women in comparison to men.",
            "type": "HCONRES",
            "url": "https://api.congress.gov/v3/bill/118/hconres/72?format=json"
        },
        {
            "congress": 118,
            "introducedDate": "2023-10-03",
            "latestAction": {
                "actionDate": "2023-10-27",
                "text": "Referred to the Subcommittee on Economic Development, Public Buildings, and Emergency Management."
            },
            "number": "5889",
            "policyArea": {
                "name": "Emergency Management"
            },
            "title": "Hermit\u2019s Peak/Calf Canyon Claims Extension Act",
            "type": "HR",
            "url": "https://api.congress.gov/v3/bill/118/hr/5889?format=json"
        },
        {
            "congress": 118,
            "introducedDate": "2023-10-03",
            "latestAction": {
                "actionDate": "2023-10-27",
                "text": "Referred to the Subcommittee on Economic Development, Public Buildings, and Emergency Management."
            },
            "number": "5888",
            "policyArea": {
                "name": "Emergency Management"
            },
            "title": "Cerro Pelado Fire Assistance Act",
            "type": "HR",
            "url": "https://api.congress.gov/v3/bill/118/hr/5888?format=json"
        },
        {
            "congress": 118,
            "introducedDate": "2023-09-27",
            "latestAction": {
                "actionDate": "2024-01-17",
                "text": "Referred to the Subcommittee on Conservation, Research, and Biotechnology."
            },
            "number": "5764",
            "policyArea": {
                "name": "Agriculture and Food"
            },
            "title": "Support Water-Efficient Strategies and Technologies Act of 2023",
            "type": "HR",
            "url": "https://api.congress.gov/v3/bill/118/hr/5764?format=json"
        },
        {
            "congress": 118,
            "introducedDate": "2023-09-14",
            "latestAction": {
                "actionDate": "2023-09-14",
                "text": "Referred to the House Committee on Agriculture."
            },
            "number": "5493",
            "policyArea": {
                "name": "Native Americans"
            },
            "title": "Strengthening the Office of Tribal Relations Act of 2023",
            "type": "HR",
            "url": "https://api.congress.gov/v3/bill/118/hr/5493?format=json"
        },
        {
            "congress": 118,
            "introducedDate": "2023-09-14",
            "latestAction": {
                "actionDate": "2023-09-15",
                "text": "Referred to the Subcommittee on Communications and Technology."
            },
            "number": "5494",
            "policyArea": {
                "name": "Native Americans"
            },
            "title": "Tribal Connect Act of 2023",
            "type": "HR",
            "url": "https://api.congress.gov/v3/bill/118/hr/5494?format=json"
        },
        {
            "congress": 118,
            "introducedDate": "2023-07-27",
            "latestAction": {
                "actionDate": "2024-04-16",
                "text": "Ordered to be Reported in the Nature of a Substitute by Unanimous Consent."
            },
            "number": "5015",
            "policyArea": {
                "name": "Environmental Protection"
            },
            "title": "Seedlings for Sustainable Habitat Restoration Act of 2023",
            "type": "HR",
            "url": "https://api.congress.gov/v3/bill/118/hr/5015?format=json"
        },
        {
            "congress": 118,
            "introducedDate": "2023-07-26",
            "latestAction": {
                "actionDate": "2023-09-25",
                "text": "Referred to the Subcommittee on Forestry."
            },
            "number": "4920",
            "policyArea": {
                "name": "Public Lands and Natural Resources"
            },
            "title": "Responsible Wildland Fire Recovery Act",
            "type": "HR",
            "url": "https://api.congress.gov/v3/bill/118/hr/4920?format=json"
        },
        {
            "congress": 118,
            "introducedDate": "2023-06-30",
            "latestAction": {
                "actionDate": "2023-08-28",
                "text": "Referred to the Subcommittee on Conservation, Research, and Biotechnology."
            },
            "number": "4425",
            "policyArea": {
                "name": "Agriculture and Food"
            },
            "title": "Women in Agriculture Act",
            "type": "HR",
            "url": "https://api.congress.gov/v3/bill/118/hr/4425?format=json"
        },
        {
            "congress": 118,
            "introducedDate": "2023-06-30",
            "latestAction": {
                "actionDate": "2023-07-07",
                "text": "Referred to the Subcommittee on Environment, Manufacturing, and Critical Materials."
            },
            "number": "4426",
            "policyArea": {
                "name": "Labor and Employment"
            },
            "title": "Radiation Exposure Compensation Act Amendments of 2023",
            "type": "HR",
            "url": "https://api.congress.gov/v3/bill/118/hr/4426?format=json"
        },
        {
            "congress": 118,
            "introducedDate": "2023-06-22",
            "latestAction": {
                "actionDate": "2023-07-28",
                "text": "Referred to the Subcommittee on General Farm Commodities, Risk Management, and Credit."
            },
            "number": "4290",
            "policyArea": {
                "name": "Agriculture and Food"
            },
            "title": "Acequia Communities Empowered by Qualifying Upgrades for Infrastructure Act",
            "type": "HR",
            "url": "https://api.congress.gov/v3/bill/118/hr/4290?format=json"
        },
        {
            "congress": 118,
            "introducedDate": "2023-06-12",
            "latestAction": {
                "actionDate": "2023-07-28",
                "text": "Referred to the Subcommittee on Nutrition, Foreign Agriculture, and Horticulture."
            },
            "number": "4033",
            "policyArea": {
                "name": "Agriculture and Food"
            },
            "title": "Nutrition Administration Assistance Act of 2023",
            "type": "HR",
            "url": "https://api.congress.gov/v3/bill/118/hr/4033?format=json"
        },
        {
            "congress": 118,
            "introducedDate": "2023-06-09",
            "latestAction": {
                "actionDate": "2023-06-09",
                "text": "Referred to the House Committee on Natural Resources."
            },
            "number": "3977",
            "policyArea": {
                "name": "Native Americans"
            },
            "title": "Navajo-Gallup Water Supply Project Amendments Act of 2023",
            "type": "HR",
            "url": "https://api.congress.gov/v3/bill/118/hr/3977?format=json"
        },
        {
            "congress": 118,
            "introducedDate": "2023-05-02",
            "latestAction": {
                "actionDate": "2023-05-02",
                "text": "Referred to the House Committee on Natural Resources."
            },
            "number": "3062",
            "policyArea": {
                "name": "Public Lands and Natural Resources"
            },
            "title": "Chaco Cultural Heritage Area Protection Act of 2023",
            "type": "HR",
            "url": "https://api.congress.gov/v3/bill/118/hr/3062?format=json"
        },
        {
            "congress": 118,
            "introducedDate": "2023-03-23",
            "latestAction": {
                "actionDate": "2023-03-23",
                "text": "Referred to the House Committee on Education and the Workforce."
            },
            "number": "1757",
            "policyArea": {
                "name": "Education"
            },
            "title": "Loan Forgiveness for Educators Act",
            "type": "HR",
            "url": "https://api.congress.gov/v3/bill/118/hr/1757?format=json"
        },
        {
            "congress": 118,
            "introducedDate": "2023-03-14",
            "latestAction": {
                "actionDate": "2023-03-14",
                "text": "Referred to the House Committee on Education and the Workforce."
            },
            "number": "229",
            "policyArea": {
                "name": "Education"
            },
            "title": "Recognizing the significance of the 1973 New Mexico Bilingual Multicultural Education Act on its 50th anniversary and the importance of cultivating education in both the mother tongue as well as English for the preservation of culture, identity, and Indigenous knowledge.",
            "type": "HRES",
            "url": "https://api.congress.gov/v3/bill/118/hres/229?format=json"
        },
        {
            "congress": 118,
            "introducedDate": "2023-03-14",
            "latestAction": {
                "actionDate": "2023-05-03",
                "text": "Referred to the Subcommittee on Health."
            },
            "number": "1590",
            "policyArea": {
                "name": "Armed Forces and National Security"
            },
            "title": "To designate the clinic of the Department of Veterans Affairs in Gallup, New Mexico, as the Hiroshi \"Hershey\" Miyamura VA Clinic.",
            "type": "HR",
            "url": "https://api.congress.gov/v3/bill/118/hr/1590?format=json"
        },
        {
            "congress": 118,
            "introducedDate": "2023-03-14",
            "latestAction": {
                "actionDate": "2023-03-14",
                "text": "Referred to the House Committee on Education and the Workforce."
            },
            "number": "1589",
            "policyArea": {
                "name": "Native Americans"
            },
            "title": "Tribal Nutrition Improvement Act of 2023",
            "type": "HR",
            "url": "https://api.congress.gov/v3/bill/118/hr/1589?format=json"
        },
        {
            "congress": 118,
            "introducedDate": "2023-03-01",
            "latestAction": {
                "actionDate": "2023-03-22",
                "text": "Referred to the Subcommittee on Water, Wildlife, and Fisheries."
            },
            "number": "1304",
            "policyArea": {
                "name": "Native Americans"
            },
            "title": "Rio San Jos\u00e9 and Rio Jemez Water Settlements Act of 2023",
            "type": "HR",
            "url": "https://api.congress.gov/v3/bill/118/hr/1304?format=json"
        },
        {
            "congress": 118,
            "introducedDate": "2023-03-01",
            "latestAction": {
                "actionDate": "2023-03-22",
                "text": "Referred to the Subcommittee on Federal Lands."
            },
            "number": "1303",
            "policyArea": {
                "name": "Public Lands and Natural Resources"
            },
            "title": "Cerro de la Olla Wilderness Establishment Act",
            "type": "HR",
            "url": "https://api.congress.gov/v3/bill/118/hr/1303?format=json"
        },
        {
            "amendmentNumber": "156",
            "congress": 118,
            "introducedDate": "2023-03-29",
            "latestAction": {
                "actionDate": "2023-03-30",
                "actionTime": "11:09:06",
                "text": "On agreeing to the Leger Fernandez amendment (A025) Agreed to by recorded vote: 323 - 109 (Roll no. 175). (consideration: CR H1673-1674)"
            },
            "type": null,
            "url": "https://api.congress.gov/v3/amendment/118/hamdt/156?format=json"
        },
        {
            "congress": 117,
            "introducedDate": "2022-12-08",
            "latestAction": {
                "actionDate": "2022-12-08",
                "text": "Referred to the House Committee on Education and Labor."
            },
            "number": "122",
            "policyArea": {
                "name": "Labor and Employment"
            },
            "title": "Recognizing the significance of equal pay and the disparity in wages paid to Latina women in comparison to men.",
            "type": "HCONRES",
            "url": "https://api.congress.gov/v3/bill/117/hconres/122?format=json"
        },
        {
            "congress": 117,
            "introducedDate": "2022-11-30",
            "latestAction": {
                "actionDate": "2022-11-30",
                "text": "Referred to the House Committee on Natural Resources."
            },
            "number": "9371",
            "policyArea": {
                "name": "Native Americans"
            },
            "title": "Navajo-Gallup Water Supply Project Amendments Act of 2022",
            "type": "HR",
            "url": "https://api.congress.gov/v3/bill/117/hr/9371?format=json"
        },
        {
            "congress": 117,
            "introducedDate": "2022-11-17",
            "latestAction": {
                "actionDate": "2022-11-18",
                "text": "Referred to the Subcommittee on Communications and Technology."
            },
            "number": "9343",
            "policyArea": {
                "name": "Native Americans"
            },
            "title": "Tribal Connect Act of 2022",
            "type": "HR",
            "url": "https://api.congress.gov/v3/bill/117/hr/9343?format=json"
        },
        {
            "congress": 117,
            "introducedDate": "2022-11-17",
            "latestAction": {
                "actionDate": "2022-11-17",
                "text": "Referred to the House Committee on Natural Resources."
            },
            "number": "9344",
            "policyArea": {
                "name": "Public Lands and Natural Resources"
            },
            "title": "Chaco Cultural Heritage Area Protection Act of 2022",
            "type": "HR",
            "url": "https://api.congress.gov/v3/bill/117/hr/9344?format=json"
        },
        {
            "congress": 117,
            "introducedDate": "2022-11-14",
            "latestAction": {
                "actionDate": "2022-11-14",
                "text": "Referred to the House Committee on Natural Resources."
            },
            "number": "9293",
            "policyArea": {
                "name": "Water Resources Development"
            },
            "title": "To amend the Omnibus Public Land Management Act of 2009 to make a technical correction to the Navajo Nation Water Resources Development Trust Fund, and for other purposes.",
            "type": "HR",
            "url": "https://api.congress.gov/v3/bill/117/hr/9293?format=json"
        },
        {
            "congress": 117,
            "introducedDate": "2022-11-14",
            "latestAction": {
                "actionDate": "2022-11-14",
                "text": "Referred to the House Committee on Natural Resources."
            },
            "number": "9294",
            "policyArea": {
                "name": "Water Resources Development"
            },
            "title": "To amend the Claims Resolution Act to make a technical correction to the Taos Pueblo Water Development Fund and the Aamodt Settlement Pueblos' Fund, and for other purposes.",
            "type": "HR",
            "url": "https://api.congress.gov/v3/bill/117/hr/9294?format=json"
        },
        {
            "congress": 117,
            "introducedDate": "2022-09-20",
            "latestAction": {
                "actionDate": "2022-09-20",
                "text": "Referred to the House Committee on Natural Resources."
            },
            "number": "8920",
            "policyArea": {
                "name": "Native Americans"
            },
            "title": "Pueblos of Acoma and Laguna Water Rights Settlement Act of 2022",
            "type": "HR",
            "url": "https://api.congress.gov/v3/bill/117/hr/8920?format=json"
        },
        {
            "congress": 117,
            "introducedDate": "2022-09-20",
            "latestAction": {
                "actionDate": "2022-09-20",
                "text": "Referred to the House Committee on Natural Resources."
            },
            "number": "8921",
            "policyArea": {
                "name": "Native Americans"
            },
            "title": "Pueblos of Jemez and Zia Water Rights Settlement Act of 2022",
            "type": "HR",
            "url": "https://api.congress.gov/v3/bill/117/hr/8921?format=json"
        },
        {
            "congress": 117,
            "introducedDate": "2022-09-15",
            "latestAction": {
                "actionDate": "2022-09-15",
                "text": "Referred to the House Committee on Education and Labor."
            },
            "number": "8856",
            "policyArea": {
                "name": "Education"
            },
            "title": "Loan Forgiveness for Educators Act of 2022",
            "type": "HR",
            "url": "https://api.congress.gov/v3/bill/117/hr/8856?format=json"
        },
        {
            "congress": 117,
            "introducedDate": "2022-07-26",
            "latestAction": {
                "actionDate": "2022-07-26",
                "text": "Referred to the House Committee on Education and Labor."
            },
            "number": "8502",
            "policyArea": {
                "name": "Native Americans"
            },
            "title": "Tribal Nutrition Improvement Act of 2022",
            "type": "HR",
            "url": "https://api.congress.gov/v3/bill/117/hr/8502?format=json"
        },
        {
            "congress": 117,
            "introducedDate": "2022-06-15",
            "latestAction": {
                "actionDate": "2022-06-16",
                "text": "Referred to the Subcommittee on Energy."
            },
            "number": "8068",
            "policyArea": {
                "name": "Native Americans"
            },
            "title": "Tribal Energy Investment Act of 2022",
            "type": "HR",
            "url": "https://api.congress.gov/v3/bill/117/hr/8068?format=json"
        },
        {
            "congress": 117,
            "introducedDate": "2022-05-11",
            "latestAction": {
                "actionDate": "2022-11-01",
                "text": "Referred to the Subcommittee on the Constitution, Civil Rights, and Civil Liberties."
            },
            "number": "7721",
            "policyArea": {
                "name": "Public Lands and Natural Resources"
            },
            "title": "Hermit\u2019s Peak Fire Assistance Act",
            "type": "HR",
            "url": "https://api.congress.gov/v3/bill/117/hr/7721?format=json"
        },
        {
            "congress": 117,
            "introducedDate": "2022-03-02",
            "latestAction": {
                "actionDate": "2022-03-03",
                "text": "Referred to the Subcommittee on Energy."
            },
            "number": "6901",
            "policyArea": {
                "name": "Energy"
            },
            "title": "To prohibit the use of Federal funds for the private interim storage of spent nuclear fuel, and for other purposes.",
            "type": "HR",
            "url": "https://api.congress.gov/v3/bill/117/hr/6901?format=json"
        },
        {
            "congress": 117,
            "introducedDate": "2022-02-03",
            "latestAction": {
                "actionDate": "2022-04-28",
                "text": "Subcommittee Hearings Held."
            },
            "number": "6589",
            "policyArea": {
                "name": "Public Lands and Natural Resources"
            },
            "title": "Historic Preservation Enhancement Act",
            "type": "HR",
            "url": "https://api.congress.gov/v3/bill/117/hr/6589?format=json"
        },
        {
            "congress": 117,
            "introducedDate": "2022-01-25",
            "latestAction": {
                "actionDate": "2022-07-11",
                "text": "Received in the Senate and Read twice and referred to the Committee on Health, Education, Labor, and Pensions."
            },
            "number": "6493",
            "policyArea": {
                "name": "Education"
            },
            "title": "Campus Prevention and Recovery Services for Students Act of 2022",
            "type": "HR",
            "url": "https://api.congress.gov/v3/bill/117/hr/6493?format=json"
        },
        {
            "congress": 117,
            "introducedDate": "2021-10-28",
            "latestAction": {
                "actionDate": "2021-10-28",
                "text": "Referred to the House Committee on Education and Labor."
            },
            "number": "5779",
            "policyArea": {
                "name": "Education"
            },
            "title": "Financial Fitness Act",
            "type": "HR",
            "url": "https://api.congress.gov/v3/bill/117/hr/5779?format=json"
        },
        {
            "congress": 117,
            "introducedDate": "2021-07-22",
            "latestAction": {
                "actionDate": "2021-07-23",
                "text": "Referred to the Subcommittee on Communications and Technology."
            },
            "number": "4656",
            "policyArea": {
                "name": "Native Americans"
            },
            "title": "Extending Tribal Broadband Priority Act of 2021",
            "type": "HR",
            "url": "https://api.congress.gov/v3/bill/117/hr/4656?format=json"
        },
        {
            "congress": 117,
            "introducedDate": "2021-10-21",
            "latestAction": {
                "actionDate": "2021-10-21",
                "text": "Referred to the House Committee on Education and Labor."
            },
            "number": "55",
            "policyArea": {
                "name": "Labor and Employment"
            },
            "title": "Recognizing the significance of equal pay and the disparity in wages paid to Latina women in comparison to men.",
            "type": "HCONRES",
            "url": "https://api.congress.gov/v3/bill/117/hconres/55?format=json"
        },
        {
            "congress": 117,
            "introducedDate": "2021-10-19",
            "latestAction": {
                "actionDate": "2021-10-26",
                "text": "Referred to the Subcommittee on National Parks, Forests, and Public Lands."
            },
            "number": "5628",
            "policyArea": {
                "name": "Public Lands and Natural Resources"
            },
            "title": "Pecos Watershed Protection Act",
            "type": "HR",
            "url": "https://api.congress.gov/v3/bill/117/hr/5628?format=json"
        },
        {
            "congress": 117,
            "introducedDate": "2021-10-05",
            "latestAction": {
                "actionDate": "2022-03-01",
                "text": "Subcommittee Hearings Held."
            },
            "number": "5493",
            "policyArea": {
                "name": "Public Lands and Natural Resources"
            },
            "title": "Land Grant-Mercedes Traditional Use Recognition and Consultation Act",
            "type": "HR",
            "url": "https://api.congress.gov/v3/bill/117/hr/5493?format=json"
        },
        {
            "amendmentNumber": "126",
            "congress": 117,
            "introducedDate": "2021-09-22",
            "latestAction": {
                "actionDate": "2021-09-23",
                "actionTime": "20:19:55",
                "text": "On agreeing to the Leger Fernandez amendment (A030) Agreed to by the Yeas and Nays: 240 - 185 (Roll no. 291). "
            },
            "type": null,
            "url": "https://api.congress.gov/v3/amendment/117/hamdt/126?format=json"
        },
        {
            "congress": 117,
            "introducedDate": "2021-09-22",
            "latestAction": {
                "actionDate": "2021-12-08",
                "text": "Ordered to be Reported (Amended) by the Yeas and Nays: 25 - 8."
            },
            "number": "5338",
            "policyArea": {
                "name": "Labor and Employment"
            },
            "title": "Radiation Exposure Compensation Act Amendments of 2021",
            "type": "HR",
            "url": "https://api.congress.gov/v3/bill/117/hr/5338?format=json"
        },
        {
            "congress": 117,
            "introducedDate": "2021-09-07",
            "latestAction": {
                "actionDate": "2021-09-08",
                "text": "Referred to the Subcommittee on Economic Development, Public Buildings, and Emergency Management."
            },
            "number": "5193",
            "policyArea": {
                "name": "Energy"
            },
            "title": "Just Transition for Energy Communities Act",
            "type": "HR",
            "url": "https://api.congress.gov/v3/bill/117/hr/5193?format=json"
        },
        {
            "congress": 117,
            "introducedDate": "2021-08-13",
            "latestAction": {
                "actionDate": "2021-08-13",
                "text": "Referred to the House Committee on Education and Labor."
            },
            "number": "5019",
            "policyArea": {
                "name": "Labor and Employment"
            },
            "title": "Creative Economy Revitalization Act",
            "type": "HR",
            "url": "https://api.congress.gov/v3/bill/117/hr/5019?format=json"
        },
        {
            "congress": 117,
            "introducedDate": "2021-05-28",
            "latestAction": {
                "actionDate": "2021-05-28",
                "text": "Referred to the Committee on Financial Services, and in addition to the Committee on House Administration, for a period to be subsequently determined by the Speaker, in each case for consideration of such provisions as fall within the jurisdiction of the committee concerned."
            },
            "number": "3603",
            "policyArea": {
                "name": "Armed Forces and National Security"
            },
            "title": "Defenders of Bataan and Corregidor Congressional Gold Medal Act",
            "type": "HR",
            "url": "https://api.congress.gov/v3/bill/117/hr/3603?format=json"
        },
        {
            "congress": 117,
            "introducedDate": "2021-04-30",
            "latestAction": {
                "actionDate": "2022-12-21",
                "text": "Became Public Law No: 117-258."
            },
            "number": "2930",
            "policyArea": {
                "name": "Native Americans"
            },
            "title": "Safeguard Tribal Objects of Patrimony Act of 2021",
            "type": "HR",
            "url": "https://api.congress.gov/v3/bill/117/hr/2930?format=json"
        },
        {
            "congress": 117,
            "introducedDate": "2021-04-14",
            "latestAction": {
                "actionDate": "2022-06-23",
                "text": "Subcommittee Hearings Held."
            },
            "number": "2522",
            "policyArea": {
                "name": "Public Lands and Natural Resources"
            },
            "title": "Cerro de la Olla Wilderness Establishment Act",
            "type": "HR",
            "url": "https://api.congress.gov/v3/bill/117/hr/2522?format=json"
        },
        {
            "congress": 117,
            "introducedDate": "2021-04-08",
            "latestAction": {
                "actionDate": "2022-12-15",
                "text": "Placed on the Union Calendar, Calendar No. 464."
            },
            "number": "2415",
            "policyArea": {
                "name": "Energy"
            },
            "title": "Orphaned Well Cleanup and Jobs Act of 2021",
            "type": "HR",
            "url": "https://api.congress.gov/v3/bill/117/hr/2415?format=json"
        },
        {
            "congress": 117,
            "introducedDate": "2021-03-26",
            "latestAction": {
                "actionDate": "2021-05-28",
                "text": "Referred to the Subcommittee on National Parks, Forests, and Public Lands."
            },
            "number": "2235",
            "policyArea": {
                "name": "Public Lands and Natural Resources"
            },
            "title": "Northern Rio Grande National Heritage Area Reauthorization Act of 2021",
            "type": "HR",
            "url": "https://api.congress.gov/v3/bill/117/hr/2235?format=json"
        }
    ]
}