{
    "pagination": {
        "count": 83
    },
    "request": {
        "bioguideId": "l000225",
        "contentType": "application/json",
        "format": "json"
    },
    "sponsoredLegislation": [
        {
            "congress": 98,
            "introducedDate": "1984-03-22",
            "latestAction": {
                "actionDate": "1984-08-08",
                "text": "Subcommittee Hearings Held."
            },
            "number": "5232",
            "policyArea": {
                "name": "Finance and Financial Sector"
            },
            "title": "Truth in Savings Act",
            "type": "HR",
            "url": "https://api.congress.gov/v3/bill/98/hr/5232?format=json"
        },
        {
            "congress": 98,
            "introducedDate": "1984-03-08",
            "latestAction": {
                "actionDate": "1984-08-13",
                "text": "Unfavorable Executive Comment Received From USDA."
            },
            "number": "5083",
            "policyArea": {
                "name": "Public Lands and Natural Resources"
            },
            "title": "A bill to amend the Wild and Scenic Rivers Act by designating a segment of the Tuolumne River in California as a component of the National Wild and Scenic Rivers System.",
            "type": "HR",
            "url": "https://api.congress.gov/v3/bill/98/hr/5083?format=json"
        },
        {
            "congress": 98,
            "introducedDate": "1984-02-01",
            "latestAction": {
                "actionDate": "1984-10-02",
                "text": "Failed to Receive 2/3's Vote to Suspend and Pass by Yea-Nay Vote: 19 - 402 (Record Vote No: 431)."
            },
            "number": "4712",
            "policyArea": {
                "name": "Crime and Law Enforcement"
            },
            "title": "A bill to provide for cooperative agreements between the Secretary of the Interior and State and local governments for law enforcement within Federal water resource projects.",
            "type": "HR",
            "url": "https://api.congress.gov/v3/bill/98/hr/4712?format=json"
        },
        {
            "congress": 98,
            "introducedDate": "1984-01-25",
            "latestAction": {
                "actionDate": "1984-06-27",
                "text": "See H.R.4170."
            },
            "number": "4650",
            "policyArea": {
                "name": "Taxation"
            },
            "title": "Housing Finance Opportunity Act of 1984",
            "type": "HR",
            "url": "https://api.congress.gov/v3/bill/98/hr/4650?format=json"
        },
        {
            "congress": 98,
            "introducedDate": "1983-09-20",
            "latestAction": {
                "actionDate": "1983-09-30",
                "text": "Referred to Subcommittee on Housing and Community Development."
            },
            "number": "3934",
            "policyArea": {
                "name": "Housing and Community Development"
            },
            "title": "Homeownership Assistance Act of 1983",
            "type": "HR",
            "url": "https://api.congress.gov/v3/bill/98/hr/3934?format=json"
        },
        {
            "congress": 98,
            "introducedDate": "1983-02-08",
            "latestAction": {
                "actionDate": "1984-05-17",
                "text": "Subcommittee on Public Lands and Reserved Water. Hearings held. Hearings printed:  S.Hrg. 98-975."
            },
            "number": "1341",
            "policyArea": {
                "name": "Water Resources Development"
            },
            "title": "A bill to establish the Mono Lake National Monument in the State of California, and for other purposes.",
            "type": "HR",
            "url": "https://api.congress.gov/v3/bill/98/hr/1341?format=json"
        },
        {
            "congress": 99,
            "introducedDate": "1986-09-29",
            "latestAction": {
                "actionDate": "1986-10-10",
                "text": "Read twice and referred to the Committee on Banking."
            },
            "number": "5613",
            "policyArea": {
                "name": "Commerce"
            },
            "title": "Truth in Savings and Credit Card Applications Act",
            "type": "HR",
            "url": "https://api.congress.gov/v3/bill/99/hr/5613?format=json"
        },
        {
            "congress": 99,
            "introducedDate": "1986-08-15",
            "latestAction": {
                "actionDate": "1986-08-15",
                "text": "Referred to Subcommittee on Housing and Community Development."
            },
            "number": "5463",
            "policyArea": {
                "name": "Housing and Community Development"
            },
            "title": "Rural Rental Housing Displacement Prevention Act of 1986",
            "type": "HR",
            "url": "https://api.congress.gov/v3/bill/99/hr/5463?format=json"
        },
        {
            "congress": 99,
            "introducedDate": "1986-06-26",
            "latestAction": {
                "actionDate": "1986-07-10",
                "text": "Referred to Subcommittee on Conservation Credit and Rural Development."
            },
            "number": "5132",
            "policyArea": {
                "name": "Agriculture and Food"
            },
            "title": "Farm Mortgage Marketing Corporation Act of 1986",
            "type": "HR",
            "url": "https://api.congress.gov/v3/bill/99/hr/5132?format=json"
        },
        {
            "congress": 99,
            "introducedDate": "1986-04-17",
            "latestAction": {
                "actionDate": "1986-05-27",
                "text": "Executive Comment Requested from Interior, USDA."
            },
            "number": "4629",
            "policyArea": {
                "name": "Public Lands and Natural Resources"
            },
            "title": "A bill to amend the Wild and Scenic Rivers Act by designating a segment of the Kings River in California as a component of the National Wild and Scenic Rivers System.",
            "type": "HR",
            "url": "https://api.congress.gov/v3/bill/99/hr/4629?format=json"
        },
        {
            "congress": 99,
            "introducedDate": "1986-01-30",
            "latestAction": {
                "actionDate": "1986-09-17",
                "text": "Referred to Subcommittee on Public Lands and Reserved Water."
            },
            "number": "4089",
            "policyArea": {
                "name": "Public Lands and Natural Resources"
            },
            "title": "A bill to prohibit the construction of dams within national parks and monuments.",
            "type": "HR",
            "url": "https://api.congress.gov/v3/bill/99/hr/4089?format=json"
        },
        {
            "congress": 99,
            "introducedDate": "1985-10-03",
            "latestAction": {
                "actionDate": "1985-10-07",
                "text": "Referred to Subcommittee on Legislation and National Security."
            },
            "number": "3508",
            "policyArea": {
                "name": "Government Operations and Politics"
            },
            "title": "Federal Government Easy Access Act",
            "type": "HR",
            "url": "https://api.congress.gov/v3/bill/99/hr/3508?format=json"
        },
        {
            "congress": 99,
            "introducedDate": "1985-08-01",
            "latestAction": {
                "actionDate": "1985-09-05",
                "text": "Referred to Subcommittee on Water and Power Resources."
            },
            "number": "3182",
            "policyArea": {
                "name": "Water Resources Development"
            },
            "title": "Mid-Valley Unit Act of 1985",
            "type": "HR",
            "url": "https://api.congress.gov/v3/bill/99/hr/3182?format=json"
        },
        {
            "congress": 99,
            "introducedDate": "1985-07-25",
            "latestAction": {
                "actionDate": "1985-12-23",
                "text": "Became Public Law No: 99-200."
            },
            "number": "3085",
            "policyArea": {
                "name": "Public Lands and Natural Resources"
            },
            "title": "A bill to clear title to certain lands along the California-Nevada boundary.",
            "type": "HR",
            "url": "https://api.congress.gov/v3/bill/99/hr/3085?format=json"
        },
        {
            "congress": 99,
            "introducedDate": "1985-07-30",
            "latestAction": {
                "actionDate": "1985-08-16",
                "text": "Referred to Subcommittee on Public Assistance and Unemployment Compensation."
            },
            "number": "3110",
            "policyArea": {
                "name": "Social Welfare"
            },
            "title": "A bill to amend the Social Security Act to provide for a demonstration of the extent to which eliminating the 100-hour rule under the AFDC-U program, and requiring parents under such program to accept any reasonable job offers while preserving the eligibility of their families, would effectively encourage such parents to enter the permanent work force and thereby significantly reduce program costs.",
            "type": "HR",
            "url": "https://api.congress.gov/v3/bill/99/hr/3110?format=json"
        },
        {
            "congress": 99,
            "introducedDate": "1985-04-30",
            "latestAction": {
                "actionDate": "1986-08-14",
                "text": "Forwarded by Subcommittee to Full Committee (Amended)."
            },
            "number": "2282",
            "policyArea": {
                "name": "Finance and Financial Sector"
            },
            "title": "Truth in Savings Act",
            "type": "HR",
            "url": "https://api.congress.gov/v3/bill/99/hr/2282?format=json"
        },
        {
            "congress": 100,
            "introducedDate": "1987-10-31",
            "latestAction": {
                "actionDate": "1988-09-30",
                "text": "House Committee on Energy and Commerce Granted an Extension for Further Consideration Ending not Later Than October 28, 1988."
            },
            "number": "3593",
            "policyArea": {
                "name": "Public Lands and Natural Resources"
            },
            "title": "A bill to amend the Federal Land Policy and Management Act to improve the management of Federal lands affected by certain non-Federal projects.",
            "type": "HR",
            "url": "https://api.congress.gov/v3/bill/100/hr/3593?format=json"
        },
        {
            "congress": 100,
            "introducedDate": "1987-06-26",
            "latestAction": {
                "actionDate": "1987-08-12",
                "text": "Referred to Subcommittee on National Parks and Public Lands."
            },
            "number": "2811",
            "policyArea": {
                "name": "Public Lands and Natural Resources"
            },
            "title": "A bill to amend the Stock Raising Homestead Act to resolve certain problems regarding subsurface estates, and for other purposes.",
            "type": "HR",
            "url": "https://api.congress.gov/v3/bill/100/hr/2811?format=json"
        },
        {
            "congress": 100,
            "introducedDate": "1987-02-19",
            "latestAction": {
                "actionDate": "1988-10-31",
                "text": "For Further Action See H.R.3408."
            },
            "number": "1173",
            "policyArea": {
                "name": "Public Lands and Natural Resources"
            },
            "title": "A bill to provide for certain restrictions on the use of lands within boundaries of national parks and monuments.",
            "type": "HR",
            "url": "https://api.congress.gov/v3/bill/100/hr/1173?format=json"
        },
        {
            "congress": 100,
            "introducedDate": "1987-01-28",
            "latestAction": {
                "actionDate": "1988-10-13",
                "text": "Provisions of Measure Incorporated Into H.R.1720."
            },
            "number": "795",
            "policyArea": {
                "name": "Social Welfare"
            },
            "title": "A bill to amend the Social Security Act to provide for a demonstration of the extent to which eliminating the 100-hour rule under the AFDC-U program, and requiring parents under such program to accept any reasonable job offers while preserving the eligibility of their families, would effectively encourage such parents to enter the permanent work force and thereby significantly reduce program costs.",
            "type": "HR",
            "url": "https://api.congress.gov/v3/bill/100/hr/795?format=json"
        },
        {
            "congress": 100,
            "introducedDate": "1987-01-28",
            "latestAction": {
                "actionDate": "1987-11-03",
                "text": "Became Public Law No: 100-150."
            },
            "number": "799",
            "policyArea": {
                "name": "Public Lands and Natural Resources"
            },
            "title": "A bill to designate a segment of the Kings River in California as a wild and scenic river.",
            "type": "HR",
            "url": "https://api.congress.gov/v3/bill/100/hr/799?format=json"
        },
        {
            "congress": 100,
            "introducedDate": "1987-01-22",
            "latestAction": {
                "actionDate": "1987-02-05",
                "text": "Referred to Subcommittee on National Parks and Public Lands."
            },
            "number": "729",
            "policyArea": {
                "name": "Public Lands and Natural Resources"
            },
            "title": "A bill to designate certain lands now managed by the Bureau of Land Management in the State of California as wilderness.",
            "type": "HR",
            "url": "https://api.congress.gov/v3/bill/100/hr/729?format=json"
        },
        {
            "congress": 100,
            "introducedDate": "1987-01-08",
            "latestAction": {
                "actionDate": "1987-05-15",
                "text": "Field Hearings Held in Madera, California."
            },
            "number": "572",
            "policyArea": {
                "name": "Water Resources Development"
            },
            "title": "Mid-Valley Unit Act of 1987",
            "type": "HR",
            "url": "https://api.congress.gov/v3/bill/100/hr/572?format=json"
        },
        {
            "congress": 100,
            "introducedDate": "1987-01-07",
            "latestAction": {
                "actionDate": "1987-10-06",
                "text": "See H.R.3030."
            },
            "number": "497",
            "policyArea": {
                "name": "Agriculture and Food"
            },
            "title": "Farm Mortgage Marketing Corporation Act of 1987",
            "type": "HR",
            "url": "https://api.congress.gov/v3/bill/100/hr/497?format=json"
        },
        {
            "congress": 100,
            "introducedDate": "1987-01-06",
            "latestAction": {
                "actionDate": "1987-02-05",
                "text": "Referred to Subcommittee on National Parks and Public Lands."
            },
            "number": "361",
            "policyArea": {
                "name": "Public Lands and Natural Resources"
            },
            "title": "California National Park Expansion Act of 1987",
            "type": "HR",
            "url": "https://api.congress.gov/v3/bill/100/hr/361?format=json"
        },
        {
            "congress": 100,
            "introducedDate": "1987-01-06",
            "latestAction": {
                "actionDate": "1987-02-05",
                "text": "Referred to Subcommittee on National Parks and Public Lands."
            },
            "number": "362",
            "policyArea": {
                "name": "Public Lands and Natural Resources"
            },
            "title": "A bill to designate certain lands now managed by the Bureau of Land Management in the State of California as wilderness.",
            "type": "HR",
            "url": "https://api.congress.gov/v3/bill/100/hr/362?format=json"
        },
        {
            "congress": 100,
            "introducedDate": "1987-01-06",
            "latestAction": {
                "actionDate": "1988-09-14",
                "text": "Placed on Senate Legislative Calendar under General Orders. Calendar No. 938."
            },
            "number": "176",
            "policyArea": {
                "name": "Finance and Financial Sector"
            },
            "title": "Truth in Savings Act",
            "type": "HR",
            "url": "https://api.congress.gov/v3/bill/100/hr/176?format=json"
        },
        {
            "congress": 100,
            "introducedDate": "1987-02-04",
            "latestAction": {
                "actionDate": "1987-08-03",
                "text": "Rules Committee Resolution H.Res.238 Reported to House."
            },
            "number": "132",
            "policyArea": {
                "name": "Commemorations"
            },
            "title": "A joint resolution designating April 24, 1987, as \"National Day of Remembrance of the Armenian Genocide of 1915-1923\".",
            "type": "HJRES",
            "url": "https://api.congress.gov/v3/bill/100/hjres/132?format=json"
        },
        {
            "congress": 100,
            "introducedDate": "1987-10-09",
            "latestAction": {
                "actionDate": "1987-10-13",
                "text": "Resolution Agreed to in House by Voice Vote."
            },
            "number": "284",
            "policyArea": {
                "name": "Emergency Management"
            },
            "title": "A resolution honoring the firefighters of the United States for their efforts and sacrifices during the summer fire season of 1987.",
            "type": "HRES",
            "url": "https://api.congress.gov/v3/bill/100/hres/284?format=json"
        },
        {
            "amendmentNumber": "510",
            "congress": 101,
            "introducedDate": "1990-06-14",
            "latestAction": {
                "actionDate": "1990-06-14",
                "actionTime": "14:11:54",
                "text": "On agreeing to the Lehman (CA) amendment (A007) Failed by recorded vote: 118 - 297 (Roll no. 169). "
            },
            "type": null,
            "url": "https://api.congress.gov/v3/amendment/101/hamdt/510?format=json"
        },
        {
            "congress": 101,
            "introducedDate": "1990-10-03",
            "latestAction": {
                "actionDate": "1990-10-15",
                "text": "Referred to the Subcommittee on Consumer Affairs and Coinage."
            },
            "number": "5785",
            "policyArea": {
                "name": "Finance and Financial Sector"
            },
            "title": "Coin Design Modernization Act of 1990",
            "type": "HR",
            "url": "https://api.congress.gov/v3/bill/101/hr/5785?format=json"
        },
        {
            "congress": 101,
            "introducedDate": "1990-07-30",
            "latestAction": {
                "actionDate": "1990-08-15",
                "text": "Referred to the Subcommittee on Consumer Affairs and Coinage."
            },
            "number": "5408",
            "policyArea": {
                "name": "Finance and Financial Sector"
            },
            "title": "United States Mint Reauthorization and Reform Act of 1990",
            "type": "HR",
            "url": "https://api.congress.gov/v3/bill/101/hr/5408?format=json"
        },
        {
            "congress": 101,
            "introducedDate": "1990-06-05",
            "latestAction": {
                "actionDate": "1990-10-03",
                "text": "Became Public Law No: 101-406."
            },
            "number": "4962",
            "policyArea": {
                "name": "Finance and Financial Sector"
            },
            "title": "1992 Olympic Commemorative Coin Act",
            "type": "HR",
            "url": "https://api.congress.gov/v3/bill/101/hr/4962?format=json"
        },
        {
            "congress": 101,
            "introducedDate": "1990-05-17",
            "latestAction": {
                "actionDate": "1990-06-07",
                "text": "Referred to the Subcommittee on Water, Power and Offshore Energy Resources."
            },
            "number": "4853",
            "policyArea": {
                "name": "Water Resources Development"
            },
            "title": "To amend the Reclamation States Drought Assistance Act of 1988 to extend the period of time during which drought assistance may be provided by the Secretary of the Interior, and for other purposes.",
            "type": "HR",
            "url": "https://api.congress.gov/v3/bill/101/hr/4853?format=json"
        },
        {
            "congress": 101,
            "introducedDate": "1990-03-07",
            "latestAction": {
                "actionDate": "1990-06-12",
                "text": "Subcommittee Hearings Held."
            },
            "number": "4213",
            "policyArea": {
                "name": "Commerce"
            },
            "title": "Consumer Credit Protection Amendments of 1990",
            "type": "HR",
            "url": "https://api.congress.gov/v3/bill/101/hr/4213?format=json"
        },
        {
            "congress": 101,
            "introducedDate": "1989-09-27",
            "latestAction": {
                "actionDate": "1989-11-08",
                "text": "See H.R.2567."
            },
            "number": "3354",
            "policyArea": {
                "name": "Water Resources Development"
            },
            "title": "To authorize the Secretary of the Interior to enter into a contract for the delivery of water from the New Melones Unit of the Central Valley Project, California.",
            "type": "HR",
            "url": "https://api.congress.gov/v3/bill/101/hr/3354?format=json"
        },
        {
            "congress": 101,
            "introducedDate": "1989-09-13",
            "latestAction": {
                "actionDate": "1989-10-01",
                "text": "Referred to the Subcommittee on Consumer Affairs and Coinage."
            },
            "number": "3263",
            "policyArea": {
                "name": "Finance and Financial Sector"
            },
            "title": "Bureau of the Mint Authorization Act for Fiscal Year 1990",
            "type": "HR",
            "url": "https://api.congress.gov/v3/bill/101/hr/3263?format=json"
        },
        {
            "congress": 101,
            "introducedDate": "1989-08-04",
            "latestAction": {
                "actionDate": "1989-08-15",
                "text": "Referred to the Subcommittee on Consumer Affairs and Coinage."
            },
            "number": "3180",
            "policyArea": {
                "name": "Finance and Financial Sector"
            },
            "title": "Government Check Cashing Act of 1989",
            "type": "HR",
            "url": "https://api.congress.gov/v3/bill/101/hr/3180?format=json"
        },
        {
            "congress": 101,
            "introducedDate": "1989-08-04",
            "latestAction": {
                "actionDate": "1989-08-06",
                "text": "Referred to the Subcommittee on Census and Population."
            },
            "number": "3183",
            "policyArea": {
                "name": "Public Lands and Natural Resources"
            },
            "title": "To commemorate the centennial of the creation by Congress of Yosemite National Park.",
            "type": "HR",
            "url": "https://api.congress.gov/v3/bill/101/hr/3183?format=json"
        },
        {
            "congress": 101,
            "introducedDate": "1989-08-04",
            "latestAction": {
                "actionDate": "1989-08-15",
                "text": "Referred to the Subcommittee on Consumer Affairs and Coinage."
            },
            "number": "3181",
            "policyArea": {
                "name": "Finance and Financial Sector"
            },
            "title": "Basic Banking Services Access Act of 1989",
            "type": "HR",
            "url": "https://api.congress.gov/v3/bill/101/hr/3181?format=json"
        },
        {
            "congress": 101,
            "introducedDate": "1989-08-04",
            "latestAction": {
                "actionDate": "1990-03-22",
                "text": "Received in the Senate and read twice and referred to the Committee on Banking."
            },
            "number": "3182",
            "policyArea": {
                "name": "Public Lands and Natural Resources"
            },
            "title": "Yosemite National Park Centennial Medal Act",
            "type": "HR",
            "url": "https://api.congress.gov/v3/bill/101/hr/3182?format=json"
        },
        {
            "congress": 101,
            "introducedDate": "1989-07-19",
            "latestAction": {
                "actionDate": "1989-08-01",
                "text": "Subcommittee Hearings Held."
            },
            "number": "2931",
            "policyArea": {
                "name": "Finance and Financial Sector"
            },
            "title": "To authorize appropriations for the United States Mint for fiscal years 1990 and 1991, and for other purposes.",
            "type": "HR",
            "url": "https://api.congress.gov/v3/bill/101/hr/2931?format=json"
        },
        {
            "congress": 101,
            "introducedDate": "1989-06-29",
            "latestAction": {
                "actionDate": "1990-10-17",
                "text": "Became Public Law No: 101-436."
            },
            "number": "2809",
            "policyArea": {
                "name": "Public Lands and Natural Resources"
            },
            "title": "An Act to provide for the conveyance of certain lands to the State of California, and for other purposes.",
            "type": "HR",
            "url": "https://api.congress.gov/v3/bill/101/hr/2809?format=json"
        },
        {
            "congress": 101,
            "introducedDate": "1989-01-31",
            "latestAction": {
                "actionDate": "1990-10-27",
                "text": "Read twice and referred to the Committee on Banking."
            },
            "number": "736",
            "policyArea": {
                "name": "Finance and Financial Sector"
            },
            "title": "Truth in Savings Act",
            "type": "HR",
            "url": "https://api.congress.gov/v3/bill/101/hr/736?format=json"
        },
        {
            "congress": 101,
            "introducedDate": "1989-01-31",
            "latestAction": {
                "actionDate": "1990-03-09",
                "text": "Subcommittee on Mineral Resources Development. Hearings held. Hearings printed: S.Hrg. 101-687."
            },
            "number": "737",
            "policyArea": {
                "name": "Environmental Protection"
            },
            "title": "To amend the Stock Raising Homestead Act to resolve certain problems regarding subsurface estates, and for other purposes.",
            "type": "HR",
            "url": "https://api.congress.gov/v3/bill/101/hr/737?format=json"
        },
        {
            "congress": 101,
            "introducedDate": "1989-01-31",
            "latestAction": {
                "actionDate": "1989-02-09",
                "text": "Referred to the Subcommittee on Water, Power and Offshore Energy Resources."
            },
            "number": "738",
            "policyArea": {
                "name": "Water Resources Development"
            },
            "title": "Mid-Valley Unit Act of 1989",
            "type": "HR",
            "url": "https://api.congress.gov/v3/bill/101/hr/738?format=json"
        },
        {
            "congress": 101,
            "introducedDate": "1989-09-06",
            "latestAction": {
                "actionDate": "1990-10-12",
                "text": "Became Public Law No: 101-417."
            },
            "number": "398",
            "policyArea": {
                "name": "Public Lands and Natural Resources"
            },
            "title": "To commemorate the centennial of the creation by Congress of Yosemite National Park.",
            "type": "HJRES",
            "url": "https://api.congress.gov/v3/bill/101/hjres/398?format=json"
        },
        {
            "amendmentNumber": "205",
            "congress": 102,
            "introducedDate": "1991-06-20",
            "latestAction": {
                "actionDate": "1991-06-20",
                "actionTime": "15:34:56",
                "text": "By unanimous consent, the Lehman (CA) amendment was withdrawn. "
            },
            "type": null,
            "url": "https://api.congress.gov/v3/amendment/102/hamdt/205?format=json"
        },
        {
            "congress": 102,
            "introducedDate": "1992-10-06",
            "latestAction": {
                "actionDate": "1992-10-07",
                "text": "See H.R.450."
            },
            "number": "6190",
            "policyArea": {
                "name": "Public Lands and Natural Resources"
            },
            "title": "To amend the Stock Raising Homestead Act to provide certain procedures for entry onto Stock Raising Homestead Act lands, and for other purposes.",
            "type": "HR",
            "url": "https://api.congress.gov/v3/bill/102/hr/6190?format=json"
        },
        {
            "congress": 102,
            "introducedDate": "1992-09-10",
            "latestAction": {
                "actionDate": "1992-10-01",
                "text": "Referred to the Subcommittee on Fisheries and Wildlife Conservation and the Environment."
            },
            "number": "5930",
            "policyArea": {
                "name": "Crime and Law Enforcement"
            },
            "title": "United States Fish and Wildlife Service Law Enforcement Clarification and Enhancement Act",
            "type": "HR",
            "url": "https://api.congress.gov/v3/bill/102/hr/5930?format=json"
        },
        {
            "congress": 102,
            "introducedDate": "1992-04-08",
            "latestAction": {
                "actionDate": "1992-04-29",
                "text": "Executive Comment Requested from Treasury, Commerce, ITC, USTR."
            },
            "number": "4823",
            "policyArea": {
                "name": "Foreign Trade and International Finance"
            },
            "title": "To extend until January 1, 1995, the existing suspensions of duty on tartaric acid, potassium antimony tartrate, and potassium sodium tartrate.",
            "type": "HR",
            "url": "https://api.congress.gov/v3/bill/102/hr/4823?format=json"
        },
        {
            "congress": 102,
            "introducedDate": "1992-03-03",
            "latestAction": {
                "actionDate": "1992-10-06",
                "text": "See S.3100."
            },
            "number": "4370",
            "policyArea": {
                "name": "Public Lands and Natural Resources"
            },
            "title": "Bodie Protection Act of 1992",
            "type": "HR",
            "url": "https://api.congress.gov/v3/bill/102/hr/4370?format=json"
        },
        {
            "congress": 102,
            "introducedDate": "1992-02-14",
            "latestAction": {
                "actionDate": "1992-02-20",
                "text": "Referred to the Subcommittee on Human Resources."
            },
            "number": "4227",
            "policyArea": {
                "name": "Labor and Employment"
            },
            "title": "To provide that the eligibility requirements applicable to regular unemployment compensation benefits shall apply in determining eligibility for emergency unemployment compensation benefits.",
            "type": "HR",
            "url": "https://api.congress.gov/v3/bill/102/hr/4227?format=json"
        },
        {
            "congress": 102,
            "introducedDate": "1991-02-21",
            "latestAction": {
                "actionDate": "1991-03-04",
                "text": "Referred to the Subcommittee on Water, Power and Offshore Energy Resources."
            },
            "number": "1068",
            "policyArea": {
                "name": "Transportation and Public Works"
            },
            "title": "To authorize the Secretary of the Interior to execute and implement a contract for the design, construction, operation, and maintenance of facilities in the South Delta, California, and for other purposes.",
            "type": "HR",
            "url": "https://api.congress.gov/v3/bill/102/hr/1068?format=json"
        },
        {
            "congress": 102,
            "introducedDate": "1991-01-03",
            "latestAction": {
                "actionDate": "1992-09-15",
                "actionTime": "15:27:06",
                "text": "Laid on the table. See S. 1187 for further action."
            },
            "number": "450",
            "policyArea": {
                "name": "Environmental Protection"
            },
            "title": "To amend the Stock Raising Homestead Act to resolve certain problems regarding subsurface estates, and for other purposes.",
            "type": "HR",
            "url": "https://api.congress.gov/v3/bill/102/hr/450?format=json"
        },
        {
            "congress": 102,
            "introducedDate": "1991-01-03",
            "latestAction": {
                "actionDate": "1991-05-30",
                "text": "Subcommittee Hearings Held."
            },
            "number": "447",
            "policyArea": {
                "name": "Finance and Financial Sector"
            },
            "title": "Truth in Savings Act",
            "type": "HR",
            "url": "https://api.congress.gov/v3/bill/102/hr/447?format=json"
        },
        {
            "congress": 102,
            "introducedDate": "1991-01-03",
            "latestAction": {
                "actionDate": "1991-04-24",
                "text": "See H.R.429."
            },
            "number": "449",
            "policyArea": {
                "name": "Water Resources Development"
            },
            "title": "To authorize the Secretary of the Interior to enter into a contract for the delivery of water from the New Melones Unit of the Central Valley Project, California.",
            "type": "HR",
            "url": "https://api.congress.gov/v3/bill/102/hr/449?format=json"
        },
        {
            "congress": 102,
            "introducedDate": "1991-01-03",
            "latestAction": {
                "actionDate": "1991-02-04",
                "text": "Referred to the Subcommittee on Water, Power and Offshore Energy Resources."
            },
            "number": "448",
            "policyArea": {
                "name": "Water Resources Development"
            },
            "title": "Mid-Valley Unit Act of 1989",
            "type": "HR",
            "url": "https://api.congress.gov/v3/bill/102/hr/448?format=json"
        },
        {
            "congress": 102,
            "introducedDate": "1991-01-03",
            "latestAction": {
                "actionDate": "1992-03-05",
                "text": "Became Public Law No: 102-250."
            },
            "number": "355",
            "policyArea": {
                "name": "Water Resources Development"
            },
            "title": "Reclamation States Emergency Drought Relief Act of 1991",
            "type": "HR",
            "url": "https://api.congress.gov/v3/bill/102/hr/355?format=json"
        },
        {
            "congress": 102,
            "introducedDate": "1991-01-03",
            "latestAction": {
                "actionDate": "1991-06-06",
                "text": "Subcommittee Hearings Held."
            },
            "number": "194",
            "policyArea": {
                "name": "Commerce"
            },
            "title": "Consumer Credit Protection Amendments of 1991",
            "type": "HR",
            "url": "https://api.congress.gov/v3/bill/102/hr/194?format=json"
        },
        {
            "amendmentNumber": "754",
            "congress": 103,
            "introducedDate": "1994-07-14",
            "latestAction": {
                "actionDate": "1994-07-14",
                "actionTime": "11:15:59",
                "text": "On agreeing to the Lehman amendment (A035) Agreed to by voice vote. "
            },
            "type": null,
            "url": "https://api.congress.gov/v3/amendment/103/hamdt/754?format=json"
        },
        {
            "amendmentNumber": "724",
            "congress": 103,
            "introducedDate": "1994-07-12",
            "latestAction": {
                "actionDate": "1994-07-12",
                "actionTime": "14:48:48",
                "text": "On agreeing to the Lehman amendment (A012) Agreed to by voice vote. "
            },
            "type": null,
            "url": "https://api.congress.gov/v3/amendment/103/hamdt/724?format=json"
        },
        {
            "amendmentNumber": "394",
            "congress": 103,
            "introducedDate": "1993-11-16",
            "latestAction": {
                "actionDate": "1993-11-16",
                "actionTime": "16:13:46",
                "text": "On agreeing to the Lehman amendments (A001) Agreed to by voice vote. "
            },
            "type": null,
            "url": "https://api.congress.gov/v3/amendment/103/hamdt/394?format=json"
        },
        {
            "amendmentNumber": "340",
            "congress": 103,
            "introducedDate": "1993-10-06",
            "latestAction": {
                "actionDate": "1993-10-06",
                "actionTime": "16:17:07",
                "text": "On agreeing to the Lehman amendments (A006) Agreed to by voice vote. "
            },
            "type": null,
            "url": "https://api.congress.gov/v3/amendment/103/hamdt/340?format=json"
        },
        {
            "congress": 103,
            "introducedDate": "1994-09-30",
            "latestAction": {
                "actionDate": "1994-10-14",
                "text": "Referred to the Subcommittee on Water Resources and Environment."
            },
            "number": "5150",
            "policyArea": {
                "name": "Environmental Protection"
            },
            "title": "To amend the Federal Water Pollution Control Act concerning the eligibility of officers and employees of State, county, and municipal governments to serve as members of State boards that issue permits for discharges into the navigable waters.",
            "type": "HR",
            "url": "https://api.congress.gov/v3/bill/103/hr/5150?format=json"
        },
        {
            "congress": 103,
            "introducedDate": "1994-09-26",
            "latestAction": {
                "actionDate": "1994-09-28",
                "text": "Provisions Incorporated Into H.R.4944."
            },
            "number": "5099",
            "policyArea": {
                "name": "Water Resources Development"
            },
            "title": "To amend the Reclamation States Emergency Drought Relief Act of 1991 to provide a loan to the Madera-Chowchilla Power Authority.",
            "type": "HR",
            "url": "https://api.congress.gov/v3/bill/103/hr/5099?format=json"
        },
        {
            "congress": 103,
            "introducedDate": "1994-08-21",
            "latestAction": {
                "actionDate": "1994-09-28",
                "text": "Sponsor introductory remarks on measure. (CR H9991-9992)"
            },
            "number": "5013",
            "policyArea": {
                "name": "Education"
            },
            "title": "Classroom Technology Act of 1994",
            "type": "HR",
            "url": "https://api.congress.gov/v3/bill/103/hr/5013?format=json"
        },
        {
            "congress": 103,
            "introducedDate": "1994-04-14",
            "latestAction": {
                "actionDate": "1994-08-17",
                "text": "Sponsor introductory remarks on measure. (CR H8508)"
            },
            "number": "4225",
            "policyArea": {
                "name": "Taxation"
            },
            "title": "To amend the Internal Revenue Code of 1986 to prevent fraudulent claims for the earned income credit.",
            "type": "HR",
            "url": "https://api.congress.gov/v3/bill/103/hr/4225?format=json"
        },
        {
            "congress": 103,
            "introducedDate": "1994-03-24",
            "latestAction": {
                "actionDate": "1994-05-26",
                "text": "Executive Comment Requested from State."
            },
            "number": "4142",
            "policyArea": {
                "name": "International Affairs"
            },
            "title": "Humanitarian Aid Corridor Act",
            "type": "HR",
            "url": "https://api.congress.gov/v3/bill/103/hr/4142?format=json"
        },
        {
            "congress": 103,
            "introducedDate": "1994-03-17",
            "latestAction": {
                "actionDate": "1994-10-06",
                "text": "Subcommittee Hearings Held."
            },
            "number": "4068",
            "policyArea": {
                "name": "Public Lands and Natural Resources"
            },
            "title": "California Forest Ecosystems Health Act",
            "type": "HR",
            "url": "https://api.congress.gov/v3/bill/103/hr/4068?format=json"
        },
        {
            "congress": 103,
            "introducedDate": "1994-03-08",
            "latestAction": {
                "actionDate": "1994-08-03",
                "text": "Placed on the Union Calendar, Calendar No. 358."
            },
            "number": "3967",
            "policyArea": {
                "name": "Energy"
            },
            "title": "Helium Act of 1994",
            "type": "HR",
            "url": "https://api.congress.gov/v3/bill/103/hr/3967?format=json"
        },
        {
            "congress": 103,
            "introducedDate": "1993-11-22",
            "latestAction": {
                "actionDate": "1993-12-09",
                "text": "Referred to the Subcommittee on Labor Standards, Occupational Health and Safety."
            },
            "number": "3658",
            "policyArea": {
                "name": "Labor and Employment"
            },
            "title": "To amend the Fair Labor Standards Act of 1938 to provide that employees in classified positions in community colleges are not required to receive overtime compensation for service in a certified or other academic position.",
            "type": "HR",
            "url": "https://api.congress.gov/v3/bill/103/hr/3658?format=json"
        },
        {
            "congress": 103,
            "introducedDate": "1993-08-06",
            "latestAction": {
                "actionDate": "1993-09-16",
                "text": "Referred to the Subcommittee on Oversight and Investigations."
            },
            "number": "2963",
            "policyArea": {
                "name": "Water Resources Development"
            },
            "title": "To authorize the Secretary of the Interior to cooperate and assist in environmental and other studies and to execute and implement a contract for the design, construction, operation, and maintenance of facilities in the South Delta, California, and for other purposes.",
            "type": "HR",
            "url": "https://api.congress.gov/v3/bill/103/hr/2963?format=json"
        },
        {
            "congress": 103,
            "introducedDate": "1993-06-09",
            "latestAction": {
                "actionDate": "1993-06-14",
                "text": "Executive Comment Requested from Interior."
            },
            "number": "2360",
            "policyArea": {
                "name": "Crime and Law Enforcement"
            },
            "title": "United States Fish and Wildlife Service Law Enforcement Clarification and Enhancement Act",
            "type": "HR",
            "url": "https://api.congress.gov/v3/bill/103/hr/2360?format=json"
        },
        {
            "congress": 103,
            "introducedDate": "1993-05-19",
            "latestAction": {
                "actionDate": "1993-06-24",
                "text": "Referred to the Subcommittee on Crime and Criminal Justice."
            },
            "number": "2170",
            "policyArea": {
                "name": "Energy"
            },
            "title": "Omnibus Nuclear Power Safety and Security Enhancement Act of 1993",
            "type": "HR",
            "url": "https://api.congress.gov/v3/bill/103/hr/2170?format=json"
        },
        {
            "congress": 103,
            "introducedDate": "1993-05-18",
            "latestAction": {
                "actionDate": "1993-06-15",
                "text": "Referred to the Subcommittee on Energy and Mineral Resources."
            },
            "number": "2143",
            "policyArea": {
                "name": "Energy"
            },
            "title": "Nuclear Regulatory Commission Authorization Act for Fiscal Years 1994 and 1995",
            "type": "HR",
            "url": "https://api.congress.gov/v3/bill/103/hr/2143?format=json"
        },
        {
            "congress": 103,
            "introducedDate": "1993-04-01",
            "latestAction": {
                "actionDate": "1994-07-27",
                "text": "Forwarded by Subcommittee to Full Committee (Amended) by Voice Vote."
            },
            "number": "1627",
            "policyArea": {
                "name": "Environmental Protection"
            },
            "title": "Food Quality Protection Act of 1993",
            "type": "HR",
            "url": "https://api.congress.gov/v3/bill/103/hr/1627?format=json"
        },
        {
            "congress": 103,
            "introducedDate": "1993-01-21",
            "latestAction": {
                "actionDate": "1994-07-27",
                "actionTime": "13:57:28",
                "text": "Laid on the table. See S. 21 for further action."
            },
            "number": "518",
            "policyArea": {
                "name": "Public Lands and Natural Resources"
            },
            "title": "California Desert Protection Act of 1994",
            "type": "HR",
            "url": "https://api.congress.gov/v3/bill/103/hr/518?format=json"
        },
        {
            "congress": 103,
            "introducedDate": "1993-01-05",
            "latestAction": {
                "actionDate": "1993-02-04",
                "text": "Referred to the Subcommittee on National Parks, Forests and Public Lands."
            },
            "number": "446",
            "policyArea": {
                "name": "Private Legislation"
            },
            "title": "To grant a right of use and occupancy of a certain tract of land in Yosemite National Park to George R. Lange and Lucille F. Lange, and for other purposes.",
            "type": "HR",
            "url": "https://api.congress.gov/v3/bill/103/hr/446?format=json"
        },
        {
            "congress": 103,
            "introducedDate": "1993-01-05",
            "latestAction": {
                "actionDate": "1993-04-16",
                "text": "Became Public Law No: 103-23."
            },
            "number": "239",
            "policyArea": {
                "name": "Public Lands and Natural Resources"
            },
            "title": "To amend the Stock Raising Homestead Act to resolve certain problems regarding subsurface estates, and for other purposes.",
            "type": "HR",
            "url": "https://api.congress.gov/v3/bill/103/hr/239?format=json"
        },
        {
            "congress": 103,
            "introducedDate": "1993-01-05",
            "latestAction": {
                "actionDate": "1994-07-14",
                "text": "For Further Action See H.R.518."
            },
            "number": "240",
            "policyArea": {
                "name": "Public Lands and Natural Resources"
            },
            "title": "Bodie Protection Act of 1993",
            "type": "HR",
            "url": "https://api.congress.gov/v3/bill/103/hr/240?format=json"
        },
        {
            "congress": 103,
            "introducedDate": "1993-01-05",
            "latestAction": {
                "actionDate": "1993-01-26",
                "text": "Referred to the Subcommittee on Oversight and Investigations."
            },
            "number": "39",
            "policyArea": {
                "name": "Public Lands and Natural Resources"
            },
            "title": "Morris K. Udall Wilderness Act of 1993",
            "type": "HR",
            "url": "https://api.congress.gov/v3/bill/103/hr/39?format=json"
        },
        {
            "congress": 103,
            "introducedDate": "1993-07-01",
            "latestAction": {
                "actionDate": "1993-07-08",
                "text": "Referred to the Subcommittee on Trade."
            },
            "number": "117",
            "policyArea": {
                "name": "Foreign Trade and International Finance"
            },
            "title": "Relating to improved United States-Mexico cooperation in controlling illegal immigration.",
            "type": "HCONRES",
            "url": "https://api.congress.gov/v3/bill/103/hconres/117?format=json"
        }
    ]
}