{
    "pagination": {
        "count": 193
    },
    "request": {
        "bioguideId": "e000236",
        "contentType": "application/json",
        "format": "json"
    },
    "sponsoredLegislation": [
        {
            "congress": 100,
            "introducedDate": "1987-05-21",
            "latestAction": {
                "actionDate": "1987-07-17",
                "text": "Committee on Energy and Natural Resources. Hearings held. Hearings printed: S.Hrg. 100-293."
            },
            "number": "1266",
            "policyArea": {
                "name": "Energy"
            },
            "title": "High-Level Radioactive Waste Storage Act of 1987",
            "type": "S",
            "url": "https://api.congress.gov/v3/bill/100/s/1266?format=json"
        },
        {
            "amendmentNumber": "7009",
            "congress": 98,
            "introducedDate": "1984-10-03",
            "latestAction": {
                "actionDate": "1984-10-03",
                "text": "Amendment SP 7009 agreed to in Senate by Voice Vote. "
            },
            "type": null,
            "url": "https://api.congress.gov/v3/amendment/98/samdt/7009?format=json"
        },
        {
            "amendmentNumber": "7031",
            "congress": 98,
            "introducedDate": "1984-10-04",
            "latestAction": {
                "actionDate": "1984-10-04",
                "text": "Amendment SP 7031 agreed to in Senate by Voice Vote. "
            },
            "type": null,
            "url": "https://api.congress.gov/v3/amendment/98/samdt/7031?format=json"
        },
        {
            "amendmentNumber": "4806",
            "congress": 98,
            "introducedDate": "1984-09-26",
            "latestAction": {
                "actionDate": "1984-09-26",
                "text": "Amendment SP 4806 agreed to in Senate by Voice Vote. "
            },
            "type": null,
            "url": "https://api.congress.gov/v3/amendment/98/samdt/4806?format=json"
        },
        {
            "amendmentNumber": "4099",
            "congress": 98,
            "introducedDate": "1984-09-12",
            "latestAction": null,
            "type": null,
            "url": "https://api.congress.gov/v3/amendment/98/samdt/4099?format=json"
        },
        {
            "amendmentNumber": "3636",
            "congress": 98,
            "introducedDate": "1984-08-08",
            "latestAction": {
                "actionDate": "1984-08-08",
                "text": "Amendment SP 3636 agreed to in Senate by Voice Vote. "
            },
            "type": null,
            "url": "https://api.congress.gov/v3/amendment/98/samdt/3636?format=json"
        },
        {
            "amendmentNumber": "3297",
            "congress": 98,
            "introducedDate": "1984-06-21",
            "latestAction": {
                "actionDate": "1984-06-21",
                "text": "Amendment SP 3297 agreed to in Senate by Voice Vote. "
            },
            "type": null,
            "url": "https://api.congress.gov/v3/amendment/98/samdt/3297?format=json"
        },
        {
            "amendmentNumber": "3139",
            "congress": 98,
            "introducedDate": "1984-05-24",
            "latestAction": {
                "actionDate": "1984-05-24",
                "text": "Amendment SP 3139 agreed to in Senate by Voice Vote. "
            },
            "type": null,
            "url": "https://api.congress.gov/v3/amendment/98/samdt/3139?format=json"
        },
        {
            "amendmentNumber": "2940",
            "congress": 98,
            "introducedDate": "1984-04-11",
            "latestAction": {
                "actionDate": "1984-04-11",
                "text": "Proposed amendment SP 2940 withdrawn in Senate. "
            },
            "type": null,
            "url": "https://api.congress.gov/v3/amendment/98/samdt/2940?format=json"
        },
        {
            "amendmentNumber": "2939",
            "congress": 98,
            "introducedDate": "1984-04-11",
            "latestAction": {
                "actionDate": "1984-04-11",
                "text": "Amendment SP 2939 agreed to in Senate by Voice Vote. "
            },
            "type": null,
            "url": "https://api.congress.gov/v3/amendment/98/samdt/2939?format=json"
        },
        {
            "congress": 98,
            "introducedDate": "1984-09-18",
            "latestAction": {
                "actionDate": "1984-09-18",
                "text": "Read twice and referred to the Committee on Energy and Natural Resources."
            },
            "number": "3006",
            "policyArea": {
                "name": "Water Resources Development"
            },
            "title": "A bill to amend the Federal Power Act.",
            "type": "S",
            "url": "https://api.congress.gov/v3/bill/98/s/3006?format=json"
        },
        {
            "congress": 98,
            "introducedDate": "1984-06-11",
            "latestAction": {
                "actionDate": "1984-06-11",
                "text": "Read twice and referred to the Committee on Environment and Public Works."
            },
            "number": "2745",
            "policyArea": {
                "name": "Transportation and Public Works"
            },
            "title": "A bill to authorize the U.S. Army Corps of Engineers to construct, operate and maintain a single retention structure for controlling sediment flowing from eruptions of Mount St. Helens.",
            "type": "S",
            "url": "https://api.congress.gov/v3/bill/98/s/2745?format=json"
        },
        {
            "congress": 98,
            "introducedDate": "1983-11-02",
            "latestAction": {
                "actionDate": "1983-11-02",
                "text": "Referred to the Committee on Governmental Affairs."
            },
            "number": "83",
            "policyArea": {
                "name": "Labor and Employment"
            },
            "title": "Commission on Pay Equity",
            "type": "SCONRES",
            "url": "https://api.congress.gov/v3/bill/98/sconres/83?format=json"
        },
        {
            "amendmentNumber": "3344",
            "congress": 99,
            "introducedDate": "1986-10-14",
            "latestAction": null,
            "type": null,
            "url": "https://api.congress.gov/v3/amendment/99/samdt/3344?format=json"
        },
        {
            "amendmentNumber": "3340",
            "congress": 99,
            "introducedDate": "1986-10-14",
            "latestAction": null,
            "type": null,
            "url": "https://api.congress.gov/v3/amendment/99/samdt/3340?format=json"
        },
        {
            "amendmentNumber": "3324",
            "congress": 99,
            "introducedDate": "1986-10-14",
            "latestAction": null,
            "type": null,
            "url": "https://api.congress.gov/v3/amendment/99/samdt/3324?format=json"
        },
        {
            "amendmentNumber": "3312",
            "congress": 99,
            "introducedDate": "1986-10-14",
            "latestAction": null,
            "type": null,
            "url": "https://api.congress.gov/v3/amendment/99/samdt/3312?format=json"
        },
        {
            "amendmentNumber": "3406",
            "congress": 99,
            "introducedDate": "1986-10-15",
            "latestAction": {
                "actionDate": "1986-10-15",
                "text": "Amendment SP 3406 agreed to in Senate by Voice Vote. "
            },
            "type": null,
            "url": "https://api.congress.gov/v3/amendment/99/samdt/3406?format=json"
        },
        {
            "amendmentNumber": "3316",
            "congress": 99,
            "introducedDate": "1986-10-14",
            "latestAction": null,
            "type": null,
            "url": "https://api.congress.gov/v3/amendment/99/samdt/3316?format=json"
        },
        {
            "amendmentNumber": "3304",
            "congress": 99,
            "introducedDate": "1986-10-14",
            "latestAction": null,
            "type": null,
            "url": "https://api.congress.gov/v3/amendment/99/samdt/3304?format=json"
        },
        {
            "amendmentNumber": "3308",
            "congress": 99,
            "introducedDate": "1986-10-14",
            "latestAction": null,
            "type": null,
            "url": "https://api.congress.gov/v3/amendment/99/samdt/3308?format=json"
        },
        {
            "amendmentNumber": "3320",
            "congress": 99,
            "introducedDate": "1986-10-14",
            "latestAction": null,
            "type": null,
            "url": "https://api.congress.gov/v3/amendment/99/samdt/3320?format=json"
        },
        {
            "amendmentNumber": "3341",
            "congress": 99,
            "introducedDate": "1986-10-14",
            "latestAction": null,
            "type": null,
            "url": "https://api.congress.gov/v3/amendment/99/samdt/3341?format=json"
        },
        {
            "amendmentNumber": "3337",
            "congress": 99,
            "introducedDate": "1986-10-14",
            "latestAction": null,
            "type": null,
            "url": "https://api.congress.gov/v3/amendment/99/samdt/3337?format=json"
        },
        {
            "amendmentNumber": "3325",
            "congress": 99,
            "introducedDate": "1986-10-14",
            "latestAction": null,
            "type": null,
            "url": "https://api.congress.gov/v3/amendment/99/samdt/3325?format=json"
        },
        {
            "amendmentNumber": "3345",
            "congress": 99,
            "introducedDate": "1986-10-14",
            "latestAction": null,
            "type": null,
            "url": "https://api.congress.gov/v3/amendment/99/samdt/3345?format=json"
        },
        {
            "amendmentNumber": "3305",
            "congress": 99,
            "introducedDate": "1986-10-14",
            "latestAction": null,
            "type": null,
            "url": "https://api.congress.gov/v3/amendment/99/samdt/3305?format=json"
        },
        {
            "amendmentNumber": "3309",
            "congress": 99,
            "introducedDate": "1986-10-14",
            "latestAction": null,
            "type": null,
            "url": "https://api.congress.gov/v3/amendment/99/samdt/3309?format=json"
        },
        {
            "amendmentNumber": "3313",
            "congress": 99,
            "introducedDate": "1986-10-14",
            "latestAction": null,
            "type": null,
            "url": "https://api.congress.gov/v3/amendment/99/samdt/3313?format=json"
        },
        {
            "amendmentNumber": "3317",
            "congress": 99,
            "introducedDate": "1986-10-14",
            "latestAction": null,
            "type": null,
            "url": "https://api.congress.gov/v3/amendment/99/samdt/3317?format=json"
        },
        {
            "amendmentNumber": "3321",
            "congress": 99,
            "introducedDate": "1986-10-14",
            "latestAction": null,
            "type": null,
            "url": "https://api.congress.gov/v3/amendment/99/samdt/3321?format=json"
        },
        {
            "amendmentNumber": "3346",
            "congress": 99,
            "introducedDate": "1986-10-15",
            "latestAction": null,
            "type": null,
            "url": "https://api.congress.gov/v3/amendment/99/samdt/3346?format=json"
        },
        {
            "amendmentNumber": "3342",
            "congress": 99,
            "introducedDate": "1986-10-14",
            "latestAction": null,
            "type": null,
            "url": "https://api.congress.gov/v3/amendment/99/samdt/3342?format=json"
        },
        {
            "amendmentNumber": "3338",
            "congress": 99,
            "introducedDate": "1986-10-14",
            "latestAction": null,
            "type": null,
            "url": "https://api.congress.gov/v3/amendment/99/samdt/3338?format=json"
        },
        {
            "amendmentNumber": "3326",
            "congress": 99,
            "introducedDate": "1986-10-14",
            "latestAction": null,
            "type": null,
            "url": "https://api.congress.gov/v3/amendment/99/samdt/3326?format=json"
        },
        {
            "amendmentNumber": "3318",
            "congress": 99,
            "introducedDate": "1986-10-14",
            "latestAction": null,
            "type": null,
            "url": "https://api.congress.gov/v3/amendment/99/samdt/3318?format=json"
        },
        {
            "amendmentNumber": "3314",
            "congress": 99,
            "introducedDate": "1986-10-14",
            "latestAction": null,
            "type": null,
            "url": "https://api.congress.gov/v3/amendment/99/samdt/3314?format=json"
        },
        {
            "amendmentNumber": "3310",
            "congress": 99,
            "introducedDate": "1986-10-14",
            "latestAction": null,
            "type": null,
            "url": "https://api.congress.gov/v3/amendment/99/samdt/3310?format=json"
        },
        {
            "amendmentNumber": "3306",
            "congress": 99,
            "introducedDate": "1986-10-14",
            "latestAction": null,
            "type": null,
            "url": "https://api.congress.gov/v3/amendment/99/samdt/3306?format=json"
        },
        {
            "amendmentNumber": "3322",
            "congress": 99,
            "introducedDate": "1986-10-14",
            "latestAction": null,
            "type": null,
            "url": "https://api.congress.gov/v3/amendment/99/samdt/3322?format=json"
        },
        {
            "amendmentNumber": "3319",
            "congress": 99,
            "introducedDate": "1986-10-14",
            "latestAction": null,
            "type": null,
            "url": "https://api.congress.gov/v3/amendment/99/samdt/3319?format=json"
        },
        {
            "amendmentNumber": "3343",
            "congress": 99,
            "introducedDate": "1986-10-14",
            "latestAction": null,
            "type": null,
            "url": "https://api.congress.gov/v3/amendment/99/samdt/3343?format=json"
        },
        {
            "amendmentNumber": "3311",
            "congress": 99,
            "introducedDate": "1986-10-14",
            "latestAction": null,
            "type": null,
            "url": "https://api.congress.gov/v3/amendment/99/samdt/3311?format=json"
        },
        {
            "amendmentNumber": "3307",
            "congress": 99,
            "introducedDate": "1986-10-14",
            "latestAction": null,
            "type": null,
            "url": "https://api.congress.gov/v3/amendment/99/samdt/3307?format=json"
        },
        {
            "amendmentNumber": "3315",
            "congress": 99,
            "introducedDate": "1986-10-14",
            "latestAction": null,
            "type": null,
            "url": "https://api.congress.gov/v3/amendment/99/samdt/3315?format=json"
        },
        {
            "amendmentNumber": "3339",
            "congress": 99,
            "introducedDate": "1986-10-14",
            "latestAction": null,
            "type": null,
            "url": "https://api.congress.gov/v3/amendment/99/samdt/3339?format=json"
        },
        {
            "amendmentNumber": "3327",
            "congress": 99,
            "introducedDate": "1986-10-14",
            "latestAction": null,
            "type": null,
            "url": "https://api.congress.gov/v3/amendment/99/samdt/3327?format=json"
        },
        {
            "amendmentNumber": "3323",
            "congress": 99,
            "introducedDate": "1986-10-14",
            "latestAction": null,
            "type": null,
            "url": "https://api.congress.gov/v3/amendment/99/samdt/3323?format=json"
        },
        {
            "amendmentNumber": "3072",
            "congress": 99,
            "introducedDate": "1986-09-28",
            "latestAction": null,
            "type": null,
            "url": "https://api.congress.gov/v3/amendment/99/samdt/3072?format=json"
        },
        {
            "amendmentNumber": "3073",
            "congress": 99,
            "introducedDate": "1986-09-28",
            "latestAction": null,
            "type": null,
            "url": "https://api.congress.gov/v3/amendment/99/samdt/3073?format=json"
        },
        {
            "amendmentNumber": "2834",
            "congress": 99,
            "introducedDate": "1986-09-16",
            "latestAction": {
                "actionDate": "1986-09-16",
                "text": "Amendment SP 2834 agreed to in Senate by Voice Vote. "
            },
            "type": null,
            "url": "https://api.congress.gov/v3/amendment/99/samdt/2834?format=json"
        },
        {
            "amendmentNumber": "2104",
            "congress": 99,
            "introducedDate": "1986-06-19",
            "latestAction": {
                "actionDate": "1986-06-19",
                "text": "Amendment SP 2104 agreed to in Senate by Voice Vote. "
            },
            "type": null,
            "url": "https://api.congress.gov/v3/amendment/99/samdt/2104?format=json"
        },
        {
            "amendmentNumber": "2118",
            "congress": 99,
            "introducedDate": "1986-06-19",
            "latestAction": {
                "actionDate": "1986-06-19",
                "text": "Amendment SP 2118 agreed to in Senate by Voice Vote. "
            },
            "type": null,
            "url": "https://api.congress.gov/v3/amendment/99/samdt/2118?format=json"
        },
        {
            "amendmentNumber": "2074",
            "congress": 99,
            "introducedDate": "1986-06-12",
            "latestAction": {
                "actionDate": "1986-06-12",
                "text": "Proposed amendment SP 2074 withdrawn in Senate. "
            },
            "type": null,
            "url": "https://api.congress.gov/v3/amendment/99/samdt/2074?format=json"
        },
        {
            "amendmentNumber": "2119",
            "congress": 99,
            "introducedDate": "1986-06-19",
            "latestAction": {
                "actionDate": "1986-06-19",
                "text": "Amendment SP 2119 agreed to in Senate by Voice Vote. "
            },
            "type": null,
            "url": "https://api.congress.gov/v3/amendment/99/samdt/2119?format=json"
        },
        {
            "amendmentNumber": "1998",
            "congress": 99,
            "introducedDate": "1986-06-03",
            "latestAction": {
                "actionDate": "1986-06-03",
                "text": "Amendment SP 1998 agreed to in Senate by Voice Vote. "
            },
            "type": null,
            "url": "https://api.congress.gov/v3/amendment/99/samdt/1998?format=json"
        },
        {
            "amendmentNumber": "1987",
            "congress": 99,
            "introducedDate": "1986-06-03",
            "latestAction": {
                "actionDate": "1986-06-03",
                "text": "Amendment SP 1987 agreed to in Senate by Voice Vote. "
            },
            "type": null,
            "url": "https://api.congress.gov/v3/amendment/99/samdt/1987?format=json"
        },
        {
            "amendmentNumber": "1777",
            "congress": 99,
            "introducedDate": "1986-04-11",
            "latestAction": {
                "actionDate": "1986-04-11",
                "text": "Proposed amendment SP 1777 withdrawn in Senate. "
            },
            "type": null,
            "url": "https://api.congress.gov/v3/amendment/99/samdt/1777?format=json"
        },
        {
            "amendmentNumber": "1778",
            "congress": 99,
            "introducedDate": "1986-04-11",
            "latestAction": {
                "actionDate": "1986-04-11",
                "text": "Amendment SP 1778 agreed to in Senate by Voice Vote. "
            },
            "type": null,
            "url": "https://api.congress.gov/v3/amendment/99/samdt/1778?format=json"
        },
        {
            "amendmentNumber": "1596",
            "congress": 99,
            "introducedDate": "1986-02-25",
            "latestAction": {
                "actionDate": "1986-02-27",
                "text": "Motion to table SP 1596 agreed to in Senate by Yea-Nay Vote. 49-43. Record Vote No: 22. "
            },
            "type": null,
            "url": "https://api.congress.gov/v3/amendment/99/samdt/1596?format=json"
        },
        {
            "amendmentNumber": "1364",
            "congress": 99,
            "introducedDate": "1985-12-09",
            "latestAction": {
                "actionDate": "1985-12-09",
                "text": "Amendment SP 1364 agreed to in Senate by Voice Vote. "
            },
            "type": null,
            "url": "https://api.congress.gov/v3/amendment/99/samdt/1364?format=json"
        },
        {
            "amendmentNumber": "1040",
            "congress": 99,
            "introducedDate": "1985-11-14",
            "latestAction": {
                "actionDate": "1985-11-14",
                "text": "Motion to table SP 1040 agreed to in Senate by Yea-Nay Vote. 54-45. Record Vote No: 308. "
            },
            "type": null,
            "url": "https://api.congress.gov/v3/amendment/99/samdt/1040?format=json"
        },
        {
            "amendmentNumber": "1094",
            "congress": 99,
            "introducedDate": "1985-11-21",
            "latestAction": {
                "actionDate": "1985-11-21",
                "text": "Amendment SP 1094 agreed to in Senate by Voice Vote. "
            },
            "type": null,
            "url": "https://api.congress.gov/v3/amendment/99/samdt/1094?format=json"
        },
        {
            "amendmentNumber": "1026",
            "congress": 99,
            "introducedDate": "1985-11-13",
            "latestAction": {
                "actionDate": "1985-11-13",
                "text": "Motion to table SP 1026 agreed to in Senate by Voice Vote. "
            },
            "type": null,
            "url": "https://api.congress.gov/v3/amendment/99/samdt/1026?format=json"
        },
        {
            "amendmentNumber": "1031",
            "congress": 99,
            "introducedDate": "1985-11-13",
            "latestAction": {
                "actionDate": "1985-11-13",
                "text": "Motion to table agreed to in Senate by Yea-Nay Vote. 52-45. Record Vote No: 306. "
            },
            "type": null,
            "url": "https://api.congress.gov/v3/amendment/99/samdt/1031?format=json"
        },
        {
            "amendmentNumber": "937",
            "congress": 99,
            "introducedDate": "1985-10-31",
            "latestAction": {
                "actionDate": "1985-12-04",
                "text": "SP 937 fell when H.R. 3011 tabled. "
            },
            "type": null,
            "url": "https://api.congress.gov/v3/amendment/99/samdt/937?format=json"
        },
        {
            "amendmentNumber": "848",
            "congress": 99,
            "introducedDate": "1985-10-23",
            "latestAction": {
                "actionDate": "1985-10-23",
                "text": "Amendment SP 848 agreed to in Senate by Voice Vote. "
            },
            "type": null,
            "url": "https://api.congress.gov/v3/amendment/99/samdt/848?format=json"
        },
        {
            "amendmentNumber": "826",
            "congress": 99,
            "introducedDate": "1985-10-21",
            "latestAction": {
                "actionDate": "1985-10-21",
                "text": "Amendment SP 826 agreed to in Senate by Voice Vote. "
            },
            "type": null,
            "url": "https://api.congress.gov/v3/amendment/99/samdt/826?format=json"
        },
        {
            "amendmentNumber": "581",
            "congress": 99,
            "introducedDate": "1985-08-01",
            "latestAction": {
                "actionDate": "1985-08-01",
                "text": "Amendment SP 581 agreed to in Senate by Voice Vote. "
            },
            "type": null,
            "url": "https://api.congress.gov/v3/amendment/99/samdt/581?format=json"
        },
        {
            "amendmentNumber": "552",
            "congress": 99,
            "introducedDate": "1985-07-29",
            "latestAction": {
                "actionDate": "1985-07-29",
                "text": "Motion to table SP 552 agreed to in Senate by Yea-Nay Vote. 52-39. Record Vote No: 166. "
            },
            "type": null,
            "url": "https://api.congress.gov/v3/amendment/99/samdt/552?format=json"
        },
        {
            "amendmentNumber": "361",
            "congress": 99,
            "introducedDate": "1985-06-19",
            "latestAction": {
                "actionDate": "1985-06-19",
                "text": "Amendment SP 361 agreed to in Senate by Voice Vote. "
            },
            "type": null,
            "url": "https://api.congress.gov/v3/amendment/99/samdt/361?format=json"
        },
        {
            "amendmentNumber": "391",
            "congress": 99,
            "introducedDate": "1985-06-20",
            "latestAction": {
                "actionDate": "1985-06-20",
                "text": "Amendment SP 391 agreed to in Senate by Voice Vote. "
            },
            "type": null,
            "url": "https://api.congress.gov/v3/amendment/99/samdt/391?format=json"
        },
        {
            "amendmentNumber": "286",
            "congress": 99,
            "introducedDate": "1985-06-07",
            "latestAction": {
                "actionDate": "1985-06-07",
                "text": "Amendment SP 286 agreed to in Senate by Voice Vote. "
            },
            "type": null,
            "url": "https://api.congress.gov/v3/amendment/99/samdt/286?format=json"
        },
        {
            "congress": 99,
            "introducedDate": "1986-10-15",
            "latestAction": {
                "actionDate": "1986-10-15",
                "text": "Read twice and referred to the Committee on Finance."
            },
            "number": "2926",
            "policyArea": {
                "name": "Social Welfare"
            },
            "title": "Federalism Act of 1986",
            "type": "S",
            "url": "https://api.congress.gov/v3/bill/99/s/2926?format=json"
        },
        {
            "congress": 99,
            "introducedDate": "1986-08-15",
            "latestAction": {
                "actionDate": "1986-09-24",
                "text": "Committee on Energy and Natural Resources. Ordered favorably reported H.R. 5465 in lieu of this measure."
            },
            "number": "2781",
            "policyArea": {
                "name": "Commerce"
            },
            "title": "National Appliance Energy Conservation Act of 1986",
            "type": "S",
            "url": "https://api.congress.gov/v3/bill/99/s/2781?format=json"
        },
        {
            "congress": 99,
            "introducedDate": "1986-06-05",
            "latestAction": {
                "actionDate": "1986-07-01",
                "text": "Subcommittee on Water and Power. Hearings held."
            },
            "number": "2519",
            "policyArea": {
                "name": "Water Resources Development"
            },
            "title": "A bill to authorize certain elements of the Yakima River Basin Water Enhancement Project, and for other purposes.",
            "type": "S",
            "url": "https://api.congress.gov/v3/bill/99/s/2519?format=json"
        },
        {
            "congress": 99,
            "introducedDate": "1986-04-17",
            "latestAction": {
                "actionDate": "1986-04-17",
                "text": "Referred to Subcommittee on Water and Power."
            },
            "number": "2328",
            "policyArea": {
                "name": "Energy"
            },
            "title": "A bill to prohibit for a ten-year period the transfer or sale of federal Power Marketing Administrations or the Tennessee Valley Authority, and for other purposes.",
            "type": "S",
            "url": "https://api.congress.gov/v3/bill/99/s/2328?format=json"
        },
        {
            "congress": 99,
            "introducedDate": "1986-04-22",
            "latestAction": {
                "actionDate": "1986-11-07",
                "text": "Became Public Law No: 99-635."
            },
            "number": "2351",
            "policyArea": {
                "name": "Public Lands and Natural Resources"
            },
            "title": "A bill to revise the boundaries of Olympic National Park and Olympic National Forest in the State of Washington, and for other purposes.",
            "type": "S",
            "url": "https://api.congress.gov/v3/bill/99/s/2351?format=json"
        },
        {
            "congress": 99,
            "introducedDate": "1986-02-06",
            "latestAction": {
                "actionDate": "1986-11-24",
                "text": "Referred to Subcommittee on National Parks and Recreation."
            },
            "number": "2055",
            "policyArea": {
                "name": "Water Resources Development"
            },
            "title": "Columbia River Gorge National Scenic Area Act",
            "type": "S",
            "url": "https://api.congress.gov/v3/bill/99/s/2055?format=json"
        },
        {
            "congress": 99,
            "introducedDate": "1985-06-26",
            "latestAction": {
                "actionDate": "1985-07-08",
                "text": "Committee on Finance requested executive comment from OMB, Treasury Department, Health and Human Services Department."
            },
            "number": "1362",
            "policyArea": {
                "name": "Social Welfare"
            },
            "title": "A bill to amend part A of title IV of the Social Security Act to provide for a study of quality control standards and procedures under the Aid to Families with Dependent Children program, to provide for a moratorium on the imposition of penalties for erroneous payments, and for other purposes.",
            "type": "S",
            "url": "https://api.congress.gov/v3/bill/99/s/1362?format=json"
        },
        {
            "congress": 99,
            "introducedDate": "1985-06-12",
            "latestAction": {
                "actionDate": "1985-06-12",
                "text": "Read twice and referred to the Committee on Environment and Public Works."
            },
            "number": "1287",
            "policyArea": {
                "name": "Emergency Management"
            },
            "title": "A bill to authorize the U.S. Army Corps of Engineers to construct, operate and maintain a single retention structure for controlling sediment flowing from eruptions of Mount St. Helens.",
            "type": "S",
            "url": "https://api.congress.gov/v3/bill/99/s/1287?format=json"
        },
        {
            "congress": 99,
            "introducedDate": "1985-06-07",
            "latestAction": {
                "actionDate": "1985-10-02",
                "text": "Committee on Energy and Natural Resources. Provisions of measure incorporated into measure S. 426 ordered to be reported."
            },
            "number": "1260",
            "policyArea": {
                "name": "Energy"
            },
            "title": "Hydroelectric Relicensing Reform Act of 1985",
            "type": "S",
            "url": "https://api.congress.gov/v3/bill/99/s/1260?format=json"
        },
        {
            "congress": 99,
            "introducedDate": "1985-05-17",
            "latestAction": {
                "actionDate": "1985-09-23",
                "text": "Indefinitely postponed by Senate by Voice Vote."
            },
            "number": "1166",
            "policyArea": {
                "name": "International Affairs"
            },
            "title": "Iran Claims Settlement Act",
            "type": "S",
            "url": "https://api.congress.gov/v3/bill/99/s/1166?format=json"
        },
        {
            "congress": 99,
            "introducedDate": "1985-04-18",
            "latestAction": {
                "actionDate": "1986-06-26",
                "text": "Reported to House (Amended) by House Committee on Energy and Commerce.  Report No: 99-662 (Part I)."
            },
            "number": "953",
            "policyArea": {
                "name": "Energy"
            },
            "title": "A bill to validate contractual relationships between the United States and various non-federal entities.",
            "type": "S",
            "url": "https://api.congress.gov/v3/bill/99/s/953?format=json"
        },
        {
            "congress": 99,
            "introducedDate": "1985-02-27",
            "latestAction": {
                "actionDate": "1985-02-27",
                "text": "Read twice and referred to the Committee on Governmental Affairs."
            },
            "number": "519",
            "policyArea": {
                "name": "Government Operations and Politics"
            },
            "title": "Federal Employee Anti-Sex-Discrimination in Compensation Act of 1985",
            "type": "S",
            "url": "https://api.congress.gov/v3/bill/99/s/519?format=json"
        },
        {
            "congress": 99,
            "introducedDate": "1985-05-07",
            "latestAction": {
                "actionDate": "1985-05-07",
                "text": "Referred to the Committee on Rules."
            },
            "number": "157",
            "policyArea": {
                "name": "Congress"
            },
            "title": "A resolution to establish a temporary select committee to study the Congressional budget process, including proposals for a two-year budget and other aspects of the Congressional budget process.",
            "type": "SRES",
            "url": "https://api.congress.gov/v3/bill/99/sres/157?format=json"
        },
        {
            "congress": 99,
            "introducedDate": "1985-06-06",
            "latestAction": {
                "actionDate": "1985-07-17",
                "text": "Committee on Commerce. Hearings concluded. Hearings printed: S.Hrg. 99-313."
            },
            "number": "178",
            "policyArea": {
                "name": "Transportation and Public Works"
            },
            "title": "A resolution to urge the Administrator of the National Highway Traffic Safety Administration to retain the current automobile fuel economy standard.",
            "type": "SRES",
            "url": "https://api.congress.gov/v3/bill/99/sres/178?format=json"
        },
        {
            "amendmentNumber": "3720",
            "congress": 100,
            "introducedDate": "1988-10-18",
            "latestAction": {
                "actionDate": "1988-10-18",
                "text": "Amendment SP 3720 agreed to in Senate by Voice Vote. "
            },
            "type": null,
            "url": "https://api.congress.gov/v3/amendment/100/samdt/3720?format=json"
        },
        {
            "amendmentNumber": "3674",
            "congress": 100,
            "introducedDate": "1988-10-12",
            "latestAction": {
                "actionDate": "1988-10-12",
                "text": "Amendment SP 3674 agreed to in Senate by Voice Vote. "
            },
            "type": null,
            "url": "https://api.congress.gov/v3/amendment/100/samdt/3674?format=json"
        },
        {
            "amendmentNumber": "3631",
            "congress": 100,
            "introducedDate": "1988-10-07",
            "latestAction": {
                "actionDate": "1988-10-07",
                "text": "Amendment SP 3631 agreed to in Senate by Voice Vote. "
            },
            "type": null,
            "url": "https://api.congress.gov/v3/amendment/100/samdt/3631?format=json"
        },
        {
            "amendmentNumber": "3582",
            "congress": 100,
            "introducedDate": "1988-10-07",
            "latestAction": {
                "actionDate": "1988-10-07",
                "text": "SP 3582 fell when SP 3581 withdrawn. "
            },
            "type": null,
            "url": "https://api.congress.gov/v3/amendment/100/samdt/3582?format=json"
        },
        {
            "amendmentNumber": "3408",
            "congress": 100,
            "introducedDate": "1988-10-04",
            "latestAction": null,
            "type": null,
            "url": "https://api.congress.gov/v3/amendment/100/samdt/3408?format=json"
        },
        {
            "amendmentNumber": "3407",
            "congress": 100,
            "introducedDate": "1988-10-04",
            "latestAction": null,
            "type": null,
            "url": "https://api.congress.gov/v3/amendment/100/samdt/3407?format=json"
        },
        {
            "amendmentNumber": "2996",
            "congress": 100,
            "introducedDate": "1988-09-09",
            "latestAction": null,
            "type": null,
            "url": "https://api.congress.gov/v3/amendment/100/samdt/2996?format=json"
        },
        {
            "amendmentNumber": "2992",
            "congress": 100,
            "introducedDate": "1988-09-09",
            "latestAction": null,
            "type": null,
            "url": "https://api.congress.gov/v3/amendment/100/samdt/2992?format=json"
        },
        {
            "amendmentNumber": "2988",
            "congress": 100,
            "introducedDate": "1988-09-09",
            "latestAction": null,
            "type": null,
            "url": "https://api.congress.gov/v3/amendment/100/samdt/2988?format=json"
        },
        {
            "amendmentNumber": "2984",
            "congress": 100,
            "introducedDate": "1988-09-09",
            "latestAction": null,
            "type": null,
            "url": "https://api.congress.gov/v3/amendment/100/samdt/2984?format=json"
        },
        {
            "amendmentNumber": "2980",
            "congress": 100,
            "introducedDate": "1988-09-09",
            "latestAction": null,
            "type": null,
            "url": "https://api.congress.gov/v3/amendment/100/samdt/2980?format=json"
        },
        {
            "amendmentNumber": "2920",
            "congress": 100,
            "introducedDate": "1988-09-07",
            "latestAction": null,
            "type": null,
            "url": "https://api.congress.gov/v3/amendment/100/samdt/2920?format=json"
        },
        {
            "amendmentNumber": "2977",
            "congress": 100,
            "introducedDate": "1988-09-09",
            "latestAction": null,
            "type": null,
            "url": "https://api.congress.gov/v3/amendment/100/samdt/2977?format=json"
        },
        {
            "amendmentNumber": "2981",
            "congress": 100,
            "introducedDate": "1988-09-09",
            "latestAction": null,
            "type": null,
            "url": "https://api.congress.gov/v3/amendment/100/samdt/2981?format=json"
        },
        {
            "amendmentNumber": "2985",
            "congress": 100,
            "introducedDate": "1988-09-09",
            "latestAction": null,
            "type": null,
            "url": "https://api.congress.gov/v3/amendment/100/samdt/2985?format=json"
        },
        {
            "amendmentNumber": "2989",
            "congress": 100,
            "introducedDate": "1988-09-09",
            "latestAction": null,
            "type": null,
            "url": "https://api.congress.gov/v3/amendment/100/samdt/2989?format=json"
        },
        {
            "amendmentNumber": "2993",
            "congress": 100,
            "introducedDate": "1988-09-09",
            "latestAction": null,
            "type": null,
            "url": "https://api.congress.gov/v3/amendment/100/samdt/2993?format=json"
        },
        {
            "amendmentNumber": "2997",
            "congress": 100,
            "introducedDate": "1988-09-09",
            "latestAction": null,
            "type": null,
            "url": "https://api.congress.gov/v3/amendment/100/samdt/2997?format=json"
        },
        {
            "amendmentNumber": "3055",
            "congress": 100,
            "introducedDate": "1988-09-20",
            "latestAction": null,
            "type": null,
            "url": "https://api.congress.gov/v3/amendment/100/samdt/3055?format=json"
        },
        {
            "amendmentNumber": "2924",
            "congress": 100,
            "introducedDate": "1988-09-07",
            "latestAction": null,
            "type": null,
            "url": "https://api.congress.gov/v3/amendment/100/samdt/2924?format=json"
        },
        {
            "amendmentNumber": "2928",
            "congress": 100,
            "introducedDate": "1988-09-07",
            "latestAction": null,
            "type": null,
            "url": "https://api.congress.gov/v3/amendment/100/samdt/2928?format=json"
        },
        {
            "amendmentNumber": "2932",
            "congress": 100,
            "introducedDate": "1988-09-07",
            "latestAction": null,
            "type": null,
            "url": "https://api.congress.gov/v3/amendment/100/samdt/2932?format=json"
        },
        {
            "amendmentNumber": "2936",
            "congress": 100,
            "introducedDate": "1988-09-07",
            "latestAction": null,
            "type": null,
            "url": "https://api.congress.gov/v3/amendment/100/samdt/2936?format=json"
        },
        {
            "amendmentNumber": "2929",
            "congress": 100,
            "introducedDate": "1988-09-07",
            "latestAction": null,
            "type": null,
            "url": "https://api.congress.gov/v3/amendment/100/samdt/2929?format=json"
        },
        {
            "amendmentNumber": "2933",
            "congress": 100,
            "introducedDate": "1988-09-07",
            "latestAction": null,
            "type": null,
            "url": "https://api.congress.gov/v3/amendment/100/samdt/2933?format=json"
        },
        {
            "amendmentNumber": "2937",
            "congress": 100,
            "introducedDate": "1988-09-07",
            "latestAction": null,
            "type": null,
            "url": "https://api.congress.gov/v3/amendment/100/samdt/2937?format=json"
        },
        {
            "amendmentNumber": "2921",
            "congress": 100,
            "introducedDate": "1988-09-07",
            "latestAction": null,
            "type": null,
            "url": "https://api.congress.gov/v3/amendment/100/samdt/2921?format=json"
        },
        {
            "amendmentNumber": "2925",
            "congress": 100,
            "introducedDate": "1988-09-07",
            "latestAction": null,
            "type": null,
            "url": "https://api.congress.gov/v3/amendment/100/samdt/2925?format=json"
        },
        {
            "amendmentNumber": "2979",
            "congress": 100,
            "introducedDate": "1988-09-09",
            "latestAction": null,
            "type": null,
            "url": "https://api.congress.gov/v3/amendment/100/samdt/2979?format=json"
        },
        {
            "amendmentNumber": "2982",
            "congress": 100,
            "introducedDate": "1988-09-09",
            "latestAction": null,
            "type": null,
            "url": "https://api.congress.gov/v3/amendment/100/samdt/2982?format=json"
        },
        {
            "amendmentNumber": "2986",
            "congress": 100,
            "introducedDate": "1988-09-09",
            "latestAction": null,
            "type": null,
            "url": "https://api.congress.gov/v3/amendment/100/samdt/2986?format=json"
        },
        {
            "amendmentNumber": "2990",
            "congress": 100,
            "introducedDate": "1988-09-09",
            "latestAction": null,
            "type": null,
            "url": "https://api.congress.gov/v3/amendment/100/samdt/2990?format=json"
        },
        {
            "amendmentNumber": "2994",
            "congress": 100,
            "introducedDate": "1988-09-09",
            "latestAction": null,
            "type": null,
            "url": "https://api.congress.gov/v3/amendment/100/samdt/2994?format=json"
        },
        {
            "amendmentNumber": "2998",
            "congress": 100,
            "introducedDate": "1988-09-09",
            "latestAction": null,
            "type": null,
            "url": "https://api.congress.gov/v3/amendment/100/samdt/2998?format=json"
        },
        {
            "amendmentNumber": "2860",
            "congress": 100,
            "introducedDate": "1988-08-11",
            "latestAction": {
                "actionDate": "1988-09-07",
                "text": "Motion to table Division L agreed to in Senate by Yea-Nay Vote. 59-31. Record Vote No: 318. "
            },
            "type": null,
            "url": "https://api.congress.gov/v3/amendment/100/samdt/2860?format=json"
        },
        {
            "amendmentNumber": "2934",
            "congress": 100,
            "introducedDate": "1988-09-07",
            "latestAction": null,
            "type": null,
            "url": "https://api.congress.gov/v3/amendment/100/samdt/2934?format=json"
        },
        {
            "amendmentNumber": "2930",
            "congress": 100,
            "introducedDate": "1988-09-07",
            "latestAction": null,
            "type": null,
            "url": "https://api.congress.gov/v3/amendment/100/samdt/2930?format=json"
        },
        {
            "amendmentNumber": "2978",
            "congress": 100,
            "introducedDate": "1988-09-09",
            "latestAction": null,
            "type": null,
            "url": "https://api.congress.gov/v3/amendment/100/samdt/2978?format=json"
        },
        {
            "amendmentNumber": "2938",
            "congress": 100,
            "introducedDate": "1988-09-07",
            "latestAction": null,
            "type": null,
            "url": "https://api.congress.gov/v3/amendment/100/samdt/2938?format=json"
        },
        {
            "amendmentNumber": "2995",
            "congress": 100,
            "introducedDate": "1988-09-09",
            "latestAction": null,
            "type": null,
            "url": "https://api.congress.gov/v3/amendment/100/samdt/2995?format=json"
        },
        {
            "amendmentNumber": "2991",
            "congress": 100,
            "introducedDate": "1988-09-09",
            "latestAction": null,
            "type": null,
            "url": "https://api.congress.gov/v3/amendment/100/samdt/2991?format=json"
        },
        {
            "amendmentNumber": "2987",
            "congress": 100,
            "introducedDate": "1988-09-09",
            "latestAction": null,
            "type": null,
            "url": "https://api.congress.gov/v3/amendment/100/samdt/2987?format=json"
        },
        {
            "amendmentNumber": "2983",
            "congress": 100,
            "introducedDate": "1988-09-09",
            "latestAction": null,
            "type": null,
            "url": "https://api.congress.gov/v3/amendment/100/samdt/2983?format=json"
        },
        {
            "amendmentNumber": "2931",
            "congress": 100,
            "introducedDate": "1988-09-07",
            "latestAction": null,
            "type": null,
            "url": "https://api.congress.gov/v3/amendment/100/samdt/2931?format=json"
        },
        {
            "amendmentNumber": "2923",
            "congress": 100,
            "introducedDate": "1988-09-07",
            "latestAction": null,
            "type": null,
            "url": "https://api.congress.gov/v3/amendment/100/samdt/2923?format=json"
        },
        {
            "amendmentNumber": "2926",
            "congress": 100,
            "introducedDate": "1988-09-07",
            "latestAction": null,
            "type": null,
            "url": "https://api.congress.gov/v3/amendment/100/samdt/2926?format=json"
        },
        {
            "amendmentNumber": "2922",
            "congress": 100,
            "introducedDate": "1988-09-07",
            "latestAction": null,
            "type": null,
            "url": "https://api.congress.gov/v3/amendment/100/samdt/2922?format=json"
        },
        {
            "amendmentNumber": "2918",
            "congress": 100,
            "introducedDate": "1988-09-07",
            "latestAction": null,
            "type": null,
            "url": "https://api.congress.gov/v3/amendment/100/samdt/2918?format=json"
        },
        {
            "amendmentNumber": "2919",
            "congress": 100,
            "introducedDate": "1988-09-07",
            "latestAction": null,
            "type": null,
            "url": "https://api.congress.gov/v3/amendment/100/samdt/2919?format=json"
        },
        {
            "amendmentNumber": "2935",
            "congress": 100,
            "introducedDate": "1988-09-07",
            "latestAction": null,
            "type": null,
            "url": "https://api.congress.gov/v3/amendment/100/samdt/2935?format=json"
        },
        {
            "amendmentNumber": "2927",
            "congress": 100,
            "introducedDate": "1988-09-07",
            "latestAction": null,
            "type": null,
            "url": "https://api.congress.gov/v3/amendment/100/samdt/2927?format=json"
        },
        {
            "amendmentNumber": "2653",
            "congress": 100,
            "introducedDate": "1988-07-25",
            "latestAction": {
                "actionDate": "1988-07-25",
                "text": "Amendment SP 2653 agreed to in Senate by Voice Vote. "
            },
            "type": null,
            "url": "https://api.congress.gov/v3/amendment/100/samdt/2653?format=json"
        },
        {
            "amendmentNumber": "2612",
            "congress": 100,
            "introducedDate": "1988-07-13",
            "latestAction": {
                "actionDate": "1988-07-13",
                "text": "Amendment SP 2612 agreed to in Senate by Voice Vote. "
            },
            "type": null,
            "url": "https://api.congress.gov/v3/amendment/100/samdt/2612?format=json"
        },
        {
            "amendmentNumber": "2639",
            "congress": 100,
            "introducedDate": "1988-07-13",
            "latestAction": {
                "actionDate": "1988-07-13",
                "text": "Amendment SP 2639 agreed to in Senate by Voice Vote. "
            },
            "type": null,
            "url": "https://api.congress.gov/v3/amendment/100/samdt/2639?format=json"
        },
        {
            "amendmentNumber": "2332",
            "congress": 100,
            "introducedDate": "1988-05-27",
            "latestAction": {
                "actionDate": "1988-06-07",
                "text": "SP 2332 was modified by unanimous consent. "
            },
            "type": null,
            "url": "https://api.congress.gov/v3/amendment/100/samdt/2332?format=json"
        },
        {
            "amendmentNumber": "2394",
            "congress": 100,
            "introducedDate": "1988-06-16",
            "latestAction": {
                "actionDate": "1988-06-16",
                "text": "Amendment SP 2394 agreed to in Senate by Voice Vote. "
            },
            "type": null,
            "url": "https://api.congress.gov/v3/amendment/100/samdt/2394?format=json"
        },
        {
            "amendmentNumber": "2395",
            "congress": 100,
            "introducedDate": "1988-06-16",
            "latestAction": {
                "actionDate": "1988-06-16",
                "text": "Amendment SP 2395 agreed to in Senate by Voice Vote. "
            },
            "type": null,
            "url": "https://api.congress.gov/v3/amendment/100/samdt/2395?format=json"
        },
        {
            "amendmentNumber": "1914",
            "congress": 100,
            "introducedDate": "1988-03-29",
            "latestAction": {
                "actionDate": "1988-03-30",
                "text": "Motion to table SP 1914 agreed to in Senate by Yea-Nay Vote. 47-45. Record Vote No: 80. "
            },
            "type": null,
            "url": "https://api.congress.gov/v3/amendment/100/samdt/1914?format=json"
        },
        {
            "amendmentNumber": "1907",
            "congress": 100,
            "introducedDate": "1988-03-29",
            "latestAction": null,
            "type": null,
            "url": "https://api.congress.gov/v3/amendment/100/samdt/1907?format=json"
        },
        {
            "amendmentNumber": "1399",
            "congress": 100,
            "introducedDate": "1988-02-03",
            "latestAction": null,
            "type": null,
            "url": "https://api.congress.gov/v3/amendment/100/samdt/1399?format=json"
        },
        {
            "amendmentNumber": "1313",
            "congress": 100,
            "introducedDate": "1987-12-11",
            "latestAction": {
                "actionDate": "1987-12-11",
                "text": "Amendment SP 1313 agreed to in Senate by Voice Vote. "
            },
            "type": null,
            "url": "https://api.congress.gov/v3/amendment/100/samdt/1313?format=json"
        },
        {
            "amendmentNumber": "1276",
            "congress": 100,
            "introducedDate": "1987-12-10",
            "latestAction": {
                "actionDate": "1987-12-10",
                "text": "Amendment SP 1276 agreed to in Senate by Voice Vote. "
            },
            "type": null,
            "url": "https://api.congress.gov/v3/amendment/100/samdt/1276?format=json"
        },
        {
            "amendmentNumber": "1294",
            "congress": 100,
            "introducedDate": "1987-12-11",
            "latestAction": {
                "actionDate": "1987-12-11",
                "text": "Amendment SP 1294 not agreed to in Senate by Yea-Nay Vote. 44-51. Record Vote No: 411. "
            },
            "type": null,
            "url": "https://api.congress.gov/v3/amendment/100/samdt/1294?format=json"
        },
        {
            "amendmentNumber": "1169",
            "congress": 100,
            "introducedDate": "1987-11-12",
            "latestAction": {
                "actionDate": "1987-11-12",
                "text": "Amendment SP 1169 agreed to in Senate by Voice Vote. "
            },
            "type": null,
            "url": "https://api.congress.gov/v3/amendment/100/samdt/1169?format=json"
        },
        {
            "amendmentNumber": "944",
            "congress": 100,
            "introducedDate": "1987-10-08",
            "latestAction": {
                "actionDate": "1987-10-08",
                "text": "Proposed by Senator D'Amato for Senator Evans. In the nature of a substitute."
            },
            "type": null,
            "url": "https://api.congress.gov/v3/amendment/100/samdt/944?format=json"
        },
        {
            "amendmentNumber": "966",
            "congress": 100,
            "introducedDate": "1987-10-14",
            "latestAction": {
                "actionDate": "1987-10-14",
                "text": "Amendment SP 966 agreed to in Senate by Voice Vote. "
            },
            "type": null,
            "url": "https://api.congress.gov/v3/amendment/100/samdt/966?format=json"
        },
        {
            "amendmentNumber": "918",
            "congress": 100,
            "introducedDate": "1987-10-08",
            "latestAction": {
                "actionDate": "1987-10-08",
                "text": "Amendment SP 918 agreed to in Senate by Voice Vote. "
            },
            "type": null,
            "url": "https://api.congress.gov/v3/amendment/100/samdt/918?format=json"
        },
        {
            "amendmentNumber": "761",
            "congress": 100,
            "introducedDate": "1987-09-26",
            "latestAction": {
                "actionDate": "1987-09-26",
                "text": "Amendment SP 761 agreed to in Senate by Voice Vote. "
            },
            "type": null,
            "url": "https://api.congress.gov/v3/amendment/100/samdt/761?format=json"
        },
        {
            "amendmentNumber": "764",
            "congress": 100,
            "introducedDate": "1987-09-26",
            "latestAction": {
                "actionDate": "1987-09-26",
                "text": "Amendment SP 764 agreed to in Senate by Voice Vote. "
            },
            "type": null,
            "url": "https://api.congress.gov/v3/amendment/100/samdt/764?format=json"
        },
        {
            "amendmentNumber": "754",
            "congress": 100,
            "introducedDate": "1987-09-25",
            "latestAction": {
                "actionDate": "1987-09-25",
                "text": "Amendment SP 754 agreed to in Senate by Voice Vote. "
            },
            "type": null,
            "url": "https://api.congress.gov/v3/amendment/100/samdt/754?format=json"
        },
        {
            "amendmentNumber": "650",
            "congress": 100,
            "introducedDate": "1987-07-31",
            "latestAction": {
                "actionDate": "1987-07-31",
                "text": "Amendment SP 650 not agreed to in Senate by Yea-Nay Vote. 41-48. Record Vote No: 220. "
            },
            "type": null,
            "url": "https://api.congress.gov/v3/amendment/100/samdt/650?format=json"
        },
        {
            "amendmentNumber": "622",
            "congress": 100,
            "introducedDate": "1987-07-21",
            "latestAction": {
                "actionDate": "1987-07-21",
                "text": "Amendment SP 622 , as modified, agreed to in Senate by Voice Vote. "
            },
            "type": null,
            "url": "https://api.congress.gov/v3/amendment/100/samdt/622?format=json"
        },
        {
            "amendmentNumber": "332",
            "congress": 100,
            "introducedDate": "1987-06-26",
            "latestAction": {
                "actionDate": "1987-06-26",
                "text": "Amendment SP 332 agreed to in Senate by Voice Vote. "
            },
            "type": null,
            "url": "https://api.congress.gov/v3/amendment/100/samdt/332?format=json"
        },
        {
            "amendmentNumber": "273",
            "congress": 100,
            "introducedDate": "1987-06-08",
            "latestAction": null,
            "type": null,
            "url": "https://api.congress.gov/v3/amendment/100/samdt/273?format=json"
        },
        {
            "amendmentNumber": "272",
            "congress": 100,
            "introducedDate": "1987-06-08",
            "latestAction": null,
            "type": null,
            "url": "https://api.congress.gov/v3/amendment/100/samdt/272?format=json"
        },
        {
            "amendmentNumber": "210",
            "congress": 100,
            "introducedDate": "1987-05-21",
            "latestAction": {
                "actionDate": "1987-05-21",
                "text": "Amendment SP 210 agreed to in Senate by Voice Vote. "
            },
            "type": null,
            "url": "https://api.congress.gov/v3/amendment/100/samdt/210?format=json"
        },
        {
            "amendmentNumber": "271",
            "congress": 100,
            "introducedDate": "1987-06-08",
            "latestAction": null,
            "type": null,
            "url": "https://api.congress.gov/v3/amendment/100/samdt/271?format=json"
        },
        {
            "amendmentNumber": "191",
            "congress": 100,
            "introducedDate": "1987-05-06",
            "latestAction": {
                "actionDate": "1987-05-06",
                "text": "Motion to table SP 191 agreed to in Senate by Yea-Nay Vote. 57-41. Record Vote No: 95. "
            },
            "type": null,
            "url": "https://api.congress.gov/v3/amendment/100/samdt/191?format=json"
        },
        {
            "amendmentNumber": "30",
            "congress": 100,
            "introducedDate": "1987-02-05",
            "latestAction": {
                "actionDate": "1987-02-05",
                "text": "Amendment SP 30 agreed to in Senate by Voice Vote. "
            },
            "type": null,
            "url": "https://api.congress.gov/v3/amendment/100/samdt/30?format=json"
        },
        {
            "congress": 100,
            "introducedDate": "1988-08-11",
            "latestAction": {
                "actionDate": "1988-11-08",
                "text": "Became Public Law No: 100-638."
            },
            "number": "2752",
            "policyArea": {
                "name": "Native Americans"
            },
            "title": "A bill to declare that certain lands be held in trust for the Quinault Indian Nation, and for other purposes.",
            "type": "S",
            "url": "https://api.congress.gov/v3/bill/100/s/2752?format=json"
        },
        {
            "congress": 100,
            "introducedDate": "1988-08-05",
            "latestAction": {
                "actionDate": "1988-10-20",
                "text": "Message on House action received in Senate and held at desk: House amendment to Senate bill."
            },
            "number": "2691",
            "policyArea": {
                "name": "Native Americans"
            },
            "title": "A bill to extend eligibility for the Indian Claims Commission Expert Witness Loan Fund, and for other purposes.",
            "type": "S",
            "url": "https://api.congress.gov/v3/bill/100/s/2691?format=json"
        },
        {
            "congress": 100,
            "introducedDate": "1988-06-16",
            "latestAction": {
                "actionDate": "1988-06-16",
                "text": "Read twice and referred to the Committee on Finance."
            },
            "number": "2522",
            "policyArea": {
                "name": "Social Welfare"
            },
            "title": "A bill to amend part A of title IV of the Social Security Act to improve quality control standards and procedures under the Aid to Families with Dependent Children Program, and for other purposes.",
            "type": "S",
            "url": "https://api.congress.gov/v3/bill/100/s/2522?format=json"
        },
        {
            "congress": 100,
            "introducedDate": "1988-06-17",
            "latestAction": {
                "actionDate": "1988-06-17",
                "text": "Read twice and referred to the Committee on Environment and Public Works."
            },
            "number": "2535",
            "policyArea": {
                "name": "Animals"
            },
            "title": "Scrimshaw Production Licensing Extension Act of 1988",
            "type": "S",
            "url": "https://api.congress.gov/v3/bill/100/s/2535?format=json"
        },
        {
            "congress": 100,
            "introducedDate": "1988-04-20",
            "latestAction": {
                "actionDate": "1988-07-25",
                "text": "Indefinitely postponed by Senate by Unanimous Consent."
            },
            "number": "2300",
            "policyArea": {
                "name": "Private Legislation"
            },
            "title": "A bill to issue a fisheries license for the operation of the vessel MV OCEAN CYCLONE.",
            "type": "S",
            "url": "https://api.congress.gov/v3/bill/100/s/2300?format=json"
        },
        {
            "congress": 100,
            "introducedDate": "1988-04-25",
            "latestAction": {
                "actionDate": "1988-06-28",
                "text": "Subcommittee on Water and Power. Hearings held."
            },
            "number": "2322",
            "policyArea": {
                "name": "Water Resources Development"
            },
            "title": "A bill to authorize certain elements of the Yakima River Basin Water Enhancement Project, and for other purposes.",
            "type": "S",
            "url": "https://api.congress.gov/v3/bill/100/s/2322?format=json"
        },
        {
            "congress": 100,
            "introducedDate": "1988-03-15",
            "latestAction": {
                "actionDate": "1988-11-16",
                "text": "Became Public Law No: 100-668."
            },
            "number": "2165",
            "policyArea": {
                "name": "Public Lands and Natural Resources"
            },
            "title": "Washington Park Wilderness Act of 1988",
            "type": "S",
            "url": "https://api.congress.gov/v3/bill/100/s/2165?format=json"
        },
        {
            "congress": 100,
            "introducedDate": "1987-12-19",
            "latestAction": {
                "actionDate": "1987-12-19",
                "text": "Read twice and referred to the Committee on Finance."
            },
            "number": "1978",
            "policyArea": {
                "name": "Taxation"
            },
            "title": "A bill to amend the Internal Revenue Code of 1986 to retain a capital gains tax differential, and for other purposes.",
            "type": "S",
            "url": "https://api.congress.gov/v3/bill/100/s/1978?format=json"
        },
        {
            "congress": 100,
            "introducedDate": "1987-12-19",
            "latestAction": {
                "actionDate": "1988-05-11",
                "text": "Committee on Indian Affairs. Hearings held."
            },
            "number": "1976",
            "policyArea": {
                "name": "Native Americans"
            },
            "title": "Indian Child Welfare Act Amendments of 1987",
            "type": "S",
            "url": "https://api.congress.gov/v3/bill/100/s/1976?format=json"
        },
        {
            "congress": 100,
            "introducedDate": "1987-11-05",
            "latestAction": {
                "actionDate": "1988-06-17",
                "text": "Referred to Subcommittee on National Parks and Public Lands."
            },
            "number": "1850",
            "policyArea": {
                "name": "Public Lands and Natural Resources"
            },
            "title": "An Act to amend the Wild and Scenic Rivers Act to designate a segment of the Columbia River in Washington for study to determine its suitability for inclusion in the National Wild and Scenic Rivers System, and for other purposes.",
            "type": "S",
            "url": "https://api.congress.gov/v3/bill/100/s/1850?format=json"
        },
        {
            "congress": 100,
            "introducedDate": "1987-11-30",
            "latestAction": {
                "actionDate": "1987-11-30",
                "text": "Read twice and referred to the Committee on Foreign Relations."
            },
            "number": "1899",
            "policyArea": {
                "name": "Foreign Trade and International Finance"
            },
            "title": "Multilateral Investment Guarantee Agency Act",
            "type": "S",
            "url": "https://api.congress.gov/v3/bill/100/s/1899?format=json"
        },
        {
            "congress": 100,
            "introducedDate": "1987-10-28",
            "latestAction": {
                "actionDate": "1987-10-28",
                "text": "Read twice and referred to the Committee on Finance."
            },
            "number": "1825",
            "policyArea": {
                "name": "Taxation"
            },
            "title": "A bill to amend the Internal Revenue Code of 1986 to retain a capital gains tax differential, and for other purposes.",
            "type": "S",
            "url": "https://api.congress.gov/v3/bill/100/s/1825?format=json"
        },
        {
            "congress": 100,
            "introducedDate": "1987-10-30",
            "latestAction": {
                "actionDate": "1988-05-17",
                "text": "Committee on Rules. Hearings held."
            },
            "number": "1835",
            "policyArea": {
                "name": "Economics and Public Finance"
            },
            "title": "Individual Appropriations Act",
            "type": "S",
            "url": "https://api.congress.gov/v3/bill/100/s/1835?format=json"
        },
        {
            "congress": 100,
            "introducedDate": "1987-10-06",
            "latestAction": {
                "actionDate": "1987-10-06",
                "text": "Read twice and referred to the Committee on Environment and Public Works."
            },
            "number": "1758",
            "policyArea": {
                "name": "Public Lands and Natural Resources"
            },
            "title": "A bill to establish the Grays Harbor National Wildlife Refuge in the State of Washington.",
            "type": "S",
            "url": "https://api.congress.gov/v3/bill/100/s/1758?format=json"
        },
        {
            "congress": 100,
            "introducedDate": "1987-09-18",
            "latestAction": {
                "actionDate": "1988-05-27",
                "text": "Indefinitely postponed by Senate by Unanimous Consent."
            },
            "number": "1703",
            "policyArea": {
                "name": "Native Americans"
            },
            "title": "Indian Self-Determination and Education Assistance Act Amendments of 1987",
            "type": "S",
            "url": "https://api.congress.gov/v3/bill/100/s/1703?format=json"
        },
        {
            "congress": 100,
            "introducedDate": "1987-07-22",
            "latestAction": {
                "actionDate": "1987-07-22",
                "text": "Read twice and referred to the Committee on Governmental Affairs."
            },
            "number": "1528",
            "policyArea": {
                "name": "Economics and Public Finance"
            },
            "title": "Federal Capital Budget Act of 1987",
            "type": "S",
            "url": "https://api.congress.gov/v3/bill/100/s/1528?format=json"
        },
        {
            "congress": 100,
            "introducedDate": "1987-06-26",
            "latestAction": {
                "actionDate": "1987-06-26",
                "text": "Read twice and referred to the Committee on Finance."
            },
            "number": "1440",
            "policyArea": {
                "name": "Social Welfare"
            },
            "title": "Quality Control Amendments of 1987",
            "type": "S",
            "url": "https://api.congress.gov/v3/bill/100/s/1440?format=json"
        },
        {
            "congress": 100,
            "introducedDate": "1987-06-25",
            "latestAction": {
                "actionDate": "1987-06-25",
                "text": "Read twice and referred to the Committee on Armed Services."
            },
            "number": "1432",
            "policyArea": {
                "name": "Environmental Protection"
            },
            "title": "A bill to provide that a certain amount of funds shall be available to the Secretary of Energy each fiscal year for the cleanup of hazardous or radioactive waste from atomic energy defense activities and to require the Secretary of Energy to develop within one year a comprehensive plan for the cleanup of such waste.",
            "type": "S",
            "url": "https://api.congress.gov/v3/bill/100/s/1432?format=json"
        },
        {
            "congress": 100,
            "introducedDate": "1987-06-26",
            "latestAction": {
                "actionDate": "1987-10-19",
                "text": "Subcommittee on Water and Power. Hearings held at Yakima, Washington."
            },
            "number": "1435",
            "policyArea": {
                "name": "Water Resources Development"
            },
            "title": "A bill to authorize certain elements of the Yakima River Basin Water Enhancement Project, and for other purposes.",
            "type": "S",
            "url": "https://api.congress.gov/v3/bill/100/s/1435?format=json"
        },
        {
            "congress": 100,
            "introducedDate": "1987-05-01",
            "latestAction": {
                "actionDate": "1987-05-01",
                "text": "Read twice and referred to the Committee on Finance."
            },
            "number": "1126",
            "policyArea": {
                "name": "Government Operations and Politics"
            },
            "title": "A bill to designate the border station at 9931 Guide Meridian, Lynden, Washington, as the \"Kenneth G. Ward Border Station\".",
            "type": "S",
            "url": "https://api.congress.gov/v3/bill/100/s/1126?format=json"
        },
        {
            "congress": 100,
            "introducedDate": "1987-04-09",
            "latestAction": {
                "actionDate": "1987-04-09",
                "text": "Read twice and referred to the Committee on Rules."
            },
            "number": "979",
            "policyArea": {
                "name": "Government Operations and Politics"
            },
            "title": "A bill to provide that political candidates meet certain requirements in advertising.",
            "type": "S",
            "url": "https://api.congress.gov/v3/bill/100/s/979?format=json"
        },
        {
            "congress": 100,
            "introducedDate": "1987-03-26",
            "latestAction": {
                "actionDate": "1987-03-26",
                "text": "Read twice and referred to the Committee on Finance."
            },
            "number": "862",
            "policyArea": {
                "name": "Social Welfare"
            },
            "title": "Partnership Act of 1987",
            "type": "S",
            "url": "https://api.congress.gov/v3/bill/100/s/862?format=json"
        },
        {
            "congress": 100,
            "introducedDate": "1987-03-12",
            "latestAction": {
                "actionDate": "1988-06-22",
                "text": "Received in the Senate; returned by the House pursuant to the provisions of H. Res. 479."
            },
            "number": "727",
            "policyArea": {
                "name": "Native Americans"
            },
            "title": "A bill to clarify Indian treaties and executive orders with respect to fishing rights.",
            "type": "S",
            "url": "https://api.congress.gov/v3/bill/100/s/727?format=json"
        },
        {
            "congress": 100,
            "introducedDate": "1987-03-03",
            "latestAction": {
                "actionDate": "1987-12-18",
                "text": "Became Public Law No: 100-196."
            },
            "number": "649",
            "policyArea": {
                "name": "Water Resources Development"
            },
            "title": "A bill to amend the Reclamation Authorization Act of 1976 (90 Stat. 1324, 1327).",
            "type": "S",
            "url": "https://api.congress.gov/v3/bill/100/s/649?format=json"
        },
        {
            "congress": 100,
            "introducedDate": "1987-02-19",
            "latestAction": {
                "actionDate": "1988-03-16",
                "text": "Placed on Senate Legislative Calendar under General Orders. Calendar No. 587."
            },
            "number": "552",
            "policyArea": {
                "name": "Government Operations and Politics"
            },
            "title": "Federal Employee Compensation Equity Study Commission Act of 1987",
            "type": "S",
            "url": "https://api.congress.gov/v3/bill/100/s/552?format=json"
        },
        {
            "congress": 100,
            "introducedDate": "1987-01-28",
            "latestAction": {
                "actionDate": "1987-01-28",
                "text": "Read twice and referred to the Committee on Rules."
            },
            "number": "402",
            "policyArea": {
                "name": "Economics and Public Finance"
            },
            "title": "A bill to provide that during a two-year period each item of any joint resolution making continuing appropriations that is agreed to by both Houses of the Congress in the same form shall be enrolled as a separate joint resolution for presentation to the President.",
            "type": "S",
            "url": "https://api.congress.gov/v3/bill/100/s/402?format=json"
        },
        {
            "congress": 100,
            "introducedDate": "1987-11-30",
            "latestAction": {
                "actionDate": "1987-11-30",
                "text": "Referred to the Committee on Finance."
            },
            "number": "331",
            "policyArea": {
                "name": "Foreign Trade and International Finance"
            },
            "title": "A resolution expressing the sense of the Senate in support of the President's Section 301 action concerning Brazil's informatics policies.",
            "type": "SRES",
            "url": "https://api.congress.gov/v3/bill/100/sres/331?format=json"
        }
    ]
}