{
    "pagination": {
        "count": 56
    },
    "request": {
        "bioguideId": "t000482",
        "contentType": "application/json",
        "format": "json"
    },
    "sponsoredLegislation": [
        {
            "congress": 118,
            "introducedDate": "2024-04-17",
            "latestAction": {
                "actionDate": "2024-04-17",
                "text": "Referred to the House Committee on Foreign Affairs."
            },
            "number": "1156",
            "policyArea": {
                "name": null
            },
            "title": "Expressing support for the designation of April 17, 2025, as \"Cambodian Genocide Remembrance Day\" to remember the horrific slaughter of almost 2,000,000 Cambodian people at the hand of the Khmer Rouge regime.",
            "type": "HRES",
            "url": "https://api.congress.gov/v3/bill/118/hres/1156?format=json"
        },
        {
            "congress": 118,
            "introducedDate": "2024-03-08",
            "latestAction": {
                "actionDate": "2024-03-15",
                "text": "Referred to the Subcommittee on Health."
            },
            "number": "7605",
            "policyArea": {
                "name": "Health"
            },
            "title": "Safeguarding Elderly Needs through Innovation and Occupational Resources Act of 2024",
            "type": "HR",
            "url": "https://api.congress.gov/v3/bill/118/hr/7605?format=json"
        },
        {
            "congress": 118,
            "introducedDate": "2024-02-15",
            "latestAction": {
                "actionDate": "2024-02-16",
                "text": "Referred to the Subcommittee on Health."
            },
            "number": "7397",
            "policyArea": {
                "name": "Health"
            },
            "title": "To amend title XVIII of the Social Security Act to establish a definition of essential health system in statute.",
            "type": "HR",
            "url": "https://api.congress.gov/v3/bill/118/hr/7397?format=json"
        },
        {
            "congress": 118,
            "introducedDate": "2023-08-18",
            "latestAction": {
                "actionDate": "2023-08-25",
                "text": "Referred to the Subcommittee on Energy, Climate and Grid Security."
            },
            "number": "5244",
            "policyArea": {
                "name": "Energy"
            },
            "title": "Fusion Energy Act",
            "type": "HR",
            "url": "https://api.congress.gov/v3/bill/118/hr/5244?format=json"
        },
        {
            "congress": 118,
            "introducedDate": "2023-07-26",
            "latestAction": {
                "actionDate": "2023-07-28",
                "text": "Referred to the Subcommittee on Innovation, Data, and Commerce."
            },
            "number": "4948",
            "policyArea": {
                "name": "Sports and Recreation"
            },
            "title": "College Athlete Economic Freedom Act",
            "type": "HR",
            "url": "https://api.congress.gov/v3/bill/118/hr/4948?format=json"
        },
        {
            "congress": 118,
            "introducedDate": "2023-07-20",
            "latestAction": {
                "actionDate": "2023-09-19",
                "text": "Referred to the Subcommittee on Nutrition, Foreign Agriculture, and Horticulture."
            },
            "number": "4815",
            "policyArea": {
                "name": "Taxation"
            },
            "title": "Bridging the SNAP Gap Act of 2023",
            "type": "HR",
            "url": "https://api.congress.gov/v3/bill/118/hr/4815?format=json"
        },
        {
            "congress": 118,
            "introducedDate": "2023-07-19",
            "latestAction": {
                "actionDate": "2024-06-12",
                "text": "Ordered to be Reported (Amended) by the Yeas and Nays: 42 - 0."
            },
            "number": "4758",
            "policyArea": {
                "name": "Health"
            },
            "title": "Accelerating Kids\u2019 Access to Care Act",
            "type": "HR",
            "url": "https://api.congress.gov/v3/bill/118/hr/4758?format=json"
        },
        {
            "congress": 118,
            "introducedDate": "2023-07-11",
            "latestAction": {
                "actionDate": "2023-07-14",
                "text": "Referred to the Subcommittee on Innovation, Data, and Commerce."
            },
            "number": "4568",
            "policyArea": {
                "name": "Commerce"
            },
            "title": "TLDR Act",
            "type": "HR",
            "url": "https://api.congress.gov/v3/bill/118/hr/4568?format=json"
        },
        {
            "congress": 118,
            "introducedDate": "2023-06-22",
            "latestAction": {
                "actionDate": "2023-06-23",
                "text": "Referred to the Subcommittee on Innovation, Data, and Commerce."
            },
            "number": "4311",
            "policyArea": {
                "name": "Commerce"
            },
            "title": "DELETE Act",
            "type": "HR",
            "url": "https://api.congress.gov/v3/bill/118/hr/4311?format=json"
        },
        {
            "congress": 118,
            "introducedDate": "2023-06-22",
            "latestAction": {
                "actionDate": "2024-05-16",
                "text": "Received in the Senate and Read twice and referred to the Committee on Commerce, Science, and Transportation."
            },
            "number": "4310",
            "policyArea": {
                "name": "Commerce"
            },
            "title": "Youth Poisoning Protection Act",
            "type": "HR",
            "url": "https://api.congress.gov/v3/bill/118/hr/4310?format=json"
        },
        {
            "congress": 118,
            "introducedDate": "2023-06-05",
            "latestAction": {
                "actionDate": "2023-06-09",
                "text": "Referred to the Subcommittee on Health."
            },
            "number": "3832",
            "policyArea": {
                "name": "Health"
            },
            "title": "Disease X Act of 2023",
            "type": "HR",
            "url": "https://api.congress.gov/v3/bill/118/hr/3832?format=json"
        },
        {
            "congress": 118,
            "introducedDate": "2023-02-27",
            "latestAction": {
                "actionDate": "2023-03-10",
                "text": "Referred to the Subcommittee on Health."
            },
            "number": "1224",
            "policyArea": {
                "name": "Health"
            },
            "title": "INFO for Reproductive Care Act of 2023",
            "type": "HR",
            "url": "https://api.congress.gov/v3/bill/118/hr/1224?format=json"
        },
        {
            "congress": 117,
            "introducedDate": "2022-10-31",
            "latestAction": {
                "actionDate": "2022-10-31",
                "text": "Referred to the House Committee on the Judiciary."
            },
            "number": "9260",
            "policyArea": {
                "name": "Crime and Law Enforcement"
            },
            "title": "Stop Online Suicide Assistance Forums Act",
            "type": "HR",
            "url": "https://api.congress.gov/v3/bill/117/hr/9260?format=json"
        },
        {
            "congress": 117,
            "introducedDate": "2022-10-21",
            "latestAction": {
                "actionDate": "2022-10-24",
                "text": "Referred to the Subcommittee on Health."
            },
            "number": "9220",
            "policyArea": {
                "name": "Health"
            },
            "title": "INFO for Reproductive Care Act of 2022",
            "type": "HR",
            "url": "https://api.congress.gov/v3/bill/117/hr/9220?format=json"
        },
        {
            "congress": 117,
            "introducedDate": "2022-03-17",
            "latestAction": {
                "actionDate": "2022-03-17",
                "text": "Referred to the House Committee on Education and Labor."
            },
            "number": "7145",
            "policyArea": {
                "name": "Labor and Employment"
            },
            "title": "ASSET Act",
            "type": "HR",
            "url": "https://api.congress.gov/v3/bill/117/hr/7145?format=json"
        },
        {
            "congress": 117,
            "introducedDate": "2022-03-11",
            "latestAction": {
                "actionDate": "2022-03-11",
                "text": "Referred to the House Committee on Oversight and Reform."
            },
            "number": "977",
            "policyArea": {
                "name": "Arts, Culture, Religion"
            },
            "title": "Commemorating the life and legacy of Jean-Louis de K\u00e9rouac on the centennial of his birth on March 12, 2022.",
            "type": "HRES",
            "url": "https://api.congress.gov/v3/bill/117/hres/977?format=json"
        },
        {
            "congress": 117,
            "introducedDate": "2022-02-25",
            "latestAction": {
                "actionDate": "2022-02-28",
                "text": "Referred to the Subcommittee on Health."
            },
            "number": "946",
            "policyArea": {
                "name": "Health"
            },
            "title": "Supporting women's cardiovascular health.",
            "type": "HRES",
            "url": "https://api.congress.gov/v3/bill/117/hres/946?format=json"
        },
        {
            "congress": 117,
            "introducedDate": "2022-02-18",
            "latestAction": {
                "actionDate": "2022-02-22",
                "text": "Referred to the Subcommittee on Consumer Protection and Commerce."
            },
            "number": "6796",
            "policyArea": {
                "name": "Commerce"
            },
            "title": "Digital Services Oversight and Safety Act of 2022",
            "type": "HR",
            "url": "https://api.congress.gov/v3/bill/117/hr/6796?format=json"
        },
        {
            "congress": 117,
            "introducedDate": "2022-02-15",
            "latestAction": {
                "actionDate": "2022-02-16",
                "text": "Referred to the Subcommittee on Consumer Protection and Commerce."
            },
            "number": "6752",
            "policyArea": {
                "name": "Commerce"
            },
            "title": "DELETE Act",
            "type": "HR",
            "url": "https://api.congress.gov/v3/bill/117/hr/6752?format=json"
        },
        {
            "congress": 117,
            "introducedDate": "2022-01-28",
            "latestAction": {
                "actionDate": "2022-01-31",
                "text": "Referred to the Subcommittee on Health."
            },
            "number": "6530",
            "policyArea": {
                "name": "Health"
            },
            "title": "SENIOR Act of 2022",
            "type": "HR",
            "url": "https://api.congress.gov/v3/bill/117/hr/6530?format=json"
        },
        {
            "congress": 117,
            "introducedDate": "2022-01-13",
            "latestAction": {
                "actionDate": "2022-01-14",
                "text": "Referred to the Subcommittee on Consumer Protection and Commerce."
            },
            "number": "6407",
            "policyArea": {
                "name": "Commerce"
            },
            "title": "TLDR Act",
            "type": "HR",
            "url": "https://api.congress.gov/v3/bill/117/hr/6407?format=json"
        },
        {
            "congress": 117,
            "introducedDate": "2021-12-08",
            "latestAction": {
                "actionDate": "2021-12-16",
                "text": "Referred to the Subcommittee on National Parks, Forests, and Public Lands."
            },
            "number": "6200",
            "policyArea": {
                "name": "Public Lands and Natural Resources"
            },
            "title": "Freedom\u2019s Way National Heritage Area Act of 2021",
            "type": "HR",
            "url": "https://api.congress.gov/v3/bill/117/hr/6200?format=json"
        },
        {
            "congress": 117,
            "introducedDate": "2021-10-15",
            "latestAction": {
                "actionDate": "2021-10-18",
                "text": "Referred to the Subcommittee on Health."
            },
            "number": "5602",
            "policyArea": {
                "name": "Health"
            },
            "title": "BIO Preparedness Workforce Act of 2021",
            "type": "HR",
            "url": "https://api.congress.gov/v3/bill/117/hr/5602?format=json"
        },
        {
            "congress": 117,
            "introducedDate": "2021-09-30",
            "latestAction": {
                "actionDate": "2021-10-01",
                "text": "Referred to the Subcommittee on Consumer Protection and Commerce."
            },
            "number": "5474",
            "policyArea": {
                "name": "Commerce"
            },
            "title": "Reinforcing American-Made Products Act",
            "type": "HR",
            "url": "https://api.congress.gov/v3/bill/117/hr/5474?format=json"
        },
        {
            "congress": 117,
            "introducedDate": "2021-09-10",
            "latestAction": {
                "actionDate": "2021-09-10",
                "text": "Referred to the House Committee on Education and Labor."
            },
            "number": "5242",
            "policyArea": {
                "name": "Education"
            },
            "title": "STRONG Act of 2021",
            "type": "HR",
            "url": "https://api.congress.gov/v3/bill/117/hr/5242?format=json"
        },
        {
            "congress": 117,
            "introducedDate": "2021-05-20",
            "latestAction": {
                "actionDate": "2021-05-31",
                "text": "Referred to the Subcommittee on Consumer Protection and Commerce."
            },
            "number": "3451",
            "policyArea": {
                "name": "Commerce"
            },
            "title": "Social Media DATA Act",
            "type": "HR",
            "url": "https://api.congress.gov/v3/bill/117/hr/3451?format=json"
        },
        {
            "congress": 117,
            "introducedDate": "2021-04-22",
            "latestAction": {
                "actionDate": "2021-04-22",
                "text": "Referred to the House Committee on Oversight and Reform."
            },
            "number": "349",
            "policyArea": {
                "name": "Health"
            },
            "title": "Supporting the goals of Overdose Awareness Day by lowering the United States flag to half-staff on all Federal buildings the 31st day of August each year.",
            "type": "HRES",
            "url": "https://api.congress.gov/v3/bill/117/hres/349?format=json"
        },
        {
            "congress": 117,
            "introducedDate": "2021-03-18",
            "latestAction": {
                "actionDate": "2021-10-19",
                "text": "Referred to the Subcommittee on Crime, Terrorism, and Homeland Security."
            },
            "number": "2067",
            "policyArea": {
                "name": "Health"
            },
            "title": "MATE Act of 2021",
            "type": "HR",
            "url": "https://api.congress.gov/v3/bill/117/hr/2067?format=json"
        },
        {
            "congress": 117,
            "introducedDate": "2021-03-11",
            "latestAction": {
                "actionDate": "2021-03-12",
                "text": "Referred to the Subcommittee on Health."
            },
            "number": "1862",
            "policyArea": {
                "name": "Health"
            },
            "title": "To authorize the Secretary of Health and Human Services to carry out a pilot program to improve community-based care infrastructure.",
            "type": "HR",
            "url": "https://api.congress.gov/v3/bill/117/hr/1862?format=json"
        },
        {
            "congress": 117,
            "introducedDate": "2021-03-08",
            "latestAction": {
                "actionDate": "2021-03-09",
                "text": "Referred to the Subcommittee on Water Resources and Environment."
            },
            "number": "1660",
            "policyArea": {
                "name": "Environmental Protection"
            },
            "title": "Stop Sewage Overflow Act",
            "type": "HR",
            "url": "https://api.congress.gov/v3/bill/117/hr/1660?format=json"
        },
        {
            "congress": 117,
            "introducedDate": "2021-02-04",
            "latestAction": {
                "actionDate": "2021-04-23",
                "text": "Referred to the Subcommittee on Courts, Intellectual Property, and the Internet."
            },
            "number": "850",
            "policyArea": {
                "name": "Sports and Recreation"
            },
            "title": "College Athlete Economic Freedom Act",
            "type": "HR",
            "url": "https://api.congress.gov/v3/bill/117/hr/850?format=json"
        },
        {
            "congress": 116,
            "introducedDate": "2020-09-30",
            "latestAction": {
                "actionDate": "2020-09-30",
                "text": "Referred to the House Committee on Education and Labor."
            },
            "number": "8468",
            "policyArea": {
                "name": "Education"
            },
            "title": "STRONG Act of 2020",
            "type": "HR",
            "url": "https://api.congress.gov/v3/bill/116/hr/8468?format=json"
        },
        {
            "congress": 116,
            "introducedDate": "2020-09-18",
            "latestAction": {
                "actionDate": "2020-09-18",
                "text": "Referred to the House Committee on Education and Labor."
            },
            "number": "8317",
            "policyArea": {
                "name": "Labor and Employment"
            },
            "title": "To encourage employer participation in the national apprenticeship system.",
            "type": "HR",
            "url": "https://api.congress.gov/v3/bill/116/hr/8317?format=json"
        },
        {
            "congress": 116,
            "introducedDate": "2020-07-01",
            "latestAction": {
                "actionDate": "2020-07-01",
                "text": "Referred to the House Committee on Armed Services."
            },
            "number": "7474",
            "policyArea": {
                "name": "Armed Forces and National Security"
            },
            "title": "Comprehensive Review of Military Suicide Act",
            "type": "HR",
            "url": "https://api.congress.gov/v3/bill/116/hr/7474?format=json"
        },
        {
            "congress": 116,
            "introducedDate": "2020-05-27",
            "latestAction": {
                "actionDate": "2020-05-27",
                "text": "Referred to the House Committee on Financial Services."
            },
            "number": "7023",
            "policyArea": {
                "name": "Commerce"
            },
            "title": "To require the Secretary of the Treasury to implement a program that provides financial assistance to sports facilities, museums, and community theaters, and for other purposes.",
            "type": "HR",
            "url": "https://api.congress.gov/v3/bill/116/hr/7023?format=json"
        },
        {
            "congress": 116,
            "introducedDate": "2020-05-08",
            "latestAction": {
                "actionDate": "2020-05-08",
                "text": "Referred to the House Committee on Energy and Commerce."
            },
            "number": "6793",
            "policyArea": {
                "name": "Health"
            },
            "title": "Pandemic Production Act",
            "type": "HR",
            "url": "https://api.congress.gov/v3/bill/116/hr/6793?format=json"
        },
        {
            "congress": 116,
            "introducedDate": "2020-02-28",
            "latestAction": {
                "actionDate": "2020-03-11",
                "text": "Received in the Senate and Read twice and referred to the Committee on Commerce, Science, and Transportation."
            },
            "number": "6020",
            "policyArea": {
                "name": "Sports and Recreation"
            },
            "title": "To require an evaluation by the Government Accountability Office of the social, economic, and historic contributions that Minor League Baseball has made to American life and culture.",
            "type": "HR",
            "url": "https://api.congress.gov/v3/bill/116/hr/6020?format=json"
        },
        {
            "congress": 116,
            "introducedDate": "2020-02-06",
            "latestAction": {
                "actionDate": "2020-02-06",
                "text": "Referred to the House Committee on Education and Labor."
            },
            "number": "5768",
            "policyArea": {
                "name": "Education"
            },
            "title": "Accreditation Reform Act of 2020",
            "type": "HR",
            "url": "https://api.congress.gov/v3/bill/116/hr/5768?format=json"
        },
        {
            "congress": 116,
            "introducedDate": "2020-01-28",
            "latestAction": {
                "actionDate": "2020-01-28",
                "text": "Referred to the House Committee on Oversight and Reform."
            },
            "number": "815",
            "policyArea": {
                "name": "Sports and Recreation"
            },
            "title": "Supporting Minor League Baseball, and for other purposes.",
            "type": "HRES",
            "url": "https://api.congress.gov/v3/bill/116/hres/815?format=json"
        },
        {
            "congress": 116,
            "introducedDate": "2019-11-01",
            "latestAction": {
                "actionDate": "2019-12-18",
                "text": "Referred to the Subcommittee on Crime, Terrorism, and Homeland Security."
            },
            "number": "4974",
            "policyArea": {
                "name": "Health"
            },
            "title": "MATE Act of 2019",
            "type": "HR",
            "url": "https://api.congress.gov/v3/bill/116/hr/4974?format=json"
        },
        {
            "congress": 116,
            "introducedDate": "2019-10-23",
            "latestAction": {
                "actionDate": "2019-10-23",
                "text": "Referred to the House Committee on Education and Labor."
            },
            "number": "4853",
            "policyArea": {
                "name": "Social Welfare"
            },
            "title": "National Family Caregiver Support Program Cap Elimination Act of 2019",
            "type": "HR",
            "url": "https://api.congress.gov/v3/bill/116/hr/4853?format=json"
        },
        {
            "congress": 116,
            "introducedDate": "2019-09-20",
            "latestAction": {
                "actionDate": "2019-09-20",
                "text": "Referred to the House Committee on Education and Labor."
            },
            "number": "4430",
            "policyArea": {
                "name": "Education"
            },
            "title": "Clean Data in Higher Education Act of 2019",
            "type": "HR",
            "url": "https://api.congress.gov/v3/bill/116/hr/4430?format=json"
        },
        {
            "congress": 116,
            "introducedDate": "2019-09-18",
            "latestAction": {
                "actionDate": "2019-09-18",
                "text": "Referred to the House Committee on Education and Labor."
            },
            "number": "4371",
            "policyArea": {
                "name": "Labor and Employment"
            },
            "title": "Strengthen CTE in Higher Education Act",
            "type": "HR",
            "url": "https://api.congress.gov/v3/bill/116/hr/4371?format=json"
        },
        {
            "congress": 116,
            "introducedDate": "2019-09-17",
            "latestAction": {
                "actionDate": "2019-09-17",
                "text": "Referred to the House Committee on Education and Labor."
            },
            "number": "4343",
            "policyArea": {
                "name": "Education"
            },
            "title": "FACT Act of 2019",
            "type": "HR",
            "url": "https://api.congress.gov/v3/bill/116/hr/4343?format=json"
        },
        {
            "congress": 116,
            "introducedDate": "2019-07-25",
            "latestAction": {
                "actionDate": "2019-07-25",
                "text": "Referred to the Subcommittee on Worker and Family Support."
            },
            "number": "4072",
            "policyArea": {
                "name": "Labor and Employment"
            },
            "title": "To deem officers and employees of the United States Government excepted from furlough during a Government shutdown in fiscal year 2020 to be eligible for unemployment compensation, and for other purposes.",
            "type": "HR",
            "url": "https://api.congress.gov/v3/bill/116/hr/4072?format=json"
        },
        {
            "congress": 116,
            "introducedDate": "2019-07-09",
            "latestAction": {
                "actionDate": "2019-07-30",
                "text": "Referred to the Subcommittee on Immigration and Citizenship."
            },
            "number": "3660",
            "policyArea": {
                "name": "Immigration"
            },
            "title": "Accountability for Migrant Deaths Act of 2019",
            "type": "HR",
            "url": "https://api.congress.gov/v3/bill/116/hr/3660?format=json"
        },
        {
            "congress": 116,
            "introducedDate": "2019-06-11",
            "latestAction": {
                "actionDate": "2019-06-12",
                "text": "Referred to the Subcommittee on Military Personnel."
            },
            "number": "3216",
            "policyArea": {
                "name": "Armed Forces and National Security"
            },
            "title": "Prevention of Sexual Assault in the Armed Forces Act",
            "type": "HR",
            "url": "https://api.congress.gov/v3/bill/116/hr/3216?format=json"
        },
        {
            "congress": 116,
            "introducedDate": "2019-05-24",
            "latestAction": {
                "actionDate": "2019-05-24",
                "text": "Referred to the House Committee on Education and Labor."
            },
            "number": "3026",
            "policyArea": {
                "name": "Education"
            },
            "title": "The College Data Access Act",
            "type": "HR",
            "url": "https://api.congress.gov/v3/bill/116/hr/3026?format=json"
        },
        {
            "congress": 116,
            "introducedDate": "2019-05-15",
            "latestAction": {
                "actionDate": "2019-05-16",
                "text": "Referred to the Subcommittee on Water Resources and Environment."
            },
            "number": "2776",
            "policyArea": {
                "name": "Environmental Protection"
            },
            "title": "Stop Sewage Overflow Act",
            "type": "HR",
            "url": "https://api.congress.gov/v3/bill/116/hr/2776?format=json"
        },
        {
            "congress": 116,
            "introducedDate": "2019-05-14",
            "latestAction": {
                "actionDate": "2019-06-26",
                "text": "Referred to the Subcommittee on Crime, Terrorism, and Homeland Security."
            },
            "number": "2734",
            "policyArea": {
                "name": "Crime and Law Enforcement"
            },
            "title": "Safer Prescribing of Controlled Substances Act",
            "type": "HR",
            "url": "https://api.congress.gov/v3/bill/116/hr/2734?format=json"
        },
        {
            "congress": 116,
            "introducedDate": "2019-04-08",
            "latestAction": {
                "actionDate": "2019-04-09",
                "text": "Referred to the Subcommittee on Energy."
            },
            "number": "2139",
            "policyArea": {
                "name": "Transportation and Public Works"
            },
            "title": "Leonel Rondon Pipeline Safety Act",
            "type": "HR",
            "url": "https://api.congress.gov/v3/bill/116/hr/2139?format=json"
        },
        {
            "congress": 116,
            "introducedDate": "2019-03-27",
            "latestAction": {
                "actionDate": "2019-03-27",
                "text": "Referred to the House Committee on Ways and Means."
            },
            "number": "1938",
            "policyArea": {
                "name": "Taxation"
            },
            "title": "Small Employer Retirement Savings Auto-Enrollment Credit Act",
            "type": "HR",
            "url": "https://api.congress.gov/v3/bill/116/hr/1938?format=json"
        },
        {
            "amendmentNumber": "100",
            "congress": 116,
            "introducedDate": "2019-03-07",
            "latestAction": {
                "actionDate": "2019-03-07",
                "actionTime": "19:09:18",
                "text": "On agreeing to the Trahan amendment (A047) Agreed to by voice vote. "
            },
            "type": null,
            "url": "https://api.congress.gov/v3/amendment/116/hamdt/100?format=json"
        },
        {
            "amendmentNumber": "101",
            "congress": 116,
            "introducedDate": "2019-03-07",
            "latestAction": {
                "actionDate": "2019-03-07",
                "actionTime": "19:14:22",
                "text": "On agreeing to the Trahan amendment (A048) Agreed to by voice vote. "
            },
            "type": null,
            "url": "https://api.congress.gov/v3/amendment/116/hamdt/101?format=json"
        },
        {
            "congress": 116,
            "introducedDate": "2019-02-05",
            "latestAction": {
                "actionDate": "2019-02-25",
                "text": "Referred to the Subcommittee on National Parks, Forests, and Public Lands."
            },
            "number": "984",
            "policyArea": {
                "name": "Public Lands and Natural Resources"
            },
            "title": "Nashua River Wild and Scenic River Act of 2019",
            "type": "HR",
            "url": "https://api.congress.gov/v3/bill/116/hr/984?format=json"
        },
        {
            "amendmentNumber": "19",
            "congress": 116,
            "introducedDate": "2019-01-30",
            "latestAction": {
                "actionDate": "2019-01-30",
                "actionTime": "13:35:33",
                "text": "On agreeing to the Trahan amendment (A003) Agreed to by recorded vote: 243 - 183 (Roll no. 62). "
            },
            "type": null,
            "url": "https://api.congress.gov/v3/amendment/116/hamdt/19?format=json"
        }
    ]
}