{
    "pagination": {
        "count": 47
    },
    "request": {
        "bioguideId": "v000129",
        "contentType": "application/json",
        "format": "json"
    },
    "sponsoredLegislation": [
        {
            "congress": 118,
            "introducedDate": "2024-07-09",
            "latestAction": {
                "actionDate": "2024-07-09",
                "text": "Referred to the Committee on the Judiciary, and in addition to the Committee on Homeland Security, for a period to be subsequently determined by the Speaker, in each case for consideration of such provisions as fall within the jurisdiction of the committee concerned."
            },
            "number": "8974",
            "policyArea": {
                "name": null
            },
            "title": "To direct the Secretary of Homeland Security to establish a Blue Campaign Certification Program to encourage employers in covered industries to encourage employees to complete training to recognize and respond to suspected human trafficking, and for other purposes.",
            "type": "HR",
            "url": "https://api.congress.gov/v3/bill/118/hr/8974?format=json"
        },
        {
            "congress": 118,
            "introducedDate": "2024-06-27",
            "latestAction": {
                "actionDate": "2024-07-10",
                "text": "Subcommittee Hearings Held"
            },
            "number": "8874",
            "policyArea": {
                "name": null
            },
            "title": "To direct the Secretary of Veterans Affairs to report on expanding the use of certain automation tools in the Department of Veterans Affairs.",
            "type": "HR",
            "url": "https://api.congress.gov/v3/bill/118/hr/8874?format=json"
        },
        {
            "congress": 118,
            "introducedDate": "2024-06-25",
            "latestAction": {
                "actionDate": "2024-06-25",
                "text": "Referred to the House Committee on the Judiciary."
            },
            "number": "8834",
            "policyArea": {
                "name": null
            },
            "title": "To establish a Supply Chain Fraud and Theft Task Force.",
            "type": "HR",
            "url": "https://api.congress.gov/v3/bill/118/hr/8834?format=json"
        },
        {
            "congress": 118,
            "introducedDate": "2024-06-17",
            "latestAction": {
                "actionDate": "2024-07-11",
                "actionTime": "11:16:46",
                "text": "Motion to reconsider laid on the table Agreed to without objection."
            },
            "number": "8772",
            "policyArea": {
                "name": "Congress"
            },
            "title": "Legislative Branch Appropriations Act, 2025",
            "type": "HR",
            "url": "https://api.congress.gov/v3/bill/118/hr/8772?format=json"
        },
        {
            "congress": 118,
            "introducedDate": "2024-04-23",
            "latestAction": {
                "actionDate": "2024-04-23",
                "text": "Referred to the Committee on Financial Services, and in addition to the Committee on Education and the Workforce, for a period to be subsequently determined by the Speaker, in each case for consideration of such provisions as fall within the jurisdiction of the committee concerned."
            },
            "number": "8126",
            "policyArea": {
                "name": null
            },
            "title": "To amend the Financial Literacy and Education Improvement Act to include secondary schools in best practices for teaching financial literacy, and for other purposes.",
            "type": "HR",
            "url": "https://api.congress.gov/v3/bill/118/hr/8126?format=json"
        },
        {
            "congress": 118,
            "introducedDate": "2024-03-26",
            "latestAction": {
                "actionDate": "2024-03-29",
                "text": "Referred to the Subcommittee on Health."
            },
            "number": "7829",
            "policyArea": {
                "name": "Health"
            },
            "title": "Supplemental Oxygen Access Reform Act of 2024",
            "type": "HR",
            "url": "https://api.congress.gov/v3/bill/118/hr/7829?format=json"
        },
        {
            "congress": 118,
            "introducedDate": "2024-02-13",
            "latestAction": {
                "actionDate": "2024-05-01",
                "text": "Ordered to be Reported in the Nature of a Substitute by Voice Vote."
            },
            "number": "7342",
            "policyArea": {
                "name": "Armed Forces and National Security"
            },
            "title": "Veterans Accessibility Advisory Committee Act of 2024",
            "type": "HR",
            "url": "https://api.congress.gov/v3/bill/118/hr/7342?format=json"
        },
        {
            "congress": 118,
            "introducedDate": "2024-01-18",
            "latestAction": {
                "actionDate": "2024-01-18",
                "text": "Referred to the House Committee on Ways and Means."
            },
            "number": "7055",
            "policyArea": {
                "name": "Social Welfare"
            },
            "title": "Eliminating the Marriage Penalty in SSI Act",
            "type": "HR",
            "url": "https://api.congress.gov/v3/bill/118/hr/7055?format=json"
        },
        {
            "congress": 118,
            "introducedDate": "2023-12-07",
            "latestAction": {
                "actionDate": "2024-01-25",
                "text": "Referred to the Subcommittee on Livestock, Dairy, and Poultry."
            },
            "number": "6690",
            "policyArea": {
                "name": "Agriculture and Food"
            },
            "title": "To amend the Commodity Credit Corporation Charter Act to authorize the use of Commodity Credit Corporation funds for emergency assistance to dairy producers in the case of livestock relocation and feed crop losses due to natural disasters, and for other purposes.",
            "type": "HR",
            "url": "https://api.congress.gov/v3/bill/118/hr/6690?format=json"
        },
        {
            "congress": 118,
            "introducedDate": "2023-10-30",
            "latestAction": {
                "actionDate": "2023-12-06",
                "text": "Ordered to be Reported (Amended) by the Yeas and Nays: 44 - 0."
            },
            "number": "6125",
            "policyArea": {
                "name": "Commerce"
            },
            "title": "Online Dating Safety Act of 2023",
            "type": "HR",
            "url": "https://api.congress.gov/v3/bill/118/hr/6125?format=json"
        },
        {
            "congress": 118,
            "introducedDate": "2023-10-26",
            "latestAction": {
                "actionDate": "2023-11-03",
                "text": "Referred to the Subcommittee on Health."
            },
            "number": "821",
            "policyArea": {
                "name": "Health"
            },
            "title": "Supporting the goals and ideals of \"Creutzfeldt-Jakob Disease (CJD) Awareness Day\".",
            "type": "HRES",
            "url": "https://api.congress.gov/v3/bill/118/hres/821?format=json"
        },
        {
            "congress": 118,
            "introducedDate": "2023-05-16",
            "latestAction": {
                "actionDate": "2023-09-13",
                "text": "Received in the Senate and Read twice and referred to the Committee on Agriculture, Nutrition, and Forestry."
            },
            "number": "3389",
            "policyArea": {
                "name": "Public Lands and Natural Resources"
            },
            "title": "Emergency Wildfire Fighting Technology Act of 2023",
            "type": "HR",
            "url": "https://api.congress.gov/v3/bill/118/hr/3389?format=json"
        },
        {
            "congress": 118,
            "introducedDate": "2023-07-27",
            "latestAction": {
                "actionDate": "2023-09-26",
                "text": "Referred to the Subcommittee on Nutrition, Foreign Agriculture, and Horticulture."
            },
            "number": "5061",
            "policyArea": {
                "name": "Agriculture and Food"
            },
            "title": "Specialty Crop Domestic Market Promotion and Development Program Act of 2023",
            "type": "HR",
            "url": "https://api.congress.gov/v3/bill/118/hr/5061?format=json"
        },
        {
            "congress": 118,
            "introducedDate": "2023-07-27",
            "latestAction": {
                "actionDate": "2023-09-19",
                "text": "Referred to the Subcommittee on Nutrition, Foreign Agriculture, and Horticulture."
            },
            "number": "5062",
            "policyArea": {
                "name": "Agriculture and Food"
            },
            "title": "To amend the Agricultural Marketing Act of 1946 to direct the Secretary of Agriculture to establish a program under which the Secretary will award grants to specialty crop producers to acquire certain equipment and provide training with respect to the use of such equipment.",
            "type": "HR",
            "url": "https://api.congress.gov/v3/bill/118/hr/5062?format=json"
        },
        {
            "congress": 118,
            "introducedDate": "2023-06-14",
            "latestAction": {
                "actionDate": "2023-06-16",
                "text": "Referred to the Subcommittee on Health."
            },
            "number": "4091",
            "policyArea": {
                "name": "Health"
            },
            "title": "To amend the SUPPORT for Patients and Communities Act to expand required reports on T-MSIS substance use disorder data to include mental health condition data.",
            "type": "HR",
            "url": "https://api.congress.gov/v3/bill/118/hr/4091?format=json"
        },
        {
            "congress": 118,
            "introducedDate": "2023-06-05",
            "latestAction": {
                "actionDate": "2023-06-05",
                "text": "Referred to the House Committee on Oversight and Accountability."
            },
            "number": "466",
            "policyArea": {
                "name": "Arts, Culture, Religion"
            },
            "title": "Expressing support for the designation of June as Portuguese National Heritage Month.",
            "type": "HRES",
            "url": "https://api.congress.gov/v3/bill/118/hres/466?format=json"
        },
        {
            "congress": 118,
            "introducedDate": "2023-03-07",
            "latestAction": {
                "actionDate": "2023-04-25",
                "text": "Referred to the Subcommittee on Forestry."
            },
            "number": "1430",
            "policyArea": {
                "name": "Environmental Protection"
            },
            "title": "Determination of NEPA Adequacy Streamlining Act",
            "type": "HR",
            "url": "https://api.congress.gov/v3/bill/118/hr/1430?format=json"
        },
        {
            "congress": 118,
            "introducedDate": "2023-01-09",
            "latestAction": {
                "actionDate": "2023-04-28",
                "text": "Ordered to be Reported (Amended) by the Yeas and Nays: 22 - 17."
            },
            "number": "215",
            "policyArea": {
                "name": "Water Resources Development"
            },
            "title": "WATER for California Act",
            "type": "HR",
            "url": "https://api.congress.gov/v3/bill/118/hr/215?format=json"
        },
        {
            "congress": 118,
            "introducedDate": "2023-10-20",
            "latestAction": {
                "actionDate": "2024-04-15",
                "text": "Received in the Senate and Read twice and referred to the Committee on Energy and Natural Resources."
            },
            "number": "6011",
            "policyArea": {
                "name": "Public Lands and Natural Resources"
            },
            "title": "Right-Of-Way Application Transparency and Accountability Act",
            "type": "HR",
            "url": "https://api.congress.gov/v3/bill/118/hr/6011?format=json"
        },
        {
            "congress": 117,
            "introducedDate": "2022-09-29",
            "latestAction": {
                "actionDate": "2022-09-29",
                "text": "Referred to the House Committee on Natural Resources."
            },
            "number": "9084",
            "policyArea": {
                "name": "Water Resources Development"
            },
            "title": "WATER for California Act",
            "type": "HR",
            "url": "https://api.congress.gov/v3/bill/117/hr/9084?format=json"
        },
        {
            "congress": 117,
            "introducedDate": "2022-09-28",
            "latestAction": {
                "actionDate": "2022-10-28",
                "text": "Referred to the Subcommittee on Conservation and Forestry."
            },
            "number": "9025",
            "policyArea": {
                "name": "Environmental Protection"
            },
            "title": "Determination of NEPA Adequacy Streamlining Act",
            "type": "HR",
            "url": "https://api.congress.gov/v3/bill/117/hr/9025?format=json"
        },
        {
            "congress": 117,
            "introducedDate": "2022-09-21",
            "latestAction": {
                "actionDate": "2022-09-22",
                "text": "Referred to the Subcommittee on Consumer Protection and Commerce."
            },
            "number": "8946",
            "policyArea": {
                "name": "Commerce"
            },
            "title": "Online Dating Safety Act of 2022",
            "type": "HR",
            "url": "https://api.congress.gov/v3/bill/117/hr/8946?format=json"
        },
        {
            "congress": 117,
            "introducedDate": "2022-04-21",
            "latestAction": {
                "actionDate": "2022-04-21",
                "text": "Referred to the House Committee on Education and Labor."
            },
            "number": "1062",
            "policyArea": {
                "name": "Education"
            },
            "title": "Celebrating the 45th anniversary of San Joaquin Valley College.",
            "type": "HRES",
            "url": "https://api.congress.gov/v3/bill/117/hres/1062?format=json"
        },
        {
            "congress": 117,
            "introducedDate": "2021-06-17",
            "latestAction": {
                "actionDate": "2021-07-21",
                "text": "Referred to the Subcommittee on Water, Oceans, and Wildlife."
            },
            "number": "4018",
            "policyArea": {
                "name": "Water Resources Development"
            },
            "title": "NEED Water Act",
            "type": "HR",
            "url": "https://api.congress.gov/v3/bill/117/hr/4018?format=json"
        },
        {
            "congress": 117,
            "introducedDate": "2021-02-02",
            "latestAction": {
                "actionDate": "2021-02-23",
                "text": "Referred to the Subcommittee on Water, Oceans, and Wildlife."
            },
            "number": "737",
            "policyArea": {
                "name": "Water Resources Development"
            },
            "title": "RENEW WIIN Act",
            "type": "HR",
            "url": "https://api.congress.gov/v3/bill/117/hr/737?format=json"
        },
        {
            "congress": 113,
            "introducedDate": "2014-12-02",
            "latestAction": {
                "actionDate": "2014-12-10",
                "text": "Received in the Senate and Read twice and referred to the Committee on Energy and Natural Resources."
            },
            "number": "5781",
            "policyArea": {
                "name": "Water Resources Development"
            },
            "title": "California Emergency Drought Relief Act of 2014",
            "type": "HR",
            "url": "https://api.congress.gov/v3/bill/113/hr/5781?format=json"
        },
        {
            "congress": 113,
            "introducedDate": "2014-07-31",
            "latestAction": {
                "actionDate": "2014-08-01",
                "text": "Referred to the Subcommittee on Health."
            },
            "number": "5384",
            "policyArea": {
                "name": "Health"
            },
            "title": "Securing Health Care for Young Americans Act of 2014",
            "type": "HR",
            "url": "https://api.congress.gov/v3/bill/113/hr/5384?format=json"
        },
        {
            "congress": 113,
            "introducedDate": "2014-01-29",
            "latestAction": {
                "actionDate": "2014-02-10",
                "text": "Read the second time. Placed on Senate Legislative Calendar under General Orders. Calendar No. 306."
            },
            "number": "3964",
            "policyArea": {
                "name": "Water Resources Development"
            },
            "title": "Sacramento-San Joaquin Valley Emergency Water Delivery Act",
            "type": "HR",
            "url": "https://api.congress.gov/v3/bill/113/hr/3964?format=json"
        },
        {
            "congress": 113,
            "introducedDate": "2013-10-30",
            "latestAction": {
                "actionDate": "2013-10-30",
                "text": "Referred to the House Committee on Ways and Means."
            },
            "number": "3391",
            "policyArea": {
                "name": "Taxation"
            },
            "title": "Indian Health Service Health Professions Tax Fairness Act of 2013",
            "type": "HR",
            "url": "https://api.congress.gov/v3/bill/113/hr/3391?format=json"
        },
        {
            "congress": 113,
            "introducedDate": "2013-08-02",
            "latestAction": {
                "actionDate": "2013-09-13",
                "text": "Referred to the Subcommittee on Courts, Intellectual Property, and the Internet."
            },
            "number": "3058",
            "policyArea": {
                "name": "Law"
            },
            "title": "Central Valley Judicial Relief Act of 2013",
            "type": "HR",
            "url": "https://api.congress.gov/v3/bill/113/hr/3058?format=json"
        },
        {
            "congress": 113,
            "introducedDate": "2013-03-21",
            "latestAction": {
                "actionDate": "2013-04-23",
                "text": "Referred to the Subcommittee on Livestock, Rural Development, and Credit."
            },
            "number": "1396",
            "policyArea": {
                "name": "Agriculture and Food"
            },
            "title": "California Federal Milk Marketing Order Act",
            "type": "HR",
            "url": "https://api.congress.gov/v3/bill/113/hr/1396?format=json"
        },
        {
            "congress": 113,
            "introducedDate": "2014-07-30",
            "latestAction": {
                "actionDate": "2014-07-30",
                "text": "Referred to the House Committee on Oversight and Government Reform."
            },
            "number": "698",
            "policyArea": {
                "name": "Crime and Law Enforcement"
            },
            "title": "Condemning the attack that occurred at the Oak Creek Sikh Gurdwara on August 5, 2012, and honoring the memory of those who died in the attack.",
            "type": "HRES",
            "url": "https://api.congress.gov/v3/bill/113/hres/698?format=json"
        },
        {
            "congress": 113,
            "introducedDate": "2013-08-02",
            "latestAction": {
                "actionDate": "2013-08-02",
                "text": "Referred to the House Committee on Oversight and Government Reform."
            },
            "number": "334",
            "policyArea": {
                "name": "Crime and Law Enforcement"
            },
            "title": "Condemning the attack that occurred at the Oak Creek Sikh Gurdwara on August 5, 2012, and honoring the memory of those who died in the attack.",
            "type": "HRES",
            "url": "https://api.congress.gov/v3/bill/113/hres/334?format=json"
        },
        {
            "congress": 113,
            "introducedDate": "2013-05-20",
            "latestAction": {
                "actionDate": "2013-06-07",
                "text": "Referred to the Subcommittee on Europe, Eurasia, and Emerging Threats."
            },
            "number": "227",
            "policyArea": {
                "name": "International Affairs"
            },
            "title": "Calling on the President to work toward equitable, constructive, stable, and durable Armenian-Turkish relations based upon the Republic of Turkey's full acknowledgment of the facts and ongoing consequences of the Armenian Genocide, and a fair, just, and comprehensive international resolution of this crime against humanity.",
            "type": "HRES",
            "url": "https://api.congress.gov/v3/bill/113/hres/227?format=json"
        },
        {
            "congress": 115,
            "introducedDate": "2018-02-07",
            "latestAction": {
                "actionDate": "2018-02-07",
                "text": "Referred to the House Committee on Foreign Affairs."
            },
            "number": "729",
            "policyArea": {
                "name": "International Affairs"
            },
            "title": "Expressing the sense of the House of Representatives that countries that are party to the Hague Convention on the Civil Aspects of International Child Abduction should work to resolve international parental child abduction cases, and for other purposes.",
            "type": "HRES",
            "url": "https://api.congress.gov/v3/bill/115/hres/729?format=json"
        },
        {
            "congress": 115,
            "introducedDate": "2017-09-28",
            "latestAction": {
                "actionDate": "2017-11-16",
                "text": "Referred to the Subcommittee on Commodity Exchanges, Energy, and Credit."
            },
            "number": "3890",
            "policyArea": {
                "name": "Agriculture and Food"
            },
            "title": "Making Rural America Count Act",
            "type": "HR",
            "url": "https://api.congress.gov/v3/bill/115/hr/3890?format=json"
        },
        {
            "congress": 115,
            "introducedDate": "2017-03-28",
            "latestAction": {
                "actionDate": "2017-10-16",
                "text": "Placed on the Union Calendar, Calendar No. 253."
            },
            "number": "1769",
            "policyArea": {
                "name": "Water Resources Development"
            },
            "title": "San Luis Unit Drainage Resolution Act",
            "type": "HR",
            "url": "https://api.congress.gov/v3/bill/115/hr/1769?format=json"
        },
        {
            "congress": 115,
            "introducedDate": "2017-01-24",
            "latestAction": {
                "actionDate": "2017-09-15",
                "text": "Became Public Law No: 115-59."
            },
            "number": "624",
            "policyArea": {
                "name": "Government Operations and Politics"
            },
            "title": "An act to restrict the inclusion of social security account numbers on Federal documents sent by mail, and for other purposes",
            "type": "HR",
            "url": "https://api.congress.gov/v3/bill/115/hr/624?format=json"
        },
        {
            "congress": 115,
            "introducedDate": "2017-01-05",
            "latestAction": {
                "actionDate": "2018-08-01",
                "text": "Committee on Veterans' Affairs. Hearings held. Hearings printed: S.Hrg. 115-616."
            },
            "number": "299",
            "policyArea": {
                "name": "Armed Forces and National Security"
            },
            "title": "Blue Water Navy Vietnam Veterans Act of 2018",
            "type": "HR",
            "url": "https://api.congress.gov/v3/bill/115/hr/299?format=json"
        },
        {
            "congress": 115,
            "introducedDate": "2017-01-03",
            "latestAction": {
                "actionDate": "2017-07-18",
                "text": "Received in the Senate and Read twice and referred to the Committee on Energy and Natural Resources."
            },
            "number": "23",
            "policyArea": {
                "name": "Water Resources Development"
            },
            "title": "Gaining Responsibility on Water Act of 2017",
            "type": "HR",
            "url": "https://api.congress.gov/v3/bill/115/hr/23?format=json"
        },
        {
            "congress": 114,
            "introducedDate": "2016-09-28",
            "latestAction": {
                "actionDate": "2016-09-28",
                "text": "Referred to the House Committee on Ways and Means."
            },
            "number": "6290",
            "policyArea": {
                "name": "Taxation"
            },
            "title": "To amend the Internal Revenue Code of 1986 to extend certain tax incentives for biodiesel, renewable diesel, and alternative fuels.",
            "type": "HR",
            "url": "https://api.congress.gov/v3/bill/114/hr/6290?format=json"
        },
        {
            "congress": 114,
            "introducedDate": "2016-09-28",
            "latestAction": {
                "actionDate": "2016-10-06",
                "text": "Referred to the Subcommittee on Health."
            },
            "number": "6207",
            "policyArea": {
                "name": "Armed Forces and National Security"
            },
            "title": "ACTivate Act",
            "type": "HR",
            "url": "https://api.congress.gov/v3/bill/114/hr/6207?format=json"
        },
        {
            "congress": 114,
            "introducedDate": "2016-01-12",
            "latestAction": {
                "actionDate": "2016-11-16",
                "text": "Ordered to be Reported (Amended) by the Yeas and Nays: 27 - 12."
            },
            "number": "4366",
            "policyArea": {
                "name": "Water Resources Development"
            },
            "title": "San Luis Unit Drainage Resolution Act",
            "type": "HR",
            "url": "https://api.congress.gov/v3/bill/114/hr/4366?format=json"
        },
        {
            "congress": 114,
            "introducedDate": "2015-10-21",
            "latestAction": {
                "actionDate": "2016-09-27",
                "text": "Received in the Senate and Read twice and referred to the Committee on Homeland Security and Governmental Affairs."
            },
            "number": "3779",
            "policyArea": {
                "name": "Government Operations and Politics"
            },
            "title": "Social Security Fraud Prevention Act of 2016",
            "type": "HR",
            "url": "https://api.congress.gov/v3/bill/114/hr/3779?format=json"
        },
        {
            "congress": 114,
            "introducedDate": "2015-06-25",
            "latestAction": {
                "actionDate": "2015-10-08",
                "text": "Committee on Energy and Natural Resources. Hearings held. Hearings printed: S.Hrg. 114-381."
            },
            "number": "2898",
            "policyArea": {
                "name": "Water Resources Development"
            },
            "title": "Western Water and American Food Security Act of 2015",
            "type": "HR",
            "url": "https://api.congress.gov/v3/bill/114/hr/2898?format=json"
        },
        {
            "congress": 114,
            "introducedDate": "2015-06-12",
            "latestAction": {
                "actionDate": "2015-06-25",
                "text": "Subcommittee Hearings Held."
            },
            "number": "2749",
            "policyArea": {
                "name": "Water Resources Development"
            },
            "title": "Dams Accountability, Maintenance, and Safety Act",
            "type": "HR",
            "url": "https://api.congress.gov/v3/bill/114/hr/2749?format=json"
        },
        {
            "congress": 114,
            "introducedDate": "2015-04-16",
            "latestAction": {
                "actionDate": "2015-04-16",
                "text": "Referred to the House Committee on Ways and Means."
            },
            "number": "1842",
            "policyArea": {
                "name": "Taxation"
            },
            "title": "Indian Health Service Health Professions Tax Fairness Act of 2015",
            "type": "HR",
            "url": "https://api.congress.gov/v3/bill/114/hr/1842?format=json"
        }
    ]
}