{
    "pagination": {
        "count": 13
    },
    "request": {
        "bioguideId": "r000567",
        "contentType": "application/json",
        "format": "json"
    },
    "sponsoredLegislation": [
        {
            "congress": 105,
            "introducedDate": "1998-10-12",
            "latestAction": {
                "actionDate": "1998-10-12",
                "text": "Referred to the House Committee on Resources."
            },
            "number": "4816",
            "policyArea": {
                "name": "Public Lands and Natural Resources"
            },
            "title": "To authorize the acquisition of the Valles Caldera currently managed by the Baca Land and Cattle Company, to provide for an effective land and wildlife management program for this resource within the Department of Agriculture through the private sector, and for other purposes.",
            "type": "HR",
            "url": "https://api.congress.gov/v3/bill/105/hr/4816?format=json"
        },
        {
            "congress": 105,
            "introducedDate": "1998-10-10",
            "latestAction": {
                "actionDate": "1998-10-10",
                "text": "Referred to the House Committee on House Oversight."
            },
            "number": "4790",
            "policyArea": {
                "name": "Government Operations and Politics"
            },
            "title": "To amend the Federal Election Campaign Act of 1971 to ban the acceptance of cash contributions greater than $100 in campaigns for election for Federal office.",
            "type": "HR",
            "url": "https://api.congress.gov/v3/bill/105/hr/4790?format=json"
        },
        {
            "congress": 105,
            "introducedDate": "1998-09-16",
            "latestAction": {
                "actionDate": "1998-09-28",
                "text": "Executive Comment Requested from DOD."
            },
            "number": "4586",
            "policyArea": {
                "name": "Armed Forces and National Security"
            },
            "title": "Nuclear Veterans Decoration Act",
            "type": "HR",
            "url": "https://api.congress.gov/v3/bill/105/hr/4586?format=json"
        },
        {
            "congress": 105,
            "introducedDate": "1998-07-14",
            "latestAction": {
                "actionDate": "1998-07-23",
                "text": "Referred to the Subcommittee on Forestry, Resource Conservation and Research."
            },
            "number": "4210",
            "policyArea": {
                "name": "Public Lands and Natural Resources"
            },
            "title": "New Mexico Forest Health and Fire Prevention Act of 1998",
            "type": "HR",
            "url": "https://api.congress.gov/v3/bill/105/hr/4210?format=json"
        },
        {
            "congress": 105,
            "introducedDate": "1998-06-16",
            "latestAction": {
                "actionDate": "1998-06-22",
                "text": "Referred to the Subcommittee on National Parks and Public Lands."
            },
            "number": "4064",
            "policyArea": {
                "name": "Commemorations"
            },
            "title": "Native American Veterans' Memorial Act of 1998",
            "type": "HR",
            "url": "https://api.congress.gov/v3/bill/105/hr/4064?format=json"
        },
        {
            "congress": 105,
            "introducedDate": "1998-05-21",
            "latestAction": {
                "actionDate": "1998-06-01",
                "text": "Referred to the Subcommittee on National Parks and Public Lands."
            },
            "number": "3936",
            "policyArea": {
                "name": "Public Lands and Natural Resources"
            },
            "title": "Bandelier National Monument Administrative Improvement and Watershed Protection Act of 1998",
            "type": "HR",
            "url": "https://api.congress.gov/v3/bill/105/hr/3936?format=json"
        },
        {
            "congress": 105,
            "introducedDate": "1998-06-05",
            "latestAction": {
                "actionDate": "1998-09-15",
                "text": "Referred to the Subcommittee on Military Readiness."
            },
            "number": "4010",
            "policyArea": {
                "name": "Government Operations and Politics"
            },
            "title": "Federal Surplus Property Improvement Act of 1998",
            "type": "HR",
            "url": "https://api.congress.gov/v3/bill/105/hr/4010?format=json"
        },
        {
            "congress": 105,
            "introducedDate": "1998-05-21",
            "latestAction": {
                "actionDate": "1998-05-21",
                "text": "Referred to the House Committee on the Judiciary."
            },
            "number": "3944",
            "policyArea": {
                "name": "Private Legislation"
            },
            "title": "For the relief of Akal Security, Incorporated.",
            "type": "HR",
            "url": "https://api.congress.gov/v3/bill/105/hr/3944?format=json"
        },
        {
            "congress": 105,
            "introducedDate": "1998-05-21",
            "latestAction": {
                "actionDate": "1998-05-21",
                "text": "Referred to the House Committee on the Judiciary."
            },
            "number": "3943",
            "policyArea": {
                "name": "Private Legislation"
            },
            "title": "For the relief of Hilario Armijo, Timothy W. Armijo, Josephine and Mike Baca, Vincent Chavez, David Chinana, Victor Chinana, Ivan T. Gachupin, Michael Gachupin, Frank Madalena, Jr., Dennis Magdalena, Mary Pecos, Lawrence Seonia, Roberta P. Toledo, Nathaniel Tosa, Allen L. Toya, Jr., Ethel Waquie, and Veronica Waquie.",
            "type": "HR",
            "url": "https://api.congress.gov/v3/bill/105/hr/3943?format=json"
        },
        {
            "congress": 105,
            "introducedDate": "1998-03-24",
            "latestAction": {
                "actionDate": "1998-06-25",
                "text": "Subcommittee Hearings Held."
            },
            "number": "3539",
            "policyArea": {
                "name": "Law"
            },
            "title": "Radiation Workers Justice Act of 1998",
            "type": "HR",
            "url": "https://api.congress.gov/v3/bill/105/hr/3539?format=json"
        },
        {
            "congress": 105,
            "introducedDate": "1998-02-12",
            "latestAction": {
                "actionDate": "1998-02-18",
                "text": "Referred to the Subcommittee on Water and Power."
            },
            "number": "3235",
            "policyArea": {
                "name": "Native Americans"
            },
            "title": "To authorize the Navajo Indian irrigation project to use power allocated to it from the Colorado River storage project for on-farm uses.",
            "type": "HR",
            "url": "https://api.congress.gov/v3/bill/105/hr/3235?format=json"
        },
        {
            "congress": 105,
            "introducedDate": "1997-09-24",
            "latestAction": {
                "actionDate": "1998-09-15",
                "text": "Referred to Subcommittee on Forests and Public Lands."
            },
            "number": "2538",
            "policyArea": {
                "name": "Public Lands and Natural Resources"
            },
            "title": "Guadalupe-Hidalgo Treaty Land Claims Act of 1998",
            "type": "HR",
            "url": "https://api.congress.gov/v3/bill/105/hr/2538?format=json"
        },
        {
            "congress": 105,
            "introducedDate": "1998-10-02",
            "latestAction": {
                "actionDate": "1998-10-02",
                "text": "Referred to the House Committee on Education and the Workforce."
            },
            "number": "333",
            "policyArea": {
                "name": "Education"
            },
            "title": "Expressing the sense of the Congress that public schools should conduct ceremonies and other activities to educate and inform students about the sacrifice and commitment of veterans of the United States Armed Forces.",
            "type": "HCONRES",
            "url": "https://api.congress.gov/v3/bill/105/hconres/333?format=json"
        }
    ]
}