{
    "pagination": {
        "count": 137
    },
    "request": {
        "bioguideId": "m000718",
        "contentType": "application/json",
        "format": "json"
    },
    "sponsoredLegislation": [
        {
            "congress": 96,
            "introducedDate": "1980-11-21",
            "latestAction": {
                "actionDate": "1980-11-21",
                "text": "Referred to House Committee on Public Works and Transportation."
            },
            "number": "8381",
            "policyArea": {
                "name": "Government Operations and Politics"
            },
            "title": "A bill to name the United States Post Office Building in Portsmouth, Ohio, the \"William H. Harsha United States Post Office Building\".",
            "type": "HR",
            "url": "https://api.congress.gov/v3/bill/96/hr/8381?format=json"
        },
        {
            "congress": 96,
            "introducedDate": "1980-05-01",
            "latestAction": {
                "actionDate": "1980-05-01",
                "text": "Referred to House Committee on Ways and Means."
            },
            "number": "7243",
            "policyArea": {
                "name": "Taxation"
            },
            "title": "A bill to amend the Internal Revenue Code of 1954 to provide that the excise taxes on self-dealing by a private foundation shall not apply to certain scholarships awarded to children of foundation managers.",
            "type": "HR",
            "url": "https://api.congress.gov/v3/bill/96/hr/7243?format=json"
        },
        {
            "congress": 96,
            "introducedDate": "1979-05-23",
            "latestAction": {
                "actionDate": "1979-05-23",
                "text": "Referred to House Committee on Education and Labor."
            },
            "number": "4210",
            "policyArea": {
                "name": "Labor and Employment"
            },
            "title": "A bill to amend the Federal Mine Safety and Health Amendments Act of 1977 to provide that the provisions of such Act shall not apply to clay surface mining operations.",
            "type": "HR",
            "url": "https://api.congress.gov/v3/bill/96/hr/4210?format=json"
        },
        {
            "congress": 96,
            "introducedDate": "1979-03-29",
            "latestAction": {
                "actionDate": "1979-03-29",
                "text": "Referred to House Committee on Ways and Means."
            },
            "number": "3344",
            "policyArea": {
                "name": "Foreign Trade and International Finance"
            },
            "title": "A bill to amend the Trade Act of 1974 in order to prohibit the designation of certain ferroalloy articles as eligible articles for duty-free treatment under the Generalized System of Preferences.",
            "type": "HR",
            "url": "https://api.congress.gov/v3/bill/96/hr/3344?format=json"
        },
        {
            "congress": 96,
            "introducedDate": "1979-03-15",
            "latestAction": {
                "actionDate": "1979-03-15",
                "text": "Referred to House Committee on Science and Technology."
            },
            "number": "3018",
            "policyArea": {
                "name": "Energy"
            },
            "title": "Alcohol Fuel Additive Act of 1979",
            "type": "HR",
            "url": "https://api.congress.gov/v3/bill/96/hr/3018?format=json"
        },
        {
            "congress": 96,
            "introducedDate": "1979-01-15",
            "latestAction": {
                "actionDate": "1979-01-15",
                "text": "Referred to House Committee on Ways and Means."
            },
            "number": "569",
            "policyArea": {
                "name": "Taxation"
            },
            "title": "A bill to amend the Internal Revenue Code of 1954 to provide a basic $5,000 exemption from income tax for amounts received as annuities, pensions, or other retirement benefits.",
            "type": "HR",
            "url": "https://api.congress.gov/v3/bill/96/hr/569?format=json"
        },
        {
            "congress": 96,
            "introducedDate": "1979-01-15",
            "latestAction": {
                "actionDate": "1979-01-15",
                "text": "Referred to House Committee on Public Works and Transportation."
            },
            "number": "568",
            "policyArea": {
                "name": "Emergency Management"
            },
            "title": "A bill to terminate the authorization of the Salt Creek Dam and Reservoir project, Ohio.",
            "type": "HR",
            "url": "https://api.congress.gov/v3/bill/96/hr/568?format=json"
        },
        {
            "congress": 96,
            "introducedDate": "1979-01-15",
            "latestAction": {
                "actionDate": "1979-01-15",
                "text": "Referred to House Committee on Public Works and Transportation."
            },
            "number": "567",
            "policyArea": {
                "name": "Emergency Management"
            },
            "title": "A bill to authorize the construction of such facilities as deemed necessary by the Secretary of the Army (acting through the Chief of Engineers) in the vicinity of Logan and Nelsonville, Ohio, for the purpose of providing adequate flood protection to this area.",
            "type": "HR",
            "url": "https://api.congress.gov/v3/bill/96/hr/567?format=json"
        },
        {
            "congress": 96,
            "introducedDate": "1980-01-22",
            "latestAction": {
                "actionDate": "1980-01-22",
                "text": "Referred to House Committee on Foreign Affairs."
            },
            "number": "246",
            "policyArea": {
                "name": "Sports and Recreation"
            },
            "title": "A concurrent resolution expressing the sense of the Congress with respect to the site of the 1980 Summer Olympic games.",
            "type": "HCONRES",
            "url": "https://api.congress.gov/v3/bill/96/hconres/246?format=json"
        },
        {
            "congress": 93,
            "introducedDate": "1974-11-26",
            "latestAction": {
                "actionDate": "1974-11-26",
                "text": "Referred to House Committee on Public Works."
            },
            "number": "17528",
            "policyArea": {
                "name": "Emergency Management"
            },
            "title": "u34 A bill to authorize the construction of such facilities as deemed necessary by the Secretary of the Army (acting through the Chief of Engineers) in the vicinity of Logan and Nelsonville, Ohio, for the purpose of providing adequate flood protection to this area.",
            "type": "HR",
            "url": "https://api.congress.gov/v3/bill/93/hr/17528?format=json"
        },
        {
            "congress": 93,
            "introducedDate": "1974-10-10",
            "latestAction": {
                "actionDate": "1974-10-10",
                "text": "Referred to House Committee on Appropriations."
            },
            "number": "17280",
            "policyArea": {
                "name": "Economics and Public Finance"
            },
            "title": "A bill to provide for joint action by the executive and legislative branches to limit outlays from budget authority for the fiscal year 1975.",
            "type": "HR",
            "url": "https://api.congress.gov/v3/bill/93/hr/17280?format=json"
        },
        {
            "congress": 93,
            "introducedDate": "1974-09-11",
            "latestAction": {
                "actionDate": "1974-09-11",
                "text": "Referred to House Committee on Interstate and Foreign Commerce."
            },
            "number": "16620",
            "policyArea": {
                "name": "Health"
            },
            "title": "Arthritis Prevention, Treatment, and Rehabilitation Act",
            "type": "HR",
            "url": "https://api.congress.gov/v3/bill/93/hr/16620?format=json"
        },
        {
            "congress": 93,
            "introducedDate": "1974-08-13",
            "latestAction": {
                "actionDate": "1974-08-13",
                "text": "Referred to House Committee on Banking and Currency."
            },
            "number": "16414",
            "policyArea": {
                "name": "Inflation"
            },
            "title": "Anti-Inflation Act",
            "type": "HR",
            "url": "https://api.congress.gov/v3/bill/93/hr/16414?format=json"
        },
        {
            "congress": 93,
            "introducedDate": "1974-07-23",
            "latestAction": {
                "actionDate": "1974-07-23",
                "text": "Referred to House Committee on Foreign Affairs."
            },
            "number": "16072",
            "policyArea": {
                "name": "International Affairs"
            },
            "title": "A bill to authorize the provision of assistance to foreign countries in exchange for strategic or critical raw materials.",
            "type": "HR",
            "url": "https://api.congress.gov/v3/bill/93/hr/16072?format=json"
        },
        {
            "congress": 93,
            "introducedDate": "1974-07-23",
            "latestAction": {
                "actionDate": "1974-07-23",
                "text": "Referred to House Committee on Government Operations."
            },
            "number": "16073",
            "policyArea": {
                "name": "Government Operations and Politics"
            },
            "title": "A bill to amend section 20 of the Federal Property and Administrative Services Act of 1948 by repealing the authority of the Administrator of General Services and of certain executive agencies to charge an occupant of a Federal building for the use of such building.",
            "type": "HR",
            "url": "https://api.congress.gov/v3/bill/93/hr/16073?format=json"
        },
        {
            "congress": 93,
            "introducedDate": "1974-07-23",
            "latestAction": {
                "actionDate": "1974-07-23",
                "text": "Referred to House Committee on Banking and Currency."
            },
            "number": "16071",
            "policyArea": {
                "name": "Disaster relief"
            },
            "title": "A bill to amend the National Flood Insurance Act of 1968 to continue the present federally subsidized flood insurance program in any locality where construction of an adequate flood protection system has begun, and to eliminate the compulsory features added to such program by the Flood Disaster Protection Act of 1973.",
            "type": "HR",
            "url": "https://api.congress.gov/v3/bill/93/hr/16071?format=json"
        },
        {
            "congress": 93,
            "introducedDate": "1974-06-13",
            "latestAction": {
                "actionDate": "1974-06-13",
                "text": "Referred to House Committee on Foreign Affairs."
            },
            "number": "15397",
            "policyArea": {
                "name": "International Affairs"
            },
            "title": "A bill to authorize the provision of assistance to foreign countries in exchange for strategic or critical raw materials.",
            "type": "HR",
            "url": "https://api.congress.gov/v3/bill/93/hr/15397?format=json"
        },
        {
            "congress": 93,
            "introducedDate": "1974-05-02",
            "latestAction": {
                "actionDate": "1974-05-02",
                "text": "Referred to House Committee on Foreign Affairs."
            },
            "number": "14561",
            "policyArea": {
                "name": "International Affairs"
            },
            "title": "A bill to authorize the provision of assistance to foreign countries in exchange for strategic or critical raw materials.",
            "type": "HR",
            "url": "https://api.congress.gov/v3/bill/93/hr/14561?format=json"
        },
        {
            "congress": 93,
            "introducedDate": "1974-04-23",
            "latestAction": {
                "actionDate": "1974-04-23",
                "text": "Referred to House Committee on Banking and Currency."
            },
            "number": "14297",
            "policyArea": {
                "name": "Foreign Trade and International Finance"
            },
            "title": "A bill to prohibit for a temporary period the exportation of ferrous scrap.",
            "type": "HR",
            "url": "https://api.congress.gov/v3/bill/93/hr/14297?format=json"
        },
        {
            "congress": 93,
            "introducedDate": "1974-04-08",
            "latestAction": {
                "actionDate": "1974-04-08",
                "text": "Referred to House Committee on Foreign Affairs."
            },
            "number": "14041",
            "policyArea": {
                "name": "International Affairs"
            },
            "title": "A bill to authorize the provision of assistance to foreign countries in exchange for strategic or critical raw materials.",
            "type": "HR",
            "url": "https://api.congress.gov/v3/bill/93/hr/14041?format=json"
        },
        {
            "congress": 93,
            "introducedDate": "1974-01-30",
            "latestAction": {
                "actionDate": "1974-01-30",
                "text": "Referred to House Committee on Interstate and Foreign Commerce."
            },
            "number": "12411",
            "policyArea": {
                "name": "Science, Technology, Communications"
            },
            "title": "A bill to repeal the Emergency Daylight Saving Time Energy Conservation Act of 1973.",
            "type": "HR",
            "url": "https://api.congress.gov/v3/bill/93/hr/12411?format=json"
        },
        {
            "congress": 93,
            "introducedDate": "1973-12-21",
            "latestAction": {
                "actionDate": "1973-12-21",
                "text": "Referred to House Committee on Education and Labor."
            },
            "number": "12119",
            "policyArea": {
                "name": "Labor and Employment"
            },
            "title": "A bill to amend the Federal Coal Mine Health and Safety Act of 1969 to exclude any coal mine in which every miner who works in such mine is either complete or partial owner or member of the immediate family of such owner from coverage under titles I, II, and III of the act.",
            "type": "HR",
            "url": "https://api.congress.gov/v3/bill/93/hr/12119?format=json"
        },
        {
            "congress": 93,
            "introducedDate": "1973-09-27",
            "latestAction": {
                "actionDate": "1973-09-27",
                "text": "Referred to House Committee on Ways and Means."
            },
            "number": "10590",
            "policyArea": {
                "name": "Foreign Trade and International Finance"
            },
            "title": "Footwear Articles Import Relief Trade Act",
            "type": "HR",
            "url": "https://api.congress.gov/v3/bill/93/hr/10590?format=json"
        },
        {
            "congress": 93,
            "introducedDate": "1973-07-31",
            "latestAction": {
                "actionDate": "1973-07-31",
                "text": "Referred to House Committee on Ways and Means."
            },
            "number": "9724",
            "policyArea": {
                "name": "Commerce"
            },
            "title": "A bill to amend the Internal Revenue Code of 1954 to relieve small employers from the requirement of paying or depositing certain employment taxes more often than once each month.",
            "type": "HR",
            "url": "https://api.congress.gov/v3/bill/93/hr/9724?format=json"
        },
        {
            "congress": 93,
            "introducedDate": "1973-07-16",
            "latestAction": {
                "actionDate": "1973-07-16",
                "text": "Referred to House Committee on Public Works."
            },
            "number": "9289",
            "policyArea": {
                "name": "Dams"
            },
            "title": "A bill to terminate the authorization of the Salt Creek Dam and Reservoir project, Ohio.",
            "type": "HR",
            "url": "https://api.congress.gov/v3/bill/93/hr/9289?format=json"
        },
        {
            "congress": 93,
            "introducedDate": "1973-06-13",
            "latestAction": {
                "actionDate": "1973-06-13",
                "text": "Referred to House Committee on Merchant Marine and Fisheries."
            },
            "number": "8645",
            "policyArea": {
                "name": "Armed Forces and National Security"
            },
            "title": "A bill to direct the Commandant of the U.S. Coast Guard to develop and issue rules and regulations governing the movement and anchorage of vessels and barges in a portion of the Ohio River.",
            "type": "HR",
            "url": "https://api.congress.gov/v3/bill/93/hr/8645?format=json"
        },
        {
            "congress": 93,
            "introducedDate": "1973-05-31",
            "latestAction": {
                "actionDate": "1973-05-31",
                "text": "Referred to House Committee on Interstate and Foreign Commerce."
            },
            "number": "8279",
            "policyArea": {
                "name": null
            },
            "title": "Food Supplement Amendment",
            "type": "HR",
            "url": "https://api.congress.gov/v3/bill/93/hr/8279?format=json"
        },
        {
            "congress": 93,
            "introducedDate": "1973-05-08",
            "latestAction": {
                "actionDate": "1973-05-08",
                "text": "Referred to House Committee on Post Office and Civil Service."
            },
            "number": "7602",
            "policyArea": {
                "name": "Government Operations and Politics"
            },
            "title": "A bill to encourage earlier retirement by permitting Federal employees to purchase into the civil service retirement system benefits unduplicated in any other retirement system based on employment in Federal programs operated by State and local governments under Federal funding and supervision.",
            "type": "HR",
            "url": "https://api.congress.gov/v3/bill/93/hr/7602?format=json"
        },
        {
            "congress": 93,
            "introducedDate": "1973-03-29",
            "latestAction": {
                "actionDate": "1973-03-29",
                "text": "Referred to House Committee on Banking and Currency."
            },
            "number": "6347",
            "policyArea": {
                "name": "Foreign Trade and International Finance"
            },
            "title": "A bill to prohibit the exportation of logs from the United States.",
            "type": "HR",
            "url": "https://api.congress.gov/v3/bill/93/hr/6347?format=json"
        },
        {
            "congress": 93,
            "introducedDate": "1973-03-29",
            "latestAction": {
                "actionDate": "1973-03-29",
                "text": "Referred to House Committee on Education and Labor."
            },
            "number": "6348",
            "policyArea": {
                "name": "Education"
            },
            "title": "Mobile Teachers' Retirement Assistance Act",
            "type": "HR",
            "url": "https://api.congress.gov/v3/bill/93/hr/6348?format=json"
        },
        {
            "congress": 93,
            "introducedDate": "1973-01-26",
            "latestAction": {
                "actionDate": "1973-01-26",
                "text": "Referred to House Committee on Judiciary."
            },
            "number": "3001",
            "policyArea": {
                "name": "Crime and Law Enforcement"
            },
            "title": "A bill to make the use of a firearm to commit certain felonies a Federal crime where that use violates State law.",
            "type": "HR",
            "url": "https://api.congress.gov/v3/bill/93/hr/3001?format=json"
        },
        {
            "congress": 93,
            "introducedDate": "1973-01-18",
            "latestAction": {
                "actionDate": "1973-01-18",
                "text": "Referred to House Committee on Veterans' Affairs."
            },
            "number": "2366",
            "policyArea": {
                "name": "Armed Forces and National Security"
            },
            "title": "A bill to amend title 38 of the United States Code to make certain that recipients of veterans' pension and compensation will not have the amount of such pension or compensation reduced because of increases in monthly social security benefits.",
            "type": "HR",
            "url": "https://api.congress.gov/v3/bill/93/hr/2366?format=json"
        },
        {
            "congress": 93,
            "introducedDate": "1973-01-18",
            "latestAction": {
                "actionDate": "1973-01-18",
                "text": "Referred to House Committee on Veterans' Affairs."
            },
            "number": "2367",
            "policyArea": {
                "name": "Armed Forces and National Security"
            },
            "title": "A bill to provide for adjustments in monthly monetary benefits administered by the Veterans' Administration, according to changes in the Consumer Price Index.",
            "type": "HR",
            "url": "https://api.congress.gov/v3/bill/93/hr/2367?format=json"
        },
        {
            "congress": 93,
            "introducedDate": "1973-01-18",
            "latestAction": {
                "actionDate": "1973-01-18",
                "text": "Referred to House Committee on Judiciary."
            },
            "number": "2365",
            "policyArea": {
                "name": "Government Operations and Politics"
            },
            "title": "A bill to amend title 5 of the United States Code with respect to the observance of Memorial Day and Veterans Day.",
            "type": "HR",
            "url": "https://api.congress.gov/v3/bill/93/hr/2365?format=json"
        },
        {
            "congress": 93,
            "introducedDate": "1973-01-18",
            "latestAction": {
                "actionDate": "1973-01-18",
                "text": "Referred to House Committee on Veterans' Affairs."
            },
            "number": "2368",
            "policyArea": {
                "name": "Armed Forces and National Security"
            },
            "title": "A bill to amend chapter 34 of title 38, United States Code, to extend the time period within which veterans may be entitled to educational assistance under such chapter after their discharge or release from active duty.",
            "type": "HR",
            "url": "https://api.congress.gov/v3/bill/93/hr/2368?format=json"
        },
        {
            "congress": 93,
            "introducedDate": "1973-12-21",
            "latestAction": {
                "actionDate": "1973-12-21",
                "text": "Referred to House Committee on Judiciary."
            },
            "number": "870",
            "policyArea": {
                "name": "Congress"
            },
            "title": "Joint resolution proposing an amendment to the Constitution of the United States with respect to the attendance of Senators and Representatives at sessions of the Congress.",
            "type": "HJRES",
            "url": "https://api.congress.gov/v3/bill/93/hjres/870?format=json"
        },
        {
            "congress": 93,
            "introducedDate": "1973-12-06",
            "latestAction": {
                "actionDate": "1973-12-06",
                "text": "Referred to House Committee on Judiciary."
            },
            "number": "848",
            "policyArea": {
                "name": "Congress"
            },
            "title": "Joint resolution proposing an amendment to the Constitution of the United States with respect to the attendance of Senators and Representatives at sessions of the Congress.",
            "type": "HJRES",
            "url": "https://api.congress.gov/v3/bill/93/hjres/848?format=json"
        },
        {
            "congress": 93,
            "introducedDate": "1973-11-08",
            "latestAction": {
                "actionDate": "1973-11-08",
                "text": "Referred to House Committee on the Judiciary."
            },
            "number": "819",
            "policyArea": {
                "name": "Congress"
            },
            "title": "Joint resolution proposing an amendment to the Constitution of the United States with respect to the attendance of Senators and Representatives at sessions of the Congress.",
            "type": "HJRES",
            "url": "https://api.congress.gov/v3/bill/93/hjres/819?format=json"
        },
        {
            "congress": 93,
            "introducedDate": "1973-11-27",
            "latestAction": {
                "actionDate": "1973-11-27",
                "text": "Referred to House Committee on Judiciary."
            },
            "number": "833",
            "policyArea": {
                "name": "Congress"
            },
            "title": "Joint resolution proposing an amendment to the Constitution of the United States with respect to the attendance of Senators and Representatives at sessions of the Congress.",
            "type": "HJRES",
            "url": "https://api.congress.gov/v3/bill/93/hjres/833?format=json"
        },
        {
            "congress": 94,
            "introducedDate": "1976-09-08",
            "latestAction": {
                "actionDate": "1976-09-08",
                "text": "Referred to House Committee on Education and Labor."
            },
            "number": "15479",
            "policyArea": {
                "name": "Sex discrimination"
            },
            "title": "A bill to amend section 901 (a) (relating to prohibition of sex discrimination) of the Education Amendments of 1972 to exempt from the prohibition of such section musical programs or activities and social programs or activities designed for parents and students.",
            "type": "HR",
            "url": "https://api.congress.gov/v3/bill/94/hr/15479?format=json"
        },
        {
            "congress": 94,
            "introducedDate": "1976-09-01",
            "latestAction": {
                "actionDate": "1976-09-01",
                "text": "Referred to House Committee on Education and Labor."
            },
            "number": "15395",
            "policyArea": {
                "name": "Sex discrimination"
            },
            "title": "A bill to amend section 901(a) (relating to the prohibition of sex discrimination) of the Education Amendments of 1972 to exempt from the prohibition of such section musical programs or activities, and social programs or activities designed for parents and students.",
            "type": "HR",
            "url": "https://api.congress.gov/v3/bill/94/hr/15395?format=json"
        },
        {
            "congress": 94,
            "introducedDate": "1976-08-30",
            "latestAction": {
                "actionDate": "1976-08-30",
                "text": "Referred to House Committee on Education and Labor."
            },
            "number": "15316",
            "policyArea": {
                "name": "Sex discrimination"
            },
            "title": "A bill to amend section 901(a) (relating to the prohibition of sex discrimination) of the Education Amendments of 1972 to exempt from the prohibition of such section musical programs or activities, and social programs or activities designed for parent and students.",
            "type": "HR",
            "url": "https://api.congress.gov/v3/bill/94/hr/15316?format=json"
        },
        {
            "congress": 94,
            "introducedDate": "1976-08-10",
            "latestAction": {
                "actionDate": "1976-08-10",
                "text": "Referred to House Committee on Education and Labor."
            },
            "number": "15164",
            "policyArea": {
                "name": "Sex discrimination"
            },
            "title": "A bill to amend section 901 (a) (relating to prohibition of sex discrimination) of the Education Amendments of 1972 to exempt athletic programs or activities from the prohibition of such section.",
            "type": "HR",
            "url": "https://api.congress.gov/v3/bill/94/hr/15164?format=json"
        },
        {
            "congress": 94,
            "introducedDate": "1976-08-10",
            "latestAction": {
                "actionDate": "1976-08-10",
                "text": "Referred to House Committee on Public Works and Transportation."
            },
            "number": "15166",
            "policyArea": {
                "name": "Transportation and Public Works"
            },
            "title": "A bill to amend section 201 of the Appalachian Regional Development Act of 1965.",
            "type": "HR",
            "url": "https://api.congress.gov/v3/bill/94/hr/15166?format=json"
        },
        {
            "congress": 94,
            "introducedDate": "1976-08-10",
            "latestAction": {
                "actionDate": "1976-08-10",
                "text": "Referred to House Committee on Education and Labor."
            },
            "number": "15165",
            "policyArea": {
                "name": "Sex discrimination"
            },
            "title": "A bill to amend section 901 (a) (relating to prohibition of sex discrimination) of the Education Amendments of 1972 to exempt from the prohibition of such section musical programs or activities, and social programs or activities designed for parents and students.",
            "type": "HR",
            "url": "https://api.congress.gov/v3/bill/94/hr/15165?format=json"
        },
        {
            "congress": 94,
            "introducedDate": "1976-05-18",
            "latestAction": {
                "actionDate": "1976-05-18",
                "text": "Referred to House Committee on Ways and Means."
            },
            "number": "13869",
            "policyArea": {
                "name": "Taxation"
            },
            "title": "A bill to amend the Internal Revenue Code of 1954 to provide a basic $5,000 exemption from income tax in the case of an individual or a married couple, for amounts received as annuities, pensions, or other retirement benefits.",
            "type": "HR",
            "url": "https://api.congress.gov/v3/bill/94/hr/13869?format=json"
        },
        {
            "congress": 94,
            "introducedDate": "1976-05-07",
            "latestAction": {
                "actionDate": "1976-05-07",
                "text": "Referred to House Committee on Public Works and Transportation."
            },
            "number": "13646",
            "policyArea": {
                "name": "Transportation and Public Works"
            },
            "title": "A bill to amend section 201 of the Appalachian Region Development Act of 1965.",
            "type": "HR",
            "url": "https://api.congress.gov/v3/bill/94/hr/13646?format=json"
        },
        {
            "congress": 94,
            "introducedDate": "1976-04-26",
            "latestAction": {
                "actionDate": "1976-04-26",
                "text": "Referred to House Committee on Interstate and Foreign Commerce."
            },
            "number": "13288",
            "policyArea": {
                "name": "Government Operations and Politics"
            },
            "title": "Consumer Communications Reform Act",
            "type": "HR",
            "url": "https://api.congress.gov/v3/bill/94/hr/13288?format=json"
        },
        {
            "congress": 94,
            "introducedDate": "1976-04-26",
            "latestAction": {
                "actionDate": "1976-04-26",
                "text": "Referred to House Committee on Ways and Means."
            },
            "number": "13289",
            "policyArea": {
                "name": "Foundations"
            },
            "title": "A bill to amend the Internal Revenue Code of 1954 to modify the charitable distribution requirements imposed upon foundations.",
            "type": "HR",
            "url": "https://api.congress.gov/v3/bill/94/hr/13289?format=json"
        },
        {
            "congress": 94,
            "introducedDate": "1975-10-22",
            "latestAction": {
                "actionDate": "1975-10-22",
                "text": "Referred to House Committee on the Judiciary."
            },
            "number": "10330",
            "policyArea": {
                "name": "Crime and Law Enforcement"
            },
            "title": "A bill to amend title 18 of the United States Code to increase the penalties for certain criminal acts against the person of the President.",
            "type": "HR",
            "url": "https://api.congress.gov/v3/bill/94/hr/10330?format=json"
        },
        {
            "congress": 94,
            "introducedDate": "1975-10-03",
            "latestAction": {
                "actionDate": "1975-10-03",
                "text": "Referred to House Committee on the Judiciary."
            },
            "number": "10020",
            "policyArea": {
                "name": "Crime and Law Enforcement"
            },
            "title": "A bill to amend title 18 of the United States Code to increase the penalties for certain criminal acts against the person of the President.",
            "type": "HR",
            "url": "https://api.congress.gov/v3/bill/94/hr/10020?format=json"
        },
        {
            "congress": 94,
            "introducedDate": "1975-09-26",
            "latestAction": {
                "actionDate": "1975-09-26",
                "text": "Referred to House Committee on the Judiciary."
            },
            "number": "9878",
            "policyArea": {
                "name": "Crime and Law Enforcement"
            },
            "title": "A bill to amend title 18 of the United States Code to increase the penalties for certain criminal acts against the person of the President.",
            "type": "HR",
            "url": "https://api.congress.gov/v3/bill/94/hr/9878?format=json"
        },
        {
            "congress": 94,
            "introducedDate": "1975-07-22",
            "latestAction": {
                "actionDate": "1975-07-22",
                "text": "Referred to House Committee on the Judiciary."
            },
            "number": "8821",
            "policyArea": {
                "name": "Law"
            },
            "title": "A bill to provide that in a civil action where the United States is a plaintiff, a prevailing defendant may recover a reasonable attorney's fee and other reasonable litigation costs.",
            "type": "HR",
            "url": "https://api.congress.gov/v3/bill/94/hr/8821?format=json"
        },
        {
            "congress": 94,
            "introducedDate": "1975-07-16",
            "latestAction": {
                "actionDate": "1975-07-16",
                "text": "Referred to House Committee on Post Office and Civil Service."
            },
            "number": "8668",
            "policyArea": {
                "name": "Armed Forces and National Security"
            },
            "title": "A bill to amend title 39, United States Code, to extend the period during which preferential mail rates shall apply with respect to certain publications mailed by veterans' organizations.",
            "type": "HR",
            "url": "https://api.congress.gov/v3/bill/94/hr/8668?format=json"
        },
        {
            "congress": 94,
            "introducedDate": "1975-07-08",
            "latestAction": {
                "actionDate": "1975-07-08",
                "text": "Referred to House Committee on Post Office and Civil Service."
            },
            "number": "8391",
            "policyArea": {
                "name": "Armed Forces and National Security"
            },
            "title": "A bill to amend title 39, United States Code, to extend the period during which preferential mail rates shall apply with respect to certain publications mailed by veterans organizations.",
            "type": "HR",
            "url": "https://api.congress.gov/v3/bill/94/hr/8391?format=json"
        },
        {
            "congress": 94,
            "introducedDate": "1975-06-26",
            "latestAction": {
                "actionDate": "1975-06-26",
                "text": "Referred to House Committee on Post Office and Civil Service."
            },
            "number": "8300",
            "policyArea": {
                "name": "Armed Forces and National Security"
            },
            "title": "A bill to amend title 39, United States Code, to extend the period during which preferential mail rates shall apply with respect to certain publications mailed by veterans' organizations.",
            "type": "HR",
            "url": "https://api.congress.gov/v3/bill/94/hr/8300?format=json"
        },
        {
            "congress": 94,
            "introducedDate": "1975-06-03",
            "latestAction": {
                "actionDate": "1975-06-03",
                "text": "Referred to House Committee on Veterans' Affairs."
            },
            "number": "7560",
            "policyArea": {
                "name": "Armed Forces and National Security"
            },
            "title": "A bill to amend title 38 of the United States Code in order to provide service pensions to certain veterans of World War I and pensions to the widows of such veterans.",
            "type": "HR",
            "url": "https://api.congress.gov/v3/bill/94/hr/7560?format=json"
        },
        {
            "congress": 94,
            "introducedDate": "1975-06-04",
            "latestAction": {
                "actionDate": "1975-06-04",
                "text": "Referred to House Committee on Ways and Means."
            },
            "number": "7613",
            "policyArea": {
                "name": "Social Welfare"
            },
            "title": "A bill to amend title II of the Social Security Act to increase to $4,000 the amount of outside earnings permitted each year without any deductions from benefits thereunder.",
            "type": "HR",
            "url": "https://api.congress.gov/v3/bill/94/hr/7613?format=json"
        },
        {
            "congress": 94,
            "introducedDate": "1975-05-19",
            "latestAction": {
                "actionDate": "1975-05-19",
                "text": "Referred to House Committee on Post Office and Civil Service."
            },
            "number": "7093",
            "policyArea": {
                "name": "Armed Forces and National Security"
            },
            "title": "A bill to amend title 39, United States Code, to extend the period during which preferential mail rates shall apply with respect to certain publications mailed by veterans' organizations.",
            "type": "HR",
            "url": "https://api.congress.gov/v3/bill/94/hr/7093?format=json"
        },
        {
            "congress": 94,
            "introducedDate": "1975-05-05",
            "latestAction": {
                "actionDate": "1975-05-05",
                "text": "Referred to House Committee on Ways and Means."
            },
            "number": "6672",
            "policyArea": {
                "name": "Social Welfare"
            },
            "title": "A bill to amend title II of the Social Security Act to increase the amount of outside earnings which (subject to further increases under the automatic adjustment provisions) is permitted each year without any deductions from benefits thereunder, and to revise the method for determining such amount.",
            "type": "HR",
            "url": "https://api.congress.gov/v3/bill/94/hr/6672?format=json"
        },
        {
            "congress": 94,
            "introducedDate": "1975-04-30",
            "latestAction": {
                "actionDate": "1975-04-30",
                "text": "Referred to House Committee on Post Office and Civil Service."
            },
            "number": "6566",
            "policyArea": {
                "name": "Government Operations and Politics"
            },
            "title": "A bill to amend the Federal Salary Act of 1967.",
            "type": "HR",
            "url": "https://api.congress.gov/v3/bill/94/hr/6566?format=json"
        },
        {
            "congress": 94,
            "introducedDate": "1975-04-29",
            "latestAction": {
                "actionDate": "1975-04-29",
                "text": "Referred to House Committee on Interstate and Foreign Commerce."
            },
            "number": "6462",
            "policyArea": {
                "name": "Motor vehicles"
            },
            "title": "A bill to amend the Clean Air Act to provide a postponement of certain motor vehicle emission standards and to provide for certain related studies and reports.",
            "type": "HR",
            "url": "https://api.congress.gov/v3/bill/94/hr/6462?format=json"
        },
        {
            "congress": 94,
            "introducedDate": "1975-04-09",
            "latestAction": {
                "actionDate": "1975-04-09",
                "text": "Referred to House Committee on Interstate and Foreign Commerce."
            },
            "number": "5779",
            "policyArea": {
                "name": "Firearms"
            },
            "title": "A bill to prohibit the Consumer Product Safety Commission from restricting the sale or manufacture of firearms or ammunition.",
            "type": "HR",
            "url": "https://api.congress.gov/v3/bill/94/hr/5779?format=json"
        },
        {
            "congress": 94,
            "introducedDate": "1975-04-08",
            "latestAction": {
                "actionDate": "1975-04-08",
                "text": "Referred to House Committee on Government Operations."
            },
            "number": "5733",
            "policyArea": {
                "name": "Government Operations and Politics"
            },
            "title": "Limousine Limitation Act",
            "type": "HR",
            "url": "https://api.congress.gov/v3/bill/94/hr/5733?format=json"
        },
        {
            "congress": 94,
            "introducedDate": "1975-04-08",
            "latestAction": {
                "actionDate": "1975-04-08",
                "text": "Referred to House Committee on the Judiciary."
            },
            "number": "5734",
            "policyArea": {
                "name": "Crime and Law Enforcement"
            },
            "title": "A bill to make the use of a firearm to commit certain felonies a Federal crime where that use violates State law.",
            "type": "HR",
            "url": "https://api.congress.gov/v3/bill/94/hr/5734?format=json"
        },
        {
            "congress": 94,
            "introducedDate": "1975-03-25",
            "latestAction": {
                "actionDate": "1975-03-25",
                "text": "Referred to House Committee on Veterans' Affairs."
            },
            "number": "5477",
            "policyArea": {
                "name": "Armed Forces and National Security"
            },
            "title": "A bill to amend title 38 of the United States Code to make certain that recipients of veterans' pension and compensation will not have the amount of such pension or compensation reduced because of increases in monthly social security benefits.",
            "type": "HR",
            "url": "https://api.congress.gov/v3/bill/94/hr/5477?format=json"
        },
        {
            "congress": 94,
            "introducedDate": "1975-03-25",
            "latestAction": {
                "actionDate": "1975-03-25",
                "text": "Referred to House Committee on Interstate and Foreign Commerce."
            },
            "number": "5478",
            "policyArea": {
                "name": "Health"
            },
            "title": "A bill to amend title XI of the Social Security Act to repeal the recently added provision for the establishment of professional standards review organizations to review services covered under the medicare and medicaid programs.",
            "type": "HR",
            "url": "https://api.congress.gov/v3/bill/94/hr/5478?format=json"
        },
        {
            "congress": 94,
            "introducedDate": "1975-03-10",
            "latestAction": {
                "actionDate": "1975-03-10",
                "text": "Referred to House Committee on Post Office and Civil Service."
            },
            "number": "4533",
            "policyArea": {
                "name": "Government Operations and Politics"
            },
            "title": "A bill to amend title 5 of the United States Code with respect to the observance of Memorial Day and Veterans' Day.",
            "type": "HR",
            "url": "https://api.congress.gov/v3/bill/94/hr/4533?format=json"
        },
        {
            "congress": 94,
            "introducedDate": "1975-03-04",
            "latestAction": {
                "actionDate": "1975-03-04",
                "text": "Referred to House Committee on Public Works and Transportation."
            },
            "number": "4219",
            "policyArea": {
                "name": "Reservoirs"
            },
            "title": "A bill to terminate the authorization of the Salt Creek Dam and Reservoir project, Ohio.",
            "type": "HR",
            "url": "https://api.congress.gov/v3/bill/94/hr/4219?format=json"
        },
        {
            "congress": 94,
            "introducedDate": "1975-02-25",
            "latestAction": {
                "actionDate": "1975-02-25",
                "text": "Referred to House Committee on Banking, Currency and Housing."
            },
            "number": "3676",
            "policyArea": {
                "name": "Finance and Financial Sector"
            },
            "title": "A bill to amend the National Flood Insurance Act of 1968 to continue the present federally subsidized flood insurance program in any locality where construction of an adequate flood protection system has begun, and to eliminate the compulsory features added to such program by the Flood Disaster Protection Act of 1973.",
            "type": "HR",
            "url": "https://api.congress.gov/v3/bill/94/hr/3676?format=json"
        },
        {
            "congress": 94,
            "introducedDate": "1975-02-25",
            "latestAction": {
                "actionDate": "1975-02-25",
                "text": "Referred to House Committee on Interstate and Foreign Commerce."
            },
            "number": "3677",
            "policyArea": {
                "name": "Transportation and Public Works"
            },
            "title": "A bill to prevent the abandonment of railroad lines covered by the Rail Reorganization Act.",
            "type": "HR",
            "url": "https://api.congress.gov/v3/bill/94/hr/3677?format=json"
        },
        {
            "congress": 94,
            "introducedDate": "1975-01-17",
            "latestAction": {
                "actionDate": "1975-01-17",
                "text": "Referred to House Committee on Public Works and Transportation."
            },
            "number": "1613",
            "policyArea": {
                "name": "Water Resources Development"
            },
            "title": "A bill to authorize the construction of such facilities as deemed necessary by the Secretary of the Army (acting through the Chief of Engineers) in the vicinity of Logan and Nelsonville, Ohio, for the purpose of providing adequate flood protection to this area.",
            "type": "HR",
            "url": "https://api.congress.gov/v3/bill/94/hr/1613?format=json"
        },
        {
            "congress": 94,
            "introducedDate": "1976-05-03",
            "latestAction": {
                "actionDate": "1976-05-03",
                "text": "Referred to House Committee on Post Office and Civil Service."
            },
            "number": "934",
            "policyArea": {
                "name": "Commemorations"
            },
            "title": "Joint resolution authorizing the President to proclaim the week beginning on November 7, 1976, as National Respiratory Therapy Week.",
            "type": "HJRES",
            "url": "https://api.congress.gov/v3/bill/94/hjres/934?format=json"
        },
        {
            "congress": 94,
            "introducedDate": "1975-05-22",
            "latestAction": {
                "actionDate": "1975-05-22",
                "text": "Referred to House Committee on the Judiciary."
            },
            "number": "473",
            "policyArea": {
                "name": "Government Operations and Politics"
            },
            "title": "Joint resolution proposing an amendment to the Constitution of the United States with respect to the offering of prayer in public buildings.",
            "type": "HJRES",
            "url": "https://api.congress.gov/v3/bill/94/hjres/473?format=json"
        },
        {
            "congress": 94,
            "introducedDate": "1976-04-01",
            "latestAction": {
                "actionDate": "1976-04-01",
                "text": "Referred to House Committee on Post Office and Civil Service."
            },
            "number": "1126",
            "policyArea": {
                "name": "Commemorations"
            },
            "title": "Resolution to authorize the President to issue a proclamation designating the week beginning April 4, 1976, as National Rural Health Week.",
            "type": "HRES",
            "url": "https://api.congress.gov/v3/bill/94/hres/1126?format=json"
        },
        {
            "congress": 94,
            "introducedDate": "1975-05-22",
            "latestAction": {
                "actionDate": "1975-05-22",
                "text": "Referred to House Committee on Rules."
            },
            "number": "500",
            "policyArea": {
                "name": "Internal security"
            },
            "title": "Resolution to amend the rules of the House of Representatives to establish the Committee on Internal Security.",
            "type": "HRES",
            "url": "https://api.congress.gov/v3/bill/94/hres/500?format=json"
        },
        {
            "congress": 94,
            "introducedDate": "1975-04-30",
            "latestAction": {
                "actionDate": "1975-04-30",
                "text": "Referred to House Committee on House Administration."
            },
            "number": "434",
            "policyArea": {
                "name": "Congress"
            },
            "title": "Resolution to require approval by the House of Representatives with respect to the fixing or adjustment of certain allowances for Members of the House.",
            "type": "HRES",
            "url": "https://api.congress.gov/v3/bill/94/hres/434?format=json"
        },
        {
            "congress": 94,
            "introducedDate": "1975-03-10",
            "latestAction": {
                "actionDate": "1975-03-10",
                "text": "Referred to House Committee on Foreign Affairs (Subsequently: International Relations)."
            },
            "number": "286",
            "policyArea": {
                "name": "Canals"
            },
            "title": "Resolution in support of continued undiluted U.S. sovereignty and jurisdiction over the U.S.-owned Canal Zone on the Isthmus of Panama.",
            "type": "HRES",
            "url": "https://api.congress.gov/v3/bill/94/hres/286?format=json"
        },
        {
            "congress": 94,
            "introducedDate": "1975-10-09",
            "latestAction": {
                "actionDate": "1975-10-09",
                "text": "Referred to House Committee on the Budget."
            },
            "number": "437",
            "policyArea": {
                "name": "Economics and Public Finance"
            },
            "title": "Concurrent resolution to declare that total Federal budget outlays for fiscal year 1977 shall not exceed $395 billion.",
            "type": "HCONRES",
            "url": "https://api.congress.gov/v3/bill/94/hconres/437?format=json"
        },
        {
            "congress": 95,
            "introducedDate": "1978-10-14",
            "latestAction": {
                "actionDate": "1978-10-14",
                "text": "Referred to House Committee on International Relations."
            },
            "number": "14397",
            "policyArea": {
                "name": "Foreign Trade and International Finance"
            },
            "title": "Technology Transfer Ban Act",
            "type": "HR",
            "url": "https://api.congress.gov/v3/bill/95/hr/14397?format=json"
        },
        {
            "congress": 95,
            "introducedDate": "1978-10-14",
            "latestAction": {
                "actionDate": "1978-10-14",
                "text": "Referred to House Committee on Science and Technology."
            },
            "number": "14382",
            "policyArea": {
                "name": "Energy"
            },
            "title": "Alcohol Fuel Additive Act",
            "type": "HR",
            "url": "https://api.congress.gov/v3/bill/95/hr/14382?format=json"
        },
        {
            "congress": 95,
            "introducedDate": "1978-09-14",
            "latestAction": {
                "actionDate": "1978-09-14",
                "text": "Referred to House Committee on International Relations."
            },
            "number": "14081",
            "policyArea": {
                "name": "Foreign Trade and International Finance"
            },
            "title": "Technology Transfer Ban Act",
            "type": "HR",
            "url": "https://api.congress.gov/v3/bill/95/hr/14081?format=json"
        },
        {
            "congress": 95,
            "introducedDate": "1978-04-20",
            "latestAction": {
                "actionDate": "1978-04-20",
                "text": "Referred to House Committee on Interior and Insular Affairs."
            },
            "number": "12272",
            "policyArea": {
                "name": "Irrigation districts"
            },
            "title": "A bill to amend the act of June 3, 1960 (74 Stat. 156), to provide additional authority for the Secretary of the Interior to construct the San Luis Unit, Central Valley Project, California, and for other purposes.",
            "type": "HR",
            "url": "https://api.congress.gov/v3/bill/95/hr/12272?format=json"
        },
        {
            "congress": 95,
            "introducedDate": "1977-09-27",
            "latestAction": {
                "actionDate": "1977-09-27",
                "text": "Referred to House Committee on Veterans' Affairs."
            },
            "number": "9338",
            "policyArea": {
                "name": "Armed Forces and National Security"
            },
            "title": "A bill to amend title 38 of the United States Code to extend to 45 days the period between semesters, terms, or quarters during which the Administrator of Veterans' Affairs may continue to pay educational assistance subsistence allowances to eligible veterans and eligible persons if the educational institution is closed during such period for more than one full calendar month as part of an energy conservation program or as a result of a fuel curtailment.",
            "type": "HR",
            "url": "https://api.congress.gov/v3/bill/95/hr/9338?format=json"
        },
        {
            "congress": 95,
            "introducedDate": "1977-09-08",
            "latestAction": {
                "actionDate": "1977-09-08",
                "text": "Referred to House Committee on Veterans' Affairs."
            },
            "number": "8976",
            "policyArea": {
                "name": "Armed Forces and National Security"
            },
            "title": "A bill to amend title 38 of the United States Code to extend to 45 days the period between semesters, terms, or quarters during which the Administrator of Veterans' Affairs may continue to pay educational assistance or subsistence allowances to eligible veterans and eligible persons if the educational institution is closed during such period for more than one full calendar month as part of an energy conservation program or as a result of a fuel curtailment.",
            "type": "HR",
            "url": "https://api.congress.gov/v3/bill/95/hr/8976?format=json"
        },
        {
            "congress": 95,
            "introducedDate": "1977-07-18",
            "latestAction": {
                "actionDate": "1977-07-18",
                "text": "Referred to House Committee on Ways and Means."
            },
            "number": "8384",
            "policyArea": {
                "name": "Taxation"
            },
            "title": "A bill to amend the Internal Revenue Code of 1954 to provide a basic $5,000 exemption from income tax for amounts received as annuities, pensions, or other retirement benefits.",
            "type": "HR",
            "url": "https://api.congress.gov/v3/bill/95/hr/8384?format=json"
        },
        {
            "congress": 95,
            "introducedDate": "1977-05-11",
            "latestAction": {
                "actionDate": "1977-05-11",
                "text": "Referred to House Committee on Education and Labor."
            },
            "number": "7096",
            "policyArea": {
                "name": "Education"
            },
            "title": "Mobile Teachers Retirement Assistance Act",
            "type": "HR",
            "url": "https://api.congress.gov/v3/bill/95/hr/7096?format=json"
        },
        {
            "congress": 95,
            "introducedDate": "1977-05-11",
            "latestAction": {
                "actionDate": "1977-05-11",
                "text": "Referred to House Committee on Interstate and Foreign Commerce."
            },
            "number": "7097",
            "policyArea": {
                "name": "Environmental Protection"
            },
            "title": "A bill to amend the Clean Air Act to permit the granting of variances to certain powerplants which emit sulfur dioxide and which are located in areas where unemployment is high.",
            "type": "HR",
            "url": "https://api.congress.gov/v3/bill/95/hr/7097?format=json"
        },
        {
            "congress": 95,
            "introducedDate": "1977-03-10",
            "latestAction": {
                "actionDate": "1977-03-10",
                "text": "Referred to House Committee on Public Works and Transportation."
            },
            "number": "4838",
            "policyArea": {
                "name": "Water Resources Development"
            },
            "title": "A bill to terminate the authorization of the Salt Creek Dam and Reservoir project, Ohio.",
            "type": "HR",
            "url": "https://api.congress.gov/v3/bill/95/hr/4838?format=json"
        },
        {
            "congress": 95,
            "introducedDate": "1977-03-09",
            "latestAction": {
                "actionDate": "1977-03-09",
                "text": "Referred to House Committee on Education and Labor."
            },
            "number": "4747",
            "policyArea": {
                "name": "Education"
            },
            "title": "A bill to amend section 901(a) (relating to prohibition of sex discrimination) of the Education Amendments of 1972 to exempt sex segregated physical education or gym classes from the prohibition of such section.",
            "type": "HR",
            "url": "https://api.congress.gov/v3/bill/95/hr/4747?format=json"
        },
        {
            "congress": 95,
            "introducedDate": "1977-03-01",
            "latestAction": {
                "actionDate": "1977-03-01",
                "text": "Referred to House Committee on Education and Labor."
            },
            "number": "4205",
            "policyArea": {
                "name": "Education"
            },
            "title": "A bill to amend section 901(a) (relating to prohibition of sex discrimination) of the Education Amendments of 1972 to exempt from the prohibition of such section musical programs or activities, and social programs or activities designed for parents and students.",
            "type": "HR",
            "url": "https://api.congress.gov/v3/bill/95/hr/4205?format=json"
        },
        {
            "congress": 95,
            "introducedDate": "1977-03-01",
            "latestAction": {
                "actionDate": "1977-03-01",
                "text": "Referred to House Committee on Education and Labor."
            },
            "number": "4206",
            "policyArea": {
                "name": "Education"
            },
            "title": "A bill to amend section 901(a) (relating to prohibition of sex discrimination) of the Education Amendments of 1972 to exempt sex segregated gymnastics classes from the prohibition of such section.",
            "type": "HR",
            "url": "https://api.congress.gov/v3/bill/95/hr/4206?format=json"
        },
        {
            "congress": 95,
            "introducedDate": "1977-02-16",
            "latestAction": {
                "actionDate": "1977-02-16",
                "text": "Referred to House Committee on Interstate and Foreign Commerce."
            },
            "number": "3577",
            "policyArea": {
                "name": "Environmental Protection"
            },
            "title": "A bill to amend the Clean Air Act to permit the granting of variances to certain powerplants which emit sulfur dioxide and which are located in areas where unemployment is high.",
            "type": "HR",
            "url": "https://api.congress.gov/v3/bill/95/hr/3577?format=json"
        },
        {
            "congress": 95,
            "introducedDate": "1977-01-19",
            "latestAction": {
                "actionDate": "1977-01-19",
                "text": "Referred to House Committee on Banking, Finance and Urban Affairs."
            },
            "number": "2096",
            "policyArea": {
                "name": "Finance and Financial Sector"
            },
            "title": "A bill to amend the National Flood Insurance Act of 1968 to continue the present federally subsidized flood insurance program in any locality where construction of an adequate flood protection system has begun, and to eliminate the compulsory features added to such program by the Flood Disaster Protection Act of 1973.",
            "type": "HR",
            "url": "https://api.congress.gov/v3/bill/95/hr/2096?format=json"
        },
        {
            "congress": 95,
            "introducedDate": "1977-01-19",
            "latestAction": {
                "actionDate": "1977-01-19",
                "text": "Referred to House Committee on Public Works and Transportation."
            },
            "number": "2097",
            "policyArea": {
                "name": "Emergency Management"
            },
            "title": "A bill to authorize the construction of such facilities as deemed necessary by the Secretary of the Army, acting through the Chief of Engineers, in the vicinity of Logan and Nelsonville, Ohio, for the purpose of providing adequate flood protection to this area.",
            "type": "HR",
            "url": "https://api.congress.gov/v3/bill/95/hr/2097?format=json"
        },
        {
            "congress": 95,
            "introducedDate": "1977-01-19",
            "latestAction": {
                "actionDate": "1977-01-19",
                "text": "Referred to House Committee on Veterans' Affairs."
            },
            "number": "2098",
            "policyArea": {
                "name": "Armed Forces and National Security"
            },
            "title": "A bill to amend title 38 of the United States Code to make certain that recipients of veterans' pension and compensation will not have the amount of such pension or compensation reduced because of increases in monthly social security benefits.",
            "type": "HR",
            "url": "https://api.congress.gov/v3/bill/95/hr/2098?format=json"
        },
        {
            "congress": 95,
            "introducedDate": "1977-01-10",
            "latestAction": {
                "actionDate": "1977-01-10",
                "text": "Referred to House Committee on Public Works and Transportation."
            },
            "number": "1595",
            "policyArea": {
                "name": "Transportation and Public Works"
            },
            "title": "A bill to amend section 201 of the Appalachian Regional Development Act of 1965.",
            "type": "HR",
            "url": "https://api.congress.gov/v3/bill/95/hr/1595?format=json"
        },
        {
            "congress": 95,
            "introducedDate": "1977-01-04",
            "latestAction": {
                "actionDate": "1977-01-04",
                "text": "Referred to House Committee on Education and Labor."
            },
            "number": "553",
            "policyArea": {
                "name": "Education"
            },
            "title": "A bill to amend section 901(a) (relating to prohibition of sex discrimination) of the Education Amendments of 1972 to exempt sex segregated gymnastics classes from the prohibition of such section.",
            "type": "HR",
            "url": "https://api.congress.gov/v3/bill/95/hr/553?format=json"
        },
        {
            "congress": 95,
            "introducedDate": "1977-01-04",
            "latestAction": {
                "actionDate": "1977-01-04",
                "text": "Referred to House Committee on Education and Labor."
            },
            "number": "554",
            "policyArea": {
                "name": "Education"
            },
            "title": "A bill to amend section 901(a) (relating to prohibition of sex discrimination) of the Education Amendments of 1972 to exempt from the prohibition of such section musical programs or activities, and programs or activities designed for parents and students.",
            "type": "HR",
            "url": "https://api.congress.gov/v3/bill/95/hr/554?format=json"
        },
        {
            "congress": 95,
            "introducedDate": "1977-06-16",
            "latestAction": {
                "actionDate": "1977-06-16",
                "text": "Referred to House Committee on Interstate and Foreign Commerce."
            },
            "number": "644",
            "policyArea": {
                "name": "Science, Technology, Communications"
            },
            "title": "Resolution relative to determining a telecommunications regulatory policy.",
            "type": "HRES",
            "url": "https://api.congress.gov/v3/bill/95/hres/644?format=json"
        },
        {
            "amendmentNumber": "183",
            "congress": 97,
            "introducedDate": "1981-07-30",
            "latestAction": {
                "actionDate": "1981-07-30",
                "text": "Amendment Failed of Passage in Committee of Whole by Recorded Vote: 203 - 210 (Record Vote No: 180). "
            },
            "type": null,
            "url": "https://api.congress.gov/v3/amendment/97/hamdt/183?format=json"
        },
        {
            "congress": 97,
            "introducedDate": "1982-09-15",
            "latestAction": {
                "actionDate": "1982-09-28",
                "text": "Executive Comment Requested from Army, OMB."
            },
            "number": "7114",
            "policyArea": {
                "name": "Water Resources Development"
            },
            "title": "A bill to direct the Secretary of the Army, acting through the Chief of Engineers, to provide technical assistance for streambank failure and erosion control.",
            "type": "HR",
            "url": "https://api.congress.gov/v3/bill/97/hr/7114?format=json"
        },
        {
            "congress": 97,
            "introducedDate": "1982-05-04",
            "latestAction": {
                "actionDate": "1982-05-04",
                "text": "Referred to House Committee on Appropriations."
            },
            "number": "6265",
            "policyArea": {
                "name": "Congress"
            },
            "title": "A bill to amend provisions of Public Law 97-51 which provide for the permanent appropriation of funds for pay for Members of Congress.",
            "type": "HR",
            "url": "https://api.congress.gov/v3/bill/97/hr/6265?format=json"
        },
        {
            "congress": 97,
            "introducedDate": "1982-01-25",
            "latestAction": {
                "actionDate": "1982-07-15",
                "text": "See H.R.6685."
            },
            "number": "5324",
            "policyArea": {
                "name": "Taxation"
            },
            "title": "A bill to rescind the tax benefits provided during 1981 to Members of Congress for living expenses.",
            "type": "HR",
            "url": "https://api.congress.gov/v3/bill/97/hr/5324?format=json"
        },
        {
            "congress": 97,
            "introducedDate": "1981-11-02",
            "latestAction": {
                "actionDate": "1981-11-05",
                "text": "Referred to Subcommittee on Legislation and National Security."
            },
            "number": "4878",
            "policyArea": {
                "name": "Government Operations and Politics"
            },
            "title": "A bill to establish a Commission on More Effective Government, with the declared objective of improving the quality of government in the United States and of restoring public confidence in government at all levels.",
            "type": "HR",
            "url": "https://api.congress.gov/v3/bill/97/hr/4878?format=json"
        },
        {
            "congress": 97,
            "introducedDate": "1981-06-04",
            "latestAction": {
                "actionDate": "1981-06-18",
                "text": "Referred to Subcommittee on Water Resources."
            },
            "number": "3804",
            "policyArea": {
                "name": "Water Resources Development"
            },
            "title": "A bill to direct the Secretary of the Army to conduct an inspection of the Buckeye Lake Dam and levee, Buckeye Lake, Ohio, to determine its structural stability.",
            "type": "HR",
            "url": "https://api.congress.gov/v3/bill/97/hr/3804?format=json"
        },
        {
            "congress": 97,
            "introducedDate": "1981-01-13",
            "latestAction": {
                "actionDate": "1981-01-28",
                "text": "Executive Comment Requested from Army, OMB."
            },
            "number": "839",
            "policyArea": {
                "name": "Emergency Management"
            },
            "title": "A bill to authorize the construction of such facilities as deemed necessary by Secretary of the Army (acting through the Chief of Engineers) in the vicinity of Logan and Nelsonville, Ohio, for the purpose of providing adequate flood protection to this area.",
            "type": "HR",
            "url": "https://api.congress.gov/v3/bill/97/hr/839?format=json"
        },
        {
            "congress": 97,
            "introducedDate": "1981-01-13",
            "latestAction": {
                "actionDate": "1982-09-16",
                "text": "Provisions of Measure Incorporated as an Amendment to H.R.5941."
            },
            "number": "841",
            "policyArea": {
                "name": "Government Operations and Politics"
            },
            "title": "A bill to name the United States Post Office Building in Portsmouth, Ohio, the \"William H. Harsha United States Post Office Building\".",
            "type": "HR",
            "url": "https://api.congress.gov/v3/bill/97/hr/841?format=json"
        },
        {
            "congress": 97,
            "introducedDate": "1981-01-13",
            "latestAction": {
                "actionDate": "1981-02-02",
                "text": "Executive Comment Requested from Army, OMB."
            },
            "number": "840",
            "policyArea": {
                "name": "Water Resources Development"
            },
            "title": "A bill to terminate the authorization of the Salt Creek Dam and Reservoir project, Ohio.",
            "type": "HR",
            "url": "https://api.congress.gov/v3/bill/97/hr/840?format=json"
        },
        {
            "amendmentNumber": "946",
            "congress": 98,
            "introducedDate": "1984-06-27",
            "latestAction": {
                "actionDate": "1984-06-27",
                "text": "Amendment Passed in Committee of the Whole by Voice Vote. "
            },
            "type": null,
            "url": "https://api.congress.gov/v3/amendment/98/hamdt/946?format=json"
        },
        {
            "amendmentNumber": "153",
            "congress": 98,
            "introducedDate": "1983-06-08",
            "latestAction": {
                "actionDate": "1983-06-08",
                "text": "Amendment Passed in Committee of the Whole by Voice Vote. "
            },
            "type": null,
            "url": "https://api.congress.gov/v3/amendment/98/hamdt/153?format=json"
        },
        {
            "congress": 98,
            "introducedDate": "1983-08-04",
            "latestAction": {
                "actionDate": "1983-08-04",
                "text": "Referred to House Committee on Veterans' Affairs."
            },
            "number": "3831",
            "policyArea": {
                "name": "Armed Forces and National Security"
            },
            "title": "A bill to amend title 38, United States Code, to provide for a 15-year delimiting period for a veteran to complete a program of education.",
            "type": "HR",
            "url": "https://api.congress.gov/v3/bill/98/hr/3831?format=json"
        },
        {
            "congress": 98,
            "introducedDate": "1983-05-25",
            "latestAction": {
                "actionDate": "1983-07-27",
                "text": "See H.R.3678."
            },
            "number": "3143",
            "policyArea": {
                "name": "Water Resources Development"
            },
            "title": "A bill to direct the Secretary of the Army, acting through the Chief of Engineers, to provide technical assistance for streambank failure and erosion control.",
            "type": "HR",
            "url": "https://api.congress.gov/v3/bill/98/hr/3143?format=json"
        },
        {
            "congress": 98,
            "introducedDate": "1983-04-12",
            "latestAction": {
                "actionDate": "1983-04-12",
                "text": "Referred to House Committee on Appropriations."
            },
            "number": "2487",
            "policyArea": {
                "name": "Congress"
            },
            "title": "A bill to amend provisions of Public Law 97-51 which provide for the permanent appropriation of funds for pay for Members of Congress.",
            "type": "HR",
            "url": "https://api.congress.gov/v3/bill/98/hr/2487?format=json"
        },
        {
            "congress": 98,
            "introducedDate": "1983-03-21",
            "latestAction": {
                "actionDate": "1983-03-25",
                "text": "Referred to Subcommittee on Health."
            },
            "number": "2214",
            "policyArea": {
                "name": "Taxation"
            },
            "title": "A bill to amend the Internal Revenue Code of 1954 to provide that amounts paid for health insurance will be allowed as a deduction without regard to the 3 percentum limitation on the medical deduction, to allow a deduction for one-half of the social security tax on self-employment income and for certain life insurance premiums, and for other purposes.",
            "type": "HR",
            "url": "https://api.congress.gov/v3/bill/98/hr/2214?format=json"
        },
        {
            "congress": 98,
            "introducedDate": "1983-01-03",
            "latestAction": {
                "actionDate": "1983-01-03",
                "text": "Referred to House Committee on Post Office and Civil Service."
            },
            "number": "223",
            "policyArea": {
                "name": "Congress"
            },
            "title": "A bill to eliminate the recent pay increase provided for Members of Congress under Public Law 97-377, and to impose a limitation on outside earnings for Senators and Representatives.",
            "type": "HR",
            "url": "https://api.congress.gov/v3/bill/98/hr/223?format=json"
        },
        {
            "amendmentNumber": "350",
            "congress": 99,
            "introducedDate": "1985-07-18",
            "latestAction": {
                "actionDate": "1985-07-18",
                "text": "Amendment Failed of Passage in Committee of Whole by Recorded Vote: 214 - 217 (Record Vote No: 242). "
            },
            "type": null,
            "url": "https://api.congress.gov/v3/amendment/99/hamdt/350?format=json"
        },
        {
            "congress": 99,
            "introducedDate": "1985-12-17",
            "latestAction": {
                "actionDate": "1985-12-30",
                "text": "Referred to Subcommittee on Immigration, Refugees, and International Law."
            },
            "number": "3976",
            "policyArea": {
                "name": "Immigration"
            },
            "title": "A bill to amend the Immigration and Nationality Act to exclude from admission into the United States most nonimmigrants from any foreign state with which the United States does not have diplomatic relations.",
            "type": "HR",
            "url": "https://api.congress.gov/v3/bill/99/hr/3976?format=json"
        },
        {
            "congress": 99,
            "introducedDate": "1985-11-18",
            "latestAction": {
                "actionDate": "1985-11-25",
                "text": "Referred to Subcommittee on Select Revenue Measures."
            },
            "number": "3775",
            "policyArea": {
                "name": "Economics and Public Finance"
            },
            "title": "Federal Trust Fund Restoration and Protection Act of 1985",
            "type": "HR",
            "url": "https://api.congress.gov/v3/bill/99/hr/3775?format=json"
        },
        {
            "congress": 99,
            "introducedDate": "1985-02-28",
            "latestAction": {
                "actionDate": "1985-06-26",
                "text": "See H.R.6."
            },
            "number": "1368",
            "policyArea": {
                "name": "Water Resources Development"
            },
            "title": "A bill to authorize improvements to the Gallipolis Locks and Dam, Ohio River, Ohio and West Virginia, and to ensure that navigational improvements are completed expeditiously.",
            "type": "HR",
            "url": "https://api.congress.gov/v3/bill/99/hr/1368?format=json"
        },
        {
            "congress": 99,
            "introducedDate": "1985-02-06",
            "latestAction": {
                "actionDate": "1985-06-25",
                "text": "Executive Comment Received From Commerce."
            },
            "number": "976",
            "policyArea": {
                "name": "Foreign Trade and International Finance"
            },
            "title": "Fair Trade in Ferroalloys Act",
            "type": "HR",
            "url": "https://api.congress.gov/v3/bill/99/hr/976?format=json"
        },
        {
            "congress": 99,
            "introducedDate": "1985-05-21",
            "latestAction": {
                "actionDate": "1985-05-29",
                "text": "Referred to Subcommittee on Census and Population."
            },
            "number": "153",
            "policyArea": {
                "name": "Commemorations"
            },
            "title": "A concurrent resolution expressing congressional approval of the plans being made to commemorate the two-hundredth anniversary of the Northwest Ordinance, and calling for a national celebration of such anniversary.",
            "type": "HCONRES",
            "url": "https://api.congress.gov/v3/bill/99/hconres/153?format=json"
        },
        {
            "congress": 100,
            "introducedDate": "1988-09-16",
            "latestAction": {
                "actionDate": "1988-09-29",
                "text": "Referred to Subcommittee on Surface Transportation."
            },
            "number": "5326",
            "policyArea": {
                "name": "Transportation and Public Works"
            },
            "title": "A bill to amend title 23, United States Code, to reduce the amount of Federal highway funds to any State which does not have a program of random testing for drug abuse of individuals to whom a driver's license is issued or renewed during the one-year period following the date of issuance or renewal, and for other purposes.",
            "type": "HR",
            "url": "https://api.congress.gov/v3/bill/100/hr/5326?format=json"
        },
        {
            "congress": 100,
            "introducedDate": "1987-09-10",
            "latestAction": {
                "actionDate": "1987-10-05",
                "text": "Referred to Subcommittee on Postsecondary Education."
            },
            "number": "3252",
            "policyArea": {
                "name": "Education"
            },
            "title": "National Education Savings Trust Act of 1987",
            "type": "HR",
            "url": "https://api.congress.gov/v3/bill/100/hr/3252?format=json"
        },
        {
            "congress": 100,
            "introducedDate": "1987-05-13",
            "latestAction": {
                "actionDate": "1988-11-10",
                "text": "Provisions of Measure Incorporated Into H.R.4333."
            },
            "number": "2411",
            "policyArea": {
                "name": "Foreign Trade and International Finance"
            },
            "title": "A bill to continue until January 1, 1991, the existing suspension of duty on m-Aminophenol.",
            "type": "HR",
            "url": "https://api.congress.gov/v3/bill/100/hr/2411?format=json"
        },
        {
            "congress": 100,
            "introducedDate": "1987-05-13",
            "latestAction": {
                "actionDate": "1988-11-10",
                "text": "Provisions of Measure Incorporated Into H.R.4333."
            },
            "number": "2412",
            "policyArea": {
                "name": "Foreign Trade and International Finance"
            },
            "title": "A bill to continue until January 1, 1991, the existing suspension of duty on Trichloro salicylic acid.",
            "type": "HR",
            "url": "https://api.congress.gov/v3/bill/100/hr/2412?format=json"
        },
        {
            "congress": 100,
            "introducedDate": "1987-03-10",
            "latestAction": {
                "actionDate": "1987-07-10",
                "text": "Became Public Law No: 100-67."
            },
            "number": "181",
            "policyArea": {
                "name": "Commemorations"
            },
            "title": "A joint resolution commemorating the bicentennial of the Northwest Ordinance of 1787.",
            "type": "HJRES",
            "url": "https://api.congress.gov/v3/bill/100/hjres/181?format=json"
        },
        {
            "congress": 100,
            "introducedDate": "1987-01-06",
            "latestAction": {
                "actionDate": "1988-05-11",
                "text": "Subcommittee Hearings Held."
            },
            "number": "33",
            "policyArea": {
                "name": "Arts, Culture, Religion"
            },
            "title": "A joint resolution proposing an amendment to the Constitution of the United States with respect to the English language.",
            "type": "HJRES",
            "url": "https://api.congress.gov/v3/bill/100/hjres/33?format=json"
        },
        {
            "congress": 101,
            "introducedDate": "1990-07-11",
            "latestAction": {
                "actionDate": "1990-07-16",
                "text": "Referred to the Subcommittee on Human Resources."
            },
            "number": "5249",
            "policyArea": {
                "name": "Labor and Employment"
            },
            "title": "To provide that certain limitations on the payment of unemployment compensation to former members of the armed forces shall not apply to individuals involuntarily discharged or released from the armed forces.",
            "type": "HR",
            "url": "https://api.congress.gov/v3/bill/101/hr/5249?format=json"
        },
        {
            "congress": 101,
            "introducedDate": "1989-06-22",
            "latestAction": {
                "actionDate": "1990-06-13",
                "text": "See H.J.Res.350."
            },
            "number": "315",
            "policyArea": {
                "name": "Government Operations and Politics"
            },
            "title": "Proposing an amendment to the Constitution of the United States authorizing the Congress and the States to prohibit the act of desecration of the flag of the United States and to set criminal penalties for that act.",
            "type": "HJRES",
            "url": "https://api.congress.gov/v3/bill/101/hjres/315?format=json"
        },
        {
            "congress": 101,
            "introducedDate": "1989-01-19",
            "latestAction": {
                "actionDate": "1989-03-27",
                "text": "Referred to the Subcommittee on Civil and Constitutional Rights."
            },
            "number": "79",
            "policyArea": {
                "name": "Arts, Culture, Religion"
            },
            "title": "Proposing an amendment to the Constitution of the United States with respect to the English language.",
            "type": "HJRES",
            "url": "https://api.congress.gov/v3/bill/101/hjres/79?format=json"
        },
        {
            "congress": 101,
            "introducedDate": "1989-01-03",
            "latestAction": {
                "actionDate": "1989-03-27",
                "text": "Referred to the Subcommittee on Civil and Constitutional Rights."
            },
            "number": "20",
            "policyArea": {
                "name": "Congress"
            },
            "title": "Proposing an amendment to the Constitution of the United States to deal with compensation for services of Members of the House of Representatives and the Senate.",
            "type": "HJRES",
            "url": "https://api.congress.gov/v3/bill/101/hjres/20?format=json"
        },
        {
            "congress": 101,
            "introducedDate": "1989-01-03",
            "latestAction": {
                "actionDate": "1989-02-03",
                "text": "Referred to the Subcommittee on Arms Control, International Security and Science."
            },
            "number": "21",
            "policyArea": {
                "name": "International Affairs"
            },
            "title": "Expressing the sense of the House of Representatives that, for the purpose of making appropriate reductions in the global defense burden of the United States, the President should enter into negotiations with the governments of certain countries that are allies of the United States.",
            "type": "HRES",
            "url": "https://api.congress.gov/v3/bill/101/hres/21?format=json"
        },
        {
            "congress": 102,
            "introducedDate": "1991-11-26",
            "latestAction": {
                "actionDate": "1991-11-26",
                "text": "Referred to the House Committee on Ways and Means."
            },
            "number": "4005",
            "policyArea": {
                "name": "Taxation"
            },
            "title": "Tax Equity for America's Middle Class Act",
            "type": "HR",
            "url": "https://api.congress.gov/v3/bill/102/hr/4005?format=json"
        },
        {
            "congress": 102,
            "introducedDate": "1991-07-30",
            "latestAction": {
                "actionDate": "1991-08-02",
                "text": "Referred to the Subcommittee on Human Resources."
            },
            "number": "3096",
            "policyArea": {
                "name": "Labor and Employment"
            },
            "title": "To provide that certain limitations on the payment of unemployment compensation to former members of the armed forces shall not apply to individuals involuntarily discharged or released from the armed forces.",
            "type": "HR",
            "url": "https://api.congress.gov/v3/bill/102/hr/3096?format=json"
        },
        {
            "congress": 102,
            "introducedDate": "1991-03-19",
            "latestAction": {
                "actionDate": "1992-02-14",
                "text": "Unfavorable Executive Comment Received from DOD."
            },
            "number": "1481",
            "policyArea": {
                "name": "Armed Forces and National Security"
            },
            "title": "To amend title 10, United States Code, to authorize the detail of personnel of the Department of Defense to assist the Immigration and Naturalization Service and the United States Customs Service perform border patrol-related activities.",
            "type": "HR",
            "url": "https://api.congress.gov/v3/bill/102/hr/1481?format=json"
        },
        {
            "congress": 102,
            "introducedDate": "1991-06-26",
            "latestAction": {
                "actionDate": "1991-07-02",
                "text": "Referred to the Subcommittee on Civil and Constitutional Rights."
            },
            "number": "289",
            "policyArea": {
                "name": "Government Operations and Politics"
            },
            "title": "Proposing an amendment to the Constitution of the United States authorizing the Congress and the States to prohibit the act of desecration of the flag of the United States and to set criminal penalties for that act.",
            "type": "HJRES",
            "url": "https://api.congress.gov/v3/bill/102/hjres/289?format=json"
        }
    ]
}