{
    "pagination": {
        "count": 30
    },
    "request": {
        "bioguideId": "p000452",
        "contentType": "application/json",
        "format": "json"
    },
    "sponsoredLegislation": [
        {
            "congress": 101,
            "introducedDate": "1990-08-01",
            "latestAction": {
                "actionDate": "1990-11-28",
                "text": "Became Public Law No: 101-633."
            },
            "number": "5428",
            "policyArea": {
                "name": "Public Lands and Natural Resources"
            },
            "title": "Illinois Wilderness Act of 1990",
            "type": "HR",
            "url": "https://api.congress.gov/v3/bill/101/hr/5428?format=json"
        },
        {
            "congress": 101,
            "introducedDate": "1990-05-09",
            "latestAction": {
                "actionDate": "1990-08-17",
                "text": "Referred to the Subcommittee on Employment Opportunities."
            },
            "number": "4776",
            "policyArea": {
                "name": "Energy"
            },
            "title": "National Coal Institute Act of 1990",
            "type": "HR",
            "url": "https://api.congress.gov/v3/bill/101/hr/4776?format=json"
        },
        {
            "congress": 101,
            "introducedDate": "1989-09-21",
            "latestAction": {
                "actionDate": "1989-10-20",
                "text": "Referred to the Subcommittee on Health and the Environment."
            },
            "number": "3316",
            "policyArea": {
                "name": "Environmental Protection"
            },
            "title": "Acid Rain Reduction and Clean Coal Development Act of 1989",
            "type": "HR",
            "url": "https://api.congress.gov/v3/bill/101/hr/3316?format=json"
        },
        {
            "congress": 101,
            "introducedDate": "1989-02-22",
            "latestAction": {
                "actionDate": "1989-03-06",
                "text": "Referred to the Subcommittee on Water Resources."
            },
            "number": "1076",
            "policyArea": {
                "name": "Transportation and Public Works"
            },
            "title": "Authorizing the city of Chester, Illinois, to reconstruct, repair, or improve a toll bridge across the Mississippi River at or near Chester, Illinois.",
            "type": "HR",
            "url": "https://api.congress.gov/v3/bill/101/hr/1076?format=json"
        },
        {
            "congress": 101,
            "introducedDate": "1989-01-27",
            "latestAction": {
                "actionDate": "1989-11-30",
                "text": "See H.R.3660."
            },
            "number": "704",
            "policyArea": {
                "name": "Congress"
            },
            "title": "To nullify the recent pay increase for Members of Congress.",
            "type": "HR",
            "url": "https://api.congress.gov/v3/bill/101/hr/704?format=json"
        },
        {
            "congress": 101,
            "introducedDate": "1990-08-01",
            "latestAction": {
                "actionDate": "1990-08-01",
                "text": "Referred to the House Committee on Post Office and Civil Service."
            },
            "number": "635",
            "policyArea": {
                "name": "Transportation and Public Works"
            },
            "title": "To designate the seven-day period commencing October 7, 1990, and ending October 13, 1990, as \"National Aviation Education Week\".",
            "type": "HJRES",
            "url": "https://api.congress.gov/v3/bill/101/hjres/635?format=json"
        },
        {
            "congress": 101,
            "introducedDate": "1989-10-18",
            "latestAction": {
                "actionDate": "1989-11-08",
                "text": "Referred to the Subcommittee on Economic and Commercial Law."
            },
            "number": "422",
            "policyArea": {
                "name": "Economics and Public Finance"
            },
            "title": "Proposing an amendment to the Constitution authorizing the President to disapprove or reduce an item of appropriations.",
            "type": "HJRES",
            "url": "https://api.congress.gov/v3/bill/101/hjres/422?format=json"
        },
        {
            "congress": 101,
            "introducedDate": "1989-10-03",
            "latestAction": {
                "actionDate": "1990-07-17",
                "text": "For Further Action See H.J.Res.268."
            },
            "number": "414",
            "policyArea": {
                "name": "Economics and Public Finance"
            },
            "title": "Proposing an amendment to the Constitution relating to a Federal balanced budget.",
            "type": "HJRES",
            "url": "https://api.congress.gov/v3/bill/101/hjres/414?format=json"
        },
        {
            "congress": 102,
            "introducedDate": "1992-02-05",
            "latestAction": {
                "actionDate": "1992-02-05",
                "text": "Referred to the House Committee on House Administration."
            },
            "number": "4174",
            "policyArea": {
                "name": "Congress"
            },
            "title": "To prohibit Members of the House of Representatives from using official funds for the production or mailing of newsletters.",
            "type": "HR",
            "url": "https://api.congress.gov/v3/bill/102/hr/4174?format=json"
        },
        {
            "congress": 102,
            "introducedDate": "1991-05-07",
            "latestAction": {
                "actionDate": "1991-05-20",
                "text": "Referred to the Subcommittee on Health and the Environment."
            },
            "number": "2237",
            "policyArea": {
                "name": "Health"
            },
            "title": "Rural Mental Health Initiatives Act of 1991",
            "type": "HR",
            "url": "https://api.congress.gov/v3/bill/102/hr/2237?format=json"
        },
        {
            "congress": 102,
            "introducedDate": "1991-01-03",
            "latestAction": {
                "actionDate": "1991-06-07",
                "text": "Referred to the Subcommittee on Economic and Commercial Law."
            },
            "number": "53",
            "policyArea": {
                "name": "Economics and Public Finance"
            },
            "title": "Proposing an amendment to the Constitution relating to a Federal balanced budget.",
            "type": "HJRES",
            "url": "https://api.congress.gov/v3/bill/102/hjres/53?format=json"
        },
        {
            "congress": 102,
            "introducedDate": "1991-01-03",
            "latestAction": {
                "actionDate": "1991-06-07",
                "text": "Referred to the Subcommittee on Economic and Commercial Law."
            },
            "number": "52",
            "policyArea": {
                "name": "Economics and Public Finance"
            },
            "title": "Proposing an amendment to the Constitution authorizing the President to disapprove or reduce an item of appropriations.",
            "type": "HJRES",
            "url": "https://api.congress.gov/v3/bill/102/hjres/52?format=json"
        },
        {
            "congress": 102,
            "introducedDate": "1992-02-05",
            "latestAction": {
                "actionDate": "1992-02-13",
                "text": "Referred to the Subcommittee on Trade."
            },
            "number": "346",
            "policyArea": {
                "name": "Foreign Trade and International Finance"
            },
            "title": "Regarding the international trade policies and actions of the United States.",
            "type": "HRES",
            "url": "https://api.congress.gov/v3/bill/102/hres/346?format=json"
        },
        {
            "congress": 103,
            "introducedDate": "1994-07-12",
            "latestAction": {
                "actionDate": "1994-07-12",
                "text": "Referred to the House Committee on Small Business."
            },
            "number": "4723",
            "policyArea": {
                "name": "Commerce"
            },
            "title": "To authorize the Administrator of the Small Business Administration to establish an Accredited Lenders Program for qualified State and local development companies.",
            "type": "HR",
            "url": "https://api.congress.gov/v3/bill/103/hr/4723?format=json"
        },
        {
            "congress": 103,
            "introducedDate": "1993-05-25",
            "latestAction": {
                "actionDate": "1993-05-28",
                "text": "Referred to the Subcommittee on Legislation and National Security."
            },
            "number": "2257",
            "policyArea": {
                "name": "Government Operations and Politics"
            },
            "title": "To direct the heads of Federal agencies to provide local resident hiring preferences in carrying out construction projects.",
            "type": "HR",
            "url": "https://api.congress.gov/v3/bill/103/hr/2257?format=json"
        },
        {
            "congress": 103,
            "introducedDate": "1993-04-22",
            "latestAction": {
                "actionDate": "1993-05-12",
                "text": "Referred to the Subcommittee on Health and the Environment."
            },
            "number": "1836",
            "policyArea": {
                "name": "Health"
            },
            "title": "Rural Mental Health Services Amendments of 1993",
            "type": "HR",
            "url": "https://api.congress.gov/v3/bill/103/hr/1836?format=json"
        },
        {
            "congress": 103,
            "introducedDate": "1993-04-05",
            "latestAction": {
                "actionDate": "1993-04-05",
                "text": "Referred to the House Committee on House Administration."
            },
            "number": "1698",
            "policyArea": {
                "name": "Congress"
            },
            "title": "To prohibit Members of the House of Representatives from using official funds for the production or mailing of newsletters; to reduce by 50 percent the amount which may be made available for the Official Mail Allowance of any such Member; and for other purposes.",
            "type": "HR",
            "url": "https://api.congress.gov/v3/bill/103/hr/1698?format=json"
        },
        {
            "congress": 103,
            "introducedDate": "1993-02-03",
            "latestAction": {
                "actionDate": "1993-05-05",
                "text": "Received in the Senate and read twice and referred to the Committee on Environment and Public Works."
            },
            "number": "791",
            "policyArea": {
                "name": "Government Operations and Politics"
            },
            "title": "To name the United States courthouse in Benton, Illinois, the \"James L. Foreman Courthouse\".",
            "type": "HR",
            "url": "https://api.congress.gov/v3/bill/103/hr/791?format=json"
        },
        {
            "congress": 103,
            "introducedDate": "1993-02-03",
            "latestAction": {
                "actionDate": "1993-02-10",
                "text": "Referred to the Subcommittee on Administrative Law and Governmental Relations."
            },
            "number": "809",
            "policyArea": {
                "name": "Private Legislation"
            },
            "title": "For the relief of Kenneth R. Loeh of Royalton, Illinois.",
            "type": "HR",
            "url": "https://api.congress.gov/v3/bill/103/hr/809?format=json"
        },
        {
            "congress": 103,
            "introducedDate": "1993-01-06",
            "latestAction": {
                "actionDate": "1993-02-10",
                "text": "Referred to the Subcommittee on Economic and Commercial Law."
            },
            "number": "63",
            "policyArea": {
                "name": "Economics and Public Finance"
            },
            "title": "Proposing an amendment to the Constitution authorizing the President to disapprove or reduce an item of appropriations.",
            "type": "HJRES",
            "url": "https://api.congress.gov/v3/bill/103/hjres/63?format=json"
        },
        {
            "congress": 103,
            "introducedDate": "1993-01-06",
            "latestAction": {
                "actionDate": "1994-03-17",
                "text": "See H.J.Res.103."
            },
            "number": "62",
            "policyArea": {
                "name": "Economics and Public Finance"
            },
            "title": "Proposing an amendment to the Constitution relating to a Federal balanced budget.",
            "type": "HJRES",
            "url": "https://api.congress.gov/v3/bill/103/hjres/62?format=json"
        },
        {
            "congress": 104,
            "introducedDate": "1995-11-29",
            "latestAction": {
                "actionDate": "1995-12-18",
                "text": "Received in the Senate and read twice and referred to the Committee on Environment and Public Works."
            },
            "number": "2689",
            "policyArea": {
                "name": "Government Operations and Politics"
            },
            "title": "To designate the United States Courthouse located at 301 West Main Street in Benton, Illinois, as the \"James L. Foreman United States Courthouse\".",
            "type": "HR",
            "url": "https://api.congress.gov/v3/bill/104/hr/2689?format=json"
        },
        {
            "congress": 104,
            "introducedDate": "1995-02-24",
            "latestAction": {
                "actionDate": "1995-02-24",
                "text": "Referred to the House Committee on House Oversight."
            },
            "number": "1053",
            "policyArea": {
                "name": "Congress"
            },
            "title": "To prohibit Members of the House of Representatives from using official funds for the production or mailing of newsletters, to reduce by 50 percent the amount which may be made available for the Official Mail Allowance of any such Member, and for other purposes.",
            "type": "HR",
            "url": "https://api.congress.gov/v3/bill/104/hr/1053?format=json"
        },
        {
            "congress": 104,
            "introducedDate": "1995-01-19",
            "latestAction": {
                "actionDate": "1995-01-19",
                "text": "Referred to the House Committee on House Oversight."
            },
            "number": "591",
            "policyArea": {
                "name": "Government Operations and Politics"
            },
            "title": "To amend the Federal Election Campaign Act of 1971 to ban activities of political action committees in elections for Federal office and to reduce the limitation on contributions to candidates by persons other than multicandidate political committees.",
            "type": "HR",
            "url": "https://api.congress.gov/v3/bill/104/hr/591?format=json"
        },
        {
            "congress": 104,
            "introducedDate": "1995-01-19",
            "latestAction": {
                "actionDate": "1995-01-24",
                "text": "For Further Action See H.J.Res.1."
            },
            "number": "60",
            "policyArea": {
                "name": "Economics and Public Finance"
            },
            "title": "Proposing an amendment to the Constitution of the United States relating to a Federal balanced budget.",
            "type": "HJRES",
            "url": "https://api.congress.gov/v3/bill/104/hjres/60?format=json"
        },
        {
            "congress": 104,
            "introducedDate": "1995-01-19",
            "latestAction": {
                "actionDate": "1995-01-19",
                "text": "Referred to the House Committee on the Judiciary."
            },
            "number": "59",
            "policyArea": {
                "name": "Economics and Public Finance"
            },
            "title": "Proposing an amendment to the Constitution authorizing the President to disapprove or reduce an item of appropriations.",
            "type": "HJRES",
            "url": "https://api.congress.gov/v3/bill/104/hjres/59?format=json"
        },
        {
            "congress": 105,
            "introducedDate": "1997-04-30",
            "latestAction": {
                "actionDate": "1998-08-31",
                "text": "Referred to the Committee on Environment and Public Works by unanimous consent."
            },
            "number": "1502",
            "policyArea": {
                "name": "Commemorations"
            },
            "title": "To designate the United States Courthouse located at 301 West Main Street in Benton, Illinois, as the \"James L. Foreman United States Courthouse\".",
            "type": "HR",
            "url": "https://api.congress.gov/v3/bill/105/hr/1502?format=json"
        },
        {
            "congress": 105,
            "introducedDate": "1997-02-12",
            "latestAction": {
                "actionDate": "1997-02-12",
                "text": "Referred to the House Committee on House Oversight."
            },
            "number": "730",
            "policyArea": {
                "name": "Congress"
            },
            "title": "To prohibit Members of the House of Representatives from using official funds for the production or mailing of newsletters, to reduce by 50 percent the amount which may be made available for the Official Mail Allowance of any such Member, and for other purposes.",
            "type": "HR",
            "url": "https://api.congress.gov/v3/bill/105/hr/730?format=json"
        },
        {
            "congress": 105,
            "introducedDate": "1997-02-12",
            "latestAction": {
                "actionDate": "1997-02-12",
                "text": "Referred to the House Committee on Ways and Means."
            },
            "number": "731",
            "policyArea": {
                "name": "Taxation"
            },
            "title": "To amend the Internal Revenue Code of 1986 to permit the interest on water, waste, and essential community facilities loans guaranteed by the Secretary of Agriculture to be tax-exempt.",
            "type": "HR",
            "url": "https://api.congress.gov/v3/bill/105/hr/731?format=json"
        },
        {
            "congress": 105,
            "introducedDate": "1997-02-12",
            "latestAction": {
                "actionDate": "1997-03-05",
                "text": "Referred to the Subcommittee on the Constitution."
            },
            "number": "53",
            "policyArea": {
                "name": "Economics and Public Finance"
            },
            "title": "Proposing an amendment to the Constitution of the United States relating to a Federal balanced budget.",
            "type": "HJRES",
            "url": "https://api.congress.gov/v3/bill/105/hjres/53?format=json"
        }
    ]
}