{
    "pagination": {
        "count": 74
    },
    "request": {
        "bioguideId": "c000409",
        "contentType": "application/json",
        "format": "json"
    },
    "sponsoredLegislation": [
        {
            "congress": 93,
            "introducedDate": "1974-11-21",
            "latestAction": {
                "actionDate": "1974-11-21",
                "text": "Referred to House Committee on Public Works."
            },
            "number": "17491",
            "policyArea": {
                "name": "Emergency Management"
            },
            "title": "A bill to declare certain flooding in Hamilton County, Ohio, to be a major disaster.",
            "type": "HR",
            "url": "https://api.congress.gov/v3/bill/93/hr/17491?format=json"
        },
        {
            "congress": 93,
            "introducedDate": "1974-07-23",
            "latestAction": {
                "actionDate": "1974-07-23",
                "text": "Referred to House Committee on Ways and Means."
            },
            "number": "16081",
            "policyArea": {
                "name": "Social Welfare"
            },
            "title": "A bill to amend title XVI of the Social Security Act to provide that supplemental security income benefits may be paid thereunder to any individual who is outside the United States for the sole purpose of obtaining medical or remedial treatment.",
            "type": "HR",
            "url": "https://api.congress.gov/v3/bill/93/hr/16081?format=json"
        },
        {
            "congress": 93,
            "introducedDate": "1974-07-16",
            "latestAction": {
                "actionDate": "1974-07-16",
                "text": "Referred to House Committee on Ways and Means."
            },
            "number": "15916",
            "policyArea": {
                "name": "Alcoholic beverages"
            },
            "title": "A bill to amend section 5051 of the Internal Revenue Code of 1954 (relating to the Federal excise tax on beer).",
            "type": "HR",
            "url": "https://api.congress.gov/v3/bill/93/hr/15916?format=json"
        },
        {
            "congress": 93,
            "introducedDate": "1974-07-16",
            "latestAction": {
                "actionDate": "1974-07-16",
                "text": "Referred to House Committee on Armed Services."
            },
            "number": "15914",
            "policyArea": {
                "name": "Armed Forces and National Security"
            },
            "title": "A bill to authorize the disposal of lead from the national stockpile and the supplemental stockpile.",
            "type": "HR",
            "url": "https://api.congress.gov/v3/bill/93/hr/15914?format=json"
        },
        {
            "congress": 93,
            "introducedDate": "1974-07-16",
            "latestAction": {
                "actionDate": "1974-07-16",
                "text": "Referred to House Committee on Veterans' Affairs."
            },
            "number": "15915",
            "policyArea": {
                "name": "Armed Forces and National Security"
            },
            "title": "A bill to amend title 38 of the United States Code so as to entitle veterans of the Mexican border period and of World War I and their widows and children to pension on the same basis as veterans of the Spanish-American War and their widows and children, respectively, and to increase pension rates.",
            "type": "HR",
            "url": "https://api.congress.gov/v3/bill/93/hr/15915?format=json"
        },
        {
            "congress": 93,
            "introducedDate": "1974-06-25",
            "latestAction": {
                "actionDate": "1974-06-25",
                "text": "Referred to House Committee on Ways and Means."
            },
            "number": "15620",
            "policyArea": {
                "name": "Taxation"
            },
            "title": "A bill to amend the Internal Revenue Code of 1954 to exclude from gross income the amount of certain cancellations of indebtedness under student loan programs.",
            "type": "HR",
            "url": "https://api.congress.gov/v3/bill/93/hr/15620?format=json"
        },
        {
            "congress": 93,
            "introducedDate": "1974-05-23",
            "latestAction": {
                "actionDate": "1974-05-23",
                "text": "Referred to House Committee on Merchant Marine and Fisheries."
            },
            "number": "14991",
            "policyArea": {
                "name": "Animals"
            },
            "title": "A bill to provide assistance to zoos and aquariums, to establish standards of accreditation for such facilities, and to establish a Federal Zoological and Aquarium Board, and for other purposes.",
            "type": "HR",
            "url": "https://api.congress.gov/v3/bill/93/hr/14991?format=json"
        },
        {
            "congress": 93,
            "introducedDate": "1974-04-11",
            "latestAction": {
                "actionDate": "1974-04-11",
                "text": "Referred to House Committee on Banking and Currency."
            },
            "number": "14206",
            "policyArea": {
                "name": "Commerce"
            },
            "title": "Disaster Loan Assistance Act",
            "type": "HR",
            "url": "https://api.congress.gov/v3/bill/93/hr/14206?format=json"
        },
        {
            "congress": 93,
            "introducedDate": "1974-04-09",
            "latestAction": {
                "actionDate": "1974-04-09",
                "text": "Referred to House Committee on Ways and Means."
            },
            "number": "14088",
            "policyArea": {
                "name": "Social Welfare"
            },
            "title": "A bill to amend the Social Security Act to prohibit the disclosure of an individual's social security number or related records for any purpose without his consent unless specifically required by law, and to provide that (unless so required) no individual may be compelled to disclose or furnish his social security number for any purpose not directly related to the operation of the old-age, survivors, and disability insurance program.",
            "type": "HR",
            "url": "https://api.congress.gov/v3/bill/93/hr/14088?format=json"
        },
        {
            "congress": 93,
            "introducedDate": "1974-04-09",
            "latestAction": {
                "actionDate": "1974-04-09",
                "text": "Referred to House Committee on the Judiciary."
            },
            "number": "14087",
            "policyArea": {
                "name": "Right of privacy"
            },
            "title": "Code of Fair Information Practices",
            "type": "HR",
            "url": "https://api.congress.gov/v3/bill/93/hr/14087?format=json"
        },
        {
            "congress": 93,
            "introducedDate": "1974-02-07",
            "latestAction": {
                "actionDate": "1974-02-07",
                "text": "Referred to House Committee on Ways and Means."
            },
            "number": "12716",
            "policyArea": {
                "name": "Taxation"
            },
            "title": "A bill to amend the Internal Revenue Code of 1954 to permit a taxpayer to deduct certain expenses paid by him for special education to a child or other minor dependent who is physically or mentally handicapped.",
            "type": "HR",
            "url": "https://api.congress.gov/v3/bill/93/hr/12716?format=json"
        },
        {
            "congress": 93,
            "introducedDate": "1974-01-29",
            "latestAction": {
                "actionDate": "1974-01-29",
                "text": "Referred to House Committee on Banking and Currency."
            },
            "number": "12329",
            "policyArea": {
                "name": "Petrochemicals"
            },
            "title": "A bill to impose an embargo on the export of petrochemicals until price controls on petrochemicals are removed.",
            "type": "HR",
            "url": "https://api.congress.gov/v3/bill/93/hr/12329?format=json"
        },
        {
            "congress": 93,
            "introducedDate": "1974-01-21",
            "latestAction": {
                "actionDate": "1974-01-21",
                "text": "Referred to House Committee on Interstate and Foreign Commerce."
            },
            "number": "12153",
            "policyArea": {
                "name": "Science, Technology, Communications"
            },
            "title": "A bill to repeal the Emergency Daylight Saving Time Energy Conservation Act of 1973.",
            "type": "HR",
            "url": "https://api.congress.gov/v3/bill/93/hr/12153?format=json"
        },
        {
            "congress": 93,
            "introducedDate": "1973-12-18",
            "latestAction": {
                "actionDate": "1973-12-18",
                "text": "Referred to House Committee on Banking and Currency."
            },
            "number": "11993",
            "policyArea": {
                "name": "Foreign Trade and International Finance"
            },
            "title": "Trade Sanctions Act",
            "type": "HR",
            "url": "https://api.congress.gov/v3/bill/93/hr/11993?format=json"
        },
        {
            "congress": 93,
            "introducedDate": "1973-12-18",
            "latestAction": {
                "actionDate": "1973-12-18",
                "text": "Referred to House Committee on Banking and Currency."
            },
            "number": "11994",
            "policyArea": {
                "name": "Congress"
            },
            "title": "A bill to establish a Joint Committee on Energy.",
            "type": "HR",
            "url": "https://api.congress.gov/v3/bill/93/hr/11994?format=json"
        },
        {
            "congress": 93,
            "introducedDate": "1973-11-08",
            "latestAction": {
                "actionDate": "1973-11-08",
                "text": "Referred to House Committee on Ways and Means."
            },
            "number": "11347",
            "policyArea": {
                "name": "Social Welfare"
            },
            "title": "A bill to provide a 7-percent increase in social security benefits beginning with March 1974 and an additional 4-percent increase beginning with June 1974, to provide increases in supplemental security income benefits.",
            "type": "HR",
            "url": "https://api.congress.gov/v3/bill/93/hr/11347?format=json"
        },
        {
            "congress": 93,
            "introducedDate": "1973-11-08",
            "latestAction": {
                "actionDate": "1973-11-08",
                "text": "Referred to House Committee on Ways and Means."
            },
            "number": "11367",
            "policyArea": {
                "name": "Social Welfare"
            },
            "title": "A bill to amend titles II and XVIII of the Social Security Act to provide for payment of wife's and husband's insurance benefits at age 50 in cases of disability, and to provide medicare coverage at age 50 for disabled wives and husbands, on the same basis as is presently provided for disabled widows and widowers.",
            "type": "HR",
            "url": "https://api.congress.gov/v3/bill/93/hr/11367?format=json"
        },
        {
            "congress": 93,
            "introducedDate": "1973-10-16",
            "latestAction": {
                "actionDate": "1973-10-16",
                "text": "Referred to House Committee on Ways and Means."
            },
            "number": "10951",
            "policyArea": {
                "name": "Health"
            },
            "title": "A bill to amend title XVIII of the Social Security Act to provide medicare coverage in all possible cases involving hospital or skilled nursing home care for U.S. citizens outside the United States.",
            "type": "HR",
            "url": "https://api.congress.gov/v3/bill/93/hr/10951?format=json"
        },
        {
            "congress": 93,
            "introducedDate": "1973-09-18",
            "latestAction": {
                "actionDate": "1973-09-18",
                "text": "Referred to House Committee on Banking and Currency."
            },
            "number": "10319",
            "policyArea": {
                "name": "Economic stabilization"
            },
            "title": "A bill to amend section 203 of the Economic Stabilization Act of 1970 to permit the pass-through of certain cost increase.",
            "type": "HR",
            "url": "https://api.congress.gov/v3/bill/93/hr/10319?format=json"
        },
        {
            "congress": 93,
            "introducedDate": "1973-09-13",
            "latestAction": {
                "actionDate": "1973-09-13",
                "text": "Referred to House Committee on Ways and Means."
            },
            "number": "10247",
            "policyArea": {
                "name": "Taxation"
            },
            "title": "A bill to exclude from gross income the first $1,000 of interest received from savings account deposits in home-lending institutions.",
            "type": "HR",
            "url": "https://api.congress.gov/v3/bill/93/hr/10247?format=json"
        },
        {
            "congress": 93,
            "introducedDate": "1973-09-12",
            "latestAction": {
                "actionDate": "1973-09-12",
                "text": "Referred to House Committee on Interstate and Foreign Commerce."
            },
            "number": "10199",
            "policyArea": {
                "name": "Health"
            },
            "title": "Emergency Medical Services Systems Act",
            "type": "HR",
            "url": "https://api.congress.gov/v3/bill/93/hr/10199?format=json"
        },
        {
            "congress": 93,
            "introducedDate": "1973-08-03",
            "latestAction": {
                "actionDate": "1973-08-03",
                "text": "Referred to House Committee on Ways and Means."
            },
            "number": "9872",
            "policyArea": {
                "name": "Taxation"
            },
            "title": "A bill to amend the Internal Revenue Code of 1954 to allow an income tax credit for tuition expenses of the taxpayer or his spouse or a dependent at an institution of higher education, and an additional credit for gifts or contributions made to any institution of higher education.",
            "type": "HR",
            "url": "https://api.congress.gov/v3/bill/93/hr/9872?format=json"
        },
        {
            "congress": 93,
            "introducedDate": "1973-06-07",
            "latestAction": {
                "actionDate": "1973-06-07",
                "text": "Referred to House Committee on Ways and Means."
            },
            "number": "8514",
            "policyArea": {
                "name": "Social Welfare"
            },
            "title": "A bill to amend title II of the Social Security Act to increase to $3,400 the amount of outside earnings which (subject to further increases under the automatic adjustment provisions) is permitted each year without any deductions from benefits thereunder.",
            "type": "HR",
            "url": "https://api.congress.gov/v3/bill/93/hr/8514?format=json"
        },
        {
            "congress": 93,
            "introducedDate": "1973-05-30",
            "latestAction": {
                "actionDate": "1973-05-30",
                "text": "Referred to House Committee on Ways and Means."
            },
            "number": "8228",
            "policyArea": {
                "name": "Taxation"
            },
            "title": "A bill to extend to all unmarried individuals the full tax benefits of income splitting now enjoyed by married individuals filing joint returns.",
            "type": "HR",
            "url": "https://api.congress.gov/v3/bill/93/hr/8228?format=json"
        },
        {
            "congress": 93,
            "introducedDate": "1973-05-30",
            "latestAction": {
                "actionDate": "1973-05-30",
                "text": "Referred to House Committee on Interstate and Foreign Commerce."
            },
            "number": "8227",
            "policyArea": {
                "name": "Government Operations and Politics"
            },
            "title": "A bill to amend the Communications Act of 1934 to establish orderly procedures for the consideration of applications for renewal of broadcast licenses, and for other purposes.",
            "type": "HR",
            "url": "https://api.congress.gov/v3/bill/93/hr/8227?format=json"
        },
        {
            "congress": 93,
            "introducedDate": "1973-03-05",
            "latestAction": {
                "actionDate": "1973-03-05",
                "text": "Referred to House Committee on the Judiciary."
            },
            "number": "5120",
            "policyArea": {
                "name": "Crime and Law Enforcement"
            },
            "title": "A bill to make it a Federal crime to kill or assault a fireman or law enforcement officer engaged in the performance of his duties when the offender travels in interstate commerce or uses any facility of interstate commerce for such purposes.",
            "type": "HR",
            "url": "https://api.congress.gov/v3/bill/93/hr/5120?format=json"
        },
        {
            "congress": 93,
            "introducedDate": "1973-03-05",
            "latestAction": {
                "actionDate": "1973-03-05",
                "text": "Referred to House Committee on the Judiciary."
            },
            "number": "5121",
            "policyArea": {
                "name": "Crime and Law Enforcement"
            },
            "title": "A bill to amend the Omnibus Crime Control and Safe Streets Act of 1968, as amended, to provide benefits to survivors of police officers and firefighters killed in the line of duty.",
            "type": "HR",
            "url": "https://api.congress.gov/v3/bill/93/hr/5121?format=json"
        },
        {
            "congress": 93,
            "introducedDate": "1973-03-01",
            "latestAction": {
                "actionDate": "1973-03-01",
                "text": "Referred to House Committee on Interstate and Foreign Commerce."
            },
            "number": "5025",
            "policyArea": {
                "name": "Commerce"
            },
            "title": "A bill to amend the Federal Trade Commission Act (15 U.S.C. 41) to provide that under certain circumstances exclusive territorial arrangements shall not be deemed unlawful.",
            "type": "HR",
            "url": "https://api.congress.gov/v3/bill/93/hr/5025?format=json"
        },
        {
            "congress": 93,
            "introducedDate": "1973-03-01",
            "latestAction": {
                "actionDate": "1973-03-01",
                "text": "Referred to House Committee on Ways and Means."
            },
            "number": "5024",
            "policyArea": {
                "name": "Arts, Culture, Religion"
            },
            "title": "A bill to amend section 509 of the Internal Revenue Code of 1954, to exempt libraries from the definition of private foundations.",
            "type": "HR",
            "url": "https://api.congress.gov/v3/bill/93/hr/5024?format=json"
        },
        {
            "congress": 93,
            "introducedDate": "1973-02-22",
            "latestAction": {
                "actionDate": "1973-02-22",
                "text": "Referred to House Committee on Interstate and Foreign Commerce."
            },
            "number": "4611",
            "policyArea": {
                "name": null
            },
            "title": "Food Supplement Amendment",
            "type": "HR",
            "url": "https://api.congress.gov/v3/bill/93/hr/4611?format=json"
        },
        {
            "congress": 93,
            "introducedDate": "1973-01-31",
            "latestAction": {
                "actionDate": "1973-01-31",
                "text": "Referred to House Committee on Veterans' Affairs."
            },
            "number": "3360",
            "policyArea": {
                "name": "Labor and Employment"
            },
            "title": "A bill to amend title 38 of the United States Code so as to provide that monthly social security benefit payments and annuity and pension payments under the Railroad Retirement Act of 1937 shall not be included as income for the purpose of determining eligibility for a veteran's or widow's pension.",
            "type": "HR",
            "url": "https://api.congress.gov/v3/bill/93/hr/3360?format=json"
        },
        {
            "congress": 93,
            "introducedDate": "1974-02-07",
            "latestAction": {
                "actionDate": "1974-02-07",
                "text": "Referred to House Committee on Post Office and Civil Service."
            },
            "number": "841",
            "policyArea": {
                "name": "Government Operations and Politics"
            },
            "title": "Resolution disapproving the recommendations of the President with respect to the rates of pay of Federal officials transmitted to the Congress in the budget for the fiscal year ending June 30, 1975.",
            "type": "HRES",
            "url": "https://api.congress.gov/v3/bill/93/hres/841?format=json"
        },
        {
            "congress": 94,
            "introducedDate": "1976-09-22",
            "latestAction": {
                "actionDate": "1976-09-22",
                "text": "Referred to House Committee on Education and Labor."
            },
            "number": "15663",
            "policyArea": {
                "name": "Labor and Employment"
            },
            "title": "A bill to amend the Occupational Safety and Health Act of 1970 to further encourage industrial safety, and for other purposes.",
            "type": "HR",
            "url": "https://api.congress.gov/v3/bill/94/hr/15663?format=json"
        },
        {
            "congress": 94,
            "introducedDate": "1976-07-27",
            "latestAction": {
                "actionDate": "1976-07-27",
                "text": "Referred to House Committee on Ways and Means."
            },
            "number": "14887",
            "policyArea": {
                "name": "Taxation"
            },
            "title": "A bill to amend the Internal Revenue Code of 1954 to prohibit interest on tax in cases in which a taxpayer received erroneous assistance from the Internal Revenue Service with respect to such tax.",
            "type": "HR",
            "url": "https://api.congress.gov/v3/bill/94/hr/14887?format=json"
        },
        {
            "congress": 94,
            "introducedDate": "1976-07-27",
            "latestAction": {
                "actionDate": "1976-07-27",
                "text": "Referred to House Committee on Ways and Means."
            },
            "number": "14888",
            "policyArea": {
                "name": "Taxation"
            },
            "title": "A bill to amend the Internal Revenue Code of 1954 to allow an income tax credit for tuition expenses of the taxpayer or his spouse or a dependent at an institution of higher education, and an additional credit for gifts or contributions made to any institution of higher education.",
            "type": "HR",
            "url": "https://api.congress.gov/v3/bill/94/hr/14888?format=json"
        },
        {
            "congress": 94,
            "introducedDate": "1976-08-02",
            "latestAction": {
                "actionDate": "1976-08-02",
                "text": "Referred to House Committee on the Judiciary."
            },
            "number": "15009",
            "policyArea": {
                "name": "Private Legislation"
            },
            "title": "A bill for the relief of Amy Chan.",
            "type": "HR",
            "url": "https://api.congress.gov/v3/bill/94/hr/15009?format=json"
        },
        {
            "congress": 94,
            "introducedDate": "1976-06-28",
            "latestAction": {
                "actionDate": "1976-06-28",
                "text": "Referred to House Committee on Ways and Means."
            },
            "number": "14574",
            "policyArea": {
                "name": "Foreign Trade and International Finance"
            },
            "title": "A bill to increase for a 5-year period the duty on certain hand tools.",
            "type": "HR",
            "url": "https://api.congress.gov/v3/bill/94/hr/14574?format=json"
        },
        {
            "congress": 94,
            "introducedDate": "1976-06-08",
            "latestAction": {
                "actionDate": "1976-06-08",
                "text": "Referred to House Committee on Interstate and Foreign Commerce."
            },
            "number": "14241",
            "policyArea": {
                "name": "Drugs"
            },
            "title": "A bill to amend the Federal Food, Drug, and Cosmetic Act to require that the identity of the manufacturer of a prescription drug appear on the label of the package from which the drug is to be dispensed.",
            "type": "HR",
            "url": "https://api.congress.gov/v3/bill/94/hr/14241?format=json"
        },
        {
            "congress": 94,
            "introducedDate": "1976-04-29",
            "latestAction": {
                "actionDate": "1976-04-29",
                "text": "Referred to House Committee on Interstate and Foreign Commerce."
            },
            "number": "13454",
            "policyArea": {
                "name": "Government Operations and Politics"
            },
            "title": "Consumer Communications Reform Act",
            "type": "HR",
            "url": "https://api.congress.gov/v3/bill/94/hr/13454?format=json"
        },
        {
            "congress": 94,
            "introducedDate": "1976-04-13",
            "latestAction": {
                "actionDate": "1976-04-13",
                "text": "Referred to House Committee on the Judiciary."
            },
            "number": "13222",
            "policyArea": {
                "name": "Crime and Law Enforcement"
            },
            "title": "A bill to prohibit the theft of radio equipment used or operated in the citizens radio service.",
            "type": "HR",
            "url": "https://api.congress.gov/v3/bill/94/hr/13222?format=json"
        },
        {
            "congress": 94,
            "introducedDate": "1976-04-13",
            "latestAction": {
                "actionDate": "1976-04-13",
                "text": "Referred to House Committee on the Judiciary."
            },
            "number": "13223",
            "policyArea": {
                "name": "Crime and Law Enforcement"
            },
            "title": "A bill to amend chapter 113 of title 18, United States Code, to prohibit certain acts concerning stolen radio equipment in interstate commerce.",
            "type": "HR",
            "url": "https://api.congress.gov/v3/bill/94/hr/13223?format=json"
        },
        {
            "congress": 94,
            "introducedDate": "1976-04-06",
            "latestAction": {
                "actionDate": "1976-04-06",
                "text": "Referred to House Committee on Interstate and Foreign Commerce."
            },
            "number": "13064",
            "policyArea": {
                "name": "Science, Technology, Communications"
            },
            "title": "A bill to amend the Communications Act of 1934 in order to expedite the issuance of licenses to operate citizen's band radio transmitters.",
            "type": "HR",
            "url": "https://api.congress.gov/v3/bill/94/hr/13064?format=json"
        },
        {
            "congress": 94,
            "introducedDate": "1976-03-31",
            "latestAction": {
                "actionDate": "1976-03-31",
                "text": "Referred to House Committee on Ways and Means."
            },
            "number": "12920",
            "policyArea": {
                "name": "Taxation"
            },
            "title": "A bill to amend the Internal Revenue Code of 1954 to permit tax-free rollovers of distributions from employee retirement plans in the event of plan termination.",
            "type": "HR",
            "url": "https://api.congress.gov/v3/bill/94/hr/12920?format=json"
        },
        {
            "congress": 94,
            "introducedDate": "1976-03-30",
            "latestAction": {
                "actionDate": "1976-03-30",
                "text": "Referred to House Committee on Interstate and Foreign Commerce."
            },
            "number": "12871",
            "policyArea": {
                "name": "Social Welfare"
            },
            "title": "A bill to amend title XVIII of the Social Security Act to authorize payment under the medicare program for occupational therapy services, whether furnished as a part of home health services or otherwise.",
            "type": "HR",
            "url": "https://api.congress.gov/v3/bill/94/hr/12871?format=json"
        },
        {
            "congress": 94,
            "introducedDate": "1976-03-30",
            "latestAction": {
                "actionDate": "1976-03-30",
                "text": "Referred to House Committee on Ways and Means."
            },
            "number": "12870",
            "policyArea": {
                "name": "Social Welfare"
            },
            "title": "A bill to amend title II of the Social Security Act so as to liberalize the conditions governing eligibility of blind persons to receive disability insurance benefits thereunder.",
            "type": "HR",
            "url": "https://api.congress.gov/v3/bill/94/hr/12870?format=json"
        },
        {
            "congress": 94,
            "introducedDate": "1976-03-17",
            "latestAction": {
                "actionDate": "1976-03-17",
                "text": "Referred to House Committee on Ways and Means."
            },
            "number": "12584",
            "policyArea": {
                "name": "Taxation"
            },
            "title": "A bill to provide that no interest will be payable for periods before January 1, 1978, on tax deficiencies which are attributable to the receipt of certain disaster relief payments.",
            "type": "HR",
            "url": "https://api.congress.gov/v3/bill/94/hr/12584?format=json"
        },
        {
            "congress": 94,
            "introducedDate": "1976-02-10",
            "latestAction": {
                "actionDate": "1976-02-10",
                "text": "Referred to House Committee on Ways and Means."
            },
            "number": "11816",
            "policyArea": {
                "name": "Social Welfare"
            },
            "title": "A bill to amend title XVIII of the Social Security Act to authorize payment under the medicare program for certain services performed by chiropractors.",
            "type": "HR",
            "url": "https://api.congress.gov/v3/bill/94/hr/11816?format=json"
        },
        {
            "congress": 94,
            "introducedDate": "1976-01-29",
            "latestAction": {
                "actionDate": "1976-01-29",
                "text": "Referred to House Committee on the Judiciary."
            },
            "number": "11591",
            "policyArea": {
                "name": "Armed Forces and National Security"
            },
            "title": "A bill to provide for the personal safety of those persons engaged in furthering the foreign intelligence operations of the United States.",
            "type": "HR",
            "url": "https://api.congress.gov/v3/bill/94/hr/11591?format=json"
        },
        {
            "congress": 94,
            "introducedDate": "1976-01-29",
            "latestAction": {
                "actionDate": "1976-01-29",
                "text": "Referred to House Committee on the Judiciary."
            },
            "number": "11592",
            "policyArea": {
                "name": "Air piracy"
            },
            "title": "A bill to amend title 18 of the United States Code to provide the death penalty for certain destructive acts to airports, airplanes, and related things and places.",
            "type": "HR",
            "url": "https://api.congress.gov/v3/bill/94/hr/11592?format=json"
        },
        {
            "congress": 94,
            "introducedDate": "1975-07-29",
            "latestAction": {
                "actionDate": "1975-07-29",
                "text": "Referred to House Committee on Post Office and Civil Service."
            },
            "number": "8996",
            "policyArea": {
                "name": "Science, Technology, Communications"
            },
            "title": "A bill to amend title 18 and title 39 of the United States Code to permit the transportation, mailing and broadcasting of advertising, information, and materials concerning lotteries conducted by nonprofit organizations in accordance with State law.",
            "type": "HR",
            "url": "https://api.congress.gov/v3/bill/94/hr/8996?format=json"
        },
        {
            "congress": 94,
            "introducedDate": "1975-07-15",
            "latestAction": {
                "actionDate": "1975-07-15",
                "text": "Referred to House Committee on Banking, Currency and Housing."
            },
            "number": "8642",
            "policyArea": {
                "name": "Social Sciences and History"
            },
            "title": "A bill to authorize the issuance of gold commemorative coins bearing the seal or symbol of the American Revolution Bicentennial Administration.",
            "type": "HR",
            "url": "https://api.congress.gov/v3/bill/94/hr/8642?format=json"
        },
        {
            "congress": 94,
            "introducedDate": "1975-06-17",
            "latestAction": {
                "actionDate": "1975-06-17",
                "text": "Referred to House Committee on Ways and Means."
            },
            "number": "7964",
            "policyArea": {
                "name": "Alcoholic beverage control"
            },
            "title": "A bill to amend the Internal Revenue Code of 1954 to provide that natural wines containing certain flavorings shall continue to be treated as special natural wines for purposes of the excise taxes on wines.",
            "type": "HR",
            "url": "https://api.congress.gov/v3/bill/94/hr/7964?format=json"
        },
        {
            "congress": 94,
            "introducedDate": "1975-06-17",
            "latestAction": {
                "actionDate": "1975-06-17",
                "text": "Referred to House Committee on Interstate and Foreign Commerce."
            },
            "number": "7963",
            "policyArea": {
                "name": "Licenses"
            },
            "title": "Broadcast License Renewal Act",
            "type": "HR",
            "url": "https://api.congress.gov/v3/bill/94/hr/7963?format=json"
        },
        {
            "congress": 94,
            "introducedDate": "1975-06-17",
            "latestAction": {
                "actionDate": "1975-06-17",
                "text": "Referred to House Committee on Appropriations."
            },
            "number": "7962",
            "policyArea": {
                "name": "Economics and Public Finance"
            },
            "title": "Emergency Employment Appropriation Act",
            "type": "HR",
            "url": "https://api.congress.gov/v3/bill/94/hr/7962?format=json"
        },
        {
            "congress": 94,
            "introducedDate": "1975-06-17",
            "latestAction": {
                "actionDate": "1975-06-17",
                "text": "Referred to House Committee on Standards of Official Conduct."
            },
            "number": "7965",
            "policyArea": {
                "name": "Lobbying"
            },
            "title": "Public Disclosure of Lobbying Act",
            "type": "HR",
            "url": "https://api.congress.gov/v3/bill/94/hr/7965?format=json"
        },
        {
            "congress": 94,
            "introducedDate": "1975-06-09",
            "latestAction": {
                "actionDate": "1975-06-30",
                "text": "Public law 94-46."
            },
            "number": "7709",
            "policyArea": {
                "name": "Foreign Trade and International Finance"
            },
            "title": "A bill to continue for a temporary period the existing suspension of duty on certain istle.",
            "type": "HR",
            "url": "https://api.congress.gov/v3/bill/94/hr/7709?format=json"
        },
        {
            "congress": 94,
            "introducedDate": "1975-04-30",
            "latestAction": {
                "actionDate": "1975-04-30",
                "text": "Referred to House Committee on Post Office and Civil Service."
            },
            "number": "6552",
            "policyArea": {
                "name": "Assault"
            },
            "title": "A bill relating to collective bargaining representation of postal employees.",
            "type": "HR",
            "url": "https://api.congress.gov/v3/bill/94/hr/6552?format=json"
        },
        {
            "congress": 94,
            "introducedDate": "1975-04-30",
            "latestAction": {
                "actionDate": "1975-04-30",
                "text": "Referred to House Committee on the Judiciary."
            },
            "number": "6551",
            "policyArea": {
                "name": "Crime and Law Enforcement"
            },
            "title": "Police Officers and firefighters Benefits Act",
            "type": "HR",
            "url": "https://api.congress.gov/v3/bill/94/hr/6551?format=json"
        },
        {
            "congress": 94,
            "introducedDate": "1975-04-30",
            "latestAction": {
                "actionDate": "1975-04-30",
                "text": "Referred to House Committee on Interstate and Foreign Commerce."
            },
            "number": "6550",
            "policyArea": {
                "name": "Agriculture and Food"
            },
            "title": "A bill to amend the Federal Trade Commission Act (15 U.S.C. 41) to provide that under certain circumstances exclusive territorial arrangements shall not be deemed unlawful.",
            "type": "HR",
            "url": "https://api.congress.gov/v3/bill/94/hr/6550?format=json"
        },
        {
            "congress": 94,
            "introducedDate": "1975-04-30",
            "latestAction": {
                "actionDate": "1975-04-30",
                "text": "Referred to House Committee on Ways and Means."
            },
            "number": "6553",
            "policyArea": {
                "name": "Taxation"
            },
            "title": "A bill to amend section 5051 of the Internal Revenue Code of 1954 (relating to the Federal excise tax on beer).",
            "type": "HR",
            "url": "https://api.congress.gov/v3/bill/94/hr/6553?format=json"
        },
        {
            "congress": 94,
            "introducedDate": "1975-04-30",
            "latestAction": {
                "actionDate": "1975-04-30",
                "text": "Referred to House Committee on Ways and Means."
            },
            "number": "6554",
            "policyArea": {
                "name": "Fire fighters"
            },
            "title": "A bill to amend the Internal Revenue Code of 1954 to provide that pensions paid to retired policemen or firemen or their dependents, or to the widows or other survivors of deceased policemen or firemen, shall not be subject to the income tax.",
            "type": "HR",
            "url": "https://api.congress.gov/v3/bill/94/hr/6554?format=json"
        },
        {
            "congress": 94,
            "introducedDate": "1975-04-10",
            "latestAction": {
                "actionDate": "1975-04-10",
                "text": "Referred to House Committee on Interstate and Foreign Commerce."
            },
            "number": "5864",
            "policyArea": {
                "name": "Agriculture and Food"
            },
            "title": "Food Supplement Amendment",
            "type": "HR",
            "url": "https://api.congress.gov/v3/bill/94/hr/5864?format=json"
        },
        {
            "congress": 94,
            "introducedDate": "1975-04-09",
            "latestAction": {
                "actionDate": "1975-04-09",
                "text": "Referred to House Committee on Ways and Means."
            },
            "number": "5800",
            "policyArea": {
                "name": "Energy"
            },
            "title": "A bill to amend the Internal Revenue Code of 1954 to increase the amount of the stock which certain public utilities without being subject to the excise tax on excess business holdings.",
            "type": "HR",
            "url": "https://api.congress.gov/v3/bill/94/hr/5800?format=json"
        },
        {
            "congress": 94,
            "introducedDate": "1975-04-10",
            "latestAction": {
                "actionDate": "1975-04-10",
                "text": "Referred to House Committee on Banking, Currency and Housing."
            },
            "number": "5863",
            "policyArea": {
                "name": "Credit"
            },
            "title": "A bill to amend the Truth in Lending Act to prohibit discrimination on account of age in credit card transactions.",
            "type": "HR",
            "url": "https://api.congress.gov/v3/bill/94/hr/5863?format=json"
        },
        {
            "congress": 94,
            "introducedDate": "1975-04-10",
            "latestAction": {
                "actionDate": "1975-04-10",
                "text": "Referred to House Committee on Ways and Means."
            },
            "number": "5866",
            "policyArea": {
                "name": "Health"
            },
            "title": "A bill to provide that future increases in social security benefits shall be disregarded in determining eligibility for benefits or assistance under the supplemental security income program, the program of aid to families with dependent children, the medicaid program, and certain other Federal programs.",
            "type": "HR",
            "url": "https://api.congress.gov/v3/bill/94/hr/5866?format=json"
        },
        {
            "congress": 94,
            "introducedDate": "1975-04-10",
            "latestAction": {
                "actionDate": "1975-04-10",
                "text": "Referred to House Committee on Ways and Means."
            },
            "number": "5865",
            "policyArea": {
                "name": "Social Welfare"
            },
            "title": "A bill to amend title II of the Social Security Act so as to remove the limitation upon the amount of outside income which an individual may earn while receiving benefits thereunder.",
            "type": "HR",
            "url": "https://api.congress.gov/v3/bill/94/hr/5865?format=json"
        },
        {
            "congress": 94,
            "introducedDate": "1975-04-09",
            "latestAction": {
                "actionDate": "1975-04-09",
                "text": "Referred to House Committee on Ways and Means."
            },
            "number": "5766",
            "policyArea": {
                "name": "Foreign Trade and International Finance"
            },
            "title": "A bill to continue for a temporary period the existing suspension of duty on certain istle.",
            "type": "HR",
            "url": "https://api.congress.gov/v3/bill/94/hr/5766?format=json"
        },
        {
            "congress": 94,
            "introducedDate": "1975-03-11",
            "latestAction": {
                "actionDate": "1975-03-11",
                "text": "Referred to House Committee on Ways and Means."
            },
            "number": "4603",
            "policyArea": {
                "name": "Taxation"
            },
            "title": "A bill to amend the Internal Revenue Code of 1954 to provide a repayment of the Federal excise tax paid on gasoline and special fuels used in taxicabs.",
            "type": "HR",
            "url": "https://api.congress.gov/v3/bill/94/hr/4603?format=json"
        },
        {
            "congress": 94,
            "introducedDate": "1975-03-11",
            "latestAction": {
                "actionDate": "1975-03-11",
                "text": "Referred to House Committee on Small Business."
            },
            "number": "4601",
            "policyArea": {
                "name": "Commerce"
            },
            "title": "Disaster Loan Assistance Act",
            "type": "HR",
            "url": "https://api.congress.gov/v3/bill/94/hr/4601?format=json"
        },
        {
            "congress": 94,
            "introducedDate": "1975-03-11",
            "latestAction": {
                "actionDate": "1975-03-11",
                "text": "Referred to House Committee on Ways and Means."
            },
            "number": "4602",
            "policyArea": {
                "name": "Taxation"
            },
            "title": "A bill to amend the Internal Revenue Code of 1954 to provide the individual taxpayer the option of either a tax credit or an exclusion from gross income for interest on savings.",
            "type": "HR",
            "url": "https://api.congress.gov/v3/bill/94/hr/4602?format=json"
        },
        {
            "congress": 94,
            "introducedDate": "1976-04-14",
            "latestAction": {
                "actionDate": "1976-04-14",
                "text": "Referred to House Committee on the Judiciary."
            },
            "number": "922",
            "policyArea": {
                "name": "Constitutional amendments"
            },
            "title": "Joint resolution proposing an amendment to the Constitution of the United States to prohibit compelling attendance in schools other than the one nearest the residence, to prohibit compelling assignment of teachers or students to schools, classes, or courses for reason of race, religion, sex, or national origin and to insure equal educational opportunities for all students wherever located.",
            "type": "HJRES",
            "url": "https://api.congress.gov/v3/bill/94/hjres/922?format=json"
        },
        {
            "congress": 94,
            "introducedDate": "1975-07-24",
            "latestAction": {
                "actionDate": "1975-07-24",
                "text": "Referred to House Committee on Post Office and Civil Service."
            },
            "number": "587",
            "policyArea": {
                "name": "Commemorations"
            },
            "title": "Joint resolution authorizing and requesting the President to issue a proclamation designating Sunday, September 14, 1975, as National Saint Elizabeth Seton Day.",
            "type": "HJRES",
            "url": "https://api.congress.gov/v3/bill/94/hjres/587?format=json"
        },
        {
            "congress": 94,
            "introducedDate": "1975-01-30",
            "latestAction": {
                "actionDate": "1975-01-30",
                "text": "Referred to House Committee on the Judiciary."
            },
            "number": "170",
            "policyArea": {
                "name": "Constitutional amendments"
            },
            "title": "Joint resolution proposing an amendment to the Constitution of the United States with respect to the right of life.",
            "type": "HJRES",
            "url": "https://api.congress.gov/v3/bill/94/hjres/170?format=json"
        },
        {
            "congress": 94,
            "introducedDate": "1975-04-30",
            "latestAction": {
                "actionDate": "1975-04-30",
                "text": "Referred to House Committee on International Relations."
            },
            "number": "430",
            "policyArea": {
                "name": "Transportation and Public Works"
            },
            "title": "Resolution in support of continued undiluted U.S. sovereignty and jurisdiction over the U.S.-owned Canal Zone on the Isthmus of Panama.",
            "type": "HRES",
            "url": "https://api.congress.gov/v3/bill/94/hres/430?format=json"
        }
    ]
}