{
    "pagination": {
        "count": 22
    },
    "request": {
        "bioguideId": "m000260",
        "contentType": "application/json",
        "format": "json"
    },
    "sponsoredLegislation": [
        {
            "congress": 96,
            "introducedDate": "1980-09-24",
            "latestAction": {
                "actionDate": "1980-09-24",
                "text": "Referred to House Committee on Ways and Means."
            },
            "number": "8199",
            "policyArea": {
                "name": "Taxation"
            },
            "title": "Middle Income Wage Earner Tax Relief Act of 1980",
            "type": "HR",
            "url": "https://api.congress.gov/v3/bill/96/hr/8199?format=json"
        },
        {
            "congress": 96,
            "introducedDate": "1980-08-28",
            "latestAction": {
                "actionDate": "1980-08-28",
                "text": "Referred to House Committee on Education and Labor."
            },
            "number": "8053",
            "policyArea": {
                "name": "Immigration"
            },
            "title": "Alien Education Impact Aid Act of 1980",
            "type": "HR",
            "url": "https://api.congress.gov/v3/bill/96/hr/8053?format=json"
        },
        {
            "congress": 96,
            "introducedDate": "1980-06-05",
            "latestAction": {
                "actionDate": "1980-06-05",
                "text": "Referred to House Committee on Ways and Means."
            },
            "number": "7509",
            "policyArea": {
                "name": "Taxation"
            },
            "title": "A bill to amend the Internal Revenue Code of 1954 to allow individuals to elect a credit or deduction for certain crime prevention expenditures.",
            "type": "HR",
            "url": "https://api.congress.gov/v3/bill/96/hr/7509?format=json"
        },
        {
            "congress": 96,
            "introducedDate": "1980-06-05",
            "latestAction": {
                "actionDate": "1980-06-05",
                "text": "Referred to House Committee on Veterans' Affairs."
            },
            "number": "7510",
            "policyArea": {
                "name": "Housing and Community Development"
            },
            "title": "A bill to provide that the interest rate on mortgages secured by one-to four-family residences and insured under title II of the National Housing Act or guaranteed under chapter 37 of title 38, United States Code, be negotiated between the borrower and lender, and that lenders may not charge discount points on such mortgages in excess of their acquisition costs.",
            "type": "HR",
            "url": "https://api.congress.gov/v3/bill/96/hr/7510?format=json"
        },
        {
            "congress": 96,
            "introducedDate": "1980-04-02",
            "latestAction": {
                "actionDate": "1980-04-02",
                "text": "Referred to House Committee on Foreign Affairs."
            },
            "number": "7025",
            "policyArea": {
                "name": "Foreign Trade and International Finance"
            },
            "title": "A bill to provide for the monitoring of the restrictions on Soviet trade.",
            "type": "HR",
            "url": "https://api.congress.gov/v3/bill/96/hr/7025?format=json"
        },
        {
            "congress": 96,
            "introducedDate": "1979-10-11",
            "latestAction": {
                "actionDate": "1979-10-11",
                "text": "Referred to House Committee on the Judiciary."
            },
            "number": "5553",
            "policyArea": {
                "name": "Private Legislation"
            },
            "title": "A bill for the relief of the Southern Methodist University School of Law Leasing Trust, and its successor trust, the Legal Educational Trust of Dallas.",
            "type": "HR",
            "url": "https://api.congress.gov/v3/bill/96/hr/5553?format=json"
        },
        {
            "congress": 96,
            "introducedDate": "1979-05-14",
            "latestAction": {
                "actionDate": "1979-05-14",
                "text": "Referred to House Committee on the Judiciary."
            },
            "number": "4089",
            "policyArea": {
                "name": "Private Legislation"
            },
            "title": "A bill for the relief of Robert Jayson, William Jayson, and Jennie Jayson.",
            "type": "HR",
            "url": "https://api.congress.gov/v3/bill/96/hr/4089?format=json"
        },
        {
            "congress": 96,
            "introducedDate": "1979-03-08",
            "latestAction": {
                "actionDate": "1979-03-08",
                "text": "Referred to House Committee on Government Operations."
            },
            "number": "2758",
            "policyArea": {
                "name": "Government Operations and Politics"
            },
            "title": "A bill to suspend revenue sharing payments to States under the State and Local Fiscal Assistance Act of 1972.",
            "type": "HR",
            "url": "https://api.congress.gov/v3/bill/96/hr/2758?format=json"
        },
        {
            "congress": 96,
            "introducedDate": "1979-02-01",
            "latestAction": {
                "actionDate": "1979-02-01",
                "text": "Referred to House Committee on Ways and Means."
            },
            "number": "1797",
            "policyArea": {
                "name": "Taxation"
            },
            "title": "A bill to amend the Social Security Act and the Internal Revenue Code of 1954 to provide (in two steps) for the financing of the hospital insurance program from general revenues rather than through the imposition of medicare taxes as at present, and to eliminate the special statutory increases in the earnings base which are presently scheduled for 1980 and 1981.",
            "type": "HR",
            "url": "https://api.congress.gov/v3/bill/96/hr/1797?format=json"
        },
        {
            "congress": 96,
            "introducedDate": "1979-05-14",
            "latestAction": {
                "actionDate": "1979-05-14",
                "text": "Referred to House Committee on the Judiciary."
            },
            "number": "269",
            "policyArea": {
                "name": "Private Legislation"
            },
            "title": "A resolution to refer the bill (H.R. 4089) entitled \"A bill for the relief of Robert Jayson, William Jayson, and Jennie Jayson,\" to the Chief Commissioner of the United States Court of Claims.",
            "type": "HRES",
            "url": "https://api.congress.gov/v3/bill/96/hres/269?format=json"
        },
        {
            "congress": 96,
            "introducedDate": "1979-02-01",
            "latestAction": {
                "actionDate": "1979-02-01",
                "text": "Referred to House Committee on International Relations (Subsequently: Foreign Affairs)."
            },
            "number": "41",
            "policyArea": {
                "name": "International Affairs"
            },
            "title": "A concurrent resolution expressing the sense of the Congress that the United States should recognize the Republic of China as the sovereign government of Taiwan and the other areas under its control and should establish full diplomatic relations with the Republic of China.",
            "type": "HCONRES",
            "url": "https://api.congress.gov/v3/bill/96/hconres/41?format=json"
        },
        {
            "congress": 95,
            "introducedDate": "1978-04-24",
            "latestAction": {
                "actionDate": "1978-04-24",
                "text": "Referred to House Committee on Ways and Means."
            },
            "number": "12298",
            "policyArea": {
                "name": "Social Welfare"
            },
            "title": "A bill to amend the Social Security Act and the Internal Revenue Code of 1954 to provide for the financing of the hospital insurance program from general revenues rather than through the imposition of medicare taxes as at present and to eliminate the recently enacted special increases in the earnings base.",
            "type": "HR",
            "url": "https://api.congress.gov/v3/bill/95/hr/12298?format=json"
        },
        {
            "congress": 95,
            "introducedDate": "1978-03-06",
            "latestAction": {
                "actionDate": "1978-03-06",
                "text": "Referred to House Committee on Ways and Means."
            },
            "number": "11306",
            "policyArea": {
                "name": "Social Welfare"
            },
            "title": "A bill to amend the Social Security Act and the Internal Revenue Code of 1954 to provide for the financing of the hospital insurance program from general revenues rather than through the imposition of medicare taxes as at present and to eliminate the recently enacted special increases in the earnings base.",
            "type": "HR",
            "url": "https://api.congress.gov/v3/bill/95/hr/11306?format=json"
        },
        {
            "congress": 95,
            "introducedDate": "1977-12-15",
            "latestAction": {
                "actionDate": "1977-12-15",
                "text": "Referred to House Committee on the Judiciary."
            },
            "number": "10404",
            "policyArea": {
                "name": "Private Legislation"
            },
            "title": "A bill for the relief of Robert Jayson, William Jayson, and Jennie Jayson.",
            "type": "HR",
            "url": "https://api.congress.gov/v3/bill/95/hr/10404?format=json"
        },
        {
            "congress": 95,
            "introducedDate": "1977-11-03",
            "latestAction": {
                "actionDate": "1977-11-03",
                "text": "Referred to House Committee on Education and Labor."
            },
            "number": "653",
            "policyArea": {
                "name": "Government Operations and Politics"
            },
            "title": "White House Conference on the Humanities Act",
            "type": "HJRES",
            "url": "https://api.congress.gov/v3/bill/95/hjres/653?format=json"
        },
        {
            "congress": 95,
            "introducedDate": "1977-11-03",
            "latestAction": {
                "actionDate": "1977-11-03",
                "text": "Referred to House Committee on Education and Labor."
            },
            "number": "652",
            "policyArea": {
                "name": "Arts, Culture, Religion"
            },
            "title": "White House Conference on the Arts Act",
            "type": "HJRES",
            "url": "https://api.congress.gov/v3/bill/95/hjres/652?format=json"
        },
        {
            "congress": 95,
            "introducedDate": "1977-12-15",
            "latestAction": {
                "actionDate": "1977-12-15",
                "text": "Referred to House Committee on the Judiciary."
            },
            "number": "946",
            "policyArea": {
                "name": "Private Legislation"
            },
            "title": "A resolution to refer H.R. 10404 to the Chief Commissioner of the United States Court of Claims.",
            "type": "HRES",
            "url": "https://api.congress.gov/v3/bill/95/hres/946?format=json"
        },
        {
            "congress": 97,
            "introducedDate": "1982-05-05",
            "latestAction": {
                "actionDate": "1982-05-17",
                "text": "Referred to Subcommittee on Aviation."
            },
            "number": "6284",
            "policyArea": {
                "name": "Transportation and Public Works"
            },
            "title": "A bill to require the Secretary of Transportation to prescribe regulations prohibiting the smoking of tobacco on commercial aircraft.",
            "type": "HR",
            "url": "https://api.congress.gov/v3/bill/97/hr/6284?format=json"
        },
        {
            "congress": 97,
            "introducedDate": "1981-05-07",
            "latestAction": {
                "actionDate": "1981-05-07",
                "text": "Referred to House Committee on The Judiciary."
            },
            "number": "3510",
            "policyArea": {
                "name": "Private Legislation"
            },
            "title": "A bill for the relief of the Southern Methodist University School of Law Leasing Trust, and its successor trust, the Legal Educational Trust of Dallas.",
            "type": "HR",
            "url": "https://api.congress.gov/v3/bill/97/hr/3510?format=json"
        },
        {
            "congress": 97,
            "introducedDate": "1981-01-23",
            "latestAction": {
                "actionDate": "1981-01-23",
                "text": "Referred to House Committee on The Judiciary."
            },
            "number": "1286",
            "policyArea": {
                "name": "Private Legislation"
            },
            "title": "A bill for the relief of Robert Jayson, William Jayson, and Jennie Jayson.",
            "type": "HR",
            "url": "https://api.congress.gov/v3/bill/97/hr/1286?format=json"
        },
        {
            "congress": 97,
            "introducedDate": "1981-01-23",
            "latestAction": {
                "actionDate": "1981-02-10",
                "text": "Referred to Subcommittee on Census and Population."
            },
            "number": "39",
            "policyArea": {
                "name": "Government Operations and Politics"
            },
            "title": "A resolution to express the sense of the House of Representatives that the President should declare a national holiday to honor the Americans who were held hostage in Iran and observe their return to the United States.",
            "type": "HRES",
            "url": "https://api.congress.gov/v3/bill/97/hres/39?format=json"
        },
        {
            "congress": 97,
            "introducedDate": "1981-01-23",
            "latestAction": {
                "actionDate": "1981-01-23",
                "text": "Referred to House Committee on The Judiciary."
            },
            "number": "40",
            "policyArea": {
                "name": "Private Legislation"
            },
            "title": "A resolution for the relief of Robert Jayson, William Jayson and Jennie Jayson.",
            "type": "HRES",
            "url": "https://api.congress.gov/v3/bill/97/hres/40?format=json"
        }
    ]
}