{
    "pagination": {
        "count": 10
    },
    "request": {
        "bioguideId": "s001221",
        "contentType": "application/json",
        "format": "json"
    },
    "sponsoredLegislation": [
        {
            "congress": 118,
            "introducedDate": "2023-09-26",
            "latestAction": {
                "actionDate": "2023-09-26",
                "text": "Referred to the House Committee on Natural Resources."
            },
            "number": "5732",
            "policyArea": {
                "name": "Native Americans"
            },
            "title": "Grand River Bands of Ottawa Indians Restoration Act of 2023",
            "type": "HR",
            "url": "https://api.congress.gov/v3/bill/118/hr/5732?format=json"
        },
        {
            "congress": 118,
            "introducedDate": "2023-09-13",
            "latestAction": {
                "actionDate": "2023-09-26",
                "text": "Placed on the Union Calendar, Calendar No. 181."
            },
            "number": "5424",
            "policyArea": {
                "name": "Commerce"
            },
            "title": "Main Street Competes Act",
            "type": "HR",
            "url": "https://api.congress.gov/v3/bill/118/hr/5424?format=json"
        },
        {
            "congress": 118,
            "introducedDate": "2023-09-13",
            "latestAction": {
                "actionDate": "2024-02-13",
                "text": "Placed on the Union Calendar, Calendar No. 311."
            },
            "number": "5450",
            "policyArea": {
                "name": "Commerce"
            },
            "title": "To amend the Small Business Act to modify the application of price evaluation preference for qualified HUBZone small business concerns to certain contracts, and for other purposes.",
            "type": "HR",
            "url": "https://api.congress.gov/v3/bill/118/hr/5450?format=json"
        },
        {
            "congress": 118,
            "introducedDate": "2023-07-26",
            "latestAction": {
                "actionDate": "2023-09-25",
                "text": "Referred to the Subcommittee on Nutrition, Foreign Agriculture, and Horticulture."
            },
            "number": "4943",
            "policyArea": {
                "name": "Agriculture and Food"
            },
            "title": "Enabling Farmers to Benefit from Processing Nutrition Programs Act of 2023",
            "type": "HR",
            "url": "https://api.congress.gov/v3/bill/118/hr/4943?format=json"
        },
        {
            "congress": 118,
            "introducedDate": "2023-05-24",
            "latestAction": {
                "actionDate": "2023-05-25",
                "text": "Referred to the Subcommittee on Aviation."
            },
            "number": "442",
            "policyArea": {
                "name": "Transportation and Public Works"
            },
            "title": "Expressing support for the designation of May 24 as \"National Aviation Maintenance Technician Day\" or \"National AMT Day\" to commemorate the work of aviation maintenance professionals.",
            "type": "HRES",
            "url": "https://api.congress.gov/v3/bill/118/hres/442?format=json"
        },
        {
            "congress": 118,
            "introducedDate": "2023-04-18",
            "latestAction": {
                "actionDate": "2023-04-19",
                "text": "Referred to the Subcommittee on Coast Guard and Maritime Transportation."
            },
            "number": "2693",
            "policyArea": {
                "name": "Economics and Public Finance"
            },
            "title": "Pay Our Coast Guard Parity Act of 2023",
            "type": "HR",
            "url": "https://api.congress.gov/v3/bill/118/hr/2693?format=json"
        },
        {
            "congress": 118,
            "introducedDate": "2023-04-13",
            "latestAction": {
                "actionDate": "2023-04-13",
                "text": "Referred to the House Committee on Oversight and Accountability."
            },
            "number": "2621",
            "policyArea": {
                "name": "Government Operations and Politics"
            },
            "title": "Honoring Vocational Education Act",
            "type": "HR",
            "url": "https://api.congress.gov/v3/bill/118/hr/2621?format=json"
        },
        {
            "congress": 118,
            "introducedDate": "2023-03-29",
            "latestAction": {
                "actionDate": "2023-03-30",
                "text": "Sponsor introductory remarks on measure. (CR H1662)"
            },
            "number": "2388",
            "policyArea": {
                "name": "Labor and Employment"
            },
            "title": "Justice for Exploited Children Act of 2023",
            "type": "HR",
            "url": "https://api.congress.gov/v3/bill/118/hr/2388?format=json"
        },
        {
            "congress": 118,
            "introducedDate": "2024-03-12",
            "latestAction": {
                "actionDate": "2024-03-12",
                "text": "Referred to the House Committee on Natural Resources."
            },
            "number": "7642",
            "policyArea": {
                "name": "Animals"
            },
            "title": "To reauthorize the Junior Duck Stamp Conservation and Design Program Act of 1994 (16 U.S.C. 719 et seq.).",
            "type": "HR",
            "url": "https://api.congress.gov/v3/bill/118/hr/7642?format=json"
        },
        {
            "amendmentNumber": "54",
            "congress": 118,
            "introducedDate": "2023-01-26",
            "latestAction": {
                "actionDate": "2023-01-27",
                "actionTime": "11:50:41",
                "text": "On agreeing to the Scholten amendment (A053) Failed by recorded vote: 207 - 221 (Roll no. 77). (consideration: CR H459-460)"
            },
            "type": null,
            "url": "https://api.congress.gov/v3/amendment/118/hamdt/54?format=json"
        }
    ]
}