{
    "pagination": {
        "count": 76
    },
    "request": {
        "bioguideId": "w000823",
        "contentType": "application/json",
        "format": "json"
    },
    "sponsoredLegislation": [
        {
            "amendmentNumber": "1065",
            "congress": 118,
            "introducedDate": "2024-06-27",
            "latestAction": {
                "actionDate": "2024-06-27",
                "actionTime": "16:11:43",
                "text": "On agreeing to the Waltz amendment (A037) Agreed to by recorded vote: 209 - 200 (Roll no. 321)."
            },
            "type": null,
            "url": "https://api.congress.gov/v3/amendment/118/hamdt/1065?format=json"
        },
        {
            "amendmentNumber": "984",
            "congress": 118,
            "introducedDate": "2024-06-13",
            "latestAction": {
                "actionDate": "2024-06-13",
                "actionTime": "18:02:32",
                "text": "On agreeing to the Waltz amendment (A026) Failed by recorded vote: 205 - 216 (Roll no. 274)."
            },
            "type": null,
            "url": "https://api.congress.gov/v3/amendment/118/hamdt/984?format=json"
        },
        {
            "amendmentNumber": "971",
            "congress": 118,
            "introducedDate": "2024-06-12",
            "latestAction": {
                "actionDate": "2024-06-12",
                "actionTime": "16:33:32",
                "text": "On agreeing to the Waltz amendment (A013) Agreed to by recorded vote: 238 - 187 (Roll no. 258)."
            },
            "type": null,
            "url": "https://api.congress.gov/v3/amendment/118/hamdt/971?format=json"
        },
        {
            "congress": 118,
            "introducedDate": "2024-05-22",
            "latestAction": {
                "actionDate": "2024-05-22",
                "text": "Referred to the Committee on Armed Services, and in addition to the Committees on Science, Space, and Technology, and Transportation and Infrastructure, for a period to be subsequently determined by the Speaker, in each case for consideration of such provisions as fall within the jurisdiction of the committee concerned."
            },
            "number": "8515",
            "policyArea": {
                "name": null
            },
            "title": "Maritime Advantage Results In National Economic Resiliency and Security Act",
            "type": "HR",
            "url": "https://api.congress.gov/v3/bill/118/hr/8515?format=json"
        },
        {
            "congress": 118,
            "introducedDate": "2024-04-15",
            "latestAction": {
                "actionDate": "2024-07-09",
                "text": "Subcommittee Hearings Held"
            },
            "number": "8012",
            "policyArea": {
                "name": "Public Lands and Natural Resources"
            },
            "title": "Jackie Robinson Commemorative Site Act",
            "type": "HR",
            "url": "https://api.congress.gov/v3/bill/118/hr/8012?format=json"
        },
        {
            "amendmentNumber": "880",
            "congress": 118,
            "introducedDate": "2024-04-12",
            "latestAction": {
                "actionDate": "2024-04-12",
                "actionTime": "12:44:55",
                "text": "On agreeing to the Waltz amendment (A005) Agreed to by recorded vote: 227 - 193 (Roll no. 117)."
            },
            "type": null,
            "url": "https://api.congress.gov/v3/amendment/118/hamdt/880?format=json"
        },
        {
            "congress": 118,
            "introducedDate": "2024-04-12",
            "latestAction": {
                "actionDate": "2024-04-12",
                "text": "Referred to the House Committee on Armed Services."
            },
            "number": "7977",
            "policyArea": {
                "name": "Armed Forces and National Security"
            },
            "title": "Preserving JROTC Programs Act",
            "type": "HR",
            "url": "https://api.congress.gov/v3/bill/118/hr/7977?format=json"
        },
        {
            "congress": 118,
            "introducedDate": "2024-04-05",
            "latestAction": {
                "actionDate": "2024-04-10",
                "text": "Ordered to be Reported (Amended) by the Yeas and Nays: 37 - 6."
            },
            "number": "7868",
            "policyArea": {
                "name": "Health"
            },
            "title": "FEHB Protection Act",
            "type": "HR",
            "url": "https://api.congress.gov/v3/bill/118/hr/7868?format=json"
        },
        {
            "congress": 118,
            "introducedDate": "2024-02-15",
            "latestAction": {
                "actionDate": "2024-02-15",
                "text": "Referred to the House Committee on Armed Services."
            },
            "number": "7401",
            "policyArea": {
                "name": "Armed Forces and National Security"
            },
            "title": "Contract Our Veterans Act of 2024",
            "type": "HR",
            "url": "https://api.congress.gov/v3/bill/118/hr/7401?format=json"
        },
        {
            "congress": 118,
            "introducedDate": "2024-02-07",
            "latestAction": {
                "actionDate": "2024-02-07",
                "text": "Referred to the House Committee on Ways and Means."
            },
            "number": "7304",
            "policyArea": {
                "name": "Social Welfare"
            },
            "title": "Protecting the Families of Our Fallen Patriots Act",
            "type": "HR",
            "url": "https://api.congress.gov/v3/bill/118/hr/7304?format=json"
        },
        {
            "congress": 118,
            "introducedDate": "2023-12-15",
            "latestAction": {
                "actionDate": "2023-12-15",
                "text": "Referred to the House Committee on Foreign Affairs."
            },
            "number": "6846",
            "policyArea": {
                "name": "International Affairs"
            },
            "title": "Connecting Oceania\u2019s Nations with Vanguard Exercises and National Empowerment Act of 2023",
            "type": "HR",
            "url": "https://api.congress.gov/v3/bill/118/hr/6846?format=json"
        },
        {
            "congress": 118,
            "introducedDate": "2023-12-05",
            "latestAction": {
                "actionDate": "2024-02-06",
                "text": "Ordered to be Reported in the Nature of a Substitute (Amended) by the Yeas and Nays: 26 - 20."
            },
            "number": "6609",
            "policyArea": {
                "name": "International Affairs"
            },
            "title": "TIGER Act",
            "type": "HR",
            "url": "https://api.congress.gov/v3/bill/118/hr/6609?format=json"
        },
        {
            "congress": 118,
            "introducedDate": "2023-11-13",
            "latestAction": {
                "actionDate": "2023-11-13",
                "text": "Referred to the House Committee on Natural Resources."
            },
            "number": "6393",
            "policyArea": {
                "name": "Animals"
            },
            "title": "Sturgeon Conservation and Sustainability Act",
            "type": "HR",
            "url": "https://api.congress.gov/v3/bill/118/hr/6393?format=json"
        },
        {
            "congress": 118,
            "introducedDate": "2023-10-26",
            "latestAction": {
                "actionDate": "2023-11-03",
                "text": "Referred to the Subcommittee on Health."
            },
            "number": "6112",
            "policyArea": {
                "name": "Health"
            },
            "title": "Further Strengthening America\u2019s Supply Chain and National Security Act",
            "type": "HR",
            "url": "https://api.congress.gov/v3/bill/118/hr/6112?format=json"
        },
        {
            "congress": 118,
            "introducedDate": "2023-10-06",
            "latestAction": {
                "actionDate": "2023-10-25",
                "text": "Referred to the Committee on Foreign Affairs, and in addition to the Committees on Financial Services, the Judiciary, Oversight and Accountability, and Ways and Means, for a period to be subsequently determined by the Speaker, in each case for consideration of such provisions as fall within the jurisdiction of the committee concerned."
            },
            "number": "5912",
            "policyArea": {
                "name": "International Affairs"
            },
            "title": "PUNISH Act of 2023",
            "type": "HR",
            "url": "https://api.congress.gov/v3/bill/118/hr/5912?format=json"
        },
        {
            "congress": 118,
            "introducedDate": "2023-09-26",
            "latestAction": {
                "actionDate": "2023-09-26",
                "text": "Referred to the House Committee on Armed Services."
            },
            "number": "5738",
            "policyArea": {
                "name": "Armed Forces and National Security"
            },
            "title": "Abbey Gate Gold Star Families Dignified Transport Act",
            "type": "HR",
            "url": "https://api.congress.gov/v3/bill/118/hr/5738?format=json"
        },
        {
            "congress": 118,
            "introducedDate": "2023-09-20",
            "latestAction": {
                "actionDate": "2023-12-13",
                "text": "Ordered to be Reported in the Nature of a Substitute (Amended) by the Yeas and Nays: 43 - 0."
            },
            "number": "5613",
            "policyArea": {
                "name": "International Affairs"
            },
            "title": "Sanctions Lists Harmonization Act",
            "type": "HR",
            "url": "https://api.congress.gov/v3/bill/118/hr/5613?format=json"
        },
        {
            "congress": 118,
            "introducedDate": "2023-08-04",
            "latestAction": {
                "actionDate": "2023-08-04",
                "text": "Referred to the House Committee on Oversight and Accountability."
            },
            "number": "5164",
            "policyArea": {
                "name": "Government Operations and Politics"
            },
            "title": "PAINTER Act",
            "type": "HR",
            "url": "https://api.congress.gov/v3/bill/118/hr/5164?format=json"
        },
        {
            "congress": 118,
            "introducedDate": "2023-07-28",
            "latestAction": {
                "actionDate": "2023-07-28",
                "text": "Referred to the House Committee on Ways and Means."
            },
            "number": "5093",
            "policyArea": {
                "name": "Health"
            },
            "title": "PAATCH Act",
            "type": "HR",
            "url": "https://api.congress.gov/v3/bill/118/hr/5093?format=json"
        },
        {
            "congress": 118,
            "introducedDate": "2023-06-22",
            "latestAction": {
                "actionDate": "2023-06-22",
                "text": "Referred to the House Committee on Foreign Affairs."
            },
            "number": "4312",
            "policyArea": {
                "name": "International Affairs"
            },
            "title": "To enhance the eligibility of India for Foreign Military Sales and exports under the Arms Export Control Act.",
            "type": "HR",
            "url": "https://api.congress.gov/v3/bill/118/hr/4312?format=json"
        },
        {
            "congress": 118,
            "introducedDate": "2023-05-18",
            "latestAction": {
                "actionDate": "2023-05-18",
                "text": "Referred to the House Committee on the Judiciary."
            },
            "number": "3546",
            "policyArea": {
                "name": "Crime and Law Enforcement"
            },
            "title": "Study To Observe and Prevent (STOP) Human Trafficking Act of 2023",
            "type": "HR",
            "url": "https://api.congress.gov/v3/bill/118/hr/3546?format=json"
        },
        {
            "congress": 118,
            "introducedDate": "2023-05-17",
            "latestAction": {
                "actionDate": "2023-05-17",
                "text": "Referred to the House Committee on Oversight and Accountability."
            },
            "number": "3455",
            "policyArea": {
                "name": "Government Operations and Politics"
            },
            "title": "TSP Act",
            "type": "HR",
            "url": "https://api.congress.gov/v3/bill/118/hr/3455?format=json"
        },
        {
            "congress": 118,
            "introducedDate": "2023-05-11",
            "latestAction": {
                "actionDate": "2023-05-11",
                "text": "Referred to the Committee on Armed Services, and in addition to the Committee on Oversight and Accountability, for a period to be subsequently determined by the Speaker, in each case for consideration of such provisions as fall within the jurisdiction of the committee concerned."
            },
            "number": "3278",
            "policyArea": {
                "name": "Armed Forces and National Security"
            },
            "title": "WARRIOR Act",
            "type": "HR",
            "url": "https://api.congress.gov/v3/bill/118/hr/3278?format=json"
        },
        {
            "congress": 118,
            "introducedDate": "2023-05-09",
            "latestAction": {
                "actionDate": "2023-05-10",
                "text": "Referred to the Subcommittee on Water Resources and Environment."
            },
            "number": "3167",
            "policyArea": {
                "name": "Environmental Protection"
            },
            "title": "Clean Water Allotment Modernization Act of 2023",
            "type": "HR",
            "url": "https://api.congress.gov/v3/bill/118/hr/3167?format=json"
        },
        {
            "congress": 118,
            "introducedDate": "2023-03-30",
            "latestAction": {
                "actionDate": "2023-03-30",
                "text": "Referred to the House Committee on Armed Services."
            },
            "number": "2454",
            "policyArea": {
                "name": "Armed Forces and National Security"
            },
            "title": "United States-Israel PTSD Collaborative Research Act",
            "type": "HR",
            "url": "https://api.congress.gov/v3/bill/118/hr/2454?format=json"
        },
        {
            "congress": 118,
            "introducedDate": "2023-03-10",
            "latestAction": {
                "actionDate": "2023-04-14",
                "text": "Referred to the Subcommittee on Energy and Mineral Resources."
            },
            "number": "1569",
            "policyArea": {
                "name": "Public Lands and Natural Resources"
            },
            "title": "CLAMP Act of 2023",
            "type": "HR",
            "url": "https://api.congress.gov/v3/bill/118/hr/1569?format=json"
        },
        {
            "congress": 118,
            "introducedDate": "2023-03-10",
            "latestAction": {
                "actionDate": "2024-02-09",
                "text": "Became Public Law No: 118-39."
            },
            "number": "1568",
            "policyArea": {
                "name": "Foreign Trade and International Finance"
            },
            "title": "Moving Americans Privacy Protection Act",
            "type": "HR",
            "url": "https://api.congress.gov/v3/bill/118/hr/1568?format=json"
        },
        {
            "congress": 118,
            "introducedDate": "2023-02-28",
            "latestAction": {
                "actionDate": "2023-03-01",
                "text": "Referred to the Subcommittee on Water Resources and Environment."
            },
            "number": "188",
            "policyArea": {
                "name": "Transportation and Public Works"
            },
            "title": "Condemning Secretary of Transportation Pete Buttigieg.",
            "type": "HRES",
            "url": "https://api.congress.gov/v3/bill/118/hres/188?format=json"
        },
        {
            "congress": 118,
            "introducedDate": "2023-02-27",
            "latestAction": {
                "actionDate": "2023-02-27",
                "text": "Referred to the House Committee on Armed Services."
            },
            "number": "1225",
            "policyArea": {
                "name": "Armed Forces and National Security"
            },
            "title": "Stop Funding JROTC at CCP-Owned Schools Act",
            "type": "HR",
            "url": "https://api.congress.gov/v3/bill/118/hr/1225?format=json"
        },
        {
            "congress": 118,
            "introducedDate": "2023-02-09",
            "latestAction": {
                "actionDate": "2023-02-21",
                "text": "Referred to the Subcommittee on Energy and Mineral Resources."
            },
            "number": "970",
            "policyArea": {
                "name": "Energy"
            },
            "title": "Preserving the Gulf Test Range to Ensure Military Readiness Act",
            "type": "HR",
            "url": "https://api.congress.gov/v3/bill/118/hr/970?format=json"
        },
        {
            "congress": 118,
            "introducedDate": "2023-02-06",
            "latestAction": {
                "actionDate": "2023-03-29",
                "text": "Subcommittee Hearings Held."
            },
            "number": "854",
            "policyArea": {
                "name": "Armed Forces and National Security"
            },
            "title": "Captain James C. Edge Gold Star Spouse Equity Act",
            "type": "HR",
            "url": "https://api.congress.gov/v3/bill/118/hr/854?format=json"
        },
        {
            "congress": 118,
            "introducedDate": "2023-02-02",
            "latestAction": {
                "actionDate": "2023-02-02",
                "text": "Referred to the House Committee on Oversight and Accountability."
            },
            "number": "825",
            "policyArea": {
                "name": "Government Operations and Politics"
            },
            "title": "BOLIVAR Act",
            "type": "HR",
            "url": "https://api.congress.gov/v3/bill/118/hr/825?format=json"
        },
        {
            "congress": 118,
            "introducedDate": "2023-01-26",
            "latestAction": {
                "actionDate": "2023-02-21",
                "text": "Referred to the Subcommittee on Energy and Mineral Resources."
            },
            "number": "583",
            "policyArea": {
                "name": "Energy"
            },
            "title": "American Shores Protection Act of 2023",
            "type": "HR",
            "url": "https://api.congress.gov/v3/bill/118/hr/583?format=json"
        },
        {
            "congress": 118,
            "introducedDate": "2023-01-25",
            "latestAction": {
                "actionDate": "2024-05-01",
                "text": "Received in the Senate."
            },
            "number": "529",
            "policyArea": {
                "name": "Foreign Trade and International Finance"
            },
            "title": "Extending Limits of U.S. Customs Waters Act",
            "type": "HR",
            "url": "https://api.congress.gov/v3/bill/118/hr/529?format=json"
        },
        {
            "amendmentNumber": "239",
            "congress": 118,
            "introducedDate": "2023-07-13",
            "latestAction": {
                "actionDate": "2023-07-13",
                "actionTime": "22:53:48",
                "text": "On agreeing to the Waltz amendment (A024) Agreed to by recorded vote: 234 - 198 (Roll no. 315). "
            },
            "type": null,
            "url": "https://api.congress.gov/v3/amendment/118/hamdt/239?format=json"
        },
        {
            "congress": 117,
            "introducedDate": "2022-09-22",
            "latestAction": {
                "actionDate": "2022-09-22",
                "text": "Referred to the Committee on Natural Resources, and in addition to the Committee on Armed Services, for a period to be subsequently determined by the Speaker, in each case for consideration of such provisions as fall within the jurisdiction of the committee concerned."
            },
            "number": "8980",
            "policyArea": {
                "name": "Energy"
            },
            "title": "Preserving the Gulf Test Range to Ensure Military Readiness Act",
            "type": "HR",
            "url": "https://api.congress.gov/v3/bill/117/hr/8980?format=json"
        },
        {
            "congress": 117,
            "introducedDate": "2022-09-21",
            "latestAction": {
                "actionDate": "2022-11-01",
                "text": "Referred to the Subcommittee on Immigration and Citizenship."
            },
            "number": "8947",
            "policyArea": {
                "name": "International Affairs"
            },
            "title": "PUNISH Act of 2022",
            "type": "HR",
            "url": "https://api.congress.gov/v3/bill/117/hr/8947?format=json"
        },
        {
            "congress": 117,
            "introducedDate": "2022-06-14",
            "latestAction": {
                "actionDate": "2022-06-14",
                "text": "Referred to the House Committee on Science, Space, and Technology."
            },
            "number": "8065",
            "policyArea": {
                "name": "Science, Technology, Communications"
            },
            "title": "National R & D Strategy for Distributed Ledger Technology Act of 2022",
            "type": "HR",
            "url": "https://api.congress.gov/v3/bill/117/hr/8065?format=json"
        },
        {
            "congress": 117,
            "introducedDate": "2022-06-08",
            "latestAction": {
                "actionDate": "2022-06-08",
                "text": "Referred to the House Committee on Oversight and Reform."
            },
            "number": "7991",
            "policyArea": {
                "name": "Government Operations and Politics"
            },
            "title": "KREMLIN Act",
            "type": "HR",
            "url": "https://api.congress.gov/v3/bill/117/hr/7991?format=json"
        },
        {
            "congress": 117,
            "introducedDate": "2022-01-19",
            "latestAction": {
                "actionDate": "2022-01-19",
                "text": "Referred to the House Committee on Ways and Means."
            },
            "number": "6433",
            "policyArea": {
                "name": "Taxation"
            },
            "title": "IOC Act",
            "type": "HR",
            "url": "https://api.congress.gov/v3/bill/117/hr/6433?format=json"
        },
        {
            "congress": 117,
            "introducedDate": "2021-11-03",
            "latestAction": {
                "actionDate": "2021-11-03",
                "text": "Referred to the Subcommittee on Trade."
            },
            "number": "5852",
            "policyArea": {
                "name": "Foreign Trade and International Finance"
            },
            "title": "Extending Limits of U.S. Customs Waters Act",
            "type": "HR",
            "url": "https://api.congress.gov/v3/bill/117/hr/5852?format=json"
        },
        {
            "congress": 117,
            "introducedDate": "2021-07-27",
            "latestAction": {
                "actionDate": "2021-07-27",
                "text": "Referred to the House Committee on Armed Services."
            },
            "number": "4730",
            "policyArea": {
                "name": "Armed Forces and National Security"
            },
            "title": "The Post-Widows Tax Repeal SBP Open Enrollment for Service-Disabled Veterans Act",
            "type": "HR",
            "url": "https://api.congress.gov/v3/bill/117/hr/4730?format=json"
        },
        {
            "congress": 117,
            "introducedDate": "2021-07-26",
            "latestAction": {
                "actionDate": "2021-08-09",
                "text": "Referred to the Subcommittee on Energy and Mineral Resources."
            },
            "number": "4696",
            "policyArea": {
                "name": "Energy"
            },
            "title": "American Shores Protection Act",
            "type": "HR",
            "url": "https://api.congress.gov/v3/bill/117/hr/4696?format=json"
        },
        {
            "congress": 117,
            "introducedDate": "2021-10-20",
            "latestAction": {
                "actionDate": "2021-10-21",
                "text": "Referred to the Subcommittee on Water Resources and Environment."
            },
            "number": "5653",
            "policyArea": {
                "name": "Environmental Protection"
            },
            "title": "Clean Water Allotment Modernization Act of 2021",
            "type": "HR",
            "url": "https://api.congress.gov/v3/bill/117/hr/5653?format=json"
        },
        {
            "congress": 117,
            "introducedDate": "2021-09-14",
            "latestAction": {
                "actionDate": "2021-09-14",
                "text": "Referred to the House Committee on Science, Space, and Technology."
            },
            "number": "5266",
            "policyArea": {
                "name": "Science, Technology, Communications"
            },
            "title": "To establish a research security training requirement for Federal research grant personnel, and for other purposes.",
            "type": "HR",
            "url": "https://api.congress.gov/v3/bill/117/hr/5266?format=json"
        },
        {
            "congress": 117,
            "introducedDate": "2021-09-14",
            "latestAction": {
                "actionDate": "2021-09-14",
                "text": "Referred to the House Committee on Science, Space, and Technology."
            },
            "number": "5265",
            "policyArea": {
                "name": "Science, Technology, Communications"
            },
            "title": "To prohibit malign foreign talent recruitment programs, and for other purposes.",
            "type": "HR",
            "url": "https://api.congress.gov/v3/bill/117/hr/5265?format=json"
        },
        {
            "congress": 117,
            "introducedDate": "2021-09-14",
            "latestAction": {
                "actionDate": "2022-11-01",
                "text": "Referred to the Subcommittee on Immigration and Citizenship."
            },
            "number": "645",
            "policyArea": {
                "name": "International Affairs"
            },
            "title": "Expressing the sense of the House of Representatives that the Secretary of State should designate the Afghan Taliban as a foreign terrorist organization, freeze all assets of the Government of Afghanistan held in the United States, and use all authority and influence of the United States Government to prohibit the distribution of funds to the Afghan Taliban by other countries and international institutions and organizations.",
            "type": "HRES",
            "url": "https://api.congress.gov/v3/bill/117/hres/645?format=json"
        },
        {
            "congress": 117,
            "introducedDate": "2021-08-24",
            "latestAction": {
                "actionDate": "2021-08-24",
                "text": "Referred to the House Committee on Foreign Affairs."
            },
            "number": "607",
            "policyArea": {
                "name": "International Affairs"
            },
            "title": "Condemns President Biden's failure to heed the advice of military and intelligence advisors about the speed and nature of the Taliban offensive, leading to a disorganized, chaotic, and abrupt evacuation of United States personnel and Afghan allies.",
            "type": "HRES",
            "url": "https://api.congress.gov/v3/bill/117/hres/607?format=json"
        },
        {
            "congress": 117,
            "introducedDate": "2021-07-29",
            "latestAction": {
                "actionDate": "2021-07-29",
                "text": "Referred to the Subcommittee on Health."
            },
            "number": "4859",
            "policyArea": {
                "name": "Health"
            },
            "title": "PAATCH Act",
            "type": "HR",
            "url": "https://api.congress.gov/v3/bill/117/hr/4859?format=json"
        },
        {
            "congress": 117,
            "introducedDate": "2021-07-28",
            "latestAction": {
                "actionDate": "2021-07-28",
                "text": "Referred to the House Committee on Oversight and Reform."
            },
            "number": "4782",
            "policyArea": {
                "name": "Health"
            },
            "title": "Preventing Assets and Investments with No Transparency from Executive Relatives Act",
            "type": "HR",
            "url": "https://api.congress.gov/v3/bill/117/hr/4782?format=json"
        },
        {
            "congress": 117,
            "introducedDate": "2021-06-22",
            "latestAction": {
                "actionDate": "2022-11-01",
                "text": "Referred to the Subcommittee on Crime, Terrorism, and Homeland Security."
            },
            "number": "4070",
            "policyArea": {
                "name": "Crime and Law Enforcement"
            },
            "title": "Study To Observe and Prevent (STOP) Human Trafficking Act of 2021",
            "type": "HR",
            "url": "https://api.congress.gov/v3/bill/117/hr/4070?format=json"
        },
        {
            "congress": 117,
            "introducedDate": "2021-06-14",
            "latestAction": {
                "actionDate": "2021-06-14",
                "text": "Referred to the House Committee on Ethics."
            },
            "number": "474",
            "policyArea": {
                "name": "Congress"
            },
            "title": "Condemning and censuring Representative Alexandria Ocasio-Cortez of New York, Representative Rashida Tlaib of Michigan, Representative Ilhan Omar of Minnesota, and Representative Ayanna Pressley of Massachusetts for defending foreign terrorist organizations and inciting anti-Semitic attacks across the United States.",
            "type": "HRES",
            "url": "https://api.congress.gov/v3/bill/117/hres/474?format=json"
        },
        {
            "congress": 117,
            "introducedDate": "2021-06-11",
            "latestAction": {
                "actionDate": "2022-02-18",
                "text": "Placed on the Union Calendar, Calendar No. 178."
            },
            "number": "3858",
            "policyArea": {
                "name": "Science, Technology, Communications"
            },
            "title": "National Science and Technology Strategy Act of 2021",
            "type": "HR",
            "url": "https://api.congress.gov/v3/bill/117/hr/3858?format=json"
        },
        {
            "congress": 117,
            "introducedDate": "2021-05-28",
            "latestAction": {
                "actionDate": "2021-05-28",
                "text": "Referred to the Committee on Oversight and Reform, and in addition to the Committee on Armed Services, for a period to be subsequently determined by the Speaker, in each case for consideration of such provisions as fall within the jurisdiction of the committee concerned."
            },
            "number": "3645",
            "policyArea": {
                "name": "Government Operations and Politics"
            },
            "title": "Beijing Winter Olympics Sponsor Accountability Act",
            "type": "HR",
            "url": "https://api.congress.gov/v3/bill/117/hr/3645?format=json"
        },
        {
            "congress": 117,
            "introducedDate": "2021-05-25",
            "latestAction": {
                "actionDate": "2021-05-25",
                "text": "Referred to the House Committee on Oversight and Reform."
            },
            "number": "3553",
            "policyArea": {
                "name": "Government Operations and Politics"
            },
            "title": "TSP Act",
            "type": "HR",
            "url": "https://api.congress.gov/v3/bill/117/hr/3553?format=json"
        },
        {
            "congress": 117,
            "introducedDate": "2021-04-30",
            "latestAction": {
                "actionDate": "2021-04-30",
                "text": "Referred to the House Committee on Foreign Affairs."
            },
            "number": "32",
            "policyArea": {
                "name": "International Affairs"
            },
            "title": "Commemorating the 30th anniversary of Operation Provide Comfort.",
            "type": "HCONRES",
            "url": "https://api.congress.gov/v3/bill/117/hconres/32?format=json"
        },
        {
            "congress": 117,
            "introducedDate": "2021-04-22",
            "latestAction": {
                "actionDate": "2021-10-20",
                "text": "Subcommittee Hearings Held."
            },
            "number": "2827",
            "policyArea": {
                "name": "Armed Forces and National Security"
            },
            "title": "Captain James C. Edge Gold Star Spouse Equity Act",
            "type": "HR",
            "url": "https://api.congress.gov/v3/bill/117/hr/2827?format=json"
        },
        {
            "congress": 117,
            "introducedDate": "2021-04-16",
            "latestAction": {
                "actionDate": "2021-10-19",
                "text": "Referred to the Subcommittee on Antitrust, Commercial, and Administrative Law."
            },
            "number": "2637",
            "policyArea": {
                "name": "Energy"
            },
            "title": "American Critical Mineral Independence Act of 2021",
            "type": "HR",
            "url": "https://api.congress.gov/v3/bill/117/hr/2637?format=json"
        },
        {
            "congress": 117,
            "introducedDate": "2021-02-25",
            "latestAction": {
                "actionDate": "2021-04-28",
                "text": "Referred to the Subcommittee on Immigration and Citizenship."
            },
            "number": "1387",
            "policyArea": {
                "name": "Immigration"
            },
            "title": "Sergeant First Class Javier J. Gutierrez Purple Heart Survivor Naturalization Fee Relief Act of 2021",
            "type": "HR",
            "url": "https://api.congress.gov/v3/bill/117/hr/1387?format=json"
        },
        {
            "congress": 117,
            "introducedDate": "2021-02-24",
            "latestAction": {
                "actionDate": "2021-02-24",
                "text": "Referred to the Committee on Foreign Affairs, and in addition to the Committee on Oversight and Reform, for a period to be subsequently determined by the Speaker, in each case for consideration of such provisions as fall within the jurisdiction of the committee concerned."
            },
            "number": "162",
            "policyArea": {
                "name": "International Affairs"
            },
            "title": "Urging that the International Olympic Committee rebid the 2022 Olympic Winter Games, and expressing the sense of Congress that the United States Olympic & Paralympic Committee should not participate if the Games are held in the People's Republic of China and that the United States Government should lead an international boycott if the Games are held in the People's Republic of China, and for other purposes.",
            "type": "HRES",
            "url": "https://api.congress.gov/v3/bill/117/hres/162?format=json"
        },
        {
            "congress": 117,
            "introducedDate": "2021-02-15",
            "latestAction": {
                "actionDate": "2021-02-15",
                "text": "Referred to the Committee on Foreign Affairs, and in addition to the Committee on Oversight and Reform, for a period to be subsequently determined by the Speaker, in each case for consideration of such provisions as fall within the jurisdiction of the committee concerned."
            },
            "number": "129",
            "policyArea": {
                "name": "International Affairs"
            },
            "title": "Urging the United States Olympic Committee, the International Olympic Committee, and the Olympic Committees of other countries to take certain actions with respect to the 2022 Winter Olympic Games.",
            "type": "HRES",
            "url": "https://api.congress.gov/v3/bill/117/hres/129?format=json"
        },
        {
            "congress": 117,
            "introducedDate": "2021-02-04",
            "latestAction": {
                "actionDate": "2021-02-04",
                "text": "Referred to the House Committee on Armed Services."
            },
            "number": "852",
            "policyArea": {
                "name": "Armed Forces and National Security"
            },
            "title": "United States-Israel PTSD Collaborative Research Act",
            "type": "HR",
            "url": "https://api.congress.gov/v3/bill/117/hr/852?format=json"
        },
        {
            "congress": 117,
            "introducedDate": "2021-01-28",
            "latestAction": {
                "actionDate": "2021-01-28",
                "text": "Referred to the House Committee on Oversight and Reform."
            },
            "number": "621",
            "policyArea": {
                "name": "Government Operations and Politics"
            },
            "title": "BOLIVAR Act",
            "type": "HR",
            "url": "https://api.congress.gov/v3/bill/117/hr/621?format=json"
        },
        {
            "congress": 116,
            "introducedDate": "2020-05-28",
            "latestAction": {
                "actionDate": "2020-06-26",
                "text": "Referred to the Subcommittee on Energy and Mineral Resources."
            },
            "number": "7061",
            "policyArea": {
                "name": "Energy"
            },
            "title": "American Critical Mineral Exploration and Innovation Act of 2020",
            "type": "HR",
            "url": "https://api.congress.gov/v3/bill/116/hr/7061?format=json"
        },
        {
            "congress": 116,
            "introducedDate": "2020-04-23",
            "latestAction": {
                "actionDate": "2020-04-23",
                "text": "Referred to the House Committee on Oversight and Reform."
            },
            "number": "6614",
            "policyArea": {
                "name": "Government Operations and Politics"
            },
            "title": "TSP Act",
            "type": "HR",
            "url": "https://api.congress.gov/v3/bill/116/hr/6614?format=json"
        },
        {
            "congress": 116,
            "introducedDate": "2020-03-25",
            "latestAction": {
                "actionDate": "2020-03-25",
                "text": "Referred to the Subcommittee on Trade."
            },
            "number": "6393",
            "policyArea": {
                "name": "Health"
            },
            "title": "Strengthening America\u2019s Supply Chain and National Security Act",
            "type": "HR",
            "url": "https://api.congress.gov/v3/bill/116/hr/6393?format=json"
        },
        {
            "congress": 116,
            "introducedDate": "2020-03-25",
            "latestAction": {
                "actionDate": "2020-03-25",
                "text": "Referred to the Committee on the Judiciary, and in addition to the Committee on Armed Services, for a period to be subsequently determined by the Speaker, in each case for consideration of such provisions as fall within the jurisdiction of the committee concerned."
            },
            "number": "6392",
            "policyArea": {
                "name": "Immigration"
            },
            "title": "Secure United States Bases Act",
            "type": "HR",
            "url": "https://api.congress.gov/v3/bill/116/hr/6392?format=json"
        },
        {
            "congress": 116,
            "introducedDate": "2020-02-28",
            "latestAction": {
                "actionDate": "2020-02-28",
                "text": "Referred to the House Committee on House Administration."
            },
            "number": "94",
            "policyArea": {
                "name": "Congress"
            },
            "title": "Authorizing the use of the rotunda of the Capitol for a ceremony to present the statue of Mary McLeod Bethune from the people of Florida for placement in National Statuary Hall.",
            "type": "HCONRES",
            "url": "https://api.congress.gov/v3/bill/116/hconres/94?format=json"
        },
        {
            "congress": 116,
            "introducedDate": "2020-02-10",
            "latestAction": {
                "actionDate": "2020-02-10",
                "text": "Referred to the Committee on Education and Labor, and in addition to the Committee on Ways and Means, for a period to be subsequently determined by the Speaker, in each case for consideration of such provisions as fall within the jurisdiction of the committee concerned."
            },
            "number": "5829",
            "policyArea": {
                "name": "Education"
            },
            "title": "The National Service GI Bill Act",
            "type": "HR",
            "url": "https://api.congress.gov/v3/bill/116/hr/5829?format=json"
        },
        {
            "congress": 116,
            "introducedDate": "2020-01-16",
            "latestAction": {
                "actionDate": "2020-01-17",
                "text": "Referred to the Subcommittee on Water Resources and Environment."
            },
            "number": "5628",
            "policyArea": {
                "name": "Environmental Protection"
            },
            "title": "Clean Water Allotment Modernization Act",
            "type": "HR",
            "url": "https://api.congress.gov/v3/bill/116/hr/5628?format=json"
        },
        {
            "congress": 116,
            "introducedDate": "2020-01-15",
            "latestAction": {
                "actionDate": "2020-01-15",
                "text": "Referred to the House Committee on Armed Services."
            },
            "number": "5621",
            "policyArea": {
                "name": "Armed Forces and National Security"
            },
            "title": "Base Responders\u2019 Essential Needs and Dining Access Act",
            "type": "HR",
            "url": "https://api.congress.gov/v3/bill/116/hr/5621?format=json"
        },
        {
            "congress": 116,
            "introducedDate": "2020-01-14",
            "latestAction": {
                "actionDate": "2020-01-14",
                "text": "Referred to the House Committee on Armed Services."
            },
            "number": "5605",
            "policyArea": {
                "name": "Armed Forces and National Security"
            },
            "title": "United States-Israel PTSD Collaborative Research Act",
            "type": "HR",
            "url": "https://api.congress.gov/v3/bill/116/hr/5605?format=json"
        },
        {
            "congress": 116,
            "introducedDate": "2019-12-05",
            "latestAction": {
                "actionDate": "2019-12-05",
                "text": "Referred to the House Committee on Armed Services."
            },
            "number": "5310",
            "policyArea": {
                "name": "Armed Forces and National Security"
            },
            "title": "FRAME Act",
            "type": "HR",
            "url": "https://api.congress.gov/v3/bill/116/hr/5310?format=json"
        },
        {
            "congress": 116,
            "introducedDate": "2019-04-10",
            "latestAction": {
                "actionDate": "2019-04-10",
                "text": "Referred to the House Committee on Oversight and Reform."
            },
            "number": "2204",
            "policyArea": {
                "name": "Government Operations and Politics"
            },
            "title": "Venezuelan Contracting Restriction Act",
            "type": "HR",
            "url": "https://api.congress.gov/v3/bill/116/hr/2204?format=json"
        },
        {
            "congress": 116,
            "introducedDate": "2019-03-27",
            "latestAction": {
                "actionDate": "2019-10-22",
                "text": "Subcommittee Hearings Held."
            },
            "number": "1911",
            "policyArea": {
                "name": "Armed Forces and National Security"
            },
            "title": "SFC Brian Woods Gold Star and Military Survivors Act",
            "type": "HR",
            "url": "https://api.congress.gov/v3/bill/116/hr/1911?format=json"
        },
        {
            "congress": 116,
            "introducedDate": "2019-03-13",
            "latestAction": {
                "actionDate": "2019-03-14",
                "text": "Referred to the Subcommittee on Strategic Forces."
            },
            "number": "1746",
            "policyArea": {
                "name": "Armed Forces and National Security"
            },
            "title": "To direct the President to establish a unified United States Space Command.",
            "type": "HR",
            "url": "https://api.congress.gov/v3/bill/116/hr/1746?format=json"
        }
    ]
}