{
    "pagination": {
        "count": 20
    },
    "request": {
        "bioguideId": "h000851",
        "contentType": "application/json",
        "format": "json"
    },
    "sponsoredLegislation": [
        {
            "congress": 94,
            "introducedDate": "1976-05-17",
            "latestAction": {
                "actionDate": "1976-05-17",
                "text": "Referred to House Committee on Interior and Insular Affairs."
            },
            "number": "13816",
            "policyArea": {
                "name": "Research"
            },
            "title": "A bill to increase the amount which is authorized by Public Law 92-287 to be appropriated for the establishment of a metallurgy research center on the Fort Douglas Military Reservation, Utah, in replacement of the facility now located on the campus of the University of Utah.",
            "type": "HR",
            "url": "https://api.congress.gov/v3/bill/94/hr/13816?format=json"
        },
        {
            "congress": 94,
            "introducedDate": "1976-04-07",
            "latestAction": {
                "actionDate": "1976-04-07",
                "text": "Referred to House Committee on Interstate and Foreign Commerce."
            },
            "number": "13084",
            "policyArea": {
                "name": "Independent regulatory commissions"
            },
            "title": "Federal Regulatory Review Act",
            "type": "HR",
            "url": "https://api.congress.gov/v3/bill/94/hr/13084?format=json"
        },
        {
            "congress": 94,
            "introducedDate": "1975-12-19",
            "latestAction": {
                "actionDate": "1976-10-15",
                "text": "Public law 94-505."
            },
            "number": "11347",
            "policyArea": {
                "name": "Government Operations and Politics"
            },
            "title": "An Act to authorize conveyance of the interests of the United States in certain lands in Salt Lake County, Utah, to Shriners' Hospitals for Crippled Children, a Colorado corporation.",
            "type": "HR",
            "url": "https://api.congress.gov/v3/bill/94/hr/11347?format=json"
        },
        {
            "congress": 94,
            "introducedDate": "1975-12-03",
            "latestAction": {
                "actionDate": "1975-12-03",
                "text": "Referred to House Committee on Interior and Insular Affairs."
            },
            "number": "10967",
            "policyArea": {
                "name": "Public Lands and Natural Resources"
            },
            "title": "A bill to amend section 5 of the Wild and Scenic Rivers Act to designate a certain portion of the Dolores in Utah for potential addition to the wild and scenic river system.",
            "type": "HR",
            "url": "https://api.congress.gov/v3/bill/94/hr/10967?format=json"
        },
        {
            "congress": 94,
            "introducedDate": "1975-12-03",
            "latestAction": {
                "actionDate": "1975-12-03",
                "text": "Referred to House Committee on Interior and Insular Affairs."
            },
            "number": "10966",
            "policyArea": {
                "name": "Public Lands and Natural Resources"
            },
            "title": "A bill to amend section 5(c) of the National Trails System Act.",
            "type": "HR",
            "url": "https://api.congress.gov/v3/bill/94/hr/10966?format=json"
        },
        {
            "congress": 94,
            "introducedDate": "1975-10-31",
            "latestAction": {
                "actionDate": "1975-10-31",
                "text": "Referred to House Committee on Interstate and Foreign Commerce."
            },
            "number": "10507",
            "policyArea": {
                "name": "Independent regulatory commissions"
            },
            "title": "Federal Regulatory Review Act",
            "type": "HR",
            "url": "https://api.congress.gov/v3/bill/94/hr/10507?format=json"
        },
        {
            "congress": 94,
            "introducedDate": "1975-09-09",
            "latestAction": {
                "actionDate": "1975-09-09",
                "text": "Referred to House Committee on the Judiciary."
            },
            "number": "9494",
            "policyArea": {
                "name": "Private Legislation"
            },
            "title": "A bill for the relief of Raul Maria Melgar, Maria Cristina Rey de Melgar, Serrana Evon Melgar, and Steven Marcelo Melgar.",
            "type": "HR",
            "url": "https://api.congress.gov/v3/bill/94/hr/9494?format=json"
        },
        {
            "congress": 94,
            "introducedDate": "1975-09-03",
            "latestAction": {
                "actionDate": "1975-09-03",
                "text": "Referred to House Committee on the Judiciary."
            },
            "number": "9350",
            "policyArea": {
                "name": "Private Legislation"
            },
            "title": "A bill for the relief of Raul Melgar.",
            "type": "HR",
            "url": "https://api.congress.gov/v3/bill/94/hr/9350?format=json"
        },
        {
            "congress": 94,
            "introducedDate": "1975-05-22",
            "latestAction": {
                "actionDate": "1975-05-22",
                "text": "Referred to Joint Committee on Atomic Energy."
            },
            "number": "7436",
            "policyArea": {
                "name": "Environmental Protection"
            },
            "title": "A bill to authorize the Energy Research and Development Administration to enter into a cooperative agreement with the State of Utah to remove and dispose of uranium mill tailings.",
            "type": "HR",
            "url": "https://api.congress.gov/v3/bill/94/hr/7436?format=json"
        },
        {
            "congress": 94,
            "introducedDate": "1975-04-17",
            "latestAction": {
                "actionDate": "1975-04-17",
                "text": "Referred to House Committee on Interstate and Foreign Commerce."
            },
            "number": "6107",
            "policyArea": {
                "name": "Tobacco"
            },
            "title": "Consumer Product Safety Commission Improvements Act",
            "type": "HR",
            "url": "https://api.congress.gov/v3/bill/94/hr/6107?format=json"
        },
        {
            "congress": 94,
            "introducedDate": "1975-04-17",
            "latestAction": {
                "actionDate": "1975-04-17",
                "text": "Referred to Joint Committee on Atomic Energy."
            },
            "number": "6106",
            "policyArea": {
                "name": "Environmental Protection"
            },
            "title": "A bill to authorize the Energy Research and Development Administration to enter into a cooperative agreement with the State of Utah to remove and dispose of maximum mill tailings.",
            "type": "HR",
            "url": "https://api.congress.gov/v3/bill/94/hr/6106?format=json"
        },
        {
            "congress": 94,
            "introducedDate": "1975-02-25",
            "latestAction": {
                "actionDate": "1975-02-25",
                "text": "Referred to House Committee on Government Operations."
            },
            "number": "3725",
            "policyArea": {
                "name": "Motor vehicles"
            },
            "title": "Limousine Limitation Act",
            "type": "HR",
            "url": "https://api.congress.gov/v3/bill/94/hr/3725?format=json"
        },
        {
            "congress": 94,
            "introducedDate": "1975-01-15",
            "latestAction": {
                "actionDate": "1975-01-15",
                "text": "Referred to House Committee on Government Operations."
            },
            "number": "1453",
            "policyArea": {
                "name": "Government Operations and Politics"
            },
            "title": "Payments in Lieu of Taxes Act",
            "type": "HR",
            "url": "https://api.congress.gov/v3/bill/94/hr/1453?format=json"
        },
        {
            "congress": 94,
            "introducedDate": "1976-05-12",
            "latestAction": {
                "actionDate": "1976-05-12",
                "text": "Referred to House Committee on Post Office and Civil Service."
            },
            "number": "948",
            "policyArea": {
                "name": "Commemorations"
            },
            "title": "Joint resolution designating the fourth Wednesday of October of each year as Seventy-Plus in High School Day.",
            "type": "HJRES",
            "url": "https://api.congress.gov/v3/bill/94/hjres/948?format=json"
        },
        {
            "congress": 94,
            "introducedDate": "1976-05-20",
            "latestAction": {
                "actionDate": "1976-05-20",
                "text": "Referred to House Committee on Interior and Insular Affairs."
            },
            "number": "961",
            "policyArea": {
                "name": "Monuments and memorials"
            },
            "title": "Joint resolution to authorize the placement of the bell known as the American Legion's Freedom Bell in the District of Columbia and land of the national park system.",
            "type": "HJRES",
            "url": "https://api.congress.gov/v3/bill/94/hjres/961?format=json"
        },
        {
            "congress": 94,
            "introducedDate": "1976-05-20",
            "latestAction": {
                "actionDate": "1976-05-20",
                "text": "Referred to House Committee on Interior and Insular Affairs."
            },
            "number": "962",
            "policyArea": {
                "name": "Monuments and memorials"
            },
            "title": "Joint resolution to authorize the placement of the bell known as the American legion's Freedom Bell in the District of Columbia on land of the national park system.",
            "type": "HJRES",
            "url": "https://api.congress.gov/v3/bill/94/hjres/962?format=json"
        },
        {
            "congress": 94,
            "introducedDate": "1976-04-07",
            "latestAction": {
                "actionDate": "1976-09-22",
                "text": "Referred to Senate Committee on Interior and Insular Affairs."
            },
            "number": "915",
            "policyArea": {
                "name": "Monuments and memorials"
            },
            "title": "Joint resolution to authorize the placement of the bell known as the American Legion's Freedom Bell in the District of Columbia on land of the national park system.",
            "type": "HJRES",
            "url": "https://api.congress.gov/v3/bill/94/hjres/915?format=json"
        },
        {
            "congress": 94,
            "introducedDate": "1975-07-31",
            "latestAction": {
                "actionDate": "1975-07-31",
                "text": "Referred to House Committee on International Relations."
            },
            "number": "609",
            "policyArea": {
                "name": "Conferences"
            },
            "title": "Joint resolution to call an Atlantic Convention.",
            "type": "HJRES",
            "url": "https://api.congress.gov/v3/bill/94/hjres/609?format=json"
        },
        {
            "congress": 94,
            "introducedDate": "1976-05-17",
            "latestAction": {
                "actionDate": "1976-05-17",
                "text": "Referred to House Committee on Appropriations."
            },
            "number": "1196",
            "policyArea": {
                "name": "Economics and Public Finance"
            },
            "title": "Resolution disapproving the proposed deferral of budget authority for the design of a metallurgy research center to be established on the Fort Douglas Military Reservation, Utah (deferral No.  D 76-110).",
            "type": "HRES",
            "url": "https://api.congress.gov/v3/bill/94/hres/1196?format=json"
        },
        {
            "congress": 94,
            "introducedDate": "1975-09-05",
            "latestAction": {
                "actionDate": "1975-09-05",
                "text": "Referred to House Committee on Interior and Insular Affairs."
            },
            "number": "697",
            "policyArea": {
                "name": "Public Lands and Natural Resources"
            },
            "title": "Resolution calling upon the National Park Service to take all appropriate steps to carry out the provisions of Public Law 89-249 to assure the availability of lodging and other services in the National Park System.",
            "type": "HRES",
            "url": "https://api.congress.gov/v3/bill/94/hres/697?format=json"
        }
    ]
}