{
    "pagination": {
        "count": 1
    },
    "request": {
        "bioguideId": "m001145",
        "contentType": "application/json",
        "format": "json"
    },
    "sponsoredLegislation": [
        {
            "congress": 108,
            "introducedDate": "2003-04-03",
            "latestAction": {
                "actionDate": "2003-11-17",
                "text": "Placed on the Union Calendar, Calendar No. 212."
            },
            "number": "1618",
            "policyArea": {
                "name": "Public Lands and Natural Resources"
            },
            "title": "Arabia Mountain National Heritage Area Act",
            "type": "HR",
            "url": "https://api.congress.gov/v3/bill/108/hr/1618?format=json"
        }
    ]
}