{
    "pagination": {
        "count": 27
    },
    "request": {
        "bioguideId": "t000314",
        "contentType": "application/json",
        "format": "json"
    },
    "sponsoredLegislation": [
        {
            "amendmentNumber": "840",
            "congress": 103,
            "introducedDate": "1994-08-10",
            "latestAction": {
                "actionDate": "1994-08-10",
                "actionTime": "18:05:24",
                "text": "On agreeing to the Torkildsen amendment (A010) Agreed to by voice vote. "
            },
            "type": null,
            "url": "https://api.congress.gov/v3/amendment/103/hamdt/840?format=json"
        },
        {
            "amendmentNumber": "595",
            "congress": 103,
            "introducedDate": "1994-05-26",
            "latestAction": {
                "actionDate": "1994-05-26",
                "actionTime": "14:46:01",
                "text": "On agreeing to the Torkildsen amendment (A006) Agreed to by voice vote. "
            },
            "type": null,
            "url": "https://api.congress.gov/v3/amendment/103/hamdt/595?format=json"
        },
        {
            "congress": 103,
            "introducedDate": "1994-10-07",
            "latestAction": {
                "actionDate": "1994-10-18",
                "text": "Executive Comment Requested from Navy."
            },
            "number": "5283",
            "policyArea": {
                "name": "Armed Forces and National Security"
            },
            "title": "To request the Secretary of the Navy to name an appropriate ship of the United States Navy the U.S.S. Joseph Vittori.",
            "type": "HR",
            "url": "https://api.congress.gov/v3/bill/103/hr/5283?format=json"
        },
        {
            "congress": 103,
            "introducedDate": "1994-09-12",
            "latestAction": {
                "actionDate": "1994-09-23",
                "text": "Referred to the Subcommittee on Trade."
            },
            "number": "5026",
            "policyArea": {
                "name": "Foreign Trade and International Finance"
            },
            "title": "To suspend until January 1, 1997, the duty on copper-8-quinolinolate.",
            "type": "HR",
            "url": "https://api.congress.gov/v3/bill/103/hr/5026?format=json"
        },
        {
            "congress": 103,
            "introducedDate": "1994-08-17",
            "latestAction": {
                "actionDate": "1994-08-23",
                "text": "Referred to the Subcommittee on Human Resources."
            },
            "number": "4982",
            "policyArea": {
                "name": "Social Welfare"
            },
            "title": "To improve the enforcement of child support obligations in both intrastate and interstate cases by requiring the imposition and execution of liens against the property of persons who owe overdue support.",
            "type": "HR",
            "url": "https://api.congress.gov/v3/bill/103/hr/4982?format=json"
        },
        {
            "congress": 103,
            "introducedDate": "1994-05-25",
            "latestAction": {
                "actionDate": "1994-07-28",
                "text": "Text of Measure Incorporated into H.R.4820."
            },
            "number": "4500",
            "policyArea": {
                "name": "Private Legislation"
            },
            "title": "To authorize the Secretary of Transportation to issue a certificate of documentation with appropriate endorsement for employment in the coastwise trade for the vessel CHRISSY.",
            "type": "HR",
            "url": "https://api.congress.gov/v3/bill/103/hr/4500?format=json"
        },
        {
            "congress": 103,
            "introducedDate": "1994-02-24",
            "latestAction": {
                "actionDate": "1994-03-01",
                "text": "Referred to the Subcommittee on Economic and Commercial Law."
            },
            "number": "3915",
            "policyArea": {
                "name": "Government Operations and Politics"
            },
            "title": "To prevent States from taxing Federal military retirement annuities while not taxing State retirement annuities on the basis of whether there are employee contributions for such annuities.",
            "type": "HR",
            "url": "https://api.congress.gov/v3/bill/103/hr/3915?format=json"
        },
        {
            "congress": 103,
            "introducedDate": "1993-11-10",
            "latestAction": {
                "actionDate": "1994-08-11",
                "text": "See H.R.4771."
            },
            "number": "3504",
            "policyArea": {
                "name": "Government Operations and Politics"
            },
            "title": "Federal Mandates Relief Act of 1993",
            "type": "HR",
            "url": "https://api.congress.gov/v3/bill/103/hr/3504?format=json"
        },
        {
            "congress": 103,
            "introducedDate": "1993-10-07",
            "latestAction": {
                "actionDate": "1994-04-28",
                "text": "See H.R.4278."
            },
            "number": "3251",
            "policyArea": {
                "name": "Social Welfare"
            },
            "title": "To amend title II of the Social Security Act to extend the provisions which currently suspend payment of old-age, survivors, and disability insurance benefits to individuals imprisoned upon conviction of a felony so as to apply to all individuals imprisoned throughout at least 1 month upon conviction of any criminal offense, and to amend title XVI of such Act to suspend a payment of supplemental security income benefits to such individuals.",
            "type": "HR",
            "url": "https://api.congress.gov/v3/bill/103/hr/3251?format=json"
        },
        {
            "congress": 103,
            "introducedDate": "1993-06-15",
            "latestAction": {
                "actionDate": "1993-11-22",
                "text": "Text of Measure Incorporated into H.R.2150."
            },
            "number": "2428",
            "policyArea": {
                "name": "Private Legislation"
            },
            "title": "To authorize the Secretary of Transportation to issue a certificate of documentation with appropriate endorsement for employment in the coastwise trade of the United States for the vessel SABLE.",
            "type": "HR",
            "url": "https://api.congress.gov/v3/bill/103/hr/2428?format=json"
        },
        {
            "congress": 103,
            "introducedDate": "1993-04-02",
            "latestAction": {
                "actionDate": "1994-06-28",
                "text": "Subcommittee Hearings Held."
            },
            "number": "1685",
            "policyArea": {
                "name": "Public Lands and Natural Resources"
            },
            "title": "To establish in the Department of the Interior the Essex Heritage District Commission, and for other purposes.",
            "type": "HR",
            "url": "https://api.congress.gov/v3/bill/103/hr/1685?format=json"
        },
        {
            "congress": 103,
            "introducedDate": "1993-04-02",
            "latestAction": {
                "actionDate": "1993-04-02",
                "text": "Referred to the House Committee on Ways and Means."
            },
            "number": "1686",
            "policyArea": {
                "name": "Taxation"
            },
            "title": "Investment Tax Credit Act of 1993",
            "type": "HR",
            "url": "https://api.congress.gov/v3/bill/103/hr/1686?format=json"
        },
        {
            "congress": 103,
            "introducedDate": "1993-02-23",
            "latestAction": {
                "actionDate": "1993-03-18",
                "text": "For Further Action See H.R.25."
            },
            "number": "1068",
            "policyArea": {
                "name": "Civil Rights and Liberties, Minority Issues"
            },
            "title": "Freedom of Choice Act of 1993",
            "type": "HR",
            "url": "https://api.congress.gov/v3/bill/103/hr/1068?format=json"
        },
        {
            "congress": 103,
            "introducedDate": "1993-02-23",
            "latestAction": {
                "actionDate": "1993-03-18",
                "text": "Referred to the Subcommittee on National Parks, Forests and Public Lands."
            },
            "number": "1069",
            "policyArea": {
                "name": "Public Lands and Natural Resources"
            },
            "title": "To direct the Secretary of the Interior to conduct a study of the historical and cultural resources in the vicinity of the city of Lynn, Massachusetts, and make recommendations on the appropriate role of the Federal Government in preserving and interpreting such historical and cultural resources.",
            "type": "HR",
            "url": "https://api.congress.gov/v3/bill/103/hr/1069?format=json"
        },
        {
            "congress": 103,
            "introducedDate": "1994-02-11",
            "latestAction": {
                "actionDate": "1994-02-16",
                "text": "Referred to the Subcommittee on Information, Justice, Transportation and Agriculture."
            },
            "number": "363",
            "policyArea": {
                "name": "Congress"
            },
            "title": "Providing that all House of Representatives meetings and hearings on health care legislation shall be open to the public, and expressing the sense of the House that the Senate and the Executive Branch should allow public access to the process of health care reform.",
            "type": "HRES",
            "url": "https://api.congress.gov/v3/bill/103/hres/363?format=json"
        },
        {
            "congress": 104,
            "introducedDate": "1996-07-24",
            "latestAction": {
                "actionDate": "1996-08-07",
                "text": "Referred to the Subcommittee on Financial Institutions and Consumer Credit."
            },
            "number": "3892",
            "policyArea": {
                "name": "Finance and Financial Sector"
            },
            "title": "D'Oench Duhme Reform Act",
            "type": "HR",
            "url": "https://api.congress.gov/v3/bill/104/hr/3892?format=json"
        },
        {
            "congress": 104,
            "introducedDate": "1996-02-01",
            "latestAction": {
                "actionDate": "1996-02-15",
                "text": "Referred to the Subcommittee on Military Personnel."
            },
            "number": "2959",
            "policyArea": {
                "name": "Armed Forces and National Security"
            },
            "title": "To repeal the requirement enacted in the National Defense Authorization Act for Fiscal Year 1996 for the mandatory discharge or retirement of any member of the Armed Forces who is HIV-positive.",
            "type": "HR",
            "url": "https://api.congress.gov/v3/bill/104/hr/2959?format=json"
        },
        {
            "congress": 104,
            "introducedDate": "1995-12-18",
            "latestAction": {
                "actionDate": "1996-04-18",
                "text": "Subcommittee Hearings Held."
            },
            "number": "2806",
            "policyArea": {
                "name": "Commerce"
            },
            "title": "Venture Capital Marketing Association Charter Act",
            "type": "HR",
            "url": "https://api.congress.gov/v3/bill/104/hr/2806?format=json"
        },
        {
            "congress": 104,
            "introducedDate": "1995-12-05",
            "latestAction": {
                "actionDate": "1996-04-25",
                "text": "Received in the Senate and read twice and referred to the Committee on Governmental Affairs."
            },
            "number": "2715",
            "policyArea": {
                "name": "Government Operations and Politics"
            },
            "title": "Paperwork Elimination Act of 1996",
            "type": "HR",
            "url": "https://api.congress.gov/v3/bill/104/hr/2715?format=json"
        },
        {
            "congress": 104,
            "introducedDate": "1995-10-11",
            "latestAction": {
                "actionDate": "1995-10-11",
                "text": "Referred to the House Committee on House Oversight."
            },
            "number": "2471",
            "policyArea": {
                "name": "Government Operations and Politics"
            },
            "title": "To amend the Federal Election Campaign Act of 1971 to reduce the amount that a nonparty multicandidate political committee may contribute to a candidate in a congressional election, and for other purposes.",
            "type": "HR",
            "url": "https://api.congress.gov/v3/bill/104/hr/2471?format=json"
        },
        {
            "congress": 104,
            "introducedDate": "1995-09-29",
            "latestAction": {
                "actionDate": "1995-09-29",
                "text": "Referred to the House Committee on House Oversight."
            },
            "number": "2447",
            "policyArea": {
                "name": "Government Operations and Politics"
            },
            "title": "To amend the Federal Election Campaign Act of 1971 to prohibit nonparty multicandidate political committees from making contributions to candidates in congressional elections.",
            "type": "HR",
            "url": "https://api.congress.gov/v3/bill/104/hr/2447?format=json"
        },
        {
            "congress": 104,
            "introducedDate": "1995-08-03",
            "latestAction": {
                "actionDate": "1996-09-28",
                "text": "For Further Action See H.R.4236."
            },
            "number": "2188",
            "policyArea": {
                "name": "Public Lands and Natural Resources"
            },
            "title": "To establish in the Department of the Interior the Essex National Heritage Area Commission, and for other purposes.",
            "type": "HR",
            "url": "https://api.congress.gov/v3/bill/104/hr/2188?format=json"
        },
        {
            "congress": 104,
            "introducedDate": "1995-03-29",
            "latestAction": {
                "actionDate": "1996-01-06",
                "text": "Became Public Law No: 104-91."
            },
            "number": "1358",
            "policyArea": {
                "name": "Public Lands and Natural Resources"
            },
            "title": "To require the Secretary of Commerce to convey to the Commonwealth of Massachusetts the National Marine Fisheries Service laboratory located on Emerson Avenue in Gloucester, Massachusetts.",
            "type": "HR",
            "url": "https://api.congress.gov/v3/bill/104/hr/1358?format=json"
        },
        {
            "congress": 104,
            "introducedDate": "1995-03-29",
            "latestAction": {
                "actionDate": "1995-04-10",
                "text": "Referred to the Subcommittee on Coast Guard and Maritime Transportation."
            },
            "number": "1359",
            "policyArea": {
                "name": "Private Legislation"
            },
            "title": "To authorize the Secretary of Transportation to issue a certificate of documentation with appropriate endorsement for employment in the coastwise trade for the vessel TRIAD.",
            "type": "HR",
            "url": "https://api.congress.gov/v3/bill/104/hr/1359?format=json"
        },
        {
            "congress": 104,
            "introducedDate": "1995-02-23",
            "latestAction": {
                "actionDate": "1995-03-01",
                "text": "Referred to the Subcommittee on Human Resources."
            },
            "number": "1029",
            "policyArea": {
                "name": "Social Welfare"
            },
            "title": "To improve the enforcement of child support obligations in both intrastate and interstate cases by requiring the imposition and execution of liens against the property of persons who owe overdue support.",
            "type": "HR",
            "url": "https://api.congress.gov/v3/bill/104/hr/1029?format=json"
        },
        {
            "congress": 104,
            "introducedDate": "1995-02-03",
            "latestAction": {
                "actionDate": "1995-02-16",
                "text": "Referred to the Subcommittee on Coast Guard and Maritime Transportation."
            },
            "number": "829",
            "policyArea": {
                "name": "Private Legislation"
            },
            "title": "To authorize the Secretary of Transportation to issue a certificate of documentation with appropriate endorsement for employment in the coastwise trade for the vessel CHRISSY.",
            "type": "HR",
            "url": "https://api.congress.gov/v3/bill/104/hr/829?format=json"
        },
        {
            "congress": 104,
            "introducedDate": "1995-02-01",
            "latestAction": {
                "actionDate": "1995-03-15",
                "text": "Referred to the Subcommittee on the Constitution."
            },
            "number": "776",
            "policyArea": {
                "name": "Civil Rights and Liberties, Minority Issues"
            },
            "title": "Freedom of Choice Act of 1995",
            "type": "HR",
            "url": "https://api.congress.gov/v3/bill/104/hr/776?format=json"
        }
    ]
}