{
    "pagination": {
        "count": 18
    },
    "request": {
        "bioguideId": "s000514",
        "contentType": "application/json",
        "format": "json"
    },
    "sponsoredLegislation": [
        {
            "amendmentNumber": "783",
            "congress": 97,
            "introducedDate": "1982-08-11",
            "latestAction": {
                "actionDate": "1982-08-11",
                "text": "Amendment Passed in Committee of the Whole by Voice Vote. "
            },
            "type": null,
            "url": "https://api.congress.gov/v3/amendment/97/hamdt/783?format=json"
        },
        {
            "congress": 97,
            "introducedDate": "1982-06-10",
            "latestAction": {
                "actionDate": "1982-06-10",
                "text": "Referred to House Committee on Ways and Means."
            },
            "number": "6579",
            "policyArea": {
                "name": "Taxation"
            },
            "title": "New Jobs Act",
            "type": "HR",
            "url": "https://api.congress.gov/v3/bill/97/hr/6579?format=json"
        },
        {
            "congress": 97,
            "introducedDate": "1982-04-29",
            "latestAction": {
                "actionDate": "1982-04-29",
                "text": "Referred to House Committee on Ways and Means."
            },
            "number": "6242",
            "policyArea": {
                "name": "Taxation"
            },
            "title": "Increased Savings for Spouse Retirement Act",
            "type": "HR",
            "url": "https://api.congress.gov/v3/bill/97/hr/6242?format=json"
        },
        {
            "congress": 97,
            "introducedDate": "1982-04-01",
            "latestAction": {
                "actionDate": "1982-04-23",
                "text": "Referred to Subcommittee on Postsecondary Education."
            },
            "number": "6061",
            "policyArea": {
                "name": "Education"
            },
            "title": "Access to Postsecondary Education Act",
            "type": "HR",
            "url": "https://api.congress.gov/v3/bill/97/hr/6061?format=json"
        },
        {
            "congress": 97,
            "introducedDate": "1982-02-09",
            "latestAction": {
                "actionDate": "1982-07-15",
                "text": "See H.R.6685."
            },
            "number": "5500",
            "policyArea": {
                "name": "Taxation"
            },
            "title": "Taxpayer Protection From Congressional Benefit Abuse Act",
            "type": "HR",
            "url": "https://api.congress.gov/v3/bill/97/hr/5500?format=json"
        },
        {
            "congress": 97,
            "introducedDate": "1982-01-25",
            "latestAction": {
                "actionDate": "1982-01-25",
                "text": "Referred to House Committee on Ways and Means."
            },
            "number": "5331",
            "policyArea": {
                "name": "Taxation"
            },
            "title": "A bill to amend the Internal Revenue Code of 1954 to terminate the provision added by the Economic Recovery Tax Act of 1981 which permits the transfer of tax benefits through leases.",
            "type": "HR",
            "url": "https://api.congress.gov/v3/bill/97/hr/5331?format=json"
        },
        {
            "congress": 97,
            "introducedDate": "1981-12-14",
            "latestAction": {
                "actionDate": "1981-12-17",
                "text": "Referred to Subcommittee on Courts, Civil Liberties, and the Administration of Justice."
            },
            "number": "5215",
            "policyArea": {
                "name": "Law"
            },
            "title": "A bill to amend section 1979 of the Revised Statutes of the United States to eliminate the monetary awards and orders for the benefit of prisoners in certain cases based on overcrowding of jails, prisons, and other similar correctional facilities.",
            "type": "HR",
            "url": "https://api.congress.gov/v3/bill/97/hr/5215?format=json"
        },
        {
            "congress": 97,
            "introducedDate": "1981-06-26",
            "latestAction": {
                "actionDate": "1981-06-26",
                "text": "Referred to House Committee on Ways and Means."
            },
            "number": "4060",
            "policyArea": {
                "name": "Taxation"
            },
            "title": "Education Savings Account Act",
            "type": "HR",
            "url": "https://api.congress.gov/v3/bill/97/hr/4060?format=json"
        },
        {
            "congress": 97,
            "introducedDate": "1981-06-26",
            "latestAction": {
                "actionDate": "1981-06-26",
                "text": "Referred to House Committee on The Judiciary."
            },
            "number": "4068",
            "policyArea": {
                "name": "Private Legislation"
            },
            "title": "A bill for the relief of Frank L. Hulsey.",
            "type": "HR",
            "url": "https://api.congress.gov/v3/bill/97/hr/4068?format=json"
        },
        {
            "congress": 97,
            "introducedDate": "1981-06-26",
            "latestAction": {
                "actionDate": "1981-06-26",
                "text": "Referred to House Committee on Ways and Means."
            },
            "number": "4061",
            "policyArea": {
                "name": "Taxation"
            },
            "title": "A bill to amend the Internal Revenue Code of 1954 to provide exemptions for childbirth or adoption.",
            "type": "HR",
            "url": "https://api.congress.gov/v3/bill/97/hr/4061?format=json"
        },
        {
            "congress": 97,
            "introducedDate": "1981-06-26",
            "latestAction": {
                "actionDate": "1981-06-26",
                "text": "Referred to House Committee on Ways and Means."
            },
            "number": "4059",
            "policyArea": {
                "name": "Taxation"
            },
            "title": "A bill to amend the Internal Revenue Code of 1954 to provide a credit or a deduction for maintaining a household which includes as a member a dependent who has attained the age of sixty-five, and to provide a deduction for amounts contributed under a trust established for a handicapped relative or a parent who has attained the age of sixty-five.",
            "type": "HR",
            "url": "https://api.congress.gov/v3/bill/97/hr/4059?format=json"
        },
        {
            "congress": 97,
            "introducedDate": "1981-06-26",
            "latestAction": {
                "actionDate": "1981-07-06",
                "text": "Referred to Subcommittee on Housing and Community Development."
            },
            "number": "4058",
            "policyArea": {
                "name": "Housing and Community Development"
            },
            "title": "Section 8 Amendments of 1981",
            "type": "HR",
            "url": "https://api.congress.gov/v3/bill/97/hr/4058?format=json"
        },
        {
            "congress": 97,
            "introducedDate": "1981-06-24",
            "latestAction": {
                "actionDate": "1981-06-24",
                "text": "Referred to House Committee on Ways and Means."
            },
            "number": "4006",
            "policyArea": {
                "name": "Taxation"
            },
            "title": "A bill to amend the Internal Revenue Code of 1954 to provide an additional personal exemption for the taxpayer, the taxpayer's spouse, or a dependent, who has a disability requiring the use of a wheelchair.",
            "type": "HR",
            "url": "https://api.congress.gov/v3/bill/97/hr/4006?format=json"
        },
        {
            "congress": 97,
            "introducedDate": "1981-06-17",
            "latestAction": {
                "actionDate": "1981-07-02",
                "text": "Referred to Subcommittee on Postsecondary Education."
            },
            "number": "3955",
            "policyArea": {
                "name": "Families"
            },
            "title": "Family Protection Act",
            "type": "HR",
            "url": "https://api.congress.gov/v3/bill/97/hr/3955?format=json"
        },
        {
            "congress": 97,
            "introducedDate": "1981-06-10",
            "latestAction": {
                "actionDate": "1981-06-15",
                "text": "Referred to Subcommittee on Services."
            },
            "number": "3876",
            "policyArea": {
                "name": "Congress"
            },
            "title": "A bill to eliminate the position of elevator operator in the congressional office buildings.",
            "type": "HR",
            "url": "https://api.congress.gov/v3/bill/97/hr/3876?format=json"
        },
        {
            "congress": 97,
            "introducedDate": "1981-04-29",
            "latestAction": {
                "actionDate": "1981-05-04",
                "text": "Referred to Subcommittee on Crime."
            },
            "number": "3312",
            "policyArea": {
                "name": "Crime and Law Enforcement"
            },
            "title": "A bill to amend section 1751 of title 18 of the United States Code to provide a mandatory death penalty for the assassination or attempted assassination of the President, and for other purposes.",
            "type": "HR",
            "url": "https://api.congress.gov/v3/bill/97/hr/3312?format=json"
        },
        {
            "congress": 97,
            "introducedDate": "1982-03-31",
            "latestAction": {
                "actionDate": "1982-04-05",
                "text": "Referred to Subcommittee on Courts, Civil Liberties, and the Administration of Justice."
            },
            "number": "451",
            "policyArea": {
                "name": "Law"
            },
            "title": "A joint resolution proposing an amendment to the Constitution of the United States providing for the approval, every six years, of the judges of the Supreme Court and the inferior courts.",
            "type": "HJRES",
            "url": "https://api.congress.gov/v3/bill/97/hjres/451?format=json"
        },
        {
            "congress": 97,
            "introducedDate": "1981-06-04",
            "latestAction": {
                "actionDate": "1981-06-04",
                "text": "Referred to House Committee on House Administration."
            },
            "number": "150",
            "policyArea": {
                "name": "Congress"
            },
            "title": "A resolution expanding the limitation on authority of the Committee on House Administration to fix and adjust certain allowances for Members of the House.",
            "type": "HRES",
            "url": "https://api.congress.gov/v3/bill/97/hres/150?format=json"
        }
    ]
}