{
    "pagination": {
        "count": 48
    },
    "request": {
        "bioguideId": "s000109",
        "contentType": "application/json",
        "format": "json"
    },
    "sponsoredLegislation": [
        {
            "congress": 98,
            "introducedDate": "1984-02-22",
            "latestAction": {
                "actionDate": "1984-02-22",
                "text": "Referred to House Committee on Rules."
            },
            "number": "4910",
            "policyArea": {
                "name": "Congress"
            },
            "title": "A bill to reduce the rate of pay payable for Members of Congress to the rate that was in effect on December 31, 1983; to provide that rates of pay for Members of Congress may be adjusted only by Act of Congress; to require a recorded vote on any proposed adjustment in rates of pay for Members of Congress; and for other purposes.",
            "type": "HR",
            "url": "https://api.congress.gov/v3/bill/98/hr/4910?format=json"
        },
        {
            "congress": 100,
            "introducedDate": "1987-02-03",
            "latestAction": {
                "actionDate": "1987-02-18",
                "text": "Referred to Subcommittee on Ad Hoc Task Force on Presidential Pay Recommendation."
            },
            "number": "935",
            "policyArea": {
                "name": "Congress"
            },
            "title": "A bill to reduce the rate of pay payable for Members of Congress to the rate that was in effect on December 31, 1986; to provide that rates of pay for Members of Congress may be adjusted only by Act of Congress; to require a recorded vote on any proposed adjustment in rates of pay for Members of Congress; and for other purposes.",
            "type": "HR",
            "url": "https://api.congress.gov/v3/bill/100/hr/935?format=json"
        },
        {
            "congress": 100,
            "introducedDate": "1987-07-22",
            "latestAction": {
                "actionDate": "1987-07-22",
                "text": "Referred to House Committee on Rules."
            },
            "number": "229",
            "policyArea": {
                "name": "Congress"
            },
            "title": "A resolution to amend the Rules of the House of Representatives to impose certain limitations on the use of continuing resolutions.",
            "type": "HRES",
            "url": "https://api.congress.gov/v3/bill/100/hres/229?format=json"
        },
        {
            "congress": 101,
            "introducedDate": "1989-09-27",
            "latestAction": {
                "actionDate": "1989-09-27",
                "text": "Referred to the House Committee on Ways and Means."
            },
            "number": "3356",
            "policyArea": {
                "name": "Taxation"
            },
            "title": "To amend the Internal Revenue Code of 1986 to exclude from gross income awards received for information leading to arrests.",
            "type": "HR",
            "url": "https://api.congress.gov/v3/bill/101/hr/3356?format=json"
        },
        {
            "congress": 101,
            "introducedDate": "1989-04-27",
            "latestAction": {
                "actionDate": "1989-12-31",
                "text": "Referred to the Subcommittee on the Legislative Process."
            },
            "number": "2154",
            "policyArea": {
                "name": "Taxation"
            },
            "title": "To require that total outlays in the concurrent resolution on the budget for fiscal year 1990 not exceed 103 percent of fiscal year 1989 outlays, to amend the Internal Revenue Code of 1986 to restore for individuals the preference for capital gains, and to use the revenue from such restoration to reduce the Federal budget deficit.",
            "type": "HR",
            "url": "https://api.congress.gov/v3/bill/101/hr/2154?format=json"
        },
        {
            "congress": 101,
            "introducedDate": "1989-04-06",
            "latestAction": {
                "actionDate": "1989-04-24",
                "text": "Referred to the Subcommittee on Census and Population."
            },
            "number": "232",
            "policyArea": {
                "name": "Science, Technology, Communications"
            },
            "title": "To designate April 1989 as \"National Cable Television Month\".",
            "type": "HJRES",
            "url": "https://api.congress.gov/v3/bill/101/hjres/232?format=json"
        },
        {
            "congress": 101,
            "introducedDate": "1989-06-22",
            "latestAction": {
                "actionDate": "1989-07-11",
                "text": "For Further Action See H.Res.186."
            },
            "number": "184",
            "policyArea": {
                "name": "Government Operations and Politics"
            },
            "title": "Expressing the sense of the House of Representatives that the Supreme Court decision to overturn statutes that protect the flag from desecration is without merit and, the flag, as a symbol of institutions and traditions that protect basic rights, must be protected from any attempt to mutilate, damage, destroy, or desecrate it in any manner.",
            "type": "HRES",
            "url": "https://api.congress.gov/v3/bill/101/hres/184?format=json"
        },
        {
            "congress": 101,
            "introducedDate": "1990-04-19",
            "latestAction": {
                "actionDate": "1990-04-24",
                "text": "Referred to the Subcommittee on Legislation and National Security."
            },
            "number": "308",
            "policyArea": {
                "name": "Economics and Public Finance"
            },
            "title": "Declaring that the deficit target for fiscal year 1991 set forth in the Balanced Budget and Emergency Deficit Control Act of 1985 should be met by limiting the growth in spending, and for other purposes.",
            "type": "HCONRES",
            "url": "https://api.congress.gov/v3/bill/101/hconres/308?format=json"
        },
        {
            "congress": 101,
            "introducedDate": "1989-02-27",
            "latestAction": {
                "actionDate": "1989-03-27",
                "text": "Referred to the Subcommittee on Civil and Constitutional Rights."
            },
            "number": "60",
            "policyArea": {
                "name": "Congress"
            },
            "title": "Expressing the sense of Congress that the proposed article of amendment to the Constitution which prevents any law varying the compensation of Senators and Representatives from taking effect until after an election of Representatives has intervened should be ratified by the States.",
            "type": "HCONRES",
            "url": "https://api.congress.gov/v3/bill/101/hconres/60?format=json"
        },
        {
            "congress": 102,
            "introducedDate": "1991-07-10",
            "latestAction": {
                "actionDate": "1991-07-22",
                "text": "Referred to the Subcommittee on Health and the Environment."
            },
            "number": "2865",
            "policyArea": {
                "name": "Health"
            },
            "title": "To amend the Public Health Service Act to reauthorize certain programs with respect to health care areas, to provide for the establishment of model programs in behavioral health, and for other purposes.",
            "type": "HR",
            "url": "https://api.congress.gov/v3/bill/102/hr/2865?format=json"
        },
        {
            "congress": 103,
            "introducedDate": "1994-03-03",
            "latestAction": {
                "actionDate": "1994-07-19",
                "text": "For Further Action on Helium Provisions See H.R.3967."
            },
            "number": "3958",
            "policyArea": {
                "name": "Economics and Public Finance"
            },
            "title": "Fiscal Responsibility Act of 1994",
            "type": "HR",
            "url": "https://api.congress.gov/v3/bill/103/hr/3958?format=json"
        },
        {
            "congress": 103,
            "introducedDate": "1993-11-22",
            "latestAction": {
                "actionDate": "1994-05-04",
                "text": "Became Public Law No: 103-241."
            },
            "number": "3693",
            "policyArea": {
                "name": "Government Operations and Politics"
            },
            "title": "To designate the United States courthouse under construction in Denver, Colorado, as the \"Byron White United States Courthouse\".",
            "type": "HR",
            "url": "https://api.congress.gov/v3/bill/103/hr/3693?format=json"
        },
        {
            "congress": 103,
            "introducedDate": "1993-11-09",
            "latestAction": {
                "actionDate": "1993-11-14",
                "text": "Referred to the Subcommittee on Legislation and National Security."
            },
            "number": "3483",
            "policyArea": {
                "name": "Economics and Public Finance"
            },
            "title": "Mandatory Spending Control Act of 1993",
            "type": "HR",
            "url": "https://api.congress.gov/v3/bill/103/hr/3483?format=json"
        },
        {
            "congress": 103,
            "introducedDate": "1993-02-04",
            "latestAction": {
                "actionDate": "1993-02-19",
                "text": "Referred to the Subcommittee on Legislation and National Security."
            },
            "number": "863",
            "policyArea": {
                "name": "Economics and Public Finance"
            },
            "title": "Invest in the Deficit Act of 1993",
            "type": "HR",
            "url": "https://api.congress.gov/v3/bill/103/hr/863?format=json"
        },
        {
            "congress": 103,
            "introducedDate": "1993-01-05",
            "latestAction": {
                "actionDate": "1994-03-03",
                "text": "See H.R.3948."
            },
            "number": "340",
            "policyArea": {
                "name": "Environmental Protection"
            },
            "title": "Federal Facilities Clean Water Compliance Act of 1993",
            "type": "HR",
            "url": "https://api.congress.gov/v3/bill/103/hr/340?format=json"
        },
        {
            "congress": 103,
            "introducedDate": "1994-02-23",
            "latestAction": {
                "actionDate": "1994-02-23",
                "text": "Referred to the House Committee on Post Office and Civil Service."
            },
            "number": "327",
            "policyArea": {
                "name": "Public Lands and Natural Resources"
            },
            "title": "To designate June 4, 1994, as \"National Trails Day\".",
            "type": "HJRES",
            "url": "https://api.congress.gov/v3/bill/103/hjres/327?format=json"
        },
        {
            "congress": 103,
            "introducedDate": "1993-09-15",
            "latestAction": {
                "actionDate": "1993-09-15",
                "text": "Referred to the House Committee on Post Office and Civil Service."
            },
            "number": "262",
            "policyArea": {
                "name": "Arts, Culture, Religion"
            },
            "title": "To designate October 3 through 10, 1993, as \"Great American Beer Week\".",
            "type": "HJRES",
            "url": "https://api.congress.gov/v3/bill/103/hjres/262?format=json"
        },
        {
            "congress": 103,
            "introducedDate": "1993-04-27",
            "latestAction": {
                "actionDate": "1993-04-27",
                "text": "Referred to the House Committee on Post Office and Civil Service."
            },
            "number": "186",
            "policyArea": {
                "name": "Public Lands and Natural Resources"
            },
            "title": "To designate June 5, 1993, as \"National Trails Day\".",
            "type": "HJRES",
            "url": "https://api.congress.gov/v3/bill/103/hjres/186?format=json"
        },
        {
            "congress": 103,
            "introducedDate": "1993-03-03",
            "latestAction": {
                "actionDate": "1993-03-09",
                "text": "Referred to the Subcommittee on Legislation and National Security."
            },
            "number": "114",
            "policyArea": {
                "name": "Economics and Public Finance"
            },
            "title": "Requiring that the concurrent resolution on the budget for the fiscal year 1994 establish outlay caps over a 5-year period.",
            "type": "HRES",
            "url": "https://api.congress.gov/v3/bill/103/hres/114?format=json"
        },
        {
            "amendmentNumber": "1360",
            "congress": 104,
            "introducedDate": "1996-07-24",
            "latestAction": {
                "actionDate": "1996-07-25",
                "actionTime": "10:57:39",
                "text": "On agreeing to the Schaefer amendment (A014) Agreed to by recorded vote: 279 - 135 (Roll no. 358). "
            },
            "type": null,
            "url": "https://api.congress.gov/v3/amendment/104/hamdt/1360?format=json"
        },
        {
            "amendmentNumber": "548",
            "congress": 104,
            "introducedDate": "1995-07-17",
            "latestAction": {
                "actionDate": "1995-07-18",
                "actionTime": "12:55:43",
                "text": "On agreeing to the Schaefer amendment (A024) Failed by recorded vote: 157 - 267 (Roll no. 517). "
            },
            "type": null,
            "url": "https://api.congress.gov/v3/amendment/104/hamdt/548?format=json"
        },
        {
            "amendmentNumber": "22",
            "congress": 104,
            "introducedDate": "1995-01-26",
            "latestAction": {
                "actionDate": "1995-01-26",
                "actionTime": "19:45:10",
                "text": "On agreeing to the Schaefer amendment (A006) Agreed to by recorded vote: 293 - 139 (Roll no. 49). "
            },
            "type": null,
            "url": "https://api.congress.gov/v3/amendment/104/hamdt/22?format=json"
        },
        {
            "congress": 104,
            "introducedDate": "1996-09-17",
            "latestAction": {
                "actionDate": "1996-10-14",
                "text": "Became Public Law No: 104-306."
            },
            "number": "4083",
            "policyArea": {
                "name": "Energy"
            },
            "title": "To extend certain programs under the Energy Policy and Conservation Act through September 30, 1997.",
            "type": "HR",
            "url": "https://api.congress.gov/v3/bill/104/hr/4083?format=json"
        },
        {
            "congress": 104,
            "introducedDate": "1996-07-11",
            "latestAction": {
                "actionDate": "1996-07-19",
                "text": "Referred to the Subcommittee on Energy and Power."
            },
            "number": "3790",
            "policyArea": {
                "name": "Energy"
            },
            "title": "Electric Consumers' Power to Choose Act of 1996",
            "type": "HR",
            "url": "https://api.congress.gov/v3/bill/104/hr/3790?format=json"
        },
        {
            "congress": 104,
            "introducedDate": "1996-07-23",
            "latestAction": {
                "actionDate": "1996-09-30",
                "text": "Message on Senate action sent to the House."
            },
            "number": "3868",
            "policyArea": {
                "name": "Energy"
            },
            "title": "To extend certain programs under the Energy Policy and Conservation Act through September 30, 1996.",
            "type": "HR",
            "url": "https://api.congress.gov/v3/bill/104/hr/3868?format=json"
        },
        {
            "congress": 104,
            "introducedDate": "1996-06-18",
            "latestAction": {
                "actionDate": "1996-06-28",
                "text": "Referred to the Subcommittee on Energy and Power."
            },
            "number": "3670",
            "policyArea": {
                "name": "Energy"
            },
            "title": "To extend certain programs under the Energy Policy and Conservation Act through fiscal year 1998, and for other purposes.",
            "type": "HR",
            "url": "https://api.congress.gov/v3/bill/104/hr/3670?format=json"
        },
        {
            "congress": 104,
            "introducedDate": "1996-05-02",
            "latestAction": {
                "actionDate": "1996-09-27",
                "text": "Read twice and referred to the Committee on Environment and Public Works."
            },
            "number": "3391",
            "policyArea": {
                "name": "Environmental Protection"
            },
            "title": "Leaking Underground Storage Tank Trust Fund Amendments Act of 1996",
            "type": "HR",
            "url": "https://api.congress.gov/v3/bill/104/hr/3391?format=json"
        },
        {
            "congress": 104,
            "introducedDate": "1996-03-06",
            "latestAction": {
                "actionDate": "1996-03-06",
                "text": "Referred to the House Committee on Ways and Means."
            },
            "number": "3039",
            "policyArea": {
                "name": "Taxation"
            },
            "title": "National Retail Sales Tax Act of 1996",
            "type": "HR",
            "url": "https://api.congress.gov/v3/bill/104/hr/3039?format=json"
        },
        {
            "congress": 104,
            "introducedDate": "1996-02-23",
            "latestAction": {
                "actionDate": "1996-10-09",
                "text": "Became Public Law No: 104-259."
            },
            "number": "2967",
            "policyArea": {
                "name": "Energy"
            },
            "title": "To extend the authorization of the Uranium Mill Tailings Radiation Control Act of 1978, and for other purposes.",
            "type": "HR",
            "url": "https://api.congress.gov/v3/bill/104/hr/2967?format=json"
        },
        {
            "congress": 104,
            "introducedDate": "1995-11-08",
            "latestAction": {
                "actionDate": "1996-03-13",
                "text": "Ordered to be Reported by Voice Vote."
            },
            "number": "2596",
            "policyArea": {
                "name": "Energy"
            },
            "title": "To extend energy conservation programs under the Energy Policy and Conservation Act through fiscal year 1999, and for other purposes.",
            "type": "HR",
            "url": "https://api.congress.gov/v3/bill/104/hr/2596?format=json"
        },
        {
            "congress": 104,
            "introducedDate": "1995-05-12",
            "latestAction": {
                "actionDate": "1995-05-12",
                "text": "Referred to the House Committee on Ways and Means."
            },
            "number": "1630",
            "policyArea": {
                "name": "Taxation"
            },
            "title": "To exclude from gross income certain disability benefits received by former police officers or firefighters.",
            "type": "HR",
            "url": "https://api.congress.gov/v3/bill/104/hr/1630?format=json"
        },
        {
            "congress": 104,
            "introducedDate": "1995-01-04",
            "latestAction": {
                "actionDate": "1995-04-06",
                "text": "See H.R.961."
            },
            "number": "364",
            "policyArea": {
                "name": "Environmental Protection"
            },
            "title": "Federal Facilities Clean Water Compliance Act of 1995",
            "type": "HR",
            "url": "https://api.congress.gov/v3/bill/104/hr/364?format=json"
        },
        {
            "amendmentNumber": "696",
            "congress": 105,
            "introducedDate": "1998-06-22",
            "latestAction": {
                "actionDate": "1998-06-22",
                "actionTime": "19:29:22",
                "text": "On agreeing to the Schaefer, Dan amendment (A002) Agreed to by voice vote. "
            },
            "type": null,
            "url": "https://api.congress.gov/v3/amendment/105/hamdt/696?format=json"
        },
        {
            "amendmentNumber": "439",
            "congress": 105,
            "introducedDate": "1997-10-29",
            "latestAction": {
                "actionDate": "1997-10-29",
                "actionTime": "18:31:51",
                "text": "On agreeing to the Dan Schaefer amendment (A001) as modified Agreed to by voice vote. "
            },
            "type": null,
            "url": "https://api.congress.gov/v3/amendment/105/hamdt/439?format=json"
        },
        {
            "congress": 105,
            "introducedDate": "1998-06-09",
            "latestAction": {
                "actionDate": "1998-09-28",
                "actionTime": "13:17:22",
                "text": "Laid on the table. See S. 417 for further action. (consideration: CR  H9104)"
            },
            "number": "4017",
            "policyArea": {
                "name": "Energy"
            },
            "title": "Energy Conservation Reauthorization Act of 1998",
            "type": "HR",
            "url": "https://api.congress.gov/v3/bill/105/hr/4017?format=json"
        },
        {
            "congress": 105,
            "introducedDate": "1998-03-24",
            "latestAction": {
                "actionDate": "1998-08-06",
                "text": "Placed on the Union Calendar, Calendar No. 385."
            },
            "number": "3532",
            "policyArea": {
                "name": "Energy"
            },
            "title": "Nuclear Regulatory Commission Authorization Act for Fiscal Year 1999",
            "type": "HR",
            "url": "https://api.congress.gov/v3/bill/105/hr/3532?format=json"
        },
        {
            "congress": 105,
            "introducedDate": "1997-11-07",
            "latestAction": {
                "actionDate": "1997-11-14",
                "text": "Referred to the Subcommittee on Energy and Power."
            },
            "number": "2915",
            "policyArea": {
                "name": "Energy"
            },
            "title": "To extend certain programs under the Energy Policy and Conservation Act and the Energy Conservation and Production Act.",
            "type": "HR",
            "url": "https://api.congress.gov/v3/bill/105/hr/2915?format=json"
        },
        {
            "congress": 105,
            "introducedDate": "1997-09-15",
            "latestAction": {
                "actionDate": "1998-06-01",
                "text": "Became Public Law No: 105-177."
            },
            "number": "2472",
            "policyArea": {
                "name": "Energy"
            },
            "title": "To extend certain programs under the Energy Policy and Conservation Act.",
            "type": "HR",
            "url": "https://api.congress.gov/v3/bill/105/hr/2472?format=json"
        },
        {
            "congress": 105,
            "introducedDate": "1997-06-19",
            "latestAction": {
                "actionDate": "1997-06-19",
                "text": "Referred to the House Committee on Ways and Means."
            },
            "number": "2001",
            "policyArea": {
                "name": "Taxation"
            },
            "title": "National Retail Sales Tax Act of 1997",
            "type": "HR",
            "url": "https://api.congress.gov/v3/bill/105/hr/2001?format=json"
        },
        {
            "congress": 105,
            "introducedDate": "1997-04-15",
            "latestAction": {
                "actionDate": "1997-04-15",
                "text": "Referred to the House Committee on Ways and Means."
            },
            "number": "1325",
            "policyArea": {
                "name": "Taxation"
            },
            "title": "National Retail Sales Tax Act of 1997",
            "type": "HR",
            "url": "https://api.congress.gov/v3/bill/105/hr/1325?format=json"
        },
        {
            "congress": 105,
            "introducedDate": "1997-03-20",
            "latestAction": {
                "actionDate": "1997-04-03",
                "text": "Referred to the Subcommittee on Water Resources and Environment."
            },
            "number": "1194",
            "policyArea": {
                "name": "Environmental Protection"
            },
            "title": "Federal Facilities Clean Water Compliance Act of 1997",
            "type": "HR",
            "url": "https://api.congress.gov/v3/bill/105/hr/1194?format=json"
        },
        {
            "congress": 105,
            "introducedDate": "1997-03-20",
            "latestAction": {
                "actionDate": "1997-04-03",
                "text": "Referred to the Subcommittee on Water Resources and Environment."
            },
            "number": "1195",
            "policyArea": {
                "name": "Environmental Protection"
            },
            "title": "Federal Facility Superfund Compliance Act of 1997",
            "type": "HR",
            "url": "https://api.congress.gov/v3/bill/105/hr/1195?format=json"
        },
        {
            "congress": 105,
            "introducedDate": "1997-02-11",
            "latestAction": {
                "actionDate": "1997-04-24",
                "text": "Received in the Senate and read twice and referred to the Committee on Environment and Public Works."
            },
            "number": "688",
            "policyArea": {
                "name": "Environmental Protection"
            },
            "title": "Leaking Underground Storage Tank Trust Fund Amendments Act of 1997",
            "type": "HR",
            "url": "https://api.congress.gov/v3/bill/105/hr/688?format=json"
        },
        {
            "congress": 105,
            "introducedDate": "1997-02-06",
            "latestAction": {
                "actionDate": "1997-07-18",
                "text": "Became Public Law No: 105-28."
            },
            "number": "649",
            "policyArea": {
                "name": "Energy"
            },
            "title": "Department of Energy Standardization Act of 1997",
            "type": "HR",
            "url": "https://api.congress.gov/v3/bill/105/hr/649?format=json"
        },
        {
            "congress": 105,
            "introducedDate": "1997-02-10",
            "latestAction": {
                "actionDate": "1997-10-22",
                "text": "Subcommittee Hearings Held."
            },
            "number": "655",
            "policyArea": {
                "name": "Energy"
            },
            "title": "Electric Consumers' Power to Choose Act of 1997",
            "type": "HR",
            "url": "https://api.congress.gov/v3/bill/105/hr/655?format=json"
        },
        {
            "congress": 105,
            "introducedDate": "1997-01-07",
            "latestAction": {
                "actionDate": "1997-02-05",
                "text": "Committee Consideration and Mark-up Session Held."
            },
            "number": "1",
            "policyArea": {
                "name": "Economics and Public Finance"
            },
            "title": "Proposing an amendment to the Constitution to provide for a balanced budget for the United States Government and for greater accountability in the enactment of tax legislation.",
            "type": "HJRES",
            "url": "https://api.congress.gov/v3/bill/105/hjres/1?format=json"
        },
        {
            "congress": 105,
            "introducedDate": "1997-11-09",
            "latestAction": {
                "actionDate": "1997-11-09",
                "actionTime": "23:32:22",
                "text": "Motion to reconsider laid on the table Agreed to without objection."
            },
            "number": "317",
            "policyArea": {
                "name": "Congress"
            },
            "title": "Providing for the agreement of the House to the Senate amendment to the bill, H.R. 2472, with an amendment.",
            "type": "HRES",
            "url": "https://api.congress.gov/v3/bill/105/hres/317?format=json"
        },
        {
            "congress": 105,
            "introducedDate": "1997-02-25",
            "latestAction": {
                "actionDate": "1997-05-09",
                "text": "Message on Senate action sent to the House."
            },
            "number": "25",
            "policyArea": {
                "name": "Commemorations"
            },
            "title": "Providing for acceptance of a statue of Jack Swigert, presented by the State of Colorado, for placement in National Statuary Hall, and for other purposes.",
            "type": "HCONRES",
            "url": "https://api.congress.gov/v3/bill/105/hconres/25?format=json"
        }
    ]
}