{
    "pagination": {
        "count": 116
    },
    "request": {
        "bioguideId": "h001037",
        "contentType": "application/json",
        "format": "json"
    },
    "sponsoredLegislation": [
        {
            "amendmentNumber": "412",
            "congress": 109,
            "introducedDate": "2005-06-29",
            "latestAction": {
                "actionDate": "2005-06-29",
                "actionTime": "22:20:55",
                "text": "On agreeing to the Herseth amendment (A019) Failed by recorded vote: 188 - 232 (Roll no. 342). "
            },
            "type": null,
            "url": "https://api.congress.gov/v3/amendment/109/hamdt/412?format=json"
        },
        {
            "congress": 109,
            "introducedDate": "2006-09-27",
            "latestAction": {
                "actionDate": "2006-11-02",
                "text": "Referred to the Subcommittee on Select Education."
            },
            "number": "6211",
            "policyArea": {
                "name": "Taxation"
            },
            "title": "Comprehensive Long-Term Care Support Act of 2006",
            "type": "HR",
            "url": "https://api.congress.gov/v3/bill/109/hr/6211?format=json"
        },
        {
            "congress": 109,
            "introducedDate": "2006-09-19",
            "latestAction": {
                "actionDate": "2006-09-25",
                "text": "Referred to the Subcommittee on Health, for a period to be subsequently determined by the Chairman ."
            },
            "number": "6105",
            "policyArea": {
                "name": "Native Americans"
            },
            "title": "To amend the Indian Health Care Improvement Act to help ensure that no Service hospital or outpatient health facility is closed unless Congressional reporting requirements regarding the hospital or facility are current.",
            "type": "HR",
            "url": "https://api.congress.gov/v3/bill/109/hr/6105?format=json"
        },
        {
            "congress": 109,
            "introducedDate": "2006-07-26",
            "latestAction": {
                "actionDate": "2006-07-26",
                "text": "Referred to the House Committee on Government Reform."
            },
            "number": "5894",
            "policyArea": {
                "name": "Government Operations and Politics"
            },
            "title": "Veterans Reassignment Protection Act",
            "type": "HR",
            "url": "https://api.congress.gov/v3/bill/109/hr/5894?format=json"
        },
        {
            "congress": 109,
            "introducedDate": "2006-06-19",
            "latestAction": {
                "actionDate": "2006-06-27",
                "text": "Executive Comment Requested from Interior."
            },
            "number": "5639",
            "policyArea": {
                "name": "Water Resources Development"
            },
            "title": "To reauthorize the Mni Wiconi Rural Water Supply Project.",
            "type": "HR",
            "url": "https://api.congress.gov/v3/bill/109/hr/5639?format=json"
        },
        {
            "congress": 109,
            "introducedDate": "2006-06-08",
            "latestAction": {
                "actionDate": "2006-07-24",
                "text": "Referred to the Subcommittee on 21st Century Competitiveness."
            },
            "number": "5564",
            "policyArea": {
                "name": "Native Americans"
            },
            "title": "Indian Country Educational Empowerment Zone Act",
            "type": "HR",
            "url": "https://api.congress.gov/v3/bill/109/hr/5564?format=json"
        },
        {
            "congress": 109,
            "introducedDate": "2006-06-13",
            "latestAction": {
                "actionDate": "2006-06-13",
                "text": "Referred to the House Committee on Government Reform."
            },
            "number": "5599",
            "policyArea": {
                "name": "Government Operations and Politics"
            },
            "title": "To require the Government Accountability Office to submit a report to Congress on the compliance of the United States Postal Service with procedural requirements in the closing of the postal sorting facility in Aberdeen, South Dakota, and for other purposes.",
            "type": "HR",
            "url": "https://api.congress.gov/v3/bill/109/hr/5599?format=json"
        },
        {
            "congress": 109,
            "introducedDate": "2006-06-08",
            "latestAction": {
                "actionDate": "2006-09-07",
                "text": "Subcommittee Hearings Held."
            },
            "number": "5566",
            "policyArea": {
                "name": "Energy"
            },
            "title": "To facilitate the transfer of Spearfish Hydroelectric Plant Number 1 to the city of Spearfish, South Dakota, and for other purposes.",
            "type": "HR",
            "url": "https://api.congress.gov/v3/bill/109/hr/5566?format=json"
        },
        {
            "congress": 109,
            "introducedDate": "2006-06-08",
            "latestAction": {
                "actionDate": "2006-06-21",
                "text": "Referred to the Subcommittee on Water and Power."
            },
            "number": "5565",
            "policyArea": {
                "name": "Native Americans"
            },
            "title": "Oglala Sioux Tribe Angostura Irrigation Project Modernization and Development Act",
            "type": "HR",
            "url": "https://api.congress.gov/v3/bill/109/hr/5565?format=json"
        },
        {
            "congress": 109,
            "introducedDate": "2006-05-11",
            "latestAction": {
                "actionDate": "2006-09-27",
                "text": "Sponsor introductory remarks on measure. (CR H7503)"
            },
            "number": "5372",
            "policyArea": {
                "name": "Energy"
            },
            "title": "Bioenergy Innovation, Optional Fuel Utilization, and Energy Legacy (BIOFUEL) Act of 2006",
            "type": "HR",
            "url": "https://api.congress.gov/v3/bill/109/hr/5372?format=json"
        },
        {
            "congress": 109,
            "introducedDate": "2006-02-16",
            "latestAction": {
                "actionDate": "2006-04-27",
                "text": "Subcommittee Hearings Held."
            },
            "number": "4791",
            "policyArea": {
                "name": "Armed Forces and National Security"
            },
            "title": "Disabled Veterans Adaptive Housing Improvement Act",
            "type": "HR",
            "url": "https://api.congress.gov/v3/bill/109/hr/4791?format=json"
        },
        {
            "congress": 109,
            "introducedDate": "2006-02-01",
            "latestAction": {
                "actionDate": "2006-03-09",
                "text": "Executive Comment Requested from USDA."
            },
            "number": "4689",
            "policyArea": {
                "name": "Agriculture and Food"
            },
            "title": "Truth in Quality Grading Act of 2005",
            "type": "HR",
            "url": "https://api.congress.gov/v3/bill/109/hr/4689?format=json"
        },
        {
            "congress": 109,
            "introducedDate": "2005-11-10",
            "latestAction": {
                "actionDate": "2006-07-25",
                "text": "Received in the Senate and Read twice and referred to the Committee on Energy and Natural Resources."
            },
            "number": "4301",
            "policyArea": {
                "name": "Water Resources Development"
            },
            "title": "Blunt Reservoir and Pierre Canal Land Conveyance Act of 2006",
            "type": "HR",
            "url": "https://api.congress.gov/v3/bill/109/hr/4301?format=json"
        },
        {
            "congress": 109,
            "introducedDate": "2005-10-03",
            "latestAction": {
                "actionDate": "2006-06-13",
                "text": "Received in the Senate. Read twice. Placed on Senate Legislative Calendar under General Orders. Calendar No. 468."
            },
            "number": "3967",
            "policyArea": {
                "name": "Water Resources Development"
            },
            "title": "Pactola Reservoir Reallocation Authorization Act of 2006",
            "type": "HR",
            "url": "https://api.congress.gov/v3/bill/109/hr/3967?format=json"
        },
        {
            "congress": 109,
            "introducedDate": "2005-09-29",
            "latestAction": {
                "actionDate": "2005-10-17",
                "text": "Referred to the Subcommittee on Health."
            },
            "number": "3954",
            "policyArea": {
                "name": "Health"
            },
            "title": "Social Security COLA Protection Act of 2005",
            "type": "HR",
            "url": "https://api.congress.gov/v3/bill/109/hr/3954?format=json"
        },
        {
            "congress": 109,
            "introducedDate": "2005-07-28",
            "latestAction": {
                "actionDate": "2006-07-12",
                "text": "Subcommittee Hearings Held."
            },
            "number": "3558",
            "policyArea": {
                "name": "Native Americans"
            },
            "title": "Cheyenne River Sioux Tribe Equitable Compensation Amendments Act of 2005",
            "type": "HR",
            "url": "https://api.congress.gov/v3/bill/109/hr/3558?format=json"
        },
        {
            "congress": 109,
            "introducedDate": "2005-05-18",
            "latestAction": {
                "actionDate": "2005-06-21",
                "text": "Referred to the Subcommittee on Readiness."
            },
            "number": "2427",
            "policyArea": {
                "name": "Armed Forces and National Security"
            },
            "title": "To postpone the 2005 round of defense base closure and realignment.",
            "type": "HR",
            "url": "https://api.congress.gov/v3/bill/109/hr/2427?format=json"
        },
        {
            "congress": 109,
            "introducedDate": "2005-05-11",
            "latestAction": {
                "actionDate": "2005-05-23",
                "text": "Referred to the Subcommittee on Health, for a period to be subsequently determined by the Chairman."
            },
            "number": "2291",
            "policyArea": {
                "name": "Taxation"
            },
            "title": "Medical Malpractice Relief Act of 2005",
            "type": "HR",
            "url": "https://api.congress.gov/v3/bill/109/hr/2291?format=json"
        },
        {
            "congress": 109,
            "introducedDate": "2005-04-21",
            "latestAction": {
                "actionDate": "2005-10-20",
                "text": "Provisions of This Measure Incorporated in H.R. 3665, Title I, Section 102."
            },
            "number": "1773",
            "policyArea": {
                "name": "Armed Forces and National Security"
            },
            "title": "Native American Veteran Home Loan Act",
            "type": "HR",
            "url": "https://api.congress.gov/v3/bill/109/hr/1773?format=json"
        },
        {
            "congress": 109,
            "introducedDate": "2005-04-13",
            "latestAction": {
                "actionDate": "2005-04-22",
                "text": "Referred to the Subcommittee on Energy and Air Quality."
            },
            "number": "1608",
            "policyArea": {
                "name": "Environmental Protection"
            },
            "title": "Fuels Security Act of 2005",
            "type": "HR",
            "url": "https://api.congress.gov/v3/bill/109/hr/1608?format=json"
        },
        {
            "congress": 109,
            "introducedDate": "2005-03-16",
            "latestAction": {
                "actionDate": "2005-04-06",
                "text": "Referred to the Subcommittee on Military Personnel."
            },
            "number": "1343",
            "policyArea": {
                "name": "Armed Forces and National Security"
            },
            "title": "To require reimbursement for non-TRICARE health insurance premiums paid by certain members of reserve components during the period the members were not eligible for TRICARE coverage.",
            "type": "HR",
            "url": "https://api.congress.gov/v3/bill/109/hr/1343?format=json"
        },
        {
            "congress": 109,
            "introducedDate": "2005-02-17",
            "latestAction": {
                "actionDate": "2005-04-04",
                "text": "Referred to the Subcommittee on Immigration, Border Security, and Claims."
            },
            "number": "933",
            "policyArea": {
                "name": "Government Operations and Politics"
            },
            "title": "To grant a Federal charter to the National American Indian Veterans, Incorporated.",
            "type": "HR",
            "url": "https://api.congress.gov/v3/bill/109/hr/933?format=json"
        },
        {
            "congress": 109,
            "introducedDate": "2005-02-02",
            "latestAction": {
                "actionDate": "2005-02-17",
                "text": "Referred to the Subcommittee on National Parks."
            },
            "number": "546",
            "policyArea": {
                "name": "Public Lands and Natural Resources"
            },
            "title": "Wind Cave National Park Boundary Revision Act of 2005",
            "type": "HR",
            "url": "https://api.congress.gov/v3/bill/109/hr/546?format=json"
        },
        {
            "congress": 109,
            "introducedDate": "2005-01-26",
            "latestAction": {
                "actionDate": "2005-03-16",
                "text": "Executive Comment Requested from USDA."
            },
            "number": "384",
            "policyArea": {
                "name": "Agriculture and Food"
            },
            "title": "To prohibit the operation during a calendar year of the final rule issued by the Secretary of Agriculture to establish standards for the designation of minimal-risk regions for the introduction of bovine spongiform encephalopathy into the United States, including designation of Canada as a minimal-risk region, and the importation into the United States from Canada of certain bovine ruminant products during that calendar year, unless country of origin labeling is required for the retail sale of a covered commodity during that calendar year.",
            "type": "HR",
            "url": "https://api.congress.gov/v3/bill/109/hr/384?format=json"
        },
        {
            "congress": 109,
            "introducedDate": "2005-01-04",
            "latestAction": {
                "actionDate": "2005-02-03",
                "text": "Referred to the Subcommittee on Water and Power."
            },
            "number": "109",
            "policyArea": {
                "name": "Native Americans"
            },
            "title": "Tribal Parity Act",
            "type": "HR",
            "url": "https://api.congress.gov/v3/bill/109/hr/109?format=json"
        },
        {
            "congress": 109,
            "introducedDate": "2005-02-17",
            "latestAction": {
                "actionDate": "2005-03-16",
                "text": "Executive Comment Requested from USDA."
            },
            "number": "23",
            "policyArea": {
                "name": "Agriculture and Food"
            },
            "title": "Disapproving the rule submitted by the Department of Agriculture relating to the establishment of minimal-risk regions for the introduction of bovine spongiform encephalopathy into the United States.",
            "type": "HJRES",
            "url": "https://api.congress.gov/v3/bill/109/hjres/23?format=json"
        },
        {
            "congress": 109,
            "introducedDate": "2006-09-13",
            "latestAction": {
                "actionDate": "2006-09-13",
                "text": "Referred to the House Committee on Government Reform."
            },
            "number": "1005",
            "policyArea": {
                "name": "Commemorations"
            },
            "title": "Expressing the sense of the House of Representatives that September should be established a National \"Rural America Month\".",
            "type": "HRES",
            "url": "https://api.congress.gov/v3/bill/109/hres/1005?format=json"
        },
        {
            "congress": 109,
            "introducedDate": "2006-01-31",
            "latestAction": {
                "actionDate": "2006-02-16",
                "text": "Executive Comment Requested from HHS."
            },
            "number": "656",
            "policyArea": {
                "name": "Native Americans"
            },
            "title": "Expressing the sense of the House that the Secretary of Health and Human Services, acting through the Director of Indian Health Service, should maintain the current operating hours of the Wagner Service Unit until the Secretary submits to Congress a new report that accurately describes the current conditions at the Wagner Service Unit.",
            "type": "HRES",
            "url": "https://api.congress.gov/v3/bill/109/hres/656?format=json"
        },
        {
            "congress": 109,
            "introducedDate": "2005-11-17",
            "latestAction": {
                "actionDate": "2005-12-14",
                "text": "Motion to Discharge Committee filed by Ms. Herseth. Petition No: 109-7. (<a href=\"http://clerk.house.gov/109/lrc/pd/Petitions/Dis7.htm\">Discharge petition</a> text with signatures.)"
            },
            "number": "568",
            "policyArea": {
                "name": "Congress"
            },
            "title": "Providing for consideration of the bill (H.R. 3936) to protect consumers from price-gouging of gasoline and other fuels during energy emergencies, and for other purposes.",
            "type": "HRES",
            "url": "https://api.congress.gov/v3/bill/109/hres/568?format=json"
        },
        {
            "congress": 109,
            "introducedDate": "2005-12-06",
            "latestAction": {
                "actionDate": "2005-12-16",
                "text": "Motion to Discharge Committee filed by Ms. Herseth. Petition No: 109-10. (<a href=\"http://clerk.house.gov/109/lrc/pd/Petitions/Dis10.htm\">Discharge petition</a> text with signatures.)"
            },
            "number": "585",
            "policyArea": {
                "name": "Congress"
            },
            "title": "Providing for consideration of the bill (H.R. 3861) to amend title XVIII of the Social Security Act to provide extended and additional protection to Medicare beneficiaries who enroll for the Medicare prescription drug benefit during 2006.",
            "type": "HRES",
            "url": "https://api.congress.gov/v3/bill/109/hres/585?format=json"
        },
        {
            "congress": 109,
            "introducedDate": "2005-10-06",
            "latestAction": {
                "actionDate": "2005-10-06",
                "text": "Referred to the House Committee on Government Reform."
            },
            "number": "482",
            "policyArea": {
                "name": "Commemorations"
            },
            "title": "Expressing the sense of the House of Representatives that a commemorative postage stamp should be issued to honor sculptor Korczak Ziolkowski.",
            "type": "HRES",
            "url": "https://api.congress.gov/v3/bill/109/hres/482?format=json"
        },
        {
            "congress": 111,
            "introducedDate": "2010-09-29",
            "latestAction": {
                "actionDate": "2010-11-16",
                "text": "Referred to the Subcommittee on General Farm Commodities and Risk Management."
            },
            "number": "6338",
            "policyArea": {
                "name": "Agriculture and Food"
            },
            "title": "To amend the Federal Crop Insurance Act to permit certain livestock owners to plant a secondary crop for the use of the producer as emergency feed.",
            "type": "HR",
            "url": "https://api.congress.gov/v3/bill/111/hr/6338?format=json"
        },
        {
            "congress": 111,
            "introducedDate": "2010-09-29",
            "latestAction": {
                "actionDate": "2010-09-29",
                "text": "Referred to the House Committee on Veterans' Affairs."
            },
            "number": "6339",
            "policyArea": {
                "name": "Armed Forces and National Security"
            },
            "title": "Veteran Medic Corpsmen Physician Assistant Demonstration Program Act of 2010",
            "type": "HR",
            "url": "https://api.congress.gov/v3/bill/111/hr/6339?format=json"
        },
        {
            "congress": 111,
            "introducedDate": "2010-09-28",
            "latestAction": {
                "actionDate": "2010-09-28",
                "text": "Referred to the House Committee on Small Business."
            },
            "number": "6233",
            "policyArea": {
                "name": "Commerce"
            },
            "title": "Native American Small Business Assistance and Entrepreneurial Growth Act of 2010",
            "type": "HR",
            "url": "https://api.congress.gov/v3/bill/111/hr/6233?format=json"
        },
        {
            "congress": 111,
            "introducedDate": "2010-09-28",
            "latestAction": {
                "actionDate": "2010-09-28",
                "text": "Referred to the House Committee on Ways and Means."
            },
            "number": "6234",
            "policyArea": {
                "name": "Taxation"
            },
            "title": "Comprehensive Long-Term Care Support Act of 2010",
            "type": "HR",
            "url": "https://api.congress.gov/v3/bill/111/hr/6234?format=json"
        },
        {
            "congress": 111,
            "introducedDate": "2010-09-23",
            "latestAction": {
                "actionDate": "2010-09-24",
                "text": "Referred to the Subcommittee on Economic Development, Public Buildings and Emergency Management."
            },
            "number": "6207",
            "policyArea": {
                "name": "Emergency Management"
            },
            "title": "Rural Flood Mitigation and Recovery Act of 2010",
            "type": "HR",
            "url": "https://api.congress.gov/v3/bill/111/hr/6207?format=json"
        },
        {
            "congress": 111,
            "introducedDate": "2010-06-30",
            "latestAction": {
                "actionDate": "2010-12-14",
                "text": "Became Public Law No: 111-298."
            },
            "number": "5651",
            "policyArea": {
                "name": "Government Operations and Politics"
            },
            "title": "To designate the Federal building and United States courthouse located at 515 9th Street in Rapid City, South Dakota, as the \"Andrew W. Bogue Federal Building and United States Courthouse\".",
            "type": "HR",
            "url": "https://api.congress.gov/v3/bill/111/hr/5651?format=json"
        },
        {
            "congress": 111,
            "introducedDate": "2010-06-29",
            "latestAction": {
                "actionDate": "2010-06-29",
                "text": "Referred to the House Committee on Energy and Commerce."
            },
            "number": "5633",
            "policyArea": {
                "name": "Energy"
            },
            "title": "Consumer Vehicle Choice Act of 2010",
            "type": "HR",
            "url": "https://api.congress.gov/v3/bill/111/hr/5633?format=json"
        },
        {
            "congress": 111,
            "introducedDate": "2010-06-29",
            "latestAction": {
                "actionDate": "2010-06-29",
                "text": "Referred to the House Committee on Energy and Commerce."
            },
            "number": "5632",
            "policyArea": {
                "name": "Energy"
            },
            "title": "Consumer Fuels Choice Act of 2010",
            "type": "HR",
            "url": "https://api.congress.gov/v3/bill/111/hr/5632?format=json"
        },
        {
            "congress": 111,
            "introducedDate": "2010-05-20",
            "latestAction": {
                "actionDate": "2010-09-29",
                "text": "Received in the Senate and Read twice and referred to the Committee on Veterans' Affairs."
            },
            "number": "5360",
            "policyArea": {
                "name": "Armed Forces and National Security"
            },
            "title": "HELP Veterans Act of 2010",
            "type": "HR",
            "url": "https://api.congress.gov/v3/bill/111/hr/5360?format=json"
        },
        {
            "congress": 111,
            "introducedDate": "2010-05-19",
            "latestAction": {
                "actionDate": "2010-05-24",
                "text": "Referred to the Subcommittee on Trade."
            },
            "number": "5343",
            "policyArea": {
                "name": "Taxation"
            },
            "title": "Advanced Biofuel Investment Act of 2010",
            "type": "HR",
            "url": "https://api.congress.gov/v3/bill/111/hr/5343?format=json"
        },
        {
            "congress": 111,
            "introducedDate": "2010-04-27",
            "latestAction": {
                "actionDate": "2010-06-18",
                "text": "Referred to the Subcommittee on Department Operations, Oversight, Nutrition and Forestry."
            },
            "number": "5153",
            "policyArea": {
                "name": "Public Lands and Natural Resources"
            },
            "title": "Minuteman Missile National Historic Site Boundary Modification Act",
            "type": "HR",
            "url": "https://api.congress.gov/v3/bill/111/hr/5153?format=json"
        },
        {
            "congress": 111,
            "introducedDate": "2010-02-22",
            "latestAction": {
                "actionDate": "2010-03-22",
                "text": "Referred to the Subcommittee on Healthy Families and Communities."
            },
            "number": "4638",
            "policyArea": {
                "name": "Education"
            },
            "title": "Healthy Start Act",
            "type": "HR",
            "url": "https://api.congress.gov/v3/bill/111/hr/4638?format=json"
        },
        {
            "congress": 111,
            "introducedDate": "2009-12-16",
            "latestAction": {
                "actionDate": "2009-12-16",
                "text": "Referred to the House Committee on Ways and Means."
            },
            "number": "4374",
            "policyArea": {
                "name": "Taxation"
            },
            "title": "Renewable Biomass Fairness Act",
            "type": "HR",
            "url": "https://api.congress.gov/v3/bill/111/hr/4374?format=json"
        },
        {
            "congress": 111,
            "introducedDate": "2009-12-11",
            "latestAction": {
                "actionDate": "2010-03-29",
                "text": "Referred to the Subcommittee on Department Operations, Oversight, Nutrition and Forestry."
            },
            "number": "4288",
            "policyArea": {
                "name": "Civil Rights and Liberties, Minority Issues"
            },
            "title": "STOPP Act of 2009",
            "type": "HR",
            "url": "https://api.congress.gov/v3/bill/111/hr/4288?format=json"
        },
        {
            "congress": 111,
            "introducedDate": "2009-12-08",
            "latestAction": {
                "actionDate": "2010-03-29",
                "text": "Referred to the Subcommittee on Department Operations, Oversight, Nutrition and Forestry."
            },
            "number": "4233",
            "policyArea": {
                "name": "Public Lands and Natural Resources"
            },
            "title": "Healthy Forests Restoration Amendments Act of 2009",
            "type": "HR",
            "url": "https://api.congress.gov/v3/bill/111/hr/4233?format=json"
        },
        {
            "congress": 111,
            "introducedDate": "2009-07-31",
            "latestAction": {
                "actionDate": "2010-03-04",
                "text": "Forwarded by Subcommittee to Full Committee (Amended) by Voice Vote ."
            },
            "number": "3484",
            "policyArea": {
                "name": "Armed Forces and National Security"
            },
            "title": "To amend title 38, United States Code, to extend the authority for certain qualifying work-study activities for purposes of the educational assistance programs of the Department of Veterans Affairs.",
            "type": "HR",
            "url": "https://api.congress.gov/v3/bill/111/hr/3484?format=json"
        },
        {
            "congress": 111,
            "introducedDate": "2009-07-27",
            "latestAction": {
                "actionDate": "2009-08-19",
                "text": "Referred to the Subcommittee on Immigration, Citizenship, Refugees, Border Security, and International Law."
            },
            "number": "3349",
            "policyArea": {
                "name": "Government Operations and Politics"
            },
            "title": "To grant a Federal charter to the National American Indian Veterans, Incorporated.",
            "type": "HR",
            "url": "https://api.congress.gov/v3/bill/111/hr/3349?format=json"
        },
        {
            "congress": 111,
            "introducedDate": "2009-05-21",
            "latestAction": {
                "actionDate": "2009-06-02",
                "text": "Referred to the Subcommittee on Health."
            },
            "number": "2599",
            "policyArea": {
                "name": "Health"
            },
            "title": "Rural Health Quality Advisory Commission Act of 2009",
            "type": "HR",
            "url": "https://api.congress.gov/v3/bill/111/hr/2599?format=json"
        },
        {
            "congress": 111,
            "introducedDate": "2009-05-19",
            "latestAction": {
                "actionDate": "2009-12-24",
                "text": "Read twice and referred to the Committee on Commerce, Science, and Transportation."
            },
            "number": "2489",
            "policyArea": {
                "name": "Science, Technology, Communications"
            },
            "title": "National Land Remote Sensing Outreach Act",
            "type": "HR",
            "url": "https://api.congress.gov/v3/bill/111/hr/2489?format=json"
        },
        {
            "congress": 111,
            "introducedDate": "2009-05-18",
            "latestAction": {
                "actionDate": "2009-10-28",
                "text": "Provisions of measure incorporated into H.R. 3949."
            },
            "number": "2461",
            "policyArea": {
                "name": "Armed Forces and National Security"
            },
            "title": "Veterans Small Business Verification Act",
            "type": "HR",
            "url": "https://api.congress.gov/v3/bill/111/hr/2461?format=json"
        },
        {
            "congress": 111,
            "introducedDate": "2009-04-22",
            "latestAction": {
                "actionDate": "2009-04-22",
                "text": "Referred to the House Committee on Ways and Means."
            },
            "number": "2037",
            "policyArea": {
                "name": "Taxation"
            },
            "title": "Rural Energy Equity Act of 2009",
            "type": "HR",
            "url": "https://api.congress.gov/v3/bill/111/hr/2037?format=json"
        },
        {
            "congress": 111,
            "introducedDate": "2009-04-02",
            "latestAction": {
                "actionDate": "2009-05-26",
                "text": "Referred to the Subcommittee on Crime, Terrorism, and Homeland Security."
            },
            "number": "1924",
            "policyArea": {
                "name": "Native Americans"
            },
            "title": "Tribal Law and Order Act of 2009",
            "type": "HR",
            "url": "https://api.congress.gov/v3/bill/111/hr/1924?format=json"
        },
        {
            "congress": 111,
            "introducedDate": "2009-04-01",
            "latestAction": {
                "actionDate": "2009-04-27",
                "text": "Referred to the Subcommittee on Military Personnel."
            },
            "number": "1851",
            "policyArea": {
                "name": "Armed Forces and National Security"
            },
            "title": "To amend title 10, United States Code, to require that certain members of the Armed Forces receive employment assistance, job training assistance, and other transitional services provided by the Secretary of Labor before separating from active duty service.",
            "type": "HR",
            "url": "https://api.congress.gov/v3/bill/111/hr/1851?format=json"
        },
        {
            "congress": 111,
            "introducedDate": "2009-03-26",
            "latestAction": {
                "actionDate": "2009-03-26",
                "text": "Referred to the House Committee on Ways and Means."
            },
            "number": "1757",
            "policyArea": {
                "name": "Taxation"
            },
            "title": "E85 and Biodiesel Access Act of 2009",
            "type": "HR",
            "url": "https://api.congress.gov/v3/bill/111/hr/1757?format=json"
        },
        {
            "congress": 111,
            "introducedDate": "2009-03-17",
            "latestAction": {
                "actionDate": "2009-03-17",
                "text": "Referred to the House Committee on Natural Resources."
            },
            "number": "1562",
            "policyArea": {
                "name": "Native Americans"
            },
            "title": "Lower Brule and Crow Creek Tribal Compensation Act",
            "type": "HR",
            "url": "https://api.congress.gov/v3/bill/111/hr/1562?format=json"
        },
        {
            "congress": 111,
            "introducedDate": "2009-03-05",
            "latestAction": {
                "actionDate": "2009-04-27",
                "text": "Referred to the Subcommittee on Military Personnel."
            },
            "number": "1336",
            "policyArea": {
                "name": "Armed Forces and National Security"
            },
            "title": "Veterans Education Improvement Act of 2009",
            "type": "HR",
            "url": "https://api.congress.gov/v3/bill/111/hr/1336?format=json"
        },
        {
            "congress": 111,
            "introducedDate": "2009-02-26",
            "latestAction": {
                "actionDate": "2009-04-23",
                "text": "Executive Comment Requested from USDA."
            },
            "number": "1226",
            "policyArea": {
                "name": "Agriculture and Food"
            },
            "title": "Foot and Mouth Disease Prevention Act of 2009",
            "type": "HR",
            "url": "https://api.congress.gov/v3/bill/111/hr/1226?format=json"
        },
        {
            "congress": 111,
            "introducedDate": "2009-02-26",
            "latestAction": {
                "actionDate": "2009-06-24",
                "text": "Received in the Senate and Read twice and referred to the Committee on Veterans' Affairs."
            },
            "number": "1211",
            "policyArea": {
                "name": "Armed Forces and National Security"
            },
            "title": "Women Veterans Health Care Improvement Act",
            "type": "HR",
            "url": "https://api.congress.gov/v3/bill/111/hr/1211?format=json"
        },
        {
            "congress": 111,
            "introducedDate": "2009-02-25",
            "latestAction": {
                "actionDate": "2009-02-26",
                "text": "Referred to the Subcommittee on Energy and Environment."
            },
            "number": "1190",
            "policyArea": {
                "name": "Energy"
            },
            "title": "Renewable Biomass Facilitation Act of 2009",
            "type": "HR",
            "url": "https://api.congress.gov/v3/bill/111/hr/1190?format=json"
        },
        {
            "congress": 111,
            "introducedDate": "2009-02-24",
            "latestAction": {
                "actionDate": "2009-05-04",
                "text": "Referred to the Subcommittee on Federal Workforce, Post Office, and the District of Columbia."
            },
            "number": "1157",
            "policyArea": {
                "name": "Government Operations and Politics"
            },
            "title": "Veterans Reassignment Protection Act",
            "type": "HR",
            "url": "https://api.congress.gov/v3/bill/111/hr/1157?format=json"
        },
        {
            "congress": 111,
            "introducedDate": "2009-02-13",
            "latestAction": {
                "actionDate": "2009-05-20",
                "text": "Received in the Senate and Read twice and referred to the Committee on Veterans' Affairs."
            },
            "number": "1089",
            "policyArea": {
                "name": "Armed Forces and National Security"
            },
            "title": "Veterans Employment Rights Realignment Act of 2009",
            "type": "HR",
            "url": "https://api.congress.gov/v3/bill/111/hr/1089?format=json"
        },
        {
            "congress": 111,
            "introducedDate": "2009-02-13",
            "latestAction": {
                "actionDate": "2009-05-20",
                "text": "Received in the Senate and Read twice and referred to the Committee on Veterans' Affairs."
            },
            "number": "1088",
            "policyArea": {
                "name": "Armed Forces and National Security"
            },
            "title": "Mandatory Veteran Specialist Training Act of 2009",
            "type": "HR",
            "url": "https://api.congress.gov/v3/bill/111/hr/1088?format=json"
        },
        {
            "congress": 111,
            "introducedDate": "2009-02-12",
            "latestAction": {
                "actionDate": "2009-10-01",
                "text": "Subcommittee Hearings Held."
            },
            "number": "1036",
            "policyArea": {
                "name": "Armed Forces and National Security"
            },
            "title": "Veterans Physical Therapy Services Improvement Act of 2009",
            "type": "HR",
            "url": "https://api.congress.gov/v3/bill/111/hr/1036?format=json"
        },
        {
            "congress": 111,
            "introducedDate": "2009-02-12",
            "latestAction": {
                "actionDate": "2009-10-08",
                "text": "Message on Senate action sent to the House."
            },
            "number": "1037",
            "policyArea": {
                "name": "Armed Forces and National Security"
            },
            "title": "Veterans' Benefits Enhancement Act of 2009",
            "type": "HR",
            "url": "https://api.congress.gov/v3/bill/111/hr/1037?format=json"
        },
        {
            "amendmentNumber": "373",
            "congress": 110,
            "introducedDate": "2007-06-21",
            "latestAction": {
                "actionDate": "2007-06-21",
                "actionTime": "19:29:45",
                "text": "On agreeing to the Herseth Sandlin amendment (A023) Agreed to by voice vote. "
            },
            "type": null,
            "url": "https://api.congress.gov/v3/amendment/110/hamdt/373?format=json"
        },
        {
            "congress": 110,
            "introducedDate": "2008-09-25",
            "latestAction": {
                "actionDate": "2008-09-25",
                "text": "Referred to the Committee on Ways and Means, and in addition to the Committee on Education and Labor, for a period to be subsequently determined by the Speaker, in each case for consideration of such provisions as fall within the jurisdiction of the committee concerned."
            },
            "number": "7095",
            "policyArea": {
                "name": "Taxation"
            },
            "title": "Comprehensive Long-Term Care Support Act of 2008",
            "type": "HR",
            "url": "https://api.congress.gov/v3/bill/110/hr/7095?format=json"
        },
        {
            "congress": 110,
            "introducedDate": "2008-09-17",
            "latestAction": {
                "actionDate": "2008-09-30",
                "text": "Referred to the Subcommittee on Military Personnel."
            },
            "number": "6925",
            "policyArea": {
                "name": "Armed Forces and National Security"
            },
            "title": "To amend title 10, United States Code, to require that each member of the Armed Forces receive employment assistance, job training assistance, and other transitional services provided by the Secretary of Labor before that member separates from active duty service.",
            "type": "HR",
            "url": "https://api.congress.gov/v3/bill/110/hr/6925?format=json"
        },
        {
            "congress": 110,
            "introducedDate": "2008-08-01",
            "latestAction": {
                "actionDate": "2008-08-01",
                "text": "Referred to the House Committee on Veterans' Affairs."
            },
            "number": "6792",
            "policyArea": {
                "name": "Armed Forces and National Security"
            },
            "title": "Veterans Physical Therapy Services Improvement Act of 2008",
            "type": "HR",
            "url": "https://api.congress.gov/v3/bill/110/hr/6792?format=json"
        },
        {
            "congress": 110,
            "introducedDate": "2008-07-31",
            "latestAction": {
                "actionDate": "2008-07-31",
                "text": "Referred to the House Committee on Ways and Means."
            },
            "number": "6734",
            "policyArea": {
                "name": "Taxation"
            },
            "title": "E85 and Biodiesel Access Act of 2008",
            "type": "HR",
            "url": "https://api.congress.gov/v3/bill/110/hr/6734?format=json"
        },
        {
            "congress": 110,
            "introducedDate": "2008-07-30",
            "latestAction": {
                "actionDate": "2008-07-30",
                "text": "Referred to the House Committee on Ways and Means."
            },
            "number": "6672",
            "policyArea": {
                "name": "Taxation"
            },
            "title": "Rural Energy Equity Act of 2008",
            "type": "HR",
            "url": "https://api.congress.gov/v3/bill/110/hr/6672?format=json"
        },
        {
            "congress": 110,
            "introducedDate": "2008-07-23",
            "latestAction": {
                "actionDate": "2008-07-23",
                "text": "Referred to the Subcommittee on Health."
            },
            "number": "6583",
            "policyArea": {
                "name": "Native Americans"
            },
            "title": "Tribal Law and Order Act of 2008",
            "type": "HR",
            "url": "https://api.congress.gov/v3/bill/110/hr/6583?format=json"
        },
        {
            "congress": 110,
            "introducedDate": "2008-07-16",
            "latestAction": {
                "actionDate": "2008-10-03",
                "text": "Referred to the Subcommittee on Horticulture and Organic Agriculture."
            },
            "number": "6522",
            "policyArea": {
                "name": "Agriculture and Food"
            },
            "title": "Foot and Mouth Disease Prevention Act of 2008",
            "type": "HR",
            "url": "https://api.congress.gov/v3/bill/110/hr/6522?format=json"
        },
        {
            "congress": 110,
            "introducedDate": "2008-06-10",
            "latestAction": {
                "actionDate": "2008-06-26",
                "text": "Forwarded by Subcommittee to Full Committee by Voice Vote ."
            },
            "number": "6224",
            "policyArea": {
                "name": "Armed Forces and National Security"
            },
            "title": "Pilot College Work Study Programs for Veterans Act of 2008",
            "type": "HR",
            "url": "https://api.congress.gov/v3/bill/110/hr/6224?format=json"
        },
        {
            "congress": 110,
            "introducedDate": "2008-06-10",
            "latestAction": {
                "actionDate": "2008-08-01",
                "text": "Received in the Senate and Read twice and referred to the Committee on Veterans' Affairs."
            },
            "number": "6225",
            "policyArea": {
                "name": "Armed Forces and National Security"
            },
            "title": "Improving SCRA and USERRA Protections Act of 2008",
            "type": "HR",
            "url": "https://api.congress.gov/v3/bill/110/hr/6225?format=json"
        },
        {
            "congress": 110,
            "introducedDate": "2008-05-08",
            "latestAction": {
                "actionDate": "2008-05-12",
                "text": "Referred to the Subcommittee on Health."
            },
            "number": "6011",
            "policyArea": {
                "name": "Health"
            },
            "title": "Veterans to Paramedics Transition Act",
            "type": "HR",
            "url": "https://api.congress.gov/v3/bill/110/hr/6011?format=json"
        },
        {
            "congress": 110,
            "introducedDate": "2008-04-02",
            "latestAction": {
                "actionDate": "2008-04-30",
                "text": "Ordered to be Reported (Amended) by Voice Vote."
            },
            "number": "5684",
            "policyArea": {
                "name": "Armed Forces and National Security"
            },
            "title": "Veterans Education Improvement Act of 2008",
            "type": "HR",
            "url": "https://api.congress.gov/v3/bill/110/hr/5684?format=json"
        },
        {
            "congress": 110,
            "introducedDate": "2008-02-06",
            "latestAction": {
                "actionDate": "2008-02-06",
                "text": "Referred to the Subcommittee on Energy and Air Quality."
            },
            "number": "5236",
            "policyArea": {
                "name": "Energy"
            },
            "title": "Renewable Biomass Facilitation Act of 2008",
            "type": "HR",
            "url": "https://api.congress.gov/v3/bill/110/hr/5236?format=json"
        },
        {
            "congress": 110,
            "introducedDate": "2007-12-18",
            "latestAction": {
                "actionDate": "2007-12-20",
                "text": "Referred to the Subcommittee on Health."
            },
            "number": "4807",
            "policyArea": {
                "name": "Health"
            },
            "title": "Social Security COLA Protection Act of 2007",
            "type": "HR",
            "url": "https://api.congress.gov/v3/bill/110/hr/4807?format=json"
        },
        {
            "congress": 110,
            "introducedDate": "2007-11-07",
            "latestAction": {
                "actionDate": "2007-12-05",
                "text": "Referred to the Subcommittee on Military Personnel."
            },
            "number": "4107",
            "policyArea": {
                "name": "Armed Forces and National Security"
            },
            "title": "Women Veterans Health Care Improvement Act",
            "type": "HR",
            "url": "https://api.congress.gov/v3/bill/110/hr/4107?format=json"
        },
        {
            "congress": 110,
            "introducedDate": "2007-10-31",
            "latestAction": {
                "actionDate": "2007-11-05",
                "text": "Referred to the Subcommittee on Water and Power."
            },
            "number": "4028",
            "policyArea": {
                "name": "Water Resources Development"
            },
            "title": "To reauthorize the Mni Wiconi Rural Water Supply Project.",
            "type": "HR",
            "url": "https://api.congress.gov/v3/bill/110/hr/4028?format=json"
        },
        {
            "congress": 110,
            "introducedDate": "2007-09-17",
            "latestAction": {
                "actionDate": "2007-09-21",
                "text": "Referred to the Subcommittee on Economic Opportunity."
            },
            "number": "3553",
            "policyArea": {
                "name": "Armed Forces and National Security"
            },
            "title": "To amend title 38, United States Code, to extend and improve certain authorities of the Secretary of Veterans Affairs, and for other purposes.",
            "type": "HR",
            "url": "https://api.congress.gov/v3/bill/110/hr/3553?format=json"
        },
        {
            "congress": 110,
            "introducedDate": "2007-07-16",
            "latestAction": {
                "actionDate": "2007-07-16",
                "text": "Referred to the House Committee on the Judiciary."
            },
            "number": "3050",
            "policyArea": {
                "name": "Government Operations and Politics"
            },
            "title": "To grant the consent and approval of Congress to an interstate forest fire protection compact.",
            "type": "HR",
            "url": "https://api.congress.gov/v3/bill/110/hr/3050?format=json"
        },
        {
            "congress": 110,
            "introducedDate": "2007-06-11",
            "latestAction": {
                "actionDate": "2007-10-24",
                "text": "Became Public Law No: 110-100."
            },
            "number": "2654",
            "policyArea": {
                "name": "Commemorations"
            },
            "title": "To designate the facility of the United States Postal Service located at 202 South Dumont Avenue in Woonsocket, South Dakota, as the \"Eleanor McGovern Post Office Building\".",
            "type": "HR",
            "url": "https://api.congress.gov/v3/bill/110/hr/2654?format=json"
        },
        {
            "congress": 110,
            "introducedDate": "2007-05-17",
            "latestAction": {
                "actionDate": "2007-06-14",
                "text": "Subcommittee Hearings Held."
            },
            "number": "2378",
            "policyArea": {
                "name": "Armed Forces and National Security"
            },
            "title": "Services to Prevent Veterans Homelessness Act",
            "type": "HR",
            "url": "https://api.congress.gov/v3/bill/110/hr/2378?format=json"
        },
        {
            "congress": 110,
            "introducedDate": "2007-05-16",
            "latestAction": {
                "actionDate": "2007-06-26",
                "text": "Referred to the Subcommittee on Horticulture and Organic Agriculture."
            },
            "number": "2348",
            "policyArea": {
                "name": "Agriculture and Food"
            },
            "title": "Beginning Farmer and Rancher Opportunity Act of 2007",
            "type": "HR",
            "url": "https://api.congress.gov/v3/bill/110/hr/2348?format=json"
        },
        {
            "congress": 110,
            "introducedDate": "2007-05-08",
            "latestAction": {
                "actionDate": "2007-05-31",
                "text": "Executive Comment Requested from USDA."
            },
            "number": "2213",
            "policyArea": {
                "name": "Agriculture and Food"
            },
            "title": "Captive Supply Reform Act",
            "type": "HR",
            "url": "https://api.congress.gov/v3/bill/110/hr/2213?format=json"
        },
        {
            "congress": 110,
            "introducedDate": "2007-05-03",
            "latestAction": {
                "actionDate": "2007-05-31",
                "text": "Executive Comment Requested from USDA."
            },
            "number": "2154",
            "policyArea": {
                "name": "Energy"
            },
            "title": "Rural Energy for America Act of 2007",
            "type": "HR",
            "url": "https://api.congress.gov/v3/bill/110/hr/2154?format=json"
        },
        {
            "congress": 110,
            "introducedDate": "2007-04-25",
            "latestAction": {
                "actionDate": "2007-05-04",
                "text": "Referred to the Subcommittee on Specialty Crops, Rural Development, and Foreign Agriculture."
            },
            "number": "2035",
            "policyArea": {
                "name": "Science, Technology, Communications"
            },
            "title": "Rural Broadband Improvement Act",
            "type": "HR",
            "url": "https://api.congress.gov/v3/bill/110/hr/2035?format=json"
        },
        {
            "congress": 110,
            "introducedDate": "2007-03-22",
            "latestAction": {
                "actionDate": "2007-05-04",
                "text": "Executive Comment Requested from USDA."
            },
            "number": "1649",
            "policyArea": {
                "name": "Agriculture and Food"
            },
            "title": "To prohibit the closure or relocation of any county office of the Farm Service Agency until at least one year after the enactment of an Act to provide for the continuation of agricultural programs for fiscal years after 2007.",
            "type": "HR",
            "url": "https://api.congress.gov/v3/bill/110/hr/1649?format=json"
        },
        {
            "congress": 110,
            "introducedDate": "2007-03-22",
            "latestAction": {
                "actionDate": "2007-03-23",
                "text": "Referred to the Subcommittee on Health."
            },
            "number": "1651",
            "policyArea": {
                "name": "Health"
            },
            "title": "Rural Health Quality Advisory Commission Act of 2007",
            "type": "HR",
            "url": "https://api.congress.gov/v3/bill/110/hr/1651?format=json"
        },
        {
            "congress": 110,
            "introducedDate": "2007-03-06",
            "latestAction": {
                "actionDate": "2007-06-18",
                "text": "Unfavorable Executive Comment Received from USDA."
            },
            "number": "1344",
            "policyArea": {
                "name": "Agriculture and Food"
            },
            "title": "To improve Federal nutrition programs.",
            "type": "HR",
            "url": "https://api.congress.gov/v3/bill/110/hr/1344?format=json"
        },
        {
            "congress": 110,
            "introducedDate": "2007-03-05",
            "latestAction": {
                "actionDate": "2007-08-03",
                "text": "Read twice and referred to the Committee on Veterans' Affairs."
            },
            "number": "1315",
            "policyArea": {
                "name": "Armed Forces and National Security"
            },
            "title": "Veterans' Benefits Improvement Act of 2007",
            "type": "HR",
            "url": "https://api.congress.gov/v3/bill/110/hr/1315?format=json"
        },
        {
            "congress": 110,
            "introducedDate": "2007-02-08",
            "latestAction": {
                "actionDate": "2007-06-05",
                "text": "Referred to the Subcommittee on Healthy Families and Communities."
            },
            "number": "926",
            "policyArea": {
                "name": "Civil Rights and Liberties, Minority Issues"
            },
            "title": "STOPP Act of 2007",
            "type": "HR",
            "url": "https://api.congress.gov/v3/bill/110/hr/926?format=json"
        },
        {
            "congress": 110,
            "introducedDate": "2007-02-07",
            "latestAction": {
                "actionDate": "2008-09-25",
                "text": "Subcommittee Hearings Held."
            },
            "number": "883",
            "policyArea": {
                "name": "Native Americans"
            },
            "title": "Oglala Sioux Tribe Angostura Irrigation Project Modernization and Development Act",
            "type": "HR",
            "url": "https://api.congress.gov/v3/bill/110/hr/883?format=json"
        },
        {
            "congress": 110,
            "introducedDate": "2007-01-30",
            "latestAction": {
                "actionDate": "2007-03-20",
                "text": "Referred to the Subcommittee on Federal Workforce, Post Office, and the District of Columbia."
            },
            "number": "728",
            "policyArea": {
                "name": "Government Operations and Politics"
            },
            "title": "Veterans Reassignment Protection Act",
            "type": "HR",
            "url": "https://api.congress.gov/v3/bill/110/hr/728?format=json"
        },
        {
            "congress": 110,
            "introducedDate": "2007-01-24",
            "latestAction": {
                "actionDate": "2007-06-21",
                "text": "Subcommittee Hearings Held."
            },
            "number": "675",
            "policyArea": {
                "name": "Armed Forces and National Security"
            },
            "title": "Disabled Veterans Adaptive Housing Improvement Act",
            "type": "HR",
            "url": "https://api.congress.gov/v3/bill/110/hr/675?format=json"
        },
        {
            "congress": 110,
            "introducedDate": "2007-01-23",
            "latestAction": {
                "actionDate": "2007-03-01",
                "text": "Referred to the Subcommittee on Immigration, Citizenship, Refugees, Border Security, and International Law."
            },
            "number": "637",
            "policyArea": {
                "name": "Government Operations and Politics"
            },
            "title": "To grant a Federal charter to the National American Indian Veterans, Incorporated.",
            "type": "HR",
            "url": "https://api.congress.gov/v3/bill/110/hr/637?format=json"
        },
        {
            "congress": 110,
            "introducedDate": "2007-01-19",
            "latestAction": {
                "actionDate": "2007-06-19",
                "text": "Subcommittee Hearings Held."
            },
            "number": "585",
            "policyArea": {
                "name": "Armed Forces and National Security"
            },
            "title": "To amend title 38, United States Code, to expand the number of individuals qualifying for retroactive benefits from traumatic injury protection coverage under Servicemembers' Group Life Insurance.",
            "type": "HR",
            "url": "https://api.congress.gov/v3/bill/110/hr/585?format=json"
        },
        {
            "congress": 110,
            "introducedDate": "2007-01-16",
            "latestAction": {
                "actionDate": "2007-05-08",
                "text": "Received in the Senate and Read twice and referred to the Committee on Indian Affairs."
            },
            "number": "487",
            "policyArea": {
                "name": "Native Americans"
            },
            "title": "Cheyenne River Sioux Tribe Equitable Compensation Amendments Act of 2007",
            "type": "HR",
            "url": "https://api.congress.gov/v3/bill/110/hr/487?format=json"
        },
        {
            "congress": 110,
            "introducedDate": "2007-01-04",
            "latestAction": {
                "actionDate": "2008-05-08",
                "text": "Subcommittee Hearings Held."
            },
            "number": "155",
            "policyArea": {
                "name": "Water Resources Development"
            },
            "title": "Lower Brule and Crow Creek Tribal Compensation Act",
            "type": "HR",
            "url": "https://api.congress.gov/v3/bill/110/hr/155?format=json"
        },
        {
            "congress": 110,
            "introducedDate": "2007-10-03",
            "latestAction": {
                "actionDate": "2007-10-03",
                "text": "Referred to the House Committee on Agriculture."
            },
            "number": "55",
            "policyArea": {
                "name": "Agriculture and Food"
            },
            "title": "To disapprove a final rule of the Secretary of Agriculture relating to the importation of cattle and beef.",
            "type": "HJRES",
            "url": "https://api.congress.gov/v3/bill/110/hjres/55?format=json"
        },
        {
            "congress": 110,
            "introducedDate": "2008-04-02",
            "latestAction": {
                "actionDate": "2008-05-21",
                "actionTime": "16:23:50",
                "text": "Motion to reconsider laid on the table Agreed to without objection."
            },
            "number": "1074",
            "policyArea": {
                "name": "Commemorations"
            },
            "title": "Honoring the 60th anniversary of the commencement of the carving of the Crazy Horse Memorial.",
            "type": "HRES",
            "url": "https://api.congress.gov/v3/bill/110/hres/1074?format=json"
        },
        {
            "congress": 110,
            "introducedDate": "2008-09-25",
            "latestAction": {
                "actionDate": "2008-09-25",
                "text": "Referred to the Subcommittee on Health."
            },
            "number": "431",
            "policyArea": {
                "name": "Health"
            },
            "title": "Supporting the goals and ideals of a Long-Term Care Awareness Week.",
            "type": "HCONRES",
            "url": "https://api.congress.gov/v3/bill/110/hconres/431?format=json"
        },
        {
            "congress": 110,
            "introducedDate": "2008-07-31",
            "latestAction": {
                "actionDate": "2008-10-02",
                "text": "Referred to the Committee on the Judiciary."
            },
            "number": "405",
            "policyArea": {
                "name": "Commemorations"
            },
            "title": "Recognizing the first full week of April as \"National Workplace Wellness Week\".",
            "type": "HCONRES",
            "url": "https://api.congress.gov/v3/bill/110/hconres/405?format=json"
        },
        {
            "congress": 110,
            "introducedDate": "2008-06-26",
            "latestAction": {
                "actionDate": "2008-06-26",
                "text": "Referred to the House Committee on Financial Services."
            },
            "number": "383",
            "policyArea": {
                "name": "Housing and Community Development"
            },
            "title": "Recognizing the importance of homeownership for Americans.",
            "type": "HCONRES",
            "url": "https://api.congress.gov/v3/bill/110/hconres/383?format=json"
        },
        {
            "congress": 110,
            "introducedDate": "2007-04-26",
            "latestAction": {
                "actionDate": "2007-10-16",
                "text": "Received in the Senate and referred to the Committee on Health, Education, Labor, and Pensions."
            },
            "number": "133",
            "policyArea": {
                "name": "Commemorations"
            },
            "title": "Supporting the goals and ideals of a Long-Term Care Awareness Week.",
            "type": "HCONRES",
            "url": "https://api.congress.gov/v3/bill/110/hconres/133?format=json"
        },
        {
            "congress": 108,
            "introducedDate": "2004-10-08",
            "latestAction": {
                "actionDate": "2004-11-05",
                "text": "Referred to the Subcommittee on Immigration, Border Security, and Claims."
            },
            "number": "5318",
            "policyArea": {
                "name": "Government Operations and Politics"
            },
            "title": "To grant a Federal charter to the National American Indian Veterans, Incorporated.",
            "type": "HR",
            "url": "https://api.congress.gov/v3/bill/108/hr/5318?format=json"
        },
        {
            "congress": 108,
            "introducedDate": "2004-10-08",
            "latestAction": {
                "actionDate": "2004-10-11",
                "text": "Sponsor introductory remarks on measure. (CR E1930)"
            },
            "number": "5319",
            "policyArea": {
                "name": "Taxation"
            },
            "title": "Renewable Energy Financing Incentive Act of 2004",
            "type": "HR",
            "url": "https://api.congress.gov/v3/bill/108/hr/5319?format=json"
        },
        {
            "congress": 108,
            "introducedDate": "2004-09-28",
            "latestAction": {
                "actionDate": "2004-10-21",
                "text": "Referred to the Subcommittee on Benefits."
            },
            "number": "5153",
            "policyArea": {
                "name": "Armed Forces and National Security"
            },
            "title": "Native American Veterans Home Loan Act of 2004",
            "type": "HR",
            "url": "https://api.congress.gov/v3/bill/108/hr/5153?format=json"
        },
        {
            "congress": 108,
            "introducedDate": "2004-09-23",
            "latestAction": {
                "actionDate": "2004-09-24",
                "text": "Sponsor introductory remarks on measure. (CR E1701-1702)"
            },
            "number": "5139",
            "policyArea": {
                "name": "Native Americans"
            },
            "title": "Oglala Sioux Tribe Angostura Irrigation Project Modernization and Development Act",
            "type": "HR",
            "url": "https://api.congress.gov/v3/bill/108/hr/5139?format=json"
        },
        {
            "congress": 108,
            "introducedDate": "2004-09-21",
            "latestAction": {
                "actionDate": "2004-10-13",
                "text": "Referred to the Subcommittee on Select Education."
            },
            "number": "5110",
            "policyArea": {
                "name": "Taxation"
            },
            "title": "Comprehensive Long-Term Care Support Act of 2004",
            "type": "HR",
            "url": "https://api.congress.gov/v3/bill/108/hr/5110?format=json"
        },
        {
            "congress": 108,
            "introducedDate": "2004-07-22",
            "latestAction": {
                "actionDate": "2004-10-05",
                "text": "Referred to the Subcommittee on Benefits."
            },
            "number": "4950",
            "policyArea": {
                "name": "Armed Forces and National Security"
            },
            "title": "To amend title 38, United States Code, to extend the requirement for biennial reports from the Advisory Committee on Former Prisoners of War.",
            "type": "HR",
            "url": "https://api.congress.gov/v3/bill/108/hr/4950?format=json"
        },
        {
            "congress": 108,
            "introducedDate": "2004-07-22",
            "latestAction": {
                "actionDate": "2004-08-02",
                "text": "Referred to the Subcommittee on Water and Power."
            },
            "number": "4949",
            "policyArea": {
                "name": "Native Americans"
            },
            "title": "Tribal Parity Act",
            "type": "HR",
            "url": "https://api.congress.gov/v3/bill/108/hr/4949?format=json"
        },
        {
            "congress": 108,
            "introducedDate": "2004-07-22",
            "latestAction": {
                "actionDate": "2004-09-07",
                "text": "Referred to the Subcommittee on 21st Century Competitiveness."
            },
            "number": "4948",
            "policyArea": {
                "name": "Native Americans"
            },
            "title": "Indian Country Educational Empowerment Zone Act",
            "type": "HR",
            "url": "https://api.congress.gov/v3/bill/108/hr/4948?format=json"
        },
        {
            "congress": 108,
            "introducedDate": "2004-07-22",
            "latestAction": {
                "actionDate": "2004-08-03",
                "text": "Referred to the Subcommittee on Social Security."
            },
            "number": "4910",
            "policyArea": {
                "name": "Health"
            },
            "title": "Social Security COLA Protection Act of 2004",
            "type": "HR",
            "url": "https://api.congress.gov/v3/bill/108/hr/4910?format=json"
        }
    ]
}