{
    "pagination": {
        "count": 143
    },
    "request": {
        "bioguideId": "b000682",
        "contentType": "application/json",
        "format": "json"
    },
    "sponsoredLegislation": [
        {
            "congress": 96,
            "introducedDate": "1980-11-13",
            "latestAction": {
                "actionDate": "1980-11-13",
                "text": "Referred to House Committee on Banking, Finance and Urban Affairs."
            },
            "number": "8335",
            "policyArea": {
                "name": "Housing and Community Development"
            },
            "title": "A bill to provide Homeownership Assistance.",
            "type": "HR",
            "url": "https://api.congress.gov/v3/bill/96/hr/8335?format=json"
        },
        {
            "congress": 96,
            "introducedDate": "1979-12-18",
            "latestAction": {
                "actionDate": "1979-12-18",
                "text": "Referred to House Committee on Interstate and Foreign Commerce."
            },
            "number": "6161",
            "policyArea": {
                "name": "Energy"
            },
            "title": "National Alcohols and Alcohol Fuel and Farm Commodity Production Act of 1979",
            "type": "HR",
            "url": "https://api.congress.gov/v3/bill/96/hr/6161?format=json"
        },
        {
            "congress": 96,
            "introducedDate": "1979-10-10",
            "latestAction": {
                "actionDate": "1979-12-31",
                "text": "Public Law 96-176."
            },
            "number": "5523",
            "policyArea": {
                "name": "Agriculture and Food"
            },
            "title": "A bill to establish an improved program for extra long staple cotton.",
            "type": "HR",
            "url": "https://api.congress.gov/v3/bill/96/hr/5523?format=json"
        },
        {
            "congress": 96,
            "introducedDate": "1979-09-19",
            "latestAction": {
                "actionDate": "1979-09-19",
                "text": "Referred to House Committee on Agriculture."
            },
            "number": "5329",
            "policyArea": {
                "name": "Agriculture and Food"
            },
            "title": "A bill to establish an improved program for extra long staple cotton.",
            "type": "HR",
            "url": "https://api.congress.gov/v3/bill/96/hr/5329?format=json"
        },
        {
            "congress": 96,
            "introducedDate": "1979-09-05",
            "latestAction": {
                "actionDate": "1979-09-05",
                "text": "Referred to House Committee on Ways and Means."
            },
            "number": "5184",
            "policyArea": {
                "name": "Taxation"
            },
            "title": "A bill to amend the Internal Revenue Code of 1954 to provide an exclusion for income earned abroad attributable to certain charitable services.",
            "type": "HR",
            "url": "https://api.congress.gov/v3/bill/96/hr/5184?format=json"
        },
        {
            "congress": 96,
            "introducedDate": "1979-09-05",
            "latestAction": {
                "actionDate": "1979-09-05",
                "text": "Referred to House Committee on the Judiciary."
            },
            "number": "5183",
            "policyArea": {
                "name": "Commerce"
            },
            "title": "A bill to amend the Copyright Law to provide that certain performances and displays of profit-making educational institutions are not infringements of the exclusive rights of copyright owners.",
            "type": "HR",
            "url": "https://api.congress.gov/v3/bill/96/hr/5183?format=json"
        },
        {
            "congress": 96,
            "introducedDate": "1979-07-16",
            "latestAction": {
                "actionDate": "1979-07-16",
                "text": "Referred to House Committee on Ways and Means."
            },
            "number": "4796",
            "policyArea": {
                "name": "Taxation"
            },
            "title": "A bill to amend the Internal Revenue Code of 1954 to provide an exclusion for income earned abroad attributable to certain charitable services.",
            "type": "HR",
            "url": "https://api.congress.gov/v3/bill/96/hr/4796?format=json"
        },
        {
            "congress": 96,
            "introducedDate": "1979-05-23",
            "latestAction": {
                "actionDate": "1979-07-19",
                "text": "Reported to House from the Committee on Appropriations, H. Rept. 96-303 (Part II)."
            },
            "number": "4195",
            "policyArea": {
                "name": "Agriculture and Food"
            },
            "title": "A bill to amend section 103(f) of the Agricultural Act of 1949; and for other purposes.",
            "type": "HR",
            "url": "https://api.congress.gov/v3/bill/96/hr/4195?format=json"
        },
        {
            "congress": 96,
            "introducedDate": "1979-05-04",
            "latestAction": {
                "actionDate": "1979-05-04",
                "text": "Referred to House Committee on Agriculture."
            },
            "number": "3936",
            "policyArea": {
                "name": "Agriculture and Food"
            },
            "title": "A bill to amend section 103 (f)(5)(A) of the Agricultural Act of 1949 in order to reduce the cost to the government of upland cotton disaster payments and to provide growers with additional opportunities for market income by modifying certain disaster payment provisions.",
            "type": "HR",
            "url": "https://api.congress.gov/v3/bill/96/hr/3936?format=json"
        },
        {
            "congress": 96,
            "introducedDate": "1979-04-09",
            "latestAction": {
                "actionDate": "1979-04-09",
                "text": "Referred to House Committee on Agriculture."
            },
            "number": "3514",
            "policyArea": {
                "name": "Agriculture and Food"
            },
            "title": "A bill to amend section 103(f) of the Agricultural Act of 1949 in order to establish a minimum loan rate for the 1980 and 1981 crops of upland cotton, a diversion program for the 1979 crop of upland cotton, and a waiver of certain cross-compliance requirements for disaster payments for the 1978 crop of upland cotton.",
            "type": "HR",
            "url": "https://api.congress.gov/v3/bill/96/hr/3514?format=json"
        },
        {
            "congress": 96,
            "introducedDate": "1979-03-28",
            "latestAction": {
                "actionDate": "1979-03-28",
                "text": "Referred to House Committee on Interior and Insular Affairs."
            },
            "number": "3285",
            "policyArea": {
                "name": "Transportation and Public Works"
            },
            "title": "A bill to provide for the completion of the Natchez Trace Parkway from Natchez, Mississippi, to Nashville, Tennessee.",
            "type": "HR",
            "url": "https://api.congress.gov/v3/bill/96/hr/3285?format=json"
        },
        {
            "congress": 96,
            "introducedDate": "1979-02-08",
            "latestAction": {
                "actionDate": "1979-02-08",
                "text": "Referred to House Committee on the Judiciary."
            },
            "number": "2086",
            "policyArea": {
                "name": "Private Legislation"
            },
            "title": "A bill for the relief of Kwan Do Sun.",
            "type": "HR",
            "url": "https://api.congress.gov/v3/bill/96/hr/2086?format=json"
        },
        {
            "congress": 96,
            "introducedDate": "1980-10-01",
            "latestAction": {
                "actionDate": "1980-10-01",
                "text": "Referred to House Committee on Post Office and Civil Service."
            },
            "number": "620",
            "policyArea": {
                "name": "Arts, Culture, Religion"
            },
            "title": "A joint resolution designating November 23, 1980, as National Day of Prayer and Fasting.",
            "type": "HJRES",
            "url": "https://api.congress.gov/v3/bill/96/hjres/620?format=json"
        },
        {
            "congress": 96,
            "introducedDate": "1979-11-28",
            "latestAction": {
                "actionDate": "1979-11-28",
                "text": "Referred to House Committee on Post Office and Civil Service."
            },
            "number": "450",
            "policyArea": {
                "name": "Civil Rights and Liberties, Minority Issues"
            },
            "title": "A joint resolution designating January 15 of each year as \"Martin Luther King, Junior, Day\".",
            "type": "HJRES",
            "url": "https://api.congress.gov/v3/bill/96/hjres/450?format=json"
        },
        {
            "congress": 96,
            "introducedDate": "1979-02-26",
            "latestAction": {
                "actionDate": "1979-02-26",
                "text": "Referred to House Committee on Foreign Affairs."
            },
            "number": "224",
            "policyArea": {
                "name": "International Affairs"
            },
            "title": "A joint resolution regarding the peace, prosperity, and welfare of the people on Taiwan, and the Pescadores, and for other purposes.",
            "type": "HJRES",
            "url": "https://api.congress.gov/v3/bill/96/hjres/224?format=json"
        },
        {
            "congress": 93,
            "introducedDate": "1974-10-15",
            "latestAction": {
                "actionDate": "1974-10-15",
                "text": "Referred to House Committee on Interstate and Foreign Commerce."
            },
            "number": "17362",
            "policyArea": {
                "name": "Transportation and Public Works"
            },
            "title": "Surface Transportation Act",
            "type": "HR",
            "url": "https://api.congress.gov/v3/bill/93/hr/17362?format=json"
        },
        {
            "congress": 93,
            "introducedDate": "1974-06-28",
            "latestAction": {
                "actionDate": "1974-06-28",
                "text": "Referred to House Committee on Agriculture."
            },
            "number": "15714",
            "policyArea": {
                "name": null
            },
            "title": "A bill to amend the Consolidated Farm and Rural Development Act to provide for emergency loans to certain producers and processors whose livestock and poultry have been condemned because of chemical contamination.",
            "type": "HR",
            "url": "https://api.congress.gov/v3/bill/93/hr/15714?format=json"
        },
        {
            "congress": 93,
            "introducedDate": "1974-06-25",
            "latestAction": {
                "actionDate": "1974-06-25",
                "text": "Referred to House Committee on Armed Services."
            },
            "number": "15606",
            "policyArea": {
                "name": "Armed Forces and National Security"
            },
            "title": "A bill to authorize recomputation at age 60 of the retired pay of members and former members of the uniformed services whose retired pay is computed on the basis of pay scales in effect prior to January 1, 1972, and for other purposes.",
            "type": "HR",
            "url": "https://api.congress.gov/v3/bill/93/hr/15606?format=json"
        },
        {
            "congress": 93,
            "introducedDate": "1974-05-22",
            "latestAction": {
                "actionDate": "1974-05-22",
                "text": "Referred to House Committee on Education and Labor."
            },
            "number": "14942",
            "policyArea": {
                "name": "Labor and Employment"
            },
            "title": "A bill to amend the Fair Labor Standards Act of 1938 to provide an exemption from minimum wage and overtime coverage for babysitters.",
            "type": "HR",
            "url": "https://api.congress.gov/v3/bill/93/hr/14942?format=json"
        },
        {
            "congress": 93,
            "introducedDate": "1974-05-13",
            "latestAction": {
                "actionDate": "1974-05-13",
                "text": "Referred to House Committee on Ways and Means."
            },
            "number": "14737",
            "policyArea": {
                "name": "Taxation"
            },
            "title": "A bill to amend the Internal Revenue Code of 1954 to allow an individual a credit for certain household and dependent care expenses necessary for gainful employment.",
            "type": "HR",
            "url": "https://api.congress.gov/v3/bill/93/hr/14737?format=json"
        },
        {
            "congress": 93,
            "introducedDate": "1974-05-06",
            "latestAction": {
                "actionDate": "1974-05-06",
                "text": "Referred to House Committee on Public Works."
            },
            "number": "14584",
            "policyArea": {
                "name": "Transportation and Public Works"
            },
            "title": "Amendments Act to the Federal-Aid Highway Act",
            "type": "HR",
            "url": "https://api.congress.gov/v3/bill/93/hr/14584?format=json"
        },
        {
            "congress": 93,
            "introducedDate": "1974-05-07",
            "latestAction": {
                "actionDate": "1974-05-07",
                "text": "Referred to House Committee on Merchant Marine and Fisheries."
            },
            "number": "14612",
            "policyArea": {
                "name": "Animals"
            },
            "title": "A bill to amend the Migratory Bird Treaty Act to guarantee a trial by jury for any person charged with a violation of the provisions of that act.",
            "type": "HR",
            "url": "https://api.congress.gov/v3/bill/93/hr/14612?format=json"
        },
        {
            "congress": 93,
            "introducedDate": "1974-05-07",
            "latestAction": {
                "actionDate": "1974-05-07",
                "text": "Referred to House Committee on Foreign Affairs."
            },
            "number": "14611",
            "policyArea": {
                "name": "Foreign Trade and International Finance"
            },
            "title": "Foreign Investment Study Act",
            "type": "HR",
            "url": "https://api.congress.gov/v3/bill/93/hr/14611?format=json"
        },
        {
            "congress": 93,
            "introducedDate": "1974-04-02",
            "latestAction": {
                "actionDate": "1974-04-02",
                "text": "Referred to House Committee on Agriculture."
            },
            "number": "13906",
            "policyArea": {
                "name": "Agriculture and Food"
            },
            "title": "A bill to provide indemnity payments to poultry and egg producers.",
            "type": "HR",
            "url": "https://api.congress.gov/v3/bill/93/hr/13906?format=json"
        },
        {
            "congress": 93,
            "introducedDate": "1974-03-26",
            "latestAction": {
                "actionDate": "1974-03-26",
                "text": "Referred to House Committee on Agriculture."
            },
            "number": "13747",
            "policyArea": {
                "name": "Agriculture and Food"
            },
            "title": "A bill to provide indemnity payments to poultry and egg producers and processors.",
            "type": "HR",
            "url": "https://api.congress.gov/v3/bill/93/hr/13747?format=json"
        },
        {
            "congress": 93,
            "introducedDate": "1974-03-12",
            "latestAction": {
                "actionDate": "1974-03-12",
                "text": "Referred to House Committee on Ways and Means."
            },
            "number": "13382",
            "policyArea": {
                "name": "Commerce"
            },
            "title": "Small Business Tax Simplification and Reform Act",
            "type": "HR",
            "url": "https://api.congress.gov/v3/bill/93/hr/13382?format=json"
        },
        {
            "congress": 93,
            "introducedDate": "1974-02-14",
            "latestAction": {
                "actionDate": "1974-02-14",
                "text": "Referred to House Committee on Public Works."
            },
            "number": "12828",
            "policyArea": {
                "name": "Public works"
            },
            "title": "A bill to amend the Public Works and Economic Development Act of 1965 to extend the authorizations for an additional 1-year period.",
            "type": "HR",
            "url": "https://api.congress.gov/v3/bill/93/hr/12828?format=json"
        },
        {
            "congress": 93,
            "introducedDate": "1973-11-28",
            "latestAction": {
                "actionDate": "1973-11-28",
                "text": "Referred to House Committee on Interstate and Foreign Commerce."
            },
            "number": "11611",
            "policyArea": {
                "name": "Energy"
            },
            "title": "A bill to amend the Emergency Petroleum Allocation Act of 1973 to give priority to users of petroleum engaged in transportation of fuels on inland waterways.",
            "type": "HR",
            "url": "https://api.congress.gov/v3/bill/93/hr/11611?format=json"
        },
        {
            "congress": 93,
            "introducedDate": "1973-10-04",
            "latestAction": {
                "actionDate": "1973-10-04",
                "text": "Referred to House Committee on Interstate and Foreign Commerce."
            },
            "number": "10745",
            "policyArea": {
                "name": "Health"
            },
            "title": "Emergency Medical Services Systems Act",
            "type": "HR",
            "url": "https://api.congress.gov/v3/bill/93/hr/10745?format=json"
        },
        {
            "congress": 93,
            "introducedDate": "1973-09-13",
            "latestAction": {
                "actionDate": "1973-09-13",
                "text": "Referred to House Committee on Armed Services."
            },
            "number": "10282",
            "policyArea": {
                "name": "Armed Forces and National Security"
            },
            "title": "Uniformed Services Retired and Retainer Pay Equalization Act",
            "type": "HR",
            "url": "https://api.congress.gov/v3/bill/93/hr/10282?format=json"
        },
        {
            "congress": 93,
            "introducedDate": "1973-09-11",
            "latestAction": {
                "actionDate": "1973-09-11",
                "text": "Referred to House Committee on Interstate and Foreign Commerce."
            },
            "number": "10153",
            "policyArea": {
                "name": "Sports and Recreation"
            },
            "title": "A bill to amend the Communications Act of 1934 for 1 year with regard to the broadcasting of certain professional home games.",
            "type": "HR",
            "url": "https://api.congress.gov/v3/bill/93/hr/10153?format=json"
        },
        {
            "congress": 93,
            "introducedDate": "1973-09-11",
            "latestAction": {
                "actionDate": "1973-09-11",
                "text": "Referred to House Committee on House Administration."
            },
            "number": "10152",
            "policyArea": {
                "name": "Arts, Culture, Religion"
            },
            "title": "American Folklife Preservation Act",
            "type": "HR",
            "url": "https://api.congress.gov/v3/bill/93/hr/10152?format=json"
        },
        {
            "congress": 93,
            "introducedDate": "1973-09-06",
            "latestAction": {
                "actionDate": "1973-09-06",
                "text": "Referred to House Committee on Merchant Marine and Fisheries."
            },
            "number": "10082",
            "policyArea": {
                "name": "Transportation and Public Works"
            },
            "title": "A bill to amend the Merchant Marine Act of 1936, as amended.",
            "type": "HR",
            "url": "https://api.congress.gov/v3/bill/93/hr/10082?format=json"
        },
        {
            "congress": 93,
            "introducedDate": "1973-07-26",
            "latestAction": {
                "actionDate": "1973-07-26",
                "text": "Referred to House Committee on Agriculture."
            },
            "number": "9631",
            "policyArea": {
                "name": null
            },
            "title": "A bill to amend Public Law 92-181 (85 Stat. 383) relating to credit eligibility for public utility cooperatives serving producers of food, fiber, and other agricultural products.",
            "type": "HR",
            "url": "https://api.congress.gov/v3/bill/93/hr/9631?format=json"
        },
        {
            "congress": 93,
            "introducedDate": "1973-06-08",
            "latestAction": {
                "actionDate": "1973-06-08",
                "text": "Referred to House Committee on the Judiciary."
            },
            "number": "8562",
            "policyArea": {
                "name": "Private Legislation"
            },
            "title": "A bill for the relief of Mrs. Bronson Clayton.",
            "type": "HR",
            "url": "https://api.congress.gov/v3/bill/93/hr/8562?format=json"
        },
        {
            "congress": 93,
            "introducedDate": "1973-04-12",
            "latestAction": {
                "actionDate": "1973-04-27",
                "text": "Public law 93-27."
            },
            "number": "6883",
            "policyArea": {
                "name": null
            },
            "title": "An Act to amend the Agricultural Adjustment Act of 1938 with respect to rice.",
            "type": "HR",
            "url": "https://api.congress.gov/v3/bill/93/hr/6883?format=json"
        },
        {
            "congress": 93,
            "introducedDate": "1973-03-26",
            "latestAction": {
                "actionDate": "1973-03-26",
                "text": "Referred to House Committee on Veterans' Affairs."
            },
            "number": "6096",
            "policyArea": {
                "name": "Armed Forces and National Security"
            },
            "title": "Veterans Health Care Expansion Act",
            "type": "HR",
            "url": "https://api.congress.gov/v3/bill/93/hr/6096?format=json"
        },
        {
            "congress": 93,
            "introducedDate": "1973-02-19",
            "latestAction": {
                "actionDate": "1973-02-19",
                "text": "Referred to House Committee on Agriculture."
            },
            "number": "4324",
            "policyArea": {
                "name": "Economics and Public Finance"
            },
            "title": "A bill to restore the rural water and sewer grant program under the Consolidated Farm and Rural Development Act.",
            "type": "HR",
            "url": "https://api.congress.gov/v3/bill/93/hr/4324?format=json"
        },
        {
            "congress": 93,
            "introducedDate": "1973-01-31",
            "latestAction": {
                "actionDate": "1973-01-31",
                "text": "Referred to House Committee on Agriculture."
            },
            "number": "3351",
            "policyArea": {
                "name": "Agriculture and Food"
            },
            "title": "A bill to provide price support for milk at not less than 85 percent of the parity price.",
            "type": "HR",
            "url": "https://api.congress.gov/v3/bill/93/hr/3351?format=json"
        },
        {
            "congress": 93,
            "introducedDate": "1973-01-18",
            "latestAction": {
                "actionDate": "1973-01-18",
                "text": "Referred to House Committee on Agriculture."
            },
            "number": "2248",
            "policyArea": {
                "name": "Rural affairs legislation"
            },
            "title": "A bill to require the Secretary of Agriculture to carry out a rural environmental assistance program.",
            "type": "HR",
            "url": "https://api.congress.gov/v3/bill/93/hr/2248?format=json"
        },
        {
            "congress": 93,
            "introducedDate": "1974-03-18",
            "latestAction": {
                "actionDate": "1974-03-18",
                "text": "Referred to House Committee on Judiciary."
            },
            "number": "940",
            "policyArea": {
                "name": "Government Operations and Politics"
            },
            "title": "Joint resolution to amend title 5 of the United States Code to provide for designation of the 11th day of November of each year as Veterans Day.",
            "type": "HJRES",
            "url": "https://api.congress.gov/v3/bill/93/hjres/940?format=json"
        },
        {
            "congress": 93,
            "introducedDate": "1974-05-07",
            "latestAction": {
                "actionDate": "1974-05-07",
                "text": "Referred to House Committee on Foreign Affairs."
            },
            "number": "1090",
            "policyArea": {
                "name": "International Affairs"
            },
            "title": "Resolution in support of continued undiluted U.S. sovereignty and jurisdiction over the U.S.-owned Canal Zone on the Isthmus of Panama.",
            "type": "HRES",
            "url": "https://api.congress.gov/v3/bill/93/hres/1090?format=json"
        },
        {
            "congress": 93,
            "introducedDate": "1973-06-30",
            "latestAction": {
                "actionDate": "1973-06-30",
                "text": "Referred to House Committee on Rules."
            },
            "number": "481",
            "policyArea": {
                "name": "Congress"
            },
            "title": "Resolution creating a select committee of the House to conduct a full and complete investigation of all aspects of the energy resources of the United States.",
            "type": "HRES",
            "url": "https://api.congress.gov/v3/bill/93/hres/481?format=json"
        },
        {
            "congress": 93,
            "introducedDate": "1973-11-28",
            "latestAction": {
                "actionDate": "1973-11-28",
                "text": "Referred to House Committee on the Judiciary."
            },
            "number": "385",
            "policyArea": {
                "name": "Crime and Law Enforcement"
            },
            "title": "Concurrent resolution expressing the sense of Congress that no pardon, reprieve, or amnesty be given to deserters or draft evaders.",
            "type": "HCONRES",
            "url": "https://api.congress.gov/v3/bill/93/hconres/385?format=json"
        },
        {
            "congress": 94,
            "introducedDate": "1976-08-09",
            "latestAction": {
                "actionDate": "1976-08-09",
                "text": "Referred to House Committee on Public Works and Transportation."
            },
            "number": "15109",
            "policyArea": {
                "name": "Rivers"
            },
            "title": "A bill to modify the river navigation project for Yazoo River, Miss.",
            "type": "HR",
            "url": "https://api.congress.gov/v3/bill/94/hr/15109?format=json"
        },
        {
            "congress": 94,
            "introducedDate": "1976-07-22",
            "latestAction": {
                "actionDate": "1976-07-22",
                "text": "Referred to House Committee on Government Operations."
            },
            "number": "14808",
            "policyArea": {
                "name": "Executive reorganization"
            },
            "title": "National Environmental Reorganization Act",
            "type": "HR",
            "url": "https://api.congress.gov/v3/bill/94/hr/14808?format=json"
        },
        {
            "congress": 94,
            "introducedDate": "1976-06-08",
            "latestAction": {
                "actionDate": "1976-06-08",
                "text": "Referred to House Committee on Interstate and Foreign Commerce."
            },
            "number": "14240",
            "policyArea": {
                "name": "Government Operations and Politics"
            },
            "title": "Consumer Communications Reform Act",
            "type": "HR",
            "url": "https://api.congress.gov/v3/bill/94/hr/14240?format=json"
        },
        {
            "congress": 94,
            "introducedDate": "1976-05-19",
            "latestAction": {
                "actionDate": "1976-05-19",
                "text": "Referred to House Committee on Post Office and Civil Service."
            },
            "number": "13884",
            "policyArea": {
                "name": "Postal service"
            },
            "title": "A bill to amend title 39 of the United States Code to require the U.S. Postal Service to hold a hearing and to take into consideration certain matters prior to the consolidation or closing of any post office.",
            "type": "HR",
            "url": "https://api.congress.gov/v3/bill/94/hr/13884?format=json"
        },
        {
            "congress": 94,
            "introducedDate": "1976-03-11",
            "latestAction": {
                "actionDate": "1976-03-11",
                "text": "Referred to House Committee on Ways and Means."
            },
            "number": "12411",
            "policyArea": {
                "name": "Taxation"
            },
            "title": "Family Farm Inheritance Act",
            "type": "HR",
            "url": "https://api.congress.gov/v3/bill/94/hr/12411?format=json"
        },
        {
            "congress": 94,
            "introducedDate": "1976-01-29",
            "latestAction": {
                "actionDate": "1976-01-29",
                "text": "Referred to House Committee on Ways and Means."
            },
            "number": "11590",
            "policyArea": {
                "name": "Taxation"
            },
            "title": "A bill to amend the Internal Revenue Code of 1954 to increase the exemption for purposes of the Federal estate tax from $60,000 to $200,000.",
            "type": "HR",
            "url": "https://api.congress.gov/v3/bill/94/hr/11590?format=json"
        },
        {
            "congress": 94,
            "introducedDate": "1975-12-19",
            "latestAction": {
                "actionDate": "1975-12-19",
                "text": "Referred to House Committee on International Relations."
            },
            "number": "11285",
            "policyArea": {
                "name": "Commodity control"
            },
            "title": "A bill to facilitate the sale of U.S. agricultural commodities to be stored in the United States not subject to export control and restricted from resale into the U.S. markets.",
            "type": "HR",
            "url": "https://api.congress.gov/v3/bill/94/hr/11285?format=json"
        },
        {
            "congress": 94,
            "introducedDate": "1975-12-02",
            "latestAction": {
                "actionDate": "1976-07-14",
                "text": "Public law 94-366."
            },
            "number": "10930",
            "policyArea": {
                "name": "Agriculture and Food"
            },
            "title": "An Act to repeal section 610 of the Agricultural Act of 1970 pertaining to the use of Commodity Credit Corporation funds for research and promotion and to amend section 7(e) of the Cotton Research and Promotion Act to provide for an additional assessment and for reimbursement of certain expenses incurred by the Secretary of Agriculture.",
            "type": "HR",
            "url": "https://api.congress.gov/v3/bill/94/hr/10930?format=json"
        },
        {
            "congress": 94,
            "introducedDate": "1975-12-01",
            "latestAction": {
                "actionDate": "1975-12-01",
                "text": "Referred to House Committee on Agriculture."
            },
            "number": "10890",
            "policyArea": {
                "name": "Agriculture and Food"
            },
            "title": "Rice Production Act",
            "type": "HR",
            "url": "https://api.congress.gov/v3/bill/94/hr/10890?format=json"
        },
        {
            "congress": 94,
            "introducedDate": "1975-11-14",
            "latestAction": {
                "actionDate": "1975-11-14",
                "text": "Referred to House Committee on Agriculture."
            },
            "number": "10759",
            "policyArea": {
                "name": "Agriculture and Food"
            },
            "title": "Rice Production Act",
            "type": "HR",
            "url": "https://api.congress.gov/v3/bill/94/hr/10759?format=json"
        },
        {
            "congress": 94,
            "introducedDate": "1975-11-19",
            "latestAction": {
                "actionDate": "1975-11-19",
                "text": "Referred to House Committee on Agriculture."
            },
            "number": "10818",
            "policyArea": {
                "name": "Agriculture and Food"
            },
            "title": "Rice Production Act",
            "type": "HR",
            "url": "https://api.congress.gov/v3/bill/94/hr/10818?format=json"
        },
        {
            "congress": 94,
            "introducedDate": "1975-11-11",
            "latestAction": {
                "actionDate": "1975-11-11",
                "text": "Referred to House Committee on Public Works and Transportation."
            },
            "number": "10670",
            "policyArea": {
                "name": "Water Resources Development"
            },
            "title": "A bill to amend X section 216 of the Flood Control Act of 1950.",
            "type": "HR",
            "url": "https://api.congress.gov/v3/bill/94/hr/10670?format=json"
        },
        {
            "congress": 94,
            "introducedDate": "1975-09-30",
            "latestAction": {
                "actionDate": "1975-09-30",
                "text": "Referred to House Committee on Ways and Means."
            },
            "number": "9910",
            "policyArea": {
                "name": "Taxation"
            },
            "title": "Family Farm Inheritance Act",
            "type": "HR",
            "url": "https://api.congress.gov/v3/bill/94/hr/9910?format=json"
        },
        {
            "congress": 94,
            "introducedDate": "1975-07-30",
            "latestAction": {
                "actionDate": "1975-07-30",
                "text": "Referred to House Committee on Agriculture."
            },
            "number": "9034",
            "policyArea": {
                "name": "Marketing"
            },
            "title": "Livestock Marketing Reform Act",
            "type": "HR",
            "url": "https://api.congress.gov/v3/bill/94/hr/9034?format=json"
        },
        {
            "congress": 94,
            "introducedDate": "1975-07-08",
            "latestAction": {
                "actionDate": "1975-07-08",
                "text": "Referred to House Committee on Ways and Means."
            },
            "number": "8371",
            "policyArea": {
                "name": "Taxation"
            },
            "title": "A bill to amend the Internal Revenue Code of 1954 to avoid duplication of tax imposed under the Federal Insurance Contributions Act and the Federal Unemployment Tax Act in the case of employers of the same employee.",
            "type": "HR",
            "url": "https://api.congress.gov/v3/bill/94/hr/8371?format=json"
        },
        {
            "congress": 94,
            "introducedDate": "1975-06-24",
            "latestAction": {
                "actionDate": "1975-06-24",
                "text": "Referred to House Committee on Agriculture."
            },
            "number": "8165",
            "policyArea": {
                "name": "Foreign Trade and International Finance"
            },
            "title": "A bill to amend the act of August 31, 1922, to prevent the introduction and spread of parasites harmful to honeybees.",
            "type": "HR",
            "url": "https://api.congress.gov/v3/bill/94/hr/8165?format=json"
        },
        {
            "congress": 94,
            "introducedDate": "1975-06-18",
            "latestAction": {
                "actionDate": "1975-06-18",
                "text": "Referred to House Committee on Interstate and Foreign Commerce."
            },
            "number": "8000",
            "policyArea": {
                "name": "Licenses"
            },
            "title": "Broadcast License Renewal Act",
            "type": "HR",
            "url": "https://api.congress.gov/v3/bill/94/hr/8000?format=json"
        },
        {
            "congress": 94,
            "introducedDate": "1975-06-23",
            "latestAction": {
                "actionDate": "1975-06-23",
                "text": "Referred to House Committee on Agriculture."
            },
            "number": "8137",
            "policyArea": {
                "name": "Agriculture and Food"
            },
            "title": "Rice Production Act",
            "type": "HR",
            "url": "https://api.congress.gov/v3/bill/94/hr/8137?format=json"
        },
        {
            "congress": 94,
            "introducedDate": "1975-06-20",
            "latestAction": {
                "actionDate": "1975-06-20",
                "text": "Referred to House Committee on Ways and Means."
            },
            "number": "8098",
            "policyArea": {
                "name": "Taxation"
            },
            "title": "A bill to amend the Internal Revenue Code of 1954 to exempt certain agricultural aircraft from the aircraft use tax, to provide for the refund of the gasoline tax to the agricultural aircraft operator with the consent of the farmer.",
            "type": "HR",
            "url": "https://api.congress.gov/v3/bill/94/hr/8098?format=json"
        },
        {
            "congress": 94,
            "introducedDate": "1975-05-22",
            "latestAction": {
                "actionDate": "1975-05-22",
                "text": "Referred to House Committee on Ways and Means."
            },
            "number": "7410",
            "policyArea": {
                "name": "Taxation"
            },
            "title": "Family Farm Insurance Tax",
            "type": "HR",
            "url": "https://api.congress.gov/v3/bill/94/hr/7410?format=json"
        },
        {
            "congress": 94,
            "introducedDate": "1975-05-15",
            "latestAction": {
                "actionDate": "1975-05-15",
                "text": "Referred to House Committee on Ways and Means."
            },
            "number": "7021",
            "policyArea": {
                "name": "Taxation"
            },
            "title": "A bill to amend the Internal Revenue Code of 1954 to increase from $1 million to $10 million the exemption from industrial and development bond treatment for certain small issues.",
            "type": "HR",
            "url": "https://api.congress.gov/v3/bill/94/hr/7021?format=json"
        },
        {
            "congress": 94,
            "introducedDate": "1975-05-07",
            "latestAction": {
                "actionDate": "1975-05-07",
                "text": "Referred to House Committee on Ways and Means."
            },
            "number": "6758",
            "policyArea": {
                "name": "Taxation"
            },
            "title": "Family Farm Inheritance Act",
            "type": "HR",
            "url": "https://api.congress.gov/v3/bill/94/hr/6758?format=json"
        },
        {
            "congress": 94,
            "introducedDate": "1975-04-23",
            "latestAction": {
                "actionDate": "1975-04-23",
                "text": "Referred to House Committee on Ways and Means."
            },
            "number": "6306",
            "policyArea": {
                "name": "Taxation"
            },
            "title": "Family Farm Inheritance Act",
            "type": "HR",
            "url": "https://api.congress.gov/v3/bill/94/hr/6306?format=json"
        },
        {
            "congress": 94,
            "introducedDate": "1975-04-23",
            "latestAction": {
                "actionDate": "1975-04-23",
                "text": "Referred to House Committee on Agriculture."
            },
            "number": "6326",
            "policyArea": {
                "name": "Agriculture and Food"
            },
            "title": "Rice Production Act",
            "type": "HR",
            "url": "https://api.congress.gov/v3/bill/94/hr/6326?format=json"
        },
        {
            "congress": 94,
            "introducedDate": "1975-04-22",
            "latestAction": {
                "actionDate": "1975-04-22",
                "text": "Referred to House Committee on Ways and Means."
            },
            "number": "6223",
            "policyArea": {
                "name": "Transportation and Public Works"
            },
            "title": "A bill to amend the Internal Revenue Code of 1954 to exempt certain agricultural aircraft from the aircraft use tax, to provide for the refund of the gasoline tax to the agricultural aircraft operator with the consent of the farmer.",
            "type": "HR",
            "url": "https://api.congress.gov/v3/bill/94/hr/6223?format=json"
        },
        {
            "congress": 94,
            "introducedDate": "1975-04-17",
            "latestAction": {
                "actionDate": "1975-04-17",
                "text": "Referred to House Committee on Agriculture."
            },
            "number": "6101",
            "policyArea": {
                "name": "Agriculture and Food"
            },
            "title": "a bill to amend the Consolidated Farm and Rural Development Act.",
            "type": "HR",
            "url": "https://api.congress.gov/v3/bill/94/hr/6101?format=json"
        },
        {
            "congress": 94,
            "introducedDate": "1975-04-10",
            "latestAction": {
                "actionDate": "1975-04-10",
                "text": "Referred to House Committee on Agriculture."
            },
            "number": "5836",
            "policyArea": {
                "name": "Rural affairs legislation"
            },
            "title": "A bill to amend the Consolidated Farm and Rural Development Act.",
            "type": "HR",
            "url": "https://api.congress.gov/v3/bill/94/hr/5836?format=json"
        },
        {
            "congress": 94,
            "introducedDate": "1975-04-10",
            "latestAction": {
                "actionDate": "1975-04-10",
                "text": "Referred to House Committee on Interstate and Foreign Commerce."
            },
            "number": "5835",
            "policyArea": {
                "name": "Commerce"
            },
            "title": "A bill to amend the Federal Trade Commission Act (15 U.S.C. 45) to provide that under certain circumstances exclusive territorial arrangements shall not be deemed unlawful.",
            "type": "HR",
            "url": "https://api.congress.gov/v3/bill/94/hr/5835?format=json"
        },
        {
            "congress": 94,
            "introducedDate": "1975-04-10",
            "latestAction": {
                "actionDate": "1975-04-10",
                "text": "Referred to House Committee on International Relations."
            },
            "number": "5834",
            "policyArea": {
                "name": "Foreign Trade and International Finance"
            },
            "title": "A bill to assure foreign countries that reserve stocks of agricultural commodities stored in the United States under certain conditions shall not be subject to export controls.",
            "type": "HR",
            "url": "https://api.congress.gov/v3/bill/94/hr/5834?format=json"
        },
        {
            "congress": 94,
            "introducedDate": "1975-04-10",
            "latestAction": {
                "actionDate": "1975-04-10",
                "text": "Referred to House Committee on Ways and Means."
            },
            "number": "5837",
            "policyArea": {
                "name": "Taxation"
            },
            "title": "Family Farm Inheritance Act",
            "type": "HR",
            "url": "https://api.congress.gov/v3/bill/94/hr/5837?format=json"
        },
        {
            "congress": 94,
            "introducedDate": "1975-03-26",
            "latestAction": {
                "actionDate": "1975-03-26",
                "text": "Referred to House Committee on Agriculture."
            },
            "number": "5506",
            "policyArea": {
                "name": "Agriculture and Food"
            },
            "title": "A bill to amend the Consolidated Farm and Rural Development Act.",
            "type": "HR",
            "url": "https://api.congress.gov/v3/bill/94/hr/5506?format=json"
        },
        {
            "congress": 94,
            "introducedDate": "1975-03-25",
            "latestAction": {
                "actionDate": "1975-03-25",
                "text": "Referred to House Committee on Ways and Means."
            },
            "number": "5427",
            "policyArea": {
                "name": "Taxation"
            },
            "title": "A bill to amend the Internal Revenue Code of 1954 to increase the estate tax exemption from $60,000 to $100,000.",
            "type": "HR",
            "url": "https://api.congress.gov/v3/bill/94/hr/5427?format=json"
        },
        {
            "congress": 94,
            "introducedDate": "1975-03-13",
            "latestAction": {
                "actionDate": "1975-03-13",
                "text": "Referred to House Committee on Veterans' Affairs."
            },
            "number": "4832",
            "policyArea": {
                "name": "Social Welfare"
            },
            "title": "A bill to insure that recipients of veterans' pension and compensation will not have the amount of such pension or compensation reduced, or entitlement thereto discontinued, because of increases in monthly social security benefits.",
            "type": "HR",
            "url": "https://api.congress.gov/v3/bill/94/hr/4832?format=json"
        },
        {
            "congress": 94,
            "introducedDate": "1975-03-13",
            "latestAction": {
                "actionDate": "1975-03-13",
                "text": "Referred to House Committee on Ways and Means."
            },
            "number": "4833",
            "policyArea": {
                "name": "Taxation"
            },
            "title": "Family Farm Inheritance Act",
            "type": "HR",
            "url": "https://api.congress.gov/v3/bill/94/hr/4833?format=json"
        },
        {
            "congress": 94,
            "introducedDate": "1975-03-11",
            "latestAction": {
                "actionDate": "1975-03-11",
                "text": "Referred to House Committee on Agriculture."
            },
            "number": "4596",
            "policyArea": {
                "name": "Rural affairs legislation"
            },
            "title": "A bill to amend the Consolidated Farm and Rural Development Act.",
            "type": "HR",
            "url": "https://api.congress.gov/v3/bill/94/hr/4596?format=json"
        },
        {
            "congress": 94,
            "introducedDate": "1975-03-06",
            "latestAction": {
                "actionDate": "1975-03-06",
                "text": "Referred to House Committee on Ways and Means."
            },
            "number": "4368",
            "policyArea": {
                "name": "Taxation"
            },
            "title": "Family Farm Inheritance Act",
            "type": "HR",
            "url": "https://api.congress.gov/v3/bill/94/hr/4368?format=json"
        },
        {
            "congress": 94,
            "introducedDate": "1975-02-27",
            "latestAction": {
                "actionDate": "1975-02-27",
                "text": "Referred to House Committee on Agriculture."
            },
            "number": "3921",
            "policyArea": {
                "name": "Agriculture and Food"
            },
            "title": "Young Farmers Investment Act",
            "type": "HR",
            "url": "https://api.congress.gov/v3/bill/94/hr/3921?format=json"
        },
        {
            "congress": 94,
            "introducedDate": "1975-02-27",
            "latestAction": {
                "actionDate": "1975-02-27",
                "text": "Referred to House Committee on Ways and Means."
            },
            "number": "3829",
            "policyArea": {
                "name": "Taxation"
            },
            "title": "A bill to amend section 103 (c) of the Internal Revenue Code of 1954 to increase the exemption from the industrial development bond provisions for certain small issues.",
            "type": "HR",
            "url": "https://api.congress.gov/v3/bill/94/hr/3829?format=json"
        },
        {
            "congress": 94,
            "introducedDate": "1975-02-25",
            "latestAction": {
                "actionDate": "1975-02-25",
                "text": "Referred to House Committee on Ways and Means."
            },
            "number": "3623",
            "policyArea": {
                "name": "Taxation"
            },
            "title": "A bill to amend the Internal Revenue Code of 1954 to allow a deduction from gross income for social security agency, legal, and related expenses incurred in connection with the adoption of a child by the taxpayer.",
            "type": "HR",
            "url": "https://api.congress.gov/v3/bill/94/hr/3623?format=json"
        },
        {
            "congress": 94,
            "introducedDate": "1975-02-19",
            "latestAction": {
                "actionDate": "1975-02-19",
                "text": "Referred to House Committee on Ways and Means."
            },
            "number": "3292",
            "policyArea": {
                "name": "Taxation"
            },
            "title": "A bill to amend the Internal Revenue Code of 1954 to exclude from gross income the first $500 of interest or dividends on savings deposits or withdrawable accounts in savings and loans associations, banks, credit unions, and other thrift institutions.",
            "type": "HR",
            "url": "https://api.congress.gov/v3/bill/94/hr/3292?format=json"
        },
        {
            "congress": 94,
            "introducedDate": "1975-02-19",
            "latestAction": {
                "actionDate": "1975-02-19",
                "text": "Referred to House Committee on Ways and Means."
            },
            "number": "3293",
            "policyArea": {
                "name": "Taxation"
            },
            "title": "A bill to amend the Internal Revenue Code of 1954 to allow an individual a credit for certain household and dependent care expenses necessary for gainful employment.",
            "type": "HR",
            "url": "https://api.congress.gov/v3/bill/94/hr/3293?format=json"
        },
        {
            "congress": 94,
            "introducedDate": "1975-02-05",
            "latestAction": {
                "actionDate": "1975-02-05",
                "text": "Referred to House Committee on Agriculture."
            },
            "number": "2866",
            "policyArea": {
                "name": "Agriculture and Food"
            },
            "title": "A bill to amend the Consolidated Farm and Rural Development Act.",
            "type": "HR",
            "url": "https://api.congress.gov/v3/bill/94/hr/2866?format=json"
        },
        {
            "congress": 94,
            "introducedDate": "1975-02-03",
            "latestAction": {
                "actionDate": "1975-02-03",
                "text": "Referred to House Committee on Ways and Means."
            },
            "number": "2580",
            "policyArea": {
                "name": "Taxation"
            },
            "title": "Small Business Tax Simplification and Reform Act",
            "type": "HR",
            "url": "https://api.congress.gov/v3/bill/94/hr/2580?format=json"
        },
        {
            "congress": 94,
            "introducedDate": "1975-02-03",
            "latestAction": {
                "actionDate": "1975-02-03",
                "text": "Referred to House Committee on Post Office and Civil Service."
            },
            "number": "2579",
            "policyArea": {
                "name": "Executive reorganization"
            },
            "title": "A bill to abolish the U.S. Postal Service, to repeal the Postal Reorganization Act, to reenact the former provisions of title 39, United States Code, and for other purposes.",
            "type": "HR",
            "url": "https://api.congress.gov/v3/bill/94/hr/2579?format=json"
        },
        {
            "congress": 94,
            "introducedDate": "1975-01-30",
            "latestAction": {
                "actionDate": "1975-01-30",
                "text": "Referred to House Committee on Ways and Means."
            },
            "number": "2417",
            "policyArea": {
                "name": "Taxation"
            },
            "title": "Family Farm Inheritance Act",
            "type": "HR",
            "url": "https://api.congress.gov/v3/bill/94/hr/2417?format=json"
        },
        {
            "congress": 94,
            "introducedDate": "1976-07-21",
            "latestAction": {
                "actionDate": "1976-07-21",
                "text": "Referred to House Committee on the Judiciary."
            },
            "number": "1025",
            "policyArea": {
                "name": "Constitutional amendments"
            },
            "title": "A resolution proposing an amendment to the Constitution of the United States with respect to the offering of prayer in public buildings.",
            "type": "HJRES",
            "url": "https://api.congress.gov/v3/bill/94/hjres/1025?format=json"
        },
        {
            "congress": 94,
            "introducedDate": "1975-05-07",
            "latestAction": {
                "actionDate": "1975-05-07",
                "text": "Referred to House Committee on the Judiciary."
            },
            "number": "445",
            "policyArea": {
                "name": "Citizenship"
            },
            "title": "A joint resolution to restore posthumously full rights of citizenship to General R. E. Lee.",
            "type": "HJRES",
            "url": "https://api.congress.gov/v3/bill/94/hjres/445?format=json"
        },
        {
            "congress": 95,
            "introducedDate": "1978-08-09",
            "latestAction": {
                "actionDate": "1978-08-09",
                "text": "Referred to House Committee on Merchant Marine and Fisheries."
            },
            "number": "13811",
            "policyArea": {
                "name": "Environmental Protection"
            },
            "title": "Endangered Species Act Amendments",
            "type": "HR",
            "url": "https://api.congress.gov/v3/bill/95/hr/13811?format=json"
        },
        {
            "congress": 95,
            "introducedDate": "1978-08-01",
            "latestAction": {
                "actionDate": "1978-09-18",
                "text": "Measure laid on table in House, S. 3468 passed in lieu."
            },
            "number": "13675",
            "policyArea": {
                "name": "Cotton"
            },
            "title": "A bill to amend section 103(f)(1) of the Agricultural Act of 1949 by deleting the third sentence thereof in order to ensure that interest rates on price support loans for upland cotton are not less favorable to producers than the interest rates for such loans on other commodities.",
            "type": "HR",
            "url": "https://api.congress.gov/v3/bill/95/hr/13675?format=json"
        },
        {
            "congress": 95,
            "introducedDate": "1978-08-03",
            "latestAction": {
                "actionDate": "1978-08-03",
                "text": "Referred to House Committee on Merchant Marine and Fisheries."
            },
            "number": "13725",
            "policyArea": {
                "name": "Environmental Protection"
            },
            "title": "Endangered Species Act Amendments",
            "type": "HR",
            "url": "https://api.congress.gov/v3/bill/95/hr/13725?format=json"
        },
        {
            "congress": 95,
            "introducedDate": "1978-07-31",
            "latestAction": {
                "actionDate": "1978-07-31",
                "text": "Referred to House Committee on Merchant Marine and Fisheries."
            },
            "number": "13658",
            "policyArea": {
                "name": "Environmental Protection"
            },
            "title": "Endangered Species Act Amendments",
            "type": "HR",
            "url": "https://api.congress.gov/v3/bill/95/hr/13658?format=json"
        },
        {
            "congress": 95,
            "introducedDate": "1978-04-24",
            "latestAction": {
                "actionDate": "1978-04-24",
                "text": "Referred to House Committee on Agriculture."
            },
            "number": "12309",
            "policyArea": {
                "name": "Agriculture and Food"
            },
            "title": "A bill to amend the Packers and Stockyards Act of 1921.",
            "type": "HR",
            "url": "https://api.congress.gov/v3/bill/95/hr/12309?format=json"
        },
        {
            "congress": 95,
            "introducedDate": "1978-04-24",
            "latestAction": {
                "actionDate": "1978-04-24",
                "text": "Referred to House Committee on Agriculture."
            },
            "number": "12310",
            "policyArea": {
                "name": null
            },
            "title": "A bill to change target and loan prices on upland cotton.",
            "type": "HR",
            "url": "https://api.congress.gov/v3/bill/95/hr/12310?format=json"
        },
        {
            "congress": 95,
            "introducedDate": "1978-01-19",
            "latestAction": {
                "actionDate": "1978-01-19",
                "text": "Referred to House Committee on Agriculture."
            },
            "number": "10463",
            "policyArea": {
                "name": "Cotton"
            },
            "title": "A bill to amend the Cotton Statistics and Estimates Act of 1927.",
            "type": "HR",
            "url": "https://api.congress.gov/v3/bill/95/hr/10463?format=json"
        },
        {
            "congress": 95,
            "introducedDate": "1978-01-19",
            "latestAction": {
                "actionDate": "1978-01-19",
                "text": "Referred to House Committee on Agriculture."
            },
            "number": "10461",
            "policyArea": {
                "name": "Economics and Public Finance"
            },
            "title": "A bill to amend the Consolidated Farm and Rural Development Act.",
            "type": "HR",
            "url": "https://api.congress.gov/v3/bill/95/hr/10461?format=json"
        },
        {
            "congress": 95,
            "introducedDate": "1978-01-19",
            "latestAction": {
                "actionDate": "1978-01-19",
                "text": "Referred to House Committee on Agriculture."
            },
            "number": "10462",
            "policyArea": {
                "name": null
            },
            "title": "A bill to amend the Consolidated Farm and Rural Development Act.",
            "type": "HR",
            "url": "https://api.congress.gov/v3/bill/95/hr/10462?format=json"
        },
        {
            "congress": 95,
            "introducedDate": "1977-06-21",
            "latestAction": {
                "actionDate": "1977-06-21",
                "text": "Referred to House Committee on Agriculture."
            },
            "number": "7904",
            "policyArea": {
                "name": "Cotton"
            },
            "title": "A bill to update the upland cotton allotment system.",
            "type": "HR",
            "url": "https://api.congress.gov/v3/bill/95/hr/7904?format=json"
        },
        {
            "congress": 95,
            "introducedDate": "1977-06-17",
            "latestAction": {
                "actionDate": "1977-06-17",
                "text": "Referred to House Committee on Agriculture."
            },
            "number": "7855",
            "policyArea": {
                "name": "Cotton"
            },
            "title": "A bill to update the upland cotton allotment system.",
            "type": "HR",
            "url": "https://api.congress.gov/v3/bill/95/hr/7855?format=json"
        },
        {
            "congress": 95,
            "introducedDate": "1977-06-15",
            "latestAction": {
                "actionDate": "1977-06-15",
                "text": "Referred to House Committee on Ways and Means."
            },
            "number": "7799",
            "policyArea": {
                "name": "Taxation"
            },
            "title": "A bill to delay for 1 year the effective date of the changes made by the Tax Reform Act of 1976 in the minimum tax on individuals.",
            "type": "HR",
            "url": "https://api.congress.gov/v3/bill/95/hr/7799?format=json"
        },
        {
            "congress": 95,
            "introducedDate": "1977-06-10",
            "latestAction": {
                "actionDate": "1977-06-10",
                "text": "Referred to House Committee on Interstate and Foreign Commerce."
            },
            "number": "7715",
            "policyArea": {
                "name": "Transportation and Public Works"
            },
            "title": "State Rail Freight Assistance Act",
            "type": "HR",
            "url": "https://api.congress.gov/v3/bill/95/hr/7715?format=json"
        },
        {
            "congress": 95,
            "introducedDate": "1977-04-28",
            "latestAction": {
                "actionDate": "1977-04-28",
                "text": "Referred to House Committee on Agriculture."
            },
            "number": "6719",
            "policyArea": {
                "name": null
            },
            "title": "A bill to require the establishment of a price support program for soybeans.",
            "type": "HR",
            "url": "https://api.congress.gov/v3/bill/95/hr/6719?format=json"
        },
        {
            "congress": 95,
            "introducedDate": "1977-04-19",
            "latestAction": {
                "actionDate": "1977-04-19",
                "text": "Referred to House Committee on Agriculture."
            },
            "number": "6290",
            "policyArea": {
                "name": "Environmental Protection"
            },
            "title": "A bill to amend the Federal Insecticide, Fungicide, and Rodenticide Act of 1972.",
            "type": "HR",
            "url": "https://api.congress.gov/v3/bill/95/hr/6290?format=json"
        },
        {
            "congress": 95,
            "introducedDate": "1977-03-30",
            "latestAction": {
                "actionDate": "1977-03-30",
                "text": "Referred to House Committee on Agriculture."
            },
            "number": "5758",
            "policyArea": {
                "name": "Agriculture in foreign trade"
            },
            "title": "A bill to provide price and income protection for cotton farmers and assure consumers plentiful supplies of food and fiber at reasonable prices.",
            "type": "HR",
            "url": "https://api.congress.gov/v3/bill/95/hr/5758?format=json"
        },
        {
            "congress": 95,
            "introducedDate": "1977-03-29",
            "latestAction": {
                "actionDate": "1977-03-29",
                "text": "Referred to House Committee on Agriculture."
            },
            "number": "5719",
            "policyArea": {
                "name": "Agriculture in foreign trade"
            },
            "title": "A bill to provide price and income protection for cotton farmers and assure consumers plentiful supplies of food and fiber at reasonable prices.",
            "type": "HR",
            "url": "https://api.congress.gov/v3/bill/95/hr/5719?format=json"
        },
        {
            "congress": 95,
            "introducedDate": "1977-03-22",
            "latestAction": {
                "actionDate": "1977-03-22",
                "text": "Referred to House Committee on Agriculture."
            },
            "number": "5298",
            "policyArea": {
                "name": "Agriculture and Food"
            },
            "title": "A bill to extend the Rice Production Act of 1975 through the 1981 crops of rice.",
            "type": "HR",
            "url": "https://api.congress.gov/v3/bill/95/hr/5298?format=json"
        },
        {
            "congress": 95,
            "introducedDate": "1977-03-08",
            "latestAction": {
                "actionDate": "1977-03-08",
                "text": "Referred to House Committee on Post Office and Civil Service."
            },
            "number": "4613",
            "policyArea": {
                "name": "Government Operations and Politics"
            },
            "title": "A bill to abolish the U.S. Postal Service, to repeal the Postal Reorganization Act, to reenact the former provisions of title 39, United States Code.",
            "type": "HR",
            "url": "https://api.congress.gov/v3/bill/95/hr/4613?format=json"
        },
        {
            "congress": 95,
            "introducedDate": "1977-03-08",
            "latestAction": {
                "actionDate": "1977-03-08",
                "text": "Referred to House Committee on Ways and Means."
            },
            "number": "4614",
            "policyArea": {
                "name": "Social Welfare"
            },
            "title": "A bill to amend the Social Security Act to provide for inclusion of the services of licensed (registered) nurses under medicare and medicaid.",
            "type": "HR",
            "url": "https://api.congress.gov/v3/bill/95/hr/4614?format=json"
        },
        {
            "congress": 95,
            "introducedDate": "1977-02-23",
            "latestAction": {
                "actionDate": "1977-02-23",
                "text": "Referred to House Committee on Ways and Means."
            },
            "number": "3848",
            "policyArea": {
                "name": "Social Welfare"
            },
            "title": "A bill to amend title II of the Social Security so as to liberalize the conditions governing eligibility of blind persons to receive disability insurance benefits thereunder.",
            "type": "HR",
            "url": "https://api.congress.gov/v3/bill/95/hr/3848?format=json"
        },
        {
            "congress": 95,
            "introducedDate": "1977-02-17",
            "latestAction": {
                "actionDate": "1977-02-17",
                "text": "Referred to House Committee on Appropriations."
            },
            "number": "3631",
            "policyArea": {
                "name": "Transportation and Public Works"
            },
            "title": "A bill appropriating funds for construction of the Natchez Trace Parkway.",
            "type": "HR",
            "url": "https://api.congress.gov/v3/bill/95/hr/3631?format=json"
        },
        {
            "congress": 95,
            "introducedDate": "1977-02-07",
            "latestAction": {
                "actionDate": "1977-02-07",
                "text": "Referred to House Committee on Ways and Means."
            },
            "number": "3135",
            "policyArea": {
                "name": "Taxation"
            },
            "title": "A bill to amend the Internal Revenue Code of 1954 to increase from $1 million to $10 million the exemption from industrial development bond treatment for certain small issues.",
            "type": "HR",
            "url": "https://api.congress.gov/v3/bill/95/hr/3135?format=json"
        },
        {
            "congress": 95,
            "introducedDate": "1977-02-02",
            "latestAction": {
                "actionDate": "1977-02-02",
                "text": "Referred to House Committee on Ways and Means."
            },
            "number": "2961",
            "policyArea": {
                "name": "Taxation"
            },
            "title": "A bill to amend the Internal Revenue Code of 1954 to exempt certain agricultural aircraft from the aircraft use tax, to provide for the refund of the gasoline tax to the agricultural aircraft operator.",
            "type": "HR",
            "url": "https://api.congress.gov/v3/bill/95/hr/2961?format=json"
        },
        {
            "congress": 95,
            "introducedDate": "1977-01-31",
            "latestAction": {
                "actionDate": "1977-01-31",
                "text": "Referred to House Committee on Armed Services."
            },
            "number": "2668",
            "policyArea": {
                "name": "Armed Forces and National Security"
            },
            "title": "A bill to authorize recomputation at age sixty of the retired pay of members and former members of the uniformed services whose retired pay is computed on the basis of pay scales in effect prior to January 1, 1972.",
            "type": "HR",
            "url": "https://api.congress.gov/v3/bill/95/hr/2668?format=json"
        },
        {
            "congress": 95,
            "introducedDate": "1977-01-31",
            "latestAction": {
                "actionDate": "1977-01-31",
                "text": "Referred to House Committee on Ways and Means."
            },
            "number": "2670",
            "policyArea": {
                "name": "Social Welfare"
            },
            "title": "A bill to amend title II of the Social Security Act to provide for the entitlement of disabled widows and widowers to unreduced widow's and widower's insurance benefits without regard to age.",
            "type": "HR",
            "url": "https://api.congress.gov/v3/bill/95/hr/2670?format=json"
        },
        {
            "congress": 95,
            "introducedDate": "1977-01-31",
            "latestAction": {
                "actionDate": "1977-01-31",
                "text": "Referred to House Committee on Veterans' Affairs."
            },
            "number": "2669",
            "policyArea": {
                "name": "Armed Forces and National Security"
            },
            "title": "A bill to insure that recipients of veterans' pension and compensation will not have the amount of such pension or compensation reduced, or entitlement thereto discontinued, because of increases in monthly social security benefits.",
            "type": "HR",
            "url": "https://api.congress.gov/v3/bill/95/hr/2669?format=json"
        },
        {
            "congress": 95,
            "introducedDate": "1977-01-31",
            "latestAction": {
                "actionDate": "1977-01-31",
                "text": "Referred to House Committee on Ways and Means."
            },
            "number": "2671",
            "policyArea": {
                "name": "Social Welfare"
            },
            "title": "A bill to amend title II of the Social Security Act to eliminate the 5 month waiting period for disability benefits, to liberalize the earnings test, to permit adopted children to qualify for benefits without regard to time of adoption, to eliminate the reconsideration stage in benefit determinations, to provide for the issuance of duplicate benefit checks where the initial checks are lost or delayed, and to provide for expedited benefit payments to disability beneficiaries.",
            "type": "HR",
            "url": "https://api.congress.gov/v3/bill/95/hr/2671?format=json"
        },
        {
            "congress": 95,
            "introducedDate": "1977-01-31",
            "latestAction": {
                "actionDate": "1977-01-31",
                "text": "Referred to House Committee on Armed Services."
            },
            "number": "2667",
            "policyArea": {
                "name": "Armed Forces and National Security"
            },
            "title": "A bill to amend title 10 of the United States Code in order to provide that no veteran may be denied care or treatment under the CHAMPUS program for any service-connected disability solely because care or treatment for such disability is available at Veterans' Administration medical facilities.",
            "type": "HR",
            "url": "https://api.congress.gov/v3/bill/95/hr/2667?format=json"
        },
        {
            "congress": 95,
            "introducedDate": "1977-01-27",
            "latestAction": {
                "actionDate": "1977-01-27",
                "text": "Referred to House Committee on Public Works and Transportation."
            },
            "number": "2565",
            "policyArea": {
                "name": "Transportation and Public Works"
            },
            "title": "A bill to modify the river navigation project for Yazoo River, Miss.",
            "type": "HR",
            "url": "https://api.congress.gov/v3/bill/95/hr/2565?format=json"
        },
        {
            "congress": 95,
            "introducedDate": "1977-01-26",
            "latestAction": {
                "actionDate": "1977-01-26",
                "text": "Referred to House Committee on Ways and Means."
            },
            "number": "2384",
            "policyArea": {
                "name": "Taxation"
            },
            "title": "A bill to amend the Internal Revenue Code of 1954 to exempt certain agricultural aircraft from the aircraft use tax, to provide for the refund of the gasoline tax to the agricultural aircraft operator.",
            "type": "HR",
            "url": "https://api.congress.gov/v3/bill/95/hr/2384?format=json"
        },
        {
            "congress": 95,
            "introducedDate": "1977-01-24",
            "latestAction": {
                "actionDate": "1977-01-24",
                "text": "Referred to House Committee on Interstate and Foreign Commerce."
            },
            "number": "2298",
            "policyArea": {
                "name": "Science, Technology, Communications"
            },
            "title": "Consumer Communications Reform Act",
            "type": "HR",
            "url": "https://api.congress.gov/v3/bill/95/hr/2298?format=json"
        },
        {
            "congress": 95,
            "introducedDate": "1977-01-11",
            "latestAction": {
                "actionDate": "1977-01-11",
                "text": "Referred to House Committee on Public Works and Transportation."
            },
            "number": "1622",
            "policyArea": {
                "name": "Public works"
            },
            "title": "A bill to authorize the construction of the project for the enlargement of Greenville Harbor, Greenville, Miss.",
            "type": "HR",
            "url": "https://api.congress.gov/v3/bill/95/hr/1622?format=json"
        },
        {
            "congress": 95,
            "introducedDate": "1977-01-06",
            "latestAction": {
                "actionDate": "1977-01-06",
                "text": "Referred to House Committee on Ways and Means."
            },
            "number": "1463",
            "policyArea": {
                "name": "Taxation"
            },
            "title": "A bill to delay for one year the effective date of the changes made by the Tax Reform Act of 1976 in the minimum tax on individuals.",
            "type": "HR",
            "url": "https://api.congress.gov/v3/bill/95/hr/1463?format=json"
        },
        {
            "congress": 95,
            "introducedDate": "1977-12-12",
            "latestAction": {
                "actionDate": "1977-12-12",
                "text": "Referred to House Committee on the Judiciary."
            },
            "number": "673",
            "policyArea": {
                "name": "Abortion"
            },
            "title": "A joint resolution proposing an amendment to the Constitution of the United States.",
            "type": "HJRES",
            "url": "https://api.congress.gov/v3/bill/95/hjres/673?format=json"
        },
        {
            "congress": 95,
            "introducedDate": "1977-04-28",
            "latestAction": {
                "actionDate": "1977-04-28",
                "text": "Referred to House Committee on the Judiciary."
            },
            "number": "421",
            "policyArea": {
                "name": "Citizenship"
            },
            "title": "Joint resolution restoring citizenship to Jefferson Davis.",
            "type": "HJRES",
            "url": "https://api.congress.gov/v3/bill/95/hjres/421?format=json"
        },
        {
            "congress": 95,
            "introducedDate": "1978-07-11",
            "latestAction": {
                "actionDate": "1978-07-11",
                "text": "Referred to House Committee on Interstate and Foreign Commerce."
            },
            "number": "658",
            "policyArea": {
                "name": "Energy"
            },
            "title": "A resolution expressing the sense of the Congress that an energy conservation impact statement shall be prepared before any law is passed, any agency regulation or rulemaking is promulgated, or any Executive order is issued.",
            "type": "HCONRES",
            "url": "https://api.congress.gov/v3/bill/95/hconres/658?format=json"
        },
        {
            "congress": 95,
            "introducedDate": "1978-05-23",
            "latestAction": {
                "actionDate": "1978-05-23",
                "text": "Referred to House Committee on Interstate and Foreign Commerce."
            },
            "number": "633",
            "policyArea": {
                "name": "Energy"
            },
            "title": "A resolution expressing the sense of the Congress that an energy conservation impact statement shall be prepared before any law is passed, any agency regulation or rulemaking is promulgated, or any Executive order is issued.",
            "type": "HCONRES",
            "url": "https://api.congress.gov/v3/bill/95/hconres/633?format=json"
        },
        {
            "congress": 95,
            "introducedDate": "1978-04-06",
            "latestAction": {
                "actionDate": "1978-04-06",
                "text": "Referred to House Committee on Interstate and Foreign Commerce."
            },
            "number": "553",
            "policyArea": {
                "name": "Energy"
            },
            "title": "A resolution expressing the sense of the Congress that an Energy Conservation Impact Statement shall be prepared before any law is passed, any agency regulation or rulemaking is promulgated, or any executive order is issued.",
            "type": "HCONRES",
            "url": "https://api.congress.gov/v3/bill/95/hconres/553?format=json"
        },
        {
            "amendmentNumber": "316",
            "congress": 97,
            "introducedDate": "1981-10-15",
            "latestAction": {
                "actionDate": "1981-10-15",
                "text": "Amendment Passed in Committee of the Whole by Voice Vote. "
            },
            "type": null,
            "url": "https://api.congress.gov/v3/amendment/97/hamdt/316?format=json"
        },
        {
            "congress": 97,
            "introducedDate": "1982-01-28",
            "latestAction": {
                "actionDate": "1982-07-15",
                "text": "See H.R.6685."
            },
            "number": "5385",
            "policyArea": {
                "name": "Taxation"
            },
            "title": "A bill to amend the Internal Revenue Code of 1954 to repeal the tax benefits enacted during 1981 which provided a special deduction for Members of Congress with respect to their living expenses.",
            "type": "HR",
            "url": "https://api.congress.gov/v3/bill/97/hr/5385?format=json"
        },
        {
            "congress": 97,
            "introducedDate": "1981-12-08",
            "latestAction": {
                "actionDate": "1981-12-08",
                "text": "Referred to House Committee on Ways and Means."
            },
            "number": "5126",
            "policyArea": {
                "name": "Taxation"
            },
            "title": "A bill to amend section 103 of the Internal Revenue Code of 1954 with respect to the small-issue exemption.",
            "type": "HR",
            "url": "https://api.congress.gov/v3/bill/97/hr/5126?format=json"
        },
        {
            "congress": 97,
            "introducedDate": "1981-11-18",
            "latestAction": {
                "actionDate": "1981-11-18",
                "text": "Referred to House Committee on Ways and Means."
            },
            "number": "5028",
            "policyArea": {
                "name": "Taxation"
            },
            "title": "A bill to amend the Internal Revenue Code of 1954 to exempt from taxation the pay received by members of the National Guard or of Reserve components of the Armed Forces to the extent that such pay does not exceed $5,000.",
            "type": "HR",
            "url": "https://api.congress.gov/v3/bill/97/hr/5028?format=json"
        },
        {
            "congress": 97,
            "introducedDate": "1981-09-30",
            "latestAction": {
                "actionDate": "1981-09-30",
                "text": "Referred to House Committee on Agriculture."
            },
            "number": "4631",
            "policyArea": {
                "name": "Government Operations and Politics"
            },
            "title": "A bill to designate the United States Department of Agriculture Boll Weevil Research Laboratory building, located on the campus of Mississippi State University, Starkville, Mississippi, as the \"Robey Wentworth Harned Laboratory\".",
            "type": "HR",
            "url": "https://api.congress.gov/v3/bill/97/hr/4631?format=json"
        },
        {
            "congress": 97,
            "introducedDate": "1981-04-29",
            "latestAction": {
                "actionDate": "1981-05-18",
                "text": "For Further Action See H.R.3603."
            },
            "number": "3301",
            "policyArea": {
                "name": "Agriculture and Food"
            },
            "title": "A bill to establish a loan program for the purpose of maintaining a viable domestic sugar producting industry and assuring adequate supplies of sugar at stable prices for consumers and users.",
            "type": "HR",
            "url": "https://api.congress.gov/v3/bill/97/hr/3301?format=json"
        },
        {
            "congress": 97,
            "introducedDate": "1981-04-09",
            "latestAction": {
                "actionDate": "1981-05-18",
                "text": "For Further Action See H.R.3603."
            },
            "number": "3177",
            "policyArea": {
                "name": "Agriculture and Food"
            },
            "title": "A bill to extend and amend the Food and Agriculture Act of 1977 for the purpose of assuring adequate supplies of upland cotton and its products to meet food and fiber needs of consumers at reasonable prices.",
            "type": "HR",
            "url": "https://api.congress.gov/v3/bill/97/hr/3177?format=json"
        },
        {
            "congress": 97,
            "introducedDate": "1981-04-09",
            "latestAction": {
                "actionDate": "1981-05-13",
                "text": "Executive Comment Received From State."
            },
            "number": "3178",
            "policyArea": {
                "name": "International Affairs"
            },
            "title": "Panama Canal Appropriations Authorization Act, Fiscal Year 1982",
            "type": "HR",
            "url": "https://api.congress.gov/v3/bill/97/hr/3178?format=json"
        },
        {
            "congress": 97,
            "introducedDate": "1981-03-26",
            "latestAction": {
                "actionDate": "1981-05-12",
                "text": "Provisions of Measure Incorporated Into H.R.3603 (Introduced May 18, 81)."
            },
            "number": "2878",
            "policyArea": {
                "name": "Agriculture and Food"
            },
            "title": "Rice Production Act of 1981",
            "type": "HR",
            "url": "https://api.congress.gov/v3/bill/97/hr/2878?format=json"
        },
        {
            "congress": 97,
            "introducedDate": "1981-03-26",
            "latestAction": {
                "actionDate": "1981-04-19",
                "text": "Clean Bill H.R.3177 Forwarded by Subcommittee to Full Committee in Lieu."
            },
            "number": "2877",
            "policyArea": {
                "name": "Agriculture and Food"
            },
            "title": "A bill to extend and amend the Food and Agriculture Act of 1977 for the purpose of assuring adequate supplies of upland cotton and its products to meet food and fiber needs of consumers at reasonable prices.",
            "type": "HR",
            "url": "https://api.congress.gov/v3/bill/97/hr/2877?format=json"
        },
        {
            "congress": 97,
            "introducedDate": "1981-01-22",
            "latestAction": {
                "actionDate": "1981-01-22",
                "text": "Referred to House Committee on The Judiciary."
            },
            "number": "1225",
            "policyArea": {
                "name": "Private Legislation"
            },
            "title": "A bill for the relief of Kwan Do Sun.",
            "type": "HR",
            "url": "https://api.congress.gov/v3/bill/97/hr/1225?format=json"
        },
        {
            "congress": 97,
            "introducedDate": "1982-06-29",
            "latestAction": {
                "actionDate": "1982-06-29",
                "text": "Resolution Agreed to in House by Voice Vote."
            },
            "number": "517",
            "policyArea": {
                "name": "Congress"
            },
            "title": "A resolution electing the Honorable William H. Natcher as Speaker pro tempore during the absence of the Speaker.",
            "type": "HRES",
            "url": "https://api.congress.gov/v3/bill/97/hres/517?format=json"
        },
        {
            "congress": 97,
            "introducedDate": "1982-01-28",
            "latestAction": {
                "actionDate": "1982-01-28",
                "text": "Referred to House Committee on Rules."
            },
            "number": "329",
            "policyArea": {
                "name": "Congress"
            },
            "title": "A resolution amending the Rules of the House of Representatives to decrease the amount of outside earned income which a Member may accept, and for other purposes.",
            "type": "HRES",
            "url": "https://api.congress.gov/v3/bill/97/hres/329?format=json"
        }
    ]
}