{
    "pagination": {
        "count": 19
    },
    "request": {
        "bioguideId": "g000504",
        "contentType": "application/json",
        "format": "json"
    },
    "sponsoredLegislation": [
        {
            "congress": 93,
            "introducedDate": "1974-09-25",
            "latestAction": {
                "actionDate": "1974-09-25",
                "text": "Referred to House Committee on Public Works."
            },
            "number": "16873",
            "policyArea": {
                "name": "Environmental Protection"
            },
            "title": "A bill to amend section 206(e) of the Federal Water Pollution Control Act to increase the authorization for reimbursement.",
            "type": "HR",
            "url": "https://api.congress.gov/v3/bill/93/hr/16873?format=json"
        },
        {
            "congress": 93,
            "introducedDate": "1974-09-30",
            "latestAction": {
                "actionDate": "1974-09-30",
                "text": "Referred to House Committee on Interstate and Foreign Commerce."
            },
            "number": "16931",
            "policyArea": {
                "name": "Transportation and Public Works"
            },
            "title": "International Air Transportation Fair Competitive Practices Act",
            "type": "HR",
            "url": "https://api.congress.gov/v3/bill/93/hr/16931?format=json"
        },
        {
            "congress": 93,
            "introducedDate": "1974-08-21",
            "latestAction": {
                "actionDate": "1974-08-21",
                "text": "Referred to House Committee on Interior and Insular Affairs."
            },
            "number": "16506",
            "policyArea": {
                "name": "Public Lands and Natural Resources"
            },
            "title": "A bill to amend the act entitled \"An Act to establish the Fire Island National Seashore\".",
            "type": "HR",
            "url": "https://api.congress.gov/v3/bill/93/hr/16506?format=json"
        },
        {
            "congress": 93,
            "introducedDate": "1974-08-07",
            "latestAction": {
                "actionDate": "1974-08-07",
                "text": "Referred to House Committee on the Judiciary."
            },
            "number": "16325",
            "policyArea": {
                "name": "Private Legislation"
            },
            "title": "A bill for the relief of Joon Pyo Lee.",
            "type": "HR",
            "url": "https://api.congress.gov/v3/bill/93/hr/16325?format=json"
        },
        {
            "congress": 93,
            "introducedDate": "1974-05-29",
            "latestAction": {
                "actionDate": "1974-05-29",
                "text": "Referred to House Committee on Ways and Means."
            },
            "number": "15075",
            "policyArea": {
                "name": "Health"
            },
            "title": "A bill to amend part B of title XI of the Social Security Act to provide a more effective administration of Professional Standards Review of health care services, to expand the Professional Standards Review Organization activity to include review of services performed by or in federally operated health care institutions, and to protect the confidentiality of medical records.",
            "type": "HR",
            "url": "https://api.congress.gov/v3/bill/93/hr/15075?format=json"
        },
        {
            "congress": 93,
            "introducedDate": "1973-11-15",
            "latestAction": {
                "actionDate": "1973-11-15",
                "text": "Referred to House Committee on Government Operations."
            },
            "number": "11516",
            "policyArea": {
                "name": "Health"
            },
            "title": "A bill to establish the Department of Health.",
            "type": "HR",
            "url": "https://api.congress.gov/v3/bill/93/hr/11516?format=json"
        },
        {
            "congress": 93,
            "introducedDate": "1973-06-29",
            "latestAction": {
                "actionDate": "1973-06-29",
                "text": "Referred to House Committee on House Administration."
            },
            "number": "9119",
            "policyArea": {
                "name": "Government Operations and Politics"
            },
            "title": "Clean Elections Act",
            "type": "HR",
            "url": "https://api.congress.gov/v3/bill/93/hr/9119?format=json"
        },
        {
            "congress": 93,
            "introducedDate": "1973-05-22",
            "latestAction": {
                "actionDate": "1973-05-22",
                "text": "Referred to House Committee on Interstate and Foreign Commerce."
            },
            "number": "8013",
            "policyArea": {
                "name": null
            },
            "title": "Food Supplement Amendment",
            "type": "HR",
            "url": "https://api.congress.gov/v3/bill/93/hr/8013?format=json"
        },
        {
            "congress": 93,
            "introducedDate": "1973-05-10",
            "latestAction": {
                "actionDate": "1973-05-10",
                "text": "Referred to House Committee on Ways and Means."
            },
            "number": "7705",
            "policyArea": {
                "name": "Social Welfare"
            },
            "title": "Health Care Insurance Act",
            "type": "HR",
            "url": "https://api.congress.gov/v3/bill/93/hr/7705?format=json"
        },
        {
            "congress": 93,
            "introducedDate": "1973-04-16",
            "latestAction": {
                "actionDate": "1973-04-16",
                "text": "Referred to House Committee on Interstate and Foreign Commerce."
            },
            "number": "7059",
            "policyArea": {
                "name": "Government Operations and Politics"
            },
            "title": "A bill to amend the Communications Act of 1934 to establish orderly procedures for the consideration of applications for renewal of broadcast licenses.",
            "type": "HR",
            "url": "https://api.congress.gov/v3/bill/93/hr/7059?format=json"
        },
        {
            "congress": 93,
            "introducedDate": "1973-04-04",
            "latestAction": {
                "actionDate": "1973-04-04",
                "text": "Referred to House Committee on Ways and Means."
            },
            "number": "6564",
            "policyArea": {
                "name": "Education"
            },
            "title": "A bill to amend the Internal Revenue Code of 1954 to allow a credit against the individual income tax for tuition paid for the elementary or secondary education of dependents.",
            "type": "HR",
            "url": "https://api.congress.gov/v3/bill/93/hr/6564?format=json"
        },
        {
            "congress": 93,
            "introducedDate": "1973-03-13",
            "latestAction": {
                "actionDate": "1973-03-13",
                "text": "Referred to House Committee on Post Office and Civil Service."
            },
            "number": "5508",
            "policyArea": {
                "name": "Public Lands and Natural Resources"
            },
            "title": "A bill to amend title 5, United States Code, to correct certain inequities in the crediting of National Guard technician service in connection with civil service retirement, and for other purposes.",
            "type": "HR",
            "url": "https://api.congress.gov/v3/bill/93/hr/5508?format=json"
        },
        {
            "congress": 93,
            "introducedDate": "1973-02-28",
            "latestAction": {
                "actionDate": "1974-05-08",
                "text": "Referred to Senate Committee on the Judiciary."
            },
            "number": "5011",
            "policyArea": {
                "name": "Private Legislation"
            },
            "title": "For the relief of James Lennon.",
            "type": "HR",
            "url": "https://api.congress.gov/v3/bill/93/hr/5011?format=json"
        },
        {
            "congress": 93,
            "introducedDate": "1973-02-07",
            "latestAction": {
                "actionDate": "1973-02-07",
                "text": "Referred to House Committee on the Judiciary."
            },
            "number": "4177",
            "policyArea": {
                "name": "Private Legislation"
            },
            "title": "For the relief of Specialist Five Gary Hegel.",
            "type": "HR",
            "url": "https://api.congress.gov/v3/bill/93/hr/4177?format=json"
        },
        {
            "congress": 93,
            "introducedDate": "1973-02-05",
            "latestAction": {
                "actionDate": "1973-02-05",
                "text": "Referred to House Committee on Merchant Marine and Fisheries."
            },
            "number": "3633",
            "policyArea": {
                "name": "Territorial waters"
            },
            "title": "A bill to establish a contiguous fishery zone (to the outer limits of the Continental Shelf) beyond the territorial sea of the United States.",
            "type": "HR",
            "url": "https://api.congress.gov/v3/bill/93/hr/3633?format=json"
        },
        {
            "congress": 93,
            "introducedDate": "1973-01-03",
            "latestAction": {
                "actionDate": "1973-01-03",
                "text": "Referred to House Committee on House Administration."
            },
            "number": "610",
            "policyArea": {
                "name": "Crime and Law Enforcement"
            },
            "title": "A bill to authorize the Secretary of the Interior to establish a National Law Enforcement Heroes Memorial within the District of Columbia.",
            "type": "HR",
            "url": "https://api.congress.gov/v3/bill/93/hr/610?format=json"
        },
        {
            "congress": 93,
            "introducedDate": "1973-04-04",
            "latestAction": {
                "actionDate": "1973-04-04",
                "text": "Referred to House Committee on the Judiciary.."
            },
            "number": "483",
            "policyArea": {
                "name": "Commemorations"
            },
            "title": "Joint resolution to authorize the President to issue annually a proclamation designating the month of May in each year as \"National Arthritis Month\".",
            "type": "HJRES",
            "url": "https://api.congress.gov/v3/bill/93/hjres/483?format=json"
        },
        {
            "congress": 93,
            "introducedDate": "1974-02-07",
            "latestAction": {
                "actionDate": "1974-02-07",
                "text": "Referred to House Committee on Post Office and Civil Service."
            },
            "number": "845",
            "policyArea": {
                "name": "Government Operations and Politics"
            },
            "title": "Resolution disapproving the recommendation of the President with respect to the rates of pay of Federal officials transmitted to the Congress in the budget for the fiscal year ending June 30, 1975.",
            "type": "HRES",
            "url": "https://api.congress.gov/v3/bill/93/hres/845?format=json"
        },
        {
            "congress": 93,
            "introducedDate": "1974-08-21",
            "latestAction": {
                "actionDate": "1974-08-21",
                "text": "Referred to House Committee on Foreign Affairs."
            },
            "number": "616",
            "policyArea": {
                "name": "International Affairs"
            },
            "title": "Concurrent resolution calling for the removal of all foreign forces from Cyprus.",
            "type": "HCONRES",
            "url": "https://api.congress.gov/v3/bill/93/hconres/616?format=json"
        }
    ]
}