{
    "pagination": {
        "count": 113
    },
    "request": {
        "bioguideId": "g000545",
        "contentType": "application/json",
        "format": "json"
    },
    "sponsoredLegislation": [
        {
            "congress": 109,
            "introducedDate": "2006-07-27",
            "latestAction": {
                "actionDate": "2006-07-27",
                "text": "Referred to the House Committee on Ways and Means."
            },
            "number": "5935",
            "policyArea": {
                "name": "Health"
            },
            "title": "Medicare Residency Program Fairness Act of 2006",
            "type": "HR",
            "url": "https://api.congress.gov/v3/bill/109/hr/5935?format=json"
        },
        {
            "congress": 109,
            "introducedDate": "2006-07-13",
            "latestAction": {
                "actionDate": "2006-07-25",
                "text": "Referred to the Subcommittee on Health."
            },
            "number": "5792",
            "policyArea": {
                "name": "Commemorations"
            },
            "title": "To designate the Department of Veterans Affairs outpatient clinic in Green Bay, Wisconsin, as the \"Milo C. Huempfner Department of Veterans Affairs Outpatient Clinic\".",
            "type": "HR",
            "url": "https://api.congress.gov/v3/bill/109/hr/5792?format=json"
        },
        {
            "congress": 109,
            "introducedDate": "2006-06-13",
            "latestAction": {
                "actionDate": "2006-06-13",
                "text": "Referred to the House Committee on the Judiciary."
            },
            "number": "5597",
            "policyArea": {
                "name": "Immigration"
            },
            "title": "To amend the Immigration and Nationality Act to render deportable all aliens convicted of a criminal offense resulting in a sentence of incarceration, and for other purposes.",
            "type": "HR",
            "url": "https://api.congress.gov/v3/bill/109/hr/5597?format=json"
        },
        {
            "congress": 109,
            "introducedDate": "2006-02-01",
            "latestAction": {
                "actionDate": "2006-02-23",
                "text": "Referred to the Subcommittee on Military Personnel."
            },
            "number": "4687",
            "policyArea": {
                "name": "Armed Forces and National Security"
            },
            "title": "To ease the transition of National Guard and Reserve members adversely affected by the closure or realignment of reserve component facilities by authorizing their temporary detail to duty with other reserve component units.",
            "type": "HR",
            "url": "https://api.congress.gov/v3/bill/109/hr/4687?format=json"
        },
        {
            "congress": 109,
            "introducedDate": "2005-12-15",
            "latestAction": {
                "actionDate": "2006-12-12",
                "text": "Became Public Law No: 109-387."
            },
            "number": "4559",
            "policyArea": {
                "name": "Public Lands and Natural Resources"
            },
            "title": "To provide for the conveyance of certain National Forest System land to the towns of Laona and Wabeno, Wisconsin, and for other purposes.",
            "type": "HR",
            "url": "https://api.congress.gov/v3/bill/109/hr/4559?format=json"
        },
        {
            "congress": 109,
            "introducedDate": "2005-10-07",
            "latestAction": {
                "actionDate": "2005-10-17",
                "text": "Referred to the Subcommittee on Health."
            },
            "number": "4039",
            "policyArea": {
                "name": "Health"
            },
            "title": "To amend title XVIII of the Social Security Act to provide for an exception to the reduction in unused medical residency positions for small family practice residency programs under the Medicare Program.",
            "type": "HR",
            "url": "https://api.congress.gov/v3/bill/109/hr/4039?format=json"
        },
        {
            "congress": 109,
            "introducedDate": "2005-09-21",
            "latestAction": {
                "actionDate": "2005-09-26",
                "text": "Referred to the Subcommittee on Department Operations, Oversight, Nutrition and Forestry."
            },
            "number": "3846",
            "policyArea": {
                "name": "Agriculture and Food"
            },
            "title": "To amend the Farm Security and Rural Investment Act of 2002 to extend the Milk Income Loss Contract Program through the end of calendar year 2005.",
            "type": "HR",
            "url": "https://api.congress.gov/v3/bill/109/hr/3846?format=json"
        },
        {
            "congress": 109,
            "introducedDate": "2005-09-21",
            "latestAction": {
                "actionDate": "2005-09-26",
                "text": "Referred to the Subcommittee on Department Operations, Oversight, Nutrition and Forestry."
            },
            "number": "3847",
            "policyArea": {
                "name": "Agriculture and Food"
            },
            "title": "To amend the Farm Security and Rural Investment Act of 2002 to extend the Milk Income Loss Contract Program through the end of fiscal year 2007.",
            "type": "HR",
            "url": "https://api.congress.gov/v3/bill/109/hr/3847?format=json"
        },
        {
            "congress": 109,
            "introducedDate": "2005-09-21",
            "latestAction": {
                "actionDate": "2005-09-26",
                "text": "Referred to the Subcommittee on Department Operations, Oversight, Nutrition and Forestry."
            },
            "number": "3848",
            "policyArea": {
                "name": "Agriculture and Food"
            },
            "title": "To amend the Farm Security and Rural Investment Act of 2002 to extend the Milk Income Loss Contract Program for an additional month.",
            "type": "HR",
            "url": "https://api.congress.gov/v3/bill/109/hr/3848?format=json"
        },
        {
            "congress": 109,
            "introducedDate": "2005-07-18",
            "latestAction": {
                "actionDate": "2005-07-19",
                "text": "Referred to the Subcommittee on Railroads."
            },
            "number": "3318",
            "policyArea": {
                "name": "Commerce"
            },
            "title": "Railroad Antitrust and Competition Enhancement Act of 2005",
            "type": "HR",
            "url": "https://api.congress.gov/v3/bill/109/hr/3318?format=json"
        },
        {
            "congress": 109,
            "introducedDate": "2005-06-23",
            "latestAction": {
                "actionDate": "2006-07-20",
                "text": "Placed on the Union Calendar, Calendar No. 336."
            },
            "number": "3049",
            "policyArea": {
                "name": "Crime and Law Enforcement"
            },
            "title": "Asian Carp Prevention and Control Act",
            "type": "HR",
            "url": "https://api.congress.gov/v3/bill/109/hr/3049?format=json"
        },
        {
            "congress": 109,
            "introducedDate": "2005-06-14",
            "latestAction": {
                "actionDate": "2005-08-10",
                "text": "Referred to the Subcommittee on Select Education."
            },
            "number": "2876",
            "policyArea": {
                "name": "Crime and Law Enforcement"
            },
            "title": "Violence Against Women Reauthorization Act of 2005",
            "type": "HR",
            "url": "https://api.congress.gov/v3/bill/109/hr/2876?format=json"
        },
        {
            "congress": 109,
            "introducedDate": "2005-06-08",
            "latestAction": {
                "actionDate": "2005-06-09",
                "text": "Subcommittee Hearings Held."
            },
            "number": "2796",
            "policyArea": {
                "name": "Crime and Law Enforcement"
            },
            "title": "DNA Fingerprinting Act of 2005",
            "type": "HR",
            "url": "https://api.congress.gov/v3/bill/109/hr/2796?format=json"
        },
        {
            "congress": 109,
            "introducedDate": "2005-06-08",
            "latestAction": {
                "actionDate": "2005-06-09",
                "text": "Subcommittee Hearings Held."
            },
            "number": "2797",
            "policyArea": {
                "name": "Crime and Law Enforcement"
            },
            "title": "Aime Zyla Act of 2005",
            "type": "HR",
            "url": "https://api.congress.gov/v3/bill/109/hr/2797?format=json"
        },
        {
            "congress": 109,
            "introducedDate": "2005-05-18",
            "latestAction": {
                "actionDate": "2005-06-22",
                "text": "Referred to the Subcommittee on Education Reform."
            },
            "number": "2426",
            "policyArea": {
                "name": "Education"
            },
            "title": "SCHOOL Act of 2005",
            "type": "HR",
            "url": "https://api.congress.gov/v3/bill/109/hr/2426?format=json"
        },
        {
            "congress": 109,
            "introducedDate": "2005-05-17",
            "latestAction": {
                "actionDate": "2005-06-07",
                "text": "Subcommittee Hearings Held."
            },
            "number": "2388",
            "policyArea": {
                "name": "Crime and Law Enforcement"
            },
            "title": "Prevention and Deterrence of Crimes Against Children Act of 2005",
            "type": "HR",
            "url": "https://api.congress.gov/v3/bill/109/hr/2388?format=json"
        },
        {
            "congress": 109,
            "introducedDate": "2005-05-12",
            "latestAction": {
                "actionDate": "2005-06-07",
                "text": "Subcommittee Hearings Held."
            },
            "number": "2318",
            "policyArea": {
                "name": "Crime and Law Enforcement"
            },
            "title": "Protection Against Sexual Exploitation of Children Act of 2005",
            "type": "HR",
            "url": "https://api.congress.gov/v3/bill/109/hr/2318?format=json"
        },
        {
            "congress": 109,
            "introducedDate": "2005-05-11",
            "latestAction": {
                "actionDate": "2005-07-01",
                "text": "Referred to the Subcommittee on Crime, Terrorism, and Homeland Security."
            },
            "number": "2250",
            "policyArea": {
                "name": "Government Operations and Politics"
            },
            "title": "Valuing Our Trust in Elections Act",
            "type": "HR",
            "url": "https://api.congress.gov/v3/bill/109/hr/2250?format=json"
        },
        {
            "congress": 109,
            "introducedDate": "2005-04-19",
            "latestAction": {
                "actionDate": "2006-03-23",
                "text": "Became Public Law No: 109-206."
            },
            "number": "1691",
            "policyArea": {
                "name": "Commemorations"
            },
            "title": "To designate the Department of Veterans Affairs outpatient clinic in Appleton, Wisconsin, as the \"John H. Bradley Department of Veterans Affairs Outpatient Clinic\".",
            "type": "HR",
            "url": "https://api.congress.gov/v3/bill/109/hr/1691?format=json"
        },
        {
            "congress": 109,
            "introducedDate": "2005-03-09",
            "latestAction": {
                "actionDate": "2005-05-10",
                "text": "Referred to the Subcommittee on Crime, Terrorism, and Homeland Security."
            },
            "number": "1189",
            "policyArea": {
                "name": "Crime and Law Enforcement"
            },
            "title": "Personal Pictures Protection Act of 2005",
            "type": "HR",
            "url": "https://api.congress.gov/v3/bill/109/hr/1189?format=json"
        },
        {
            "congress": 109,
            "introducedDate": "2005-03-02",
            "latestAction": {
                "actionDate": "2005-03-02",
                "text": "Referred to the House Committee on Government Reform."
            },
            "number": "1054",
            "policyArea": {
                "name": "Social Welfare"
            },
            "title": "Tools for Community Initiatives Act",
            "type": "HR",
            "url": "https://api.congress.gov/v3/bill/109/hr/1054?format=json"
        },
        {
            "congress": 109,
            "introducedDate": "2005-02-15",
            "latestAction": {
                "actionDate": "2006-05-18",
                "text": "Subcommittee Hearings Held."
            },
            "number": "817",
            "policyArea": {
                "name": "Crime and Law Enforcement"
            },
            "title": "Animal Fighting Prohibition Enforcement Act of 2005",
            "type": "HR",
            "url": "https://api.congress.gov/v3/bill/109/hr/817?format=json"
        },
        {
            "congress": 109,
            "introducedDate": "2005-02-02",
            "latestAction": {
                "actionDate": "2005-04-04",
                "text": "Referred to the Subcommittee on Disability Assistance and Memorial Affairs."
            },
            "number": "520",
            "policyArea": {
                "name": "Armed Forces and National Security"
            },
            "title": "To amend title 38, United States Code, to revise the effective date for payment of lump sums to persons awarded the Medal of Honor who are in receipt of special pension pursuant to section 1562 of such title, and for other purposes.",
            "type": "HR",
            "url": "https://api.congress.gov/v3/bill/109/hr/520?format=json"
        },
        {
            "congress": 109,
            "introducedDate": "2006-05-19",
            "latestAction": {
                "actionDate": "2006-05-19",
                "text": "Referred to the House Committee on Government Reform."
            },
            "number": "823",
            "policyArea": {
                "name": "Commemorations"
            },
            "title": "Commending the outstanding efforts by members of faith-based and community organizations in response to Hurricane Katrina and Hurricane Rita.",
            "type": "HRES",
            "url": "https://api.congress.gov/v3/bill/109/hres/823?format=json"
        },
        {
            "congress": 109,
            "introducedDate": "2005-02-09",
            "latestAction": {
                "actionDate": "2005-03-02",
                "text": "Referred to the Subcommittee on the Constitution."
            },
            "number": "81",
            "policyArea": {
                "name": "Congress"
            },
            "title": "Directing the Clerk of the House of Representatives to post on the official public Internet site of the House of Representatives all lobbying registrations and reports filed with the Clerk under the Lobbying Disclosure Act of 1995.",
            "type": "HRES",
            "url": "https://api.congress.gov/v3/bill/109/hres/81?format=json"
        },
        {
            "congress": 109,
            "introducedDate": "2005-02-16",
            "latestAction": {
                "actionDate": "2005-02-16",
                "text": "Referred to the House Committee on Government Reform."
            },
            "number": "114",
            "policyArea": {
                "name": "Commemorations"
            },
            "title": "Expressing the sense of the House of Representatives that a postage stamp should be issued honoring American farm women.",
            "type": "HRES",
            "url": "https://api.congress.gov/v3/bill/109/hres/114?format=json"
        },
        {
            "congress": 109,
            "introducedDate": "2005-11-17",
            "latestAction": {
                "actionDate": "2005-11-28",
                "text": "Referred to the Subcommittee on Fisheries and Oceans."
            },
            "number": "305",
            "policyArea": {
                "name": "Sports and Recreation"
            },
            "title": "Recognizing the vital importance of hunting as a legitimate tool of wildlife resource management.",
            "type": "HCONRES",
            "url": "https://api.congress.gov/v3/bill/109/hconres/305?format=json"
        },
        {
            "congress": 109,
            "introducedDate": "2005-02-02",
            "latestAction": {
                "actionDate": "2005-02-14",
                "text": "Referred to the Subcommittee on Social Security."
            },
            "number": "43",
            "policyArea": {
                "name": "Social Welfare"
            },
            "title": "Expressing the sense of the Congress that Social Security reform measures should not force State and local government employees into Social Security coverage.",
            "type": "HCONRES",
            "url": "https://api.congress.gov/v3/bill/109/hconres/43?format=json"
        },
        {
            "amendmentNumber": "796",
            "congress": 108,
            "introducedDate": "2004-10-08",
            "latestAction": {
                "actionDate": "2004-10-08",
                "actionTime": "12:18:29",
                "text": "On agreeing to the Green (WI) amendment (A012) Agreed to by recorded vote: 283 - 132 (Roll no. 516). "
            },
            "type": null,
            "url": "https://api.congress.gov/v3/amendment/108/hamdt/796?format=json"
        },
        {
            "amendmentNumber": "446",
            "congress": 108,
            "introducedDate": "2003-11-06",
            "latestAction": {
                "actionDate": "2003-11-06",
                "actionTime": "15:44:56",
                "text": "On agreeing to the Green (WI) amendment (A006) Failed by recorded vote: 91 - 325 (Roll no. 610). "
            },
            "type": null,
            "url": "https://api.congress.gov/v3/amendment/108/hamdt/446?format=json"
        },
        {
            "amendmentNumber": "441",
            "congress": 108,
            "introducedDate": "2003-11-06",
            "latestAction": {
                "actionDate": "2003-11-06",
                "actionTime": "13:32:48",
                "text": "On agreeing to the Green (WI) amendment (A001) Failed by voice vote. "
            },
            "type": null,
            "url": "https://api.congress.gov/v3/amendment/108/hamdt/441?format=json"
        },
        {
            "congress": 108,
            "introducedDate": "2004-07-22",
            "latestAction": {
                "actionDate": "2004-08-04",
                "text": "Referred to the Subcommittee on Crime, Terrorism, and Homeland Security."
            },
            "number": "4942",
            "policyArea": {
                "name": "Crime and Law Enforcement"
            },
            "title": "Material Support to Terrorism Prohibition Enhancement Act of 2004",
            "type": "HR",
            "url": "https://api.congress.gov/v3/bill/108/hr/4942?format=json"
        },
        {
            "congress": 108,
            "introducedDate": "2004-07-22",
            "latestAction": {
                "actionDate": "2004-08-16",
                "text": "Referred to the Subcommittee on Government Efficiency and Financial Management."
            },
            "number": "4909",
            "policyArea": {
                "name": "Social Welfare"
            },
            "title": "Tools for Community Initiatives Act",
            "type": "HR",
            "url": "https://api.congress.gov/v3/bill/108/hr/4909?format=json"
        },
        {
            "congress": 108,
            "introducedDate": "2004-07-20",
            "latestAction": {
                "actionDate": "2004-10-05",
                "text": "Referred to the Subcommittee on Benefits."
            },
            "number": "4870",
            "policyArea": {
                "name": "Armed Forces and National Security"
            },
            "title": "To amend title 38, United States Code, to revise the effective date for payment of lump sums to persons awarded the Medal of Honor who are in receipt of special pension pursuant to section 1562 of such title, and for other purposes.",
            "type": "HR",
            "url": "https://api.congress.gov/v3/bill/108/hr/4870?format=json"
        },
        {
            "congress": 108,
            "introducedDate": "2004-05-13",
            "latestAction": {
                "actionDate": "2004-08-02",
                "text": "Became Public Law No: 108-285."
            },
            "number": "4363",
            "policyArea": {
                "name": "Housing and Community Development"
            },
            "title": "Helping Hands for Homeownership Act of 2004",
            "type": "HR",
            "url": "https://api.congress.gov/v3/bill/108/hr/4363?format=json"
        },
        {
            "congress": 108,
            "introducedDate": "2004-05-04",
            "latestAction": {
                "actionDate": "2004-05-04",
                "text": "Referred to the House Committee on the Judiciary."
            },
            "number": "4265",
            "policyArea": {
                "name": "Law"
            },
            "title": "To provide that when a company makes a charitable donation of equipment, the company is generally not liable for harm later caused by that equipment, and for other purposes.",
            "type": "HR",
            "url": "https://api.congress.gov/v3/bill/108/hr/4265?format=json"
        },
        {
            "congress": 108,
            "introducedDate": "2004-05-04",
            "latestAction": {
                "actionDate": "2004-10-07",
                "text": "Placed on the Union Calendar, Calendar No. 468."
            },
            "number": "4264",
            "policyArea": {
                "name": "Crime and Law Enforcement"
            },
            "title": "Animal Fighting Prohibition Enforcement Act of 2004",
            "type": "HR",
            "url": "https://api.congress.gov/v3/bill/108/hr/4264?format=json"
        },
        {
            "congress": 108,
            "introducedDate": "2004-03-11",
            "latestAction": {
                "actionDate": "2004-03-11",
                "text": "Referred to the House Committee on Armed Services."
            },
            "number": "3950",
            "policyArea": {
                "name": "Armed Forces and National Security"
            },
            "title": "To amend title 10, United States Code, to provide for the establishment of a combat artillery badge to recognize combat service by members of Army in the artillery branch.",
            "type": "HR",
            "url": "https://api.congress.gov/v3/bill/108/hr/3950?format=json"
        },
        {
            "congress": 108,
            "introducedDate": "2003-09-16",
            "latestAction": {
                "actionDate": "2003-10-22",
                "text": "Referred to the Subcommittee on Crime, Terrorism, and Homeland Security."
            },
            "number": "3086",
            "policyArea": {
                "name": "Crime and Law Enforcement"
            },
            "title": "Obstruction of Justice and False Statements in Terrorism Cases Penalty Enhancement Act of 2003",
            "type": "HR",
            "url": "https://api.congress.gov/v3/bill/108/hr/3086?format=json"
        },
        {
            "congress": 108,
            "introducedDate": "2003-07-24",
            "latestAction": {
                "actionDate": "2003-09-04",
                "text": "Referred to the Subcommittee on Crime, Terrorism, and Homeland Security."
            },
            "number": "2858",
            "policyArea": {
                "name": "Crime and Law Enforcement"
            },
            "title": "Material Support to Terrorism Prohibition Enhancement Act of 2003",
            "type": "HR",
            "url": "https://api.congress.gov/v3/bill/108/hr/2858?format=json"
        },
        {
            "congress": 108,
            "introducedDate": "2003-07-23",
            "latestAction": {
                "actionDate": "2004-01-28",
                "text": "Ordered to be Reported (Amended) by Voice Vote."
            },
            "number": "2824",
            "policyArea": {
                "name": "Taxation"
            },
            "title": "Internet Tobacco Sales Enforcement Act",
            "type": "HR",
            "url": "https://api.congress.gov/v3/bill/108/hr/2824?format=json"
        },
        {
            "congress": 108,
            "introducedDate": "2003-06-26",
            "latestAction": {
                "actionDate": "2003-07-14",
                "text": "Referred to the Subcommittee on Livestock and Horticulture."
            },
            "number": "2636",
            "policyArea": {
                "name": "Animals"
            },
            "title": "Chronic Wasting Disease Financial Assistance Act of 2003",
            "type": "HR",
            "url": "https://api.congress.gov/v3/bill/108/hr/2636?format=json"
        },
        {
            "congress": 108,
            "introducedDate": "2003-06-24",
            "latestAction": {
                "actionDate": "2003-06-26",
                "text": "Referred to the Subcommittee on Department Operations, Oversight, Nutrition and Forestry."
            },
            "number": "2586",
            "policyArea": {
                "name": "Public Lands and Natural Resources"
            },
            "title": "To provide for the conveyance of certain National Forest System lands to the towns of Laona and Wabeno, Wisconsin.",
            "type": "HR",
            "url": "https://api.congress.gov/v3/bill/108/hr/2586?format=json"
        },
        {
            "congress": 108,
            "introducedDate": "2003-04-29",
            "latestAction": {
                "actionDate": "2003-05-01",
                "text": "Subcommittee Hearings Held."
            },
            "number": "1839",
            "policyArea": {
                "name": "Taxation"
            },
            "title": "Youth Smoking Prevention and State Revenue Enforcement Act",
            "type": "HR",
            "url": "https://api.congress.gov/v3/bill/108/hr/1839?format=json"
        },
        {
            "congress": 108,
            "introducedDate": "2003-03-06",
            "latestAction": {
                "actionDate": "2003-04-11",
                "text": "Referred to the Subcommittee on Total Force."
            },
            "number": "1127",
            "policyArea": {
                "name": "Armed Forces and National Security"
            },
            "title": "To amend title 10, United States Code, to direct the Secretary of the Army to establish a combat artillery medal.",
            "type": "HR",
            "url": "https://api.congress.gov/v3/bill/108/hr/1127?format=json"
        },
        {
            "congress": 108,
            "introducedDate": "2003-03-04",
            "latestAction": {
                "actionDate": "2003-05-05",
                "text": "Referred to the Subcommittee on Crime, Terrorism, and Homeland Security."
            },
            "number": "1046",
            "policyArea": {
                "name": "Crime and Law Enforcement"
            },
            "title": "Debbie Smith Act of 2003",
            "type": "HR",
            "url": "https://api.congress.gov/v3/bill/108/hr/1046?format=json"
        },
        {
            "congress": 108,
            "introducedDate": "2003-02-12",
            "latestAction": {
                "actionDate": "2003-02-27",
                "text": "Referred to the Subcommittee on Housing and Community Opportunity."
            },
            "number": "729",
            "policyArea": {
                "name": "Housing and Community Development"
            },
            "title": "To direct the Secretary of Housing and Urban Development to carry out a 3-year pilot program to assist law enforcement officers purchasing homes in locally designated at-risk areas.",
            "type": "HR",
            "url": "https://api.congress.gov/v3/bill/108/hr/729?format=json"
        },
        {
            "congress": 108,
            "introducedDate": "2003-02-12",
            "latestAction": {
                "actionDate": "2003-03-06",
                "text": "Referred to the Subcommittee on Commercial and Administrative Law."
            },
            "number": "730",
            "policyArea": {
                "name": "Housing and Community Development"
            },
            "title": "Housing Affordability Assurance Act",
            "type": "HR",
            "url": "https://api.congress.gov/v3/bill/108/hr/730?format=json"
        },
        {
            "congress": 108,
            "introducedDate": "2003-01-29",
            "latestAction": {
                "actionDate": "2003-02-05",
                "text": "Referred to the Subcommittee on Department Operations, Oversight, Nutrition and Forestry."
            },
            "number": "455",
            "policyArea": {
                "name": "Agriculture and Food"
            },
            "title": "National Dairy Policy Act of 2003",
            "type": "HR",
            "url": "https://api.congress.gov/v3/bill/108/hr/455?format=json"
        },
        {
            "congress": 108,
            "introducedDate": "2003-01-29",
            "latestAction": {
                "actionDate": "2003-03-06",
                "text": "Referred to the Subcommittee on Crime, Terrorism, and Homeland Security."
            },
            "number": "456",
            "policyArea": {
                "name": "Crime and Law Enforcement"
            },
            "title": "Two Strikes and You're Out Comprehensive Consequences for Child Molesters Act",
            "type": "HR",
            "url": "https://api.congress.gov/v3/bill/108/hr/456?format=json"
        },
        {
            "congress": 108,
            "introducedDate": "2003-01-29",
            "latestAction": {
                "actionDate": "2003-01-29",
                "text": "Referred to the House Committee on Ways and Means."
            },
            "number": "457",
            "policyArea": {
                "name": "Taxation"
            },
            "title": "Family Farm Protection Act",
            "type": "HR",
            "url": "https://api.congress.gov/v3/bill/108/hr/457?format=json"
        },
        {
            "congress": 108,
            "introducedDate": "2003-03-11",
            "latestAction": {
                "actionDate": "2003-04-28",
                "text": "Referred to the Subcommittee on Crime, Terrorism, and Homeland Security."
            },
            "number": "36",
            "policyArea": {
                "name": "Commemorations"
            },
            "title": "Expressing the sense of the Congress with respect to raising awareness and encouraging prevention of sexual assault in the United States and supporting the goals and ideals of National Sexual Assault Awareness and Prevention Month.",
            "type": "HJRES",
            "url": "https://api.congress.gov/v3/bill/108/hjres/36?format=json"
        },
        {
            "congress": 108,
            "introducedDate": "2004-05-04",
            "latestAction": {
                "actionDate": "2004-05-20",
                "text": "Referred to the Subcommittee on Crime, Terrorism, and Homeland Security."
            },
            "number": "621",
            "policyArea": {
                "name": "Commemorations"
            },
            "title": "Supporting the goals and ideals of National Correctional Officers and Employees Week.",
            "type": "HRES",
            "url": "https://api.congress.gov/v3/bill/108/hres/621?format=json"
        },
        {
            "congress": 108,
            "introducedDate": "2004-04-28",
            "latestAction": {
                "actionDate": "2004-04-30",
                "text": "Referred to the Subcommittee on Trade."
            },
            "number": "609",
            "policyArea": {
                "name": "Foreign Trade and International Finance"
            },
            "title": "Expressing the sense of the House of Representatives that the importation into the United States of products and services of foreign nationals who violate the intellectual property rights of persons under United States laws should be prohibited.",
            "type": "HRES",
            "url": "https://api.congress.gov/v3/bill/108/hres/609?format=json"
        },
        {
            "congress": 108,
            "introducedDate": "2003-04-03",
            "latestAction": {
                "actionDate": "2003-06-23",
                "actionTime": "18:59:10",
                "text": "Motion to reconsider laid on the table Agreed to without objection."
            },
            "number": "177",
            "policyArea": {
                "name": "International Affairs"
            },
            "title": "Commending the people of the Republic of Kenya for conducting free and fair elections, for the peaceful and orderly transfer of power in their government, and for the continued success of democracy in their nation since that transition.",
            "type": "HRES",
            "url": "https://api.congress.gov/v3/bill/108/hres/177?format=json"
        },
        {
            "congress": 108,
            "introducedDate": "2003-03-27",
            "latestAction": {
                "actionDate": "2003-03-27",
                "text": "Referred to the House Committee on International Relations."
            },
            "number": "166",
            "policyArea": {
                "name": "International Affairs"
            },
            "title": "Commending the people of the Republic of Kenya for conducting free and fair elections, for the peaceful and orderly transfer of power in their government, and for the continued success of democracy in their nation since that transition.",
            "type": "HRES",
            "url": "https://api.congress.gov/v3/bill/108/hres/166?format=json"
        },
        {
            "congress": 108,
            "introducedDate": "2003-01-29",
            "latestAction": {
                "actionDate": "2003-03-06",
                "text": "Referred to the Subcommittee on the Constitution."
            },
            "number": "43",
            "policyArea": {
                "name": "Congress"
            },
            "title": "Directing the Clerk of the House of Representatives to post on the official public Internet site of the House of Representatives all lobbying registrations and reports filed with the Clerk under the Lobbying Disclosure Act of 1995.",
            "type": "HRES",
            "url": "https://api.congress.gov/v3/bill/108/hres/43?format=json"
        },
        {
            "congress": 108,
            "introducedDate": "2003-01-29",
            "latestAction": {
                "actionDate": "2003-01-29",
                "text": "Referred to the House Committee on Government Reform."
            },
            "number": "42",
            "policyArea": {
                "name": "Commemorations"
            },
            "title": "Expressing the sense of the House of Representatives that a postage stamp should be issued honoring American farm women.",
            "type": "HRES",
            "url": "https://api.congress.gov/v3/bill/108/hres/42?format=json"
        },
        {
            "congress": 108,
            "introducedDate": "2004-06-21",
            "latestAction": {
                "actionDate": "2004-06-22",
                "text": "Message on Senate action sent to the House."
            },
            "number": "458",
            "policyArea": {
                "name": "Congress"
            },
            "title": "Directing the Secretary of the Senate to make technical corrections in the enrollment of the bill S. 2238.",
            "type": "HCONRES",
            "url": "https://api.congress.gov/v3/bill/108/hconres/458?format=json"
        },
        {
            "congress": 108,
            "introducedDate": "2003-03-20",
            "latestAction": {
                "actionDate": "2003-04-30",
                "text": "Ordered to be Reported (Amended) by Voice Vote."
            },
            "number": "108",
            "policyArea": {
                "name": "Commerce"
            },
            "title": "Encouraging corporations to contribute to faith-based organizations.",
            "type": "HCONRES",
            "url": "https://api.congress.gov/v3/bill/108/hconres/108?format=json"
        },
        {
            "congress": 108,
            "introducedDate": "2003-01-29",
            "latestAction": {
                "actionDate": "2003-02-04",
                "text": "Referred to the Subcommittee on Social Security."
            },
            "number": "25",
            "policyArea": {
                "name": "Social Welfare"
            },
            "title": "Expressing the sense of the Congress that Social Security reform measures should not force State and local government employees into Social Security coverage.",
            "type": "HCONRES",
            "url": "https://api.congress.gov/v3/bill/108/hconres/25?format=json"
        },
        {
            "amendmentNumber": "4",
            "congress": 107,
            "introducedDate": "2001-03-01",
            "latestAction": {
                "actionDate": "2001-03-01",
                "actionTime": "12:44:10",
                "text": "On agreeing to the Green (WI) amendment (A003) Agreed to by voice vote. "
            },
            "type": null,
            "url": "https://api.congress.gov/v3/amendment/107/hamdt/4?format=json"
        },
        {
            "congress": 107,
            "introducedDate": "2002-04-17",
            "latestAction": {
                "actionDate": "2002-04-17",
                "text": "Referred to the House Committee on Ways and Means."
            },
            "number": "4469",
            "policyArea": {
                "name": "Foreign Trade and International Finance"
            },
            "title": "To provide for the duty-free entry of a certain Liberty Bell replica.",
            "type": "HR",
            "url": "https://api.congress.gov/v3/bill/107/hr/4469?format=json"
        },
        {
            "congress": 107,
            "introducedDate": "2001-12-20",
            "latestAction": {
                "actionDate": "2002-01-14",
                "text": "Referred to the Subcommittee on Crime."
            },
            "number": "3579",
            "policyArea": {
                "name": "Crime and Law Enforcement"
            },
            "title": "National Comprehensive Crime-Free Communities Act",
            "type": "HR",
            "url": "https://api.congress.gov/v3/bill/107/hr/3579?format=json"
        },
        {
            "congress": 107,
            "introducedDate": "2001-12-20",
            "latestAction": {
                "actionDate": "2002-01-09",
                "text": "Referred to the Subcommittee on Livestock and Horticulture."
            },
            "number": "3578",
            "policyArea": {
                "name": "Agriculture and Food"
            },
            "title": "National Dairy Policy Act of 2001",
            "type": "HR",
            "url": "https://api.congress.gov/v3/bill/107/hr/3578?format=json"
        },
        {
            "congress": 107,
            "introducedDate": "2001-12-19",
            "latestAction": {
                "actionDate": "2002-02-11",
                "text": "Referred to the Subcommittee on Housing and Community Opportunity."
            },
            "number": "3541",
            "policyArea": {
                "name": "Housing and Community Development"
            },
            "title": "New Hope in Housing Act",
            "type": "HR",
            "url": "https://api.congress.gov/v3/bill/107/hr/3541?format=json"
        },
        {
            "congress": 107,
            "introducedDate": "2001-12-19",
            "latestAction": {
                "actionDate": "2002-01-14",
                "text": "Referred to the Subcommittee on Crime."
            },
            "number": "3542",
            "policyArea": {
                "name": "Crime and Law Enforcement"
            },
            "title": "Blocking Support for Terrorists Act of 2001",
            "type": "HR",
            "url": "https://api.congress.gov/v3/bill/107/hr/3542?format=json"
        },
        {
            "congress": 107,
            "introducedDate": "2001-12-04",
            "latestAction": {
                "actionDate": "2001-12-04",
                "text": "Referred to the House Committee on the Judiciary."
            },
            "number": "3396",
            "policyArea": {
                "name": "Crime and Law Enforcement"
            },
            "title": "Terrorist Aid Prohibition Act of 2001",
            "type": "HR",
            "url": "https://api.congress.gov/v3/bill/107/hr/3396?format=json"
        },
        {
            "congress": 107,
            "introducedDate": "2001-08-02",
            "latestAction": {
                "actionDate": "2001-09-28",
                "text": "Referred to the Subcommittee on Crime."
            },
            "number": "2754",
            "policyArea": {
                "name": "Crime and Law Enforcement"
            },
            "title": "Federal Prison Industries Reform Act of 2001",
            "type": "HR",
            "url": "https://api.congress.gov/v3/bill/107/hr/2754?format=json"
        },
        {
            "congress": 107,
            "introducedDate": "2001-08-02",
            "latestAction": {
                "actionDate": "2001-09-10",
                "text": "Referred to the Subcommittee on Commercial and Administrative Law."
            },
            "number": "2753",
            "policyArea": {
                "name": "Housing and Community Development"
            },
            "title": "Housing Affordability Assurance Act",
            "type": "HR",
            "url": "https://api.congress.gov/v3/bill/107/hr/2753?format=json"
        },
        {
            "congress": 107,
            "introducedDate": "2001-06-19",
            "latestAction": {
                "actionDate": "2002-06-12",
                "text": "Subcommittee Hearings Held."
            },
            "number": "2228",
            "policyArea": {
                "name": "Transportation and Public Works"
            },
            "title": "Maritime Disaster Family Assistance Act of 2001",
            "type": "HR",
            "url": "https://api.congress.gov/v3/bill/107/hr/2228?format=json"
        },
        {
            "congress": 107,
            "introducedDate": "2001-06-13",
            "latestAction": {
                "actionDate": "2002-03-15",
                "text": "Received in the Senate and Read twice and referred to the Committee on the Judiciary."
            },
            "number": "2146",
            "policyArea": {
                "name": "Crime and Law Enforcement"
            },
            "title": "Two Strikes and You're Out Child Protection Act",
            "type": "HR",
            "url": "https://api.congress.gov/v3/bill/107/hr/2146?format=json"
        },
        {
            "congress": 107,
            "introducedDate": "2001-05-25",
            "latestAction": {
                "actionDate": "2001-06-08",
                "text": "Referred to the Subcommittee on Energy and Air Quality."
            },
            "number": "2017",
            "policyArea": {
                "name": "Environmental Protection"
            },
            "title": "To direct the Administrator of the Environmental Protection Agency to conduct a study of the feasibility of developing regional vehicle fuel specifications for the United States and of implementing the use of a uniform blend of gasoline in the Midwest region of the United States.",
            "type": "HR",
            "url": "https://api.congress.gov/v3/bill/107/hr/2017?format=json"
        },
        {
            "congress": 107,
            "introducedDate": "2001-05-01",
            "latestAction": {
                "actionDate": "2001-05-09",
                "text": "Referred to the Subcommittee on Crime."
            },
            "number": "1655",
            "policyArea": {
                "name": "Crime and Law Enforcement"
            },
            "title": "Personal Pictures Protection Act of 2001",
            "type": "HR",
            "url": "https://api.congress.gov/v3/bill/107/hr/1655?format=json"
        },
        {
            "congress": 107,
            "introducedDate": "2001-05-01",
            "latestAction": {
                "actionDate": "2001-05-14",
                "text": "Referred to the Subcommittee on Department Operations, Oversight, Nutrition and Forestry."
            },
            "number": "1654",
            "policyArea": {
                "name": "Public Lands and Natural Resources"
            },
            "title": "To provide for the conveyance of certain National Forest System lands to the towns of Laona and Wabeno, Wisconsin.",
            "type": "HR",
            "url": "https://api.congress.gov/v3/bill/107/hr/1654?format=json"
        },
        {
            "congress": 107,
            "introducedDate": "2001-03-22",
            "latestAction": {
                "actionDate": "2001-03-22",
                "text": "Referred to the House Committee on Ways and Means."
            },
            "number": "1179",
            "policyArea": {
                "name": "Taxation"
            },
            "title": "Family Farm Protection Act",
            "type": "HR",
            "url": "https://api.congress.gov/v3/bill/107/hr/1179?format=json"
        },
        {
            "congress": 107,
            "introducedDate": "2001-03-13",
            "latestAction": {
                "actionDate": "2001-03-26",
                "text": "Referred to the Subcommittee on Housing and Community Opportunity."
            },
            "number": "989",
            "policyArea": {
                "name": "Housing and Community Development"
            },
            "title": "To direct the Secretary of Housing and Urban Development to carry out a 3 year pilot program to assist law enforcement officers purchasing homes in locally-designated at-risk areas.",
            "type": "HR",
            "url": "https://api.congress.gov/v3/bill/107/hr/989?format=json"
        },
        {
            "congress": 107,
            "introducedDate": "2001-02-28",
            "latestAction": {
                "actionDate": "2001-09-26",
                "text": "Referred to the Committee on Governmental Affairs by unanimous consent."
            },
            "number": "788",
            "policyArea": {
                "name": "Public Lands and Natural Resources"
            },
            "title": "To provide for the conveyance of the excess Army Reserve Center in Kewaunee, Wisconsin.",
            "type": "HR",
            "url": "https://api.congress.gov/v3/bill/107/hr/788?format=json"
        },
        {
            "congress": 107,
            "introducedDate": "2001-02-28",
            "latestAction": {
                "actionDate": "2001-03-12",
                "text": "Referred to the Subcommittee on Government Efficiency, Financial Management and Intergovernmental Relations."
            },
            "number": "789",
            "policyArea": {
                "name": "Government Operations and Politics"
            },
            "title": "To require executive agencies to establish expedited review procedures for granting a waiver to a State under a grant program administered by the agency if another State has already been granted a similar waiver by the agency under such program.",
            "type": "HR",
            "url": "https://api.congress.gov/v3/bill/107/hr/789?format=json"
        },
        {
            "congress": 107,
            "introducedDate": "2001-02-14",
            "latestAction": {
                "actionDate": "2001-03-01",
                "text": "Executive Comment Requested from DOD."
            },
            "number": "653",
            "policyArea": {
                "name": "Armed Forces and National Security"
            },
            "title": "A bill to amend title 10, United States Code, to direct the Secretary of the Armyto establish a combat artillery medal.",
            "type": "HR",
            "url": "https://api.congress.gov/v3/bill/107/hr/653?format=json"
        },
        {
            "congress": 107,
            "introducedDate": "2001-02-14",
            "latestAction": {
                "actionDate": "2001-02-23",
                "text": "Referred to the Subcommittee on the Constitution."
            },
            "number": "48",
            "policyArea": {
                "name": "Congress"
            },
            "title": "Directing the Clerk of the House of Representatives to post on the official public Internet site of the House of Representatives all lobbying registrations and reports filed with the Clerk under the Lobbying Disclosure Act of 1995.",
            "type": "HRES",
            "url": "https://api.congress.gov/v3/bill/107/hres/48?format=json"
        },
        {
            "congress": 107,
            "introducedDate": "2001-02-14",
            "latestAction": {
                "actionDate": "2001-02-14",
                "text": "Referred to the House Committee on Government Reform."
            },
            "number": "47",
            "policyArea": {
                "name": "Commemorations"
            },
            "title": "Expressing the sense of the House of Representatives that a postage stamp should be issued honorng American farm women.",
            "type": "HRES",
            "url": "https://api.congress.gov/v3/bill/107/hres/47?format=json"
        },
        {
            "congress": 107,
            "introducedDate": "2001-06-20",
            "latestAction": {
                "actionDate": "2001-07-11",
                "text": "Received in the Senate and referred to the Committee on Banking, Housing, and Urban Affairs."
            },
            "number": "170",
            "policyArea": {
                "name": "Commerce"
            },
            "title": "Encouraging corporations to contribute to faith-based organizations.",
            "type": "HCONRES",
            "url": "https://api.congress.gov/v3/bill/107/hconres/170?format=json"
        },
        {
            "congress": 107,
            "introducedDate": "2001-05-01",
            "latestAction": {
                "actionDate": "2001-05-03",
                "text": "Referred to the Subcommittee on Social Security."
            },
            "number": "120",
            "policyArea": {
                "name": "Social Welfare"
            },
            "title": "Expressing the sense of the Congress that Social Security reform measures should not force State and local government employees into Social Security coverage.",
            "type": "HCONRES",
            "url": "https://api.congress.gov/v3/bill/107/hconres/120?format=json"
        },
        {
            "congress": 107,
            "introducedDate": "2001-02-28",
            "latestAction": {
                "actionDate": "2001-03-06",
                "text": "Referred to the Subcommittee on Fisheries Conservation, Wildlife and Oceans."
            },
            "number": "44",
            "policyArea": {
                "name": "Animals"
            },
            "title": "Recognizing the vital importance of hunting as a legitimate tool of wildlife resource management.",
            "type": "HCONRES",
            "url": "https://api.congress.gov/v3/bill/107/hconres/44?format=json"
        },
        {
            "amendmentNumber": "473",
            "congress": 106,
            "introducedDate": "1999-09-22",
            "latestAction": {
                "actionDate": "1999-09-22",
                "actionTime": "13:31:05",
                "text": "On agreeing to the Green (WI) amendment (A001) Failed by recorded vote: 102 - 323 (Roll no. 430). "
            },
            "type": null,
            "url": "https://api.congress.gov/v3/amendment/106/hamdt/473?format=json"
        },
        {
            "amendmentNumber": "444",
            "congress": 106,
            "introducedDate": "1999-09-09",
            "latestAction": {
                "actionDate": "1999-09-09",
                "actionTime": "16:34:42",
                "text": "By unanimous consent, the Green (WI) amendment was withdrawn. "
            },
            "type": null,
            "url": "https://api.congress.gov/v3/amendment/106/hamdt/444?format=json"
        },
        {
            "amendmentNumber": "185",
            "congress": 106,
            "introducedDate": "1999-06-16",
            "latestAction": {
                "actionDate": "1999-06-16",
                "actionTime": "19:02:57",
                "text": "On agreeing to the Green (WI) amendment (A011) Agreed to by voice vote. "
            },
            "type": null,
            "url": "https://api.congress.gov/v3/amendment/106/hamdt/185?format=json"
        },
        {
            "congress": 106,
            "introducedDate": "2000-10-12",
            "latestAction": {
                "actionDate": "2000-11-20",
                "text": "Referred to the Subcommittee on Crime."
            },
            "number": "5462",
            "policyArea": {
                "name": "Crime and Law Enforcement"
            },
            "title": "Personal Pictures Protection Act of 2000",
            "type": "HR",
            "url": "https://api.congress.gov/v3/bill/106/hr/5462?format=json"
        },
        {
            "congress": 106,
            "introducedDate": "2000-09-26",
            "latestAction": {
                "actionDate": "2000-10-04",
                "text": "Referred to the Subcommittee on Crime."
            },
            "number": "5299",
            "policyArea": {
                "name": "Crime and Law Enforcement"
            },
            "title": "Internet False Identification Prevention Act of 2000",
            "type": "HR",
            "url": "https://api.congress.gov/v3/bill/106/hr/5299?format=json"
        },
        {
            "congress": 106,
            "introducedDate": "2000-06-20",
            "latestAction": {
                "actionDate": "2000-06-20",
                "text": "Referred to the House Committee on the Budget."
            },
            "number": "4698",
            "policyArea": {
                "name": "Economics and Public Finance"
            },
            "title": "To amend the Congressional Budget Act of 1974 to authorize and direct the Director of the Congressional Budget Office to prepare estimates of the impact of proposed Federal agency rules affecting the private sector.",
            "type": "HR",
            "url": "https://api.congress.gov/v3/bill/106/hr/4698?format=json"
        },
        {
            "congress": 106,
            "introducedDate": "2000-05-04",
            "latestAction": {
                "actionDate": "2000-05-04",
                "text": "Referred to the House Committee on Ways and Means."
            },
            "number": "4381",
            "policyArea": {
                "name": "Taxation"
            },
            "title": "To amend the Internal Revenue Code of 1986 to provide that income averaging for farmers shall be applied by taking into account negative taxable income during the base period years.",
            "type": "HR",
            "url": "https://api.congress.gov/v3/bill/106/hr/4381?format=json"
        },
        {
            "congress": 106,
            "introducedDate": "2000-03-21",
            "latestAction": {
                "actionDate": "2000-07-26",
                "text": "Received in the Senate and Read twice and referred to the Committee on the Judiciary."
            },
            "number": "4047",
            "policyArea": {
                "name": "Crime and Law Enforcement"
            },
            "title": "Two Strikes and You're Out Child Protection Act",
            "type": "HR",
            "url": "https://api.congress.gov/v3/bill/106/hr/4047?format=json"
        },
        {
            "congress": 106,
            "introducedDate": "2000-02-10",
            "latestAction": {
                "actionDate": "2000-05-26",
                "text": "Became Public Law No: 106-211."
            },
            "number": "3629",
            "policyArea": {
                "name": "Education"
            },
            "title": "To amend the Higher Education Act of 1965 to improve the program for American Indian Tribal Colleges and Universities under part A of title III.",
            "type": "HR",
            "url": "https://api.congress.gov/v3/bill/106/hr/3629?format=json"
        },
        {
            "congress": 106,
            "introducedDate": "2000-02-08",
            "latestAction": {
                "actionDate": "2000-02-15",
                "text": "Referred to the Subcommittee on Commercial and Administrative Law."
            },
            "number": "3592",
            "policyArea": {
                "name": "Congress"
            },
            "title": "To establish the permanent Joint Committee for Review of Administrative Rules to review rules of Federal agencies and to amend chapter 8 of title 5 of the United States Code.",
            "type": "HR",
            "url": "https://api.congress.gov/v3/bill/106/hr/3592?format=json"
        },
        {
            "congress": 106,
            "introducedDate": "1999-11-18",
            "latestAction": {
                "actionDate": "1999-12-01",
                "text": "Referred to the Subcommittee on Courts and Intellectual Property."
            },
            "number": "3470",
            "policyArea": {
                "name": "Law"
            },
            "title": "Federal Judgeship for Northeastern Wisconsin Act",
            "type": "HR",
            "url": "https://api.congress.gov/v3/bill/106/hr/3470?format=json"
        },
        {
            "congress": 106,
            "introducedDate": "1999-10-07",
            "latestAction": {
                "actionDate": "1999-10-07",
                "text": "Referred to the House Committee on Armed Services."
            },
            "number": "3043",
            "policyArea": {
                "name": "Armed Forces and National Security"
            },
            "title": "To amend title 10, United States Code, to direct the Secretary of the Army to establish a combat artillery medal.",
            "type": "HR",
            "url": "https://api.congress.gov/v3/bill/106/hr/3043?format=json"
        },
        {
            "congress": 106,
            "introducedDate": "1999-09-23",
            "latestAction": {
                "actionDate": "1999-10-08",
                "text": "Referred to the Subcommittee on Housing and Community Opportunity."
            },
            "number": "2931",
            "policyArea": {
                "name": "Housing and Community Development"
            },
            "title": "To direct the Secretary of Housing and Urban Development to carry out a 3 year pilot program to assist law enforcement officers purchasing homes in locally-designated high-crime areas.",
            "type": "HR",
            "url": "https://api.congress.gov/v3/bill/106/hr/2931?format=json"
        },
        {
            "congress": 106,
            "introducedDate": "1999-09-14",
            "latestAction": {
                "actionDate": "1999-09-24",
                "text": "Referred to the Subcommittee on Housing and Community Opportunity."
            },
            "number": "2860",
            "policyArea": {
                "name": "Housing and Community Development"
            },
            "title": "To authorize the Secretary of Housing and Urban Development to carry out a pilot program to provide homeownership assistance to disabled families.",
            "type": "HR",
            "url": "https://api.congress.gov/v3/bill/106/hr/2860?format=json"
        },
        {
            "congress": 106,
            "introducedDate": "1999-09-14",
            "latestAction": {
                "actionDate": "1999-09-22",
                "text": "Executive Comment Requested from Interior."
            },
            "number": "2861",
            "policyArea": {
                "name": "Public Lands and Natural Resources"
            },
            "title": "To require the Secretary of the Interior to conduct a study on and develop recommendations to increase the safety of visitors to units of the National Park System.",
            "type": "HR",
            "url": "https://api.congress.gov/v3/bill/106/hr/2861?format=json"
        },
        {
            "congress": 106,
            "introducedDate": "1999-06-29",
            "latestAction": {
                "actionDate": "1999-11-05",
                "text": "Forwarded by Subcommittee to Full Committee (Amended) by Voice Vote."
            },
            "number": "2376",
            "policyArea": {
                "name": "Government Operations and Politics"
            },
            "title": "To require executive agencies to establish expedited review procedures for granting a waiver to a State under a grant program administered by the agency if another State has already been granted a similar waiver by the agency under such program.",
            "type": "HR",
            "url": "https://api.congress.gov/v3/bill/106/hr/2376?format=json"
        },
        {
            "congress": 106,
            "introducedDate": "1999-05-27",
            "latestAction": {
                "actionDate": "1999-06-08",
                "text": "Referred to the Subcommittee on Crime."
            },
            "number": "1989",
            "policyArea": {
                "name": "Crime and Law Enforcement"
            },
            "title": "Two Strikes and You're Out Child Protection Act of 1999",
            "type": "HR",
            "url": "https://api.congress.gov/v3/bill/106/hr/1989?format=json"
        },
        {
            "congress": 106,
            "introducedDate": "1999-05-25",
            "latestAction": {
                "actionDate": "1999-06-04",
                "text": "Referred to the Subcommittee on Crime."
            },
            "number": "1925",
            "policyArea": {
                "name": "Crime and Law Enforcement"
            },
            "title": "Safe Parks Act of 1999",
            "type": "HR",
            "url": "https://api.congress.gov/v3/bill/106/hr/1925?format=json"
        },
        {
            "congress": 106,
            "introducedDate": "1999-05-12",
            "latestAction": {
                "actionDate": "1999-05-12",
                "text": "Referred to the House Committee on Resources."
            },
            "number": "1780",
            "policyArea": {
                "name": "Native Americans"
            },
            "title": "To provide for the settlement of claims of the Menominee Indian Tribe of Wisconsin.",
            "type": "HR",
            "url": "https://api.congress.gov/v3/bill/106/hr/1780?format=json"
        },
        {
            "congress": 106,
            "introducedDate": "1999-04-29",
            "latestAction": {
                "actionDate": "1999-05-10",
                "text": "Referred to the Subcommittee on the Census."
            },
            "number": "1632",
            "policyArea": {
                "name": "Government Operations and Politics"
            },
            "title": "To provide that certain attribution rules be applied with respect to the counting of certain prisoners in a decennial census of population.",
            "type": "HR",
            "url": "https://api.congress.gov/v3/bill/106/hr/1632?format=json"
        },
        {
            "congress": 106,
            "introducedDate": "1999-04-13",
            "latestAction": {
                "actionDate": "1999-04-15",
                "text": "Sponsor introductory remarks on measure. (CR E663-664)"
            },
            "number": "1386",
            "policyArea": {
                "name": "Taxation"
            },
            "title": "Family Farm Protection Act",
            "type": "HR",
            "url": "https://api.congress.gov/v3/bill/106/hr/1386?format=json"
        },
        {
            "congress": 106,
            "introducedDate": "2000-10-10",
            "latestAction": {
                "actionDate": "2000-10-16",
                "text": "Referred to the Subcommittee on Postal Service."
            },
            "number": "619",
            "policyArea": {
                "name": "Commemorations"
            },
            "title": "Expressing the sense of the House of Representatives that the United States Postal Service should issue a postage stamp commemorating the Pulitzer Prize winning author Edna Ferber.",
            "type": "HRES",
            "url": "https://api.congress.gov/v3/bill/106/hres/619?format=json"
        },
        {
            "congress": 106,
            "introducedDate": "2000-04-05",
            "latestAction": {
                "actionDate": "2000-10-04",
                "text": "Referred to the Subcommittee on the Constitution."
            },
            "number": "462",
            "policyArea": {
                "name": "Congress"
            },
            "title": "Directing the Clerk of the House of Representatives to post on the official public Internet site of the House of Representatives all lobbying registrations and reports filed with the Clerk under the Lobbying Disclosure Act of 1995.",
            "type": "HRES",
            "url": "https://api.congress.gov/v3/bill/106/hres/462?format=json"
        },
        {
            "congress": 106,
            "introducedDate": "1999-11-16",
            "latestAction": {
                "actionDate": "1999-11-16",
                "text": "Referred to the House Committee on Resources."
            },
            "number": "378",
            "policyArea": {
                "name": "Animals"
            },
            "title": "Recognizing the vital importance of hunting as a legitimate tool of wildlife resource management.",
            "type": "HRES",
            "url": "https://api.congress.gov/v3/bill/106/hres/378?format=json"
        },
        {
            "congress": 106,
            "introducedDate": "1999-10-14",
            "latestAction": {
                "actionDate": "1999-11-16",
                "text": "Referred to the Subcommittee on Asia and the Pacific."
            },
            "number": "332",
            "policyArea": {
                "name": "International Affairs"
            },
            "title": "Condemning the communist regime in Laos for its many human rights abuses, including its role in the abduction of United States citizens Houa Ly and Michael Vang.",
            "type": "HRES",
            "url": "https://api.congress.gov/v3/bill/106/hres/332?format=json"
        },
        {
            "congress": 106,
            "introducedDate": "1999-06-16",
            "latestAction": {
                "actionDate": "1999-06-21",
                "text": "Referred to the Subcommittee on Postal Service."
            },
            "number": "213",
            "policyArea": {
                "name": "Commemorations"
            },
            "title": "Expressing the sense of the House of Representatives that a postage stamp should be issued honoring American farm women.",
            "type": "HRES",
            "url": "https://api.congress.gov/v3/bill/106/hres/213?format=json"
        },
        {
            "congress": 106,
            "introducedDate": "1999-05-19",
            "latestAction": {
                "actionDate": "1999-10-04",
                "actionTime": "18:23:43",
                "text": "Motion to reconsider laid on the table Agreed to without objection."
            },
            "number": "181",
            "policyArea": {
                "name": "International Affairs"
            },
            "title": "Condemning the kidnapping and murder by the Revolutionary Armed Forces of Colombia (FARC) of 3 United States citizens, Ingrid Washinawatok, Terence Freitas, and Lahe'ena'e Gay.",
            "type": "HRES",
            "url": "https://api.congress.gov/v3/bill/106/hres/181?format=json"
        },
        {
            "congress": 106,
            "introducedDate": "1999-05-06",
            "latestAction": {
                "actionDate": "1999-05-11",
                "text": "Referred to the Subcommittee on Social Security."
            },
            "number": "101",
            "policyArea": {
                "name": "Social Welfare"
            },
            "title": "Expressing the sense of the Congress that Social Security reform measures should not force State and local government employees into Social Security coverage.",
            "type": "HCONRES",
            "url": "https://api.congress.gov/v3/bill/106/hconres/101?format=json"
        }
    ]
}