{
    "pagination": {
        "count": 15
    },
    "request": {
        "bioguideId": "b001314",
        "contentType": "application/json",
        "format": "json"
    },
    "sponsoredLegislation": [
        {
            "congress": 118,
            "introducedDate": "2024-06-18",
            "latestAction": {
                "actionDate": "2024-06-18",
                "text": "Referred to the Committee on Oversight and Accountability, and in addition to the Committees on Appropriations, and Transportation and Infrastructure, for a period to be subsequently determined by the Speaker, in each case for consideration of such provisions as fall within the jurisdiction of the committee concerned."
            },
            "number": "8777",
            "policyArea": {
                "name": null
            },
            "title": "To rescind unobligated Covid-19 relief funds and certain infrastructure funds to offset the cost of the supplemental foreign assistance made available for fiscal year 2024, and for other purposes.",
            "type": "HR",
            "url": "https://api.congress.gov/v3/bill/118/hr/8777?format=json"
        },
        {
            "congress": 118,
            "introducedDate": "2024-06-07",
            "latestAction": {
                "actionDate": "2024-07-05",
                "text": "Placed on the Union Calendar, Calendar No. 476."
            },
            "number": "8649",
            "policyArea": {
                "name": null
            },
            "title": "Transparency in Reporting of Adversarial Contributions to Education Act",
            "type": "HR",
            "url": "https://api.congress.gov/v3/bill/118/hr/8649?format=json"
        },
        {
            "congress": 118,
            "introducedDate": "2024-04-20",
            "latestAction": {
                "actionDate": "2024-04-20",
                "text": "Referred to the House Committee on Transportation and Infrastructure."
            },
            "number": "8101",
            "policyArea": {
                "name": null
            },
            "title": "Maintaining Cooperative Permitting Act of 2024",
            "type": "HR",
            "url": "https://api.congress.gov/v3/bill/118/hr/8101?format=json"
        },
        {
            "amendmentNumber": "873",
            "congress": 118,
            "introducedDate": "2024-03-21",
            "latestAction": {
                "actionDate": "2024-03-21",
                "actionTime": "16:11:47",
                "text": "On agreeing to the Bean (FL) amendment (A006) Agreed to by voice vote."
            },
            "type": null,
            "url": "https://api.congress.gov/v3/amendment/118/hamdt/873?format=json"
        },
        {
            "congress": 118,
            "introducedDate": "2024-01-11",
            "latestAction": {
                "actionDate": "2024-01-11",
                "text": "Referred to the House Committee on Oversight and Accountability."
            },
            "number": "6958",
            "policyArea": {
                "name": "Government Operations and Politics"
            },
            "title": "Cabinet Accountability and Transparency Act",
            "type": "HR",
            "url": "https://api.congress.gov/v3/bill/118/hr/6958?format=json"
        },
        {
            "congress": 118,
            "introducedDate": "2023-11-15",
            "latestAction": {
                "actionDate": "2023-11-15",
                "text": "Referred to the Committee on Education and the Workforce, and in addition to the Committee on the Judiciary, for a period to be subsequently determined by the Speaker, in each case for consideration of such provisions as fall within the jurisdiction of the committee concerned."
            },
            "number": "6419",
            "policyArea": {
                "name": "Education"
            },
            "title": "Ending Subsidies for Pro-Terrorist Activity on Campus Act",
            "type": "HR",
            "url": "https://api.congress.gov/v3/bill/118/hr/6419?format=json"
        },
        {
            "congress": 118,
            "introducedDate": "2023-07-17",
            "latestAction": {
                "actionDate": "2023-12-04",
                "text": "Received in the Senate and Read twice and referred to the Committee on Small Business and Entrepreneurship."
            },
            "number": "4666",
            "policyArea": {
                "name": "Commerce"
            },
            "title": "To require the Inspector General of the Small Business Administration to submit a quarterly report on fraud relating to certain COVID-19 loans.",
            "type": "HR",
            "url": "https://api.congress.gov/v3/bill/118/hr/4666?format=json"
        },
        {
            "congress": 118,
            "introducedDate": "2023-08-18",
            "latestAction": {
                "actionDate": "2023-08-18",
                "text": "Referred to the House Committee on Education and the Workforce."
            },
            "number": "5224",
            "policyArea": {
                "name": "Crime and Law Enforcement"
            },
            "title": "Missing Children's Assistance Reauthorization Act of 2023",
            "type": "HR",
            "url": "https://api.congress.gov/v3/bill/118/hr/5224?format=json"
        },
        {
            "congress": 118,
            "introducedDate": "2023-08-01",
            "latestAction": {
                "actionDate": "2023-08-01",
                "text": "Referred to the Committee on Education and the Workforce, and in addition to the Committee on Appropriations, for a period to be subsequently determined by the Speaker, in each case for consideration of such provisions as fall within the jurisdiction of the committee concerned."
            },
            "number": "5095",
            "policyArea": {
                "name": "Government Operations and Politics"
            },
            "title": "FREEZE Act",
            "type": "HR",
            "url": "https://api.congress.gov/v3/bill/118/hr/5095?format=json"
        },
        {
            "congress": 118,
            "introducedDate": "2023-06-09",
            "latestAction": {
                "actionDate": "2024-05-07",
                "text": "Became Public Law No: 118-58."
            },
            "number": "3947",
            "policyArea": {
                "name": "Government Operations and Politics"
            },
            "title": "To designate the facility of the United States Postal Service located at 859 North State Road 21 in Melrose, Florida, as the \"Pamela Jane Rock Post Office Building\".",
            "type": "HR",
            "url": "https://api.congress.gov/v3/bill/118/hr/3947?format=json"
        },
        {
            "congress": 118,
            "introducedDate": "2023-06-09",
            "latestAction": {
                "actionDate": "2023-06-09",
                "text": "Referred to the House Committee on Oversight and Accountability."
            },
            "number": "485",
            "policyArea": {
                "name": "Health"
            },
            "title": "Expressing support for the designation of \"Batten Disease Awareness Day\" on June 9.",
            "type": "HRES",
            "url": "https://api.congress.gov/v3/bill/118/hres/485?format=json"
        },
        {
            "congress": 118,
            "introducedDate": "2023-05-25",
            "latestAction": {
                "actionDate": "2023-06-09",
                "text": "Referred to the Subcommittee on Federal Lands."
            },
            "number": "3670",
            "policyArea": {
                "name": "Armed Forces and National Security"
            },
            "title": "National POW/MIA Memorial and Museum Act",
            "type": "HR",
            "url": "https://api.congress.gov/v3/bill/118/hr/3670?format=json"
        },
        {
            "congress": 118,
            "introducedDate": "2023-05-18",
            "latestAction": {
                "actionDate": "2023-05-18",
                "text": "Referred to the House Committee on Oversight and Accountability."
            },
            "number": "3469",
            "policyArea": {
                "name": "Government Operations and Politics"
            },
            "title": "To designate the facility of the United States Postal Service located at 100 Mathe Avenue in Interlachen, Florida, as the \"Pamela Jane Rock Post Office Building\".",
            "type": "HR",
            "url": "https://api.congress.gov/v3/bill/118/hr/3469?format=json"
        },
        {
            "congress": 118,
            "introducedDate": "2023-04-20",
            "latestAction": {
                "actionDate": "2023-04-20",
                "text": "Referred to the House Committee on Oversight and Accountability."
            },
            "number": "2744",
            "policyArea": {
                "name": "Government Operations and Politics"
            },
            "title": "Freedom from Government Competition Act of 2023",
            "type": "HR",
            "url": "https://api.congress.gov/v3/bill/118/hr/2744?format=json"
        },
        {
            "amendmentNumber": "672",
            "congress": 118,
            "introducedDate": "2023-11-08",
            "latestAction": {
                "actionDate": "2023-11-08",
                "actionTime": "15:13:13",
                "text": "On agreeing to the Bean (FL) amendment (A017) Failed by recorded vote: 205 - 220 (Roll no. 631). "
            },
            "type": null,
            "url": "https://api.congress.gov/v3/amendment/118/hamdt/672?format=json"
        }
    ]
}