{
    "pagination": {
        "count": 38
    },
    "request": {
        "bioguideId": "r000072",
        "contentType": "application/json",
        "format": "json"
    },
    "sponsoredLegislation": [
        {
            "congress": 100,
            "introducedDate": "1988-06-08",
            "latestAction": {
                "actionDate": "1988-06-13",
                "text": "Referred to Subcommittee on Coast Guard and Navigation."
            },
            "number": "4765",
            "policyArea": {
                "name": "Transportation and Public Works"
            },
            "title": "A bill to direct the Secretary of the department in which the Coast Guard is operating to transfer the Coast Guard vessel INGHAM to the Naval and Maritime Museum at Patriots Point, South Carolina.",
            "type": "HR",
            "url": "https://api.congress.gov/v3/bill/100/hr/4765?format=json"
        },
        {
            "congress": 100,
            "introducedDate": "1988-03-09",
            "latestAction": {
                "actionDate": "1988-03-21",
                "text": "Referred to Subcommittee on Water Resources."
            },
            "number": "4120",
            "policyArea": {
                "name": "Environmental Protection"
            },
            "title": "A bill to amend the Federal Water Pollution Control Act to include Charleston Harbor, South Carolina, in the National estuary program.",
            "type": "HR",
            "url": "https://api.congress.gov/v3/bill/100/hr/4120?format=json"
        },
        {
            "congress": 100,
            "introducedDate": "1988-02-17",
            "latestAction": {
                "actionDate": "1988-09-08",
                "text": "Became Public Law No: 100-421."
            },
            "number": "3960",
            "policyArea": {
                "name": "Public Lands and Natural Resources"
            },
            "title": "Charles Pinckney National Historic Site Act",
            "type": "HR",
            "url": "https://api.congress.gov/v3/bill/100/hr/3960?format=json"
        },
        {
            "congress": 100,
            "introducedDate": "1987-07-28",
            "latestAction": {
                "actionDate": "1987-08-03",
                "text": "Referred to Subcommittee on Courts, Civil Liberties, and the Administration of Justice."
            },
            "number": "3033",
            "policyArea": {
                "name": "Civil Rights and Liberties, Minority Issues"
            },
            "title": "Protection for Institutionalized Disabled Individuals Amendments Act of 1987",
            "type": "HR",
            "url": "https://api.congress.gov/v3/bill/100/hr/3033?format=json"
        },
        {
            "congress": 100,
            "introducedDate": "1987-01-21",
            "latestAction": {
                "actionDate": "1988-08-23",
                "text": "Provisions of Measure Incorporated Into H.R.4848."
            },
            "number": "684",
            "policyArea": {
                "name": "Foreign Trade and International Finance"
            },
            "title": "A bill to amend the Tariff Schedules of the United States to continue the suspension of any duty on menthol feedstocks.",
            "type": "HR",
            "url": "https://api.congress.gov/v3/bill/100/hr/684?format=json"
        },
        {
            "congress": 100,
            "introducedDate": "1988-03-16",
            "latestAction": {
                "actionDate": "1988-03-28",
                "text": "Referred to Subcommittee on Water Resources."
            },
            "number": "405",
            "policyArea": {
                "name": "Water Resources Development"
            },
            "title": "A resolution relating to a survey of the shores of the State of South Carolina in the interest of beach erosion control, hurricane protection, and related purposes.",
            "type": "HRES",
            "url": "https://api.congress.gov/v3/bill/100/hres/405?format=json"
        },
        {
            "amendmentNumber": "182",
            "congress": 101,
            "introducedDate": "1989-07-25",
            "latestAction": {
                "actionDate": "1989-07-25",
                "actionTime": "16:40:43",
                "text": "On agreeing to the Ravenel amendment (A018) Failed by Division vote: 1 - 2. "
            },
            "type": null,
            "url": "https://api.congress.gov/v3/amendment/101/hamdt/182?format=json"
        },
        {
            "congress": 101,
            "introducedDate": "1990-10-17",
            "latestAction": {
                "actionDate": "1990-11-19",
                "text": "Referred to the Subcommittee on Health and the Environment."
            },
            "number": "5851",
            "policyArea": {
                "name": "Health"
            },
            "title": "To amend title XVIII of the Social Security Act to provide coverage under part B of Medicare for air fluidized bead bed therapy in nursing facilities.",
            "type": "HR",
            "url": "https://api.congress.gov/v3/bill/101/hr/5851?format=json"
        },
        {
            "congress": 101,
            "introducedDate": "1990-09-28",
            "latestAction": {
                "actionDate": "1990-09-28",
                "text": "Referred to the House Committee on Veterans' Affairs."
            },
            "number": "5754",
            "policyArea": {
                "name": "Armed Forces and National Security"
            },
            "title": "To designate the Department of Veterans Affairs medical center in Charleston, South Carolina, as the \"Ralph H. Johnson Department of Veterans Affairs Medical Center\".",
            "type": "HR",
            "url": "https://api.congress.gov/v3/bill/101/hr/5754?format=json"
        },
        {
            "congress": 101,
            "introducedDate": "1989-05-25",
            "latestAction": {
                "actionDate": "1989-05-25",
                "text": "Referred to the House Committee on Veterans' Affairs."
            },
            "number": "2506",
            "policyArea": {
                "name": "Armed Forces and National Security"
            },
            "title": "To provide for the Secretary of Veterans Affairs to construct a joint medical research center for the Department of Veterans Affairs and the Medical University of South Carolina in Charleston, South Carolina, under a cost-sharing agreement.",
            "type": "HR",
            "url": "https://api.congress.gov/v3/bill/101/hr/2506?format=json"
        },
        {
            "congress": 101,
            "introducedDate": "1989-04-12",
            "latestAction": {
                "actionDate": "1990-08-20",
                "text": "See H.R.1594."
            },
            "number": "1822",
            "policyArea": {
                "name": "Foreign Trade and International Finance"
            },
            "title": "To suspend temporarily the duty on anthraquinone (AQ).",
            "type": "HR",
            "url": "https://api.congress.gov/v3/bill/101/hr/1822?format=json"
        },
        {
            "congress": 101,
            "introducedDate": "1989-04-12",
            "latestAction": {
                "actionDate": "1990-08-20",
                "text": "See H.R.1594."
            },
            "number": "1821",
            "policyArea": {
                "name": "Foreign Trade and International Finance"
            },
            "title": "To provide duty-free treatment for certain menthol feedstocks.",
            "type": "HR",
            "url": "https://api.congress.gov/v3/bill/101/hr/1821?format=json"
        },
        {
            "congress": 101,
            "introducedDate": "1989-03-15",
            "latestAction": {
                "actionDate": "1990-05-02",
                "text": "Unfavorable Executive Comment Received from Commerce."
            },
            "number": "1443",
            "policyArea": {
                "name": "Foreign Trade and International Finance"
            },
            "title": "To suspend temporarily the duty on Resolin Red F3BS Components I and II.",
            "type": "HR",
            "url": "https://api.congress.gov/v3/bill/101/hr/1443?format=json"
        },
        {
            "congress": 101,
            "introducedDate": "1989-03-15",
            "latestAction": {
                "actionDate": "1989-09-15",
                "text": "Executive Comment Received from ITC."
            },
            "number": "1445",
            "policyArea": {
                "name": "Foreign Trade and International Finance"
            },
            "title": "To suspend temporarily the duty on pentachlorobenzenethiol.",
            "type": "HR",
            "url": "https://api.congress.gov/v3/bill/101/hr/1445?format=json"
        },
        {
            "congress": 101,
            "introducedDate": "1989-03-15",
            "latestAction": {
                "actionDate": "1990-08-20",
                "text": "See H.R.1594."
            },
            "number": "1447",
            "policyArea": {
                "name": "Foreign Trade and International Finance"
            },
            "title": "To suspend temporarily the duty on Trimethyl Base.",
            "type": "HR",
            "url": "https://api.congress.gov/v3/bill/101/hr/1447?format=json"
        },
        {
            "congress": 101,
            "introducedDate": "1989-03-15",
            "latestAction": {
                "actionDate": "1989-09-28",
                "text": "Executive Comment Received from ITC."
            },
            "number": "1444",
            "policyArea": {
                "name": "Foreign Trade and International Finance"
            },
            "title": "To suspend temporarily the duty on DMSS.",
            "type": "HR",
            "url": "https://api.congress.gov/v3/bill/101/hr/1444?format=json"
        },
        {
            "congress": 101,
            "introducedDate": "1989-03-15",
            "latestAction": {
                "actionDate": "1990-08-20",
                "text": "See H.R.1594."
            },
            "number": "1446",
            "policyArea": {
                "name": "Foreign Trade and International Finance"
            },
            "title": "To suspend temporarily the duty on paramine acid.",
            "type": "HR",
            "url": "https://api.congress.gov/v3/bill/101/hr/1446?format=json"
        },
        {
            "congress": 101,
            "introducedDate": "1990-07-10",
            "latestAction": {
                "actionDate": "1990-07-13",
                "text": "Referred to the Subcommittee on Census and Population."
            },
            "number": "617",
            "policyArea": {
                "name": "Health"
            },
            "title": "To designate the month of September, 1990, as \"National Awareness Month of Children with Cancer\".",
            "type": "HJRES",
            "url": "https://api.congress.gov/v3/bill/101/hjres/617?format=json"
        },
        {
            "congress": 102,
            "introducedDate": "1991-11-13",
            "latestAction": {
                "actionDate": "1991-11-13",
                "text": "Referred to the House Committee on Ways and Means."
            },
            "number": "3766",
            "policyArea": {
                "name": "Taxation"
            },
            "title": "Buyer Encouragement Act",
            "type": "HR",
            "url": "https://api.congress.gov/v3/bill/102/hr/3766?format=json"
        },
        {
            "congress": 102,
            "introducedDate": "1991-06-13",
            "latestAction": {
                "actionDate": "1991-12-19",
                "text": "Text of Measure Incorporated in H.R.1776."
            },
            "number": "2655",
            "policyArea": {
                "name": "Private Legislation"
            },
            "title": "To clear certain impediments to the licensing of a vessel for employment in the coastwise trade and fisheries of the United States.",
            "type": "HR",
            "url": "https://api.congress.gov/v3/bill/102/hr/2655?format=json"
        },
        {
            "congress": 102,
            "introducedDate": "1991-04-22",
            "latestAction": {
                "actionDate": "1992-02-26",
                "text": "See H.R.4318."
            },
            "number": "1980",
            "policyArea": {
                "name": "Foreign Trade and International Finance"
            },
            "title": "To extend until January 1, 1996, the existing suspension of duty on Anthraquinone.",
            "type": "HR",
            "url": "https://api.congress.gov/v3/bill/102/hr/1980?format=json"
        },
        {
            "congress": 102,
            "introducedDate": "1991-04-22",
            "latestAction": {
                "actionDate": "1992-02-26",
                "text": "See H.R.4318."
            },
            "number": "1981",
            "policyArea": {
                "name": "Foreign Trade and International Finance"
            },
            "title": "To extend until January 1, 1996, the existing suspensions of duty on certain chemicals.",
            "type": "HR",
            "url": "https://api.congress.gov/v3/bill/102/hr/1981?format=json"
        },
        {
            "congress": 102,
            "introducedDate": "1991-04-22",
            "latestAction": {
                "actionDate": "1992-02-26",
                "text": "See H.R.4318."
            },
            "number": "1977",
            "policyArea": {
                "name": "Foreign Trade and International Finance"
            },
            "title": "To suspend until January 1, 1996, the duty on pentachlorothiophenol.",
            "type": "HR",
            "url": "https://api.congress.gov/v3/bill/102/hr/1977?format=json"
        },
        {
            "congress": 102,
            "introducedDate": "1991-04-22",
            "latestAction": {
                "actionDate": "1992-02-26",
                "text": "See H.R.4318."
            },
            "number": "1984",
            "policyArea": {
                "name": "Foreign Trade and International Finance"
            },
            "title": "To provide permanent duty-free treatment for certain menthol feedstocks.",
            "type": "HR",
            "url": "https://api.congress.gov/v3/bill/102/hr/1984?format=json"
        },
        {
            "congress": 102,
            "introducedDate": "1991-04-22",
            "latestAction": {
                "actionDate": "1992-02-26",
                "text": "See H.R.4318."
            },
            "number": "1978",
            "policyArea": {
                "name": "Foreign Trade and International Finance"
            },
            "title": "To extend until January 1, 1996, the existing suspension of duty on Paramine Acid.",
            "type": "HR",
            "url": "https://api.congress.gov/v3/bill/102/hr/1978?format=json"
        },
        {
            "congress": 102,
            "introducedDate": "1991-04-22",
            "latestAction": {
                "actionDate": "1992-02-26",
                "text": "See H.R.4318."
            },
            "number": "1983",
            "policyArea": {
                "name": "Foreign Trade and International Finance"
            },
            "title": "To suspend until January 1, 1996, the duty on Resolin Red F3BS components I and II.",
            "type": "HR",
            "url": "https://api.congress.gov/v3/bill/102/hr/1983?format=json"
        },
        {
            "congress": 102,
            "introducedDate": "1991-04-22",
            "latestAction": {
                "actionDate": "1992-02-26",
                "text": "See H.R.4318."
            },
            "number": "1979",
            "policyArea": {
                "name": "Foreign Trade and International Finance"
            },
            "title": "To suspend until January 1, 1996, the duty on dimethyl succinyl succinate.",
            "type": "HR",
            "url": "https://api.congress.gov/v3/bill/102/hr/1979?format=json"
        },
        {
            "congress": 102,
            "introducedDate": "1991-04-22",
            "latestAction": {
                "actionDate": "1992-02-26",
                "text": "See H.R.4318."
            },
            "number": "1982",
            "policyArea": {
                "name": "Foreign Trade and International Finance"
            },
            "title": "To extend until January 1, 1996, the existing suspension of duty on Trimethyl Base.",
            "type": "HR",
            "url": "https://api.congress.gov/v3/bill/102/hr/1982?format=json"
        },
        {
            "congress": 102,
            "introducedDate": "1991-09-24",
            "latestAction": {
                "actionDate": "1991-10-07",
                "text": "Referred to the Subcommittee on Human Rights and International Organizations."
            },
            "number": "228",
            "policyArea": {
                "name": "International Affairs"
            },
            "title": "Expressing the sense of the House of Representatives that the President should communicate to the leaders of the Government of the People's Republic of China the concern of the United States for the welfare of Wang Juntao and Chen Ziming and call for the their immediate release from prison.",
            "type": "HRES",
            "url": "https://api.congress.gov/v3/bill/102/hres/228?format=json"
        },
        {
            "congress": 103,
            "introducedDate": "1993-05-19",
            "latestAction": {
                "actionDate": "1993-10-29",
                "text": "Executive Comment Received from ITC."
            },
            "number": "2185",
            "policyArea": {
                "name": "Foreign Trade and International Finance"
            },
            "title": "To suspend until January 1, 1996, the duty on Resolin Red F3BS Components I and II.",
            "type": "HR",
            "url": "https://api.congress.gov/v3/bill/103/hr/2185?format=json"
        },
        {
            "congress": 103,
            "introducedDate": "1993-05-19",
            "latestAction": {
                "actionDate": "1993-09-30",
                "text": "Executive Comment Received from ITC."
            },
            "number": "2181",
            "policyArea": {
                "name": "Foreign Trade and International Finance"
            },
            "title": "To extend until January 1, 1996, the previously existing suspension of duty on Trimethyl Base.",
            "type": "HR",
            "url": "https://api.congress.gov/v3/bill/103/hr/2181?format=json"
        },
        {
            "congress": 103,
            "introducedDate": "1993-05-19",
            "latestAction": {
                "actionDate": "1993-09-27",
                "text": "Executive Comment Received from ITC."
            },
            "number": "2179",
            "policyArea": {
                "name": "Foreign Trade and International Finance"
            },
            "title": "To extend until January 1, 1996, the previously existing suspension of duty on anthraquinone.",
            "type": "HR",
            "url": "https://api.congress.gov/v3/bill/103/hr/2179?format=json"
        },
        {
            "congress": 103,
            "introducedDate": "1993-05-19",
            "latestAction": {
                "actionDate": "1993-09-30",
                "text": "Executive Comment Received from ITC."
            },
            "number": "2184",
            "policyArea": {
                "name": "Foreign Trade and International Finance"
            },
            "title": "To suspend until January 1, 1995, the duty on chromotropic acid.",
            "type": "HR",
            "url": "https://api.congress.gov/v3/bill/103/hr/2184?format=json"
        },
        {
            "congress": 103,
            "introducedDate": "1993-05-19",
            "latestAction": {
                "actionDate": "1993-09-30",
                "text": "Executive Comment Received from ITC."
            },
            "number": "2180",
            "policyArea": {
                "name": "Foreign Trade and International Finance"
            },
            "title": "To extend until January 1, 1996, the previously existing suspension of duty on Paramine Acid.",
            "type": "HR",
            "url": "https://api.congress.gov/v3/bill/103/hr/2180?format=json"
        },
        {
            "congress": 103,
            "introducedDate": "1993-05-19",
            "latestAction": {
                "actionDate": "1993-11-02",
                "text": "Executive Comment Received from ITC."
            },
            "number": "2186",
            "policyArea": {
                "name": "Foreign Trade and International Finance"
            },
            "title": "To suspend until January 1, 1996, the duty on dimethyl succinyl succinate.",
            "type": "HR",
            "url": "https://api.congress.gov/v3/bill/103/hr/2186?format=json"
        },
        {
            "congress": 103,
            "introducedDate": "1993-05-19",
            "latestAction": {
                "actionDate": "1993-09-30",
                "text": "Executive Comment Received from ITC."
            },
            "number": "2182",
            "policyArea": {
                "name": "Foreign Trade and International Finance"
            },
            "title": "To extend until January 1, 1996, the previously existing suspensions of duty on certain chemicals.",
            "type": "HR",
            "url": "https://api.congress.gov/v3/bill/103/hr/2182?format=json"
        },
        {
            "congress": 103,
            "introducedDate": "1993-05-19",
            "latestAction": {
                "actionDate": "1993-09-30",
                "text": "Executive Comment Received from ITC."
            },
            "number": "2183",
            "policyArea": {
                "name": "Foreign Trade and International Finance"
            },
            "title": "To extend until January 1, 1996, the previously existing suspension of duty on naphthalic acid anhydride.",
            "type": "HR",
            "url": "https://api.congress.gov/v3/bill/103/hr/2183?format=json"
        },
        {
            "congress": 103,
            "introducedDate": "1993-03-09",
            "latestAction": {
                "actionDate": "1994-09-28",
                "text": "See H.R.5110."
            },
            "number": "1266",
            "policyArea": {
                "name": "Foreign Trade and International Finance"
            },
            "title": "To provide permanent duty-free treatment for certain menthol feedstocks.",
            "type": "HR",
            "url": "https://api.congress.gov/v3/bill/103/hr/1266?format=json"
        }
    ]
}