{
    "pagination": {
        "count": 110
    },
    "request": {
        "bioguideId": "f000424",
        "contentType": "application/json",
        "format": "json"
    },
    "sponsoredLegislation": [
        {
            "congress": 93,
            "introducedDate": "1974-08-22",
            "latestAction": {
                "actionDate": "1974-08-22",
                "text": "Referred to House Committee on Post Office and Civil Service."
            },
            "number": "16546",
            "policyArea": {
                "name": null
            },
            "title": "A bill relating to collective bargaining representation of postal employees.",
            "type": "HR",
            "url": "https://api.congress.gov/v3/bill/93/hr/16546?format=json"
        },
        {
            "congress": 93,
            "introducedDate": "1974-07-29",
            "latestAction": {
                "actionDate": "1974-07-29",
                "text": "Referred to House Committee on Ways and Means."
            },
            "number": "16146",
            "policyArea": {
                "name": "Taxation"
            },
            "title": "A bill to exempt from Federal income taxation certain nonprofit corporations all of whose members are tax-exempt credit unions.",
            "type": "HR",
            "url": "https://api.congress.gov/v3/bill/93/hr/16146?format=json"
        },
        {
            "congress": 93,
            "introducedDate": "1974-07-09",
            "latestAction": {
                "actionDate": "1974-07-09",
                "text": "Referred to House Committee on Interstate and Foreign Commerce."
            },
            "number": "15804",
            "policyArea": {
                "name": "Energy"
            },
            "title": "A bill to provide for protection of franchised dealers in petroleum products.",
            "type": "HR",
            "url": "https://api.congress.gov/v3/bill/93/hr/15804?format=json"
        },
        {
            "congress": 93,
            "introducedDate": "1974-06-13",
            "latestAction": {
                "actionDate": "1974-06-13",
                "text": "Referred to House Committee on Ways and Means."
            },
            "number": "15370",
            "policyArea": {
                "name": "Health"
            },
            "title": "A bill to amend title XVIII of the Social Security Act.",
            "type": "HR",
            "url": "https://api.congress.gov/v3/bill/93/hr/15370?format=json"
        },
        {
            "congress": 93,
            "introducedDate": "1974-05-30",
            "latestAction": {
                "actionDate": "1974-05-30",
                "text": "Referred to House Committee on Interstate and Foreign Commerce."
            },
            "number": "15128",
            "policyArea": {
                "name": "Health"
            },
            "title": "Nurse Training Act",
            "type": "HR",
            "url": "https://api.congress.gov/v3/bill/93/hr/15128?format=json"
        },
        {
            "congress": 93,
            "introducedDate": "1974-05-29",
            "latestAction": {
                "actionDate": "1974-05-29",
                "text": "Referred to House Committee on Ways and Means."
            },
            "number": "15041",
            "policyArea": {
                "name": "Health"
            },
            "title": "Health Care Insurance Act",
            "type": "HR",
            "url": "https://api.congress.gov/v3/bill/93/hr/15041?format=json"
        },
        {
            "congress": 93,
            "introducedDate": "1974-04-30",
            "latestAction": {
                "actionDate": "1974-04-30",
                "text": "Referred to House Committee on Banking and Currency."
            },
            "number": "14470",
            "policyArea": {
                "name": "Commerce"
            },
            "title": "A bill to authorize payments to any small business which suffers financial loss because customer access to such business is interfered with by certain Federal urban development projects.",
            "type": "HR",
            "url": "https://api.congress.gov/v3/bill/93/hr/14470?format=json"
        },
        {
            "congress": 93,
            "introducedDate": "1974-04-25",
            "latestAction": {
                "actionDate": "1974-04-25",
                "text": "Referred to House Committee on the Judiciary."
            },
            "number": "14423",
            "policyArea": {
                "name": "Arts, Culture, Religion"
            },
            "title": "A bill to amend title 17 of the United States Code to remove the expiration date provided in Public law 92-140 which authorized the creation of a limited copyright in sound recordings for the purpose of protecting against unauthorized duplication and piracy of sound recordings, to increase the criminal penalties for piracy and counterfeiting of sound recordings, and for other purposes.",
            "type": "HR",
            "url": "https://api.congress.gov/v3/bill/93/hr/14423?format=json"
        },
        {
            "congress": 93,
            "introducedDate": "1974-04-24",
            "latestAction": {
                "actionDate": "1974-04-24",
                "text": "Referred to House Committee on Education and Labor."
            },
            "number": "14378",
            "policyArea": {
                "name": "Social Welfare"
            },
            "title": "Economic Opportunity Amendments",
            "type": "HR",
            "url": "https://api.congress.gov/v3/bill/93/hr/14378?format=json"
        },
        {
            "congress": 93,
            "introducedDate": "1974-04-10",
            "latestAction": {
                "actionDate": "1974-04-10",
                "text": "Referred to House Committee on Interstate and Foreign Commerce."
            },
            "number": "14161",
            "policyArea": {
                "name": "Environmental Protection"
            },
            "title": "Solid Waste Energy Recovery Act",
            "type": "HR",
            "url": "https://api.congress.gov/v3/bill/93/hr/14161?format=json"
        },
        {
            "congress": 93,
            "introducedDate": "1974-04-03",
            "latestAction": {
                "actionDate": "1974-04-03",
                "text": "Referred to House Committee on Education and Labor."
            },
            "number": "13933",
            "policyArea": {
                "name": "Social Welfare"
            },
            "title": "Economic Opportunity Amendments",
            "type": "HR",
            "url": "https://api.congress.gov/v3/bill/93/hr/13933?format=json"
        },
        {
            "congress": 93,
            "introducedDate": "1974-04-03",
            "latestAction": {
                "actionDate": "1974-04-03",
                "text": "Referred to House Committee on Post Office and Civil Service."
            },
            "number": "13934",
            "policyArea": {
                "name": "Government Operations and Politics"
            },
            "title": "A bill to amend title 5, United States Code, to restore or grant family member status for coverage under the Federal employees health benefits program of a child under age 22 who lost or was not granted such coverage because of marriage later terminated by divorce or death of spouse.",
            "type": "HR",
            "url": "https://api.congress.gov/v3/bill/93/hr/13934?format=json"
        },
        {
            "congress": 93,
            "introducedDate": "1974-04-03",
            "latestAction": {
                "actionDate": "1974-04-03",
                "text": "Referred to House Committee on Ways and Means."
            },
            "number": "13935",
            "policyArea": {
                "name": "Education"
            },
            "title": "A bill to amend the Internal Revenue Code of 1954 to allow a credit against income tax to individuals for certain expenses incurred in providing higher education.",
            "type": "HR",
            "url": "https://api.congress.gov/v3/bill/93/hr/13935?format=json"
        },
        {
            "congress": 93,
            "introducedDate": "1974-03-25",
            "latestAction": {
                "actionDate": "1974-03-25",
                "text": "Referred to House Committee on Ways and Means."
            },
            "number": "13694",
            "policyArea": {
                "name": "Taxation"
            },
            "title": "A bill to amend the Internal Revenue Code of 1954 to provide that the requirement of filing certain returns and the tax on unrelated business income shall not apply to certain nonprofit social clubs, domestic fraternal societies, and veterans organizations.",
            "type": "HR",
            "url": "https://api.congress.gov/v3/bill/93/hr/13694?format=json"
        },
        {
            "congress": 93,
            "introducedDate": "1974-03-25",
            "latestAction": {
                "actionDate": "1974-03-25",
                "text": "Referred to House Committee on Ways and Means."
            },
            "number": "13693",
            "policyArea": {
                "name": "Taxation"
            },
            "title": "A bill to amend the Internal Revenue Code of 1954 with respect to lobbying by certain types of exempt organizations.",
            "type": "HR",
            "url": "https://api.congress.gov/v3/bill/93/hr/13693?format=json"
        },
        {
            "congress": 93,
            "introducedDate": "1974-03-25",
            "latestAction": {
                "actionDate": "1974-03-25",
                "text": "Referred to House Committee on Ways and Means."
            },
            "number": "13695",
            "policyArea": {
                "name": "Health"
            },
            "title": "A bill to amend title XVIII of the Social Security Act to provide for a voluntary insurance program to allow medicare home patients to receive prescribed drugs.",
            "type": "HR",
            "url": "https://api.congress.gov/v3/bill/93/hr/13695?format=json"
        },
        {
            "congress": 93,
            "introducedDate": "1974-03-14",
            "latestAction": {
                "actionDate": "1974-03-14",
                "text": "Referred to House Committee on Ways and Means."
            },
            "number": "13495",
            "policyArea": {
                "name": "Environmental Protection"
            },
            "title": "A bill to amend the Internal Revenue Code of 1954 to provide income tax incentives to improve the economics of recycling waste paper.",
            "type": "HR",
            "url": "https://api.congress.gov/v3/bill/93/hr/13495?format=json"
        },
        {
            "congress": 93,
            "introducedDate": "1974-02-20",
            "latestAction": {
                "actionDate": "1974-02-20",
                "text": "Referred to House Committee on Interstate and Foreign Commerce."
            },
            "number": "12930",
            "policyArea": {
                "name": "Science, Technology, Communications"
            },
            "title": "A bill to repeal the Emergency Daylight Saving Time Energy Conservation Act of 1973.",
            "type": "HR",
            "url": "https://api.congress.gov/v3/bill/93/hr/12930?format=json"
        },
        {
            "congress": 93,
            "introducedDate": "1974-02-05",
            "latestAction": {
                "actionDate": "1974-02-05",
                "text": "Referred to House Committee on Ways and Means."
            },
            "number": "12561",
            "policyArea": {
                "name": "Health"
            },
            "title": "A bill to amend titles XVIII and XIX of the Social Security Act to provide an optional, simplified, method of reimbursement for physicians' services under the medicare and medicaid programs for each State on the basis of a fee schedule, uniform through such State, and to authorize reimbursement to participating physicians in the full fee schedule, amounts (with collection of the applicable deductibles and coinsurance from patients becoming the responsibility of the Federal program.",
            "type": "HR",
            "url": "https://api.congress.gov/v3/bill/93/hr/12561?format=json"
        },
        {
            "congress": 93,
            "introducedDate": "1974-01-23",
            "latestAction": {
                "actionDate": "1974-01-23",
                "text": "Referred to House Committee on Ways and Means."
            },
            "number": "12237",
            "policyArea": {
                "name": "Health"
            },
            "title": "Health Care Insurance Act",
            "type": "HR",
            "url": "https://api.congress.gov/v3/bill/93/hr/12237?format=json"
        },
        {
            "congress": 93,
            "introducedDate": "1974-01-22",
            "latestAction": {
                "actionDate": "1974-01-22",
                "text": "Referred to House Committee on Interstate and Foreign Commerce."
            },
            "number": "12199",
            "policyArea": {
                "name": "Science, Technology, Communications"
            },
            "title": "A bill to repeal the Emergency Daylight Saving Time Energy Conservation Act of 1973.",
            "type": "HR",
            "url": "https://api.congress.gov/v3/bill/93/hr/12199?format=json"
        },
        {
            "congress": 93,
            "introducedDate": "1973-11-30",
            "latestAction": {
                "actionDate": "1973-11-30",
                "text": "Referred to House Committee on the Judiciary."
            },
            "number": "11694",
            "policyArea": {
                "name": "Government Operations and Politics"
            },
            "title": "A bill to amend the act of February 24, 1925, incorporating the American War Mothers, to permit certain stepmothers and adopted mothers to be members of that organization.",
            "type": "HR",
            "url": "https://api.congress.gov/v3/bill/93/hr/11694?format=json"
        },
        {
            "congress": 93,
            "introducedDate": "1973-11-14",
            "latestAction": {
                "actionDate": "1973-11-14",
                "text": "Referred to House Committee on Ways and Means."
            },
            "number": "11484",
            "policyArea": {
                "name": "Taxation"
            },
            "title": "A bill to amend section 101 (1) (3) of the Tax Reform Act of 1969 in respect of the application of section 4942(d) of the Internal Revenue Code of 1954 to private foundations subject to section 101 (1) (4) of the Tax Reform Act of 1969.",
            "type": "HR",
            "url": "https://api.congress.gov/v3/bill/93/hr/11484?format=json"
        },
        {
            "congress": 93,
            "introducedDate": "1973-10-23",
            "latestAction": {
                "actionDate": "1973-10-23",
                "text": "Referred to House Committee on Agriculture."
            },
            "number": "11049",
            "policyArea": {
                "name": "Rural affairs legislation"
            },
            "title": "A bill to amend the Consolidated Farm and Rural Development Act.",
            "type": "HR",
            "url": "https://api.congress.gov/v3/bill/93/hr/11049?format=json"
        },
        {
            "congress": 93,
            "introducedDate": "1973-10-12",
            "latestAction": {
                "actionDate": "1973-10-12",
                "text": "Referred to House Committee on Ways and Means."
            },
            "number": "10888",
            "policyArea": {
                "name": "Energy"
            },
            "title": "A bill to amend the Internal Revenue Code of 1954 to encourage the use of recycled oils.",
            "type": "HR",
            "url": "https://api.congress.gov/v3/bill/93/hr/10888?format=json"
        },
        {
            "congress": 93,
            "introducedDate": "1973-10-01",
            "latestAction": {
                "actionDate": "1973-10-01",
                "text": "Referred to House Committee on Science and Astronautics."
            },
            "number": "10604",
            "policyArea": {
                "name": "Emergency Management"
            },
            "title": "Fire Prevention and Control Act",
            "type": "HR",
            "url": "https://api.congress.gov/v3/bill/93/hr/10604?format=json"
        },
        {
            "congress": 93,
            "introducedDate": "1973-07-23",
            "latestAction": {
                "actionDate": "1973-07-23",
                "text": "Referred to House Committee on Ways and Means."
            },
            "number": "9477",
            "policyArea": {
                "name": "Health"
            },
            "title": "Health Care Insurance Act",
            "type": "HR",
            "url": "https://api.congress.gov/v3/bill/93/hr/9477?format=json"
        },
        {
            "congress": 93,
            "introducedDate": "1973-07-20",
            "latestAction": {
                "actionDate": "1973-07-20",
                "text": "Referred to House Committee on Ways and Means."
            },
            "number": "9449",
            "policyArea": {
                "name": "Health"
            },
            "title": "Health Care Insurance Act",
            "type": "HR",
            "url": "https://api.congress.gov/v3/bill/93/hr/9449?format=json"
        },
        {
            "congress": 93,
            "introducedDate": "1973-07-17",
            "latestAction": {
                "actionDate": "1973-07-17",
                "text": "Referred to House Committee on Ways and Means."
            },
            "number": "9325",
            "policyArea": {
                "name": "Taxation"
            },
            "title": "A bill to amend the Internal Revenue Code of 1954 to provide that the privilege of filing joint returns shall be available only in the case of marriage partners having equal ownership, management, and control of the income, assets, and liabilities of the marriage partnership.",
            "type": "HR",
            "url": "https://api.congress.gov/v3/bill/93/hr/9325?format=json"
        },
        {
            "congress": 93,
            "introducedDate": "1973-07-17",
            "latestAction": {
                "actionDate": "1973-07-17",
                "text": "Referred to House Committee on Ways and Means."
            },
            "number": "9324",
            "policyArea": {
                "name": "Social Welfare"
            },
            "title": "A bill to accelerate the effective date of the recently enacted increase in social security benefits.",
            "type": "HR",
            "url": "https://api.congress.gov/v3/bill/93/hr/9324?format=json"
        },
        {
            "congress": 93,
            "introducedDate": "1973-07-17",
            "latestAction": {
                "actionDate": "1973-07-17",
                "text": "Referred to House Committee on the Judiciary."
            },
            "number": "9323",
            "policyArea": {
                "name": "Vietnamese Conflict"
            },
            "title": "A bill for the relief of certain orphans in Vietnam.",
            "type": "HR",
            "url": "https://api.congress.gov/v3/bill/93/hr/9323?format=json"
        },
        {
            "congress": 93,
            "introducedDate": "1973-06-22",
            "latestAction": {
                "actionDate": "1973-06-22",
                "text": "Referred to House Committee on Post Office and Civil Service."
            },
            "number": "8945",
            "policyArea": {
                "name": "Government Operations and Politics"
            },
            "title": "A bill to establish an arbitration board to settle disputes between supervisory organizations and the U.S. Postal Service.",
            "type": "HR",
            "url": "https://api.congress.gov/v3/bill/93/hr/8945?format=json"
        },
        {
            "congress": 93,
            "introducedDate": "1973-06-15",
            "latestAction": {
                "actionDate": "1973-06-15",
                "text": "Referred to House Committee on Post Office and Civil Service."
            },
            "number": "8725",
            "policyArea": {
                "name": "Government Operations and Politics"
            },
            "title": "Postal Reorganization Act Amendments",
            "type": "HR",
            "url": "https://api.congress.gov/v3/bill/93/hr/8725?format=json"
        },
        {
            "congress": 93,
            "introducedDate": "1973-06-15",
            "latestAction": {
                "actionDate": "1973-06-15",
                "text": "Referred to House Committee on Post Office and Civil Service."
            },
            "number": "8724",
            "policyArea": {
                "name": "Government Operations and Politics"
            },
            "title": "Postal Reorganization Act Amendments",
            "type": "HR",
            "url": "https://api.congress.gov/v3/bill/93/hr/8724?format=json"
        },
        {
            "congress": 93,
            "introducedDate": "1973-06-14",
            "latestAction": {
                "actionDate": "1973-06-14",
                "text": "Referred to House Committee on Ways and Means."
            },
            "number": "8705",
            "policyArea": {
                "name": "Commerce"
            },
            "title": "Small Business Tax Simplification and Reform Act",
            "type": "HR",
            "url": "https://api.congress.gov/v3/bill/93/hr/8705?format=json"
        },
        {
            "congress": 93,
            "introducedDate": "1973-06-15",
            "latestAction": {
                "actionDate": "1973-06-15",
                "text": "Referred to House Committee on Ways and Means."
            },
            "number": "8726",
            "policyArea": {
                "name": "Foreign Trade and International Finance"
            },
            "title": "A bill to amend the Tariff Schedules of the United States to provide that certain forms of zinc be admitted free of duty.",
            "type": "HR",
            "url": "https://api.congress.gov/v3/bill/93/hr/8726?format=json"
        },
        {
            "congress": 93,
            "introducedDate": "1973-06-07",
            "latestAction": {
                "actionDate": "1973-06-07",
                "text": "Referred to House Committee on Ways and Means."
            },
            "number": "8518",
            "policyArea": {
                "name": "Foreign Trade and International Finance"
            },
            "title": "Footwear Articles Import Relief Trade Act",
            "type": "HR",
            "url": "https://api.congress.gov/v3/bill/93/hr/8518?format=json"
        },
        {
            "congress": 93,
            "introducedDate": "1973-05-31",
            "latestAction": {
                "actionDate": "1973-05-31",
                "text": "Referred to House Committee on Ways and Means."
            },
            "number": "8273",
            "policyArea": {
                "name": "Social Welfare"
            },
            "title": "A bill to repeal section 411 of the Social Security Amendments of 1972, thereby restoring the right of aged, blind, and disabled individuals who receive assistance under title XVI of the Social Security Act after 1973 to participate in the food stamp and surplus commodities programs.",
            "type": "HR",
            "url": "https://api.congress.gov/v3/bill/93/hr/8273?format=json"
        },
        {
            "congress": 93,
            "introducedDate": "1973-05-23",
            "latestAction": {
                "actionDate": "1973-05-23",
                "text": "Referred to House Committee on Ways and Means."
            },
            "number": "8077",
            "policyArea": {
                "name": "Health"
            },
            "title": "A bill to amend section 1903 of the Social Security Act to remove limits on payments for skilled nursing homes and intermediate care facilities.",
            "type": "HR",
            "url": "https://api.congress.gov/v3/bill/93/hr/8077?format=json"
        },
        {
            "congress": 93,
            "introducedDate": "1973-05-22",
            "latestAction": {
                "actionDate": "1973-05-22",
                "text": "Referred to House Committee on Ways and Means."
            },
            "number": "8010",
            "policyArea": {
                "name": "Crime and Law Enforcement"
            },
            "title": "A bill to amend the Internal Revenue Code of 1954 to provide that pensions paid to retired law enforcement officers shall not be subject to the income tax.",
            "type": "HR",
            "url": "https://api.congress.gov/v3/bill/93/hr/8010?format=json"
        },
        {
            "congress": 93,
            "introducedDate": "1973-05-22",
            "latestAction": {
                "actionDate": "1973-05-22",
                "text": "Referred to House Committee on Ways and Means."
            },
            "number": "8011",
            "policyArea": {
                "name": "Health"
            },
            "title": "A bill to amend section 1903 of the Social Security Act to remove limits on payments for skilled nursing homes and intermediate care facilities.",
            "type": "HR",
            "url": "https://api.congress.gov/v3/bill/93/hr/8011?format=json"
        },
        {
            "congress": 93,
            "introducedDate": "1973-05-22",
            "latestAction": {
                "actionDate": "1973-05-22",
                "text": "Referred to House Committee on Interstate and Foreign Commerce."
            },
            "number": "8008",
            "policyArea": {
                "name": "Health"
            },
            "title": "National Health Research Fellowship and Traineeship Act",
            "type": "HR",
            "url": "https://api.congress.gov/v3/bill/93/hr/8008?format=json"
        },
        {
            "congress": 93,
            "introducedDate": "1973-05-22",
            "latestAction": {
                "actionDate": "1973-05-22",
                "text": "Referred to House Committee on the Judiciary."
            },
            "number": "8009",
            "policyArea": {
                "name": "Government Operations and Politics"
            },
            "title": "A bill to amend title 5 of the United States Code with respect to the observance of Veterans Day.",
            "type": "HR",
            "url": "https://api.congress.gov/v3/bill/93/hr/8009?format=json"
        },
        {
            "congress": 93,
            "introducedDate": "1973-05-08",
            "latestAction": {
                "actionDate": "1973-05-08",
                "text": "Referred to House Committee on Veterans' Affairs."
            },
            "number": "7598",
            "policyArea": {
                "name": "Armed Forces and National Security"
            },
            "title": "World War I Pension Act",
            "type": "HR",
            "url": "https://api.congress.gov/v3/bill/93/hr/7598?format=json"
        },
        {
            "congress": 93,
            "introducedDate": "1973-05-03",
            "latestAction": {
                "actionDate": "1973-05-03",
                "text": "Referred to House Committee on the Judiciary."
            },
            "number": "7533",
            "policyArea": {
                "name": "Private Legislation"
            },
            "title": "A bill for the relief of Charles R. Davis, Glena R. Faris, James E. Lampley, Rubin Leskoff, Joseph R. Loller, Barry M. Murphy, Claude T. Pearce, William V. Pippin, Wesley Richards, Robert D. Ridley, and Berry E. Skinner.",
            "type": "HR",
            "url": "https://api.congress.gov/v3/bill/93/hr/7533?format=json"
        },
        {
            "congress": 93,
            "introducedDate": "1973-05-03",
            "latestAction": {
                "actionDate": "1973-05-03",
                "text": "Referred to House Committee on Armed Services."
            },
            "number": "7465",
            "policyArea": {
                "name": "Public Lands and Natural Resources"
            },
            "title": "A bill to amend title 32, United States Code, to provide that Army and Air Force National Guard technicians shall not be required to wear the military uniform while performing their duties in a civilian status.",
            "type": "HR",
            "url": "https://api.congress.gov/v3/bill/93/hr/7465?format=json"
        },
        {
            "congress": 93,
            "introducedDate": "1973-05-03",
            "latestAction": {
                "actionDate": "1973-05-03",
                "text": "Referred to House Committee on Interstate and Foreign Commerce."
            },
            "number": "7468",
            "policyArea": {
                "name": "Health"
            },
            "title": "A bill to promote public health and welfare by expanding and improving the family planning services and population sciences research activities of the Federal Government, and for other purposes.",
            "type": "HR",
            "url": "https://api.congress.gov/v3/bill/93/hr/7468?format=json"
        },
        {
            "congress": 93,
            "introducedDate": "1973-05-03",
            "latestAction": {
                "actionDate": "1973-05-03",
                "text": "Referred to House Committee on Armed Services."
            },
            "number": "7466",
            "policyArea": {
                "name": "Armed Forces and National Security"
            },
            "title": "A bill to amend title 10, United States Code, to permit the recomputation of retired pay of certain members and former members of the armed forces.",
            "type": "HR",
            "url": "https://api.congress.gov/v3/bill/93/hr/7466?format=json"
        },
        {
            "congress": 93,
            "introducedDate": "1973-05-03",
            "latestAction": {
                "actionDate": "1973-05-03",
                "text": "Referred to House Committee on Interstate and Foreign Commerce."
            },
            "number": "7467",
            "policyArea": {
                "name": "Health"
            },
            "title": "A bill to promote public health and welfare by expanding and improving the family planning services and population research activities of the Federal Government, and for other purposes.",
            "type": "HR",
            "url": "https://api.congress.gov/v3/bill/93/hr/7467?format=json"
        },
        {
            "congress": 93,
            "introducedDate": "1973-04-17",
            "latestAction": {
                "actionDate": "1973-04-17",
                "text": "Referred to House Committee on Ways and Means."
            },
            "number": "7107",
            "policyArea": {
                "name": "Taxation"
            },
            "title": "A bill to extend to all unmarried individuals the full tax benefits of income splitting now enjoyed by married individuals filing joint returns.",
            "type": "HR",
            "url": "https://api.congress.gov/v3/bill/93/hr/7107?format=json"
        },
        {
            "congress": 93,
            "introducedDate": "1973-04-17",
            "latestAction": {
                "actionDate": "1973-04-17",
                "text": "Referred to House Committee on Ways and Means."
            },
            "number": "7108",
            "policyArea": {
                "name": "Social Welfare"
            },
            "title": "Health Care Insurance Act",
            "type": "HR",
            "url": "https://api.congress.gov/v3/bill/93/hr/7108?format=json"
        },
        {
            "congress": 93,
            "introducedDate": "1973-04-17",
            "latestAction": {
                "actionDate": "1973-04-17",
                "text": "Referred to House Committee on Interstate and Foreign Commerce."
            },
            "number": "7106",
            "policyArea": {
                "name": null
            },
            "title": "Food Supplement Amendment",
            "type": "HR",
            "url": "https://api.congress.gov/v3/bill/93/hr/7106?format=json"
        },
        {
            "congress": 93,
            "introducedDate": "1973-04-11",
            "latestAction": {
                "actionDate": "1973-04-11",
                "text": "Referred to House Committee on Veterans' Affairs."
            },
            "number": "6835",
            "policyArea": {
                "name": "Armed Forces and National Security"
            },
            "title": "Veterans' Administration Accountability Act",
            "type": "HR",
            "url": "https://api.congress.gov/v3/bill/93/hr/6835?format=json"
        },
        {
            "congress": 93,
            "introducedDate": "1973-04-05",
            "latestAction": {
                "actionDate": "1973-04-05",
                "text": "Referred to House Committee on Interstate and Foreign Commerce."
            },
            "number": "6641",
            "policyArea": {
                "name": "Health"
            },
            "title": "National Diabetes Act",
            "type": "HR",
            "url": "https://api.congress.gov/v3/bill/93/hr/6641?format=json"
        },
        {
            "congress": 93,
            "introducedDate": "1973-04-05",
            "latestAction": {
                "actionDate": "1974-10-26",
                "text": "Public law 93-490."
            },
            "number": "6642",
            "policyArea": {
                "name": "Foreign Trade and International Finance"
            },
            "title": "An Act to suspend the duties of certain bicycle parts and accessories until the close of December 31, 1976, and for other purposes.",
            "type": "HR",
            "url": "https://api.congress.gov/v3/bill/93/hr/6642?format=json"
        },
        {
            "congress": 93,
            "introducedDate": "1973-03-28",
            "latestAction": {
                "actionDate": "1973-03-28",
                "text": "Referred to House Committee on Ways and Means."
            },
            "number": "6235",
            "policyArea": {
                "name": "Taxation"
            },
            "title": "A bill to amend the Internal Revenue Code of 1954 to provide an exclusion from gross income for the interest on certain governmental obligations the proceeds of which are used to provide hospital facilities.",
            "type": "HR",
            "url": "https://api.congress.gov/v3/bill/93/hr/6235?format=json"
        },
        {
            "congress": 93,
            "introducedDate": "1973-03-22",
            "latestAction": {
                "actionDate": "1973-03-22",
                "text": "Referred to House Committee on Ways and Means.."
            },
            "number": "6036",
            "policyArea": {
                "name": "Foreign Trade and International Finance"
            },
            "title": "Textile and Footwear Quota Act",
            "type": "HR",
            "url": "https://api.congress.gov/v3/bill/93/hr/6036?format=json"
        },
        {
            "congress": 93,
            "introducedDate": "1973-03-22",
            "latestAction": {
                "actionDate": "1973-03-22",
                "text": "Referred to House Committee on Government Operations.."
            },
            "number": "6035",
            "policyArea": {
                "name": "Government Operations and Politics"
            },
            "title": "A bill to amend the Federal Property and Administrative Services Act of 1949 to permit rescue squads to obtain surplus property.",
            "type": "HR",
            "url": "https://api.congress.gov/v3/bill/93/hr/6035?format=json"
        },
        {
            "congress": 93,
            "introducedDate": "1973-03-13",
            "latestAction": {
                "actionDate": "1973-03-13",
                "text": "Referred to House Committee on Ways and Means.."
            },
            "number": "5503",
            "policyArea": {
                "name": "Taxation"
            },
            "title": "A bill to amend  the Internal Revenue Code of 1954 to raise the limitation on used property taken into account for purposes of the investment credit from $50,000 to $150,000.",
            "type": "HR",
            "url": "https://api.congress.gov/v3/bill/93/hr/5503?format=json"
        },
        {
            "congress": 93,
            "introducedDate": "1973-03-07",
            "latestAction": {
                "actionDate": "1973-03-07",
                "text": "Referred to House Committee on Ways and Means."
            },
            "number": "5281",
            "policyArea": {
                "name": "Government Operations and Politics"
            },
            "title": "A bill to permit officers and employees of the Federal Government to elect coverage under the old-age, survivors, and disability insurance system.",
            "type": "HR",
            "url": "https://api.congress.gov/v3/bill/93/hr/5281?format=json"
        },
        {
            "congress": 93,
            "introducedDate": "1973-03-06",
            "latestAction": {
                "actionDate": "1973-03-06",
                "text": "Referred to House Committee on Ways and Means."
            },
            "number": "5226",
            "policyArea": {
                "name": "Health"
            },
            "title": "Health Care Insurance Act",
            "type": "HR",
            "url": "https://api.congress.gov/v3/bill/93/hr/5226?format=json"
        },
        {
            "congress": 93,
            "introducedDate": "1973-03-01",
            "latestAction": {
                "actionDate": "1973-03-01",
                "text": "Referred to House Committee on Ways and Means."
            },
            "number": "5039",
            "policyArea": {
                "name": "Health"
            },
            "title": "Health Care Insurance Act",
            "type": "HR",
            "url": "https://api.congress.gov/v3/bill/93/hr/5039?format=json"
        },
        {
            "congress": 93,
            "introducedDate": "1973-03-01",
            "latestAction": {
                "actionDate": "1973-03-01",
                "text": "Referred to House Committee on Ways and Means."
            },
            "number": "5038",
            "policyArea": {
                "name": "Health"
            },
            "title": "Health Care Insurance Act",
            "type": "HR",
            "url": "https://api.congress.gov/v3/bill/93/hr/5038?format=json"
        },
        {
            "congress": 93,
            "introducedDate": "1973-02-27",
            "latestAction": {
                "actionDate": "1973-02-27",
                "text": "Referred to House Committee on Ways and Means."
            },
            "number": "4784",
            "policyArea": {
                "name": "Foreign Trade and International Finance"
            },
            "title": "A bill to create a special tariff provision for imported glycine and related products.",
            "type": "HR",
            "url": "https://api.congress.gov/v3/bill/93/hr/4784?format=json"
        },
        {
            "congress": 93,
            "introducedDate": "1973-02-27",
            "latestAction": {
                "actionDate": "1973-02-27",
                "text": "Referred to House Committee on Ways and Means."
            },
            "number": "4783",
            "policyArea": {
                "name": "Foreign Trade and International Finance"
            },
            "title": "A bill to amend section 516 of the Tariff Act of 1930.",
            "type": "HR",
            "url": "https://api.congress.gov/v3/bill/93/hr/4783?format=json"
        },
        {
            "congress": 93,
            "introducedDate": "1973-02-27",
            "latestAction": {
                "actionDate": "1973-02-27",
                "text": "Referred to House Committee on Public Works."
            },
            "number": "4782",
            "policyArea": {
                "name": "Environmental Protection"
            },
            "title": "A bill concerning the allocation of water pollution control funds among the States in fiscal 1973 and fiscal 1974.",
            "type": "HR",
            "url": "https://api.congress.gov/v3/bill/93/hr/4782?format=json"
        },
        {
            "congress": 93,
            "introducedDate": "1973-02-22",
            "latestAction": {
                "actionDate": "1973-02-22",
                "text": "Referred to House Committee on Ways and Means."
            },
            "number": "4626",
            "policyArea": {
                "name": "Taxation"
            },
            "title": "A bill to amend section 411(c) of the Tax Reform Act of 1969.",
            "type": "HR",
            "url": "https://api.congress.gov/v3/bill/93/hr/4626?format=json"
        },
        {
            "congress": 93,
            "introducedDate": "1973-02-21",
            "latestAction": {
                "actionDate": "1973-02-21",
                "text": "Referred to House Committee on Public Works."
            },
            "number": "4582",
            "policyArea": {
                "name": "Private Legislation"
            },
            "title": "For the relief of the Andrew Jackson Lodge Numbered 5, Fraternal Order of Police, of Nashville, Tennessee.",
            "type": "HR",
            "url": "https://api.congress.gov/v3/bill/93/hr/4582?format=json"
        },
        {
            "congress": 93,
            "introducedDate": "1973-02-21",
            "latestAction": {
                "actionDate": "1973-02-21",
                "text": "Referred to House Committee on Ways and Means."
            },
            "number": "4520",
            "policyArea": {
                "name": "Taxation"
            },
            "title": "A bill to amend section 832(e) of the Internal Revenue Code of 1954.",
            "type": "HR",
            "url": "https://api.congress.gov/v3/bill/93/hr/4520?format=json"
        },
        {
            "congress": 93,
            "introducedDate": "1973-02-05",
            "latestAction": {
                "actionDate": "1973-02-05",
                "text": "Referred to House Committee on Ways and Means."
            },
            "number": "3629",
            "policyArea": {
                "name": "Housing and Community Development"
            },
            "title": "A bill to amend section 832(e) of the Internal Revenue Code of 1954.",
            "type": "HR",
            "url": "https://api.congress.gov/v3/bill/93/hr/3629?format=json"
        },
        {
            "congress": 93,
            "introducedDate": "1973-02-05",
            "latestAction": {
                "actionDate": "1973-02-05",
                "text": "Referred to House Committee on Judiciary."
            },
            "number": "3628",
            "policyArea": {
                "name": "Crime and Law Enforcement"
            },
            "title": "A bill to extend benefits under section 8191 of title 5, United States Code, to law enforcement officers and firemen not employed by the United States who are killed or totally disabled in the line of duty.",
            "type": "HR",
            "url": "https://api.congress.gov/v3/bill/93/hr/3628?format=json"
        },
        {
            "congress": 93,
            "introducedDate": "1973-02-05",
            "latestAction": {
                "actionDate": "1973-08-16",
                "text": "Public law 93-101."
            },
            "number": "3630",
            "policyArea": {
                "name": "Foreign Trade and International Finance"
            },
            "title": "An Act to extend until September 30, 1975, the suspension of duty on certain dyeing and tanning products and to include logwood among such products.",
            "type": "HR",
            "url": "https://api.congress.gov/v3/bill/93/hr/3630?format=json"
        },
        {
            "congress": 93,
            "introducedDate": "1973-01-18",
            "latestAction": {
                "actionDate": "1973-01-18",
                "text": "Referred to House Committee on Ways and Means."
            },
            "number": "2226",
            "policyArea": {
                "name": "Health"
            },
            "title": "Health Care Insurance Act",
            "type": "HR",
            "url": "https://api.congress.gov/v3/bill/93/hr/2226?format=json"
        },
        {
            "congress": 93,
            "introducedDate": "1973-01-18",
            "latestAction": {
                "actionDate": "1973-01-18",
                "text": "Referred to House Committee on Ways and Means."
            },
            "number": "2224",
            "policyArea": {
                "name": "Health"
            },
            "title": "Health Care Insurance Act",
            "type": "HR",
            "url": "https://api.congress.gov/v3/bill/93/hr/2224?format=json"
        },
        {
            "congress": 93,
            "introducedDate": "1973-01-18",
            "latestAction": {
                "actionDate": "1973-01-18",
                "text": "Referred to House Committee on Ways and Means."
            },
            "number": "2223",
            "policyArea": {
                "name": "Health"
            },
            "title": "Health Care Insurance Act",
            "type": "HR",
            "url": "https://api.congress.gov/v3/bill/93/hr/2223?format=json"
        },
        {
            "congress": 93,
            "introducedDate": "1973-01-18",
            "latestAction": {
                "actionDate": "1973-01-18",
                "text": "Referred to House Committee on Ways and Means."
            },
            "number": "2225",
            "policyArea": {
                "name": "Health"
            },
            "title": "Health Care Insurance Act",
            "type": "HR",
            "url": "https://api.congress.gov/v3/bill/93/hr/2225?format=json"
        },
        {
            "congress": 93,
            "introducedDate": "1973-01-18",
            "latestAction": {
                "actionDate": "1973-01-18",
                "text": "Referred to House Committee on Ways and Means."
            },
            "number": "2222",
            "policyArea": {
                "name": "Health"
            },
            "title": "Health Care Insurance Act",
            "type": "HR",
            "url": "https://api.congress.gov/v3/bill/93/hr/2222?format=json"
        },
        {
            "congress": 93,
            "introducedDate": "1974-05-08",
            "latestAction": {
                "actionDate": "1974-05-08",
                "text": "Referred to House Committee on Armed Services."
            },
            "number": "1009",
            "policyArea": {
                "name": "Government Operations and Politics"
            },
            "title": "Joint resolution designating the promises occupied by the Chief of Naval Operations as the official residence of the Vice President, effective upon the termination of service of the incumbent Chief of Naval Operations.",
            "type": "HJRES",
            "url": "https://api.congress.gov/v3/bill/93/hjres/1009?format=json"
        },
        {
            "congress": 93,
            "introducedDate": "1973-10-12",
            "latestAction": {
                "actionDate": "1973-10-12",
                "text": "Referred to House Committee on the Judiciary."
            },
            "number": "770",
            "policyArea": {
                "name": "Commemorations"
            },
            "title": "Joint resolution to designate February 10 to 16, 1974, as \"National Vocational Education, and National Vocational Industrial Clubs of America (VICA) Week.\"",
            "type": "HJRES",
            "url": "https://api.congress.gov/v3/bill/93/hjres/770?format=json"
        },
        {
            "congress": 93,
            "introducedDate": "1973-07-26",
            "latestAction": {
                "actionDate": "1973-07-26",
                "text": "Referred to House Committee on the Judiciary."
            },
            "number": "688",
            "policyArea": {
                "name": "Commemorations"
            },
            "title": "Joint resolution authorizing the President to proclaim 1973-83 as \"A Decade for Action to Combat Racism and Racial Discrimination\".",
            "type": "HJRES",
            "url": "https://api.congress.gov/v3/bill/93/hjres/688?format=json"
        },
        {
            "congress": 93,
            "introducedDate": "1973-07-18",
            "latestAction": {
                "actionDate": "1973-07-18",
                "text": "Referred to House Committee on the Judiciary."
            },
            "number": "669",
            "policyArea": {
                "name": "Law"
            },
            "title": "Joint resolution proposing an amendment to the Constitution of the United States with respect to tenure of office for judges of the Supreme Court and inferior courts of the United States.",
            "type": "HJRES",
            "url": "https://api.congress.gov/v3/bill/93/hjres/669?format=json"
        },
        {
            "congress": 93,
            "introducedDate": "1973-07-12",
            "latestAction": {
                "actionDate": "1973-07-12",
                "text": "Referred to House Committee on Education and Labor."
            },
            "number": "661",
            "policyArea": {
                "name": "Education"
            },
            "title": "Joint resolution, a national education policy.",
            "type": "HJRES",
            "url": "https://api.congress.gov/v3/bill/93/hjres/661?format=json"
        },
        {
            "congress": 93,
            "introducedDate": "1973-04-19",
            "latestAction": {
                "actionDate": "1973-04-19",
                "text": "Referred to House Committee on Judiciary."
            },
            "number": "524",
            "policyArea": {
                "name": "Commemorations"
            },
            "title": "Joint resolution authorizing the President to proclaim May of each year as \"National Earth and Wildlife Month\".",
            "type": "HJRES",
            "url": "https://api.congress.gov/v3/bill/93/hjres/524?format=json"
        },
        {
            "congress": 93,
            "introducedDate": "1973-03-06",
            "latestAction": {
                "actionDate": "1973-03-06",
                "text": "Referred to House Committee on Appropriations."
            },
            "number": "407",
            "policyArea": {
                "name": "Economics and Public Finance"
            },
            "title": "Joint resolution to clarify certain provisions of the Supplemental Appropriations Act, 1973",
            "type": "HJRES",
            "url": "https://api.congress.gov/v3/bill/93/hjres/407?format=json"
        },
        {
            "congress": 93,
            "introducedDate": "1973-07-12",
            "latestAction": {
                "actionDate": "1973-07-12",
                "text": "Referred to House Committee on Rules."
            },
            "number": "491",
            "policyArea": {
                "name": "Congress"
            },
            "title": "Resolution to create a Select Committee on Aging.",
            "type": "HRES",
            "url": "https://api.congress.gov/v3/bill/93/hres/491?format=json"
        },
        {
            "congress": 94,
            "introducedDate": "1975-06-25",
            "latestAction": {
                "actionDate": "1975-06-25",
                "text": "Referred to House Committee on Interstate and Foreign Commerce."
            },
            "number": "8206",
            "policyArea": {
                "name": "Transportation and Public Works"
            },
            "title": "A bill to amend the Railroad Unemployment Insurance Act to increase unemployment and sickness benefits, to raise the contribution base, and for other purposes.",
            "type": "HR",
            "url": "https://api.congress.gov/v3/bill/94/hr/8206?format=json"
        },
        {
            "congress": 94,
            "introducedDate": "1975-06-16",
            "latestAction": {
                "actionDate": "1975-06-16",
                "text": "Referred to House Committee on Interstate and Foreign Commerce."
            },
            "number": "7928",
            "policyArea": {
                "name": "Licenses"
            },
            "title": "Broadcast License Renewal Act",
            "type": "HR",
            "url": "https://api.congress.gov/v3/bill/94/hr/7928?format=json"
        },
        {
            "congress": 94,
            "introducedDate": "1975-06-16",
            "latestAction": {
                "actionDate": "1976-10-15",
                "text": "Public law 94-514."
            },
            "number": "7929",
            "policyArea": {
                "name": "Taxation"
            },
            "title": "A bill relating to the deduction of interest on certain corporate indebtedness to acquire stock or assets of another corporation.",
            "type": "HR",
            "url": "https://api.congress.gov/v3/bill/94/hr/7929?format=json"
        },
        {
            "congress": 94,
            "introducedDate": "1975-06-09",
            "latestAction": {
                "actionDate": "1975-10-08",
                "text": "Public law 94-108."
            },
            "number": "7715",
            "policyArea": {
                "name": "Foreign Trade and International Finance"
            },
            "title": "A bill to extend until the close of June 30, 1978, the period during which certain dyeing and tanning materials may be imported free of duty.",
            "type": "HR",
            "url": "https://api.congress.gov/v3/bill/94/hr/7715?format=json"
        },
        {
            "congress": 94,
            "introducedDate": "1975-05-20",
            "latestAction": {
                "actionDate": "1975-05-20",
                "text": "Referred to House Committee on Interstate and Foreign Commerce."
            },
            "number": "7129",
            "policyArea": {
                "name": "Commerce"
            },
            "title": "Comprehensive Health Care Insurance Act",
            "type": "HR",
            "url": "https://api.congress.gov/v3/bill/94/hr/7129?format=json"
        },
        {
            "congress": 94,
            "introducedDate": "1975-05-08",
            "latestAction": {
                "actionDate": "1975-05-08",
                "text": "Referred to House Committee on Ways and Means."
            },
            "number": "6850",
            "policyArea": {
                "name": "Social Welfare"
            },
            "title": "A bill to amend Public Law 93-233 to extend for an additional twelve months (until July 1, 1976) the eligibility of supplemental security income recipients for food stamps.",
            "type": "HR",
            "url": "https://api.congress.gov/v3/bill/94/hr/6850?format=json"
        },
        {
            "congress": 94,
            "introducedDate": "1975-05-07",
            "latestAction": {
                "actionDate": "1975-05-07",
                "text": "Referred to House Committee on Public Works and Transportation."
            },
            "number": "6765",
            "policyArea": {
                "name": "Government Operations and Politics"
            },
            "title": "Local Public Works Capital Development and Investment Act",
            "type": "HR",
            "url": "https://api.congress.gov/v3/bill/94/hr/6765?format=json"
        },
        {
            "congress": 94,
            "introducedDate": "1975-05-06",
            "latestAction": {
                "actionDate": "1975-05-06",
                "text": "Referred to House Committee on Interstate and Foreign Commerce."
            },
            "number": "6699",
            "policyArea": {
                "name": "Social Welfare"
            },
            "title": "A bill to amend titles XVIII and XIX of the Social Security Act to provide an optional, simplified method of reimbursement for physicians' services under the medicare and medicaid programs for each State on the basis of a fee schedule, uniform throughout such State, and to authorize reimbursement to participating physicians in the full fee schedule amounts (with collection of the applicable deductibles and coinsurance from patients becoming the responsibility of the Federal program).",
            "type": "HR",
            "url": "https://api.congress.gov/v3/bill/94/hr/6699?format=json"
        },
        {
            "congress": 94,
            "introducedDate": "1975-05-06",
            "latestAction": {
                "actionDate": "1975-06-28",
                "text": "Public law 94-44."
            },
            "number": "6698",
            "policyArea": {
                "name": "Social Welfare"
            },
            "title": "An Act to amend section 1113 of the Social Security Act to make permanent the program of temporary assistance for United States citizens returned from abroad, subject to specific limitations on the aggregate dollar amount of such assistance which may be provided and on the period for which such assistance may be furnished in any particular case, and for other purposes.",
            "type": "HR",
            "url": "https://api.congress.gov/v3/bill/94/hr/6698?format=json"
        },
        {
            "congress": 94,
            "introducedDate": "1975-04-29",
            "latestAction": {
                "actionDate": "1975-04-29",
                "text": "Referred to House Committee on Ways and Means."
            },
            "number": "6451",
            "policyArea": {
                "name": "Social Welfare"
            },
            "title": "A bill to amend the Social Security Act in order to extend until June 30, 1976, the temporary assistance program for U.S. citizens returned from abroad.",
            "type": "HR",
            "url": "https://api.congress.gov/v3/bill/94/hr/6451?format=json"
        },
        {
            "congress": 94,
            "introducedDate": "1975-04-23",
            "latestAction": {
                "actionDate": "1975-04-23",
                "text": "Referred to House Committee on Post Office and Civil Service."
            },
            "number": "6331",
            "policyArea": {
                "name": "Government Operations and Politics"
            },
            "title": "A bill to amend title 5 of the United States Code with respect to the observance of Veterans Day.",
            "type": "HR",
            "url": "https://api.congress.gov/v3/bill/94/hr/6331?format=json"
        },
        {
            "congress": 94,
            "introducedDate": "1975-04-22",
            "latestAction": {
                "actionDate": "1975-04-22",
                "text": "Referred to House Committee on Interstate and Foreign Commerce."
            },
            "number": "6222",
            "policyArea": {
                "name": "Health"
            },
            "title": "Comprehensive Health Care Insurance Act",
            "type": "HR",
            "url": "https://api.congress.gov/v3/bill/94/hr/6222?format=json"
        },
        {
            "congress": 94,
            "introducedDate": "1975-04-17",
            "latestAction": {
                "actionDate": "1975-04-17",
                "text": "Referred to House Committee on Ways and Means."
            },
            "number": "6147",
            "policyArea": {
                "name": "Foreign Trade and International Finance"
            },
            "title": "A bill to extend for 3 years the period during which certain dyeing and tanning materials may be imported free of duty.",
            "type": "HR",
            "url": "https://api.congress.gov/v3/bill/94/hr/6147?format=json"
        },
        {
            "congress": 94,
            "introducedDate": "1975-04-16",
            "latestAction": {
                "actionDate": "1975-04-16",
                "text": "Referred to House Committee on Ways and Means."
            },
            "number": "6083",
            "policyArea": {
                "name": "Foreign Trade and International Finance"
            },
            "title": "A bill to extend for 3 years the period during which certain dyeing and tanning materials may be imported free of duty.",
            "type": "HR",
            "url": "https://api.congress.gov/v3/bill/94/hr/6083?format=json"
        },
        {
            "congress": 94,
            "introducedDate": "1975-03-26",
            "latestAction": {
                "actionDate": "1975-03-26",
                "text": "Referred to House Committee on Public Works and Transportation."
            },
            "number": "5579",
            "policyArea": {
                "name": "Transportation and Public Works"
            },
            "title": "A bill to authorize the financing of parkways from the Highway Trust Funds, and for other purposes.",
            "type": "HR",
            "url": "https://api.congress.gov/v3/bill/94/hr/5579?format=json"
        },
        {
            "congress": 94,
            "introducedDate": "1975-03-17",
            "latestAction": {
                "actionDate": "1975-03-17",
                "text": "Referred to House Committee on Ways and Means."
            },
            "number": "5009",
            "policyArea": {
                "name": "Foreign Trade and International Finance"
            },
            "title": "A bill to suspend for a 3-year period the duty on typewriter parts.",
            "type": "HR",
            "url": "https://api.congress.gov/v3/bill/94/hr/5009?format=json"
        },
        {
            "congress": 94,
            "introducedDate": "1975-03-06",
            "latestAction": {
                "actionDate": "1975-03-06",
                "text": "Referred to House Committee on Ways and Means."
            },
            "number": "4383",
            "policyArea": {
                "name": "Taxation"
            },
            "title": "A bill to amend the Internal Revenue Code of 1954 to provide that the privilege of filing joint returns shall be available only in the case of marriage partners having equal ownership, management, and control of the income, assets, and liabilities of the marriage partnership.",
            "type": "HR",
            "url": "https://api.congress.gov/v3/bill/94/hr/4383?format=json"
        },
        {
            "congress": 94,
            "introducedDate": "1975-03-05",
            "latestAction": {
                "actionDate": "1975-03-05",
                "text": "Referred to House Committee on Government Operations."
            },
            "number": "4305",
            "policyArea": {
                "name": "Intergovernmental tax relations"
            },
            "title": "A bill to amend the State and Local Fiscal Assistance Act of 1972 to extend the period during which general revenue sharing payments are made and to increase the amount of such payments.",
            "type": "HR",
            "url": "https://api.congress.gov/v3/bill/94/hr/4305?format=json"
        },
        {
            "congress": 94,
            "introducedDate": "1975-02-25",
            "latestAction": {
                "actionDate": "1975-02-25",
                "text": "Referred to House Committee on Armed Services."
            },
            "number": "3720",
            "policyArea": {
                "name": "Armed Forces and National Security"
            },
            "title": "A bill to prohibit any change in the status of any member of the uniformed services who is in a missing status under chapter 10 of title 37, United States Code, until the provisions of the Paris Peace Accord of January 27, 1973, have been fully compiled with.",
            "type": "HR",
            "url": "https://api.congress.gov/v3/bill/94/hr/3720?format=json"
        },
        {
            "congress": 94,
            "introducedDate": "1975-02-25",
            "latestAction": {
                "actionDate": "1975-02-25",
                "text": "Referred to House Committee on Ways and Means."
            },
            "number": "3723",
            "policyArea": {
                "name": "Social Welfare"
            },
            "title": "A bill to permit officers and employees of the Federal Government to elect coverage under the old-age, survivors, and disability insurance system.",
            "type": "HR",
            "url": "https://api.congress.gov/v3/bill/94/hr/3723?format=json"
        },
        {
            "congress": 94,
            "introducedDate": "1975-02-25",
            "latestAction": {
                "actionDate": "1975-02-25",
                "text": "Referred to House Committee on the Judiciary."
            },
            "number": "3721",
            "policyArea": {
                "name": "Crime and Law Enforcement"
            },
            "title": "A bill to amend title 18 of the United States Code to prohibit any person to travel in or use any instrumentality of interstate commerce to acquire a purported title to a stolen automobile.",
            "type": "HR",
            "url": "https://api.congress.gov/v3/bill/94/hr/3721?format=json"
        },
        {
            "congress": 94,
            "introducedDate": "1975-02-25",
            "latestAction": {
                "actionDate": "1975-02-25",
                "text": "Referred to House Committee on Veterans' Affairs."
            },
            "number": "3722",
            "policyArea": {
                "name": "Armed Forces and National Security"
            },
            "title": "A bill to amend title 38 of the United States Code to remove the time limitation within which programs of education for veterans must be completed, and restore on behalf of certain veterans educational assistance benefits which had previously terminated.",
            "type": "HR",
            "url": "https://api.congress.gov/v3/bill/94/hr/3722?format=json"
        },
        {
            "congress": 94,
            "introducedDate": "1975-01-23",
            "latestAction": {
                "actionDate": "1975-01-23",
                "text": "Referred to House Committee on the Judiciary."
            },
            "number": "2107",
            "policyArea": {
                "name": "Private Legislation"
            },
            "title": "A bill for the relief of Doctor Jesus Fernandez Tirao and his wife Benylin-Lynda Obiena Tirao.",
            "type": "HR",
            "url": "https://api.congress.gov/v3/bill/94/hr/2107?format=json"
        },
        {
            "congress": 94,
            "introducedDate": "1975-01-23",
            "latestAction": {
                "actionDate": "1975-01-23",
                "text": "Referred to House Committee on the Judiciary."
            },
            "number": "1848",
            "policyArea": {
                "name": "Families"
            },
            "title": "A bill to grant an alien child adopted by an unmarried U.S. citizen the same immigrant status as an alien child adopted by a U.S. citizen and his spouse.",
            "type": "HR",
            "url": "https://api.congress.gov/v3/bill/94/hr/1848?format=json"
        },
        {
            "congress": 94,
            "introducedDate": "1975-01-23",
            "latestAction": {
                "actionDate": "1975-01-23",
                "text": "Referred to House Committee on the Judiciary."
            },
            "number": "1849",
            "policyArea": {
                "name": "Immigration"
            },
            "title": "A bill to amend the Immigration and Nationality Act to facilitate entry into the United States of the alien parent of a minor U.S. citizen if the other parent is a U.S. citizen.",
            "type": "HR",
            "url": "https://api.congress.gov/v3/bill/94/hr/1849?format=json"
        }
    ]
}