{
    "pagination": {
        "count": 28
    },
    "request": {
        "bioguideId": "c000633",
        "contentType": "application/json",
        "format": "json"
    },
    "sponsoredLegislation": [
        {
            "congress": 102,
            "introducedDate": "1992-10-05",
            "latestAction": {
                "actionDate": "1992-10-06",
                "text": "Referred to the Subcommittee on Conservation, Credit, and Rural Development."
            },
            "number": "6143",
            "policyArea": {
                "name": "Agriculture and Food"
            },
            "title": "To encourage and assist producers, processors, and other handlers of agricultural commodities to donate edible, but unmarketable, agricultural commodities to food banks, soup kitchens, and homeless shelters.",
            "type": "HR",
            "url": "https://api.congress.gov/v3/bill/102/hr/6143?format=json"
        },
        {
            "congress": 102,
            "introducedDate": "1992-03-20",
            "latestAction": {
                "actionDate": "1992-04-16",
                "text": "Referred to the Subcommittee on Employment Opportunities."
            },
            "number": "4528",
            "policyArea": {
                "name": "Labor and Employment"
            },
            "title": "Youth Employability Services 2000 Act of 1992",
            "type": "HR",
            "url": "https://api.congress.gov/v3/bill/102/hr/4528?format=json"
        },
        {
            "congress": 102,
            "introducedDate": "1992-03-03",
            "latestAction": {
                "actionDate": "1992-03-16",
                "text": "Referred to the Subcommittee on Surface Transportation."
            },
            "number": "4365",
            "policyArea": {
                "name": "Transportation and Public Works"
            },
            "title": "To provide for a temporary matching fund waiver for certain mass transit projects.",
            "type": "HR",
            "url": "https://api.congress.gov/v3/bill/102/hr/4365?format=json"
        },
        {
            "congress": 102,
            "introducedDate": "1991-10-24",
            "latestAction": {
                "actionDate": "1991-11-26",
                "text": "Referred to the Subcommittee on Labor-Management Relations."
            },
            "number": "3625",
            "policyArea": {
                "name": "Labor and Employment"
            },
            "title": "Unremunerated Work Act of 1991",
            "type": "HR",
            "url": "https://api.congress.gov/v3/bill/102/hr/3625?format=json"
        },
        {
            "congress": 103,
            "introducedDate": "1994-08-16",
            "latestAction": {
                "actionDate": "1994-11-02",
                "text": "Became Public Law No: 103-441."
            },
            "number": "4967",
            "policyArea": {
                "name": "Government Operations and Politics"
            },
            "title": "To designate the Federal building and United States courthouse in Detroit, Michigan, as the \"Theodore Levin Federal Building and United States Courthouse\".",
            "type": "HR",
            "url": "https://api.congress.gov/v3/bill/103/hr/4967?format=json"
        },
        {
            "congress": 103,
            "introducedDate": "1994-04-13",
            "latestAction": {
                "actionDate": "1994-05-03",
                "text": "Referred to the Subcommittee on Labor-Management Relations."
            },
            "number": "4184",
            "policyArea": {
                "name": "Labor and Employment"
            },
            "title": "Full Employment Opportunity and Infrastructure Improvement Act of 1994",
            "type": "HR",
            "url": "https://api.congress.gov/v3/bill/103/hr/4184?format=json"
        },
        {
            "congress": 103,
            "introducedDate": "1994-04-13",
            "latestAction": {
                "actionDate": "1994-05-03",
                "text": "Referred to the Subcommittee on Select Education and Civil Rights."
            },
            "number": "4185",
            "policyArea": {
                "name": "Social Welfare"
            },
            "title": "Community Safety and Empowerment Act of 1993",
            "type": "HR",
            "url": "https://api.congress.gov/v3/bill/103/hr/4185?format=json"
        },
        {
            "congress": 103,
            "introducedDate": "1994-04-13",
            "latestAction": {
                "actionDate": "1994-05-03",
                "text": "Referred to the Subcommittee on Select Education and Civil Rights."
            },
            "number": "4186",
            "policyArea": {
                "name": "Education"
            },
            "title": "To provide demonstration grants to local governmental agencies and community-based organizations for mentor programs.",
            "type": "HR",
            "url": "https://api.congress.gov/v3/bill/103/hr/4186?format=json"
        },
        {
            "congress": 103,
            "introducedDate": "1994-04-13",
            "latestAction": {
                "actionDate": "1994-04-25",
                "text": "Referred to the Subcommittee on Economic Development."
            },
            "number": "4183",
            "policyArea": {
                "name": "Transportation and Public Works"
            },
            "title": "Infrastructure Jobs Act of 1993",
            "type": "HR",
            "url": "https://api.congress.gov/v3/bill/103/hr/4183?format=json"
        },
        {
            "congress": 103,
            "introducedDate": "1994-04-13",
            "latestAction": {
                "actionDate": "1994-04-19",
                "text": "Referred to the Subcommittee on Human Resources."
            },
            "number": "4187",
            "policyArea": {
                "name": "Social Welfare"
            },
            "title": "To amend part A of title IV of the Social Security Act to strengthen and preserve families, enhance foster care, and develop qualified child welfare personnel to provide parent education.",
            "type": "HR",
            "url": "https://api.congress.gov/v3/bill/103/hr/4187?format=json"
        },
        {
            "congress": 103,
            "introducedDate": "1994-03-17",
            "latestAction": {
                "actionDate": "1994-03-23",
                "text": "Referred to the Subcommittee on Crime and Criminal Justice."
            },
            "number": "4069",
            "policyArea": {
                "name": "Crime and Law Enforcement"
            },
            "title": "To amend title 18, United States Code, to include private and commercial interstate carriers in the mail fraud prohibitions.",
            "type": "HR",
            "url": "https://api.congress.gov/v3/bill/103/hr/4069?format=json"
        },
        {
            "congress": 103,
            "introducedDate": "1994-03-17",
            "latestAction": {
                "actionDate": "1994-07-14",
                "text": "Subcommittee Hearings Held."
            },
            "number": "4070",
            "policyArea": {
                "name": "Crime and Law Enforcement"
            },
            "title": "To amend title 18, United States Code, to provide for criminal and civil penalties for mail and wire fraud, and for other purposes.",
            "type": "HR",
            "url": "https://api.congress.gov/v3/bill/103/hr/4070?format=json"
        },
        {
            "congress": 103,
            "introducedDate": "1994-03-17",
            "latestAction": {
                "actionDate": "1994-07-14",
                "text": "Subcommittee Hearings Held."
            },
            "number": "4071",
            "policyArea": {
                "name": "Government Operations and Politics"
            },
            "title": "To amend title 39, United States Code, to grant the United States Postal Service the authority to issue civil investigative demands, and for other purposes.",
            "type": "HR",
            "url": "https://api.congress.gov/v3/bill/103/hr/4071?format=json"
        },
        {
            "congress": 103,
            "introducedDate": "1994-02-24",
            "latestAction": {
                "actionDate": "1994-03-11",
                "text": "Referred to the Subcommittee on Health and the Environment."
            },
            "number": "3896",
            "policyArea": {
                "name": "Health"
            },
            "title": "Minority Health Promotion and Disease Prevention Act of 1994",
            "type": "HR",
            "url": "https://api.congress.gov/v3/bill/103/hr/3896?format=json"
        },
        {
            "congress": 103,
            "introducedDate": "1993-10-14",
            "latestAction": {
                "actionDate": "1994-08-12",
                "text": "Placed on Senate Legislative Calendar under General Orders. Calendar No. 565."
            },
            "number": "3285",
            "policyArea": {
                "name": "Government Operations and Politics"
            },
            "title": "To redesignate the postal facility located at 1401 West Fort Street, Detroit, Michigan, as the \"George W. Young Post Office\".",
            "type": "HR",
            "url": "https://api.congress.gov/v3/bill/103/hr/3285?format=json"
        },
        {
            "congress": 103,
            "introducedDate": "1993-06-10",
            "latestAction": {
                "actionDate": "1993-06-15",
                "text": "Sponsor introductory remarks on measure. (CR H3515)"
            },
            "number": "2370",
            "policyArea": {
                "name": "Crime and Law Enforcement"
            },
            "title": "Federal Employee Antistalking Act of 1993",
            "type": "HR",
            "url": "https://api.congress.gov/v3/bill/103/hr/2370?format=json"
        },
        {
            "congress": 103,
            "introducedDate": "1993-05-20",
            "latestAction": {
                "actionDate": "1993-05-28",
                "text": "Referred to the Subcommittee on Health."
            },
            "number": "2210",
            "policyArea": {
                "name": "Taxation"
            },
            "title": "Mammography Access Tax Credit Act of 1993",
            "type": "HR",
            "url": "https://api.congress.gov/v3/bill/103/hr/2210?format=json"
        },
        {
            "congress": 103,
            "introducedDate": "1993-04-29",
            "latestAction": {
                "actionDate": "1993-11-18",
                "text": "Subcommittee Hearings Held."
            },
            "number": "1925",
            "policyArea": {
                "name": "Environmental Protection"
            },
            "title": "Environmental Health Equity Information Act of 1993",
            "type": "HR",
            "url": "https://api.congress.gov/v3/bill/103/hr/1925?format=json"
        },
        {
            "congress": 103,
            "introducedDate": "1993-03-09",
            "latestAction": {
                "actionDate": "1993-03-11",
                "text": "Referred to the Subcommittee on Department Operations and Nutrition."
            },
            "number": "1254",
            "policyArea": {
                "name": "Agriculture and Food"
            },
            "title": "To encourage and assist producers, processors, and other handlers of agricultural commodities to donate edible, but unmarketable, agricultural commodities to food banks, soup kitchens, and homeless shelters.",
            "type": "HR",
            "url": "https://api.congress.gov/v3/bill/103/hr/1254?format=json"
        },
        {
            "congress": 103,
            "introducedDate": "1993-02-18",
            "latestAction": {
                "actionDate": "1993-09-09",
                "text": "Executive Comment Received from Labor."
            },
            "number": "966",
            "policyArea": {
                "name": "Labor and Employment"
            },
            "title": "Unremunerated Work Act of 1993",
            "type": "HR",
            "url": "https://api.congress.gov/v3/bill/103/hr/966?format=json"
        },
        {
            "congress": 103,
            "introducedDate": "1993-11-09",
            "latestAction": {
                "actionDate": "1993-11-09",
                "text": "Referred to the House Committee on Post Office and Civil Service."
            },
            "number": "290",
            "policyArea": {
                "name": "Social Sciences and History"
            },
            "title": "Designating June 17, 1994, as \"African-American Men Positive Role Model Day\".",
            "type": "HJRES",
            "url": "https://api.congress.gov/v3/bill/103/hjres/290?format=json"
        },
        {
            "congress": 103,
            "introducedDate": "1993-11-09",
            "latestAction": {
                "actionDate": "1993-11-09",
                "text": "Referred to the House Committee on Post Office and Civil Service."
            },
            "number": "289",
            "policyArea": {
                "name": "Social Sciences and History"
            },
            "title": "Designating May 6, 1994, as \"African-American Women Positive Role Model Day\".",
            "type": "HJRES",
            "url": "https://api.congress.gov/v3/bill/103/hjres/289?format=json"
        },
        {
            "congress": 103,
            "introducedDate": "1993-05-26",
            "latestAction": {
                "actionDate": "1993-05-26",
                "text": "Referred to the House Committee on Post Office and Civil Service."
            },
            "number": "202",
            "policyArea": {
                "name": "Civil Rights and Liberties, Minority Issues"
            },
            "title": "Designating the week of June 7, 1993, as \"Equal Pay Act 30th Anniversary Week\".",
            "type": "HJRES",
            "url": "https://api.congress.gov/v3/bill/103/hjres/202?format=json"
        },
        {
            "congress": 103,
            "introducedDate": "1993-03-25",
            "latestAction": {
                "actionDate": "1993-04-16",
                "text": "Referred to the Subcommittee on Labor-Management Relations."
            },
            "number": "73",
            "policyArea": {
                "name": "Labor and Employment"
            },
            "title": "Expressing the sense of the Congress that Job Corps is a long-term program that invests in America's future and should serve as the cornerstone of youth policy in America.",
            "type": "HCONRES",
            "url": "https://api.congress.gov/v3/bill/103/hconres/73?format=json"
        },
        {
            "amendmentNumber": "367",
            "congress": 104,
            "introducedDate": "1995-05-11",
            "latestAction": {
                "actionDate": "1995-05-11",
                "actionTime": "14:37:40",
                "text": "On agreeing to the Collins (MI) amendments (A012) Failed by recorded vote: 153 - 271 (Roll no. 319). "
            },
            "type": null,
            "url": "https://api.congress.gov/v3/amendment/104/hamdt/367?format=json"
        },
        {
            "congress": 104,
            "introducedDate": "1995-12-05",
            "latestAction": {
                "actionDate": "1995-12-18",
                "text": "Referred to the Subcommittee on Coast Guard and Maritime Transportation."
            },
            "number": "2717",
            "policyArea": {
                "name": "Private Legislation"
            },
            "title": "To authorize the Secretary of Transportation to issue a certificate of documentation with appropriate endorsement for employment in the coastwise trade and on the Great Lakes and their tributary and connecting waters in trade with Canada for the Vessel THE SUMMER WIND.",
            "type": "HR",
            "url": "https://api.congress.gov/v3/bill/104/hr/2717?format=json"
        },
        {
            "congress": 104,
            "introducedDate": "1995-10-26",
            "latestAction": {
                "actionDate": "1995-11-10",
                "text": "Referred to the Subcommittee on Employer-Employee Relations."
            },
            "number": "2544",
            "policyArea": {
                "name": "Labor and Employment"
            },
            "title": "Unremunerated Work Act",
            "type": "HR",
            "url": "https://api.congress.gov/v3/bill/104/hr/2544?format=json"
        },
        {
            "congress": 104,
            "introducedDate": "1996-09-17",
            "latestAction": {
                "actionDate": "1996-09-27",
                "text": "Received in the Senate."
            },
            "number": "195",
            "policyArea": {
                "name": "Civil Rights and Liberties, Minority Issues"
            },
            "title": "Recognizing the end of slavery in the United States, and the true day of independence for African-Americans.",
            "type": "HJRES",
            "url": "https://api.congress.gov/v3/bill/104/hjres/195?format=json"
        }
    ]
}