{
    "pagination": {
        "count": 25
    },
    "request": {
        "bioguideId": "b000362",
        "contentType": "application/json",
        "format": "json"
    },
    "sponsoredLegislation": [
        {
            "congress": 93,
            "introducedDate": "1974-06-13",
            "latestAction": {
                "actionDate": "1974-06-13",
                "text": "Referred to House Committee on Ways and Means."
            },
            "number": "15392",
            "policyArea": {
                "name": "Health"
            },
            "title": "A bill to amend the Social Security Act to eliminate family planning services and supplies from the ceiling presently imposed on the total amount of Federal payments which may be made to Puerto Rico, the Virgin Islands, or Guam in any fiscal year under the medicaid program.",
            "type": "HR",
            "url": "https://api.congress.gov/v3/bill/93/hr/15392?format=json"
        },
        {
            "congress": 93,
            "introducedDate": "1974-02-05",
            "latestAction": {
                "actionDate": "1974-02-05",
                "text": "Referred to House Committee on Interior and Insular Affairs."
            },
            "number": "12548",
            "policyArea": {
                "name": "Public Lands and Natural Resources"
            },
            "title": "A bill to authorize and direct the Secretary of the Interior to conduct certain studies at the San Juan National Historic Site, Puerto Rico, and for other purposes.",
            "type": "HR",
            "url": "https://api.congress.gov/v3/bill/93/hr/12548?format=json"
        },
        {
            "congress": 93,
            "introducedDate": "1973-06-29",
            "latestAction": {
                "actionDate": "1973-06-29",
                "text": "Referred to House Committee on Armed Services."
            },
            "number": "9070",
            "policyArea": {
                "name": "Armed Forces and National Security"
            },
            "title": "A bill to authorize the appropriation of such funds as may be necessary to effectuate the transfer of all naval weapons range activities from the island of Culebra to the islands of Desecheo and Monito not later than July 1, 1975.",
            "type": "HR",
            "url": "https://api.congress.gov/v3/bill/93/hr/9070?format=json"
        },
        {
            "congress": 93,
            "introducedDate": "1973-06-28",
            "latestAction": {
                "actionDate": "1973-06-28",
                "text": "Referred to House Committee on Ways and Means."
            },
            "number": "9034",
            "policyArea": {
                "name": "Territories (U.S.)"
            },
            "title": "A bill to extend to residents of Puerto Rico, the Virgin Islands, and Guam, the social security benefits normally provided for aged, blind, and disabled persons, under the Supplemental Security Income program.",
            "type": "HR",
            "url": "https://api.congress.gov/v3/bill/93/hr/9034?format=json"
        },
        {
            "congress": 93,
            "introducedDate": "1973-06-21",
            "latestAction": {
                "actionDate": "1973-06-21",
                "text": "Referred to House Committee on Ways and Means."
            },
            "number": "8880",
            "policyArea": {
                "name": "Territories (U.S.)"
            },
            "title": "A bill to extend certain uninsured residents of the United States in Puerto Rico, the Virgin Islands, and Guam, the social security benefits normally provided to individuals who have attained age seventy-two and who fulfill other special conditions.",
            "type": "HR",
            "url": "https://api.congress.gov/v3/bill/93/hr/8880?format=json"
        },
        {
            "congress": 93,
            "introducedDate": "1973-06-14",
            "latestAction": {
                "actionDate": "1973-06-14",
                "text": "Referred to House Committee on Armed Services."
            },
            "number": "8675",
            "policyArea": {
                "name": "Armed Forces and National Security"
            },
            "title": "A bill to authorize the appropriation of such funds as may be necessary to effectuate the transfer of all naval weapons range activities from the island of Culebra to the islands of Desecheo and Monito not later than July 1, 1975.",
            "type": "HR",
            "url": "https://api.congress.gov/v3/bill/93/hr/8675?format=json"
        },
        {
            "congress": 93,
            "introducedDate": "1973-06-05",
            "latestAction": {
                "actionDate": "1973-06-05",
                "text": "Referred to House Committee on Armed Services."
            },
            "number": "8355",
            "policyArea": {
                "name": "Armed Forces and National Security"
            },
            "title": "A bill to authorize the appropriation of such funds as may be necessary to effectuate the transfer of all naval weapons range activities from the island of Culebra to the islands of Desecheo and Monito not later than July 1, 1975.",
            "type": "HR",
            "url": "https://api.congress.gov/v3/bill/93/hr/8355?format=json"
        },
        {
            "congress": 93,
            "introducedDate": "1973-06-05",
            "latestAction": {
                "actionDate": "1973-06-05",
                "text": "Referred to House Committee on Ways and Means."
            },
            "number": "8354",
            "policyArea": {
                "name": "Territories (U.S.)"
            },
            "title": "A bill to extend to certain uninsured residents of the United States in Puerto Rico, the Virgin Islands, and Guam, the  social security benefits normally provided to individuals that have attained age 72 and that fulfill other special conditions.",
            "type": "HR",
            "url": "https://api.congress.gov/v3/bill/93/hr/8354?format=json"
        },
        {
            "congress": 93,
            "introducedDate": "1973-05-10",
            "latestAction": {
                "actionDate": "1973-05-10",
                "text": "Referred to House Committee on Ways and Means."
            },
            "number": "7736",
            "policyArea": {
                "name": "Alcoholic beverages"
            },
            "title": "A bill to amend and make certain technical and conforming changes in section 5008 of the Internal Revenue Code of 1954 relating to distilled spirits.",
            "type": "HR",
            "url": "https://api.congress.gov/v3/bill/93/hr/7736?format=json"
        },
        {
            "congress": 93,
            "introducedDate": "1973-03-27",
            "latestAction": {
                "actionDate": "1973-03-27",
                "text": "Referred to House Committee on the Judiciary."
            },
            "number": "6199",
            "policyArea": {
                "name": "Private Legislation"
            },
            "title": "A bill for the relief of Guillermo Rivera Rivera.",
            "type": "HR",
            "url": "https://api.congress.gov/v3/bill/93/hr/6199?format=json"
        },
        {
            "congress": 93,
            "introducedDate": "1973-02-08",
            "latestAction": {
                "actionDate": "1973-02-08",
                "text": "Referred to House Committee on Armed Services."
            },
            "number": "4190",
            "policyArea": {
                "name": "Armed Forces and National Security"
            },
            "title": "A bill to require the termination of all weapon range activities conducted on or near the Culebra complex of the Atlantic Fleet Weapons Range.",
            "type": "HR",
            "url": "https://api.congress.gov/v3/bill/93/hr/4190?format=json"
        },
        {
            "congress": 93,
            "introducedDate": "1973-01-30",
            "latestAction": {
                "actionDate": "1973-01-30",
                "text": "Referred to House Committee on Armed Services."
            },
            "number": "3224",
            "policyArea": {
                "name": "Armed Forces and National Security"
            },
            "title": "A bill to require the termination of all weapons range activities conducted on or near the Culebra complex of the Atlantic Fleet Weapons Range.",
            "type": "HR",
            "url": "https://api.congress.gov/v3/bill/93/hr/3224?format=json"
        },
        {
            "congress": 94,
            "introducedDate": "1976-08-02",
            "latestAction": {
                "actionDate": "1976-08-02",
                "text": "Referred to House Committee on the Judiciary."
            },
            "number": "15008",
            "policyArea": {
                "name": "Private Legislation"
            },
            "title": "A bill for the relief of Pedro Melchor Diaz.",
            "type": "HR",
            "url": "https://api.congress.gov/v3/bill/94/hr/15008?format=json"
        },
        {
            "congress": 94,
            "introducedDate": "1976-04-28",
            "latestAction": {
                "actionDate": "1976-04-28",
                "text": "Referred to House Committee on the Judiciary."
            },
            "number": "13414",
            "policyArea": {
                "name": "Private Legislation"
            },
            "title": "A bill for the relief of Guillermo Rivera Rivera.",
            "type": "HR",
            "url": "https://api.congress.gov/v3/bill/94/hr/13414?format=json"
        },
        {
            "congress": 94,
            "introducedDate": "1975-12-18",
            "latestAction": {
                "actionDate": "1975-12-18",
                "text": "Referred to House Committee on Appropriations."
            },
            "number": "11232",
            "policyArea": {
                "name": "Territories (U.S.)"
            },
            "title": "A bill to authorize the payment of oil import license fees collected for imports into Puerto Rico.",
            "type": "HR",
            "url": "https://api.congress.gov/v3/bill/94/hr/11232?format=json"
        },
        {
            "congress": 94,
            "introducedDate": "1975-12-17",
            "latestAction": {
                "actionDate": "1975-12-17",
                "text": "Referred to House Committee on Interior and Insular Affairs."
            },
            "number": "11201",
            "policyArea": {
                "name": "Territories (U.S.)"
            },
            "title": "A bill to approve the Compact of Permanent Union Between Puerto Rico and the United States.",
            "type": "HR",
            "url": "https://api.congress.gov/v3/bill/94/hr/11201?format=json"
        },
        {
            "congress": 94,
            "introducedDate": "1975-12-17",
            "latestAction": {
                "actionDate": "1975-12-17",
                "text": "Referred to House Committee on Interior and Insular Affairs."
            },
            "number": "11200",
            "policyArea": {
                "name": "Territories (U.S.)"
            },
            "title": "A bill to approve the Compact of Permanent Union Between Puerto Rico and the United States.",
            "type": "HR",
            "url": "https://api.congress.gov/v3/bill/94/hr/11200?format=json"
        },
        {
            "congress": 94,
            "introducedDate": "1975-11-11",
            "latestAction": {
                "actionDate": "1975-11-11",
                "text": "Referred to House Committee on Government Operations."
            },
            "number": "10669",
            "policyArea": {
                "name": "Recreation centers"
            },
            "title": "Roberto Clemente Sports City Act",
            "type": "HR",
            "url": "https://api.congress.gov/v3/bill/94/hr/10669?format=json"
        },
        {
            "congress": 94,
            "introducedDate": "1975-09-11",
            "latestAction": {
                "actionDate": "1975-09-11",
                "text": "Referred to House Committee on Education and Labor."
            },
            "number": "9545",
            "policyArea": {
                "name": "Territories (U.S.)"
            },
            "title": "A bill to make a technical amendment to the Elementary and Secondary Education Act of 1965 so as to include the Commonwealth of Puerto Rico and the District of Columbia as a State for purposes of title IV.",
            "type": "HR",
            "url": "https://api.congress.gov/v3/bill/94/hr/9545?format=json"
        },
        {
            "congress": 94,
            "introducedDate": "1975-06-25",
            "latestAction": {
                "actionDate": "1975-06-25",
                "text": "Referred to House Committee on the Judiciary."
            },
            "number": "8252",
            "policyArea": {
                "name": "Private Legislation"
            },
            "title": "A bill for the relief of Tito Victoriano Martinez.",
            "type": "HR",
            "url": "https://api.congress.gov/v3/bill/94/hr/8252?format=json"
        },
        {
            "congress": 94,
            "introducedDate": "1975-06-24",
            "latestAction": {
                "actionDate": "1975-06-24",
                "text": "Referred to House Committee on Ways and Means."
            },
            "number": "8178",
            "policyArea": {
                "name": "Social Welfare"
            },
            "title": "A bill to amend title XVI of the Social Security Act and related laws to extend the supplemental security income benefit program to Puerto Rico, the Virgin Islands and Guam on the same basis as the States.",
            "type": "HR",
            "url": "https://api.congress.gov/v3/bill/94/hr/8178?format=json"
        },
        {
            "congress": 94,
            "introducedDate": "1975-06-16",
            "latestAction": {
                "actionDate": "1975-06-16",
                "text": "Referred to House Committee on Ways and Means."
            },
            "number": "7925",
            "policyArea": {
                "name": "Social Welfare"
            },
            "title": "A bill to postpone for an additional 3 years (until June 30, 1978) the mandatory applications to Puerto Rico, the Virgin Islands, and Guam of section 1902(a) (23) of the Social Security Act, which requires that individuals eligible for medical assistance be permitted to obtain such assistance from any provider who undertakes to furnish it.",
            "type": "HR",
            "url": "https://api.congress.gov/v3/bill/94/hr/7925?format=json"
        },
        {
            "congress": 94,
            "introducedDate": "1975-05-20",
            "latestAction": {
                "actionDate": "1975-05-20",
                "text": "Referred to House Committee on Education and Labor."
            },
            "number": "7121",
            "policyArea": {
                "name": "Territories (U.S.)"
            },
            "title": "A bill to amend section 125 of the Elementary and Secondary Education Act of 1965 to include the Commonwealth of Puerto Rico in the provision for minimum payments for State-operated programs.",
            "type": "HR",
            "url": "https://api.congress.gov/v3/bill/94/hr/7121?format=json"
        },
        {
            "congress": 94,
            "introducedDate": "1975-05-13",
            "latestAction": {
                "actionDate": "1975-05-13",
                "text": "Referred to House Committee on Public Works and Transportation."
            },
            "number": "6899",
            "policyArea": {
                "name": "Territories (U.S.)"
            },
            "title": "A bill to amend section 129 of title 23, United States Code to permit the operation of certain ferryboats between the islands comprising the Commonwealth of Puerto Rico.",
            "type": "HR",
            "url": "https://api.congress.gov/v3/bill/94/hr/6899?format=json"
        },
        {
            "congress": 94,
            "introducedDate": "1975-03-26",
            "latestAction": {
                "actionDate": "1975-03-26",
                "text": "Referred to House Committee on Appropriations."
            },
            "number": "5554",
            "policyArea": {
                "name": "Territories (U.S.)"
            },
            "title": "A bill to authorize the payment of oil import license fees collected for imports into Puerto Rico, and for imports into the Customs Territory of the United States from the U. S. Virgin Islands.",
            "type": "HR",
            "url": "https://api.congress.gov/v3/bill/94/hr/5554?format=json"
        }
    ]
}