{
    "pagination": {
        "count": 161
    },
    "request": {
        "bioguideId": "p000215",
        "contentType": "application/json",
        "format": "json"
    },
    "sponsoredLegislation": [
        {
            "amendmentNumber": "492",
            "congress": 98,
            "introducedDate": "1983-11-02",
            "latestAction": {
                "actionDate": "1983-11-02",
                "text": "Amendment Failed of Passage in Committee of Whole by Voice Vote. "
            },
            "type": null,
            "url": "https://api.congress.gov/v3/amendment/98/hamdt/492?format=json"
        },
        {
            "congress": 98,
            "introducedDate": "1984-06-21",
            "latestAction": {
                "actionDate": "1984-08-02",
                "text": "For Further Action See H.R.5693."
            },
            "number": "5914",
            "policyArea": {
                "name": "Finance and Financial Sector"
            },
            "title": "A bill to amend the Securities Exchange Act of 1934 to improve the protection of the public interest and of investors in corporate take-overs.",
            "type": "HR",
            "url": "https://api.congress.gov/v3/bill/98/hr/5914?format=json"
        },
        {
            "congress": 98,
            "introducedDate": "1984-04-10",
            "latestAction": {
                "actionDate": "1984-05-02",
                "text": "Forwarded by Subcommittee to Full Committee."
            },
            "number": "5412",
            "policyArea": {
                "name": "Armed Forces and National Security"
            },
            "title": "A bill to amend title 38, United States Code, to authorize contributions made by the Veterans' Administration to States for the construction of State home facilities for veterans to be used for acquisition of facilities for such purpose.",
            "type": "HR",
            "url": "https://api.congress.gov/v3/bill/98/hr/5412?format=json"
        },
        {
            "congress": 98,
            "introducedDate": "1984-03-29",
            "latestAction": {
                "actionDate": "1984-03-29",
                "text": "Referred to House Committee on Ways and Means."
            },
            "number": "5300",
            "policyArea": {
                "name": "Taxation"
            },
            "title": "Family Farm Protection Act",
            "type": "HR",
            "url": "https://api.congress.gov/v3/bill/98/hr/5300?format=json"
        },
        {
            "congress": 98,
            "introducedDate": "1983-04-20",
            "latestAction": {
                "actionDate": "1983-07-27",
                "text": "See H.R.3678."
            },
            "number": "2658",
            "policyArea": {
                "name": "Water Resources Development"
            },
            "title": "Upper Mississippi River System Management Act",
            "type": "HR",
            "url": "https://api.congress.gov/v3/bill/98/hr/2658?format=json"
        },
        {
            "congress": 98,
            "introducedDate": "1983-02-10",
            "latestAction": {
                "actionDate": "1983-07-27",
                "text": "See H.R.3678."
            },
            "number": "1399",
            "policyArea": {
                "name": "Emergency Management"
            },
            "title": "A bill to authorize construction of the flood control project on the Zumbro River at Rochester, Minnesota.",
            "type": "HR",
            "url": "https://api.congress.gov/v3/bill/98/hr/1399?format=json"
        },
        {
            "amendmentNumber": "566",
            "congress": 99,
            "introducedDate": "1985-10-16",
            "latestAction": {
                "actionDate": "1985-10-16",
                "text": "Amendment Passed (Amended) in Committee of the Whole by Voice Vote. "
            },
            "type": null,
            "url": "https://api.congress.gov/v3/amendment/99/hamdt/566?format=json"
        },
        {
            "amendmentNumber": "304",
            "congress": 99,
            "introducedDate": "1985-07-11",
            "latestAction": {
                "actionDate": "1985-07-11",
                "text": "Amendment Passed in Committee of the Whole by Voice Vote. "
            },
            "type": null,
            "url": "https://api.congress.gov/v3/amendment/99/hamdt/304?format=json"
        },
        {
            "congress": 99,
            "introducedDate": "1986-09-23",
            "latestAction": {
                "actionDate": "1986-10-03",
                "text": "Referred to Subcommittee on Wheat, Soybeans, and Feed Grains."
            },
            "number": "5580",
            "policyArea": {
                "name": "Agriculture and Food"
            },
            "title": "A bill to establish the storage payment rate for grain in the farmer-owned reserve at an equitable level, and for other purposes.",
            "type": "HR",
            "url": "https://api.congress.gov/v3/bill/99/hr/5580?format=json"
        },
        {
            "congress": 99,
            "introducedDate": "1986-08-06",
            "latestAction": {
                "actionDate": "1986-08-06",
                "text": "Referred to House Committee on Rules."
            },
            "number": "5348",
            "policyArea": {
                "name": "Government Operations and Politics"
            },
            "title": "Intergovernmental Regulatory Relief Act of 1986",
            "type": "HR",
            "url": "https://api.congress.gov/v3/bill/99/hr/5348?format=json"
        },
        {
            "congress": 99,
            "introducedDate": "1986-05-09",
            "latestAction": {
                "actionDate": "1986-05-13",
                "text": "Referred to Subcommittee on Conservation Credit and Rural Development."
            },
            "number": "4799",
            "policyArea": {
                "name": "Agriculture and Food"
            },
            "title": "Farm Loan Mediation Act of 1986",
            "type": "HR",
            "url": "https://api.congress.gov/v3/bill/99/hr/4799?format=json"
        },
        {
            "congress": 99,
            "introducedDate": "1985-05-14",
            "latestAction": {
                "actionDate": "1985-05-14",
                "text": "Referred to House Committee on Rules."
            },
            "number": "147",
            "policyArea": {
                "name": "Economics and Public Finance"
            },
            "title": "A concurrent resolution to provide for an across-the-board freeze of new budget authority, by major functional category, for fiscal year 1986.",
            "type": "HCONRES",
            "url": "https://api.congress.gov/v3/bill/99/hconres/147?format=json"
        },
        {
            "amendmentNumber": "837",
            "congress": 100,
            "introducedDate": "1988-07-28",
            "latestAction": {
                "actionDate": "1988-07-28",
                "text": "Amendment Passed in Committee of the Whole by Recorded Vote: 246 - 155 (Record Vote No: 247). "
            },
            "type": null,
            "url": "https://api.congress.gov/v3/amendment/100/hamdt/837?format=json"
        },
        {
            "amendmentNumber": "600",
            "congress": 100,
            "introducedDate": "1988-03-23",
            "latestAction": {
                "actionDate": "1988-03-23",
                "text": "Amendment Failed of Passage in Committee of Whole by Recorded Vote: 27 - 394 (Record Vote No: 44). "
            },
            "type": null,
            "url": "https://api.congress.gov/v3/amendment/100/hamdt/600?format=json"
        },
        {
            "amendmentNumber": "375",
            "congress": 100,
            "introducedDate": "1987-08-05",
            "latestAction": {
                "actionDate": "1987-08-05",
                "text": "Amendment Failed of Passage in Committee of Whole by Recorded Vote: 181 - 245 (Record Vote No: 305). "
            },
            "type": null,
            "url": "https://api.congress.gov/v3/amendment/100/hamdt/375?format=json"
        },
        {
            "amendmentNumber": "346",
            "congress": 100,
            "introducedDate": "1987-07-13",
            "latestAction": {
                "actionDate": "1987-07-13",
                "text": "Amendment Failed of Passage in Committee of Whole by Recorded Vote. "
            },
            "type": null,
            "url": "https://api.congress.gov/v3/amendment/100/hamdt/346?format=json"
        },
        {
            "amendmentNumber": "353",
            "congress": 100,
            "introducedDate": "1987-07-14",
            "latestAction": {
                "actionDate": "1987-07-14",
                "text": "Amendment Withdrawn in Committee of the Whole. "
            },
            "type": null,
            "url": "https://api.congress.gov/v3/amendment/100/hamdt/353?format=json"
        },
        {
            "amendmentNumber": "270",
            "congress": 100,
            "introducedDate": "1987-06-24",
            "latestAction": {
                "actionDate": "1987-06-24",
                "text": "Amendment Failed of Passage in Committee of Whole by Recorded Vote: 143 - 276 (Record Vote No: 211). "
            },
            "type": null,
            "url": "https://api.congress.gov/v3/amendment/100/hamdt/270?format=json"
        },
        {
            "congress": 100,
            "introducedDate": "1988-07-07",
            "latestAction": {
                "actionDate": "1988-08-12",
                "text": "Referred to Subcommittee on Human Resources."
            },
            "number": "4999",
            "policyArea": {
                "name": "Families"
            },
            "title": "Child Care and Nutrition Enhancement Act of 1988",
            "type": "HR",
            "url": "https://api.congress.gov/v3/bill/100/hr/4999?format=json"
        },
        {
            "congress": 100,
            "introducedDate": "1988-05-19",
            "latestAction": {
                "actionDate": "1988-09-26",
                "text": "See H.R.5056."
            },
            "number": "4651",
            "policyArea": {
                "name": "Agriculture and Food"
            },
            "title": "Agricultural Research Commercialization Act of 1988",
            "type": "HR",
            "url": "https://api.congress.gov/v3/bill/100/hr/4651?format=json"
        },
        {
            "congress": 100,
            "introducedDate": "1987-11-10",
            "latestAction": {
                "actionDate": "1987-11-30",
                "text": "Referred to Subcommittee on Health and the Environment."
            },
            "number": "3638",
            "policyArea": {
                "name": "Social Welfare"
            },
            "title": "Social Security Flat Rate COLA Act of 1987",
            "type": "HR",
            "url": "https://api.congress.gov/v3/bill/100/hr/3638?format=json"
        },
        {
            "congress": 100,
            "introducedDate": "1987-07-09",
            "latestAction": {
                "actionDate": "1987-10-06",
                "text": "See H.R.3030."
            },
            "number": "2913",
            "policyArea": {
                "name": "Agriculture and Food"
            },
            "title": "A bill to enhance the rights of Farm Credit System borrowers.",
            "type": "HR",
            "url": "https://api.congress.gov/v3/bill/100/hr/2913?format=json"
        },
        {
            "congress": 100,
            "introducedDate": "1987-07-01",
            "latestAction": {
                "actionDate": "1987-08-18",
                "text": "Referred to Subcommittee on Postsecondary Education."
            },
            "number": "2879",
            "policyArea": {
                "name": "Education"
            },
            "title": "A bill to amend the Higher Education Act of 1965 to permit institutions of higher education to make loans to their students, if such institutions continue to hold such loans until the beginning of the repayment period of the loan, and for other purposes.",
            "type": "HR",
            "url": "https://api.congress.gov/v3/bill/100/hr/2879?format=json"
        },
        {
            "congress": 100,
            "introducedDate": "1987-06-02",
            "latestAction": {
                "actionDate": "1987-07-14",
                "text": "Subcommittee Hearings Held."
            },
            "number": "2574",
            "policyArea": {
                "name": "Government Operations and Politics"
            },
            "title": "A bill to provide for public financing of general election campaigns for the House of Representatives, to limit total contributions to a general election candidate who agrees to accept amounts from the House of Representatives Campaign Trust Fund, to provide a tax credit for contributions to candidates for the office of Representative, and for other purposes.",
            "type": "HR",
            "url": "https://api.congress.gov/v3/bill/100/hr/2574?format=json"
        },
        {
            "congress": 100,
            "introducedDate": "1987-06-02",
            "latestAction": {
                "actionDate": "1987-10-06",
                "text": "See H.R.3030."
            },
            "number": "2576",
            "policyArea": {
                "name": "Agriculture and Food"
            },
            "title": "Farm Loan Mediation Act of 1987",
            "type": "HR",
            "url": "https://api.congress.gov/v3/bill/100/hr/2576?format=json"
        },
        {
            "congress": 100,
            "introducedDate": "1987-06-02",
            "latestAction": {
                "actionDate": "1987-10-06",
                "text": "See H.R.3030."
            },
            "number": "2573",
            "policyArea": {
                "name": "Agriculture and Food"
            },
            "title": "Fair Farm Credit Amendments of 1987",
            "type": "HR",
            "url": "https://api.congress.gov/v3/bill/100/hr/2573?format=json"
        },
        {
            "congress": 100,
            "introducedDate": "1987-04-08",
            "latestAction": {
                "actionDate": "1987-04-20",
                "text": "Referred to Subcommittee on Employment Opportunities."
            },
            "number": "2016",
            "policyArea": {
                "name": "Finance and Financial Sector"
            },
            "title": "Community, Employee, and Stockholder Right-to-Know Act",
            "type": "HR",
            "url": "https://api.congress.gov/v3/bill/100/hr/2016?format=json"
        },
        {
            "congress": 100,
            "introducedDate": "1987-03-17",
            "latestAction": {
                "actionDate": "1988-03-29",
                "text": "Certain Provisions Included in H.R.2616."
            },
            "number": "1659",
            "policyArea": {
                "name": "Armed Forces and National Security"
            },
            "title": "A bill to amend title 38, United States Code, to increase the per diem rates for payments by the Veterans' Administration to States for domiciliary care and nursing home care provided to veterans in State homes, and for other purposes.",
            "type": "HR",
            "url": "https://api.congress.gov/v3/bill/100/hr/1659?format=json"
        },
        {
            "congress": 100,
            "introducedDate": "1987-01-28",
            "latestAction": {
                "actionDate": "1987-02-05",
                "text": "Referred to Subcommittee on Legislation and National Security."
            },
            "number": "805",
            "policyArea": {
                "name": "Economics and Public Finance"
            },
            "title": "A bill to amend the congressional budget process to provide for a pay-as-you-go budget for the United States, to provide for a biennial budget for the United States, and to provide line item veto authority for the President, and for other purposes.",
            "type": "HR",
            "url": "https://api.congress.gov/v3/bill/100/hr/805?format=json"
        },
        {
            "congress": 100,
            "introducedDate": "1987-01-28",
            "latestAction": {
                "actionDate": "1987-02-10",
                "text": "Referred to Subcommittee on Monopolies and Commercial Law."
            },
            "number": "804",
            "policyArea": {
                "name": "Economics and Public Finance"
            },
            "title": "A bill proposing an amendment to the Constitution of the United States allowing an item veto in appropriations Acts.",
            "type": "HR",
            "url": "https://api.congress.gov/v3/bill/100/hr/804?format=json"
        },
        {
            "amendmentNumber": "899",
            "congress": 101,
            "introducedDate": "1990-10-21",
            "latestAction": {
                "actionDate": "1990-10-21",
                "actionTime": "19:44:03",
                "text": "On agreeing to the Penny amendment (A011) Agreed to by recorded vote: 249 - 161 (Roll no. 500). "
            },
            "type": null,
            "url": "https://api.congress.gov/v3/amendment/101/hamdt/899?format=json"
        },
        {
            "amendmentNumber": "857",
            "congress": 101,
            "introducedDate": "1990-10-12",
            "latestAction": {
                "actionDate": "1990-10-12",
                "actionTime": "13:44:34",
                "text": "On agreeing to the Penny amendment (A005) Failed by recorded vote: 201 - 215 (Roll no. 454). "
            },
            "type": null,
            "url": "https://api.congress.gov/v3/amendment/101/hamdt/857?format=json"
        },
        {
            "amendmentNumber": "621",
            "congress": 101,
            "introducedDate": "1990-07-26",
            "latestAction": {
                "actionDate": "1990-07-26",
                "actionTime": "18:10:43",
                "text": "On agreeing to the Penny amendment (A006) as modified Agreed to by voice vote. "
            },
            "type": null,
            "url": "https://api.congress.gov/v3/amendment/101/hamdt/621?format=json"
        },
        {
            "amendmentNumber": "630",
            "congress": 101,
            "introducedDate": "1990-07-30",
            "latestAction": {
                "actionDate": "1990-07-30",
                "actionTime": "19:43:21",
                "text": "On agreeing to the Penny amendment (A003) Failed by recorded vote: 164 - 239 (Roll no. 281). "
            },
            "type": null,
            "url": "https://api.congress.gov/v3/amendment/101/hamdt/630?format=json"
        },
        {
            "amendmentNumber": "569",
            "congress": 101,
            "introducedDate": "1990-07-18",
            "latestAction": {
                "actionDate": "1990-07-18",
                "actionTime": "14:15:24",
                "text": "On agreeing to the Penny amendment (A004) Failed by recorded vote: 202 - 216 (Roll no. 241). "
            },
            "type": null,
            "url": "https://api.congress.gov/v3/amendment/101/hamdt/569?format=json"
        },
        {
            "amendmentNumber": "557",
            "congress": 101,
            "introducedDate": "1990-07-12",
            "latestAction": {
                "actionDate": "1990-07-12",
                "actionTime": "16:40:19",
                "text": "On agreeing to the Penny amendment (A002) Failed by recorded vote: 133 - 283 (Roll no. 224). "
            },
            "type": null,
            "url": "https://api.congress.gov/v3/amendment/101/hamdt/557?format=json"
        },
        {
            "amendmentNumber": "579",
            "congress": 101,
            "introducedDate": "1990-07-19",
            "latestAction": {
                "actionDate": "1990-07-19",
                "actionTime": "16:21:10",
                "text": "On agreeing to the Penny amendment (A009) Failed by recorded vote: 160 - 253 (Roll no. 250). "
            },
            "type": null,
            "url": "https://api.congress.gov/v3/amendment/101/hamdt/579?format=json"
        },
        {
            "amendmentNumber": "563",
            "congress": 101,
            "introducedDate": "1990-07-13",
            "latestAction": {
                "actionDate": "1990-07-13",
                "actionTime": "14:31:41",
                "text": "On agreeing to the Penny amendment (A006) Failed by recorded vote: 178 - 201 (Roll no. 232). "
            },
            "type": null,
            "url": "https://api.congress.gov/v3/amendment/101/hamdt/563?format=json"
        },
        {
            "amendmentNumber": "567",
            "congress": 101,
            "introducedDate": "1990-07-18",
            "latestAction": {
                "actionDate": "1990-07-18",
                "actionTime": "12:52:10",
                "text": "On agreeing to the Penny amendment (A002) Failed by voice vote. "
            },
            "type": null,
            "url": "https://api.congress.gov/v3/amendment/101/hamdt/567?format=json"
        },
        {
            "amendmentNumber": "548",
            "congress": 101,
            "introducedDate": "1990-06-28",
            "latestAction": {
                "actionDate": "1990-06-28",
                "actionTime": "15:23:15",
                "text": "On agreeing to the Penny amendment (A006) Failed by recorded vote: 172 - 235 (Roll no. 209). "
            },
            "type": null,
            "url": "https://api.congress.gov/v3/amendment/101/hamdt/548?format=json"
        },
        {
            "amendmentNumber": "531",
            "congress": 101,
            "introducedDate": "1990-06-26",
            "latestAction": {
                "actionDate": "1990-06-26",
                "actionTime": "14:19:14",
                "text": "On agreeing to the Penny amendment (A004) Failed by voice vote. "
            },
            "type": null,
            "url": "https://api.congress.gov/v3/amendment/101/hamdt/531?format=json"
        },
        {
            "amendmentNumber": "527",
            "congress": 101,
            "introducedDate": "1990-06-19",
            "latestAction": {
                "actionDate": "1990-06-19",
                "actionTime": "20:15:50",
                "text": "On agreeing to the Penny amendment (A009) Failed by recorded vote: 175 - 232 (Roll no. 180). "
            },
            "type": null,
            "url": "https://api.congress.gov/v3/amendment/101/hamdt/527?format=json"
        },
        {
            "amendmentNumber": "224",
            "congress": 101,
            "introducedDate": "1989-07-31",
            "latestAction": {
                "actionDate": "1989-07-31",
                "actionTime": "21:01:42",
                "text": "On agreeing to the Penny amendment (A008) Agreed to by recorded vote: 405 - 8 (Roll no. 192). "
            },
            "type": null,
            "url": "https://api.congress.gov/v3/amendment/101/hamdt/224?format=json"
        },
        {
            "congress": 101,
            "introducedDate": "1990-08-03",
            "latestAction": {
                "actionDate": "1990-09-04",
                "text": "Referred to the Subcommittee on Select Education."
            },
            "number": "5514",
            "policyArea": {
                "name": "Labor and Employment"
            },
            "title": "Voluntary National Service Act of 1990",
            "type": "HR",
            "url": "https://api.congress.gov/v3/bill/101/hr/5514?format=json"
        },
        {
            "congress": 101,
            "introducedDate": "1990-07-25",
            "latestAction": {
                "actionDate": "1990-08-17",
                "text": "Referred to the Subcommittee on Labor Standards."
            },
            "number": "5374",
            "policyArea": {
                "name": "Labor and Employment"
            },
            "title": "Family Leave Act of 1990",
            "type": "HR",
            "url": "https://api.congress.gov/v3/bill/101/hr/5374?format=json"
        },
        {
            "congress": 101,
            "introducedDate": "1990-07-20",
            "latestAction": {
                "actionDate": "1990-08-17",
                "text": "Referred to the Subcommittee on Labor Standards."
            },
            "number": "5340",
            "policyArea": {
                "name": "Labor and Employment"
            },
            "title": "To amend the Fair Labor Standards Act of 1938 to provide that coverage under that Act shall only extend to employees of enterprises engaged in commerce or in the production of goods for commerce.",
            "type": "HR",
            "url": "https://api.congress.gov/v3/bill/101/hr/5340?format=json"
        },
        {
            "congress": 101,
            "introducedDate": "1990-06-21",
            "latestAction": {
                "actionDate": "1990-08-17",
                "text": "Referred to the Subcommittee on Select Education."
            },
            "number": "5133",
            "policyArea": {
                "name": "Education"
            },
            "title": "Federal-State Equal Rate Act",
            "type": "HR",
            "url": "https://api.congress.gov/v3/bill/101/hr/5133?format=json"
        },
        {
            "congress": 101,
            "introducedDate": "1990-05-17",
            "latestAction": {
                "actionDate": "1990-06-01",
                "text": "Referred to the Subcommittee on Conservation Credit and Rural Development."
            },
            "number": "4857",
            "policyArea": {
                "name": "Agriculture and Food"
            },
            "title": "Beginning Farmer and Rancher Credit Act of 1990",
            "type": "HR",
            "url": "https://api.congress.gov/v3/bill/101/hr/4857?format=json"
        },
        {
            "congress": 101,
            "introducedDate": "1990-05-01",
            "latestAction": {
                "actionDate": "1990-05-11",
                "text": "Referred to the Subcommittee on Postsecondary Education."
            },
            "number": "4690",
            "policyArea": {
                "name": "Education"
            },
            "title": "To amend the Higher Education Act of 1965 to permit the deferral of payments on students loans during professional internships, regardless of duration.",
            "type": "HR",
            "url": "https://api.congress.gov/v3/bill/101/hr/4690?format=json"
        },
        {
            "congress": 101,
            "introducedDate": "1990-04-24",
            "latestAction": {
                "actionDate": "1990-04-24",
                "text": "Referred to the House Committee on Veterans' Affairs."
            },
            "number": "4598",
            "policyArea": {
                "name": "Armed Forces and National Security"
            },
            "title": "Veterans' Employment and Training Amendment of 1990",
            "type": "HR",
            "url": "https://api.congress.gov/v3/bill/101/hr/4598?format=json"
        },
        {
            "congress": 101,
            "introducedDate": "1990-03-29",
            "latestAction": {
                "actionDate": "1990-04-26",
                "text": "Referred to the Subcommittee on Labor Standards."
            },
            "number": "4434",
            "policyArea": {
                "name": "Labor and Employment"
            },
            "title": "To amend the Fair Labor Standards Act of 1938 to permit nurses to make additional arrangements respecting the overtime requirement of such Act.",
            "type": "HR",
            "url": "https://api.congress.gov/v3/bill/101/hr/4434?format=json"
        },
        {
            "congress": 101,
            "introducedDate": "1990-03-27",
            "latestAction": {
                "actionDate": "1990-04-26",
                "text": "Referred to the Subcommittee on Postsecondary Education."
            },
            "number": "4393",
            "policyArea": {
                "name": "Education"
            },
            "title": "Nontraditional Students Assistance Act of 1990",
            "type": "HR",
            "url": "https://api.congress.gov/v3/bill/101/hr/4393?format=json"
        },
        {
            "congress": 101,
            "introducedDate": "1990-02-22",
            "latestAction": {
                "actionDate": "1990-06-13",
                "text": "Received in the Senate and read twice and referred to the Committee on Veterans."
            },
            "number": "4088",
            "policyArea": {
                "name": "Armed Forces and National Security"
            },
            "title": "Veterans Recruitment Authority Act of 1990",
            "type": "HR",
            "url": "https://api.congress.gov/v3/bill/101/hr/4088?format=json"
        },
        {
            "congress": 101,
            "introducedDate": "1990-02-22",
            "latestAction": {
                "actionDate": "1990-07-12",
                "text": "Received in the Senate and read twice and referred to the Committee on Veterans."
            },
            "number": "4087",
            "policyArea": {
                "name": "Armed Forces and National Security"
            },
            "title": "Veterans Employment and Training Amendments of 1990",
            "type": "HR",
            "url": "https://api.congress.gov/v3/bill/101/hr/4087?format=json"
        },
        {
            "congress": 101,
            "introducedDate": "1990-02-22",
            "latestAction": {
                "actionDate": "1990-08-15",
                "text": "Similiar Provisions Included In H.R.1199 (Section 205)."
            },
            "number": "4089",
            "policyArea": {
                "name": "Armed Forces and National Security"
            },
            "title": "Veterans Educational and Vocational Counseling Amendments of 1990",
            "type": "HR",
            "url": "https://api.congress.gov/v3/bill/101/hr/4089?format=json"
        },
        {
            "congress": 101,
            "introducedDate": "1990-01-23",
            "latestAction": {
                "actionDate": "1990-01-29",
                "text": "Referred to the Subcommittee on Social Security."
            },
            "number": "3865",
            "policyArea": {
                "name": "Taxation"
            },
            "title": "To amend the Internal Revenue Code of 1986 to repeal the 1990 scheduled increase in social security taxes and to reduce such taxes in 1991.",
            "type": "HR",
            "url": "https://api.congress.gov/v3/bill/101/hr/3865?format=json"
        },
        {
            "congress": 101,
            "introducedDate": "1989-11-20",
            "latestAction": {
                "actionDate": "1989-12-06",
                "text": "See S.1960."
            },
            "number": "3744",
            "policyArea": {
                "name": "Social Welfare"
            },
            "title": "Entitled, \"The Minnesota Family Investment Plan\".",
            "type": "HR",
            "url": "https://api.congress.gov/v3/bill/101/hr/3744?format=json"
        },
        {
            "congress": 101,
            "introducedDate": "1989-10-11",
            "latestAction": {
                "actionDate": "1989-11-13",
                "text": "Referred to the Subcommittee on Labor-Management Relations."
            },
            "number": "3445",
            "policyArea": {
                "name": "Labor and Employment"
            },
            "title": "Maternity Leave Act of 1989",
            "type": "HR",
            "url": "https://api.congress.gov/v3/bill/101/hr/3445?format=json"
        },
        {
            "congress": 101,
            "introducedDate": "1989-10-02",
            "latestAction": {
                "actionDate": "1990-05-01",
                "text": "Referred to the Committee on Veterans by unanimous consent."
            },
            "number": "3390",
            "policyArea": {
                "name": "Armed Forces and National Security"
            },
            "title": "To amend title 38, United States Code, with respect to certain veterans' education programs, and for other purposes.",
            "type": "HR",
            "url": "https://api.congress.gov/v3/bill/101/hr/3390?format=json"
        },
        {
            "congress": 101,
            "introducedDate": "1989-09-21",
            "latestAction": {
                "actionDate": "1989-09-27",
                "text": "Referred to the Subcommittee on Social Security."
            },
            "number": "3323",
            "policyArea": {
                "name": "Economics and Public Finance"
            },
            "title": "Budget Act Amendments of 1989",
            "type": "HR",
            "url": "https://api.congress.gov/v3/bill/101/hr/3323?format=json"
        },
        {
            "congress": 101,
            "introducedDate": "1989-08-01",
            "latestAction": {
                "actionDate": "1989-11-09",
                "text": "Subcommittee Hearings Held."
            },
            "number": "3071",
            "policyArea": {
                "name": "Agriculture and Food"
            },
            "title": "Comprehensive Food Safety Act of 1989",
            "type": "HR",
            "url": "https://api.congress.gov/v3/bill/101/hr/3071?format=json"
        },
        {
            "congress": 101,
            "introducedDate": "1989-06-22",
            "latestAction": {
                "actionDate": "1989-06-22",
                "text": "Referred to the House Committee on Post Office and Civil Service."
            },
            "number": "2732",
            "policyArea": {
                "name": "Congress"
            },
            "title": "To amend chapter 32 of title 39, United States Code, to limit the number of congressional mass mailings, require public disclosure of the costs of such mailings, and for other purposes.",
            "type": "HR",
            "url": "https://api.congress.gov/v3/bill/101/hr/2732?format=json"
        },
        {
            "congress": 101,
            "introducedDate": "1989-06-05",
            "latestAction": {
                "actionDate": "1989-07-12",
                "text": "Referred to the Subcommittee on Labor Standards."
            },
            "number": "2543",
            "policyArea": {
                "name": "Labor and Employment"
            },
            "title": "To amend the Fair Labor Standards Act of 1938 to increase the minimum wage and to amend the Internal Revenue Code of 1986 to increase the amount of the earned income tax credit for taxpayers with school age or preschool age children.",
            "type": "HR",
            "url": "https://api.congress.gov/v3/bill/101/hr/2543?format=json"
        },
        {
            "congress": 101,
            "introducedDate": "1989-05-24",
            "latestAction": {
                "actionDate": "1989-11-20",
                "text": "See H.R.901."
            },
            "number": "2486",
            "policyArea": {
                "name": "Armed Forces and National Security"
            },
            "title": "Veterans Recruitment Authority Act of 1989",
            "type": "HR",
            "url": "https://api.congress.gov/v3/bill/101/hr/2486?format=json"
        },
        {
            "congress": 101,
            "introducedDate": "1989-05-16",
            "latestAction": {
                "actionDate": "1989-06-09",
                "text": "Referred to the Subcommittee on Human Resources."
            },
            "number": "2373",
            "policyArea": {
                "name": "Education"
            },
            "title": "Head Start Expansion Amendments of 1989",
            "type": "HR",
            "url": "https://api.congress.gov/v3/bill/101/hr/2373?format=json"
        },
        {
            "congress": 101,
            "introducedDate": "1989-03-20",
            "latestAction": {
                "actionDate": "1989-08-01",
                "text": "Executive Comment Received from USDA."
            },
            "number": "1505",
            "policyArea": {
                "name": "Agriculture and Food"
            },
            "title": "Agricultural Research Commercialization Act of 1989",
            "type": "HR",
            "url": "https://api.congress.gov/v3/bill/101/hr/1505?format=json"
        },
        {
            "congress": 101,
            "introducedDate": "1989-03-09",
            "latestAction": {
                "actionDate": "1989-11-24",
                "text": "Committee on Veterans received executive comment from Department of Veterans Affairs."
            },
            "number": "1358",
            "policyArea": {
                "name": "Armed Forces and National Security"
            },
            "title": "To amend title 38, United States Code, with respect to the Montgomery G.I. Bill, and for other purposes.",
            "type": "HR",
            "url": "https://api.congress.gov/v3/bill/101/hr/1358?format=json"
        },
        {
            "congress": 101,
            "introducedDate": "1989-03-02",
            "latestAction": {
                "actionDate": "1989-05-05",
                "text": "Referred to the Subcommittee on the Legislative Process."
            },
            "number": "1262",
            "policyArea": {
                "name": "Economics and Public Finance"
            },
            "title": "To amend the congressional budget process to provide for a pay-as-you-go budget for the United States, to provide for a biennial budget for the United States, and to provide line item veto authority for the President, and for other purposes.",
            "type": "HR",
            "url": "https://api.congress.gov/v3/bill/101/hr/1262?format=json"
        },
        {
            "congress": 101,
            "introducedDate": "1989-03-02",
            "latestAction": {
                "actionDate": "1989-03-27",
                "text": "Referred to the Subcommittee on Economic and Commercial Law."
            },
            "number": "1261",
            "policyArea": {
                "name": "Economics and Public Finance"
            },
            "title": "Proposing an amendment to the Constitution of the United States allowing an item veto in appropriation acts.",
            "type": "HR",
            "url": "https://api.congress.gov/v3/bill/101/hr/1261?format=json"
        },
        {
            "congress": 101,
            "introducedDate": "1989-02-27",
            "latestAction": {
                "actionDate": "1989-03-06",
                "text": "Referred to the Subcommittee on Elections."
            },
            "number": "1133",
            "policyArea": {
                "name": "Government Operations and Politics"
            },
            "title": "To provide for public financing of general election campaigns for the House of Representatives, to limit total contributions to a general election candidate who agrees to accept amounts from the House of Representatives Campaign Trust Fund, to provide a tax credit for contributions to candidates for the office of Representative, and for other purposes.",
            "type": "HR",
            "url": "https://api.congress.gov/v3/bill/101/hr/1133?format=json"
        },
        {
            "congress": 101,
            "introducedDate": "1989-02-21",
            "latestAction": {
                "actionDate": "1989-03-06",
                "text": "Referred to the Subcommittee on Telecommunications and Finance."
            },
            "number": "1030",
            "policyArea": {
                "name": "Finance and Financial Sector"
            },
            "title": "Community, Employee, and Stockholder Right-to-Know Act",
            "type": "HR",
            "url": "https://api.congress.gov/v3/bill/101/hr/1030?format=json"
        },
        {
            "congress": 101,
            "introducedDate": "1989-01-24",
            "latestAction": {
                "actionDate": "1989-02-21",
                "text": "Referred to the Subcommittee on Postsecondary Education."
            },
            "number": "641",
            "policyArea": {
                "name": "Education"
            },
            "title": "To amend the Higher Education Act of 1965 to permit institutions of higher education to make loans to their students, if such institutions continue to hold such loans until the beginning of the grace period of the loan, and for other purposes.",
            "type": "HR",
            "url": "https://api.congress.gov/v3/bill/101/hr/641?format=json"
        },
        {
            "congress": 101,
            "introducedDate": "1990-06-20",
            "latestAction": {
                "actionDate": "1990-06-20",
                "text": "Referred to the House Committee on House Administration."
            },
            "number": "418",
            "policyArea": {
                "name": "Congress"
            },
            "title": "House of Representatives Clean Indoor Air Act",
            "type": "HRES",
            "url": "https://api.congress.gov/v3/bill/101/hres/418?format=json"
        },
        {
            "congress": 101,
            "introducedDate": "1990-10-20",
            "latestAction": {
                "actionDate": "1990-11-19",
                "text": "Referred to the Subcommittee on Health and the Environment."
            },
            "number": "387",
            "policyArea": {
                "name": "Health"
            },
            "title": "Expressing the sense of the Congress regarding the need to provide adequate health care for America's children.",
            "type": "HCONRES",
            "url": "https://api.congress.gov/v3/bill/101/hconres/387?format=json"
        },
        {
            "amendmentNumber": "877",
            "congress": 102,
            "introducedDate": "1992-10-01",
            "latestAction": {
                "actionDate": "1992-10-01",
                "actionTime": "17:03:31",
                "text": "On agreeing to the Penny amendment (A001) as amended Agreed to by voice vote. "
            },
            "type": null,
            "url": "https://api.congress.gov/v3/amendment/102/hamdt/877?format=json"
        },
        {
            "amendmentNumber": "682",
            "congress": 102,
            "introducedDate": "1992-07-02",
            "latestAction": {
                "actionDate": "1992-07-02",
                "actionTime": "13:35:12",
                "text": "On agreeing to the Penny amendment (A005) Failed by voice vote. "
            },
            "type": null,
            "url": "https://api.congress.gov/v3/amendment/102/hamdt/682?format=json"
        },
        {
            "amendmentNumber": "678",
            "congress": 102,
            "introducedDate": "1992-07-02",
            "latestAction": {
                "actionDate": "1992-07-02",
                "actionTime": "12:05:05",
                "text": "On agreeing to the Penny amendment (A001) Agreed to by voice vote. "
            },
            "type": null,
            "url": "https://api.congress.gov/v3/amendment/102/hamdt/678?format=json"
        },
        {
            "amendmentNumber": "686",
            "congress": 102,
            "introducedDate": "1992-07-02",
            "latestAction": {
                "actionDate": "1992-07-02",
                "actionTime": "14:20:30",
                "text": "On agreeing to the Penny amendment (A009) Failed by recorded vote: 173 - 248 (Roll no. 265). "
            },
            "type": null,
            "url": "https://api.congress.gov/v3/amendment/102/hamdt/686?format=json"
        },
        {
            "amendmentNumber": "691",
            "congress": 102,
            "introducedDate": "1992-07-09",
            "latestAction": {
                "actionDate": "1992-07-09",
                "actionTime": "13:31:05",
                "text": "By unanimous consent, the Penny amendment was withdrawn. "
            },
            "type": null,
            "url": "https://api.congress.gov/v3/amendment/102/hamdt/691?format=json"
        },
        {
            "amendmentNumber": "667",
            "congress": 102,
            "introducedDate": "1992-07-01",
            "latestAction": {
                "actionDate": "1992-07-01",
                "actionTime": "15:13:00",
                "text": "On agreeing to the Penny amendments (A001) Agreed to by recorded vote: 388 - 27 (Roll no. 255). "
            },
            "type": null,
            "url": "https://api.congress.gov/v3/amendment/102/hamdt/667?format=json"
        },
        {
            "amendmentNumber": "617",
            "congress": 102,
            "introducedDate": "1992-06-17",
            "latestAction": {
                "actionDate": "1992-06-17",
                "actionTime": "22:23:50",
                "text": "On agreeing to the Penny amendment (A011) Agreed to by voice vote. "
            },
            "type": null,
            "url": "https://api.congress.gov/v3/amendment/102/hamdt/617?format=json"
        },
        {
            "amendmentNumber": "461",
            "congress": 102,
            "introducedDate": "1992-03-26",
            "latestAction": {
                "actionDate": "1992-03-26",
                "actionTime": "13:52:28",
                "text": "On agreeing to the Penny amendment (A015) as amended Agreed to by voice vote. "
            },
            "type": null,
            "url": "https://api.congress.gov/v3/amendment/102/hamdt/461?format=json"
        },
        {
            "amendmentNumber": "270",
            "congress": 102,
            "introducedDate": "1991-07-24",
            "latestAction": {
                "actionDate": "1991-07-24",
                "actionTime": "15:07:51",
                "text": "On agreeing to the Penny amendments (A001) Failed by recorded vote: 84 - 339 (Roll no. 220). "
            },
            "type": null,
            "url": "https://api.congress.gov/v3/amendment/102/hamdt/270?format=json"
        },
        {
            "amendmentNumber": "271",
            "congress": 102,
            "introducedDate": "1991-07-24",
            "latestAction": {
                "actionDate": "1991-07-24",
                "actionTime": "15:12:59",
                "text": "By unanimous consent, the Penny amendment was withdrawn. "
            },
            "type": null,
            "url": "https://api.congress.gov/v3/amendment/102/hamdt/271?format=json"
        },
        {
            "amendmentNumber": "226",
            "congress": 102,
            "introducedDate": "1991-06-26",
            "latestAction": {
                "actionDate": "1991-06-26",
                "actionTime": "13:19:20",
                "text": "On agreeing to the Penny amendment (A001) Agreed to by voice vote. "
            },
            "type": null,
            "url": "https://api.congress.gov/v3/amendment/102/hamdt/226?format=json"
        },
        {
            "amendmentNumber": "155",
            "congress": 102,
            "introducedDate": "1991-06-18",
            "latestAction": {
                "actionDate": "1991-06-18",
                "actionTime": "18:56:48",
                "text": "By unanimous consent, the Penny amendment was withdrawn. "
            },
            "type": null,
            "url": "https://api.congress.gov/v3/amendment/102/hamdt/155?format=json"
        },
        {
            "amendmentNumber": "136",
            "congress": 102,
            "introducedDate": "1991-06-13",
            "latestAction": {
                "actionDate": "1991-06-13",
                "actionTime": "12:37:57",
                "text": "By unanimous consent, the Penny amendment was withdrawn. "
            },
            "type": null,
            "url": "https://api.congress.gov/v3/amendment/102/hamdt/136?format=json"
        },
        {
            "amendmentNumber": "95",
            "congress": 102,
            "introducedDate": "1991-06-05",
            "latestAction": {
                "actionDate": "1991-06-05",
                "actionTime": "14:51:22",
                "text": "On agreeing to the Penny amendment (A002) Failed by recorded vote: 198 - 227 (Roll no. 133). "
            },
            "type": null,
            "url": "https://api.congress.gov/v3/amendment/102/hamdt/95?format=json"
        },
        {
            "congress": 102,
            "introducedDate": "1992-07-21",
            "latestAction": {
                "actionDate": "1992-08-06",
                "text": "Received in the Senate and read twice and referred to the Committee on Veterans."
            },
            "number": "5619",
            "policyArea": {
                "name": "Armed Forces and National Security"
            },
            "title": "Administration of Veterans Education Benefits Technical Reorganization Act",
            "type": "HR",
            "url": "https://api.congress.gov/v3/bill/102/hr/5619?format=json"
        },
        {
            "congress": 102,
            "introducedDate": "1992-06-29",
            "latestAction": {
                "actionDate": "1992-06-29",
                "text": "Referred to the House Committee on Foreign Affairs."
            },
            "number": "5507",
            "policyArea": {
                "name": "International Affairs"
            },
            "title": "International Woman and Child Health Act of 1992",
            "type": "HR",
            "url": "https://api.congress.gov/v3/bill/102/hr/5507?format=json"
        },
        {
            "congress": 102,
            "introducedDate": "1992-06-16",
            "latestAction": {
                "actionDate": "1992-06-16",
                "text": "Referred to the House Committee on Appropriations."
            },
            "number": "5403",
            "policyArea": {
                "name": "Economics and Public Finance"
            },
            "title": "To rescind funds made available under the Department of Defense Appropriations Act, 1992, for the Arctic Region Supercomputing Center.",
            "type": "HR",
            "url": "https://api.congress.gov/v3/bill/102/hr/5403?format=json"
        },
        {
            "congress": 102,
            "introducedDate": "1992-06-16",
            "latestAction": {
                "actionDate": "1992-06-25",
                "text": "See S.2780."
            },
            "number": "5402",
            "policyArea": {
                "name": "Agriculture and Food"
            },
            "title": "To amend the Food Security Act of 1985 to remove certain easement requirements under the conservation reserve program, and for other purposes.",
            "type": "HR",
            "url": "https://api.congress.gov/v3/bill/102/hr/5402?format=json"
        },
        {
            "congress": 102,
            "introducedDate": "1992-05-21",
            "latestAction": {
                "actionDate": "1992-05-28",
                "text": "Committee Consideration and Mark-up Session Held."
            },
            "number": "5254",
            "policyArea": {
                "name": "Armed Forces and National Security"
            },
            "title": "To amend title 38, United States Code, to provide job training readjustment assistance to certain veterans, and for other purposes.",
            "type": "HR",
            "url": "https://api.congress.gov/v3/bill/102/hr/5254?format=json"
        },
        {
            "congress": 102,
            "introducedDate": "1992-05-06",
            "latestAction": {
                "actionDate": "1992-05-08",
                "text": "Executive Comment Requested from DOD."
            },
            "number": "5086",
            "policyArea": {
                "name": "Armed Forces and National Security"
            },
            "title": "To designate a portion of defense funds for fiscal year 1993 that are made available for economic conversion or reinvestment to be available for certain defense-related personnel transition assistance programs.",
            "type": "HR",
            "url": "https://api.congress.gov/v3/bill/102/hr/5086?format=json"
        },
        {
            "congress": 102,
            "introducedDate": "1992-05-06",
            "latestAction": {
                "actionDate": "1992-09-28",
                "text": "Message on Senate action sent to the House."
            },
            "number": "5087",
            "policyArea": {
                "name": "Armed Forces and National Security"
            },
            "title": "Veterans' Readjustment Benefits Improvement Act of 1992",
            "type": "HR",
            "url": "https://api.congress.gov/v3/bill/102/hr/5087?format=json"
        },
        {
            "congress": 102,
            "introducedDate": "1992-02-27",
            "latestAction": {
                "actionDate": "1992-06-12",
                "text": "Received in the Senate and read twice and referred to the Committee on Veterans."
            },
            "number": "4342",
            "policyArea": {
                "name": "Armed Forces and National Security"
            },
            "title": "To amend title 38, United States Code, to expand job assistance programs for Vietnam era veterans, and for other purposes.",
            "type": "HR",
            "url": "https://api.congress.gov/v3/bill/102/hr/4342?format=json"
        },
        {
            "congress": 102,
            "introducedDate": "1992-02-25",
            "latestAction": {
                "actionDate": "1992-03-27",
                "text": "Referred to the Subcommittee on Labor-Management Relations."
            },
            "number": "4308",
            "policyArea": {
                "name": "Labor and Employment"
            },
            "title": "Family Emergencies and Medical Leave Act of 1992",
            "type": "HR",
            "url": "https://api.congress.gov/v3/bill/102/hr/4308?format=json"
        },
        {
            "congress": 102,
            "introducedDate": "1992-02-14",
            "latestAction": {
                "actionDate": "1992-06-18",
                "text": "Unfavorable Executive Comment Received from DOD."
            },
            "number": "4229",
            "policyArea": {
                "name": "Armed Forces and National Security"
            },
            "title": "Trident II (D-5) Missile Production Termination Act",
            "type": "HR",
            "url": "https://api.congress.gov/v3/bill/102/hr/4229?format=json"
        },
        {
            "congress": 102,
            "introducedDate": "1991-11-26",
            "latestAction": {
                "actionDate": "1991-11-26",
                "text": "Referred to the House Committee on Veterans' Affairs."
            },
            "number": "4018",
            "policyArea": {
                "name": "Armed Forces and National Security"
            },
            "title": "To amend title 38, United States Code, to revise the rules relating to crediting of third-party reimbursements received by the United States for the costs of medical services and hospital care furnished by the Department of Veterans Affairs.",
            "type": "HR",
            "url": "https://api.congress.gov/v3/bill/102/hr/4018?format=json"
        },
        {
            "congress": 102,
            "introducedDate": "1991-11-26",
            "latestAction": {
                "actionDate": "1991-12-05",
                "text": "Executive Comment Requested from USDA."
            },
            "number": "4019",
            "policyArea": {
                "name": "Agriculture and Food"
            },
            "title": "Farm Program Payment Limitations Reform Act of 1991",
            "type": "HR",
            "url": "https://api.congress.gov/v3/bill/102/hr/4019?format=json"
        },
        {
            "congress": 102,
            "introducedDate": "1991-11-13",
            "latestAction": {
                "actionDate": "1992-10-01",
                "text": "Subcommittee Consideration and Mark-up Session Held."
            },
            "number": "3764",
            "policyArea": {
                "name": "Government Operations and Politics"
            },
            "title": "To amend title 5, United States Code, to provide veterans' preference eligibility with respect to individuals who served on active duty in the armed forces during the Persian Gulf War, and for other purposes.",
            "type": "HR",
            "url": "https://api.congress.gov/v3/bill/102/hr/3764?format=json"
        },
        {
            "congress": 102,
            "introducedDate": "1991-09-17",
            "latestAction": {
                "actionDate": "1991-10-24",
                "text": "Referred to the Subcommittee on Postsecondary Education."
            },
            "number": "3354",
            "policyArea": {
                "name": "Education"
            },
            "title": "Nontraditional Students Assistance Act of 1991",
            "type": "HR",
            "url": "https://api.congress.gov/v3/bill/102/hr/3354?format=json"
        },
        {
            "congress": 102,
            "introducedDate": "1991-05-20",
            "latestAction": {
                "actionDate": "1992-04-09",
                "text": "See H.R.4906."
            },
            "number": "2401",
            "policyArea": {
                "name": "Agriculture and Food"
            },
            "title": "Beginning Farmer and Rancher Credit Act of 1991",
            "type": "HR",
            "url": "https://api.congress.gov/v3/bill/102/hr/2401?format=json"
        },
        {
            "congress": 102,
            "introducedDate": "1991-05-02",
            "latestAction": {
                "actionDate": "1991-05-20",
                "text": "Referred to the Subcommittee on Health and the Environment."
            },
            "number": "2213",
            "policyArea": {
                "name": "Health"
            },
            "title": "Child Health Program Act of 1991",
            "type": "HR",
            "url": "https://api.congress.gov/v3/bill/102/hr/2213?format=json"
        },
        {
            "congress": 102,
            "introducedDate": "1991-04-22",
            "latestAction": {
                "actionDate": "1991-04-22",
                "text": "Referred to the House Committee on Ways and Means."
            },
            "number": "1974",
            "policyArea": {
                "name": "Taxation"
            },
            "title": "Family Day Care Provider Tax Simplification Act",
            "type": "HR",
            "url": "https://api.congress.gov/v3/bill/102/hr/1974?format=json"
        },
        {
            "congress": 102,
            "introducedDate": "1991-03-21",
            "latestAction": {
                "actionDate": "1991-04-15",
                "text": "Referred to the Subcommittee on Labor Standards."
            },
            "number": "1577",
            "policyArea": {
                "name": "Labor and Employment"
            },
            "title": "To amend the Fair Labor Standards Act of 1938 to permit nurses to make additional arrangements respecting the overtime requirement of such Act.",
            "type": "HR",
            "url": "https://api.congress.gov/v3/bill/102/hr/1577?format=json"
        },
        {
            "congress": 102,
            "introducedDate": "1991-03-21",
            "latestAction": {
                "actionDate": "1992-10-07",
                "text": "Message on House action received in Senate and at desk: House amendment to Senate amendment."
            },
            "number": "1578",
            "policyArea": {
                "name": "Armed Forces and National Security"
            },
            "title": "Uniformed Services Employment and Reemployment Rights Act of 1992",
            "type": "HR",
            "url": "https://api.congress.gov/v3/bill/102/hr/1578?format=json"
        },
        {
            "congress": 102,
            "introducedDate": "1991-03-14",
            "latestAction": {
                "actionDate": "1991-03-22",
                "text": "Executive Comment Requested from DOD."
            },
            "number": "1446",
            "policyArea": {
                "name": "Armed Forces and National Security"
            },
            "title": "Tactical Missile Defense Act of 1991",
            "type": "HR",
            "url": "https://api.congress.gov/v3/bill/102/hr/1446?format=json"
        },
        {
            "congress": 102,
            "introducedDate": "1991-02-04",
            "latestAction": {
                "actionDate": "1991-02-04",
                "text": "Referred to the House Committee on House Administration."
            },
            "number": "791",
            "policyArea": {
                "name": "Government Operations and Politics"
            },
            "title": "Democracy in Presidential Debates Act of 1991",
            "type": "HR",
            "url": "https://api.congress.gov/v3/bill/102/hr/791?format=json"
        },
        {
            "congress": 102,
            "introducedDate": "1991-01-03",
            "latestAction": {
                "actionDate": "1991-02-21",
                "text": "Referred to the Subcommittee on Personnel and Police."
            },
            "number": "391",
            "policyArea": {
                "name": "Labor and Employment"
            },
            "title": "Family Leave Act of 1991",
            "type": "HR",
            "url": "https://api.congress.gov/v3/bill/102/hr/391?format=json"
        },
        {
            "congress": 102,
            "introducedDate": "1991-01-03",
            "latestAction": {
                "actionDate": "1991-06-07",
                "text": "Referred to the Subcommittee on Crime and Criminal Justice."
            },
            "number": "390",
            "policyArea": {
                "name": "Labor and Employment"
            },
            "title": "Voluntary National Service Act of 1991",
            "type": "HR",
            "url": "https://api.congress.gov/v3/bill/102/hr/390?format=json"
        },
        {
            "congress": 102,
            "introducedDate": "1991-01-03",
            "latestAction": {
                "actionDate": "1991-02-08",
                "text": "Referred to the Subcommittee on Postsecondary Education."
            },
            "number": "179",
            "policyArea": {
                "name": "Education"
            },
            "title": "To amend the Higher Education Act of 1965 to permit the deferral of payments on student loans during professional internships, regardless of duration.",
            "type": "HR",
            "url": "https://api.congress.gov/v3/bill/102/hr/179?format=json"
        },
        {
            "congress": 102,
            "introducedDate": "1991-01-03",
            "latestAction": {
                "actionDate": "1991-03-22",
                "text": "Became Public Law No: 102-16."
            },
            "number": "180",
            "policyArea": {
                "name": "Armed Forces and National Security"
            },
            "title": "To amend title 38, United States Code, with respect to veterans education and employment programs, and for other purposes.",
            "type": "HR",
            "url": "https://api.congress.gov/v3/bill/102/hr/180?format=json"
        },
        {
            "congress": 102,
            "introducedDate": "1992-07-01",
            "latestAction": {
                "actionDate": "1992-07-30",
                "text": "Referred to the Subcommittee on Civil and Constitutional Rights."
            },
            "number": "521",
            "policyArea": {
                "name": "Government Operations and Politics"
            },
            "title": "Proposing an amendment to the Constitution of the United States to extend the right to vote to citizens who are sixteen years of age or older, and to repeal the twenty-sixth article of amendment to the Constitution.",
            "type": "HJRES",
            "url": "https://api.congress.gov/v3/bill/102/hjres/521?format=json"
        },
        {
            "congress": 102,
            "introducedDate": "1991-04-10",
            "latestAction": {
                "actionDate": "1991-06-07",
                "text": "Referred to the Subcommittee on Economic and Commercial Law."
            },
            "number": "213",
            "policyArea": {
                "name": "Economics and Public Finance"
            },
            "title": "Proposing an amendment to the Constitution of the United States allowing an item veto in appropriations Acts.",
            "type": "HJRES",
            "url": "https://api.congress.gov/v3/bill/102/hjres/213?format=json"
        },
        {
            "congress": 102,
            "introducedDate": "1991-11-26",
            "latestAction": {
                "actionDate": "1991-12-10",
                "text": "Referred to the Subcommittee on Human Rights and International Organizations."
            },
            "number": "313",
            "policyArea": {
                "name": "International Affairs"
            },
            "title": "Expressing the sense of the House of Representatives that the President should initiate an appraisal of, and consider alternatives to, the current structure and membership of the United Nations Security Council in the context of recent changes in the world's economic and political realities.",
            "type": "HRES",
            "url": "https://api.congress.gov/v3/bill/102/hres/313?format=json"
        },
        {
            "congress": 102,
            "introducedDate": "1992-01-03",
            "latestAction": {
                "actionDate": "1992-04-01",
                "text": "Referred to the Subcommittee on International Development, Finance, Trade and Monetary Policy."
            },
            "number": "323",
            "policyArea": {
                "name": "International Affairs"
            },
            "title": "Expressing the sense of the House of Representatives that the United States should take steps to reduce worldwide military expenditures, to reduce international arms transfers, and to stop the spread of weapons of mass destruction in order to promote peace and security and to ensure that more funds are available for social programs and economic development.",
            "type": "HRES",
            "url": "https://api.congress.gov/v3/bill/102/hres/323?format=json"
        },
        {
            "congress": 102,
            "introducedDate": "1991-09-12",
            "latestAction": {
                "actionDate": "1991-09-25",
                "text": "Referred to the Subcommittee on Europe and the Middle East."
            },
            "number": "222",
            "policyArea": {
                "name": "Foreign Trade and International Finance"
            },
            "title": "Expressing the sense of the House of Representatives that the President should provide agricultural export credit guarantees and technical assistance to the Soviet Union, the Baltic Nations, and the Soviet Republics to avert hunger and support economic, political, and social reforms there.",
            "type": "HRES",
            "url": "https://api.congress.gov/v3/bill/102/hres/222?format=json"
        },
        {
            "congress": 102,
            "introducedDate": "1991-06-18",
            "latestAction": {
                "actionDate": "1991-12-02",
                "text": "Message on Senate action sent to the House."
            },
            "number": "168",
            "policyArea": {
                "name": "International Affairs"
            },
            "title": "Expressing the sense of the Congress that a portion of Iraq's frozen assets be released to UNICEF for the sole purpose of providing medical and humanitarian assistance to Iraqi citizens.",
            "type": "HCONRES",
            "url": "https://api.congress.gov/v3/bill/102/hconres/168?format=json"
        },
        {
            "congress": 102,
            "introducedDate": "1991-05-07",
            "latestAction": {
                "actionDate": "1991-05-20",
                "text": "Referred to the Subcommittee on Health and the Environment."
            },
            "number": "146",
            "policyArea": {
                "name": "Armed Forces and National Security"
            },
            "title": "Expressing the sense of the Congress that the Departments of Veterans Affairs and Health and Human Services should further explore and expand options for shared services.",
            "type": "HCONRES",
            "url": "https://api.congress.gov/v3/bill/102/hconres/146?format=json"
        },
        {
            "congress": 102,
            "introducedDate": "1991-04-17",
            "latestAction": {
                "actionDate": "1991-08-20",
                "text": "Referred to the Subcommittee on Legislation and National Security."
            },
            "number": "128",
            "policyArea": {
                "name": "Economics and Public Finance"
            },
            "title": "Expressing the sense of the Congress regarding the need for a new approach to controlling the growth of Federal spending and reforming the priorities of such Federal spending in order to revive the progressive goal of national fiscal policy.",
            "type": "HCONRES",
            "url": "https://api.congress.gov/v3/bill/102/hconres/128?format=json"
        },
        {
            "congress": 102,
            "introducedDate": "1991-01-15",
            "latestAction": {
                "actionDate": "1991-02-01",
                "text": "Referred to the Subcommittee on Procurement and Military Nuclear Systems."
            },
            "number": "37",
            "policyArea": {
                "name": "International Affairs"
            },
            "title": "To express the sense of the Congress regarding the financial costs of military operations in the Persian Gulf region.",
            "type": "HCONRES",
            "url": "https://api.congress.gov/v3/bill/102/hconres/37?format=json"
        },
        {
            "congress": 102,
            "introducedDate": "1991-01-11",
            "latestAction": {
                "actionDate": "1991-02-11",
                "text": "Referred to the Subcommittee on Health and the Environment."
            },
            "number": "31",
            "policyArea": {
                "name": "Health"
            },
            "title": "Expressing the sense of the Congress regarding the need to provide adequate health care for America's children.",
            "type": "HCONRES",
            "url": "https://api.congress.gov/v3/bill/102/hconres/31?format=json"
        },
        {
            "amendmentNumber": "843",
            "congress": 103,
            "introducedDate": "1994-08-12",
            "latestAction": {
                "actionDate": "1994-08-12",
                "actionTime": "13:00:29",
                "text": "On agreeing to the Penny amendment (A001) Agreed to by recorded vote: 247 - 171 (Roll no. 395). "
            },
            "type": null,
            "url": "https://api.congress.gov/v3/amendment/103/hamdt/843?format=json"
        },
        {
            "amendmentNumber": "818",
            "congress": 103,
            "introducedDate": "1994-08-05",
            "latestAction": {
                "actionDate": "1994-08-05",
                "actionTime": "13:58:12",
                "text": "On agreeing to the Penny amendment (A001) as modified and amended Agreed to by recorded vote: 401 - 1 (Roll no. 378). "
            },
            "type": null,
            "url": "https://api.congress.gov/v3/amendment/103/hamdt/818?format=json"
        },
        {
            "amendmentNumber": "685",
            "congress": 103,
            "introducedDate": "1994-06-27",
            "latestAction": {
                "actionDate": "1994-06-27",
                "actionTime": "17:07:52",
                "text": "On agreeing to the Penny amendment (A012) Failed by recorded vote: 110 - 282 (Roll no. 281). "
            },
            "type": null,
            "url": "https://api.congress.gov/v3/amendment/103/hamdt/685?format=json"
        },
        {
            "amendmentNumber": "680",
            "congress": 103,
            "introducedDate": "1994-06-27",
            "latestAction": {
                "actionDate": "1994-06-27",
                "actionTime": "14:43:09",
                "text": "On agreeing to the Penny amendment (A007) Failed by voice vote. "
            },
            "type": null,
            "url": "https://api.congress.gov/v3/amendment/103/hamdt/680?format=json"
        },
        {
            "amendmentNumber": "641",
            "congress": 103,
            "introducedDate": "1994-06-16",
            "latestAction": {
                "actionDate": "1994-06-16",
                "actionTime": "13:40:37",
                "text": "On agreeing to the Penny amendment (A001) Failed by voice vote. "
            },
            "type": null,
            "url": "https://api.congress.gov/v3/amendment/103/hamdt/641?format=json"
        },
        {
            "amendmentNumber": "642",
            "congress": 103,
            "introducedDate": "1994-06-16",
            "latestAction": {
                "actionDate": "1994-06-16",
                "actionTime": "13:50:01",
                "text": "On agreeing to the Penny amendment (A002) Failed by voice vote. "
            },
            "type": null,
            "url": "https://api.congress.gov/v3/amendment/103/hamdt/642?format=json"
        },
        {
            "amendmentNumber": "643",
            "congress": 103,
            "introducedDate": "1994-06-16",
            "latestAction": {
                "actionDate": "1994-06-16",
                "actionTime": "14:17:17",
                "text": "On agreeing to the Penny amendment (A003) Failed by voice vote. "
            },
            "type": null,
            "url": "https://api.congress.gov/v3/amendment/103/hamdt/643?format=json"
        },
        {
            "amendmentNumber": "567",
            "congress": 103,
            "introducedDate": "1994-05-20",
            "latestAction": {
                "actionDate": "1994-05-20",
                "actionTime": "12:15:03",
                "text": "On agreeing to the Penny amendment (A006) Failed by recorded vote: 166 - 229 (Roll no. 189). "
            },
            "type": null,
            "url": "https://api.congress.gov/v3/amendment/103/hamdt/567?format=json"
        },
        {
            "amendmentNumber": "380",
            "congress": 103,
            "introducedDate": "1993-11-04",
            "latestAction": {
                "actionDate": "1993-11-04",
                "actionTime": "16:42:50",
                "text": "On agreeing to the Penny amendment (A004) Failed by recorded vote: 109 - 309 (Roll no. 546). "
            },
            "type": null,
            "url": "https://api.congress.gov/v3/amendment/103/hamdt/380?format=json"
        },
        {
            "amendmentNumber": "438",
            "congress": 103,
            "introducedDate": "1994-02-10",
            "latestAction": {
                "actionDate": "1994-02-10",
                "actionTime": "16:33:15",
                "text": "On agreeing to the Penny amendment (A001) Agreed to by recorded vote: 409 - 1 (Roll no. 24). "
            },
            "type": null,
            "url": "https://api.congress.gov/v3/amendment/103/hamdt/438?format=json"
        },
        {
            "amendmentNumber": "416",
            "congress": 103,
            "introducedDate": "1993-11-22",
            "latestAction": {
                "actionDate": "1993-11-22",
                "actionTime": "21:14:54",
                "text": "On agreeing to the Penny amendment (A002) Failed by recorded vote: 213 - 219 (Roll no. 609). "
            },
            "type": null,
            "url": "https://api.congress.gov/v3/amendment/103/hamdt/416?format=json"
        },
        {
            "amendmentNumber": "326",
            "congress": 103,
            "introducedDate": "1993-09-30",
            "latestAction": {
                "actionDate": "1993-09-30",
                "actionTime": "11:10:38",
                "text": "On agreeing to the Penny amendment (A003) Failed by recorded vote: 178 - 248 (Roll no. 477). "
            },
            "type": null,
            "url": "https://api.congress.gov/v3/amendment/103/hamdt/326?format=json"
        },
        {
            "amendmentNumber": "194",
            "congress": 103,
            "introducedDate": "1993-07-01",
            "latestAction": {
                "actionDate": "1993-07-20",
                "actionTime": "17:23:28",
                "text": "On agreeing to the Penny amendment (A004) as amended Failed by recorded vote: 183 - 242 (Roll no. 344). "
            },
            "type": null,
            "url": "https://api.congress.gov/v3/amendment/103/hamdt/194?format=json"
        },
        {
            "amendmentNumber": "117",
            "congress": 103,
            "introducedDate": "1993-06-18",
            "latestAction": {
                "actionDate": "1993-06-22",
                "actionTime": "19:10:16",
                "text": "On agreeing to the Penny amendment (A001) Agreed to by recorded vote: 269 - 141 (Roll no. 256). "
            },
            "type": null,
            "url": "https://api.congress.gov/v3/amendment/103/hamdt/117?format=json"
        },
        {
            "amendmentNumber": "150",
            "congress": 103,
            "introducedDate": "1993-06-28",
            "latestAction": {
                "actionDate": "1993-06-29",
                "actionTime": "11:11:45",
                "text": "On agreeing to the Penny amendment (A002) Failed by the Yeas and Nays: 170 - 244 (Roll No. 284). "
            },
            "type": null,
            "url": "https://api.congress.gov/v3/amendment/103/hamdt/150?format=json"
        },
        {
            "congress": 103,
            "introducedDate": "1994-10-06",
            "latestAction": {
                "actionDate": "1994-10-19",
                "text": "Executive Comment Requested from USDA."
            },
            "number": "5234",
            "policyArea": {
                "name": "International Affairs"
            },
            "title": "Food for Trade Act of 1994",
            "type": "HR",
            "url": "https://api.congress.gov/v3/bill/103/hr/5234?format=json"
        },
        {
            "congress": 103,
            "introducedDate": "1994-10-04",
            "latestAction": {
                "actionDate": "1994-10-17",
                "text": "Referred to the Subcommittee on Economic Policy, Trade and Environment."
            },
            "number": "5171",
            "policyArea": {
                "name": "Agriculture and Food"
            },
            "title": "To amend the Agricultural Trade Development and Assistance Act of 1954 to require nutrient fortification of agricultural commodities provided for feeding programs.",
            "type": "HR",
            "url": "https://api.congress.gov/v3/bill/103/hr/5171?format=json"
        },
        {
            "congress": 103,
            "introducedDate": "1994-09-20",
            "latestAction": {
                "actionDate": "1994-10-08",
                "text": "Read twice and referred to the Committee on Agriculture."
            },
            "number": "5065",
            "policyArea": {
                "name": "Agriculture and Food"
            },
            "title": "Beginning Farmer Technical Corrections Act of 1994",
            "type": "HR",
            "url": "https://api.congress.gov/v3/bill/103/hr/5065?format=json"
        },
        {
            "congress": 103,
            "introducedDate": "1994-06-21",
            "latestAction": {
                "actionDate": "1994-07-05",
                "text": "Referred to the Subcommittee on Europe and the Middle East."
            },
            "number": "4617",
            "policyArea": {
                "name": "International Affairs"
            },
            "title": "Freedom Support Amendment Act of 1994",
            "type": "HR",
            "url": "https://api.congress.gov/v3/bill/103/hr/4617?format=json"
        },
        {
            "congress": 103,
            "introducedDate": "1994-05-10",
            "latestAction": {
                "actionDate": "1994-09-27",
                "text": "Subcommittee Hearings Held."
            },
            "number": "4373",
            "policyArea": {
                "name": "Social Welfare"
            },
            "title": "Social Security COLA Limitation Act of 1994",
            "type": "HR",
            "url": "https://api.congress.gov/v3/bill/103/hr/4373?format=json"
        },
        {
            "congress": 103,
            "introducedDate": "1994-05-10",
            "latestAction": {
                "actionDate": "1994-09-27",
                "text": "Subcommittee Hearings Held."
            },
            "number": "4372",
            "policyArea": {
                "name": "Social Welfare"
            },
            "title": "Social Security Eligibility Act of 1994",
            "type": "HR",
            "url": "https://api.congress.gov/v3/bill/103/hr/4372?format=json"
        },
        {
            "congress": 103,
            "introducedDate": "1994-05-10",
            "latestAction": {
                "actionDate": "1994-05-24",
                "text": "Referred to the Subcommittee on Social Security."
            },
            "number": "4374",
            "policyArea": {
                "name": "Social Welfare"
            },
            "title": "Social Security Access to Information Act of 1994",
            "type": "HR",
            "url": "https://api.congress.gov/v3/bill/103/hr/4374?format=json"
        },
        {
            "congress": 103,
            "introducedDate": "1994-02-08",
            "latestAction": {
                "actionDate": "1994-02-22",
                "text": "Referred to the Subcommittee on Europe and the Middle East."
            },
            "number": "3818",
            "policyArea": {
                "name": "International Affairs"
            },
            "title": "Middle East Peace and Development Act of 1994",
            "type": "HR",
            "url": "https://api.congress.gov/v3/bill/103/hr/3818?format=json"
        },
        {
            "congress": 103,
            "introducedDate": "1993-11-20",
            "latestAction": {
                "actionDate": "1994-01-03",
                "text": "Referred to the Subcommittee on Health and the Environment."
            },
            "number": "3592",
            "policyArea": {
                "name": "Social Welfare"
            },
            "title": "Social Security Flat Rate COLA Act of 1993",
            "type": "HR",
            "url": "https://api.congress.gov/v3/bill/103/hr/3592?format=json"
        },
        {
            "congress": 103,
            "introducedDate": "1993-11-20",
            "latestAction": {
                "actionDate": "1993-11-30",
                "text": "Referred to the Subcommittee on Social Security."
            },
            "number": "3591",
            "policyArea": {
                "name": "Social Welfare"
            },
            "title": "Social Security Retirement Age Reform Act of 1993",
            "type": "HR",
            "url": "https://api.congress.gov/v3/bill/103/hr/3591?format=json"
        },
        {
            "congress": 103,
            "introducedDate": "1993-05-11",
            "latestAction": {
                "actionDate": "1993-12-10",
                "text": "Executive Comment Requested from USDA."
            },
            "number": "2072",
            "policyArea": {
                "name": "Agriculture and Food"
            },
            "title": "Farm Program Payment Limitations Reform Act of 1993",
            "type": "HR",
            "url": "https://api.congress.gov/v3/bill/103/hr/2072?format=json"
        },
        {
            "congress": 103,
            "introducedDate": "1993-05-06",
            "latestAction": {
                "actionDate": "1993-05-10",
                "text": "Referred to the Subcommittee on Administrative Law and Governmental Relations."
            },
            "number": "2032",
            "policyArea": {
                "name": "Government Operations and Politics"
            },
            "title": "To recognize the organization known as the Black Veterans of America.",
            "type": "HR",
            "url": "https://api.congress.gov/v3/bill/103/hr/2032?format=json"
        },
        {
            "congress": 103,
            "introducedDate": "1993-04-21",
            "latestAction": {
                "actionDate": "1993-04-28",
                "text": "Referred to the Subcommittee on Elections."
            },
            "number": "1755",
            "policyArea": {
                "name": "Government Operations and Politics"
            },
            "title": "Fair Elections Act of 1993",
            "type": "HR",
            "url": "https://api.congress.gov/v3/bill/103/hr/1755?format=json"
        },
        {
            "congress": 103,
            "introducedDate": "1993-04-21",
            "latestAction": {
                "actionDate": "1993-04-28",
                "text": "Referred to the Subcommittee on Elections."
            },
            "number": "1753",
            "policyArea": {
                "name": "Government Operations and Politics"
            },
            "title": "Democracy in Presidential Debates Act of 1993",
            "type": "HR",
            "url": "https://api.congress.gov/v3/bill/103/hr/1753?format=json"
        },
        {
            "congress": 103,
            "introducedDate": "1993-04-21",
            "latestAction": {
                "actionDate": "1993-04-28",
                "text": "Referred to the Subcommittee on Elections."
            },
            "number": "1754",
            "policyArea": {
                "name": "Government Operations and Politics"
            },
            "title": "Election Day Registration Act of 1993",
            "type": "HR",
            "url": "https://api.congress.gov/v3/bill/103/hr/1754?format=json"
        },
        {
            "congress": 103,
            "introducedDate": "1993-03-31",
            "latestAction": {
                "actionDate": "1993-04-16",
                "text": "Referred to the Subcommittee on Postsecondary Education and Training."
            },
            "number": "1560",
            "policyArea": {
                "name": "Education"
            },
            "title": "Dollars for Scholars Community Scholarship Foundation Development Act",
            "type": "HR",
            "url": "https://api.congress.gov/v3/bill/103/hr/1560?format=json"
        },
        {
            "congress": 103,
            "introducedDate": "1993-04-01",
            "latestAction": {
                "actionDate": "1993-04-02",
                "text": "Referred to the Subcommittee on Legislation and National Security."
            },
            "number": "1598",
            "policyArea": {
                "name": "Economics and Public Finance"
            },
            "title": "To reclassify the cost of international peacekeeping activities from the international affairs budget function to the national defense budget function and to express the sense of Congress that there should be included in the Department of Defense budget for each fiscal year a minimum level of funding for international humanitarian assistance and peacekeeping activities.",
            "type": "HR",
            "url": "https://api.congress.gov/v3/bill/103/hr/1598?format=json"
        },
        {
            "congress": 103,
            "introducedDate": "1993-03-11",
            "latestAction": {
                "actionDate": "1993-03-16",
                "text": "Referred to the Subcommittee on Hospitals and Health Care."
            },
            "number": "1324",
            "policyArea": {
                "name": "Armed Forces and National Security"
            },
            "title": "To amend title 38, United States Code, to revise the rules relating to crediting of third-party reimbursements received by the United States for the costs of medical services and hospital care furnished by the Department of Veterans Affairs.",
            "type": "HR",
            "url": "https://api.congress.gov/v3/bill/103/hr/1324?format=json"
        },
        {
            "congress": 103,
            "introducedDate": "1993-02-18",
            "latestAction": {
                "actionDate": "1993-04-29",
                "text": "See H.R.1578."
            },
            "number": "998",
            "policyArea": {
                "name": "Economics and Public Finance"
            },
            "title": "Balanced Budget Enforcement Act of 1993",
            "type": "HR",
            "url": "https://api.congress.gov/v3/bill/103/hr/998?format=json"
        },
        {
            "congress": 103,
            "introducedDate": "1993-02-03",
            "latestAction": {
                "actionDate": "1993-08-11",
                "text": "Unfavorable Executive Comment Received from DOD."
            },
            "number": "790",
            "policyArea": {
                "name": "Armed Forces and National Security"
            },
            "title": "Trident II (D-5) Missile Production Termination Act",
            "type": "HR",
            "url": "https://api.congress.gov/v3/bill/103/hr/790?format=json"
        },
        {
            "congress": 103,
            "introducedDate": "1993-01-06",
            "latestAction": {
                "actionDate": "1993-01-28",
                "text": "Referred to the Subcommittee on Civil Service."
            },
            "number": "476",
            "policyArea": {
                "name": "Government Operations and Politics"
            },
            "title": "To amend title 5, United States Code, to provide veterans' preference eligibility with respect to individuals who served on active duty in the armed forces during the Persian Gulf War, and for other purposes.",
            "type": "HR",
            "url": "https://api.congress.gov/v3/bill/103/hr/476?format=json"
        },
        {
            "congress": 103,
            "introducedDate": "1993-01-25",
            "latestAction": {
                "actionDate": "1993-02-11",
                "text": "Referred to the Subcommittee on Western Hemisphere Affairs."
            },
            "number": "40",
            "policyArea": {
                "name": "International Affairs"
            },
            "title": "Concerning United States assistance to Nicaragua.",
            "type": "HRES",
            "url": "https://api.congress.gov/v3/bill/103/hres/40?format=json"
        },
        {
            "congress": 103,
            "introducedDate": "1993-01-06",
            "latestAction": {
                "actionDate": "1993-01-25",
                "text": "Referred to the Subcommittee on International Security, International Organizations and Human Rights."
            },
            "number": "33",
            "policyArea": {
                "name": "International Affairs"
            },
            "title": "Expressing the sense of the House of Representatives that the President should call for a vote in the General Assembly and Security Council of the United Nations to convene a United Nations Conference of Reforms, and should initiate proposals to expand the membership of the Security Council and strengthen the United Nations peacekeeping role.",
            "type": "HRES",
            "url": "https://api.congress.gov/v3/bill/103/hres/33?format=json"
        }
    ]
}