{
    "pagination": {
        "count": 72
    },
    "request": {
        "bioguideId": "m000958",
        "contentType": "application/json",
        "format": "json"
    },
    "sponsoredLegislation": [
        {
            "congress": 93,
            "introducedDate": "1974-10-10",
            "latestAction": {
                "actionDate": "1974-12-11",
                "text": "Measure laid on table in House, S. 3394 passed in lieu."
            },
            "number": "17234",
            "policyArea": {
                "name": "International Affairs"
            },
            "title": "Foreign Assistance Act",
            "type": "HR",
            "url": "https://api.congress.gov/v3/bill/93/hr/17234?format=json"
        },
        {
            "congress": 93,
            "introducedDate": "1974-06-14",
            "latestAction": {
                "actionDate": "1974-06-14",
                "text": "Referred to House Committee on Interstate and Foreign Commerce."
            },
            "number": "15415",
            "policyArea": {
                "name": "Transportation and Public Works"
            },
            "title": "A bill to terminate the Airlines Mutual Aid Agreement.",
            "type": "HR",
            "url": "https://api.congress.gov/v3/bill/93/hr/15415?format=json"
        },
        {
            "congress": 93,
            "introducedDate": "1974-05-14",
            "latestAction": {
                "actionDate": "1974-08-02",
                "text": "Measure laid on table in House, S. 3190 passed in lieu."
            },
            "number": "14780",
            "policyArea": {
                "name": "Science, Technology, Communications"
            },
            "title": "A bill to authorize appropriations for fiscal year 1975 for carrying out the provisions of the Board for International Broadcasting Act of 1973.",
            "type": "HR",
            "url": "https://api.congress.gov/v3/bill/93/hr/14780?format=json"
        },
        {
            "congress": 93,
            "introducedDate": "1974-05-13",
            "latestAction": {
                "actionDate": "1974-05-13",
                "text": "Referred to House Committee on Banking and Currency."
            },
            "number": "14745",
            "policyArea": {
                "name": "Foreign Trade and International Finance"
            },
            "title": "A bill to prohibit for a temporary period the exportation of ferrous scrap.",
            "type": "HR",
            "url": "https://api.congress.gov/v3/bill/93/hr/14745?format=json"
        },
        {
            "congress": 93,
            "introducedDate": "1974-02-27",
            "latestAction": {
                "actionDate": "1974-02-27",
                "text": "Referred to House Committee on Veterans' Affairs."
            },
            "number": "13086",
            "policyArea": {
                "name": "Armed Forces and National Security"
            },
            "title": "A bill to amend title 38, United States Code, to provide for the payment of pensions to veterans of World War I.",
            "type": "HR",
            "url": "https://api.congress.gov/v3/bill/93/hr/13086?format=json"
        },
        {
            "congress": 93,
            "introducedDate": "1974-02-20",
            "latestAction": {
                "actionDate": "1974-06-01",
                "text": "Public law 93-302."
            },
            "number": "12920",
            "policyArea": {
                "name": "Government Operations and Politics"
            },
            "title": "An Act to authorize additional appropriations to carry out the Peace Corps Act, and for other purposes.",
            "type": "HR",
            "url": "https://api.congress.gov/v3/bill/93/hr/12920?format=json"
        },
        {
            "congress": 93,
            "introducedDate": "1974-02-13",
            "latestAction": {
                "actionDate": "1974-07-08",
                "text": "Public law 93-332."
            },
            "number": "12799",
            "policyArea": {
                "name": "International Affairs"
            },
            "title": "An Act to amend the Arms Control and Disarmament Act, as amended, in order to extend the authorization for appropriations, and for other purposes.",
            "type": "HR",
            "url": "https://api.congress.gov/v3/bill/93/hr/12799?format=json"
        },
        {
            "congress": 93,
            "introducedDate": "1974-02-07",
            "latestAction": {
                "actionDate": "1974-02-07",
                "text": "Referred to House Committee on Interior and Insular Affairs."
            },
            "number": "12738",
            "policyArea": {
                "name": "Monuments and memorials"
            },
            "title": "A bill to amend the act of August 10, 1961, to authorize further additions to Fort Necessity National Battlefield, Pa.",
            "type": "HR",
            "url": "https://api.congress.gov/v3/bill/93/hr/12738?format=json"
        },
        {
            "congress": 93,
            "introducedDate": "1974-01-30",
            "latestAction": {
                "actionDate": "1974-07-08",
                "text": "Public law 93-333."
            },
            "number": "12412",
            "policyArea": {
                "name": "Disaster relief"
            },
            "title": "An Act to amend the Foreign Assistance Act of 1961 to authorize appropriations to provide disaster and other relief to Pakistan, Nicaragua, and the drought-stricken nations of Africa, and for other purposes.",
            "type": "HR",
            "url": "https://api.congress.gov/v3/bill/93/hr/12412?format=json"
        },
        {
            "congress": 93,
            "introducedDate": "1973-10-24",
            "latestAction": {
                "actionDate": "1973-12-26",
                "text": "Public law 93-199."
            },
            "number": "11088",
            "policyArea": {
                "name": "International Affairs"
            },
            "title": "Emergency Security Assistance Act",
            "type": "HR",
            "url": "https://api.congress.gov/v3/bill/93/hr/11088?format=json"
        },
        {
            "congress": 93,
            "introducedDate": "1973-09-20",
            "latestAction": {
                "actionDate": "1973-09-20",
                "text": "Referred to House Committee on Armed Services."
            },
            "number": "10435",
            "policyArea": {
                "name": "Strategic materials"
            },
            "title": "A bill to authorize the disposal of zinc from the national stockpile and the supplemental stockpile.",
            "type": "HR",
            "url": "https://api.congress.gov/v3/bill/93/hr/10435?format=json"
        },
        {
            "congress": 93,
            "introducedDate": "1973-09-05",
            "latestAction": {
                "actionDate": "1973-09-05",
                "text": "Referred to House Committee on Ways and Means."
            },
            "number": "10056",
            "policyArea": {
                "name": "Social Welfare"
            },
            "title": "A bill to amend title II of the Social Security Act so as to liberalize the conditions governing eligibility of blind person to receive disability insurance benefits thereunder.",
            "type": "HR",
            "url": "https://api.congress.gov/v3/bill/93/hr/10056?format=json"
        },
        {
            "congress": 93,
            "introducedDate": "1973-07-19",
            "latestAction": {
                "actionDate": "1973-07-19",
                "text": "Referred to House Committee on Education and Labor."
            },
            "number": "9432",
            "policyArea": {
                "name": null
            },
            "title": "Retirement Income Security for Employees Act",
            "type": "HR",
            "url": "https://api.congress.gov/v3/bill/93/hr/9432?format=json"
        },
        {
            "congress": 93,
            "introducedDate": "1973-07-18",
            "latestAction": {
                "actionDate": "1973-10-10",
                "text": "Provisions as amended incorporated into S. 2335 as passed House."
            },
            "number": "9360",
            "policyArea": {
                "name": "International Affairs"
            },
            "title": "Mutual Development and Cooperation Act",
            "type": "HR",
            "url": "https://api.congress.gov/v3/bill/93/hr/9360?format=json"
        },
        {
            "congress": 93,
            "introducedDate": "1973-05-24",
            "latestAction": {
                "actionDate": "1973-05-24",
                "text": "Referred to House Committee on Foreign Affairs."
            },
            "number": "8144",
            "policyArea": {
                "name": "Government Operations and Politics"
            },
            "title": "Board for International Broadcasting Act",
            "type": "HR",
            "url": "https://api.congress.gov/v3/bill/93/hr/8144?format=json"
        },
        {
            "congress": 93,
            "introducedDate": "1973-05-08",
            "latestAction": {
                "actionDate": "1973-05-08",
                "text": "Referred to House Committee on Banking and Currency."
            },
            "number": "7604",
            "policyArea": {
                "name": "Disasters"
            },
            "title": "National Catastrophic Disaster Insurance Act",
            "type": "HR",
            "url": "https://api.congress.gov/v3/bill/93/hr/7604?format=json"
        },
        {
            "congress": 93,
            "introducedDate": "1973-05-03",
            "latestAction": {
                "actionDate": "1973-05-03",
                "text": "Referred to House Committee on Foreign Affairs."
            },
            "number": "7484",
            "policyArea": {
                "name": "International Affairs"
            },
            "title": "Foreign Assistance Act",
            "type": "HR",
            "url": "https://api.congress.gov/v3/bill/93/hr/7484?format=json"
        },
        {
            "congress": 93,
            "introducedDate": "1973-04-09",
            "latestAction": {
                "actionDate": "1973-04-09",
                "text": "Referred to House Committee on Foreign Affairs."
            },
            "number": "6732",
            "policyArea": {
                "name": "International Affairs"
            },
            "title": "A bill to amend the Foreign Assistance Act of 1961, and for other purposes.",
            "type": "HR",
            "url": "https://api.congress.gov/v3/bill/93/hr/6732?format=json"
        },
        {
            "congress": 93,
            "introducedDate": "1973-04-04",
            "latestAction": {
                "actionDate": "1973-04-04",
                "text": "Referred to House Committee on the Judiciary."
            },
            "number": "6575",
            "policyArea": {
                "name": "Explosives"
            },
            "title": "A bill to amend certain provisions of Federal law relating to explosives.",
            "type": "HR",
            "url": "https://api.congress.gov/v3/bill/93/hr/6575?format=json"
        },
        {
            "congress": 93,
            "introducedDate": "1973-03-07",
            "latestAction": {
                "actionDate": "1973-06-25",
                "text": "Public law 93-49."
            },
            "number": "5293",
            "policyArea": {
                "name": "Volunteer workers"
            },
            "title": "An Act to authorize additional appropriations to carry out the Peace Corps Act, and for other purposes.",
            "type": "HR",
            "url": "https://api.congress.gov/v3/bill/93/hr/5293?format=json"
        },
        {
            "congress": 93,
            "introducedDate": "1973-03-06",
            "latestAction": {
                "actionDate": "1973-03-06",
                "text": "Referred to House Committee on Ways and Means."
            },
            "number": "5239",
            "policyArea": {
                "name": "Foreign Trade and International Finance"
            },
            "title": "Foreign Trade and Investment Act",
            "type": "HR",
            "url": "https://api.congress.gov/v3/bill/93/hr/5239?format=json"
        },
        {
            "congress": 93,
            "introducedDate": "1973-03-06",
            "latestAction": {
                "actionDate": "1973-03-06",
                "text": "Referred to House Committee on Ways and Means."
            },
            "number": "5240",
            "policyArea": {
                "name": "Foreign Trade and International Finance"
            },
            "title": "Steel Trade Act",
            "type": "HR",
            "url": "https://api.congress.gov/v3/bill/93/hr/5240?format=json"
        },
        {
            "congress": 93,
            "introducedDate": "1973-02-20",
            "latestAction": {
                "actionDate": "1973-02-20",
                "text": "Referred to House Committee on Foreign Affairs."
            },
            "number": "4395",
            "policyArea": {
                "name": "International Affairs"
            },
            "title": "A bill to amend the Foreign Assistance Act of 1961 and for other purposes.",
            "type": "HR",
            "url": "https://api.congress.gov/v3/bill/93/hr/4395?format=json"
        },
        {
            "congress": 93,
            "introducedDate": "1973-02-20",
            "latestAction": {
                "actionDate": "1973-02-20",
                "text": "Referred to House Committee on Foreign Affairs."
            },
            "number": "4394",
            "policyArea": {
                "name": "Environmental Protection"
            },
            "title": "Oil pollution Compensation Act",
            "type": "HR",
            "url": "https://api.congress.gov/v3/bill/93/hr/4394?format=json"
        },
        {
            "congress": 93,
            "introducedDate": "1974-02-21",
            "latestAction": {
                "actionDate": "1974-02-21",
                "text": "Referred to House Committee on Foreign Affairs."
            },
            "number": "912",
            "policyArea": {
                "name": "Energy"
            },
            "title": "Resolution to commend U.S. initiatives in seeking international cooperative solutions to the oil crisis.",
            "type": "HRES",
            "url": "https://api.congress.gov/v3/bill/93/hres/912?format=json"
        },
        {
            "congress": 93,
            "introducedDate": "1974-02-27",
            "latestAction": {
                "actionDate": "1974-02-27",
                "text": "Referred to House Committee on House Administration."
            },
            "number": "932",
            "policyArea": {
                "name": "Congress"
            },
            "title": "Resolution to provide funds for the expenses for the investigation and study authorized by H. Res. 267, 93d Congress.",
            "type": "HRES",
            "url": "https://api.congress.gov/v3/bill/93/hres/932?format=json"
        },
        {
            "congress": 93,
            "introducedDate": "1973-03-07",
            "latestAction": {
                "actionDate": "1973-03-20",
                "text": "Measure passed House."
            },
            "number": "278",
            "policyArea": {
                "name": "Congress"
            },
            "title": "Resolution to provide funds for the expenses of the investigation and study authorized by House Resolution 267, 93d Congress.",
            "type": "HRES",
            "url": "https://api.congress.gov/v3/bill/93/hres/278?format=json"
        },
        {
            "congress": 93,
            "introducedDate": "1973-03-05",
            "latestAction": {
                "actionDate": "1973-03-06",
                "text": "Measure passed House."
            },
            "number": "267",
            "policyArea": {
                "name": "Congress"
            },
            "title": "A resolution authorizing the Committee on Foreign Affairs to conduct a full and complete investigation of matters relating to the laws, regulations, directives, and policies including personnel pertaining to Department of State and such other departments and agencies engaged in the implementation of United States foreign policy and the oversea operations, personnel, and facilities of departments and agencies of the United States which participate in the development and execution of such policy.",
            "type": "HRES",
            "url": "https://api.congress.gov/v3/bill/93/hres/267?format=json"
        },
        {
            "congress": 94,
            "introducedDate": "1976-09-01",
            "latestAction": {
                "actionDate": "1976-09-22",
                "text": "Measure laid on table in House, S. 3084 passed in lieu."
            },
            "number": "15377",
            "policyArea": {
                "name": "International Affairs"
            },
            "title": "A bill to amend the Export Administration Act of 1969.",
            "type": "HR",
            "url": "https://api.congress.gov/v3/bill/94/hr/15377?format=json"
        },
        {
            "congress": 94,
            "introducedDate": "1976-07-22",
            "latestAction": {
                "actionDate": "1976-07-22",
                "text": "Referred to House Committee on International Relations."
            },
            "number": "14828",
            "policyArea": {
                "name": "International Affairs"
            },
            "title": "Diplomatic Relations Act",
            "type": "HR",
            "url": "https://api.congress.gov/v3/bill/94/hr/14828?format=json"
        },
        {
            "congress": 94,
            "introducedDate": "1976-05-13",
            "latestAction": {
                "actionDate": "1976-05-13",
                "text": "Referred to House Committee on Interstate and Foreign Commerce."
            },
            "number": "13786",
            "policyArea": {
                "name": "Government Operations and Politics"
            },
            "title": "Consumer Communications Reform Act",
            "type": "HR",
            "url": "https://api.congress.gov/v3/bill/94/hr/13786?format=json"
        },
        {
            "congress": 94,
            "introducedDate": "1976-05-13",
            "latestAction": {
                "actionDate": "1976-05-13",
                "text": "Referred to House Committee on Interstate and Foreign Commerce."
            },
            "number": "13787",
            "policyArea": {
                "name": "Government Operations and Politics"
            },
            "title": "Consumer Communications Reform Act",
            "type": "HR",
            "url": "https://api.congress.gov/v3/bill/94/hr/13787?format=json"
        },
        {
            "congress": 94,
            "introducedDate": "1976-05-11",
            "latestAction": {
                "actionDate": "1976-06-30",
                "text": "Public law 94-329."
            },
            "number": "13680",
            "policyArea": {
                "name": "International Affairs"
            },
            "title": "An Act to amend the Foreign Assistance Act of 1961 and the Foreign Military Sales Act, and for other purposes.",
            "type": "HR",
            "url": "https://api.congress.gov/v3/bill/94/hr/13680?format=json"
        },
        {
            "congress": 94,
            "introducedDate": "1976-03-02",
            "latestAction": {
                "actionDate": "1976-05-07",
                "text": "Public law 94-281."
            },
            "number": "12226",
            "policyArea": {
                "name": "International economic relations"
            },
            "title": "A bill to amend further the Peace Corps Act.",
            "type": "HR",
            "url": "https://api.congress.gov/v3/bill/94/hr/12226?format=json"
        },
        {
            "congress": 94,
            "introducedDate": "1976-02-18",
            "latestAction": {
                "actionDate": "1976-03-03",
                "text": "Measure laid on table in House, S. 2662 passed in lieu."
            },
            "number": "11963",
            "policyArea": {
                "name": "International Affairs"
            },
            "title": "International Security Assistance Act",
            "type": "HR",
            "url": "https://api.congress.gov/v3/bill/94/hr/11963?format=json"
        },
        {
            "congress": 94,
            "introducedDate": "1976-02-04",
            "latestAction": {
                "actionDate": "1976-02-04",
                "text": "Referred to House Committee on International Relations."
            },
            "number": "11711",
            "policyArea": {
                "name": "International economic relations"
            },
            "title": "A bill to amend further the Peace Corps Act.",
            "type": "HR",
            "url": "https://api.congress.gov/v3/bill/94/hr/11711?format=json"
        },
        {
            "congress": 94,
            "introducedDate": "1976-01-27",
            "latestAction": {
                "actionDate": "1976-01-27",
                "text": "Referred to House Committee on the Judiciary."
            },
            "number": "11547",
            "policyArea": {
                "name": "Private Legislation"
            },
            "title": "A bill for the relief of Guy and Diane Langlois.",
            "type": "HR",
            "url": "https://api.congress.gov/v3/bill/94/hr/11547?format=json"
        },
        {
            "congress": 94,
            "introducedDate": "1975-11-06",
            "latestAction": {
                "actionDate": "1975-11-06",
                "text": "Referred to House Committee on International Relations."
            },
            "number": "10594",
            "policyArea": {
                "name": "International Affairs"
            },
            "title": "International Security Assistance Act",
            "type": "HR",
            "url": "https://api.congress.gov/v3/bill/94/hr/10594?format=json"
        },
        {
            "congress": 94,
            "introducedDate": "1975-10-21",
            "latestAction": {
                "actionDate": "1975-10-21",
                "text": "Referred to House Committee on Ways and Means."
            },
            "number": "10264",
            "policyArea": {
                "name": "Social Welfare"
            },
            "title": "A bill to amend the Social Security Act to expedite Federal payments to States under the Aid to Families with Dependent Children, medicaid, and social services programs (and under the other Federal-State public assistance programs where those programs are in effect).",
            "type": "HR",
            "url": "https://api.congress.gov/v3/bill/94/hr/10264?format=json"
        },
        {
            "congress": 94,
            "introducedDate": "1975-09-09",
            "latestAction": {
                "actionDate": "1975-09-09",
                "text": "Referred to House Committee on Education and Labor."
            },
            "number": "9476",
            "policyArea": {
                "name": "Energy"
            },
            "title": "Black Lung Benefit Act",
            "type": "HR",
            "url": "https://api.congress.gov/v3/bill/94/hr/9476?format=json"
        },
        {
            "congress": 94,
            "introducedDate": "1975-07-29",
            "latestAction": {
                "actionDate": "1975-07-29",
                "text": "Referred to House Committee on International Relations."
            },
            "number": "9025",
            "policyArea": {
                "name": "International Affairs"
            },
            "title": "A bill to promote improved relations between the United States, Greece, and Turkey, to assist in the solution of the refugee problems on Cyprus, and to otherwise strengthen the North Atlantic Alliance.",
            "type": "HR",
            "url": "https://api.congress.gov/v3/bill/94/hr/9025?format=json"
        },
        {
            "congress": 94,
            "introducedDate": "1975-07-29",
            "latestAction": {
                "actionDate": "1975-12-20",
                "text": "Public law 94-161."
            },
            "number": "9005",
            "policyArea": {
                "name": "Agriculture and Food"
            },
            "title": "An Act to authorize assistance for disaster relief and rehabilitation, to provide for overseas distribution and production of agricultural commodities, to amend the Foreign Assistance Act of 1961, and for other purposes.",
            "type": "HR",
            "url": "https://api.congress.gov/v3/bill/94/hr/9005?format=json"
        },
        {
            "congress": 94,
            "introducedDate": "1975-07-09",
            "latestAction": {
                "actionDate": "1975-07-09",
                "text": "Referred to House Committee on International Relations."
            },
            "number": "8454",
            "policyArea": {
                "name": "International Affairs"
            },
            "title": "A bill to promote improved relations between the United States, Greece and Turkey, to assist in the solution of the refugee problem on Cyprus, and to otherwise strengthen the North Atlantic Alliance.",
            "type": "HR",
            "url": "https://api.congress.gov/v3/bill/94/hr/8454?format=json"
        },
        {
            "congress": 94,
            "introducedDate": "1975-06-05",
            "latestAction": {
                "actionDate": "1975-06-05",
                "text": "Referred to House Committee on International Relations."
            },
            "number": "7665",
            "policyArea": {
                "name": "Foreign Trade and International Finance"
            },
            "title": "A bill to extend the Export Administration Act of 1969, as amended.",
            "type": "HR",
            "url": "https://api.congress.gov/v3/bill/94/hr/7665?format=json"
        },
        {
            "congress": 94,
            "introducedDate": "1975-04-23",
            "latestAction": {
                "actionDate": "1975-11-14",
                "text": "Public law 94-130."
            },
            "number": "6334",
            "policyArea": {
                "name": "Economics and Public Finance"
            },
            "title": "An Act to amend further the Peace Corps Act, and for other purposes.",
            "type": "HR",
            "url": "https://api.congress.gov/v3/bill/94/hr/6334?format=json"
        },
        {
            "congress": 94,
            "introducedDate": "1975-04-17",
            "latestAction": {
                "actionDate": "1975-05-01",
                "text": "House disagreed to conference report, roll call #167 (162-246)."
            },
            "number": "6096",
            "policyArea": {
                "name": "Vietnamese Conflict"
            },
            "title": "Vietnam Humanitarian Assistance and Evacuation Act",
            "type": "HR",
            "url": "https://api.congress.gov/v3/bill/94/hr/6096?format=json"
        },
        {
            "congress": 94,
            "introducedDate": "1975-04-15",
            "latestAction": {
                "actionDate": "1975-04-15",
                "text": "Referred to House Committee on International Relations."
            },
            "number": "5960",
            "policyArea": {
                "name": "Armed Forces and National Security"
            },
            "title": "A bill to clarify restrictions on the availability of funds for the use of U.S. Armed Forces in Indochina.",
            "type": "HR",
            "url": "https://api.congress.gov/v3/bill/94/hr/5960?format=json"
        },
        {
            "congress": 94,
            "introducedDate": "1975-04-15",
            "latestAction": {
                "actionDate": "1975-04-15",
                "text": "Referred to House Committee on International Relations."
            },
            "number": "5961",
            "policyArea": {
                "name": "International Affairs"
            },
            "title": "A bill to authorize additional economic assistance for South Vietnam.",
            "type": "HR",
            "url": "https://api.congress.gov/v3/bill/94/hr/5961?format=json"
        },
        {
            "congress": 94,
            "introducedDate": "1975-04-09",
            "latestAction": {
                "actionDate": "1975-04-09",
                "text": "Referred to House Committee on Interstate and Foreign Commerce."
            },
            "number": "5780",
            "policyArea": {
                "name": "Commerce"
            },
            "title": "A bill to amend the Federal Trade Commission Act to provide that under certain circumstances exclusive territorial arrangements shall not be deemed per se unlawful.",
            "type": "HR",
            "url": "https://api.congress.gov/v3/bill/94/hr/5780?format=json"
        },
        {
            "congress": 94,
            "introducedDate": "1975-03-12",
            "latestAction": {
                "actionDate": "1975-06-26",
                "text": "Reported to House from the Committee on International Relations (Formerly: Foreign Affairs) with amendment, H. Rept. 94-329."
            },
            "number": "4699",
            "policyArea": {
                "name": "Science, Technology, Communications"
            },
            "title": "A bill to authorize appropriations for fiscal years 1976 and 1977 for carrying out the Board for International Broadcasting Act of 1973.",
            "type": "HR",
            "url": "https://api.congress.gov/v3/bill/94/hr/4699?format=json"
        },
        {
            "congress": 94,
            "introducedDate": "1975-03-06",
            "latestAction": {
                "actionDate": "1975-03-06",
                "text": "Referred to House Committee on Foreign Affairs (Subsequently: International Relations)."
            },
            "number": "4439",
            "policyArea": {
                "name": "Congressional-Presidential relations"
            },
            "title": "Executive Agreements Review Act",
            "type": "HR",
            "url": "https://api.congress.gov/v3/bill/94/hr/4439?format=json"
        },
        {
            "congress": 94,
            "introducedDate": "1975-03-06",
            "latestAction": {
                "actionDate": "1975-03-06",
                "text": "Referred to House Committee on Foreign Affairs (Subsequently: International Relations)."
            },
            "number": "4438",
            "policyArea": {
                "name": "Congressional-Presidential relations"
            },
            "title": "Executive Agreements Review Act",
            "type": "HR",
            "url": "https://api.congress.gov/v3/bill/94/hr/4438?format=json"
        },
        {
            "congress": 94,
            "introducedDate": "1975-02-06",
            "latestAction": {
                "actionDate": "1975-02-06",
                "text": "Referred to House Committee on Foreign Affairs (Subsequently: International Relations)."
            },
            "number": "3033",
            "policyArea": {
                "name": "Agriculture and Food"
            },
            "title": "A bill to amend the Agricultural Trade Development and Assistance Act of 1954 to provide the United States with the flexibility to carry out the national interest or humanitarian objectives of that act.",
            "type": "HR",
            "url": "https://api.congress.gov/v3/bill/94/hr/3033?format=json"
        },
        {
            "congress": 94,
            "introducedDate": "1975-02-04",
            "latestAction": {
                "actionDate": "1975-02-04",
                "text": "Referred to House Committee on Foreign Affairs (Subsequently: International Relations)."
            },
            "number": "2704",
            "policyArea": {
                "name": "International Affairs"
            },
            "title": "A bill to provide additional military assistance authorizations for Cambodia for the fiscal year 1975, and for other purposes.",
            "type": "HR",
            "url": "https://api.congress.gov/v3/bill/94/hr/2704?format=json"
        },
        {
            "congress": 94,
            "introducedDate": "1975-01-17",
            "latestAction": {
                "actionDate": "1975-01-17",
                "text": "Referred to House Committee on Veterans' Affairs."
            },
            "number": "1616",
            "policyArea": {
                "name": "Armed Forces and National Security"
            },
            "title": "A bill to insure that recipients of veterans' pension and compensation will not have the amount of such pension or compensation reduced, or entitlement thereto discontinued, because of increases in monthly social security benefits.",
            "type": "HR",
            "url": "https://api.congress.gov/v3/bill/94/hr/1616?format=json"
        },
        {
            "congress": 94,
            "introducedDate": "1975-01-17",
            "latestAction": {
                "actionDate": "1975-01-17",
                "text": "Referred to House Committee on Veterans' Affairs."
            },
            "number": "1615",
            "policyArea": {
                "name": "Armed Forces and National Security"
            },
            "title": "World War I Pension Act",
            "type": "HR",
            "url": "https://api.congress.gov/v3/bill/94/hr/1615?format=json"
        },
        {
            "congress": 94,
            "introducedDate": "1975-01-17",
            "latestAction": {
                "actionDate": "1975-01-17",
                "text": "Referred to House Committee on Public Works and Transportation."
            },
            "number": "1614",
            "policyArea": {
                "name": "Transportation and Public Works"
            },
            "title": "A bill to terminate the Airlines Mutual Aid Agreement.",
            "type": "HR",
            "url": "https://api.congress.gov/v3/bill/94/hr/1614?format=json"
        },
        {
            "congress": 94,
            "introducedDate": "1975-10-02",
            "latestAction": {
                "actionDate": "1975-10-13",
                "text": "Public law 94-110."
            },
            "number": "683",
            "policyArea": {
                "name": "International Affairs"
            },
            "title": "Joint resolution to implement the U.S. proposal for the early-warning system in Sinai.",
            "type": "HJRES",
            "url": "https://api.congress.gov/v3/bill/94/hjres/683?format=json"
        },
        {
            "congress": 94,
            "introducedDate": "1976-04-13",
            "latestAction": {
                "actionDate": "1976-04-13",
                "text": "Measure passed House."
            },
            "number": "1154",
            "policyArea": {
                "name": "Congress"
            },
            "title": "A resolution expressing the sorrow of the House of the date of the late Honorable William A. Barrett.",
            "type": "HRES",
            "url": "https://api.congress.gov/v3/bill/94/hres/1154?format=json"
        },
        {
            "congress": 94,
            "introducedDate": "1976-02-10",
            "latestAction": {
                "actionDate": "1976-02-10",
                "text": "Measure passed House."
            },
            "number": "1030",
            "policyArea": {
                "name": "International Affairs"
            },
            "title": "A resolution expressing the sympathy of the House of Representatives to the people of Guatemala.",
            "type": "HRES",
            "url": "https://api.congress.gov/v3/bill/94/hres/1030?format=json"
        },
        {
            "congress": 94,
            "introducedDate": "1976-03-02",
            "latestAction": {
                "actionDate": "1976-03-29",
                "text": "Measure passed House."
            },
            "number": "1062",
            "policyArea": {
                "name": "Congress"
            },
            "title": "Resolution to provide for the expenses of the Committee on International Relations for the investigations and studies to be conducted pursuant to rule XI of the Rules of the House of Representatives.",
            "type": "HRES",
            "url": "https://api.congress.gov/v3/bill/94/hres/1062?format=json"
        },
        {
            "congress": 94,
            "introducedDate": "1975-03-20",
            "latestAction": {
                "actionDate": "1975-03-20",
                "text": "Referred to House Committee on International Relations."
            },
            "number": "349",
            "policyArea": {
                "name": "Armed Forces and National Security"
            },
            "title": "Resolution expressing the sense of the House of Representatives with respect to the missing in action in Southeast Asia and the Paris Agreement.",
            "type": "HRES",
            "url": "https://api.congress.gov/v3/bill/94/hres/349?format=json"
        },
        {
            "congress": 94,
            "introducedDate": "1975-03-17",
            "latestAction": {
                "actionDate": "1975-03-21",
                "text": "Measure passed House, amended."
            },
            "number": "315",
            "policyArea": {
                "name": "Congress"
            },
            "title": "Resolution to provide for the expenses of the Committee on Foreign Affairs for the investigations and studies to be conducted pursuant to rule XI of the Rules of the House of Representatives.",
            "type": "HRES",
            "url": "https://api.congress.gov/v3/bill/94/hres/315?format=json"
        },
        {
            "congress": 94,
            "introducedDate": "1975-03-12",
            "latestAction": {
                "actionDate": "1975-03-12",
                "text": "Referred to House Committee on Foreign Affairs (Subsequently: International Relations)."
            },
            "number": "301",
            "policyArea": {
                "name": "Armed Forces and National Security"
            },
            "title": "Resolution expressing the sense of the House of Representatives with respect to the missing in action in Southeast Asia and the Paris Agreement.",
            "type": "HRES",
            "url": "https://api.congress.gov/v3/bill/94/hres/301?format=json"
        },
        {
            "congress": 94,
            "introducedDate": "1975-02-25",
            "latestAction": {
                "actionDate": "1975-02-25",
                "text": "Referred to House Committee on Foreign Affairs (Subsequently: International Relations)."
            },
            "number": "254",
            "policyArea": {
                "name": "Armed Forces and National Security"
            },
            "title": "Resolution expressing the sense of the House of Representatives with respect to the missing in action in Southeast Asia and the Paris Agreement.",
            "type": "HRES",
            "url": "https://api.congress.gov/v3/bill/94/hres/254?format=json"
        },
        {
            "congress": 94,
            "introducedDate": "1975-03-06",
            "latestAction": {
                "actionDate": "1975-03-06",
                "text": "Referred to House Committee on Foreign Affairs (Subsequently: International Relations)."
            },
            "number": "278",
            "policyArea": {
                "name": "Armed Forces and National Security"
            },
            "title": "Resolution expressing the sense of the House of Representatives with respect to the missing in action in Southeast Asia and the Paris Agreement.",
            "type": "HRES",
            "url": "https://api.congress.gov/v3/bill/94/hres/278?format=json"
        },
        {
            "congress": 94,
            "introducedDate": "1975-02-05",
            "latestAction": {
                "actionDate": "1975-02-05",
                "text": "Referred to House Committee on Foreign Affairs (Subsequently: International Relations)."
            },
            "number": "152",
            "policyArea": {
                "name": "Armed Forces and National Security"
            },
            "title": "Resolution expressing the sense of the House of Representatives with respect to the missing in action in Southeast Asia and the Paris Agreement.",
            "type": "HRES",
            "url": "https://api.congress.gov/v3/bill/94/hres/152?format=json"
        },
        {
            "congress": 94,
            "introducedDate": "1975-02-20",
            "latestAction": {
                "actionDate": "1975-02-20",
                "text": "Referred to House Committee on Foreign Affairs (Subsequently: International Relations)."
            },
            "number": "227",
            "policyArea": {
                "name": "Armed Forces and National Security"
            },
            "title": "Resolution expressing the sense of the House of Representatives with respect to the missing in action in Southeast Asia and the Paris Agreement.",
            "type": "HRES",
            "url": "https://api.congress.gov/v3/bill/94/hres/227?format=json"
        },
        {
            "congress": 94,
            "introducedDate": "1975-02-05",
            "latestAction": {
                "actionDate": "1975-02-05",
                "text": "Referred to House Committee on Foreign Affairs (Subsequently: International Relations)."
            },
            "number": "151",
            "policyArea": {
                "name": "Armed Forces and National Security"
            },
            "title": "Resolution expressing the sense of the House of Representatives with respect to the missing in action in Southeast Asia and the Paris agreement.",
            "type": "HRES",
            "url": "https://api.congress.gov/v3/bill/94/hres/151?format=json"
        },
        {
            "congress": 94,
            "introducedDate": "1975-02-05",
            "latestAction": {
                "actionDate": "1975-02-05",
                "text": "Referred to House Committee on Foreign Affairs (Subsequently: International Relations)."
            },
            "number": "153",
            "policyArea": {
                "name": "Armed Forces and National Security"
            },
            "title": "Resolution expressing the sense of the House of Representatives with respect to the missing in action in Southeast Asia and the Paris Agreement.",
            "type": "HRES",
            "url": "https://api.congress.gov/v3/bill/94/hres/153?format=json"
        },
        {
            "congress": 94,
            "introducedDate": "1975-02-03",
            "latestAction": {
                "actionDate": "1975-02-03",
                "text": "Referred to House Committee on Foreign Affairs (Subsequently: International Relations)."
            },
            "number": "131",
            "policyArea": {
                "name": "Vietnamese Conflict"
            },
            "title": "Resolution expressing the sense of the House of Representatives with respect to the missing-in-action in Southeast Asia and the Paris Agreement.",
            "type": "HRES",
            "url": "https://api.congress.gov/v3/bill/94/hres/131?format=json"
        },
        {
            "congress": 94,
            "introducedDate": "1975-12-04",
            "latestAction": {
                "actionDate": "1975-12-04",
                "text": "Referred to House Committee on Rules."
            },
            "number": "501",
            "policyArea": {
                "name": "Social Sciences and History"
            },
            "title": "Concurrent resolution providing for the presentation of the patriotic production \"America, O America, the Beautiful\" to a joint meeting of the Congress during the Bicentennial year.",
            "type": "HCONRES",
            "url": "https://api.congress.gov/v3/bill/94/hconres/501?format=json"
        }
    ]
}