{
    "pagination": {
        "count": 11
    },
    "request": {
        "bioguideId": "b001226",
        "contentType": "application/json",
        "format": "json"
    },
    "sponsoredLegislation": [
        {
            "amendmentNumber": "786",
            "congress": 103,
            "introducedDate": "1994-07-26",
            "latestAction": {
                "actionDate": "1994-07-26",
                "actionTime": "15:16:20",
                "text": "On agreeing to the Barca amendments (A002) Agreed to by voice vote. "
            },
            "type": null,
            "url": "https://api.congress.gov/v3/amendment/103/hamdt/786?format=json"
        },
        {
            "amendmentNumber": "596",
            "congress": 103,
            "introducedDate": "1994-05-26",
            "latestAction": {
                "actionDate": "1994-05-26",
                "actionTime": "14:48:35",
                "text": "On agreeing to the Barca amendment (A007) Agreed to by voice vote. "
            },
            "type": null,
            "url": "https://api.congress.gov/v3/amendment/103/hamdt/596?format=json"
        },
        {
            "congress": 103,
            "introducedDate": "1994-09-29",
            "latestAction": {
                "actionDate": "1994-10-06",
                "text": "Executive Comment Requested from DOD."
            },
            "number": "5129",
            "policyArea": {
                "name": "Armed Forces and National Security"
            },
            "title": "To provide for a reduction in the number of members of the Armed Forces of the United States stationed in Europe unless the European member nations of NATO assume an increased share of the nonpersonnel costs of United States military installations in those nations.",
            "type": "HR",
            "url": "https://api.congress.gov/v3/bill/103/hr/5129?format=json"
        },
        {
            "congress": 103,
            "introducedDate": "1994-08-21",
            "latestAction": {
                "actionDate": "1994-08-29",
                "text": "Referred to the Subcommittee on Human Resources and Intergovernmental Relations."
            },
            "number": "5011",
            "policyArea": {
                "name": "Social Welfare"
            },
            "title": "Welfare-to-Work Incentives Act of 1994",
            "type": "HR",
            "url": "https://api.congress.gov/v3/bill/103/hr/5011?format=json"
        },
        {
            "congress": 103,
            "introducedDate": "1994-08-03",
            "latestAction": {
                "actionDate": "1994-08-17",
                "text": "Referred to the Subcommittee on International Operations."
            },
            "number": "4893",
            "policyArea": {
                "name": "International Affairs"
            },
            "title": "To repeal the North/South Center Act of 1991.",
            "type": "HR",
            "url": "https://api.congress.gov/v3/bill/103/hr/4893?format=json"
        },
        {
            "congress": 103,
            "introducedDate": "1994-08-09",
            "latestAction": {
                "actionDate": "1994-08-11",
                "text": "Referred to the Subcommittee on Livestock."
            },
            "number": "4923",
            "policyArea": {
                "name": "Agriculture and Food"
            },
            "title": "Dairy Equity Act",
            "type": "HR",
            "url": "https://api.congress.gov/v3/bill/103/hr/4923?format=json"
        },
        {
            "congress": 103,
            "introducedDate": "1994-03-24",
            "latestAction": {
                "actionDate": "1994-08-11",
                "text": "See H.R.4771."
            },
            "number": "4127",
            "policyArea": {
                "name": "Government Operations and Politics"
            },
            "title": "Federal Mandate Compensation Act",
            "type": "HR",
            "url": "https://api.congress.gov/v3/bill/103/hr/4127?format=json"
        },
        {
            "congress": 103,
            "introducedDate": "1994-02-09",
            "latestAction": {
                "actionDate": "1994-07-14",
                "text": "Sponsor introductory remarks on measure. (CR H5664)"
            },
            "number": "3823",
            "policyArea": {
                "name": "Social Welfare"
            },
            "title": "Welfare Fairness Act",
            "type": "HR",
            "url": "https://api.congress.gov/v3/bill/103/hr/3823?format=json"
        },
        {
            "congress": 103,
            "introducedDate": "1994-07-26",
            "latestAction": {
                "actionDate": "1994-08-11",
                "text": "Referred to the Subcommittee on Health and the Environment."
            },
            "number": "273",
            "policyArea": {
                "name": "Health"
            },
            "title": "Expressing the sense of the Congress that any comprehensive health care reform measure should ensure that extemporaneous compounding is made available to provide allergen-free medications for persons who suffer from severe food allergies or other medical conditions.",
            "type": "HCONRES",
            "url": "https://api.congress.gov/v3/bill/103/hconres/273?format=json"
        },
        {
            "congress": 103,
            "introducedDate": "1994-03-21",
            "latestAction": {
                "actionDate": "1994-05-24",
                "text": "Referred to the Subcommittee on Crime and Criminal Justice."
            },
            "number": "228",
            "policyArea": {
                "name": "Crime and Law Enforcement"
            },
            "title": "Expressing the sense of Congress with respect to violence against truckers.",
            "type": "HCONRES",
            "url": "https://api.congress.gov/v3/bill/103/hconres/228?format=json"
        },
        {
            "congress": 103,
            "introducedDate": "1993-09-28",
            "latestAction": {
                "actionDate": "1993-09-28",
                "text": "Referred to the House Committee on House Administration."
            },
            "number": "156",
            "policyArea": {
                "name": "Congress"
            },
            "title": "Expressing the sense of Congress regarding the coverage of members of Congress under health care reform legislation.",
            "type": "HCONRES",
            "url": "https://api.congress.gov/v3/bill/103/hconres/156?format=json"
        }
    ]
}