{
    "pagination": {
        "count": 120
    },
    "request": {
        "bioguideId": "b001227",
        "contentType": "application/json",
        "format": "json"
    },
    "sponsoredLegislation": [
        {
            "congress": 113,
            "introducedDate": "2014-11-14",
            "latestAction": {
                "actionDate": "2014-12-09",
                "text": "Referred to the Subcommittee on Crime, Terrorism, Homeland Security, and Investigations."
            },
            "number": "5711",
            "policyArea": {
                "name": "Crime and Law Enforcement"
            },
            "title": "To amend title 18, United States Code, to extend the coverage of the Federal prohibition against hate crimes in order to provide greater protections to persons who are gay, lesbian, bisexual, or transgender.",
            "type": "HR",
            "url": "https://api.congress.gov/v3/bill/113/hr/5711?format=json"
        },
        {
            "congress": 113,
            "introducedDate": "2014-03-12",
            "latestAction": {
                "actionDate": "2014-03-25",
                "text": "Referred to the Subcommittee on Immigration and Border Security."
            },
            "number": "4224",
            "policyArea": {
                "name": "Private Legislation"
            },
            "title": "For the relief of Victor Hugo Santos.",
            "type": "HR",
            "url": "https://api.congress.gov/v3/bill/113/hr/4224?format=json"
        },
        {
            "congress": 113,
            "introducedDate": "2013-12-05",
            "latestAction": {
                "actionDate": "2013-12-05",
                "text": "Referred to the House Committee on Oversight and Government Reform."
            },
            "number": "3664",
            "policyArea": {
                "name": "Economics and Public Finance"
            },
            "title": "ACCESS Act",
            "type": "HR",
            "url": "https://api.congress.gov/v3/bill/113/hr/3664?format=json"
        },
        {
            "congress": 113,
            "introducedDate": "2013-11-20",
            "latestAction": {
                "actionDate": "2013-11-20",
                "text": "Referred to the House Committee on Ways and Means."
            },
            "number": "3553",
            "policyArea": {
                "name": "Taxation"
            },
            "title": "To allow a credit against income tax for employers who pay their Federal contractor employees compensation lost by reason of the Federal Government shutdown.",
            "type": "HR",
            "url": "https://api.congress.gov/v3/bill/113/hr/3553?format=json"
        },
        {
            "congress": 113,
            "introducedDate": "2013-05-16",
            "latestAction": {
                "actionDate": "2013-05-16",
                "text": "Referred to the House Committee on House Administration."
            },
            "number": "2017",
            "policyArea": {
                "name": "Government Operations and Politics"
            },
            "title": "EAC Improvements Act of 2013",
            "type": "HR",
            "url": "https://api.congress.gov/v3/bill/113/hr/2017?format=json"
        },
        {
            "congress": 113,
            "introducedDate": "2013-05-07",
            "latestAction": {
                "actionDate": "2013-05-08",
                "text": "Referred to the Subcommittee on Disability Assistance and Memorial Affairs."
            },
            "number": "204",
            "policyArea": {
                "name": "Armed Forces and National Security"
            },
            "title": "Commending Korean American veterans of the Vietnam War for their service to the United States.",
            "type": "HRES",
            "url": "https://api.congress.gov/v3/bill/113/hres/204?format=json"
        },
        {
            "congress": 113,
            "introducedDate": "2013-08-01",
            "latestAction": {
                "actionDate": "2013-08-01",
                "text": "Referred to the House Committee on Oversight and Government Reform."
            },
            "number": "49",
            "policyArea": {
                "name": "Civil Rights and Liberties, Minority Issues"
            },
            "title": "Expressing the sense of Congress that the United States Postal Service should issue a commemorative postage stamp honoring the Reverend Doctor Leon Sullivan and that the Citizens' Stamp Advisory Committee should recommend to the Postmaster General that such a stamp be issued.",
            "type": "HCONRES",
            "url": "https://api.congress.gov/v3/bill/113/hconres/49?format=json"
        },
        {
            "congress": 112,
            "introducedDate": "2011-10-13",
            "latestAction": {
                "actionDate": "2011-10-21",
                "text": "Referred to the Subcommittee on Domestic Monetary Policy and Technology."
            },
            "number": "3180",
            "policyArea": {
                "name": "Finance and Financial Sector"
            },
            "title": "U.S.S. Cruiser Olympia Commemorative Coin Act",
            "type": "HR",
            "url": "https://api.congress.gov/v3/bill/112/hr/3180?format=json"
        },
        {
            "congress": 112,
            "introducedDate": "2011-01-19",
            "latestAction": {
                "actionDate": "2011-02-07",
                "text": "Referred to the Subcommittee on Crime, Terrorism, and Homeland Security."
            },
            "number": "318",
            "policyArea": {
                "name": "Crime and Law Enforcement"
            },
            "title": "To amend title 18, United States Code, to punish threats to commit violent crimes against Members of Congress, and for other purposes.",
            "type": "HR",
            "url": "https://api.congress.gov/v3/bill/112/hr/318?format=json"
        },
        {
            "congress": 112,
            "introducedDate": "2011-06-22",
            "latestAction": {
                "actionDate": "2011-06-22",
                "text": "Referred to the House Committee on Natural Resources."
            },
            "number": "322",
            "policyArea": {
                "name": "Social Sciences and History"
            },
            "title": "Recognizing the National Center for the American Revolution for its role in telling the story of the American Revolution and its continuing impact on struggles for freedom, self-government, and the rule of law throughout the world and encouraging the Center in its efforts to build a new Museum of the American Revolution.",
            "type": "HRES",
            "url": "https://api.congress.gov/v3/bill/112/hres/322?format=json"
        },
        {
            "congress": 112,
            "introducedDate": "2011-03-15",
            "latestAction": {
                "actionDate": "2011-03-15",
                "text": "Referred to the House Committee on Oversight and Government Reform."
            },
            "number": "171",
            "policyArea": {
                "name": "Health"
            },
            "title": "Supporting the goals and ideals of National Minority Health Awareness Month in April 2011 in order to bring attention to the severe health disparities faced by minority populations such as American Indians and Alaska Natives, Asians, Blacks or African-Americans, Hispanics or Latinos, and Native Hawaiians and other Pacific Islanders.",
            "type": "HRES",
            "url": "https://api.congress.gov/v3/bill/112/hres/171?format=json"
        },
        {
            "congress": 112,
            "introducedDate": "2011-08-01",
            "latestAction": {
                "actionDate": "2011-08-01",
                "text": "Referred to the House Committee on Oversight and Government Reform."
            },
            "number": "71",
            "policyArea": {
                "name": "Sports and Recreation"
            },
            "title": "Expressing the sense of Congress that the United States Postal Service should issue a commemorative postage stamp honoring Wilt Chamberlain and that the Citizens' Stamp Advisory Committee should recommend to the Postmaster General that such a stamp be issued.",
            "type": "HCONRES",
            "url": "https://api.congress.gov/v3/bill/112/hconres/71?format=json"
        },
        {
            "congress": 115,
            "introducedDate": "2018-09-27",
            "latestAction": {
                "actionDate": "2018-09-28",
                "text": "Referred to the Subcommittee on Military Personnel."
            },
            "number": "1094",
            "policyArea": {
                "name": "Armed Forces and National Security"
            },
            "title": "Commemorating the 100th anniversary of the Armistice Agreement, the 100th anniversary of the return of the Unknown Soldier, and the 100th anniversary of the Tomb of the Unknown Soldier.",
            "type": "HRES",
            "url": "https://api.congress.gov/v3/bill/115/hres/1094?format=json"
        },
        {
            "congress": 115,
            "introducedDate": "2018-06-15",
            "latestAction": {
                "actionDate": "2018-06-15",
                "text": "Referred to the House Committee on House Administration."
            },
            "number": "6122",
            "policyArea": {
                "name": "Government Operations and Politics"
            },
            "title": "Stop Automatically Voiding Eligible Voters Off Their Enlisted Rolls in States Act",
            "type": "HR",
            "url": "https://api.congress.gov/v3/bill/115/hr/6122?format=json"
        },
        {
            "congress": 115,
            "introducedDate": "2018-04-25",
            "latestAction": {
                "actionDate": "2018-05-22",
                "text": "Referred to the Subcommittee on Immigration and Border Security."
            },
            "number": "5623",
            "policyArea": {
                "name": null
            },
            "title": "For the relief of Carmela Apolonio Hernandez, Edwin Artillero Apolonio, Yoselin Artillero Apolonio, Keyri Artillero Apolonio, and Fidel Artillero Apolonio.",
            "type": "HR",
            "url": "https://api.congress.gov/v3/bill/115/hr/5623?format=json"
        },
        {
            "congress": 115,
            "introducedDate": "2018-04-11",
            "latestAction": {
                "actionDate": "2018-04-11",
                "text": "Referred to the House Committee on Energy and Commerce."
            },
            "number": "819",
            "policyArea": {
                "name": "Health"
            },
            "title": "Recognizing the 110th anniversary of the American Association for Cancer Research, the world's first and largest professional organization dedicated to the conquest of cancer.",
            "type": "HRES",
            "url": "https://api.congress.gov/v3/bill/115/hres/819?format=json"
        },
        {
            "congress": 115,
            "introducedDate": "2018-02-08",
            "latestAction": {
                "actionDate": "2018-02-08",
                "text": "Referred to the House Committee on Oversight and Government Reform."
            },
            "number": "735",
            "policyArea": {
                "name": "Sports and Recreation"
            },
            "title": "Congratulating the Philadelphia Eagles on their victory in Super Bowl LII.",
            "type": "HRES",
            "url": "https://api.congress.gov/v3/bill/115/hres/735?format=json"
        },
        {
            "congress": 115,
            "introducedDate": "2017-06-12",
            "latestAction": {
                "actionDate": "2018-05-22",
                "text": "Referred to the Subcommittee on Research and Technology."
            },
            "number": "2876",
            "policyArea": {
                "name": "Government Operations and Politics"
            },
            "title": "Automatic Voter Registration Act of 2017",
            "type": "HR",
            "url": "https://api.congress.gov/v3/bill/115/hr/2876?format=json"
        },
        {
            "congress": 115,
            "introducedDate": "2017-02-01",
            "latestAction": {
                "actionDate": "2017-04-25",
                "text": "Referred to the Subcommittee on Research and Technology."
            },
            "number": "794",
            "policyArea": {
                "name": "Government Operations and Politics"
            },
            "title": "EAC Reauthorization Act of 2017",
            "type": "HR",
            "url": "https://api.congress.gov/v3/bill/115/hr/794?format=json"
        },
        {
            "congress": 114,
            "introducedDate": "2016-07-14",
            "latestAction": {
                "actionDate": "2016-09-30",
                "text": "Referred to the Subcommittee on Research and Technology."
            },
            "number": "5779",
            "policyArea": {
                "name": "Government Operations and Politics"
            },
            "title": "Automatic Voter Registration Act of 2016",
            "type": "HR",
            "url": "https://api.congress.gov/v3/bill/114/hr/5779?format=json"
        },
        {
            "congress": 114,
            "introducedDate": "2016-07-07",
            "latestAction": {
                "actionDate": "2016-07-07",
                "text": "Referred to the House Committee on House Administration."
            },
            "number": "5661",
            "policyArea": {
                "name": "Congress"
            },
            "title": "To establish the Flag Office Revolving Fund for services provided by the Flag Office of the Architect of the Capitol.",
            "type": "HR",
            "url": "https://api.congress.gov/v3/bill/114/hr/5661?format=json"
        },
        {
            "congress": 114,
            "introducedDate": "2016-06-21",
            "latestAction": {
                "actionDate": "2016-06-27",
                "text": "Referred to the Subcommittee on Crime, Terrorism, Homeland Security, and Investigations."
            },
            "number": "5546",
            "policyArea": {
                "name": "Crime and Law Enforcement"
            },
            "title": "To preempt State laws preventing a major city from regulating firearm-related conduct in the city that occurs in or affects interstate or foreign commerce.",
            "type": "HR",
            "url": "https://api.congress.gov/v3/bill/114/hr/5546?format=json"
        },
        {
            "congress": 114,
            "introducedDate": "2016-05-24",
            "latestAction": {
                "actionDate": "2016-05-24",
                "text": "Referred to the House Committee on Energy and Commerce."
            },
            "number": "745",
            "policyArea": {
                "name": "Health"
            },
            "title": "Congratulating Einstein Healthcare Network on their 150th anniversary.",
            "type": "HRES",
            "url": "https://api.congress.gov/v3/bill/114/hres/745?format=json"
        },
        {
            "congress": 114,
            "introducedDate": "2016-05-17",
            "latestAction": {
                "actionDate": "2016-05-17",
                "text": "Referred to the House Committee on House Administration."
            },
            "number": "5264",
            "policyArea": {
                "name": "Congress"
            },
            "title": "To expand the uses of certain revolving funds of the Library of Congress and to clarify the authority of the Library of Congress to accept gifts and bequests.",
            "type": "HR",
            "url": "https://api.congress.gov/v3/bill/114/hr/5264?format=json"
        },
        {
            "congress": 114,
            "introducedDate": "2016-05-12",
            "latestAction": {
                "actionDate": "2016-05-12",
                "text": "Referred to the House Committee on Education and the Workforce."
            },
            "number": "726",
            "policyArea": {
                "name": "Education"
            },
            "title": "Recognizing the 100th anniversary of the founding of the American Federation of Teachers.",
            "type": "HRES",
            "url": "https://api.congress.gov/v3/bill/114/hres/726?format=json"
        },
        {
            "congress": 114,
            "introducedDate": "2016-03-23",
            "latestAction": {
                "actionDate": "2016-03-24",
                "text": "Referred to the Subcommittee on Water Resources and Environment."
            },
            "number": "4859",
            "policyArea": {
                "name": "Transportation and Public Works"
            },
            "title": "To extend the declaration of nonnavigability in perpetuity for Rivercenter, Philadelphia, Pennsylvania.",
            "type": "HR",
            "url": "https://api.congress.gov/v3/bill/114/hr/4859?format=json"
        },
        {
            "congress": 114,
            "introducedDate": "2016-03-23",
            "latestAction": {
                "actionDate": "2016-03-24",
                "text": "Referred to the Subcommittee on Water Resources and Environment."
            },
            "number": "4858",
            "policyArea": {
                "name": "Transportation and Public Works"
            },
            "title": "To provide a declaration of nonnavigability for the central Delaware River, Philadelphia, Pennsylvania, and for other purposes.",
            "type": "HR",
            "url": "https://api.congress.gov/v3/bill/114/hr/4858?format=json"
        },
        {
            "congress": 114,
            "introducedDate": "2016-03-14",
            "latestAction": {
                "actionDate": "2016-07-05",
                "text": "Placed on the Union Calendar, Calendar No. 515."
            },
            "number": "4733",
            "policyArea": {
                "name": "Congress"
            },
            "title": "To permit the United States Capitol Police to accept certain property from other Federal agencies and to dispose of certain property in its possession.",
            "type": "HR",
            "url": "https://api.congress.gov/v3/bill/114/hr/4733?format=json"
        },
        {
            "congress": 114,
            "introducedDate": "2016-03-14",
            "latestAction": {
                "actionDate": "2016-03-15",
                "text": "Referred to the Subcommittee on Economic Development, Public Buildings and Emergency Management."
            },
            "number": "4735",
            "policyArea": {
                "name": "Congress"
            },
            "title": "Architect of the Capitol Administrative Operations Improvement Act of 2016",
            "type": "HR",
            "url": "https://api.congress.gov/v3/bill/114/hr/4735?format=json"
        },
        {
            "congress": 114,
            "introducedDate": "2016-03-14",
            "latestAction": {
                "actionDate": "2016-07-05",
                "text": "Placed on the Union Calendar, Calendar No. 516."
            },
            "number": "4734",
            "policyArea": {
                "name": "Government Operations and Politics"
            },
            "title": "To amend the Federal Election Campaign Act of 1971 to permit candidates for election for Federal office to designate an individual who will be authorized to disburse funds of the authorized campaign committees of the candidate in the event of the death of the candidate.",
            "type": "HR",
            "url": "https://api.congress.gov/v3/bill/114/hr/4734?format=json"
        },
        {
            "congress": 114,
            "introducedDate": "2016-02-03",
            "latestAction": {
                "actionDate": "2016-02-29",
                "text": "Referred to the Subcommittee on the Constitution and Civil Justice."
            },
            "number": "601",
            "policyArea": {
                "name": "Civil Rights and Liberties, Minority Issues"
            },
            "title": "Recognizing the 146th anniversary of the ratification of the 15th amendment to the Constitution of the United States.",
            "type": "HRES",
            "url": "https://api.congress.gov/v3/bill/114/hres/601?format=json"
        },
        {
            "congress": 114,
            "introducedDate": "2016-02-02",
            "latestAction": {
                "actionDate": "2016-02-29",
                "text": "Referred to the Subcommittee on the Constitution and Civil Justice."
            },
            "number": "596",
            "policyArea": {
                "name": "Civil Rights and Liberties, Minority Issues"
            },
            "title": "Recognizing the 146th anniversary of the ratification of the 15th amendment to the Constitution of the United States.",
            "type": "HRES",
            "url": "https://api.congress.gov/v3/bill/114/hres/596?format=json"
        },
        {
            "congress": 114,
            "introducedDate": "2015-11-19",
            "latestAction": {
                "actionDate": "2015-11-20",
                "text": "Referred to the Subcommittee on Economic Development, Public Buildings and Emergency Management."
            },
            "number": "4093",
            "policyArea": {
                "name": "Congress"
            },
            "title": "Library of Congress Administrative Reform Act of 2015",
            "type": "HR",
            "url": "https://api.congress.gov/v3/bill/114/hr/4093?format=json"
        },
        {
            "congress": 114,
            "introducedDate": "2015-11-19",
            "latestAction": {
                "actionDate": "2016-09-28",
                "text": "Placed on the Union Calendar, Calendar No. 623."
            },
            "number": "4092",
            "policyArea": {
                "name": "Arts, Culture, Religion"
            },
            "title": "To reauthorize the sound recording and film preservation programs of the Library of Congress, and for other purposes.",
            "type": "HR",
            "url": "https://api.congress.gov/v3/bill/114/hr/4092?format=json"
        },
        {
            "congress": 114,
            "introducedDate": "2015-01-21",
            "latestAction": {
                "actionDate": "2015-02-05",
                "text": "Referred to the Subcommittee on Crime, Terrorism, Homeland Security, and Investigations."
            },
            "number": "442",
            "policyArea": {
                "name": "Crime and Law Enforcement"
            },
            "title": "To amend title 18, United States Code, to extend the coverage of the Federal prohibition against hate crimes in order to provide greater protections to persons who are gay, lesbian, bisexual, or transgender.",
            "type": "HR",
            "url": "https://api.congress.gov/v3/bill/114/hr/442?format=json"
        },
        {
            "congress": 109,
            "introducedDate": "2006-07-19",
            "latestAction": {
                "actionDate": "2006-07-19",
                "text": "Referred to the House Committee on the Judiciary."
            },
            "number": "5846",
            "policyArea": {
                "name": "Private Legislation"
            },
            "title": "For the relief of Tian Xiao Zhang.",
            "type": "HR",
            "url": "https://api.congress.gov/v3/bill/109/hr/5846?format=json"
        },
        {
            "congress": 109,
            "introducedDate": "2006-07-19",
            "latestAction": {
                "actionDate": "2006-07-19",
                "text": "Referred to the House Committee on the Judiciary."
            },
            "number": "5845",
            "policyArea": {
                "name": "Private Legislation"
            },
            "title": "For the relief of Zhen Xing Jiang.",
            "type": "HR",
            "url": "https://api.congress.gov/v3/bill/109/hr/5845?format=json"
        },
        {
            "congress": 109,
            "introducedDate": "2006-05-25",
            "latestAction": {
                "actionDate": "2006-06-05",
                "text": "Referred to the Subcommittee on National Parks."
            },
            "number": "5492",
            "policyArea": {
                "name": "Law"
            },
            "title": "National Constitution Center Operations Act",
            "type": "HR",
            "url": "https://api.congress.gov/v3/bill/109/hr/5492?format=json"
        },
        {
            "congress": 109,
            "introducedDate": "2006-03-16",
            "latestAction": {
                "actionDate": "2006-03-27",
                "text": "Referred to the Subcommittee on Economic Opportunity."
            },
            "number": "4984",
            "policyArea": {
                "name": "Armed Forces and National Security"
            },
            "title": "National Heroes Credit Protection Act",
            "type": "HR",
            "url": "https://api.congress.gov/v3/bill/109/hr/4984?format=json"
        },
        {
            "congress": 109,
            "introducedDate": "2005-09-13",
            "latestAction": {
                "actionDate": "2005-09-13",
                "text": "Referred to the Committee on Government Reform, and in addition to the Committee on International Relations, for a period to be subsequently determined by the Speaker, in each case for consideration of such provisions as fall within the jurisdiction of the committee concerned."
            },
            "number": "3740",
            "policyArea": {
                "name": "Government Operations and Politics"
            },
            "title": "Hurricane Katrina Disaster Relief Stamp Act",
            "type": "HR",
            "url": "https://api.congress.gov/v3/bill/109/hr/3740?format=json"
        },
        {
            "congress": 109,
            "introducedDate": "2005-06-17",
            "latestAction": {
                "actionDate": "2005-06-27",
                "text": "Referred to the Subcommittee on Immigration, Border Security, and Claims."
            },
            "number": "2984",
            "policyArea": {
                "name": "Private Legislation"
            },
            "title": "For the relief of Shpetim Daku.",
            "type": "HR",
            "url": "https://api.congress.gov/v3/bill/109/hr/2984?format=json"
        },
        {
            "congress": 109,
            "introducedDate": "2005-06-17",
            "latestAction": {
                "actionDate": "2005-06-27",
                "text": "Referred to the Subcommittee on Immigration, Border Security, and Claims."
            },
            "number": "2983",
            "policyArea": {
                "name": "Private Legislation"
            },
            "title": "For the relief of Zhuljeta Zhegra.",
            "type": "HR",
            "url": "https://api.congress.gov/v3/bill/109/hr/2983?format=json"
        },
        {
            "congress": 109,
            "introducedDate": "2005-02-02",
            "latestAction": {
                "actionDate": "2005-07-28",
                "text": "Placed on the Union Calendar, Calendar No. 120."
            },
            "number": "527",
            "policyArea": {
                "name": "Commerce"
            },
            "title": "Vocational and Technical Entrepreneurship Development Act of 2005",
            "type": "HR",
            "url": "https://api.congress.gov/v3/bill/109/hr/527?format=json"
        },
        {
            "congress": 109,
            "introducedDate": "2006-11-15",
            "latestAction": {
                "actionDate": "2006-12-06",
                "actionTime": "14:01:46",
                "text": "Motion to reconsider laid on the table Agreed to without objection."
            },
            "number": "1084",
            "policyArea": {
                "name": "Commemorations"
            },
            "title": "To honor the contributions and life of Edward R. Bradley.",
            "type": "HRES",
            "url": "https://api.congress.gov/v3/bill/109/hres/1084?format=json"
        },
        {
            "congress": 109,
            "introducedDate": "2005-01-26",
            "latestAction": {
                "actionDate": "2005-01-26",
                "text": "Referred to the House Committee on Government Reform."
            },
            "number": "28",
            "policyArea": {
                "name": "Commemorations"
            },
            "title": "Expressing the sense of the Congress that there should be established a School Zone Safety Awareness Week to encourage schools, government, parents, and businesses in the United States to educate children and adults about safety in our Nation's school zones.",
            "type": "HCONRES",
            "url": "https://api.congress.gov/v3/bill/109/hconres/28?format=json"
        },
        {
            "congress": 114,
            "introducedDate": "2015-03-17",
            "latestAction": {
                "actionDate": "2015-03-18",
                "text": "Referred to the Subcommittee on Highways and Transit."
            },
            "number": "1392",
            "policyArea": {
                "name": "Transportation and Public Works"
            },
            "title": "FOCUS Act of 2015",
            "type": "HR",
            "url": "https://api.congress.gov/v3/bill/114/hr/1392?format=json"
        },
        {
            "congress": 111,
            "introducedDate": "2010-12-15",
            "latestAction": {
                "actionDate": "2010-12-15",
                "text": "Referred to the House Committee on Transportation and Infrastructure."
            },
            "number": "6524",
            "policyArea": {
                "name": "Private Legislation"
            },
            "title": "To authorize issuance of certificates of documentation authorizing certain vessels to engage in coastwise trade in the carriage of natural gas, and for other purposes.",
            "type": "HR",
            "url": "https://api.congress.gov/v3/bill/111/hr/6524?format=json"
        },
        {
            "congress": 111,
            "introducedDate": "2010-11-15",
            "latestAction": {
                "actionDate": "2010-12-18",
                "text": "Became Public Law No: 111-316."
            },
            "number": "6399",
            "policyArea": {
                "name": "Congress"
            },
            "title": "To improve certain administrative operations of the Office of the Architect of the Capitol, and for other purposes.",
            "type": "HR",
            "url": "https://api.congress.gov/v3/bill/111/hr/6399?format=json"
        },
        {
            "congress": 111,
            "introducedDate": "2010-09-23",
            "latestAction": {
                "actionDate": "2010-12-20",
                "text": "Referred to the Subcommittee on Commercial and Administrative Law."
            },
            "number": "6202",
            "policyArea": {
                "name": "Government Operations and Politics"
            },
            "title": "To withdraw the consent of Congress to the interstate compact between the State of New Jersey and the Commonwealth of Pennsylvania concerning the Delaware River Port Authority, and for other purposes.",
            "type": "HR",
            "url": "https://api.congress.gov/v3/bill/111/hr/6202?format=json"
        },
        {
            "congress": 111,
            "introducedDate": "2010-09-16",
            "latestAction": {
                "actionDate": "2010-12-20",
                "text": "Referred to the Subcommittee on Immigration, Citizenship, Refugees, Border Security, and International Law."
            },
            "number": "6151",
            "policyArea": {
                "name": "Government Operations and Politics"
            },
            "title": "To charter an organization and establish a medal program to honor first responders in Philadelphia, Pennsylvania.",
            "type": "HR",
            "url": "https://api.congress.gov/v3/bill/111/hr/6151?format=json"
        },
        {
            "congress": 111,
            "introducedDate": "2010-08-10",
            "latestAction": {
                "actionDate": "2010-08-10",
                "text": "Referred to the House Committee on House Administration."
            },
            "number": "6093",
            "policyArea": {
                "name": "Congress"
            },
            "title": "To ensure the continuation of certain security activities of the United States Capitol Police.",
            "type": "HR",
            "url": "https://api.congress.gov/v3/bill/111/hr/6093?format=json"
        },
        {
            "congress": 111,
            "introducedDate": "2010-07-01",
            "latestAction": {
                "actionDate": "2010-09-30",
                "text": "Became Public Law No: 111-248."
            },
            "number": "5682",
            "policyArea": {
                "name": "Congress"
            },
            "title": "To improve the operation of certain facilities and programs of the House of Representatives, and for other purposes.",
            "type": "HR",
            "url": "https://api.congress.gov/v3/bill/111/hr/5682?format=json"
        },
        {
            "congress": 111,
            "introducedDate": "2010-07-01",
            "latestAction": {
                "actionDate": "2010-07-02",
                "text": "Referred to the Subcommittee on Economic Development, Public Buildings and Emergency Management."
            },
            "number": "5683",
            "policyArea": {
                "name": "Congress"
            },
            "title": "To improve certain administrative operations of the Office of the Architect of the Capitol, and for other purposes.",
            "type": "HR",
            "url": "https://api.congress.gov/v3/bill/111/hr/5683?format=json"
        },
        {
            "congress": 111,
            "introducedDate": "2010-07-01",
            "latestAction": {
                "actionDate": "2010-07-28",
                "text": "Received in the Senate and Read twice and referred to the Committee on Rules and Administration."
            },
            "number": "5681",
            "policyArea": {
                "name": "Congress"
            },
            "title": "To improve certain administrative operations of the Library of Congress, and for other purposes.",
            "type": "HR",
            "url": "https://api.congress.gov/v3/bill/111/hr/5681?format=json"
        },
        {
            "congress": 111,
            "introducedDate": "2010-04-15",
            "latestAction": {
                "actionDate": "2010-04-16",
                "text": "Referred to the Subcommittee on Economic Opportunity."
            },
            "number": "5048",
            "policyArea": {
                "name": "Armed Forces and National Security"
            },
            "title": "National Heroes Credit Protection Act",
            "type": "HR",
            "url": "https://api.congress.gov/v3/bill/111/hr/5048?format=json"
        },
        {
            "congress": 111,
            "introducedDate": "2009-11-03",
            "latestAction": {
                "actionDate": "2009-11-03",
                "text": "Referred to the House Committee on House Administration."
            },
            "number": "3997",
            "policyArea": {
                "name": "Congress"
            },
            "title": "To permit each current member of the Board of Directors of the Office of Compliance to serve for 3 terms.",
            "type": "HR",
            "url": "https://api.congress.gov/v3/bill/111/hr/3997?format=json"
        },
        {
            "congress": 111,
            "introducedDate": "2009-10-21",
            "latestAction": {
                "actionDate": "2010-06-18",
                "text": "Referred to the Subcommittee on Department Operations, Oversight, Nutrition and Forestry."
            },
            "number": "3891",
            "policyArea": {
                "name": "Housing and Community Development"
            },
            "title": "Safe and Healthy Housing Act of 2009",
            "type": "HR",
            "url": "https://api.congress.gov/v3/bill/111/hr/3891?format=json"
        },
        {
            "congress": 111,
            "introducedDate": "2009-10-15",
            "latestAction": {
                "actionDate": "2009-10-16",
                "text": "Referred to the Subcommittee on Highways and Transit."
            },
            "number": "3829",
            "policyArea": {
                "name": "Transportation and Public Works"
            },
            "title": "FOCUS Act of 2009",
            "type": "HR",
            "url": "https://api.congress.gov/v3/bill/111/hr/3829?format=json"
        },
        {
            "congress": 111,
            "introducedDate": "2009-10-13",
            "latestAction": {
                "actionDate": "2009-10-13",
                "text": "Referred to the House Committee on Financial Services."
            },
            "number": "3793",
            "policyArea": {
                "name": "Housing and Community Development"
            },
            "title": "Healthy Housing Council Act of 2009",
            "type": "HR",
            "url": "https://api.congress.gov/v3/bill/111/hr/3793?format=json"
        },
        {
            "congress": 111,
            "introducedDate": "2009-03-26",
            "latestAction": {
                "actionDate": "2009-07-30",
                "actionTime": "18:11:50",
                "text": "On motion to suspend the rules and pass the bill, as amended Failed by recorded vote (2/3 required): 282 - 144 (Roll no. 681)."
            },
            "number": "1752",
            "policyArea": {
                "name": "Congress"
            },
            "title": "To provide that the usual day for paying salaries in or under the House of Representatives may be established by regulations of the Committee on House Administration.",
            "type": "HR",
            "url": "https://api.congress.gov/v3/bill/111/hr/1752?format=json"
        },
        {
            "congress": 111,
            "introducedDate": "2009-03-25",
            "latestAction": {
                "actionDate": "2009-03-25",
                "text": "Referred to the House Committee on Financial Services."
            },
            "number": "1714",
            "policyArea": {
                "name": "Finance and Financial Sector"
            },
            "title": "To require that the Board Compensation Committees required for financial institutions receiving assistance under the Troubled Assets Relief Program include the representation of the financial institution's lowest paid employees.",
            "type": "HR",
            "url": "https://api.congress.gov/v3/bill/111/hr/1714?format=json"
        },
        {
            "congress": 111,
            "introducedDate": "2009-03-24",
            "latestAction": {
                "actionDate": "2009-04-23",
                "text": "Received in the Senate and Read twice and referred to the Committee on Homeland Security and Governmental Affairs."
            },
            "number": "1679",
            "policyArea": {
                "name": "Congress"
            },
            "title": "House Reservists Pay Adjustment Act of 2009",
            "type": "HR",
            "url": "https://api.congress.gov/v3/bill/111/hr/1679?format=json"
        },
        {
            "congress": 111,
            "introducedDate": "2009-03-04",
            "latestAction": {
                "actionDate": "2010-03-04",
                "text": "Became Public Law No: 111-145."
            },
            "number": "1299",
            "policyArea": {
                "name": "Congress"
            },
            "title": "United States Capitol Police Administrative Technical Corrections Act of 2009",
            "type": "HR",
            "url": "https://api.congress.gov/v3/bill/111/hr/1299?format=json"
        },
        {
            "congress": 111,
            "introducedDate": "2009-01-14",
            "latestAction": {
                "actionDate": "2009-02-24",
                "text": "Referred to the Subcommittee on Government Management, Organization, and Procurement."
            },
            "number": "506",
            "policyArea": {
                "name": "Government Operations and Politics"
            },
            "title": "To provide immediate fiscal relief to cities experiencing serious budget deficits by providing funds for payments to qualified local governments.",
            "type": "HR",
            "url": "https://api.congress.gov/v3/bill/111/hr/506?format=json"
        },
        {
            "congress": 111,
            "introducedDate": "2010-12-22",
            "latestAction": {
                "actionDate": "2010-12-22",
                "actionTime": "17:45:35",
                "text": "Motion to reconsider laid on the table Agreed to without objection."
            },
            "number": "1783",
            "policyArea": {
                "name": "Congress"
            },
            "title": "Making a technical correction to a cross-reference in the final regulations issued by the Office of Compliance to implement the Veterans Employment Opportunities Act of 1998 that apply to the House of Representatives and employees of the House of Representatives.",
            "type": "HRES",
            "url": "https://api.congress.gov/v3/bill/111/hres/1783?format=json"
        },
        {
            "congress": 111,
            "introducedDate": "2010-12-08",
            "latestAction": {
                "actionDate": "2010-12-15",
                "actionTime": "20:55:10",
                "text": "Motion to reconsider laid on the table Agreed to without objection."
            },
            "number": "1757",
            "policyArea": {
                "name": "Congress"
            },
            "title": "Providing for the approval of final regulations issued by the Office of Compliance to implement the Veterans Employment Opportunities Act of 1998 that apply to the House of Representatives and employees of the House of Representatives.",
            "type": "HRES",
            "url": "https://api.congress.gov/v3/bill/111/hres/1757?format=json"
        },
        {
            "congress": 111,
            "introducedDate": "2010-11-16",
            "latestAction": {
                "actionDate": "2010-11-16",
                "text": "Referred to the House Committee on Energy and Commerce."
            },
            "number": "1718",
            "policyArea": {
                "name": "Health"
            },
            "title": "Honoring the commitment and service of the Albert Einstein Healthcare Network, Southwest Airlines, and the Philadelphia International Airport for helping families dealing with autism gain confidence in public places and honoring the University of the Sciences in Philadelphia, Pennsylvania, and the Gray Center for contributions to the Autism Accessibility Program housed at Albert Einstein Healthcare Network.",
            "type": "HRES",
            "url": "https://api.congress.gov/v3/bill/111/hres/1718?format=json"
        },
        {
            "congress": 111,
            "introducedDate": "2010-05-20",
            "latestAction": {
                "actionDate": "2010-06-09",
                "actionTime": "12:32:21",
                "text": "Motion to reconsider laid on the table Agreed to without objection."
            },
            "number": "1381",
            "policyArea": {
                "name": "Arts, Culture, Religion"
            },
            "title": "Recognizing the National Museum of American Jewish History, an affiliate of the Smithsonian Institution, as the only museum in the Nation dedicated exclusively to exploring and preserving the American Jewish experience.",
            "type": "HRES",
            "url": "https://api.congress.gov/v3/bill/111/hres/1381?format=json"
        },
        {
            "congress": 111,
            "introducedDate": "2009-12-16",
            "latestAction": {
                "actionDate": "2009-12-16",
                "text": "Referred to the House Committee on Oversight and Government Reform."
            },
            "number": "986",
            "policyArea": {
                "name": "Social Sciences and History"
            },
            "title": "Supporting a national and international celebration commemorating the 250th anniversary of the United States of America's birth, to be held throughout the year 2026, focused on the Greater Philadelphia Region in the Commonwealth of Pennsylvania, the State of Delaware, and the State of New Jersey.",
            "type": "HRES",
            "url": "https://api.congress.gov/v3/bill/111/hres/986?format=json"
        },
        {
            "congress": 111,
            "introducedDate": "2009-07-29",
            "latestAction": {
                "actionDate": "2009-09-29",
                "actionTime": "15:19:34",
                "text": "Motion to reconsider laid on the table Agreed to without objection."
            },
            "number": "693",
            "policyArea": {
                "name": "Sports and Recreation"
            },
            "title": "Honoring the life and accomplishments of Jim Johnson and extending the condolences of the House of Representatives to his family on the occasion of his death.",
            "type": "HRES",
            "url": "https://api.congress.gov/v3/bill/111/hres/693?format=json"
        },
        {
            "congress": 111,
            "introducedDate": "2009-07-17",
            "latestAction": {
                "actionDate": "2009-07-17",
                "actionTime": "14:57:11",
                "text": "Motion to reconsider laid on the table Agreed to without objection."
            },
            "number": "658",
            "policyArea": {
                "name": "Congress"
            },
            "title": "Permitting official photographs of the House of Representatives to be taken while the House is in actual session on a date designated by the Speaker.",
            "type": "HRES",
            "url": "https://api.congress.gov/v3/bill/111/hres/658?format=json"
        },
        {
            "congress": 111,
            "introducedDate": "2009-07-14",
            "latestAction": {
                "actionDate": "2009-07-14",
                "text": "Referred to the House Committee on House Administration."
            },
            "number": "646",
            "policyArea": {
                "name": "Congress"
            },
            "title": "Honoring the memory and lasting legacy of Sally Crowe.",
            "type": "HRES",
            "url": "https://api.congress.gov/v3/bill/111/hres/646?format=json"
        },
        {
            "congress": 111,
            "introducedDate": "2009-03-31",
            "latestAction": {
                "actionDate": "2009-03-31",
                "actionTime": "15:25:54",
                "text": "Motion to reconsider laid on the table Agreed to without objection."
            },
            "number": "303",
            "policyArea": {
                "name": "Congress"
            },
            "title": "Dismissing the election contest relating to the office of Representative from the First Congressional District of Hawaii.",
            "type": "HRES",
            "url": "https://api.congress.gov/v3/bill/111/hres/303?format=json"
        },
        {
            "congress": 111,
            "introducedDate": "2009-03-31",
            "latestAction": {
                "actionDate": "2009-03-31",
                "actionTime": "15:25:57",
                "text": "Motion to reconsider laid on the table Agreed to without objection."
            },
            "number": "304",
            "policyArea": {
                "name": "Congress"
            },
            "title": "Electing Members to the Joint Committee on Printing and the Joint Committee of Congress on the Library.",
            "type": "HRES",
            "url": "https://api.congress.gov/v3/bill/111/hres/304?format=json"
        },
        {
            "congress": 111,
            "introducedDate": "2009-03-24",
            "latestAction": {
                "actionDate": "2009-03-31",
                "actionTime": "16:25:46",
                "text": "Motion to reconsider laid on the table Agreed to without objection."
            },
            "number": "279",
            "policyArea": {
                "name": "Congress"
            },
            "title": "Providing for the expenses of certain committees of the House of Representatives in the One Hundred Eleventh Congress.",
            "type": "HRES",
            "url": "https://api.congress.gov/v3/bill/111/hres/279?format=json"
        },
        {
            "congress": 111,
            "introducedDate": "2009-02-13",
            "latestAction": {
                "actionDate": "2009-02-13",
                "text": "Referred to the House Committee on House Administration."
            },
            "number": "172",
            "policyArea": {
                "name": "Congress"
            },
            "title": "Providing amounts for the expenses of the Committee on House Administration in the One Hundred Eleventh Congress.",
            "type": "HRES",
            "url": "https://api.congress.gov/v3/bill/111/hres/172?format=json"
        },
        {
            "congress": 110,
            "introducedDate": "2008-12-10",
            "latestAction": {
                "actionDate": "2008-12-10",
                "text": "Referred to the House Committee on Oversight and Government Reform."
            },
            "number": "7331",
            "policyArea": {
                "name": "Government Operations and Politics"
            },
            "title": "Save America's Cities Act of 2008",
            "type": "HR",
            "url": "https://api.congress.gov/v3/bill/110/hr/7331?format=json"
        },
        {
            "congress": 110,
            "introducedDate": "2008-07-29",
            "latestAction": {
                "actionDate": "2008-10-02",
                "text": "Read twice and referred to the Committee on Rules and Administration."
            },
            "number": "6625",
            "policyArea": {
                "name": "Armed Forces and National Security"
            },
            "title": "Veteran Voting Support Act",
            "type": "HR",
            "url": "https://api.congress.gov/v3/bill/110/hr/6625?format=json"
        },
        {
            "congress": 110,
            "introducedDate": "2008-07-24",
            "latestAction": {
                "actionDate": "2008-09-12",
                "text": "Received in the Senate."
            },
            "number": "6608",
            "policyArea": {
                "name": "Congress"
            },
            "title": "House Reservists Pay Adjustment Act of 2008",
            "type": "HR",
            "url": "https://api.congress.gov/v3/bill/110/hr/6608?format=json"
        },
        {
            "congress": 110,
            "introducedDate": "2008-07-17",
            "latestAction": {
                "actionDate": "2008-07-18",
                "text": "Referred to the Subcommittee on Economic Development, Public Buildings and Emergency Management."
            },
            "number": "6542",
            "policyArea": {
                "name": "Science, Technology, Communications"
            },
            "title": "To authorize the Board of Regents of the Smithsonian Institution to plan, design, and construct laboratory and support space to accommodate the Mathias Laboratory at the Smithsonian Environmental Research Center in Edgewater, Maryland.",
            "type": "HR",
            "url": "https://api.congress.gov/v3/bill/110/hr/6542?format=json"
        },
        {
            "congress": 110,
            "introducedDate": "2008-07-17",
            "latestAction": {
                "actionDate": "2008-07-18",
                "text": "Referred to the Subcommittee on Economic Development, Public Buildings and Emergency Management."
            },
            "number": "6541",
            "policyArea": {
                "name": "Science, Technology, Communications"
            },
            "title": "To authorize the Board of Regents of the Smithsonian Institution to plan, design, and construct laboratory space to accommodate the Smithsonian Tropical Research Institute's terrestrial research program in Gamboa, Panama.",
            "type": "HR",
            "url": "https://api.congress.gov/v3/bill/110/hr/6541?format=json"
        },
        {
            "congress": 110,
            "introducedDate": "2008-06-18",
            "latestAction": {
                "actionDate": "2008-10-16",
                "text": "Became Public Law No: 110-433."
            },
            "number": "6296",
            "policyArea": {
                "name": "Government Operations and Politics"
            },
            "title": "To extend through 2013 the authority of the Federal Election Commission to impose civil money penalties on the basis of a schedule of penalties established and published by the Commission.",
            "type": "HR",
            "url": "https://api.congress.gov/v3/bill/110/hr/6296?format=json"
        },
        {
            "congress": 110,
            "introducedDate": "2008-05-06",
            "latestAction": {
                "actionDate": "2008-06-05",
                "text": "Received in the Senate and Read twice and referred to the Committee on Rules and Administration."
            },
            "number": "5972",
            "policyArea": {
                "name": "Congress"
            },
            "title": "United States Capitol Police Administrative Technical Corrections Act of 2008",
            "type": "HR",
            "url": "https://api.congress.gov/v3/bill/110/hr/5972?format=json"
        },
        {
            "congress": 110,
            "introducedDate": "2008-04-24",
            "latestAction": {
                "actionDate": "2008-10-02",
                "text": "Became Public Law No: 110-336."
            },
            "number": "5893",
            "policyArea": {
                "name": "Arts, Culture, Religion"
            },
            "title": "Library of Congress Sound Recording and Film Preservation Programs Reauthorization Act of 2008",
            "type": "HR",
            "url": "https://api.congress.gov/v3/bill/110/hr/5893?format=json"
        },
        {
            "congress": 110,
            "introducedDate": "2008-02-26",
            "latestAction": {
                "actionDate": "2008-05-07",
                "text": "Message on Senate action sent to the House."
            },
            "number": "5493",
            "policyArea": {
                "name": "Congress"
            },
            "title": "To provide that the usual day for paying salaries in or under the House of Representatives may be established by regulations of the Committee on House Administration.",
            "type": "HR",
            "url": "https://api.congress.gov/v3/bill/110/hr/5493?format=json"
        },
        {
            "congress": 110,
            "introducedDate": "2008-01-29",
            "latestAction": {
                "actionDate": "2008-10-20",
                "text": "Became Public Law No: 110-437."
            },
            "number": "5159",
            "policyArea": {
                "name": "Congress"
            },
            "title": "Capitol Visitor Center Act of 2008",
            "type": "HR",
            "url": "https://api.congress.gov/v3/bill/110/hr/5159?format=json"
        },
        {
            "congress": 110,
            "introducedDate": "2007-09-27",
            "latestAction": {
                "actionDate": "2008-01-07",
                "text": "Became Public Law No: 110-178."
            },
            "number": "3690",
            "policyArea": {
                "name": "Congress"
            },
            "title": "U.S. Capitol Police and Library of Congress Police Merger Implementation Act of 2007",
            "type": "HR",
            "url": "https://api.congress.gov/v3/bill/110/hr/3690?format=json"
        },
        {
            "congress": 110,
            "introducedDate": "2007-09-18",
            "latestAction": {
                "actionDate": "2007-12-26",
                "text": "Became Public Law No: 110-164."
            },
            "number": "3571",
            "policyArea": {
                "name": "Congress"
            },
            "title": "To amend the Congressional Accountability Act of 1995 to permit individuals who have served as employees of the Office of Compliance to serve as Executive Director, Deputy Executive Director, or General Counsel of the Office, and to permit individuals appointed to such positions to serve one additional term.",
            "type": "HR",
            "url": "https://api.congress.gov/v3/bill/110/hr/3571?format=json"
        },
        {
            "congress": 110,
            "introducedDate": "2007-01-18",
            "latestAction": {
                "actionDate": "2007-01-18",
                "text": "Referred to the House Committee on Small Business."
            },
            "number": "557",
            "policyArea": {
                "name": "Commerce"
            },
            "title": "Vocational and Technical Entrepreneurship Development Act of 2007",
            "type": "HR",
            "url": "https://api.congress.gov/v3/bill/110/hr/557?format=json"
        },
        {
            "congress": 110,
            "introducedDate": "2007-01-17",
            "latestAction": {
                "actionDate": "2007-11-06",
                "text": "Received in the Senate and Read twice and referred to the Committee on Veterans' Affairs."
            },
            "number": "513",
            "policyArea": {
                "name": "Armed Forces and National Security"
            },
            "title": "National Heroes Credit Protection Act",
            "type": "HR",
            "url": "https://api.congress.gov/v3/bill/110/hr/513?format=json"
        },
        {
            "congress": 110,
            "introducedDate": "2008-07-15",
            "latestAction": {
                "actionDate": "2008-07-15",
                "text": "Referred to the House Committee on Foreign Affairs."
            },
            "number": "1346",
            "policyArea": {
                "name": "International Affairs"
            },
            "title": "Recognizing that more than 160,000,000 people in India are considered untouchable and dehumanized by the caste system.",
            "type": "HRES",
            "url": "https://api.congress.gov/v3/bill/110/hres/1346?format=json"
        },
        {
            "congress": 110,
            "introducedDate": "2008-04-01",
            "latestAction": {
                "actionDate": "2008-04-15",
                "actionTime": "14:54:00",
                "text": "The title of the measure was amended. Agreed to without objection."
            },
            "number": "1068",
            "policyArea": {
                "name": "Congress"
            },
            "title": "Permitting active duty members of the Armed Forces who are assigned to a Congressional liaison office of the Armed Forces at the House of Representatives to obtain membership in the exercise facility established for employees of the House of Representatives.",
            "type": "HRES",
            "url": "https://api.congress.gov/v3/bill/110/hres/1068?format=json"
        },
        {
            "congress": 110,
            "introducedDate": "2008-02-14",
            "latestAction": {
                "actionDate": "2008-02-25",
                "actionTime": "19:30:18",
                "text": "Motion to reconsider laid on the table Agreed to without objection."
            },
            "number": "989",
            "policyArea": {
                "name": "Congress"
            },
            "title": "Dismissing the election contest relating to the office of Representative from the Thirteenth Congressional District of Florida.",
            "type": "HRES",
            "url": "https://api.congress.gov/v3/bill/110/hres/989?format=json"
        },
        {
            "congress": 110,
            "introducedDate": "2007-06-12",
            "latestAction": {
                "actionDate": "2007-06-12",
                "actionTime": "10:29:03",
                "text": "Motion to reconsider laid on the table Agreed to without objection."
            },
            "number": "478",
            "policyArea": {
                "name": "Congress"
            },
            "title": "Electing a member to the Joint Committee on Printing.",
            "type": "HRES",
            "url": "https://api.congress.gov/v3/bill/110/hres/478?format=json"
        },
        {
            "congress": 110,
            "introducedDate": "2007-06-06",
            "latestAction": {
                "actionDate": "2007-06-12",
                "actionTime": "10:33:23",
                "text": "Motion to reconsider laid on the table Agreed to without objection."
            },
            "number": "462",
            "policyArea": {
                "name": "Congress"
            },
            "title": "Dismissing the election contest relating to the office of Representative from the Fourth Congressional District of Louisiana.",
            "type": "HRES",
            "url": "https://api.congress.gov/v3/bill/110/hres/462?format=json"
        },
        {
            "congress": 110,
            "introducedDate": "2007-06-06",
            "latestAction": {
                "actionDate": "2007-06-12",
                "actionTime": "10:33:16",
                "text": "Motion to reconsider laid on the table Agreed to without objection."
            },
            "number": "461",
            "policyArea": {
                "name": "Congress"
            },
            "title": "Dismissing the election contest relating to the office of Representative from the Twenty-fourth Congressional District of Florida.",
            "type": "HRES",
            "url": "https://api.congress.gov/v3/bill/110/hres/461?format=json"
        },
        {
            "congress": 110,
            "introducedDate": "2007-06-06",
            "latestAction": {
                "actionDate": "2007-06-12",
                "actionTime": "10:34:03",
                "text": "Motion to reconsider laid on the table Agreed to without objection."
            },
            "number": "463",
            "policyArea": {
                "name": "Congress"
            },
            "title": "Dismissing the election contest relating to the office of Representative from the Fifth Congressional District of Florida.",
            "type": "HRES",
            "url": "https://api.congress.gov/v3/bill/110/hres/463?format=json"
        },
        {
            "congress": 110,
            "introducedDate": "2007-06-06",
            "latestAction": {
                "actionDate": "2007-06-06",
                "actionTime": "10:30:12",
                "text": "Motion to reconsider laid on the table Agreed to without objection."
            },
            "number": "460",
            "policyArea": {
                "name": "Congress"
            },
            "title": "Permitting official photographs of the House of Representatives to be taken while the House is in actual session on a date designated by the Speaker.",
            "type": "HRES",
            "url": "https://api.congress.gov/v3/bill/110/hres/460?format=json"
        },
        {
            "congress": 110,
            "introducedDate": "2007-06-06",
            "latestAction": {
                "actionDate": "2007-06-12",
                "actionTime": "10:32:52",
                "text": "Motion to reconsider laid on the table Agreed to without objection."
            },
            "number": "459",
            "policyArea": {
                "name": "Congress"
            },
            "title": "Dismissing the election contest relating to the office of Representative from the Twenty-first Congressional District of Florida.",
            "type": "HRES",
            "url": "https://api.congress.gov/v3/bill/110/hres/459?format=json"
        },
        {
            "congress": 110,
            "introducedDate": "2008-09-26",
            "latestAction": {
                "actionDate": "2008-11-24",
                "text": "Message on Senate action sent to the House."
            },
            "number": "435",
            "policyArea": {
                "name": "International Affairs"
            },
            "title": "Authorizing the use of Emancipation Hall on December 2, 2008, for ceremonies and activities held in connection with the opening of the Capitol Visitor Center to the public.",
            "type": "HCONRES",
            "url": "https://api.congress.gov/v3/bill/110/hconres/435?format=json"
        },
        {
            "congress": 110,
            "introducedDate": "2008-07-23",
            "latestAction": {
                "actionDate": "2008-07-28",
                "text": "Message on Senate action sent to the House."
            },
            "number": "395",
            "policyArea": {
                "name": "Congress"
            },
            "title": "Authorizing the printing of an additional number of copies of the 23rd edition of the pocket version of the United States Constitution.",
            "type": "HCONRES",
            "url": "https://api.congress.gov/v3/bill/110/hconres/395?format=json"
        },
        {
            "congress": 110,
            "introducedDate": "2008-03-04",
            "latestAction": {
                "actionDate": "2008-06-23",
                "text": "Message on Senate action sent to the House."
            },
            "number": "307",
            "policyArea": {
                "name": "Congress"
            },
            "title": "Expressing the sense of Congress that Members' Congressional papers should be properly maintained and encouraging Members to take all necessary measures to manage and preserve these papers.",
            "type": "HCONRES",
            "url": "https://api.congress.gov/v3/bill/110/hconres/307?format=json"
        },
        {
            "congress": 110,
            "introducedDate": "2007-08-01",
            "latestAction": {
                "actionDate": "2007-09-06",
                "text": "Message on Senate action sent to the House."
            },
            "number": "196",
            "policyArea": {
                "name": "Commemorations"
            },
            "title": "Authorizing the use of the rotunda and grounds of the Capitol for a ceremony to award the Congressional Gold Medal to Tenzin Gyatso, the Fourteenth Dalai Lama.",
            "type": "HCONRES",
            "url": "https://api.congress.gov/v3/bill/110/hconres/196?format=json"
        },
        {
            "congress": 110,
            "introducedDate": "2007-07-24",
            "latestAction": {
                "actionDate": "2007-07-26",
                "text": "Message on Senate action sent to the House."
            },
            "number": "190",
            "policyArea": {
                "name": "Congress"
            },
            "title": "Authorizing printing of the brochure entitled \"How Our Laws Are Made\", the document-sized, annotated version of the United States Constitution, and the pocket version of the United States Constitution.",
            "type": "HCONRES",
            "url": "https://api.congress.gov/v3/bill/110/hconres/190?format=json"
        },
        {
            "congress": 108,
            "introducedDate": "2004-05-06",
            "latestAction": {
                "actionDate": "2004-05-20",
                "text": "Referred to the Subcommittee on Crime, Terrorism, and Homeland Security."
            },
            "number": "4305",
            "policyArea": {
                "name": "Crime and Law Enforcement"
            },
            "title": "Children's Online Safety Act of 2004",
            "type": "HR",
            "url": "https://api.congress.gov/v3/bill/108/hr/4305?format=json"
        },
        {
            "congress": 108,
            "introducedDate": "2004-03-31",
            "latestAction": {
                "actionDate": "2004-03-31",
                "text": "Referred to the House Committee on the Judiciary."
            },
            "number": "4098",
            "policyArea": {
                "name": "Private Legislation"
            },
            "title": "For the relief of Zhuljeta Zhegra.",
            "type": "HR",
            "url": "https://api.congress.gov/v3/bill/108/hr/4098?format=json"
        },
        {
            "congress": 108,
            "introducedDate": "2004-03-31",
            "latestAction": {
                "actionDate": "2004-04-12",
                "text": "Referred to the Subcommittee on Immigration, Border Security, and Claims."
            },
            "number": "4099",
            "policyArea": {
                "name": "Private Legislation"
            },
            "title": "For the relief of Shpetim Daku.",
            "type": "HR",
            "url": "https://api.congress.gov/v3/bill/108/hr/4099?format=json"
        },
        {
            "congress": 108,
            "introducedDate": "2003-06-24",
            "latestAction": {
                "actionDate": "2003-07-24",
                "text": "Referred to the Subcommittee on Benefits."
            },
            "number": "2576",
            "policyArea": {
                "name": "Armed Forces and National Security"
            },
            "title": "National Heroes Credit Protection Act",
            "type": "HR",
            "url": "https://api.congress.gov/v3/bill/108/hr/2576?format=json"
        },
        {
            "congress": 108,
            "introducedDate": "2003-03-20",
            "latestAction": {
                "actionDate": "2003-03-20",
                "text": "Referred to the House Committee on Small Business."
            },
            "number": "1387",
            "policyArea": {
                "name": "Commerce"
            },
            "title": "Vocational and Technical Entrepreneurship Development Act of 2003",
            "type": "HR",
            "url": "https://api.congress.gov/v3/bill/108/hr/1387?format=json"
        },
        {
            "congress": 108,
            "introducedDate": "2004-10-06",
            "latestAction": {
                "actionDate": "2004-10-06",
                "text": "Referred to the House Committee on Government Reform."
            },
            "number": "825",
            "policyArea": {
                "name": "Commemorations"
            },
            "title": "Honoring Bernard Hopkins, the undisputed World Middleweight Champion.",
            "type": "HRES",
            "url": "https://api.congress.gov/v3/bill/108/hres/825?format=json"
        },
        {
            "congress": 108,
            "introducedDate": "2003-04-01",
            "latestAction": {
                "actionDate": "2003-04-01",
                "text": "Referred to the House Committee on House Administration."
            },
            "number": "169",
            "policyArea": {
                "name": "Commemorations"
            },
            "title": "Honoring the life and faithful service of former Congressman Lucien E. Blackwell of Pennsylvania.",
            "type": "HRES",
            "url": "https://api.congress.gov/v3/bill/108/hres/169?format=json"
        },
        {
            "congress": 107,
            "introducedDate": "2002-02-13",
            "latestAction": {
                "actionDate": "2002-10-30",
                "text": "Became Public Law No: 107-266."
            },
            "number": "3740",
            "policyArea": {
                "name": "Commemorations"
            },
            "title": "To designate the facility of the United States Postal Service located at 925 Dickinson Street in Philadelphia, Pennsylvania, as the \"William A. Cibotti Post Office Building\".",
            "type": "HR",
            "url": "https://api.congress.gov/v3/bill/107/hr/3740?format=json"
        },
        {
            "congress": 107,
            "introducedDate": "2002-02-13",
            "latestAction": {
                "actionDate": "2002-10-30",
                "text": "Became Public Law No: 107-265."
            },
            "number": "3739",
            "policyArea": {
                "name": "Commemorations"
            },
            "title": "To designate the facility of the United States Postal Service located at 6150 North Broad Street in Philadelphia, Pennsylvania, as the \"Rev. Leon Sullivan Post Office Building\".",
            "type": "HR",
            "url": "https://api.congress.gov/v3/bill/107/hr/3739?format=json"
        },
        {
            "congress": 107,
            "introducedDate": "2002-02-13",
            "latestAction": {
                "actionDate": "2002-10-30",
                "text": "Became Public Law No: 107-264."
            },
            "number": "3738",
            "policyArea": {
                "name": "Commemorations"
            },
            "title": "To designate the facility of the United States Postal Service located at 1299 North 7th Street in Philadelphia, Pennsylvania, as the \"Herbert Arlene Post Office Building\".",
            "type": "HR",
            "url": "https://api.congress.gov/v3/bill/107/hr/3738?format=json"
        },
        {
            "congress": 107,
            "introducedDate": "2001-07-27",
            "latestAction": {
                "actionDate": "2002-10-09",
                "text": "Placed on Senate Legislative Calendar under General Orders. Calendar No. 695."
            },
            "number": "2666",
            "policyArea": {
                "name": "Commerce"
            },
            "title": "Vocational and Technical Entrepreneurship Development Act of 2001",
            "type": "HR",
            "url": "https://api.congress.gov/v3/bill/107/hr/2666?format=json"
        },
        {
            "congress": 107,
            "introducedDate": "2001-07-11",
            "latestAction": {
                "actionDate": "2001-07-11",
                "text": "Referred to the House Committee on Ways and Means."
            },
            "number": "2462",
            "policyArea": {
                "name": "Taxation"
            },
            "title": "Public Pension Parity Act of 2001",
            "type": "HR",
            "url": "https://api.congress.gov/v3/bill/107/hr/2462?format=json"
        },
        {
            "congress": 106,
            "introducedDate": "2000-09-21",
            "latestAction": {
                "actionDate": "2000-09-21",
                "text": "Referred to the House Committee on Small Business."
            },
            "number": "5249",
            "policyArea": {
                "name": "Commerce"
            },
            "title": "Vocational and Technical Entrepreneurship Development Act of 2000",
            "type": "HR",
            "url": "https://api.congress.gov/v3/bill/106/hr/5249?format=json"
        },
        {
            "congress": 106,
            "introducedDate": "2000-03-08",
            "latestAction": {
                "actionDate": "2000-03-08",
                "text": "Referred to the House Committee on Transportation and Infrastructure."
            },
            "number": "3848",
            "policyArea": {
                "name": "Transportation and Public Works"
            },
            "title": "Driver Distraction Prevention Act of 2000",
            "type": "HR",
            "url": "https://api.congress.gov/v3/bill/106/hr/3848?format=json"
        },
        {
            "congress": 106,
            "introducedDate": "2000-02-15",
            "latestAction": {
                "actionDate": "2000-02-22",
                "text": "Referred to the Subcommittee on Health and Environment."
            },
            "number": "3659",
            "policyArea": {
                "name": "Health"
            },
            "title": "Emergency Response Employees Disease Protection Act of 2000",
            "type": "HR",
            "url": "https://api.congress.gov/v3/bill/106/hr/3659?format=json"
        },
        {
            "congress": 106,
            "introducedDate": "2000-02-15",
            "latestAction": {
                "actionDate": "2000-02-22",
                "text": "Referred to the Subcommittee on Finance and Hazardous Materials."
            },
            "number": "3658",
            "policyArea": {
                "name": "Environmental Protection"
            },
            "title": "Logan Reclamation and Stabilization Act",
            "type": "HR",
            "url": "https://api.congress.gov/v3/bill/106/hr/3658?format=json"
        }
    ]
}