{
    "pagination": {
        "count": 44
    },
    "request": {
        "bioguideId": "c001039",
        "contentType": "application/json",
        "format": "json"
    },
    "sponsoredLegislation": [
        {
            "congress": 118,
            "introducedDate": "2024-07-25",
            "latestAction": {
                "actionDate": "2024-07-25",
                "text": "Referred to the House Committee on Ways and Means."
            },
            "number": "9141",
            "policyArea": {
                "name": null
            },
            "title": "To amend the Internal Revenue Code of 1986 to expand eligibility for health savings accounts, and for other purposes.",
            "type": "HR",
            "url": "https://api.congress.gov/v3/bill/118/hr/9141?format=json"
        },
        {
            "amendmentNumber": "1146",
            "congress": 118,
            "introducedDate": "2024-07-23",
            "latestAction": {
                "actionDate": "2024-07-23",
                "actionTime": "22:13:15",
                "text": "On agreeing to the Cammack amendment (A024) Agreed to by voice vote."
            },
            "type": null,
            "url": "https://api.congress.gov/v3/amendment/118/hamdt/1146?format=json"
        },
        {
            "amendmentNumber": "1002",
            "congress": 118,
            "introducedDate": "2024-06-26",
            "latestAction": {
                "actionDate": "2024-06-26",
                "actionTime": "12:28:08",
                "text": "On agreeing to the Cammack amendment (A005) Agreed to by voice vote."
            },
            "type": null,
            "url": "https://api.congress.gov/v3/amendment/118/hamdt/1002?format=json"
        },
        {
            "congress": 118,
            "introducedDate": "2024-05-17",
            "latestAction": {
                "actionDate": "2024-06-12",
                "text": "Ordered to be Reported in the Nature of a Substitute by Voice Vote."
            },
            "number": "8450",
            "policyArea": {
                "name": "Energy"
            },
            "title": "Phosphate and Potash Protection Act of 2024",
            "type": "HR",
            "url": "https://api.congress.gov/v3/bill/118/hr/8450?format=json"
        },
        {
            "congress": 118,
            "introducedDate": "2024-05-06",
            "latestAction": {
                "actionDate": "2024-05-10",
                "text": "Referred to the Subcommittee on Health."
            },
            "number": "1195",
            "policyArea": {
                "name": "Health"
            },
            "title": "Expressing support for the goals and ideals of National Speech-Language-Hearing Month.",
            "type": "HRES",
            "url": "https://api.congress.gov/v3/bill/118/hres/1195?format=json"
        },
        {
            "congress": 118,
            "introducedDate": "2024-04-26",
            "latestAction": {
                "actionDate": "2024-04-26",
                "text": "Referred to the House Committee on Rules."
            },
            "number": "1170",
            "policyArea": {
                "name": null
            },
            "title": "Prohibiting Members of the House of Representatives from bringing or displaying a flag of a foreign nation on the floor of the House, and for other purposes.",
            "type": "HRES",
            "url": "https://api.congress.gov/v3/bill/118/hres/1170?format=json"
        },
        {
            "congress": 118,
            "introducedDate": "2024-04-23",
            "latestAction": {
                "actionDate": "2024-04-26",
                "text": "Referred to the Subcommittee on Health."
            },
            "number": "8114",
            "policyArea": {
                "name": "Health"
            },
            "title": "To prohibit the Secretary of Health and Human Services from finalizing a rule proposed by the Centers for Medicare & Medicaid Services to place certain limitations on Medicaid payments for home or community-based services.",
            "type": "HR",
            "url": "https://api.congress.gov/v3/bill/118/hr/8114?format=json"
        },
        {
            "amendmentNumber": "893",
            "congress": 118,
            "introducedDate": "2024-04-20",
            "latestAction": {
                "actionDate": "2024-04-20",
                "actionTime": "13:36:48",
                "text": "On agreeing to the Cammack amendment (A003) Failed by recorded vote: 154 - 272 (Roll no. 149)."
            },
            "type": null,
            "url": "https://api.congress.gov/v3/amendment/118/hamdt/893?format=json"
        },
        {
            "congress": 118,
            "introducedDate": "2024-04-16",
            "latestAction": {
                "actionDate": "2024-04-19",
                "text": "Referred to the Subcommittee on Health."
            },
            "number": "8018",
            "policyArea": {
                "name": "Health"
            },
            "title": "ABC Act",
            "type": "HR",
            "url": "https://api.congress.gov/v3/bill/118/hr/8018?format=json"
        },
        {
            "congress": 118,
            "introducedDate": "2024-03-22",
            "latestAction": {
                "actionDate": "2024-03-22",
                "text": "Referred to the House Committee on Agriculture."
            },
            "number": "1105",
            "policyArea": {
                "name": "Agriculture and Food"
            },
            "title": "Designating March 21, 2024, as \"National Women in Agriculture Day\".",
            "type": "HRES",
            "url": "https://api.congress.gov/v3/bill/118/hres/1105?format=json"
        },
        {
            "congress": 118,
            "introducedDate": "2024-03-06",
            "latestAction": {
                "actionDate": "2024-03-08",
                "text": "Referred to the Subcommittee on Health."
            },
            "number": "1060",
            "policyArea": {
                "name": "Health"
            },
            "title": "Expressing support for starting and growing families through in vitro fertilization.",
            "type": "HRES",
            "url": "https://api.congress.gov/v3/bill/118/hres/1060?format=json"
        },
        {
            "congress": 118,
            "introducedDate": "2024-01-29",
            "latestAction": {
                "actionDate": "2024-01-29",
                "text": "Referred to the House Committee on the Judiciary."
            },
            "number": "7107",
            "policyArea": {
                "name": "Crime and Law Enforcement"
            },
            "title": "Human Trafficking Awareness Training Act",
            "type": "HR",
            "url": "https://api.congress.gov/v3/bill/118/hr/7107?format=json"
        },
        {
            "congress": 118,
            "introducedDate": "2023-09-05",
            "latestAction": {
                "actionDate": "2023-09-21",
                "text": "Referred to the Subcommittee on General Farm Commodities, Risk Management, and Credit."
            },
            "number": "5343",
            "policyArea": {
                "name": "Emergency Management"
            },
            "title": "Federal Disaster Responsibility Act",
            "type": "HR",
            "url": "https://api.congress.gov/v3/bill/118/hr/5343?format=json"
        },
        {
            "congress": 118,
            "introducedDate": "2023-07-10",
            "latestAction": {
                "actionDate": "2023-07-10",
                "text": "Referred to the House Committee on Energy and Commerce."
            },
            "number": "4511",
            "policyArea": {
                "name": "Science, Technology, Communications"
            },
            "title": "Public Safety Communications Act",
            "type": "HR",
            "url": "https://api.congress.gov/v3/bill/118/hr/4511?format=json"
        },
        {
            "congress": 118,
            "introducedDate": "2023-06-13",
            "latestAction": {
                "actionDate": "2023-06-13",
                "text": "Referred to the House Committee on Natural Resources."
            },
            "number": "4059",
            "policyArea": {
                "name": "Energy"
            },
            "title": "To include phosphate and potash on the final list of critical minerals of the Department of the Interior.",
            "type": "HR",
            "url": "https://api.congress.gov/v3/bill/118/hr/4059?format=json"
        },
        {
            "congress": 118,
            "introducedDate": "2023-06-12",
            "latestAction": {
                "actionDate": "2023-07-28",
                "text": "Referred to the Subcommittee on Livestock, Dairy, and Poultry."
            },
            "number": "4013",
            "policyArea": {
                "name": "Public Lands and Natural Resources"
            },
            "title": "AQUAA Act",
            "type": "HR",
            "url": "https://api.congress.gov/v3/bill/118/hr/4013?format=json"
        },
        {
            "congress": 118,
            "introducedDate": "2023-01-11",
            "latestAction": {
                "actionDate": "2023-06-21",
                "text": "Read the second time. Placed on Senate Legislative Calendar under General Orders. Calendar No. 103."
            },
            "number": "277",
            "policyArea": {
                "name": "Government Operations and Politics"
            },
            "title": "Regulations from the Executive in Need of Scrutiny Act of 2023",
            "type": "HR",
            "url": "https://api.congress.gov/v3/bill/118/hr/277?format=json"
        },
        {
            "congress": 118,
            "introducedDate": "2023-05-15",
            "latestAction": {
                "actionDate": "2024-07-09",
                "text": "Subcommittee Hearings Held"
            },
            "number": "3299",
            "policyArea": {
                "name": "Science, Technology, Communications"
            },
            "title": "DIGITAL Applications Act",
            "type": "HR",
            "url": "https://api.congress.gov/v3/bill/118/hr/3299?format=json"
        },
        {
            "congress": 118,
            "introducedDate": "2023-05-11",
            "latestAction": {
                "actionDate": "2023-06-01",
                "text": "Referred to the Subcommittee on Commodity Markets, Digital Assets, and Rural Development."
            },
            "number": "3216",
            "policyArea": {
                "name": "Science, Technology, Communications"
            },
            "title": "Rural Internet Improvement Act of 2023",
            "type": "HR",
            "url": "https://api.congress.gov/v3/bill/118/hr/3216?format=json"
        },
        {
            "congress": 118,
            "introducedDate": "2023-04-19",
            "latestAction": {
                "actionDate": "2024-05-14",
                "text": "Placed on the Union Calendar, Calendar No. 422."
            },
            "number": "2706",
            "policyArea": {
                "name": "Health"
            },
            "title": "Charlotte Woodward Organ Transplant Discrimination Prevention Act",
            "type": "HR",
            "url": "https://api.congress.gov/v3/bill/118/hr/2706?format=json"
        },
        {
            "congress": 118,
            "introducedDate": "2023-02-21",
            "latestAction": {
                "actionDate": "2023-02-21",
                "text": "Referred to the House Committee on Oversight and Accountability."
            },
            "number": "1116",
            "policyArea": {
                "name": "Crime and Law Enforcement"
            },
            "title": "Stop Taxpayer Funding of Traffickers Act",
            "type": "HR",
            "url": "https://api.congress.gov/v3/bill/118/hr/1116?format=json"
        },
        {
            "congress": 118,
            "introducedDate": "2023-02-02",
            "latestAction": {
                "actionDate": "2024-05-31",
                "text": "Placed on the Union Calendar, Calendar No. 441."
            },
            "number": "750",
            "policyArea": {
                "name": "Commerce"
            },
            "title": "CAUTION Act of 2023",
            "type": "HR",
            "url": "https://api.congress.gov/v3/bill/118/hr/750?format=json"
        },
        {
            "congress": 118,
            "introducedDate": "2023-02-01",
            "latestAction": {
                "actionDate": "2023-02-13",
                "text": "Referred to the Subcommittee on General Farm Commodities, Risk Management, and Credit."
            },
            "number": "12",
            "policyArea": {
                "name": "Foreign Trade and International Finance"
            },
            "title": "Expressing the sense of Congress that all direct and indirect subsidies that benefit the production or export of sugar by all major sugar-producing and -consuming countries should be eliminated.",
            "type": "HCONRES",
            "url": "https://api.congress.gov/v3/bill/118/hconres/12?format=json"
        },
        {
            "amendmentNumber": "763",
            "congress": 118,
            "introducedDate": "2023-11-14",
            "latestAction": {
                "actionDate": "2023-11-14",
                "actionTime": "19:21:12",
                "text": "On agreeing to the Cammack amendment (A039) Agreed to by voice vote. "
            },
            "type": null,
            "url": "https://api.congress.gov/v3/amendment/118/hamdt/763?format=json"
        },
        {
            "amendmentNumber": "676",
            "congress": 118,
            "introducedDate": "2023-11-08",
            "latestAction": {
                "actionDate": "2023-11-08",
                "actionTime": "13:21:18",
                "text": "On agreeing to the Cammack amendment (A021) Agreed to by voice vote. "
            },
            "type": null,
            "url": "https://api.congress.gov/v3/amendment/118/hamdt/676?format=json"
        },
        {
            "amendmentNumber": "632",
            "congress": 118,
            "introducedDate": "2023-11-07",
            "latestAction": {
                "actionDate": "2023-11-07",
                "actionTime": "17:22:56",
                "text": "On agreeing to the Cammack amendment (A021) Agreed to by voice vote. "
            },
            "type": null,
            "url": "https://api.congress.gov/v3/amendment/118/hamdt/632?format=json"
        },
        {
            "amendmentNumber": "563",
            "congress": 118,
            "introducedDate": "2023-11-02",
            "latestAction": {
                "actionDate": "2023-11-02",
                "actionTime": "18:26:33",
                "text": "On agreeing to the Cammack amendment (A033) Agreed to by voice vote. "
            },
            "type": null,
            "url": "https://api.congress.gov/v3/amendment/118/hamdt/563?format=json"
        },
        {
            "amendmentNumber": "504",
            "congress": 118,
            "introducedDate": "2023-10-25",
            "latestAction": {
                "actionDate": "2023-10-25",
                "actionTime": "20:38:09",
                "text": "On agreeing to the Cammack amendment (A018) Agreed to by voice vote. "
            },
            "type": null,
            "url": "https://api.congress.gov/v3/amendment/118/hamdt/504?format=json"
        },
        {
            "amendmentNumber": "336",
            "congress": 118,
            "introducedDate": "2023-09-27",
            "latestAction": {
                "actionDate": "2023-09-27",
                "actionTime": "02:02:58",
                "text": "On agreeing to the Cammack amendment (A033) Agreed to by voice vote. "
            },
            "type": null,
            "url": "https://api.congress.gov/v3/amendment/118/hamdt/336?format=json"
        },
        {
            "amendmentNumber": "327",
            "congress": 118,
            "introducedDate": "2023-09-27",
            "latestAction": {
                "actionDate": "2023-09-27",
                "actionTime": "01:05:57",
                "text": "On agreeing to the Cammack amendment (A024) Agreed to by voice vote. "
            },
            "type": null,
            "url": "https://api.congress.gov/v3/amendment/118/hamdt/327?format=json"
        },
        {
            "congress": 117,
            "introducedDate": "2022-09-22",
            "latestAction": {
                "actionDate": "2022-11-01",
                "text": "Referred to the Subcommittee on Immigration and Citizenship."
            },
            "number": "8952",
            "policyArea": {
                "name": "Immigration"
            },
            "title": "JASON Act",
            "type": "HR",
            "url": "https://api.congress.gov/v3/bill/117/hr/8952?format=json"
        },
        {
            "amendmentNumber": "199",
            "congress": 117,
            "introducedDate": "2022-05-12",
            "latestAction": {
                "actionDate": "2022-05-12",
                "actionTime": "14:42:27",
                "text": "On agreeing to the Cammack amendment (A003) Failed by the Yeas and Nays: 204 - 216 (Roll no. 169). "
            },
            "type": null,
            "url": "https://api.congress.gov/v3/amendment/117/hamdt/199?format=json"
        },
        {
            "congress": 117,
            "introducedDate": "2022-03-17",
            "latestAction": {
                "actionDate": "2022-03-18",
                "text": "Referred to the Subcommittee on Energy."
            },
            "number": "7115",
            "policyArea": {
                "name": "Energy"
            },
            "title": "Small Scale LNG Access Act of 2022",
            "type": "HR",
            "url": "https://api.congress.gov/v3/bill/117/hr/7115?format=json"
        },
        {
            "congress": 117,
            "introducedDate": "2022-01-25",
            "latestAction": {
                "actionDate": "2022-11-01",
                "text": "Referred to the Subcommittee on Crime, Terrorism, and Homeland Security."
            },
            "number": "6480",
            "policyArea": {
                "name": "Crime and Law Enforcement"
            },
            "title": "Human Trafficking Awareness Training Act",
            "type": "HR",
            "url": "https://api.congress.gov/v3/bill/117/hr/6480?format=json"
        },
        {
            "congress": 117,
            "introducedDate": "2022-01-18",
            "latestAction": {
                "actionDate": "2022-01-18",
                "text": "Referred to the House Committee on Education and Labor."
            },
            "number": "6413",
            "policyArea": {
                "name": "Education"
            },
            "title": "Keep Kids in Schools Act",
            "type": "HR",
            "url": "https://api.congress.gov/v3/bill/117/hr/6413?format=json"
        },
        {
            "congress": 117,
            "introducedDate": "2021-12-09",
            "latestAction": {
                "actionDate": "2021-12-10",
                "text": "Referred to the Subcommittee on Border Security, Facilitation, and Operations."
            },
            "number": "6212",
            "policyArea": {
                "name": "Immigration"
            },
            "title": "Taiwan Preclearance Act",
            "type": "HR",
            "url": "https://api.congress.gov/v3/bill/117/hr/6212?format=json"
        },
        {
            "congress": 117,
            "introducedDate": "2021-10-22",
            "latestAction": {
                "actionDate": "2022-01-21",
                "text": "Placed on the Union Calendar, Calendar No. 167."
            },
            "number": "5683",
            "policyArea": {
                "name": "Government Operations and Politics"
            },
            "title": "Department of Homeland Security Border Support Services Contracts Review Act",
            "type": "HR",
            "url": "https://api.congress.gov/v3/bill/117/hr/5683?format=json"
        },
        {
            "congress": 117,
            "introducedDate": "2021-07-29",
            "latestAction": {
                "actionDate": "2021-08-13",
                "text": "Referred to the Subcommittee on General Farm Commodities and Risk Management."
            },
            "number": "43",
            "policyArea": {
                "name": "Foreign Trade and International Finance"
            },
            "title": "Expressing the sense of Congress that all direct and indirect subsidies that benefit the production or export of sugar by all major sugar-producing and -consuming countries should be eliminated.",
            "type": "HCONRES",
            "url": "https://api.congress.gov/v3/bill/117/hconres/43?format=json"
        },
        {
            "amendmentNumber": "71",
            "congress": 117,
            "introducedDate": "2021-06-30",
            "latestAction": {
                "actionDate": "2021-06-30",
                "actionTime": "20:35:00",
                "text": "By unanimous consent, the Cammack amendment was withdrawn. (consideration: CR H3561)"
            },
            "type": null,
            "url": "https://api.congress.gov/v3/amendment/117/hamdt/71?format=json"
        },
        {
            "congress": 117,
            "introducedDate": "2021-05-20",
            "latestAction": {
                "actionDate": "2021-05-21",
                "text": "Referred to the Subcommittee on Communications and Technology."
            },
            "number": "3377",
            "policyArea": {
                "name": "Taxation"
            },
            "title": "Gigabit Opportunity Act",
            "type": "HR",
            "url": "https://api.congress.gov/v3/bill/117/hr/3377?format=json"
        },
        {
            "congress": 117,
            "introducedDate": "2021-05-07",
            "latestAction": {
                "actionDate": "2021-11-09",
                "text": "Referred to the Subcommittee on Immigration and Citizenship."
            },
            "number": "3018",
            "policyArea": {
                "name": "International Affairs"
            },
            "title": "Chinese Communist Party (CCP) Politburo Accountability Act",
            "type": "HR",
            "url": "https://api.congress.gov/v3/bill/117/hr/3018?format=json"
        },
        {
            "congress": 117,
            "introducedDate": "2021-03-26",
            "latestAction": {
                "actionDate": "2021-04-14",
                "text": "Motion to Discharge Committee filed by Mrs. Cammack. Petition No: 117-1. (<a href=\"https://clerk.house.gov/DischargePetition/20210414?CongressNum=117\">Discharge petition</a> text with signatures.)"
            },
            "number": "274",
            "policyArea": {
                "name": "Congress"
            },
            "title": "Providing for consideration of the bill (H.R. 619) to amend title 18, United States Code, to prohibit a health care practitioner from failing to exercise the proper degree of care in the case of a child who survives an abortion or attempted abortion.",
            "type": "HRES",
            "url": "https://api.congress.gov/v3/bill/117/hres/274?format=json"
        },
        {
            "congress": 117,
            "introducedDate": "2021-03-17",
            "latestAction": {
                "actionDate": "2021-06-16",
                "text": "Referred to the Subcommittee on Health."
            },
            "number": "1960",
            "policyArea": {
                "name": "Armed Forces and National Security"
            },
            "title": "To name the Department of Veterans Affairs community-based outpatient clinic, located at 400 College Drive, Middleburg, Florida, the \"A.K. Baker VA Clinic\".",
            "type": "HR",
            "url": "https://api.congress.gov/v3/bill/117/hr/1960?format=json"
        },
        {
            "congress": 117,
            "introducedDate": "2021-03-10",
            "latestAction": {
                "actionDate": "2021-05-18",
                "text": "Referred to the Subcommittee on Antitrust, Commercial, and Administrative Law."
            },
            "number": "1776",
            "policyArea": {
                "name": "Government Operations and Politics"
            },
            "title": "Regulations from the Executive in Need of Scrutiny Act of 2021",
            "type": "HR",
            "url": "https://api.congress.gov/v3/bill/117/hr/1776?format=json"
        }
    ]
}