{
    "pagination": {
        "count": 40
    },
    "request": {
        "bioguideId": "r000618",
        "contentType": "application/json",
        "format": "json"
    },
    "sponsoredLegislation": [
        {
            "amendmentNumber": "3178",
            "congress": 118,
            "introducedDate": "2024-07-25",
            "latestAction": null,
            "type": null,
            "url": "https://api.congress.gov/v3/amendment/118/samdt/3178?format=json"
        },
        {
            "amendmentNumber": "2956",
            "congress": 118,
            "introducedDate": "2024-07-23",
            "latestAction": null,
            "type": null,
            "url": "https://api.congress.gov/v3/amendment/118/samdt/2956?format=json"
        },
        {
            "amendmentNumber": "2957",
            "congress": 118,
            "introducedDate": "2024-07-23",
            "latestAction": null,
            "type": null,
            "url": "https://api.congress.gov/v3/amendment/118/samdt/2957?format=json"
        },
        {
            "amendmentNumber": "2822",
            "congress": 118,
            "introducedDate": "2024-07-11",
            "latestAction": null,
            "type": null,
            "url": "https://api.congress.gov/v3/amendment/118/samdt/2822?format=json"
        },
        {
            "amendmentNumber": "2826",
            "congress": 118,
            "introducedDate": "2024-07-11",
            "latestAction": null,
            "type": null,
            "url": "https://api.congress.gov/v3/amendment/118/samdt/2826?format=json"
        },
        {
            "amendmentNumber": "2823",
            "congress": 118,
            "introducedDate": "2024-07-11",
            "latestAction": null,
            "type": null,
            "url": "https://api.congress.gov/v3/amendment/118/samdt/2823?format=json"
        },
        {
            "amendmentNumber": "2825",
            "congress": 118,
            "introducedDate": "2024-07-11",
            "latestAction": null,
            "type": null,
            "url": "https://api.congress.gov/v3/amendment/118/samdt/2825?format=json"
        },
        {
            "congress": 118,
            "introducedDate": "2023-07-18",
            "latestAction": {
                "actionDate": "2023-07-18",
                "text": "Read twice and referred to the Committee on Health, Education, Labor, and Pensions."
            },
            "number": "2365",
            "policyArea": {
                "name": "Agriculture and Food"
            },
            "title": "SNAP Next Step Act of 2023",
            "type": "S",
            "url": "https://api.congress.gov/v3/bill/118/s/2365?format=json"
        },
        {
            "congress": 118,
            "introducedDate": "2023-11-07",
            "latestAction": {
                "actionDate": "2023-11-07",
                "text": "Read twice and referred to the Committee on Finance."
            },
            "number": "3243",
            "policyArea": {
                "name": "Taxation"
            },
            "title": "Tax Cuts for Veterans Act of 2023",
            "type": "S",
            "url": "https://api.congress.gov/v3/bill/118/s/3243?format=json"
        },
        {
            "congress": 118,
            "introducedDate": "2024-05-23",
            "latestAction": {
                "actionDate": "2024-05-23",
                "text": "Read twice and referred to the Committee on Foreign Relations."
            },
            "number": "4433",
            "policyArea": {
                "name": null
            },
            "title": "BOLSTER Act",
            "type": "S",
            "url": "https://api.congress.gov/v3/bill/118/s/4433?format=json"
        },
        {
            "congress": 118,
            "introducedDate": "2023-11-08",
            "latestAction": {
                "actionDate": "2023-11-08",
                "text": "Read twice and referred to the Committee on Health, Education, Labor, and Pensions."
            },
            "number": "3260",
            "policyArea": {
                "name": "Health"
            },
            "title": "Improving Measurements for Loneliness and Isolation Act of 2023",
            "type": "S",
            "url": "https://api.congress.gov/v3/bill/118/s/3260?format=json"
        },
        {
            "congress": 118,
            "introducedDate": "2024-05-16",
            "latestAction": {
                "actionDate": "2024-05-16",
                "text": "Referred to the Committee on Energy and Natural Resources."
            },
            "number": "694",
            "policyArea": {
                "name": "Energy"
            },
            "title": "A resolution expressing support for the designation of May 2024 as \"Renewable Fuels Month\" to recognize the important role that renewable fuels play in reducing carbon impacts, lowering fuel prices for consumers, supporting rural communities, and lessening reliance on foreign adversaries.",
            "type": "SRES",
            "url": "https://api.congress.gov/v3/bill/118/sres/694?format=json"
        },
        {
            "congress": 118,
            "introducedDate": "2024-05-15",
            "latestAction": {
                "actionDate": "2024-05-15",
                "text": "Read twice and referred to the Committee on Environment and Public Works."
            },
            "number": "84",
            "policyArea": {
                "name": "Environmental Protection"
            },
            "title": "A joint resolution providing for congressional disapproval under chapter 8 of title 5, United States Code, of the rule submitted by the United States Fish and Wildlife Service relating to \"Endangered and Threatened Wildlife and Plants; Listing Endangered and Threatened Species and Designating Critical Habitat\".",
            "type": "SJRES",
            "url": "https://api.congress.gov/v3/bill/118/sjres/84?format=json"
        },
        {
            "congress": 118,
            "introducedDate": "2024-05-15",
            "latestAction": {
                "actionDate": "2024-05-15",
                "text": "Read twice and referred to the Committee on Commerce, Science, and Transportation."
            },
            "number": "85",
            "policyArea": {
                "name": "Environmental Protection"
            },
            "title": "A joint resolution providing for congressional disapproval under chapter 8 of title 5, United States Code, of the rule submitted by the National Marine Fisheries Service relating to \"Endangered and Threatened Wildlife and Plants; Listing Endangered and Threatened Species and Designating Critical Habitat\".",
            "type": "SJRES",
            "url": "https://api.congress.gov/v3/bill/118/sjres/85?format=json"
        },
        {
            "congress": 118,
            "introducedDate": "2024-05-01",
            "latestAction": {
                "actionDate": "2024-05-01",
                "text": "Read twice and referred to the Committee on Environment and Public Works."
            },
            "number": "75",
            "policyArea": {
                "name": "Environmental Protection"
            },
            "title": "A joint resolution providing for congressional disapproval under chapter 8 of title 5, United States Code, of the rule submitted by the Environmental Protection Agency relating to \"Multi-Pollutant Emissions Standards for Model Years 2027 and Later Light-Duty and Medium-Duty Vehicles\".",
            "type": "SJRES",
            "url": "https://api.congress.gov/v3/bill/118/sjres/75?format=json"
        },
        {
            "congress": 118,
            "introducedDate": "2023-05-15",
            "latestAction": {
                "actionDate": "2023-05-15",
                "text": "Referred to the Committee on Energy and Natural Resources. (text: CR S1653)"
            },
            "number": "213",
            "policyArea": {
                "name": "Energy"
            },
            "title": "A resolution expressing support for the designation of May 2023 as \"Renewable Fuels Month\" to recognize the important role that renewable fuels play in reducing carbon impacts, lowering fuel prices for consumers, supporting rural communities, and lessening reliance on foreign adversaries.",
            "type": "SRES",
            "url": "https://api.congress.gov/v3/bill/118/sres/213?format=json"
        },
        {
            "amendmentNumber": "1732",
            "congress": 118,
            "introducedDate": "2024-03-21",
            "latestAction": null,
            "type": null,
            "url": "https://api.congress.gov/v3/amendment/118/samdt/1732?format=json"
        },
        {
            "amendmentNumber": "921",
            "congress": 118,
            "introducedDate": "2023-07-18",
            "latestAction": null,
            "type": null,
            "url": "https://api.congress.gov/v3/amendment/118/samdt/921?format=json"
        },
        {
            "amendmentNumber": "920",
            "congress": 118,
            "introducedDate": "2023-07-18",
            "latestAction": null,
            "type": null,
            "url": "https://api.congress.gov/v3/amendment/118/samdt/920?format=json"
        },
        {
            "amendmentNumber": "919",
            "congress": 118,
            "introducedDate": "2023-07-18",
            "latestAction": null,
            "type": null,
            "url": "https://api.congress.gov/v3/amendment/118/samdt/919?format=json"
        },
        {
            "amendmentNumber": "922",
            "congress": 118,
            "introducedDate": "2023-07-18",
            "latestAction": null,
            "type": null,
            "url": "https://api.congress.gov/v3/amendment/118/samdt/922?format=json"
        },
        {
            "amendmentNumber": "923",
            "congress": 118,
            "introducedDate": "2023-07-18",
            "latestAction": null,
            "type": null,
            "url": "https://api.congress.gov/v3/amendment/118/samdt/923?format=json"
        },
        {
            "amendmentNumber": "924",
            "congress": 118,
            "introducedDate": "2023-07-18",
            "latestAction": null,
            "type": null,
            "url": "https://api.congress.gov/v3/amendment/118/samdt/924?format=json"
        },
        {
            "amendmentNumber": "30",
            "congress": 118,
            "introducedDate": "2023-03-21",
            "latestAction": {
                "actionDate": "2023-03-28",
                "text": "Amendment SA 30 under the order of 3/23/2023, not having achieved 60 votes in the affirmative, was not agreed to in Senate by Yea-Nay Vote. 31 - 65. Record Vote Number: 72."
            },
            "type": null,
            "url": "https://api.congress.gov/v3/amendment/118/samdt/30?format=json"
        },
        {
            "congress": 118,
            "introducedDate": "2023-12-12",
            "latestAction": {
                "actionDate": "2023-12-12",
                "text": "Referred to the Committee on Foreign Relations."
            },
            "number": "495",
            "policyArea": {
                "name": "International Affairs"
            },
            "title": "A resolution honoring the 30th anniversary of the partnership between the State of Nebraska and the Czech Republic under the State Partnership Program.",
            "type": "SRES",
            "url": "https://api.congress.gov/v3/bill/118/sres/495?format=json"
        },
        {
            "congress": 118,
            "introducedDate": "2023-09-12",
            "latestAction": {
                "actionDate": "2023-09-12",
                "text": "Read twice and referred to the Committee on Commerce, Science, and Transportation."
            },
            "number": "2765",
            "policyArea": {
                "name": "Commerce"
            },
            "title": "Advisory for AI-Generated Content Act",
            "type": "S",
            "url": "https://api.congress.gov/v3/bill/118/s/2765?format=json"
        },
        {
            "congress": 118,
            "introducedDate": "2023-09-21",
            "latestAction": {
                "actionDate": "2023-09-21",
                "text": "Read twice and referred to the Committee on Foreign Relations."
            },
            "number": "2894",
            "policyArea": {
                "name": "International Affairs"
            },
            "title": "Science and Technology Agreement Enhanced Congressional Notification Act of 2023",
            "type": "S",
            "url": "https://api.congress.gov/v3/bill/118/s/2894?format=json"
        },
        {
            "congress": 118,
            "introducedDate": "2023-09-14",
            "latestAction": {
                "actionDate": "2023-09-14",
                "text": "Read twice and referred to the Committee on Finance."
            },
            "number": "2800",
            "policyArea": {
                "name": "Taxation"
            },
            "title": "Social Security Check Tax Cut Act",
            "type": "S",
            "url": "https://api.congress.gov/v3/bill/118/s/2800?format=json"
        },
        {
            "amendmentNumber": "1132",
            "congress": 118,
            "introducedDate": "2023-09-13",
            "latestAction": null,
            "type": null,
            "url": "https://api.congress.gov/v3/amendment/118/samdt/1132?format=json"
        },
        {
            "congress": 118,
            "introducedDate": "2024-02-29",
            "latestAction": {
                "actionDate": "2024-02-29",
                "text": "Read twice and referred to the Committee on Homeland Security and Governmental Affairs."
            },
            "number": "3839",
            "policyArea": {
                "name": "Government Operations and Politics"
            },
            "title": "A bill to designate the facility of the United States Postal Service located at 203 East 6th Street in Lexington, Nebraska, as the \"Bill Barrett Post Office Building\".",
            "type": "S",
            "url": "https://api.congress.gov/v3/bill/118/s/3839?format=json"
        },
        {
            "congress": 118,
            "introducedDate": "2024-01-11",
            "latestAction": {
                "actionDate": "2024-03-01",
                "actionTime": "10:09:49",
                "text": "Held at the desk."
            },
            "number": "3577",
            "policyArea": {
                "name": "Government Operations and Politics"
            },
            "title": "A bill to designate the Federal building located at 300 E. 3rd Street in North Platte, Nebraska, as the \"Virginia Smith Federal Building\", and for other purposes.",
            "type": "S",
            "url": "https://api.congress.gov/v3/bill/118/s/3577?format=json"
        },
        {
            "congress": 118,
            "introducedDate": "2024-02-27",
            "latestAction": {
                "actionDate": "2024-02-27",
                "text": "Read twice and referred to the Committee on Environment and Public Works."
            },
            "number": "3818",
            "policyArea": {
                "name": "Energy"
            },
            "title": "Renewable Fuel for Ocean-Going Vessels Act",
            "type": "S",
            "url": "https://api.congress.gov/v3/bill/118/s/3818?format=json"
        },
        {
            "congress": 118,
            "introducedDate": "2024-02-01",
            "latestAction": {
                "actionDate": "2024-02-01",
                "text": "Read twice and referred to the Committee on Environment and Public Works."
            },
            "number": "3721",
            "policyArea": {
                "name": "Environmental Protection"
            },
            "title": "Strengthen Wood Products Supply Chain Act of 2024",
            "type": "S",
            "url": "https://api.congress.gov/v3/bill/118/s/3721?format=json"
        },
        {
            "amendmentNumber": "1454",
            "congress": 118,
            "introducedDate": "2024-02-09",
            "latestAction": null,
            "type": null,
            "url": "https://api.congress.gov/v3/amendment/118/samdt/1454?format=json"
        },
        {
            "congress": 118,
            "introducedDate": "2023-10-26",
            "latestAction": {
                "actionDate": "2023-10-26",
                "text": "Read twice and referred to the Committee on Agriculture, Nutrition, and Forestry."
            },
            "number": "3147",
            "policyArea": {
                "name": "Agriculture and Food"
            },
            "title": "Flood Protection and Infrastructure Resilience Act of 2023",
            "type": "S",
            "url": "https://api.congress.gov/v3/bill/118/s/3147?format=json"
        },
        {
            "congress": 118,
            "introducedDate": "2024-02-01",
            "latestAction": {
                "actionDate": "2024-02-01",
                "text": "Referred to the Committee on Health, Education, Labor, and Pensions. (text: CR S349-350)"
            },
            "number": "27",
            "policyArea": {
                "name": null
            },
            "title": "Randy's Resolution",
            "type": "SCONRES",
            "url": "https://api.congress.gov/v3/bill/118/sconres/27?format=json"
        },
        {
            "congress": 118,
            "introducedDate": "2023-10-31",
            "latestAction": {
                "actionDate": "2023-10-31",
                "text": "Read twice and referred to the Committee on Foreign Relations."
            },
            "number": "3174",
            "policyArea": {
                "name": "International Affairs"
            },
            "title": "Stop Support for Hamas Act of 2023",
            "type": "S",
            "url": "https://api.congress.gov/v3/bill/118/s/3174?format=json"
        },
        {
            "congress": 118,
            "introducedDate": "2023-10-24",
            "latestAction": {
                "actionDate": "2023-10-24",
                "text": "Read twice and referred to the Committee on Homeland Security and Governmental Affairs."
            },
            "number": "3112",
            "policyArea": {
                "name": "Immigration"
            },
            "title": "Ensure Uniform Border Inspection Practices Act",
            "type": "S",
            "url": "https://api.congress.gov/v3/bill/118/s/3112?format=json"
        },
        {
            "congress": 118,
            "introducedDate": "2023-10-17",
            "latestAction": {
                "actionDate": "2023-10-17",
                "text": "Read twice and referred to the Committee on the Judiciary."
            },
            "number": "3054",
            "policyArea": {
                "name": "Immigration"
            },
            "title": "Name, Image, and Likeness for International Collegiate Athletes Act",
            "type": "S",
            "url": "https://api.congress.gov/v3/bill/118/s/3054?format=json"
        },
        {
            "congress": 118,
            "introducedDate": "2023-09-29",
            "latestAction": {
                "actionDate": "2023-09-29",
                "text": "Read twice and referred to the Committee on Agriculture, Nutrition, and Forestry."
            },
            "number": "2996",
            "policyArea": {
                "name": "Agriculture and Food"
            },
            "title": "Rural Microentrepreneur Assistance Act of 2023",
            "type": "S",
            "url": "https://api.congress.gov/v3/bill/118/s/2996?format=json"
        }
    ]
}