{
    "pagination": {
        "count": 120
    },
    "request": {
        "bioguideId": "s001187",
        "contentType": "application/json",
        "format": "json"
    },
    "sponsoredLegislation": [
        {
            "congress": 117,
            "introducedDate": "2021-03-26",
            "latestAction": {
                "actionDate": "2021-10-19",
                "text": "Referred to the Subcommittee on the Constitution, Civil Rights, and Civil Liberties."
            },
            "number": "2260",
            "policyArea": {
                "name": "Civil Rights and Liberties, Minority Issues"
            },
            "title": "To codify the Bill of Rights.",
            "type": "HR",
            "url": "https://api.congress.gov/v3/bill/117/hr/2260?format=json"
        },
        {
            "congress": 117,
            "introducedDate": "2021-03-11",
            "latestAction": {
                "actionDate": "2021-03-11",
                "text": "Referred to the House Committee on Ways and Means."
            },
            "number": "1860",
            "policyArea": {
                "name": "Taxation"
            },
            "title": "Responsible Additions and Increases To Sustain Employee Health Benefits Act of 2021",
            "type": "HR",
            "url": "https://api.congress.gov/v3/bill/117/hr/1860?format=json"
        },
        {
            "congress": 117,
            "introducedDate": "2021-03-01",
            "latestAction": {
                "actionDate": "2021-08-25",
                "text": "Became Public Law No: 117-37."
            },
            "number": "1448",
            "policyArea": {
                "name": "Armed Forces and National Security"
            },
            "title": "PAWS for Veterans Therapy Act",
            "type": "HR",
            "url": "https://api.congress.gov/v3/bill/117/hr/1448?format=json"
        },
        {
            "congress": 117,
            "introducedDate": "2021-02-05",
            "latestAction": {
                "actionDate": "2021-02-05",
                "text": "Referred to the House Committee on Ways and Means."
            },
            "number": "902",
            "policyArea": {
                "name": "Taxation"
            },
            "title": "DEBT Act of 2021",
            "type": "HR",
            "url": "https://api.congress.gov/v3/bill/117/hr/902?format=json"
        },
        {
            "congress": 116,
            "introducedDate": "2020-06-04",
            "latestAction": {
                "actionDate": "2020-06-04",
                "text": "Referred to the Committee on Education and Labor, and in addition to the Committee on Ways and Means, for a period to be subsequently determined by the Speaker, in each case for consideration of such provisions as fall within the jurisdiction of the committee concerned."
            },
            "number": "7114",
            "policyArea": {
                "name": "Education"
            },
            "title": "Economic and Student Loan Debt Relief Act of 2020",
            "type": "HR",
            "url": "https://api.congress.gov/v3/bill/116/hr/7114?format=json"
        },
        {
            "congress": 116,
            "introducedDate": "2020-03-19",
            "latestAction": {
                "actionDate": "2020-03-19",
                "text": "Referred to the House Committee on Financial Services."
            },
            "number": "6296",
            "policyArea": {
                "name": "Housing and Community Development"
            },
            "title": "PHA Public Health Flexible Funding Act of 2020",
            "type": "HR",
            "url": "https://api.congress.gov/v3/bill/116/hr/6296?format=json"
        },
        {
            "congress": 116,
            "introducedDate": "2020-03-19",
            "latestAction": {
                "actionDate": "2020-03-19",
                "text": "Referred to the House Committee on Financial Services."
            },
            "number": "6295",
            "policyArea": {
                "name": "Housing and Community Development"
            },
            "title": "Protecting Our Elderly Residents Act of 2020",
            "type": "HR",
            "url": "https://api.congress.gov/v3/bill/116/hr/6295?format=json"
        },
        {
            "congress": 116,
            "introducedDate": "2020-03-12",
            "latestAction": {
                "actionDate": "2020-03-12",
                "text": "Referred to the House Committee on Financial Services."
            },
            "number": "6265",
            "policyArea": {
                "name": "Finance and Financial Sector"
            },
            "title": "Coronavirus Guidance for Financial Institutions Act",
            "type": "HR",
            "url": "https://api.congress.gov/v3/bill/116/hr/6265?format=json"
        },
        {
            "congress": 116,
            "introducedDate": "2019-12-13",
            "latestAction": {
                "actionDate": "2019-12-16",
                "text": "Referred to the Subcommittee on Health."
            },
            "number": "5429",
            "policyArea": {
                "name": "Health"
            },
            "title": "SENIOR CARE Act",
            "type": "HR",
            "url": "https://api.congress.gov/v3/bill/116/hr/5429?format=json"
        },
        {
            "congress": 116,
            "introducedDate": "2019-12-06",
            "latestAction": {
                "actionDate": "2019-12-06",
                "text": "Referred to the House Committee on Ways and Means."
            },
            "number": "5359",
            "policyArea": {
                "name": "Taxation"
            },
            "title": "DEBT Act of 2019",
            "type": "HR",
            "url": "https://api.congress.gov/v3/bill/116/hr/5359?format=json"
        },
        {
            "congress": 116,
            "introducedDate": "2019-09-12",
            "latestAction": {
                "actionDate": "2020-02-10",
                "text": "Received in the Senate and Read twice and referred to the Committee on Veterans' Affairs."
            },
            "number": "4305",
            "policyArea": {
                "name": "Armed Forces and National Security"
            },
            "title": "PAWS for Veterans Therapy Act",
            "type": "HR",
            "url": "https://api.congress.gov/v3/bill/116/hr/4305?format=json"
        },
        {
            "congress": 116,
            "introducedDate": "2019-07-10",
            "latestAction": {
                "actionDate": "2019-07-30",
                "text": "Referred to the Subcommittee on Courts, Intellectual Property, and the Internet."
            },
            "number": "3666",
            "policyArea": {
                "name": "Commerce"
            },
            "title": "STRONGER Patents Act of 2019",
            "type": "HR",
            "url": "https://api.congress.gov/v3/bill/116/hr/3666?format=json"
        },
        {
            "congress": 116,
            "introducedDate": "2019-07-09",
            "latestAction": {
                "actionDate": "2019-07-17",
                "text": "Referred to the Subcommittee on Europe, Eurasia, Energy and the Environment."
            },
            "number": "475",
            "policyArea": {
                "name": "International Affairs"
            },
            "title": "Calling on the President to work toward equitable, constructive, stable, and durable Armenian-Turkish relations based upon the two countries' common interests and the United States significant security interests in the region.",
            "type": "HRES",
            "url": "https://api.congress.gov/v3/bill/116/hres/475?format=json"
        },
        {
            "congress": 116,
            "introducedDate": "2019-06-05",
            "latestAction": {
                "actionDate": "2019-06-25",
                "text": "Referred to the Subcommittee on Health."
            },
            "number": "3147",
            "policyArea": {
                "name": "Armed Forces and National Security"
            },
            "title": "PAWS Act of 2019",
            "type": "HR",
            "url": "https://api.congress.gov/v3/bill/116/hr/3147?format=json"
        },
        {
            "congress": 116,
            "introducedDate": "2019-04-01",
            "latestAction": {
                "actionDate": "2019-04-01",
                "text": "Referred to the Committee on Financial Services, and in addition to the Committee on Education and Labor, for a period to be subsequently determined by the Speaker, in each case for consideration of such provisions as fall within the jurisdiction of the committee concerned."
            },
            "number": "2001",
            "policyArea": {
                "name": "Housing and Community Development"
            },
            "title": "Homeless Children and Youth Act of 2019",
            "type": "HR",
            "url": "https://api.congress.gov/v3/bill/116/hr/2001?format=json"
        },
        {
            "congress": 116,
            "introducedDate": "2019-02-26",
            "latestAction": {
                "actionDate": "2019-02-26",
                "text": "Referred to the House Committee on Ways and Means."
            },
            "number": "1366",
            "policyArea": {
                "name": "Taxation"
            },
            "title": "Responsible Additions and Increases to Sustain Employee Health Benefits Act of 2019",
            "type": "HR",
            "url": "https://api.congress.gov/v3/bill/116/hr/1366?format=json"
        },
        {
            "congress": 113,
            "introducedDate": "2014-12-11",
            "latestAction": {
                "actionDate": "2014-12-11",
                "text": "Referred to the House Committee on Education and the Workforce."
            },
            "number": "5881",
            "policyArea": {
                "name": "Families"
            },
            "title": "Securing American Families Everywhere (SAFE Kids) Act",
            "type": "HR",
            "url": "https://api.congress.gov/v3/bill/113/hr/5881?format=json"
        },
        {
            "congress": 113,
            "introducedDate": "2014-09-18",
            "latestAction": {
                "actionDate": "2014-09-19",
                "text": "Referred to the Subcommittee on Health."
            },
            "number": "5657",
            "policyArea": {
                "name": "Health"
            },
            "title": "Fair Access for Safe and Timely Generics Act of 2014",
            "type": "HR",
            "url": "https://api.congress.gov/v3/bill/113/hr/5657?format=json"
        },
        {
            "congress": 113,
            "introducedDate": "2014-07-24",
            "latestAction": {
                "actionDate": "2014-11-17",
                "text": "Referred to the Subcommittee on Early Childhood, Elementary, and Secondary Education."
            },
            "number": "5186",
            "policyArea": {
                "name": "Housing and Community Development"
            },
            "title": "Homeless Children and Youth Act of 2014",
            "type": "HR",
            "url": "https://api.congress.gov/v3/bill/113/hr/5186?format=json"
        },
        {
            "congress": 113,
            "introducedDate": "2014-06-19",
            "latestAction": {
                "actionDate": "2014-06-19",
                "text": "Referred to the House Committee on Energy and Commerce."
            },
            "number": "4918",
            "policyArea": {
                "name": "Health"
            },
            "title": "Speeding Access to Already Approved Pharmaceuticals Act of 2014",
            "type": "HR",
            "url": "https://api.congress.gov/v3/bill/113/hr/4918?format=json"
        },
        {
            "congress": 113,
            "introducedDate": "2014-06-12",
            "latestAction": {
                "actionDate": "2014-06-12",
                "text": "Referred to the House Committee on Financial Services."
            },
            "number": "4868",
            "policyArea": {
                "name": "Housing and Community Development"
            },
            "title": "Moving to Work Expansion Act of 2014",
            "type": "HR",
            "url": "https://api.congress.gov/v3/bill/113/hr/4868?format=json"
        },
        {
            "congress": 113,
            "introducedDate": "2014-03-11",
            "latestAction": {
                "actionDate": "2014-12-16",
                "text": "Became Public Law No: 113-219."
            },
            "number": "4189",
            "policyArea": {
                "name": "Government Operations and Politics"
            },
            "title": "To designate the facility of the United States Postal Service located at 4000 Leap Road in Hilliard, Ohio, as the \"Master Sergeant Shawn T. Hannon,  Master Sergeant Jeffrey J. Rieck and Veterans Memorial Post Office Building\".",
            "type": "HR",
            "url": "https://api.congress.gov/v3/bill/113/hr/4189?format=json"
        },
        {
            "congress": 113,
            "introducedDate": "2013-12-12",
            "latestAction": {
                "actionDate": "2014-06-11",
                "text": "Ordered to be Reported by the Yeas and Nays: 39 - 20."
            },
            "number": "3770",
            "policyArea": {
                "name": "Finance and Financial Sector"
            },
            "title": "CFPB-IG Act of 2013",
            "type": "HR",
            "url": "https://api.congress.gov/v3/bill/113/hr/3770?format=json"
        },
        {
            "congress": 113,
            "introducedDate": "2013-11-21",
            "latestAction": {
                "actionDate": "2014-05-07",
                "text": "Received in the Senate and Read twice and referred to the Committee on Banking, Housing, and Urban Affairs."
            },
            "number": "3584",
            "policyArea": {
                "name": "Finance and Financial Sector"
            },
            "title": "Capital Access for Small Community Financial Institutions Act of 2014",
            "type": "HR",
            "url": "https://api.congress.gov/v3/bill/113/hr/3584?format=json"
        },
        {
            "congress": 113,
            "introducedDate": "2013-10-29",
            "latestAction": {
                "actionDate": "2014-01-24",
                "text": "Referred to the Subcommittee on Military Personnel."
            },
            "number": "3364",
            "policyArea": {
                "name": "Armed Forces and National Security"
            },
            "title": "To authorize and request the President to issue a posthumous commission in the regular Army to Milton Holland, who, while sergeant major of the 5th Regiment, United States Colored Infantry, was awarded the Medal of Honor for gallantry during the Civil War.",
            "type": "HR",
            "url": "https://api.congress.gov/v3/bill/113/hr/3364?format=json"
        },
        {
            "congress": 113,
            "introducedDate": "2013-07-22",
            "latestAction": {
                "actionDate": "2013-07-26",
                "text": "Referred to the Subcommittee on Environment and the Economy."
            },
            "number": "2784",
            "policyArea": {
                "name": "Energy"
            },
            "title": "American-Made Energy and Infrastructure Jobs Act",
            "type": "HR",
            "url": "https://api.congress.gov/v3/bill/113/hr/2784?format=json"
        },
        {
            "congress": 113,
            "introducedDate": "2013-05-16",
            "latestAction": {
                "actionDate": "2013-05-31",
                "text": "Referred to the Subcommittee on Disability Assistance and Memorial Affairs."
            },
            "number": "2018",
            "policyArea": {
                "name": "Armed Forces and National Security"
            },
            "title": "Honor Those Who Served Act of 2013",
            "type": "HR",
            "url": "https://api.congress.gov/v3/bill/113/hr/2018?format=json"
        },
        {
            "congress": 113,
            "introducedDate": "2013-05-07",
            "latestAction": {
                "actionDate": "2013-05-07",
                "text": "Referred to the House Committee on Financial Services."
            },
            "number": "1862",
            "policyArea": {
                "name": "Finance and Financial Sector"
            },
            "title": "Capital Access for Small Community Financial Institutions Act of 2013",
            "type": "HR",
            "url": "https://api.congress.gov/v3/bill/113/hr/1862?format=json"
        },
        {
            "congress": 113,
            "introducedDate": "2013-05-06",
            "latestAction": {
                "actionDate": "2013-05-10",
                "text": "Referred to the Subcommittee on Health."
            },
            "number": "1838",
            "policyArea": {
                "name": "Health"
            },
            "title": "Enhanced Access to Medicaid Services Act of 2013",
            "type": "HR",
            "url": "https://api.congress.gov/v3/bill/113/hr/1838?format=json"
        },
        {
            "congress": 113,
            "introducedDate": "2013-04-24",
            "latestAction": {
                "actionDate": "2013-04-24",
                "text": "Referred to the House Committee on Financial Services."
            },
            "number": "1719",
            "policyArea": {
                "name": "Finance and Financial Sector"
            },
            "title": "Cents and Sensibility Act",
            "type": "HR",
            "url": "https://api.congress.gov/v3/bill/113/hr/1719?format=json"
        },
        {
            "congress": 113,
            "introducedDate": "2013-03-21",
            "latestAction": {
                "actionDate": "2014-12-16",
                "text": "Became Public Law No: 113-207."
            },
            "number": "1391",
            "policyArea": {
                "name": "Government Operations and Politics"
            },
            "title": "To designate the facility of the United States Postal Service located at 25 South Oak Street in London, Ohio, as the \"London Fallen Veterans Memorial Post Office\".",
            "type": "HR",
            "url": "https://api.congress.gov/v3/bill/113/hr/1391?format=json"
        },
        {
            "congress": 113,
            "introducedDate": "2013-03-21",
            "latestAction": {
                "actionDate": "2013-03-21",
                "text": "Referred to the House Committee on Oversight and Government Reform."
            },
            "number": "1393",
            "policyArea": {
                "name": "Government Operations and Politics"
            },
            "title": "To designate the facility of the United States Postal Service located at 3700 Riverside Drive in Columbus, Ohio, as the \"Master Sergeant Jeffery J. Rieck and Veterans Memorial Post Office\".",
            "type": "HR",
            "url": "https://api.congress.gov/v3/bill/113/hr/1393?format=json"
        },
        {
            "congress": 113,
            "introducedDate": "2013-03-21",
            "latestAction": {
                "actionDate": "2013-03-21",
                "text": "Referred to the House Committee on Oversight and Government Reform."
            },
            "number": "1392",
            "policyArea": {
                "name": "Government Operations and Politics"
            },
            "title": "To designate the facility of the United States Postal Service located at 2539 Dartmoor Road in Grove City, Ohio, as the \"Master Sergeant Shawn T. Hannon and Veterans Memorial Post Office Building\".",
            "type": "HR",
            "url": "https://api.congress.gov/v3/bill/113/hr/1392?format=json"
        },
        {
            "congress": 113,
            "introducedDate": "2013-03-20",
            "latestAction": {
                "actionDate": "2013-04-23",
                "text": "Referred to the Subcommittee on Early Childhood, Elementary, and Secondary Education."
            },
            "number": "1303",
            "policyArea": {
                "name": "Education"
            },
            "title": "School Nutrition Flexibility Act",
            "type": "HR",
            "url": "https://api.congress.gov/v3/bill/113/hr/1303?format=json"
        },
        {
            "congress": 113,
            "introducedDate": "2013-03-06",
            "latestAction": {
                "actionDate": "2013-04-02",
                "text": "Referred to the Subcommittee on Conservation, Energy, and Forestry."
            },
            "number": "1021",
            "policyArea": {
                "name": "Public Lands and Natural Resources"
            },
            "title": "LAND Act",
            "type": "HR",
            "url": "https://api.congress.gov/v3/bill/113/hr/1021?format=json"
        },
        {
            "congress": 113,
            "introducedDate": "2013-02-15",
            "latestAction": {
                "actionDate": "2013-02-15",
                "text": "Referred to the House Committee on Financial Services."
            },
            "number": "797",
            "policyArea": {
                "name": "Finance and Financial Sector"
            },
            "title": "Municipal Advisor Oversight Improvement Act of 2013",
            "type": "HR",
            "url": "https://api.congress.gov/v3/bill/113/hr/797?format=json"
        },
        {
            "congress": 113,
            "introducedDate": "2013-02-14",
            "latestAction": {
                "actionDate": "2013-02-14",
                "text": "Referred to the House Committee on Ways and Means."
            },
            "number": "734",
            "policyArea": {
                "name": "Foreign Trade and International Finance"
            },
            "title": "Creating Manufacturing Jobs and Promoting Fair Trade Act",
            "type": "HR",
            "url": "https://api.congress.gov/v3/bill/113/hr/734?format=json"
        },
        {
            "congress": 113,
            "introducedDate": "2013-02-13",
            "latestAction": {
                "actionDate": "2013-05-07",
                "text": "Ordered to be Reported (Amended) by the Yeas and Nays: 50 - 10."
            },
            "number": "677",
            "policyArea": {
                "name": "Finance and Financial Sector"
            },
            "title": "Inter-Affiliate Swap Clarification Act",
            "type": "HR",
            "url": "https://api.congress.gov/v3/bill/113/hr/677?format=json"
        },
        {
            "congress": 113,
            "introducedDate": "2014-09-17",
            "latestAction": {
                "actionDate": "2014-09-17",
                "text": "Referred to the House Committee on Financial Services."
            },
            "number": "729",
            "policyArea": {
                "name": "Social Welfare"
            },
            "title": "Expressing support for the designation of September 19, 2014 as National Service Coordinator Day to recognize the value of service coordinators in subsidized and other affordable housing communities for their work to promote and support economic self-sufficiency and independence for low-income families, older Americans, and persons with disabilities.",
            "type": "HRES",
            "url": "https://api.congress.gov/v3/bill/113/hres/729?format=json"
        },
        {
            "congress": 113,
            "introducedDate": "2014-06-25",
            "latestAction": {
                "actionDate": "2014-06-25",
                "text": "Referred to the House Committee on Oversight and Government Reform."
            },
            "number": "650",
            "policyArea": {
                "name": "Transportation and Public Works"
            },
            "title": "Congratulating the American Motorcyclist Association on their 90th Anniversary.",
            "type": "HRES",
            "url": "https://api.congress.gov/v3/bill/113/hres/650?format=json"
        },
        {
            "congress": 112,
            "introducedDate": "2012-07-11",
            "latestAction": {
                "actionDate": "2012-10-01",
                "text": "Referred to the Subcommittee on Capital Markets and Government Sponsored Enterprises."
            },
            "number": "6105",
            "policyArea": {
                "name": "Finance and Financial Sector"
            },
            "title": "To amend the Federal Home Loan Bank Act to allow non-Federally insured credit unions to become members of a Federal Home Loan Bank.",
            "type": "HR",
            "url": "https://api.congress.gov/v3/bill/112/hr/6105?format=json"
        },
        {
            "congress": 112,
            "introducedDate": "2012-06-28",
            "latestAction": {
                "actionDate": "2012-06-28",
                "text": "Referred to the House Committee on Ways and Means."
            },
            "number": "6056",
            "policyArea": {
                "name": "Taxation"
            },
            "title": "To amend the Internal Revenue Code of 1986 to extend the energy efficient appliance credit.",
            "type": "HR",
            "url": "https://api.congress.gov/v3/bill/112/hr/6056?format=json"
        },
        {
            "congress": 112,
            "introducedDate": "2012-06-20",
            "latestAction": {
                "actionDate": "2012-06-20",
                "text": "Referred to the House Committee on Oversight and Government Reform."
            },
            "number": "5984",
            "policyArea": {
                "name": "Government Operations and Politics"
            },
            "title": "To designate the facility of the United States Postal Service located at 25 South Oak Street in London, Ohio, as the \"Lance Corporal Joshua B. McDaniels and Veterans Memorial Post Office Building\".",
            "type": "HR",
            "url": "https://api.congress.gov/v3/bill/112/hr/5984?format=json"
        },
        {
            "congress": 112,
            "introducedDate": "2012-06-20",
            "latestAction": {
                "actionDate": "2012-06-20",
                "text": "Referred to the House Committee on Oversight and Government Reform."
            },
            "number": "5985",
            "policyArea": {
                "name": "Government Operations and Politics"
            },
            "title": "To designate the facility of the United States Postal Service located at 3700 Riverside Drive in Columbus, Ohio, as the \"Master Sergeant Jeffery J. Rieck and Veterans Memorial Post Office\".",
            "type": "HR",
            "url": "https://api.congress.gov/v3/bill/112/hr/5985?format=json"
        },
        {
            "congress": 112,
            "introducedDate": "2012-06-20",
            "latestAction": {
                "actionDate": "2012-06-20",
                "text": "Referred to the House Committee on Oversight and Government Reform."
            },
            "number": "5983",
            "policyArea": {
                "name": "Government Operations and Politics"
            },
            "title": "To designate the facility of the United States Postal Service located at 2539 Dartmoor Road in Grove City, Ohio, as the \"Master Sergeant Shawn T. Hannon and Veterans Memorial Post Office Building\".",
            "type": "HR",
            "url": "https://api.congress.gov/v3/bill/112/hr/5983?format=json"
        },
        {
            "congress": 112,
            "introducedDate": "2012-06-07",
            "latestAction": {
                "actionDate": "2012-07-10",
                "text": "Referred to the Subcommittee on Military Personnel."
            },
            "number": "5926",
            "policyArea": {
                "name": "Armed Forces and National Security"
            },
            "title": "To authorize and request the President to award the Medal of Honor posthumously to Major Dominic S. Gentile of the United States Army Air Forces for acts of valor during World War II.",
            "type": "HR",
            "url": "https://api.congress.gov/v3/bill/112/hr/5926?format=json"
        },
        {
            "congress": 112,
            "introducedDate": "2012-05-10",
            "latestAction": {
                "actionDate": "2012-07-10",
                "text": "Referred to the Subcommittee on Military Personnel."
            },
            "number": "5735",
            "policyArea": {
                "name": "Armed Forces and National Security"
            },
            "title": "To provide for the establishment of a Tomb of Remembrance at Arlington National Cemetery for interment of cremated fragments of the remains of members of the Armed Forces killed in Afghanistan, Iraq, or a subsequent conflict when the fragments are unidentifiable by use of DNA testing or other means because of the condition of the fragments, are unclaimed, or are identified and authorized by the person designated to direct disposition of the remains for internment in such memorial.",
            "type": "HR",
            "url": "https://api.congress.gov/v3/bill/112/hr/5735?format=json"
        },
        {
            "congress": 112,
            "introducedDate": "2012-05-07",
            "latestAction": {
                "actionDate": "2012-05-14",
                "text": "Referred to the Subcommittee on Trade."
            },
            "number": "5511",
            "policyArea": {
                "name": "Foreign Trade and International Finance"
            },
            "title": "To suspend temporarily the duty on 4-Vinylbenzenesulfonic acid, lithium salt.",
            "type": "HR",
            "url": "https://api.congress.gov/v3/bill/112/hr/5511?format=json"
        },
        {
            "congress": 112,
            "introducedDate": "2012-05-07",
            "latestAction": {
                "actionDate": "2012-05-14",
                "text": "Referred to the Subcommittee on Trade."
            },
            "number": "5510",
            "policyArea": {
                "name": "Foreign Trade and International Finance"
            },
            "title": "To extend the temporary suspension of duty on certain smooth nonwoven fiberglass sheets of a type primarily used as acoustical facing for ceiling panels.",
            "type": "HR",
            "url": "https://api.congress.gov/v3/bill/112/hr/5510?format=json"
        },
        {
            "congress": 112,
            "introducedDate": "2012-05-07",
            "latestAction": {
                "actionDate": "2012-05-14",
                "text": "Referred to the Subcommittee on Trade."
            },
            "number": "5509",
            "policyArea": {
                "name": "Foreign Trade and International Finance"
            },
            "title": "To suspend temporarily the duty on 4-Vinylbenzenesulfonic acid, sodium salt hydrate.",
            "type": "HR",
            "url": "https://api.congress.gov/v3/bill/112/hr/5509?format=json"
        },
        {
            "congress": 112,
            "introducedDate": "2012-05-07",
            "latestAction": {
                "actionDate": "2012-05-14",
                "text": "Referred to the Subcommittee on Trade."
            },
            "number": "5508",
            "policyArea": {
                "name": "Foreign Trade and International Finance"
            },
            "title": "To extend the temporary suspension of duty on electrically operated pencil sharpeners.",
            "type": "HR",
            "url": "https://api.congress.gov/v3/bill/112/hr/5508?format=json"
        },
        {
            "congress": 112,
            "introducedDate": "2012-03-29",
            "latestAction": {
                "actionDate": "2012-07-10",
                "text": "Referred to the Subcommittee on Military Personnel."
            },
            "number": "4341",
            "policyArea": {
                "name": "Armed Forces and National Security"
            },
            "title": "To direct the Secretary of Defense to establish a working group to review TRICARE policy with respect to providing health care to children and determine how to improve such policy, and for other purposes.",
            "type": "HR",
            "url": "https://api.congress.gov/v3/bill/112/hr/4341?format=json"
        },
        {
            "congress": 112,
            "introducedDate": "2012-03-08",
            "latestAction": {
                "actionDate": "2012-04-17",
                "text": "Subcommittee Hearings Held."
            },
            "number": "4193",
            "policyArea": {
                "name": "Public Lands and Natural Resources"
            },
            "title": "LAND Act",
            "type": "HR",
            "url": "https://api.congress.gov/v3/bill/112/hr/4193?format=json"
        },
        {
            "congress": 112,
            "introducedDate": "2012-02-29",
            "latestAction": {
                "actionDate": "2012-06-28",
                "text": "Forwarded by Subcommittee to Full Committee by Voice Vote ."
            },
            "number": "4115",
            "policyArea": {
                "name": "Armed Forces and National Security"
            },
            "title": "HIRE at HOME Act",
            "type": "HR",
            "url": "https://api.congress.gov/v3/bill/112/hr/4115?format=json"
        },
        {
            "congress": 112,
            "introducedDate": "2011-12-16",
            "latestAction": {
                "actionDate": "2011-12-28",
                "text": "Referred to the Subcommittee on Emergency Preparedness, Response and Communications."
            },
            "number": "3726",
            "policyArea": {
                "name": "Emergency Management"
            },
            "title": "Urban Area Security Initiative Modernization Act of 2011",
            "type": "HR",
            "url": "https://api.congress.gov/v3/bill/112/hr/3726?format=json"
        },
        {
            "congress": 112,
            "introducedDate": "2011-12-15",
            "latestAction": {
                "actionDate": "2012-11-29",
                "text": "Subcommittee Hearings Held."
            },
            "number": "3694",
            "policyArea": {
                "name": "Finance and Financial Sector"
            },
            "title": "STEEL Nickel Act",
            "type": "HR",
            "url": "https://api.congress.gov/v3/bill/112/hr/3694?format=json"
        },
        {
            "congress": 112,
            "introducedDate": "2011-12-15",
            "latestAction": {
                "actionDate": "2012-11-29",
                "text": "Subcommittee Hearings Held."
            },
            "number": "3693",
            "policyArea": {
                "name": "Finance and Financial Sector"
            },
            "title": "Cents and Sensibility Act",
            "type": "HR",
            "url": "https://api.congress.gov/v3/bill/112/hr/3693?format=json"
        },
        {
            "congress": 112,
            "introducedDate": "2011-12-05",
            "latestAction": {
                "actionDate": "2011-12-19",
                "text": "Referred to the Subcommittee on General Farm Commodities and Risk Management."
            },
            "number": "3559",
            "policyArea": {
                "name": "Finance and Financial Sector"
            },
            "title": "Insurance Data Protection Act",
            "type": "HR",
            "url": "https://api.congress.gov/v3/bill/112/hr/3559?format=json"
        },
        {
            "congress": 112,
            "introducedDate": "2011-11-14",
            "latestAction": {
                "actionDate": "2012-02-09",
                "text": "Placed on the Union Calendar, Calendar No. 275."
            },
            "number": "3410",
            "policyArea": {
                "name": "Energy"
            },
            "title": "Energy Security and Transportation Jobs Act",
            "type": "HR",
            "url": "https://api.congress.gov/v3/bill/112/hr/3410?format=json"
        },
        {
            "congress": 112,
            "introducedDate": "2011-08-01",
            "latestAction": {
                "actionDate": "2012-03-28",
                "text": "Read the second time. Placed on Senate Legislative Calendar under General Orders. Calendar No. 343."
            },
            "number": "2779",
            "policyArea": {
                "name": "Finance and Financial Sector"
            },
            "title": "To exempt inter-affiliate swaps from certain regulatory requirements put in place by the Dodd-Frank Wall Street Reform and Consumer Protection Act.",
            "type": "HR",
            "url": "https://api.congress.gov/v3/bill/112/hr/2779?format=json"
        },
        {
            "congress": 112,
            "introducedDate": "2011-07-07",
            "latestAction": {
                "actionDate": "2011-07-12",
                "text": "Forwarded by Subcommittee to Full Committee (Amended) by Voice Vote ."
            },
            "number": "2439",
            "policyArea": {
                "name": "Housing and Community Development"
            },
            "title": "Removing GSEs Charters During Receivership Act of 2011",
            "type": "HR",
            "url": "https://api.congress.gov/v3/bill/112/hr/2439?format=json"
        },
        {
            "congress": 112,
            "introducedDate": "2011-06-16",
            "latestAction": {
                "actionDate": "2011-06-16",
                "text": "Referred to the House Committee on Ways and Means."
            },
            "number": "2214",
            "policyArea": {
                "name": "Taxation"
            },
            "title": "Debt Elimination By Tax-Deductible Contribution Act of 2011",
            "type": "HR",
            "url": "https://api.congress.gov/v3/bill/112/hr/2214?format=json"
        },
        {
            "congress": 112,
            "introducedDate": "2011-04-14",
            "latestAction": {
                "actionDate": "2011-08-12",
                "text": "Placed on the Union Calendar, Calendar No. 125."
            },
            "number": "1539",
            "policyArea": {
                "name": "Finance and Financial Sector"
            },
            "title": "Asset-Backed Market Stabilization Act of 2011",
            "type": "HR",
            "url": "https://api.congress.gov/v3/bill/112/hr/1539?format=json"
        },
        {
            "congress": 116,
            "introducedDate": "2019-01-23",
            "latestAction": {
                "actionDate": "2019-01-23",
                "text": "Referred to the House Committee on Financial Services."
            },
            "number": "715",
            "policyArea": {
                "name": "Housing and Community Development"
            },
            "title": "HOMeS Act of 2019",
            "type": "HR",
            "url": "https://api.congress.gov/v3/bill/116/hr/715?format=json"
        },
        {
            "congress": 115,
            "introducedDate": "2018-09-26",
            "latestAction": {
                "actionDate": "2018-09-26",
                "text": "Referred to the Subcommittee on Health."
            },
            "number": "6908",
            "policyArea": {
                "name": "Armed Forces and National Security"
            },
            "title": "PAWS Act of 2018",
            "type": "HR",
            "url": "https://api.congress.gov/v3/bill/115/hr/6908?format=json"
        },
        {
            "congress": 115,
            "introducedDate": "2018-07-06",
            "latestAction": {
                "actionDate": "2018-07-19",
                "text": "Placed on the Union Calendar, Calendar No. 661."
            },
            "number": "6313",
            "policyArea": {
                "name": "Taxation"
            },
            "title": "Responsible Additions and Increases to Sustain Employee Health Benefits Act of 2018",
            "type": "HR",
            "url": "https://api.congress.gov/v3/bill/115/hr/6313?format=json"
        },
        {
            "congress": 115,
            "introducedDate": "2018-04-17",
            "latestAction": {
                "actionDate": "2018-04-17",
                "text": "Referred to the House Committee on House Administration."
            },
            "number": "5527",
            "policyArea": {
                "name": "Congress"
            },
            "title": "Daniel Webster Congressional Clerkship Act of 2018",
            "type": "HR",
            "url": "https://api.congress.gov/v3/bill/115/hr/5527?format=json"
        },
        {
            "congress": 115,
            "introducedDate": "2018-03-20",
            "latestAction": {
                "actionDate": "2018-04-30",
                "text": "Referred to the Subcommittee on Courts, Intellectual Property, and the Internet."
            },
            "number": "5340",
            "policyArea": {
                "name": "Commerce"
            },
            "title": "STRONGER Patents Act of 2018",
            "type": "HR",
            "url": "https://api.congress.gov/v3/bill/115/hr/5340?format=json"
        },
        {
            "congress": 115,
            "introducedDate": "2018-03-14",
            "latestAction": {
                "actionDate": "2018-06-13",
                "text": "Received in the Senate and Read twice and referred to the Committee on Health, Education, Labor, and Pensions."
            },
            "number": "5272",
            "policyArea": {
                "name": "Health"
            },
            "title": "To provide additional guidance to grantees seeking funding to treat or prevent mental health or substance  use disorders.",
            "type": "HR",
            "url": "https://api.congress.gov/v3/bill/115/hr/5272?format=json"
        },
        {
            "congress": 115,
            "introducedDate": "2017-11-07",
            "latestAction": {
                "actionDate": "2018-04-24",
                "text": "Placed on the Union Calendar, Calendar No. 495."
            },
            "number": "4267",
            "policyArea": {
                "name": "Finance and Financial Sector"
            },
            "title": "Small Business Credit Availability Act",
            "type": "HR",
            "url": "https://api.congress.gov/v3/bill/115/hr/4267?format=json"
        },
        {
            "congress": 115,
            "introducedDate": "2017-10-12",
            "latestAction": {
                "actionDate": "2017-11-29",
                "text": "Referred to the Subcommittee on Europe, Eurasia, and Emerging Threats."
            },
            "number": "573",
            "policyArea": {
                "name": "International Affairs"
            },
            "title": "Calling on the President to work toward equitable, constructive, stable, and durable Armenian-Turkish relations based upon the two countries' common interests and the United States' significant security interests in the region.",
            "type": "HRES",
            "url": "https://api.congress.gov/v3/bill/115/hres/573?format=json"
        },
        {
            "amendmentNumber": "294",
            "congress": 115,
            "introducedDate": "2017-09-06",
            "latestAction": {
                "actionDate": "2017-09-06",
                "actionTime": "21:03:52",
                "text": "On agreeing to the Stivers amendment (A022) Agreed to by voice vote. "
            },
            "type": null,
            "url": "https://api.congress.gov/v3/amendment/115/hamdt/294?format=json"
        },
        {
            "congress": 115,
            "introducedDate": "2017-07-28",
            "latestAction": {
                "actionDate": "2017-07-28",
                "text": "Referred to the Committee on Oversight and Government Reform, and in addition to the Committee on Financial Services, for a period to be subsequently determined by the Speaker, in each case for consideration of such provisions as fall within the jurisdiction of the committee concerned."
            },
            "number": "3625",
            "policyArea": {
                "name": "Finance and Financial Sector"
            },
            "title": "CFPB-IG Act of 2017",
            "type": "HR",
            "url": "https://api.congress.gov/v3/bill/115/hr/3625?format=json"
        },
        {
            "congress": 115,
            "introducedDate": "2017-07-19",
            "latestAction": {
                "actionDate": "2017-08-03",
                "text": "Referred to the Subcommittee on the Constitution and Civil Justice."
            },
            "number": "110",
            "policyArea": {
                "name": "Economics and Public Finance"
            },
            "title": "Proposing a balanced budget amendment to the Constitution of the United States.",
            "type": "HJRES",
            "url": "https://api.congress.gov/v3/bill/115/hjres/110?format=json"
        },
        {
            "congress": 115,
            "introducedDate": "2017-06-20",
            "latestAction": {
                "actionDate": "2018-02-13",
                "text": "Placed on the Union Calendar, Calendar No. 414."
            },
            "number": "2948",
            "policyArea": {
                "name": "Housing and Community Development"
            },
            "title": "To amend the S.A.F.E. Mortgage Licensing Act of 2008 to provide a temporary license for loan originators transitioning between employers, and for other purposes.",
            "type": "HR",
            "url": "https://api.congress.gov/v3/bill/115/hr/2948?format=json"
        },
        {
            "congress": 115,
            "introducedDate": "2017-05-24",
            "latestAction": {
                "actionDate": "2018-07-16",
                "text": "Reported (Amended) by the Committee on Oversight and Government Reform. H. Rept. 115-825, Part I."
            },
            "number": "2648",
            "policyArea": {
                "name": "Armed Forces and National Security"
            },
            "title": "Veterans Transition Improvement Act",
            "type": "HR",
            "url": "https://api.congress.gov/v3/bill/115/hr/2648?format=json"
        },
        {
            "congress": 115,
            "introducedDate": "2017-05-19",
            "latestAction": {
                "actionDate": "2017-05-19",
                "text": "Referred to the House Committee on Ways and Means."
            },
            "number": "2551",
            "policyArea": {
                "name": "Taxation"
            },
            "title": "Student Loan Debt Relief Act",
            "type": "HR",
            "url": "https://api.congress.gov/v3/bill/115/hr/2551?format=json"
        },
        {
            "congress": 115,
            "introducedDate": "2017-05-04",
            "latestAction": {
                "actionDate": "2017-05-04",
                "text": "Referred to the House Committee on Ways and Means."
            },
            "number": "2394",
            "policyArea": {
                "name": "Taxation"
            },
            "title": "To amend the Internal Revenue Code of 1986 to include fuel cells using electromechanical processes for purposes of the energy tax credit.",
            "type": "HR",
            "url": "https://api.congress.gov/v3/bill/115/hr/2394?format=json"
        },
        {
            "congress": 115,
            "introducedDate": "2017-04-28",
            "latestAction": {
                "actionDate": "2017-09-26",
                "text": "Subcommittee Hearings Held."
            },
            "number": "2225",
            "policyArea": {
                "name": "Armed Forces and National Security"
            },
            "title": "Veterans Dog Training Therapy Act",
            "type": "HR",
            "url": "https://api.congress.gov/v3/bill/115/hr/2225?format=json"
        },
        {
            "congress": 115,
            "introducedDate": "2017-04-27",
            "latestAction": {
                "actionDate": "2017-04-27",
                "text": "Referred to the House Committee on Financial Services."
            },
            "number": "2222",
            "policyArea": {
                "name": "Housing and Community Development"
            },
            "title": "HOMeS Act of 2017",
            "type": "HR",
            "url": "https://api.congress.gov/v3/bill/115/hr/2222?format=json"
        },
        {
            "congress": 115,
            "introducedDate": "2017-04-20",
            "latestAction": {
                "actionDate": "2017-04-21",
                "text": "Referred to the Subcommittee on Health."
            },
            "number": "2113",
            "policyArea": {
                "name": "Health"
            },
            "title": "Speeding Access to Already Approved Pharmaceuticals Act of 2017",
            "type": "HR",
            "url": "https://api.congress.gov/v3/bill/115/hr/2113?format=json"
        },
        {
            "congress": 115,
            "introducedDate": "2017-04-06",
            "latestAction": {
                "actionDate": "2017-04-06",
                "text": "Referred to the House Committee on Financial Services."
            },
            "number": "2067",
            "policyArea": {
                "name": "Finance and Financial Sector"
            },
            "title": "Cents and Sensibility Act",
            "type": "HR",
            "url": "https://api.congress.gov/v3/bill/115/hr/2067?format=json"
        },
        {
            "congress": 115,
            "introducedDate": "2017-04-04",
            "latestAction": {
                "actionDate": "2018-07-17",
                "text": "By Senator Murkowski from Committee on Energy and Natural Resources filed written report. Report No. 115-304."
            },
            "number": "1900",
            "policyArea": {
                "name": "Armed Forces and National Security"
            },
            "title": "An act to designate the Veterans Memorial and Museum in Columbus, Ohio, as the National Veterans Memorial and Museum, and for other purposes",
            "type": "HR",
            "url": "https://api.congress.gov/v3/bill/115/hr/1900?format=json"
        },
        {
            "congress": 115,
            "introducedDate": "2017-03-13",
            "latestAction": {
                "actionDate": "2018-12-28",
                "text": "Placed on the Union Calendar, Calendar No. 858."
            },
            "number": "1511",
            "policyArea": {
                "name": "Housing and Community Development"
            },
            "title": "Homeless Children and Youth Act of 2017",
            "type": "HR",
            "url": "https://api.congress.gov/v3/bill/115/hr/1511?format=json"
        },
        {
            "congress": 115,
            "introducedDate": "2017-02-17",
            "latestAction": {
                "actionDate": "2017-02-17",
                "text": "Referred to the House Committee on Ways and Means."
            },
            "number": "1204",
            "policyArea": {
                "name": "Taxation"
            },
            "title": "Responsible Additions and Increases to Sustain Employee Health Benefits Act of 2017",
            "type": "HR",
            "url": "https://api.congress.gov/v3/bill/115/hr/1204?format=json"
        },
        {
            "congress": 114,
            "introducedDate": "2016-09-22",
            "latestAction": {
                "actionDate": "2016-09-22",
                "text": "Referred to the House Committee on Financial Services."
            },
            "number": "6124",
            "policyArea": {
                "name": "Housing and Community Development"
            },
            "title": "HOMeS Act of 2016",
            "type": "HR",
            "url": "https://api.congress.gov/v3/bill/114/hr/6124?format=json"
        },
        {
            "congress": 114,
            "introducedDate": "2016-09-15",
            "latestAction": {
                "actionDate": "2016-09-20",
                "text": "Referred to the Subcommittee on Federal Lands."
            },
            "number": "6038",
            "policyArea": {
                "name": "Armed Forces and National Security"
            },
            "title": "National Veterans Memorial and Museum Act",
            "type": "HR",
            "url": "https://api.congress.gov/v3/bill/114/hr/6038?format=json"
        },
        {
            "congress": 114,
            "introducedDate": "2016-06-21",
            "latestAction": {
                "actionDate": "2016-07-05",
                "actionTime": "19:28:01",
                "text": "Motion to reconsider laid on the table Agreed to without objection."
            },
            "number": "794",
            "policyArea": {
                "name": "Congress"
            },
            "title": "Providing for consideration of the bill (H.R. 5485) making appropriations for financial services and general government for the fiscal year ending September 30, 2017, and for other purposes.",
            "type": "HRES",
            "url": "https://api.congress.gov/v3/bill/114/hres/794?format=json"
        },
        {
            "congress": 114,
            "introducedDate": "2016-06-14",
            "latestAction": {
                "actionDate": "2016-06-14",
                "actionTime": "12:29:07",
                "text": "Motion to reconsider laid on the table Agreed to without objection."
            },
            "number": "781",
            "policyArea": {
                "name": "Congress"
            },
            "title": "Electing a Member to certain standing committees of the House of Representatives.",
            "type": "HRES",
            "url": "https://api.congress.gov/v3/bill/114/hres/781?format=json"
        },
        {
            "congress": 114,
            "introducedDate": "2016-06-13",
            "latestAction": {
                "actionDate": "2016-06-14",
                "actionTime": "13:45:19",
                "text": "Motion to reconsider laid on the table Agreed to without objection."
            },
            "number": "778",
            "policyArea": {
                "name": "Congress"
            },
            "title": "Providing for consideration of the bill (H.R. 5053) to amend the Internal Revenue Code of 1986 to prohibit the Secretary of the Treasury from requiring that the identity of contributors to 501(c) organizations be included in annual returns; and providing for consideration of the bill (H.R. 5293) making appropriations for the Department of Defense for the fiscal year ending September 30, 2017, and for other purposes.",
            "type": "HRES",
            "url": "https://api.congress.gov/v3/bill/114/hres/778?format=json"
        },
        {
            "amendmentNumber": "1137",
            "congress": 114,
            "introducedDate": "2016-05-25",
            "latestAction": {
                "actionDate": "2016-05-25",
                "actionTime": "20:41:27",
                "text": "On agreeing to the Stivers amendment (A056) Agreed to by voice vote. "
            },
            "type": null,
            "url": "https://api.congress.gov/v3/amendment/114/hamdt/1137?format=json"
        },
        {
            "congress": 114,
            "introducedDate": "2016-05-19",
            "latestAction": {
                "actionDate": "2016-05-19",
                "text": "Referred to the House Committee on Ways and Means."
            },
            "number": "5289",
            "policyArea": {
                "name": "Taxation"
            },
            "title": "Energy Tax Fairness Act of 2016",
            "type": "HR",
            "url": "https://api.congress.gov/v3/bill/114/hr/5289?format=json"
        },
        {
            "congress": 114,
            "introducedDate": "2016-04-18",
            "latestAction": {
                "actionDate": "2016-04-19",
                "actionTime": "14:13:49",
                "text": "Motion to reconsider laid on the table Agreed to without objection."
            },
            "number": "687",
            "policyArea": {
                "name": "Congress"
            },
            "title": "Providing for consideration of the bill (H.R. 1206) to prohibit the hiring of additional Internal Revenue Service employees until the Secretary of the Treasury certifies that no employee of the Internal Revenue Service has a seriously delinquent tax debt, and providing for consideration of the bill (H.R. 4885) to require that user fees collected by the Internal Revenue Service be deposited into the general fund of the Treasury.",
            "type": "HRES",
            "url": "https://api.congress.gov/v3/bill/114/hres/687?format=json"
        },
        {
            "congress": 114,
            "introducedDate": "2016-04-12",
            "latestAction": {
                "actionDate": "2016-04-13",
                "actionTime": "14:14:17",
                "text": "Motion to reconsider laid on the table Agreed to without objection."
            },
            "number": "671",
            "policyArea": {
                "name": "Congress"
            },
            "title": "Providing for consideration of the bill (H.R. 3340) to place the Financial Stability Oversight Council and the Office of Financial Research under the regular appropriations process, to provide for certain quarterly reporting and public notice and comment requirements for the Office of Financial Research, and for other purposes, and providing for consideration of the bill (H.R. 3791) to raise the consolidated assets threshold under the small bank holding company policy statement, and for other purposes.",
            "type": "HRES",
            "url": "https://api.congress.gov/v3/bill/114/hres/671?format=json"
        },
        {
            "congress": 114,
            "introducedDate": "2016-03-14",
            "latestAction": {
                "actionDate": "2016-03-15",
                "actionTime": "14:02:14",
                "text": "Motion to reconsider laid on the table Agreed to without objection."
            },
            "number": "640",
            "policyArea": {
                "name": "Congress"
            },
            "title": "Providing for consideration of the bill (H.R. 4596) to ensure that small business providers of broadband Internet access service can devote resources to broadband deployment rather than compliance with cumbersome regulatory requirements, and providing for consideration of the bill (H.R. 3797) to establish the bases by which the Administrator of the Environmental Protection Agency shall issue, implement, and enforce certain emission limitations and allocations for existing electric utility steam generating units that convert coal refuse into energy.",
            "type": "HRES",
            "url": "https://api.congress.gov/v3/bill/114/hres/640?format=json"
        },
        {
            "congress": 114,
            "introducedDate": "2016-02-02",
            "latestAction": {
                "actionDate": "2016-02-03",
                "actionTime": "13:59:46",
                "text": "Motion to reconsider laid on the table Agreed to without objection."
            },
            "number": "595",
            "policyArea": {
                "name": "Congress"
            },
            "title": "Providing for consideration of the bill (H.R. 1675) to direct the Securities and Exchange Commission to revise its rules so as to increase the threshold amount for requiring issuers to provide certain disclosures relating to compensatory benefit plans, and providing for consideration of the bill (H.R. 766) to provide requirements for the appropriate Federal banking agencies when requesting or ordering a depository institution to terminate a specific customer account, to provide for additional requirements related to subpoenas issued under the Financial Institutions Reform, Recovery, and Enforcement Act of 1989, and for other purposes.",
            "type": "HRES",
            "url": "https://api.congress.gov/v3/bill/114/hres/595?format=json"
        },
        {
            "congress": 114,
            "introducedDate": "2016-01-13",
            "latestAction": {
                "actionDate": "2016-02-03",
                "text": "Referred to the Subcommittee on the Constitution and Civil Justice."
            },
            "number": "81",
            "policyArea": {
                "name": "Economics and Public Finance"
            },
            "title": "Proposing a balanced budget amendment to the Constitution of the United States.",
            "type": "HJRES",
            "url": "https://api.congress.gov/v3/bill/114/hjres/81?format=json"
        },
        {
            "congress": 114,
            "introducedDate": "2016-02-01",
            "latestAction": {
                "actionDate": "2016-02-02",
                "actionTime": "14:34:25",
                "text": "Motion to reconsider laid on the table Agreed to without objection."
            },
            "number": "594",
            "policyArea": {
                "name": "Congress"
            },
            "title": "Providing for consideration of the bill (H.R. 3700) to provide housing opportunities in the United States through modernization of various housing programs, and for other purposes.",
            "type": "HRES",
            "url": "https://api.congress.gov/v3/bill/114/hres/594?format=json"
        },
        {
            "congress": 114,
            "introducedDate": "2015-11-17",
            "latestAction": {
                "actionDate": "2015-11-18",
                "actionTime": "13:42:24",
                "text": "Motion to reconsider laid on the table Agreed to without objection."
            },
            "number": "529",
            "policyArea": {
                "name": "Congress"
            },
            "title": "Providing for consideration of the bill (H.R. 1210) to amend the Truth in Lending Act to provide a safe harbor from certain requirements related to qualified mortgages for residential mortgage loans held on an originating depository institution's portfolio, and for other purposes; providing for consideration of the bill (H.R 3189) to amend the Federal Reserve Act to establish requirements for policy rules and blackout periods of the Federal Open Market Committee, to establish requirements for certain activities of the Board of Governors of the Federal Reserve System, and to amend title 31, United States Code, to reform the manner in which the Board of Governors of the Federal Reserve System is audited, and for other purposes; and providing for proceedings during the period from November 20, 2015, through November 27, 2015.",
            "type": "HRES",
            "url": "https://api.congress.gov/v3/bill/114/hres/529?format=json"
        },
        {
            "congress": 114,
            "introducedDate": "2015-10-06",
            "latestAction": {
                "actionDate": "2015-10-07",
                "actionTime": "14:21:48",
                "text": "Motion to reconsider laid on the table Agreed to without objection."
            },
            "number": "462",
            "policyArea": {
                "name": "Congress"
            },
            "title": "Providing for consideration of the bill (H.R. 3192) to provide for a temporary safe harbor from the enforcement of integrated disclosure requirements for mortgage loan transactions under the Real Estate Settlement Procedures Act of 1974 and the Truth in Lending Act, and for other purposes, and providing for proceedings during the period from October 12, 2015, through October 19, 2015.",
            "type": "HRES",
            "url": "https://api.congress.gov/v3/bill/114/hres/462?format=json"
        },
        {
            "amendmentNumber": "391",
            "congress": 114,
            "introducedDate": "2015-06-04",
            "latestAction": {
                "actionDate": "2015-06-04",
                "actionTime": "00:08:11",
                "text": "On agreeing to the Stivers amendment (A036) Agreed to by voice vote. "
            },
            "type": null,
            "url": "https://api.congress.gov/v3/amendment/114/hamdt/391?format=json"
        },
        {
            "amendmentNumber": "393",
            "congress": 114,
            "introducedDate": "2015-06-04",
            "latestAction": {
                "actionDate": "2015-06-04",
                "actionTime": "12:30:02",
                "text": "On agreeing to the Stivers amendment (A038) Agreed to by recorded vote: 224 - 198 (Roll no. 307). (consideration: CR H3902-3903)"
            },
            "type": null,
            "url": "https://api.congress.gov/v3/amendment/114/hamdt/393?format=json"
        },
        {
            "amendmentNumber": "195",
            "congress": 114,
            "introducedDate": "2015-04-30",
            "latestAction": {
                "actionDate": "2015-04-30",
                "actionTime": "21:21:26",
                "text": "On agreeing to the Stivers amendment (A045) Agreed to by voice vote. "
            },
            "type": null,
            "url": "https://api.congress.gov/v3/amendment/114/hamdt/195?format=json"
        },
        {
            "amendmentNumber": "143",
            "congress": 114,
            "introducedDate": "2015-04-29",
            "latestAction": {
                "actionDate": "2015-04-29",
                "actionTime": "19:32:35",
                "text": "On agreeing to the Stivers amendment (A036) Agreed to by voice vote. "
            },
            "type": null,
            "url": "https://api.congress.gov/v3/amendment/114/hamdt/143?format=json"
        },
        {
            "congress": 114,
            "introducedDate": "2015-07-29",
            "latestAction": {
                "actionDate": "2015-08-06",
                "text": "Referred to the Subcommittee on Health."
            },
            "number": "3414",
            "policyArea": {
                "name": "Armed Forces and National Security"
            },
            "title": "Veterans Access to Orthotic and Prosthetic Care Act",
            "type": "HR",
            "url": "https://api.congress.gov/v3/bill/114/hr/3414?format=json"
        },
        {
            "congress": 114,
            "introducedDate": "2015-07-29",
            "latestAction": {
                "actionDate": "2015-08-18",
                "text": "Referred to the Subcommittee on Space."
            },
            "number": "3413",
            "policyArea": {
                "name": "Science, Technology, Communications"
            },
            "title": "Efficient Space Exploration Act",
            "type": "HR",
            "url": "https://api.congress.gov/v3/bill/114/hr/3413?format=json"
        },
        {
            "congress": 114,
            "introducedDate": "2015-06-18",
            "latestAction": {
                "actionDate": "2015-06-19",
                "text": "Referred to the Subcommittee on Health."
            },
            "number": "2841",
            "policyArea": {
                "name": "Health"
            },
            "title": "FAST Generics Act of 2015",
            "type": "HR",
            "url": "https://api.congress.gov/v3/bill/114/hr/2841?format=json"
        },
        {
            "congress": 114,
            "introducedDate": "2015-05-21",
            "latestAction": {
                "actionDate": "2015-08-13",
                "text": "Referred to the Subcommittee on Military Personnel."
            },
            "number": "2561",
            "policyArea": {
                "name": "Armed Forces and National Security"
            },
            "title": "Paul A. Smithhisler Medal of Honor Act",
            "type": "HR",
            "url": "https://api.congress.gov/v3/bill/114/hr/2561?format=json"
        },
        {
            "congress": 114,
            "introducedDate": "2015-04-29",
            "latestAction": {
                "actionDate": "2016-05-24",
                "text": "Received in the Senate and Read twice and referred to the Committee on Banking, Housing, and Urban Affairs."
            },
            "number": "2121",
            "policyArea": {
                "name": "Housing and Community Development"
            },
            "title": "SAFE Transitional Licensing Act of 2015",
            "type": "HR",
            "url": "https://api.congress.gov/v3/bill/114/hr/2121?format=json"
        },
        {
            "congress": 114,
            "introducedDate": "2015-03-18",
            "latestAction": {
                "actionDate": "2015-03-20",
                "text": "Referred to the Subcommittee on Health."
            },
            "number": "1455",
            "policyArea": {
                "name": "Health"
            },
            "title": "Speeding Access to Already Approved Pharmaceuticals Act of 2015",
            "type": "HR",
            "url": "https://api.congress.gov/v3/bill/114/hr/1455?format=json"
        },
        {
            "congress": 114,
            "introducedDate": "2015-03-04",
            "latestAction": {
                "actionDate": "2015-03-23",
                "text": "Referred to the Subcommittee on Energy and Mineral Resources."
            },
            "number": "1330",
            "policyArea": {
                "name": "Energy"
            },
            "title": "American-Made Energy and Infrastructure Jobs Act",
            "type": "HR",
            "url": "https://api.congress.gov/v3/bill/114/hr/1330?format=json"
        },
        {
            "congress": 114,
            "introducedDate": "2015-02-27",
            "latestAction": {
                "actionDate": "2015-02-27",
                "text": "Referred to the House Committee on Ways and Means."
            },
            "number": "1185",
            "policyArea": {
                "name": "Taxation"
            },
            "title": "Responsible Additions and Increases to Sustain Employee Health Benefits Act of 2015",
            "type": "HR",
            "url": "https://api.congress.gov/v3/bill/114/hr/1185?format=json"
        },
        {
            "congress": 114,
            "introducedDate": "2015-02-13",
            "latestAction": {
                "actionDate": "2015-08-13",
                "text": "Referred to the Subcommittee on Military Personnel."
            },
            "number": "1010",
            "policyArea": {
                "name": "Armed Forces and National Security"
            },
            "title": "To provide for the posthumous commission as a captain in the regular Army of Milton Holland, who, while sergeant major of the 5th Regiment, United States Colored Infantry, was awarded the Medal of Honor for gallantry during the Civil War.",
            "type": "HR",
            "url": "https://api.congress.gov/v3/bill/114/hr/1010?format=json"
        },
        {
            "congress": 114,
            "introducedDate": "2015-02-12",
            "latestAction": {
                "actionDate": "2016-12-12",
                "text": "Reported by the Committee on Financial Services. H. Rept. 114-865, Part I."
            },
            "number": "957",
            "policyArea": {
                "name": "Finance and Financial Sector"
            },
            "title": "CFPB-IG Act of 2015",
            "type": "HR",
            "url": "https://api.congress.gov/v3/bill/114/hr/957?format=json"
        },
        {
            "congress": 114,
            "introducedDate": "2015-01-14",
            "latestAction": {
                "actionDate": "2015-07-22",
                "text": "Forwarded by Subcommittee to Full Committee by Voice Vote ."
            },
            "number": "359",
            "policyArea": {
                "name": "Armed Forces and National Security"
            },
            "title": "Veterans Dog Training Therapy Act",
            "type": "HR",
            "url": "https://api.congress.gov/v3/bill/114/hr/359?format=json"
        },
        {
            "congress": 114,
            "introducedDate": "2015-01-13",
            "latestAction": {
                "actionDate": "2015-04-14",
                "text": "Received in the Senate and Read twice and referred to the Committee on Banking, Housing, and Urban Affairs."
            },
            "number": "299",
            "policyArea": {
                "name": "Finance and Financial Sector"
            },
            "title": "Capital Access for Small Community Financial Institutions Act of 2015",
            "type": "HR",
            "url": "https://api.congress.gov/v3/bill/114/hr/299?format=json"
        },
        {
            "congress": 114,
            "introducedDate": "2015-05-19",
            "latestAction": {
                "actionDate": "2015-05-20",
                "actionTime": "14:03:28",
                "text": "Motion to reconsider laid on the table Agreed to without objection."
            },
            "number": "273",
            "policyArea": {
                "name": "Congress"
            },
            "title": "Providing for consideration of the bill (H.R. 2262) to facilitate a pro-growth environment for the developing commercial space industry by encouraging private sector investment and creating more stable and predictable regulatory conditions, and for other purposes; providing for consideration of the bill (H.R. 880) to amend the Internal Revenue Code of 1986 to simplify and make permanent the research credit; providing for consideration of motions to suspend the rules; and providing for proceedings during the period from May 22, 2015, through May 29, 2015.",
            "type": "HRES",
            "url": "https://api.congress.gov/v3/bill/114/hres/273?format=json"
        },
        {
            "congress": 114,
            "introducedDate": "2015-01-27",
            "latestAction": {
                "actionDate": "2015-04-29",
                "text": "Referred to the Subcommittee on Early Childhood, Elementary, and Secondary Education."
            },
            "number": "576",
            "policyArea": {
                "name": "Housing and Community Development"
            },
            "title": "Homeless Children and Youth Act of 2015",
            "type": "HR",
            "url": "https://api.congress.gov/v3/bill/114/hr/576?format=json"
        },
        {
            "congress": 114,
            "introducedDate": "2015-01-22",
            "latestAction": {
                "actionDate": "2015-01-22",
                "text": "Referred to the House Committee on Financial Services."
            },
            "number": "516",
            "policyArea": {
                "name": "Finance and Financial Sector"
            },
            "title": "Cents and Sensibility Act",
            "type": "HR",
            "url": "https://api.congress.gov/v3/bill/114/hr/516?format=json"
        },
        {
            "congress": 114,
            "introducedDate": "2015-04-14",
            "latestAction": {
                "actionDate": "2015-04-15",
                "actionTime": "17:08:02",
                "text": "Motion to reconsider laid on the table Agreed to without objection."
            },
            "number": "200",
            "policyArea": {
                "name": "Congress"
            },
            "title": "Providing for consideration of the bill (H.R. 622) to amend the Internal Revenue Code of 1986 to make permanent the deduction of State and local general sales taxes; providing for consideration of the bill (H.R. 1105) to amend the Internal Revenue Code of 1986 to repeal the estate and generation-skipping transfer taxes, and for other purposes; and providing for consideration of the bill (H.R. 1195) to amend the Consumer Financial Protection Act of 2010 to establish advisory boards, and for other purposes.",
            "type": "HRES",
            "url": "https://api.congress.gov/v3/bill/114/hres/200?format=json"
        }
    ]
}