{
    "pagination": {
        "count": 88
    },
    "request": {
        "bioguideId": "s001152",
        "contentType": "application/json",
        "format": "json"
    },
    "sponsoredLegislation": [
        {
            "amendmentNumber": "809",
            "congress": 109,
            "introducedDate": "2006-05-10",
            "latestAction": {
                "actionDate": "2006-05-10",
                "actionTime": "18:52:28",
                "text": "On agreeing to the Simmons amendment Agreed to by voice vote. "
            },
            "type": null,
            "url": "https://api.congress.gov/v3/amendment/109/hamdt/809?format=json"
        },
        {
            "amendmentNumber": "418",
            "congress": 109,
            "introducedDate": "2005-06-30",
            "latestAction": {
                "actionDate": "2005-06-30",
                "actionTime": "10:51:52",
                "text": "By unanimous consent, the Simmons amendment was withdrawn. "
            },
            "type": null,
            "url": "https://api.congress.gov/v3/amendment/109/hamdt/418?format=json"
        },
        {
            "congress": 109,
            "introducedDate": "2006-07-28",
            "latestAction": {
                "actionDate": "2006-09-06",
                "text": "Referred to the Subcommittee on Economic Opportunity."
            },
            "number": "6017",
            "policyArea": {
                "name": "Armed Forces and National Security"
            },
            "title": "War on Terror Wounded Heroes' Bill of Rights Act",
            "type": "HR",
            "url": "https://api.congress.gov/v3/bill/109/hr/6017?format=json"
        },
        {
            "congress": 109,
            "introducedDate": "2006-07-28",
            "latestAction": {
                "actionDate": "2006-08-07",
                "text": "Referred to the Subcommittee on Farm Commodities and Risk Management."
            },
            "number": "6018",
            "policyArea": {
                "name": "Foreign Trade and International Finance"
            },
            "title": "To provide temporary duty reductions for certain cotton fabrics, and for other purposes.",
            "type": "HR",
            "url": "https://api.congress.gov/v3/bill/109/hr/6018?format=json"
        },
        {
            "congress": 109,
            "introducedDate": "2006-07-25",
            "latestAction": {
                "actionDate": "2006-07-31",
                "text": "Executive Comment Requested from Interior."
            },
            "number": "5885",
            "policyArea": {
                "name": "Public Lands and Natural Resources"
            },
            "title": "Eightmile Wild and Scenic River Act",
            "type": "HR",
            "url": "https://api.congress.gov/v3/bill/109/hr/5885?format=json"
        },
        {
            "congress": 109,
            "introducedDate": "2006-07-10",
            "latestAction": {
                "actionDate": "2006-09-19",
                "text": "Referred to the Subcommittee on Select Education."
            },
            "number": "5752",
            "policyArea": {
                "name": "Families"
            },
            "title": "Mentoring Matches for Youth Act of 2006",
            "type": "HR",
            "url": "https://api.congress.gov/v3/bill/109/hr/5752?format=json"
        },
        {
            "congress": 109,
            "introducedDate": "2006-04-06",
            "latestAction": {
                "actionDate": "2006-10-16",
                "text": "Became Public Law No: 109-359."
            },
            "number": "5160",
            "policyArea": {
                "name": "Public Lands and Natural Resources"
            },
            "title": "Long Island Sound Stewardship Act of 2006",
            "type": "HR",
            "url": "https://api.congress.gov/v3/bill/109/hr/5160?format=json"
        },
        {
            "congress": 109,
            "introducedDate": "2006-03-16",
            "latestAction": {
                "actionDate": "2006-03-22",
                "text": "Referred to the Subcommittee on Intelligence, Information Sharing, and Terrorism Risk Assessment."
            },
            "number": "5003",
            "policyArea": {
                "name": "Emergency Management"
            },
            "title": "Homeland Security Open Source Intelligence Enhancement Act of 2006",
            "type": "HR",
            "url": "https://api.congress.gov/v3/bill/109/hr/5003?format=json"
        },
        {
            "congress": 109,
            "introducedDate": "2006-03-16",
            "latestAction": {
                "actionDate": "2006-03-23",
                "text": "Referred to the Subcommittee on Intelligence, Information Sharing, and Terrorism Risk Assessment."
            },
            "number": "5004",
            "policyArea": {
                "name": "Emergency Management"
            },
            "title": "To amend the Homeland Security Act of 2002 to provide for an Office of Intelligence and Analysis and an Office of Infrastructure Protection, and for other purposes.",
            "type": "HR",
            "url": "https://api.congress.gov/v3/bill/109/hr/5004?format=json"
        },
        {
            "congress": 109,
            "introducedDate": "2006-03-16",
            "latestAction": {
                "actionDate": "2006-03-21",
                "text": "Referred to the Subcommittee on Intelligence, Information Sharing, and Terrorism Risk Assessment."
            },
            "number": "5001",
            "policyArea": {
                "name": "Emergency Management"
            },
            "title": "Homeland Security Information Sharing Enhancement Act of 2006",
            "type": "HR",
            "url": "https://api.congress.gov/v3/bill/109/hr/5001?format=json"
        },
        {
            "congress": 109,
            "introducedDate": "2006-03-16",
            "latestAction": {
                "actionDate": "2006-03-23",
                "text": "Referred to the Subcommittee on Intelligence, Information Sharing, and Terrorism Risk Assessment."
            },
            "number": "5002",
            "policyArea": {
                "name": "Emergency Management"
            },
            "title": "Homeland Security Information Sharing Partnerships Act of 2006",
            "type": "HR",
            "url": "https://api.congress.gov/v3/bill/109/hr/5002?format=json"
        },
        {
            "congress": 109,
            "introducedDate": "2006-02-15",
            "latestAction": {
                "actionDate": "2006-05-01",
                "text": "Referred to the Subcommittee on Crime, Terrorism, and Homeland Security."
            },
            "number": "4764",
            "policyArea": {
                "name": "Crime and Law Enforcement"
            },
            "title": "Canine Volunteer Protection Act of 2006",
            "type": "HR",
            "url": "https://api.congress.gov/v3/bill/109/hr/4764?format=json"
        },
        {
            "congress": 109,
            "introducedDate": "2006-02-08",
            "latestAction": {
                "actionDate": "2006-02-08",
                "text": "Referred to the House Committee on International Relations."
            },
            "number": "4736",
            "policyArea": {
                "name": "International Affairs"
            },
            "title": "Ensuring Access to Contraceptives Act of 2006",
            "type": "HR",
            "url": "https://api.congress.gov/v3/bill/109/hr/4736?format=json"
        },
        {
            "congress": 109,
            "introducedDate": "2005-09-29",
            "latestAction": {
                "actionDate": "2005-12-22",
                "text": "Became Public Law No: 109-137."
            },
            "number": "3963",
            "policyArea": {
                "name": "Environmental Protection"
            },
            "title": "To amend the Federal Water Pollution Control Act to extend the authorization of appropriations for Long Island Sound.",
            "type": "HR",
            "url": "https://api.congress.gov/v3/bill/109/hr/3963?format=json"
        },
        {
            "congress": 109,
            "introducedDate": "2005-05-18",
            "latestAction": {
                "actionDate": "2005-05-26",
                "text": "Referred to the Subcommittee on Trade."
            },
            "number": "2462",
            "policyArea": {
                "name": "Foreign Trade and International Finance"
            },
            "title": "To suspend temporarily the duty on certain camel hair.",
            "type": "HR",
            "url": "https://api.congress.gov/v3/bill/109/hr/2462?format=json"
        },
        {
            "congress": 109,
            "introducedDate": "2005-05-18",
            "latestAction": {
                "actionDate": "2005-05-26",
                "text": "Referred to the Subcommittee on Trade."
            },
            "number": "2461",
            "policyArea": {
                "name": "Foreign Trade and International Finance"
            },
            "title": "To extend the temporary suspension of duty on certain Kashmir (cashmere) hair.",
            "type": "HR",
            "url": "https://api.congress.gov/v3/bill/109/hr/2461?format=json"
        },
        {
            "congress": 109,
            "introducedDate": "2005-05-18",
            "latestAction": {
                "actionDate": "2005-05-26",
                "text": "Referred to the Subcommittee on Trade."
            },
            "number": "2467",
            "policyArea": {
                "name": "Foreign Trade and International Finance"
            },
            "title": "To extend the temporary suspension of duty on fine animal hair of Kashmir (cashmere) goats.",
            "type": "HR",
            "url": "https://api.congress.gov/v3/bill/109/hr/2467?format=json"
        },
        {
            "congress": 109,
            "introducedDate": "2005-05-18",
            "latestAction": {
                "actionDate": "2005-05-26",
                "text": "Referred to the Subcommittee on Trade."
            },
            "number": "2466",
            "policyArea": {
                "name": "Foreign Trade and International Finance"
            },
            "title": "To suspend temporarily the duty on certain camel hair.",
            "type": "HR",
            "url": "https://api.congress.gov/v3/bill/109/hr/2466?format=json"
        },
        {
            "congress": 109,
            "introducedDate": "2005-05-18",
            "latestAction": {
                "actionDate": "2005-05-26",
                "text": "Referred to the Subcommittee on Trade."
            },
            "number": "2459",
            "policyArea": {
                "name": "Foreign Trade and International Finance"
            },
            "title": "To extend the temporary suspension of duty on yarn of combed Kashmir (cashmere) and yarn of camel hair.",
            "type": "HR",
            "url": "https://api.congress.gov/v3/bill/109/hr/2459?format=json"
        },
        {
            "congress": 109,
            "introducedDate": "2005-05-18",
            "latestAction": {
                "actionDate": "2005-05-26",
                "text": "Referred to the Subcommittee on Trade."
            },
            "number": "2463",
            "policyArea": {
                "name": "Foreign Trade and International Finance"
            },
            "title": "To suspend temporarily the duty on waste of camel hair.",
            "type": "HR",
            "url": "https://api.congress.gov/v3/bill/109/hr/2463?format=json"
        },
        {
            "congress": 109,
            "introducedDate": "2005-05-18",
            "latestAction": {
                "actionDate": "2005-05-26",
                "text": "Referred to the Subcommittee on Trade."
            },
            "number": "2465",
            "policyArea": {
                "name": "Foreign Trade and International Finance"
            },
            "title": "To suspend temporarily the duty on woven fabric containing vicuna hair.",
            "type": "HR",
            "url": "https://api.congress.gov/v3/bill/109/hr/2465?format=json"
        },
        {
            "congress": 109,
            "introducedDate": "2005-05-18",
            "latestAction": {
                "actionDate": "2005-05-26",
                "text": "Referred to the Subcommittee on Trade."
            },
            "number": "2460",
            "policyArea": {
                "name": "Foreign Trade and International Finance"
            },
            "title": "To extend the temporary suspension of duty on certain yarn of carded Kashmir (cashmere).",
            "type": "HR",
            "url": "https://api.congress.gov/v3/bill/109/hr/2460?format=json"
        },
        {
            "congress": 109,
            "introducedDate": "2005-05-18",
            "latestAction": {
                "actionDate": "2005-05-26",
                "text": "Referred to the Subcommittee on Trade."
            },
            "number": "2468",
            "policyArea": {
                "name": "Foreign Trade and International Finance"
            },
            "title": "To suspend temporarily the duty on noils of camel hair.",
            "type": "HR",
            "url": "https://api.congress.gov/v3/bill/109/hr/2468?format=json"
        },
        {
            "congress": 109,
            "introducedDate": "2005-05-18",
            "latestAction": {
                "actionDate": "2005-05-26",
                "text": "Referred to the Subcommittee on Trade."
            },
            "number": "2464",
            "policyArea": {
                "name": "Foreign Trade and International Finance"
            },
            "title": "To suspend temporarily the duty on certain camel hair.",
            "type": "HR",
            "url": "https://api.congress.gov/v3/bill/109/hr/2464?format=json"
        },
        {
            "congress": 109,
            "introducedDate": "2005-04-27",
            "latestAction": {
                "actionDate": "2006-07-28",
                "text": "Sponsor introductory remarks on measure. (CR E1593)"
            },
            "number": "1945",
            "policyArea": {
                "name": "Foreign Trade and International Finance"
            },
            "title": "To provide temporary duty reductions for certain cotton fabrics, and for other purposes.",
            "type": "HR",
            "url": "https://api.congress.gov/v3/bill/109/hr/1945?format=json"
        },
        {
            "congress": 109,
            "introducedDate": "2005-04-27",
            "latestAction": {
                "actionDate": "2005-05-09",
                "text": "Referred to the Subcommittee on Trade."
            },
            "number": "1944",
            "policyArea": {
                "name": "Foreign Trade and International Finance"
            },
            "title": "To reduce temporarily the duty on certain articles of natural cork.",
            "type": "HR",
            "url": "https://api.congress.gov/v3/bill/109/hr/1944?format=json"
        },
        {
            "congress": 109,
            "introducedDate": "2005-04-13",
            "latestAction": {
                "actionDate": "2005-04-13",
                "text": "Referred to the House Committee on Ways and Means."
            },
            "number": "1621",
            "policyArea": {
                "name": "Taxation"
            },
            "title": "Taxpayer Protection Act of 2005",
            "type": "HR",
            "url": "https://api.congress.gov/v3/bill/109/hr/1621?format=json"
        },
        {
            "congress": 109,
            "introducedDate": "2005-04-14",
            "latestAction": {
                "actionDate": "2005-05-10",
                "text": "Referred to the Subcommittee on Crime, Terrorism, and Homeland Security."
            },
            "number": "1664",
            "policyArea": {
                "name": "Crime and Law Enforcement"
            },
            "title": "To ensure that amounts in the Victims of Crime Fund are fully obligated.",
            "type": "HR",
            "url": "https://api.congress.gov/v3/bill/109/hr/1664?format=json"
        },
        {
            "congress": 109,
            "introducedDate": "2005-04-12",
            "latestAction": {
                "actionDate": "2005-04-12",
                "text": "Referred to the House Committee on Ways and Means."
            },
            "number": "1581",
            "policyArea": {
                "name": "Taxation"
            },
            "title": "Simplify Tax Filing for Seniors Act of 2005",
            "type": "HR",
            "url": "https://api.congress.gov/v3/bill/109/hr/1581?format=json"
        },
        {
            "congress": 109,
            "introducedDate": "2005-03-16",
            "latestAction": {
                "actionDate": "2005-03-23",
                "text": "Executive Comment Requested from Interior."
            },
            "number": "1354",
            "policyArea": {
                "name": "Native Americans"
            },
            "title": "To provide uniform criteria for the administrative acknowledgment and recognition of Indian tribes, and for other purposes.",
            "type": "HR",
            "url": "https://api.congress.gov/v3/bill/109/hr/1354?format=json"
        },
        {
            "congress": 109,
            "introducedDate": "2005-03-09",
            "latestAction": {
                "actionDate": "2005-03-16",
                "text": "Referred to the Subcommittee on National Parks."
            },
            "number": "1205",
            "policyArea": {
                "name": "Public Lands and Natural Resources"
            },
            "title": "To amend the Quinebaug and Shetucket Rivers Valley National Heritage Corridor Act of 1994 to extend the authorization for that corridor, and for other purposes.",
            "type": "HR",
            "url": "https://api.congress.gov/v3/bill/109/hr/1205?format=json"
        },
        {
            "congress": 109,
            "introducedDate": "2005-02-17",
            "latestAction": {
                "actionDate": "2006-11-13",
                "text": "Read twice and referred to the Committee on Energy and Natural Resources."
            },
            "number": "971",
            "policyArea": {
                "name": "Energy"
            },
            "title": "To extend the deadline for commencement of construction of certain hydroelectric projects in Connecticut, and for other purposes.",
            "type": "HR",
            "url": "https://api.congress.gov/v3/bill/109/hr/971?format=json"
        },
        {
            "congress": 109,
            "introducedDate": "2005-01-25",
            "latestAction": {
                "actionDate": "2005-06-27",
                "text": "Subcommittee Hearings Held."
            },
            "number": "307",
            "policyArea": {
                "name": "Public Lands and Natural Resources"
            },
            "title": "Long Island Sound Stewardship Act of 2005",
            "type": "HR",
            "url": "https://api.congress.gov/v3/bill/109/hr/307?format=json"
        },
        {
            "congress": 109,
            "introducedDate": "2006-04-05",
            "latestAction": {
                "actionDate": "2006-05-24",
                "text": "Referred to the Subcommittee on 21st Century Competitiveness."
            },
            "number": "768",
            "policyArea": {
                "name": "Commemorations"
            },
            "title": "Congratulating Geno Auriemma, the University of Connecticut women's basketball head coach, upon his selection to the Naismith Memorial Basketball Hall of Fame in Springfield, Massachusetts.",
            "type": "HRES",
            "url": "https://api.congress.gov/v3/bill/109/hres/768?format=json"
        },
        {
            "congress": 109,
            "introducedDate": "2006-06-29",
            "latestAction": {
                "actionDate": "2006-09-14",
                "text": "Received in the Senate and referred to the Committee on Armed Services."
            },
            "number": "444",
            "policyArea": {
                "name": "Commemorations"
            },
            "title": "Extending the appreciation of Congress and the Nation to the Department of Defense organizations, military departments, and personnel engaged in the mission to achieve the fullest possible accounting for all Americans unaccounted for as a result of the Nation's wars, to the POW/MIA families and veterans who support the mission, and to foreign nations that assist in the mission.",
            "type": "HCONRES",
            "url": "https://api.congress.gov/v3/bill/109/hconres/444?format=json"
        },
        {
            "congress": 109,
            "introducedDate": "2006-02-16",
            "latestAction": {
                "actionDate": "2006-07-25",
                "text": "Received in the Senate and referred to the Committee on Veterans' Affairs."
            },
            "number": "347",
            "policyArea": {
                "name": "Commemorations"
            },
            "title": "Honoring the National Association of State Veterans Homes and the 119 State veterans homes providing long-term care to veterans that are represented by that association for their contributions to the health care of veterans and the health-care system of the Nation.",
            "type": "HCONRES",
            "url": "https://api.congress.gov/v3/bill/109/hconres/347?format=json"
        },
        {
            "congress": 109,
            "introducedDate": "2005-05-16",
            "latestAction": {
                "actionDate": "2005-06-28",
                "text": "Received in the Senate and referred to the Committee on the Judiciary."
            },
            "number": "152",
            "policyArea": {
                "name": "Commemorations"
            },
            "title": "Commemorating Mystic Seaport: the Museum of America and the Sea in recognition of its 75th year.",
            "type": "HCONRES",
            "url": "https://api.congress.gov/v3/bill/109/hconres/152?format=json"
        },
        {
            "amendmentNumber": "786",
            "congress": 108,
            "introducedDate": "2004-10-07",
            "latestAction": {
                "actionDate": "2004-10-07",
                "actionTime": "23:22:40",
                "text": "On agreeing to the Simmons amendment Agreed to by voice vote. "
            },
            "type": null,
            "url": "https://api.congress.gov/v3/amendment/108/hamdt/786?format=json"
        },
        {
            "amendmentNumber": "607",
            "congress": 108,
            "introducedDate": "2004-06-23",
            "latestAction": {
                "actionDate": "2004-06-23",
                "actionTime": "21:28:18",
                "text": "On agreeing to the Simmons amendment Agreed to by recorded vote: 417 - 1 (Roll no. 296). "
            },
            "type": null,
            "url": "https://api.congress.gov/v3/amendment/108/hamdt/607?format=json"
        },
        {
            "amendmentNumber": "572",
            "congress": 108,
            "introducedDate": "2004-06-17",
            "latestAction": {
                "actionDate": "2004-06-17",
                "actionTime": "21:52:56",
                "text": "On agreeing to the Simmons amendment Failed by voice vote. "
            },
            "type": null,
            "url": "https://api.congress.gov/v3/amendment/108/hamdt/572?format=json"
        },
        {
            "congress": 108,
            "introducedDate": "2004-07-20",
            "latestAction": {
                "actionDate": "2004-07-26",
                "text": "Executive Comment Requested from Commerce."
            },
            "number": "4876",
            "policyArea": {
                "name": "Public Lands and Natural Resources"
            },
            "title": "Long Island Sound Stewardship Act of 2004",
            "type": "HR",
            "url": "https://api.congress.gov/v3/bill/108/hr/4876?format=json"
        },
        {
            "congress": 108,
            "introducedDate": "2004-07-19",
            "latestAction": {
                "actionDate": "2004-07-22",
                "text": "Referred to the Subcommittee on Immigration, Border Security, and Claims."
            },
            "number": "4862",
            "policyArea": {
                "name": "Private Legislation"
            },
            "title": "For the relief of Majan Jean.",
            "type": "HR",
            "url": "https://api.congress.gov/v3/bill/108/hr/4862?format=json"
        },
        {
            "congress": 108,
            "introducedDate": "2004-07-07",
            "latestAction": {
                "actionDate": "2004-09-30",
                "text": "Received in the Senate."
            },
            "number": "4768",
            "policyArea": {
                "name": "Armed Forces and National Security"
            },
            "title": "Veterans Health Programs and Facilities Enhancement Act of 2004",
            "type": "HR",
            "url": "https://api.congress.gov/v3/bill/108/hr/4768?format=json"
        },
        {
            "congress": 108,
            "introducedDate": "2004-05-20",
            "latestAction": {
                "actionDate": "2004-06-25",
                "text": "Referred to the Subcommittee on Education Reform."
            },
            "number": "4464",
            "policyArea": {
                "name": "Education"
            },
            "title": "No Child Left Behind Reform Act",
            "type": "HR",
            "url": "https://api.congress.gov/v3/bill/108/hr/4464?format=json"
        },
        {
            "congress": 108,
            "introducedDate": "2004-04-28",
            "latestAction": {
                "actionDate": "2004-09-30",
                "text": "Received in the Senate."
            },
            "number": "4231",
            "policyArea": {
                "name": "Armed Forces and National Security"
            },
            "title": "Department of Veterans Affairs Nurse Recruitment and Retention Act of 2004",
            "type": "HR",
            "url": "https://api.congress.gov/v3/bill/108/hr/4231?format=json"
        },
        {
            "congress": 108,
            "introducedDate": "2004-04-28",
            "latestAction": {
                "actionDate": "2004-05-07",
                "text": "Read the second time. Placed on Senate Legislative Calendar under General Orders. Calendar No. 501."
            },
            "number": "4227",
            "policyArea": {
                "name": "Taxation"
            },
            "title": "Middle-Class Alternative Minimum Tax Relief Act of 2004",
            "type": "HR",
            "url": "https://api.congress.gov/v3/bill/108/hr/4227?format=json"
        },
        {
            "congress": 108,
            "introducedDate": "2004-04-22",
            "latestAction": {
                "actionDate": "2004-04-26",
                "text": "Executive Comment Requested from Interior."
            },
            "number": "4213",
            "policyArea": {
                "name": "Native Americans"
            },
            "title": "To provide uniform criteria for the administrative acknowledgment and recognition of Indian tribes, and for other purposes.",
            "type": "HR",
            "url": "https://api.congress.gov/v3/bill/108/hr/4213?format=json"
        },
        {
            "congress": 108,
            "introducedDate": "2003-07-25",
            "latestAction": {
                "actionDate": "2003-07-25",
                "text": "Referred to the House Committee on Ways and Means."
            },
            "number": "2973",
            "policyArea": {
                "name": "Taxation"
            },
            "title": "Commercial Fishermen Safety Act of 2003",
            "type": "HR",
            "url": "https://api.congress.gov/v3/bill/108/hr/2973?format=json"
        },
        {
            "congress": 108,
            "introducedDate": "2003-06-05",
            "latestAction": {
                "actionDate": "2003-06-09",
                "text": "Referred to the Subcommittee on Highways, Transit and Pipelines."
            },
            "number": "2384",
            "policyArea": {
                "name": "Transportation and Public Works"
            },
            "title": "To amend title 23, United States Code, to provide an exemption from Interstate System weight limitations for milk hauling vehicles in the State of Connecticut.",
            "type": "HR",
            "url": "https://api.congress.gov/v3/bill/108/hr/2384?format=json"
        },
        {
            "congress": 108,
            "introducedDate": "2003-06-05",
            "latestAction": {
                "actionDate": "2003-12-06",
                "text": "See Public Law 108-170."
            },
            "number": "2352",
            "policyArea": {
                "name": "Armed Forces and National Security"
            },
            "title": "To amend title 38, United States Code, to provide eligibility for Department of Veterans Affairs health care for certain Filipino World War II veterans residing in the United States.",
            "type": "HR",
            "url": "https://api.congress.gov/v3/bill/108/hr/2352?format=json"
        },
        {
            "congress": 108,
            "introducedDate": "2003-06-02",
            "latestAction": {
                "actionDate": "2003-06-25",
                "text": "Referred to the Subcommittee on Crime, Terrorism, and Homeland Security."
            },
            "number": "2296",
            "policyArea": {
                "name": "Crime and Law Enforcement"
            },
            "title": "Federal No Frills Prisons Act of 2003",
            "type": "HR",
            "url": "https://api.congress.gov/v3/bill/108/hr/2296?format=json"
        },
        {
            "congress": 108,
            "introducedDate": "2003-06-02",
            "latestAction": {
                "actionDate": "2003-07-18",
                "text": "Referred to the Subcommittee on Total Force."
            },
            "number": "2287",
            "policyArea": {
                "name": "Armed Forces and National Security"
            },
            "title": "Dental Officer Retention Act",
            "type": "HR",
            "url": "https://api.congress.gov/v3/bill/108/hr/2287?format=json"
        },
        {
            "congress": 108,
            "introducedDate": "2003-04-12",
            "latestAction": {
                "actionDate": "2003-12-06",
                "text": "See Public Law 108-170."
            },
            "number": "1832",
            "policyArea": {
                "name": "Commemorations"
            },
            "title": "To name the Department of Veterans Affairs outpatient clinic located in New London, Connecticut, as the \"John P. McGuirk Department of Veterans Affairs Outpatient Clinic\".",
            "type": "HR",
            "url": "https://api.congress.gov/v3/bill/108/hr/1832?format=json"
        },
        {
            "congress": 108,
            "introducedDate": "2003-04-12",
            "latestAction": {
                "actionDate": "2003-04-22",
                "text": "Referred to the Subcommittee on Trade."
            },
            "number": "1833",
            "policyArea": {
                "name": "Foreign Trade and International Finance"
            },
            "title": "To reduce temporarily the duty on certain articles of natural cork.",
            "type": "HR",
            "url": "https://api.congress.gov/v3/bill/108/hr/1833?format=json"
        },
        {
            "congress": 108,
            "introducedDate": "2003-04-10",
            "latestAction": {
                "actionDate": "2003-10-30",
                "text": "Received in the Senate and Read twice and referred to the Committee on Veterans' Affairs."
            },
            "number": "1720",
            "policyArea": {
                "name": "Armed Forces and National Security"
            },
            "title": "Veterans Health Care Facilities Capital Improvement Act",
            "type": "HR",
            "url": "https://api.congress.gov/v3/bill/108/hr/1720?format=json"
        },
        {
            "congress": 108,
            "introducedDate": "2003-04-09",
            "latestAction": {
                "actionDate": "2003-05-05",
                "text": "Referred to the Subcommittee on Crime, Terrorism, and Homeland Security."
            },
            "number": "1706",
            "policyArea": {
                "name": "Crime and Law Enforcement"
            },
            "title": "Cybermolesters Enforcement Act of 2003",
            "type": "HR",
            "url": "https://api.congress.gov/v3/bill/108/hr/1706?format=json"
        },
        {
            "congress": 108,
            "introducedDate": "2003-03-04",
            "latestAction": {
                "actionDate": "2003-04-24",
                "text": "Referred to the Subcommittee on Energy and Air Quality."
            },
            "number": "1074",
            "policyArea": {
                "name": "Energy"
            },
            "title": "To extend the deadline for commencement of construction of a project in Connecticut, and for other purposes.",
            "type": "HR",
            "url": "https://api.congress.gov/v3/bill/108/hr/1074?format=json"
        },
        {
            "congress": 108,
            "introducedDate": "2003-02-26",
            "latestAction": {
                "actionDate": "2003-03-06",
                "text": "Referred to the Subcommittee on Crime, Terrorism, and Homeland Security."
            },
            "number": "944",
            "policyArea": {
                "name": "Crime and Law Enforcement"
            },
            "title": "To ensure that amounts in the Victims of Crime Fund are fully obligated.",
            "type": "HR",
            "url": "https://api.congress.gov/v3/bill/108/hr/944?format=json"
        },
        {
            "congress": 108,
            "introducedDate": "2003-01-07",
            "latestAction": {
                "actionDate": "2003-01-08",
                "text": "Referred to the Subcommittee on Highways and Transit."
            },
            "number": "191",
            "policyArea": {
                "name": "Transportation and Public Works"
            },
            "title": "Route 11 Greenway Act of 2003",
            "type": "HR",
            "url": "https://api.congress.gov/v3/bill/108/hr/191?format=json"
        },
        {
            "congress": 108,
            "introducedDate": "2004-09-14",
            "latestAction": {
                "actionDate": "2004-09-15",
                "actionTime": "13:35:18",
                "text": "Motion to reconsider laid on the table Agreed to without objection."
            },
            "number": "771",
            "policyArea": {
                "name": "Commemorations"
            },
            "title": "Expressing the thanks of the House of Representatives and the Nation for the contributions to freedom made by American POW/MIAs on National POW/MIA Recognition Day.",
            "type": "HRES",
            "url": "https://api.congress.gov/v3/bill/108/hres/771?format=json"
        },
        {
            "congress": 108,
            "introducedDate": "2004-04-20",
            "latestAction": {
                "actionDate": "2004-05-04",
                "actionTime": "19:21:43",
                "text": "On motion to suspend the rules and agree to the resolution Agreed to by the Yeas and Nays: (2/3 required): 401 - 0, 2 Present (Roll no. 141). (text: CR H2511)"
            },
            "number": "599",
            "policyArea": {
                "name": "Commemorations"
            },
            "title": "Congratulating the University of Connecticut Huskies for winning the 2004 National Collegiate Athletic Association Division I men and women's basketball championships.",
            "type": "HRES",
            "url": "https://api.congress.gov/v3/bill/108/hres/599?format=json"
        },
        {
            "congress": 108,
            "introducedDate": "2003-04-09",
            "latestAction": {
                "actionDate": "2003-04-11",
                "actionTime": "13:53:14",
                "text": "Motion to reconsider laid on the table Agreed to without objection."
            },
            "number": "187",
            "policyArea": {
                "name": "Commemorations"
            },
            "title": "Congratulating the University of Connecticut Huskies for winning the 2003 National Collegiate Athletic Association Division I women's basketball championship.",
            "type": "HRES",
            "url": "https://api.congress.gov/v3/bill/108/hres/187?format=json"
        },
        {
            "congress": 108,
            "introducedDate": "2004-07-22",
            "latestAction": {
                "actionDate": "2004-07-22",
                "text": "Referred to the Committee on Armed Services, and in addition to the Committee on International Relations, for a period to be subsequently determined by the Speaker, in each case for consideration of such provisions as fall within the jurisdiction of the committee concerned."
            },
            "number": "485",
            "policyArea": {
                "name": "Commemorations"
            },
            "title": "Extending the thanks of Congress and the Nation to the Defense POW/Missing Personnel Office and the Joint POW/MIA Accounting Command of the Department of Defense and to the Socialist Republic of Vietnam for their efforts to achieve the fullest possible accounting of all Americans unaccounted for as a result of the Vietnam War.",
            "type": "HCONRES",
            "url": "https://api.congress.gov/v3/bill/108/hconres/485?format=json"
        },
        {
            "amendmentNumber": "366",
            "congress": 107,
            "introducedDate": "2001-10-05",
            "latestAction": {
                "actionDate": "2001-10-05",
                "actionTime": "11:55:27",
                "text": "On agreeing to the Simmons amendment Agreed to by voice vote. "
            },
            "type": null,
            "url": "https://api.congress.gov/v3/amendment/107/hamdt/366?format=json"
        },
        {
            "congress": 107,
            "introducedDate": "2002-10-10",
            "latestAction": {
                "actionDate": "2002-10-28",
                "text": "Referred to the Subcommittee on Health."
            },
            "number": "5633",
            "policyArea": {
                "name": "Health"
            },
            "title": "Federal Asthma Assessment and State Tracking Act of 2002",
            "type": "HR",
            "url": "https://api.congress.gov/v3/bill/107/hr/5633?format=json"
        },
        {
            "congress": 107,
            "introducedDate": "2002-06-12",
            "latestAction": {
                "actionDate": "2002-06-12",
                "text": "Referred to the House Committee on Armed Services."
            },
            "number": "4924",
            "policyArea": {
                "name": "Armed Forces and National Security"
            },
            "title": "Dental Officer Retention Act",
            "type": "HR",
            "url": "https://api.congress.gov/v3/bill/107/hr/4924?format=json"
        },
        {
            "congress": 107,
            "introducedDate": "2002-06-12",
            "latestAction": {
                "actionDate": "2002-06-13",
                "text": "Referred to the Subcommittee on Highways and Transit."
            },
            "number": "4925",
            "policyArea": {
                "name": "Transportation and Public Works"
            },
            "title": "To amend title 23, United States Code, to provide an exemption from Interstate System weight limitations for milk hauling vehicles in the State of Connecticut.",
            "type": "HR",
            "url": "https://api.congress.gov/v3/bill/107/hr/4925?format=json"
        },
        {
            "congress": 107,
            "introducedDate": "2002-05-21",
            "latestAction": {
                "actionDate": "2002-06-03",
                "text": "Referred to the Subcommittee on Energy and Air Quality."
            },
            "number": "4788",
            "policyArea": {
                "name": "Energy"
            },
            "title": "To extend the deadline for commencement of construction of a hydroelectric project in Connecticut, and for other purposes.",
            "type": "HR",
            "url": "https://api.congress.gov/v3/bill/107/hr/4788?format=json"
        },
        {
            "congress": 107,
            "introducedDate": "2002-04-16",
            "latestAction": {
                "actionDate": "2002-04-16",
                "text": "Referred to the House Committee on Ways and Means."
            },
            "number": "4449",
            "policyArea": {
                "name": "Foreign Trade and International Finance"
            },
            "title": "To suspend temporarily the duty on combed cashmere and camel hair yarn.",
            "type": "HR",
            "url": "https://api.congress.gov/v3/bill/107/hr/4449?format=json"
        },
        {
            "congress": 107,
            "introducedDate": "2002-04-16",
            "latestAction": {
                "actionDate": "2002-04-16",
                "text": "Referred to the House Committee on Ways and Means."
            },
            "number": "4450",
            "policyArea": {
                "name": "Foreign Trade and International Finance"
            },
            "title": "To suspend temporarily the duty on carded cashmere yarn of 6 run or finer.",
            "type": "HR",
            "url": "https://api.congress.gov/v3/bill/107/hr/4450?format=json"
        },
        {
            "congress": 107,
            "introducedDate": "2002-03-19",
            "latestAction": {
                "actionDate": "2002-03-19",
                "text": "Referred to the House Committee on Government Reform."
            },
            "number": "4007",
            "policyArea": {
                "name": "Commemorations"
            },
            "title": "To designate the facility of the United States Postal Service located at 66 South Broad Street in Pawcatuck, Connecticut, as the \"Vincent F. Faulise Post Office Building\".",
            "type": "HR",
            "url": "https://api.congress.gov/v3/bill/107/hr/4007?format=json"
        },
        {
            "congress": 107,
            "introducedDate": "2002-02-05",
            "latestAction": {
                "actionDate": "2002-06-27",
                "text": "Sponsor introductory remarks on measure. (CR H4291-4292)"
            },
            "number": "3684",
            "policyArea": {
                "name": "Health"
            },
            "title": "Immediate Helping Hand Prescription Drug Assistance Act of 2002",
            "type": "HR",
            "url": "https://api.congress.gov/v3/bill/107/hr/3684?format=json"
        },
        {
            "congress": 107,
            "introducedDate": "2001-12-19",
            "latestAction": {
                "actionDate": "2001-12-20",
                "text": "Executive Comment Requested from Interior."
            },
            "number": "3548",
            "policyArea": {
                "name": "Native Americans"
            },
            "title": "To provide for uniform recognition of Indian tribes by the Bureau of Indian Affairs, and for other purposes.",
            "type": "HR",
            "url": "https://api.congress.gov/v3/bill/107/hr/3548?format=json"
        },
        {
            "congress": 107,
            "introducedDate": "2001-12-05",
            "latestAction": {
                "actionDate": "2001-12-21",
                "text": "Referred to the Subcommittee on Health."
            },
            "number": "3418",
            "policyArea": {
                "name": "Commemorations"
            },
            "title": "To name the Department of Veterans Affairs outpatient clinic located in New London, Connecticut, as the \"John P. McGuirk Department of Veterans Affairs Outpatient Clinic\".",
            "type": "HR",
            "url": "https://api.congress.gov/v3/bill/107/hr/3418?format=json"
        },
        {
            "congress": 107,
            "introducedDate": "2001-08-02",
            "latestAction": {
                "actionDate": "2001-09-10",
                "text": "Referred to the Subcommittee on Crime."
            },
            "number": "2817",
            "policyArea": {
                "name": "Crime and Law Enforcement"
            },
            "title": "Cybermolesters Enforcement Act of 2001",
            "type": "HR",
            "url": "https://api.congress.gov/v3/bill/107/hr/2817?format=json"
        },
        {
            "congress": 107,
            "introducedDate": "2001-08-02",
            "latestAction": {
                "actionDate": "2001-08-02",
                "text": "Referred to the House Committee on Ways and Means."
            },
            "number": "2816",
            "policyArea": {
                "name": "Taxation"
            },
            "title": "Raid on Radon Tax Credit Act of 2001",
            "type": "HR",
            "url": "https://api.congress.gov/v3/bill/107/hr/2816?format=json"
        },
        {
            "congress": 107,
            "introducedDate": "2001-07-10",
            "latestAction": {
                "actionDate": "2001-07-18",
                "text": "Referred to the Subcommittee on National Parks, Recreation and Public Lands."
            },
            "number": "2452",
            "policyArea": {
                "name": "Public Lands and Natural Resources"
            },
            "title": "Quinebaug and Shetucket Rivers Valley National Heritage Corridor Protection Act of 2001",
            "type": "HR",
            "url": "https://api.congress.gov/v3/bill/107/hr/2452?format=json"
        },
        {
            "congress": 107,
            "introducedDate": "2001-06-28",
            "latestAction": {
                "actionDate": "2001-06-29",
                "text": "Sponsor introductory remarks on measure. (CR E1266)"
            },
            "number": "2419",
            "policyArea": {
                "name": "Taxation"
            },
            "title": "Commercial Fishermen Safety Act of 2001",
            "type": "HR",
            "url": "https://api.congress.gov/v3/bill/107/hr/2419?format=json"
        },
        {
            "congress": 107,
            "introducedDate": "2001-06-14",
            "latestAction": {
                "actionDate": "2001-06-16",
                "text": "Referred to the Subcommittee on Railroads."
            },
            "number": "2205",
            "policyArea": {
                "name": "Transportation and Public Works"
            },
            "title": "Amtrak Good Neighbor Act of 2001",
            "type": "HR",
            "url": "https://api.congress.gov/v3/bill/107/hr/2205?format=json"
        },
        {
            "congress": 107,
            "introducedDate": "2001-05-17",
            "latestAction": {
                "actionDate": "2001-07-20",
                "text": "Referred to the Subcommittee on Education Reform."
            },
            "number": "1912",
            "policyArea": {
                "name": "Education"
            },
            "title": "Keeping Our Promise to Special Education Act of 2001",
            "type": "HR",
            "url": "https://api.congress.gov/v3/bill/107/hr/1912?format=json"
        },
        {
            "congress": 107,
            "introducedDate": "2001-04-04",
            "latestAction": {
                "actionDate": "2001-07-17",
                "text": "Subcommittee Hearings Held."
            },
            "number": "1518",
            "policyArea": {
                "name": "Public Lands and Natural Resources"
            },
            "title": "Avery Point Lighthouse Restoration Act of 2001",
            "type": "HR",
            "url": "https://api.congress.gov/v3/bill/107/hr/1518?format=json"
        },
        {
            "congress": 107,
            "introducedDate": "2001-03-19",
            "latestAction": {
                "actionDate": "2001-04-19",
                "text": "Referred to the Subcommittee on Crime."
            },
            "number": "1092",
            "policyArea": {
                "name": "Crime and Law Enforcement"
            },
            "title": "To ensure that amounts in the Victims of Crime Fund are fully obligated.",
            "type": "HR",
            "url": "https://api.congress.gov/v3/bill/107/hr/1092?format=json"
        },
        {
            "congress": 107,
            "introducedDate": "2001-03-14",
            "latestAction": {
                "actionDate": "2001-04-19",
                "text": "Referred to the Subcommittee on Crime."
            },
            "number": "1031",
            "policyArea": {
                "name": "Crime and Law Enforcement"
            },
            "title": "Federal No Frills Prisons Act of 2001",
            "type": "HR",
            "url": "https://api.congress.gov/v3/bill/107/hr/1031?format=json"
        },
        {
            "congress": 107,
            "introducedDate": "2001-03-01",
            "latestAction": {
                "actionDate": "2001-03-02",
                "text": "Referred to the Subcommittee on Economic Development, Public Buildings and Emergency Management."
            },
            "number": "850",
            "policyArea": {
                "name": "Transportation and Public Works"
            },
            "title": "National Coast Guard Museum Act of 2001",
            "type": "HR",
            "url": "https://api.congress.gov/v3/bill/107/hr/850?format=json"
        },
        {
            "congress": 107,
            "introducedDate": "2001-01-03",
            "latestAction": {
                "actionDate": "2001-11-06",
                "text": "Became Public Law No: 107-65."
            },
            "number": "182",
            "policyArea": {
                "name": "Public Lands and Natural Resources"
            },
            "title": "Eight Mile River Wild and Scenic River Study Act of 2001",
            "type": "HR",
            "url": "https://api.congress.gov/v3/bill/107/hr/182?format=json"
        },
        {
            "congress": 107,
            "introducedDate": "2002-04-30",
            "latestAction": {
                "actionDate": "2002-04-30",
                "actionTime": "19:38:34",
                "text": "Motion to reconsider laid on the table Agreed to without objection."
            },
            "number": "401",
            "policyArea": {
                "name": "Commemorations"
            },
            "title": "Congratulating the University of Connecticut Huskies for winning the 2002 National Collegiate Athletic Association Division I women's basketball championship.",
            "type": "HRES",
            "url": "https://api.congress.gov/v3/bill/107/hres/401?format=json"
        },
        {
            "congress": 107,
            "introducedDate": "2001-12-19",
            "latestAction": {
                "actionDate": "2002-02-13",
                "text": "Referred to the Subcommittee on Military Procurement."
            },
            "number": "294",
            "policyArea": {
                "name": "Commemorations"
            },
            "title": "Expressing the sense of the Congress that the Secretary of the Navy should name a new naval vessel the \"U.S.S. Bluejacket\".",
            "type": "HCONRES",
            "url": "https://api.congress.gov/v3/bill/107/hconres/294?format=json"
        },
        {
            "congress": 107,
            "introducedDate": "2001-03-21",
            "latestAction": {
                "actionDate": "2001-03-21",
                "text": "Referred to the House Committee on Government Reform."
            },
            "number": "75",
            "policyArea": {
                "name": "Commemorations"
            },
            "title": "Expressing the sense of the Congress that a commemorative postage stamp should be issued honoring Hiram Bingham IV, and that the Citizens' Stamp Advisory Committee should recommend to the Postmaster General that such a stamp be issued.",
            "type": "HCONRES",
            "url": "https://api.congress.gov/v3/bill/107/hconres/75?format=json"
        }
    ]
}