{
    "pagination": {
        "count": 76
    },
    "request": {
        "bioguideId": "s001153",
        "contentType": "application/json",
        "format": "json"
    },
    "sponsoredLegislation": [
        {
            "amendmentNumber": "191",
            "congress": 109,
            "introducedDate": "2005-05-19",
            "latestAction": {
                "actionDate": "2005-05-19",
                "actionTime": "19:00:33",
                "text": "On agreeing to the Solis amendment (A023) Agreed to by voice vote. "
            },
            "type": null,
            "url": "https://api.congress.gov/v3/amendment/109/hamdt/191?format=json"
        },
        {
            "amendmentNumber": "83",
            "congress": 109,
            "introducedDate": "2005-04-20",
            "latestAction": {
                "actionDate": "2005-04-20",
                "actionTime": "21:15:11",
                "text": "On agreeing to the Solis amendment (A014) Failed by recorded vote: 182 - 248 (Roll no. 115). "
            },
            "type": null,
            "url": "https://api.congress.gov/v3/amendment/109/hamdt/83?format=json"
        },
        {
            "congress": 109,
            "introducedDate": "2006-07-13",
            "latestAction": {
                "actionDate": "2006-08-01",
                "text": "Referred to the Subcommittee on Health."
            },
            "number": "5806",
            "policyArea": {
                "name": "Health"
            },
            "title": "Communities of Color Teen Pregnancy Prevention Act of 2006",
            "type": "HR",
            "url": "https://api.congress.gov/v3/bill/109/hr/5806?format=json"
        },
        {
            "congress": 109,
            "introducedDate": "2006-04-06",
            "latestAction": {
                "actionDate": "2006-04-06",
                "text": "Referred to the House Committee on the Judiciary."
            },
            "number": "5161",
            "policyArea": {
                "name": "Law"
            },
            "title": "Commission on Mexican-American Removal during 1929-1941 Act",
            "type": "HR",
            "url": "https://api.congress.gov/v3/bill/109/hr/5161?format=json"
        },
        {
            "congress": 109,
            "introducedDate": "2006-04-04",
            "latestAction": {
                "actionDate": "2006-04-19",
                "text": "Referred to the Subcommittee on Health."
            },
            "number": "5088",
            "policyArea": {
                "name": "Health"
            },
            "title": "Healthy Places Act of 2006",
            "type": "HR",
            "url": "https://api.congress.gov/v3/bill/109/hr/5088?format=json"
        },
        {
            "congress": 109,
            "introducedDate": "2006-03-29",
            "latestAction": {
                "actionDate": "2006-04-04",
                "text": "Executive Comment Requested from Interior."
            },
            "number": "5047",
            "policyArea": {
                "name": "Public Lands and Natural Resources"
            },
            "title": "Cesar Estrada Chavez Study Act",
            "type": "HR",
            "url": "https://api.congress.gov/v3/bill/109/hr/5047?format=json"
        },
        {
            "congress": 109,
            "introducedDate": "2006-03-16",
            "latestAction": {
                "actionDate": "2006-03-24",
                "text": "Executive Comment Requested from Interior, USDA."
            },
            "number": "5006",
            "policyArea": {
                "name": "Public Lands and Natural Resources"
            },
            "title": "California Wild Heritage Act of 2006",
            "type": "HR",
            "url": "https://api.congress.gov/v3/bill/109/hr/5006?format=json"
        },
        {
            "congress": 109,
            "introducedDate": "2006-03-16",
            "latestAction": {
                "actionDate": "2006-05-24",
                "text": "Sponsor introductory remarks on measure. (CR H3146-3147)"
            },
            "number": "5007",
            "policyArea": {
                "name": "Armed Forces and National Security"
            },
            "title": "To require the Department of Veterans Affairs to provide mental health services in languages other than English, as needed, for veterans and family members with limited English proficiency, to expand the scope of mental health services provided to family members of veterans, and for other purposes.",
            "type": "HR",
            "url": "https://api.congress.gov/v3/bill/109/hr/5007?format=json"
        },
        {
            "congress": 109,
            "introducedDate": "2006-02-16",
            "latestAction": {
                "actionDate": "2006-02-17",
                "text": "Referred to the Subcommittee on Environment and Hazardous Materials."
            },
            "number": "4800",
            "policyArea": {
                "name": "Environmental Protection"
            },
            "title": "POPs, LRTAP POPs, and PIC Implementation Act of 2006",
            "type": "HR",
            "url": "https://api.congress.gov/v3/bill/109/hr/4800?format=json"
        },
        {
            "congress": 109,
            "introducedDate": "2005-12-07",
            "latestAction": {
                "actionDate": "2005-12-16",
                "text": "Referred to the Subcommittee on Health."
            },
            "number": "4469",
            "policyArea": {
                "name": "Health"
            },
            "title": "Community Health Workers Act of 2005",
            "type": "HR",
            "url": "https://api.congress.gov/v3/bill/109/hr/4469?format=json"
        },
        {
            "congress": 109,
            "introducedDate": "2005-10-07",
            "latestAction": {
                "actionDate": "2006-03-20",
                "text": "Became Public Law No: 109-199."
            },
            "number": "4053",
            "policyArea": {
                "name": "Commemorations"
            },
            "title": "To designate the facility of the United States Postal Service located at 545 North Rimsdale Avenue in Covina, California, as the \"Lillian Kinkella Keil Post Office\".",
            "type": "HR",
            "url": "https://api.congress.gov/v3/bill/109/hr/4053?format=json"
        },
        {
            "congress": 109,
            "introducedDate": "2005-09-27",
            "latestAction": {
                "actionDate": "2005-10-17",
                "text": "Referred to the Subcommittee on Crime, Terrorism, and Homeland Security."
            },
            "number": "3921",
            "policyArea": {
                "name": "Crime and Law Enforcement"
            },
            "title": "Domestic Violence Prevention, Education, and Awareness Act",
            "type": "HR",
            "url": "https://api.congress.gov/v3/bill/109/hr/3921?format=json"
        },
        {
            "congress": 109,
            "introducedDate": "2005-09-27",
            "latestAction": {
                "actionDate": "2005-10-17",
                "text": "Referred to the Subcommittee on Crime, Terrorism, and Homeland Security."
            },
            "number": "3920",
            "policyArea": {
                "name": "Law"
            },
            "title": "Domestic Violence Courts Assistance Act",
            "type": "HR",
            "url": "https://api.congress.gov/v3/bill/109/hr/3920?format=json"
        },
        {
            "congress": 109,
            "introducedDate": "2005-01-04",
            "latestAction": {
                "actionDate": "2005-02-04",
                "text": "Referred to the Subcommittee on Environment and Hazardous Materials."
            },
            "number": "213",
            "policyArea": {
                "name": "Environmental Protection"
            },
            "title": "Safe Drinking Water for Healthy Communities Act of 2005",
            "type": "HR",
            "url": "https://api.congress.gov/v3/bill/109/hr/213?format=json"
        },
        {
            "congress": 109,
            "introducedDate": "2006-09-27",
            "latestAction": {
                "actionDate": "2006-09-27",
                "text": "Referred to the House Committee on Government Reform."
            },
            "number": "1050",
            "policyArea": {
                "name": "Commemorations"
            },
            "title": "Honoring the life and accomplishments of the late Ann Richards, former Governor of Texas.",
            "type": "HRES",
            "url": "https://api.congress.gov/v3/bill/109/hres/1050?format=json"
        },
        {
            "congress": 109,
            "introducedDate": "2006-04-27",
            "latestAction": {
                "actionDate": "2006-05-24",
                "text": "Referred to the Subcommittee on Workforce Protections."
            },
            "number": "787",
            "policyArea": {
                "name": "Commemorations"
            },
            "title": "Expressing the sense of the House of Representatives that all workers deserve fair treatment and safe working conditions, and honoring Dolores Huerta for her commitment to the improvement of working conditions for farm worker families and the rights of women and children.",
            "type": "HRES",
            "url": "https://api.congress.gov/v3/bill/109/hres/787?format=json"
        },
        {
            "congress": 109,
            "introducedDate": "2006-03-09",
            "latestAction": {
                "actionDate": "2006-07-18",
                "actionTime": "15:21:25",
                "text": "Motion to reconsider laid on the table Agreed to without objection."
            },
            "number": "721",
            "policyArea": {
                "name": "Commemorations"
            },
            "title": "Supporting the goals and ideals of a Salvadoran-American Day (El Dia del Salvadoreno) in recognition of all Salvadoran-Americans for their hard work, dedication, and contribution to the stability and well-being of the United States.",
            "type": "HRES",
            "url": "https://api.congress.gov/v3/bill/109/hres/721?format=json"
        },
        {
            "congress": 109,
            "introducedDate": "2006-02-16",
            "latestAction": {
                "actionDate": "2006-02-16",
                "text": "Referred to the House Committee on Government Reform."
            },
            "number": "695",
            "policyArea": {
                "name": "Commemorations"
            },
            "title": "Honoring the life and accomplishments of Betty Friedan.",
            "type": "HRES",
            "url": "https://api.congress.gov/v3/bill/109/hres/695?format=json"
        },
        {
            "congress": 109,
            "introducedDate": "2005-09-29",
            "latestAction": {
                "actionDate": "2005-10-07",
                "text": "Referred to the Subcommittee on Environment and Hazardous Materials."
            },
            "number": "477",
            "policyArea": {
                "name": "Emergency Management"
            },
            "title": "Expressing the sense of the House of Representatives that the crisis of Hurricane Katrina should not be used to weaken, waive, or roll back Federal public health, environmental, and environmental justice laws and regulations, and for other purposes.",
            "type": "HRES",
            "url": "https://api.congress.gov/v3/bill/109/hres/477?format=json"
        },
        {
            "congress": 109,
            "introducedDate": "2005-10-06",
            "latestAction": {
                "actionDate": "2005-10-17",
                "text": "Referred to the Subcommittee on Health."
            },
            "number": "262",
            "policyArea": {
                "name": "Commemorations"
            },
            "title": "Supporting the observance of National Latino AIDS Awareness Day on October 15th, 2005, and for other purposes.",
            "type": "HCONRES",
            "url": "https://api.congress.gov/v3/bill/109/hconres/262?format=json"
        },
        {
            "congress": 109,
            "introducedDate": "2005-03-09",
            "latestAction": {
                "actionDate": "2006-05-03",
                "text": "Message on Senate action sent to the House."
            },
            "number": "90",
            "policyArea": {
                "name": "International Affairs"
            },
            "title": "Conveying the sympathy of Congress to the families of the young women murdered in the State of Chihuahua, Mexico, and encouraging increased United States involvement in bringing an end to these crimes.",
            "type": "HCONRES",
            "url": "https://api.congress.gov/v3/bill/109/hconres/90?format=json"
        },
        {
            "amendmentNumber": "763",
            "congress": 110,
            "introducedDate": "2007-08-04",
            "latestAction": {
                "actionDate": "2007-08-04",
                "actionTime": "15:58:54",
                "text": "On agreeing to the Solis amendment (A021) Agreed to by voice vote. "
            },
            "type": null,
            "url": "https://api.congress.gov/v3/amendment/110/hamdt/763?format=json"
        },
        {
            "congress": 110,
            "introducedDate": "2008-09-27",
            "latestAction": {
                "actionDate": "2008-09-27",
                "text": "Referred to the Subcommittee on Energy and Air Quality."
            },
            "number": "7194",
            "policyArea": {
                "name": "Environmental Protection"
            },
            "title": "Climate Change Rebate Act of 2008",
            "type": "HR",
            "url": "https://api.congress.gov/v3/bill/110/hr/7194?format=json"
        },
        {
            "congress": 110,
            "introducedDate": "2008-09-17",
            "latestAction": {
                "actionDate": "2008-09-17",
                "text": "Referred to the House Committee on Education and Labor."
            },
            "number": "6934",
            "policyArea": {
                "name": "Crime and Law Enforcement"
            },
            "title": "Juvenile Justice Reform Act of 2008",
            "type": "HR",
            "url": "https://api.congress.gov/v3/bill/110/hr/6934?format=json"
        },
        {
            "congress": 110,
            "introducedDate": "2008-07-24",
            "latestAction": {
                "actionDate": "2008-07-24",
                "text": "Referred to the Subcommittee on Health."
            },
            "number": "6621",
            "policyArea": {
                "name": "Health"
            },
            "title": "Reinstatement of Enrollment for Medicaid Eligibility of Disadvantaged Youth (REMEDY) Act",
            "type": "HR",
            "url": "https://api.congress.gov/v3/bill/110/hr/6621?format=json"
        },
        {
            "congress": 110,
            "introducedDate": "2008-07-17",
            "latestAction": {
                "actionDate": "2008-07-17",
                "text": "Referred to the Subcommittee on Health."
            },
            "number": "6551",
            "policyArea": {
                "name": "Health"
            },
            "title": "Primary Care Dental Academic Workforce Development Act of 2008",
            "type": "HR",
            "url": "https://api.congress.gov/v3/bill/110/hr/6551?format=json"
        },
        {
            "congress": 110,
            "introducedDate": "2008-07-10",
            "latestAction": {
                "actionDate": "2008-07-14",
                "text": "Referred to the Subcommittee on Technology and Innovation."
            },
            "number": "6478",
            "policyArea": {
                "name": "Health"
            },
            "title": "Access to America's Orthopedic Services Act of 2008",
            "type": "HR",
            "url": "https://api.congress.gov/v3/bill/110/hr/6478?format=json"
        },
        {
            "congress": 110,
            "introducedDate": "2008-05-20",
            "latestAction": {
                "actionDate": "2008-05-21",
                "text": "Referred to the Subcommittee on Environment and Hazardous Materials."
            },
            "number": "6100",
            "policyArea": {
                "name": "Environmental Protection"
            },
            "title": "Kid-Safe Chemicals Act of 2008",
            "type": "HR",
            "url": "https://api.congress.gov/v3/bill/110/hr/6100?format=json"
        },
        {
            "congress": 110,
            "introducedDate": "2008-04-24",
            "latestAction": {
                "actionDate": "2008-06-03",
                "text": "Referred to the Subcommittee on the Constitution, Civil Rights, and Civil Liberties."
            },
            "number": "5896",
            "policyArea": {
                "name": "Civil Rights and Liberties, Minority Issues"
            },
            "title": "Environmental Justice Enforcement Act of 2008",
            "type": "HR",
            "url": "https://api.congress.gov/v3/bill/110/hr/5896?format=json"
        },
        {
            "congress": 110,
            "introducedDate": "2008-02-13",
            "latestAction": {
                "actionDate": "2008-02-13",
                "text": "Referred to the Subcommittee on Telecommunications and the Internet."
            },
            "number": "5435",
            "policyArea": {
                "name": "Science, Technology, Communications"
            },
            "title": "DTV Border Fix Act",
            "type": "HR",
            "url": "https://api.congress.gov/v3/bill/110/hr/5435?format=json"
        },
        {
            "congress": 110,
            "introducedDate": "2008-01-23",
            "latestAction": {
                "actionDate": "2008-01-23",
                "text": "Referred to the Subcommittee on Environment and Hazardous Materials."
            },
            "number": "5132",
            "policyArea": {
                "name": "Environmental Protection"
            },
            "title": "Environmental Justice Renewal Act",
            "type": "HR",
            "url": "https://api.congress.gov/v3/bill/110/hr/5132?format=json"
        },
        {
            "congress": 110,
            "introducedDate": "2007-12-11",
            "latestAction": {
                "actionDate": "2007-12-11",
                "text": "Referred to the Subcommittee on Health."
            },
            "number": "4450",
            "policyArea": {
                "name": "Health"
            },
            "title": "Pediatric, Adolescent, and Young Adult Cancer Survivorship Research and Quality of Life Act of 2007",
            "type": "HR",
            "url": "https://api.congress.gov/v3/bill/110/hr/4450?format=json"
        },
        {
            "congress": 110,
            "introducedDate": "2007-11-14",
            "latestAction": {
                "actionDate": "2008-07-15",
                "text": "Became Public Law No: 110-267."
            },
            "number": "4185",
            "policyArea": {
                "name": "Commemorations"
            },
            "title": "To designate the facility of the United States Postal Service located at 11151 Valley Boulevard in El Monte, California, as the \"Marisol Heredia Post Office Building\".",
            "type": "HR",
            "url": "https://api.congress.gov/v3/bill/110/hr/4185?format=json"
        },
        {
            "congress": 110,
            "introducedDate": "2007-11-08",
            "latestAction": {
                "actionDate": "2007-11-09",
                "text": "Referred to the Subcommittee on Health."
            },
            "number": "4129",
            "policyArea": {
                "name": "Health"
            },
            "title": "Homeless Access to Recovery through Treatment Act",
            "type": "HR",
            "url": "https://api.congress.gov/v3/bill/110/hr/4129?format=json"
        },
        {
            "congress": 110,
            "introducedDate": "2007-10-25",
            "latestAction": {
                "actionDate": "2007-11-02",
                "text": "Referred to the Subcommittee on Immigration, Citizenship, Refugees, Border Security, and International Law."
            },
            "number": "3980",
            "policyArea": {
                "name": "Immigration"
            },
            "title": "Families First Immigration Enforcement Act",
            "type": "HR",
            "url": "https://api.congress.gov/v3/bill/110/hr/3980?format=json"
        },
        {
            "congress": 110,
            "introducedDate": "2007-10-16",
            "latestAction": {
                "actionDate": "2007-10-16",
                "text": "Referred to the House Committee on Education and Labor."
            },
            "number": "3842",
            "policyArea": {
                "name": "Education"
            },
            "title": "To establish dual-language education programs in low-income communities.",
            "type": "HR",
            "url": "https://api.congress.gov/v3/bill/110/hr/3842?format=json"
        },
        {
            "congress": 110,
            "introducedDate": "2007-07-12",
            "latestAction": {
                "actionDate": "2008-06-24",
                "text": "Subcommittee Hearings Held."
            },
            "number": "3014",
            "policyArea": {
                "name": "Health"
            },
            "title": "Health Equity and Accountability Act of 2007",
            "type": "HR",
            "url": "https://api.congress.gov/v3/bill/110/hr/3014?format=json"
        },
        {
            "congress": 110,
            "introducedDate": "2007-06-25",
            "latestAction": {
                "actionDate": "2007-09-11",
                "text": "Referred to the Subcommittee on Higher Education, Lifelong Learning, and Competitiveness."
            },
            "number": "2847",
            "policyArea": {
                "name": "Energy"
            },
            "title": "Green Jobs Act of 2007",
            "type": "HR",
            "url": "https://api.congress.gov/v3/bill/110/hr/2847?format=json"
        },
        {
            "congress": 110,
            "introducedDate": "2007-05-24",
            "latestAction": {
                "actionDate": "2007-05-24",
                "text": "Referred to the Subcommittee on Energy and Air Quality."
            },
            "number": "2548",
            "policyArea": {
                "name": "Environmental Protection"
            },
            "title": "Marine Vessel Emissions Reduction Act of 2007",
            "type": "HR",
            "url": "https://api.congress.gov/v3/bill/110/hr/2548?format=json"
        },
        {
            "congress": 110,
            "introducedDate": "2007-04-19",
            "latestAction": {
                "actionDate": "2007-05-16",
                "text": "Sponsor introductory remarks on measure. (CR H5059)"
            },
            "number": "1968",
            "policyArea": {
                "name": "Health"
            },
            "title": "Community Health Workers Act of 2007",
            "type": "HR",
            "url": "https://api.congress.gov/v3/bill/110/hr/1968?format=json"
        },
        {
            "congress": 110,
            "introducedDate": "2007-03-28",
            "latestAction": {
                "actionDate": "2007-11-08",
                "text": "Forwarded by Subcommittee to Full Committee by Voice Vote ."
            },
            "number": "1747",
            "policyArea": {
                "name": "Environmental Protection"
            },
            "title": "Safe Drinking Water for Healthy Communities Act of 2007",
            "type": "HR",
            "url": "https://api.congress.gov/v3/bill/110/hr/1747?format=json"
        },
        {
            "congress": 110,
            "introducedDate": "2007-02-15",
            "latestAction": {
                "actionDate": "2007-10-04",
                "text": "Subcommittee Hearings Held."
            },
            "number": "1103",
            "policyArea": {
                "name": "Environmental Protection"
            },
            "title": "Environmental Justice Act of 2007",
            "type": "HR",
            "url": "https://api.congress.gov/v3/bill/110/hr/1103?format=json"
        },
        {
            "congress": 110,
            "introducedDate": "2007-02-06",
            "latestAction": {
                "actionDate": "2007-02-20",
                "text": "Referred to the Subcommittee on National Parks, Forests and Public Lands."
            },
            "number": "860",
            "policyArea": {
                "name": "Public Lands and Natural Resources"
            },
            "title": "California Wild Heritage Act of 2007",
            "type": "HR",
            "url": "https://api.congress.gov/v3/bill/110/hr/860?format=json"
        },
        {
            "congress": 110,
            "introducedDate": "2007-01-22",
            "latestAction": {
                "actionDate": "2007-06-01",
                "text": "Became Public Law No: 110-31."
            },
            "number": "625",
            "policyArea": {
                "name": "Commemorations"
            },
            "title": "To designate the facility of the United States Postal Service located at 4230 Maine Avenue in Baldwin Park, California, as the \"Atanacio Haro-Marin Post Office\".",
            "type": "HR",
            "url": "https://api.congress.gov/v3/bill/110/hr/625?format=json"
        },
        {
            "congress": 110,
            "introducedDate": "2007-01-17",
            "latestAction": {
                "actionDate": "2007-04-26",
                "text": "Subcommittee Hearings Held."
            },
            "number": "542",
            "policyArea": {
                "name": "Armed Forces and National Security"
            },
            "title": "To require the Department of Veterans Affairs to provide mental health services in languages other than English, as needed, for veterans with limited English proficiency, and for other purposes.",
            "type": "HR",
            "url": "https://api.congress.gov/v3/bill/110/hr/542?format=json"
        },
        {
            "congress": 110,
            "introducedDate": "2007-01-12",
            "latestAction": {
                "actionDate": "2007-02-02",
                "text": "Referred to the Subcommittee on Health."
            },
            "number": "468",
            "policyArea": {
                "name": "Health"
            },
            "title": "Communities of Color Teen Pregnancy Prevention Act of 2007",
            "type": "HR",
            "url": "https://api.congress.gov/v3/bill/110/hr/468?format=json"
        },
        {
            "congress": 110,
            "introducedDate": "2007-01-10",
            "latestAction": {
                "actionDate": "2007-04-23",
                "text": "Sponsor introductory remarks on measure. (CR H3758-3759)"
            },
            "number": "398",
            "policyArea": {
                "name": "Health"
            },
            "title": "Healthy Places Act of 2007",
            "type": "HR",
            "url": "https://api.congress.gov/v3/bill/110/hr/398?format=json"
        },
        {
            "congress": 110,
            "introducedDate": "2007-01-09",
            "latestAction": {
                "actionDate": "2008-06-11",
                "text": "Indefinitely postponed by Senate by Unanimous Consent. (consideration: CR S5530)"
            },
            "number": "359",
            "policyArea": {
                "name": "Public Lands and Natural Resources"
            },
            "title": "Cesar Estrada Chavez Study Act",
            "type": "HR",
            "url": "https://api.congress.gov/v3/bill/110/hr/359?format=json"
        },
        {
            "congress": 110,
            "introducedDate": "2008-07-31",
            "latestAction": {
                "actionDate": "2008-07-31",
                "text": "Referred to the House Committee on Energy and Commerce."
            },
            "number": "1406",
            "policyArea": {
                "name": "Health"
            },
            "title": "Recognizing and supporting the work of Community Health Workers.",
            "type": "HRES",
            "url": "https://api.congress.gov/v3/bill/110/hres/1406?format=json"
        },
        {
            "congress": 110,
            "introducedDate": "2008-04-04",
            "latestAction": {
                "actionDate": "2008-04-08",
                "text": "Referred to the Subcommittee on Health."
            },
            "number": "1081",
            "policyArea": {
                "name": "Health"
            },
            "title": "Recognizing of the week of April 7, 2008, to April 13, 2008, as \"National Public Health Week\".",
            "type": "HRES",
            "url": "https://api.congress.gov/v3/bill/110/hres/1081?format=json"
        },
        {
            "congress": 110,
            "introducedDate": "2007-09-07",
            "latestAction": {
                "actionDate": "2007-09-25",
                "actionTime": "15:20:09",
                "text": "Motion to reconsider laid on the table Agreed to without objection."
            },
            "number": "642",
            "policyArea": {
                "name": "International Affairs"
            },
            "title": "Expressing sympathy to and support for the people and governments of the countries of Central America, the Caribbean, and Mexico which have suffered from Hurricanes Felix, Dean, and Henriette and whose complete economic and fatality toll are still unknown.",
            "type": "HRES",
            "url": "https://api.congress.gov/v3/bill/110/hres/642?format=json"
        },
        {
            "congress": 110,
            "introducedDate": "2007-01-24",
            "latestAction": {
                "actionDate": "2007-05-01",
                "actionTime": "16:06:39",
                "text": "Motion to reconsider laid on the table Agreed to without objection."
            },
            "number": "100",
            "policyArea": {
                "name": "International Affairs"
            },
            "title": "Expressing the sympathy of the House of Representatives to the families of women and girls murdered in Guatemala and encouraging the Government of Guatemala to bring an end to these crimes.",
            "type": "HRES",
            "url": "https://api.congress.gov/v3/bill/110/hres/100?format=json"
        },
        {
            "congress": 110,
            "introducedDate": "2007-01-05",
            "latestAction": {
                "actionDate": "2007-01-05",
                "text": "Referred to the House Committee on Education and Labor."
            },
            "number": "37",
            "policyArea": {
                "name": "Commemorations"
            },
            "title": "Expressing the sense of the House of Representatives that all workers deserve fair treatment and safe working conditions, and honoring Dolores Huerta for her commitment to the improvement of working conditions for farm worker families and the rights of women and children.",
            "type": "HRES",
            "url": "https://api.congress.gov/v3/bill/110/hres/37?format=json"
        },
        {
            "congress": 108,
            "introducedDate": "2004-10-08",
            "latestAction": {
                "actionDate": "2004-10-11",
                "text": "Sponsor introductory remarks on measure. (CR E1908)"
            },
            "number": "5344",
            "policyArea": {
                "name": "Environmental Protection"
            },
            "title": "Safe Drinking Water for Healthy Communities Act of 2004",
            "type": "HR",
            "url": "https://api.congress.gov/v3/bill/108/hr/5344?format=json"
        },
        {
            "congress": 108,
            "introducedDate": "2004-09-15",
            "latestAction": {
                "actionDate": "2004-10-13",
                "text": "Referred to the Subcommittee on Education Reform."
            },
            "number": "5084",
            "policyArea": {
                "name": "Education"
            },
            "title": "Smart from the Start Preschool Education for America Act of 2004",
            "type": "HR",
            "url": "https://api.congress.gov/v3/bill/108/hr/5084?format=json"
        },
        {
            "congress": 108,
            "introducedDate": "2004-03-30",
            "latestAction": {
                "actionDate": "2004-04-08",
                "text": "Referred to the Subcommittee on Environment and Hazardous Materials."
            },
            "number": "4076",
            "policyArea": {
                "name": "Commerce"
            },
            "title": "Toxic Flame Retardant Prohibition Act",
            "type": "HR",
            "url": "https://api.congress.gov/v3/bill/108/hr/4076?format=json"
        },
        {
            "congress": 108,
            "introducedDate": "2003-10-30",
            "latestAction": {
                "actionDate": "2003-12-10",
                "text": "Referred to the Subcommittee on Crime, Terrorism, and Homeland Security."
            },
            "number": "3424",
            "policyArea": {
                "name": "Crime and Law Enforcement"
            },
            "title": "Domestic Violence Courts Assistance Act",
            "type": "HR",
            "url": "https://api.congress.gov/v3/bill/108/hr/3424?format=json"
        },
        {
            "congress": 108,
            "introducedDate": "2003-10-30",
            "latestAction": {
                "actionDate": "2003-12-10",
                "text": "Referred to the Subcommittee on Crime, Terrorism, and Homeland Security."
            },
            "number": "3425",
            "policyArea": {
                "name": "Crime and Law Enforcement"
            },
            "title": "Domestic Violence Prevention, Education, and Awareness Act",
            "type": "HR",
            "url": "https://api.congress.gov/v3/bill/108/hr/3425?format=json"
        },
        {
            "congress": 108,
            "introducedDate": "2003-10-16",
            "latestAction": {
                "actionDate": "2003-10-28",
                "text": "Executive Comment Requested from USDA, Interior."
            },
            "number": "3325",
            "policyArea": {
                "name": "Public Lands and Natural Resources"
            },
            "title": "Southern California Wild Heritage Act of 2003",
            "type": "HR",
            "url": "https://api.congress.gov/v3/bill/108/hr/3325?format=json"
        },
        {
            "congress": 108,
            "introducedDate": "2003-06-09",
            "latestAction": {
                "actionDate": "2003-11-11",
                "text": "Became Public Law No: 108-116."
            },
            "number": "2396",
            "policyArea": {
                "name": "Commemorations"
            },
            "title": "To designate the facility of the United States Postal Service located at 1210 Highland Avenue in Duarte, California, as the \"Francisco A. Martinez Flores Post Office\".",
            "type": "HR",
            "url": "https://api.congress.gov/v3/bill/108/hr/2396?format=json"
        },
        {
            "congress": 108,
            "introducedDate": "2003-05-06",
            "latestAction": {
                "actionDate": "2003-06-20",
                "text": "Referred to the Subcommittee on 21st Century Competitiveness."
            },
            "number": "1992",
            "policyArea": {
                "name": "Labor and Employment"
            },
            "title": "Expand Access to Job Training for English Language Learners Act",
            "type": "HR",
            "url": "https://api.congress.gov/v3/bill/108/hr/1992?format=json"
        },
        {
            "congress": 108,
            "introducedDate": "2003-04-11",
            "latestAction": {
                "actionDate": "2003-05-06",
                "text": "Subcommittee Hearings Held."
            },
            "number": "1814",
            "policyArea": {
                "name": "Immigration"
            },
            "title": "Naturalization and Family Protection for Military Members Act of 2003  ",
            "type": "HR",
            "url": "https://api.congress.gov/v3/bill/108/hr/1814?format=json"
        },
        {
            "congress": 108,
            "introducedDate": "2003-02-27",
            "latestAction": {
                "actionDate": "2004-03-31",
                "text": "Sponsor introductory remarks on measure. (CR E495)"
            },
            "number": "1034",
            "policyArea": {
                "name": "Public Lands and Natural Resources"
            },
            "title": "Cesar Estrada Chavez Lands Legacy Study Act",
            "type": "HR",
            "url": "https://api.congress.gov/v3/bill/108/hr/1034?format=json"
        },
        {
            "congress": 108,
            "introducedDate": "2003-01-31",
            "latestAction": {
                "actionDate": "2003-07-01",
                "text": "Became Public Law No: 108-42."
            },
            "number": "519",
            "policyArea": {
                "name": "Water Resources Development"
            },
            "title": "San Gabriel River Watershed Study Act",
            "type": "HR",
            "url": "https://api.congress.gov/v3/bill/108/hr/519?format=json"
        },
        {
            "congress": 108,
            "introducedDate": "2003-11-21",
            "latestAction": {
                "actionDate": "2003-11-23",
                "text": "Sponsor introductory remarks on measure. (CR E2440)"
            },
            "number": "466",
            "policyArea": {
                "name": "International Affairs"
            },
            "title": "Conveying the sympathy of the House of Representatives to the families of the young women murdered in the State of Chihuahua, Mexico, and encouraging increased United States involvement in bringing an end to these crimes.",
            "type": "HRES",
            "url": "https://api.congress.gov/v3/bill/108/hres/466?format=json"
        },
        {
            "congress": 108,
            "introducedDate": "2003-10-01",
            "latestAction": {
                "actionDate": "2003-10-22",
                "text": "Referred to the Subcommittee on Immigration, Border Security, and Claims."
            },
            "number": "384",
            "policyArea": {
                "name": "Immigration"
            },
            "title": "Supporting the goals of the Immigrant Workers Freedom Ride.",
            "type": "HRES",
            "url": "https://api.congress.gov/v3/bill/108/hres/384?format=json"
        },
        {
            "congress": 107,
            "introducedDate": "2002-06-17",
            "latestAction": {
                "actionDate": "2002-09-26",
                "text": "Sponsor introductory remarks on measure. (CR H6697)"
            },
            "number": "4947",
            "policyArea": {
                "name": "Public Lands and Natural Resources"
            },
            "title": "Southern California Wild Heritage Wilderness Act ",
            "type": "HR",
            "url": "https://api.congress.gov/v3/bill/107/hr/4947?format=json"
        },
        {
            "congress": 107,
            "introducedDate": "2002-04-09",
            "latestAction": {
                "actionDate": "2002-05-06",
                "text": "Referred to the Subcommittee on Crime, Terrorism, and Homeland Security."
            },
            "number": "4091",
            "policyArea": {
                "name": "Crime and Law Enforcement"
            },
            "title": "Domestic Violence Courts Assistance Act",
            "type": "HR",
            "url": "https://api.congress.gov/v3/bill/107/hr/4091?format=json"
        },
        {
            "congress": 107,
            "introducedDate": "2002-04-09",
            "latestAction": {
                "actionDate": "2002-05-06",
                "text": "Referred to the Subcommittee on Crime, Terrorism, and Homeland Security."
            },
            "number": "4089",
            "policyArea": {
                "name": "Crime and Law Enforcement"
            },
            "title": "Multi-Cultural Domestic Violence Minority Education Campaigns Act",
            "type": "HR",
            "url": "https://api.congress.gov/v3/bill/107/hr/4089?format=json"
        },
        {
            "congress": 107,
            "introducedDate": "2001-12-17",
            "latestAction": {
                "actionDate": "2002-01-14",
                "text": "Referred to the Subcommittee on Immigration and Claims."
            },
            "number": "3505",
            "policyArea": {
                "name": "Immigration"
            },
            "title": "Airport Security Personnel Protection Act",
            "type": "HR",
            "url": "https://api.congress.gov/v3/bill/107/hr/3505?format=json"
        },
        {
            "congress": 107,
            "introducedDate": "2001-10-03",
            "latestAction": {
                "actionDate": "2001-10-05",
                "text": "Sponsor introductory remarks on measure. (CR E1824)"
            },
            "number": "3015",
            "policyArea": {
                "name": "Taxation"
            },
            "title": "Working Families Tax Rebate Act of 2001 ",
            "type": "HR",
            "url": "https://api.congress.gov/v3/bill/107/hr/3015?format=json"
        },
        {
            "congress": 107,
            "introducedDate": "2001-09-25",
            "latestAction": {
                "actionDate": "2002-06-25",
                "text": "Sponsor introductory remarks on measure. (CR H3921)"
            },
            "number": "2966",
            "policyArea": {
                "name": "Public Lands and Natural Resources"
            },
            "title": "Cesar Estrada Chavez Study Act",
            "type": "HR",
            "url": "https://api.congress.gov/v3/bill/107/hr/2966?format=json"
        },
        {
            "congress": 107,
            "introducedDate": "2001-07-24",
            "latestAction": {
                "actionDate": "2001-07-24",
                "text": "Referred to the House Committee on Resources."
            },
            "number": "2619",
            "policyArea": {
                "name": "Native Americans"
            },
            "title": "Gabrieleno/Tongva Nation Act ",
            "type": "HR",
            "url": "https://api.congress.gov/v3/bill/107/hr/2619?format=json"
        },
        {
            "congress": 107,
            "introducedDate": "2001-07-17",
            "latestAction": {
                "actionDate": "2002-09-04",
                "text": "Placed on the Union Calendar, Calendar No. 377."
            },
            "number": "2534",
            "policyArea": {
                "name": "Public Lands and Natural Resources"
            },
            "title": "San Gabriel River Watersheds Study Act of 2002",
            "type": "HR",
            "url": "https://api.congress.gov/v3/bill/107/hr/2534?format=json"
        },
        {
            "congress": 107,
            "introducedDate": "2001-11-29",
            "latestAction": {
                "actionDate": "2002-03-11",
                "text": "Referred to the Subcommittee on Education Reform."
            },
            "number": "300",
            "policyArea": {
                "name": "Energy"
            },
            "title": "Expressing the sense of the House of Representatives that the President should release emergency funding under the Low-Income Home Energy Assistance Program in view of the large number of people who lost their jobs due to the weak economy or as a result of the terrorist attacks of September 11, 2001.",
            "type": "HRES",
            "url": "https://api.congress.gov/v3/bill/107/hres/300?format=json"
        },
        {
            "congress": 107,
            "introducedDate": "2001-06-27",
            "latestAction": {
                "actionDate": "2001-08-10",
                "text": "Referred to the Subcommittee on Workforce Protections."
            },
            "number": "177",
            "policyArea": {
                "name": "Labor and Employment"
            },
            "title": "Expressing the sense of the Congress that all workers deserve fair treatment and safe working conditions, and honoring Dolores Huerta for her commitment to the improvement of working conditions for children, women, and farm worker families.",
            "type": "HCONRES",
            "url": "https://api.congress.gov/v3/bill/107/hconres/177?format=json"
        }
    ]
}