{
    "pagination": {
        "count": 18
    },
    "request": {
        "bioguideId": "m001164",
        "contentType": "application/json",
        "format": "json"
    },
    "sponsoredLegislation": [
        {
            "amendmentNumber": "1104",
            "congress": 110,
            "introducedDate": "2008-06-26",
            "latestAction": {
                "actionDate": "2008-06-26",
                "actionTime": "16:46:05",
                "text": "On agreeing to the Mahoney (FL) amendment (A003) Agreed to by recorded vote: 421 - 0 (Roll no. 465). "
            },
            "type": null,
            "url": "https://api.congress.gov/v3/amendment/110/hamdt/1104?format=json"
        },
        {
            "amendmentNumber": "1041",
            "congress": 110,
            "introducedDate": "2008-05-07",
            "latestAction": {
                "actionDate": "2008-05-07",
                "actionTime": "22:09:27",
                "text": "On agreeing to the Mahoney (FL) amendment (A003) Agreed to by voice vote. "
            },
            "type": null,
            "url": "https://api.congress.gov/v3/amendment/110/hamdt/1041?format=json"
        },
        {
            "amendmentNumber": "925",
            "congress": 110,
            "introducedDate": "2008-01-17",
            "latestAction": {
                "actionDate": "2008-01-17",
                "actionTime": "12:23:00",
                "text": "On agreeing to the Mahoney (FL) amendment (A003) Agreed to by voice vote. "
            },
            "type": null,
            "url": "https://api.congress.gov/v3/amendment/110/hamdt/925?format=json"
        },
        {
            "congress": 110,
            "introducedDate": "2008-09-26",
            "latestAction": {
                "actionDate": "2008-09-27",
                "text": "Referred to the Subcommittee on Aviation."
            },
            "number": "7156",
            "policyArea": {
                "name": "Transportation and Public Works"
            },
            "title": "To amend title 49, United States Code, to provide for the restoration of air service to communities served by an airport that received scheduled air transportation as of December 31, 2007, but no longer receives such service.",
            "type": "HR",
            "url": "https://api.congress.gov/v3/bill/110/hr/7156?format=json"
        },
        {
            "congress": 110,
            "introducedDate": "2008-09-23",
            "latestAction": {
                "actionDate": "2008-09-23",
                "text": "Referred to the House Committee on Veterans' Affairs."
            },
            "number": "6998",
            "policyArea": {
                "name": "Armed Forces and National Security"
            },
            "title": "Veterans Mental Health Training for First Responders and Community Leaders Act of 2008",
            "type": "HR",
            "url": "https://api.congress.gov/v3/bill/110/hr/6998?format=json"
        },
        {
            "congress": 110,
            "introducedDate": "2008-09-09",
            "latestAction": {
                "actionDate": "2008-09-09",
                "text": "Referred to the House Committee on the Judiciary."
            },
            "number": "6843",
            "policyArea": {
                "name": "Immigration"
            },
            "title": "Officer Andrew Widman Criminal Alien Enforcement Act of 2008",
            "type": "HR",
            "url": "https://api.congress.gov/v3/bill/110/hr/6843?format=json"
        },
        {
            "congress": 110,
            "introducedDate": "2008-08-01",
            "latestAction": {
                "actionDate": "2008-09-22",
                "text": "Received in the Senate."
            },
            "number": "6772",
            "policyArea": {
                "name": "Commemorations"
            },
            "title": "To designate the facility of the United States Postal Service located at 1717 Orange Avenue in Fort Pierce, Florida, as the \"CeeCee Ross Lyles Post Office Building\".",
            "type": "HR",
            "url": "https://api.congress.gov/v3/bill/110/hr/6772?format=json"
        },
        {
            "congress": 110,
            "introducedDate": "2008-07-23",
            "latestAction": {
                "actionDate": "2008-10-03",
                "text": "Referred to the Subcommittee on Horticulture and Organic Agriculture."
            },
            "number": "6581",
            "policyArea": {
                "name": "Agriculture and Food"
            },
            "title": "To appropriate funds for the provision of emergency financial assistance to producers and first handlers of fresh tomatoes for losses incurred as a result of the removal of fresh tomatoes and products containing fresh tomatoes from the market and other actions undertaken in response to a public health advisory regarding tomatoes issued by the Food and Drug Administration in June 2008.",
            "type": "HR",
            "url": "https://api.congress.gov/v3/bill/110/hr/6581?format=json"
        },
        {
            "congress": 110,
            "introducedDate": "2007-10-30",
            "latestAction": {
                "actionDate": "2008-06-03",
                "text": "Became Public Law No: 110-241."
            },
            "number": "4008",
            "policyArea": {
                "name": "Finance and Financial Sector"
            },
            "title": "Credit and Debit Card Receipt Clarification Act of 2007",
            "type": "HR",
            "url": "https://api.congress.gov/v3/bill/110/hr/4008?format=json"
        },
        {
            "congress": 110,
            "introducedDate": "2007-10-24",
            "latestAction": {
                "actionDate": "2007-10-24",
                "text": "Referred to the House Committee on Ways and Means."
            },
            "number": "3953",
            "policyArea": {
                "name": "Taxation"
            },
            "title": "Homeowners Property Tax Relief Act of 2007",
            "type": "HR",
            "url": "https://api.congress.gov/v3/bill/110/hr/3953?format=json"
        },
        {
            "congress": 110,
            "introducedDate": "2007-07-18",
            "latestAction": {
                "actionDate": "2007-08-10",
                "text": "Referred to the Subcommittee on Crime, Terrorism, and Homeland Security."
            },
            "number": "3078",
            "policyArea": {
                "name": "Health"
            },
            "title": "Patient Safety and Abuse Prevention Act of 2007",
            "type": "HR",
            "url": "https://api.congress.gov/v3/bill/110/hr/3078?format=json"
        },
        {
            "congress": 110,
            "introducedDate": "2007-06-28",
            "latestAction": {
                "actionDate": "2007-12-06",
                "text": "Received in the Senate and Read twice and referred to the Committee on Banking, Housing, and Urban Affairs."
            },
            "number": "2930",
            "policyArea": {
                "name": "Housing and Community Development"
            },
            "title": "Section 202 Supportive Housing for the Elderly Act of 2007",
            "type": "HR",
            "url": "https://api.congress.gov/v3/bill/110/hr/2930?format=json"
        },
        {
            "congress": 110,
            "introducedDate": "2007-06-19",
            "latestAction": {
                "actionDate": "2007-11-13",
                "text": "Became Public Law No: 110-115."
            },
            "number": "2779",
            "policyArea": {
                "name": "Armed Forces and National Security"
            },
            "title": "To recognize the Navy UDT-SEAL Museum in Fort Pierce, Florida, as the official national museum of Navy SEALS and their predecessors.",
            "type": "HR",
            "url": "https://api.congress.gov/v3/bill/110/hr/2779?format=json"
        },
        {
            "congress": 110,
            "introducedDate": "2007-06-11",
            "latestAction": {
                "actionDate": "2008-04-25",
                "text": "Executive Comment Requested from USDA."
            },
            "number": "2656",
            "policyArea": {
                "name": "Agriculture and Food"
            },
            "title": "American Farm Improvement Act of 2007",
            "type": "HR",
            "url": "https://api.congress.gov/v3/bill/110/hr/2656?format=json"
        },
        {
            "congress": 110,
            "introducedDate": "2007-06-06",
            "latestAction": {
                "actionDate": "2007-06-06",
                "text": "Referred to the House Committee on Financial Services."
            },
            "number": "2595",
            "policyArea": {
                "name": "Finance and Financial Sector"
            },
            "title": "To amend the Securities Exchange Act of 1934 to require the disclosure of proxy votes relating to executive and director compensation by beneficial owners of more than 5 percent of a company's shares.",
            "type": "HR",
            "url": "https://api.congress.gov/v3/bill/110/hr/2595?format=json"
        },
        {
            "congress": 110,
            "introducedDate": "2007-05-02",
            "latestAction": {
                "actionDate": "2007-05-03",
                "text": "Referred to the Subcommittee on Coast Guard and Maritime Transportation."
            },
            "number": "2113",
            "policyArea": {
                "name": "Public Lands and Natural Resources"
            },
            "title": "To grant a right of first refusal to the Town of Jupiter Island, Florida, with respect to Coast Guard property on Jupiter Island, and for other purposes.",
            "type": "HR",
            "url": "https://api.congress.gov/v3/bill/110/hr/2113?format=json"
        },
        {
            "congress": 110,
            "introducedDate": "2007-04-18",
            "latestAction": {
                "actionDate": "2008-06-11",
                "text": "Indefinitely postponed by Senate by Unanimous Consent. (consideration: CR S5530)"
            },
            "number": "1922",
            "policyArea": {
                "name": "Public Lands and Natural Resources"
            },
            "title": "Jupiter Inlet Lighthouse Outstanding Natural Area Act of 2008",
            "type": "HR",
            "url": "https://api.congress.gov/v3/bill/110/hr/1922?format=json"
        },
        {
            "congress": 110,
            "introducedDate": "2007-01-17",
            "latestAction": {
                "actionDate": "2007-02-07",
                "actionTime": "11:13:11",
                "text": "Motion to reconsider laid on the table Agreed to without objection."
            },
            "number": "72",
            "policyArea": {
                "name": "Commemorations"
            },
            "title": "Recognizing the work and accomplishments of Mr. Britt \"Max\" Mayfield, Director of the National Hurricane Center's Tropical Prediction Center upon his retirement.",
            "type": "HRES",
            "url": "https://api.congress.gov/v3/bill/110/hres/72?format=json"
        }
    ]
}