{
    "pagination": {
        "count": 52
    },
    "request": {
        "bioguideId": "h000666",
        "contentType": "application/json",
        "format": "json"
    },
    "sponsoredLegislation": [
        {
            "amendmentNumber": "195",
            "congress": 109,
            "introducedDate": "2005-05-24",
            "latestAction": {
                "actionDate": "2005-05-24",
                "actionTime": "18:26:40",
                "text": "On agreeing to the Hobson amendment (A002) Agreed to without objection. "
            },
            "type": null,
            "url": "https://api.congress.gov/v3/amendment/109/hamdt/195?format=json"
        },
        {
            "amendmentNumber": "194",
            "congress": 109,
            "introducedDate": "2005-05-24",
            "latestAction": {
                "actionDate": "2005-05-24",
                "actionTime": "11:17:20",
                "text": "On agreeing to the Hobson amendment (A001) Agreed to without objection. "
            },
            "type": null,
            "url": "https://api.congress.gov/v3/amendment/109/hamdt/194?format=json"
        },
        {
            "congress": 109,
            "introducedDate": "2006-05-19",
            "latestAction": {
                "actionDate": "2006-06-29",
                "text": "Placed on Senate Legislative Calendar under General Orders. Calendar No. 504."
            },
            "number": "5427",
            "policyArea": {
                "name": "Economics and Public Finance"
            },
            "title": "Energy and Water Development Appropriations Act, 2007",
            "type": "HR",
            "url": "https://api.congress.gov/v3/bill/109/hr/5427?format=json"
        },
        {
            "congress": 109,
            "introducedDate": "2005-07-28",
            "latestAction": {
                "actionDate": "2005-08-05",
                "text": "Referred to the Subcommittee on Health."
            },
            "number": "3559",
            "policyArea": {
                "name": "Health"
            },
            "title": "Medicare Durable Medical Equipment Access Act of 2005",
            "type": "HR",
            "url": "https://api.congress.gov/v3/bill/109/hr/3559?format=json"
        },
        {
            "congress": 109,
            "introducedDate": "2005-06-28",
            "latestAction": {
                "actionDate": "2005-06-30",
                "text": "Referred to the Subcommittee on Trade."
            },
            "number": "3090",
            "policyArea": {
                "name": "Foreign Trade and International Finance"
            },
            "title": "To suspend temporarily the duty on Pyromellitic Dianhydride (PMDA).",
            "type": "HR",
            "url": "https://api.congress.gov/v3/bill/109/hr/3090?format=json"
        },
        {
            "congress": 109,
            "introducedDate": "2005-06-28",
            "latestAction": {
                "actionDate": "2005-06-30",
                "text": "Referred to the Subcommittee on Trade."
            },
            "number": "3091",
            "policyArea": {
                "name": "Foreign Trade and International Finance"
            },
            "title": "To extend temporarily the duty suspension on 4,4'-Oxydiphthalic Anhydride (ODPA).",
            "type": "HR",
            "url": "https://api.congress.gov/v3/bill/109/hr/3091?format=json"
        },
        {
            "congress": 109,
            "introducedDate": "2005-06-28",
            "latestAction": {
                "actionDate": "2005-06-30",
                "text": "Referred to the Subcommittee on Trade."
            },
            "number": "3092",
            "policyArea": {
                "name": "Foreign Trade and International Finance"
            },
            "title": "To reduce temporarily the duty on 4,4'-Oxydianiline (ODA).",
            "type": "HR",
            "url": "https://api.congress.gov/v3/bill/109/hr/3092?format=json"
        },
        {
            "congress": 109,
            "introducedDate": "2005-06-28",
            "latestAction": {
                "actionDate": "2005-06-30",
                "text": "Referred to the Subcommittee on Trade."
            },
            "number": "3093",
            "policyArea": {
                "name": "Foreign Trade and International Finance"
            },
            "title": "To suspend temporarily the duty on 3,3',4-4'-Biphenyltetracarboxylic Dianhydride (BPDA).",
            "type": "HR",
            "url": "https://api.congress.gov/v3/bill/109/hr/3093?format=json"
        },
        {
            "congress": 109,
            "introducedDate": "2005-06-28",
            "latestAction": {
                "actionDate": "2005-06-30",
                "text": "Referred to the Subcommittee on Trade."
            },
            "number": "3089",
            "policyArea": {
                "name": "Foreign Trade and International Finance"
            },
            "title": "To suspend temporarily the duty on 1,3-bis(4-Aminophenoxy)benzene (RODA).",
            "type": "HR",
            "url": "https://api.congress.gov/v3/bill/109/hr/3089?format=json"
        },
        {
            "congress": 109,
            "introducedDate": "2005-05-18",
            "latestAction": {
                "actionDate": "2005-11-19",
                "text": "Became Public Law No: 109-103."
            },
            "number": "2419",
            "policyArea": {
                "name": "Economics and Public Finance"
            },
            "title": "Energy and Water Development Appropriations Act, 2006",
            "type": "HR",
            "url": "https://api.congress.gov/v3/bill/109/hr/2419?format=json"
        },
        {
            "congress": 109,
            "introducedDate": "2005-04-27",
            "latestAction": {
                "actionDate": "2005-05-10",
                "text": "Referred to the Subcommittee on Trade."
            },
            "number": "1913",
            "policyArea": {
                "name": "Foreign Trade and International Finance"
            },
            "title": "To suspend temporarily the duty on ACRYPET UT100.",
            "type": "HR",
            "url": "https://api.congress.gov/v3/bill/109/hr/1913?format=json"
        },
        {
            "congress": 109,
            "introducedDate": "2005-02-02",
            "latestAction": {
                "actionDate": "2005-02-09",
                "text": "Received in the Senate and Read twice and referred to the Committee on Environment and Public Works."
            },
            "number": "548",
            "policyArea": {
                "name": "Commemorations"
            },
            "title": "To designate the Federal building and United States courthouse located at 200 West 2nd Street in Dayton, Ohio, as the \"Tony Hall Federal Building and United States Courthouse\".",
            "type": "HR",
            "url": "https://api.congress.gov/v3/bill/109/hr/548?format=json"
        },
        {
            "congress": 110,
            "introducedDate": "2008-07-31",
            "latestAction": {
                "actionDate": "2008-08-07",
                "text": "Referred to the Subcommittee on Energy and Mineral Resources."
            },
            "number": "6735",
            "policyArea": {
                "name": "Energy"
            },
            "title": "BARREL Act",
            "type": "HR",
            "url": "https://api.congress.gov/v3/bill/110/hr/6735?format=json"
        },
        {
            "congress": 110,
            "introducedDate": "2008-07-24",
            "latestAction": {
                "actionDate": "2008-07-28",
                "text": "Referred to the Subcommittee on National Parks, Forests and Public Lands."
            },
            "number": "6616",
            "policyArea": {
                "name": "Public Lands and Natural Resources"
            },
            "title": "Colonel Charles Young Home National Historical Site Study Act",
            "type": "HR",
            "url": "https://api.congress.gov/v3/bill/110/hr/6616?format=json"
        },
        {
            "congress": 110,
            "introducedDate": "2007-03-29",
            "latestAction": {
                "actionDate": "2007-06-28",
                "text": "Referred to the Subcommittee on Military Personnel."
            },
            "number": "1799",
            "policyArea": {
                "name": "Armed Forces and National Security"
            },
            "title": "To authorize and request the President to award the Medal of Honor posthumously to Private George D. Wilson of Company B, 2nd Ohio Volunteer Infantry Regiment for his acts of valor as one of Andrews Raiders during the Civil War on April 12, 1862.",
            "type": "HR",
            "url": "https://api.congress.gov/v3/bill/110/hr/1799?format=json"
        },
        {
            "congress": 110,
            "introducedDate": "2007-03-29",
            "latestAction": {
                "actionDate": "2007-04-26",
                "text": "Referred to the Subcommittee on Military Personnel."
            },
            "number": "1800",
            "policyArea": {
                "name": "Armed Forces and National Security"
            },
            "title": "To authorize and request the President to award the Medal of Honor posthumously to Private Philip G. Shadrach of Company K, 2nd Ohio Volunteer Infantry Regiment for his acts of valor as one of Andrews Raiders during the Civil War on April 12, 1862.",
            "type": "HR",
            "url": "https://api.congress.gov/v3/bill/110/hr/1800?format=json"
        },
        {
            "amendmentNumber": "625",
            "congress": 108,
            "introducedDate": "2004-06-25",
            "latestAction": {
                "actionDate": "2004-06-25",
                "actionTime": "12:09:44",
                "text": "On agreeing to the Hobson amendment (A003) Agreed to by voice vote. "
            },
            "type": null,
            "url": "https://api.congress.gov/v3/amendment/108/hamdt/625?format=json"
        },
        {
            "congress": 108,
            "introducedDate": "2004-06-18",
            "latestAction": {
                "actionDate": "2004-07-06",
                "text": "Received in the Senate and Read twice and referred to the Committee on Appropriations."
            },
            "number": "4614",
            "policyArea": {
                "name": "Economics and Public Finance"
            },
            "title": "Energy and Water Development Appropriations Act, 2005",
            "type": "HR",
            "url": "https://api.congress.gov/v3/bill/108/hr/4614?format=json"
        },
        {
            "congress": 108,
            "introducedDate": "2004-06-02",
            "latestAction": {
                "actionDate": "2004-06-07",
                "text": "Referred to the Subcommittee on Health."
            },
            "number": "4491",
            "policyArea": {
                "name": "Health"
            },
            "title": "To amend part B of title XVIII of the Social Security Act to repeal the reduction in Medicare payment for certain items of durable medical equipment.",
            "type": "HR",
            "url": "https://api.congress.gov/v3/bill/108/hr/4491?format=json"
        },
        {
            "congress": 108,
            "introducedDate": "2004-03-18",
            "latestAction": {
                "actionDate": "2004-03-25",
                "text": "Referred to the Subcommittee on Total Force."
            },
            "number": "4000",
            "policyArea": {
                "name": "Armed Forces and National Security"
            },
            "title": "District of Columbia National Guard College Access Act",
            "type": "HR",
            "url": "https://api.congress.gov/v3/bill/108/hr/4000?format=json"
        },
        {
            "congress": 108,
            "introducedDate": "2003-12-08",
            "latestAction": {
                "actionDate": "2004-05-20",
                "text": "-Provision incorporated. See H.R. 4200, Section 2831."
            },
            "number": "3675",
            "policyArea": {
                "name": "Public Lands and Natural Resources"
            },
            "title": "To transfer administrative jurisdiction of a parcel of real property comprising a portion of the Defense Supply Center in Columbus, Ohio, and for other purposes.",
            "type": "HR",
            "url": "https://api.congress.gov/v3/bill/108/hr/3675?format=json"
        },
        {
            "congress": 108,
            "introducedDate": "2003-07-16",
            "latestAction": {
                "actionDate": "2003-12-01",
                "text": "Became Public Law No: 108-137."
            },
            "number": "2754",
            "policyArea": {
                "name": "Economics and Public Finance"
            },
            "title": "Energy and Water Development Appropriations Act, 2004",
            "type": "HR",
            "url": "https://api.congress.gov/v3/bill/108/hr/2754?format=json"
        },
        {
            "congress": 108,
            "introducedDate": "2003-06-03",
            "latestAction": {
                "actionDate": "2003-06-24",
                "text": "Provision incorporated. See H.R. 1720, Section 3."
            },
            "number": "2307",
            "policyArea": {
                "name": "Armed Forces and National Security"
            },
            "title": "To provide for the establishment of new Department of Veterans Affairs medical facilities for veterans in the area of Columbus, Ohio, and in south Texas.",
            "type": "HR",
            "url": "https://api.congress.gov/v3/bill/108/hr/2307?format=json"
        },
        {
            "congress": 108,
            "introducedDate": "2003-01-08",
            "latestAction": {
                "actionDate": "2003-11-19",
                "text": "Received in the Senate and Read twice and referred to the Committee on Energy and Natural Resources."
            },
            "number": "280",
            "policyArea": {
                "name": "Public Lands and Natural Resources"
            },
            "title": "National Aviation Heritage Area Act",
            "type": "HR",
            "url": "https://api.congress.gov/v3/bill/108/hr/280?format=json"
        },
        {
            "congress": 108,
            "introducedDate": "2003-01-08",
            "latestAction": {
                "actionDate": "2003-05-14",
                "text": "Received in the Senate and Read twice and referred to the Committee on Environment and Public Works."
            },
            "number": "281",
            "policyArea": {
                "name": "Commemorations"
            },
            "title": "To designate the Federal building and United States courthouse located at 200 West 2nd Street in Dayton, Ohio, as the \"Tony Hall Federal Building and United States Courthouse\".",
            "type": "HR",
            "url": "https://api.congress.gov/v3/bill/108/hr/281?format=json"
        },
        {
            "congress": 107,
            "introducedDate": "2002-09-05",
            "latestAction": {
                "actionDate": "2002-10-08",
                "text": "Received in the Senate."
            },
            "number": "5335",
            "policyArea": {
                "name": "Commemorations"
            },
            "title": "To designate the Federal building and United States courthouse located at 200 West 2nd Street in Dayton, Ohio, as the \"Tony Hall Federal Building and United States Courthouse\".",
            "type": "HR",
            "url": "https://api.congress.gov/v3/bill/107/hr/5335?format=json"
        },
        {
            "congress": 107,
            "introducedDate": "2002-07-17",
            "latestAction": {
                "actionDate": "2002-07-24",
                "text": "Executive Comment Requested from Interior."
            },
            "number": "5148",
            "policyArea": {
                "name": "Public Lands and Natural Resources"
            },
            "title": "National Aviation Heritage Area Act",
            "type": "HR",
            "url": "https://api.congress.gov/v3/bill/107/hr/5148?format=json"
        },
        {
            "congress": 107,
            "introducedDate": "2002-06-25",
            "latestAction": {
                "actionDate": "2002-10-23",
                "text": "Became Public Law No: 107-249."
            },
            "number": "5011",
            "policyArea": {
                "name": "Armed Forces and National Security"
            },
            "title": "Military Construction Appropriations Act, 2003",
            "type": "HR",
            "url": "https://api.congress.gov/v3/bill/107/hr/5011?format=json"
        },
        {
            "congress": 107,
            "introducedDate": "2002-05-16",
            "latestAction": {
                "actionDate": "2002-10-30",
                "text": "Became Public Law No: 107-269."
            },
            "number": "4755",
            "policyArea": {
                "name": "Commemorations"
            },
            "title": "To designate the facility of the United States Postal Service located at 204 South Broad Street in Lancaster, Ohio, as the \"Clarence Miller Post Office Building\".",
            "type": "HR",
            "url": "https://api.congress.gov/v3/bill/107/hr/4755?format=json"
        },
        {
            "congress": 107,
            "introducedDate": "2002-01-25",
            "latestAction": {
                "actionDate": "2002-01-25",
                "text": "Referred to the House Committee on Ways and Means."
            },
            "number": "3635",
            "policyArea": {
                "name": "Foreign Trade and International Finance"
            },
            "title": "To suspend temporarily the duty on certain chemicals.",
            "type": "HR",
            "url": "https://api.congress.gov/v3/bill/107/hr/3635?format=json"
        },
        {
            "congress": 107,
            "introducedDate": "2001-11-16",
            "latestAction": {
                "actionDate": "2001-12-27",
                "text": "Became Public Law No: 107-105."
            },
            "number": "3323",
            "policyArea": {
                "name": "Health"
            },
            "title": "Administrative Simplification Compliance Act",
            "type": "HR",
            "url": "https://api.congress.gov/v3/bill/107/hr/3323?format=json"
        },
        {
            "congress": 107,
            "introducedDate": "2001-09-20",
            "latestAction": {
                "actionDate": "2001-11-05",
                "text": "Became Public Law No: 107-64."
            },
            "number": "2904",
            "policyArea": {
                "name": "Armed Forces and National Security"
            },
            "title": "Military Construction Appropriations Act, 2002",
            "type": "HR",
            "url": "https://api.congress.gov/v3/bill/107/hr/2904?format=json"
        },
        {
            "congress": 107,
            "introducedDate": "2001-03-30",
            "latestAction": {
                "actionDate": "2001-04-16",
                "text": "Referred to the Subcommittee on Health."
            },
            "number": "1328",
            "policyArea": {
                "name": "Health"
            },
            "title": "Medicare Mammogram Access Protection Act of 2001",
            "type": "HR",
            "url": "https://api.congress.gov/v3/bill/107/hr/1328?format=json"
        },
        {
            "congress": 106,
            "introducedDate": "2000-07-27",
            "latestAction": {
                "actionDate": "2000-08-31",
                "text": "Referred to the Subcommittee on Health and Environment, for a period to be subsequently determined by the Chairman."
            },
            "number": "5042",
            "policyArea": {
                "name": "Health"
            },
            "title": "Seniors Healing at Home Act of 2000",
            "type": "HR",
            "url": "https://api.congress.gov/v3/bill/106/hr/5042?format=json"
        },
        {
            "congress": 106,
            "introducedDate": "2000-05-11",
            "latestAction": {
                "actionDate": "2000-07-13",
                "text": "Became Public Law No: 106-246."
            },
            "number": "4425",
            "policyArea": {
                "name": "Armed Forces and National Security"
            },
            "title": "Making appropriations for military construction, family housing, and base realignment and closure for the Department of Defense for the fiscal year ending September 30, 2001, and for other purposes.",
            "type": "HR",
            "url": "https://api.congress.gov/v3/bill/106/hr/4425?format=json"
        },
        {
            "congress": 106,
            "introducedDate": "1999-07-02",
            "latestAction": {
                "actionDate": "1999-08-17",
                "text": "Became Public Law No: 106-52."
            },
            "number": "2465",
            "policyArea": {
                "name": "Armed Forces and National Security"
            },
            "title": "Military Construction Appropriations Act, 2000",
            "type": "HR",
            "url": "https://api.congress.gov/v3/bill/106/hr/2465?format=json"
        },
        {
            "congress": 106,
            "introducedDate": "1999-03-24",
            "latestAction": {
                "actionDate": "1999-04-12",
                "text": "Referred to the Subcommittee on Health and Environment, for a period to be subsequently determined by the Chairman."
            },
            "number": "1261",
            "policyArea": {
                "name": "Health"
            },
            "title": "Long-Term Care Insurance Act of 1999",
            "type": "HR",
            "url": "https://api.congress.gov/v3/bill/106/hr/1261?format=json"
        },
        {
            "congress": 102,
            "introducedDate": "1991-07-17",
            "latestAction": {
                "actionDate": "1992-04-23",
                "text": "Referred to the Subcommittee on Civil and Constitutional Rights."
            },
            "number": "2931",
            "policyArea": {
                "name": "Crime and Law Enforcement"
            },
            "title": "National Child Abuser Registration Act of 1991",
            "type": "HR",
            "url": "https://api.congress.gov/v3/bill/102/hr/2931?format=json"
        },
        {
            "congress": 102,
            "introducedDate": "1991-06-05",
            "latestAction": {
                "actionDate": "1992-04-23",
                "text": "Referred to the Subcommittee on Civil and Constitutional Rights."
            },
            "number": "2553",
            "policyArea": {
                "name": "Crime and Law Enforcement"
            },
            "title": "National Child Abuser Registration Act of 1991",
            "type": "HR",
            "url": "https://api.congress.gov/v3/bill/102/hr/2553?format=json"
        },
        {
            "congress": 102,
            "introducedDate": "1991-09-12",
            "latestAction": {
                "actionDate": "1991-09-16",
                "text": "Referred to the Subcommittee on Census and Population."
            },
            "number": "324",
            "policyArea": {
                "name": "Transportation and Public Works"
            },
            "title": "Designating October 12, 1991, as \"Centennial of Concrete Paving in America Day\".",
            "type": "HJRES",
            "url": "https://api.congress.gov/v3/bill/102/hjres/324?format=json"
        },
        {
            "congress": 103,
            "introducedDate": "1994-05-12",
            "latestAction": {
                "actionDate": "1994-05-19",
                "text": "Referred to the Subcommittee on Compensation and Employee Benefits."
            },
            "number": "4409",
            "policyArea": {
                "name": "Government Operations and Politics"
            },
            "title": "To allow service performed as an employee of a nonappropriated fund instrumentality after 1965 and before 1987 to be considered creditable for purposes of civil service retirement.",
            "type": "HR",
            "url": "https://api.congress.gov/v3/bill/103/hr/4409?format=json"
        },
        {
            "congress": 103,
            "introducedDate": "1993-10-26",
            "latestAction": {
                "actionDate": "1994-05-03",
                "text": "Executive Comment Received from ITC."
            },
            "number": "3358",
            "policyArea": {
                "name": "Foreign Trade and International Finance"
            },
            "title": "To suspend until January 1, 1999, the duty on straining cloth of nonwoven, needletacked web composed of fibers made from polypropylene electret charged, fibrillated film, with or without scrim, such scrim being composed of spun bond fibers of polypropylene.",
            "type": "HR",
            "url": "https://api.congress.gov/v3/bill/103/hr/3358?format=json"
        },
        {
            "congress": 103,
            "introducedDate": "1993-09-27",
            "latestAction": {
                "actionDate": "1994-07-20",
                "text": "Sponsor introductory remarks on measure. (CR H5877)"
            },
            "number": "3137",
            "policyArea": {
                "name": "Health"
            },
            "title": "Health Care Information Modernization and Security Act of 1993",
            "type": "HR",
            "url": "https://api.congress.gov/v3/bill/103/hr/3137?format=json"
        },
        {
            "congress": 103,
            "introducedDate": "1993-07-28",
            "latestAction": {
                "actionDate": "1993-10-28",
                "text": "Sponsor introductory remarks on measure. (CR E2722)"
            },
            "number": "2789",
            "policyArea": {
                "name": "Health"
            },
            "title": "Medicaid Health Allowance Act of 1993",
            "type": "HR",
            "url": "https://api.congress.gov/v3/bill/103/hr/2789?format=json"
        },
        {
            "congress": 103,
            "introducedDate": "1993-01-21",
            "latestAction": {
                "actionDate": "1993-02-10",
                "text": "Referred to the Subcommittee on Civil and Constitutional Rights."
            },
            "number": "515",
            "policyArea": {
                "name": "Crime and Law Enforcement"
            },
            "title": "National Child Abuser Registration Act of 1993",
            "type": "HR",
            "url": "https://api.congress.gov/v3/bill/103/hr/515?format=json"
        },
        {
            "congress": 103,
            "introducedDate": "1994-04-20",
            "latestAction": {
                "actionDate": "1994-04-20",
                "text": "Referred to the House Committee on Post Office and Civil Service."
            },
            "number": "359",
            "policyArea": {
                "name": "Health"
            },
            "title": "To designate the week beginning June 13, 1994, as \"National Parkinson's Disease Awareness Week\".",
            "type": "HJRES",
            "url": "https://api.congress.gov/v3/bill/103/hjres/359?format=json"
        },
        {
            "amendmentNumber": "570",
            "congress": 104,
            "introducedDate": "1995-07-19",
            "latestAction": {
                "actionDate": "1995-07-19",
                "actionTime": "15:32:45",
                "text": "On agreeing to the Hobson amendment (A006) Failed by recorded vote: 201 - 223 (Roll no. 529). "
            },
            "type": null,
            "url": "https://api.congress.gov/v3/amendment/104/hamdt/570?format=json"
        },
        {
            "congress": 104,
            "introducedDate": "1996-02-29",
            "latestAction": {
                "actionDate": "1996-03-18",
                "text": "Executive Comment Requested from DOD."
            },
            "number": "2993",
            "policyArea": {
                "name": "Armed Forces and National Security"
            },
            "title": "Forrestal Institute Act of 1997",
            "type": "HR",
            "url": "https://api.congress.gov/v3/bill/104/hr/2993?format=json"
        },
        {
            "congress": 104,
            "introducedDate": "1995-06-16",
            "latestAction": {
                "actionDate": "1995-12-29",
                "text": "Became Public Law No: 104-87."
            },
            "number": "1878",
            "policyArea": {
                "name": "Health"
            },
            "title": "To extend for 2 years the period of applicability of enrollment mix requirement to certain health maintenance organizations providing services under Dayton Area Health Plan.",
            "type": "HR",
            "url": "https://api.congress.gov/v3/bill/104/hr/1878?format=json"
        },
        {
            "congress": 104,
            "introducedDate": "1995-06-07",
            "latestAction": {
                "actionDate": "1995-06-19",
                "text": "Referred to the Subcommittee on Health and Environment."
            },
            "number": "1766",
            "policyArea": {
                "name": "Health"
            },
            "title": "Health Information Modernization and Security Act",
            "type": "HR",
            "url": "https://api.congress.gov/v3/bill/104/hr/1766?format=json"
        },
        {
            "congress": 105,
            "introducedDate": "1998-04-30",
            "latestAction": {
                "actionDate": "1998-06-10",
                "text": "Referred to the Subcommittee on Military Personnel."
            },
            "number": "3775",
            "policyArea": {
                "name": "Armed Forces and National Security"
            },
            "title": "To amend title 10, United States Code, to require that military physicians possess unrestricted licenses, and to require the establishment of a system for monitoring completion by military physicians of applicable Continuing Medical Education requirements.",
            "type": "HR",
            "url": "https://api.congress.gov/v3/bill/105/hr/3775?format=json"
        },
        {
            "congress": 105,
            "introducedDate": "1998-03-19",
            "latestAction": {
                "actionDate": "1998-04-17",
                "text": "Referred to the Subcommittee on Military Installations and Facilities."
            },
            "number": "3521",
            "policyArea": {
                "name": "Armed Forces and National Security"
            },
            "title": "To provide for the conveyance of the Army Reserve Center in Jamestown, Ohio, to benefit the Greeneview Local School District of Jamestown, Ohio.",
            "type": "HR",
            "url": "https://api.congress.gov/v3/bill/105/hr/3521?format=json"
        }
    ]
}