{
    "pagination": {
        "count": 83
    },
    "request": {
        "bioguideId": "w000814",
        "contentType": "application/json",
        "format": "json"
    },
    "sponsoredLegislation": [
        {
            "congress": 118,
            "introducedDate": "2024-06-18",
            "latestAction": {
                "actionDate": "2024-06-18",
                "text": "Referred to the House Committee on the Judiciary."
            },
            "number": "8789",
            "policyArea": {
                "name": null
            },
            "title": "Officer John Barnes Act",
            "type": "HR",
            "url": "https://api.congress.gov/v3/bill/118/hr/8789?format=json"
        },
        {
            "congress": 118,
            "introducedDate": "2024-06-14",
            "latestAction": {
                "actionDate": "2024-06-14",
                "text": "Referred to the Committee on Energy and Commerce, and in addition to the Committee on Foreign Affairs, for a period to be subsequently determined by the Speaker, in each case for consideration of such provisions as fall within the jurisdiction of the committee concerned."
            },
            "number": "1303",
            "policyArea": {
                "name": null
            },
            "title": "Condemning the Biden administration's politically motivated ban on liquefied natural gas exports to non-free trade agreement countries.",
            "type": "HRES",
            "url": "https://api.congress.gov/v3/bill/118/hres/1303?format=json"
        },
        {
            "congress": 118,
            "introducedDate": "2024-04-15",
            "latestAction": {
                "actionDate": "2024-04-15",
                "text": "Referred to the House Committee on Foreign Affairs."
            },
            "number": "1148",
            "policyArea": {
                "name": "International Affairs"
            },
            "title": "Condemning the Iranian regime's terrorism, regional proxy war, internal suppression, and for other purposes.",
            "type": "HRES",
            "url": "https://api.congress.gov/v3/bill/118/hres/1148?format=json"
        },
        {
            "congress": 118,
            "introducedDate": "2024-03-06",
            "latestAction": {
                "actionDate": "2024-03-08",
                "text": "Referred to the Subcommittee on Energy, Climate and Grid Security."
            },
            "number": "1064",
            "policyArea": {
                "name": "Energy"
            },
            "title": "Recognizing the role and responsibilities of Texas operating the Electric Reliability Council of Texas and condemning any action to federalize the Texas electricity markets.",
            "type": "HRES",
            "url": "https://api.congress.gov/v3/bill/118/hres/1064?format=json"
        },
        {
            "congress": 118,
            "introducedDate": "2024-03-05",
            "latestAction": {
                "actionDate": "2024-03-08",
                "text": "Referred to the Subcommittee on Energy, Climate and Grid Security."
            },
            "number": "7556",
            "policyArea": {
                "name": "Energy"
            },
            "title": "LNG Coordination Act of 2024",
            "type": "HR",
            "url": "https://api.congress.gov/v3/bill/118/hr/7556?format=json"
        },
        {
            "congress": 118,
            "introducedDate": "2024-01-22",
            "latestAction": {
                "actionDate": "2024-03-20",
                "text": "Ordered to be Reported (Amended) by the Yeas and Nays: 36 - 0."
            },
            "number": "7073",
            "policyArea": {
                "name": "Energy"
            },
            "title": "Next Generation Pipelines Research and Development Act",
            "type": "HR",
            "url": "https://api.congress.gov/v3/bill/118/hr/7073?format=json"
        },
        {
            "congress": 118,
            "introducedDate": "2023-11-21",
            "latestAction": {
                "actionDate": "2023-12-07",
                "text": "Sponsor introductory remarks on measure. (CR H6733-6734)"
            },
            "number": "6477",
            "policyArea": {
                "name": "Immigration"
            },
            "title": "To amend the Immigration and Nationality Act to reform the process for inspection of applicants for admission.",
            "type": "HR",
            "url": "https://api.congress.gov/v3/bill/118/hr/6477?format=json"
        },
        {
            "congress": 118,
            "introducedDate": "2023-11-06",
            "latestAction": {
                "actionDate": "2023-11-10",
                "text": "Referred to the Subcommittee on Energy, Climate and Grid Security."
            },
            "number": "6252",
            "policyArea": {
                "name": "Energy"
            },
            "title": "Modernize Nuclear Reactor Environmental Reviews Act",
            "type": "HR",
            "url": "https://api.congress.gov/v3/bill/118/hr/6252?format=json"
        },
        {
            "congress": 118,
            "introducedDate": "2023-10-24",
            "latestAction": {
                "actionDate": "2023-10-25",
                "text": "Referred to the House Committee on Natural Resources."
            },
            "number": "809",
            "policyArea": {
                "name": "Animals"
            },
            "title": "Recognizing Rett Reef off the coast of San Leon, Texas, in Galveston Bay, and all those associated with bringing the project to fruition.",
            "type": "HRES",
            "url": "https://api.congress.gov/v3/bill/118/hres/809?format=json"
        },
        {
            "congress": 118,
            "introducedDate": "2023-08-29",
            "latestAction": {
                "actionDate": "2023-08-29",
                "text": "Referred to the House Committee on the Judiciary."
            },
            "number": "5319",
            "policyArea": {
                "name": "Crime and Law Enforcement"
            },
            "title": "Ban Offshore Abortion Tourism Act",
            "type": "HR",
            "url": "https://api.congress.gov/v3/bill/118/hr/5319?format=json"
        },
        {
            "congress": 118,
            "introducedDate": "2023-07-14",
            "latestAction": {
                "actionDate": "2023-07-21",
                "text": "Referred to the Subcommittee on Energy, Climate and Grid Security."
            },
            "number": "4663",
            "policyArea": {
                "name": "Energy"
            },
            "title": "Federal Mechanical Insulation Act",
            "type": "HR",
            "url": "https://api.congress.gov/v3/bill/118/hr/4663?format=json"
        },
        {
            "congress": 118,
            "introducedDate": "2023-05-17",
            "latestAction": {
                "actionDate": "2023-05-17",
                "text": "Referred to the House Committee on Oversight and Accountability."
            },
            "number": "3456",
            "policyArea": {
                "name": "Government Operations and Politics"
            },
            "title": "USPS Act",
            "type": "HR",
            "url": "https://api.congress.gov/v3/bill/118/hr/3456?format=json"
        },
        {
            "congress": 118,
            "introducedDate": "2023-05-15",
            "latestAction": {
                "actionDate": "2023-05-19",
                "text": "Referred to the Subcommittee on Communications and Technology."
            },
            "number": "3353",
            "policyArea": {
                "name": "Science, Technology, Communications"
            },
            "title": "Cable Transparency Act",
            "type": "HR",
            "url": "https://api.congress.gov/v3/bill/118/hr/3353?format=json"
        },
        {
            "congress": 118,
            "introducedDate": "2023-05-11",
            "latestAction": {
                "actionDate": "2023-05-11",
                "text": "Referred to the House Committee on Education and the Workforce."
            },
            "number": "396",
            "policyArea": {
                "name": "Families"
            },
            "title": "In honor of mothers, recognizing the significance of motherhood and the impact mothers have on raising the next generation, on the occasion of Mother's Day.",
            "type": "HRES",
            "url": "https://api.congress.gov/v3/bill/118/hres/396?format=json"
        },
        {
            "congress": 118,
            "introducedDate": "2023-05-10",
            "latestAction": {
                "actionDate": "2023-05-10",
                "text": "Referred to the House Committee on Oversight and Accountability."
            },
            "number": "3199",
            "policyArea": {
                "name": "Government Operations and Politics"
            },
            "title": "Pay Our Correctional Officers Fairly Act",
            "type": "HR",
            "url": "https://api.congress.gov/v3/bill/118/hr/3199?format=json"
        },
        {
            "congress": 118,
            "introducedDate": "2023-04-28",
            "latestAction": {
                "actionDate": "2023-04-28",
                "text": "Referred to the House Committee on Foreign Affairs."
            },
            "number": "346",
            "policyArea": {
                "name": "International Affairs"
            },
            "title": "Reaffirming the support of the United States to our strongest ally in the region, Israel, and recognizing the authoritarian and extremist regime of the Islamic Republic of Iran as a threat to Israel, the region, the United States, and global stability.",
            "type": "HRES",
            "url": "https://api.congress.gov/v3/bill/118/hres/346?format=json"
        },
        {
            "congress": 118,
            "introducedDate": "2023-04-03",
            "latestAction": {
                "actionDate": "2023-04-03",
                "text": "Referred to the House Committee on Ways and Means."
            },
            "number": "2478",
            "policyArea": {
                "name": "Taxation"
            },
            "title": "School Resource Officer Compensation Act",
            "type": "HR",
            "url": "https://api.congress.gov/v3/bill/118/hr/2478?format=json"
        },
        {
            "congress": 118,
            "introducedDate": "2023-04-03",
            "latestAction": {
                "actionDate": "2023-04-03",
                "text": "Referred to the House Committee on the Judiciary."
            },
            "number": "2477",
            "policyArea": {
                "name": "Crime and Law Enforcement"
            },
            "title": "PASS Act",
            "type": "HR",
            "url": "https://api.congress.gov/v3/bill/118/hr/2477?format=json"
        },
        {
            "congress": 118,
            "introducedDate": "2023-04-03",
            "latestAction": {
                "actionDate": "2023-04-14",
                "text": "Referred to the Subcommittee on Health."
            },
            "number": "2479",
            "policyArea": {
                "name": "Education"
            },
            "title": "Securing Our Schools Act of 2023",
            "type": "HR",
            "url": "https://api.congress.gov/v3/bill/118/hr/2479?format=json"
        },
        {
            "congress": 118,
            "introducedDate": "2023-04-03",
            "latestAction": {
                "actionDate": "2023-04-03",
                "text": "Referred to the House Committee on Education and the Workforce."
            },
            "number": "2476",
            "policyArea": {
                "name": "Education"
            },
            "title": "Protect Our Children's Schools Act",
            "type": "HR",
            "url": "https://api.congress.gov/v3/bill/118/hr/2476?format=json"
        },
        {
            "congress": 117,
            "introducedDate": "2022-11-17",
            "latestAction": {
                "actionDate": "2022-11-17",
                "text": "Referred to the House Committee on Science, Space, and Technology."
            },
            "number": "9349",
            "policyArea": {
                "name": "Energy"
            },
            "title": "Next Generation Pipelines Research and Development Act",
            "type": "HR",
            "url": "https://api.congress.gov/v3/bill/117/hr/9349?format=json"
        },
        {
            "congress": 117,
            "introducedDate": "2022-10-21",
            "latestAction": {
                "actionDate": "2022-10-24",
                "text": "Referred to the Subcommittee on Energy."
            },
            "number": "1445",
            "policyArea": {
                "name": "Energy"
            },
            "title": "Recognizing that the irresponsible withdrawal of petroleum products from the Strategic Petroleum Reserve is a threat to the security of the United States.",
            "type": "HRES",
            "url": "https://api.congress.gov/v3/bill/117/hres/1445?format=json"
        },
        {
            "congress": 117,
            "introducedDate": "2022-07-26",
            "latestAction": {
                "actionDate": "2022-07-27",
                "text": "Referred to the Subcommittee on Economic Development, Public Buildings, and Emergency Management."
            },
            "number": "8518",
            "policyArea": {
                "name": "Water Resources Development"
            },
            "title": "Texas Coastal Spine Authorization Act",
            "type": "HR",
            "url": "https://api.congress.gov/v3/bill/117/hr/8518?format=json"
        },
        {
            "congress": 117,
            "introducedDate": "2022-06-23",
            "latestAction": {
                "actionDate": "2022-11-01",
                "text": "Referred to the Subcommittee on the Constitution, Civil Rights, and Civil Liberties."
            },
            "number": "8219",
            "policyArea": {
                "name": "International Affairs"
            },
            "title": "Justice for American Victims Of Terrorism Act of 2022",
            "type": "HR",
            "url": "https://api.congress.gov/v3/bill/117/hr/8219?format=json"
        },
        {
            "congress": 117,
            "introducedDate": "2022-05-27",
            "latestAction": {
                "actionDate": "2022-05-27",
                "text": "Referred to the House Committee on Ways and Means."
            },
            "number": "7909",
            "policyArea": {
                "name": "Taxation"
            },
            "title": "To amend the Internal Revenue Code of 1986 to provide for an exclusion from gross income for compensation of certain school resource officers, and for other purposes.",
            "type": "HR",
            "url": "https://api.congress.gov/v3/bill/117/hr/7909?format=json"
        },
        {
            "congress": 117,
            "introducedDate": "2022-05-27",
            "latestAction": {
                "actionDate": "2022-11-01",
                "text": "Referred to the Subcommittee on Crime, Terrorism, and Homeland Security."
            },
            "number": "7908",
            "policyArea": {
                "name": "Crime and Law Enforcement"
            },
            "title": "PASS Act",
            "type": "HR",
            "url": "https://api.congress.gov/v3/bill/117/hr/7908?format=json"
        },
        {
            "congress": 117,
            "introducedDate": "2022-05-27",
            "latestAction": {
                "actionDate": "2022-05-27",
                "text": "Referred to the House Committee on Education and Labor."
            },
            "number": "7907",
            "policyArea": {
                "name": "Education"
            },
            "title": "Protect Our Children's Schools Act",
            "type": "HR",
            "url": "https://api.congress.gov/v3/bill/117/hr/7907?format=json"
        },
        {
            "congress": 117,
            "introducedDate": "2022-04-14",
            "latestAction": {
                "actionDate": "2022-04-14",
                "text": "Referred to the House Committee on Foreign Affairs."
            },
            "number": "7528",
            "policyArea": {
                "name": "International Affairs"
            },
            "title": "No Aid for Abetting Illegal Immigration Act",
            "type": "HR",
            "url": "https://api.congress.gov/v3/bill/117/hr/7528?format=json"
        },
        {
            "congress": 117,
            "introducedDate": "2022-01-12",
            "latestAction": {
                "actionDate": "2022-01-12",
                "text": "Referred to the Committee on Science, Space, and Technology, and in addition to the Committee on Armed Services, for a period to be subsequently determined by the Speaker, in each case for consideration of such provisions as fall within the jurisdiction of the committee concerned."
            },
            "number": "6391",
            "policyArea": {
                "name": "Science, Technology, Communications"
            },
            "title": "U.S. Leadership in Space Act of 2022",
            "type": "HR",
            "url": "https://api.congress.gov/v3/bill/117/hr/6391?format=json"
        },
        {
            "congress": 117,
            "introducedDate": "2021-12-09",
            "latestAction": {
                "actionDate": "2022-11-01",
                "text": "Referred to the Subcommittee on Immigration and Citizenship."
            },
            "number": "6243",
            "policyArea": {
                "name": "Immigration"
            },
            "title": "No More Free Ride Act",
            "type": "HR",
            "url": "https://api.congress.gov/v3/bill/117/hr/6243?format=json"
        },
        {
            "congress": 117,
            "introducedDate": "2021-10-27",
            "latestAction": {
                "actionDate": "2021-10-27",
                "text": "Referred to the House Committee on Oversight and Reform."
            },
            "number": "5761",
            "policyArea": {
                "name": "Government Operations and Politics"
            },
            "title": "Pay Our Correctional Officers Fairly Act",
            "type": "HR",
            "url": "https://api.congress.gov/v3/bill/117/hr/5761?format=json"
        },
        {
            "congress": 117,
            "introducedDate": "2021-09-10",
            "latestAction": {
                "actionDate": "2021-09-10",
                "text": "Referred to the House Committee on the Judiciary."
            },
            "number": "635",
            "policyArea": {
                "name": "Congress"
            },
            "title": "Impeaching Joseph Robinette Biden, Jr., President of the United States, for high crimes and misdemeanors.",
            "type": "HRES",
            "url": "https://api.congress.gov/v3/bill/117/hres/635?format=json"
        },
        {
            "congress": 117,
            "introducedDate": "2021-06-25",
            "latestAction": {
                "actionDate": "2022-11-01",
                "text": "Referred to the Subcommittee on Immigration and Citizenship."
            },
            "number": "502",
            "policyArea": {
                "name": "Immigration"
            },
            "title": "Recognizing the border crisis as a threat to national security and supporting Governor Greg Abbott's initiative in completing the border wall.",
            "type": "HRES",
            "url": "https://api.congress.gov/v3/bill/117/hres/502?format=json"
        },
        {
            "congress": 117,
            "introducedDate": "2021-04-30",
            "latestAction": {
                "actionDate": "2021-04-30",
                "text": "Referred to the Subcommittee on Energy."
            },
            "number": "2950",
            "policyArea": {
                "name": "Science, Technology, Communications"
            },
            "title": "CAMS Act",
            "type": "HR",
            "url": "https://api.congress.gov/v3/bill/117/hr/2950?format=json"
        },
        {
            "congress": 117,
            "introducedDate": "2021-03-23",
            "latestAction": {
                "actionDate": "2021-03-24",
                "text": "Referred to the Subcommittee on Economic Development, Public Buildings, and Emergency Management."
            },
            "number": "2180",
            "policyArea": {
                "name": "Armed Forces and National Security"
            },
            "title": "Redirecting Resources to the Border Act",
            "type": "HR",
            "url": "https://api.congress.gov/v3/bill/117/hr/2180?format=json"
        },
        {
            "congress": 116,
            "introducedDate": "2020-11-30",
            "latestAction": {
                "actionDate": "2020-11-30",
                "text": "Referred to the House Committee on Science, Space, and Technology."
            },
            "number": "1243",
            "policyArea": {
                "name": "Science, Technology, Communications"
            },
            "title": "Recognizing the 20th anniversary of the International Space Station.",
            "type": "HRES",
            "url": "https://api.congress.gov/v3/bill/116/hres/1243?format=json"
        },
        {
            "congress": 116,
            "introducedDate": "2020-11-17",
            "latestAction": {
                "actionDate": "2020-11-17",
                "text": "Referred to the House Committee on the Judiciary."
            },
            "number": "8768",
            "policyArea": {
                "name": "Immigration"
            },
            "title": "Keeping America's Energy Resources Moving Act of 2020",
            "type": "HR",
            "url": "https://api.congress.gov/v3/bill/116/hr/8768?format=json"
        },
        {
            "congress": 116,
            "introducedDate": "2020-05-08",
            "latestAction": {
                "actionDate": "2020-05-08",
                "text": "Referred to the House Committee on Science, Space, and Technology."
            },
            "number": "6796",
            "policyArea": {
                "name": "Energy"
            },
            "title": "Nuclear Energy for the Future Act",
            "type": "HR",
            "url": "https://api.congress.gov/v3/bill/116/hr/6796?format=json"
        },
        {
            "congress": 116,
            "introducedDate": "2020-04-17",
            "latestAction": {
                "actionDate": "2020-04-17",
                "text": "Referred to the House Committee on the Judiciary."
            },
            "number": "6558",
            "policyArea": {
                "name": "Immigration"
            },
            "title": "Landing Pass Extension Act of 2020",
            "type": "HR",
            "url": "https://api.congress.gov/v3/bill/116/hr/6558?format=json"
        },
        {
            "congress": 116,
            "introducedDate": "2020-03-10",
            "latestAction": {
                "actionDate": "2020-03-10",
                "text": "Referred to the House Committee on the Judiciary."
            },
            "number": "6186",
            "policyArea": {
                "name": "Crime and Law Enforcement"
            },
            "title": "Expedient Workforce Screening Act of 2020",
            "type": "HR",
            "url": "https://api.congress.gov/v3/bill/116/hr/6186?format=json"
        },
        {
            "congress": 116,
            "introducedDate": "2019-12-17",
            "latestAction": {
                "actionDate": "2019-12-17",
                "text": "Referred to the House Committee on Science, Space, and Technology."
            },
            "number": "5470",
            "policyArea": {
                "name": "Science, Technology, Communications"
            },
            "title": "U.S. Leadership in Space Act of 2019",
            "type": "HR",
            "url": "https://api.congress.gov/v3/bill/116/hr/5470?format=json"
        },
        {
            "congress": 116,
            "introducedDate": "2019-08-23",
            "latestAction": {
                "actionDate": "2019-09-25",
                "text": "Referred to the Subcommittee on Crime, Terrorism, and Homeland Security."
            },
            "number": "4207",
            "policyArea": {
                "name": "Crime and Law Enforcement"
            },
            "title": "Justice for Victims of School Shootings Act",
            "type": "HR",
            "url": "https://api.congress.gov/v3/bill/116/hr/4207?format=json"
        },
        {
            "congress": 116,
            "introducedDate": "2019-08-13",
            "latestAction": {
                "actionDate": "2019-09-25",
                "text": "Referred to the Subcommittee on Crime, Terrorism, and Homeland Security."
            },
            "number": "4187",
            "policyArea": {
                "name": "Crime and Law Enforcement"
            },
            "title": "Domestic Terrorism Penalties Act of 2019",
            "type": "HR",
            "url": "https://api.congress.gov/v3/bill/116/hr/4187?format=json"
        },
        {
            "congress": 116,
            "introducedDate": "2019-06-19",
            "latestAction": {
                "actionDate": "2019-06-19",
                "text": "Referred to the House Committee on Oversight and Reform."
            },
            "number": "448",
            "policyArea": {
                "name": "Civil Rights and Liberties, Minority Issues"
            },
            "title": "Expressing support for designation of June 19, 2019, as \"Juneteenth Independence Day\" in recognition of June 19, 1865, the date on which slavery legally came to an end in the United States.",
            "type": "HRES",
            "url": "https://api.congress.gov/v3/bill/116/hres/448?format=json"
        },
        {
            "amendmentNumber": "1042",
            "congress": 113,
            "introducedDate": "2014-07-10",
            "latestAction": {
                "actionDate": "2014-07-10",
                "actionTime": "18:47:00",
                "text": "On agreeing to the Weber (TX) amendment (A071) Agreed to by voice vote. "
            },
            "type": null,
            "url": "https://api.congress.gov/v3/amendment/113/hamdt/1042?format=json"
        },
        {
            "amendmentNumber": "66",
            "congress": 113,
            "introducedDate": "2013-05-22",
            "latestAction": {
                "actionDate": "2013-05-22",
                "actionTime": "17:59:12",
                "text": "On agreeing to the Weber (TX) amendment (A001) Agreed to by recorded vote: 246 - 168 (Roll no. 169). "
            },
            "type": null,
            "url": "https://api.congress.gov/v3/amendment/113/hamdt/66?format=json"
        },
        {
            "congress": 113,
            "introducedDate": "2014-09-18",
            "latestAction": {
                "actionDate": "2014-09-19",
                "text": "Referred to the Subcommittee on Energy and Power."
            },
            "number": "5665",
            "policyArea": {
                "name": "Environmental Protection"
            },
            "title": "Clear the Air with Congress Act of 2014",
            "type": "HR",
            "url": "https://api.congress.gov/v3/bill/113/hr/5665?format=json"
        },
        {
            "congress": 113,
            "introducedDate": "2014-09-18",
            "latestAction": {
                "actionDate": "2014-12-11",
                "text": "Referred to the Subcommittee on Research and Technology."
            },
            "number": "5666",
            "policyArea": {
                "name": "Science, Technology, Communications"
            },
            "title": "To strengthen United States-Israel science and technology cooperation.",
            "type": "HR",
            "url": "https://api.congress.gov/v3/bill/113/hr/5666?format=json"
        },
        {
            "congress": 113,
            "introducedDate": "2014-09-16",
            "latestAction": {
                "actionDate": "2014-09-29",
                "text": "Referred to the Subcommittee on Oversight and Investigations."
            },
            "number": "5480",
            "policyArea": {
                "name": "Armed Forces and National Security"
            },
            "title": "Empowering Our Veterans Act of 2014",
            "type": "HR",
            "url": "https://api.congress.gov/v3/bill/113/hr/5480?format=json"
        },
        {
            "congress": 113,
            "introducedDate": "2014-06-30",
            "latestAction": {
                "actionDate": "2014-06-30",
                "text": "Referred to the House Committee on Foreign Affairs."
            },
            "number": "5014",
            "policyArea": {
                "name": "International Affairs"
            },
            "title": "Illegal Entry Accountability Act of 2014",
            "type": "HR",
            "url": "https://api.congress.gov/v3/bill/113/hr/5014?format=json"
        },
        {
            "congress": 113,
            "introducedDate": "2014-01-09",
            "latestAction": {
                "actionDate": "2014-03-20",
                "text": "Referred to the Subcommittee on the Constitution and Civil Justice."
            },
            "number": "3829",
            "policyArea": {
                "name": "Families"
            },
            "title": "State Marriage Defense Act of 2014",
            "type": "HR",
            "url": "https://api.congress.gov/v3/bill/113/hr/3829?format=json"
        },
        {
            "congress": 113,
            "introducedDate": "2014-06-26",
            "latestAction": {
                "actionDate": "2014-07-21",
                "text": "Referred to the Subcommittee on the Constitution and Civil Justice."
            },
            "number": "652",
            "policyArea": {
                "name": "Government Operations and Politics"
            },
            "title": "Condemning the President of the United States and the executive branch of Government for continuous actions that violate the laws and Constitution of the United States.",
            "type": "HRES",
            "url": "https://api.congress.gov/v3/bill/113/hres/652?format=json"
        },
        {
            "congress": 113,
            "introducedDate": "2013-05-15",
            "latestAction": {
                "actionDate": "2013-05-15",
                "text": "Referred to the House Committee on Science, Space, and Technology."
            },
            "number": "214",
            "policyArea": {
                "name": "Environmental Protection"
            },
            "title": "Expressing the sense of the House of Representatives that extensive scientific and technical studies and analyses by the Department of State and other Federal agencies have affirmed that the proposed Keystone XL pipeline is an environmentally sound project.",
            "type": "HRES",
            "url": "https://api.congress.gov/v3/bill/113/hres/214?format=json"
        },
        {
            "congress": 115,
            "introducedDate": "2018-12-12",
            "latestAction": {
                "actionDate": "2018-12-12",
                "text": "Referred to the Committee on Science, Space, and Technology, and in addition to the Committees on Natural Resources, and Financial Services, for a period to be subsequently determined by the Speaker, in each case for consideration of such provisions as fall within the jurisdiction of the committee concerned."
            },
            "number": "7270",
            "policyArea": {
                "name": "Science, Technology, Communications"
            },
            "title": "COASTAL Implementation Act of 2018",
            "type": "HR",
            "url": "https://api.congress.gov/v3/bill/115/hr/7270?format=json"
        },
        {
            "amendmentNumber": "728",
            "congress": 115,
            "introducedDate": "2018-06-07",
            "latestAction": {
                "actionDate": "2018-06-07",
                "actionTime": "17:39:10",
                "text": "By unanimous consent, the Weber (TX) amendment was withdrawn. (consideration: CR H4934)"
            },
            "type": null,
            "url": "https://api.congress.gov/v3/amendment/115/hamdt/728?format=json"
        },
        {
            "amendmentNumber": "704",
            "congress": 115,
            "introducedDate": "2018-06-06",
            "latestAction": {
                "actionDate": "2018-06-06",
                "actionTime": "18:08:36",
                "text": "By unanimous consent, the Weber (TX) amendment was withdrawn. "
            },
            "type": null,
            "url": "https://api.congress.gov/v3/amendment/115/hamdt/704?format=json"
        },
        {
            "congress": 115,
            "introducedDate": "2018-06-13",
            "latestAction": {
                "actionDate": "2018-06-13",
                "text": "Referred to the House Committee on Oversight and Government Reform."
            },
            "number": "936",
            "policyArea": {
                "name": "Civil Rights and Liberties, Minority Issues"
            },
            "title": "Expressing support for designation of June 19, 2018, as \"Juneteenth Independence Day\" in recognition of June 19, 1865, the date on which slavery legally came to an end in the United States.",
            "type": "HRES",
            "url": "https://api.congress.gov/v3/bill/115/hres/936?format=json"
        },
        {
            "congress": 115,
            "introducedDate": "2018-05-22",
            "latestAction": {
                "actionDate": "2018-06-28",
                "text": "Received in the Senate. Read twice. Placed on Senate Legislative Calendar under General Orders. Calendar No. 496."
            },
            "number": "5905",
            "policyArea": {
                "name": "Science, Technology, Communications"
            },
            "title": "Department of Energy Science and Innovation Act of 2018",
            "type": "HR",
            "url": "https://api.congress.gov/v3/bill/115/hr/5905?format=json"
        },
        {
            "congress": 115,
            "introducedDate": "2018-05-21",
            "latestAction": {
                "actionDate": "2018-06-04",
                "text": "Referred to the Subcommittee on Water, Power and Oceans."
            },
            "number": "5897",
            "policyArea": {
                "name": "Public Lands and Natural Resources"
            },
            "title": "Coastal Texas Protection Act",
            "type": "HR",
            "url": "https://api.congress.gov/v3/bill/115/hr/5897?format=json"
        },
        {
            "congress": 115,
            "introducedDate": "2017-11-13",
            "latestAction": {
                "actionDate": "2018-02-14",
                "text": "Received in the Senate and Read twice and referred to the Committee on Energy and Natural Resources."
            },
            "number": "4378",
            "policyArea": {
                "name": "Energy"
            },
            "title": "Nuclear Energy Research Infrastructure Act of 2018",
            "type": "HR",
            "url": "https://api.congress.gov/v3/bill/115/hr/4378?format=json"
        },
        {
            "congress": 115,
            "introducedDate": "2017-10-12",
            "latestAction": {
                "actionDate": "2018-05-22",
                "text": "Referred to the Subcommittee on Energy."
            },
            "number": "4035",
            "policyArea": {
                "name": "Energy"
            },
            "title": "DOE Loan Guarantee Program Repeal Act",
            "type": "HR",
            "url": "https://api.congress.gov/v3/bill/115/hr/4035?format=json"
        },
        {
            "congress": 115,
            "introducedDate": "2017-07-27",
            "latestAction": {
                "actionDate": "2017-07-28",
                "text": "Referred to the Subcommittee on Highways and Transit."
            },
            "number": "3452",
            "policyArea": {
                "name": "Transportation and Public Works"
            },
            "title": "Relief for Recovering Communities Act",
            "type": "HR",
            "url": "https://api.congress.gov/v3/bill/115/hr/3452?format=json"
        },
        {
            "congress": 115,
            "introducedDate": "2017-04-03",
            "latestAction": {
                "actionDate": "2017-04-03",
                "text": "Referred to the House Committee on Ways and Means."
            },
            "number": "1866",
            "policyArea": {
                "name": "Taxation"
            },
            "title": "Stop Animal Fat Tax Credits Act of 2017",
            "type": "HR",
            "url": "https://api.congress.gov/v3/bill/115/hr/1866?format=json"
        },
        {
            "congress": 115,
            "introducedDate": "2017-03-07",
            "latestAction": {
                "actionDate": "2017-03-16",
                "text": "Referred to the Subcommittee on Water, Power and Oceans."
            },
            "number": "1382",
            "policyArea": {
                "name": "Public Lands and Natural Resources"
            },
            "title": "GOFISH Act",
            "type": "HR",
            "url": "https://api.congress.gov/v3/bill/115/hr/1382?format=json"
        },
        {
            "congress": 115,
            "introducedDate": "2017-01-11",
            "latestAction": {
                "actionDate": "2017-04-25",
                "text": "Referred to the Subcommittee on Energy."
            },
            "number": "431",
            "policyArea": {
                "name": "Energy"
            },
            "title": "Nuclear Energy Innovation Capabilities Act of 2017",
            "type": "HR",
            "url": "https://api.congress.gov/v3/bill/115/hr/431?format=json"
        },
        {
            "congress": 114,
            "introducedDate": "2016-11-17",
            "latestAction": {
                "actionDate": "2016-11-17",
                "text": "Referred to the House Committee on Transportation and Infrastructure."
            },
            "number": "6337",
            "policyArea": {
                "name": "Transportation and Public Works"
            },
            "title": "To amend title 49, United States Code, with respect to the definition of urbanized area, and for other purposes.",
            "type": "HR",
            "url": "https://api.congress.gov/v3/bill/114/hr/6337?format=json"
        },
        {
            "amendmentNumber": "1453",
            "congress": 114,
            "introducedDate": "2016-09-27",
            "latestAction": {
                "actionDate": "2016-09-27",
                "actionTime": "19:03:28",
                "text": "On agreeing to the Weber (TX) amendment (A016) Agreed to by voice vote. "
            },
            "type": null,
            "url": "https://api.congress.gov/v3/amendment/114/hamdt/1453?format=json"
        },
        {
            "congress": 114,
            "introducedDate": "2016-09-27",
            "latestAction": {
                "actionDate": "2016-09-27",
                "text": "Referred to the Committee on Foreign Affairs, and in addition to the Committees on Financial Services, and the Judiciary, for a period to be subsequently determined by the Speaker, in each case for consideration of such provisions as fall within the jurisdiction of the committee concerned."
            },
            "number": "896",
            "policyArea": {
                "name": "International Affairs"
            },
            "title": "Recognizing the significance of the United States relationship with the Republic of Moldova and encouraging United States support for anti-corruption efforts and strengthening democratic institutions.",
            "type": "HRES",
            "url": "https://api.congress.gov/v3/bill/114/hres/896?format=json"
        },
        {
            "congress": 114,
            "introducedDate": "2016-07-14",
            "latestAction": {
                "actionDate": "2016-08-12",
                "text": "Referred to the Subcommittee on Border and Maritime Security."
            },
            "number": "5905",
            "policyArea": {
                "name": "Immigration"
            },
            "title": "POSSE Act",
            "type": "HR",
            "url": "https://api.congress.gov/v3/bill/114/hr/5905?format=json"
        },
        {
            "amendmentNumber": "1378",
            "congress": 114,
            "introducedDate": "2016-07-13",
            "latestAction": {
                "actionDate": "2016-07-13",
                "actionTime": "23:52:18",
                "text": "On agreeing to the Weber (TX) amendment (A098) Agreed to by voice vote. "
            },
            "type": null,
            "url": "https://api.congress.gov/v3/amendment/114/hamdt/1378?format=json"
        },
        {
            "amendmentNumber": "1101",
            "congress": 114,
            "introducedDate": "2016-05-24",
            "latestAction": {
                "actionDate": "2016-05-25",
                "actionTime": "22:29:21",
                "text": "On agreeing to the Weber (TX) amendment (A021) Failed by recorded vote: 158 - 260 (Roll no. 251). (consideration: CR H3252)"
            },
            "type": null,
            "url": "https://api.congress.gov/v3/amendment/114/hamdt/1101?format=json"
        },
        {
            "congress": 114,
            "introducedDate": "2016-05-16",
            "latestAction": {
                "actionDate": "2016-05-17",
                "text": "Referred to the Subcommittee on Water Resources and Environment."
            },
            "number": "5246",
            "policyArea": {
                "name": "Transportation and Public Works"
            },
            "title": "To remove the Federal claim to navigational servitude for a parcel of land in Texas City, Texas, and for other purposes.",
            "type": "HR",
            "url": "https://api.congress.gov/v3/bill/114/hr/5246?format=json"
        },
        {
            "congress": 114,
            "introducedDate": "2016-05-13",
            "latestAction": {
                "actionDate": "2016-05-16",
                "text": "Referred to the Subcommittee on Water Resources and Environment."
            },
            "number": "5225",
            "policyArea": {
                "name": "Transportation and Public Works"
            },
            "title": "COAST Act",
            "type": "HR",
            "url": "https://api.congress.gov/v3/bill/114/hr/5225?format=json"
        },
        {
            "congress": 114,
            "introducedDate": "2016-04-20",
            "latestAction": {
                "actionDate": "2016-04-20",
                "text": "Referred to the House Committee on Ways and Means."
            },
            "number": "5004",
            "policyArea": {
                "name": "Taxation"
            },
            "title": "Stop Animal Fat Tax Credits Act of 2016",
            "type": "HR",
            "url": "https://api.congress.gov/v3/bill/114/hr/5004?format=json"
        },
        {
            "congress": 114,
            "introducedDate": "2016-02-11",
            "latestAction": {
                "actionDate": "2016-02-29",
                "text": "Referred to the Subcommittee on Crime, Terrorism, Homeland Security, and Investigations."
            },
            "number": "4550",
            "policyArea": {
                "name": "Crime and Law Enforcement"
            },
            "title": "PASS Act",
            "type": "HR",
            "url": "https://api.congress.gov/v3/bill/114/hr/4550?format=json"
        },
        {
            "congress": 114,
            "introducedDate": "2015-11-19",
            "latestAction": {
                "actionDate": "2016-07-14",
                "text": "Read twice and referred to the Committee on Energy and Natural Resources."
            },
            "number": "4084",
            "policyArea": {
                "name": "Energy"
            },
            "title": "Nuclear Energy Innovation Capabilities Act",
            "type": "HR",
            "url": "https://api.congress.gov/v3/bill/114/hr/4084?format=json"
        },
        {
            "amendmentNumber": "619",
            "congress": 114,
            "introducedDate": "2015-07-07",
            "latestAction": {
                "actionDate": "2015-07-07",
                "actionTime": "22:44:03",
                "text": "On agreeing to the Weber (TX) amendment (A089) Agreed to by voice vote. "
            },
            "type": null,
            "url": "https://api.congress.gov/v3/amendment/114/hamdt/619?format=json"
        },
        {
            "congress": 114,
            "introducedDate": "2015-07-29",
            "latestAction": {
                "actionDate": "2015-09-28",
                "text": "Referred to the Subcommittee on Crime, Terrorism, Homeland Security, and Investigations."
            },
            "number": "3425",
            "policyArea": {
                "name": "Crime and Law Enforcement"
            },
            "title": "FREE Act",
            "type": "HR",
            "url": "https://api.congress.gov/v3/bill/114/hr/3425?format=json"
        },
        {
            "congress": 114,
            "introducedDate": "2015-07-16",
            "latestAction": {
                "actionDate": "2015-08-05",
                "text": "Referred to the Subcommittee on Health."
            },
            "number": "3113",
            "policyArea": {
                "name": "Armed Forces and National Security"
            },
            "title": "Empowering Our Veterans Act of 2015",
            "type": "HR",
            "url": "https://api.congress.gov/v3/bill/114/hr/3113?format=json"
        },
        {
            "congress": 114,
            "introducedDate": "2015-01-21",
            "latestAction": {
                "actionDate": "2015-01-21",
                "text": "Referred to the House Committee on Foreign Affairs."
            },
            "number": "439",
            "policyArea": {
                "name": "International Affairs"
            },
            "title": "Illegal Entry Accountability Act of 2015",
            "type": "HR",
            "url": "https://api.congress.gov/v3/bill/114/hr/439?format=json"
        },
        {
            "congress": 114,
            "introducedDate": "2015-03-04",
            "latestAction": {
                "actionDate": "2015-03-24",
                "text": "Sponsor introductory remarks on measure. (CR H1854-1855)"
            },
            "number": "1332",
            "policyArea": {
                "name": "Taxation"
            },
            "title": "Deny Amnesty Credits Act of 2015",
            "type": "HR",
            "url": "https://api.congress.gov/v3/bill/114/hr/1332?format=json"
        },
        {
            "congress": 114,
            "introducedDate": "2015-02-10",
            "latestAction": {
                "actionDate": "2015-03-16",
                "text": "Referred to the Subcommittee on the Constitution and Civil Justice."
            },
            "number": "824",
            "policyArea": {
                "name": "Families"
            },
            "title": "State Marriage Defense Act of 2015",
            "type": "HR",
            "url": "https://api.congress.gov/v3/bill/114/hr/824?format=json"
        },
        {
            "congress": 114,
            "introducedDate": "2015-06-15",
            "latestAction": {
                "actionDate": "2015-06-15",
                "text": "Referred to the House Committee on Oversight and Government Reform."
            },
            "number": "316",
            "policyArea": {
                "name": "Civil Rights and Liberties, Minority Issues"
            },
            "title": "Observing the historical significance of Juneteenth Independence Day.",
            "type": "HRES",
            "url": "https://api.congress.gov/v3/bill/114/hres/316?format=json"
        }
    ]
}