{
    "pagination": {
        "count": 166
    },
    "request": {
        "bioguideId": "b000586",
        "contentType": "application/json",
        "format": "json"
    },
    "sponsoredLegislation": [
        {
            "amendmentNumber": "508",
            "congress": 109,
            "introducedDate": "2005-07-22",
            "latestAction": {
                "actionDate": "2005-07-22",
                "actionTime": "10:55:20",
                "text": "On agreeing to the Boehlert amendment (A001) Agreed to by voice vote. "
            },
            "type": null,
            "url": "https://api.congress.gov/v3/amendment/109/hamdt/508?format=json"
        },
        {
            "amendmentNumber": "558",
            "congress": 109,
            "introducedDate": "2005-09-21",
            "latestAction": {
                "actionDate": "2005-09-21",
                "actionTime": "14:54:32",
                "text": "On agreeing to the Boehlert amendment (A001) Agreed to by voice vote. "
            },
            "type": null,
            "url": "https://api.congress.gov/v3/amendment/109/hamdt/558?format=json"
        },
        {
            "amendmentNumber": "200",
            "congress": 109,
            "introducedDate": "2005-05-24",
            "latestAction": {
                "actionDate": "2005-05-24",
                "actionTime": "19:28:07",
                "text": "On agreeing to the Boehlert amendment (A007) Agreed to by voice vote. "
            },
            "type": null,
            "url": "https://api.congress.gov/v3/amendment/109/hamdt/200?format=json"
        },
        {
            "amendmentNumber": "73",
            "congress": 109,
            "introducedDate": "2005-04-20",
            "latestAction": {
                "actionDate": "2005-04-20",
                "actionTime": "21:57:39",
                "text": "On agreeing to the Boehlert amendment (A004) Failed by recorded vote: 177 - 254 (Roll no. 121). "
            },
            "type": null,
            "url": "https://api.congress.gov/v3/amendment/109/hamdt/73?format=json"
        },
        {
            "congress": 109,
            "introducedDate": "2006-07-13",
            "latestAction": {
                "actionDate": "2006-09-19",
                "text": "Referred to the Subcommittee on Workforce Protections."
            },
            "number": "5787",
            "policyArea": {
                "name": "Labor and Employment"
            },
            "title": "Minimum Wage Competitiveness Act of 2006",
            "type": "HR",
            "url": "https://api.congress.gov/v3/bill/109/hr/5787?format=json"
        },
        {
            "congress": 109,
            "introducedDate": "2006-06-26",
            "latestAction": {
                "actionDate": "2006-07-18",
                "text": "Referred to the Subcommittee on Energy."
            },
            "number": "5679",
            "policyArea": {
                "name": "Energy"
            },
            "title": "United States-Israel Energy Cooperation Act",
            "type": "HR",
            "url": "https://api.congress.gov/v3/bill/109/hr/5679?format=json"
        },
        {
            "congress": 109,
            "introducedDate": "2006-04-04",
            "latestAction": {
                "actionDate": "2006-04-04",
                "text": "Referred to the House Committee on Government Reform."
            },
            "number": "5078",
            "policyArea": {
                "name": "Environmental Protection"
            },
            "title": "Department of Environmental Protection Act",
            "type": "HR",
            "url": "https://api.congress.gov/v3/bill/109/hr/5078?format=json"
        },
        {
            "congress": 109,
            "introducedDate": "2006-03-15",
            "latestAction": {
                "actionDate": "2006-08-17",
                "text": "Became Public Law No: 109-275."
            },
            "number": "4962",
            "policyArea": {
                "name": "Commemorations"
            },
            "title": "To designate the facility of the United States Postal Service located at 100 Pitcher Street in Utica, New York, as the \"Captain George A. Wood Post Office Building\".",
            "type": "HR",
            "url": "https://api.congress.gov/v3/bill/109/hr/4962?format=json"
        },
        {
            "congress": 109,
            "introducedDate": "2005-11-02",
            "latestAction": {
                "actionDate": "2005-11-03",
                "text": "Sponsor introductory remarks on measure. (CR E2258-2259)"
            },
            "number": "4199",
            "policyArea": {
                "name": "Taxation"
            },
            "title": "Superfund Revenue Reinstatement Act of 2005",
            "type": "HR",
            "url": "https://api.congress.gov/v3/bill/109/hr/4199?format=json"
        },
        {
            "congress": 109,
            "introducedDate": "2005-09-14",
            "latestAction": {
                "actionDate": "2005-09-19",
                "text": "Referred to the Subcommittee on Energy and Air Quality."
            },
            "number": "3762",
            "policyArea": {
                "name": "Energy"
            },
            "title": "To require higher standards of automobile fuel efficiency in order to reduce the amount of oil used for fuel by automobiles in the United States by 10 percent beginning in 2016, and for other purposes.",
            "type": "HR",
            "url": "https://api.congress.gov/v3/bill/109/hr/3762?format=json"
        },
        {
            "congress": 109,
            "introducedDate": "2005-07-25",
            "latestAction": {
                "actionDate": "2005-10-12",
                "text": "Referred to the Subcommittee on Workforce Protections."
            },
            "number": "3413",
            "policyArea": {
                "name": "Labor and Employment"
            },
            "title": "Minimum Wage Competitiveness Act of 2005",
            "type": "HR",
            "url": "https://api.congress.gov/v3/bill/109/hr/3413?format=json"
        },
        {
            "congress": 109,
            "introducedDate": "2005-04-21",
            "latestAction": {
                "actionDate": "2005-04-26",
                "text": "Referred to the Subcommittee on Energy."
            },
            "number": "1750",
            "policyArea": {
                "name": "Science, Technology, Communications"
            },
            "title": "Grand Canyon Hydrogen-Powered Transportation Demonstration Act of 2005",
            "type": "HR",
            "url": "https://api.congress.gov/v3/bill/109/hr/1750?format=json"
        },
        {
            "congress": 109,
            "introducedDate": "2005-04-18",
            "latestAction": {
                "actionDate": "2006-12-20",
                "text": "Became Public Law No: 109-424."
            },
            "number": "1674",
            "policyArea": {
                "name": "Emergency Management"
            },
            "title": "Tsunami Warning and Education Act",
            "type": "HR",
            "url": "https://api.congress.gov/v3/bill/109/hr/1674?format=json"
        },
        {
            "congress": 109,
            "introducedDate": "2005-02-17",
            "latestAction": {
                "actionDate": "2005-03-03",
                "text": "Referred to the Subcommittee on Environment, Technology, and Standards."
            },
            "number": "882",
            "policyArea": {
                "name": "Emergency Management"
            },
            "title": "To require the National Oceanic and Atmospheric Administration, through the National Weather Service, to establish a tsunami hazard mitigation program for all United States coastal States and insular areas.",
            "type": "HR",
            "url": "https://api.congress.gov/v3/bill/109/hr/882?format=json"
        },
        {
            "congress": 109,
            "introducedDate": "2006-04-04",
            "latestAction": {
                "actionDate": "2006-06-06",
                "actionTime": "22:12:53",
                "text": "Motion to reconsider laid on the table Agreed to without objection."
            },
            "number": "753",
            "policyArea": {
                "name": "Commemorations"
            },
            "title": "Commending American craft brewers.",
            "type": "HRES",
            "url": "https://api.congress.gov/v3/bill/109/hres/753?format=json"
        },
        {
            "congress": 109,
            "introducedDate": "2005-10-17",
            "latestAction": {
                "actionDate": "2005-10-17",
                "actionTime": "19:19:20",
                "text": "On motion to suspend the rules and agree to the resolution Agreed to by the Yeas and Nays: (2/3 required): 354 - 13 (Roll no. 523). (text: CR H8815)"
            },
            "number": "491",
            "policyArea": {
                "name": "Commemorations"
            },
            "title": "Expressing the sense of the House of Representatives with respect to raising awareness and enhancing the state of computer security in the United States, and supporting the goals and ideals of National Cyber Security Awareness Month.",
            "type": "HRES",
            "url": "https://api.congress.gov/v3/bill/109/hres/491?format=json"
        },
        {
            "congress": 109,
            "introducedDate": "2005-02-16",
            "latestAction": {
                "actionDate": "2005-02-16",
                "text": "Referred to the House Committee on House Administration."
            },
            "number": "105",
            "policyArea": {
                "name": "Congress"
            },
            "title": "Providing amounts for the expenses of the Committee on Science in the One Hundred Ninth Congress.",
            "type": "HRES",
            "url": "https://api.congress.gov/v3/bill/109/hres/105?format=json"
        },
        {
            "congress": 109,
            "introducedDate": "2005-12-17",
            "latestAction": {
                "actionDate": "2005-12-22",
                "text": "Message on Senate action sent to the House."
            },
            "number": "324",
            "policyArea": {
                "name": "Congress"
            },
            "title": "Directing the Secretary of the Senate to make a technical correction in the enrollment of S. 1281.",
            "type": "HCONRES",
            "url": "https://api.congress.gov/v3/bill/109/hconres/324?format=json"
        },
        {
            "congress": 109,
            "introducedDate": "2006-02-15",
            "latestAction": {
                "actionDate": "2006-12-08",
                "text": "Received in the Senate."
            },
            "number": "343",
            "policyArea": {
                "name": "Commemorations"
            },
            "title": "Recognizing the 50th anniversary of the Commission on Independent Colleges and Universities.",
            "type": "HCONRES",
            "url": "https://api.congress.gov/v3/bill/109/hconres/343?format=json"
        },
        {
            "congress": 109,
            "introducedDate": "2005-10-06",
            "latestAction": {
                "actionDate": "2005-10-14",
                "text": "Committee Hearings Held."
            },
            "number": "259",
            "policyArea": {
                "name": "Commemorations"
            },
            "title": "Expressing the sense of Congress with respect to raising awareness and enhancing the state of computer security in the United States, and supporting the goals and ideals of National Cyber Security Awareness Month.",
            "type": "HCONRES",
            "url": "https://api.congress.gov/v3/bill/109/hconres/259?format=json"
        },
        {
            "congress": 109,
            "introducedDate": "2005-02-08",
            "latestAction": {
                "actionDate": "2005-02-08",
                "text": "Referred to the House Committee on Science."
            },
            "number": "46",
            "policyArea": {
                "name": "Commemorations"
            },
            "title": "Congratulating ASME on their 125th anniversary, celebrating the achievements of ASME members, and expressing the gratitude of the American people for ASME's contributions.",
            "type": "HCONRES",
            "url": "https://api.congress.gov/v3/bill/109/hconres/46?format=json"
        },
        {
            "amendmentNumber": "601",
            "congress": 108,
            "introducedDate": "2004-06-23",
            "latestAction": {
                "actionDate": "2004-06-23",
                "actionTime": "20:53:36",
                "text": "On agreeing to the Boehlert amendment (A003) as modified Agreed to by recorded vote: 335 - 83 (Roll no. 291). "
            },
            "type": null,
            "url": "https://api.congress.gov/v3/amendment/108/hamdt/601?format=json"
        },
        {
            "amendmentNumber": "467",
            "congress": 108,
            "introducedDate": "2004-03-04",
            "latestAction": {
                "actionDate": "2004-03-04",
                "actionTime": "12:11:10",
                "text": "On agreeing to the Boehlert amendment (A001) Agreed to by voice vote. "
            },
            "type": null,
            "url": "https://api.congress.gov/v3/amendment/108/hamdt/467?format=json"
        },
        {
            "amendmentNumber": "65",
            "congress": 108,
            "introducedDate": "2003-04-10",
            "latestAction": {
                "actionDate": "2003-04-10",
                "actionTime": "18:45:18",
                "text": "On agreeing to the Boehlert amendment (A001) Failed by recorded vote: 162 - 268 (Roll no. 132). "
            },
            "type": null,
            "url": "https://api.congress.gov/v3/amendment/108/hamdt/65?format=json"
        },
        {
            "congress": 108,
            "introducedDate": "2004-11-18",
            "latestAction": {
                "actionDate": "2004-11-29",
                "text": "Referred to the Subcommittee on Space and Aeronautics."
            },
            "number": "5385",
            "policyArea": {
                "name": "Science, Technology, Communications"
            },
            "title": "To authorize the establishment of a Centennial Challenge Prize Program at the National Aeronautics and Space Administration.",
            "type": "HR",
            "url": "https://api.congress.gov/v3/bill/108/hr/5385?format=json"
        },
        {
            "congress": 108,
            "introducedDate": "2004-10-07",
            "latestAction": {
                "actionDate": "2004-11-30",
                "text": "Became Public Law No: 108-428."
            },
            "number": "5245",
            "policyArea": {
                "name": "Science, Technology, Communications"
            },
            "title": "To extend the liability indemnification regime for the commercial space transportation industry.",
            "type": "HR",
            "url": "https://api.congress.gov/v3/bill/108/hr/5245?format=json"
        },
        {
            "congress": 108,
            "introducedDate": "2004-06-03",
            "latestAction": {
                "actionDate": "2004-06-28",
                "text": "Referred to the Subcommittee on Water and Power."
            },
            "number": "4500",
            "policyArea": {
                "name": "Energy"
            },
            "title": "Energy Science Act of 2004",
            "type": "HR",
            "url": "https://api.congress.gov/v3/bill/108/hr/4500?format=json"
        },
        {
            "congress": 108,
            "introducedDate": "2004-04-01",
            "latestAction": {
                "actionDate": "2004-05-12",
                "text": "Committee Hearings Held."
            },
            "number": "4107",
            "policyArea": {
                "name": "Emergency Management"
            },
            "title": "Assistance to Firefighters Grant Reauthorization Act of 2004",
            "type": "HR",
            "url": "https://api.congress.gov/v3/bill/108/hr/4107?format=json"
        },
        {
            "congress": 108,
            "introducedDate": "2003-10-29",
            "latestAction": {
                "actionDate": "2003-10-29",
                "text": "Referred to the House Committee on Resources."
            },
            "number": "3394",
            "policyArea": {
                "name": "Native Americans"
            },
            "title": "To clarify the lands over which Indian tribes shall have jurisdiction or exercise governmental power.",
            "type": "HR",
            "url": "https://api.congress.gov/v3/bill/108/hr/3394?format=json"
        },
        {
            "congress": 108,
            "introducedDate": "2003-07-25",
            "latestAction": {
                "actionDate": "2003-07-28",
                "text": "Referred to the Subcommittee on Highways, Transit and Pipelines."
            },
            "number": "2928",
            "policyArea": {
                "name": "Transportation and Public Works"
            },
            "title": "Consumer's Relocation Protection Act of 2003",
            "type": "HR",
            "url": "https://api.congress.gov/v3/bill/108/hr/2928?format=json"
        },
        {
            "congress": 108,
            "introducedDate": "2003-04-11",
            "latestAction": {
                "actionDate": "2003-04-28",
                "text": "Referred to the Subcommittee on Energy."
            },
            "number": "1777",
            "policyArea": {
                "name": "Energy"
            },
            "title": "To provide for the establishment at the Department of Energy of a program for hydrogen fuel cell vehicles and infrastructure, and for other purposes.",
            "type": "HR",
            "url": "https://api.congress.gov/v3/bill/108/hr/1777?format=json"
        },
        {
            "congress": 108,
            "introducedDate": "2003-04-11",
            "latestAction": {
                "actionDate": "2003-04-28",
                "text": "Referred to the Subcommittee on Energy."
            },
            "number": "1773",
            "policyArea": {
                "name": "Energy"
            },
            "title": "George E. Brown, Jr. and Robert S. Walker Hydrogen Future Act of 2003",
            "type": "HR",
            "url": "https://api.congress.gov/v3/bill/108/hr/1773?format=json"
        },
        {
            "congress": 108,
            "introducedDate": "2003-04-11",
            "latestAction": {
                "actionDate": "2003-04-28",
                "text": "Referred to the Subcommittee on Energy."
            },
            "number": "1774",
            "policyArea": {
                "name": "Energy"
            },
            "title": "Freedom Act",
            "type": "HR",
            "url": "https://api.congress.gov/v3/bill/108/hr/1774?format=json"
        },
        {
            "congress": 108,
            "introducedDate": "2003-04-07",
            "latestAction": {
                "actionDate": "2003-04-28",
                "text": "Referred to the Subcommittee on Energy."
            },
            "number": "1645",
            "policyArea": {
                "name": "Energy"
            },
            "title": "To establish a research, development, and demonstration program in genetics, protein science, and computational biology of microbes and plants to support the energy and environmental mission of the Department of Energy.",
            "type": "HR",
            "url": "https://api.congress.gov/v3/bill/108/hr/1645?format=json"
        },
        {
            "congress": 108,
            "introducedDate": "2003-03-27",
            "latestAction": {
                "actionDate": "2003-03-31",
                "text": "Referred to the Subcommittee on Energy."
            },
            "number": "1461",
            "policyArea": {
                "name": "Science, Technology, Communications"
            },
            "title": "Clean School Buses Act",
            "type": "HR",
            "url": "https://api.congress.gov/v3/bill/108/hr/1461?format=json"
        },
        {
            "congress": 108,
            "introducedDate": "2003-03-17",
            "latestAction": {
                "actionDate": "2003-03-25",
                "text": "Referred to the Subcommittee on Energy."
            },
            "number": "1299",
            "policyArea": {
                "name": "Energy"
            },
            "title": "Hydrogen Act",
            "type": "HR",
            "url": "https://api.congress.gov/v3/bill/108/hr/1299?format=json"
        },
        {
            "congress": 108,
            "introducedDate": "2003-03-06",
            "latestAction": {
                "actionDate": "2003-06-04",
                "text": "Committee Hearings Held."
            },
            "number": "1118",
            "policyArea": {
                "name": "Labor and Employment"
            },
            "title": "Staffing for Adequate Fire and Emergency Response Firefighters Act of 2003",
            "type": "HR",
            "url": "https://api.congress.gov/v3/bill/108/hr/1118?format=json"
        },
        {
            "congress": 108,
            "introducedDate": "2003-03-05",
            "latestAction": {
                "actionDate": "2003-08-04",
                "text": "Placed on the Union Calendar, Calendar No. 134."
            },
            "number": "1085",
            "policyArea": {
                "name": "Government Operations and Politics"
            },
            "title": "NASA Flexibility Act of 2003",
            "type": "HR",
            "url": "https://api.congress.gov/v3/bill/108/hr/1085?format=json"
        },
        {
            "congress": 108,
            "introducedDate": "2003-02-13",
            "latestAction": {
                "actionDate": "2003-05-08",
                "text": "Received in the Senate and Read twice and referred to the Committee on Commerce, Science, and Transportation."
            },
            "number": "766",
            "policyArea": {
                "name": "Science, Technology, Communications"
            },
            "title": "Nanotechnology Research and Development Act of 2003",
            "type": "HR",
            "url": "https://api.congress.gov/v3/bill/108/hr/766?format=json"
        },
        {
            "congress": 108,
            "introducedDate": "2003-01-08",
            "latestAction": {
                "actionDate": "2003-06-27",
                "text": "Placed on the Union Calendar, Calendar No. 94."
            },
            "number": "238",
            "policyArea": {
                "name": "Energy"
            },
            "title": "Energy Research, Development, Demonstration, and Commercial Application Act of 2003",
            "type": "HR",
            "url": "https://api.congress.gov/v3/bill/108/hr/238?format=json"
        },
        {
            "congress": 108,
            "introducedDate": "2003-01-07",
            "latestAction": {
                "actionDate": "2003-09-09",
                "text": "Subcommittee Hearings Held."
            },
            "number": "37",
            "policyArea": {
                "name": "Environmental Protection"
            },
            "title": "Department of Environmental Protection Act",
            "type": "HR",
            "url": "https://api.congress.gov/v3/bill/108/hr/37?format=json"
        },
        {
            "congress": 108,
            "introducedDate": "2003-03-03",
            "latestAction": {
                "actionDate": "2003-03-03",
                "text": "Referred to the House Committee on House Administration."
            },
            "number": "119",
            "policyArea": {
                "name": "Congress"
            },
            "title": "Providing amounts for the expenses of the Committee on Science in the One Hundred Eighth Congress.",
            "type": "HRES",
            "url": "https://api.congress.gov/v3/bill/108/hres/119?format=json"
        },
        {
            "congress": 108,
            "introducedDate": "2003-02-25",
            "latestAction": {
                "actionDate": "2003-02-25",
                "text": "Referred to the House Committee on House Administration."
            },
            "number": "89",
            "policyArea": {
                "name": "Congress"
            },
            "title": "Providing amounts for the expenses of the Committee on Science in the One Hundred Eighth Congress.",
            "type": "HRES",
            "url": "https://api.congress.gov/v3/bill/108/hres/89?format=json"
        },
        {
            "congress": 108,
            "introducedDate": "2004-09-29",
            "latestAction": {
                "actionDate": "2004-09-29",
                "text": "Referred to the House Committee on Science."
            },
            "number": "502",
            "policyArea": {
                "name": "Commemorations"
            },
            "title": "Expressing the sense of Congress with respect to raising awareness and enhancing the state of computer security in the United States, and supporting the goals and ideals of National Computer Security Awareness Month.",
            "type": "HCONRES",
            "url": "https://api.congress.gov/v3/bill/108/hconres/502?format=json"
        },
        {
            "congress": 108,
            "introducedDate": "2003-05-22",
            "latestAction": {
                "actionDate": "2003-05-22",
                "text": "Referred to the House Committee on Government Reform."
            },
            "number": "192",
            "policyArea": {
                "name": "Commemorations"
            },
            "title": "Expressing the sense of the Congress that a postage stamp should be issued as a testimonial to the Nation's tireless commitment to reuniting America's missing children with their families, and to honor the memories of those children who were victims of abduction and murder.",
            "type": "HCONRES",
            "url": "https://api.congress.gov/v3/bill/108/hconres/192?format=json"
        },
        {
            "congress": 108,
            "introducedDate": "2003-05-20",
            "latestAction": {
                "actionDate": "2003-05-21",
                "text": "Sponsor introductory remarks on measure. (CR E1006-1007)"
            },
            "number": "185",
            "policyArea": {
                "name": "Commemorations"
            },
            "title": "Expressing the sense of the Congress that a postage stamp should be issued as a testimonial to the Nation's tireless commitment to reuniting America's missing children with their families, and to honor the memories of those children who were victims of abduction and murder.",
            "type": "HCONRES",
            "url": "https://api.congress.gov/v3/bill/108/hconres/185?format=json"
        },
        {
            "congress": 108,
            "introducedDate": "2003-03-06",
            "latestAction": {
                "actionDate": "2003-07-17",
                "text": "Received in the Senate and referred to the Committee on Foreign Relations."
            },
            "number": "80",
            "policyArea": {
                "name": "International Affairs"
            },
            "title": "Expressing the sense of Congress relating to efforts of the Peace Parks Foundation in the Republic of South Africa to facilitate the establishment and development of transfrontier conservation efforts in southern Africa.",
            "type": "HCONRES",
            "url": "https://api.congress.gov/v3/bill/108/hconres/80?format=json"
        },
        {
            "amendmentNumber": "530",
            "congress": 107,
            "introducedDate": "2002-07-12",
            "latestAction": {
                "actionDate": "2002-07-12",
                "actionTime": "09:45:42",
                "text": "On agreeing to the Boehlert amendment (A001) Agreed to by voice vote. "
            },
            "type": null,
            "url": "https://api.congress.gov/v3/amendment/107/hamdt/530?format=json"
        },
        {
            "amendmentNumber": "340",
            "congress": 107,
            "introducedDate": "2001-10-04",
            "latestAction": {
                "actionDate": "2001-10-04",
                "actionTime": "17:06:28",
                "text": "On agreeing to the Boehlert amendment (A022) Failed by recorded vote: 200 - 226 (Roll no. 366). "
            },
            "type": null,
            "url": "https://api.congress.gov/v3/amendment/107/hamdt/340?format=json"
        },
        {
            "amendmentNumber": "288",
            "congress": 107,
            "introducedDate": "2001-08-01",
            "latestAction": {
                "actionDate": "2001-08-01",
                "actionTime": "17:43:54",
                "text": "On agreeing to the Boehlert amendment (A003) Failed by recorded vote: 160 - 269 (Roll no. 311). "
            },
            "type": null,
            "url": "https://api.congress.gov/v3/amendment/107/hamdt/288?format=json"
        },
        {
            "congress": 107,
            "introducedDate": "2002-05-09",
            "latestAction": {
                "actionDate": "2002-10-01",
                "text": "Became Public Law No: 107-231."
            },
            "number": "4687",
            "policyArea": {
                "name": "Emergency Management"
            },
            "title": "National Construction Safety Team Act",
            "type": "HR",
            "url": "https://api.congress.gov/v3/bill/107/hr/4687?format=json"
        },
        {
            "congress": 107,
            "introducedDate": "2002-03-19",
            "latestAction": {
                "actionDate": "2002-10-02",
                "text": "Committee Hearings Held."
            },
            "number": "3992",
            "policyArea": {
                "name": "Labor and Employment"
            },
            "title": "Staffing for Adequate Fire and Emergency Response Firefighters Act of 2002 ",
            "type": "HR",
            "url": "https://api.congress.gov/v3/bill/107/hr/3992?format=json"
        },
        {
            "congress": 107,
            "introducedDate": "2002-03-19",
            "latestAction": {
                "actionDate": "2002-03-20",
                "text": "Referred to the Subcommittee on Water Resources and Environment."
            },
            "number": "3996",
            "policyArea": {
                "name": "Environmental Protection"
            },
            "title": "Water Quality Research, Development, and Technology Demonstration Act",
            "type": "HR",
            "url": "https://api.congress.gov/v3/bill/107/hr/3996?format=json"
        },
        {
            "congress": 107,
            "introducedDate": "2001-12-04",
            "latestAction": {
                "actionDate": "2002-11-27",
                "text": "Became Public Law No: 107-305."
            },
            "number": "3394",
            "policyArea": {
                "name": "Science, Technology, Communications"
            },
            "title": "Cyber Security Research and Development Act",
            "type": "HR",
            "url": "https://api.congress.gov/v3/bill/107/hr/3394?format=json"
        },
        {
            "congress": 107,
            "introducedDate": "2001-10-30",
            "latestAction": {
                "actionDate": "2001-12-19",
                "text": "Received in the Senate. Read twice. Placed on Senate Legislative Calendar under General Orders. Calendar No. 299."
            },
            "number": "3178",
            "policyArea": {
                "name": "Environmental Protection"
            },
            "title": "Water Infrastructure Security and Research Development Act",
            "type": "HR",
            "url": "https://api.congress.gov/v3/bill/107/hr/3178?format=json"
        },
        {
            "congress": 107,
            "introducedDate": "2001-10-16",
            "latestAction": {
                "actionDate": "2002-07-11",
                "text": "Received in the Senate and Read twice and referred to the Committee on Health, Education, Labor, and Pensions."
            },
            "number": "3130",
            "policyArea": {
                "name": "Education"
            },
            "title": "Undergraduate Science, Mathematics, Engineering, and Technology Education Improvement Act",
            "type": "HR",
            "url": "https://api.congress.gov/v3/bill/107/hr/3130?format=json"
        },
        {
            "congress": 107,
            "introducedDate": "2001-07-25",
            "latestAction": {
                "actionDate": "2001-07-30",
                "text": "Referred to the Subcommittee on Energy."
            },
            "number": "2626",
            "policyArea": {
                "name": "Energy"
            },
            "title": "Clean Coal Power Initiative Act of 2001",
            "type": "HR",
            "url": "https://api.congress.gov/v3/bill/107/hr/2626?format=json"
        },
        {
            "congress": 107,
            "introducedDate": "2001-07-17",
            "latestAction": {
                "actionDate": "2001-07-31",
                "text": "Referred to the Subcommittee on Energy and Air Quality, for a period to be subsequently determined by the Chairman."
            },
            "number": "2518",
            "policyArea": {
                "name": "Energy"
            },
            "title": "Clean Green School Bus Act of 2001",
            "type": "HR",
            "url": "https://api.congress.gov/v3/bill/107/hr/2518?format=json"
        },
        {
            "congress": 107,
            "introducedDate": "2001-07-11",
            "latestAction": {
                "actionDate": "2001-07-31",
                "text": "Placed on the Union Calendar, Calendar No. 106."
            },
            "number": "2460",
            "policyArea": {
                "name": "Energy"
            },
            "title": "Comprehensive Energy Research and Technology Act of 2001",
            "type": "HR",
            "url": "https://api.congress.gov/v3/bill/107/hr/2460?format=json"
        },
        {
            "congress": 107,
            "introducedDate": "2001-07-10",
            "latestAction": {
                "actionDate": "2001-07-20",
                "text": "Referred to the Subcommittee on Energy Policy, Natural Resources and Regulatory Affairs."
            },
            "number": "2438",
            "policyArea": {
                "name": "Environmental Protection"
            },
            "title": "Department of Environmental Protection Act",
            "type": "HR",
            "url": "https://api.congress.gov/v3/bill/107/hr/2438?format=json"
        },
        {
            "congress": 107,
            "introducedDate": "2001-06-27",
            "latestAction": {
                "actionDate": "2001-07-05",
                "text": "Referred to the Subcommittee on Energy."
            },
            "number": "2326",
            "policyArea": {
                "name": "Energy"
            },
            "title": "Alternative Fuel Vehicle Acceleration Act of 2001",
            "type": "HR",
            "url": "https://api.congress.gov/v3/bill/107/hr/2326?format=json"
        },
        {
            "congress": 107,
            "introducedDate": "2001-05-16",
            "latestAction": {
                "actionDate": "2001-07-31",
                "text": "Received in the Senate and Read twice and referred to the Committee on Health, Education, Labor, and Pensions."
            },
            "number": "1858",
            "policyArea": {
                "name": "Education"
            },
            "title": "National Mathematics and Science Partnerships Act",
            "type": "HR",
            "url": "https://api.congress.gov/v3/bill/107/hr/1858?format=json"
        },
        {
            "congress": 107,
            "introducedDate": "2001-01-31",
            "latestAction": {
                "actionDate": "2001-05-01",
                "text": "Sponsor introductory remarks on measure. (CR E689)"
            },
            "number": "324",
            "policyArea": {
                "name": "Environmental Protection"
            },
            "title": "Recycle America's Land Act of 2001",
            "type": "HR",
            "url": "https://api.congress.gov/v3/bill/107/hr/324?format=json"
        },
        {
            "congress": 107,
            "introducedDate": "2001-02-27",
            "latestAction": {
                "actionDate": "2001-02-27",
                "text": "Referred to the House Committee on House Administration."
            },
            "number": "60",
            "policyArea": {
                "name": "Congress"
            },
            "title": "Providing amounts for the expenses of the Committee on Science in the One Hundred Seventh Congress.",
            "type": "HRES",
            "url": "https://api.congress.gov/v3/bill/107/hres/60?format=json"
        },
        {
            "congress": 107,
            "introducedDate": "2001-12-12",
            "latestAction": {
                "actionDate": "2002-07-23",
                "text": "Forwarded by Subcommittee to Full Committee."
            },
            "number": "287",
            "policyArea": {
                "name": "International Affairs"
            },
            "title": "Expressing the sense of Congress relating to efforts of the Peace Parks Foundation in the Republic of South Africa to facilitate the establishment and development of transfrontier conservation efforts in southern Africa.",
            "type": "HCONRES",
            "url": "https://api.congress.gov/v3/bill/107/hconres/287?format=json"
        },
        {
            "congress": 107,
            "introducedDate": "2001-10-30",
            "latestAction": {
                "actionDate": "2002-02-27",
                "text": "Ordered to be Reported by Voice Vote."
            },
            "number": "255",
            "policyArea": {
                "name": "Environmental Protection"
            },
            "title": "Expressing the sense of the Congress regarding the 30th anniversary of the enactment of the Clean Water Act.",
            "type": "HCONRES",
            "url": "https://api.congress.gov/v3/bill/107/hconres/255?format=json"
        },
        {
            "congress": 107,
            "introducedDate": "2001-04-26",
            "latestAction": {
                "actionDate": "2001-04-26",
                "text": "Referred to the House Committee on Science."
            },
            "number": "111",
            "policyArea": {
                "name": "Commemorations"
            },
            "title": "Commending the President for proclaiming May 6-12, 2001, as Global Science and Technology Week.",
            "type": "HCONRES",
            "url": "https://api.congress.gov/v3/bill/107/hconres/111?format=json"
        },
        {
            "amendmentNumber": "919",
            "congress": 106,
            "introducedDate": "2000-06-27",
            "latestAction": {
                "actionDate": "2000-06-27",
                "actionTime": "18:20:36",
                "text": "On agreeing to the Boehlert amendment (A005) Agreed to by voice vote. "
            },
            "type": null,
            "url": "https://api.congress.gov/v3/amendment/106/hamdt/919?format=json"
        },
        {
            "amendmentNumber": "748",
            "congress": 106,
            "introducedDate": "2000-06-07",
            "latestAction": {
                "actionDate": "2000-06-07",
                "actionTime": "14:33:35",
                "text": "On agreeing to the Boehlert amendment (A007) Failed by recorded vote: 210 - 214 (Roll no. 240). (text: CR H3955)"
            },
            "type": null,
            "url": "https://api.congress.gov/v3/amendment/106/hamdt/748?format=json"
        },
        {
            "amendmentNumber": "743",
            "congress": 106,
            "introducedDate": "2000-06-07",
            "latestAction": {
                "actionDate": "2000-06-07",
                "actionTime": "11:34:02",
                "text": "On agreeing to the Boehlert amendment (A002) Agreed to by voice vote. (text: CR H3843)"
            },
            "type": null,
            "url": "https://api.congress.gov/v3/amendment/106/hamdt/743?format=json"
        },
        {
            "amendmentNumber": "745",
            "congress": 106,
            "introducedDate": "2000-06-07",
            "latestAction": {
                "actionDate": "2000-06-07",
                "actionTime": "14:06:20",
                "text": "On agreeing to the Boehlert amendment (A004) Agreed to by recorded vote: 212 - 211 (Roll no. 238). (text: CR H3946)"
            },
            "type": null,
            "url": "https://api.congress.gov/v3/amendment/106/hamdt/745?format=json"
        },
        {
            "amendmentNumber": "598",
            "congress": 106,
            "introducedDate": "2000-03-16",
            "latestAction": {
                "actionDate": "2000-03-16",
                "actionTime": "17:38:57",
                "text": "On agreeing to the Boehlert amendment (A003) Failed by recorded vote: 179 - 234 (Roll no. 53). (text: CR H1102)"
            },
            "type": null,
            "url": "https://api.congress.gov/v3/amendment/106/hamdt/598?format=json"
        },
        {
            "amendmentNumber": "440",
            "congress": 106,
            "introducedDate": "1999-09-09",
            "latestAction": {
                "actionDate": "1999-09-09",
                "actionTime": "14:16:27",
                "text": "On agreeing to the Boehlert amendment (A020) Agreed to by voice vote. "
            },
            "type": null,
            "url": "https://api.congress.gov/v3/amendment/106/hamdt/440?format=json"
        },
        {
            "amendmentNumber": "348",
            "congress": 106,
            "introducedDate": "1999-07-27",
            "latestAction": {
                "actionDate": "1999-07-27",
                "actionTime": "20:23:42",
                "text": "On agreeing to the Boehlert amendment (A002) Agreed to by recorded vote: 426 - 1 (Roll no. 340). "
            },
            "type": null,
            "url": "https://api.congress.gov/v3/amendment/106/hamdt/348?format=json"
        },
        {
            "amendmentNumber": "50",
            "congress": 106,
            "introducedDate": "1999-04-22",
            "latestAction": {
                "actionDate": "1999-04-22",
                "actionTime": "12:28:52",
                "text": "On agreeing to the Boehlert amendment (A001) Agreed to by voice vote. "
            },
            "type": null,
            "url": "https://api.congress.gov/v3/amendment/106/hamdt/50?format=json"
        },
        {
            "amendmentNumber": "3",
            "congress": 106,
            "introducedDate": "1999-02-10",
            "latestAction": {
                "actionDate": "1999-02-10",
                "actionTime": "11:40:44",
                "text": "On agreeing to the Boehlert amendment (A001) Failed by recorded vote: 210 - 216 (Roll no. 15). "
            },
            "type": null,
            "url": "https://api.congress.gov/v3/amendment/106/hamdt/3?format=json"
        },
        {
            "congress": 106,
            "introducedDate": "2000-10-04",
            "latestAction": {
                "actionDate": "2000-10-04",
                "text": "Referred to the House Committee on Transportation and Infrastructure."
            },
            "number": "5384",
            "policyArea": {
                "name": "Transportation and Public Works"
            },
            "title": "Alternative Fuel Vehicles Intermodal Transportation Act",
            "type": "HR",
            "url": "https://api.congress.gov/v3/bill/106/hr/5384?format=json"
        },
        {
            "congress": 106,
            "introducedDate": "2000-05-09",
            "latestAction": {
                "actionDate": "2000-05-17",
                "text": "Referred to the Subcommittee on Crime."
            },
            "number": "4403",
            "policyArea": {
                "name": "Crime and Law Enforcement"
            },
            "title": "Law Enforcement Science and Technology Act of 2000",
            "type": "HR",
            "url": "https://api.congress.gov/v3/bill/106/hr/4403?format=json"
        },
        {
            "congress": 106,
            "introducedDate": "1999-05-27",
            "latestAction": {
                "actionDate": "2000-08-18",
                "text": "Became Public Law No: 106-262."
            },
            "number": "1982",
            "policyArea": {
                "name": "Commemorations"
            },
            "title": "To name the Department of Veterans Affairs outpatient clinic located at 125 Brookley Drive, Rome, New York, as the \"Donald J. Mitchell Department of Veterans Affairs Outpatient Clinic\".",
            "type": "HR",
            "url": "https://api.congress.gov/v3/bill/106/hr/1982?format=json"
        },
        {
            "congress": 106,
            "introducedDate": "1999-03-25",
            "latestAction": {
                "actionDate": "1999-09-30",
                "text": "Reported (Amended) by the Committee on Transportation. H. Rept. 106-353, Part I."
            },
            "number": "1300",
            "policyArea": {
                "name": "Environmental Protection"
            },
            "title": "Recycle America's Land Act of 1999",
            "type": "HR",
            "url": "https://api.congress.gov/v3/bill/106/hr/1300?format=json"
        },
        {
            "congress": 106,
            "introducedDate": "1999-03-09",
            "latestAction": {
                "actionDate": "1999-03-16",
                "text": "Referred to the Subcommittee on Aviation."
            },
            "number": "1035",
            "policyArea": {
                "name": "Environmental Protection"
            },
            "title": "Airport Air Quality Improvement Act",
            "type": "HR",
            "url": "https://api.congress.gov/v3/bill/106/hr/1035?format=json"
        },
        {
            "congress": 106,
            "introducedDate": "1999-03-03",
            "latestAction": {
                "actionDate": "1999-03-17",
                "text": "For Further Action See H.R.1000."
            },
            "number": "953",
            "policyArea": {
                "name": "Transportation and Public Works"
            },
            "title": "Aviation Safety Protection Act",
            "type": "HR",
            "url": "https://api.congress.gov/v3/bill/106/hr/953?format=json"
        },
        {
            "congress": 106,
            "introducedDate": "1999-02-03",
            "latestAction": {
                "actionDate": "1999-04-06",
                "text": "See H.R.707."
            },
            "number": "533",
            "policyArea": {
                "name": "Emergency Management"
            },
            "title": "Disaster Mitigation Act of 1999",
            "type": "HR",
            "url": "https://api.congress.gov/v3/bill/106/hr/533?format=json"
        },
        {
            "congress": 106,
            "introducedDate": "1999-01-06",
            "latestAction": {
                "actionDate": "1999-01-19",
                "text": "Referred to the Subcommittee on Health and Environment."
            },
            "number": "25",
            "policyArea": {
                "name": "Environmental Protection"
            },
            "title": "Acid Deposition and Ozone Control Act",
            "type": "HR",
            "url": "https://api.congress.gov/v3/bill/106/hr/25?format=json"
        },
        {
            "congress": 106,
            "introducedDate": "2000-09-07",
            "latestAction": {
                "actionDate": "2000-09-15",
                "text": "Referred to the Subcommittee on the Constitution."
            },
            "number": "391",
            "policyArea": {
                "name": "Civil Rights and Liberties, Minority Issues"
            },
            "title": "Recognizing the contributions of Susan B. Anthony and Elizabeth Cady Stanton to the women's suffrage movement.",
            "type": "HCONRES",
            "url": "https://api.congress.gov/v3/bill/106/hconres/391?format=json"
        },
        {
            "congress": 106,
            "introducedDate": "2000-03-08",
            "latestAction": {
                "actionDate": "2000-03-13",
                "text": "Referred to the Subcommittee on Energy and Power."
            },
            "number": "267",
            "policyArea": {
                "name": "Energy"
            },
            "title": "Expressing the sense of the Congress concerning drawdowns of the Strategic Petroleum Reserve.",
            "type": "HCONRES",
            "url": "https://api.congress.gov/v3/bill/106/hconres/267?format=json"
        },
        {
            "congress": 106,
            "introducedDate": "1999-05-25",
            "latestAction": {
                "actionDate": "1999-05-28",
                "text": "Referred to the Subcommittee on Postal Service."
            },
            "number": "114",
            "policyArea": {
                "name": "Commemorations"
            },
            "title": "Expressing the sense of the Congress that a postage stamp should be issued as a testimonial to the Nation's tireless commitment to reuniting America's missing children with their families, and to honor the memories of those children who were victims of abduction and murder.",
            "type": "HCONRES",
            "url": "https://api.congress.gov/v3/bill/106/hconres/114?format=json"
        },
        {
            "amendmentNumber": "684",
            "congress": 98,
            "introducedDate": "1984-04-25",
            "latestAction": null,
            "type": null,
            "url": "https://api.congress.gov/v3/amendment/98/hamdt/684?format=json"
        },
        {
            "congress": 98,
            "introducedDate": "1984-04-10",
            "latestAction": {
                "actionDate": "1984-10-30",
                "text": "Became Public Law No: 98-591."
            },
            "number": "5402",
            "policyArea": {
                "name": "Government Operations and Politics"
            },
            "title": "A bill to designate the United States Federal Building in Utica, New York, as the \"Alexander Pirnie Federal Building\".",
            "type": "HR",
            "url": "https://api.congress.gov/v3/bill/98/hr/5402?format=json"
        },
        {
            "congress": 98,
            "introducedDate": "1983-05-02",
            "latestAction": {
                "actionDate": "1984-10-17",
                "text": "Pocket Vetoed by President."
            },
            "number": "2859",
            "policyArea": {
                "name": "Private Legislation"
            },
            "title": "A bill for the relief of John Brima Charles.",
            "type": "HR",
            "url": "https://api.congress.gov/v3/bill/98/hr/2859?format=json"
        },
        {
            "congress": 98,
            "introducedDate": "1983-02-10",
            "latestAction": {
                "actionDate": "1983-02-10",
                "text": "Referred to House Committee on Appropriations."
            },
            "number": "70",
            "policyArea": {
                "name": "Economics and Public Finance"
            },
            "title": "A resolution disapproving the proposed deferral of budget authority for Economic Development Assistance Programs (deferral numbered D83-43).",
            "type": "HRES",
            "url": "https://api.congress.gov/v3/bill/98/hres/70?format=json"
        },
        {
            "amendmentNumber": "441",
            "congress": 99,
            "introducedDate": "1985-09-26",
            "latestAction": {
                "actionDate": "1985-09-26",
                "text": "Amendment Passed in Committee of the Whole by Voice Vote. "
            },
            "type": null,
            "url": "https://api.congress.gov/v3/amendment/99/hamdt/441?format=json"
        },
        {
            "congress": 99,
            "introducedDate": "1986-09-19",
            "latestAction": {
                "actionDate": "1986-10-02",
                "text": "Referred to Subcommittee on Aviation."
            },
            "number": "5561",
            "policyArea": {
                "name": "Transportation and Public Works"
            },
            "title": "A bill to direct the Secretary of Transportation to study and make recommendations on a default protection plan for airline passengers.",
            "type": "HR",
            "url": "https://api.congress.gov/v3/bill/99/hr/5561?format=json"
        },
        {
            "congress": 99,
            "introducedDate": "1986-05-20",
            "latestAction": {
                "actionDate": "1986-05-20",
                "text": "Referred to House Committee on Ways and Means."
            },
            "number": "4849",
            "policyArea": {
                "name": "Taxation"
            },
            "title": "A bill to allow homeowners to deduct the full amount of prepaid interest paid in connection with the refinancing of their principal residence for the taxable year in which paid.",
            "type": "HR",
            "url": "https://api.congress.gov/v3/bill/99/hr/4849?format=json"
        },
        {
            "congress": 99,
            "introducedDate": "1985-09-05",
            "latestAction": {
                "actionDate": "1985-09-05",
                "text": "Referred to House Committee on The Judiciary."
            },
            "number": "3243",
            "policyArea": {
                "name": "Private Legislation"
            },
            "title": "A bill for the relief of John Brima Charles.",
            "type": "HR",
            "url": "https://api.congress.gov/v3/bill/99/hr/3243?format=json"
        },
        {
            "congress": 99,
            "introducedDate": "1985-02-21",
            "latestAction": {
                "actionDate": "1985-02-21",
                "text": "Referred to House Committee on Ways and Means."
            },
            "number": "1200",
            "policyArea": {
                "name": "Taxation"
            },
            "title": "A bill to eliminate the reduction in the tax on cigarettes.",
            "type": "HR",
            "url": "https://api.congress.gov/v3/bill/99/hr/1200?format=json"
        },
        {
            "congress": 99,
            "introducedDate": "1985-12-12",
            "latestAction": {
                "actionDate": "1985-12-18",
                "text": "Referred to Subcommittee on Census and Population."
            },
            "number": "480",
            "policyArea": {
                "name": "Commemorations"
            },
            "title": "A joint resolution designating the week beginning April 13, 1986, as \"National Medical Laboratory Week\".",
            "type": "HJRES",
            "url": "https://api.congress.gov/v3/bill/99/hjres/480?format=json"
        },
        {
            "congress": 99,
            "introducedDate": "1985-03-25",
            "latestAction": {
                "actionDate": "1985-04-02",
                "text": "Referred to Subcommittee on Census and Population."
            },
            "number": "202",
            "policyArea": {
                "name": "Commemorations"
            },
            "title": "A joint resolution designating the week of April 14, 1985, through April 20, 1985, as \"National Medical Laboratory Week\".",
            "type": "HJRES",
            "url": "https://api.congress.gov/v3/bill/99/hjres/202?format=json"
        },
        {
            "amendmentNumber": "741",
            "congress": 100,
            "introducedDate": "1988-06-09",
            "latestAction": {
                "actionDate": "1988-06-09",
                "text": "Amendment Passed in Committee of the Whole by Voice Vote. "
            },
            "type": null,
            "url": "https://api.congress.gov/v3/amendment/100/hamdt/741?format=json"
        },
        {
            "amendmentNumber": "732",
            "congress": 100,
            "introducedDate": "1988-06-03",
            "latestAction": {
                "actionDate": "1988-06-03",
                "text": "Amendment Passed in Committee of the Whole by Voice Vote. "
            },
            "type": null,
            "url": "https://api.congress.gov/v3/amendment/100/hamdt/732?format=json"
        },
        {
            "amendmentNumber": "735",
            "congress": 100,
            "introducedDate": "1988-06-03",
            "latestAction": {
                "actionDate": "1988-06-03",
                "text": "Amendment Withdrawn in Committee of the Whole. "
            },
            "type": null,
            "url": "https://api.congress.gov/v3/amendment/100/hamdt/735?format=json"
        },
        {
            "congress": 100,
            "introducedDate": "1988-07-13",
            "latestAction": {
                "actionDate": "1988-07-29",
                "text": "Referred to Subcommittee on Health and the Environment."
            },
            "number": "5032",
            "policyArea": {
                "name": "Environmental Protection"
            },
            "title": "Acid Rain/Energy Security Initiative Act of 1988",
            "type": "HR",
            "url": "https://api.congress.gov/v3/bill/100/hr/5032?format=json"
        },
        {
            "congress": 100,
            "introducedDate": "1988-03-03",
            "latestAction": {
                "actionDate": "1988-03-17",
                "text": "Referred to Subcommittee on Aviation."
            },
            "number": "4074",
            "policyArea": {
                "name": "Transportation and Public Works"
            },
            "title": "A bill to amend the Federal Aviation Act of 1958 to provide for use of the Nation's airports on a cost-recovery basis.",
            "type": "HR",
            "url": "https://api.congress.gov/v3/bill/100/hr/4074?format=json"
        },
        {
            "congress": 100,
            "introducedDate": "1987-09-16",
            "latestAction": {
                "actionDate": "1987-11-23",
                "text": "Became Private Law No: 100-3."
            },
            "number": "3295",
            "policyArea": {
                "name": "Private Legislation"
            },
            "title": "A bill for the relief of Nancy L. Brady.",
            "type": "HR",
            "url": "https://api.congress.gov/v3/bill/100/hr/3295?format=json"
        },
        {
            "congress": 100,
            "introducedDate": "1987-07-08",
            "latestAction": {
                "actionDate": "1987-07-13",
                "text": "Referred to Subcommittee on Administrative Law and Governmental Relations."
            },
            "number": "2902",
            "policyArea": {
                "name": "Private Legislation"
            },
            "title": "A bill for the relief of Nancy L. Brady.",
            "type": "HR",
            "url": "https://api.congress.gov/v3/bill/100/hr/2902?format=json"
        },
        {
            "congress": 100,
            "introducedDate": "1987-05-21",
            "latestAction": {
                "actionDate": "1987-05-21",
                "text": "Referred to House Committee on Science, Space, and Technology."
            },
            "number": "2492",
            "policyArea": {
                "name": "Commerce"
            },
            "title": "Federal Industrial Extension Act of 1987",
            "type": "HR",
            "url": "https://api.congress.gov/v3/bill/100/hr/2492?format=json"
        },
        {
            "congress": 100,
            "introducedDate": "1987-05-21",
            "latestAction": {
                "actionDate": "1987-08-05",
                "text": "See H.R.3051."
            },
            "number": "2491",
            "policyArea": {
                "name": "Transportation and Public Works"
            },
            "title": "Airline Passenger Protection Act of 1987",
            "type": "HR",
            "url": "https://api.congress.gov/v3/bill/100/hr/2491?format=json"
        },
        {
            "congress": 100,
            "introducedDate": "1987-05-08",
            "latestAction": {
                "actionDate": "1987-12-22",
                "text": "See H.J.Res.395."
            },
            "number": "2337",
            "policyArea": {
                "name": "Transportation and Public Works"
            },
            "title": "A bill to provide emergency relief for the replacement or repair of a bridge in New York.",
            "type": "HR",
            "url": "https://api.congress.gov/v3/bill/100/hr/2337?format=json"
        },
        {
            "congress": 100,
            "introducedDate": "1987-03-25",
            "latestAction": {
                "actionDate": "1987-12-22",
                "text": "See H.R.3545."
            },
            "number": "1787",
            "policyArea": {
                "name": "Social Welfare"
            },
            "title": "Rural Health Care Improvement Act of 1987",
            "type": "HR",
            "url": "https://api.congress.gov/v3/bill/100/hr/1787?format=json"
        },
        {
            "congress": 100,
            "introducedDate": "1987-03-18",
            "latestAction": {
                "actionDate": "1988-08-23",
                "text": "Provisions of Measure Incorporated Into H.R.4848."
            },
            "number": "1678",
            "policyArea": {
                "name": "Foreign Trade and International Finance"
            },
            "title": "A bill relating to the prevention of circumvention of countervailing and antidumping duty orders.",
            "type": "HR",
            "url": "https://api.congress.gov/v3/bill/100/hr/1678?format=json"
        },
        {
            "congress": 100,
            "introducedDate": "1987-03-11",
            "latestAction": {
                "actionDate": "1987-03-11",
                "text": "Referred to House Committee on Ways and Means."
            },
            "number": "1566",
            "policyArea": {
                "name": "Taxation"
            },
            "title": "A bill to amend the Internal Revenue Code of 1986 to require certain information relating to fund raising to be included on returns made by tax-exempt organizations.",
            "type": "HR",
            "url": "https://api.congress.gov/v3/bill/100/hr/1566?format=json"
        },
        {
            "congress": 100,
            "introducedDate": "1987-01-08",
            "latestAction": {
                "actionDate": "1987-02-04",
                "text": "Referred to Subcommittee on Immigration, Refugees, and International Law."
            },
            "number": "609",
            "policyArea": {
                "name": "Private Legislation"
            },
            "title": "National Forestry Development and Employment Opportunity Act",
            "type": "HR",
            "url": "https://api.congress.gov/v3/bill/100/hr/609?format=json"
        },
        {
            "congress": 100,
            "introducedDate": "1987-01-08",
            "latestAction": {
                "actionDate": "1987-01-08",
                "text": "Referred to House Committee on Ways and Means."
            },
            "number": "544",
            "policyArea": {
                "name": "Taxation"
            },
            "title": "A bill to allow homeowners to deduct the full amount of prepaid interest paid in connection with the refinancing of their principal residence for the taxable year in which paid.",
            "type": "HR",
            "url": "https://api.congress.gov/v3/bill/100/hr/544?format=json"
        },
        {
            "congress": 100,
            "introducedDate": "1988-07-26",
            "latestAction": {
                "actionDate": "1988-07-26",
                "text": "Referred to House Committee on Post Office and Civil Service."
            },
            "number": "621",
            "policyArea": {
                "name": "Commemorations"
            },
            "title": "A joint resolution designating September 8, 1988, as \"National Pledge of Allegiance Day\".",
            "type": "HJRES",
            "url": "https://api.congress.gov/v3/bill/100/hjres/621?format=json"
        },
        {
            "congress": 100,
            "introducedDate": "1988-02-16",
            "latestAction": {
                "actionDate": "1988-02-22",
                "text": "Referred to Subcommittee on Census and Population."
            },
            "number": "455",
            "policyArea": {
                "name": "Commemorations"
            },
            "title": "A joint resolution designating the week beginning April 10, 1988, as \"National Medical Laboratory Week\".",
            "type": "HJRES",
            "url": "https://api.congress.gov/v3/bill/100/hjres/455?format=json"
        },
        {
            "amendmentNumber": "434",
            "congress": 101,
            "introducedDate": "1990-05-02",
            "latestAction": {
                "actionDate": "1990-05-02",
                "actionTime": "15:43:17",
                "text": "On agreeing to the Boehlert amendment (A006) Agreed to by voice vote. "
            },
            "type": null,
            "url": "https://api.congress.gov/v3/amendment/101/hamdt/434?format=json"
        },
        {
            "amendmentNumber": "376",
            "congress": 101,
            "introducedDate": "1990-03-15",
            "latestAction": {
                "actionDate": "1990-03-15",
                "actionTime": "13:19:57",
                "text": "On agreeing to the Boehlert amendment (A006) Agreed to by voice vote. "
            },
            "type": null,
            "url": "https://api.congress.gov/v3/amendment/101/hamdt/376?format=json"
        },
        {
            "congress": 101,
            "introducedDate": "1990-09-12",
            "latestAction": {
                "actionDate": "1990-09-12",
                "text": "Referred to the House Committee on Ways and Means."
            },
            "number": "5591",
            "policyArea": {
                "name": "Taxation"
            },
            "title": "To amend the Internal Revenue Code of 1986 to provide that, where there is a distress termination of a pension plan, the tax on the failure to meet minimum funding standards shall be waived in certain cases.",
            "type": "HR",
            "url": "https://api.congress.gov/v3/bill/101/hr/5591?format=json"
        },
        {
            "congress": 101,
            "introducedDate": "1990-08-03",
            "latestAction": {
                "actionDate": "1990-10-09",
                "text": "Favorable Executive Comment Received from CEQ."
            },
            "number": "5465",
            "policyArea": {
                "name": "Education"
            },
            "title": "Presidential Awards for Excellence in Environmental Education Act",
            "type": "HR",
            "url": "https://api.congress.gov/v3/bill/101/hr/5465?format=json"
        },
        {
            "congress": 101,
            "introducedDate": "1990-02-22",
            "latestAction": {
                "actionDate": "1990-03-05",
                "text": "Referred to the Subcommittee on Energy and Power."
            },
            "number": "4071",
            "policyArea": {
                "name": "Energy"
            },
            "title": "To extend the deadlines under the Federal Power Act applicable to the construction of a hydroelectric project in the State of New York.",
            "type": "HR",
            "url": "https://api.congress.gov/v3/bill/101/hr/4071?format=json"
        },
        {
            "congress": 101,
            "introducedDate": "1989-10-26",
            "latestAction": {
                "actionDate": "1989-10-30",
                "text": "Referred to the Subcommittee on Conservation Credit and Rural Development."
            },
            "number": "3530",
            "policyArea": {
                "name": "Agriculture and Food"
            },
            "title": "Rural Assistance and Revitalization Act of 1989",
            "type": "HR",
            "url": "https://api.congress.gov/v3/bill/101/hr/3530?format=json"
        },
        {
            "congress": 101,
            "introducedDate": "1989-05-04",
            "latestAction": {
                "actionDate": "1989-05-09",
                "text": "Referred to the Subcommittee on Livestock, Dairy, and Poultry."
            },
            "number": "2228",
            "policyArea": {
                "name": "Agriculture and Food"
            },
            "title": "To amend the Agricultural Act of 1949 to modify the operation of the price support program applicable to milk.",
            "type": "HR",
            "url": "https://api.congress.gov/v3/bill/101/hr/2228?format=json"
        },
        {
            "congress": 101,
            "introducedDate": "1989-05-03",
            "latestAction": {
                "actionDate": "1989-05-15",
                "text": "Referred to the Subcommittee on Aviation."
            },
            "number": "2203",
            "policyArea": {
                "name": "Transportation and Public Works"
            },
            "title": "To increase for fiscal year 1989 the obligation ceiling for airport grants-in-aid.",
            "type": "HR",
            "url": "https://api.congress.gov/v3/bill/101/hr/2203?format=json"
        },
        {
            "congress": 101,
            "introducedDate": "1989-05-02",
            "latestAction": {
                "actionDate": "1989-05-15",
                "text": "Referred to the Subcommittee on Aviation."
            },
            "number": "2169",
            "policyArea": {
                "name": "Transportation and Public Works"
            },
            "title": "To increase for fiscal year 1989 the obligation ceiling for airport grants-in-aid.",
            "type": "HR",
            "url": "https://api.congress.gov/v3/bill/101/hr/2169?format=json"
        },
        {
            "congress": 101,
            "introducedDate": "1989-03-08",
            "latestAction": {
                "actionDate": "1989-03-20",
                "text": "Executive Comment Requested from DOT and OMB."
            },
            "number": "1292",
            "policyArea": {
                "name": "Transportation and Public Works"
            },
            "title": "Airline Bankruptcy Passenger Protection Act of 1989",
            "type": "HR",
            "url": "https://api.congress.gov/v3/bill/101/hr/1292?format=json"
        },
        {
            "congress": 101,
            "introducedDate": "1989-03-08",
            "latestAction": {
                "actionDate": "1989-04-12",
                "text": "See H.R. 996."
            },
            "number": "1293",
            "policyArea": {
                "name": "Education"
            },
            "title": "National Awards for Mathematics and Science Teaching Act of 1989",
            "type": "HR",
            "url": "https://api.congress.gov/v3/bill/101/hr/1293?format=json"
        },
        {
            "congress": 101,
            "introducedDate": "1989-01-03",
            "latestAction": {
                "actionDate": "1990-09-25",
                "text": "Became Public Law No: 101-391."
            },
            "number": "94",
            "policyArea": {
                "name": "Emergency Management"
            },
            "title": "Hotel and Motel Fire Safety Act of 1990",
            "type": "HR",
            "url": "https://api.congress.gov/v3/bill/101/hr/94?format=json"
        },
        {
            "congress": 101,
            "introducedDate": "1989-05-02",
            "latestAction": {
                "actionDate": "1989-08-16",
                "text": "Became Public Law No: 101-90."
            },
            "number": "253",
            "policyArea": {
                "name": "Government Operations and Politics"
            },
            "title": "Designating September 8, 1989, as \"National Pledge of Allegiance Day\".",
            "type": "HJRES",
            "url": "https://api.congress.gov/v3/bill/101/hjres/253?format=json"
        },
        {
            "congress": 102,
            "introducedDate": "1992-08-04",
            "latestAction": {
                "actionDate": "1992-08-12",
                "text": "Referred to the Subcommittee on Energy."
            },
            "number": "5758",
            "policyArea": {
                "name": "Energy"
            },
            "title": "American Jobs Fairness Act of 1992",
            "type": "HR",
            "url": "https://api.congress.gov/v3/bill/102/hr/5758?format=json"
        },
        {
            "congress": 102,
            "introducedDate": "1992-07-28",
            "latestAction": {
                "actionDate": "1992-08-03",
                "text": "Referred to the Subcommittee on Trade."
            },
            "number": "5699",
            "policyArea": {
                "name": "Foreign Trade and International Finance"
            },
            "title": "To amend the Tariff Act of 1930 to prevent the circumvention or diversion of antidumping and countervailing duty orders.",
            "type": "HR",
            "url": "https://api.congress.gov/v3/bill/102/hr/5699?format=json"
        },
        {
            "congress": 102,
            "introducedDate": "1992-02-14",
            "latestAction": {
                "actionDate": "1992-03-10",
                "text": "Referred to the Subcommittee on National Parks and Public Lands."
            },
            "number": "4223",
            "policyArea": {
                "name": "Arts, Culture, Religion"
            },
            "title": "To authorize a study of the struggle for American Independence within the Northern Frontier.",
            "type": "HR",
            "url": "https://api.congress.gov/v3/bill/102/hr/4223?format=json"
        },
        {
            "congress": 102,
            "introducedDate": "1992-02-04",
            "latestAction": {
                "actionDate": "1992-02-12",
                "text": "Referred to the Subcommittee on Human Resources and Intergovernmental Relations."
            },
            "number": "4151",
            "policyArea": {
                "name": "Government Operations and Politics"
            },
            "title": "To revive the authorization of appropriations for the general revenue sharing program for fiscal year 1992.",
            "type": "HR",
            "url": "https://api.congress.gov/v3/bill/102/hr/4151?format=json"
        },
        {
            "congress": 102,
            "introducedDate": "1991-07-31",
            "latestAction": {
                "actionDate": "1991-08-05",
                "text": "Referred to the Subcommittee on Legislation and National Security."
            },
            "number": "3121",
            "policyArea": {
                "name": "Environmental Protection"
            },
            "title": "Department of the Environment Act of 1991",
            "type": "HR",
            "url": "https://api.congress.gov/v3/bill/102/hr/3121?format=json"
        },
        {
            "congress": 102,
            "introducedDate": "1991-03-13",
            "latestAction": {
                "actionDate": "1991-11-18",
                "text": "For Further Action See H.R.1304."
            },
            "number": "1431",
            "policyArea": {
                "name": "Government Operations and Politics"
            },
            "title": "To authorize the listing of telephone numbers with the Federal Communications Commission through which unsolicited offers of goods or services or requests for contributions may not be made.",
            "type": "HR",
            "url": "https://api.congress.gov/v3/bill/102/hr/1431?format=json"
        },
        {
            "congress": 102,
            "introducedDate": "1991-03-12",
            "latestAction": {
                "actionDate": "1991-03-12",
                "text": "Referred to the House Committee on Ways and Means."
            },
            "number": "1372",
            "policyArea": {
                "name": "Taxation"
            },
            "title": "To amend the Internal Revenue Code of 1986 to provide that, where there is a distress termination of a pension plan, the tax on the failure to meet minimum funding standards shall be waived in certain cases.",
            "type": "HR",
            "url": "https://api.congress.gov/v3/bill/102/hr/1372?format=json"
        },
        {
            "congress": 102,
            "introducedDate": "1991-01-03",
            "latestAction": {
                "actionDate": "1991-05-22",
                "text": "Subcommittee Hearings Held."
            },
            "number": "66",
            "policyArea": {
                "name": "Transportation and Public Works"
            },
            "title": "Airline Bankruptcy Passenger Protection Act of 1991",
            "type": "HR",
            "url": "https://api.congress.gov/v3/bill/102/hr/66?format=json"
        },
        {
            "congress": 102,
            "introducedDate": "1991-01-03",
            "latestAction": {
                "actionDate": "1991-02-19",
                "text": "Referred to the Subcommittee on Legislation and National Security."
            },
            "number": "67",
            "policyArea": {
                "name": "Government Operations and Politics"
            },
            "title": "Department of Environmental Protection Act",
            "type": "HR",
            "url": "https://api.congress.gov/v3/bill/102/hr/67?format=json"
        },
        {
            "congress": 102,
            "introducedDate": "1991-01-03",
            "latestAction": {
                "actionDate": "1991-01-31",
                "text": "Referred to the Subcommittee on Census and Population."
            },
            "number": "68",
            "policyArea": {
                "name": "Government Operations and Politics"
            },
            "title": "National Commemorative Advisory Act",
            "type": "HR",
            "url": "https://api.congress.gov/v3/bill/102/hr/68?format=json"
        },
        {
            "congress": 102,
            "introducedDate": "1991-01-30",
            "latestAction": {
                "actionDate": "1991-03-18",
                "text": "Became Public Law No: 102-13."
            },
            "number": "98",
            "policyArea": {
                "name": "Education"
            },
            "title": "Designating March 4-10, 1991, as \"National School Breakfast Week\".",
            "type": "HJRES",
            "url": "https://api.congress.gov/v3/bill/102/hjres/98?format=json"
        },
        {
            "amendmentNumber": "530",
            "congress": 103,
            "introducedDate": "1994-05-04",
            "latestAction": {
                "actionDate": "1994-05-04",
                "actionTime": "16:16:37",
                "text": "On agreeing to the Boehlert amendment (A001) Agreed to by recorded vote: 227 - 197 (Roll no. 151). "
            },
            "type": null,
            "url": "https://api.congress.gov/v3/amendment/103/hamdt/530?format=json"
        },
        {
            "congress": 103,
            "introducedDate": "1994-07-28",
            "latestAction": {
                "actionDate": "1994-07-28",
                "text": "Referred to the House Committee on Ways and Means."
            },
            "number": "4846",
            "policyArea": {
                "name": "Taxation"
            },
            "title": "To amend the Internal Revenue Code of 1986 to provide that the unearned income of children attributable to personal injury awards shall not be taxed at the marginal rate of the parents.",
            "type": "HR",
            "url": "https://api.congress.gov/v3/bill/103/hr/4846?format=json"
        },
        {
            "congress": 103,
            "introducedDate": "1994-01-25",
            "latestAction": {
                "actionDate": "1994-01-25",
                "text": "Referred to the Subcommittee on Compensation and Employee Benefits."
            },
            "number": "3723",
            "policyArea": {
                "name": "Government Operations and Politics"
            },
            "title": "To provide that the exception from the limitation on the accumulation of annual leave which currently applies to Federal employees affected by the closure of a military installation be extended to those affected by a realignment with respect to any such installation as well.",
            "type": "HR",
            "url": "https://api.congress.gov/v3/bill/103/hr/3723?format=json"
        },
        {
            "congress": 103,
            "introducedDate": "1993-05-24",
            "latestAction": {
                "actionDate": "1993-05-26",
                "text": "Executive Comment Requested from DOD."
            },
            "number": "2237",
            "policyArea": {
                "name": "Armed Forces and National Security"
            },
            "title": "To amend the Defense Base Closure and Realignment Act of 1990 to require that testimony before the Defense Base Closure and Realignment Commission be given under oath.",
            "type": "HR",
            "url": "https://api.congress.gov/v3/bill/103/hr/2237?format=json"
        },
        {
            "congress": 103,
            "introducedDate": "1993-01-20",
            "latestAction": {
                "actionDate": "1993-01-20",
                "text": "Referred to the Subcommittee on Libraries and Memorials."
            },
            "number": "488",
            "policyArea": {
                "name": "Education"
            },
            "title": "To establish an annual essay contest for high school seniors in the United States.",
            "type": "HR",
            "url": "https://api.congress.gov/v3/bill/103/hr/488?format=json"
        },
        {
            "congress": 103,
            "introducedDate": "1993-01-05",
            "latestAction": {
                "actionDate": "1993-11-04",
                "text": "For Further Action See H.R.3425."
            },
            "number": "109",
            "policyArea": {
                "name": "Environmental Protection"
            },
            "title": "Department of the Environment Act of 1993",
            "type": "HR",
            "url": "https://api.congress.gov/v3/bill/103/hr/109?format=json"
        },
        {
            "congress": 103,
            "introducedDate": "1993-01-05",
            "latestAction": {
                "actionDate": "1993-01-19",
                "text": "Referred to the Subcommittee on Aviation."
            },
            "number": "80",
            "policyArea": {
                "name": "Transportation and Public Works"
            },
            "title": "Airline Bankruptcy Passenger Protection Act of 1993",
            "type": "HR",
            "url": "https://api.congress.gov/v3/bill/103/hr/80?format=json"
        },
        {
            "congress": 103,
            "introducedDate": "1993-01-05",
            "latestAction": {
                "actionDate": "1993-08-10",
                "text": "See H.R.2264."
            },
            "number": "110",
            "policyArea": {
                "name": "Economics and Public Finance"
            },
            "title": "Economic Revitalization and Competitiveness Act of 1993",
            "type": "HR",
            "url": "https://api.congress.gov/v3/bill/103/hr/110?format=json"
        },
        {
            "congress": 103,
            "introducedDate": "1993-01-05",
            "latestAction": {
                "actionDate": "1994-10-05",
                "text": "For Further Action See H.R.5044."
            },
            "number": "79",
            "policyArea": {
                "name": "Arts, Culture, Religion"
            },
            "title": "To authorize a study of the struggle for American Independence within the Northern Frontier.",
            "type": "HR",
            "url": "https://api.congress.gov/v3/bill/103/hr/79?format=json"
        },
        {
            "congress": 103,
            "introducedDate": "1993-05-05",
            "latestAction": {
                "actionDate": "1993-05-05",
                "text": "Referred to the House Committee on Post Office and Civil Service."
            },
            "number": "192",
            "policyArea": {
                "name": "Sports and Recreation"
            },
            "title": "Designating June 6 through 13, 1993, as \"National Soccer Hall of Fame Week\".",
            "type": "HJRES",
            "url": "https://api.congress.gov/v3/bill/103/hjres/192?format=json"
        },
        {
            "amendmentNumber": "1226",
            "congress": 104,
            "introducedDate": "1996-06-26",
            "latestAction": {
                "actionDate": "1996-06-26",
                "actionTime": "20:40:28",
                "text": "On agreeing to the Boehlert amendment (A031) Agreed to by voice vote. "
            },
            "type": null,
            "url": "https://api.congress.gov/v3/amendment/104/hamdt/1226?format=json"
        },
        {
            "amendmentNumber": "998",
            "congress": 104,
            "introducedDate": "1996-04-24",
            "latestAction": {
                "actionDate": "1996-04-24",
                "actionTime": "16:18:29",
                "text": "On agreeing to the Boehlert amendment (A003) Agreed to by voice vote. "
            },
            "type": null,
            "url": "https://api.congress.gov/v3/amendment/104/hamdt/998?format=json"
        },
        {
            "amendmentNumber": "997",
            "congress": 104,
            "introducedDate": "1996-04-24",
            "latestAction": {
                "actionDate": "1996-04-24",
                "actionTime": "16:03:51",
                "text": "On agreeing to the Boehlert amendment (A002) as modified Agreed to by voice vote. "
            },
            "type": null,
            "url": "https://api.congress.gov/v3/amendment/104/hamdt/997?format=json"
        },
        {
            "amendmentNumber": "936",
            "congress": 104,
            "introducedDate": "1996-02-28",
            "latestAction": {
                "actionDate": "1996-02-29",
                "actionTime": "10:11:16",
                "text": "On agreeing to the Boehlert amendment (A007) Agreed to by recorded vote: 372 - 37 (Roll no. 37). "
            },
            "type": null,
            "url": "https://api.congress.gov/v3/amendment/104/hamdt/936?format=json"
        },
        {
            "amendmentNumber": "381",
            "congress": 104,
            "introducedDate": "1995-05-12",
            "latestAction": {
                "actionDate": "1995-05-12",
                "actionTime": "12:32:06",
                "text": "By unanimous consent, the Boehlert amendment was withdrawn. "
            },
            "type": null,
            "url": "https://api.congress.gov/v3/amendment/104/hamdt/381?format=json"
        },
        {
            "amendmentNumber": "361",
            "congress": 104,
            "introducedDate": "1995-05-10",
            "latestAction": {
                "actionDate": "1995-05-10",
                "actionTime": "21:52:19",
                "text": "On agreeing to the Boehlert amendment (A006) Agreed to by recorded vote: 224 - 199 (Roll no. 314). "
            },
            "type": null,
            "url": "https://api.congress.gov/v3/amendment/104/hamdt/361?format=json"
        },
        {
            "amendmentNumber": "383",
            "congress": 104,
            "introducedDate": "1995-05-15",
            "latestAction": {
                "actionDate": "1995-05-16",
                "actionTime": "14:06:30",
                "text": "On agreeing to the Boehlert amendment (A028) Failed by recorded vote: 185 - 242 (Roll no. 332). "
            },
            "type": null,
            "url": "https://api.congress.gov/v3/amendment/104/hamdt/383?format=json"
        },
        {
            "amendmentNumber": "227",
            "congress": 104,
            "introducedDate": "1995-02-28",
            "latestAction": {
                "actionDate": "1995-02-28",
                "actionTime": "18:32:34",
                "text": "On agreeing to the Boehlert amendment (A010) Failed by recorded vote: 181 - 238 (Roll no. 180). "
            },
            "type": null,
            "url": "https://api.congress.gov/v3/amendment/104/hamdt/227?format=json"
        },
        {
            "amendmentNumber": "720",
            "congress": 105,
            "introducedDate": "1998-07-15",
            "latestAction": {
                "actionDate": "1998-07-15",
                "actionTime": "18:41:00",
                "text": "On agreeing to the Boehlert amendment (A003) Agreed to without objection. "
            },
            "type": null,
            "url": "https://api.congress.gov/v3/amendment/105/hamdt/720?format=json"
        },
        {
            "amendmentNumber": "636",
            "congress": 105,
            "introducedDate": "1998-05-19",
            "latestAction": {
                "actionDate": "1998-05-19",
                "actionTime": "19:12:07",
                "text": "On agreeing to the Boehlert amendment (A005) Failed by recorded vote: 189 - 223 (Roll No. 158). "
            },
            "type": null,
            "url": "https://api.congress.gov/v3/amendment/105/hamdt/636?format=json"
        },
        {
            "amendmentNumber": "542",
            "congress": 105,
            "introducedDate": "1998-03-27",
            "latestAction": {
                "actionDate": "1998-03-27",
                "actionTime": "13:51:28",
                "text": "On agreeing to the Boehlert amendment (A004) Agreed to by recorded vote: 200 - 187 (Roll No. 79). "
            },
            "type": null,
            "url": "https://api.congress.gov/v3/amendment/105/hamdt/542?format=json"
        },
        {
            "amendmentNumber": "434",
            "congress": 105,
            "introducedDate": "1997-10-22",
            "latestAction": {
                "actionDate": "1997-10-22",
                "actionTime": "13:59:01",
                "text": "On agreeing to the Boehlert amendment (A002) Failed by recorded vote: 178 - 242 (Roll no. 518). "
            },
            "type": null,
            "url": "https://api.congress.gov/v3/amendment/105/hamdt/434?format=json"
        },
        {
            "amendmentNumber": "71",
            "congress": 105,
            "introducedDate": "1997-05-07",
            "latestAction": {
                "actionDate": "1997-05-07",
                "actionTime": "18:49:39",
                "text": "On agreeing to the Boehlert amendment (A002) as amended Agreed to by recorded vote: 227 - 196 (Roll no. 108). "
            },
            "type": null,
            "url": "https://api.congress.gov/v3/amendment/105/hamdt/71?format=json"
        },
        {
            "congress": 105,
            "introducedDate": "1998-05-14",
            "latestAction": {
                "actionDate": "1998-08-06",
                "text": "Placed on the Union Calendar, Calendar No. 386."
            },
            "number": "3869",
            "policyArea": {
                "name": "Emergency Management"
            },
            "title": "Disaster Mitigation Act of 1998",
            "type": "HR",
            "url": "https://api.congress.gov/v3/bill/105/hr/3869?format=json"
        },
        {
            "congress": 105,
            "introducedDate": "1997-10-23",
            "latestAction": {
                "actionDate": "1998-06-17",
                "text": "Sponsor introductory remarks on measure. (CR H4641)"
            },
            "number": "2727",
            "policyArea": {
                "name": "Environmental Protection"
            },
            "title": "Superfund Acceleration, Fairness, and Efficiency Act",
            "type": "HR",
            "url": "https://api.congress.gov/v3/bill/105/hr/2727?format=json"
        },
        {
            "congress": 105,
            "introducedDate": "1997-06-05",
            "latestAction": {
                "actionDate": "1997-06-05",
                "text": "Referred to the House Committee on Ways and Means."
            },
            "number": "1800",
            "policyArea": {
                "name": "Taxation"
            },
            "title": "To amend the Internal Revenue Code of 1986 to exclude gain or loss from the sale of livestock from the computation of capital gain net income for purposes of the earned income credit.",
            "type": "HR",
            "url": "https://api.congress.gov/v3/bill/105/hr/1800?format=json"
        },
        {
            "congress": 105,
            "introducedDate": "1997-03-04",
            "latestAction": {
                "actionDate": "1998-07-01",
                "text": "Similar Provisions Included in H.R.4057."
            },
            "number": "915",
            "policyArea": {
                "name": "Transportation and Public Works"
            },
            "title": "Aviation Safety Protection Act of 1997",
            "type": "HR",
            "url": "https://api.congress.gov/v3/bill/105/hr/915?format=json"
        }
    ]
}