{
    "pagination": {
        "count": 112
    },
    "request": {
        "bioguideId": "g000210",
        "contentType": "application/json",
        "format": "json"
    },
    "sponsoredLegislation": [
        {
            "amendmentNumber": "179",
            "congress": 109,
            "introducedDate": "2005-05-19",
            "latestAction": {
                "actionDate": "2005-05-19",
                "actionTime": "16:13:55",
                "text": "On agreeing to the Gillmor amendment (A011) Agreed to by voice vote. "
            },
            "type": null,
            "url": "https://api.congress.gov/v3/amendment/109/hamdt/179?format=json"
        },
        {
            "congress": 109,
            "introducedDate": "2006-12-08",
            "latestAction": {
                "actionDate": "2006-12-08",
                "text": "Referred to the House Committee on Energy and Commerce."
            },
            "number": "6421",
            "policyArea": {
                "name": "Environmental Protection"
            },
            "title": "Stockholm and Rotterdam Toxics Treaty Act of 2006",
            "type": "HR",
            "url": "https://api.congress.gov/v3/bill/109/hr/6421?format=json"
        },
        {
            "congress": 109,
            "introducedDate": "2006-07-10",
            "latestAction": {
                "actionDate": "2006-07-10",
                "text": "Referred to the House Committee on Financial Services."
            },
            "number": "5746",
            "policyArea": {
                "name": "Finance and Financial Sector"
            },
            "title": "Industrial Bank Holding Company Act of 2006",
            "type": "HR",
            "url": "https://api.congress.gov/v3/bill/109/hr/5746?format=json"
        },
        {
            "congress": 109,
            "introducedDate": "2006-06-13",
            "latestAction": {
                "actionDate": "2006-06-23",
                "text": "Referred to the Subcommittee on Health."
            },
            "number": "5596",
            "policyArea": {
                "name": "Health"
            },
            "title": "Truth In Medicare Enrollment (TIME) Act of 2006",
            "type": "HR",
            "url": "https://api.congress.gov/v3/bill/109/hr/5596?format=json"
        },
        {
            "congress": 109,
            "introducedDate": "2006-05-24",
            "latestAction": {
                "actionDate": "2006-05-24",
                "text": "Referred to the House Committee on Financial Services."
            },
            "number": "5469",
            "policyArea": {
                "name": "Finance and Financial Sector"
            },
            "title": "Honest Income Disclosure Act",
            "type": "HR",
            "url": "https://api.congress.gov/v3/bill/109/hr/5469?format=json"
        },
        {
            "congress": 109,
            "introducedDate": "2006-04-04",
            "latestAction": {
                "actionDate": "2006-04-04",
                "text": "Referred to the House Committee on the Judiciary."
            },
            "number": "5090",
            "policyArea": {
                "name": "Private Legislation"
            },
            "title": "For the relief of Manuel Bartsch.",
            "type": "HR",
            "url": "https://api.congress.gov/v3/bill/109/hr/5090?format=json"
        },
        {
            "congress": 109,
            "introducedDate": "2006-02-28",
            "latestAction": {
                "actionDate": "2006-02-28",
                "text": "Referred to the House Committee on the Judiciary."
            },
            "number": "4815",
            "policyArea": {
                "name": "Crime and Law Enforcement"
            },
            "title": "Safe NOW Act of 2006",
            "type": "HR",
            "url": "https://api.congress.gov/v3/bill/109/hr/4815?format=json"
        },
        {
            "congress": 109,
            "introducedDate": "2005-12-18",
            "latestAction": {
                "actionDate": "2006-01-10",
                "text": "Became Public Law No: 109-168."
            },
            "number": "4637",
            "policyArea": {
                "name": "Energy"
            },
            "title": "To make certain technical corrections in amendments made by the Energy Policy Act of 2005.",
            "type": "HR",
            "url": "https://api.congress.gov/v3/bill/109/hr/4637?format=json"
        },
        {
            "congress": 109,
            "introducedDate": "2005-12-16",
            "latestAction": {
                "actionDate": "2006-11-15",
                "text": "Placed on the Union Calendar, Calendar No. 426."
            },
            "number": "4591",
            "policyArea": {
                "name": "Environmental Protection"
            },
            "title": "Stockholm and Rotterdam Toxics Treaty Act of 2006",
            "type": "HR",
            "url": "https://api.congress.gov/v3/bill/109/hr/4591?format=json"
        },
        {
            "congress": 109,
            "introducedDate": "2005-10-07",
            "latestAction": {
                "actionDate": "2005-10-17",
                "text": "Referred to the Subcommittee on Health."
            },
            "number": "4036",
            "policyArea": {
                "name": "Health"
            },
            "title": "To amend the Public Health Service Act to allow qualifying children's hospitals to participate in the 340B drug discount program.",
            "type": "HR",
            "url": "https://api.congress.gov/v3/bill/109/hr/4036?format=json"
        },
        {
            "congress": 109,
            "introducedDate": "2005-06-24",
            "latestAction": {
                "actionDate": "2005-07-01",
                "text": "Referred to the Subcommittee on Environment and Hazardous Materials."
            },
            "number": "3062",
            "policyArea": {
                "name": "Environmental Protection"
            },
            "title": "Underground Storage Tank Compliance Act of 2005",
            "type": "HR",
            "url": "https://api.congress.gov/v3/bill/109/hr/3062?format=json"
        },
        {
            "congress": 109,
            "introducedDate": "2005-05-19",
            "latestAction": {
                "actionDate": "2006-09-07",
                "text": "Received in the Senate and Read twice and referred to the Committee on Environment and Public Works."
            },
            "number": "2491",
            "policyArea": {
                "name": "Environmental Protection"
            },
            "title": "International Solid Waste Importation and Management Act of 2006",
            "type": "HR",
            "url": "https://api.congress.gov/v3/bill/109/hr/2491?format=json"
        },
        {
            "congress": 109,
            "introducedDate": "2005-05-03",
            "latestAction": {
                "actionDate": "2005-05-10",
                "text": "Referred to the Subcommittee on Trade."
            },
            "number": "2056",
            "policyArea": {
                "name": "Foreign Trade and International Finance"
            },
            "title": "To reduce temporarily the duty on palm fatty acid distillate.",
            "type": "HR",
            "url": "https://api.congress.gov/v3/bill/109/hr/2056?format=json"
        },
        {
            "congress": 109,
            "introducedDate": "2005-03-08",
            "latestAction": {
                "actionDate": "2005-04-18",
                "text": "Referred to the Subcommittee on 21st Century Competitiveness."
            },
            "number": "1156",
            "policyArea": {
                "name": "Education"
            },
            "title": "Gifted and Talented Education Enhancement Act of 2005",
            "type": "HR",
            "url": "https://api.congress.gov/v3/bill/109/hr/1156?format=json"
        },
        {
            "congress": 109,
            "introducedDate": "2005-02-17",
            "latestAction": {
                "actionDate": "2005-02-28",
                "text": "Referred to the Subcommittee on National Parks."
            },
            "number": "927",
            "policyArea": {
                "name": "Government Operations and Politics"
            },
            "title": "Presidential Sites Improvement Act",
            "type": "HR",
            "url": "https://api.congress.gov/v3/bill/109/hr/927?format=json"
        },
        {
            "congress": 109,
            "introducedDate": "2005-02-02",
            "latestAction": {
                "actionDate": "2005-03-17",
                "text": "Referred to the Subcommittee on Capital Markets, Insurance and Government Sponsored Enterprises."
            },
            "number": "543",
            "policyArea": {
                "name": "Finance and Financial Sector"
            },
            "title": "Corporate Charitable Disclosure Act of 2005",
            "type": "HR",
            "url": "https://api.congress.gov/v3/bill/109/hr/543?format=json"
        },
        {
            "congress": 109,
            "introducedDate": "2005-02-02",
            "latestAction": {
                "actionDate": "2005-03-17",
                "text": "Referred to the Subcommittee on Financial Institutions and Consumer Credit."
            },
            "number": "544",
            "policyArea": {
                "name": "Finance and Financial Sector"
            },
            "title": "Municipal Deposit Insurance Protection Act of 2005",
            "type": "HR",
            "url": "https://api.congress.gov/v3/bill/109/hr/544?format=json"
        },
        {
            "congress": 109,
            "introducedDate": "2005-01-26",
            "latestAction": {
                "actionDate": "2005-03-02",
                "text": "Referred to the Subcommittee on Commercial and Administrative Law."
            },
            "number": "381",
            "policyArea": {
                "name": "Energy"
            },
            "title": "To clarify congressional approval of certain State energy production tax practices.",
            "type": "HR",
            "url": "https://api.congress.gov/v3/bill/109/hr/381?format=json"
        },
        {
            "congress": 109,
            "introducedDate": "2005-01-04",
            "latestAction": {
                "actionDate": "2005-01-04",
                "text": "Referred to the House Committee on House Administration."
            },
            "number": "94",
            "policyArea": {
                "name": "Commemorations"
            },
            "title": "Fallen Law Enforcement Officers and Firefighters Flag Memorial Act of 2005",
            "type": "HR",
            "url": "https://api.congress.gov/v3/bill/109/hr/94?format=json"
        },
        {
            "congress": 109,
            "introducedDate": "2005-01-04",
            "latestAction": {
                "actionDate": "2005-06-09",
                "text": "Subcommittee Hearings Held."
            },
            "number": "95",
            "policyArea": {
                "name": "Crime and Law Enforcement"
            },
            "title": "Dru's Law",
            "type": "HR",
            "url": "https://api.congress.gov/v3/bill/109/hr/95?format=json"
        },
        {
            "congress": 109,
            "introducedDate": "2006-06-15",
            "latestAction": {
                "actionDate": "2006-06-15",
                "text": "Referred to the House Committee on Government Reform."
            },
            "number": "871",
            "policyArea": {
                "name": "Commemorations"
            },
            "title": "Recognizing Sam Hornish, Jr. for winning the 90th running of the Indianapolis 500.",
            "type": "HRES",
            "url": "https://api.congress.gov/v3/bill/109/hres/871?format=json"
        },
        {
            "congress": 109,
            "introducedDate": "2006-06-13",
            "latestAction": {
                "actionDate": "2006-06-13",
                "text": "Referred to the House Committee on Government Reform."
            },
            "number": "866",
            "policyArea": {
                "name": "Commemorations"
            },
            "title": "Recognizing Sam Hornish, Jr. for winning the 90th running of the Indianapolis 500.",
            "type": "HRES",
            "url": "https://api.congress.gov/v3/bill/109/hres/866?format=json"
        },
        {
            "congress": 109,
            "introducedDate": "2006-02-15",
            "latestAction": {
                "actionDate": "2006-03-17",
                "text": "Referred to the Subcommittee on Commerce, Trade and Consumer Protection."
            },
            "number": "684",
            "policyArea": {
                "name": "Commemorations"
            },
            "title": "Supporting the goals of National Manufacturing Week, congratulating manufacturers and their employees for their contributions growth and innovation, and recognizing the challenges facing the manufacturing sector.",
            "type": "HRES",
            "url": "https://api.congress.gov/v3/bill/109/hres/684?format=json"
        },
        {
            "congress": 109,
            "introducedDate": "2005-01-04",
            "latestAction": {
                "actionDate": "2005-01-04",
                "text": "Referred to the House Committee on Government Reform."
            },
            "number": "17",
            "policyArea": {
                "name": "Commemorations"
            },
            "title": "Recognizing the thousands of Freemasons in every State in the Nation and honoring them for their many contributions to the Nation throughout its history.",
            "type": "HRES",
            "url": "https://api.congress.gov/v3/bill/109/hres/17?format=json"
        },
        {
            "congress": 109,
            "introducedDate": "2005-01-04",
            "latestAction": {
                "actionDate": "2005-02-04",
                "text": "Referred to the Subcommittee on Commerce, Trade and Consumer Protection."
            },
            "number": "16",
            "policyArea": {
                "name": "Commemorations"
            },
            "title": "Supporting the goals of National Manufacturing Week, congratulating manufacturers and their employees for their contributions growth and innovation, and recognizing the challenges facing the manufacturing sector.",
            "type": "HRES",
            "url": "https://api.congress.gov/v3/bill/109/hres/16?format=json"
        },
        {
            "congress": 110,
            "introducedDate": "2007-03-06",
            "latestAction": {
                "actionDate": "2007-04-13",
                "text": "Referred to the Subcommittee on Capital Markets, Insurance and Government Sponsored Enterprises."
            },
            "number": "1341",
            "policyArea": {
                "name": "Finance and Financial Sector"
            },
            "title": "Honest Income Disclosure Act",
            "type": "HR",
            "url": "https://api.congress.gov/v3/bill/110/hr/1341?format=json"
        },
        {
            "congress": 110,
            "introducedDate": "2007-02-28",
            "latestAction": {
                "actionDate": "2007-03-19",
                "text": "Referred to the Subcommittee on Immigration, Citizenship, Refugees, Border Security, and International Law."
            },
            "number": "1221",
            "policyArea": {
                "name": "Immigration"
            },
            "title": "EARN Act",
            "type": "HR",
            "url": "https://api.congress.gov/v3/bill/110/hr/1221?format=json"
        },
        {
            "congress": 110,
            "introducedDate": "2007-02-27",
            "latestAction": {
                "actionDate": "2007-04-11",
                "text": "Referred to the Subcommittee on Capital Markets, Insurance and Government Sponsored Enterprises."
            },
            "number": "1208",
            "policyArea": {
                "name": "Finance and Financial Sector"
            },
            "title": "Corporate Charitable Disclosure Act of 2007",
            "type": "HR",
            "url": "https://api.congress.gov/v3/bill/110/hr/1208?format=json"
        },
        {
            "congress": 110,
            "introducedDate": "2007-02-07",
            "latestAction": {
                "actionDate": "2007-02-08",
                "text": "Referred to the Subcommittee on Health."
            },
            "number": "870",
            "policyArea": {
                "name": "Health"
            },
            "title": "To amend the Public Health Service Act to provide liability protections for employees and contractors of health centers under section 330 of such Act who provide health services in emergency areas.",
            "type": "HR",
            "url": "https://api.congress.gov/v3/bill/110/hr/870?format=json"
        },
        {
            "congress": 110,
            "introducedDate": "2007-01-30",
            "latestAction": {
                "actionDate": "2007-01-30",
                "text": "Referred to the House Committee on the Judiciary."
            },
            "number": "738",
            "policyArea": {
                "name": "Private Legislation"
            },
            "title": "For the relief of Manuel Bartsch.",
            "type": "HR",
            "url": "https://api.congress.gov/v3/bill/110/hr/738?format=json"
        },
        {
            "congress": 110,
            "introducedDate": "2007-01-29",
            "latestAction": {
                "actionDate": "2007-05-22",
                "text": "Received in the Senate and Read twice and referred to the Committee on Banking, Housing, and Urban Affairs."
            },
            "number": "698",
            "policyArea": {
                "name": "Finance and Financial Sector"
            },
            "title": "Industrial Bank Holding Company Act of 2007",
            "type": "HR",
            "url": "https://api.congress.gov/v3/bill/110/hr/698?format=json"
        },
        {
            "congress": 110,
            "introducedDate": "2007-01-10",
            "latestAction": {
                "actionDate": "2007-05-09",
                "text": "Referred to the Subcommittee on Higher Education, Lifelong Learning, and Competitiveness."
            },
            "number": "381",
            "policyArea": {
                "name": "Education"
            },
            "title": "Gifted and Talented Education Enhancement Act of 2007",
            "type": "HR",
            "url": "https://api.congress.gov/v3/bill/110/hr/381?format=json"
        },
        {
            "congress": 110,
            "introducedDate": "2007-01-10",
            "latestAction": {
                "actionDate": "2007-04-11",
                "text": "Referred to the Subcommittee on Financial Institutions and Consumer Credit."
            },
            "number": "382",
            "policyArea": {
                "name": "Finance and Financial Sector"
            },
            "title": "Municipal Deposit Insurance Protection Act of 2007",
            "type": "HR",
            "url": "https://api.congress.gov/v3/bill/110/hr/382?format=json"
        },
        {
            "congress": 110,
            "introducedDate": "2007-01-05",
            "latestAction": {
                "actionDate": "2007-02-02",
                "text": "Referred to the Subcommittee on Crime, Terrorism, and Homeland Security."
            },
            "number": "291",
            "policyArea": {
                "name": "Crime and Law Enforcement"
            },
            "title": "Safe NOW Act of 2007",
            "type": "HR",
            "url": "https://api.congress.gov/v3/bill/110/hr/291?format=json"
        },
        {
            "congress": 110,
            "introducedDate": "2007-05-24",
            "latestAction": {
                "actionDate": "2007-05-24",
                "text": "Referred to the House Committee on the Judiciary."
            },
            "number": "440",
            "policyArea": {
                "name": "Immigration"
            },
            "title": "Expressing the sense of the House of Representatives that any comprehensive plan to combat illegal immigration must increase resources for border patrol, establish an instant employment eligibility verification system, renew a limited temporary worker program, prohibit blanket amnesty for illegal aliens who have deliberately broken the law, and give priority to law-abiding, highly-skilled immigrants applying for legal citizenship.",
            "type": "HRES",
            "url": "https://api.congress.gov/v3/bill/110/hres/440?format=json"
        },
        {
            "congress": 110,
            "introducedDate": "2007-01-05",
            "latestAction": {
                "actionDate": "2007-01-05",
                "text": "Referred to the House Committee on Oversight and Government Reform."
            },
            "number": "33",
            "policyArea": {
                "name": "Commemorations"
            },
            "title": "Recognizing the thousands of Freemasons in every State in the Nation and honoring them for their many contributions to the Nation throughout its history.",
            "type": "HRES",
            "url": "https://api.congress.gov/v3/bill/110/hres/33?format=json"
        },
        {
            "congress": 108,
            "introducedDate": "2004-07-22",
            "latestAction": {
                "actionDate": "2004-09-23",
                "text": "Ordered to be Reported (Amended) by the Yeas and Nays: 12 - 4."
            },
            "number": "4940",
            "policyArea": {
                "name": "Environmental Protection"
            },
            "title": "Municipal Solid Waste Responsibility Act of 2004",
            "type": "HR",
            "url": "https://api.congress.gov/v3/bill/108/hr/4940?format=json"
        },
        {
            "congress": 108,
            "introducedDate": "2004-06-03",
            "latestAction": {
                "actionDate": "2004-06-28",
                "text": "Referred to the Subcommittee on Capital Markets, Insurance and Government Sponsored Enterprises."
            },
            "number": "4505",
            "policyArea": {
                "name": "Finance and Financial Sector"
            },
            "title": "Mutual Fund Reform Act of 2004",
            "type": "HR",
            "url": "https://api.congress.gov/v3/bill/108/hr/4505?format=json"
        },
        {
            "congress": 108,
            "introducedDate": "2004-03-10",
            "latestAction": {
                "actionDate": "2004-04-02",
                "text": "Referred to the Subcommittee on Crime, Terrorism, and Homeland Security."
            },
            "number": "3929",
            "policyArea": {
                "name": "Crime and Law Enforcement"
            },
            "title": "National Sex Offender Registry Act of 2004",
            "type": "HR",
            "url": "https://api.congress.gov/v3/bill/108/hr/3929?format=json"
        },
        {
            "congress": 108,
            "introducedDate": "2004-03-04",
            "latestAction": {
                "actionDate": "2004-03-05",
                "text": "Executive Comment Requested from Interior."
            },
            "number": "3903",
            "policyArea": {
                "name": "Government Operations and Politics"
            },
            "title": "Presidential Sites Improvement Act",
            "type": "HR",
            "url": "https://api.congress.gov/v3/bill/108/hr/3903?format=json"
        },
        {
            "congress": 108,
            "introducedDate": "2003-10-17",
            "latestAction": {
                "actionDate": "2003-11-14",
                "text": "Referred to the Subcommittee on Environment and Hazardous Materials."
            },
            "number": "3335",
            "policyArea": {
                "name": "Environmental Protection"
            },
            "title": "Underground Storage Tank Compliance Act of 2003",
            "type": "HR",
            "url": "https://api.congress.gov/v3/bill/108/hr/3335?format=json"
        },
        {
            "congress": 108,
            "introducedDate": "2003-10-17",
            "latestAction": {
                "actionDate": "2003-10-27",
                "text": "Referred to the Subcommittee on Commerce, Trade and Consumer Protection."
            },
            "number": "3336",
            "policyArea": {
                "name": "Energy"
            },
            "title": "To clarify congressional approval of certain State energy production tax practices.",
            "type": "HR",
            "url": "https://api.congress.gov/v3/bill/108/hr/3336?format=json"
        },
        {
            "congress": 108,
            "introducedDate": "2003-02-27",
            "latestAction": {
                "actionDate": "2003-07-14",
                "text": "Became Public Law No: 108-50."
            },
            "number": "985",
            "policyArea": {
                "name": "Commemorations"
            },
            "title": "To designate the facility of the United States Postal Service located at 111 West Washington Street in Bowling Green, Ohio, as the \"Delbert L. Latta Post Office Building\".",
            "type": "HR",
            "url": "https://api.congress.gov/v3/bill/108/hr/985?format=json"
        },
        {
            "congress": 108,
            "introducedDate": "2003-01-29",
            "latestAction": {
                "actionDate": "2003-02-27",
                "text": "Referred to the Subcommittee on Financial Institutions and Consumer Credit."
            },
            "number": "453",
            "policyArea": {
                "name": "Finance and Financial Sector"
            },
            "title": "Municipal Deposit Insurance Protection Act of 2003",
            "type": "HR",
            "url": "https://api.congress.gov/v3/bill/108/hr/453?format=json"
        },
        {
            "congress": 108,
            "introducedDate": "2003-01-08",
            "latestAction": {
                "actionDate": "2003-02-27",
                "text": "Referred to the Subcommittee on Capital Markets, Insurance and Government Sponsored Enterprises."
            },
            "number": "275",
            "policyArea": {
                "name": "Finance and Financial Sector"
            },
            "title": "Corporate Charitable Disclosure Act of 2003",
            "type": "HR",
            "url": "https://api.congress.gov/v3/bill/108/hr/275?format=json"
        },
        {
            "congress": 108,
            "introducedDate": "2004-02-04",
            "latestAction": {
                "actionDate": "2004-04-27",
                "text": "Placed on the House Calendar, Calendar No. 171."
            },
            "number": "516",
            "policyArea": {
                "name": "Commemorations"
            },
            "title": "Supporting the goals of National Manufacturing Week, congratulating manufacturers and their employees for their contributions to growth and innovation, and recognizing the challenges facing the manufacturing sector.",
            "type": "HRES",
            "url": "https://api.congress.gov/v3/bill/108/hres/516?format=json"
        },
        {
            "congress": 107,
            "introducedDate": "2002-09-24",
            "latestAction": {
                "actionDate": "2002-10-15",
                "text": "Received in the Senate."
            },
            "number": "5439",
            "policyArea": {
                "name": "Commemorations"
            },
            "title": "To designate the facility of the United States Postal Service located at 111 West Washington Street in Bowling Green, Ohio, as the \"Delbert L. Latta Post Office Building\".",
            "type": "HR",
            "url": "https://api.congress.gov/v3/bill/107/hr/5439?format=json"
        },
        {
            "congress": 107,
            "introducedDate": "2002-07-24",
            "latestAction": {
                "actionDate": "2002-07-26",
                "text": "Referred to the Subcommittee on Economic Development, Public Buildings and Emergency Management."
            },
            "number": "5201",
            "policyArea": {
                "name": "Commemorations"
            },
            "title": "To designate the Federal building located at 111 West Washington Street in Bowling Green, Ohio, as the \"Delbert L. Latta Federal Building\".",
            "type": "HR",
            "url": "https://api.congress.gov/v3/bill/107/hr/5201?format=json"
        },
        {
            "congress": 107,
            "introducedDate": "2002-06-13",
            "latestAction": {
                "actionDate": "2002-06-26",
                "text": "Referred to the Subcommittee on Environment and Hazardous Materials."
            },
            "number": "4935",
            "policyArea": {
                "name": "Environmental Protection"
            },
            "title": "To amend the Toxic Substances Control Act and the Federal Insecticide, Fungicide, and Rodenticide Act.",
            "type": "HR",
            "url": "https://api.congress.gov/v3/bill/107/hr/4935?format=json"
        },
        {
            "congress": 107,
            "introducedDate": "2002-04-25",
            "latestAction": {
                "actionDate": "2002-04-25",
                "text": "Referred to the House Committee on Ways and Means."
            },
            "number": "4603",
            "policyArea": {
                "name": "Taxation"
            },
            "title": "To amend the Internal Revenue Code of 1986 to provide that the segment tax on domestic air transportation shall not apply to segments to or from certain islands.",
            "type": "HR",
            "url": "https://api.congress.gov/v3/bill/107/hr/4603?format=json"
        },
        {
            "congress": 107,
            "introducedDate": "2002-02-13",
            "latestAction": {
                "actionDate": "2002-03-04",
                "text": "Referred to the Subcommittee on Capital Markets, Insurance and Government Sponsored Enterprises."
            },
            "number": "3745",
            "policyArea": {
                "name": "Finance and Financial Sector"
            },
            "title": "Corporate Charitable Disclosure Act of 2002",
            "type": "HR",
            "url": "https://api.congress.gov/v3/bill/107/hr/3745?format=json"
        },
        {
            "congress": 107,
            "introducedDate": "2001-09-10",
            "latestAction": {
                "actionDate": "2002-01-11",
                "text": "Became Public Law No: 107-118."
            },
            "number": "2869",
            "policyArea": {
                "name": "Environmental Protection"
            },
            "title": "Small Business Liability Relief and Brownfields Revitalization Act ",
            "type": "HR",
            "url": "https://api.congress.gov/v3/bill/107/hr/2869?format=json"
        },
        {
            "congress": 107,
            "introducedDate": "2001-06-19",
            "latestAction": {
                "actionDate": "2001-06-19",
                "text": "Referred to the House Committee on House Administration."
            },
            "number": "2226",
            "policyArea": {
                "name": "Government Operations and Politics"
            },
            "title": "Equal Political Opportunity Act of 2001",
            "type": "HR",
            "url": "https://api.congress.gov/v3/bill/107/hr/2226?format=json"
        },
        {
            "congress": 107,
            "introducedDate": "2001-06-19",
            "latestAction": {
                "actionDate": "2001-06-19",
                "text": "Referred to the House Committee on House Administration."
            },
            "number": "2225",
            "policyArea": {
                "name": "Government Operations and Politics"
            },
            "title": "Federal Election Law Integrity Act of 2001 ",
            "type": "HR",
            "url": "https://api.congress.gov/v3/bill/107/hr/2225?format=json"
        },
        {
            "congress": 107,
            "introducedDate": "2001-05-17",
            "latestAction": {
                "actionDate": "2001-05-29",
                "text": "Referred to the Subcommittee on Financial Institutions and Consumer Credit."
            },
            "number": "1899",
            "policyArea": {
                "name": "Finance and Financial Sector"
            },
            "title": "Municipal Deposit Insurance Protection Act of 2001",
            "type": "HR",
            "url": "https://api.congress.gov/v3/bill/107/hr/1899?format=json"
        },
        {
            "congress": 107,
            "introducedDate": "2001-05-15",
            "latestAction": {
                "actionDate": "2001-06-13",
                "text": "Received in the Senate and Read twice and referred to the Committee on Environment and Public Works."
            },
            "number": "1831",
            "policyArea": {
                "name": "Environmental Protection"
            },
            "title": "Small Business Liability Protection Act ",
            "type": "HR",
            "url": "https://api.congress.gov/v3/bill/107/hr/1831?format=json"
        },
        {
            "congress": 107,
            "introducedDate": "2001-02-14",
            "latestAction": {
                "actionDate": "2001-03-14",
                "text": "Referred to the Subcommittee on Telecommunications and the Internet."
            },
            "number": "646",
            "policyArea": {
                "name": "Government Operations and Politics"
            },
            "title": "Federal Communications Commission Reform Act",
            "type": "HR",
            "url": "https://api.congress.gov/v3/bill/107/hr/646?format=json"
        },
        {
            "congress": 107,
            "introducedDate": "2001-01-06",
            "latestAction": {
                "actionDate": "2001-03-13",
                "text": "Referred to the Subcommittee on Europe."
            },
            "number": "11",
            "policyArea": {
                "name": "Commemorations"
            },
            "title": "Honoring Konrad Adenauer on the occasion of his birthday.",
            "type": "HCONRES",
            "url": "https://api.congress.gov/v3/bill/107/hconres/11?format=json"
        },
        {
            "congress": 106,
            "introducedDate": "2000-10-26",
            "latestAction": {
                "actionDate": "2000-11-08",
                "text": "Referred to the Subcommittee on Telecommunications, Trade, and Consumer Protection."
            },
            "number": "5570",
            "policyArea": {
                "name": "Government Operations and Politics"
            },
            "title": "Federal Communications Commission Reform Act",
            "type": "HR",
            "url": "https://api.congress.gov/v3/bill/106/hr/5570?format=json"
        },
        {
            "congress": 106,
            "introducedDate": "1999-08-05",
            "latestAction": {
                "actionDate": "1999-09-10",
                "text": "Referred to the Subcommittee on Finance and Hazardous Materials."
            },
            "number": "2754",
            "policyArea": {
                "name": "Environmental Protection"
            },
            "title": "To amend the Comprehensive Environmental Response, Compensation, and Liability Act of 1980 to limit the portion of the Superfund expended for administration, oversight, support, studies, design, investigations, monitoring, assessment, and evaluation, and enforcement activities.",
            "type": "HR",
            "url": "https://api.congress.gov/v3/bill/106/hr/2754?format=json"
        },
        {
            "congress": 106,
            "introducedDate": "1999-05-12",
            "latestAction": {
                "actionDate": "1999-05-12",
                "text": "Referred to the House Committee on House Administration."
            },
            "number": "1778",
            "policyArea": {
                "name": "Government Operations and Politics"
            },
            "title": "Federal Election Law Integrity Act of 1999",
            "type": "HR",
            "url": "https://api.congress.gov/v3/bill/106/hr/1778?format=json"
        },
        {
            "congress": 106,
            "introducedDate": "1999-03-11",
            "latestAction": {
                "actionDate": "2000-04-04",
                "text": "Received in the Senate and Read twice and referred to the Committee on Banking, Housing, and Urban Affairs."
            },
            "number": "1089",
            "policyArea": {
                "name": "Finance and Financial Sector"
            },
            "title": "Mutual Fund Tax Awareness Act of 2000",
            "type": "HR",
            "url": "https://api.congress.gov/v3/bill/106/hr/1089?format=json"
        },
        {
            "congress": 106,
            "introducedDate": "1999-03-01",
            "latestAction": {
                "actionDate": "2000-03-15",
                "text": "Committee Consideration and Mark-up Session Held."
            },
            "number": "887",
            "policyArea": {
                "name": "Finance and Financial Sector"
            },
            "title": "To amend the Securities and Exchange Act of 1934 to require improved disclosure of corporate charitable contributions, and for other purposes.",
            "type": "HR",
            "url": "https://api.congress.gov/v3/bill/106/hr/887?format=json"
        },
        {
            "congress": 106,
            "introducedDate": "1999-02-02",
            "latestAction": {
                "actionDate": "1999-02-02",
                "text": "Referred to the House Committee on House Administration."
            },
            "number": "463",
            "policyArea": {
                "name": "Government Operations and Politics"
            },
            "title": "Equal Political Opportunity Act of 1999",
            "type": "HR",
            "url": "https://api.congress.gov/v3/bill/106/hr/463?format=json"
        },
        {
            "congress": 106,
            "introducedDate": "1999-01-19",
            "latestAction": {
                "actionDate": "1999-01-29",
                "text": "Referred to the Subcommittee on Finance and Hazardous Materials."
            },
            "number": "379",
            "policyArea": {
                "name": "Environmental Protection"
            },
            "title": "To permit States to prohibit the disposal of solid waste imported from other nations.",
            "type": "HR",
            "url": "https://api.congress.gov/v3/bill/106/hr/379?format=json"
        },
        {
            "congress": 106,
            "introducedDate": "1999-01-19",
            "latestAction": {
                "actionDate": "1999-01-29",
                "text": "Referred to the Subcommittee on Finance and Hazardous Materials."
            },
            "number": "378",
            "policyArea": {
                "name": "Environmental Protection"
            },
            "title": "To authorize States to regulate certain solid waste.",
            "type": "HR",
            "url": "https://api.congress.gov/v3/bill/106/hr/378?format=json"
        },
        {
            "congress": 101,
            "introducedDate": "1990-03-21",
            "latestAction": {
                "actionDate": "1990-05-03",
                "text": "Referred to the Subcommittee on National Parks and Public Lands."
            },
            "number": "4337",
            "policyArea": {
                "name": "Public Lands and Natural Resources"
            },
            "title": "To provide for a visitor's center and other facilities at Perry's Victory and International Peace Memorial in the State of Ohio, and for other purposes.",
            "type": "HR",
            "url": "https://api.congress.gov/v3/bill/101/hr/4337?format=json"
        },
        {
            "congress": 101,
            "introducedDate": "1989-11-16",
            "latestAction": {
                "actionDate": "1989-11-16",
                "text": "Referred to the House Committee on Ways and Means."
            },
            "number": "3678",
            "policyArea": {
                "name": "Taxation"
            },
            "title": "Individual Retirement Account Restoration Act",
            "type": "HR",
            "url": "https://api.congress.gov/v3/bill/101/hr/3678?format=json"
        },
        {
            "congress": 101,
            "introducedDate": "1989-11-02",
            "latestAction": {
                "actionDate": "1989-11-02",
                "text": "Referred to the House Committee on Ways and Means."
            },
            "number": "3582",
            "policyArea": {
                "name": "Taxation"
            },
            "title": "To amend the Internal Revenue Code of 1986 to provide for the establishment of, and the deduction of contributions to, education savings accounts.",
            "type": "HR",
            "url": "https://api.congress.gov/v3/bill/101/hr/3582?format=json"
        },
        {
            "congress": 101,
            "introducedDate": "1989-08-02",
            "latestAction": {
                "actionDate": "1990-07-17",
                "text": "For Further Action See H.J.Res.268."
            },
            "number": "384",
            "policyArea": {
                "name": "Economics and Public Finance"
            },
            "title": "Proposing an amendment to the Constitution to provide for a balanced budget for the United States Government and for greater accountability in the enactment of tax legislation and to allow an item veto of appropriations.",
            "type": "HJRES",
            "url": "https://api.congress.gov/v3/bill/101/hjres/384?format=json"
        },
        {
            "congress": 101,
            "introducedDate": "1990-08-02",
            "latestAction": {
                "actionDate": "1990-08-02",
                "text": "Referred to the House Committee on Rules."
            },
            "number": "454",
            "policyArea": {
                "name": "Congress"
            },
            "title": "To amend the Rules of the House of Representatives to prohibit the Committee on Rules from reporting rules waiving the germaneness requirement.",
            "type": "HRES",
            "url": "https://api.congress.gov/v3/bill/101/hres/454?format=json"
        },
        {
            "congress": 102,
            "introducedDate": "1992-07-22",
            "latestAction": {
                "actionDate": "1992-09-24",
                "text": "Referred to the Subcommittee on National Parks and Public Lands."
            },
            "number": "5670",
            "policyArea": {
                "name": "Public Lands and Natural Resources"
            },
            "title": "To authorize appropriations for the maintenance, operation, and protection of historic buildings at the Rutherford B. Hayes Center in Fremont, Ohio.",
            "type": "HR",
            "url": "https://api.congress.gov/v3/bill/102/hr/5670?format=json"
        },
        {
            "congress": 102,
            "introducedDate": "1992-04-01",
            "latestAction": {
                "actionDate": "1992-07-13",
                "text": "Favorable Executive Comment Received from Army."
            },
            "number": "4732",
            "policyArea": {
                "name": "Armed Forces and National Security"
            },
            "title": "To amend title 10, United States Code, to repeal certain provisions prohibiting the appropriation of funds for civilian marksmanship expenses and services, and for other purposes.",
            "type": "HR",
            "url": "https://api.congress.gov/v3/bill/102/hr/4732?format=json"
        },
        {
            "congress": 102,
            "introducedDate": "1992-02-20",
            "latestAction": {
                "actionDate": "1992-03-02",
                "text": "Referred to the Subcommittee on Employment Opportunities."
            },
            "number": "4284",
            "policyArea": {
                "name": "Congress"
            },
            "title": "Congressional Coverage Act of 1992",
            "type": "HR",
            "url": "https://api.congress.gov/v3/bill/102/hr/4284?format=json"
        },
        {
            "congress": 102,
            "introducedDate": "1991-11-22",
            "latestAction": {
                "actionDate": "1991-12-30",
                "text": "Referred to the Subcommittee on Employment Opportunities."
            },
            "number": "3880",
            "policyArea": {
                "name": "Government Operations and Politics"
            },
            "title": "To repeal exemptions from civil rights and labor laws for Members of Congress.",
            "type": "HR",
            "url": "https://api.congress.gov/v3/bill/102/hr/3880?format=json"
        },
        {
            "congress": 102,
            "introducedDate": "1991-10-03",
            "latestAction": {
                "actionDate": "1991-10-03",
                "text": "Referred to the House Committee on Ways and Means."
            },
            "number": "3493",
            "policyArea": {
                "name": "Taxation"
            },
            "title": "To amend the Internal Revenue Code of 1986 to provide for the establishment of, and the deduction of contributions to, education savings accounts.",
            "type": "HR",
            "url": "https://api.congress.gov/v3/bill/102/hr/3493?format=json"
        },
        {
            "congress": 102,
            "introducedDate": "1991-05-29",
            "latestAction": {
                "actionDate": "1991-05-29",
                "text": "Referred to the House Committee on Ways and Means."
            },
            "number": "2479",
            "policyArea": {
                "name": "Taxation"
            },
            "title": "Investment Tax Relief Act of 1991",
            "type": "HR",
            "url": "https://api.congress.gov/v3/bill/102/hr/2479?format=json"
        },
        {
            "congress": 102,
            "introducedDate": "1991-05-29",
            "latestAction": {
                "actionDate": "1991-05-29",
                "text": "Referred to the House Committee on Ways and Means."
            },
            "number": "2478",
            "policyArea": {
                "name": "Taxation"
            },
            "title": "Individual Retirement Account Restoration and Improvement Act",
            "type": "HR",
            "url": "https://api.congress.gov/v3/bill/102/hr/2478?format=json"
        },
        {
            "congress": 102,
            "introducedDate": "1992-06-22",
            "latestAction": {
                "actionDate": "1992-06-26",
                "text": "Referred to the Subcommittee on Economic and Commercial Law."
            },
            "number": "513",
            "policyArea": {
                "name": "Government Operations and Politics"
            },
            "title": "Proposing an amendment to the Constitution of the United States to provide for a runoff election for the offices of the President and Vice-President of the United States if no candidates receives a majority of the electoral college.",
            "type": "HJRES",
            "url": "https://api.congress.gov/v3/bill/102/hjres/513?format=json"
        },
        {
            "congress": 102,
            "introducedDate": "1991-06-26",
            "latestAction": {
                "actionDate": "1991-07-02",
                "text": "Referred to the Subcommittee on Economic and Commercial Law."
            },
            "number": "286",
            "policyArea": {
                "name": "Economics and Public Finance"
            },
            "title": "Proposing an amendment to the Constitution to provide for a balanced budget for the United States Government and for greater accountability in the enactment of tax legislation and to allow an item veto of appropriations.",
            "type": "HJRES",
            "url": "https://api.congress.gov/v3/bill/102/hjres/286?format=json"
        },
        {
            "congress": 102,
            "introducedDate": "1992-02-27",
            "latestAction": {
                "actionDate": "1992-02-27",
                "text": "Referred to the House Committee on Rules."
            },
            "number": "383",
            "policyArea": {
                "name": "Congress"
            },
            "title": "To amend the Rules of the House of Representatives to prohibit the Committee on Rules from reporting rules waiving the germaneness requirement.",
            "type": "HRES",
            "url": "https://api.congress.gov/v3/bill/102/hres/383?format=json"
        },
        {
            "congress": 102,
            "introducedDate": "1992-02-27",
            "latestAction": {
                "actionDate": "1992-02-27",
                "text": "Referred to the House Committee on Ways and Means."
            },
            "number": "285",
            "policyArea": {
                "name": "Taxation"
            },
            "title": "Expressing the sense of the Congress that the President has the authority to, and should, implement the indexation of the basis of assets for purposes of determining the amount of gain which is subject to taxation.",
            "type": "HCONRES",
            "url": "https://api.congress.gov/v3/bill/102/hconres/285?format=json"
        },
        {
            "congress": 103,
            "introducedDate": "1994-08-02",
            "latestAction": {
                "actionDate": "1994-09-20",
                "text": "Text of Measure Incorporated into H.R.4837."
            },
            "number": "4889",
            "policyArea": {
                "name": "Private Legislation"
            },
            "title": "To authorize issuance of a certificate of documentation with appropriate endorsement for the vessel ISLAND STAR.",
            "type": "HR",
            "url": "https://api.congress.gov/v3/bill/103/hr/4889?format=json"
        },
        {
            "congress": 103,
            "introducedDate": "1994-03-23",
            "latestAction": {
                "actionDate": "1994-06-10",
                "text": "Executive Comment Received from Commerce."
            },
            "number": "4117",
            "policyArea": {
                "name": "Foreign Trade and International Finance"
            },
            "title": "To amend section 13031 of the Consolidated Omnibus Budget Reconciliation Act of 1985 (relating to fees for certain customs services) to create an exemption from fees for certain small aircraft travelling short distances.",
            "type": "HR",
            "url": "https://api.congress.gov/v3/bill/103/hr/4117?format=json"
        },
        {
            "congress": 103,
            "introducedDate": "1993-11-04",
            "latestAction": {
                "actionDate": "1993-11-04",
                "text": "Referred to the House Committee on Ways and Means."
            },
            "number": "3449",
            "policyArea": {
                "name": "Taxation"
            },
            "title": "To amend the Internal Revenue Code of 1986 to provide for the establishment of, and the deduction of contributions to, education savings accounts.",
            "type": "HR",
            "url": "https://api.congress.gov/v3/bill/103/hr/3449?format=json"
        },
        {
            "congress": 103,
            "introducedDate": "1993-03-31",
            "latestAction": {
                "actionDate": "1993-04-26",
                "text": "Referred to the Subcommittee on Transportation and Hazardous Materials."
            },
            "number": "1569",
            "policyArea": {
                "name": "Environmental Protection"
            },
            "title": "To authorize States to regulate certain solid waste.",
            "type": "HR",
            "url": "https://api.congress.gov/v3/bill/103/hr/1569?format=json"
        },
        {
            "congress": 103,
            "introducedDate": "1993-10-26",
            "latestAction": {
                "actionDate": "1993-12-09",
                "text": "Referred to the Subcommittee on Administrative Law and Governmental Relations."
            },
            "number": "282",
            "policyArea": {
                "name": "Government Operations and Politics"
            },
            "title": "Proposing an amendment to the Constitution of the United States regarding federally-mandated expenditures.",
            "type": "HJRES",
            "url": "https://api.congress.gov/v3/bill/103/hjres/282?format=json"
        },
        {
            "congress": 103,
            "introducedDate": "1993-01-26",
            "latestAction": {
                "actionDate": "1993-02-19",
                "text": "Referred to the Subcommittee on Legislation and National Security."
            },
            "number": "45",
            "policyArea": {
                "name": "Economics and Public Finance"
            },
            "title": "Providing that the House of Representatives should defeat any legislation designed to stimulate the economy during fiscal year 1993 or 1994 if that legislation would also increase the size of the annual budget deficit for that year.",
            "type": "HRES",
            "url": "https://api.congress.gov/v3/bill/103/hres/45?format=json"
        },
        {
            "congress": 104,
            "introducedDate": "1996-09-11",
            "latestAction": {
                "actionDate": "1996-09-20",
                "text": "Referred to the Subcommittee on Commerce, Trade, and Hazardous Materials."
            },
            "number": "4049",
            "policyArea": {
                "name": "Environmental Protection"
            },
            "title": "To permit States to prohibit the disposal of solid waste imported from other nations.",
            "type": "HR",
            "url": "https://api.congress.gov/v3/bill/104/hr/4049?format=json"
        },
        {
            "congress": 104,
            "introducedDate": "1996-04-18",
            "latestAction": {
                "actionDate": "1996-04-23",
                "text": "Referred to the Subcommittee on Telecommunications and Finance."
            },
            "number": "3273",
            "policyArea": {
                "name": "Finance and Financial Sector"
            },
            "title": "To amend the Securities Exchange Act of 1934 to require corporations to obtain the views of shareholders concerning corporate charitable contributions.",
            "type": "HR",
            "url": "https://api.congress.gov/v3/bill/104/hr/3273?format=json"
        },
        {
            "congress": 104,
            "introducedDate": "1996-04-18",
            "latestAction": {
                "actionDate": "1996-04-23",
                "text": "Referred to the Subcommittee on Telecommunications and Finance."
            },
            "number": "3272",
            "policyArea": {
                "name": "Finance and Financial Sector"
            },
            "title": "To amend the Securities Exchange Act of 1934 to require improved disclosure of corporate charitable contributions, and for other purposes.",
            "type": "HR",
            "url": "https://api.congress.gov/v3/bill/104/hr/3272?format=json"
        },
        {
            "congress": 104,
            "introducedDate": "1995-12-05",
            "latestAction": {
                "actionDate": "1995-12-18",
                "text": "Referred to the Subcommittee on Coast Guard and Maritime Transportation."
            },
            "number": "2718",
            "policyArea": {
                "name": "Private Legislation"
            },
            "title": "To authorize issuance of a certificate of documentation with appropriate endorsement for the vessel ISLAND STAR.",
            "type": "HR",
            "url": "https://api.congress.gov/v3/bill/104/hr/2718?format=json"
        },
        {
            "congress": 104,
            "introducedDate": "1995-09-25",
            "latestAction": {
                "actionDate": "1995-10-13",
                "text": "Referred to the Subcommittee on Health and Environment."
            },
            "number": "2395",
            "policyArea": {
                "name": "Health"
            },
            "title": "To amend title XIX of the Social Security Act to eliminate certain requirements on States under the medicaid program with respect to minimum reimbursement levels for hospitals, nursing facilities, and intermediate care facilities.",
            "type": "HR",
            "url": "https://api.congress.gov/v3/bill/104/hr/2395?format=json"
        },
        {
            "congress": 104,
            "introducedDate": "1995-06-27",
            "latestAction": {
                "actionDate": "1995-07-18",
                "text": "Referred to the Subcommittee on Commercial and Administrative Law."
            },
            "number": "1931",
            "policyArea": {
                "name": "Law"
            },
            "title": "Farmer/Attorney Integrity Restoration Act of 1995",
            "type": "HR",
            "url": "https://api.congress.gov/v3/bill/104/hr/1931?format=json"
        },
        {
            "congress": 104,
            "introducedDate": "1995-05-16",
            "latestAction": {
                "actionDate": "1995-06-06",
                "text": "Referred to the Subcommittee on Military Readiness."
            },
            "number": "1645",
            "policyArea": {
                "name": "Armed Forces and National Security"
            },
            "title": "Civilian Marksmanship Program Privatization Act",
            "type": "HR",
            "url": "https://api.congress.gov/v3/bill/104/hr/1645?format=json"
        },
        {
            "congress": 104,
            "introducedDate": "1995-02-13",
            "latestAction": {
                "actionDate": "1995-05-12",
                "text": "Subcommittee Hearings Held."
            },
            "number": "912",
            "policyArea": {
                "name": "Energy"
            },
            "title": "To permit registered utility holding companies to participate in the provision of telecommunications services.",
            "type": "HR",
            "url": "https://api.congress.gov/v3/bill/104/hr/912?format=json"
        },
        {
            "congress": 104,
            "introducedDate": "1995-02-10",
            "latestAction": {
                "actionDate": "1995-02-24",
                "text": "Referred to the Subcommittee on Domestic and International Monetary Policy."
            },
            "number": "893",
            "policyArea": {
                "name": "Finance and Financial Sector"
            },
            "title": "Thomas Alva Edison Sesquicentennial Commemorative Coin Act",
            "type": "HR",
            "url": "https://api.congress.gov/v3/bill/104/hr/893?format=json"
        },
        {
            "congress": 104,
            "introducedDate": "1995-02-01",
            "latestAction": {
                "actionDate": "1996-04-05",
                "text": "Sponsor introductory remarks on measure. (CR H4258)"
            },
            "number": "769",
            "policyArea": {
                "name": "Taxation"
            },
            "title": "To amend the Internal Revenue Code of 1986 to provide for the establishment of, and the deduction of contributions to, education savings accounts.",
            "type": "HR",
            "url": "https://api.congress.gov/v3/bill/104/hr/769?format=json"
        },
        {
            "congress": 104,
            "introducedDate": "1995-01-20",
            "latestAction": {
                "actionDate": "1995-02-27",
                "text": "Referred to the Subcommittee Commerce, Trade, and Hazardous Materials."
            },
            "number": "603",
            "policyArea": {
                "name": "Environmental Protection"
            },
            "title": "To authorize States to regulate certain solid waste.",
            "type": "HR",
            "url": "https://api.congress.gov/v3/bill/104/hr/603?format=json"
        },
        {
            "congress": 104,
            "introducedDate": "1995-01-20",
            "latestAction": {
                "actionDate": "1995-01-26",
                "text": "Referred to the Subcommittee on Trade."
            },
            "number": "604",
            "policyArea": {
                "name": "Foreign Trade and International Finance"
            },
            "title": "To amend section 13031 of the Consolidated Omnibus Budget Reconciliation Act of 1985 (relating to fees for certain customs services) to create an exemption from fees for certain small aircraft travelling short distances.",
            "type": "HR",
            "url": "https://api.congress.gov/v3/bill/104/hr/604?format=json"
        },
        {
            "congress": 104,
            "introducedDate": "1995-01-13",
            "latestAction": {
                "actionDate": "1995-01-13",
                "text": "Referred to the House Committee on the Judiciary."
            },
            "number": "54",
            "policyArea": {
                "name": "Government Operations and Politics"
            },
            "title": "Proposing an amendment to the Constitution of the United States regarding federally-mandated expenditures.",
            "type": "HJRES",
            "url": "https://api.congress.gov/v3/bill/104/hjres/54?format=json"
        },
        {
            "amendmentNumber": "693",
            "congress": 105,
            "introducedDate": "1998-06-19",
            "latestAction": {
                "actionDate": "1998-06-19",
                "actionTime": "13:01:44",
                "text": "On agreeing to the Gillmor amendment (A005) Agreed to by recorded vote: 395 - 0, 3 Present (Roll No. 251). "
            },
            "type": null,
            "url": "https://api.congress.gov/v3/amendment/105/hamdt/693?format=json"
        },
        {
            "congress": 105,
            "introducedDate": "1998-10-13",
            "latestAction": {
                "actionDate": "1998-10-20",
                "text": "Referred to the Subcommittee on Finance and Hazardous Materials."
            },
            "number": "4822",
            "policyArea": {
                "name": "Finance and Financial Sector"
            },
            "title": "Mutual Fund Tax Awareness Act of 1998",
            "type": "HR",
            "url": "https://api.congress.gov/v3/bill/105/hr/4822?format=json"
        },
        {
            "congress": 105,
            "introducedDate": "1998-08-06",
            "latestAction": {
                "actionDate": "1998-08-06",
                "text": "Referred to the House Committee on Ways and Means."
            },
            "number": "4468",
            "policyArea": {
                "name": "Taxation"
            },
            "title": "To amend the Internal Revenue Code of 1986 to repeal the phaseout of the graduated estate tax rates and the unified credit.",
            "type": "HR",
            "url": "https://api.congress.gov/v3/bill/105/hr/4468?format=json"
        },
        {
            "congress": 105,
            "introducedDate": "1998-05-07",
            "latestAction": {
                "actionDate": "1998-06-10",
                "text": "Executive Comment Requested from DOD."
            },
            "number": "3823",
            "policyArea": {
                "name": "Private Legislation"
            },
            "title": "To authorize conveyance of a National Defense Reserve Fleet vessel to the Ohio War Memorial, Inc., for use as a memorial to Ohio veterans.",
            "type": "HR",
            "url": "https://api.congress.gov/v3/bill/105/hr/3823?format=json"
        },
        {
            "congress": 105,
            "introducedDate": "1997-06-26",
            "latestAction": {
                "actionDate": "1997-07-14",
                "text": "Referred to the Subcommittee on Finance and Hazardous Materials."
            },
            "number": "2086",
            "policyArea": {
                "name": "Environmental Protection"
            },
            "title": "To amend the Comprehensive Environmental Response, Compensation, and Liability Act of 1980 to limit the portion of the Superfund expended for administration, oversight, support, studies, design, investigations, monitoring, assessment, and evaluation, and enforcement activities.",
            "type": "HR",
            "url": "https://api.congress.gov/v3/bill/105/hr/2086?format=json"
        },
        {
            "congress": 105,
            "introducedDate": "1997-06-26",
            "latestAction": {
                "actionDate": "1997-07-14",
                "text": "Referred to the Subcommittee on Finance and Hazardous Materials."
            },
            "number": "2087",
            "policyArea": {
                "name": "Environmental Protection"
            },
            "title": "Polluter Pays Act of 1997",
            "type": "HR",
            "url": "https://api.congress.gov/v3/bill/105/hr/2087?format=json"
        },
        {
            "congress": 105,
            "introducedDate": "1997-05-14",
            "latestAction": {
                "actionDate": "1997-05-14",
                "text": "Referred to the House Committee on Ways and Means."
            },
            "number": "1597",
            "policyArea": {
                "name": "Taxation"
            },
            "title": "To amend the Internal Revenue Code of 1986 to provide for the establishment of, and the deduction of contributions to, education savings accounts.",
            "type": "HR",
            "url": "https://api.congress.gov/v3/bill/105/hr/1597?format=json"
        },
        {
            "congress": 105,
            "introducedDate": "1997-03-05",
            "latestAction": {
                "actionDate": "1997-03-14",
                "text": "Referred to the Subcommittee on Finance and Hazardous Materials."
            },
            "number": "944",
            "policyArea": {
                "name": "Finance and Financial Sector"
            },
            "title": "To amend the Securities Exchange Act of 1934 to require improved disclosure of corporate charitable contributions, and for other purposes.",
            "type": "HR",
            "url": "https://api.congress.gov/v3/bill/105/hr/944?format=json"
        },
        {
            "congress": 105,
            "introducedDate": "1997-03-05",
            "latestAction": {
                "actionDate": "1997-03-14",
                "text": "Referred to the Subcommittee on Finance and Hazardous Materials."
            },
            "number": "945",
            "policyArea": {
                "name": "Finance and Financial Sector"
            },
            "title": "To amend the Securities Exchange Act of 1934 to require corporations to obtain the views of shareholders concerning corporate charitable contributions.",
            "type": "HR",
            "url": "https://api.congress.gov/v3/bill/105/hr/945?format=json"
        },
        {
            "congress": 105,
            "introducedDate": "1997-02-11",
            "latestAction": {
                "actionDate": "1998-10-31",
                "text": "Became Public Law No: 105-331."
            },
            "number": "678",
            "policyArea": {
                "name": "Commemorations"
            },
            "title": "Thomas Alva Edison Commemorative Coin Act",
            "type": "HR",
            "url": "https://api.congress.gov/v3/bill/105/hr/678?format=json"
        },
        {
            "congress": 105,
            "introducedDate": "1998-09-11",
            "latestAction": {
                "actionDate": "1998-09-11",
                "text": "Referred to the House Committee on the Judiciary."
            },
            "number": "532",
            "policyArea": {
                "name": "Government Operations and Politics"
            },
            "title": "Expressing the sense of the House of Representatives that the President should personally reimburse the Federal Government for the costs incurred by the Office of Independent Counsel since January 26, 1998.",
            "type": "HRES",
            "url": "https://api.congress.gov/v3/bill/105/hres/532?format=json"
        }
    ]
}