{
    "pagination": {
        "count": 16
    },
    "request": {
        "bioguideId": "g000572",
        "contentType": "application/json",
        "format": "json"
    },
    "sponsoredLegislation": [
        {
            "amendmentNumber": "1097",
            "congress": 113,
            "introducedDate": "2014-07-16",
            "latestAction": {
                "actionDate": "2014-07-16",
                "actionTime": "13:00:26",
                "text": "By unanimous consent, the Gallego amendment was withdrawn. (consideration: CR H6318)"
            },
            "type": null,
            "url": "https://api.congress.gov/v3/amendment/113/hamdt/1097?format=json"
        },
        {
            "amendmentNumber": "848",
            "congress": 113,
            "introducedDate": "2014-06-11",
            "latestAction": {
                "actionDate": "2014-06-11",
                "actionTime": "15:14:15",
                "text": "By unanimous consent, the Gallego amendment was withdrawn. (consideration: CR H5288-5289)"
            },
            "type": null,
            "url": "https://api.congress.gov/v3/amendment/113/hamdt/848?format=json"
        },
        {
            "amendmentNumber": "777",
            "congress": 113,
            "introducedDate": "2014-05-30",
            "latestAction": {
                "actionDate": "2014-05-30",
                "actionTime": "11:04:28",
                "text": "On agreeing to the Gallego amendment (A004) Agreed to by voice vote. "
            },
            "type": null,
            "url": "https://api.congress.gov/v3/amendment/113/hamdt/777?format=json"
        },
        {
            "amendmentNumber": "725",
            "congress": 113,
            "introducedDate": "2014-05-29",
            "latestAction": {
                "actionDate": "2014-05-29",
                "actionTime": "15:32:01",
                "text": "On agreeing to the Gallego amendment (A036) Agreed to by voice vote. "
            },
            "type": null,
            "url": "https://api.congress.gov/v3/amendment/113/hamdt/725?format=json"
        },
        {
            "amendmentNumber": "536",
            "congress": 113,
            "introducedDate": "2014-02-04",
            "latestAction": {
                "actionDate": "2014-02-04",
                "actionTime": "15:25:57",
                "text": "On agreeing to the Gallego amendment (A004) Agreed to by voice vote. "
            },
            "type": null,
            "url": "https://api.congress.gov/v3/amendment/113/hamdt/536?format=json"
        },
        {
            "amendmentNumber": "418",
            "congress": 113,
            "introducedDate": "2013-07-30",
            "latestAction": {
                "actionDate": "2013-07-30",
                "actionTime": "19:02:58",
                "text": "On agreeing to the Gallego amendment (A002) Agreed to by recorded vote: 317 - 92 (Roll no. 419). "
            },
            "type": null,
            "url": "https://api.congress.gov/v3/amendment/113/hamdt/418?format=json"
        },
        {
            "amendmentNumber": "81",
            "congress": 113,
            "introducedDate": "2013-06-04",
            "latestAction": {
                "actionDate": "2013-06-04",
                "actionTime": "16:31:57",
                "text": "On agreeing to the Gallego amendment (A005) Agreed to by voice vote. "
            },
            "type": null,
            "url": "https://api.congress.gov/v3/amendment/113/hamdt/81?format=json"
        },
        {
            "amendmentNumber": "27",
            "congress": 113,
            "introducedDate": "2013-03-15",
            "latestAction": {
                "actionDate": "2013-03-15",
                "actionTime": "10:33:09",
                "text": "On agreeing to the Gallego amendment (A002) Agreed to by voice vote. "
            },
            "type": null,
            "url": "https://api.congress.gov/v3/amendment/113/hamdt/27?format=json"
        },
        {
            "congress": 113,
            "introducedDate": "2014-07-31",
            "latestAction": {
                "actionDate": "2014-07-31",
                "text": "Referred to the House Committee on Ways and Means."
            },
            "number": "5341",
            "policyArea": {
                "name": "Taxation"
            },
            "title": "To delay for 1 year the application of Revenue Ruling 2012-18 with respect to the characterization of payments as tips or service charges.",
            "type": "HR",
            "url": "https://api.congress.gov/v3/bill/113/hr/5341?format=json"
        },
        {
            "congress": 113,
            "introducedDate": "2014-07-24",
            "latestAction": {
                "actionDate": "2014-07-24",
                "text": "Referred to the House Committee on Ways and Means."
            },
            "number": "5198",
            "policyArea": {
                "name": "Taxation"
            },
            "title": "To amend the Internal Revenue Code of 1986 to provide an appeal process for designation as qualified census tracts and difficult development areas under the low-income housing credit.",
            "type": "HR",
            "url": "https://api.congress.gov/v3/bill/113/hr/5198?format=json"
        },
        {
            "congress": 113,
            "introducedDate": "2013-10-16",
            "latestAction": {
                "actionDate": "2013-10-16",
                "text": "Referred to the House Committee on Ways and Means."
            },
            "number": "3296",
            "policyArea": {
                "name": "Economics and Public Finance"
            },
            "title": "Pay America First Act",
            "type": "HR",
            "url": "https://api.congress.gov/v3/bill/113/hr/3296?format=json"
        },
        {
            "congress": 113,
            "introducedDate": "2013-09-28",
            "latestAction": {
                "actionDate": "2013-09-28",
                "text": "Referred to the Committee on House Administration, and in addition to the Committee on Oversight and Government Reform, for a period to be subsequently determined by the Speaker, in each case for consideration of such provisions as fall within the jurisdiction of the committee concerned."
            },
            "number": "3215",
            "policyArea": {
                "name": "Congress"
            },
            "title": "Shutdown Pay for Members of Congress Act of 2013",
            "type": "HR",
            "url": "https://api.congress.gov/v3/bill/113/hr/3215?format=json"
        },
        {
            "congress": 113,
            "introducedDate": "2013-09-28",
            "latestAction": {
                "actionDate": "2013-09-28",
                "text": "Referred to the House Committee on Appropriations."
            },
            "number": "3214",
            "policyArea": {
                "name": "Armed Forces and National Security"
            },
            "title": "Preserve our National Security Act",
            "type": "HR",
            "url": "https://api.congress.gov/v3/bill/113/hr/3214?format=json"
        },
        {
            "congress": 113,
            "introducedDate": "2013-07-19",
            "latestAction": {
                "actionDate": "2013-07-19",
                "text": "Referred to the House Committee on Ways and Means."
            },
            "number": "2755",
            "policyArea": {
                "name": "Taxation"
            },
            "title": "Border Security Tax Relief Act of 2013",
            "type": "HR",
            "url": "https://api.congress.gov/v3/bill/113/hr/2755?format=json"
        },
        {
            "congress": 113,
            "introducedDate": "2013-04-09",
            "latestAction": {
                "actionDate": "2013-04-09",
                "text": "Referred to the House Committee on Foreign Affairs."
            },
            "number": "1420",
            "policyArea": {
                "name": "Foreign Trade and International Finance"
            },
            "title": "American Export Promotion Act of 2013",
            "type": "HR",
            "url": "https://api.congress.gov/v3/bill/113/hr/1420?format=json"
        },
        {
            "congress": 113,
            "introducedDate": "2013-03-13",
            "latestAction": {
                "actionDate": "2013-04-02",
                "text": "Referred to the Subcommittee on Health."
            },
            "number": "1134",
            "policyArea": {
                "name": "Armed Forces and National Security"
            },
            "title": "To direct the Secretary of Veterans Affairs to carry out a grant program and pilot program designed to improve the delivery of health care to veterans residing in rural areas, and for other purposes.",
            "type": "HR",
            "url": "https://api.congress.gov/v3/bill/113/hr/1134?format=json"
        }
    ]
}