{
    "pagination": {
        "count": 84
    },
    "request": {
        "bioguideId": "m001148",
        "contentType": "application/json",
        "format": "json"
    },
    "sponsoredLegislation": [
        {
            "amendmentNumber": "146",
            "congress": 109,
            "introducedDate": "2005-05-18",
            "latestAction": {
                "actionDate": "2005-05-18",
                "actionTime": "18:10:19",
                "text": "On agreeing to the Meek (FL) amendment (A001) Failed by recorded vote: 184 - 244 (Roll no. 183). "
            },
            "type": null,
            "url": "https://api.congress.gov/v3/amendment/109/hamdt/146?format=json"
        },
        {
            "congress": 109,
            "introducedDate": "2006-06-12",
            "latestAction": {
                "actionDate": "2006-06-12",
                "text": "Referred to the House Committee on Financial Services."
            },
            "number": "5587",
            "policyArea": {
                "name": "Finance and Financial Sector"
            },
            "title": "Commission on Catastrophic Disaster Risk and Insurance Act of 2006",
            "type": "HR",
            "url": "https://api.congress.gov/v3/bill/109/hr/5587?format=json"
        },
        {
            "congress": 109,
            "introducedDate": "2005-12-13",
            "latestAction": {
                "actionDate": "2005-12-14",
                "text": "Referred to the Subcommittee on Economic Development, Public Buildings and Emergency Management."
            },
            "number": "4517",
            "policyArea": {
                "name": "Emergency Management"
            },
            "title": "To amend the Robert T. Stafford Disaster Relief and Emergency Assistance Act to restore Federal aid for the repair, restoration, and replacement of private nonprofit educational facilities that are damaged or destroyed by a major disaster.",
            "type": "HR",
            "url": "https://api.congress.gov/v3/bill/109/hr/4517?format=json"
        },
        {
            "congress": 109,
            "introducedDate": "2005-11-18",
            "latestAction": {
                "actionDate": "2006-01-05",
                "text": "Referred to the Subcommittee on Financial Institutions and Consumer Credit."
            },
            "number": "4415",
            "policyArea": {
                "name": "Finance and Financial Sector"
            },
            "title": "Consumer Checking Fairness Act",
            "type": "HR",
            "url": "https://api.congress.gov/v3/bill/109/hr/4415?format=json"
        },
        {
            "congress": 109,
            "introducedDate": "2005-11-18",
            "latestAction": {
                "actionDate": "2006-01-05",
                "text": "Referred to the Subcommittee on Financial Institutions and Consumer Credit."
            },
            "number": "4413",
            "policyArea": {
                "name": "Finance and Financial Sector"
            },
            "title": "Credit Card Minimum Payment Notification Act",
            "type": "HR",
            "url": "https://api.congress.gov/v3/bill/109/hr/4413?format=json"
        },
        {
            "congress": 109,
            "introducedDate": "2005-11-18",
            "latestAction": {
                "actionDate": "2006-01-05",
                "text": "Referred to the Subcommittee on Financial Institutions and Consumer Credit."
            },
            "number": "4414",
            "policyArea": {
                "name": "Finance and Financial Sector"
            },
            "title": "Overdraft Fee Notification Act",
            "type": "HR",
            "url": "https://api.congress.gov/v3/bill/109/hr/4414?format=json"
        },
        {
            "congress": 109,
            "introducedDate": "2005-11-02",
            "latestAction": {
                "actionDate": "2005-11-02",
                "text": "Referred to the House Committee on Ways and Means."
            },
            "number": "4211",
            "policyArea": {
                "name": "Foreign Trade and International Finance"
            },
            "title": "Haiti Economic Recovery Opportunity Act",
            "type": "HR",
            "url": "https://api.congress.gov/v3/bill/109/hr/4211?format=json"
        },
        {
            "congress": 109,
            "introducedDate": "2005-09-15",
            "latestAction": {
                "actionDate": "2005-09-30",
                "text": "Referred to the Subcommittee on Management, Integration, and Oversight."
            },
            "number": "3805",
            "policyArea": {
                "name": "Emergency Management"
            },
            "title": "To establish within the Office of the Inspector General of the Department of Homeland Security the Special Office of the Inspector General for Natural Disaster Response and Reconstruction.",
            "type": "HR",
            "url": "https://api.congress.gov/v3/bill/109/hr/3805?format=json"
        },
        {
            "congress": 109,
            "introducedDate": "2005-09-07",
            "latestAction": {
                "actionDate": "2005-10-12",
                "text": "Referred to the Subcommittee on Education Reform."
            },
            "number": "3689",
            "policyArea": {
                "name": "Education"
            },
            "title": "High-Quality Education Act of 2005",
            "type": "HR",
            "url": "https://api.congress.gov/v3/bill/109/hr/3689?format=json"
        },
        {
            "congress": 109,
            "introducedDate": "2005-09-06",
            "latestAction": {
                "actionDate": "2005-09-19",
                "text": "Referred to the Subcommittee on Immigration, Border Security, and Claims."
            },
            "number": "3658",
            "policyArea": {
                "name": "Immigration"
            },
            "title": "HRIFA Improvement Act of 2005",
            "type": "HR",
            "url": "https://api.congress.gov/v3/bill/109/hr/3658?format=json"
        },
        {
            "congress": 109,
            "introducedDate": "2005-05-04",
            "latestAction": {
                "actionDate": "2005-05-19",
                "text": "Referred to the Subcommittee on Emergency Preparedness, Science, and Technology."
            },
            "number": "2101",
            "policyArea": {
                "name": "Emergency Management"
            },
            "title": "To amend the Homeland Security Act of 2002 to direct the Secretary of Homeland Security to develop and implement the READICall emergency alert system.",
            "type": "HR",
            "url": "https://api.congress.gov/v3/bill/109/hr/2101?format=json"
        },
        {
            "congress": 109,
            "introducedDate": "2005-04-20",
            "latestAction": {
                "actionDate": "2005-05-10",
                "text": "Referred to the Subcommittee on Immigration, Border Security, and Claims."
            },
            "number": "1737",
            "policyArea": {
                "name": "Immigration"
            },
            "title": "HRIFA Improvement Act of 2005",
            "type": "HR",
            "url": "https://api.congress.gov/v3/bill/109/hr/1737?format=json"
        },
        {
            "congress": 109,
            "introducedDate": "2006-04-25",
            "latestAction": {
                "actionDate": "2006-04-26",
                "text": "Sponsor introductory remarks on measure. (CR E626)"
            },
            "number": "777",
            "policyArea": {
                "name": "Commemorations"
            },
            "title": "Expressing the sense of the House of Representatives, in recognition of the contributions of the Haitian people to the history and culture of the United States, by establishing \"Haitian-American Heritage Month\".",
            "type": "HRES",
            "url": "https://api.congress.gov/v3/bill/109/hres/777?format=json"
        },
        {
            "congress": 111,
            "introducedDate": "2010-11-15",
            "latestAction": {
                "actionDate": "2010-11-15",
                "text": "Referred to the House Committee on Energy and Commerce."
            },
            "number": "6404",
            "policyArea": {
                "name": "Health"
            },
            "title": "Breast Density and Mammography Reporting Act of 2010",
            "type": "HR",
            "url": "https://api.congress.gov/v3/bill/111/hr/6404?format=json"
        },
        {
            "congress": 111,
            "introducedDate": "2010-07-30",
            "latestAction": {
                "actionDate": "2010-08-02",
                "text": "Referred to the Subcommittee on Water Resources and Environment."
            },
            "number": "6053",
            "policyArea": {
                "name": "Public Lands and Natural Resources"
            },
            "title": "To amend the Oil Pollution Act of 1990 to provide for timely consideration of claims submitted by States and political subdivisions for reimbursement of removal costs.",
            "type": "HR",
            "url": "https://api.congress.gov/v3/bill/111/hr/6053?format=json"
        },
        {
            "congress": 111,
            "introducedDate": "2010-06-30",
            "latestAction": {
                "actionDate": "2011-01-04",
                "text": "Became Public Law No: 111-363."
            },
            "number": "5655",
            "policyArea": {
                "name": "Government Operations and Politics"
            },
            "title": "To designate the Little River Branch facility of the United States Postal Service located at 140 NE 84th Street in Miami, Florida, as the \"Jesse J. McCrary, Jr. Post Office\".",
            "type": "HR",
            "url": "https://api.congress.gov/v3/bill/111/hr/5655?format=json"
        },
        {
            "congress": 111,
            "introducedDate": "2010-05-24",
            "latestAction": {
                "actionDate": "2010-05-24",
                "text": "Referred to the House Committee on Ways and Means."
            },
            "number": "5372",
            "policyArea": {
                "name": "Taxation"
            },
            "title": "To amend the Internal Revenue Code of 1986 to treat any business credit attributable to wind, solar, or biomass electricity production and investment in solar energy property as refundable to the extent the taxpayer makes new wind, solar, and other renewable energy investments.",
            "type": "HR",
            "url": "https://api.congress.gov/v3/bill/111/hr/5372?format=json"
        },
        {
            "congress": 111,
            "introducedDate": "2010-05-05",
            "latestAction": {
                "actionDate": "2010-05-07",
                "text": "Referred to the Subcommittee on Energy and Mineral Resources."
            },
            "number": "5222",
            "policyArea": {
                "name": "Energy"
            },
            "title": "To suspend certain activities in the outer Continental Shelf until the date on which the joint investigation into the Deepwater Horizon incident in the Gulf of Mexico has been completed, and for other purposes.",
            "type": "HR",
            "url": "https://api.congress.gov/v3/bill/111/hr/5222?format=json"
        },
        {
            "congress": 111,
            "introducedDate": "2010-01-19",
            "latestAction": {
                "actionDate": "2010-01-19",
                "text": "Referred to the House Committee on Ways and Means."
            },
            "number": "4467",
            "policyArea": {
                "name": "Taxation"
            },
            "title": "To accelerate the income tax benefits for charitable cash contributions for the relief of victims of the January 12, 2010, earthquake in Haiti.",
            "type": "HR",
            "url": "https://api.congress.gov/v3/bill/111/hr/4467?format=json"
        },
        {
            "congress": 111,
            "introducedDate": "2009-12-16",
            "latestAction": {
                "actionDate": "2009-12-17",
                "text": "Sponsor introductory remarks on measure. (CR E3022)"
            },
            "number": "4385",
            "policyArea": {
                "name": "Economics and Public Finance"
            },
            "title": "United States War Bonds Act of 2009",
            "type": "HR",
            "url": "https://api.congress.gov/v3/bill/111/hr/4385?format=json"
        },
        {
            "congress": 111,
            "introducedDate": "2009-12-14",
            "latestAction": {
                "actionDate": "2009-12-14",
                "text": "Referred to the House Committee on Ways and Means."
            },
            "number": "4306",
            "policyArea": {
                "name": "Taxation"
            },
            "title": "To amend the Internal Revenue Code of 1986 to permanently extend the 15-year recovery period for qualified leasehold improvement property, qualified restaurant property, and qualified retail improvement property.",
            "type": "HR",
            "url": "https://api.congress.gov/v3/bill/111/hr/4306?format=json"
        },
        {
            "congress": 111,
            "introducedDate": "2009-12-14",
            "latestAction": {
                "actionDate": "2009-12-14",
                "text": "Referred to the House Committee on Ways and Means."
            },
            "number": "4305",
            "policyArea": {
                "name": "Taxation"
            },
            "title": "To amend the Internal Revenue Code of 1986 to provide the energy tax credit for transformers designed to use soybean-based electrical transformer fluid.",
            "type": "HR",
            "url": "https://api.congress.gov/v3/bill/111/hr/4305?format=json"
        },
        {
            "congress": 111,
            "introducedDate": "2009-12-08",
            "latestAction": {
                "actionDate": "2009-12-08",
                "text": "Referred to the House Committee on Ways and Means."
            },
            "number": "4239",
            "policyArea": {
                "name": "Taxation"
            },
            "title": "To amend the Internal Revenue Code of 1986 to modify the exception from the 10 percent penalty for early withdrawals from governmental plans for Federal and State qualified public safety employees.",
            "type": "HR",
            "url": "https://api.congress.gov/v3/bill/111/hr/4239?format=json"
        },
        {
            "congress": 111,
            "introducedDate": "2009-12-03",
            "latestAction": {
                "actionDate": "2009-12-03",
                "text": "Referred to the House Committee on Foreign Affairs."
            },
            "number": "4206",
            "policyArea": {
                "name": "International Affairs"
            },
            "title": "Haiti Reforestation Act of 2009",
            "type": "HR",
            "url": "https://api.congress.gov/v3/bill/111/hr/4206?format=json"
        },
        {
            "congress": 111,
            "introducedDate": "2009-10-13",
            "latestAction": {
                "actionDate": "2009-10-14",
                "text": "Referred to the Subcommittee on Health."
            },
            "number": "3790",
            "policyArea": {
                "name": "Health"
            },
            "title": "To amend title XVIII of the Social Security Act to repeal the Medicare competitive acquisition program for durable medical equipment and prosthetics, orthotics, and supplies (DMEPOS) in a budget neutral manner.",
            "type": "HR",
            "url": "https://api.congress.gov/v3/bill/111/hr/3790?format=json"
        },
        {
            "congress": 111,
            "introducedDate": "2009-07-20",
            "latestAction": {
                "actionDate": "2009-07-20",
                "text": "Referred to the House Committee on Ways and Means."
            },
            "number": "3267",
            "policyArea": {
                "name": "Taxation"
            },
            "title": "To amend the Internal Revenue Code of 1986 to provide relief with respect to the children of members of the Armed Forces of the United States who die as a result of service in a combat zone.",
            "type": "HR",
            "url": "https://api.congress.gov/v3/bill/111/hr/3267?format=json"
        },
        {
            "congress": 111,
            "introducedDate": "2009-06-10",
            "latestAction": {
                "actionDate": "2010-12-21",
                "text": "Placed on the Union Calendar, Calendar No. 409."
            },
            "number": "2811",
            "policyArea": {
                "name": "Crime and Law Enforcement"
            },
            "title": "To amend title 18, United States Code, to include constrictor snakes of the species Python genera as an injurious animal.",
            "type": "HR",
            "url": "https://api.congress.gov/v3/bill/111/hr/2811?format=json"
        },
        {
            "congress": 111,
            "introducedDate": "2009-05-21",
            "latestAction": {
                "actionDate": "2009-05-21",
                "text": "Referred to the House Committee on Ways and Means."
            },
            "number": "2626",
            "policyArea": {
                "name": "Taxation"
            },
            "title": "Renewable Energy Parity Act",
            "type": "HR",
            "url": "https://api.congress.gov/v3/bill/111/hr/2626?format=json"
        },
        {
            "congress": 111,
            "introducedDate": "2009-05-20",
            "latestAction": {
                "actionDate": "2009-05-20",
                "text": "Referred to the House Committee on Ways and Means."
            },
            "number": "2528",
            "policyArea": {
                "name": "Taxation"
            },
            "title": "To amend the Internal Revenue Code of 1986 to extend the credit period for certain open-loop biomass facilities.",
            "type": "HR",
            "url": "https://api.congress.gov/v3/bill/111/hr/2528?format=json"
        },
        {
            "congress": 111,
            "introducedDate": "2009-05-04",
            "latestAction": {
                "actionDate": "2009-05-04",
                "text": "Referred to the House Committee on Ways and Means."
            },
            "number": "2240",
            "policyArea": {
                "name": "Taxation"
            },
            "title": "To amend the Internal Revenue Code of 1986 to allow a nonrefundable credit for mentoring and housing young adults.",
            "type": "HR",
            "url": "https://api.congress.gov/v3/bill/111/hr/2240?format=json"
        },
        {
            "congress": 111,
            "introducedDate": "2009-04-22",
            "latestAction": {
                "actionDate": "2009-04-23",
                "text": "Referred to the Subcommittee on Health."
            },
            "number": "2049",
            "policyArea": {
                "name": "Health"
            },
            "title": "Ambulatory Surgical Center Access Act of 2009",
            "type": "HR",
            "url": "https://api.congress.gov/v3/bill/111/hr/2049?format=json"
        },
        {
            "congress": 111,
            "introducedDate": "2009-03-31",
            "latestAction": {
                "actionDate": "2009-03-31",
                "text": "Referred to the House Committee on Ways and Means."
            },
            "number": "1806",
            "policyArea": {
                "name": "Taxation"
            },
            "title": "Freight Rail Infrastructure Capacity Expansion Act of 2009",
            "type": "HR",
            "url": "https://api.congress.gov/v3/bill/111/hr/1806?format=json"
        },
        {
            "congress": 111,
            "introducedDate": "2009-03-26",
            "latestAction": {
                "actionDate": "2009-05-04",
                "text": "Referred to the Subcommittee on Government Management, Organization, and Procurement."
            },
            "number": "1766",
            "policyArea": {
                "name": "Government Operations and Politics"
            },
            "title": "Green Acquisition Act",
            "type": "HR",
            "url": "https://api.congress.gov/v3/bill/111/hr/1766?format=json"
        },
        {
            "congress": 111,
            "introducedDate": "2009-03-19",
            "latestAction": {
                "actionDate": "2009-03-19",
                "text": "Referred to the House Committee on Financial Services."
            },
            "number": "1650",
            "policyArea": {
                "name": "Finance and Financial Sector"
            },
            "title": "Troubled Asset Relief Program Enhancement Act",
            "type": "HR",
            "url": "https://api.congress.gov/v3/bill/111/hr/1650?format=json"
        },
        {
            "congress": 111,
            "introducedDate": "2009-03-19",
            "latestAction": {
                "actionDate": "2009-05-14",
                "text": "Referred to the Subcommittee on Workforce Protections."
            },
            "number": "1649",
            "policyArea": {
                "name": "Education"
            },
            "title": "High-Quality Education Act of 2009",
            "type": "HR",
            "url": "https://api.congress.gov/v3/bill/111/hr/1649?format=json"
        },
        {
            "congress": 111,
            "introducedDate": "2009-03-17",
            "latestAction": {
                "actionDate": "2009-04-27",
                "text": "Referred to the Subcommittee on Immigration, Citizenship, Refugees, Border Security, and International Law."
            },
            "number": "1567",
            "policyArea": {
                "name": "Immigration"
            },
            "title": "HRIFA Improvement Act of 2009",
            "type": "HR",
            "url": "https://api.congress.gov/v3/bill/111/hr/1567?format=json"
        },
        {
            "congress": 111,
            "introducedDate": "2009-03-12",
            "latestAction": {
                "actionDate": "2009-03-12",
                "text": "Referred to the House Committee on Financial Services."
            },
            "number": "1487",
            "policyArea": {
                "name": "Finance and Financial Sector"
            },
            "title": "Overdraft Fee Notification Act",
            "type": "HR",
            "url": "https://api.congress.gov/v3/bill/111/hr/1487?format=json"
        },
        {
            "congress": 111,
            "introducedDate": "2009-03-12",
            "latestAction": {
                "actionDate": "2009-03-12",
                "text": "Referred to the House Committee on Financial Services."
            },
            "number": "1488",
            "policyArea": {
                "name": "Finance and Financial Sector"
            },
            "title": "Consumer Checking Fairness Act",
            "type": "HR",
            "url": "https://api.congress.gov/v3/bill/111/hr/1488?format=json"
        },
        {
            "congress": 111,
            "introducedDate": "2009-03-12",
            "latestAction": {
                "actionDate": "2009-03-12",
                "text": "Referred to the House Committee on Financial Services."
            },
            "number": "1486",
            "policyArea": {
                "name": "Finance and Financial Sector"
            },
            "title": "Mortgage Credit Repair Act of 2009",
            "type": "HR",
            "url": "https://api.congress.gov/v3/bill/111/hr/1486?format=json"
        },
        {
            "congress": 111,
            "introducedDate": "2009-02-24",
            "latestAction": {
                "actionDate": "2009-02-24",
                "text": "Referred to the House Committee on Ways and Means."
            },
            "number": "1159",
            "policyArea": {
                "name": "Taxation"
            },
            "title": "To amend the Internal Revenue Code of 1986 to provide special rules for investments lost in a fraudulent Ponzi-type scheme.",
            "type": "HR",
            "url": "https://api.congress.gov/v3/bill/111/hr/1159?format=json"
        },
        {
            "congress": 111,
            "introducedDate": "2009-01-27",
            "latestAction": {
                "actionDate": "2009-01-27",
                "text": "Referred to the House Committee on Ways and Means."
            },
            "number": "721",
            "policyArea": {
                "name": "Taxation"
            },
            "title": "To amend the Internal Revenue Code of 1986 to modify the exception from the 10 percent penalty for early withdrawals from governmental plans for qualified public safety employees.",
            "type": "HR",
            "url": "https://api.congress.gov/v3/bill/111/hr/721?format=json"
        },
        {
            "congress": 111,
            "introducedDate": "2009-01-26",
            "latestAction": {
                "actionDate": "2009-01-26",
                "text": "Referred to the House Committee on Ways and Means."
            },
            "number": "691",
            "policyArea": {
                "name": "Taxation"
            },
            "title": "Broadband Access Equality Act of 2009",
            "type": "HR",
            "url": "https://api.congress.gov/v3/bill/111/hr/691?format=json"
        },
        {
            "congress": 111,
            "introducedDate": "2009-01-14",
            "latestAction": {
                "actionDate": "2009-03-16",
                "text": "Referred to the Subcommittee on Crime, Terrorism, and Homeland Security."
            },
            "number": "529",
            "policyArea": {
                "name": "Crime and Law Enforcement"
            },
            "title": "Nationwide Mortgage Fraud Task Force Act of 2009",
            "type": "HR",
            "url": "https://api.congress.gov/v3/bill/111/hr/529?format=json"
        },
        {
            "congress": 111,
            "introducedDate": "2009-01-09",
            "latestAction": {
                "actionDate": "2009-01-09",
                "text": "Referred to the House Committee on Financial Services."
            },
            "number": "421",
            "policyArea": {
                "name": "Finance and Financial Sector"
            },
            "title": "Troubled Assets Relief Program Targeted Assets Act of 2009",
            "type": "HR",
            "url": "https://api.congress.gov/v3/bill/111/hr/421?format=json"
        },
        {
            "congress": 111,
            "introducedDate": "2009-01-09",
            "latestAction": {
                "actionDate": "2009-01-09",
                "text": "Referred to the House Committee on Ways and Means."
            },
            "number": "422",
            "policyArea": {
                "name": "Taxation"
            },
            "title": "To amend the Internal Revenue Code of 1986 to extend the research credit through 2010 and to increase and make permanent the alternative simplified research credit.",
            "type": "HR",
            "url": "https://api.congress.gov/v3/bill/111/hr/422?format=json"
        },
        {
            "congress": 111,
            "introducedDate": "2009-01-07",
            "latestAction": {
                "actionDate": "2009-01-07",
                "text": "Referred to the House Committee on Ways and Means."
            },
            "number": "275",
            "policyArea": {
                "name": "Taxation"
            },
            "title": "To repeal the imposition of 3 percent withholding on certain payments made to vendors by government entities.",
            "type": "HR",
            "url": "https://api.congress.gov/v3/bill/111/hr/275?format=json"
        },
        {
            "congress": 111,
            "introducedDate": "2009-01-07",
            "latestAction": {
                "actionDate": "2009-01-07",
                "text": "Referred to the House Committee on Ways and Means."
            },
            "number": "273",
            "policyArea": {
                "name": "Taxation"
            },
            "title": "To amend the Internal Revenue Code of 1986 to modify the treatment of qualified restaurant property as 15-year property for purposes of the depreciation deduction.",
            "type": "HR",
            "url": "https://api.congress.gov/v3/bill/111/hr/273?format=json"
        },
        {
            "congress": 111,
            "introducedDate": "2009-01-07",
            "latestAction": {
                "actionDate": "2009-01-07",
                "text": "Referred to the House Committee on Ways and Means."
            },
            "number": "272",
            "policyArea": {
                "name": "Taxation"
            },
            "title": "Freight Rail Infrastructure Capacity Expansion Act of 2009",
            "type": "HR",
            "url": "https://api.congress.gov/v3/bill/111/hr/272?format=json"
        },
        {
            "congress": 111,
            "introducedDate": "2010-02-03",
            "latestAction": {
                "actionDate": "2010-02-23",
                "actionTime": "17:06:20",
                "text": "Motion to reconsider laid on the table Agreed to without objection."
            },
            "number": "1066",
            "policyArea": {
                "name": "International Affairs"
            },
            "title": "Recognizing the bravery and efforts of the United States Armed Forces, local first responders, and other members of Operation Unified Response for their swift and coordinated action in light of the devastation wrought upon the nation of Haiti after a horrific 7.0 magnitude earthquake struck Port-Au-Prince and surrounding cities on January 12, 2010.",
            "type": "HRES",
            "url": "https://api.congress.gov/v3/bill/111/hres/1066?format=json"
        },
        {
            "amendmentNumber": "957",
            "congress": 110,
            "introducedDate": "2008-02-26",
            "latestAction": {
                "actionDate": "2008-02-26",
                "actionTime": "14:54:35",
                "text": "On agreeing to the Meek (FL) amendment (A002) Agreed to by recorded vote: 337 - 77 (Roll no. 76). "
            },
            "type": null,
            "url": "https://api.congress.gov/v3/amendment/110/hamdt/957?format=json"
        },
        {
            "congress": 110,
            "introducedDate": "2008-10-03",
            "latestAction": {
                "actionDate": "2008-10-03",
                "text": "Referred to the House Committee on Financial Services."
            },
            "number": "7267",
            "policyArea": {
                "name": "Finance and Financial Sector"
            },
            "title": "Mortgage Credit Repair Act of 2008",
            "type": "HR",
            "url": "https://api.congress.gov/v3/bill/110/hr/7267?format=json"
        },
        {
            "congress": 110,
            "introducedDate": "2008-09-09",
            "latestAction": {
                "actionDate": "2008-09-23",
                "text": "Received in the Senate."
            },
            "number": "6853",
            "policyArea": {
                "name": "Crime and Law Enforcement"
            },
            "title": "Nationwide Mortgage Fraud Coordinator Act of 2008",
            "type": "HR",
            "url": "https://api.congress.gov/v3/bill/110/hr/6853?format=json"
        },
        {
            "congress": 110,
            "introducedDate": "2008-05-22",
            "latestAction": {
                "actionDate": "2008-06-03",
                "text": "Referred to the Subcommittee on Health."
            },
            "number": "6158",
            "policyArea": {
                "name": "Health"
            },
            "title": "To amend title XVIII of the Social Security Act to provide for a geographic adjustment in the Medicare cap on payment for hospice care and to require hospice programs to report comprehensive data on hospice care.",
            "type": "HR",
            "url": "https://api.congress.gov/v3/bill/110/hr/6158?format=json"
        },
        {
            "congress": 110,
            "introducedDate": "2008-05-22",
            "latestAction": {
                "actionDate": "2008-05-22",
                "text": "Referred to the House Committee on Ways and Means."
            },
            "number": "6157",
            "policyArea": {
                "name": "Taxation"
            },
            "title": "To amend the Internal Revenue Code of 1986 to modify the exception from the 10 percent penalty for early withdrawals from governmental plans for qualified public safety employees.",
            "type": "HR",
            "url": "https://api.congress.gov/v3/bill/110/hr/6157?format=json"
        },
        {
            "congress": 110,
            "introducedDate": "2008-04-01",
            "latestAction": {
                "actionDate": "2008-04-16",
                "text": "Referred to the Subcommittee on Trade."
            },
            "number": "5675",
            "policyArea": {
                "name": "Foreign Trade and International Finance"
            },
            "title": "To amend the Harmonized Tariff Schedule of the United States to revise the classification of certain cigars.",
            "type": "HR",
            "url": "https://api.congress.gov/v3/bill/110/hr/5675?format=json"
        },
        {
            "congress": 110,
            "introducedDate": "2008-04-01",
            "latestAction": {
                "actionDate": "2008-04-14",
                "text": "Referred to the Subcommittee on Crime, Terrorism, and Homeland Security."
            },
            "number": "5674",
            "policyArea": {
                "name": "Crime and Law Enforcement"
            },
            "title": "Federal Correctional Workers Safety Act of 2008",
            "type": "HR",
            "url": "https://api.congress.gov/v3/bill/110/hr/5674?format=json"
        },
        {
            "congress": 110,
            "introducedDate": "2008-03-31",
            "latestAction": {
                "actionDate": "2008-03-31",
                "text": "Referred to the House Committee on Ways and Means."
            },
            "number": "5660",
            "policyArea": {
                "name": "Taxation"
            },
            "title": "To amend the Internal Revenue Code of 1986 to allow a nonrefundable credit for mentoring and housing young adults.",
            "type": "HR",
            "url": "https://api.congress.gov/v3/bill/110/hr/5660?format=json"
        },
        {
            "congress": 110,
            "introducedDate": "2008-01-29",
            "latestAction": {
                "actionDate": "2008-04-25",
                "text": "Referred to the Subcommittee on Horticulture and Organic Agriculture."
            },
            "number": "5189",
            "policyArea": {
                "name": "Agriculture and Food"
            },
            "title": "To establish the Orange Juice Promotion and Production Improvements Trust Fund.",
            "type": "HR",
            "url": "https://api.congress.gov/v3/bill/110/hr/5189?format=json"
        },
        {
            "congress": 110,
            "introducedDate": "2007-11-06",
            "latestAction": {
                "actionDate": "2007-12-05",
                "text": "Referred to the Subcommittee on Readiness."
            },
            "number": "4097",
            "policyArea": {
                "name": "Armed Forces and National Security"
            },
            "title": "To amend title 10, United States Code, to prohibit the disposal by the Department of Defense of surplus military items designated as Identification Friend or Foe items, to amend title 18, United States Code, to make it a misdemeanor to possess or traffic in Identification Friend or Foe items, and for other purposes.",
            "type": "HR",
            "url": "https://api.congress.gov/v3/bill/110/hr/4097?format=json"
        },
        {
            "congress": 110,
            "introducedDate": "2007-10-24",
            "latestAction": {
                "actionDate": "2007-10-24",
                "text": "Referred to the House Committee on Ways and Means."
            },
            "number": "3961",
            "policyArea": {
                "name": "Taxation"
            },
            "title": "To amend the Internal Revenue Code of 1986 to provide relief with respect to the children of members of the Armed Forces of the United States who die as a result of service in a combat zone.",
            "type": "HR",
            "url": "https://api.congress.gov/v3/bill/110/hr/3961?format=json"
        },
        {
            "congress": 110,
            "introducedDate": "2007-10-16",
            "latestAction": {
                "actionDate": "2007-12-05",
                "text": "Referred to the Subcommittee on Readiness."
            },
            "number": "3855",
            "policyArea": {
                "name": "Armed Forces and National Security"
            },
            "title": "To amend title 10, United States Code, to prohibit the disposal by the Department of Defense of surplus military items designated as Identification Friend or Foe items, to amend title 18, United States Code, to make it a misdemeanor to possess or traffics in Identification Friend or Foe items, and for other purposes.",
            "type": "HR",
            "url": "https://api.congress.gov/v3/bill/110/hr/3855?format=json"
        },
        {
            "congress": 110,
            "introducedDate": "2007-09-20",
            "latestAction": {
                "actionDate": "2007-09-20",
                "text": "Referred to the House Committee on Ways and Means."
            },
            "number": "3622",
            "policyArea": {
                "name": "Taxation"
            },
            "title": "To amend the Internal Revenue Code of 1986 to modify the treatment of qualified restaurant property as 15-year property for purposes of the depreciation deduction.",
            "type": "HR",
            "url": "https://api.congress.gov/v3/bill/110/hr/3622?format=json"
        },
        {
            "congress": 110,
            "introducedDate": "2007-06-21",
            "latestAction": {
                "actionDate": "2007-06-21",
                "text": "Referred to the House Committee on Ways and Means."
            },
            "number": "2816",
            "policyArea": {
                "name": "Taxation"
            },
            "title": "To amend the Internal Revenue Code of 1986 to modify the application of the tonnage tax on vessels operating in the dual United States domestic and foreign trades, and for other purposes.",
            "type": "HR",
            "url": "https://api.congress.gov/v3/bill/110/hr/2816?format=json"
        },
        {
            "congress": 110,
            "introducedDate": "2007-05-02",
            "latestAction": {
                "actionDate": "2007-05-02",
                "text": "Referred to the House Committee on Ways and Means."
            },
            "number": "2116",
            "policyArea": {
                "name": "Taxation"
            },
            "title": "Freight Rail Infrastructure Capacity Expansion Act of 2007",
            "type": "HR",
            "url": "https://api.congress.gov/v3/bill/110/hr/2116?format=json"
        },
        {
            "congress": 110,
            "introducedDate": "2007-04-18",
            "latestAction": {
                "actionDate": "2007-04-18",
                "text": "Referred to the House Committee on Ways and Means."
            },
            "number": "1924",
            "policyArea": {
                "name": "Taxation"
            },
            "title": "To amend the Internal Revenue Code of 1986 to provide credit rate parity for all renewable resources under the electricity production credit.",
            "type": "HR",
            "url": "https://api.congress.gov/v3/bill/110/hr/1924?format=json"
        },
        {
            "congress": 110,
            "introducedDate": "2007-03-29",
            "latestAction": {
                "actionDate": "2007-04-10",
                "text": "Referred to the Subcommittee on Health."
            },
            "number": "1823",
            "policyArea": {
                "name": "Health"
            },
            "title": "Ambulatory Surgical Center Medicare Payment Modernization Act of 2007",
            "type": "HR",
            "url": "https://api.congress.gov/v3/bill/110/hr/1823?format=json"
        },
        {
            "congress": 110,
            "introducedDate": "2007-02-27",
            "latestAction": {
                "actionDate": "2007-02-28",
                "text": "Referred to the Subcommittee on Health."
            },
            "number": "1192",
            "policyArea": {
                "name": "Health"
            },
            "title": "Lupus Research, Education, Awareness, Communication, and Healthcare Amendments of 2007",
            "type": "HR",
            "url": "https://api.congress.gov/v3/bill/110/hr/1192?format=json"
        },
        {
            "congress": 110,
            "introducedDate": "2007-02-15",
            "latestAction": {
                "actionDate": "2007-02-27",
                "text": "Referred to the Subcommittee on Health."
            },
            "number": "1093",
            "policyArea": {
                "name": "Health"
            },
            "title": "Resident Physician Shortage Reduction Act of 2007",
            "type": "HR",
            "url": "https://api.congress.gov/v3/bill/110/hr/1093?format=json"
        },
        {
            "congress": 110,
            "introducedDate": "2007-02-13",
            "latestAction": {
                "actionDate": "2007-02-13",
                "text": "Referred to the House Committee on Ways and Means."
            },
            "number": "1023",
            "policyArea": {
                "name": "Taxation"
            },
            "title": "To repeal the imposition of withholding on certain payments made to vendors by government entities.",
            "type": "HR",
            "url": "https://api.congress.gov/v3/bill/110/hr/1023?format=json"
        },
        {
            "congress": 110,
            "introducedDate": "2007-01-17",
            "latestAction": {
                "actionDate": "2007-01-17",
                "text": "Referred to the House Committee on Financial Services."
            },
            "number": "537",
            "policyArea": {
                "name": "Finance and Financial Sector"
            },
            "title": "Commission on Catastrophic Disaster Risk and Insurance Act of 2007",
            "type": "HR",
            "url": "https://api.congress.gov/v3/bill/110/hr/537?format=json"
        },
        {
            "congress": 110,
            "introducedDate": "2007-01-12",
            "latestAction": {
                "actionDate": "2007-02-02",
                "text": "Referred to the Subcommittee on Immigration, Citizenship, Refugees, Border Security, and International Law."
            },
            "number": "454",
            "policyArea": {
                "name": "Immigration"
            },
            "title": "HRIFA Improvement Act of 2007",
            "type": "HR",
            "url": "https://api.congress.gov/v3/bill/110/hr/454?format=json"
        },
        {
            "congress": 110,
            "introducedDate": "2007-12-19",
            "latestAction": {
                "actionDate": "2008-02-12",
                "actionTime": "19:03:41",
                "text": "Motion to reconsider laid on the table Agreed to without objection."
            },
            "number": "909",
            "policyArea": {
                "name": "International Affairs"
            },
            "title": "Commemorating the courage of the Haitian soldiers that fought for American independence in the \"Siege of Savannah\" and for Haiti's independence and renunciation of slavery.",
            "type": "HRES",
            "url": "https://api.congress.gov/v3/bill/110/hres/909?format=json"
        },
        {
            "congress": 110,
            "introducedDate": "2007-02-06",
            "latestAction": {
                "actionDate": "2007-02-07",
                "actionTime": "14:59:48",
                "text": "Motion to reconsider laid on the table Agreed to without objection."
            },
            "number": "131",
            "policyArea": {
                "name": "Commemorations"
            },
            "title": "Recognizing and honoring the lifetime contributions of Rafael Jose Diaz-Balart on the dedication of the Rafael Diaz-Balart Hall at the Florida International University College of Law.",
            "type": "HRES",
            "url": "https://api.congress.gov/v3/bill/110/hres/131?format=json"
        },
        {
            "amendmentNumber": "536",
            "congress": 108,
            "introducedDate": "2004-05-19",
            "latestAction": {
                "actionDate": "2004-05-19",
                "actionTime": "21:07:11",
                "text": "On agreeing to the Meek (FL) amendment (A005) Agreed to by voice vote. "
            },
            "type": null,
            "url": "https://api.congress.gov/v3/amendment/108/hamdt/536?format=json"
        },
        {
            "congress": 108,
            "introducedDate": "2004-05-20",
            "latestAction": {
                "actionDate": "2004-06-09",
                "text": "Referred to the Subcommittee on Technology, Information Policy, Intergovernmental Relations and the Census."
            },
            "number": "4414",
            "policyArea": {
                "name": "Government Operations and Politics"
            },
            "title": "SHIELD Privacy Act",
            "type": "HR",
            "url": "https://api.congress.gov/v3/bill/108/hr/4414?format=json"
        },
        {
            "congress": 108,
            "introducedDate": "2003-12-08",
            "latestAction": {
                "actionDate": "2004-01-30",
                "text": "Referred to the Subcommittee on Education Reform."
            },
            "number": "3685",
            "policyArea": {
                "name": "Education"
            },
            "title": "High-Quality Education Act of 2003",
            "type": "HR",
            "url": "https://api.congress.gov/v3/bill/108/hr/3685?format=json"
        },
        {
            "congress": 108,
            "introducedDate": "2003-10-02",
            "latestAction": {
                "actionDate": "2003-10-22",
                "text": "Referred to the Subcommittee on Immigration, Border Security, and Claims."
            },
            "number": "3238",
            "policyArea": {
                "name": "Immigration"
            },
            "title": "HRIFA Improvement Act of 2003",
            "type": "HR",
            "url": "https://api.congress.gov/v3/bill/108/hr/3238?format=json"
        },
        {
            "congress": 108,
            "introducedDate": "2003-06-19",
            "latestAction": {
                "actionDate": "2004-03-25",
                "text": "Placed on the House Calendar, Calendar No. 159."
            },
            "number": "2538",
            "policyArea": {
                "name": "Commemorations"
            },
            "title": "To designate the United States courthouse located at 400 North Miami Avenue in Miami, Florida, as the \"Wilkie D. Ferguson, Jr. United States Courthouse\".",
            "type": "HR",
            "url": "https://api.congress.gov/v3/bill/108/hr/2538?format=json"
        },
        {
            "congress": 108,
            "introducedDate": "2003-05-22",
            "latestAction": {
                "actionDate": "2003-06-02",
                "text": "Referred to the Subcommittee on Telecommunications and the Internet."
            },
            "number": "2250",
            "policyArea": {
                "name": "Emergency Management"
            },
            "title": "To amend the Homeland Security Act of 2002 to direct the Secretary of Homeland Security to develop and implement the READICall emergency alert system.",
            "type": "HR",
            "url": "https://api.congress.gov/v3/bill/108/hr/2250?format=json"
        },
        {
            "congress": 108,
            "introducedDate": "2003-05-15",
            "latestAction": {
                "actionDate": "2003-06-25",
                "text": "Referred to the Subcommittee on Immigration, Border Security, and Claims."
            },
            "number": "2137",
            "policyArea": {
                "name": "Immigration"
            },
            "title": "Immigrant Children Protection Act of 2003",
            "type": "HR",
            "url": "https://api.congress.gov/v3/bill/108/hr/2137?format=json"
        },
        {
            "congress": 108,
            "introducedDate": "2003-03-19",
            "latestAction": {
                "actionDate": "2003-03-21",
                "text": "Executive Comment Requested from Interior."
            },
            "number": "1361",
            "policyArea": {
                "name": "Public Lands and Natural Resources"
            },
            "title": "To direct the Secretary of the Interior to conduct a special resource study to determine the national significance of the Miami Circle site in the State of Florida as well as the suitability and feasibility of its inclusion in the National Park System as part of Biscayne National Park, and for other purposes.",
            "type": "HR",
            "url": "https://api.congress.gov/v3/bill/108/hr/1361?format=json"
        },
        {
            "congress": 108,
            "introducedDate": "2004-02-26",
            "latestAction": {
                "actionDate": "2004-04-02",
                "text": "Referred to the Subcommittee on the Constitution."
            },
            "number": "542",
            "policyArea": {
                "name": "Immigration"
            },
            "title": "Expressing the sense of the House of Representatives that the Secretary of Homeland Security should designate Haiti under section 244 of the Immigration and Nationality Act in order to make nationals of Haiti eligible for temporary protected status under such section.",
            "type": "HRES",
            "url": "https://api.congress.gov/v3/bill/108/hres/542?format=json"
        },
        {
            "congress": 108,
            "introducedDate": "2003-10-28",
            "latestAction": {
                "actionDate": "2003-10-29",
                "actionTime": "15:29:29",
                "text": "Motion to reconsider laid on the table Agreed to without objection."
            },
            "number": "415",
            "policyArea": {
                "name": "Commemorations"
            },
            "title": "Congratulating the Florida Marlins for winning the 2003 World Series.",
            "type": "HRES",
            "url": "https://api.congress.gov/v3/bill/108/hres/415?format=json"
        },
        {
            "congress": 108,
            "introducedDate": "2003-05-19",
            "latestAction": {
                "actionDate": "2003-06-02",
                "text": "Referred to the Subcommittee on Civil Service and Agency Organization."
            },
            "number": "241",
            "policyArea": {
                "name": "Commemorations"
            },
            "title": "Expressing the sense of the House of Representatives that there should be established a \"Haitian-American Heritage Month\".",
            "type": "HRES",
            "url": "https://api.congress.gov/v3/bill/108/hres/241?format=json"
        }
    ]
}