{
    "pagination": {
        "count": 47
    },
    "request": {
        "bioguideId": "r000598",
        "contentType": "application/json",
        "format": "json"
    },
    "sponsoredLegislation": [
        {
            "amendmentNumber": "626",
            "congress": 113,
            "introducedDate": "2014-04-30",
            "latestAction": {
                "actionDate": "2014-04-30",
                "actionTime": "17:01:37",
                "text": "On agreeing to the Rothfus amendment (A009) Agreed to by voice vote. "
            },
            "type": null,
            "url": "https://api.congress.gov/v3/amendment/113/hamdt/626?format=json"
        },
        {
            "amendmentNumber": "561",
            "congress": 113,
            "introducedDate": "2014-02-26",
            "latestAction": {
                "actionDate": "2014-02-27",
                "actionTime": "13:47:28",
                "text": "On agreeing to the Rothfus amendment (A003) Agreed to by recorded vote: 249 - 162 (Roll no. 71). (consideration: CR H2021-2022)"
            },
            "type": null,
            "url": "https://api.congress.gov/v3/amendment/113/hamdt/561?format=json"
        },
        {
            "amendmentNumber": "88",
            "congress": 113,
            "introducedDate": "2013-06-04",
            "latestAction": {
                "actionDate": "2013-06-04",
                "actionTime": "17:58:26",
                "text": "On agreeing to the Rothfus amendment (A012) Agreed to by voice vote. "
            },
            "type": null,
            "url": "https://api.congress.gov/v3/amendment/113/hamdt/88?format=json"
        },
        {
            "congress": 113,
            "introducedDate": "2014-03-14",
            "latestAction": {
                "actionDate": "2014-03-14",
                "text": "Referred to the House Committee on Financial Services."
            },
            "number": "4252",
            "policyArea": {
                "name": "Finance and Financial Sector"
            },
            "title": "Mutual Bank Choice and Continuity Act of 2014",
            "type": "HR",
            "url": "https://api.congress.gov/v3/bill/113/hr/4252?format=json"
        },
        {
            "congress": 113,
            "introducedDate": "2014-02-11",
            "latestAction": {
                "actionDate": "2014-02-11",
                "text": "Referred to the Committee on Ways and Means, and in addition to the Committee on House Administration, for a period to be subsequently determined by the Speaker, in each case for consideration of such provisions as fall within the jurisdiction of the committee concerned."
            },
            "number": "4043",
            "policyArea": {
                "name": "Economics and Public Finance"
            },
            "title": "Getting Government to Work Act of 2014",
            "type": "HR",
            "url": "https://api.congress.gov/v3/bill/113/hr/4043?format=json"
        },
        {
            "congress": 113,
            "introducedDate": "2014-01-15",
            "latestAction": {
                "actionDate": "2014-01-15",
                "text": "Referred to the House Committee on House Administration."
            },
            "number": "3887",
            "policyArea": {
                "name": "Economics and Public Finance"
            },
            "title": "Congressional Pay for Performance Act of 2014",
            "type": "HR",
            "url": "https://api.congress.gov/v3/bill/113/hr/3887?format=json"
        },
        {
            "congress": 113,
            "introducedDate": "2013-10-28",
            "latestAction": {
                "actionDate": "2013-10-29",
                "text": "Referred to the Subcommittee on Economic Development, Public Buildings and Emergency Management."
            },
            "number": "3347",
            "policyArea": {
                "name": "Emergency Management"
            },
            "title": "DATA Act of 2013",
            "type": "HR",
            "url": "https://api.congress.gov/v3/bill/113/hr/3347?format=json"
        },
        {
            "congress": 113,
            "introducedDate": "2013-09-19",
            "latestAction": {
                "actionDate": "2013-09-20",
                "text": "Referred to the Subcommittee on Energy and Power."
            },
            "number": "3138",
            "policyArea": {
                "name": "Environmental Protection"
            },
            "title": "Satisfying Energy Needs and Saving the Environment Act of 2013",
            "type": "HR",
            "url": "https://api.congress.gov/v3/bill/113/hr/3138?format=json"
        },
        {
            "congress": 113,
            "introducedDate": "2013-06-20",
            "latestAction": {
                "actionDate": "2013-07-23",
                "text": "Referred to the Subcommittee on Health."
            },
            "number": "2453",
            "policyArea": {
                "name": "Health"
            },
            "title": "Medicare Beneficiary Preservation of Choice Act of 2013",
            "type": "HR",
            "url": "https://api.congress.gov/v3/bill/113/hr/2453?format=json"
        },
        {
            "congress": 115,
            "introducedDate": "2018-09-25",
            "latestAction": {
                "actionDate": "2018-09-25",
                "text": "Referred to the House Committee on Financial Services."
            },
            "number": "6892",
            "policyArea": {
                "name": "Housing and Community Development"
            },
            "title": "To streamline requirements for currency transaction reports and suspicious activity reports, and for other purposes.",
            "type": "HR",
            "url": "https://api.congress.gov/v3/bill/115/hr/6892?format=json"
        },
        {
            "amendmentNumber": "948",
            "congress": 115,
            "introducedDate": "2018-07-18",
            "latestAction": {
                "actionDate": "2018-07-18",
                "actionTime": "22:50:17",
                "text": "On agreeing to the Rothfus amendment (A079) Agreed to by recorded vote: 231 - 184 (Roll no. 361). "
            },
            "type": null,
            "url": "https://api.congress.gov/v3/amendment/115/hamdt/948?format=json"
        },
        {
            "congress": 115,
            "introducedDate": "2018-06-15",
            "latestAction": {
                "actionDate": "2018-12-12",
                "text": "Placed on the Union Calendar, Calendar No. 835."
            },
            "number": "6130",
            "policyArea": {
                "name": "Finance and Financial Sector"
            },
            "title": "Helping Startups Continue to Grow Act",
            "type": "HR",
            "url": "https://api.congress.gov/v3/bill/115/hr/6130?format=json"
        },
        {
            "congress": 115,
            "introducedDate": "2018-06-07",
            "latestAction": {
                "actionDate": "2018-06-14",
                "text": "Received in the Senate and Read twice and referred to the Committee on the Judiciary."
            },
            "number": "6029",
            "policyArea": {
                "name": "Crime and Law Enforcement"
            },
            "title": "REGROUP Act of 2018",
            "type": "HR",
            "url": "https://api.congress.gov/v3/bill/115/hr/6029?format=json"
        },
        {
            "congress": 115,
            "introducedDate": "2018-05-25",
            "latestAction": {
                "actionDate": "2018-05-25",
                "text": "Referred to the House Committee on Oversight and Government Reform."
            },
            "number": "5980",
            "policyArea": {
                "name": "Health"
            },
            "title": "CODE RED Act",
            "type": "HR",
            "url": "https://api.congress.gov/v3/bill/115/hr/5980?format=json"
        },
        {
            "congress": 115,
            "introducedDate": "2018-05-10",
            "latestAction": {
                "actionDate": "2018-05-30",
                "text": "Referred to the Subcommittee on Health."
            },
            "number": "5769",
            "policyArea": {
                "name": "Health"
            },
            "title": "Expanding Access to Treatment Act",
            "type": "HR",
            "url": "https://api.congress.gov/v3/bill/115/hr/5769?format=json"
        },
        {
            "congress": 115,
            "introducedDate": "2018-02-15",
            "latestAction": {
                "actionDate": "2018-09-17",
                "text": "Received in the Senate and Read twice and referred to the Committee on Banking, Housing, and Urban Affairs."
            },
            "number": "5059",
            "policyArea": {
                "name": "Finance and Financial Sector"
            },
            "title": "State Insurance Regulation Preservation Act",
            "type": "HR",
            "url": "https://api.congress.gov/v3/bill/115/hr/5059?format=json"
        },
        {
            "congress": 115,
            "introducedDate": "2017-11-01",
            "latestAction": {
                "actionDate": "2017-11-01",
                "text": "Referred to the House Committee on Financial Services."
            },
            "number": "4205",
            "policyArea": {
                "name": "Finance and Financial Sector"
            },
            "title": "Financial Institution Examination Responsiveness Act",
            "type": "HR",
            "url": "https://api.congress.gov/v3/bill/115/hr/4205?format=json"
        },
        {
            "congress": 115,
            "introducedDate": "2017-10-10",
            "latestAction": {
                "actionDate": "2018-06-06",
                "text": "Received in the Senate and Read twice and referred to the Committee on Energy and Natural Resources."
            },
            "number": "3997",
            "policyArea": {
                "name": "Public Lands and Natural Resources"
            },
            "title": "Free Veterans from Fees Act",
            "type": "HR",
            "url": "https://api.congress.gov/v3/bill/115/hr/3997?format=json"
        },
        {
            "amendmentNumber": "321",
            "congress": 115,
            "introducedDate": "2017-09-07",
            "latestAction": {
                "actionDate": "2017-09-07",
                "actionTime": "21:03:16",
                "text": "On agreeing to the Rothfus amendment (A049) Failed by recorded vote: 163 - 248 (Roll no. 467). "
            },
            "type": null,
            "url": "https://api.congress.gov/v3/amendment/115/hamdt/321?format=json"
        },
        {
            "congress": 115,
            "introducedDate": "2017-07-28",
            "latestAction": {
                "actionDate": "2017-09-06",
                "text": "Referred to the Subcommittee on Crime, Terrorism, Homeland Security, and Investigations."
            },
            "number": "3526",
            "policyArea": {
                "name": "Crime and Law Enforcement"
            },
            "title": "Border Protection Fund Act",
            "type": "HR",
            "url": "https://api.congress.gov/v3/bill/115/hr/3526?format=json"
        },
        {
            "congress": 115,
            "introducedDate": "2017-07-20",
            "latestAction": {
                "actionDate": "2017-11-01",
                "text": "Became Public Law No: 115-74."
            },
            "number": "111",
            "policyArea": {
                "name": "Finance and Financial Sector"
            },
            "title": "Joint resolution providing for congressional disapproval under chapter 8 of title 5, United States Code, of the rule submitted by Bureau of Consumer Financial Protection relating to \"Arbitration Agreements\"",
            "type": "HJRES",
            "url": "https://api.congress.gov/v3/bill/115/hjres/111?format=json"
        },
        {
            "congress": 115,
            "introducedDate": "2017-05-16",
            "latestAction": {
                "actionDate": "2017-05-19",
                "text": "Referred to the Subcommittee on Environment."
            },
            "number": "2438",
            "policyArea": {
                "name": "Environmental Protection"
            },
            "title": "Fighting Against Imbalanced Regulatory Burdens Act of 2017",
            "type": "HR",
            "url": "https://api.congress.gov/v3/bill/115/hr/2438?format=json"
        },
        {
            "congress": 115,
            "introducedDate": "2017-05-03",
            "latestAction": {
                "actionDate": "2018-08-24",
                "text": "Placed on the Union Calendar, Calendar No. 699."
            },
            "number": "2319",
            "policyArea": {
                "name": "Finance and Financial Sector"
            },
            "title": "Consumer Financial Choice and Capital Markets Protection Act of 2018",
            "type": "HR",
            "url": "https://api.congress.gov/v3/bill/115/hr/2319?format=json"
        },
        {
            "congress": 115,
            "introducedDate": "2017-04-26",
            "latestAction": {
                "actionDate": "2017-04-26",
                "text": "Referred to the House Committee on House Administration."
            },
            "number": "2153",
            "policyArea": {
                "name": "Congress"
            },
            "title": "Congressional Pay for Performance Act of 2017",
            "type": "HR",
            "url": "https://api.congress.gov/v3/bill/115/hr/2153?format=json"
        },
        {
            "congress": 115,
            "introducedDate": "2017-04-25",
            "latestAction": {
                "actionDate": "2018-04-26",
                "text": "Placed on the Union Calendar, Calendar No. 504."
            },
            "number": "2121",
            "policyArea": {
                "name": "Finance and Financial Sector"
            },
            "title": "Pension, Endowment, and Mutual Fund Access to Banking Act",
            "type": "HR",
            "url": "https://api.congress.gov/v3/bill/115/hr/2121?format=json"
        },
        {
            "congress": 115,
            "introducedDate": "2017-03-17",
            "latestAction": {
                "actionDate": "2017-03-17",
                "text": "Referred to the House Committee on Financial Services."
            },
            "number": "1595",
            "policyArea": {
                "name": "Finance and Financial Sector"
            },
            "title": "Mutual Bank Capital Opportunity Act of 2017",
            "type": "HR",
            "url": "https://api.congress.gov/v3/bill/115/hr/1595?format=json"
        },
        {
            "congress": 115,
            "introducedDate": "2017-03-08",
            "latestAction": {
                "actionDate": "2018-01-30",
                "text": "Received in the Senate and Read twice and referred to the Committee on Banking, Housing, and Urban Affairs."
            },
            "number": "1426",
            "policyArea": {
                "name": "Finance and Financial Sector"
            },
            "title": "Federal Savings Association Charter Flexibility Act of 2017",
            "type": "HR",
            "url": "https://api.congress.gov/v3/bill/115/hr/1426?format=json"
        },
        {
            "congress": 115,
            "introducedDate": "2017-02-16",
            "latestAction": {
                "actionDate": "2018-03-08",
                "text": "Received in the Senate and Read twice and referred to the Committee on Environment and Public Works."
            },
            "number": "1119",
            "policyArea": {
                "name": "Environmental Protection"
            },
            "title": "Satisfying Energy Needs and Saving the Environment Act",
            "type": "HR",
            "url": "https://api.congress.gov/v3/bill/115/hr/1119?format=json"
        },
        {
            "congress": 115,
            "introducedDate": "2017-02-07",
            "latestAction": {
                "actionDate": "2017-07-12",
                "text": "Hearings Held by the Subcommittee on Financial Institutions and Consumer Credit Prior to Referral."
            },
            "number": "924",
            "policyArea": {
                "name": "Finance and Financial Sector"
            },
            "title": "Financial Institutions Due Process Act of 2017",
            "type": "HR",
            "url": "https://api.congress.gov/v3/bill/115/hr/924?format=json"
        },
        {
            "amendmentNumber": "1004",
            "congress": 114,
            "introducedDate": "2016-05-12",
            "latestAction": {
                "actionDate": "2016-05-12",
                "actionTime": "14:26:49",
                "text": "On agreeing to the Rothfus amendment (A007) Agreed to by voice vote. "
            },
            "type": null,
            "url": "https://api.congress.gov/v3/amendment/114/hamdt/1004?format=json"
        },
        {
            "amendmentNumber": "993",
            "congress": 114,
            "introducedDate": "2016-05-11",
            "latestAction": {
                "actionDate": "2016-05-11",
                "actionTime": "15:02:23",
                "text": "On agreeing to the Rothfus amendment (A011) Agreed to by voice vote. "
            },
            "type": null,
            "url": "https://api.congress.gov/v3/amendment/114/hamdt/993?format=json"
        },
        {
            "congress": 114,
            "introducedDate": "2016-03-23",
            "latestAction": {
                "actionDate": "2016-04-05",
                "text": "Referred to the Subcommittee on Military Personnel."
            },
            "number": "4841",
            "policyArea": {
                "name": "Health"
            },
            "title": "Co-Prescribing Saves Lives Act of 2016",
            "type": "HR",
            "url": "https://api.congress.gov/v3/bill/114/hr/4841?format=json"
        },
        {
            "congress": 114,
            "introducedDate": "2015-10-22",
            "latestAction": {
                "actionDate": "2016-03-16",
                "text": "Received in the Senate and Read twice and referred to the Committee on Environment and Public Works."
            },
            "number": "3797",
            "policyArea": {
                "name": "Environmental Protection"
            },
            "title": "Satisfying Energy Needs and Saving the Environment",
            "type": "HR",
            "url": "https://api.congress.gov/v3/bill/114/hr/3797?format=json"
        },
        {
            "congress": 114,
            "introducedDate": "2015-12-17",
            "latestAction": {
                "actionDate": "2015-12-17",
                "text": "Referred to the House Committee on Ways and Means."
            },
            "number": "4281",
            "policyArea": {
                "name": "Taxation"
            },
            "title": "Charitable Giving Privacy Protection Act",
            "type": "HR",
            "url": "https://api.congress.gov/v3/bill/114/hr/4281?format=json"
        },
        {
            "amendmentNumber": "812",
            "congress": 114,
            "introducedDate": "2015-11-04",
            "latestAction": {
                "actionDate": "2015-11-04",
                "actionTime": "23:08:19",
                "text": "On agreeing to the Rothfus amendment (A079) Failed by recorded vote: 115 - 313 (Roll no. 613). "
            },
            "type": null,
            "url": "https://api.congress.gov/v3/amendment/114/hamdt/812?format=json"
        },
        {
            "amendmentNumber": "772",
            "congress": 114,
            "introducedDate": "2015-11-03",
            "latestAction": {
                "actionDate": "2015-11-04",
                "actionTime": "13:57:50",
                "text": "On agreeing to the Rothfus amendment (A039) Agreed to by voice vote. (consideration: CR H7650)"
            },
            "type": null,
            "url": "https://api.congress.gov/v3/amendment/114/hamdt/772?format=json"
        },
        {
            "congress": 114,
            "introducedDate": "2015-12-03",
            "latestAction": {
                "actionDate": "2015-12-04",
                "text": "Referred to the Subcommittee on Energy and Power."
            },
            "number": "4169",
            "policyArea": {
                "name": "Environmental Protection"
            },
            "title": "Fighting Against Imbalanced Regulatory Burdens Act of 2015",
            "type": "HR",
            "url": "https://api.congress.gov/v3/bill/114/hr/4169?format=json"
        },
        {
            "amendmentNumber": "617",
            "congress": 114,
            "introducedDate": "2015-07-07",
            "latestAction": {
                "actionDate": "2015-07-07",
                "actionTime": "22:32:57",
                "text": "On agreeing to the Rothfus amendment (A087) Agreed to by voice vote. "
            },
            "type": null,
            "url": "https://api.congress.gov/v3/amendment/114/hamdt/617?format=json"
        },
        {
            "amendmentNumber": "470",
            "congress": 114,
            "introducedDate": "2015-06-10",
            "latestAction": {
                "actionDate": "2015-06-10",
                "actionTime": "21:36:30",
                "text": "On agreeing to the Rothfus amendment (A030) Failed by voice vote. "
            },
            "type": null,
            "url": "https://api.congress.gov/v3/amendment/114/hamdt/470?format=json"
        },
        {
            "amendmentNumber": "199",
            "congress": 114,
            "introducedDate": "2015-05-01",
            "latestAction": {
                "actionDate": "2015-05-01",
                "actionTime": "09:58:26",
                "text": "On agreeing to the Rothfus amendment (A049) Agreed to by recorded vote: 232 - 172 (Roll no. 208). (consideration: CR H2777)"
            },
            "type": null,
            "url": "https://api.congress.gov/v3/amendment/114/hamdt/199?format=json"
        },
        {
            "amendmentNumber": "133",
            "congress": 114,
            "introducedDate": "2015-04-29",
            "latestAction": {
                "actionDate": "2015-04-29",
                "actionTime": "18:43:10",
                "text": "On agreeing to the Rothfus amendment (A026) Agreed to by voice vote. "
            },
            "type": null,
            "url": "https://api.congress.gov/v3/amendment/114/hamdt/133?format=json"
        },
        {
            "congress": 114,
            "introducedDate": "2015-05-01",
            "latestAction": {
                "actionDate": "2015-08-13",
                "text": "Referred to the Subcommittee on Tactical Air and Land Forces."
            },
            "number": "2195",
            "policyArea": {
                "name": "Armed Forces and National Security"
            },
            "title": "Preserving National Guard Combat Readiness Act of 2015",
            "type": "HR",
            "url": "https://api.congress.gov/v3/bill/114/hr/2195?format=json"
        },
        {
            "congress": 114,
            "introducedDate": "2015-03-26",
            "latestAction": {
                "actionDate": "2015-03-26",
                "text": "Referred to the House Committee on Financial Services."
            },
            "number": "1661",
            "policyArea": {
                "name": "Finance and Financial Sector"
            },
            "title": "Mutual Bank Capital Opportunity Act of 2015",
            "type": "HR",
            "url": "https://api.congress.gov/v3/bill/114/hr/1661?format=json"
        },
        {
            "congress": 114,
            "introducedDate": "2015-02-03",
            "latestAction": {
                "actionDate": "2015-02-03",
                "text": "Referred to the House Committee on House Administration."
            },
            "number": "673",
            "policyArea": {
                "name": "Congress"
            },
            "title": "Congressional Pay for Performance Act of 2015",
            "type": "HR",
            "url": "https://api.congress.gov/v3/bill/114/hr/673?format=json"
        },
        {
            "congress": 114,
            "introducedDate": "2015-05-21",
            "latestAction": {
                "actionDate": "2015-06-01",
                "text": "Referred to the Subcommittee on Health."
            },
            "number": "2488",
            "policyArea": {
                "name": "Health"
            },
            "title": "Medicare Beneficiary Preservation of Choice Act of 2015",
            "type": "HR",
            "url": "https://api.congress.gov/v3/bill/114/hr/2488?format=json"
        },
        {
            "congress": 114,
            "introducedDate": "2015-03-26",
            "latestAction": {
                "actionDate": "2016-12-12",
                "text": "Placed on the Union Calendar, Calendar No. 683."
            },
            "number": "1660",
            "policyArea": {
                "name": "Finance and Financial Sector"
            },
            "title": "Federal Savings Association Charter Flexibility Act of 2015",
            "type": "HR",
            "url": "https://api.congress.gov/v3/bill/114/hr/1660?format=json"
        },
        {
            "congress": 114,
            "introducedDate": "2015-01-28",
            "latestAction": {
                "actionDate": "2015-01-30",
                "text": "Referred to the Subcommittee on Health."
            },
            "number": "588",
            "policyArea": {
                "name": "Health"
            },
            "title": "Medicare Beneficiary Preservation of Choice Act of 2015",
            "type": "HR",
            "url": "https://api.congress.gov/v3/bill/114/hr/588?format=json"
        }
    ]
}