{
    "pagination": {
        "count": 150
    },
    "request": {
        "bioguideId": "w000822",
        "contentType": "application/json",
        "format": "json"
    },
    "sponsoredLegislation": [
        {
            "congress": 118,
            "introducedDate": "2024-06-28",
            "latestAction": {
                "actionDate": "2024-06-28",
                "text": "Referred to the House Committee on Education and the Workforce."
            },
            "number": "8911",
            "policyArea": {
                "name": null
            },
            "title": "To amend the Fair Labor Standards Act of 1938 to require employers to allow employees to take meal, rest, restroom, and medical breaks, and for other purposes.",
            "type": "HR",
            "url": "https://api.congress.gov/v3/bill/118/hr/8911?format=json"
        },
        {
            "congress": 118,
            "introducedDate": "2024-06-13",
            "latestAction": {
                "actionDate": "2024-06-14",
                "text": "Referred to the Subcommittee on Economic Development, Public Buildings, and Emergency Management."
            },
            "number": "8748",
            "policyArea": {
                "name": null
            },
            "title": "Capitol Dog Relief Act",
            "type": "HR",
            "url": "https://api.congress.gov/v3/bill/118/hr/8748?format=json"
        },
        {
            "congress": 118,
            "introducedDate": "2024-06-12",
            "latestAction": {
                "actionDate": "2024-06-12",
                "text": "Referred to the House Committee on Financial Services."
            },
            "number": "8722",
            "policyArea": {
                "name": null
            },
            "title": "To amend the United States Housing Act of 1937 to provide housing assistance for youth and young adults who are unstably housed.",
            "type": "HR",
            "url": "https://api.congress.gov/v3/bill/118/hr/8722?format=json"
        },
        {
            "congress": 118,
            "introducedDate": "2024-06-03",
            "latestAction": {
                "actionDate": "2024-06-03",
                "text": "Referred to the Committee on Ways and Means, and in addition to the Committee on Education and the Workforce, for a period to be subsequently determined by the Speaker, in each case for consideration of such provisions as fall within the jurisdiction of the committee concerned."
            },
            "number": "8602",
            "policyArea": {
                "name": null
            },
            "title": "WPA Act",
            "type": "HR",
            "url": "https://api.congress.gov/v3/bill/118/hr/8602?format=json"
        },
        {
            "congress": 118,
            "introducedDate": "2024-04-30",
            "latestAction": {
                "actionDate": "2024-04-30",
                "text": "Referred to the Committee on the Judiciary, and in addition to the Committee on Education and the Workforce, for a period to be subsequently determined by the Speaker, in each case for consideration of such provisions as fall within the jurisdiction of the committee concerned."
            },
            "number": "8191",
            "policyArea": {
                "name": null
            },
            "title": "CROWN Act of 2024",
            "type": "HR",
            "url": "https://api.congress.gov/v3/bill/118/hr/8191?format=json"
        },
        {
            "congress": 118,
            "introducedDate": "2024-04-15",
            "latestAction": {
                "actionDate": "2024-04-15",
                "text": "Referred to the House Committee on Ways and Means."
            },
            "number": "8013",
            "policyArea": {
                "name": "Taxation"
            },
            "title": "Gig Is Up Act",
            "type": "HR",
            "url": "https://api.congress.gov/v3/bill/118/hr/8013?format=json"
        },
        {
            "congress": 118,
            "introducedDate": "2024-01-17",
            "latestAction": {
                "actionDate": "2024-01-17",
                "text": "Referred to the House Committee on Oversight and Accountability."
            },
            "number": "971",
            "policyArea": {
                "name": "Social Welfare"
            },
            "title": "Commemorating the 60th anniversary of the War on Poverty and acknowledging its shortcomings.",
            "type": "HRES",
            "url": "https://api.congress.gov/v3/bill/118/hres/971?format=json"
        },
        {
            "congress": 118,
            "introducedDate": "2023-12-12",
            "latestAction": {
                "actionDate": "2023-12-12",
                "text": "Referred to the House Committee on the Judiciary."
            },
            "number": "929",
            "policyArea": {
                "name": "Civil Rights and Liberties, Minority Issues"
            },
            "title": "Condemning all forms of hate.",
            "type": "HRES",
            "url": "https://api.congress.gov/v3/bill/118/hres/929?format=json"
        },
        {
            "congress": 118,
            "introducedDate": "2023-12-11",
            "latestAction": {
                "actionDate": "2023-12-15",
                "text": "Referred to the Subcommittee on Health."
            },
            "number": "6716",
            "policyArea": {
                "name": "Health"
            },
            "title": "Healthy MOM Act",
            "type": "HR",
            "url": "https://api.congress.gov/v3/bill/118/hr/6716?format=json"
        },
        {
            "congress": 118,
            "introducedDate": "2023-11-13",
            "latestAction": {
                "actionDate": "2023-11-20",
                "text": "Referred to the Subcommittee on Economic Development, Public Buildings, and Emergency Management."
            },
            "number": "6394",
            "policyArea": {
                "name": "Congress"
            },
            "title": "Semiquincentennial Congressional Time Capsule Act",
            "type": "HR",
            "url": "https://api.congress.gov/v3/bill/118/hr/6394?format=json"
        },
        {
            "congress": 118,
            "introducedDate": "2023-10-17",
            "latestAction": {
                "actionDate": "2023-11-03",
                "text": "Referred to the Subcommittee on Health."
            },
            "number": "5976",
            "policyArea": {
                "name": "Health"
            },
            "title": "Youth Mental Health Research Act",
            "type": "HR",
            "url": "https://api.congress.gov/v3/bill/118/hr/5976?format=json"
        },
        {
            "congress": 118,
            "introducedDate": "2023-09-27",
            "latestAction": {
                "actionDate": "2023-09-27",
                "text": "Referred to the House Committee on Ways and Means."
            },
            "number": "5776",
            "policyArea": {
                "name": "Taxation"
            },
            "title": "Guaranteed Income Pilot Program Act of 2023",
            "type": "HR",
            "url": "https://api.congress.gov/v3/bill/118/hr/5776?format=json"
        },
        {
            "congress": 118,
            "introducedDate": "2023-09-12",
            "latestAction": {
                "actionDate": "2023-09-12",
                "text": "Referred to the House Committee on Ways and Means."
            },
            "number": "5421",
            "policyArea": {
                "name": "Taxation"
            },
            "title": "EITC Modernization Act",
            "type": "HR",
            "url": "https://api.congress.gov/v3/bill/118/hr/5421?format=json"
        },
        {
            "congress": 118,
            "introducedDate": "2023-09-12",
            "latestAction": {
                "actionDate": "2023-09-12",
                "text": "Referred to the House Committee on Education and the Workforce."
            },
            "number": "5420",
            "policyArea": {
                "name": "Labor and Employment"
            },
            "title": "Workplace Overdose Reversal Kits to Save Lives Act",
            "type": "HR",
            "url": "https://api.congress.gov/v3/bill/118/hr/5420?format=json"
        },
        {
            "congress": 118,
            "introducedDate": "2023-07-27",
            "latestAction": {
                "actionDate": "2023-07-27",
                "text": "Referred to the House Committee on Financial Services."
            },
            "number": "5064",
            "policyArea": {
                "name": "Housing and Community Development"
            },
            "title": "Public Housing Fire Safety Act",
            "type": "HR",
            "url": "https://api.congress.gov/v3/bill/118/hr/5064?format=json"
        },
        {
            "congress": 118,
            "introducedDate": "2023-07-27",
            "latestAction": {
                "actionDate": "2023-07-27",
                "text": "Referred to the Committee on Education and the Workforce, and in addition to the Committee on Ways and Means, for a period to be subsequently determined by the Speaker, in each case for consideration of such provisions as fall within the jurisdiction of the committee concerned."
            },
            "number": "5065",
            "policyArea": {
                "name": "Labor and Employment"
            },
            "title": "Federal Jobs Guarantee Development Act of 2023",
            "type": "HR",
            "url": "https://api.congress.gov/v3/bill/118/hr/5065?format=json"
        },
        {
            "congress": 118,
            "introducedDate": "2023-07-20",
            "latestAction": {
                "actionDate": "2023-07-20",
                "text": "Referred to the House Committee on Financial Services."
            },
            "number": "4817",
            "policyArea": {
                "name": "Housing and Community Development"
            },
            "title": "SHADE Act",
            "type": "HR",
            "url": "https://api.congress.gov/v3/bill/118/hr/4817?format=json"
        },
        {
            "congress": 118,
            "introducedDate": "2023-07-03",
            "latestAction": {
                "actionDate": "2023-07-03",
                "text": "Referred to the House Committee on Education and the Workforce."
            },
            "number": "4466",
            "policyArea": {
                "name": "Agriculture and Food"
            },
            "title": "Renaming the National School Lunch Program Act of 2023",
            "type": "HR",
            "url": "https://api.congress.gov/v3/bill/118/hr/4466?format=json"
        },
        {
            "congress": 118,
            "introducedDate": "2023-06-27",
            "latestAction": {
                "actionDate": "2023-06-27",
                "text": "Referred to the House Committee on the Judiciary."
            },
            "number": "4393",
            "policyArea": {
                "name": "Civil Rights and Liberties, Minority Issues"
            },
            "title": "Customer Non-Discrimination Act",
            "type": "HR",
            "url": "https://api.congress.gov/v3/bill/118/hr/4393?format=json"
        },
        {
            "congress": 118,
            "introducedDate": "2023-06-23",
            "latestAction": {
                "actionDate": "2023-06-29",
                "text": "Referred to the Subcommittee on Health."
            },
            "number": "555",
            "policyArea": {
                "name": "Civil Rights and Liberties, Minority Issues"
            },
            "title": "Recognizing the importance of intersectionality for abortion access.",
            "type": "HRES",
            "url": "https://api.congress.gov/v3/bill/118/hres/555?format=json"
        },
        {
            "congress": 118,
            "introducedDate": "2023-06-22",
            "latestAction": {
                "actionDate": "2023-06-22",
                "text": "Referred to the Committee on Financial Services, and in addition to the Committees on Science, Space, and Technology, Energy and Commerce, Ways and Means, and Education and the Workforce, for a period to be subsequently determined by the Speaker, in each case for consideration of such provisions as fall within the jurisdiction of the committee concerned."
            },
            "number": "4314",
            "policyArea": {
                "name": "Housing and Community Development"
            },
            "title": "Stay Cool Act",
            "type": "HR",
            "url": "https://api.congress.gov/v3/bill/118/hr/4314?format=json"
        },
        {
            "congress": 118,
            "introducedDate": "2023-06-07",
            "latestAction": {
                "actionDate": "2023-06-07",
                "text": "Referred to the House Committee on Oversight and Accountability."
            },
            "number": "484",
            "policyArea": {
                "name": "Civil Rights and Liberties, Minority Issues"
            },
            "title": "Addressing the hardships and disparities faced by Black women in order to encourage more inclusive policymaking.",
            "type": "HRES",
            "url": "https://api.congress.gov/v3/bill/118/hres/484?format=json"
        },
        {
            "congress": 118,
            "introducedDate": "2023-06-06",
            "latestAction": {
                "actionDate": "2023-06-09",
                "text": "Referred to the Subcommittee on Innovation, Data, and Commerce."
            },
            "number": "3880",
            "policyArea": {
                "name": "Finance and Financial Sector"
            },
            "title": "PAID Act",
            "type": "HR",
            "url": "https://api.congress.gov/v3/bill/118/hr/3880?format=json"
        },
        {
            "congress": 118,
            "introducedDate": "2023-05-23",
            "latestAction": {
                "actionDate": "2023-05-23",
                "text": "Referred to the House Committee on Armed Services."
            },
            "number": "3617",
            "policyArea": {
                "name": "Armed Forces and National Security"
            },
            "title": "To amend title 10, United States Code, to expand the authority to provide a wig and treat traction alopecia under the TRICARE program, and for other purposes.",
            "type": "HR",
            "url": "https://api.congress.gov/v3/bill/118/hr/3617?format=json"
        },
        {
            "congress": 118,
            "introducedDate": "2023-05-18",
            "latestAction": {
                "actionDate": "2023-05-19",
                "text": "Referred to the Subcommittee on Health."
            },
            "number": "3548",
            "policyArea": {
                "name": "Health"
            },
            "title": "Pursuing Equity in Mental Health Act",
            "type": "HR",
            "url": "https://api.congress.gov/v3/bill/118/hr/3548?format=json"
        },
        {
            "congress": 118,
            "introducedDate": "2023-05-15",
            "latestAction": {
                "actionDate": "2023-05-15",
                "text": "Referred to the Committee on Ways and Means, and in addition to the Committee on the Judiciary, for a period to be subsequently determined by the Speaker, in each case for consideration of such provisions as fall within the jurisdiction of the committee concerned."
            },
            "number": "3352",
            "policyArea": {
                "name": "Taxation"
            },
            "title": "Improving Diaper Affordability Act of 2023",
            "type": "HR",
            "url": "https://api.congress.gov/v3/bill/118/hr/3352?format=json"
        },
        {
            "congress": 118,
            "introducedDate": "2023-04-27",
            "latestAction": {
                "actionDate": "2023-04-27",
                "text": "Referred to the House Committee on the Judiciary."
            },
            "number": "2985",
            "policyArea": {
                "name": "Crime and Law Enforcement"
            },
            "title": "HEAR Act of 2023",
            "type": "HR",
            "url": "https://api.congress.gov/v3/bill/118/hr/2985?format=json"
        },
        {
            "congress": 118,
            "introducedDate": "2023-04-26",
            "latestAction": {
                "actionDate": "2023-04-26",
                "text": "Referred to the House Committee on the Judiciary."
            },
            "number": "2919",
            "policyArea": {
                "name": "Crime and Law Enforcement"
            },
            "title": "New Pathways Act",
            "type": "HR",
            "url": "https://api.congress.gov/v3/bill/118/hr/2919?format=json"
        },
        {
            "congress": 118,
            "introducedDate": "2023-04-13",
            "latestAction": {
                "actionDate": "2023-04-13",
                "text": "Referred to the Committee on House Administration, and in addition to the Committee on Ways and Means, for a period to be subsequently determined by the Speaker, in each case for consideration of such provisions as fall within the jurisdiction of the committee concerned."
            },
            "number": "2629",
            "policyArea": {
                "name": "Government Operations and Politics"
            },
            "title": "Filer Voter Act",
            "type": "HR",
            "url": "https://api.congress.gov/v3/bill/118/hr/2629?format=json"
        },
        {
            "congress": 118,
            "introducedDate": "2023-04-13",
            "latestAction": {
                "actionDate": "2023-04-13",
                "text": "Referred to the House Committee on Ways and Means."
            },
            "number": "2628",
            "policyArea": {
                "name": "Taxation"
            },
            "title": "Employee Profit-Sharing Encouragement Act of 2023",
            "type": "HR",
            "url": "https://api.congress.gov/v3/bill/118/hr/2628?format=json"
        },
        {
            "congress": 118,
            "introducedDate": "2023-03-22",
            "latestAction": {
                "actionDate": "2023-04-25",
                "text": "Referred to the Subcommittee on Commodity Markets, Digital Assets, and Rural Development."
            },
            "number": "1729",
            "policyArea": {
                "name": "Environmental Protection"
            },
            "title": "Water Affordability, Transparency, Equity, and Reliability Act of 2023",
            "type": "HR",
            "url": "https://api.congress.gov/v3/bill/118/hr/1729?format=json"
        },
        {
            "congress": 118,
            "introducedDate": "2023-03-10",
            "latestAction": {
                "actionDate": "2023-03-17",
                "text": "Referred to the Subcommittee on Health."
            },
            "number": "224",
            "policyArea": {
                "name": "Health"
            },
            "title": "Raising awareness of the racial disparities in the impact of colorectal cancer on the Black community.",
            "type": "HRES",
            "url": "https://api.congress.gov/v3/bill/118/hres/224?format=json"
        },
        {
            "congress": 118,
            "introducedDate": "2023-02-09",
            "latestAction": {
                "actionDate": "2023-02-09",
                "text": "Referred to the House Committee on House Administration."
            },
            "number": "971",
            "policyArea": {
                "name": "Education"
            },
            "title": "Black History Matters Act",
            "type": "HR",
            "url": "https://api.congress.gov/v3/bill/118/hr/971?format=json"
        },
        {
            "congress": 118,
            "introducedDate": "2023-01-26",
            "latestAction": {
                "actionDate": "2023-01-26",
                "text": "Referred to the House Committee on the Judiciary."
            },
            "number": "584",
            "policyArea": {
                "name": "Crime and Law Enforcement"
            },
            "title": "Stop Online Ammunition Sales Act of 2023",
            "type": "HR",
            "url": "https://api.congress.gov/v3/bill/118/hr/584?format=json"
        },
        {
            "congress": 118,
            "introducedDate": "2023-01-26",
            "latestAction": {
                "actionDate": "2023-01-26",
                "text": "Referred to the House Committee on Ways and Means."
            },
            "number": "585",
            "policyArea": {
                "name": "Taxation"
            },
            "title": "Expanding Penalty Free Withdrawal Act",
            "type": "HR",
            "url": "https://api.congress.gov/v3/bill/118/hr/585?format=json"
        },
        {
            "congress": 118,
            "introducedDate": "2023-01-20",
            "latestAction": {
                "actionDate": "2023-01-20",
                "text": "Referred to the House Committee on the Judiciary."
            },
            "number": "444",
            "policyArea": {
                "name": "Crime and Law Enforcement"
            },
            "title": "End For-Profit Prisons Act of 2023",
            "type": "HR",
            "url": "https://api.congress.gov/v3/bill/118/hr/444?format=json"
        },
        {
            "congress": 117,
            "introducedDate": "2022-11-17",
            "latestAction": {
                "actionDate": "2022-11-17",
                "text": "Referred to the House Committee on the Judiciary."
            },
            "number": "9348",
            "policyArea": {
                "name": "Crime and Law Enforcement"
            },
            "title": "New Pathways Act",
            "type": "HR",
            "url": "https://api.congress.gov/v3/bill/117/hr/9348?format=json"
        },
        {
            "congress": 117,
            "introducedDate": "2022-06-03",
            "latestAction": {
                "actionDate": "2022-06-03",
                "text": "Referred to the Committee on Financial Services, and in addition to the Committees on Science, Space, and Technology, Energy and Commerce, Ways and Means, and Education and Labor, for a period to be subsequently determined by the Speaker, in each case for consideration of such provisions as fall within the jurisdiction of the committee concerned."
            },
            "number": "7949",
            "policyArea": {
                "name": "Housing and Community Development"
            },
            "title": "Stay Cool Act",
            "type": "HR",
            "url": "https://api.congress.gov/v3/bill/117/hr/7949?format=json"
        },
        {
            "congress": 117,
            "introducedDate": "2022-05-19",
            "latestAction": {
                "actionDate": "2022-05-19",
                "text": "Referred to the House Committee on Energy and Commerce."
            },
            "number": "7857",
            "policyArea": {
                "name": "Health"
            },
            "title": "Minority Fellowship Program Reauthorization Act of 2022",
            "type": "HR",
            "url": "https://api.congress.gov/v3/bill/117/hr/7857?format=json"
        },
        {
            "congress": 117,
            "introducedDate": "2022-04-07",
            "latestAction": {
                "actionDate": "2022-04-07",
                "text": "Referred to the House Committee on Oversight and Reform."
            },
            "number": "1050",
            "policyArea": {
                "name": "Civil Rights and Liberties, Minority Issues"
            },
            "title": "Addressing the hardships and disparities faced by Black women in order to encourage more inclusive policymaking.",
            "type": "HRES",
            "url": "https://api.congress.gov/v3/bill/117/hres/1050?format=json"
        },
        {
            "congress": 117,
            "introducedDate": "2022-03-11",
            "latestAction": {
                "actionDate": "2022-03-11",
                "text": "Referred to the House Committee on Oversight and Reform."
            },
            "number": "978",
            "policyArea": {
                "name": "Government Operations and Politics"
            },
            "title": "Recognizing Girl Scouts of the United States of America on its 110th birthday and celebrating its legacy of providing girls with a safe, inclusive space while supporting the next generation of women leaders.",
            "type": "HRES",
            "url": "https://api.congress.gov/v3/bill/117/hres/978?format=json"
        },
        {
            "congress": 117,
            "introducedDate": "2022-03-07",
            "latestAction": {
                "actionDate": "2022-03-08",
                "text": "Referred to the Subcommittee on Health."
            },
            "number": "967",
            "policyArea": {
                "name": "Health"
            },
            "title": "Raising awareness of the impact of COVID-19 on bereaved children.",
            "type": "HRES",
            "url": "https://api.congress.gov/v3/bill/117/hres/967?format=json"
        },
        {
            "congress": 117,
            "introducedDate": "2022-02-28",
            "latestAction": {
                "actionDate": "2022-12-14",
                "text": "Placed on the Union Calendar, Calendar No. 461."
            },
            "number": "6856",
            "policyArea": {
                "name": "Transportation and Public Works"
            },
            "title": "Securing Air Travel Act",
            "type": "HR",
            "url": "https://api.congress.gov/v3/bill/117/hr/6856?format=json"
        },
        {
            "congress": 117,
            "introducedDate": "2021-12-08",
            "latestAction": {
                "actionDate": "2022-09-27",
                "text": "Placed on Senate Legislative Calendar under General Orders. Calendar No. 513."
            },
            "number": "6201",
            "policyArea": {
                "name": "Public Lands and Natural Resources"
            },
            "title": "National Liberty Memorial Preservation Act",
            "type": "HR",
            "url": "https://api.congress.gov/v3/bill/117/hr/6201?format=json"
        },
        {
            "congress": 117,
            "introducedDate": "2021-10-26",
            "latestAction": {
                "actionDate": "2022-11-01",
                "text": "Referred to the Subcommittee on the Constitution, Civil Rights, and Civil Liberties."
            },
            "number": "5744",
            "policyArea": {
                "name": "Civil Rights and Liberties, Minority Issues"
            },
            "title": "Customer Non-Discrimination Act",
            "type": "HR",
            "url": "https://api.congress.gov/v3/bill/117/hr/5744?format=json"
        },
        {
            "congress": 117,
            "introducedDate": "2021-10-22",
            "latestAction": {
                "actionDate": "2021-10-22",
                "text": "Referred to the House Committee on Ways and Means."
            },
            "number": "5704",
            "policyArea": {
                "name": "Taxation"
            },
            "title": "Gig Is Up Act",
            "type": "HR",
            "url": "https://api.congress.gov/v3/bill/117/hr/5704?format=json"
        },
        {
            "congress": 117,
            "introducedDate": "2021-07-13",
            "latestAction": {
                "actionDate": "2021-07-13",
                "text": "Referred to the House Committee on Financial Services."
            },
            "number": "4429",
            "policyArea": {
                "name": "Finance and Financial Sector"
            },
            "title": "Semiquincentennial Commemorative Coin Act",
            "type": "HR",
            "url": "https://api.congress.gov/v3/bill/117/hr/4429?format=json"
        },
        {
            "congress": 117,
            "introducedDate": "2021-07-01",
            "latestAction": {
                "actionDate": "2021-07-01",
                "text": "Referred to the House Committee on Ways and Means."
            },
            "number": "4342",
            "policyArea": {
                "name": "Taxation"
            },
            "title": "Guaranteed Income Pilot Program Act of 2021",
            "type": "HR",
            "url": "https://api.congress.gov/v3/bill/117/hr/4342?format=json"
        },
        {
            "congress": 117,
            "introducedDate": "2021-10-15",
            "latestAction": {
                "actionDate": "2021-10-18",
                "text": "Referred to the Subcommittee on Health."
            },
            "number": "5605",
            "policyArea": {
                "name": "Health"
            },
            "title": "PrEP Assistance Program Act",
            "type": "HR",
            "url": "https://api.congress.gov/v3/bill/117/hr/5605?format=json"
        },
        {
            "congress": 117,
            "introducedDate": "2021-08-06",
            "latestAction": {
                "actionDate": "2021-08-06",
                "text": "Referred to the House Committee on Ways and Means."
            },
            "number": "4986",
            "policyArea": {
                "name": "Taxation"
            },
            "title": "Refund to Rainy Day Savings Act",
            "type": "HR",
            "url": "https://api.congress.gov/v3/bill/117/hr/4986?format=json"
        },
        {
            "congress": 117,
            "introducedDate": "2021-07-30",
            "latestAction": {
                "actionDate": "2022-11-01",
                "text": "Referred to the Subcommittee on Antitrust, Commercial, and Administrative Law."
            },
            "number": "4902",
            "policyArea": {
                "name": "Taxation"
            },
            "title": "Improving Diaper Affordability Act of 2021",
            "type": "HR",
            "url": "https://api.congress.gov/v3/bill/117/hr/4902?format=json"
        },
        {
            "congress": 117,
            "introducedDate": "2021-06-24",
            "latestAction": {
                "actionDate": "2021-06-24",
                "text": "Referred to the House Committee on Financial Services."
            },
            "number": "4166",
            "policyArea": {
                "name": "Housing and Community Development"
            },
            "title": "Saving Hazardous And Declining Environments Act",
            "type": "HR",
            "url": "https://api.congress.gov/v3/bill/117/hr/4166?format=json"
        },
        {
            "congress": 117,
            "introducedDate": "2021-06-17",
            "latestAction": {
                "actionDate": "2022-11-01",
                "text": "Referred to the Subcommittee on Crime, Terrorism, and Homeland Security."
            },
            "number": "4020",
            "policyArea": {
                "name": "Crime and Law Enforcement"
            },
            "title": "Drug Policy Reform Act of 2021",
            "type": "HR",
            "url": "https://api.congress.gov/v3/bill/117/hr/4020?format=json"
        },
        {
            "congress": 117,
            "introducedDate": "2021-06-04",
            "latestAction": {
                "actionDate": "2022-11-01",
                "text": "Referred to the Subcommittee on Crime, Terrorism, and Homeland Security."
            },
            "number": "3740",
            "policyArea": {
                "name": "Crime and Law Enforcement"
            },
            "title": "Handgun Licensing and Registration Act of 2021",
            "type": "HR",
            "url": "https://api.congress.gov/v3/bill/117/hr/3740?format=json"
        },
        {
            "congress": 117,
            "introducedDate": "2021-05-17",
            "latestAction": {
                "actionDate": "2021-05-17",
                "text": "Referred to the Committee on House Administration, and in addition to the Committee on Ways and Means, for a period to be subsequently determined by the Speaker, in each case for consideration of such provisions as fall within the jurisdiction of the committee concerned."
            },
            "number": "3288",
            "policyArea": {
                "name": "Government Operations and Politics"
            },
            "title": "Filer Voter Act",
            "type": "HR",
            "url": "https://api.congress.gov/v3/bill/117/hr/3288?format=json"
        },
        {
            "congress": 117,
            "introducedDate": "2021-05-11",
            "latestAction": {
                "actionDate": "2021-05-12",
                "text": "Referred to the Subcommittee on Health."
            },
            "number": "3126",
            "policyArea": {
                "name": "Health"
            },
            "title": "Healthy MOM Act",
            "type": "HR",
            "url": "https://api.congress.gov/v3/bill/117/hr/3126?format=json"
        },
        {
            "congress": 117,
            "introducedDate": "2021-04-16",
            "latestAction": {
                "actionDate": "2021-04-16",
                "text": "Referred to the House Committee on Financial Services."
            },
            "number": "2638",
            "policyArea": {
                "name": "Housing and Community Development"
            },
            "title": "Public Housing Fire Safety Act",
            "type": "HR",
            "url": "https://api.congress.gov/v3/bill/117/hr/2638?format=json"
        },
        {
            "congress": 117,
            "introducedDate": "2021-04-14",
            "latestAction": {
                "actionDate": "2021-10-19",
                "text": "Referred to the Subcommittee on Crime, Terrorism, and Homeland Security."
            },
            "number": "2544",
            "policyArea": {
                "name": "Crime and Law Enforcement"
            },
            "title": "Help Empower Americans to Respond Act of 2021",
            "type": "HR",
            "url": "https://api.congress.gov/v3/bill/117/hr/2544?format=json"
        },
        {
            "congress": 117,
            "introducedDate": "2021-03-19",
            "latestAction": {
                "actionDate": "2022-03-21",
                "text": "Received in the Senate and Read twice and referred to the Committee on the Judiciary."
            },
            "number": "2116",
            "policyArea": {
                "name": "Civil Rights and Liberties, Minority Issues"
            },
            "title": "Creating a Respectful and Open World for Natural Hair Act of 2022",
            "type": "HR",
            "url": "https://api.congress.gov/v3/bill/117/hr/2116?format=json"
        },
        {
            "congress": 117,
            "introducedDate": "2021-03-19",
            "latestAction": {
                "actionDate": "2021-03-22",
                "text": "Referred to the Subcommittee on Energy."
            },
            "number": "2115",
            "policyArea": {
                "name": "Energy"
            },
            "title": "SAFER Pipelines Act of 2021",
            "type": "HR",
            "url": "https://api.congress.gov/v3/bill/117/hr/2115?format=json"
        },
        {
            "congress": 117,
            "introducedDate": "2021-03-16",
            "latestAction": {
                "actionDate": "2021-03-16",
                "text": "Referred to the House Committee on Energy and Commerce."
            },
            "number": "242",
            "policyArea": {
                "name": "Health"
            },
            "title": "Raising awareness of the racial disparities in the impact of colorectal cancer on the Black community.",
            "type": "HRES",
            "url": "https://api.congress.gov/v3/bill/117/hres/242?format=json"
        },
        {
            "congress": 117,
            "introducedDate": "2021-03-12",
            "latestAction": {
                "actionDate": "2021-07-21",
                "text": "Received in the Senate and Read twice and referred to the Committee on Commerce, Science, and Transportation."
            },
            "number": "1893",
            "policyArea": {
                "name": "Transportation and Public Works"
            },
            "title": "Transportation Security Preparedness Act of 2021",
            "type": "HR",
            "url": "https://api.congress.gov/v3/bill/117/hr/1893?format=json"
        },
        {
            "congress": 117,
            "introducedDate": "2021-03-08",
            "latestAction": {
                "actionDate": "2021-03-08",
                "text": "Referred to the House Committee on Ways and Means."
            },
            "number": "1665",
            "policyArea": {
                "name": "Taxation"
            },
            "title": "Employee Profit-Sharing Encouragement Act of 2021",
            "type": "HR",
            "url": "https://api.congress.gov/v3/bill/117/hr/1665?format=json"
        },
        {
            "congress": 117,
            "introducedDate": "2021-03-01",
            "latestAction": {
                "actionDate": "2021-05-13",
                "text": "Received in the Senate and Read twice and referred to the Committee on Health, Education, Labor, and Pensions."
            },
            "number": "1475",
            "policyArea": {
                "name": "Health"
            },
            "title": "Pursuing Equity in Mental Health Act",
            "type": "HR",
            "url": "https://api.congress.gov/v3/bill/117/hr/1475?format=json"
        },
        {
            "congress": 117,
            "introducedDate": "2021-02-25",
            "latestAction": {
                "actionDate": "2021-02-25",
                "text": "Referred to the Subcommittee on Worker and Family Support."
            },
            "number": "1388",
            "policyArea": {
                "name": "Labor and Employment"
            },
            "title": "WPA Act",
            "type": "HR",
            "url": "https://api.congress.gov/v3/bill/117/hr/1388?format=json"
        },
        {
            "congress": 117,
            "introducedDate": "2021-02-23",
            "latestAction": {
                "actionDate": "2021-02-24",
                "text": "Referred to the Subcommittee on Consumer Protection and Commerce."
            },
            "number": "1270",
            "policyArea": {
                "name": "Finance and Financial Sector"
            },
            "title": "PAID Act",
            "type": "HR",
            "url": "https://api.congress.gov/v3/bill/117/hr/1270?format=json"
        },
        {
            "congress": 117,
            "introducedDate": "2021-02-22",
            "latestAction": {
                "actionDate": "2021-03-18",
                "text": "Referred to the Subcommittee on National Parks, Forests, and Public Lands."
            },
            "number": "1208",
            "policyArea": {
                "name": "Public Lands and Natural Resources"
            },
            "title": "Crossroads of the American Revolution National Heritage Area Act of 2021",
            "type": "HR",
            "url": "https://api.congress.gov/v3/bill/117/hr/1208?format=json"
        },
        {
            "congress": 117,
            "introducedDate": "2021-02-22",
            "latestAction": {
                "actionDate": "2021-04-28",
                "text": "Referred to the Subcommittee on Crime, Terrorism, and Homeland Security."
            },
            "number": "1206",
            "policyArea": {
                "name": "Crime and Law Enforcement"
            },
            "title": "End For-Profit Prisons Act of 2021",
            "type": "HR",
            "url": "https://api.congress.gov/v3/bill/117/hr/1206?format=json"
        },
        {
            "congress": 117,
            "introducedDate": "2021-02-22",
            "latestAction": {
                "actionDate": "2021-04-28",
                "text": "Referred to the Subcommittee on Crime, Terrorism, and Homeland Security."
            },
            "number": "1207",
            "policyArea": {
                "name": "Crime and Law Enforcement"
            },
            "title": "Stop Online Ammunition Sales Act of 2021",
            "type": "HR",
            "url": "https://api.congress.gov/v3/bill/117/hr/1207?format=json"
        },
        {
            "congress": 117,
            "introducedDate": "2021-02-02",
            "latestAction": {
                "actionDate": "2021-02-02",
                "text": "Referred to the Committee on Ways and Means, and in addition to the Committee on Education and Labor, for a period to be subsequently determined by the Speaker, in each case for consideration of such provisions as fall within the jurisdiction of the committee concerned."
            },
            "number": "738",
            "policyArea": {
                "name": "Taxation"
            },
            "title": "Essential Pay for Essential Workers Act",
            "type": "HR",
            "url": "https://api.congress.gov/v3/bill/117/hr/738?format=json"
        },
        {
            "congress": 117,
            "introducedDate": "2021-01-28",
            "latestAction": {
                "actionDate": "2021-01-28",
                "text": "Referred to the House Committee on Financial Services."
            },
            "number": "622",
            "policyArea": {
                "name": "Congress"
            },
            "title": "Officer Brian D. Sicknick Congressional Gold Medal Act",
            "type": "HR",
            "url": "https://api.congress.gov/v3/bill/117/hr/622?format=json"
        },
        {
            "congress": 117,
            "introducedDate": "2021-01-21",
            "latestAction": {
                "actionDate": "2021-03-05",
                "text": "Referred to the Subcommittee on Immigration and Citizenship."
            },
            "number": "445",
            "policyArea": {
                "name": "Private Legislation"
            },
            "title": "For the relief of Yazmin Fabiola Juarez Coyoy.",
            "type": "HR",
            "url": "https://api.congress.gov/v3/bill/117/hr/445?format=json"
        },
        {
            "congress": 117,
            "introducedDate": "2021-01-19",
            "latestAction": {
                "actionDate": "2022-12-05",
                "text": "Placed on Senate Legislative Calendar under General Orders. Calendar No. 581."
            },
            "number": "370",
            "policyArea": {
                "name": "Emergency Management"
            },
            "title": "Quadrennial Homeland Security Review Technical Corrections Act of 2021",
            "type": "HR",
            "url": "https://api.congress.gov/v3/bill/117/hr/370?format=json"
        },
        {
            "congress": 117,
            "introducedDate": "2021-01-04",
            "latestAction": {
                "actionDate": "2021-01-04",
                "text": "Referred to the House Committee on Ways and Means."
            },
            "number": "175",
            "policyArea": {
                "name": "Taxation"
            },
            "title": "Expanding Penalty Free Withdrawal Act",
            "type": "HR",
            "url": "https://api.congress.gov/v3/bill/117/hr/175?format=json"
        },
        {
            "congress": 117,
            "introducedDate": "2021-01-04",
            "latestAction": {
                "actionDate": "2021-03-04",
                "text": "Referred to the Subcommittee on Crime, Terrorism, and Homeland Security."
            },
            "number": "176",
            "policyArea": {
                "name": "Crime and Law Enforcement"
            },
            "title": "Restricting the Use of Solitary Confinement Act",
            "type": "HR",
            "url": "https://api.congress.gov/v3/bill/117/hr/176?format=json"
        },
        {
            "congress": 117,
            "introducedDate": "2021-01-04",
            "latestAction": {
                "actionDate": "2021-01-04",
                "text": "Referred to the House Committee on Ways and Means."
            },
            "number": "174",
            "policyArea": {
                "name": "Taxation"
            },
            "title": "EITC Modernization Act",
            "type": "HR",
            "url": "https://api.congress.gov/v3/bill/117/hr/174?format=json"
        },
        {
            "congress": 116,
            "introducedDate": "2020-09-24",
            "latestAction": {
                "actionDate": "2020-09-24",
                "text": "Referred to the Committee on Ways and Means, and in addition to the Committee on the Judiciary, for a period to be subsequently determined by the Speaker, in each case for consideration of such provisions as fall within the jurisdiction of the committee concerned."
            },
            "number": "8394",
            "policyArea": {
                "name": "Taxation"
            },
            "title": "Improving Diaper Affordability Act of 2020",
            "type": "HR",
            "url": "https://api.congress.gov/v3/bill/116/hr/8394?format=json"
        },
        {
            "congress": 116,
            "introducedDate": "2020-09-01",
            "latestAction": {
                "actionDate": "2020-09-01",
                "text": "Referred to the House Committee on the Judiciary."
            },
            "number": "8155",
            "policyArea": {
                "name": "Crime and Law Enforcement"
            },
            "title": "Restricting the Use of Solitary Confinement Act of 2020",
            "type": "HR",
            "url": "https://api.congress.gov/v3/bill/116/hr/8155?format=json"
        },
        {
            "congress": 116,
            "introducedDate": "2020-08-14",
            "latestAction": {
                "actionDate": "2020-08-14",
                "text": "Referred to the House Committee on Ways and Means."
            },
            "number": "8065",
            "policyArea": {
                "name": "Taxation"
            },
            "title": "Guaranteed Income Pilot Program Act of 2020",
            "type": "HR",
            "url": "https://api.congress.gov/v3/bill/116/hr/8065?format=json"
        },
        {
            "congress": 116,
            "introducedDate": "2020-07-30",
            "latestAction": {
                "actionDate": "2020-07-30",
                "text": "Referred to the House Committee on Energy and Commerce."
            },
            "number": "7892",
            "policyArea": {
                "name": "Health"
            },
            "title": "Medicaid Expansion During Crisis Act",
            "type": "HR",
            "url": "https://api.congress.gov/v3/bill/116/hr/7892?format=json"
        },
        {
            "congress": 116,
            "introducedDate": "2020-07-01",
            "latestAction": {
                "actionDate": "2020-07-01",
                "text": "Referred to the Subcommittee on Trade."
            },
            "number": "7477",
            "policyArea": {
                "name": "Labor and Employment"
            },
            "title": "WPA Act",
            "type": "HR",
            "url": "https://api.congress.gov/v3/bill/116/hr/7477?format=json"
        },
        {
            "congress": 116,
            "introducedDate": "2020-06-26",
            "latestAction": {
                "actionDate": "2020-06-26",
                "text": "Referred to the House Committee on the Judiciary."
            },
            "number": "1027",
            "policyArea": {
                "name": "Civil Rights and Liberties, Minority Issues"
            },
            "title": "Expressing the sense of the House of Representatives that the wrongs and hardships of Black women are often equal to those experienced by Black men yet receive less attention and justice, and that any legislation passed in the House of Representatives to remedy racial inequities in the United States, especially those present in the criminal justice system, must include reforms to address concerns for Black women.",
            "type": "HRES",
            "url": "https://api.congress.gov/v3/bill/116/hres/1027?format=json"
        },
        {
            "congress": 116,
            "introducedDate": "2020-06-04",
            "latestAction": {
                "actionDate": "2020-06-04",
                "text": "Referred to the Committee on Ways and Means, and in addition to the Committee on Education and Labor, for a period to be subsequently determined by the Speaker, in each case for consideration of such provisions as fall within the jurisdiction of the committee concerned."
            },
            "number": "7117",
            "policyArea": {
                "name": "Taxation"
            },
            "title": "Essential Pay for Essential Workers Act",
            "type": "HR",
            "url": "https://api.congress.gov/v3/bill/116/hr/7117?format=json"
        },
        {
            "congress": 116,
            "introducedDate": "2020-04-17",
            "latestAction": {
                "actionDate": "2020-04-17",
                "text": "Referred to the House Committee on Financial Services."
            },
            "number": "6555",
            "policyArea": {
                "name": "Finance and Financial Sector"
            },
            "title": "United States Semiquincentennial Quarter Series Act",
            "type": "HR",
            "url": "https://api.congress.gov/v3/bill/116/hr/6555?format=json"
        },
        {
            "congress": 116,
            "introducedDate": "2019-12-19",
            "latestAction": {
                "actionDate": "2020-01-30",
                "text": "Referred to the Subcommittee on Immigration and Citizenship."
            },
            "number": "5533",
            "policyArea": {
                "name": null
            },
            "title": "For the relief of Yazmin Fabiola Juarez Coyoy.",
            "type": "HR",
            "url": "https://api.congress.gov/v3/bill/116/hr/5533?format=json"
        },
        {
            "congress": 116,
            "introducedDate": "2019-12-17",
            "latestAction": {
                "actionDate": "2020-09-30",
                "text": "Received in the Senate and Read twice and referred to the Committee on Health, Education, Labor, and Pensions."
            },
            "number": "5469",
            "policyArea": {
                "name": "Health"
            },
            "title": "Pursuing Equity in Mental Health Act",
            "type": "HR",
            "url": "https://api.congress.gov/v3/bill/116/hr/5469?format=json"
        },
        {
            "congress": 116,
            "introducedDate": "2019-12-06",
            "latestAction": {
                "actionDate": "2019-12-19",
                "text": "Referred to the Subcommittee on Crime, Terrorism, and Homeland Security."
            },
            "number": "747",
            "policyArea": {
                "name": "Health"
            },
            "title": "Acknowledging that the War on Drugs has been a failed policy in achieving the goal of reducing drug use, and for the House of Representatives to apologize to the individuals and communities that were victimized by this policy.",
            "type": "HRES",
            "url": "https://api.congress.gov/v3/bill/116/hres/747?format=json"
        },
        {
            "congress": 116,
            "introducedDate": "2019-11-15",
            "latestAction": {
                "actionDate": "2019-12-18",
                "text": "Referred to the Subcommittee on Crime, Terrorism, and Homeland Security."
            },
            "number": "5131",
            "policyArea": {
                "name": "Government Operations and Politics"
            },
            "title": "Stop Padding Presidential Pockets Act",
            "type": "HR",
            "url": "https://api.congress.gov/v3/bill/116/hr/5131?format=json"
        },
        {
            "congress": 116,
            "introducedDate": "2019-10-31",
            "latestAction": {
                "actionDate": "2019-12-18",
                "text": "Referred to the Subcommittee on Crime, Terrorism, and Homeland Security."
            },
            "number": "4970",
            "policyArea": {
                "name": "Crime and Law Enforcement"
            },
            "title": "End For-Profit Prisons Act of 2019",
            "type": "HR",
            "url": "https://api.congress.gov/v3/bill/116/hr/4970?format=json"
        },
        {
            "congress": 116,
            "introducedDate": "2019-09-24",
            "latestAction": {
                "actionDate": "2019-09-25",
                "text": "Referred to the Subcommittee on Health."
            },
            "number": "587",
            "policyArea": {
                "name": "Health"
            },
            "title": "Recognizing LGBTQ+ suicide as a public health problem and expressing support for the designation of September as \"National Suicide Prevention Month\".",
            "type": "HRES",
            "url": "https://api.congress.gov/v3/bill/116/hres/587?format=json"
        },
        {
            "congress": 116,
            "introducedDate": "2019-09-20",
            "latestAction": {
                "actionDate": "2019-09-23",
                "text": "Referred to the Subcommittee on Health."
            },
            "number": "570",
            "policyArea": {
                "name": "Health"
            },
            "title": "Commemorating the 20th anniversary of the Centers for Disease Control and Prevention's Racial and Ethnic Approaches to Community Health (REACH) program.",
            "type": "HRES",
            "url": "https://api.congress.gov/v3/bill/116/hres/570?format=json"
        },
        {
            "congress": 116,
            "introducedDate": "2019-09-10",
            "latestAction": {
                "actionDate": "2019-09-10",
                "text": "Referred to the Committee on Education and Labor, and in addition to the Committee on Ways and Means, for a period to be subsequently determined by the Speaker, in each case for consideration of such provisions as fall within the jurisdiction of the committee concerned."
            },
            "number": "4278",
            "policyArea": {
                "name": "Labor and Employment"
            },
            "title": "Federal Jobs Guarantee Development Act of 2019",
            "type": "HR",
            "url": "https://api.congress.gov/v3/bill/116/hr/4278?format=json"
        },
        {
            "congress": 116,
            "introducedDate": "2019-07-23",
            "latestAction": {
                "actionDate": "2019-07-30",
                "text": "Referred to the Subcommittee on Crime, Terrorism, and Homeland Security."
            },
            "number": "514",
            "policyArea": {
                "name": "Crime and Law Enforcement"
            },
            "title": "Committing to elevate the voices, leadership, and needs of communities that face systemic barriers in the effort to end sexual violence and support all survivors of sexual violence and gender-based violence, including immigrant survivors, survivors who are incarcerated, survivors with disabilities, survivors of color, American Indian or Alaska Native survivors, survivors of child sexual abuse, and lesbian, gay, bisexual, transgender, queer, and intersex survivors.",
            "type": "HRES",
            "url": "https://api.congress.gov/v3/bill/116/hres/514?format=json"
        },
        {
            "congress": 116,
            "introducedDate": "2019-07-12",
            "latestAction": {
                "actionDate": "2019-07-31",
                "text": "Message on Senate action sent to the House."
            },
            "number": "53",
            "policyArea": {
                "name": "Congress"
            },
            "title": "Authorizing the use of Emancipation Hall for an event to commemorate the 400th anniversary of the arrival of the first African slaves to the territory that would become the United States.",
            "type": "HCONRES",
            "url": "https://api.congress.gov/v3/bill/116/hconres/53?format=json"
        },
        {
            "congress": 116,
            "introducedDate": "2019-07-10",
            "latestAction": {
                "actionDate": "2019-07-11",
                "text": "Referred to the Subcommittee on Consumer Protection and Commerce."
            },
            "number": "3693",
            "policyArea": {
                "name": "Finance and Financial Sector"
            },
            "title": "Prohibit Auto Insurance Discrimination Act",
            "type": "HR",
            "url": "https://api.congress.gov/v3/bill/116/hr/3693?format=json"
        },
        {
            "congress": 116,
            "introducedDate": "2019-07-09",
            "latestAction": {
                "actionDate": "2019-07-09",
                "text": "Referred to the Committee on Energy and Commerce, and in addition to the Committee on Education and Labor, for a period to be subsequently determined by the Speaker, in each case for consideration of such provisions as fall within the jurisdiction of the committee concerned."
            },
            "number": "480",
            "policyArea": {
                "name": "Health"
            },
            "title": "Acknowledging the racial disparities in diagnosing and treating mental health among youth in communities of color.",
            "type": "HRES",
            "url": "https://api.congress.gov/v3/bill/116/hres/480?format=json"
        },
        {
            "congress": 116,
            "introducedDate": "2019-06-24",
            "latestAction": {
                "actionDate": "2019-07-30",
                "text": "Referred to the Subcommittee on Crime, Terrorism, and Homeland Security."
            },
            "number": "3454",
            "policyArea": {
                "name": "Crime and Law Enforcement"
            },
            "title": "HEAR Act",
            "type": "HR",
            "url": "https://api.congress.gov/v3/bill/116/hr/3454?format=json"
        },
        {
            "congress": 116,
            "introducedDate": "2019-05-15",
            "latestAction": {
                "actionDate": "2019-05-16",
                "text": "Referred to the Subcommittee on Health."
            },
            "number": "2778",
            "policyArea": {
                "name": "Health"
            },
            "title": "Healthy MOM Act",
            "type": "HR",
            "url": "https://api.congress.gov/v3/bill/116/hr/2778?format=json"
        },
        {
            "congress": 116,
            "introducedDate": "2019-05-10",
            "latestAction": {
                "actionDate": "2019-06-26",
                "text": "Referred to the Subcommittee on the Constitution, Civil Rights, and Civil Liberties."
            },
            "number": "2687",
            "policyArea": {
                "name": "Civil Rights and Liberties, Minority Issues"
            },
            "title": "Customer Non-Discrimination Act",
            "type": "HR",
            "url": "https://api.congress.gov/v3/bill/116/hr/2687?format=json"
        },
        {
            "congress": 116,
            "introducedDate": "2019-04-04",
            "latestAction": {
                "actionDate": "2019-04-04",
                "text": "Referred to the House Committee on Ways and Means."
            },
            "number": "2112",
            "policyArea": {
                "name": "Taxation"
            },
            "title": "Refund to Rainy Day Savings Act",
            "type": "HR",
            "url": "https://api.congress.gov/v3/bill/116/hr/2112?format=json"
        },
        {
            "congress": 116,
            "introducedDate": "2019-03-26",
            "latestAction": {
                "actionDate": "2019-05-16",
                "text": "Received in the Senate and Read twice and referred to the Committee on Homeland Security and Governmental Affairs."
            },
            "number": "1892",
            "policyArea": {
                "name": "Emergency Management"
            },
            "title": "Quadrennial Homeland Security Review Technical Corrections Act of 2019",
            "type": "HR",
            "url": "https://api.congress.gov/v3/bill/116/hr/1892?format=json"
        },
        {
            "congress": 116,
            "introducedDate": "2019-03-26",
            "latestAction": {
                "actionDate": "2019-04-08",
                "text": "Referred to the Subcommittee on Crime, Terrorism, and Homeland Security."
            },
            "number": "1893",
            "policyArea": {
                "name": "Crime and Law Enforcement"
            },
            "title": "Next Step Act of 2019",
            "type": "HR",
            "url": "https://api.congress.gov/v3/bill/116/hr/1893?format=json"
        },
        {
            "congress": 116,
            "introducedDate": "2019-03-08",
            "latestAction": {
                "actionDate": "2019-03-11",
                "text": "Referred to the Subcommittee on Health."
            },
            "number": "1643",
            "policyArea": {
                "name": "Health"
            },
            "title": "PrEP Assistance Program Act",
            "type": "HR",
            "url": "https://api.congress.gov/v3/bill/116/hr/1643?format=json"
        },
        {
            "congress": 116,
            "introducedDate": "2019-02-28",
            "latestAction": {
                "actionDate": "2019-02-28",
                "text": "Referred to the House Committee on Ways and Means."
            },
            "number": "1436",
            "policyArea": {
                "name": "Taxation"
            },
            "title": "EITC Modernization Act of 2019",
            "type": "HR",
            "url": "https://api.congress.gov/v3/bill/116/hr/1436?format=json"
        },
        {
            "congress": 116,
            "introducedDate": "2019-02-14",
            "latestAction": {
                "actionDate": "2019-02-14",
                "text": "Referred to the House Committee on Ways and Means."
            },
            "number": "1295",
            "policyArea": {
                "name": "Taxation"
            },
            "title": "Expanding Penalty Free Withdrawal Act of 2019",
            "type": "HR",
            "url": "https://api.congress.gov/v3/bill/116/hr/1295?format=json"
        },
        {
            "congress": 116,
            "introducedDate": "2019-02-14",
            "latestAction": {
                "actionDate": "2019-02-14",
                "text": "Referred to the House Committee on Ways and Means."
            },
            "number": "1294",
            "policyArea": {
                "name": "Taxation"
            },
            "title": "Employee Profit-Sharing Encouragement Act of 2019",
            "type": "HR",
            "url": "https://api.congress.gov/v3/bill/116/hr/1294?format=json"
        },
        {
            "congress": 116,
            "introducedDate": "2019-01-17",
            "latestAction": {
                "actionDate": "2019-03-04",
                "text": "Referred to the Subcommittee on Crime, Terrorism, and Homeland Security."
            },
            "number": "686",
            "policyArea": {
                "name": "Crime and Law Enforcement"
            },
            "title": "Stop Online Ammunition Sales Act of 2019",
            "type": "HR",
            "url": "https://api.congress.gov/v3/bill/116/hr/686?format=json"
        },
        {
            "congress": 116,
            "introducedDate": "2019-01-17",
            "latestAction": {
                "actionDate": "2019-03-04",
                "text": "Referred to the Subcommittee on Crime, Terrorism, and Homeland Security."
            },
            "number": "687",
            "policyArea": {
                "name": "Crime and Law Enforcement"
            },
            "title": "Handgun Licensing and Registration Act of 2019",
            "type": "HR",
            "url": "https://api.congress.gov/v3/bill/116/hr/687?format=json"
        },
        {
            "congress": 115,
            "introducedDate": "2018-09-28",
            "latestAction": {
                "actionDate": "2018-09-28",
                "text": "Referred to the House Committee on Ways and Means."
            },
            "number": "6976",
            "policyArea": {
                "name": "Taxation"
            },
            "title": "Employee Profit-Sharing Encouragement Act of 2018",
            "type": "HR",
            "url": "https://api.congress.gov/v3/bill/115/hr/6976?format=json"
        },
        {
            "congress": 115,
            "introducedDate": "2018-09-25",
            "latestAction": {
                "actionDate": "2018-09-25",
                "text": "Referred to the House Committee on Ways and Means."
            },
            "number": "6873",
            "policyArea": {
                "name": "Taxation"
            },
            "title": "EITC Modernization Act of 2018",
            "type": "HR",
            "url": "https://api.congress.gov/v3/bill/115/hr/6873?format=json"
        },
        {
            "congress": 115,
            "introducedDate": "2018-07-23",
            "latestAction": {
                "actionDate": "2018-07-23",
                "text": "Referred to the Committee on Education and the Workforce, and in addition to the Committee on Ways and Means, for a period to be subsequently determined by the Speaker, in each case for consideration of such provisions as fall within the jurisdiction of the committee concerned."
            },
            "number": "6467",
            "policyArea": {
                "name": "Labor and Employment"
            },
            "title": "Federal Jobs Guarantee Development Act of 2018",
            "type": "HR",
            "url": "https://api.congress.gov/v3/bill/115/hr/6467?format=json"
        },
        {
            "congress": 115,
            "introducedDate": "2018-07-19",
            "latestAction": {
                "actionDate": "2018-09-05",
                "text": "Received in the Senate and Read twice and referred to the Committee on Commerce, Science, and Transportation."
            },
            "number": "6461",
            "policyArea": {
                "name": "Transportation and Public Works"
            },
            "title": "TSA National Deployment Force Act",
            "type": "HR",
            "url": "https://api.congress.gov/v3/bill/115/hr/6461?format=json"
        },
        {
            "amendmentNumber": "867",
            "congress": 115,
            "introducedDate": "2018-07-13",
            "latestAction": {
                "actionDate": "2018-07-13",
                "actionTime": "10:05:22",
                "text": "On agreeing to the Watson Coleman amendment (A001) Failed by voice vote. "
            },
            "type": null,
            "url": "https://api.congress.gov/v3/amendment/115/hamdt/867?format=json"
        },
        {
            "congress": 115,
            "introducedDate": "2018-06-28",
            "latestAction": {
                "actionDate": "2018-06-29",
                "text": "Referred to the Subcommittee on Economic Development, Public Buildings and Emergency Management."
            },
            "number": "6266",
            "policyArea": {
                "name": "Government Operations and Politics"
            },
            "title": "Enhancing Public Access to Feminine Hygiene Products Act",
            "type": "HR",
            "url": "https://api.congress.gov/v3/bill/115/hr/6266?format=json"
        },
        {
            "congress": 115,
            "introducedDate": "2018-06-25",
            "latestAction": {
                "actionDate": "2018-06-25",
                "text": "Referred to the House Committee on Energy and Commerce."
            },
            "number": "960",
            "policyArea": {
                "name": "Health"
            },
            "title": "Expressing the sense of the House of Representatives in support of HIV pre-exposure prophylaxis research, education, and usage, and addressing the barriers to receiving this treatment, especially for communities of color, gay and bisexual men, and transgender people.",
            "type": "HRES",
            "url": "https://api.congress.gov/v3/bill/115/hres/960?format=json"
        },
        {
            "congress": 115,
            "introducedDate": "2018-06-12",
            "latestAction": {
                "actionDate": "2018-07-30",
                "text": "Referred to the Subcommittee on Crime, Terrorism, Homeland Security, and Investigations."
            },
            "number": "933",
            "policyArea": {
                "name": "Health"
            },
            "title": "To acknowledge that the War on Drugs has been a failed policy in achieving the goal of reducing drug use, and for the House of Representatives to apologize to the individuals and communities that were victimized by this policy.",
            "type": "HRES",
            "url": "https://api.congress.gov/v3/bill/115/hres/933?format=json"
        },
        {
            "congress": 115,
            "introducedDate": "2018-04-26",
            "latestAction": {
                "actionDate": "2018-05-22",
                "text": "Referred to the Subcommittee on Crime, Terrorism, Homeland Security, and Investigations."
            },
            "number": "854",
            "policyArea": {
                "name": "Native Americans"
            },
            "title": "Affirming a commitment to elevate the voices, leadership, and needs of historically and currently disenfranchised and underserved communities in the effort to end sexual violence and support all survivors of sexual violence, including immigrant survivors, survivors with disabilities, survivors of color, survivors of child sexual abuse, and lesbian, gay, bisexual, and transgender survivors.",
            "type": "HRES",
            "url": "https://api.congress.gov/v3/bill/115/hres/854?format=json"
        },
        {
            "congress": 115,
            "introducedDate": "2018-04-24",
            "latestAction": {
                "actionDate": "2018-05-22",
                "text": "Referred to the Subcommittee on Crime, Terrorism, Homeland Security, and Investigations."
            },
            "number": "5607",
            "policyArea": {
                "name": "Crime and Law Enforcement"
            },
            "title": "Handgun Licensing and Registration Act of 2018",
            "type": "HR",
            "url": "https://api.congress.gov/v3/bill/115/hr/5607?format=json"
        },
        {
            "congress": 115,
            "introducedDate": "2018-04-12",
            "latestAction": {
                "actionDate": "2018-04-12",
                "text": "Referred to the Committee on Financial Services, and in addition to the Committee on Energy and Commerce, for a period to be subsequently determined by the Speaker, in each case for consideration of such provisions as fall within the jurisdiction of the committee concerned."
            },
            "number": "5502",
            "policyArea": {
                "name": "Finance and Financial Sector"
            },
            "title": "Prohibit Auto Insurance Discrimination Act",
            "type": "HR",
            "url": "https://api.congress.gov/v3/bill/115/hr/5502?format=json"
        },
        {
            "congress": 115,
            "introducedDate": "2018-02-27",
            "latestAction": {
                "actionDate": "2018-03-22",
                "text": "Received in the Senate and Read twice and referred to the Committee on Commerce, Science, and Transportation."
            },
            "number": "5131",
            "policyArea": {
                "name": "Transportation and Public Works"
            },
            "title": "Surface Transportation Security Improvement Act of 2018",
            "type": "HR",
            "url": "https://api.congress.gov/v3/bill/115/hr/5131?format=json"
        },
        {
            "congress": 115,
            "introducedDate": "2017-11-28",
            "latestAction": {
                "actionDate": "2017-12-05",
                "text": "Referred to the Subcommittee on Transportation and Protective Security."
            },
            "number": "4474",
            "policyArea": {
                "name": "Transportation and Public Works"
            },
            "title": "Surface Transportation and Public Area Security Act of 2017",
            "type": "HR",
            "url": "https://api.congress.gov/v3/bill/115/hr/4474?format=json"
        },
        {
            "congress": 115,
            "introducedDate": "2017-10-04",
            "latestAction": {
                "actionDate": "2018-01-22",
                "text": "Referred to the Subcommittee on Crime, Terrorism, Homeland Security, and Investigations."
            },
            "number": "3962",
            "policyArea": {
                "name": "Crime and Law Enforcement"
            },
            "title": "Stop Online Ammunition Sales Act of 2017",
            "type": "HR",
            "url": "https://api.congress.gov/v3/bill/115/hr/3962?format=json"
        },
        {
            "congress": 115,
            "introducedDate": "2017-09-26",
            "latestAction": {
                "actionDate": "2017-10-04",
                "text": "Referred to the Subcommittee on Crime, Terrorism, Homeland Security, and Investigations."
            },
            "number": "3844",
            "policyArea": {
                "name": "Crime and Law Enforcement"
            },
            "title": "End For-Profit Prisons Act of 2017",
            "type": "HR",
            "url": "https://api.congress.gov/v3/bill/115/hr/3844?format=json"
        },
        {
            "congress": 115,
            "introducedDate": "2017-07-27",
            "latestAction": {
                "actionDate": "2017-09-06",
                "text": "Referred to the Subcommittee on Crime, Terrorism, Homeland Security, and Investigations."
            },
            "number": "3521",
            "policyArea": {
                "name": "Government Operations and Politics"
            },
            "title": "Stop Padding Presidential Pockets Act of 2017",
            "type": "HR",
            "url": "https://api.congress.gov/v3/bill/115/hr/3521?format=json"
        },
        {
            "congress": 115,
            "introducedDate": "2017-07-27",
            "latestAction": {
                "actionDate": "2017-09-06",
                "text": "Referred to the Subcommittee on the Constitution and Civil Justice."
            },
            "number": "3520",
            "policyArea": {
                "name": "Civil Rights and Liberties, Minority Issues"
            },
            "title": "Customer Non-Discrimination Act",
            "type": "HR",
            "url": "https://api.congress.gov/v3/bill/115/hr/3520?format=json"
        },
        {
            "congress": 115,
            "introducedDate": "2017-07-14",
            "latestAction": {
                "actionDate": "2017-07-28",
                "text": "Placed on the House Calendar, Calendar No. 74."
            },
            "number": "447",
            "policyArea": {
                "name": "Government Operations and Politics"
            },
            "title": "Directing the Secretary of Homeland Security to transmit certain documents to the House of Representatives relating to Department of Homeland Security policies and activities relating to businesses owned or controlled by President Donald J. Trump.",
            "type": "HRES",
            "url": "https://api.congress.gov/v3/bill/115/hres/447?format=json"
        },
        {
            "congress": 115,
            "introducedDate": "2017-05-25",
            "latestAction": {
                "actionDate": "2017-06-12",
                "text": "Referred to the Subcommittee on Health."
            },
            "number": "2745",
            "policyArea": {
                "name": "Health"
            },
            "title": "Healthy MOM Act",
            "type": "HR",
            "url": "https://api.congress.gov/v3/bill/115/hr/2745?format=json"
        },
        {
            "congress": 115,
            "introducedDate": "2017-05-24",
            "latestAction": {
                "actionDate": "2017-05-26",
                "text": "Referred to the Subcommittee on Energy."
            },
            "number": "2649",
            "policyArea": {
                "name": "Energy"
            },
            "title": "Safer Pipelines Act of 2017",
            "type": "HR",
            "url": "https://api.congress.gov/v3/bill/115/hr/2649?format=json"
        },
        {
            "congress": 115,
            "introducedDate": "2017-05-02",
            "latestAction": {
                "actionDate": "2018-03-23",
                "text": "Became Public Law No: 115-143."
            },
            "number": "2302",
            "policyArea": {
                "name": "Government Operations and Politics"
            },
            "title": "An act to designate the facility of the United States Postal Service located at 259 Nassau Street, Suite 2 in Princeton, New Jersey, as the \"Dr. John F. Nash, Jr. Post Office\"",
            "type": "HR",
            "url": "https://api.congress.gov/v3/bill/115/hr/2302?format=json"
        },
        {
            "congress": 115,
            "introducedDate": "2017-03-01",
            "latestAction": {
                "actionDate": "2017-03-22",
                "text": "Received in the Senate and Read twice and referred to the Committee on Homeland Security and Governmental Affairs."
            },
            "number": "1297",
            "policyArea": {
                "name": "Emergency Management"
            },
            "title": "Quadrennial Homeland Security Review Technical Corrections Act of 2017",
            "type": "HR",
            "url": "https://api.congress.gov/v3/bill/115/hr/1297?format=json"
        },
        {
            "congress": 115,
            "introducedDate": "2017-01-05",
            "latestAction": {
                "actionDate": "2017-02-01",
                "text": "Received in the Senate and Read twice and referred to the Committee on Homeland Security and Governmental Affairs."
            },
            "number": "347",
            "policyArea": {
                "name": "Government Operations and Politics"
            },
            "title": "DHS Acquisition Documentation Integrity Act of 2017",
            "type": "HR",
            "url": "https://api.congress.gov/v3/bill/115/hr/347?format=json"
        },
        {
            "congress": 114,
            "introducedDate": "2016-12-08",
            "latestAction": {
                "actionDate": "2016-12-08",
                "text": "Referred to the House Committee on Education and the Workforce."
            },
            "number": "6525",
            "policyArea": {
                "name": "Education"
            },
            "title": "Lead-free Students Act",
            "type": "HR",
            "url": "https://api.congress.gov/v3/bill/114/hr/6525?format=json"
        },
        {
            "congress": 114,
            "introducedDate": "2016-09-28",
            "latestAction": {
                "actionDate": "2016-10-21",
                "text": "Referred to the Subcommittee on the Constitution and Civil Justice."
            },
            "number": "6293",
            "policyArea": {
                "name": "Labor and Employment"
            },
            "title": "Fair Salary History Alternatives for Responsible Employment Act of 2016",
            "type": "HR",
            "url": "https://api.congress.gov/v3/bill/114/hr/6293?format=json"
        },
        {
            "congress": 114,
            "introducedDate": "2016-09-26",
            "latestAction": {
                "actionDate": "2016-09-26",
                "text": "Referred to the House Committee on Ways and Means."
            },
            "number": "6173",
            "policyArea": {
                "name": "Taxation"
            },
            "title": "Transit Tax Credit Act of 2016",
            "type": "HR",
            "url": "https://api.congress.gov/v3/bill/114/hr/6173?format=json"
        },
        {
            "congress": 114,
            "introducedDate": "2016-09-22",
            "latestAction": {
                "actionDate": "2016-10-19",
                "text": "Referred to the Subcommittee on Nutrition."
            },
            "number": "6163",
            "policyArea": {
                "name": "Social Welfare"
            },
            "title": "Federal Benefits Fairness and Restoration Act of 2016",
            "type": "HR",
            "url": "https://api.congress.gov/v3/bill/114/hr/6163?format=json"
        },
        {
            "congress": 114,
            "introducedDate": "2016-09-21",
            "latestAction": {
                "actionDate": "2016-10-18",
                "text": "Referred to the Subcommittee on Crime, Terrorism, Homeland Security, and Investigations."
            },
            "number": "6113",
            "policyArea": {
                "name": "Crime and Law Enforcement"
            },
            "title": "End For-Profit Prisons Act of 2016",
            "type": "HR",
            "url": "https://api.congress.gov/v3/bill/114/hr/6113?format=json"
        },
        {
            "amendmentNumber": "1225",
            "congress": 114,
            "introducedDate": "2016-07-06",
            "latestAction": {
                "actionDate": "2016-07-06",
                "actionTime": "23:31:54",
                "text": "On agreeing to the Watson Coleman amendment (A004) Failed by recorded vote: 179 - 243 (Roll no. 374). "
            },
            "type": null,
            "url": "https://api.congress.gov/v3/amendment/114/hamdt/1225?format=json"
        },
        {
            "congress": 114,
            "introducedDate": "2016-07-06",
            "latestAction": {
                "actionDate": "2016-07-06",
                "text": "Referred to the House Committee on Energy and Commerce."
            },
            "number": "5630",
            "policyArea": {
                "name": "Energy"
            },
            "title": "Safe and Accountable Federal Energy Review for Pipelines Act of 2016",
            "type": "HR",
            "url": "https://api.congress.gov/v3/bill/114/hr/5630?format=json"
        },
        {
            "congress": 114,
            "introducedDate": "2016-06-24",
            "latestAction": {
                "actionDate": "2016-06-30",
                "text": "Referred to the Subcommittee on the Constitution and Civil Justice."
            },
            "number": "5586",
            "policyArea": {
                "name": "Civil Rights and Liberties, Minority Issues"
            },
            "title": "Customer Non-Discrimination Act",
            "type": "HR",
            "url": "https://api.congress.gov/v3/bill/114/hr/5586?format=json"
        },
        {
            "congress": 114,
            "introducedDate": "2016-06-07",
            "latestAction": {
                "actionDate": "2016-07-12",
                "text": "Received in the Senate and Read twice and referred to the Committee on Homeland Security and Governmental Affairs."
            },
            "number": "5385",
            "policyArea": {
                "name": "Emergency Management"
            },
            "title": "Quadrennial Homeland Security Review Technical Correction Act of 2016",
            "type": "HR",
            "url": "https://api.congress.gov/v3/bill/114/hr/5385?format=json"
        },
        {
            "amendmentNumber": "989",
            "congress": 114,
            "introducedDate": "2016-05-11",
            "latestAction": {
                "actionDate": "2016-05-11",
                "actionTime": "14:42:53",
                "text": "On agreeing to the Watson Coleman amendment (A007) Agreed to by voice vote. "
            },
            "type": null,
            "url": "https://api.congress.gov/v3/amendment/114/hamdt/989?format=json"
        },
        {
            "congress": 114,
            "introducedDate": "2016-04-15",
            "latestAction": {
                "actionDate": "2016-04-15",
                "text": "Referred to the House Committee on Ways and Means."
            },
            "number": "4973",
            "policyArea": {
                "name": "Taxation"
            },
            "title": "Investing in Older Americans Act of 2016",
            "type": "HR",
            "url": "https://api.congress.gov/v3/bill/114/hr/4973?format=json"
        },
        {
            "congress": 114,
            "introducedDate": "2016-04-15",
            "latestAction": {
                "actionDate": "2016-04-15",
                "text": "Referred to the House Committee on Ways and Means."
            },
            "number": "4972",
            "policyArea": {
                "name": "Taxation"
            },
            "title": "Expanding Penalty Free Withdrawal Act of 2016",
            "type": "HR",
            "url": "https://api.congress.gov/v3/bill/114/hr/4972?format=json"
        },
        {
            "congress": 114,
            "introducedDate": "2016-03-22",
            "latestAction": {
                "actionDate": "2016-03-22",
                "text": "Referred to the House Committee on Ways and Means."
            },
            "number": "4840",
            "policyArea": {
                "name": "Taxation"
            },
            "title": "Hire For a Second Chance Act of 2016",
            "type": "HR",
            "url": "https://api.congress.gov/v3/bill/114/hr/4840?format=json"
        },
        {
            "congress": 114,
            "introducedDate": "2016-02-01",
            "latestAction": {
                "actionDate": "2016-02-24",
                "text": "Received in the Senate and Read twice and referred to the Committee on Homeland Security and Governmental Affairs."
            },
            "number": "4398",
            "policyArea": {
                "name": "Government Operations and Politics"
            },
            "title": "DHS Acquisition Documentation Integrity Act of 2016",
            "type": "HR",
            "url": "https://api.congress.gov/v3/bill/114/hr/4398?format=json"
        },
        {
            "congress": 114,
            "introducedDate": "2015-11-19",
            "latestAction": {
                "actionDate": "2015-11-19",
                "text": "Referred to the House Committee on Veterans' Affairs."
            },
            "number": "4125",
            "policyArea": {
                "name": "Armed Forces and National Security"
            },
            "title": "To direct the Secretary of Veterans Affairs to conduct a study on the feasibility of the Secretary entering into public-private partnerships to improve the access of veterans to medical facilities in densely populated communities and rural communities.",
            "type": "HR",
            "url": "https://api.congress.gov/v3/bill/114/hr/4125?format=json"
        },
        {
            "congress": 114,
            "introducedDate": "2015-06-23",
            "latestAction": {
                "actionDate": "2015-07-02",
                "text": "Referred to the Subcommittee on Health."
            },
            "number": "2866",
            "policyArea": {
                "name": "Health"
            },
            "title": "Healthy MOM Act",
            "type": "HR",
            "url": "https://api.congress.gov/v3/bill/114/hr/2866?format=json"
        },
        {
            "congress": 114,
            "introducedDate": "2015-05-12",
            "latestAction": {
                "actionDate": "2015-06-01",
                "text": "Referred to the Subcommittee on Crime, Terrorism, Homeland Security, and Investigations."
            },
            "number": "2283",
            "policyArea": {
                "name": "Crime and Law Enforcement"
            },
            "title": "Stop Online Ammunition Sales Act of 2015",
            "type": "HR",
            "url": "https://api.congress.gov/v3/bill/114/hr/2283?format=json"
        },
        {
            "congress": 114,
            "introducedDate": "2015-04-22",
            "latestAction": {
                "actionDate": "2015-04-22",
                "text": "Referred to the House Committee on Ways and Means."
            },
            "number": "1979",
            "policyArea": {
                "name": "Taxation"
            },
            "title": "Taxpayer Economic Hardship Protection Act of 2015",
            "type": "HR",
            "url": "https://api.congress.gov/v3/bill/114/hr/1979?format=json"
        },
        {
            "congress": 114,
            "introducedDate": "2015-03-26",
            "latestAction": {
                "actionDate": "2015-06-24",
                "text": "Received in the Senate and Read twice and referred to the Committee on Homeland Security and Governmental Affairs."
            },
            "number": "1646",
            "policyArea": {
                "name": "Emergency Management"
            },
            "title": "Homeland Security Drone Assessment and Analysis Act",
            "type": "HR",
            "url": "https://api.congress.gov/v3/bill/114/hr/1646?format=json"
        }
    ]
}