{
    "pagination": {
        "count": 147
    },
    "request": {
        "bioguideId": "l000371",
        "contentType": "application/json",
        "format": "json"
    },
    "sponsoredLegislation": [
        {
            "congress": 96,
            "introducedDate": "1980-12-03",
            "latestAction": {
                "actionDate": "1980-12-03",
                "text": "Referred to House Committee on Public Works and Transportation."
            },
            "number": "8412",
            "policyArea": {
                "name": "Environmental Protection"
            },
            "title": "A bill to amend the Federal Water Pollution Control Act to provide for the payment of claims resulting from a certain discharge of pentachlorophenol into the Mississippi River Gulf outlet.",
            "type": "HR",
            "url": "https://api.congress.gov/v3/bill/96/hr/8412?format=json"
        },
        {
            "congress": 96,
            "introducedDate": "1979-12-18",
            "latestAction": {
                "actionDate": "1980-06-28",
                "text": "Public Law 96-288."
            },
            "number": "6169",
            "policyArea": {
                "name": "Public Lands and Natural Resources"
            },
            "title": "A bill to establish the Bogue Chitto National Wildlife Refuge.",
            "type": "HR",
            "url": "https://api.congress.gov/v3/bill/96/hr/6169?format=json"
        },
        {
            "congress": 96,
            "introducedDate": "1979-06-26",
            "latestAction": {
                "actionDate": "1979-06-26",
                "text": "Referred to House Committee on the Judiciary."
            },
            "number": "4629",
            "policyArea": {
                "name": "Private Legislation"
            },
            "title": "A bill for the relief of Mrs. Joseph Tardiff, Julianne Tardiff, Tracy Tardiff, and Troy Tardiff.",
            "type": "HR",
            "url": "https://api.congress.gov/v3/bill/96/hr/4629?format=json"
        },
        {
            "congress": 96,
            "introducedDate": "1979-05-08",
            "latestAction": {
                "actionDate": "1979-05-08",
                "text": "Referred to House Committee on Merchant Marine and Fisheries."
            },
            "number": "4012",
            "policyArea": {
                "name": "Private Legislation"
            },
            "title": "A bill to direct the Secretary of the Department in which the United States Coast Guard is operating to cause the vessel Alice to be documented as a vessel of the United States so as to be entitled to engage in the coastwise trade.",
            "type": "HR",
            "url": "https://api.congress.gov/v3/bill/96/hr/4012?format=json"
        },
        {
            "congress": 96,
            "introducedDate": "1979-03-20",
            "latestAction": {
                "actionDate": "1979-03-20",
                "text": "Referred to House Committee on Public Works and Transportation."
            },
            "number": "3111",
            "policyArea": {
                "name": "Water Resources Development"
            },
            "title": "A bill to direct the Secretary of the Army to study and recommend to Congress the extent of non-Federal cooperation that should be required for retaining works for dredged material at water resources development projects under the jurisdiction of the Secretary of the Army.",
            "type": "HR",
            "url": "https://api.congress.gov/v3/bill/96/hr/3111?format=json"
        },
        {
            "congress": 96,
            "introducedDate": "1979-02-26",
            "latestAction": {
                "actionDate": "1979-02-26",
                "text": "Referred to House Committee on the Judiciary."
            },
            "number": "2437",
            "policyArea": {
                "name": "Private Legislation"
            },
            "title": "A bill for the relief of Mrs. Stella Marie Deignan.",
            "type": "HR",
            "url": "https://api.congress.gov/v3/bill/96/hr/2437?format=json"
        },
        {
            "congress": 96,
            "introducedDate": "1979-02-26",
            "latestAction": {
                "actionDate": "1979-02-26",
                "text": "Referred to House Committee on Public Works and Transportation."
            },
            "number": "2396",
            "policyArea": {
                "name": "Emergency Management"
            },
            "title": "A bill to amend the Water Resources Development Act of 1974, relating to the hurricane-flood protection project on Lake Pontchartrain, Louisiana.",
            "type": "HR",
            "url": "https://api.congress.gov/v3/bill/96/hr/2396?format=json"
        },
        {
            "congress": 96,
            "introducedDate": "1980-01-31",
            "latestAction": {
                "actionDate": "1980-01-31",
                "text": "Referred to House Committee on Foreign Affairs."
            },
            "number": "271",
            "policyArea": {
                "name": "Social Welfare"
            },
            "title": "A concurrent resolution expressing the sense of the Congress that the President should establish a commission to examine national service programs.",
            "type": "HCONRES",
            "url": "https://api.congress.gov/v3/bill/96/hconres/271?format=json"
        },
        {
            "congress": 106,
            "introducedDate": "1999-01-06",
            "latestAction": {
                "actionDate": "1999-01-06",
                "text": "Referred to the House Committee on the Budget."
            },
            "number": "37",
            "policyArea": {
                "name": "Economics and Public Finance"
            },
            "title": "Social Security Trust Funds Protection Act",
            "type": "HR",
            "url": "https://api.congress.gov/v3/bill/106/hr/37?format=json"
        },
        {
            "congress": 95,
            "introducedDate": "1978-06-26",
            "latestAction": {
                "actionDate": "1978-06-26",
                "text": "Referred to House Committee on Public Works and Transportation."
            },
            "number": "13291",
            "policyArea": {
                "name": "Public works"
            },
            "title": "A bill to direct the Secretary of the Army to replace the seawall located at Mandeville, St. Tammany Parish, Louisiana.",
            "type": "HR",
            "url": "https://api.congress.gov/v3/bill/95/hr/13291?format=json"
        },
        {
            "congress": 95,
            "introducedDate": "1978-06-21",
            "latestAction": {
                "actionDate": "1978-06-21",
                "text": "Referred to House Committee on the Judiciary."
            },
            "number": "13234",
            "policyArea": {
                "name": "Private Legislation"
            },
            "title": "A bill for the relief of Mrs. Stella Marie Deignan.",
            "type": "HR",
            "url": "https://api.congress.gov/v3/bill/95/hr/13234?format=json"
        },
        {
            "congress": 95,
            "introducedDate": "1978-06-12",
            "latestAction": {
                "actionDate": "1978-06-12",
                "text": "Referred to House Committee on Public Works and Transportation."
            },
            "number": "13084",
            "policyArea": {
                "name": "Environmental Protection"
            },
            "title": "A bill to amend the Federal Water Pollution Control Act to provide a lower limit on penalties for the discharge of hazardous substances.",
            "type": "HR",
            "url": "https://api.congress.gov/v3/bill/95/hr/13084?format=json"
        },
        {
            "congress": 95,
            "introducedDate": "1978-06-12",
            "latestAction": {
                "actionDate": "1978-06-12",
                "text": "Referred to House Committee on Merchant Marine and Fisheries."
            },
            "number": "13098",
            "policyArea": {
                "name": "Private Legislation"
            },
            "title": "A bill to direct the Secretary of the department in which the United States Coast Guard is operating to cause the vessel Alice to be documented as a vessel of the United States so as to be entitled to engage in the coastwise trade.",
            "type": "HR",
            "url": "https://api.congress.gov/v3/bill/95/hr/13098?format=json"
        },
        {
            "congress": 95,
            "introducedDate": "1978-06-07",
            "latestAction": {
                "actionDate": "1978-06-07",
                "text": "Referred to House Committee on Public Works and Transportation."
            },
            "number": "13013",
            "policyArea": {
                "name": "Public works"
            },
            "title": "A bill to direct the Secretary of the Army to replace the seawall located at Mandeville, St. Tammany Parish, Louisiana.",
            "type": "HR",
            "url": "https://api.congress.gov/v3/bill/95/hr/13013?format=json"
        },
        {
            "congress": 95,
            "introducedDate": "1977-12-15",
            "latestAction": {
                "actionDate": "1977-12-15",
                "text": "Referred to House Committee on Public Works and Transportation."
            },
            "number": "10387",
            "policyArea": {
                "name": "Emergency Management"
            },
            "title": "A bill to amend the Water Resources Development Act of 1974, relating to the hurricane-flood protection project on Lake Pontchartrain, La.",
            "type": "HR",
            "url": "https://api.congress.gov/v3/bill/95/hr/10387?format=json"
        },
        {
            "congress": 95,
            "introducedDate": "1977-09-23",
            "latestAction": {
                "actionDate": "1977-09-23",
                "text": "Referred to House Committee on the Judiciary."
            },
            "number": "9288",
            "policyArea": {
                "name": "Private Legislation"
            },
            "title": "A bill for the relief of Doctor Victor T. Cruz.",
            "type": "HR",
            "url": "https://api.congress.gov/v3/bill/95/hr/9288?format=json"
        },
        {
            "congress": 95,
            "introducedDate": "1978-06-21",
            "latestAction": {
                "actionDate": "1978-06-21",
                "text": "Referred to House Committee on Interstate and Foreign Commerce."
            },
            "number": "647",
            "policyArea": {
                "name": "Energy"
            },
            "title": "A resolution expressing the disapproval of the Congress with respect to the Department of Energy's proposed changes to the crude oil entitlements programs.",
            "type": "HCONRES",
            "url": "https://api.congress.gov/v3/bill/95/hconres/647?format=json"
        },
        {
            "congress": 95,
            "introducedDate": "1978-05-11",
            "latestAction": {
                "actionDate": "1978-05-11",
                "text": "Referred to House Committee on Interstate and Foreign Commerce."
            },
            "number": "621",
            "policyArea": {
                "name": "Energy"
            },
            "title": "A resolution expressing the disapproval of the Congress with respect to the Department of Energy's proposed changes to the crude oil entitlements program.",
            "type": "HCONRES",
            "url": "https://api.congress.gov/v3/bill/95/hconres/621?format=json"
        },
        {
            "congress": 97,
            "introducedDate": "1982-09-28",
            "latestAction": {
                "actionDate": "1982-10-15",
                "text": "Referred to Subcommittee on Consumer Affairs and Coinage."
            },
            "number": "7201",
            "policyArea": {
                "name": "Finance and Financial Sector"
            },
            "title": "Louisiana World Exposition Commemorative Coin Act",
            "type": "HR",
            "url": "https://api.congress.gov/v3/bill/97/hr/7201?format=json"
        },
        {
            "congress": 97,
            "introducedDate": "1981-11-20",
            "latestAction": {
                "actionDate": "1981-11-25",
                "text": "Referred to Subcommittee on Social Security."
            },
            "number": "5076",
            "policyArea": {
                "name": "Social Welfare"
            },
            "title": "A bill to amend title II of the Social Security Act to ensure that the Secretary of Health and Human Services is provided adequate information concerning the death of individuals necessary for determining benefits under such title.",
            "type": "HR",
            "url": "https://api.congress.gov/v3/bill/97/hr/5076?format=json"
        },
        {
            "congress": 97,
            "introducedDate": "1981-05-12",
            "latestAction": {
                "actionDate": "1981-05-18",
                "text": "Referred to Subcommittee on Criminal Justice."
            },
            "number": "3541",
            "policyArea": {
                "name": "Crime and Law Enforcement"
            },
            "title": "A bill to amend title 18 of the United States Code to establish rational criteria for the imposition of the sentence of death, and for other purposes.",
            "type": "HR",
            "url": "https://api.congress.gov/v3/bill/97/hr/3541?format=json"
        },
        {
            "congress": 97,
            "introducedDate": "1981-03-09",
            "latestAction": {
                "actionDate": "1981-03-23",
                "text": "Referred to Subcommittee on Water Resources."
            },
            "number": "2371",
            "policyArea": {
                "name": "Emergency Management"
            },
            "title": "A bill to amend the Water Resources Development Act of 1974, relating to the hurricane-flood protection project on Lake Pontchartrain, Louisiana.",
            "type": "HR",
            "url": "https://api.congress.gov/v3/bill/97/hr/2371?format=json"
        },
        {
            "congress": 97,
            "introducedDate": "1981-03-09",
            "latestAction": {
                "actionDate": "1981-03-23",
                "text": "Referred to Subcommittee on Water Resources."
            },
            "number": "2370",
            "policyArea": {
                "name": "Environmental Protection"
            },
            "title": "A bill to amend the Federal Water Pollution Control Act to provide for the payment of claims resulting from a certain discharge of pentachlorophenol into the Mississippi River Gulf outlet.",
            "type": "HR",
            "url": "https://api.congress.gov/v3/bill/97/hr/2370?format=json"
        },
        {
            "congress": 97,
            "introducedDate": "1981-03-09",
            "latestAction": {
                "actionDate": "1981-03-09",
                "text": "Referred to House Committee on The Judiciary."
            },
            "number": "2382",
            "policyArea": {
                "name": "Private Legislation"
            },
            "title": "A bill for the relief of Mrs. Stella Marie Deignan.",
            "type": "HR",
            "url": "https://api.congress.gov/v3/bill/97/hr/2382?format=json"
        },
        {
            "congress": 97,
            "introducedDate": "1982-04-01",
            "latestAction": {
                "actionDate": "1982-04-05",
                "text": "Referred to Subcommittee on Inter-American Affairs."
            },
            "number": "426",
            "policyArea": {
                "name": "International Affairs"
            },
            "title": "A resolution acclaiming and supporting Democracy in El Salvador.",
            "type": "HRES",
            "url": "https://api.congress.gov/v3/bill/97/hres/426?format=json"
        },
        {
            "congress": 98,
            "introducedDate": "1984-09-28",
            "latestAction": {
                "actionDate": "1984-10-01",
                "text": "Referred to Subcommittee on Coast Guard and Navigation."
            },
            "number": "6333",
            "policyArea": {
                "name": "Transportation and Public Works"
            },
            "title": "A bill to limit the use of foreign icebreakers in United States waters.",
            "type": "HR",
            "url": "https://api.congress.gov/v3/bill/98/hr/6333?format=json"
        },
        {
            "congress": 98,
            "introducedDate": "1984-07-24",
            "latestAction": {
                "actionDate": "1984-07-24",
                "text": "Referred to House Committee on The Judiciary."
            },
            "number": "6018",
            "policyArea": {
                "name": "Private Legislation"
            },
            "title": "A bill for the relief of Ernst B. Coumou.",
            "type": "HR",
            "url": "https://api.congress.gov/v3/bill/98/hr/6018?format=json"
        },
        {
            "congress": 98,
            "introducedDate": "1984-04-12",
            "latestAction": {
                "actionDate": "1984-06-29",
                "text": "Unfavorable Executive Comment Received From Commerce."
            },
            "number": "5462",
            "policyArea": {
                "name": "Foreign Trade and International Finance"
            },
            "title": "A bill to amend the Tariff Act of 1930 to provide that certain imports of plywood be admitted free of duty.",
            "type": "HR",
            "url": "https://api.congress.gov/v3/bill/98/hr/5462?format=json"
        },
        {
            "congress": 98,
            "introducedDate": "1984-01-23",
            "latestAction": {
                "actionDate": "1984-01-23",
                "text": "Referred to House Committee on The Judiciary."
            },
            "number": "4615",
            "policyArea": {
                "name": "Private Legislation"
            },
            "title": "A bill for the relief of Bong Ngai, a.k.a. Henry Ngai.",
            "type": "HR",
            "url": "https://api.congress.gov/v3/bill/98/hr/4615?format=json"
        },
        {
            "congress": 98,
            "introducedDate": "1983-09-28",
            "latestAction": {
                "actionDate": "1983-10-03",
                "text": "Referred to Subcommittee on Telecommunications, Consumer Protection and Finance."
            },
            "number": "4012",
            "policyArea": {
                "name": "Science, Technology, Communications"
            },
            "title": "A bill to amend the Communications Act of 1934 to provide that television and radio broadcasting station licensees shall not refuse to sell advertising time for broadcast of editorial advertisements.",
            "type": "HR",
            "url": "https://api.congress.gov/v3/bill/98/hr/4012?format=json"
        },
        {
            "congress": 98,
            "introducedDate": "1983-07-28",
            "latestAction": {
                "actionDate": "1983-07-28",
                "text": "Referred to House Committee on Appropriations."
            },
            "number": "3694",
            "policyArea": {
                "name": "International Affairs"
            },
            "title": "A bill to repeal the \"Boland Amendment\", relating to the use of Central Intelligence Agency funds in Central America.",
            "type": "HR",
            "url": "https://api.congress.gov/v3/bill/98/hr/3694?format=json"
        },
        {
            "congress": 98,
            "introducedDate": "1983-06-15",
            "latestAction": {
                "actionDate": "1983-10-24",
                "text": "Became Public Law No: 98-136."
            },
            "number": "3321",
            "policyArea": {
                "name": "Science, Technology, Communications"
            },
            "title": "A bill to provide for the striking of medals to commemorate the Louisiana World Exposition.",
            "type": "HR",
            "url": "https://api.congress.gov/v3/bill/98/hr/3321?format=json"
        },
        {
            "congress": 98,
            "introducedDate": "1983-03-09",
            "latestAction": {
                "actionDate": "1983-03-09",
                "text": "Referred to House Committee on Banking, Finance and Urban Affairs."
            },
            "number": "2019",
            "policyArea": {
                "name": "Finance and Financial Sector"
            },
            "title": "Louisiana World Exposition Commemorative Coin Act",
            "type": "HR",
            "url": "https://api.congress.gov/v3/bill/98/hr/2019?format=json"
        },
        {
            "congress": 98,
            "introducedDate": "1983-02-15",
            "latestAction": {
                "actionDate": "1983-02-22",
                "text": "Referred to Subcommittee on Criminal Justice."
            },
            "number": "1476",
            "policyArea": {
                "name": "Crime and Law Enforcement"
            },
            "title": "A bill to amend title 18 of the United States Code to establish rational criteria for the imposition of the sentence of death, and for other purposes.",
            "type": "HR",
            "url": "https://api.congress.gov/v3/bill/98/hr/1476?format=json"
        },
        {
            "congress": 98,
            "introducedDate": "1983-02-02",
            "latestAction": {
                "actionDate": "1983-03-25",
                "text": "See H.R.1900."
            },
            "number": "1194",
            "policyArea": {
                "name": "Social Welfare"
            },
            "title": "A bill to amend title II of the Social Security Act to ensure that the Secretary of Health and Human Services is provided adequate information concerning the death of individuals necessary for determining benefits under such title.",
            "type": "HR",
            "url": "https://api.congress.gov/v3/bill/98/hr/1194?format=json"
        },
        {
            "congress": 98,
            "introducedDate": "1983-01-31",
            "latestAction": {
                "actionDate": "1983-02-09",
                "text": "Referred to Subcommittee on Civil and Constitutional Rights."
            },
            "number": "113",
            "policyArea": {
                "name": "Congress"
            },
            "title": "A joint resolution proposing an amendment to the Constitution of the United States with respect to fixing the compensation of members of the Congress.",
            "type": "HJRES",
            "url": "https://api.congress.gov/v3/bill/98/hjres/113?format=json"
        },
        {
            "amendmentNumber": "257",
            "congress": 99,
            "introducedDate": "1985-07-09",
            "latestAction": {
                "actionDate": "1985-07-09",
                "text": "Amendment Passed in Committee of the Whole by Voice Vote. "
            },
            "type": null,
            "url": "https://api.congress.gov/v3/amendment/99/hamdt/257?format=json"
        },
        {
            "congress": 99,
            "introducedDate": "1986-03-06",
            "latestAction": {
                "actionDate": "1986-03-14",
                "text": "Referred to Subcommittee on Western Hemisphere Affairs."
            },
            "number": "4343",
            "policyArea": {
                "name": "International Affairs"
            },
            "title": "Radio Broadcasting to Nicaragua Act",
            "type": "HR",
            "url": "https://api.congress.gov/v3/bill/99/hr/4343?format=json"
        },
        {
            "congress": 99,
            "introducedDate": "1986-02-19",
            "latestAction": {
                "actionDate": "1986-02-19",
                "text": "Referred to House Committee on The Judiciary."
            },
            "number": "4200",
            "policyArea": {
                "name": "Private Legislation"
            },
            "title": "A bill for the relief of Joseph W. Newman.",
            "type": "HR",
            "url": "https://api.congress.gov/v3/bill/99/hr/4200?format=json"
        },
        {
            "congress": 99,
            "introducedDate": "1985-10-09",
            "latestAction": {
                "actionDate": "1985-10-09",
                "text": "Referred to House Committee on The Judiciary."
            },
            "number": "3544",
            "policyArea": {
                "name": "Private Legislation"
            },
            "title": "A bill for the relief of Ernst B. Coumou.",
            "type": "HR",
            "url": "https://api.congress.gov/v3/bill/99/hr/3544?format=json"
        },
        {
            "congress": 99,
            "introducedDate": "1985-10-10",
            "latestAction": {
                "actionDate": "1985-10-18",
                "text": "Referred to Subcommittee on Arms Control, International Security and Science."
            },
            "number": "3551",
            "policyArea": {
                "name": "International Affairs"
            },
            "title": "A bill to repeal the War Powers Resolution.",
            "type": "HR",
            "url": "https://api.congress.gov/v3/bill/99/hr/3551?format=json"
        },
        {
            "congress": 99,
            "introducedDate": "1985-06-03",
            "latestAction": {
                "actionDate": "1985-06-17",
                "text": "Referred to Subcommittee on Surface Transportation."
            },
            "number": "2645",
            "policyArea": {
                "name": "Transportation and Public Works"
            },
            "title": "A bill to repeal section 158 of title 23, United States Code, relating to the national minimum drinking age.",
            "type": "HR",
            "url": "https://api.congress.gov/v3/bill/99/hr/2645?format=json"
        },
        {
            "congress": 99,
            "introducedDate": "1985-03-27",
            "latestAction": {
                "actionDate": "1985-04-01",
                "text": "Referred to Subcommittee on Coast Guard and Navigation."
            },
            "number": "1772",
            "policyArea": {
                "name": "Transportation and Public Works"
            },
            "title": "A bill to limit the use of foreign icebreakers in United States waters.",
            "type": "HR",
            "url": "https://api.congress.gov/v3/bill/99/hr/1772?format=json"
        },
        {
            "congress": 99,
            "introducedDate": "1985-03-19",
            "latestAction": {
                "actionDate": "1985-03-20",
                "text": "Referred to Subcommittee on Telecommunications, Consumer Protection and Finance."
            },
            "number": "1570",
            "policyArea": {
                "name": "Government Operations and Politics"
            },
            "title": "A bill to amend the Communications Act of 1934 to provide that television and radio broadcasting station licensees shall not refuse to sell advertising time for the broadcast of editorial advertisements.",
            "type": "HR",
            "url": "https://api.congress.gov/v3/bill/99/hr/1570?format=json"
        },
        {
            "congress": 99,
            "introducedDate": "1985-03-19",
            "latestAction": {
                "actionDate": "1986-07-24",
                "text": "Subcommittee Hearings Held."
            },
            "number": "1571",
            "policyArea": {
                "name": "Crime and Law Enforcement"
            },
            "title": "A bill to amend title 18 of the United States Code to establish rational criteria for the imposition of the sentence of death, and for other purposes.",
            "type": "HR",
            "url": "https://api.congress.gov/v3/bill/99/hr/1571?format=json"
        },
        {
            "congress": 99,
            "introducedDate": "1986-09-24",
            "latestAction": {
                "actionDate": "1986-09-24",
                "text": "Referred to House Committee on Post Office and Civil Service."
            },
            "number": "739",
            "policyArea": {
                "name": "Commemorations"
            },
            "title": "A joint resolution to proclaim December 7, 1986, as \"My Nationality American Day\".",
            "type": "HJRES",
            "url": "https://api.congress.gov/v3/bill/99/hjres/739?format=json"
        },
        {
            "congress": 99,
            "introducedDate": "1985-03-19",
            "latestAction": {
                "actionDate": "1985-03-21",
                "text": "Referred to Subcommittee on Civil and Constitutional Rights."
            },
            "number": "194",
            "policyArea": {
                "name": "Congress"
            },
            "title": "A joint resolution proposing an amendment to the Constitution of the United States with respect to fixing the compensation of Members of the Congress.",
            "type": "HJRES",
            "url": "https://api.congress.gov/v3/bill/99/hjres/194?format=json"
        },
        {
            "congress": 99,
            "introducedDate": "1985-09-26",
            "latestAction": {
                "actionDate": "1985-10-07",
                "text": "Referred to Subcommittee on Western Hemisphere Affairs."
            },
            "number": "200",
            "policyArea": {
                "name": "International Affairs"
            },
            "title": "A concurrent resolution commending the current Government of Guatemala for leading that country toward democracy under freely elected civilian leadership.",
            "type": "HCONRES",
            "url": "https://api.congress.gov/v3/bill/99/hconres/200?format=json"
        },
        {
            "congress": 100,
            "introducedDate": "1987-12-14",
            "latestAction": {
                "actionDate": "1988-01-25",
                "text": "Referred to Subcommittee on Human Rights and International Organizations."
            },
            "number": "3760",
            "policyArea": {
                "name": "International Affairs"
            },
            "title": "Freedom Fighter Assistance Act of 1987",
            "type": "HR",
            "url": "https://api.congress.gov/v3/bill/100/hr/3760?format=json"
        },
        {
            "congress": 100,
            "introducedDate": "1987-07-28",
            "latestAction": {
                "actionDate": "1987-08-05",
                "text": "Referred to Subcommittee on Public Assistance and Unemployment Compensation."
            },
            "number": "3031",
            "policyArea": {
                "name": "Labor and Employment"
            },
            "title": "A bill to amend title XII of the Social Security Act with respect to the repayment of advances made to certain States under such title, and to place a certain limitation on the reduction in credits for the tax imposed under the Federal Unemployment Tax Act.",
            "type": "HR",
            "url": "https://api.congress.gov/v3/bill/100/hr/3031?format=json"
        },
        {
            "congress": 100,
            "introducedDate": "1987-07-28",
            "latestAction": {
                "actionDate": "1988-10-20",
                "text": "Became Public Law No: 100-511."
            },
            "number": "3029",
            "policyArea": {
                "name": "Government Operations and Politics"
            },
            "title": "A bill to designate the new Post Office Building in Gretna, Louisiana, as the \"William W. Pares, Jr., Post Office Building\".",
            "type": "HR",
            "url": "https://api.congress.gov/v3/bill/100/hr/3029?format=json"
        },
        {
            "congress": 100,
            "introducedDate": "1987-06-03",
            "latestAction": {
                "actionDate": "1987-06-09",
                "text": "Referred to Subcommittee on Civil Service."
            },
            "number": "2589",
            "policyArea": {
                "name": "Government Operations and Politics"
            },
            "title": "A bill to provide for the creditability of certain service in determining the order of retention for competing employees in a reduction in force affecting the Federal Grain Inspection Service.",
            "type": "HR",
            "url": "https://api.congress.gov/v3/bill/100/hr/2589?format=json"
        },
        {
            "congress": 100,
            "introducedDate": "1987-04-07",
            "latestAction": {
                "actionDate": "1987-07-21",
                "text": "Executive Comment Requested from Army, OMB."
            },
            "number": "1970",
            "policyArea": {
                "name": "Environmental Protection"
            },
            "title": "Gulf of Mexico Marine and Coastal Resources Protection Act",
            "type": "HR",
            "url": "https://api.congress.gov/v3/bill/100/hr/1970?format=json"
        },
        {
            "congress": 100,
            "introducedDate": "1987-04-01",
            "latestAction": {
                "actionDate": "1987-04-07",
                "text": "Referred to Subcommittee on Fisheries and Wildlife Conservation and the Environment."
            },
            "number": "1898",
            "policyArea": {
                "name": "Public Lands and Natural Resources"
            },
            "title": "A bill to temporarily prohibit the Secretary of Commerce from implementing regulations requiring the use of turtle excluder devices in the western Gulf of Mexico.",
            "type": "HR",
            "url": "https://api.congress.gov/v3/bill/100/hr/1898?format=json"
        },
        {
            "congress": 100,
            "introducedDate": "1987-04-01",
            "latestAction": {
                "actionDate": "1987-04-07",
                "text": "Referred to Subcommittee on Courts, Civil Liberties, and the Administration of Justice."
            },
            "number": "1915",
            "policyArea": {
                "name": "Private Legislation"
            },
            "title": "A bill for the relief of Joseph W. Newman.",
            "type": "HR",
            "url": "https://api.congress.gov/v3/bill/100/hr/1915?format=json"
        },
        {
            "congress": 100,
            "introducedDate": "1987-01-07",
            "latestAction": {
                "actionDate": "1987-02-06",
                "text": "See H.R.1."
            },
            "number": "498",
            "policyArea": {
                "name": "Environmental Protection"
            },
            "title": "A bill to repeal Section 306(c) of the Water Quality Renewal Act of 1987.",
            "type": "HR",
            "url": "https://api.congress.gov/v3/bill/100/hr/498?format=json"
        },
        {
            "congress": 101,
            "introducedDate": "1990-08-02",
            "latestAction": {
                "actionDate": "1990-08-31",
                "text": "Referred to the Subcommittee on Health and the Environment."
            },
            "number": "5444",
            "policyArea": {
                "name": "Health"
            },
            "title": "To prohibit discrimination by the States on the basis of nonresidency in the licensing of dental health care professionals, and for other purposes.",
            "type": "HR",
            "url": "https://api.congress.gov/v3/bill/101/hr/5444?format=json"
        },
        {
            "congress": 101,
            "introducedDate": "1989-04-17",
            "latestAction": {
                "actionDate": "1990-08-20",
                "text": "See H.R.1594."
            },
            "number": "2019",
            "policyArea": {
                "name": "Foreign Trade and International Finance"
            },
            "title": "To provide for the reliquidation of certain entries.",
            "type": "HR",
            "url": "https://api.congress.gov/v3/bill/101/hr/2019?format=json"
        },
        {
            "congress": 101,
            "introducedDate": "1989-02-22",
            "latestAction": {
                "actionDate": "1989-05-01",
                "text": "Executive Comment Requested from Commerce, Interior, Army Corps of Engineers, USDA, EPA."
            },
            "number": "1070",
            "policyArea": {
                "name": "Environmental Protection"
            },
            "title": "Gulf of Mexico Marine and Coastal Resources Protection Act",
            "type": "HR",
            "url": "https://api.congress.gov/v3/bill/101/hr/1070?format=json"
        },
        {
            "congress": 101,
            "introducedDate": "1989-01-03",
            "latestAction": {
                "actionDate": "1989-03-27",
                "text": "Referred to the Subcommittee on Criminal Justice."
            },
            "number": "262",
            "policyArea": {
                "name": "Armed Forces and National Security"
            },
            "title": "Congressional Classified Intelligence Oversight Information Accountability Act of 1989",
            "type": "HR",
            "url": "https://api.congress.gov/v3/bill/101/hr/262?format=json"
        },
        {
            "congress": 101,
            "introducedDate": "1990-07-30",
            "latestAction": {
                "actionDate": "1990-07-30",
                "text": "Referred to the House Committee on Post Office and Civil Service."
            },
            "number": "358",
            "policyArea": {
                "name": "Arts, Culture, Religion"
            },
            "title": "Honoring Walker Percy of Covington, Louisiana, as one of the finest writers of the 20th century.",
            "type": "HCONRES",
            "url": "https://api.congress.gov/v3/bill/101/hconres/358?format=json"
        },
        {
            "amendmentNumber": "757",
            "congress": 102,
            "introducedDate": "1992-07-28",
            "latestAction": {
                "actionDate": "1992-07-28",
                "actionTime": "12:47:35",
                "text": "On agreeing to the Livingston amendment (A006) Agreed to by voice vote. "
            },
            "type": null,
            "url": "https://api.congress.gov/v3/amendment/102/hamdt/757?format=json"
        },
        {
            "congress": 102,
            "introducedDate": "1992-09-24",
            "latestAction": {
                "actionDate": "1992-09-24",
                "text": "Referred to the House Committee on Ways and Means."
            },
            "number": "6024",
            "policyArea": {
                "name": "Taxation"
            },
            "title": "To amend the Internal Revenue Code of 1986 to provide that the graduated corporate tax rates shall apply in determining the tax imposed on certain campaign committees.",
            "type": "HR",
            "url": "https://api.congress.gov/v3/bill/102/hr/6024?format=json"
        },
        {
            "congress": 102,
            "introducedDate": "1992-07-08",
            "latestAction": {
                "actionDate": "1992-07-10",
                "text": "Referred to the Subcommittee on Crime and Criminal Justice."
            },
            "number": "5567",
            "policyArea": {
                "name": "Crime and Law Enforcement"
            },
            "title": "Life Imprisonment for Egregious Recidivists Act of 1992",
            "type": "HR",
            "url": "https://api.congress.gov/v3/bill/102/hr/5567?format=json"
        },
        {
            "congress": 102,
            "introducedDate": "1991-09-11",
            "latestAction": {
                "actionDate": "1991-10-28",
                "text": "Executive Comment Requested from Treasury, Commerce, USDA, ITC, USTR."
            },
            "number": "3305",
            "policyArea": {
                "name": "Foreign Trade and International Finance"
            },
            "title": "To suspend until January 1, 1995, the duty on Disperse Red 279.",
            "type": "HR",
            "url": "https://api.congress.gov/v3/bill/102/hr/3305?format=json"
        },
        {
            "congress": 102,
            "introducedDate": "1991-09-11",
            "latestAction": {
                "actionDate": "1992-04-22",
                "text": "Executive Comment Received from ITC."
            },
            "number": "3307",
            "policyArea": {
                "name": "Foreign Trade and International Finance"
            },
            "title": "To suspend until January 1, 1995, the duty on Luvican M-170 and EP.",
            "type": "HR",
            "url": "https://api.congress.gov/v3/bill/102/hr/3307?format=json"
        },
        {
            "congress": 102,
            "introducedDate": "1991-09-11",
            "latestAction": {
                "actionDate": "1991-10-28",
                "text": "Executive Comment Requested from Treasury, Commerce, ITC, USTR."
            },
            "number": "3306",
            "policyArea": {
                "name": "Foreign Trade and International Finance"
            },
            "title": "To suspend until January 1, 1995, the duty on Fastusol C Blue 76L.",
            "type": "HR",
            "url": "https://api.congress.gov/v3/bill/102/hr/3306?format=json"
        },
        {
            "amendmentNumber": "693",
            "congress": 103,
            "introducedDate": "1994-06-27",
            "latestAction": {
                "actionDate": "1994-06-27",
                "actionTime": "21:16:20",
                "text": "Mr. Mollohan raised a point of order against the Livingston amendment (A020). Mr. Mollahan stated that the provisions of the Livingston amendment proposed a limitation on the expenditure of funds, and was therefore not in order. Mr. Mollohan further stated that the amendment constituted legislation on an appropriations bill and was in violation of the rules of the House. The Chair sustained the point of order. "
            },
            "type": null,
            "url": "https://api.congress.gov/v3/amendment/103/hamdt/693?format=json"
        },
        {
            "amendmentNumber": "634",
            "congress": 103,
            "introducedDate": "1994-06-15",
            "latestAction": {
                "actionDate": "1994-06-15",
                "actionTime": "18:34:35",
                "text": "On agreeing to the Livingston amendment (A009) Agreed to by recorded vote: 231 - 197 (Roll no. 241). "
            },
            "type": null,
            "url": "https://api.congress.gov/v3/amendment/103/hamdt/634?format=json"
        },
        {
            "congress": 103,
            "introducedDate": "1994-10-05",
            "latestAction": {
                "actionDate": "1994-10-05",
                "text": "Referred to the House Committee on Judiciary."
            },
            "number": "5189",
            "policyArea": {
                "name": "Law"
            },
            "title": "Frivolous Suit Reduction Act of 1994",
            "type": "HR",
            "url": "https://api.congress.gov/v3/bill/103/hr/5189?format=json"
        },
        {
            "congress": 103,
            "introducedDate": "1994-09-26",
            "latestAction": {
                "actionDate": "1994-09-26",
                "text": "Referred to the House Committee on Judiciary."
            },
            "number": "5101",
            "policyArea": {
                "name": "Law"
            },
            "title": "Frivolous Suit Reduction Act of 1994",
            "type": "HR",
            "url": "https://api.congress.gov/v3/bill/103/hr/5101?format=json"
        },
        {
            "congress": 103,
            "introducedDate": "1994-02-02",
            "latestAction": {
                "actionDate": "1994-02-03",
                "text": "Referred to the Subcommittee on Elections."
            },
            "number": "3764",
            "policyArea": {
                "name": "Congress"
            },
            "title": "To abolish the ex officio positions on the Federal Election Commission.",
            "type": "HR",
            "url": "https://api.congress.gov/v3/bill/103/hr/3764?format=json"
        },
        {
            "congress": 103,
            "introducedDate": "1993-10-21",
            "latestAction": {
                "actionDate": "1994-02-22",
                "text": "Unfavorable Executive Comment Received from DOD."
            },
            "number": "3336",
            "policyArea": {
                "name": "Crime and Law Enforcement"
            },
            "title": "To amend title 18, United States Code, to provide mandatory life imprisonment for persons convicted of a third violent felony and to provide for the conversion of three military installations to be closed under the base closure laws into Federal prison facilities capable of incarcerating these persons.",
            "type": "HR",
            "url": "https://api.congress.gov/v3/bill/103/hr/3336?format=json"
        },
        {
            "congress": 103,
            "introducedDate": "1993-09-29",
            "latestAction": {
                "actionDate": "1993-10-07",
                "text": "Referred to the Subcommittee on International Law, Immigration, and Refugees."
            },
            "number": "3173",
            "policyArea": {
                "name": "Immigration"
            },
            "title": "To prohibit the admission to the United States as refugees of individuals who served in the armed forces of Iraq during the Persian Gulf conflict.",
            "type": "HR",
            "url": "https://api.congress.gov/v3/bill/103/hr/3173?format=json"
        },
        {
            "congress": 103,
            "introducedDate": "1993-02-24",
            "latestAction": {
                "actionDate": "1993-02-24",
                "text": "Referred to the House Committee on Ways and Means."
            },
            "number": "1110",
            "policyArea": {
                "name": "Taxation"
            },
            "title": "To amend the Internal Revenue Code of 1986 to increase the unified estate and gift tax credit to an amount equivalent to a $1,200,000 exemption.",
            "type": "HR",
            "url": "https://api.congress.gov/v3/bill/103/hr/1110?format=json"
        },
        {
            "congress": 103,
            "introducedDate": "1993-01-05",
            "latestAction": {
                "actionDate": "1994-03-11",
                "text": "For Further Action See H.R.3981."
            },
            "number": "93",
            "policyArea": {
                "name": "Crime and Law Enforcement"
            },
            "title": "Life Imprisonment for Egregious Recidivists Act of 1993",
            "type": "HR",
            "url": "https://api.congress.gov/v3/bill/103/hr/93?format=json"
        },
        {
            "amendmentNumber": "926",
            "congress": 104,
            "introducedDate": "1995-12-22",
            "latestAction": {
                "actionDate": "1995-12-22",
                "actionTime": "14:26:44",
                "text": "On agreeing to the Livingston amendment (A001) Agreed to without objection. "
            },
            "type": null,
            "url": "https://api.congress.gov/v3/amendment/104/hamdt/926?format=json"
        },
        {
            "amendmentNumber": "938",
            "congress": 104,
            "introducedDate": "1996-02-29",
            "latestAction": {
                "actionDate": "1996-02-29",
                "actionTime": "10:51:02",
                "text": "By unanimous consent, the Livingston amendment was withdrawn. "
            },
            "type": null,
            "url": "https://api.congress.gov/v3/amendment/104/hamdt/938?format=json"
        },
        {
            "amendmentNumber": "939",
            "congress": 104,
            "introducedDate": "1996-02-29",
            "latestAction": {
                "actionDate": "1996-02-29",
                "actionTime": "10:58:41",
                "text": "By unanimous consent, the Livingston amendment was withdrawn. "
            },
            "type": null,
            "url": "https://api.congress.gov/v3/amendment/104/hamdt/939?format=json"
        },
        {
            "amendmentNumber": "718",
            "congress": 104,
            "introducedDate": "1995-08-02",
            "latestAction": {
                "actionDate": "1995-08-02",
                "actionTime": "22:17:22",
                "text": "On agreeing to the Livingston amendment (A008) Failed by recorded vote: 207 - 221 (Roll no. 614). "
            },
            "type": null,
            "url": "https://api.congress.gov/v3/amendment/104/hamdt/718?format=json"
        },
        {
            "amendmentNumber": "497",
            "congress": 104,
            "introducedDate": "1995-06-29",
            "latestAction": {
                "actionDate": "1995-06-29",
                "actionTime": "21:30:52",
                "text": "On agreeing to the Livingston amendment (A001) Agreed to by voice vote. "
            },
            "type": null,
            "url": "https://api.congress.gov/v3/amendment/104/hamdt/497?format=json"
        },
        {
            "amendmentNumber": "293",
            "congress": 104,
            "introducedDate": "1995-03-15",
            "latestAction": {
                "actionDate": "1995-03-15",
                "actionTime": "15:46:10",
                "text": "On agreeing to the Livingston amendment (A001) Agreed to by voice vote. "
            },
            "type": null,
            "url": "https://api.congress.gov/v3/amendment/104/hamdt/293?format=json"
        },
        {
            "congress": 104,
            "introducedDate": "1996-09-28",
            "latestAction": {
                "actionDate": "1997-02-10",
                "text": "By amendment to the Journal on February 10, 1997, the Act was indefinetely postponed by Unanimous Consent."
            },
            "number": "4278",
            "policyArea": {
                "name": "Economics and Public Finance"
            },
            "title": "Omnibus Consolidated Appropriations Act, 1997",
            "type": "HR",
            "url": "https://api.congress.gov/v3/bill/104/hr/4278?format=json"
        },
        {
            "congress": 104,
            "introducedDate": "1996-09-26",
            "latestAction": {
                "actionDate": "1996-10-15",
                "text": "Referred to the Subcommittee on Postsecondary Education, Training and Life-Long Learning."
            },
            "number": "4207",
            "policyArea": {
                "name": "Education"
            },
            "title": "Freedom of Speech and Association on Campus Act of 1996",
            "type": "HR",
            "url": "https://api.congress.gov/v3/bill/104/hr/4207?format=json"
        },
        {
            "congress": 104,
            "introducedDate": "1996-03-21",
            "latestAction": {
                "actionDate": "1996-05-16",
                "text": "Placed on the Union Calendar, Calendar No. 287."
            },
            "number": "3144",
            "policyArea": {
                "name": "Armed Forces and National Security"
            },
            "title": "Defend America Act of 1996",
            "type": "HR",
            "url": "https://api.congress.gov/v3/bill/104/hr/3144?format=json"
        },
        {
            "congress": 104,
            "introducedDate": "1996-03-05",
            "latestAction": {
                "actionDate": "1996-04-30",
                "actionTime": "14:05:59",
                "text": "Pursuant to the provisions of S.J. Res. 53, enrollment corrections have been made."
            },
            "number": "3019",
            "policyArea": {
                "name": "Economics and Public Finance"
            },
            "title": "Omnibus Consolidated Rescissions and Appropriations Act of 1996",
            "type": "HR",
            "url": "https://api.congress.gov/v3/bill/104/hr/3019?format=json"
        },
        {
            "congress": 104,
            "introducedDate": "1996-01-25",
            "latestAction": {
                "actionDate": "1996-01-26",
                "text": "Became Public Law No: 104-99."
            },
            "number": "2880",
            "policyArea": {
                "name": "Economics and Public Finance"
            },
            "title": "Balanced Budget Downpayment Act, I",
            "type": "HR",
            "url": "https://api.congress.gov/v3/bill/104/hr/2880?format=json"
        },
        {
            "congress": 104,
            "introducedDate": "1995-11-14",
            "latestAction": {
                "actionDate": "1996-01-10",
                "text": "Became Public Law No: 104-96."
            },
            "number": "2627",
            "policyArea": {
                "name": "Finance and Financial Sector"
            },
            "title": "Smithsonian Institution Sesquicentennial Commemorative Coin Act of 1995",
            "type": "HR",
            "url": "https://api.congress.gov/v3/bill/104/hr/2627?format=json"
        },
        {
            "congress": 104,
            "introducedDate": "1995-09-25",
            "latestAction": {
                "actionDate": "1995-09-27",
                "text": "Referred to the Subcommittee on Immigration and Claims."
            },
            "number": "2397",
            "policyArea": {
                "name": "Private Legislation"
            },
            "title": "For the relief of Jacqueline Darby-Maltbie.",
            "type": "HR",
            "url": "https://api.congress.gov/v3/bill/104/hr/2397?format=json"
        },
        {
            "congress": 104,
            "introducedDate": "1995-09-21",
            "latestAction": {
                "actionDate": "1995-10-05",
                "text": "Referred to the Subcommittee on Coast Guard and Maritime Transportation."
            },
            "number": "2388",
            "policyArea": {
                "name": "Private Legislation"
            },
            "title": "To authorize the Secretary of Transportation to issue a certificate of documentation with appropriate endorsement for employment in the coastwise trade and fisheries for the vessel SHAKA MARU.",
            "type": "HR",
            "url": "https://api.congress.gov/v3/bill/104/hr/2388?format=json"
        },
        {
            "congress": 104,
            "introducedDate": "1995-06-27",
            "latestAction": {
                "actionDate": "1995-06-27",
                "text": "Referred to the Committee on Appropriations, and in addition to the Committee on the Budget, for a period to be subsequently determined by the Speaker, in each case for consideration of such provisions as fall within the jurisdiction of the committee concerned."
            },
            "number": "1927",
            "policyArea": {
                "name": "Economics and Public Finance"
            },
            "title": "Emergency Supplemental Appropriations for Additional Disaster Assistance, for Anti-terrorism Initiatives, for Assistance in the Recovery from the Tragedy that Occurred at Oklahoma City, and Rescissions Act, 1995",
            "type": "HR",
            "url": "https://api.congress.gov/v3/bill/104/hr/1927?format=json"
        },
        {
            "congress": 104,
            "introducedDate": "1995-06-28",
            "latestAction": {
                "actionDate": "1995-07-27",
                "text": "Became Public Law No: 104-19."
            },
            "number": "1944",
            "policyArea": {
                "name": "Economics and Public Finance"
            },
            "title": "Emergency Supplemental Appropriations for Additional Disaster Assistance, for Anti-terrorism Initiatives, for Assistance in the Recovery from the Tragedy that Occurred at Oklahoma City, and Rescissions Act, 1995",
            "type": "HR",
            "url": "https://api.congress.gov/v3/bill/104/hr/1944?format=json"
        },
        {
            "congress": 104,
            "introducedDate": "1995-04-04",
            "latestAction": {
                "actionDate": "1995-04-19",
                "text": "Referred to the Subcommittee on Coast Guard and Maritime Transportation."
            },
            "number": "1395",
            "policyArea": {
                "name": "Private Legislation"
            },
            "title": "To authorize the Secretary of Transportation to issue a certificate of documentation with appropriate endorsement for employment in the coastwise trade and fisheries for the vessel SHAKU MARU.",
            "type": "HR",
            "url": "https://api.congress.gov/v3/bill/104/hr/1395?format=json"
        },
        {
            "congress": 104,
            "introducedDate": "1995-03-08",
            "latestAction": {
                "actionDate": "1995-03-08",
                "text": "Placed on the Union Calendar, Calendar No. 37."
            },
            "number": "1159",
            "policyArea": {
                "name": "Economics and Public Finance"
            },
            "title": "Making supplemental appropriations and rescissions for the fiscal year ending September 30, 1995, and for other purposes.",
            "type": "HR",
            "url": "https://api.congress.gov/v3/bill/104/hr/1159?format=json"
        },
        {
            "congress": 104,
            "introducedDate": "1995-03-08",
            "latestAction": {
                "actionDate": "1995-06-07",
                "text": "On motion to refer the bill and the accompanying veto message to the Committee on Appropriations. Agreed to without objection."
            },
            "number": "1158",
            "policyArea": {
                "name": "Economics and Public Finance"
            },
            "title": "Second Supplemental Appropriations and Rescissions Act, 1995",
            "type": "HR",
            "url": "https://api.congress.gov/v3/bill/104/hr/1158?format=json"
        },
        {
            "congress": 104,
            "introducedDate": "1995-02-10",
            "latestAction": {
                "actionDate": "1995-04-10",
                "text": "Became Public Law No: 104-6."
            },
            "number": "889",
            "policyArea": {
                "name": "Armed Forces and National Security"
            },
            "title": "Emergency Supplemental Appropriations and Rescissions for the Department of Defense to Preserve and Enhance Military Readiness Act of 1995",
            "type": "HR",
            "url": "https://api.congress.gov/v3/bill/104/hr/889?format=json"
        },
        {
            "congress": 104,
            "introducedDate": "1995-02-07",
            "latestAction": {
                "actionDate": "1995-02-10",
                "text": "Ordered to be Reported."
            },
            "number": "845",
            "policyArea": {
                "name": "Economics and Public Finance"
            },
            "title": "Rescinding certain budget authority, and for other purposes.",
            "type": "HR",
            "url": "https://api.congress.gov/v3/bill/104/hr/845?format=json"
        },
        {
            "congress": 104,
            "introducedDate": "1995-01-04",
            "latestAction": {
                "actionDate": "1995-01-04",
                "text": "Referred to the House Committee on House Oversight."
            },
            "number": "61",
            "policyArea": {
                "name": "Government Operations and Politics"
            },
            "title": "To abolish the ex officio positions on the Federal Election Commission.",
            "type": "HR",
            "url": "https://api.congress.gov/v3/bill/104/hr/61?format=json"
        },
        {
            "congress": 104,
            "introducedDate": "1995-01-04",
            "latestAction": {
                "actionDate": "1995-01-04",
                "text": "Referred to the House Committee on Ways and Means."
            },
            "number": "62",
            "policyArea": {
                "name": "Taxation"
            },
            "title": "To amend the Internal Revenue Code of 1986 to increase the unified estate and gift tax credit to an amount equivalent to a $1,200,000 exemption.",
            "type": "HR",
            "url": "https://api.congress.gov/v3/bill/104/hr/62?format=json"
        },
        {
            "congress": 104,
            "introducedDate": "1995-01-04",
            "latestAction": {
                "actionDate": "1995-01-04",
                "text": "Referred to the House Committee on House Oversight."
            },
            "number": "60",
            "policyArea": {
                "name": "Government Operations and Politics"
            },
            "title": "To provide that compliance by the States with the National Voter Registration Act of 1993 shall be voluntary.",
            "type": "HR",
            "url": "https://api.congress.gov/v3/bill/104/hr/60?format=json"
        },
        {
            "congress": 104,
            "introducedDate": "1995-01-04",
            "latestAction": {
                "actionDate": "1995-01-25",
                "text": "Referred to the Subcommittee on Immigration and Claims."
            },
            "number": "63",
            "policyArea": {
                "name": "Immigration"
            },
            "title": "To prohibit the admission to the United States as refugees of individuals who served in the armed forces of Iraq during the Persian Gulf conflict.",
            "type": "HR",
            "url": "https://api.congress.gov/v3/bill/104/hr/63?format=json"
        },
        {
            "congress": 104,
            "introducedDate": "1995-01-04",
            "latestAction": {
                "actionDate": "1995-01-25",
                "text": "Referred to the Subcommittee on Courts and Intellectual Property."
            },
            "number": "64",
            "policyArea": {
                "name": "Law"
            },
            "title": "Frivolous Suit Reduction Act of 1995",
            "type": "HR",
            "url": "https://api.congress.gov/v3/bill/104/hr/64?format=json"
        },
        {
            "congress": 104,
            "introducedDate": "1996-03-20",
            "latestAction": {
                "actionDate": "1996-03-22",
                "text": "Became Public Law No: 104-118."
            },
            "number": "165",
            "policyArea": {
                "name": "Economics and Public Finance"
            },
            "title": "Making further continuing appropriations for the fiscal year 1996, and for other purposes.",
            "type": "HJRES",
            "url": "https://api.congress.gov/v3/bill/104/hjres/165?format=json"
        },
        {
            "congress": 104,
            "introducedDate": "1996-03-29",
            "latestAction": {
                "actionDate": "1996-03-29",
                "text": "Became Public Law No: 104-122."
            },
            "number": "170",
            "policyArea": {
                "name": "Economics and Public Finance"
            },
            "title": "Making further continuing appropriations for the fiscal year 1996, and for other purposes.",
            "type": "HJRES",
            "url": "https://api.congress.gov/v3/bill/104/hjres/170?format=json"
        },
        {
            "congress": 104,
            "introducedDate": "1995-11-15",
            "latestAction": {
                "actionDate": "1995-11-20",
                "text": "Became Public Law No: 104-56."
            },
            "number": "122",
            "policyArea": {
                "name": "Economics and Public Finance"
            },
            "title": "Making further continuing appropriations for the fiscal year 1996, and for other purposes.",
            "type": "HJRES",
            "url": "https://api.congress.gov/v3/bill/104/hjres/122?format=json"
        },
        {
            "congress": 104,
            "introducedDate": "1996-03-13",
            "latestAction": {
                "actionDate": "1996-03-15",
                "text": "Became Public Law No: 104-116."
            },
            "number": "163",
            "policyArea": {
                "name": "Economics and Public Finance"
            },
            "title": "Making further continuing appropriations for the fiscal year 1996, and for other purposes.",
            "type": "HJRES",
            "url": "https://api.congress.gov/v3/bill/104/hjres/163?format=json"
        },
        {
            "congress": 104,
            "introducedDate": "1995-12-20",
            "latestAction": {
                "actionDate": "1996-01-06",
                "text": "Became Public Law No: 104-94."
            },
            "number": "134",
            "policyArea": {
                "name": "Economics and Public Finance"
            },
            "title": "Making further continuing appropriations for the fiscal year 1996, and for other purposes.",
            "type": "HJRES",
            "url": "https://api.congress.gov/v3/bill/104/hjres/134?format=json"
        },
        {
            "congress": 104,
            "introducedDate": "1996-04-23",
            "latestAction": {
                "actionDate": "1996-04-24",
                "text": "Became Public Law No: 104-131."
            },
            "number": "175",
            "policyArea": {
                "name": "Economics and Public Finance"
            },
            "title": "Deposit Insurance Funds Act of 1996",
            "type": "HJRES",
            "url": "https://api.congress.gov/v3/bill/104/hjres/175?format=json"
        },
        {
            "congress": 104,
            "introducedDate": "1995-12-22",
            "latestAction": {
                "actionDate": "1995-12-22",
                "text": "Became Public Law No: 104-69."
            },
            "number": "136",
            "policyArea": {
                "name": "Economics and Public Finance"
            },
            "title": "Making further continuing appropriations for the fiscal year 1996, and for other purposes.",
            "type": "HJRES",
            "url": "https://api.congress.gov/v3/bill/104/hjres/136?format=json"
        },
        {
            "congress": 104,
            "introducedDate": "1995-09-29",
            "latestAction": {
                "actionDate": "1995-12-28",
                "text": "Became Public Law No: 104-84."
            },
            "number": "112",
            "policyArea": {
                "name": "Government Operations and Politics"
            },
            "title": "Providing for the appointment of Louis Gerstner as a citizen regent of the Board of Regents of the Smithsonian Institution.",
            "type": "HJRES",
            "url": "https://api.congress.gov/v3/bill/104/hjres/112?format=json"
        },
        {
            "congress": 104,
            "introducedDate": "1995-09-29",
            "latestAction": {
                "actionDate": "1995-12-28",
                "text": "Became Public Law No: 104-83."
            },
            "number": "111",
            "policyArea": {
                "name": "Government Operations and Politics"
            },
            "title": "Providing for the appointment of Anne D'Harnoncourt as a citizen regent of the Board of Regents of the Smithsonian Institution.",
            "type": "HJRES",
            "url": "https://api.congress.gov/v3/bill/104/hjres/111?format=json"
        },
        {
            "congress": 104,
            "introducedDate": "1995-11-07",
            "latestAction": {
                "actionDate": "1995-11-30",
                "text": "On motion to refer the bill and the accompanying veto message to the Committee on Appropriations. Agreed to without objection."
            },
            "number": "115",
            "policyArea": {
                "name": "Economics and Public Finance"
            },
            "title": "Making further continuing appropriations for the fiscal year 1996, and for other purposes.",
            "type": "HJRES",
            "url": "https://api.congress.gov/v3/bill/104/hjres/115?format=json"
        },
        {
            "congress": 104,
            "introducedDate": "1995-11-17",
            "latestAction": {
                "actionDate": "1995-11-19",
                "text": "Became Public Law No: 104-54."
            },
            "number": "123",
            "policyArea": {
                "name": "Economics and Public Finance"
            },
            "title": "Making further continuing appropriations for the fiscal year 1996, and for other purposes.",
            "type": "HJRES",
            "url": "https://api.congress.gov/v3/bill/104/hjres/123?format=json"
        },
        {
            "congress": 104,
            "introducedDate": "1995-09-29",
            "latestAction": {
                "actionDate": "1995-12-28",
                "text": "Became Public Law No: 104-82."
            },
            "number": "110",
            "policyArea": {
                "name": "Government Operations and Politics"
            },
            "title": "Providing for the appointment of Howard H. Baker, Jr. as a citizen regent of the Board of Regents of the Smithsonian Institution.",
            "type": "HJRES",
            "url": "https://api.congress.gov/v3/bill/104/hjres/110?format=json"
        },
        {
            "congress": 104,
            "introducedDate": "1995-09-27",
            "latestAction": {
                "actionDate": "1995-09-30",
                "text": "Became Public Law No: 104-31."
            },
            "number": "108",
            "policyArea": {
                "name": "Economics and Public Finance"
            },
            "title": "Making continuing appropriations for the fiscal year 1996, and for other purposes.",
            "type": "HJRES",
            "url": "https://api.congress.gov/v3/bill/104/hjres/108?format=json"
        },
        {
            "congress": 104,
            "introducedDate": "1996-07-08",
            "latestAction": {
                "actionDate": "1996-07-08",
                "actionTime": "12:01:50",
                "text": "Motion to reconsider laid on the table Agreed to without objection."
            },
            "number": "471",
            "policyArea": {
                "name": "Congress"
            },
            "title": "Electing Representative Enid Greene of Utah to act as Speaker pro tempore.",
            "type": "HRES",
            "url": "https://api.congress.gov/v3/bill/104/hres/471?format=json"
        },
        {
            "congress": 104,
            "introducedDate": "1996-01-04",
            "latestAction": {
                "actionDate": "1996-01-04",
                "text": "Referred to the House Committee on Appropriations."
            },
            "number": "331",
            "policyArea": {
                "name": "Congress"
            },
            "title": "To return a certain bill to the Senate.",
            "type": "HRES",
            "url": "https://api.congress.gov/v3/bill/104/hres/331?format=json"
        },
        {
            "congress": 104,
            "introducedDate": "1995-03-16",
            "latestAction": {
                "actionDate": "1995-03-16",
                "text": "Message on Senate action sent to the House."
            },
            "number": "41",
            "policyArea": {
                "name": "Congress"
            },
            "title": "Providing for the adjournment of the House on Thursday, March 16, 1995, to stand adjourned until 12:30 p.m. on Tuesday, March 21, 1995.",
            "type": "HCONRES",
            "url": "https://api.congress.gov/v3/bill/104/hconres/41?format=json"
        },
        {
            "amendmentNumber": "905",
            "congress": 105,
            "introducedDate": "1998-09-17",
            "latestAction": {
                "actionDate": "1998-09-17",
                "actionTime": "18:59:13",
                "text": "On agreeing to the Livingston amendment (A006) Agreed to by voice vote. "
            },
            "type": null,
            "url": "https://api.congress.gov/v3/amendment/105/hamdt/905?format=json"
        },
        {
            "amendmentNumber": "605",
            "congress": 105,
            "introducedDate": "1998-05-06",
            "latestAction": {
                "actionDate": "1998-05-06",
                "actionTime": "16:35:07",
                "text": "On agreeing to the Livingston amendment (A035) Agreed to by voice vote. "
            },
            "type": null,
            "url": "https://api.congress.gov/v3/amendment/105/hamdt/605?format=json"
        },
        {
            "amendmentNumber": "545",
            "congress": 105,
            "introducedDate": "1998-03-31",
            "latestAction": {
                "actionDate": "1998-03-31",
                "actionTime": "15:42:48",
                "text": "On agreeing to the Livingston amendment (A002) Agreed to by voice vote. "
            },
            "type": null,
            "url": "https://api.congress.gov/v3/amendment/105/hamdt/545?format=json"
        },
        {
            "amendmentNumber": "369",
            "congress": 105,
            "introducedDate": "1997-09-18",
            "latestAction": {
                "actionDate": "1997-09-18",
                "actionTime": "14:06:39",
                "text": "On agreeing to the Livingston amendment (A001) Agreed to by recorded vote: 420 - 0, 1 Present (Roll no. 408). "
            },
            "type": null,
            "url": "https://api.congress.gov/v3/amendment/105/hamdt/369?format=json"
        },
        {
            "congress": 105,
            "introducedDate": "1998-03-27",
            "latestAction": {
                "actionDate": "1998-03-27",
                "text": "Placed on the Union Calendar, Calendar No. 269."
            },
            "number": "3580",
            "policyArea": {
                "name": "Economics and Public Finance"
            },
            "title": "1998 Supplemental Appropriations and Rescissions Act",
            "type": "HR",
            "url": "https://api.congress.gov/v3/bill/105/hr/3580?format=json"
        },
        {
            "congress": 105,
            "introducedDate": "1998-03-27",
            "latestAction": {
                "actionDate": "1998-05-01",
                "text": "Became Public Law No: 105-174."
            },
            "number": "3579",
            "policyArea": {
                "name": "Economics and Public Finance"
            },
            "title": "1998 Supplemental Appropriations and Rescissions Act",
            "type": "HR",
            "url": "https://api.congress.gov/v3/bill/105/hr/3579?format=json"
        },
        {
            "congress": 105,
            "introducedDate": "1998-01-27",
            "latestAction": {
                "actionDate": "1998-01-27",
                "text": "Referred to the House Committee on Ways and Means."
            },
            "number": "3098",
            "policyArea": {
                "name": "Government Operations and Politics"
            },
            "title": "To amend the Internal Revenue Code of 1986 to terminate public financing of Presidential election campaigns.",
            "type": "HR",
            "url": "https://api.congress.gov/v3/bill/105/hr/3098?format=json"
        },
        {
            "congress": 105,
            "introducedDate": "1997-10-21",
            "latestAction": {
                "actionDate": "1998-10-21",
                "text": "See H.R.2204."
            },
            "number": "2690",
            "policyArea": {
                "name": "Private Legislation"
            },
            "title": "To authorize the Secretary of Transportation to issue a certificate of documentation with appropriate endorsement for employment in the coastwise trade for the vessel DULARGE.",
            "type": "HR",
            "url": "https://api.congress.gov/v3/bill/105/hr/2690?format=json"
        },
        {
            "congress": 105,
            "introducedDate": "1997-07-08",
            "latestAction": {
                "actionDate": "1997-07-08",
                "text": "Referred to the House Committee on House Oversight."
            },
            "number": "2115",
            "policyArea": {
                "name": "Government Operations and Politics"
            },
            "title": "To provide that compliance by States with the National Voter Registration Act of 1993 shall be voluntary.",
            "type": "HR",
            "url": "https://api.congress.gov/v3/bill/105/hr/2115?format=json"
        },
        {
            "congress": 105,
            "introducedDate": "1997-06-12",
            "latestAction": {
                "actionDate": "1997-06-12",
                "text": "Became Public Law No: 105-18."
            },
            "number": "1871",
            "policyArea": {
                "name": "Economics and Public Finance"
            },
            "title": "1997 Emergency Supplemental Appropriations Act for Recovery from Natural Disasters, and for Overseas Peacekeeping Efforts, Including Those in Bosnia",
            "type": "HR",
            "url": "https://api.congress.gov/v3/bill/105/hr/1871?format=json"
        },
        {
            "congress": 105,
            "introducedDate": "1997-05-22",
            "latestAction": {
                "actionDate": "1997-05-22",
                "text": "Referred to House Budget"
            },
            "number": "1708",
            "policyArea": {
                "name": "Economics and Public Finance"
            },
            "title": "Interim Emergency Supplemental Appropriations Act of 1997",
            "type": "HR",
            "url": "https://api.congress.gov/v3/bill/105/hr/1708?format=json"
        },
        {
            "congress": 105,
            "introducedDate": "1997-04-29",
            "latestAction": {
                "actionDate": "1997-06-10",
                "text": "On motion to refer the bill and the accompanying veto message to the Committee on Appropriations. Agreed to by voice vote."
            },
            "number": "1469",
            "policyArea": {
                "name": "Economics and Public Finance"
            },
            "title": "1997 Emergency Supplemental Appropriations Act for Recovery from Natural Disasters, and for Overseas Peacekeeping Efforts, Including Those in Bosnia",
            "type": "HR",
            "url": "https://api.congress.gov/v3/bill/105/hr/1469?format=json"
        },
        {
            "congress": 105,
            "introducedDate": "1997-04-08",
            "latestAction": {
                "actionDate": "1997-04-08",
                "text": "Referred to the House Committee on Ways and Means."
            },
            "number": "1242",
            "policyArea": {
                "name": "Taxation"
            },
            "title": "To amend the Internal Revenue Code of 1986 to provide that certain deductions of school bus owner-operators shall be allowable in computing adjusted gross income.",
            "type": "HR",
            "url": "https://api.congress.gov/v3/bill/105/hr/1242?format=json"
        },
        {
            "congress": 105,
            "introducedDate": "1997-03-06",
            "latestAction": {
                "actionDate": "1997-03-21",
                "text": "Referred to the Subcommittee on Postsecondary Education, Training and Life-Long Learning."
            },
            "number": "980",
            "policyArea": {
                "name": "Education"
            },
            "title": "Freedom of Speech and Association on Campus Act of 1997",
            "type": "HR",
            "url": "https://api.congress.gov/v3/bill/105/hr/980?format=json"
        },
        {
            "congress": 105,
            "introducedDate": "1997-02-11",
            "latestAction": {
                "actionDate": "1997-08-05",
                "text": "See H.R.2014."
            },
            "number": "683",
            "policyArea": {
                "name": "Taxation"
            },
            "title": "To amend the Internal Revenue Code of 1986 to increase the unified estate and gift tax credit to an amount equivalent to a $1,200,000 exemption.",
            "type": "HR",
            "url": "https://api.congress.gov/v3/bill/105/hr/683?format=json"
        },
        {
            "congress": 105,
            "introducedDate": "1998-10-19",
            "latestAction": {
                "actionDate": "1998-10-20",
                "text": "Became Public Law No: 105-273."
            },
            "number": "137",
            "policyArea": {
                "name": "Economics and Public Finance"
            },
            "title": "Making further continuing appropriations for the fiscal year 1999, and for other purposes.",
            "type": "HJRES",
            "url": "https://api.congress.gov/v3/bill/105/hjres/137?format=json"
        },
        {
            "congress": 105,
            "introducedDate": "1998-10-09",
            "latestAction": {
                "actionDate": "1998-10-09",
                "text": "Became Public Law No: 105-249."
            },
            "number": "133",
            "policyArea": {
                "name": "Economics and Public Finance"
            },
            "title": "Making further continuing appropriations for the fiscal year 1999, and for other purposes.",
            "type": "HJRES",
            "url": "https://api.congress.gov/v3/bill/105/hjres/133?format=json"
        },
        {
            "congress": 105,
            "introducedDate": "1998-09-16",
            "latestAction": {
                "actionDate": "1998-09-25",
                "text": "Became Public Law No: 105-240."
            },
            "number": "128",
            "policyArea": {
                "name": "Economics and Public Finance"
            },
            "title": "Making continuing appropriations for the fiscal year 1999, and for other purposes.",
            "type": "HJRES",
            "url": "https://api.congress.gov/v3/bill/105/hjres/128?format=json"
        },
        {
            "congress": 105,
            "introducedDate": "1998-10-16",
            "latestAction": {
                "actionDate": "1998-10-16",
                "text": "Became Public Law No: 105-260."
            },
            "number": "136",
            "policyArea": {
                "name": "Economics and Public Finance"
            },
            "title": "Making further continuing appropriations for the fiscal year 1999, and for other purposes.",
            "type": "HJRES",
            "url": "https://api.congress.gov/v3/bill/105/hjres/136?format=json"
        },
        {
            "congress": 105,
            "introducedDate": "1998-10-12",
            "latestAction": {
                "actionDate": "1998-10-12",
                "text": "Became Public Law No: 105-254."
            },
            "number": "134",
            "policyArea": {
                "name": "Economics and Public Finance"
            },
            "title": "Making further continuing appropriations for the fiscal year 1999, and for other purposes.",
            "type": "HJRES",
            "url": "https://api.congress.gov/v3/bill/105/hjres/134?format=json"
        },
        {
            "congress": 105,
            "introducedDate": "1997-11-07",
            "latestAction": {
                "actionDate": "1997-11-07",
                "text": "Became Public Law No: 105-68."
            },
            "number": "101",
            "policyArea": {
                "name": "Economics and Public Finance"
            },
            "title": "Making further continuing appropriations for the fiscal year 1998, and for other purposes.",
            "type": "HJRES",
            "url": "https://api.congress.gov/v3/bill/105/hjres/101?format=json"
        },
        {
            "congress": 105,
            "introducedDate": "1997-11-09",
            "latestAction": {
                "actionDate": "1997-11-09",
                "text": "Became Public Law No: 105-69."
            },
            "number": "104",
            "policyArea": {
                "name": "Economics and Public Finance"
            },
            "title": "Making further continuing appropriations for the fiscal year 1998, and for other purposes.",
            "type": "HJRES",
            "url": "https://api.congress.gov/v3/bill/105/hjres/104?format=json"
        },
        {
            "congress": 105,
            "introducedDate": "1997-11-09",
            "latestAction": {
                "actionDate": "1997-11-10",
                "text": "Became Public Law No: 105-71."
            },
            "number": "105",
            "policyArea": {
                "name": "Economics and Public Finance"
            },
            "title": "Making further continuing appropriations for the fiscal year 1998, and for other purposes.",
            "type": "HJRES",
            "url": "https://api.congress.gov/v3/bill/105/hjres/105?format=json"
        },
        {
            "congress": 105,
            "introducedDate": "1998-10-14",
            "latestAction": {
                "actionDate": "1998-10-14",
                "text": "Became Public Law No: 105-257."
            },
            "number": "135",
            "policyArea": {
                "name": "Economics and Public Finance"
            },
            "title": "Making further continuing appropriations for the fiscal year 1999, and for other purposes.",
            "type": "HJRES",
            "url": "https://api.congress.gov/v3/bill/105/hjres/135?format=json"
        },
        {
            "congress": 105,
            "introducedDate": "1997-09-26",
            "latestAction": {
                "actionDate": "1997-09-30",
                "text": "Became Public Law No: 105-46."
            },
            "number": "94",
            "policyArea": {
                "name": "Economics and Public Finance"
            },
            "title": "Making continuing appropriations for the fiscal year 1998, and for other purposes.",
            "type": "HJRES",
            "url": "https://api.congress.gov/v3/bill/105/hjres/94?format=json"
        },
        {
            "congress": 105,
            "introducedDate": "1997-11-13",
            "latestAction": {
                "actionDate": "1997-11-14",
                "text": "Became Public Law No: 105-84."
            },
            "number": "106",
            "policyArea": {
                "name": "Economics and Public Finance"
            },
            "title": "Making further continuing appropriations for the fiscal year 1998, and for other purposes.",
            "type": "HJRES",
            "url": "https://api.congress.gov/v3/bill/105/hjres/106?format=json"
        },
        {
            "congress": 105,
            "introducedDate": "1997-10-21",
            "latestAction": {
                "actionDate": "1997-10-23",
                "text": "Became Public Law No: 105-64."
            },
            "number": "97",
            "policyArea": {
                "name": "Economics and Public Finance"
            },
            "title": "Making further continuing appropriations for the fiscal year 1998, and for other purposes.",
            "type": "HJRES",
            "url": "https://api.congress.gov/v3/bill/105/hjres/97?format=json"
        },
        {
            "congress": 105,
            "introducedDate": "1997-01-09",
            "latestAction": {
                "actionDate": "1997-02-03",
                "text": "Became Public Law No: 105-1."
            },
            "number": "25",
            "policyArea": {
                "name": "Economics and Public Finance"
            },
            "title": "Making technical corrections to the Omnibus Consolidated Appropriations Act, 1997 (Public Law 104-208), and for other purposes.",
            "type": "HJRES",
            "url": "https://api.congress.gov/v3/bill/105/hjres/25?format=json"
        },
        {
            "congress": 105,
            "introducedDate": "1997-06-18",
            "latestAction": {
                "actionDate": "1997-09-18",
                "actionTime": "17:33:13",
                "text": "Motion to reconsider laid on the table Agreed to without objection."
            },
            "number": "168",
            "policyArea": {
                "name": "Congress"
            },
            "title": "To implement the recommendations of the bipartisan House Ethics Reform Task Force.",
            "type": "HRES",
            "url": "https://api.congress.gov/v3/bill/105/hres/168?format=json"
        }
    ]
}