{
    "pagination": {
        "count": 19
    },
    "request": {
        "bioguideId": "c001074",
        "contentType": "application/json",
        "format": "json"
    },
    "sponsoredLegislation": [
        {
            "amendmentNumber": "613",
            "congress": 111,
            "introducedDate": "2010-04-28",
            "latestAction": {
                "actionDate": "2010-04-28",
                "actionTime": "13:52:52",
                "text": "On agreeing to the Childers amendment (A012) Agreed to by voice vote. "
            },
            "type": null,
            "url": "https://api.congress.gov/v3/amendment/111/hamdt/613?format=json"
        },
        {
            "amendmentNumber": "436",
            "congress": 111,
            "introducedDate": "2009-09-17",
            "latestAction": {
                "actionDate": "2009-09-17",
                "actionTime": "11:02:34",
                "text": "On agreeing to the Childers amendment (A013) Agreed to by voice vote. "
            },
            "type": null,
            "url": "https://api.congress.gov/v3/amendment/111/hamdt/436?format=json"
        },
        {
            "congress": 111,
            "introducedDate": "2010-09-29",
            "latestAction": {
                "actionDate": "2010-12-20",
                "text": "Referred to the Subcommittee on Immigration, Citizenship, Refugees, Border Security, and International Law."
            },
            "number": "6242",
            "policyArea": {
                "name": "Immigration"
            },
            "title": "International Child Protection Act of 2010",
            "type": "HR",
            "url": "https://api.congress.gov/v3/bill/111/hr/6242?format=json"
        },
        {
            "congress": 111,
            "introducedDate": "2010-04-28",
            "latestAction": {
                "actionDate": "2010-04-28",
                "text": "Referred to the House Committee on Oversight and Government Reform."
            },
            "number": "5162",
            "policyArea": {
                "name": "Crime and Law Enforcement"
            },
            "title": "To restore Second Amendment rights in the District of Columbia.",
            "type": "HR",
            "url": "https://api.congress.gov/v3/bill/111/hr/5162?format=json"
        },
        {
            "congress": 111,
            "introducedDate": "2010-04-27",
            "latestAction": {
                "actionDate": "2010-04-27",
                "text": "Referred to the House Committee on Oversight and Government Reform."
            },
            "number": "5150",
            "policyArea": {
                "name": "Crime and Law Enforcement"
            },
            "title": "To restore Second Amendment rights in the District of Columbia.",
            "type": "HR",
            "url": "https://api.congress.gov/v3/bill/111/hr/5150?format=json"
        },
        {
            "congress": 111,
            "introducedDate": "2010-03-11",
            "latestAction": {
                "actionDate": "2010-06-18",
                "text": "Referred to the Subcommittee on Conservation, Credit, Energy, and Research."
            },
            "number": "4822",
            "policyArea": {
                "name": "Agriculture and Food"
            },
            "title": "To provide for the settlement of claims arising from the failure of the Natural Resource Conservation Service (and former Soil Conservation Service) to carry out the Houlka Creek Watershed Project in Mississippi.",
            "type": "HR",
            "url": "https://api.congress.gov/v3/bill/111/hr/4822?format=json"
        },
        {
            "congress": 111,
            "introducedDate": "2009-12-11",
            "latestAction": {
                "actionDate": "2009-12-11",
                "text": "Referred to the House Committee on Ways and Means."
            },
            "number": "4292",
            "policyArea": {
                "name": "Taxation"
            },
            "title": "America's Better Classrooms Act of 2009",
            "type": "HR",
            "url": "https://api.congress.gov/v3/bill/111/hr/4292?format=json"
        },
        {
            "congress": 111,
            "introducedDate": "2009-09-24",
            "latestAction": {
                "actionDate": "2009-09-24",
                "text": "Referred to the House Committee on Ways and Means."
            },
            "number": "3640",
            "policyArea": {
                "name": "Taxation"
            },
            "title": "To amend the Internal Revenue Code of 1986 to extend and expand the first-time homebuyers credit and to provide a loss deduction on the sale of a principal residence.",
            "type": "HR",
            "url": "https://api.congress.gov/v3/bill/111/hr/3640?format=json"
        },
        {
            "congress": 111,
            "introducedDate": "2009-06-25",
            "latestAction": {
                "actionDate": "2009-06-25",
                "text": "Referred to the House Committee on Financial Services."
            },
            "number": "3044",
            "policyArea": {
                "name": "Housing and Community Development"
            },
            "title": "To impose an 18-month moratorium on the Home Valuation Code of Conduct.",
            "type": "HR",
            "url": "https://api.congress.gov/v3/bill/111/hr/3044?format=json"
        },
        {
            "congress": 111,
            "introducedDate": "2009-04-21",
            "latestAction": {
                "actionDate": "2009-04-21",
                "text": "Referred to the House Committee on Ways and Means."
            },
            "number": "1986",
            "policyArea": {
                "name": "Taxation"
            },
            "title": "To amend the Internal Revenue Code of 1986 and the Economic Growth and Tax Relief Reconciliation Act of 2001 to restore the estate tax, increase the estate tax unified credit to an exclusion equivalent of $4,000,000, reduce the maximum estate tax rate to 40 percent, and for other purposes.",
            "type": "HR",
            "url": "https://api.congress.gov/v3/bill/111/hr/1986?format=json"
        },
        {
            "congress": 111,
            "introducedDate": "2009-11-03",
            "latestAction": {
                "actionDate": "2009-11-03",
                "text": "Referred to the House Committee on Oversight and Government Reform."
            },
            "number": "886",
            "policyArea": {
                "name": "Education"
            },
            "title": "Supporting the goals and purposes of National Teach Ag Day.",
            "type": "HRES",
            "url": "https://api.congress.gov/v3/bill/111/hres/886?format=json"
        },
        {
            "congress": 111,
            "introducedDate": "2009-03-12",
            "latestAction": {
                "actionDate": "2009-05-14",
                "text": "Referred to the Subcommittee on Higher Education, Lifelong Learning, and Competitiveness."
            },
            "number": "239",
            "policyArea": {
                "name": "Education"
            },
            "title": "Honoring the 125th anniversary of Mississippi University for Women.",
            "type": "HRES",
            "url": "https://api.congress.gov/v3/bill/111/hres/239?format=json"
        },
        {
            "congress": 111,
            "introducedDate": "2009-04-02",
            "latestAction": {
                "actionDate": "2009-09-16",
                "text": "Received in the Senate and referred to the Committee on Agriculture, Nutrition, and Forestry."
            },
            "number": "95",
            "policyArea": {
                "name": "Public Lands and Natural Resources"
            },
            "title": "Recognizing the importance of the Department of Agriculture Forest Service Experimental Forests and Ranges.",
            "type": "HCONRES",
            "url": "https://api.congress.gov/v3/bill/111/hconres/95?format=json"
        },
        {
            "amendmentNumber": "1171",
            "congress": 110,
            "introducedDate": "2008-09-16",
            "latestAction": {
                "actionDate": "2008-09-17",
                "actionTime": "10:58:27",
                "text": "On agreeing to the Childers amendment (A001) Agreed to by recorded vote: 260 - 160, 1 Present (Roll no. 600). (text: CR H8283-8284)"
            },
            "type": null,
            "url": "https://api.congress.gov/v3/amendment/110/hamdt/1171?format=json"
        },
        {
            "amendmentNumber": "1142",
            "congress": 110,
            "introducedDate": "2008-07-23",
            "latestAction": {
                "actionDate": "2008-07-24",
                "actionTime": "15:03:08",
                "text": "On agreeing to the Childers amendment (A010) Agreed to by recorded vote: 416 - 1, 6 Present ) (Roll No. 528). (consideration: CR H7093; text: CR H7093)"
            },
            "type": null,
            "url": "https://api.congress.gov/v3/amendment/110/hamdt/1142?format=json"
        },
        {
            "congress": 110,
            "introducedDate": "2008-08-01",
            "latestAction": {
                "actionDate": "2008-08-01",
                "text": "Referred to the House Committee on Ways and Means."
            },
            "number": "6773",
            "policyArea": {
                "name": "Taxation"
            },
            "title": "To amend the Internal Revenue Code of 1986 to provide a tax credit to consumers based on fuel economy.",
            "type": "HR",
            "url": "https://api.congress.gov/v3/bill/110/hr/6773?format=json"
        },
        {
            "congress": 110,
            "introducedDate": "2008-07-31",
            "latestAction": {
                "actionDate": "2008-07-31",
                "text": "Referred to the Committee on Oversight and Government Reform, and in addition to the Committee on the Judiciary, for a period to be subsequently determined by the Speaker, in each case for consideration of such provisions as fall within the jurisdiction of the committee concerned."
            },
            "number": "6691",
            "policyArea": {
                "name": "Crime and Law Enforcement"
            },
            "title": "Second Amendment Enforcement Act",
            "type": "HR",
            "url": "https://api.congress.gov/v3/bill/110/hr/6691?format=json"
        },
        {
            "congress": 110,
            "introducedDate": "2008-07-16",
            "latestAction": {
                "actionDate": "2008-07-16",
                "text": "Referred to the House Committee on Ways and Means."
            },
            "number": "6507",
            "policyArea": {
                "name": "Taxation"
            },
            "title": "Invest in Small Business Act of 2008",
            "type": "HR",
            "url": "https://api.congress.gov/v3/bill/110/hr/6507?format=json"
        },
        {
            "congress": 110,
            "introducedDate": "2008-09-22",
            "latestAction": {
                "actionDate": "2008-11-19",
                "text": "Referred to the Subcommittee on Conservation, Credit, Energy, and Research."
            },
            "number": "422",
            "policyArea": {
                "name": "Commemorations"
            },
            "title": "Recognizing the importance of the Department of Agriculture Forest Service Experimental Forests and Ranges on the occasion of the 100th anniversary of the establishment of the first experimental forest at Fort Valley, Arizona.",
            "type": "HCONRES",
            "url": "https://api.congress.gov/v3/bill/110/hconres/422?format=json"
        }
    ]
}