{
    "pagination": {
        "count": 46
    },
    "request": {
        "bioguideId": "f000468",
        "contentType": "application/json",
        "format": "json"
    },
    "sponsoredLegislation": [
        {
            "congress": 118,
            "introducedDate": "2024-04-23",
            "latestAction": {
                "actionDate": "2024-04-23",
                "text": "Referred to the House Committee on Financial Services."
            },
            "number": "8117",
            "policyArea": {
                "name": null
            },
            "title": "HEIR Act of 2024",
            "type": "HR",
            "url": "https://api.congress.gov/v3/bill/118/hr/8117?format=json"
        },
        {
            "congress": 118,
            "introducedDate": "2024-04-10",
            "latestAction": {
                "actionDate": "2024-04-10",
                "text": "Referred to the House Committee on Ways and Means."
            },
            "number": "7927",
            "policyArea": {
                "name": "Foreign Trade and International Finance"
            },
            "title": "Pink Tariffs Study Act",
            "type": "HR",
            "url": "https://api.congress.gov/v3/bill/118/hr/7927?format=json"
        },
        {
            "congress": 118,
            "introducedDate": "2023-12-14",
            "latestAction": {
                "actionDate": "2024-01-02",
                "text": "Referred to the Subcommittee on Water Resources and Environment."
            },
            "number": "6808",
            "policyArea": {
                "name": "Environmental Protection"
            },
            "title": "PFAS Risk-Communication Strategy Act",
            "type": "HR",
            "url": "https://api.congress.gov/v3/bill/118/hr/6808?format=json"
        },
        {
            "congress": 118,
            "introducedDate": "2023-05-16",
            "latestAction": {
                "actionDate": "2023-05-19",
                "text": "Referred to the Subcommittee on Communications and Technology."
            },
            "number": "3366",
            "policyArea": {
                "name": "Emergency Management"
            },
            "title": "To amend the Middle Class Tax Relief and Job Creation Act of 2012 to reauthorize the First Responder Network Authority.",
            "type": "HR",
            "url": "https://api.congress.gov/v3/bill/118/hr/3366?format=json"
        },
        {
            "congress": 118,
            "introducedDate": "2023-05-10",
            "latestAction": {
                "actionDate": "2023-05-12",
                "text": "Referred to the Subcommittee on Environment, Manufacturing, and Critical Materials."
            },
            "number": "3182",
            "policyArea": {
                "name": "Energy"
            },
            "title": "CLEAR Act",
            "type": "HR",
            "url": "https://api.congress.gov/v3/bill/118/hr/3182?format=json"
        },
        {
            "congress": 118,
            "introducedDate": "2023-04-28",
            "latestAction": {
                "actionDate": "2023-05-05",
                "text": "Referred to the Subcommittee on Health."
            },
            "number": "3004",
            "policyArea": {
                "name": "Taxation"
            },
            "title": "ACCESS Act",
            "type": "HR",
            "url": "https://api.congress.gov/v3/bill/118/hr/3004?format=json"
        },
        {
            "congress": 118,
            "introducedDate": "2023-03-09",
            "latestAction": {
                "actionDate": "2023-03-17",
                "text": "Referred to the Subcommittee on Energy, Climate and Grid Security."
            },
            "number": "1497",
            "policyArea": {
                "name": "Energy"
            },
            "title": "American Gas for Allies Act",
            "type": "HR",
            "url": "https://api.congress.gov/v3/bill/118/hr/1497?format=json"
        },
        {
            "congress": 118,
            "introducedDate": "2023-02-28",
            "latestAction": {
                "actionDate": "2023-03-10",
                "text": "Referred to the Subcommittee on Communications and Technology."
            },
            "number": "1241",
            "policyArea": {
                "name": "Science, Technology, Communications"
            },
            "title": "Broadband Incentives for Communities Act",
            "type": "HR",
            "url": "https://api.congress.gov/v3/bill/118/hr/1241?format=json"
        },
        {
            "congress": 118,
            "introducedDate": "2023-02-09",
            "latestAction": {
                "actionDate": "2023-02-21",
                "text": "Referred to the Subcommittee on Energy and Mineral Resources."
            },
            "number": "913",
            "policyArea": {
                "name": "Energy"
            },
            "title": "RISEE Act of 2023",
            "type": "HR",
            "url": "https://api.congress.gov/v3/bill/118/hr/913?format=json"
        },
        {
            "congress": 118,
            "introducedDate": "2023-02-02",
            "latestAction": {
                "actionDate": "2023-02-10",
                "text": "Referred to the Subcommittee on Health."
            },
            "number": "782",
            "policyArea": {
                "name": "Civil Rights and Liberties, Minority Issues"
            },
            "title": "Ensuring Women\u2019s Right to Reproductive Freedom Act",
            "type": "HR",
            "url": "https://api.congress.gov/v3/bill/118/hr/782?format=json"
        },
        {
            "congress": 117,
            "introducedDate": "2022-09-29",
            "latestAction": {
                "actionDate": "2022-09-29",
                "text": "Referred to the Committee on Natural Resources, and in addition to the Committee on Science, Space, and Technology, for a period to be subsequently determined by the Speaker, in each case for consideration of such provisions as fall within the jurisdiction of the committee concerned."
            },
            "number": "9049",
            "policyArea": {
                "name": "Energy"
            },
            "title": "RISEE Act of 2022",
            "type": "HR",
            "url": "https://api.congress.gov/v3/bill/117/hr/9049?format=json"
        },
        {
            "congress": 117,
            "introducedDate": "2022-07-07",
            "latestAction": {
                "actionDate": "2022-07-18",
                "text": "Received in the Senate."
            },
            "number": "8297",
            "policyArea": {
                "name": "Health"
            },
            "title": "Ensuring Access to Abortion Act of 2022",
            "type": "HR",
            "url": "https://api.congress.gov/v3/bill/117/hr/8297?format=json"
        },
        {
            "congress": 117,
            "introducedDate": "2022-05-06",
            "latestAction": {
                "actionDate": "2022-05-06",
                "text": "Referred to the House Committee on Energy and Commerce."
            },
            "number": "7679",
            "policyArea": {
                "name": "Health"
            },
            "title": "To amend the Federal Food, Drug, and Cosmetic Act to reauthorize the authority to grant certain exemptions, and for other purposes.",
            "type": "HR",
            "url": "https://api.congress.gov/v3/bill/117/hr/7679?format=json"
        },
        {
            "congress": 117,
            "introducedDate": "2022-03-30",
            "latestAction": {
                "actionDate": "2022-07-27",
                "text": "Received in the Senate and Read twice and referred to the Committee on Environment and Public Works."
            },
            "number": "7289",
            "policyArea": {
                "name": "Environmental Protection"
            },
            "title": "Federal PFAS Research Evaluation Act",
            "type": "HR",
            "url": "https://api.congress.gov/v3/bill/117/hr/7289?format=json"
        },
        {
            "congress": 117,
            "introducedDate": "2022-03-08",
            "latestAction": {
                "actionDate": "2022-03-09",
                "text": "Referred to the Subcommittee on Energy."
            },
            "number": "6977",
            "policyArea": {
                "name": "Energy"
            },
            "title": "American Gas for Allies Act",
            "type": "HR",
            "url": "https://api.congress.gov/v3/bill/117/hr/6977?format=json"
        },
        {
            "congress": 117,
            "introducedDate": "2022-02-02",
            "latestAction": {
                "actionDate": "2022-02-03",
                "text": "Referred to the Subcommittee on Energy."
            },
            "number": "6562",
            "policyArea": {
                "name": "Energy"
            },
            "title": "CLEAR Act",
            "type": "HR",
            "url": "https://api.congress.gov/v3/bill/117/hr/6562?format=json"
        },
        {
            "congress": 117,
            "introducedDate": "2021-12-16",
            "latestAction": {
                "actionDate": "2021-12-16",
                "text": "Referred to the House Committee on Ways and Means."
            },
            "number": "6300",
            "policyArea": {
                "name": "Taxation"
            },
            "title": "Stopping Abortion Bounties Act",
            "type": "HR",
            "url": "https://api.congress.gov/v3/bill/117/hr/6300?format=json"
        },
        {
            "congress": 117,
            "introducedDate": "2021-09-10",
            "latestAction": {
                "actionDate": "2021-09-13",
                "text": "Referred to the Subcommittee on Health."
            },
            "number": "5218",
            "policyArea": {
                "name": "Health"
            },
            "title": "Collaborate in an Orderly and Cohesive Manner Act",
            "type": "HR",
            "url": "https://api.congress.gov/v3/bill/117/hr/5218?format=json"
        },
        {
            "congress": 117,
            "introducedDate": "2021-08-20",
            "latestAction": {
                "actionDate": "2021-08-23",
                "text": "Referred to the Subcommittee on Communications and Technology."
            },
            "number": "5058",
            "policyArea": {
                "name": "Science, Technology, Communications"
            },
            "title": "Broadband Incentives for Communities Act",
            "type": "HR",
            "url": "https://api.congress.gov/v3/bill/117/hr/5058?format=json"
        },
        {
            "congress": 117,
            "introducedDate": "2021-07-09",
            "latestAction": {
                "actionDate": "2021-07-12",
                "text": "Referred to the Subcommittee on Environment and Climate Change."
            },
            "number": "4381",
            "policyArea": {
                "name": "Environmental Protection"
            },
            "title": "To direct the Administrator of the Environmental Protection Agency to issue guidance on minimizing the use of firefighting foam containing PFAS, and for other purposes.",
            "type": "HR",
            "url": "https://api.congress.gov/v3/bill/117/hr/4381?format=json"
        },
        {
            "congress": 117,
            "introducedDate": "2021-05-28",
            "latestAction": {
                "actionDate": "2022-07-07",
                "text": "Referred to the Subcommittee on Energy and Mineral Resources."
            },
            "number": "3585",
            "policyArea": {
                "name": "Energy"
            },
            "title": "REGROW Act of 2021",
            "type": "HR",
            "url": "https://api.congress.gov/v3/bill/117/hr/3585?format=json"
        },
        {
            "congress": 117,
            "introducedDate": "2021-05-18",
            "latestAction": {
                "actionDate": "2022-10-11",
                "text": "Received in the Senate and Read twice and referred to the Committee on Veterans' Affairs."
            },
            "number": "3304",
            "policyArea": {
                "name": "Armed Forces and National Security"
            },
            "title": "CARS for Vets Act",
            "type": "HR",
            "url": "https://api.congress.gov/v3/bill/117/hr/3304?format=json"
        },
        {
            "congress": 117,
            "introducedDate": "2021-03-16",
            "latestAction": {
                "actionDate": "2023-01-05",
                "text": "Became Public Law No: 117-332."
            },
            "number": "1917",
            "policyArea": {
                "name": "Emergency Management"
            },
            "title": "Hazard Eligibility and Local Projects Act",
            "type": "HR",
            "url": "https://api.congress.gov/v3/bill/117/hr/1917?format=json"
        },
        {
            "congress": 117,
            "introducedDate": "2021-03-11",
            "latestAction": {
                "actionDate": "2021-03-12",
                "text": "Referred to the Subcommittee on Health."
            },
            "number": "1818",
            "policyArea": {
                "name": "Health"
            },
            "title": "To authorize the Secretary of Health and Human Services to award grants to States and political subdivisions of States to support the improvement, renovation, or modernization of infrastructure at clinical laboratories that will help to improve SARS-CoV-2 and COVID-19 testing and response activities, including the expansion and enhancement of testing capacity at such laboratories.",
            "type": "HR",
            "url": "https://api.congress.gov/v3/bill/117/hr/1818?format=json"
        },
        {
            "congress": 117,
            "introducedDate": "2021-02-05",
            "latestAction": {
                "actionDate": "2021-02-08",
                "text": "Referred to the Subcommittee on Health."
            },
            "number": "871",
            "policyArea": {
                "name": "Health"
            },
            "title": "Expand Medicaid Now Act",
            "type": "HR",
            "url": "https://api.congress.gov/v3/bill/117/hr/871?format=json"
        },
        {
            "congress": 117,
            "introducedDate": "2021-02-04",
            "latestAction": {
                "actionDate": "2021-02-04",
                "text": "Referred to the House Committee on Small Business."
            },
            "number": "809",
            "policyArea": {
                "name": "Commerce"
            },
            "title": "LIFT UP Act of 2021",
            "type": "HR",
            "url": "https://api.congress.gov/v3/bill/117/hr/809?format=json"
        },
        {
            "congress": 117,
            "introducedDate": "2021-01-28",
            "latestAction": {
                "actionDate": "2021-02-02",
                "text": "Referred to the Subcommittee on Health."
            },
            "number": "533",
            "policyArea": {
                "name": "Health"
            },
            "title": "Stop COVID\u201319 Test Surprise Medical Bills Act of 2021",
            "type": "HR",
            "url": "https://api.congress.gov/v3/bill/117/hr/533?format=json"
        },
        {
            "congress": 116,
            "introducedDate": "2020-09-29",
            "latestAction": {
                "actionDate": "2020-09-29",
                "text": "Referred to the Committee on Energy and Commerce, and in addition to the Committees on Ways and Means, and Education and Labor, for a period to be subsequently determined by the Speaker, in each case for consideration of such provisions as fall within the jurisdiction of the committee concerned."
            },
            "number": "8419",
            "policyArea": {
                "name": "Health"
            },
            "title": "Stop COVID\u201319 Test Surprise Medical Bills Act of 2020",
            "type": "HR",
            "url": "https://api.congress.gov/v3/bill/116/hr/8419?format=json"
        },
        {
            "congress": 116,
            "introducedDate": "2020-08-04",
            "latestAction": {
                "actionDate": "2020-08-04",
                "text": "Referred to the House Committee on Small Business."
            },
            "number": "7928",
            "policyArea": {
                "name": "Commerce"
            },
            "title": "LIFT UP Act of 2020",
            "type": "HR",
            "url": "https://api.congress.gov/v3/bill/116/hr/7928?format=json"
        },
        {
            "congress": 116,
            "introducedDate": "2020-07-01",
            "latestAction": {
                "actionDate": "2020-07-01",
                "text": "Referred to the House Committee on Armed Services."
            },
            "number": "7453",
            "policyArea": {
                "name": "Armed Forces and National Security"
            },
            "title": "To amend title 10, United States Code, to permit members of the Armed Forces to continue to participate in Skillbridge programs after their date of discharge or separation from active duty in the Armed Forces.",
            "type": "HR",
            "url": "https://api.congress.gov/v3/bill/116/hr/7453?format=json"
        },
        {
            "congress": 116,
            "introducedDate": "2020-06-25",
            "latestAction": {
                "actionDate": "2020-06-25",
                "text": "Referred to the House Committee on Science, Space, and Technology."
            },
            "number": "7348",
            "policyArea": {
                "name": "Environmental Protection"
            },
            "title": "Federal PFAS Research Evaluation Act",
            "type": "HR",
            "url": "https://api.congress.gov/v3/bill/116/hr/7348?format=json"
        },
        {
            "congress": 116,
            "introducedDate": "2020-05-08",
            "latestAction": {
                "actionDate": "2020-05-08",
                "text": "Referred to the House Committee on Ways and Means."
            },
            "number": "6754",
            "policyArea": {
                "name": "Taxation"
            },
            "title": "Protecting the Paycheck Protection Program Act of 2020",
            "type": "HR",
            "url": "https://api.congress.gov/v3/bill/116/hr/6754?format=json"
        },
        {
            "congress": 116,
            "introducedDate": "2020-04-21",
            "latestAction": {
                "actionDate": "2020-04-21",
                "text": "Referred to the Committee on Appropriations, and in addition to the Committee on the Budget, for a period to be subsequently determined by the Speaker, in each case for consideration of such provisions as fall within the jurisdiction of the committee concerned."
            },
            "number": "6580",
            "policyArea": {
                "name": "Energy"
            },
            "title": "To appropriate funds for the SPR Petroleum Account.",
            "type": "HR",
            "url": "https://api.congress.gov/v3/bill/116/hr/6580?format=json"
        },
        {
            "congress": 116,
            "introducedDate": "2019-12-23",
            "latestAction": {
                "actionDate": "2019-12-23",
                "text": "Referred to the House Committee on Science, Space, and Technology."
            },
            "number": "5536",
            "policyArea": {
                "name": "Science, Technology, Communications"
            },
            "title": "LEGEND Act of 2019",
            "type": "HR",
            "url": "https://api.congress.gov/v3/bill/116/hr/5536?format=json"
        },
        {
            "congress": 116,
            "introducedDate": "2019-12-05",
            "latestAction": {
                "actionDate": "2020-12-21",
                "text": "Became Public Law No: 116-243."
            },
            "number": "5317",
            "policyArea": {
                "name": "Government Operations and Politics"
            },
            "title": "To designate the facility of the United States Postal Service located at 315 Addicks Howell Road in Houston, Texas, as the Deputy Sandeep Singh Dhaliwal Post Office Building.",
            "type": "HR",
            "url": "https://api.congress.gov/v3/bill/116/hr/5317?format=json"
        },
        {
            "congress": 116,
            "introducedDate": "2019-11-14",
            "latestAction": {
                "actionDate": "2019-11-14",
                "text": "Referred to the House Committee on Ways and Means."
            },
            "number": "5089",
            "policyArea": {
                "name": "Taxation"
            },
            "title": "Alternative Fuel Tax Credit Extension Act of 2019",
            "type": "HR",
            "url": "https://api.congress.gov/v3/bill/116/hr/5089?format=json"
        },
        {
            "congress": 116,
            "introducedDate": "2019-10-04",
            "latestAction": {
                "actionDate": "2019-10-28",
                "text": "Referred to the Subcommittee on Crime, Terrorism, and Homeland Security."
            },
            "number": "616",
            "policyArea": {
                "name": "Crime and Law Enforcement"
            },
            "title": "Expressing the sense of Congress honoring the life and mourning the loss of Lieutenant Sandeep Singh Dhaliwal of the Harris County Sheriff's Office.",
            "type": "HRES",
            "url": "https://api.congress.gov/v3/bill/116/hres/616?format=json"
        },
        {
            "amendmentNumber": "622",
            "congress": 116,
            "introducedDate": "2019-09-20",
            "latestAction": {
                "actionDate": "2019-09-20",
                "actionTime": "10:25:41",
                "text": "On agreeing to the Fletcher amendment (A002) Agreed to by voice vote. "
            },
            "type": null,
            "url": "https://api.congress.gov/v3/amendment/116/hamdt/622?format=json"
        },
        {
            "congress": 116,
            "introducedDate": "2019-06-13",
            "latestAction": {
                "actionDate": "2019-06-14",
                "text": "Referred to the Subcommittee on Military Personnel."
            },
            "number": "3266",
            "policyArea": {
                "name": "Armed Forces and National Security"
            },
            "title": "JROTC Cyber Training Act",
            "type": "HR",
            "url": "https://api.congress.gov/v3/bill/116/hr/3266?format=json"
        },
        {
            "congress": 116,
            "introducedDate": "2019-06-03",
            "latestAction": {
                "actionDate": "2019-06-04",
                "text": "Referred to the Subcommittee on Coast Guard and Maritime Transportation."
            },
            "number": "3066",
            "policyArea": {
                "name": "Transportation and Public Works"
            },
            "title": "Supporting Our Coast Guard Members Act of 2019",
            "type": "HR",
            "url": "https://api.congress.gov/v3/bill/116/hr/3066?format=json"
        },
        {
            "congress": 116,
            "introducedDate": "2019-05-15",
            "latestAction": {
                "actionDate": "2019-05-15",
                "text": "Referred to the House Committee on Financial Services."
            },
            "number": "2761",
            "policyArea": {
                "name": "Housing and Community Development"
            },
            "title": "Bipartisan Disaster Recovery Funding Act of 2019",
            "type": "HR",
            "url": "https://api.congress.gov/v3/bill/116/hr/2761?format=json"
        },
        {
            "amendmentNumber": "216",
            "congress": 116,
            "introducedDate": "2019-05-10",
            "latestAction": {
                "actionDate": "2019-05-10",
                "actionTime": "12:03:41",
                "text": "On agreeing to the Fletcher amendment (A008) Agreed to by recorded vote: 393 - 20 (Roll no. 200). "
            },
            "type": null,
            "url": "https://api.congress.gov/v3/amendment/116/hamdt/216?format=json"
        },
        {
            "congress": 116,
            "introducedDate": "2019-05-09",
            "latestAction": {
                "actionDate": "2019-09-26",
                "text": "Forwarded by Subcommittee to Full Committee by Voice Vote ."
            },
            "number": "2638",
            "policyArea": {
                "name": "Environmental Protection"
            },
            "title": "To direct the Administrator of the Environmental Protection Agency to issue guidance on minimizing the use of firefighting foam containing PFAS, and for other purposes.",
            "type": "HR",
            "url": "https://api.congress.gov/v3/bill/116/hr/2638?format=json"
        },
        {
            "congress": 116,
            "introducedDate": "2019-05-07",
            "latestAction": {
                "actionDate": "2019-12-18",
                "text": "Received in the Senate and Read twice and referred to the Committee on Homeland Security and Governmental Affairs."
            },
            "number": "2548",
            "policyArea": {
                "name": "Emergency Management"
            },
            "title": "Hazard Eligibility and Local Projects Act",
            "type": "HR",
            "url": "https://api.congress.gov/v3/bill/116/hr/2548?format=json"
        },
        {
            "amendmentNumber": "189",
            "congress": 116,
            "introducedDate": "2019-05-02",
            "latestAction": {
                "actionDate": "2019-05-02",
                "actionTime": "11:33:40",
                "text": "On agreeing to the Fletcher amendment (A021) Agreed to by recorded vote: 305 - 121 (Roll no. 179). "
            },
            "type": null,
            "url": "https://api.congress.gov/v3/amendment/116/hamdt/189?format=json"
        },
        {
            "amendmentNumber": "18",
            "congress": 116,
            "introducedDate": "2019-01-30",
            "latestAction": {
                "actionDate": "2019-01-30",
                "actionTime": "11:58:54",
                "text": "On agreeing to the Fletcher amendment (A002) Agreed to by voice vote. "
            },
            "type": null,
            "url": "https://api.congress.gov/v3/amendment/116/hamdt/18?format=json"
        }
    ]
}