{
    "pagination": {
        "count": 39
    },
    "request": {
        "bioguideId": "j000302",
        "contentType": "application/json",
        "format": "json"
    },
    "sponsoredLegislation": [
        {
            "congress": 118,
            "introducedDate": "2024-07-25",
            "latestAction": {
                "actionDate": "2024-07-25",
                "text": "Referred to the Committee on Energy and Commerce, and in addition to the Committee on Ways and Means, for a period to be subsequently determined by the Speaker, in each case for consideration of such provisions as fall within the jurisdiction of the committee concerned."
            },
            "number": "9157",
            "policyArea": {
                "name": null
            },
            "title": "To amend title XVIII of the Social Security Act to facilitate patient access to certain pediatric technologies.",
            "type": "HR",
            "url": "https://api.congress.gov/v3/bill/118/hr/9157?format=json"
        },
        {
            "congress": 118,
            "introducedDate": "2024-03-08",
            "latestAction": {
                "actionDate": "2024-03-08",
                "text": "Referred to the House Committee on Education and the Workforce."
            },
            "number": "96",
            "policyArea": {
                "name": "Labor and Employment"
            },
            "title": "Expressing the sense of Congress regarding the public health, safety, and welfare implications of licensure of design professionals.",
            "type": "HCONRES",
            "url": "https://api.congress.gov/v3/bill/118/hconres/96?format=json"
        },
        {
            "congress": 118,
            "introducedDate": "2023-09-22",
            "latestAction": {
                "actionDate": "2023-12-05",
                "text": "Ordered to be Reported by the Yeas and Nays: 40 - 0."
            },
            "number": "5677",
            "policyArea": {
                "name": "Science, Technology, Communications"
            },
            "title": "5G SALE Act",
            "type": "HR",
            "url": "https://api.congress.gov/v3/bill/118/hr/5677?format=json"
        },
        {
            "congress": 118,
            "introducedDate": "2023-09-18",
            "latestAction": {
                "actionDate": "2023-09-22",
                "text": "Referred to the Subcommittee on Health."
            },
            "number": "5539",
            "policyArea": {
                "name": "Health"
            },
            "title": "ORPHAN Cures Act",
            "type": "HR",
            "url": "https://api.congress.gov/v3/bill/118/hr/5539?format=json"
        },
        {
            "congress": 118,
            "introducedDate": "2023-09-08",
            "latestAction": {
                "actionDate": "2023-12-06",
                "text": "Ordered to be Reported (Amended) by the Yeas and Nays: 48 - 0."
            },
            "number": "5372",
            "policyArea": {
                "name": "Health"
            },
            "title": "Expanding Seniors' Access to Lower Cost Medicines Act of 2023",
            "type": "HR",
            "url": "https://api.congress.gov/v3/bill/118/hr/5372?format=json"
        },
        {
            "congress": 118,
            "introducedDate": "2023-09-08",
            "latestAction": {
                "actionDate": "2023-12-06",
                "text": "Ordered to be Reported (Amended) by the Yeas and Nays: 41 - 0."
            },
            "number": "5371",
            "policyArea": {
                "name": "Health"
            },
            "title": "Choices for Increased Mobility Act of 2023",
            "type": "HR",
            "url": "https://api.congress.gov/v3/bill/118/hr/5371?format=json"
        },
        {
            "congress": 118,
            "introducedDate": "2023-03-08",
            "latestAction": {
                "actionDate": "2023-09-18",
                "text": "Received in the Senate and Read twice and referred to the Committee on Environment and Public Works."
            },
            "number": "1435",
            "policyArea": {
                "name": "Environmental Protection"
            },
            "title": "Preserving Choice in Vehicle Purchases Act",
            "type": "HR",
            "url": "https://api.congress.gov/v3/bill/118/hr/1435?format=json"
        },
        {
            "congress": 118,
            "introducedDate": "2023-08-04",
            "latestAction": {
                "actionDate": "2023-12-06",
                "text": "Ordered to be Reported (Amended) by the Yeas and Nays: 27 - 20."
            },
            "number": "5146",
            "policyArea": {
                "name": "Commerce"
            },
            "title": "Advancing Gig Economy Act",
            "type": "HR",
            "url": "https://api.congress.gov/v3/bill/118/hr/5146?format=json"
        },
        {
            "congress": 118,
            "introducedDate": "2023-07-18",
            "latestAction": {
                "actionDate": "2023-07-21",
                "text": "Referred to the Subcommittee on Health."
            },
            "number": "4714",
            "policyArea": {
                "name": "Health"
            },
            "title": "Pediatricians Accelerate Childhood Therapies Act of 2023",
            "type": "HR",
            "url": "https://api.congress.gov/v3/bill/118/hr/4714?format=json"
        },
        {
            "congress": 118,
            "introducedDate": "2023-05-18",
            "latestAction": {
                "actionDate": "2023-06-23",
                "text": "Referred to the Subcommittee on Forestry."
            },
            "number": "3500",
            "policyArea": {
                "name": "Energy"
            },
            "title": "Mountain Valley Pipeline Completion Act",
            "type": "HR",
            "url": "https://api.congress.gov/v3/bill/118/hr/3500?format=json"
        },
        {
            "congress": 118,
            "introducedDate": "2023-05-15",
            "latestAction": {
                "actionDate": "2023-05-19",
                "text": "Referred to the Subcommittee on Communications and Technology."
            },
            "number": "3288",
            "policyArea": {
                "name": "Science, Technology, Communications"
            },
            "title": "Broadband Competition and Efficient Deployment Act",
            "type": "HR",
            "url": "https://api.congress.gov/v3/bill/118/hr/3288?format=json"
        },
        {
            "congress": 118,
            "introducedDate": "2023-05-11",
            "latestAction": {
                "actionDate": "2023-05-12",
                "text": "Referred to the Subcommittee on Health."
            },
            "number": "3237",
            "policyArea": {
                "name": "Health"
            },
            "title": "To amend title XVIII of the Social Security Act to require each off-campus outpatient department of a provider to include a unique identifier on claims for items and services, and to require providers with a department of a provider to submit to the Centers for Medicare & Medicaid Services an attestation with respect to each such department.",
            "type": "HR",
            "url": "https://api.congress.gov/v3/bill/118/hr/3237?format=json"
        },
        {
            "congress": 118,
            "introducedDate": "2023-04-20",
            "latestAction": {
                "actionDate": "2023-04-20",
                "text": "Referred to the House Committee on Energy and Commerce."
            },
            "number": "2761",
            "policyArea": {
                "name": "Health"
            },
            "title": "SPARC Act",
            "type": "HR",
            "url": "https://api.congress.gov/v3/bill/118/hr/2761?format=json"
        },
        {
            "congress": 118,
            "introducedDate": "2023-04-10",
            "latestAction": {
                "actionDate": "2023-04-21",
                "text": "Referred to the Subcommittee on Health."
            },
            "number": "2559",
            "policyArea": {
                "name": "Health"
            },
            "title": "Strengthening Community Care Act of 2023",
            "type": "HR",
            "url": "https://api.congress.gov/v3/bill/118/hr/2559?format=json"
        },
        {
            "congress": 118,
            "introducedDate": "2023-02-21",
            "latestAction": {
                "actionDate": "2023-03-23",
                "text": "Placed on the Union Calendar, Calendar No. 10."
            },
            "number": "1131",
            "policyArea": {
                "name": "Environmental Protection"
            },
            "title": "To require the Administrator of the Environmental Protection Agency to authorize the use of flexible air permitting with respect to certain critical energy resource facilities, and for other purposes.",
            "type": "HR",
            "url": "https://api.congress.gov/v3/bill/118/hr/1131?format=json"
        },
        {
            "congress": 118,
            "introducedDate": "2023-03-08",
            "latestAction": {
                "actionDate": "2023-03-17",
                "text": "Referred to the Subcommittee on Health."
            },
            "number": "1462",
            "policyArea": {
                "name": "Health"
            },
            "title": "DAIRY PRIDE Act",
            "type": "HR",
            "url": "https://api.congress.gov/v3/bill/118/hr/1462?format=json"
        },
        {
            "congress": 118,
            "introducedDate": "2023-03-07",
            "latestAction": {
                "actionDate": "2024-05-16",
                "text": "Forwarded by Subcommittee to Full Committee (Amended) by Voice Vote."
            },
            "number": "1406",
            "policyArea": {
                "name": "Health"
            },
            "title": "Sustainable Cardiopulmonary Rehabilitation Services in the Home Act",
            "type": "HR",
            "url": "https://api.congress.gov/v3/bill/118/hr/1406?format=json"
        },
        {
            "congress": 118,
            "introducedDate": "2023-03-03",
            "latestAction": {
                "actionDate": "2023-03-24",
                "text": "Ordered to be Reported by the Yeas and Nays: 48 - 0."
            },
            "number": "1354",
            "policyArea": {
                "name": "Commerce"
            },
            "title": "Information and Communication Technology Strategy Act",
            "type": "HR",
            "url": "https://api.congress.gov/v3/bill/118/hr/1354?format=json"
        },
        {
            "congress": 117,
            "introducedDate": "2022-12-05",
            "latestAction": {
                "actionDate": "2022-12-05",
                "text": "Referred to the Committee on Energy and Commerce, and in addition to the Committee on Ways and Means, for a period to be subsequently determined by the Speaker, in each case for consideration of such provisions as fall within the jurisdiction of the committee concerned."
            },
            "number": "9427",
            "policyArea": {
                "name": "Health"
            },
            "title": "Sustainable Cardiopulmonary Rehabilitation Services in the Home Act",
            "type": "HR",
            "url": "https://api.congress.gov/v3/bill/117/hr/9427?format=json"
        },
        {
            "congress": 117,
            "introducedDate": "2022-07-26",
            "latestAction": {
                "actionDate": "2022-09-30",
                "text": "Placed on the House Calendar, Calendar No. 145."
            },
            "number": "1273",
            "policyArea": {
                "name": "Education"
            },
            "title": "Of inquiry directing the President to provide certain documents in the President's possession to the House of Representatives relating to communication between the executive branch and the American Federation of Teachers regarding reopening schools and supporting safe, in-person learning.",
            "type": "HRES",
            "url": "https://api.congress.gov/v3/bill/117/hres/1273?format=json"
        },
        {
            "congress": 117,
            "introducedDate": "2022-05-03",
            "latestAction": {
                "actionDate": "2022-05-03",
                "text": "Referred to the House Committee on Energy and Commerce."
            },
            "number": "7649",
            "policyArea": {
                "name": "Health"
            },
            "title": "To direct the Secretary of Health and Human Services to open a public docket for the submission of public comments regarding factors that should be taken into consideration when reviewing a proposed modification to an approved risk evaluation and mitigation strategy, and for other purposes.",
            "type": "HR",
            "url": "https://api.congress.gov/v3/bill/117/hr/7649?format=json"
        },
        {
            "congress": 117,
            "introducedDate": "2022-03-28",
            "latestAction": {
                "actionDate": "2022-03-29",
                "text": "Referred to the Subcommittee on Health."
            },
            "number": "7248",
            "policyArea": {
                "name": "Health"
            },
            "title": "Continuing Systems of Care for Children Act",
            "type": "HR",
            "url": "https://api.congress.gov/v3/bill/117/hr/7248?format=json"
        },
        {
            "congress": 117,
            "introducedDate": "2021-07-27",
            "latestAction": {
                "actionDate": "2021-07-27",
                "text": "Referred to the Subcommittee on Trade."
            },
            "number": "4711",
            "policyArea": {
                "name": "Foreign Trade and International Finance"
            },
            "title": "International Pharmaceutical Supply Chain Security Agreement Act of 2021",
            "type": "HR",
            "url": "https://api.congress.gov/v3/bill/117/hr/4711?format=json"
        },
        {
            "congress": 117,
            "introducedDate": "2021-10-19",
            "latestAction": {
                "actionDate": "2021-10-20",
                "text": "Referred to the Subcommittee on Health."
            },
            "number": "5626",
            "policyArea": {
                "name": "Health"
            },
            "title": "SAFE Biomedical Research Act",
            "type": "HR",
            "url": "https://api.congress.gov/v3/bill/117/hr/5626?format=json"
        },
        {
            "congress": 117,
            "introducedDate": "2021-10-15",
            "latestAction": {
                "actionDate": "2021-10-18",
                "text": "Referred to the Subcommittee on Health."
            },
            "number": "5594",
            "policyArea": {
                "name": "Health"
            },
            "title": "Enhancing the Community Health Workforce Act",
            "type": "HR",
            "url": "https://api.congress.gov/v3/bill/117/hr/5594?format=json"
        },
        {
            "congress": 117,
            "introducedDate": "2021-06-08",
            "latestAction": {
                "actionDate": "2021-06-09",
                "text": "Referred to the Subcommittee on Health."
            },
            "number": "3773",
            "policyArea": {
                "name": "Health"
            },
            "title": "PACT Act of 2021",
            "type": "HR",
            "url": "https://api.congress.gov/v3/bill/117/hr/3773?format=json"
        },
        {
            "congress": 117,
            "introducedDate": "2021-06-08",
            "latestAction": {
                "actionDate": "2021-06-09",
                "text": "Referred to the Subcommittee on Consumer Protection and Commerce."
            },
            "number": "3774",
            "policyArea": {
                "name": "Commerce"
            },
            "title": "Advancing Gig Economy Act",
            "type": "HR",
            "url": "https://api.congress.gov/v3/bill/117/hr/3774?format=json"
        },
        {
            "congress": 117,
            "introducedDate": "2021-04-19",
            "latestAction": {
                "actionDate": "2021-04-20",
                "text": "Referred to the Subcommittee on Health."
            },
            "number": "2657",
            "policyArea": {
                "name": "Health"
            },
            "title": "Passport Act",
            "type": "HR",
            "url": "https://api.congress.gov/v3/bill/117/hr/2657?format=json"
        },
        {
            "congress": 117,
            "introducedDate": "2021-03-23",
            "latestAction": {
                "actionDate": "2021-03-23",
                "text": "Referred to the House Committee on Education and Labor."
            },
            "number": "2147",
            "policyArea": {
                "name": "Education"
            },
            "title": "Guarding Readers Independence and Choice Act",
            "type": "HR",
            "url": "https://api.congress.gov/v3/bill/117/hr/2147?format=json"
        },
        {
            "congress": 117,
            "introducedDate": "2021-02-18",
            "latestAction": {
                "actionDate": "2021-02-19",
                "text": "Referred to the Subcommittee on Environment and Climate Change."
            },
            "number": "1141",
            "policyArea": {
                "name": "Science, Technology, Communications"
            },
            "title": "Broadband Competition and Efficient Deployment Act",
            "type": "HR",
            "url": "https://api.congress.gov/v3/bill/117/hr/1141?format=json"
        },
        {
            "congress": 116,
            "introducedDate": "2020-12-16",
            "latestAction": {
                "actionDate": "2020-12-16",
                "text": "Referred to the Committee on Energy and Commerce, and in addition to the Committee on Ways and Means, for a period to be subsequently determined by the Speaker, in each case for consideration of such provisions as fall within the jurisdiction of the committee concerned."
            },
            "number": "8987",
            "policyArea": {
                "name": "Health"
            },
            "title": "Enhancing the Security of the U.S. Pharmaceutical Supply Chain Act of 2020",
            "type": "HR",
            "url": "https://api.congress.gov/v3/bill/116/hr/8987?format=json"
        },
        {
            "congress": 116,
            "introducedDate": "2020-08-14",
            "latestAction": {
                "actionDate": "2020-08-14",
                "text": "Referred to the House Committee on Energy and Commerce."
            },
            "number": "8045",
            "policyArea": {
                "name": "Emergency Management"
            },
            "title": "Genome Editing Threat Assessment Act",
            "type": "HR",
            "url": "https://api.congress.gov/v3/bill/116/hr/8045?format=json"
        },
        {
            "congress": 116,
            "introducedDate": "2020-07-29",
            "latestAction": {
                "actionDate": "2020-07-29",
                "text": "Referred to the House Committee on Armed Services."
            },
            "number": "7835",
            "policyArea": {
                "name": "Armed Forces and National Security"
            },
            "title": "To authorize the President to award the Medal of Honor to Eric Fisher Wood, Jr. for the acts of valor during the Battle of the Bulge.",
            "type": "HR",
            "url": "https://api.congress.gov/v3/bill/116/hr/7835?format=json"
        },
        {
            "congress": 116,
            "introducedDate": "2020-07-29",
            "latestAction": {
                "actionDate": "2020-07-29",
                "text": "Referred to the House Committee on Education and Labor."
            },
            "number": "7813",
            "policyArea": {
                "name": "Education"
            },
            "title": "Academic Institution Research Integrity Act",
            "type": "HR",
            "url": "https://api.congress.gov/v3/bill/116/hr/7813?format=json"
        },
        {
            "congress": 116,
            "introducedDate": "2020-07-29",
            "latestAction": {
                "actionDate": "2020-07-29",
                "text": "Referred to the Subcommittee on Select Revenue Measures."
            },
            "number": "7812",
            "policyArea": {
                "name": "Taxation"
            },
            "title": "ORE Act",
            "type": "HR",
            "url": "https://api.congress.gov/v3/bill/116/hr/7812?format=json"
        },
        {
            "congress": 116,
            "introducedDate": "2020-07-09",
            "latestAction": {
                "actionDate": "2020-07-09",
                "text": "Referred to the House Committee on Small Business."
            },
            "number": "7533",
            "policyArea": {
                "name": "Commerce"
            },
            "title": "Small Business Category Management Training Act",
            "type": "HR",
            "url": "https://api.congress.gov/v3/bill/116/hr/7533?format=json"
        },
        {
            "congress": 116,
            "introducedDate": "2020-06-04",
            "latestAction": {
                "actionDate": "2020-06-05",
                "text": "Referred to the Subcommittee on Highways and Transit."
            },
            "number": "7102",
            "policyArea": {
                "name": "Transportation and Public Works"
            },
            "title": "FARM to TABLE Delivery Act",
            "type": "HR",
            "url": "https://api.congress.gov/v3/bill/116/hr/7102?format=json"
        },
        {
            "congress": 116,
            "introducedDate": "2019-06-18",
            "latestAction": {
                "actionDate": "2019-12-10",
                "text": "Received in the Senate and Read twice and referred to the Committee on Commerce, Science, and Transportation."
            },
            "number": "3318",
            "policyArea": {
                "name": "Transportation and Public Works"
            },
            "title": "Emerging Transportation Security Threats Act of 2019",
            "type": "HR",
            "url": "https://api.congress.gov/v3/bill/116/hr/3318?format=json"
        },
        {
            "congress": 116,
            "introducedDate": "2019-05-01",
            "latestAction": {
                "actionDate": "2019-05-02",
                "text": "Referred to the Subcommittee on Health."
            },
            "number": "2455",
            "policyArea": {
                "name": "Health"
            },
            "title": "Ensuring Timely Access to Generics Act of 2019",
            "type": "HR",
            "url": "https://api.congress.gov/v3/bill/116/hr/2455?format=json"
        }
    ]
}