{
    "pagination": {
        "count": 13
    },
    "request": {
        "bioguideId": "m001217",
        "contentType": "application/json",
        "format": "json"
    },
    "sponsoredLegislation": [
        {
            "congress": 118,
            "introducedDate": "2024-07-15",
            "latestAction": {
                "actionDate": "2024-07-15",
                "text": "Referred to the House Committee on Oversight and Accountability."
            },
            "number": "1360",
            "policyArea": {
                "name": null
            },
            "title": "Honoring former fire department chief Corey Comperatore who was killed while shielding his family during the attempted assassination of the former President of the United States of America, Donald J. Trump.",
            "type": "HRES",
            "url": "https://api.congress.gov/v3/bill/118/hres/1360?format=json"
        },
        {
            "amendmentNumber": "1052",
            "congress": 118,
            "introducedDate": "2024-06-26",
            "latestAction": {
                "actionDate": "2024-06-27",
                "actionTime": "11:53:35",
                "text": "On agreeing to the Moskowitz amendment (A024) Agreed to by recorded vote: 269 - 144 (Roll no. 313). (consideration: CR H4345)"
            },
            "type": null,
            "url": "https://api.congress.gov/v3/amendment/118/hamdt/1052?format=json"
        },
        {
            "congress": 118,
            "introducedDate": "2024-06-12",
            "latestAction": {
                "actionDate": "2024-06-12",
                "text": "Referred to the Committee on Appropriations, and in addition to the Committee on the Budget, for a period to be subsequently determined by the Speaker, in each case for consideration of such provisions as fall within the jurisdiction of the committee concerned."
            },
            "number": "8716",
            "policyArea": {
                "name": null
            },
            "title": "Disaster Relief Fund Replenishment Act of 2024",
            "type": "HR",
            "url": "https://api.congress.gov/v3/bill/118/hr/8716?format=json"
        },
        {
            "congress": 118,
            "introducedDate": "2024-01-29",
            "latestAction": {
                "actionDate": "2024-01-29",
                "text": "Referred to the Committee on Appropriations, and in addition to the Committee on the Budget, for a period to be subsequently determined by the Speaker, in each case for consideration of such provisions as fall within the jurisdiction of the committee concerned."
            },
            "number": "7113",
            "policyArea": {
                "name": "Economics and Public Finance"
            },
            "title": "Making emergency supplemental appropriations in line with the President's request in response to the ongoing attack on Ukraine's sovereignty by Russia and in response to the attacks in Israel for the fiscal year ending September 30, 2024, and for other purposes.",
            "type": "HR",
            "url": "https://api.congress.gov/v3/bill/118/hr/7113?format=json"
        },
        {
            "congress": 118,
            "introducedDate": "2024-01-18",
            "latestAction": {
                "actionDate": "2024-01-18",
                "text": "Referred to the House Committee on Oversight and Accountability."
            },
            "number": "975",
            "policyArea": {
                "name": "Commerce"
            },
            "title": "Recognizing Associated Builders and Contractors Florida East Coast Chapter and the many vital contributions merit shop commercial, industrial, and infrastructure construction contractors make to the quality of life of the people of Florida.",
            "type": "HRES",
            "url": "https://api.congress.gov/v3/bill/118/hres/975?format=json"
        },
        {
            "congress": 118,
            "introducedDate": "2023-11-01",
            "latestAction": {
                "actionDate": "2023-11-01",
                "text": "Referred to the House Committee on Foreign Affairs."
            },
            "number": "836",
            "policyArea": {
                "name": "International Affairs"
            },
            "title": "Urging the United States Government to enhance the Middle East region's capacity to dismantle and disrupt the illicit production and trafficking of the amphetamine-type stimulant also known as captagon, including the production of precursor chemicals.",
            "type": "HRES",
            "url": "https://api.congress.gov/v3/bill/118/hres/836?format=json"
        },
        {
            "congress": 118,
            "introducedDate": "2023-09-20",
            "latestAction": {
                "actionDate": "2023-09-21",
                "text": "Referred to the Subcommittee on Economic Development, Public Buildings, and Emergency Management."
            },
            "number": "65",
            "policyArea": {
                "name": "Congress"
            },
            "title": "Authorizing the use of the Capitol Grounds for the Congressional Sneaker Caucus Shoe Drive for the Homeless Community.",
            "type": "HCONRES",
            "url": "https://api.congress.gov/v3/bill/118/hconres/65?format=json"
        },
        {
            "congress": 118,
            "introducedDate": "2023-09-20",
            "latestAction": {
                "actionDate": "2023-09-21",
                "text": "Referred to the Subcommittee on Economic Development, Public Buildings, and Emergency Management."
            },
            "number": "5599",
            "policyArea": {
                "name": "Emergency Management"
            },
            "title": "FEMA Independence Act of 2023",
            "type": "HR",
            "url": "https://api.congress.gov/v3/bill/118/hr/5599?format=json"
        },
        {
            "congress": 118,
            "introducedDate": "2023-07-20",
            "latestAction": {
                "actionDate": "2023-08-21",
                "text": "Referred to the Subcommittee on Livestock, Dairy, and Poultry."
            },
            "number": "59",
            "policyArea": {
                "name": "International Affairs"
            },
            "title": "Urging all countries to outlaw the dog and cat meat trade and to enforce existing laws against such trade.",
            "type": "HCONRES",
            "url": "https://api.congress.gov/v3/bill/118/hconres/59?format=json"
        },
        {
            "congress": 118,
            "introducedDate": "2023-06-22",
            "latestAction": {
                "actionDate": "2023-06-22",
                "text": "Referred to the Committee on Appropriations, and in addition to the Committee on the Budget, for a period to be subsequently determined by the Speaker, in each case for consideration of such provisions as fall within the jurisdiction of the committee concerned."
            },
            "number": "4295",
            "policyArea": {
                "name": "Emergency Management"
            },
            "title": "Disaster Relief Fund Replenishment Act",
            "type": "HR",
            "url": "https://api.congress.gov/v3/bill/118/hr/4295?format=json"
        },
        {
            "congress": 118,
            "introducedDate": "2023-06-13",
            "latestAction": {
                "actionDate": "2023-06-13",
                "text": "Referred to the House Committee on the Judiciary."
            },
            "number": "4074",
            "policyArea": {
                "name": "Crime and Law Enforcement"
            },
            "title": "3D Printed Gun Safety Act of 2023",
            "type": "HR",
            "url": "https://api.congress.gov/v3/bill/118/hr/4074?format=json"
        },
        {
            "congress": 118,
            "introducedDate": "2023-05-18",
            "latestAction": {
                "actionDate": "2023-05-18",
                "text": "Referred to the House Committee on Financial Services."
            },
            "number": "3525",
            "policyArea": {
                "name": "Finance and Financial Sector"
            },
            "title": "Natural Disaster Risk Reinsurance Program Act of 2023",
            "type": "HR",
            "url": "https://api.congress.gov/v3/bill/118/hr/3525?format=json"
        },
        {
            "congress": 118,
            "introducedDate": "2023-05-09",
            "latestAction": {
                "actionDate": "2023-05-09",
                "text": "Referred to the House Committee on the Judiciary."
            },
            "number": "3155",
            "policyArea": {
                "name": "Crime and Law Enforcement"
            },
            "title": "Protecting the Second Amendment through Responsible Gun Ownership Act",
            "type": "HR",
            "url": "https://api.congress.gov/v3/bill/118/hr/3155?format=json"
        }
    ]
}