{
    "pagination": {
        "count": 66
    },
    "request": {
        "bioguideId": "g000569",
        "contentType": "application/json",
        "format": "json"
    },
    "sponsoredLegislation": [
        {
            "amendmentNumber": "195",
            "congress": 113,
            "introducedDate": "2013-06-19",
            "latestAction": {
                "actionDate": "2013-06-19",
                "actionTime": "19:11:22",
                "text": "On agreeing to the Grimm amendment (A020) Agreed to by voice vote. "
            },
            "type": null,
            "url": "https://api.congress.gov/v3/amendment/113/hamdt/195?format=json"
        },
        {
            "amendmentNumber": "119",
            "congress": 113,
            "introducedDate": "2013-06-05",
            "latestAction": {
                "actionDate": "2013-06-05",
                "actionTime": "19:36:41",
                "text": "On agreeing to the Grimm amendment (A023) Agreed to by voice vote. "
            },
            "type": null,
            "url": "https://api.congress.gov/v3/amendment/113/hamdt/119?format=json"
        },
        {
            "amendmentNumber": "103",
            "congress": 113,
            "introducedDate": "2013-06-05",
            "latestAction": {
                "actionDate": "2013-06-05",
                "actionTime": "14:37:35",
                "text": "On agreeing to the Grimm amendment (A007) Agreed to by voice vote. "
            },
            "type": null,
            "url": "https://api.congress.gov/v3/amendment/113/hamdt/103?format=json"
        },
        {
            "congress": 113,
            "introducedDate": "2014-12-09",
            "latestAction": {
                "actionDate": "2014-12-09",
                "text": "Referred to the House Committee on Armed Services."
            },
            "number": "5813",
            "policyArea": {
                "name": "Transportation and Public Works"
            },
            "title": "U.S. Merchant Marine Academy Improvement Act of 2014",
            "type": "HR",
            "url": "https://api.congress.gov/v3/bill/113/hr/5813?format=json"
        },
        {
            "congress": 113,
            "introducedDate": "2014-09-10",
            "latestAction": {
                "actionDate": "2014-09-10",
                "text": "Referred to the House Committee on Ways and Means."
            },
            "number": "5438",
            "policyArea": {
                "name": "Taxation"
            },
            "title": "Tanning Tax Repeal Act of 2014",
            "type": "HR",
            "url": "https://api.congress.gov/v3/bill/113/hr/5438?format=json"
        },
        {
            "congress": 113,
            "introducedDate": "2014-04-02",
            "latestAction": {
                "actionDate": "2014-04-07",
                "text": "Referred to the Subcommittee on Transportation Security."
            },
            "number": "4368",
            "policyArea": {
                "name": "Transportation and Public Works"
            },
            "title": "Keep Knives Out of Our Skies Act",
            "type": "HR",
            "url": "https://api.congress.gov/v3/bill/113/hr/4368?format=json"
        },
        {
            "congress": 113,
            "introducedDate": "2014-03-04",
            "latestAction": {
                "actionDate": "2014-06-20",
                "text": "Referred to the Subcommittee on Seapower and Projection Forces."
            },
            "number": "4144",
            "policyArea": {
                "name": "Transportation and Public Works"
            },
            "title": "U.S. Merchant Marine Academy Board of Visitors Enhancement Act",
            "type": "HR",
            "url": "https://api.congress.gov/v3/bill/113/hr/4144?format=json"
        },
        {
            "congress": 113,
            "introducedDate": "2013-10-29",
            "latestAction": {
                "actionDate": "2014-03-21",
                "text": "Became Public Law No: 113-89."
            },
            "number": "3370",
            "policyArea": {
                "name": "Emergency Management"
            },
            "title": "Homeowner Flood Insurance Affordability Act of 2014",
            "type": "HR",
            "url": "https://api.congress.gov/v3/bill/113/hr/3370?format=json"
        },
        {
            "congress": 113,
            "introducedDate": "2013-10-11",
            "latestAction": {
                "actionDate": "2013-10-11",
                "text": "Referred to the House Committee on Appropriations."
            },
            "number": "3285",
            "policyArea": {
                "name": "Armed Forces and National Security"
            },
            "title": "To make technical corrections to the Pay Our Military Act to include midshipmen at the United States Merchant Marine Academy, who are appointed as midshipmen in the Navy Reserve.",
            "type": "HR",
            "url": "https://api.congress.gov/v3/bill/113/hr/3285?format=json"
        },
        {
            "congress": 113,
            "introducedDate": "2013-06-28",
            "latestAction": {
                "actionDate": "2014-12-18",
                "text": "Became Public Law No: 113-243."
            },
            "number": "2591",
            "policyArea": {
                "name": "Taxation"
            },
            "title": "To amend certain provisions of the FAA Modernization and Reform Act of 2012.",
            "type": "HR",
            "url": "https://api.congress.gov/v3/bill/113/hr/2591?format=json"
        },
        {
            "congress": 113,
            "introducedDate": "2013-06-06",
            "latestAction": {
                "actionDate": "2013-06-06",
                "text": "Referred to the House Committee on Ways and Means."
            },
            "number": "2288",
            "policyArea": {
                "name": "Taxation"
            },
            "title": "Commuter Parity Act of 2013",
            "type": "HR",
            "url": "https://api.congress.gov/v3/bill/113/hr/2288?format=json"
        },
        {
            "congress": 113,
            "introducedDate": "2013-04-26",
            "latestAction": {
                "actionDate": "2013-11-14",
                "text": "Ordered to be Reported (Amended) by the Yeas and Nays: 31 - 26."
            },
            "number": "1800",
            "policyArea": {
                "name": "Finance and Financial Sector"
            },
            "title": "Small Business Credit Availability Act",
            "type": "HR",
            "url": "https://api.congress.gov/v3/bill/113/hr/1800?format=json"
        },
        {
            "congress": 113,
            "introducedDate": "2013-04-17",
            "latestAction": {
                "actionDate": "2013-04-17",
                "text": "Referred to the House Committee on Financial Services."
            },
            "number": "1603",
            "policyArea": {
                "name": "Finance and Financial Sector"
            },
            "title": "Mutual Community Bank Competitive Equality Act",
            "type": "HR",
            "url": "https://api.congress.gov/v3/bill/113/hr/1603?format=json"
        },
        {
            "congress": 113,
            "introducedDate": "2013-03-06",
            "latestAction": {
                "actionDate": "2013-04-23",
                "text": "Referred to the Subcommittee on Early Childhood, Elementary, and Secondary Education."
            },
            "number": "1007",
            "policyArea": {
                "name": "Education"
            },
            "title": "Asthma Management Plans in School Act",
            "type": "HR",
            "url": "https://api.congress.gov/v3/bill/113/hr/1007?format=json"
        },
        {
            "congress": 113,
            "introducedDate": "2013-03-05",
            "latestAction": {
                "actionDate": "2013-03-05",
                "text": "Referred to the House Committee on Financial Services."
            },
            "number": "960",
            "policyArea": {
                "name": "Emergency Management"
            },
            "title": "Flood Victim Premium Relief Act of 2013",
            "type": "HR",
            "url": "https://api.congress.gov/v3/bill/113/hr/960?format=json"
        },
        {
            "congress": 113,
            "introducedDate": "2013-02-14",
            "latestAction": {
                "actionDate": "2013-04-08",
                "text": "Referred to the Subcommittee on Immigration And Border Security."
            },
            "number": "714",
            "policyArea": {
                "name": "Economics and Public Finance"
            },
            "title": "Startup Act 3.0",
            "type": "HR",
            "url": "https://api.congress.gov/v3/bill/113/hr/714?format=json"
        },
        {
            "congress": 113,
            "introducedDate": "2013-02-13",
            "latestAction": {
                "actionDate": "2013-06-13",
                "text": "Received in the Senate and Read twice and referred to the Committee on Banking, Housing, and Urban Affairs."
            },
            "number": "634",
            "policyArea": {
                "name": "Finance and Financial Sector"
            },
            "title": "Business Risk Mitigation and Price Stabilization Act of 2013",
            "type": "HR",
            "url": "https://api.congress.gov/v3/bill/113/hr/634?format=json"
        },
        {
            "congress": 113,
            "introducedDate": "2013-02-06",
            "latestAction": {
                "actionDate": "2013-02-06",
                "text": "Referred to the House Committee on Ways and Means."
            },
            "number": "549",
            "policyArea": {
                "name": "Taxation"
            },
            "title": "Homeowner Catastrophe Protection Act of 2013",
            "type": "HR",
            "url": "https://api.congress.gov/v3/bill/113/hr/549?format=json"
        },
        {
            "congress": 113,
            "introducedDate": "2013-02-05",
            "latestAction": {
                "actionDate": "2013-02-05",
                "text": "Referred to the House Committee on Financial Services."
            },
            "number": "508",
            "policyArea": {
                "name": "Finance and Financial Sector"
            },
            "title": "TRIA Reauthorization Act of 2013",
            "type": "HR",
            "url": "https://api.congress.gov/v3/bill/113/hr/508?format=json"
        },
        {
            "congress": 113,
            "introducedDate": "2013-01-15",
            "latestAction": {
                "actionDate": "2013-01-31",
                "text": "Referred to the Subcommittee on Fisheries, Wildlife, Oceans, and Insular Affairs."
            },
            "number": "263",
            "policyArea": {
                "name": "Environmental Protection"
            },
            "title": "National Fish and Wildlife Foundation Reauthorization Act of 2013",
            "type": "HR",
            "url": "https://api.congress.gov/v3/bill/113/hr/263?format=json"
        },
        {
            "congress": 113,
            "introducedDate": "2013-01-15",
            "latestAction": {
                "actionDate": "2013-01-31",
                "text": "Referred to the Subcommittee on Fisheries, Wildlife, Oceans, and Insular Affairs."
            },
            "number": "262",
            "policyArea": {
                "name": "Government Operations and Politics"
            },
            "title": "Multinational Species Conservation Funds Semipostal Stamp Reauthorization Act",
            "type": "HR",
            "url": "https://api.congress.gov/v3/bill/113/hr/262?format=json"
        },
        {
            "congress": 113,
            "introducedDate": "2013-01-04",
            "latestAction": {
                "actionDate": "2013-01-05",
                "text": "Referred to the Subcommittee on Aviation."
            },
            "number": "182",
            "policyArea": {
                "name": "Transportation and Public Works"
            },
            "title": "Safe Skies Act of 2013",
            "type": "HR",
            "url": "https://api.congress.gov/v3/bill/113/hr/182?format=json"
        },
        {
            "congress": 113,
            "introducedDate": "2013-01-04",
            "latestAction": {
                "actionDate": "2013-01-04",
                "text": "Referred to the House Committee on Oversight and Government Reform."
            },
            "number": "181",
            "policyArea": {
                "name": "Government Operations and Politics"
            },
            "title": "To designate the facility of the United States Postal Service located at 3031 Veterans Road West in Staten Island, New York, as the \"Leonard Montalto Post Office Building\".",
            "type": "HR",
            "url": "https://api.congress.gov/v3/bill/113/hr/181?format=json"
        },
        {
            "congress": 113,
            "introducedDate": "2013-01-04",
            "latestAction": {
                "actionDate": "2013-12-20",
                "text": "Read twice. Placed on Senate Legislative Calendar under General Orders. Calendar No. 284."
            },
            "number": "180",
            "policyArea": {
                "name": "Crime and Law Enforcement"
            },
            "title": "National Blue Alert Act of 2013",
            "type": "HR",
            "url": "https://api.congress.gov/v3/bill/113/hr/180?format=json"
        },
        {
            "congress": 113,
            "introducedDate": "2013-01-04",
            "latestAction": {
                "actionDate": "2014-03-27",
                "text": "Subcommittee Hearings Held."
            },
            "number": "183",
            "policyArea": {
                "name": "Armed Forces and National Security"
            },
            "title": "Veterans Dog Training Therapy Act",
            "type": "HR",
            "url": "https://api.congress.gov/v3/bill/113/hr/183?format=json"
        },
        {
            "congress": 113,
            "introducedDate": "2013-01-04",
            "latestAction": {
                "actionDate": "2013-01-04",
                "text": "Referred to the House Committee on Ways and Means."
            },
            "number": "184",
            "policyArea": {
                "name": "Taxation"
            },
            "title": "Mechanical Insulation Installation Incentive Act of 2013",
            "type": "HR",
            "url": "https://api.congress.gov/v3/bill/113/hr/184?format=json"
        },
        {
            "congress": 113,
            "introducedDate": "2013-11-14",
            "latestAction": {
                "actionDate": "2013-11-14",
                "text": "Referred to the House Committee on Oversight and Government Reform."
            },
            "number": "414",
            "policyArea": {
                "name": "Education"
            },
            "title": "Supporting the goals and ideals of American Education Week.",
            "type": "HRES",
            "url": "https://api.congress.gov/v3/bill/113/hres/414?format=json"
        },
        {
            "congress": 113,
            "introducedDate": "2013-07-11",
            "latestAction": {
                "actionDate": "2013-08-16",
                "text": "Referred to the Subcommittee on Middle East and North Africa."
            },
            "number": "297",
            "policyArea": {
                "name": "International Affairs"
            },
            "title": "Congratulating the State of Qatar on the ascension of their new amir, Sheik Tamim bin Hamad Al Thani on June 25, 2013, and recognizing the special relationship between the United States and the State of Qatar.",
            "type": "HRES",
            "url": "https://api.congress.gov/v3/bill/113/hres/297?format=json"
        },
        {
            "congress": 113,
            "introducedDate": "2013-06-04",
            "latestAction": {
                "actionDate": "2013-07-09",
                "text": "Referred to the Subcommittee on Asia and the Pacific."
            },
            "number": "247",
            "policyArea": {
                "name": "International Affairs"
            },
            "title": "Expressing support for internal rebuilding, resettlement, and reconciliation within Sri Lanka that are necessary to ensure a lasting peace.",
            "type": "HRES",
            "url": "https://api.congress.gov/v3/bill/113/hres/247?format=json"
        },
        {
            "congress": 113,
            "introducedDate": "2013-05-23",
            "latestAction": {
                "actionDate": "2013-05-23",
                "text": "Referred to the House Committee on Oversight and Government Reform."
            },
            "number": "235",
            "policyArea": {
                "name": "Armed Forces and National Security"
            },
            "title": "Expressing support for designation of March 29 as Vietnam Veterans Day.",
            "type": "HRES",
            "url": "https://api.congress.gov/v3/bill/113/hres/235?format=json"
        },
        {
            "congress": 113,
            "introducedDate": "2013-03-15",
            "latestAction": {
                "actionDate": "2013-03-15",
                "text": "Referred to the House Committee on Foreign Affairs."
            },
            "number": "120",
            "policyArea": {
                "name": "International Affairs"
            },
            "title": "A resolution commemorating the life and service of Benedict XVI, Pope Emeritus, and congratulating Pope Francis on his election as Supreme Pontiff of the Roman Catholic Church.",
            "type": "HRES",
            "url": "https://api.congress.gov/v3/bill/113/hres/120?format=json"
        },
        {
            "congress": 113,
            "introducedDate": "2013-03-12",
            "latestAction": {
                "actionDate": "2014-06-19",
                "text": "Forwarded by Subcommittee to Full Committee by Unanimous Consent ."
            },
            "number": "109",
            "policyArea": {
                "name": "International Affairs"
            },
            "title": "Condemning the Government of Iran for its state-sponsored persecution of its Baha'i minority and its continued violation of the International Covenants on Human Rights.",
            "type": "HRES",
            "url": "https://api.congress.gov/v3/bill/113/hres/109?format=json"
        },
        {
            "congress": 113,
            "introducedDate": "2014-03-13",
            "latestAction": {
                "actionDate": "2014-03-14",
                "text": "Message on Senate action sent to the House."
            },
            "number": "93",
            "policyArea": {
                "name": "Congress"
            },
            "title": "Directing the Clerk of the House of Representatives to make technical corrections in the enrollment of H.R. 3370.",
            "type": "HCONRES",
            "url": "https://api.congress.gov/v3/bill/113/hconres/93?format=json"
        },
        {
            "congress": 113,
            "introducedDate": "2013-02-13",
            "latestAction": {
                "actionDate": "2013-03-12",
                "text": "Message on Senate action sent to the House."
            },
            "number": "14",
            "policyArea": {
                "name": "Congress"
            },
            "title": "Permitting the use of the rotunda of the Capitol for a ceremony as part of the commemoration of the days of remembrance of victims of the Holocaust.",
            "type": "HCONRES",
            "url": "https://api.congress.gov/v3/bill/113/hconres/14?format=json"
        },
        {
            "amendmentNumber": "1236",
            "congress": 112,
            "introducedDate": "2012-06-06",
            "latestAction": {
                "actionDate": "2012-06-06",
                "actionTime": "19:19:34",
                "text": "On agreeing to the Grimm amendment (A005) Agreed to by voice vote. "
            },
            "type": null,
            "url": "https://api.congress.gov/v3/amendment/112/hamdt/1236?format=json"
        },
        {
            "amendmentNumber": "1160",
            "congress": 112,
            "introducedDate": "2012-05-31",
            "latestAction": {
                "actionDate": "2012-05-31",
                "actionTime": "21:27:58",
                "text": "On agreeing to the Grimm amendment (A007) Agreed to by recorded vote: 218 - 198 (Roll no. 302). "
            },
            "type": null,
            "url": "https://api.congress.gov/v3/amendment/112/hamdt/1160?format=json"
        },
        {
            "amendmentNumber": "1055",
            "congress": 112,
            "introducedDate": "2012-05-08",
            "latestAction": {
                "actionDate": "2012-05-08",
                "actionTime": "23:57:34",
                "text": "On agreeing to the Grimm amendment (A022) Agreed to by recorded vote: 206 - 204 (Roll no. 214). "
            },
            "type": null,
            "url": "https://api.congress.gov/v3/amendment/112/hamdt/1055?format=json"
        },
        {
            "amendmentNumber": "1047",
            "congress": 112,
            "introducedDate": "2012-05-08",
            "latestAction": {
                "actionDate": "2012-05-08",
                "actionTime": "18:38:54",
                "text": "On agreeing to the Grimm amendment (A014) Agreed to by recorded vote: 209 - 199 (Roll no. 210). "
            },
            "type": null,
            "url": "https://api.congress.gov/v3/amendment/112/hamdt/1047?format=json"
        },
        {
            "congress": 112,
            "introducedDate": "2012-12-05",
            "latestAction": {
                "actionDate": "2012-12-05",
                "text": "Referred to the House Committee on Oversight and Government Reform."
            },
            "number": "6636",
            "policyArea": {
                "name": "Government Operations and Politics"
            },
            "title": "To designate the facility of the United States Postal Service located at 3031 Veterans Road West in Staten Island, New York, as the \"Leonard Montalto Post Office Building\".",
            "type": "HR",
            "url": "https://api.congress.gov/v3/bill/112/hr/6636?format=json"
        },
        {
            "congress": 112,
            "introducedDate": "2012-09-21",
            "latestAction": {
                "actionDate": "2012-09-24",
                "text": "Referred to the Subcommittee on Highways and Transit."
            },
            "number": "6515",
            "policyArea": {
                "name": "Transportation and Public Works"
            },
            "title": "Stop Excessive Toll Hikes Act",
            "type": "HR",
            "url": "https://api.congress.gov/v3/bill/112/hr/6515?format=json"
        },
        {
            "congress": 112,
            "introducedDate": "2012-09-19",
            "latestAction": {
                "actionDate": "2012-09-24",
                "text": "Referred to the Subcommittee on Fisheries, Wildlife, Oceans, and Insular Affairs."
            },
            "number": "6441",
            "policyArea": {
                "name": "Environmental Protection"
            },
            "title": "National Fish and Wildlife Foundation Reauthorization Act of 2012",
            "type": "HR",
            "url": "https://api.congress.gov/v3/bill/112/hr/6441?format=json"
        },
        {
            "congress": 112,
            "introducedDate": "2012-07-12",
            "latestAction": {
                "actionDate": "2012-12-04",
                "text": "Became Public Law No: 112-202."
            },
            "number": "6118",
            "policyArea": {
                "name": "Health"
            },
            "title": "Taking Essential Steps for Testing Act of 2012",
            "type": "HR",
            "url": "https://api.congress.gov/v3/bill/112/hr/6118?format=json"
        },
        {
            "congress": 112,
            "introducedDate": "2012-06-05",
            "latestAction": {
                "actionDate": "2012-06-18",
                "text": "Referred to the Subcommittee on Immigration Policy and Enforcement."
            },
            "number": "5893",
            "policyArea": {
                "name": "Commerce"
            },
            "title": "Startup Act 2.0",
            "type": "HR",
            "url": "https://api.congress.gov/v3/bill/112/hr/5893?format=json"
        },
        {
            "congress": 112,
            "introducedDate": "2012-03-20",
            "latestAction": {
                "actionDate": "2012-04-26",
                "text": "Referred to the Subcommittee on Financial Institutions and Consumer Credit."
            },
            "number": "4217",
            "policyArea": {
                "name": "Finance and Financial Sector"
            },
            "title": "Mutual Community Bank Competitive Equality Act",
            "type": "HR",
            "url": "https://api.congress.gov/v3/bill/112/hr/4217?format=json"
        },
        {
            "congress": 112,
            "introducedDate": "2011-12-15",
            "latestAction": {
                "actionDate": "2011-12-16",
                "text": "Referred to the Subcommittee on Highways and Transit."
            },
            "number": "3684",
            "policyArea": {
                "name": "Transportation and Public Works"
            },
            "title": "Commuter Protection Act",
            "type": "HR",
            "url": "https://api.congress.gov/v3/bill/112/hr/3684?format=json"
        },
        {
            "congress": 112,
            "introducedDate": "2011-11-29",
            "latestAction": {
                "actionDate": "2011-12-05",
                "text": "Referred to the Subcommittee on Fisheries, Wildlife, Oceans, and Insular Affairs."
            },
            "number": "3510",
            "policyArea": {
                "name": "Government Operations and Politics"
            },
            "title": "Multinational Species Conservation Funds Semipostal  Stamp Reauthorization Act",
            "type": "HR",
            "url": "https://api.congress.gov/v3/bill/112/hr/3510?format=json"
        },
        {
            "congress": 112,
            "introducedDate": "2011-10-06",
            "latestAction": {
                "actionDate": "2012-06-29",
                "text": "Placed on the Union Calendar, Calendar No. 406."
            },
            "number": "3128",
            "policyArea": {
                "name": "Finance and Financial Sector"
            },
            "title": "To amend the Dodd-Frank Wall Street Reform and Consumer Protection Act to adjust the date on which consolidated assets are determined for purposes of exempting certain instruments of smaller institutions from capital deductions.",
            "type": "HR",
            "url": "https://api.congress.gov/v3/bill/112/hr/3128?format=json"
        },
        {
            "congress": 112,
            "introducedDate": "2011-09-08",
            "latestAction": {
                "actionDate": "2011-09-12",
                "text": "Referred to the Subcommittee on National Parks, Forests and Public Lands."
            },
            "number": "2865",
            "policyArea": {
                "name": "Public Lands and Natural Resources"
            },
            "title": "9/11 Memorial Cross National Monument Establishment Act of 2011",
            "type": "HR",
            "url": "https://api.congress.gov/v3/bill/112/hr/2865?format=json"
        },
        {
            "congress": 112,
            "introducedDate": "2011-07-28",
            "latestAction": {
                "actionDate": "2012-03-28",
                "text": "Read the second time. Placed on Senate Legislative Calendar under General Orders. Calendar No. 342."
            },
            "number": "2682",
            "policyArea": {
                "name": "Finance and Financial Sector"
            },
            "title": "Business Risk Mitigation and Price Stabilization Act of 2012",
            "type": "HR",
            "url": "https://api.congress.gov/v3/bill/112/hr/2682?format=json"
        },
        {
            "congress": 112,
            "introducedDate": "2011-07-21",
            "latestAction": {
                "actionDate": "2012-11-27",
                "text": "Became Public Law No: 112-197."
            },
            "number": "2606",
            "policyArea": {
                "name": "Public Lands and Natural Resources"
            },
            "title": "New York City Natural Gas Supply Enhancement Act",
            "type": "HR",
            "url": "https://api.congress.gov/v3/bill/112/hr/2606?format=json"
        },
        {
            "congress": 112,
            "introducedDate": "2011-07-11",
            "latestAction": {
                "actionDate": "2011-12-14",
                "text": "Forwarded by Subcommittee to Full Committee (Amended) by the Yeas and Nays: 19 - 14 ."
            },
            "number": "2483",
            "policyArea": {
                "name": "Finance and Financial Sector"
            },
            "title": "Whistleblower Improvement Act of 2011",
            "type": "HR",
            "url": "https://api.congress.gov/v3/bill/112/hr/2483?format=json"
        },
        {
            "congress": 112,
            "introducedDate": "2011-07-06",
            "latestAction": {
                "actionDate": "2012-01-03",
                "text": "Became Public Law No: 112-89."
            },
            "number": "2422",
            "policyArea": {
                "name": "Government Operations and Politics"
            },
            "title": "To designate the facility of the United States Postal Service located at 45 Bay Street, Suite 2, in Staten Island, New York, as the \"Sergeant Angel Mendez Post Office\".",
            "type": "HR",
            "url": "https://api.congress.gov/v3/bill/112/hr/2422?format=json"
        },
        {
            "congress": 112,
            "introducedDate": "2011-06-16",
            "latestAction": {
                "actionDate": "2011-06-23",
                "text": "Referred to the Subcommittee on Health."
            },
            "number": "2224",
            "policyArea": {
                "name": "Health"
            },
            "title": "Improving Physician Access in Teaching Hospitals (PATH) Act of 2011",
            "type": "HR",
            "url": "https://api.congress.gov/v3/bill/112/hr/2224?format=json"
        },
        {
            "congress": 112,
            "introducedDate": "2011-06-02",
            "latestAction": {
                "actionDate": "2011-06-02",
                "text": "Referred to the House Committee on Ways and Means."
            },
            "number": "2092",
            "policyArea": {
                "name": "Taxation"
            },
            "title": "To amend the Internal Revenue Code of 1986 to repeal the excise tax on indoor tanning services.",
            "type": "HR",
            "url": "https://api.congress.gov/v3/bill/112/hr/2092?format=json"
        },
        {
            "congress": 112,
            "introducedDate": "2011-05-11",
            "latestAction": {
                "actionDate": "2011-05-11",
                "text": "Referred to the House Committee on Foreign Affairs."
            },
            "number": "1836",
            "policyArea": {
                "name": "International Affairs"
            },
            "title": "To establish appropriate procedures and sanctions to ensure that unpaid parking fines and penalties owed to New York City by foreign countries are paid.",
            "type": "HR",
            "url": "https://api.congress.gov/v3/bill/112/hr/1836?format=json"
        },
        {
            "congress": 112,
            "introducedDate": "2011-04-15",
            "latestAction": {
                "actionDate": "2011-04-15",
                "text": "Referred to the Committee on Ways and Means, and in addition to the Committee on Small Business, for a period to be subsequently determined by the Speaker, in each case for consideration of such provisions as fall within the jurisdiction of the committee concerned."
            },
            "number": "1611",
            "policyArea": {
                "name": "Taxation"
            },
            "title": "Clean Energy Empowerment Zone Act of 2011",
            "type": "HR",
            "url": "https://api.congress.gov/v3/bill/112/hr/1611?format=json"
        },
        {
            "congress": 112,
            "introducedDate": "2011-04-15",
            "latestAction": {
                "actionDate": "2011-05-11",
                "text": "Referred to the Subcommittee on General Farm Commodities and Risk Management."
            },
            "number": "1610",
            "policyArea": {
                "name": "Finance and Financial Sector"
            },
            "title": "Business Risk Mitigation and Price Stabilization Act of 2011",
            "type": "HR",
            "url": "https://api.congress.gov/v3/bill/112/hr/1610?format=json"
        },
        {
            "congress": 112,
            "introducedDate": "2011-04-14",
            "latestAction": {
                "actionDate": "2011-04-14",
                "text": "Referred to the House Committee on Ways and Means."
            },
            "number": "1549",
            "policyArea": {
                "name": "Taxation"
            },
            "title": "To amend the Internal Revenue Code of 1986 to repeal the unearned income medicare contribution.",
            "type": "HR",
            "url": "https://api.congress.gov/v3/bill/112/hr/1549?format=json"
        },
        {
            "congress": 112,
            "introducedDate": "2011-04-06",
            "latestAction": {
                "actionDate": "2011-04-06",
                "text": "Referred to the House Committee on Ways and Means."
            },
            "number": "1399",
            "policyArea": {
                "name": "Taxation"
            },
            "title": "Homeowner Tax Fairness Act of 2011",
            "type": "HR",
            "url": "https://api.congress.gov/v3/bill/112/hr/1399?format=json"
        },
        {
            "congress": 112,
            "introducedDate": "2011-03-30",
            "latestAction": {
                "actionDate": "2011-06-01",
                "text": "Referred to the Subcommittee on Crime, Terrorism, and Homeland Security."
            },
            "number": "1266",
            "policyArea": {
                "name": "Crime and Law Enforcement"
            },
            "title": "Fraudulent Prescription Prevention Act of 2011",
            "type": "HR",
            "url": "https://api.congress.gov/v3/bill/112/hr/1266?format=json"
        },
        {
            "congress": 112,
            "introducedDate": "2011-03-03",
            "latestAction": {
                "actionDate": "2012-08-02",
                "text": "Received in the Senate and Read twice and referred to the Committee on Commerce, Science, and Transportation."
            },
            "number": "897",
            "policyArea": {
                "name": "Transportation and Public Works"
            },
            "title": "Residential and Commuter Toll Fairness Act of 2012",
            "type": "HR",
            "url": "https://api.congress.gov/v3/bill/112/hr/897?format=json"
        },
        {
            "congress": 112,
            "introducedDate": "2011-02-16",
            "latestAction": {
                "actionDate": "2011-03-23",
                "text": "Referred to the Subcommittee on Domestic Monetary Policy and Technology."
            },
            "number": "742",
            "policyArea": {
                "name": "International Affairs"
            },
            "title": "To award posthumously a Congressional Gold Medal to Giuseppe Garibaldi and to Recognize the Republic of Italy on the 150th Anniversary of its Unification.",
            "type": "HR",
            "url": "https://api.congress.gov/v3/bill/112/hr/742?format=json"
        },
        {
            "congress": 112,
            "introducedDate": "2011-01-20",
            "latestAction": {
                "actionDate": "2012-05-16",
                "text": "Received in the Senate."
            },
            "number": "365",
            "policyArea": {
                "name": "Crime and Law Enforcement"
            },
            "title": "National Blue Alert Act of 2012",
            "type": "HR",
            "url": "https://api.congress.gov/v3/bill/112/hr/365?format=json"
        },
        {
            "congress": 112,
            "introducedDate": "2011-01-06",
            "latestAction": {
                "actionDate": "2011-07-25",
                "text": "Subcommittee Hearings Held."
            },
            "number": "198",
            "policyArea": {
                "name": "Armed Forces and National Security"
            },
            "title": "Veterans Dog Training Therapy Act",
            "type": "HR",
            "url": "https://api.congress.gov/v3/bill/112/hr/198?format=json"
        },
        {
            "congress": 112,
            "introducedDate": "2012-06-08",
            "latestAction": {
                "actionDate": "2012-06-08",
                "text": "Referred to the House Committee on Oversight and Government Reform."
            },
            "number": "684",
            "policyArea": {
                "name": "Armed Forces and National Security"
            },
            "title": "Expressing support for designation of March 29 as Vietnam Veterans Day.",
            "type": "HRES",
            "url": "https://api.congress.gov/v3/bill/112/hres/684?format=json"
        },
        {
            "congress": 112,
            "introducedDate": "2011-03-17",
            "latestAction": {
                "actionDate": "2011-03-29",
                "text": "Referred to the Subcommittee on Middle East and South Asia ."
            },
            "number": "177",
            "policyArea": {
                "name": "International Affairs"
            },
            "title": "Expressing support for internal rebuilding, resettlement, and reconciliation within Sri Lanka that are necessary to ensure a lasting peace.",
            "type": "HRES",
            "url": "https://api.congress.gov/v3/bill/112/hres/177?format=json"
        }
    ]
}