{
    "pagination": {
        "count": 134
    },
    "request": {
        "bioguideId": "d000429",
        "contentType": "application/json",
        "format": "json"
    },
    "sponsoredLegislation": [
        {
            "amendmentNumber": "185",
            "congress": 109,
            "introducedDate": "2005-05-19",
            "latestAction": {
                "actionDate": "2005-05-19",
                "actionTime": "18:16:24",
                "text": "On agreeing to the Doolittle amendment (A017) Agreed to by voice vote. "
            },
            "type": null,
            "url": "https://api.congress.gov/v3/amendment/109/hamdt/185?format=json"
        },
        {
            "congress": 109,
            "introducedDate": "2006-12-05",
            "latestAction": {
                "actionDate": "2006-12-08",
                "text": "Referred to the Subcommittee on National Parks."
            },
            "number": "6361",
            "policyArea": {
                "name": "Public Lands and Natural Resources"
            },
            "title": "Tule Lake Segregation Center Special Resources Study Act",
            "type": "HR",
            "url": "https://api.congress.gov/v3/bill/109/hr/6361?format=json"
        },
        {
            "congress": 109,
            "introducedDate": "2006-05-23",
            "latestAction": {
                "actionDate": "2006-05-23",
                "text": "Referred to the House Committee on the Judiciary."
            },
            "number": "5457",
            "policyArea": {
                "name": "Immigration"
            },
            "title": "To supersede certain judicial orders interfering with the implementation of amendments to section 235 of the Immigration and Nationality Act.",
            "type": "HR",
            "url": "https://api.congress.gov/v3/bill/109/hr/5457?format=json"
        },
        {
            "congress": 109,
            "introducedDate": "2006-05-09",
            "latestAction": {
                "actionDate": "2006-05-15",
                "text": "Referred to the Subcommittee on Commerce, Trade and Consumer Protection."
            },
            "number": "5325",
            "policyArea": {
                "name": "Commerce"
            },
            "title": "To direct the Federal Trade Commission to revise the do-not-call telemarketing rules to permit individuals to opt out of receiving telephone calls from certain political organizations.",
            "type": "HR",
            "url": "https://api.congress.gov/v3/bill/109/hr/5325?format=json"
        },
        {
            "congress": 109,
            "introducedDate": "2006-03-01",
            "latestAction": {
                "actionDate": "2006-03-07",
                "text": "Referred to the Subcommittee on Economic Security, Infrastructure Protection, and Cybersecurity."
            },
            "number": "4833",
            "policyArea": {
                "name": "Transportation and Public Works"
            },
            "title": "Americans Securing American Ports (ASAP) Act",
            "type": "HR",
            "url": "https://api.congress.gov/v3/bill/109/hr/4833?format=json"
        },
        {
            "congress": 109,
            "introducedDate": "2006-02-16",
            "latestAction": {
                "actionDate": "2006-02-16",
                "text": "Referred to the House Committee on the Judiciary."
            },
            "number": "4787",
            "policyArea": {
                "name": "Government Operations and Politics"
            },
            "title": "Truth-in-Lobbying Disclosure Act",
            "type": "HR",
            "url": "https://api.congress.gov/v3/bill/109/hr/4787?format=json"
        },
        {
            "congress": 109,
            "introducedDate": "2006-02-15",
            "latestAction": {
                "actionDate": "2006-02-15",
                "text": "Referred to the Committee on House Administration, and in addition to the Committee on Ways and Means, for a period to be subsequently determined by the Speaker, in each case for consideration of such provisions as fall within the jurisdiction of the committee concerned."
            },
            "number": "4759",
            "policyArea": {
                "name": "Government Operations and Politics"
            },
            "title": "Citizen Legislature and Political Freedom Act",
            "type": "HR",
            "url": "https://api.congress.gov/v3/bill/109/hr/4759?format=json"
        },
        {
            "congress": 109,
            "introducedDate": "2006-02-08",
            "latestAction": {
                "actionDate": "2006-12-18",
                "text": "Became Public Law No: 109-399."
            },
            "number": "4720",
            "policyArea": {
                "name": "Commemorations"
            },
            "title": "To designate the facility of the United States Postal Service located at 200 Gateway Drive in Lincoln, California, as the \"Beverly J. Wilson Post Office Building\".",
            "type": "HR",
            "url": "https://api.congress.gov/v3/bill/109/hr/4720?format=json"
        },
        {
            "congress": 109,
            "introducedDate": "2005-12-16",
            "latestAction": {
                "actionDate": "2007-01-11",
                "text": "Became Public Law No: 109-471."
            },
            "number": "4588",
            "policyArea": {
                "name": "Water Resources Development"
            },
            "title": "Water Resources Research Act Amendments of 2006",
            "type": "HR",
            "url": "https://api.congress.gov/v3/bill/109/hr/4588?format=json"
        },
        {
            "congress": 109,
            "introducedDate": "2005-10-28",
            "latestAction": {
                "actionDate": "2005-11-02",
                "text": "Referred to the Subcommittee on Forests and Forest Health."
            },
            "number": "4176",
            "policyArea": {
                "name": "Public Lands and Natural Resources"
            },
            "title": "To provide for the release of certain Wilderness Study Areas involving public lands administered by the Bureau of Land Management in Lassen and Modoc Counties, California, and Washoe County, Nevada.",
            "type": "HR",
            "url": "https://api.congress.gov/v3/bill/109/hr/4176?format=json"
        },
        {
            "congress": 109,
            "introducedDate": "2005-11-02",
            "latestAction": {
                "actionDate": "2006-06-28",
                "text": "Committee on Energy and Natural Resources Subcommittee on Water and Power. Hearings held."
            },
            "number": "4204",
            "policyArea": {
                "name": "Water Resources Development"
            },
            "title": "American River Pump Station Project Transfer Act of 2006",
            "type": "HR",
            "url": "https://api.congress.gov/v3/bill/109/hr/4204?format=json"
        },
        {
            "congress": 109,
            "introducedDate": "2005-10-07",
            "latestAction": {
                "actionDate": "2006-02-06",
                "text": "Referred to the Subcommittee on Immigration, Border Security, and Claims."
            },
            "number": "4032",
            "policyArea": {
                "name": "Immigration"
            },
            "title": "To amend the Immigration and Nationality Act to remove the discretion of the Secretary of Homeland Security with respect to expedited removal under section 235(b)(1)(A)(iii)(I) of such Act and to amend the Truth in Lending Act to prohibit issuance of residential mortgages to illegal aliens.",
            "type": "HR",
            "url": "https://api.congress.gov/v3/bill/109/hr/4032?format=json"
        },
        {
            "congress": 109,
            "introducedDate": "2005-10-06",
            "latestAction": {
                "actionDate": "2005-10-06",
                "text": "Referred to the House Committee on Small Business."
            },
            "number": "3982",
            "policyArea": {
                "name": "Commerce"
            },
            "title": "Small Business Freedom to Lend Act of 2005",
            "type": "HR",
            "url": "https://api.congress.gov/v3/bill/109/hr/3982?format=json"
        },
        {
            "congress": 109,
            "introducedDate": "2005-10-06",
            "latestAction": {
                "actionDate": "2006-05-10",
                "text": "Committee on Energy and Natural Resources Subcommittee on Public Lands and Forests. Hearings held."
            },
            "number": "3981",
            "policyArea": {
                "name": "Public Lands and Natural Resources"
            },
            "title": "To authorize the Secretary of Agriculture to carry out certain land exchanges involving small parcels of National Forest System land in the Tahoe National Forest in the State of California, and for other purposes.",
            "type": "HR",
            "url": "https://api.congress.gov/v3/bill/109/hr/3981?format=json"
        },
        {
            "congress": 109,
            "introducedDate": "2005-09-22",
            "latestAction": {
                "actionDate": "2005-09-22",
                "text": "Referred to the House Committee on Ways and Means."
            },
            "number": "3868",
            "policyArea": {
                "name": "Taxation"
            },
            "title": "Gulf Region Economic Assistance Tax Relief Act",
            "type": "HR",
            "url": "https://api.congress.gov/v3/bill/109/hr/3868?format=json"
        },
        {
            "congress": 109,
            "introducedDate": "2005-04-27",
            "latestAction": {
                "actionDate": "2005-07-14",
                "text": "Placed on the Union Calendar, Calendar No. 106."
            },
            "number": "1905",
            "policyArea": {
                "name": "Public Lands and Natural Resources"
            },
            "title": "Small Tracts Reform Act",
            "type": "HR",
            "url": "https://api.congress.gov/v3/bill/109/hr/1905?format=json"
        },
        {
            "congress": 109,
            "introducedDate": "2006-02-14",
            "latestAction": {
                "actionDate": "2006-05-01",
                "text": "Referred to the Subcommittee on Education Reform."
            },
            "number": "339",
            "policyArea": {
                "name": "Armed Forces and National Security"
            },
            "title": "Expressing the sense of Congress in support of military recruiting.",
            "type": "HCONRES",
            "url": "https://api.congress.gov/v3/bill/109/hconres/339?format=json"
        },
        {
            "congress": 109,
            "introducedDate": "2005-10-18",
            "latestAction": {
                "actionDate": "2005-11-17",
                "text": "Received in the Senate and referred to the Committee on Commerce, Science, and Transportation."
            },
            "number": "268",
            "policyArea": {
                "name": "Science, Technology, Communications"
            },
            "title": "Expressing the sense of the Congress regarding oversight of the Internet Corporation for Assigned Names and Numbers.",
            "type": "HCONRES",
            "url": "https://api.congress.gov/v3/bill/109/hconres/268?format=json"
        },
        {
            "congress": 109,
            "introducedDate": "2005-07-27",
            "latestAction": {
                "actionDate": "2005-07-28",
                "text": "Referred to the Subcommittee on Aviation."
            },
            "number": "220",
            "policyArea": {
                "name": "Commemorations"
            },
            "title": "Expressing the sense of the Congress on the fourth anniversary of the terrorist attacks launched against the United States on September 11, 2001.",
            "type": "HCONRES",
            "url": "https://api.congress.gov/v3/bill/109/hconres/220?format=json"
        },
        {
            "amendmentNumber": "219",
            "congress": 110,
            "introducedDate": "2007-05-17",
            "latestAction": {
                "actionDate": "2007-05-17",
                "actionTime": "23:19:11",
                "text": "Mr. Frank (MA) raised a point of order against the Doolittle amendment (A017). Mr. Frank stated that the provisions of the Doolittle amendment exceed the scope of the bill and as such, the amendment is not germane. The Chair sustained the point of order. "
            },
            "type": null,
            "url": "https://api.congress.gov/v3/amendment/110/hamdt/219?format=json"
        },
        {
            "amendmentNumber": "223",
            "congress": 110,
            "introducedDate": "2007-05-17",
            "latestAction": {
                "actionDate": "2007-05-22",
                "actionTime": "13:51:48",
                "text": "On agreeing to the Doolittle amendment (A021) Agreed to by recorded vote: 217 - 205 (Roll no. 391). (consideration: CR H5565-5566)"
            },
            "type": null,
            "url": "https://api.congress.gov/v3/amendment/110/hamdt/223?format=json"
        },
        {
            "congress": 110,
            "introducedDate": "2007-10-23",
            "latestAction": {
                "actionDate": "2007-10-24",
                "text": "Referred to the Subcommittee on Aviation."
            },
            "number": "3939",
            "policyArea": {
                "name": "Transportation and Public Works"
            },
            "title": "To increase the safety for crew and passengers on an aircraft providing emergency medical services.",
            "type": "HR",
            "url": "https://api.congress.gov/v3/bill/110/hr/3939?format=json"
        },
        {
            "congress": 110,
            "introducedDate": "2007-05-24",
            "latestAction": {
                "actionDate": "2007-06-04",
                "text": "Referred to the Subcommittee on National Parks, Forests and Public Lands."
            },
            "number": "2506",
            "policyArea": {
                "name": "Public Lands and Natural Resources"
            },
            "title": "Tule Lake Segregation Center Special Resource Study Act",
            "type": "HR",
            "url": "https://api.congress.gov/v3/bill/110/hr/2506?format=json"
        },
        {
            "congress": 110,
            "introducedDate": "2007-01-18",
            "latestAction": {
                "actionDate": "2007-01-18",
                "text": "Referred to the House Committee on Small Business."
            },
            "number": "560",
            "policyArea": {
                "name": "Commerce"
            },
            "title": "Small Business Freedom to Lend Act of 2007",
            "type": "HR",
            "url": "https://api.congress.gov/v3/bill/110/hr/560?format=json"
        },
        {
            "congress": 110,
            "introducedDate": "2007-01-17",
            "latestAction": {
                "actionDate": "2007-02-02",
                "text": "Referred to the Subcommittee on Immigration, Citizenship, Refugees, Border Security, and International Law."
            },
            "number": "519",
            "policyArea": {
                "name": "Immigration"
            },
            "title": "To amend the Immigration and Nationality Act to remove the discretion of the Secretary of Homeland Security with respect to expedited removal under section 235(b)(1)(A)(iii)(I) of such Act.",
            "type": "HR",
            "url": "https://api.congress.gov/v3/bill/110/hr/519?format=json"
        },
        {
            "congress": 110,
            "introducedDate": "2007-01-16",
            "latestAction": {
                "actionDate": "2008-06-11",
                "text": "Indefinitely postponed by Senate by Unanimous Consent. (consideration: CR S5530)"
            },
            "number": "482",
            "policyArea": {
                "name": "Water Resources Development"
            },
            "title": "American River Pump Station Project Transfer Act of 2007",
            "type": "HR",
            "url": "https://api.congress.gov/v3/bill/110/hr/482?format=json"
        },
        {
            "congress": 110,
            "introducedDate": "2007-01-16",
            "latestAction": {
                "actionDate": "2007-02-07",
                "text": "Referred to the Subcommittee on National Parks, Forests and Public Lands."
            },
            "number": "483",
            "policyArea": {
                "name": "Public Lands and Natural Resources"
            },
            "title": "To authorize the Secretary of Agriculture to carry out certain land exchanges involving small parcels of National Forest System land in the Tahoe National Forest in the State of California, and for other purposes.",
            "type": "HR",
            "url": "https://api.congress.gov/v3/bill/110/hr/483?format=json"
        },
        {
            "congress": 110,
            "introducedDate": "2007-01-16",
            "latestAction": {
                "actionDate": "2007-02-07",
                "text": "Referred to the Subcommittee on National Parks, Forests and Public Lands."
            },
            "number": "485",
            "policyArea": {
                "name": "Public Lands and Natural Resources"
            },
            "title": "Small Tracts Reform Act",
            "type": "HR",
            "url": "https://api.congress.gov/v3/bill/110/hr/485?format=json"
        },
        {
            "congress": 110,
            "introducedDate": "2007-01-16",
            "latestAction": {
                "actionDate": "2007-01-16",
                "text": "Referred to the House Committee on House Administration."
            },
            "number": "481",
            "policyArea": {
                "name": "Government Operations and Politics"
            },
            "title": "Federal Election Integrity Act of 2007",
            "type": "HR",
            "url": "https://api.congress.gov/v3/bill/110/hr/481?format=json"
        },
        {
            "congress": 110,
            "introducedDate": "2007-01-16",
            "latestAction": {
                "actionDate": "2007-01-16",
                "text": "Referred to the Committee on House Administration, and in addition to the Committee on Ways and Means, for a period to be subsequently determined by the Speaker, in each case for consideration of such provisions as fall within the jurisdiction of the committee concerned."
            },
            "number": "484",
            "policyArea": {
                "name": "Government Operations and Politics"
            },
            "title": "Citizen Legislature and Political Freedom Act",
            "type": "HR",
            "url": "https://api.congress.gov/v3/bill/110/hr/484?format=json"
        },
        {
            "congress": 110,
            "introducedDate": "2007-01-16",
            "latestAction": {
                "actionDate": "2007-02-02",
                "text": "Referred to the Subcommittee on Commerce, Trade and Consumer Protection."
            },
            "number": "479",
            "policyArea": {
                "name": "Commerce"
            },
            "title": "To direct the Federal Trade Commission to revise the do-not-call telemarketing rules to permit individuals to opt out of receiving certain politically-oriented telephone calls.",
            "type": "HR",
            "url": "https://api.congress.gov/v3/bill/110/hr/479?format=json"
        },
        {
            "congress": 110,
            "introducedDate": "2007-01-16",
            "latestAction": {
                "actionDate": "2007-04-12",
                "text": "Referred to the Subcommittee on Financial Institutions and Consumer Credit."
            },
            "number": "480",
            "policyArea": {
                "name": "Finance and Financial Sector"
            },
            "title": "To amend the Truth in Lending Act to prohibit issuance of residential mortgages to any individual who lacks a Social Security account number.",
            "type": "HR",
            "url": "https://api.congress.gov/v3/bill/110/hr/480?format=json"
        },
        {
            "congress": 110,
            "introducedDate": "2007-01-17",
            "latestAction": {
                "actionDate": "2007-02-02",
                "text": "Referred to the Subcommittee on the Constitution, Civil Rights, and Civil Liberties."
            },
            "number": "17",
            "policyArea": {
                "name": "Government Operations and Politics"
            },
            "title": "Proposing an amendment to the Constitution of the United States establishing English as the official language of the United States.",
            "type": "HJRES",
            "url": "https://api.congress.gov/v3/bill/110/hjres/17?format=json"
        },
        {
            "congress": 110,
            "introducedDate": "2007-01-16",
            "latestAction": {
                "actionDate": "2007-02-02",
                "text": "Referred to the Subcommittee on Health."
            },
            "number": "67",
            "policyArea": {
                "name": "Commemorations"
            },
            "title": "Expressing the sense of the House of Representatives with respect to the designation of a National Shaken Baby Syndrome Awareness Week, and for other purposes.",
            "type": "HRES",
            "url": "https://api.congress.gov/v3/bill/110/hres/67?format=json"
        },
        {
            "amendmentNumber": "777",
            "congress": 108,
            "introducedDate": "2004-09-28",
            "latestAction": {
                "actionDate": "2004-09-28",
                "actionTime": "17:44:21",
                "text": "On agreeing to the Doolittle amendment (A001) Agreed to without objection. "
            },
            "type": null,
            "url": "https://api.congress.gov/v3/amendment/108/hamdt/777?format=json"
        },
        {
            "congress": 108,
            "introducedDate": "2004-06-18",
            "latestAction": {
                "actionDate": "2004-09-29",
                "text": "Received in the Senate."
            },
            "number": "4617",
            "policyArea": {
                "name": "Public Lands and Natural Resources"
            },
            "title": "To authorize the Secretary of Agriculture to carry out certain land exchanges involving small parcels of National Forest System land in the Tahoe National Forest in the State of California.\r",
            "type": "HR",
            "url": "https://api.congress.gov/v3/bill/108/hr/4617?format=json"
        },
        {
            "congress": 108,
            "introducedDate": "2003-11-21",
            "latestAction": {
                "actionDate": "2004-09-29",
                "text": "Received in the Senate."
            },
            "number": "3597",
            "policyArea": {
                "name": "Water Resources Development"
            },
            "title": "To authorize the Secretary of the Interior, through the Bureau of Reclamation, to conduct a feasibility study on the Alder Creek water storage and conservation project in El Dorado County, California, and for other purposes.",
            "type": "HR",
            "url": "https://api.congress.gov/v3/bill/108/hr/3597?format=json"
        },
        {
            "congress": 108,
            "introducedDate": "2003-11-19",
            "latestAction": {
                "actionDate": "2003-11-19",
                "text": "Referred to the Committee on House Administration, and in addition to the Committee on Ways and Means, for a period to be subsequently determined by the Speaker, in each case for consideration of such provisions as fall within the jurisdiction of the committee concerned."
            },
            "number": "3525",
            "policyArea": {
                "name": "Government Operations and Politics"
            },
            "title": "Citizen Legislature and Political Freedom Act",
            "type": "HR",
            "url": "https://api.congress.gov/v3/bill/108/hr/3525?format=json"
        },
        {
            "congress": 108,
            "introducedDate": "2003-09-16",
            "latestAction": {
                "actionDate": "2004-03-29",
                "text": "Received in the Senate and Read twice and referred to the Committee on the Judiciary."
            },
            "number": "3095",
            "policyArea": {
                "name": "Commemorations"
            },
            "title": "Community Recognition Act of 2004",
            "type": "HR",
            "url": "https://api.congress.gov/v3/bill/108/hr/3095?format=json"
        },
        {
            "congress": 108,
            "introducedDate": "2003-06-25",
            "latestAction": {
                "actionDate": "2003-07-01",
                "text": "Executive Comment Requested from Interior."
            },
            "number": "2599",
            "policyArea": {
                "name": "Public Lands and Natural Resources"
            },
            "title": "To direct the Secretary of the Interior to quitclaim to Yuba River Properties certain land in Yuba County, California, so as to extinguish a claim of title asserted by the Department of the Interior.",
            "type": "HR",
            "url": "https://api.congress.gov/v3/bill/108/hr/2599?format=json"
        },
        {
            "congress": 108,
            "introducedDate": "2003-06-03",
            "latestAction": {
                "actionDate": "2003-06-11",
                "text": "Referred to the Subcommittee on Health."
            },
            "number": "2306",
            "policyArea": {
                "name": "Commerce"
            },
            "title": "Ginseng Labeling Correction Act",
            "type": "HR",
            "url": "https://api.congress.gov/v3/bill/108/hr/2306?format=json"
        },
        {
            "congress": 108,
            "introducedDate": "2003-04-11",
            "latestAction": {
                "actionDate": "2003-06-24",
                "text": "Subcommittee Hearings Held."
            },
            "number": "1794",
            "policyArea": {
                "name": "Water Resources Development"
            },
            "title": "To authorize the Secretary of the Interior to construct and rehabilitate Federal water supply lines associated with Folsom Dam in California, and for other purposes.",
            "type": "HR",
            "url": "https://api.congress.gov/v3/bill/108/hr/1794?format=json"
        },
        {
            "congress": 108,
            "introducedDate": "2003-04-03",
            "latestAction": {
                "actionDate": "2003-04-10",
                "text": "Executive Comment Requested from Interior."
            },
            "number": "1604",
            "policyArea": {
                "name": "Water Resources Development"
            },
            "title": "To amend Public Law 105-295 to increase the amount of funds authorized to be appropriated for construction of temperature control devices.",
            "type": "HR",
            "url": "https://api.congress.gov/v3/bill/108/hr/1604?format=json"
        },
        {
            "congress": 108,
            "introducedDate": "2003-02-26",
            "latestAction": {
                "actionDate": "2004-05-28",
                "text": "Became Public Law No: 108-232."
            },
            "number": "923",
            "policyArea": {
                "name": "Commerce"
            },
            "title": "Premier Certified Lenders Program Improvement Act of 2004",
            "type": "HR",
            "url": "https://api.congress.gov/v3/bill/108/hr/923?format=json"
        },
        {
            "congress": 108,
            "introducedDate": "2003-02-12",
            "latestAction": {
                "actionDate": "2003-02-12",
                "actionTime": "17:19:44",
                "text": "Motion to reconsider laid on the table Agreed to without objection."
            },
            "number": "70",
            "policyArea": {
                "name": "Congress"
            },
            "title": "Designating majority membership on certain standing committees of the House.",
            "type": "HRES",
            "url": "https://api.congress.gov/v3/bill/108/hres/70?format=json"
        },
        {
            "congress": 107,
            "introducedDate": "2002-07-25",
            "latestAction": {
                "actionDate": "2002-08-07",
                "text": "Referred to the Subcommittee on Water and Power."
            },
            "number": "5222",
            "policyArea": {
                "name": "Public Lands and Natural Resources"
            },
            "title": "To remove certain restrictions on the Mammoth Community Water District's ability to use certain property acquired by that District from the United States.",
            "type": "HR",
            "url": "https://api.congress.gov/v3/bill/107/hr/5222?format=json"
        },
        {
            "congress": 107,
            "introducedDate": "2002-07-24",
            "latestAction": {
                "actionDate": "2002-07-25",
                "text": "Sponsor introductory remarks on measure. (CR E1354)"
            },
            "number": "5198",
            "policyArea": {
                "name": "Commerce"
            },
            "title": "Premier Certified Lenders Program Improvement Act of 2002",
            "type": "HR",
            "url": "https://api.congress.gov/v3/bill/107/hr/5198?format=json"
        },
        {
            "congress": 107,
            "introducedDate": "2002-04-25",
            "latestAction": {
                "actionDate": "2002-06-14",
                "text": "Referred to the Subcommittee on Department Operations, Oversight, Nutrition and Forestry."
            },
            "number": "4589",
            "policyArea": {
                "name": "Public Lands and Natural Resources"
            },
            "title": "Wilderness Study Area Release Act",
            "type": "HR",
            "url": "https://api.congress.gov/v3/bill/107/hr/4589?format=json"
        },
        {
            "congress": 107,
            "introducedDate": "2001-11-29",
            "latestAction": {
                "actionDate": "2001-12-11",
                "text": "Executive Comment Requested from USDA."
            },
            "number": "3386",
            "policyArea": {
                "name": "Public Lands and Natural Resources"
            },
            "title": "To provide for the conveyance of two parcels of land within Stanislaus National Forest, California, that contain recreational cabins to the owners of the cabins.",
            "type": "HR",
            "url": "https://api.congress.gov/v3/bill/107/hr/3386?format=json"
        },
        {
            "congress": 107,
            "introducedDate": "2001-07-18",
            "latestAction": {
                "actionDate": "2001-07-18",
                "text": "Referred to the House Committee on Ways and Means."
            },
            "number": "2548",
            "policyArea": {
                "name": "Taxation"
            },
            "title": "To amend the Internal Revenue Code of 1986 to repeal the 1993 increase in income taxes on Social Security benefits.",
            "type": "HR",
            "url": "https://api.congress.gov/v3/bill/107/hr/2548?format=json"
        },
        {
            "congress": 107,
            "introducedDate": "2001-06-25",
            "latestAction": {
                "actionDate": "2002-10-04",
                "text": "Placed on the Union Calendar, Calendar No. 450."
            },
            "number": "2301",
            "policyArea": {
                "name": "Public Lands and Natural Resources"
            },
            "title": "To authorize the Secretary of the Interior to construct a bridge on Federal land west of and adjacent to Folsom Dam in California, and for other purposes.",
            "type": "HR",
            "url": "https://api.congress.gov/v3/bill/107/hr/2301?format=json"
        },
        {
            "congress": 107,
            "introducedDate": "2001-04-04",
            "latestAction": {
                "actionDate": "2001-04-04",
                "text": "Referred to the Committee on House Administration, and in addition to the Committee on Ways and Means, for a period to be subsequently determined by the Speaker, in each case for consideration of such provisions as fall within the jurisdiction of the committee concerned."
            },
            "number": "1444",
            "policyArea": {
                "name": "Government Operations and Politics"
            },
            "title": "Citizen Legislature and Political Freedom Act",
            "type": "HR",
            "url": "https://api.congress.gov/v3/bill/107/hr/1444?format=json"
        },
        {
            "congress": 107,
            "introducedDate": "2001-03-14",
            "latestAction": {
                "actionDate": "2001-12-12",
                "text": "Received in the Senate and Read twice and referred to the Committee on the Judiciary."
            },
            "number": "1022",
            "policyArea": {
                "name": "Commemorations"
            },
            "title": "Community Recognition Act of 2001",
            "type": "HR",
            "url": "https://api.congress.gov/v3/bill/107/hr/1022?format=json"
        },
        {
            "congress": 107,
            "introducedDate": "2001-02-06",
            "latestAction": {
                "actionDate": "2001-09-12",
                "text": "Received in the Senate and Read twice and referred to the Committee on Energy and Natural Resources."
            },
            "number": "434",
            "policyArea": {
                "name": "Public Lands and Natural Resources"
            },
            "title": "Emigrant Wilderness Preservation Act of 2001",
            "type": "HR",
            "url": "https://api.congress.gov/v3/bill/107/hr/434?format=json"
        },
        {
            "congress": 107,
            "introducedDate": "2001-02-13",
            "latestAction": {
                "actionDate": "2001-02-16",
                "text": "Referred to the Subcommittee on the Constitution."
            },
            "number": "16",
            "policyArea": {
                "name": "Government Operations and Politics"
            },
            "title": "Proposing an amendment to the Constitution of the United States establishing English as the official language of the United States.",
            "type": "HJRES",
            "url": "https://api.congress.gov/v3/bill/107/hjres/16?format=json"
        },
        {
            "congress": 107,
            "introducedDate": "2002-03-06",
            "latestAction": {
                "actionDate": "2002-06-18",
                "text": "Received in the Senate and referred to the Committee on Health, Education, Labor, and Pensions."
            },
            "number": "340",
            "policyArea": {
                "name": "Commemorations"
            },
            "title": "Supporting the goals and ideals of Meningitis Awareness Month.",
            "type": "HCONRES",
            "url": "https://api.congress.gov/v3/bill/107/hconres/340?format=json"
        },
        {
            "amendmentNumber": "824",
            "congress": 106,
            "introducedDate": "2000-06-15",
            "latestAction": {
                "actionDate": "2000-06-15",
                "actionTime": "23:10:51",
                "text": "On agreeing to the Doolittle amendment (A029) Agreed to by voice vote. (text:  CR H4575)"
            },
            "type": null,
            "url": "https://api.congress.gov/v3/amendment/106/hamdt/824?format=json"
        },
        {
            "amendmentNumber": "452",
            "congress": 106,
            "introducedDate": "1999-09-14",
            "latestAction": {
                "actionDate": "1999-09-14",
                "actionTime": "17:56:13",
                "text": "On agreeing to the Doolittle amendment (A003) as modified Failed by recorded vote: 189 - 238 (Roll no. 413). "
            },
            "type": null,
            "url": "https://api.congress.gov/v3/amendment/106/hamdt/452?format=json"
        },
        {
            "amendmentNumber": "451",
            "congress": 106,
            "introducedDate": "1999-09-14",
            "latestAction": {
                "actionDate": "1999-09-14",
                "actionTime": "17:47:08",
                "text": "On agreeing to the Doolittle amendment (A002) as modified Failed by recorded vote: 123 - 302 (Roll no. 412). "
            },
            "type": null,
            "url": "https://api.congress.gov/v3/amendment/106/hamdt/451?format=json"
        },
        {
            "amendmentNumber": "460",
            "congress": 106,
            "introducedDate": "1999-09-14",
            "latestAction": {
                "actionDate": "1999-09-14",
                "actionTime": "21:04:29",
                "text": "On agreeing to the Doolittle amendment (A011) Failed by recorded vote: 117 - 306 (Roll no. 419). "
            },
            "type": null,
            "url": "https://api.congress.gov/v3/amendment/106/hamdt/460?format=json"
        },
        {
            "congress": 106,
            "introducedDate": "2000-09-07",
            "latestAction": {
                "actionDate": "2000-12-07",
                "text": "House Committee on Transportation Granted an extension for further consideration ending not later than Dec. 15, 2000."
            },
            "number": "5130",
            "policyArea": {
                "name": "Water Resources Development"
            },
            "title": "CALFED Extension Act of 2000",
            "type": "HR",
            "url": "https://api.congress.gov/v3/bill/106/hr/5130?format=json"
        },
        {
            "congress": 106,
            "introducedDate": "2000-07-27",
            "latestAction": {
                "actionDate": "2000-08-08",
                "text": "Referred to the Subcommittee on the Constitution."
            },
            "number": "5029",
            "policyArea": {
                "name": "Commemorations"
            },
            "title": "Community Recognition Act of 2000",
            "type": "HR",
            "url": "https://api.congress.gov/v3/bill/106/hr/5029?format=json"
        },
        {
            "congress": 106,
            "introducedDate": "2000-06-26",
            "latestAction": {
                "actionDate": "2000-06-26",
                "text": "Referred to the House Committee on Resources."
            },
            "number": "4751",
            "policyArea": {
                "name": "Government Operations and Politics"
            },
            "title": "Puerto Rico-United States Bilateral Pact of Non-territorial Permanent Union and Guaranteed Citizenship Act",
            "type": "HR",
            "url": "https://api.congress.gov/v3/bill/106/hr/4751?format=json"
        },
        {
            "congress": 106,
            "introducedDate": "2000-03-30",
            "latestAction": {
                "actionDate": "2000-10-27",
                "text": "Became Public Law No: 106-374."
            },
            "number": "4132",
            "policyArea": {
                "name": "Water Resources Development"
            },
            "title": "To reauthorize grants for water resources research and technology institutes established under the Water Resources Research Act of 1984.",
            "type": "HR",
            "url": "https://api.congress.gov/v3/bill/106/hr/4132?format=json"
        },
        {
            "congress": 106,
            "introducedDate": "1999-11-16",
            "latestAction": {
                "actionDate": "2000-11-13",
                "text": "Became Public Law No: 106-506."
            },
            "number": "3388",
            "policyArea": {
                "name": "Water Resources Development"
            },
            "title": "Lake Tahoe Restoration Act",
            "type": "HR",
            "url": "https://api.congress.gov/v3/bill/106/hr/3388?format=json"
        },
        {
            "congress": 106,
            "introducedDate": "1999-10-01",
            "latestAction": {
                "actionDate": "1999-10-07",
                "text": "Subcommittee Hearings Held."
            },
            "number": "2994",
            "policyArea": {
                "name": "Water Resources Development"
            },
            "title": "Sugar Pine Dam and Reservoir Conveyance Act of 1999",
            "type": "HR",
            "url": "https://api.congress.gov/v3/bill/106/hr/2994?format=json"
        },
        {
            "congress": 106,
            "introducedDate": "1999-09-14",
            "latestAction": {
                "actionDate": "1999-09-22",
                "text": "Referred to the Subcommittee on National Parks and Public Lands."
            },
            "number": "2857",
            "policyArea": {
                "name": "Public Lands and Natural Resources"
            },
            "title": "Wild and Scenic Rivers Act Amendment Act of 1999",
            "type": "HR",
            "url": "https://api.congress.gov/v3/bill/106/hr/2857?format=json"
        },
        {
            "congress": 106,
            "introducedDate": "1999-05-25",
            "latestAction": {
                "actionDate": "1999-08-05",
                "text": "Placed on the Union Calendar, Calendar No. 176."
            },
            "number": "1922",
            "policyArea": {
                "name": "Government Operations and Politics"
            },
            "title": "Citizen Legislature and Political Freedom Act",
            "type": "HR",
            "url": "https://api.congress.gov/v3/bill/106/hr/1922?format=json"
        },
        {
            "congress": 106,
            "introducedDate": "1999-03-04",
            "latestAction": {
                "actionDate": "2000-08-25",
                "text": "Placed on Senate Legislative Calendar under General Orders. Calendar No. 769."
            },
            "number": "992",
            "policyArea": {
                "name": "Water Resources Development"
            },
            "title": "Sly Park Unit Conveyance Act",
            "type": "HR",
            "url": "https://api.congress.gov/v3/bill/106/hr/992?format=json"
        },
        {
            "congress": 106,
            "introducedDate": "1999-01-19",
            "latestAction": {
                "actionDate": "2000-09-20",
                "text": "Committee on Energy and Natural Resources. Committee consideration and Mark Up Session held."
            },
            "number": "359",
            "policyArea": {
                "name": "Public Lands and Natural Resources"
            },
            "title": "Emigrant Wilderness Preservation Act of 1999",
            "type": "HR",
            "url": "https://api.congress.gov/v3/bill/106/hr/359?format=json"
        },
        {
            "congress": 106,
            "introducedDate": "1999-01-19",
            "latestAction": {
                "actionDate": "1999-02-25",
                "text": "Referred to the Subcommittee on the Constitution."
            },
            "number": "21",
            "policyArea": {
                "name": "Government Operations and Politics"
            },
            "title": "Proposing an amendment to the Constitution of the United States establishing English as the official language of the United States.",
            "type": "HJRES",
            "url": "https://api.congress.gov/v3/bill/106/hjres/21?format=json"
        },
        {
            "amendmentNumber": "741",
            "congress": 102,
            "introducedDate": "1992-07-23",
            "latestAction": {
                "actionDate": "1992-07-23",
                "actionTime": "19:06:27",
                "text": "By unanimous consent, the Doolittle amendment was withdrawn. "
            },
            "type": null,
            "url": "https://api.congress.gov/v3/amendment/102/hamdt/741?format=json"
        },
        {
            "congress": 102,
            "introducedDate": "1992-07-09",
            "latestAction": {
                "actionDate": "1992-07-23",
                "text": "Referred to the Subcommittee on Water, Power and Offshore Energy Resources."
            },
            "number": "5584",
            "policyArea": {
                "name": "Water Resources Development"
            },
            "title": "Harold T. \"Biz\" Johnson Memorial Dam Act",
            "type": "HR",
            "url": "https://api.congress.gov/v3/bill/102/hr/5584?format=json"
        },
        {
            "congress": 102,
            "introducedDate": "1992-07-02",
            "latestAction": {
                "actionDate": "1992-07-23",
                "text": "For Further Action See H.R.4850."
            },
            "number": "5541",
            "policyArea": {
                "name": "Government Operations and Politics"
            },
            "title": "Syndex Fairness Act of 1992",
            "type": "HR",
            "url": "https://api.congress.gov/v3/bill/102/hr/5541?format=json"
        },
        {
            "congress": 102,
            "introducedDate": "1991-07-23",
            "latestAction": {
                "actionDate": "1991-07-26",
                "text": "Referred to the Subcommittee on Social Security."
            },
            "number": "2971",
            "policyArea": {
                "name": "Taxation"
            },
            "title": "To amend title II of the Social Security Act to provide that States and local governments may not tax social security benefits.",
            "type": "HR",
            "url": "https://api.congress.gov/v3/bill/102/hr/2971?format=json"
        },
        {
            "congress": 102,
            "introducedDate": "1991-03-21",
            "latestAction": {
                "actionDate": "1991-04-04",
                "text": "Referred to the Subcommittee on Economic Development."
            },
            "number": "1553",
            "policyArea": {
                "name": "Government Operations and Politics"
            },
            "title": "To authorize the conveyance of the addition to the Lassen Memorial Hospital in Susanville, California, and to waive any debt relating to the conveyance owed to the Federal Government by Lassen County, California.",
            "type": "HR",
            "url": "https://api.congress.gov/v3/bill/102/hr/1553?format=json"
        },
        {
            "congress": 102,
            "introducedDate": "1991-03-05",
            "latestAction": {
                "actionDate": "1991-04-16",
                "text": "For Further Action See H.R.479."
            },
            "number": "1229",
            "policyArea": {
                "name": "Public Lands and Natural Resources"
            },
            "title": "To amend the National Trails System Act to designate the California National Historic Trail and Pony Express National Historic Trail as components of the National Trails System.",
            "type": "HR",
            "url": "https://api.congress.gov/v3/bill/102/hr/1229?format=json"
        },
        {
            "congress": 102,
            "introducedDate": "1991-02-21",
            "latestAction": {
                "actionDate": "1991-11-27",
                "text": "Reported (Amended) by the Committee on Agriculture. H. Rept. 102-397, Part I."
            },
            "number": "1058",
            "policyArea": {
                "name": "Public Lands and Natural Resources"
            },
            "title": "To designate the Lake Tahoe Basin National Forest in the States of California and Nevada to be administered by the Secretary of Agriculture, and for other purposes.",
            "type": "HR",
            "url": "https://api.congress.gov/v3/bill/102/hr/1058?format=json"
        },
        {
            "congress": 102,
            "introducedDate": "1991-01-29",
            "latestAction": {
                "actionDate": "1992-10-06",
                "text": "See S.1704."
            },
            "number": "711",
            "policyArea": {
                "name": "Private Legislation"
            },
            "title": "To validate conveyances of certain lands in the State of California that form part of the right-of-way granted by the United States to the Central Pacific Railway Company.",
            "type": "HR",
            "url": "https://api.congress.gov/v3/bill/102/hr/711?format=json"
        },
        {
            "congress": 102,
            "introducedDate": "1991-01-30",
            "latestAction": {
                "actionDate": "1992-10-08",
                "text": "Provisions Not Included in Final Version of H.R.429."
            },
            "number": "718",
            "policyArea": {
                "name": "Water Resources Development"
            },
            "title": "Sly Park Unit Sale Act",
            "type": "HR",
            "url": "https://api.congress.gov/v3/bill/102/hr/718?format=json"
        },
        {
            "congress": 102,
            "introducedDate": "1992-02-05",
            "latestAction": {
                "actionDate": "1992-02-10",
                "text": "Referred to the Subcommittee on Census and Population."
            },
            "number": "404",
            "policyArea": {
                "name": "Health"
            },
            "title": "Designating the week of June 1 through June 7, 1992, as \"National Polio Awareness Week\".",
            "type": "HJRES",
            "url": "https://api.congress.gov/v3/bill/102/hjres/404?format=json"
        },
        {
            "congress": 102,
            "introducedDate": "1991-04-10",
            "latestAction": {
                "actionDate": "1991-04-10",
                "text": "Referred to the House Committee on Post Office and Civil Service."
            },
            "number": "211",
            "policyArea": {
                "name": "Health"
            },
            "title": "Designating the week of June 1 through June 7, 1991, as \"National Polio Awareness Week\".",
            "type": "HJRES",
            "url": "https://api.congress.gov/v3/bill/102/hjres/211?format=json"
        },
        {
            "congress": 102,
            "introducedDate": "1992-04-09",
            "latestAction": {
                "actionDate": "1992-04-09",
                "actionTime": "15:32:53",
                "text": "Motion to reconsider laid on the table Agreed to without objection."
            },
            "number": "430",
            "policyArea": {
                "name": "Congress"
            },
            "title": "Requiring an explanation from the chairman and vice chairman of the Ad Hoc Committee Investigating the Post Office of the Committee on House Administration of the allegations regarding disruption of the ongoing investigation.",
            "type": "HRES",
            "url": "https://api.congress.gov/v3/bill/102/hres/430?format=json"
        },
        {
            "amendmentNumber": "864",
            "congress": 103,
            "introducedDate": "1994-09-21",
            "latestAction": {
                "actionDate": "1994-09-21",
                "actionTime": "15:44:12",
                "text": "On agreeing to the Doolittle amendment (A002) Agreed to by recorded vote: 240 - 188 (Roll no. 431). "
            },
            "type": null,
            "url": "https://api.congress.gov/v3/amendment/103/hamdt/864?format=json"
        },
        {
            "amendmentNumber": "487",
            "congress": 103,
            "introducedDate": "1994-03-22",
            "latestAction": {
                "actionDate": "1994-03-22",
                "actionTime": "15:07:41",
                "text": "On agreeing to the Doolittle amendment (A039) as amended Agreed to by recorded vote: 407 - 20 (Roll no. 77). "
            },
            "type": null,
            "url": "https://api.congress.gov/v3/amendment/103/hamdt/487?format=json"
        },
        {
            "congress": 103,
            "introducedDate": "1994-04-13",
            "latestAction": {
                "actionDate": "1994-06-27",
                "text": "See H.R.4092."
            },
            "number": "4197",
            "policyArea": {
                "name": "Crime and Law Enforcement"
            },
            "title": "Citizens' Crime Prevention and Punishment Act of 1994",
            "type": "HR",
            "url": "https://api.congress.gov/v3/bill/103/hr/4197?format=json"
        },
        {
            "congress": 103,
            "introducedDate": "1994-03-10",
            "latestAction": {
                "actionDate": "1994-03-16",
                "text": "Executive Comment Requested from Interior."
            },
            "number": "3997",
            "policyArea": {
                "name": "Environmental Protection"
            },
            "title": "Balanced Economic and Environmental Priorities Act of 1994",
            "type": "HR",
            "url": "https://api.congress.gov/v3/bill/103/hr/3997?format=json"
        },
        {
            "congress": 103,
            "introducedDate": "1994-02-03",
            "latestAction": {
                "actionDate": "1994-02-08",
                "text": "Referred to the Subcommittee on Economic and Commercial Law."
            },
            "number": "3788",
            "policyArea": {
                "name": "Taxation"
            },
            "title": "To amend title II of the Social Security Act to make it clear that States and local governments may not tax social security benefits.",
            "type": "HR",
            "url": "https://api.congress.gov/v3/bill/103/hr/3788?format=json"
        },
        {
            "congress": 103,
            "introducedDate": "1993-11-20",
            "latestAction": {
                "actionDate": "1993-12-20",
                "text": "Referred to the Subcommittee on Telecommunications and Finance."
            },
            "number": "3587",
            "policyArea": {
                "name": "Government Operations and Politics"
            },
            "title": "Syndex Fairness Act of 1993",
            "type": "HR",
            "url": "https://api.congress.gov/v3/bill/103/hr/3587?format=json"
        },
        {
            "congress": 103,
            "introducedDate": "1993-10-21",
            "latestAction": {
                "actionDate": "1993-11-02",
                "text": "Referred to the Subcommittee on International Security, International Organizations and Human Rights."
            },
            "number": "3334",
            "policyArea": {
                "name": "Armed Forces and National Security"
            },
            "title": "To impose limitations on the placing of United States Armed Forces under the operational control of a foreign national acting on behalf of the United Nations.",
            "type": "HR",
            "url": "https://api.congress.gov/v3/bill/103/hr/3334?format=json"
        },
        {
            "congress": 103,
            "introducedDate": "1993-03-02",
            "latestAction": {
                "actionDate": "1994-07-05",
                "text": "Became Private Law No: 103-2."
            },
            "number": "1183",
            "policyArea": {
                "name": "Private Legislation"
            },
            "title": "To validate conveyances of certain lands in the State of California that form part of the right-of-way granted by the United States to the Central Pacific Railway Company.",
            "type": "HR",
            "url": "https://api.congress.gov/v3/bill/103/hr/1183?format=json"
        },
        {
            "congress": 103,
            "introducedDate": "1994-03-03",
            "latestAction": {
                "actionDate": "1994-03-03",
                "text": "Referred to the House Committee on Post Office and Civil Service."
            },
            "number": "330",
            "policyArea": {
                "name": "Health"
            },
            "title": "Designating May 1993 as \"National Community Residential Care Month\".",
            "type": "HJRES",
            "url": "https://api.congress.gov/v3/bill/103/hjres/330?format=json"
        },
        {
            "congress": 103,
            "introducedDate": "1994-03-08",
            "latestAction": {
                "actionDate": "1994-03-08",
                "text": "Referred to the House Committee on Post Office and Civil Service."
            },
            "number": "331",
            "policyArea": {
                "name": "Health"
            },
            "title": "Designating May 1994, as \"National Community Residential Care Month\".",
            "type": "HJRES",
            "url": "https://api.congress.gov/v3/bill/103/hjres/331?format=json"
        },
        {
            "congress": 103,
            "introducedDate": "1993-03-31",
            "latestAction": {
                "actionDate": "1993-04-01",
                "text": "Referred to the Subcommittee on Civil and Constitutional Rights."
            },
            "number": "171",
            "policyArea": {
                "name": "Arts, Culture, Religion"
            },
            "title": "Proposing an amendment to the Constitution of the United States establishing English as the official language of the United States.",
            "type": "HJRES",
            "url": "https://api.congress.gov/v3/bill/103/hjres/171?format=json"
        },
        {
            "congress": 103,
            "introducedDate": "1993-03-02",
            "latestAction": {
                "actionDate": "1993-03-02",
                "text": "Referred to the House Committee on Post Office and Civil Service."
            },
            "number": "125",
            "policyArea": {
                "name": "Health"
            },
            "title": "Designating May 1993 as \"National Community Residential Care Month\".",
            "type": "HJRES",
            "url": "https://api.congress.gov/v3/bill/103/hjres/125?format=json"
        },
        {
            "congress": 103,
            "introducedDate": "1993-03-30",
            "latestAction": {
                "actionDate": "1994-03-17",
                "text": "See H.J.Res.103."
            },
            "number": "167",
            "policyArea": {
                "name": "Economics and Public Finance"
            },
            "title": "Proposing an amendment to the Constitution of the United States to provide for balanced budgets for the United States Government.",
            "type": "HJRES",
            "url": "https://api.congress.gov/v3/bill/103/hjres/167?format=json"
        },
        {
            "congress": 103,
            "introducedDate": "1993-02-25",
            "latestAction": {
                "actionDate": "1993-02-25",
                "text": "Referred to the House Committee on Post Office and Civil Service."
            },
            "number": "124",
            "policyArea": {
                "name": "Health"
            },
            "title": "Designating the week of June 1 through June 7, 1993 as \"National Polio Awareness Week\".",
            "type": "HJRES",
            "url": "https://api.congress.gov/v3/bill/103/hjres/124?format=json"
        },
        {
            "congress": 103,
            "introducedDate": "1994-09-23",
            "latestAction": {
                "actionDate": "1994-10-07",
                "text": "Referred to the Subcommittee on International Security, International Organizations and Human Rights."
            },
            "number": "546",
            "policyArea": {
                "name": "International Affairs"
            },
            "title": "Expressing the sense of the House of Representatives relating to United States Armed Forces in Haiti.",
            "type": "HRES",
            "url": "https://api.congress.gov/v3/bill/103/hres/546?format=json"
        },
        {
            "congress": 103,
            "introducedDate": "1994-07-14",
            "latestAction": {
                "actionDate": "1994-09-07",
                "text": "Referred to the Subcommittee on Crime and Criminal Justice."
            },
            "number": "481",
            "policyArea": {
                "name": "Crime and Law Enforcement"
            },
            "title": "Expressing the sense of the House regarding the case of United States v. Knox.",
            "type": "HRES",
            "url": "https://api.congress.gov/v3/bill/103/hres/481?format=json"
        },
        {
            "congress": 103,
            "introducedDate": "1994-05-24",
            "latestAction": {
                "actionDate": "1994-05-24",
                "text": "Referred to the House Committee on Rules."
            },
            "number": "437",
            "policyArea": {
                "name": "Congress"
            },
            "title": "Directing the Committee on Agriculture, the Committee on Banking, Finance and Urban Affairs, the Committee on Government Operations, the Committee on the Judiciary, and the Committee on Small Business to commence hearings on issues within their jurisdiction relating to the Whitewater Development Corporation and related issues.",
            "type": "HRES",
            "url": "https://api.congress.gov/v3/bill/103/hres/437?format=json"
        },
        {
            "congress": 103,
            "introducedDate": "1993-10-28",
            "latestAction": {
                "actionDate": "1993-12-03",
                "text": "Referred to the Subcommittee on Health and the Environment."
            },
            "number": "291",
            "policyArea": {
                "name": "Environmental Protection"
            },
            "title": "Expressing the sense of the House of Representatives that a Presidential commission should be established to investigate whether there has been any measurable depletion of stratospheric ozone beyond that caused by natural phenomena, whether it has been proven that the use of chloroflourocarbons damages stratospheric ozone, and whether the phaseout of chloroflourocarbons will have any effect on stratospheric ozone.",
            "type": "HRES",
            "url": "https://api.congress.gov/v3/bill/103/hres/291?format=json"
        },
        {
            "amendmentNumber": "958",
            "congress": 104,
            "introducedDate": "1996-03-13",
            "latestAction": {
                "actionDate": "1996-03-13",
                "actionTime": "17:18:14",
                "text": "On agreeing to the Doolittle amendment (A010) Agreed to by voice vote. "
            },
            "type": null,
            "url": "https://api.congress.gov/v3/amendment/104/hamdt/958?format=json"
        },
        {
            "congress": 104,
            "introducedDate": "1996-09-27",
            "latestAction": {
                "actionDate": "1996-09-27",
                "text": "Referred to the House Committee on Resources."
            },
            "number": "4242",
            "policyArea": {
                "name": "Public Lands and Natural Resources"
            },
            "title": "To amend the Act commonly known as the \"Antiquities Act\" to limit further extension or establishment of national monuments in California.",
            "type": "HR",
            "url": "https://api.congress.gov/v3/bill/104/hr/4242?format=json"
        },
        {
            "congress": 104,
            "introducedDate": "1996-07-25",
            "latestAction": {
                "actionDate": "1996-09-04",
                "text": "Placed on the Union Calendar, Calendar No. 413."
            },
            "number": "3903",
            "policyArea": {
                "name": "Water Resources Development"
            },
            "title": "Sly Park Unit Conveyance Act",
            "type": "HR",
            "url": "https://api.congress.gov/v3/bill/104/hr/3903?format=json"
        },
        {
            "congress": 104,
            "introducedDate": "1996-07-24",
            "latestAction": {
                "actionDate": "1996-08-06",
                "text": "Referred to the Subcommittee on National Parks, Forests and Lands."
            },
            "number": "3886",
            "policyArea": {
                "name": "Public Lands and Natural Resources"
            },
            "title": "To clarify the intent of the Congress in Public Law 93-632 to require the Secretary of Agriculture to continue to provide for the maintenance of 18 concrete dams and weirs that were located in the Emigrant Wilderness at the time the wilderness area was designated as wilderness in that Public Law.",
            "type": "HR",
            "url": "https://api.congress.gov/v3/bill/104/hr/3886?format=json"
        },
        {
            "congress": 104,
            "introducedDate": "1996-04-18",
            "latestAction": {
                "actionDate": "1996-05-02",
                "text": "Referred to the Subcommittee on Water Resources and Environment."
            },
            "number": "3270",
            "policyArea": {
                "name": "Water Resources Development"
            },
            "title": "Disaster Prevention and Fiscal Responsibility Act of 1996",
            "type": "HR",
            "url": "https://api.congress.gov/v3/bill/104/hr/3270?format=json"
        },
        {
            "congress": 104,
            "introducedDate": "1996-02-29",
            "latestAction": {
                "actionDate": "1996-03-28",
                "text": "Referred to the Subcommittee on Crime."
            },
            "number": "2992",
            "policyArea": {
                "name": "Crime and Law Enforcement"
            },
            "title": "Crime Prevention and Family Protection Act of 1996",
            "type": "HR",
            "url": "https://api.congress.gov/v3/bill/104/hr/2992?format=json"
        },
        {
            "congress": 104,
            "introducedDate": "1995-12-07",
            "latestAction": {
                "actionDate": "1995-12-13",
                "text": "Ordered to be Reported (Amended) by the Yeas and Nays: 25 - 18."
            },
            "number": "2738",
            "policyArea": {
                "name": "Water Resources Development"
            },
            "title": "To make amendments to the Central Valley Project Improvement Act and to the Reclamation Wastewater and Groundwater Study and Facilities Act, and for other purposes.",
            "type": "HR",
            "url": "https://api.congress.gov/v3/bill/104/hr/2738?format=json"
        },
        {
            "congress": 104,
            "introducedDate": "1995-12-06",
            "latestAction": {
                "actionDate": "1995-12-22",
                "text": "Referred to the Subcommittee on Employer-Employee Relations."
            },
            "number": "2723",
            "policyArea": {
                "name": "Labor and Employment"
            },
            "title": "Work and Family Integration Act",
            "type": "HR",
            "url": "https://api.congress.gov/v3/bill/104/hr/2723?format=json"
        },
        {
            "congress": 104,
            "introducedDate": "1995-09-20",
            "latestAction": {
                "actionDate": "1995-10-13",
                "text": "Referred to the Subcommittee on Health and Environment."
            },
            "number": "2367",
            "policyArea": {
                "name": "Environmental Protection"
            },
            "title": "To amend the Clean Air Act to further protect and enhance the public interest by ensuring an orderly transition from chlorofluorocarbons (CFCs) and halons to substitute compounds, and for other purposes.",
            "type": "HR",
            "url": "https://api.congress.gov/v3/bill/104/hr/2367?format=json"
        },
        {
            "congress": 104,
            "introducedDate": "1995-06-21",
            "latestAction": {
                "actionDate": "1995-12-07",
                "text": "For Further Action See H.R.2738."
            },
            "number": "1906",
            "policyArea": {
                "name": "Water Resources Development"
            },
            "title": "Central Valley Project Reform Act of 1995",
            "type": "HR",
            "url": "https://api.congress.gov/v3/bill/104/hr/1906?format=json"
        },
        {
            "congress": 104,
            "introducedDate": "1995-06-06",
            "latestAction": {
                "actionDate": "1996-05-24",
                "text": "Became Public Law No: 104-147."
            },
            "number": "1743",
            "policyArea": {
                "name": "Water Resources Development"
            },
            "title": "To amend the Water Resources Research Act of 1984 to extend the authorizations of appropriations through fiscal year 2000, and for other purposes.",
            "type": "HR",
            "url": "https://api.congress.gov/v3/bill/104/hr/1743?format=json"
        },
        {
            "congress": 104,
            "introducedDate": "1995-01-23",
            "latestAction": {
                "actionDate": "1995-02-06",
                "text": "Executive Comment Requested from DOD."
            },
            "number": "631",
            "policyArea": {
                "name": "Armed Forces and National Security"
            },
            "title": "To impose limitations on the placing of United States Armed Forces under the operational control of a foreign national acting on behalf of the United Nations.",
            "type": "HR",
            "url": "https://api.congress.gov/v3/bill/104/hr/631?format=json"
        },
        {
            "congress": 104,
            "introducedDate": "1995-09-28",
            "latestAction": {
                "actionDate": "1995-10-02",
                "text": "Referred to the Subcommittee on the Constitution."
            },
            "number": "109",
            "policyArea": {
                "name": "Arts, Culture, Religion"
            },
            "title": "Proposing an amendment to the Constitution of the United States establishing English as the official language of the United States.",
            "type": "HJRES",
            "url": "https://api.congress.gov/v3/bill/104/hjres/109?format=json"
        },
        {
            "congress": 104,
            "introducedDate": "1996-07-22",
            "latestAction": {
                "actionDate": "1996-07-22",
                "text": "Referred to the House Committee on Rules."
            },
            "number": "486",
            "policyArea": {
                "name": "Congress"
            },
            "title": "Amending the Rules of the House of Representatives to require witnesses at committee hearings to submit statements identifying Federal grants or contracts received during the current and previous two fiscal years.",
            "type": "HRES",
            "url": "https://api.congress.gov/v3/bill/104/hres/486?format=json"
        },
        {
            "congress": 104,
            "introducedDate": "1995-09-28",
            "latestAction": {
                "actionDate": "1995-10-12",
                "text": "Referred to the Subcommittee on Asia and the Pacific."
            },
            "number": "233",
            "policyArea": {
                "name": "International Affairs"
            },
            "title": "Condemning the abduction of Jaswant Singh Khalra and urging his release.",
            "type": "HRES",
            "url": "https://api.congress.gov/v3/bill/104/hres/233?format=json"
        },
        {
            "amendmentNumber": "861",
            "congress": 105,
            "introducedDate": "1998-08-06",
            "latestAction": {
                "actionDate": "1998-08-06",
                "actionTime": "12:30:30",
                "text": "On agreeing to the Doolittle amendment (A044) Failed by recorded vote: 131 - 299 (Roll No. 403). "
            },
            "type": null,
            "url": "https://api.congress.gov/v3/amendment/105/hamdt/861?format=json"
        },
        {
            "amendmentNumber": "694",
            "congress": 105,
            "introducedDate": "1998-06-19",
            "latestAction": {
                "actionDate": "1998-07-14",
                "actionTime": "20:08:46",
                "text": "On agreeing to the Doolittle amendment (A006) as modified Failed by recorded vote: 201 - 219 (Roll No. 275). "
            },
            "type": null,
            "url": "https://api.congress.gov/v3/amendment/105/hamdt/694?format=json"
        },
        {
            "amendmentNumber": "124",
            "congress": 105,
            "introducedDate": "1997-05-21",
            "latestAction": {
                "actionDate": "1997-05-21",
                "actionTime": "01:11:38",
                "text": "On agreeing to the Doolittle amendment (A002) Failed by recorded vote: 119 - 313 (Roll no. 144). "
            },
            "type": null,
            "url": "https://api.congress.gov/v3/amendment/105/hamdt/124?format=json"
        },
        {
            "congress": 105,
            "introducedDate": "1998-08-04",
            "latestAction": {
                "actionDate": "1998-10-06",
                "text": "Placed on the Union Calendar, Calendar No. 446."
            },
            "number": "4389",
            "policyArea": {
                "name": "Water Resources Development"
            },
            "title": "Sly Park Unit Conveyance Act",
            "type": "HR",
            "url": "https://api.congress.gov/v3/bill/105/hr/4389?format=json"
        },
        {
            "congress": 105,
            "introducedDate": "1998-06-23",
            "latestAction": {
                "actionDate": "1998-10-12",
                "text": "Placed on the Union Calendar, Calendar No. 455."
            },
            "number": "4111",
            "policyArea": {
                "name": "Water Resources Development"
            },
            "title": "To provide for outlet modifications to Folsom Dam, a study for reconstruction of the Northfork American River Cofferdam, and the transfer to the State of California all right, title, and interest in and to the Auburn Dam, and for other purposes.",
            "type": "HR",
            "url": "https://api.congress.gov/v3/bill/105/hr/4111?format=json"
        },
        {
            "congress": 105,
            "introducedDate": "1998-06-18",
            "latestAction": {
                "actionDate": "1998-10-27",
                "text": "Became Public Law No: 105-295."
            },
            "number": "4079",
            "policyArea": {
                "name": "Water Resources Development"
            },
            "title": "To authorize the construction of temperature control devices at Folsom Dam in California.",
            "type": "HR",
            "url": "https://api.congress.gov/v3/bill/105/hr/4079?format=json"
        },
        {
            "congress": 105,
            "introducedDate": "1998-06-11",
            "latestAction": {
                "actionDate": "1998-06-25",
                "text": "Forwarded by Subcommittee to Full Committee (Amended) by Voice Vote."
            },
            "number": "4048",
            "policyArea": {
                "name": "Water Resources Development"
            },
            "title": "Sly Park Unit Conveyance Act",
            "type": "HR",
            "url": "https://api.congress.gov/v3/bill/105/hr/4048?format=json"
        },
        {
            "congress": 105,
            "introducedDate": "1998-03-17",
            "latestAction": {
                "actionDate": "1998-04-23",
                "text": "Forwarded by Subcommittee to Full Committee by Voice Vote."
            },
            "number": "3467",
            "policyArea": {
                "name": "Public Lands and Natural Resources"
            },
            "title": "California Spotted Owl Interim Protection Act of 1998",
            "type": "HR",
            "url": "https://api.congress.gov/v3/bill/105/hr/3467?format=json"
        },
        {
            "congress": 105,
            "introducedDate": "1997-11-09",
            "latestAction": {
                "actionDate": "1997-11-21",
                "text": "Referred to the Subcommittee on Water Resources and Environment."
            },
            "number": "2988",
            "policyArea": {
                "name": "Energy"
            },
            "title": "Federal Power Marketing Act of 1997",
            "type": "HR",
            "url": "https://api.congress.gov/v3/bill/105/hr/2988?format=json"
        },
        {
            "congress": 105,
            "introducedDate": "1997-11-07",
            "latestAction": {
                "actionDate": "1998-10-26",
                "text": "Became Public Law No: 105-281."
            },
            "number": "2886",
            "policyArea": {
                "name": "Public Lands and Natural Resources"
            },
            "title": "Granite Watershed Enhancement and Protection Act of 1998",
            "type": "HR",
            "url": "https://api.congress.gov/v3/bill/105/hr/2886?format=json"
        },
        {
            "congress": 105,
            "introducedDate": "1997-09-04",
            "latestAction": {
                "actionDate": "1998-10-07",
                "text": "By Senator Murkowski from Committee on Energy and Natural Resources filed written report. Report No. 105-377."
            },
            "number": "2402",
            "policyArea": {
                "name": "Water Resources Development"
            },
            "title": "Water-Related Technical Corrections Act of 1997",
            "type": "HR",
            "url": "https://api.congress.gov/v3/bill/105/hr/2402?format=json"
        },
        {
            "congress": 105,
            "introducedDate": "1997-06-05",
            "latestAction": {
                "actionDate": "1998-09-24",
                "text": "Committee on Indian Affairs. Hearings held."
            },
            "number": "1805",
            "policyArea": {
                "name": "Native Americans"
            },
            "title": "Auburn Indian Restoration Amendment Act",
            "type": "HR",
            "url": "https://api.congress.gov/v3/bill/105/hr/1805?format=json"
        },
        {
            "congress": 105,
            "introducedDate": "1997-05-20",
            "latestAction": {
                "actionDate": "1998-09-09",
                "text": "Placed on Senate Legislative Calendar under General Orders. Calendar No. 562."
            },
            "number": "1663",
            "policyArea": {
                "name": "Public Lands and Natural Resources"
            },
            "title": "To clarify the intent of the Congress in Public Law 93-632 to require the Secretary of Agriculture to continue to provide for the maintenance of 18 concrete dams and weirs that were located in the Emigrant Wilderness at the time the wilderness area was designated as wilderness in that Public Law.",
            "type": "HR",
            "url": "https://api.congress.gov/v3/bill/105/hr/1663?format=json"
        },
        {
            "congress": 105,
            "introducedDate": "1997-04-24",
            "latestAction": {
                "actionDate": "1998-07-29",
                "text": "Became Public Law No: 105-208."
            },
            "number": "1439",
            "policyArea": {
                "name": "Public Lands and Natural Resources"
            },
            "title": "To facilitate the sale of certain land in Tahoe National Forest, in the State of California to Placer County, California.",
            "type": "HR",
            "url": "https://api.congress.gov/v3/bill/105/hr/1439?format=json"
        },
        {
            "congress": 105,
            "introducedDate": "1997-03-06",
            "latestAction": {
                "actionDate": "1997-03-06",
                "text": "Referred to House Ways and Means"
            },
            "number": "965",
            "policyArea": {
                "name": "Government Operations and Politics"
            },
            "title": "Citizen Legislature and Political Freedom Act",
            "type": "HR",
            "url": "https://api.congress.gov/v3/bill/105/hr/965?format=json"
        },
        {
            "congress": 105,
            "introducedDate": "1997-03-05",
            "latestAction": {
                "actionDate": "1997-03-17",
                "text": "Referred to the Subcommittee on Railroads."
            },
            "number": "936",
            "policyArea": {
                "name": "Transportation and Public Works"
            },
            "title": "No Hands Bridge Restoration Act of 1997",
            "type": "HR",
            "url": "https://api.congress.gov/v3/bill/105/hr/936?format=json"
        },
        {
            "congress": 105,
            "introducedDate": "1997-02-04",
            "latestAction": {
                "actionDate": "1997-02-11",
                "text": "Executive Comment Requested from Interior."
            },
            "number": "528",
            "policyArea": {
                "name": "Public Lands and Natural Resources"
            },
            "title": "Yosemite Restoration Act of 1997",
            "type": "HR",
            "url": "https://api.congress.gov/v3/bill/105/hr/528?format=json"
        },
        {
            "congress": 105,
            "introducedDate": "1997-02-04",
            "latestAction": {
                "actionDate": "1997-03-05",
                "text": "Referred to the Subcommittee on the Constitution."
            },
            "number": "37",
            "policyArea": {
                "name": "Government Operations and Politics"
            },
            "title": "Proposing an amendment to the Constitution of the United States establishing English as the official language of the United States.",
            "type": "HJRES",
            "url": "https://api.congress.gov/v3/bill/105/hjres/37?format=json"
        }
    ]
}