{
    "pagination": {
        "count": 55
    },
    "request": {
        "bioguideId": "d000602",
        "contentType": "application/json",
        "format": "json"
    },
    "sponsoredLegislation": [
        {
            "amendmentNumber": "1016",
            "congress": 109,
            "introducedDate": "2006-06-13",
            "latestAction": {
                "actionDate": "2006-06-13",
                "actionTime": "21:43:02",
                "text": "On agreeing to the Davis (AL) amendment (A010) Agreed to by recorded vote: 262 - 162 (Roll no. 268). "
            },
            "type": null,
            "url": "https://api.congress.gov/v3/amendment/109/hamdt/1016?format=json"
        },
        {
            "amendmentNumber": "598",
            "congress": 109,
            "introducedDate": "2005-10-26",
            "latestAction": {
                "actionDate": "2005-10-26",
                "actionTime": "14:18:07",
                "text": "On agreeing to the Davis (AL) amendment (A003) Agreed to by voice vote. "
            },
            "type": null,
            "url": "https://api.congress.gov/v3/amendment/109/hamdt/598?format=json"
        },
        {
            "amendmentNumber": "408",
            "congress": 109,
            "introducedDate": "2005-06-29",
            "latestAction": {
                "actionDate": "2005-06-29",
                "actionTime": "20:26:34",
                "text": "On agreeing to the Davis (AL) amendment (A015) Agreed to by recorded vote: 248 - 173 (Roll no. 340). "
            },
            "type": null,
            "url": "https://api.congress.gov/v3/amendment/109/hamdt/408?format=json"
        },
        {
            "congress": 109,
            "introducedDate": "2006-04-04",
            "latestAction": {
                "actionDate": "2006-04-26",
                "text": "Referred to the Subcommittee on Conservation, Credit, Rural Development, and Research."
            },
            "number": "5082",
            "policyArea": {
                "name": "Housing and Community Development"
            },
            "title": "Southern Empowerment and Economic Development Act to authorize the Delta Black Belt Regional Authority",
            "type": "HR",
            "url": "https://api.congress.gov/v3/bill/109/hr/5082?format=json"
        },
        {
            "congress": 109,
            "introducedDate": "2005-11-18",
            "latestAction": {
                "actionDate": "2006-02-06",
                "text": "Referred to the Subcommittee on Immigration, Border Security, and Claims."
            },
            "number": "4398",
            "policyArea": {
                "name": "Agriculture and Food"
            },
            "title": "African-American Farmers Benefits Relief Act of 2005",
            "type": "HR",
            "url": "https://api.congress.gov/v3/bill/109/hr/4398?format=json"
        },
        {
            "congress": 109,
            "introducedDate": "2005-09-13",
            "latestAction": {
                "actionDate": "2005-09-13",
                "text": "Referred to the House Committee on House Administration."
            },
            "number": "3734",
            "policyArea": {
                "name": "Government Operations and Politics"
            },
            "title": "Displaced Citizens Voter Protection Act of 2005",
            "type": "HR",
            "url": "https://api.congress.gov/v3/bill/109/hr/3734?format=json"
        },
        {
            "congress": 109,
            "introducedDate": "2005-09-13",
            "latestAction": {
                "actionDate": "2005-09-13",
                "text": "Referred to the House Committee on Ways and Means."
            },
            "number": "3733",
            "policyArea": {
                "name": "Taxation"
            },
            "title": "Emergency Savings Relief Act of 2005",
            "type": "HR",
            "url": "https://api.congress.gov/v3/bill/109/hr/3733?format=json"
        },
        {
            "congress": 109,
            "introducedDate": "2005-09-13",
            "latestAction": {
                "actionDate": "2005-09-19",
                "text": "Referred to the Subcommittee on Health."
            },
            "number": "3735",
            "policyArea": {
                "name": "Health"
            },
            "title": "Emergency Medicaid Relief Act of 2005",
            "type": "HR",
            "url": "https://api.congress.gov/v3/bill/109/hr/3735?format=json"
        },
        {
            "congress": 109,
            "introducedDate": "2005-05-11",
            "latestAction": {
                "actionDate": "2005-05-23",
                "text": "Referred to the Subcommittee on Health."
            },
            "number": "2258",
            "policyArea": {
                "name": "Health"
            },
            "title": "To prevent a severe reduction in the Federal medical assistance percentage determined for a State for fiscal year 2006.",
            "type": "HR",
            "url": "https://api.congress.gov/v3/bill/109/hr/2258?format=json"
        },
        {
            "congress": 109,
            "introducedDate": "2005-02-17",
            "latestAction": {
                "actionDate": "2005-02-17",
                "text": "Referred to the House Committee on Ways and Means."
            },
            "number": "883",
            "policyArea": {
                "name": "Taxation"
            },
            "title": "Rural Housing Tax Credit Act of 2005",
            "type": "HR",
            "url": "https://api.congress.gov/v3/bill/109/hr/883?format=json"
        },
        {
            "congress": 109,
            "introducedDate": "2006-07-28",
            "latestAction": {
                "actionDate": "2006-08-17",
                "text": "Referred to the Subcommittee on Military Personnel."
            },
            "number": "969",
            "policyArea": {
                "name": "Armed Forces and National Security"
            },
            "title": "Urging the Secretary of Defense to immediately institute a zero-tolerance policy with regard to racial and ethnic extremism in the military.",
            "type": "HRES",
            "url": "https://api.congress.gov/v3/bill/109/hres/969?format=json"
        },
        {
            "congress": 109,
            "introducedDate": "2005-10-03",
            "latestAction": {
                "actionDate": "2005-10-17",
                "text": "Referred to the Subcommittee on Courts, the Internet, and Intellectual Property."
            },
            "number": "478",
            "policyArea": {
                "name": "Commemorations"
            },
            "title": "Commending Myron H. Thompson, United States District Judge for the Middle District of Alabama, for his commitment and dedication to public service, the judicial system, equal access to justice, and the community.",
            "type": "HRES",
            "url": "https://api.congress.gov/v3/bill/109/hres/478?format=json"
        },
        {
            "congress": 111,
            "introducedDate": "2009-12-16",
            "latestAction": {
                "actionDate": "2009-12-23",
                "text": "Referred to the Subcommittee on National Parks, Forests and Public Lands."
            },
            "number": "4345",
            "policyArea": {
                "name": "Public Lands and Natural Resources"
            },
            "title": "Alabama Black Belt National Heritage Area Act",
            "type": "HR",
            "url": "https://api.congress.gov/v3/bill/111/hr/4345?format=json"
        },
        {
            "congress": 111,
            "introducedDate": "2009-12-16",
            "latestAction": {
                "actionDate": "2009-12-16",
                "text": "Referred to the House Committee on Financial Services."
            },
            "number": "4340",
            "policyArea": {
                "name": "Finance and Financial Sector"
            },
            "title": "Main Street Survival Act",
            "type": "HR",
            "url": "https://api.congress.gov/v3/bill/111/hr/4340?format=json"
        },
        {
            "congress": 111,
            "introducedDate": "2009-09-30",
            "latestAction": {
                "actionDate": "2009-10-01",
                "text": "Referred to the Subcommittee on Health."
            },
            "number": "3675",
            "policyArea": {
                "name": "Health"
            },
            "title": "National Quality Cancer Care Demonstration Project Act of 2009",
            "type": "HR",
            "url": "https://api.congress.gov/v3/bill/111/hr/3675?format=json"
        },
        {
            "congress": 111,
            "introducedDate": "2009-09-22",
            "latestAction": {
                "actionDate": "2009-10-19",
                "text": "Referred to the Subcommittee on the Constitution, Civil Rights, and Civil Liberties."
            },
            "number": "3623",
            "policyArea": {
                "name": "Agriculture and Food"
            },
            "title": "To amend the Food, Conservation, and Energy Act of 2008 to provide funding for successful claimants following a determination on the merits of Pigford claims related to racial discrimination by the Department of Agriculture.",
            "type": "HR",
            "url": "https://api.congress.gov/v3/bill/111/hr/3623?format=json"
        },
        {
            "congress": 111,
            "introducedDate": "2009-07-31",
            "latestAction": {
                "actionDate": "2009-07-31",
                "text": "Referred to the House Committee on House Administration."
            },
            "number": "3473",
            "policyArea": {
                "name": "Government Operations and Politics"
            },
            "title": "To direct the Presidential designee under the Uniformed and Overseas Citizens Absentee Voting Act to carry out pilot programs to permit States to test the feasibility of using alternative methods, including the use of advanced electronic technologies and the Internet, to enable absent uniformed services voters to register to vote and vote in elections for Federal office, and for other purposes.",
            "type": "HR",
            "url": "https://api.congress.gov/v3/bill/111/hr/3473?format=json"
        },
        {
            "congress": 111,
            "introducedDate": "2009-07-30",
            "latestAction": {
                "actionDate": "2009-07-31",
                "text": "Referred to the Subcommittee on Economic Development, Public Buildings and Emergency Management."
            },
            "number": "3416",
            "policyArea": {
                "name": "Government Operations and Politics"
            },
            "title": "Disaster Assistance Voting Act of 2009",
            "type": "HR",
            "url": "https://api.congress.gov/v3/bill/111/hr/3416?format=json"
        },
        {
            "congress": 111,
            "introducedDate": "2009-07-29",
            "latestAction": {
                "actionDate": "2009-07-30",
                "text": "Referred to the Subcommittee on Coast Guard and Maritime Transportation."
            },
            "number": "3370",
            "policyArea": {
                "name": "Transportation and Public Works"
            },
            "title": "Vessel Repair Enhancement Act of 2009",
            "type": "HR",
            "url": "https://api.congress.gov/v3/bill/111/hr/3370?format=json"
        },
        {
            "congress": 111,
            "introducedDate": "2009-06-23",
            "latestAction": {
                "actionDate": "2009-06-23",
                "text": "Referred to the House Committee on Financial Services."
            },
            "number": "2995",
            "policyArea": {
                "name": "Taxation"
            },
            "title": "Disaster State Housing Recovery Act of 2009",
            "type": "HR",
            "url": "https://api.congress.gov/v3/bill/111/hr/2995?format=json"
        },
        {
            "congress": 111,
            "introducedDate": "2009-06-16",
            "latestAction": {
                "actionDate": "2009-06-16",
                "text": "Referred to the House Committee on Ways and Means."
            },
            "number": "2887",
            "policyArea": {
                "name": "Taxation"
            },
            "title": "Affordable Housing Preservation Tax Relief Act of 2009",
            "type": "HR",
            "url": "https://api.congress.gov/v3/bill/111/hr/2887?format=json"
        },
        {
            "congress": 111,
            "introducedDate": "2009-06-15",
            "latestAction": {
                "actionDate": "2009-06-16",
                "text": "Referred to the Subcommittee on Health."
            },
            "number": "2872",
            "policyArea": {
                "name": "Health"
            },
            "title": "Medicare Quality Cancer Care Demonstration Project Act of 2009",
            "type": "HR",
            "url": "https://api.congress.gov/v3/bill/111/hr/2872?format=json"
        },
        {
            "congress": 111,
            "introducedDate": "2009-05-20",
            "latestAction": {
                "actionDate": "2009-05-20",
                "text": "Referred to the House Committee on Ways and Means."
            },
            "number": "2519",
            "policyArea": {
                "name": "Taxation"
            },
            "title": "To amend the Internal Revenue Code of 1986 to allow the deduction of attorney-advanced expenses and court costs in contingency fee cases.",
            "type": "HR",
            "url": "https://api.congress.gov/v3/bill/111/hr/2519?format=json"
        },
        {
            "congress": 111,
            "introducedDate": "2009-03-24",
            "latestAction": {
                "actionDate": "2009-03-24",
                "text": "Referred to the House Committee on Ways and Means."
            },
            "number": "1677",
            "policyArea": {
                "name": "Taxation"
            },
            "title": "Empowerment Zone, Renewal Community and Enterprise Community Enhancement Act of 2009",
            "type": "HR",
            "url": "https://api.congress.gov/v3/bill/111/hr/1677?format=json"
        },
        {
            "congress": 111,
            "introducedDate": "2009-03-12",
            "latestAction": {
                "actionDate": "2009-04-27",
                "text": "Referred to the Subcommittee on Military Personnel."
            },
            "number": "1474",
            "policyArea": {
                "name": "Armed Forces and National Security"
            },
            "title": "Servicemembers Access to Justice Act of 2009",
            "type": "HR",
            "url": "https://api.congress.gov/v3/bill/111/hr/1474?format=json"
        },
        {
            "congress": 111,
            "introducedDate": "2009-01-14",
            "latestAction": {
                "actionDate": "2009-01-14",
                "text": "Referred to House Rules"
            },
            "number": "499",
            "policyArea": {
                "name": "Foreign Trade and International Finance"
            },
            "title": "Nonmarket Economy Trade Remedy Act of 2009",
            "type": "HR",
            "url": "https://api.congress.gov/v3/bill/111/hr/499?format=json"
        },
        {
            "congress": 111,
            "introducedDate": "2010-02-02",
            "latestAction": {
                "actionDate": "2010-02-23",
                "text": "Referred to the Subcommittee on Higher Education, Lifelong Learning, and Competitiveness."
            },
            "number": "1054",
            "policyArea": {
                "name": "Education"
            },
            "title": "Commending and congratulating the University of West Alabama on the occasion of its 175th anniversary.",
            "type": "HRES",
            "url": "https://api.congress.gov/v3/bill/111/hres/1054?format=json"
        },
        {
            "congress": 111,
            "introducedDate": "2009-12-15",
            "latestAction": {
                "actionDate": "2010-02-23",
                "text": "Referred to the Subcommittee on Higher Education, Lifelong Learning, and Competitiveness."
            },
            "number": "972",
            "policyArea": {
                "name": "Education"
            },
            "title": "Commending University of Alabama Running Back Mark Ingram on winning the 2009 Heisman Trophy.",
            "type": "HRES",
            "url": "https://api.congress.gov/v3/bill/111/hres/972?format=json"
        },
        {
            "congress": 111,
            "introducedDate": "2009-07-17",
            "latestAction": {
                "actionDate": "2009-07-17",
                "text": "Referred to House Ways and Means"
            },
            "number": "657",
            "policyArea": {
                "name": "Health"
            },
            "title": "Expressing the sense of the House of Representatives that Members of Congress who participate in the Federal Employees Health Benefits Program (FEHBP) should be automatically enrolled in the public option and be subject to any personal income tax increases levied as a result of healthcare legislation, regardless of their annual gross income.",
            "type": "HRES",
            "url": "https://api.congress.gov/v3/bill/111/hres/657?format=json"
        },
        {
            "congress": 111,
            "introducedDate": "2009-07-10",
            "latestAction": {
                "actionDate": "2009-07-10",
                "text": "Referred to House Ways and Means"
            },
            "number": "626",
            "policyArea": {
                "name": "Health"
            },
            "title": "Expressing the sense of the House of Representatives that Members of Congress who participate in the Federal Employees Health Benefits Program (FEHBP) should be automatically enrolled in the public plan.",
            "type": "HRES",
            "url": "https://api.congress.gov/v3/bill/111/hres/626?format=json"
        },
        {
            "congress": 110,
            "introducedDate": "2008-09-27",
            "latestAction": {
                "actionDate": "2008-09-27",
                "text": "Referred to the Committee on Veterans' Affairs, and in addition to the Committee on the Judiciary, for a period to be subsequently determined by the Speaker, in each case for consideration of such provisions as fall within the jurisdiction of the committee concerned."
            },
            "number": "7178",
            "policyArea": {
                "name": "Armed Forces and National Security"
            },
            "title": "Servicemembers Access to Justice Act of 2008",
            "type": "HR",
            "url": "https://api.congress.gov/v3/bill/110/hr/7178?format=json"
        },
        {
            "congress": 110,
            "introducedDate": "2008-09-15",
            "latestAction": {
                "actionDate": "2008-09-15",
                "text": "Referred to the House Committee on Ways and Means."
            },
            "number": "6896",
            "policyArea": {
                "name": "Taxation"
            },
            "title": "Timber Revitalization and Economic Enhancement Act II of 2008",
            "type": "HR",
            "url": "https://api.congress.gov/v3/bill/110/hr/6896?format=json"
        },
        {
            "congress": 110,
            "introducedDate": "2007-11-15",
            "latestAction": {
                "actionDate": "2007-11-15",
                "text": "Referred to the House Committee on Ways and Means."
            },
            "number": "4215",
            "policyArea": {
                "name": "Taxation"
            },
            "title": "To amend the Internal Revenue Code of 1986 to update the optional methods for computing net earnings from self-employment.",
            "type": "HR",
            "url": "https://api.congress.gov/v3/bill/110/hr/4215?format=json"
        },
        {
            "congress": 110,
            "introducedDate": "2007-08-03",
            "latestAction": {
                "actionDate": "2008-04-16",
                "text": "Subcommittee Hearings Held."
            },
            "number": "3393",
            "policyArea": {
                "name": "Armed Forces and National Security"
            },
            "title": "Reservist Access to Justice Act of 2007",
            "type": "HR",
            "url": "https://api.congress.gov/v3/bill/110/hr/3393?format=json"
        },
        {
            "congress": 110,
            "introducedDate": "2007-08-02",
            "latestAction": {
                "actionDate": "2007-08-02",
                "text": "Referred to the House Committee on Ways and Means."
            },
            "number": "3312",
            "policyArea": {
                "name": "Taxation"
            },
            "title": "To amend the Internal Revenue Code of 1986 to extend the work opportunity tax credit for Hurricane Katrina employees.",
            "type": "HR",
            "url": "https://api.congress.gov/v3/bill/110/hr/3312?format=json"
        },
        {
            "congress": 110,
            "introducedDate": "2007-08-02",
            "latestAction": {
                "actionDate": "2007-08-02",
                "text": "Referred to the House Committee on Ways and Means."
            },
            "number": "3314",
            "policyArea": {
                "name": "Taxation"
            },
            "title": "To amend the Internal Revenue Code of 1986 to allow the deduction of attorney-advanced expenses and court costs in contingency fee cases.",
            "type": "HR",
            "url": "https://api.congress.gov/v3/bill/110/hr/3314?format=json"
        },
        {
            "congress": 110,
            "introducedDate": "2007-06-27",
            "latestAction": {
                "actionDate": "2007-11-01",
                "text": "Subcommittee Hearings Held."
            },
            "number": "2878",
            "policyArea": {
                "name": "Crime and Law Enforcement"
            },
            "title": "Enhanced Financial Recovery and Equitable Retirement Treatment Act of 2007",
            "type": "HR",
            "url": "https://api.congress.gov/v3/bill/110/hr/2878?format=json"
        },
        {
            "congress": 110,
            "introducedDate": "2007-06-06",
            "latestAction": {
                "actionDate": "2007-06-06",
                "text": "Referred to the House Committee on Ways and Means."
            },
            "number": "2578",
            "policyArea": {
                "name": "Taxation"
            },
            "title": "Empowerment Zone and Renewal Community Enhancement Act of 2007",
            "type": "HR",
            "url": "https://api.congress.gov/v3/bill/110/hr/2578?format=json"
        },
        {
            "congress": 110,
            "introducedDate": "2007-05-21",
            "latestAction": {
                "actionDate": "2007-06-26",
                "text": "Referred to the Subcommittee on Specialty Crops, Rural Development, and Foreign Agriculture."
            },
            "number": "2403",
            "policyArea": {
                "name": "Housing and Community Development"
            },
            "title": "Southern Empowerment and Economic Development Act to authorize the Delta Black Belt Regional Authority",
            "type": "HR",
            "url": "https://api.congress.gov/v3/bill/110/hr/2403?format=json"
        },
        {
            "congress": 110,
            "introducedDate": "2007-05-15",
            "latestAction": {
                "actionDate": "2007-05-18",
                "text": "Referred to the Subcommittee on Health."
            },
            "number": "2322",
            "policyArea": {
                "name": "Health"
            },
            "title": "To amend title XVIII of the Social Security Act to reduce the 35-mile drive requirement for designations of critical access hospitals to 30 miles.",
            "type": "HR",
            "url": "https://api.congress.gov/v3/bill/110/hr/2322?format=json"
        },
        {
            "congress": 110,
            "introducedDate": "2007-04-19",
            "latestAction": {
                "actionDate": "2007-04-19",
                "text": "Referred to the House Committee on Ways and Means."
            },
            "number": "1937",
            "policyArea": {
                "name": "Taxation"
            },
            "title": "Timber Revitalization and Economic Enhancement (TREE) Act of 2007",
            "type": "HR",
            "url": "https://api.congress.gov/v3/bill/110/hr/1937?format=json"
        },
        {
            "congress": 110,
            "introducedDate": "2007-03-29",
            "latestAction": {
                "actionDate": "2007-03-29",
                "text": "Referred to the House Committee on Ways and Means."
            },
            "number": "1762",
            "policyArea": {
                "name": "Taxation"
            },
            "title": "To facilitate and expedite direct refunds to coal producers and exporters of the excise tax unconstitutionally imposed on coal exported from the United States.",
            "type": "HR",
            "url": "https://api.congress.gov/v3/bill/110/hr/1762?format=json"
        },
        {
            "congress": 110,
            "introducedDate": "2007-03-13",
            "latestAction": {
                "actionDate": "2007-03-13",
                "text": "Referred to the House Committee on Ways and Means."
            },
            "number": "1491",
            "policyArea": {
                "name": "Taxation"
            },
            "title": "Affordable Housing Preservation Tax Relief Act of 2007",
            "type": "HR",
            "url": "https://api.congress.gov/v3/bill/110/hr/1491?format=json"
        },
        {
            "congress": 110,
            "introducedDate": "2007-02-28",
            "latestAction": {
                "actionDate": "2007-03-15",
                "text": "Committee Hearings Held."
            },
            "number": "1229",
            "policyArea": {
                "name": "Foreign Trade and International Finance"
            },
            "title": "Nonmarket Economy Trade Remedy Act of 2007",
            "type": "HR",
            "url": "https://api.congress.gov/v3/bill/110/hr/1229?format=json"
        },
        {
            "congress": 110,
            "introducedDate": "2007-02-27",
            "latestAction": {
                "actionDate": "2007-03-07",
                "text": "Referred to the Subcommittee on Health."
            },
            "number": "1190",
            "policyArea": {
                "name": "Health"
            },
            "title": "Community Cancer Care Preservation Act of 2007",
            "type": "HR",
            "url": "https://api.congress.gov/v3/bill/110/hr/1190?format=json"
        },
        {
            "congress": 110,
            "introducedDate": "2007-01-30",
            "latestAction": {
                "actionDate": "2007-01-30",
                "text": "Referred to the House Committee on Ways and Means."
            },
            "number": "721",
            "policyArea": {
                "name": "Taxation"
            },
            "title": "Timber Tax Act of 2007",
            "type": "HR",
            "url": "https://api.congress.gov/v3/bill/110/hr/721?format=json"
        },
        {
            "congress": 110,
            "introducedDate": "2007-01-18",
            "latestAction": {
                "actionDate": "2007-06-21",
                "text": "Subcommittee Hearings Held."
            },
            "number": "558",
            "policyArea": {
                "name": "Agriculture and Food"
            },
            "title": "African-American Farmers Benefits Relief Act of 2007",
            "type": "HR",
            "url": "https://api.congress.gov/v3/bill/110/hr/558?format=json"
        },
        {
            "congress": 110,
            "introducedDate": "2008-10-03",
            "latestAction": {
                "actionDate": "2008-10-03",
                "text": "Referred to the House Committee on the Judiciary."
            },
            "number": "1528",
            "policyArea": {
                "name": "Civil Rights and Liberties, Minority Issues"
            },
            "title": "Honoring the life and recognizing the accomplishments of civil rights leader J.L. Chestnut, Jr.",
            "type": "HRES",
            "url": "https://api.congress.gov/v3/bill/110/hres/1528?format=json"
        },
        {
            "congress": 110,
            "introducedDate": "2008-04-24",
            "latestAction": {
                "actionDate": "2008-04-24",
                "actionTime": "15:27:26",
                "text": "Motion to reconsider laid on the table Agreed to without objection."
            },
            "number": "1148",
            "policyArea": {
                "name": "Congress"
            },
            "title": "Providing additional amounts for the expenses of the select committee established under House Resolution 611.",
            "type": "HRES",
            "url": "https://api.congress.gov/v3/bill/110/hres/1148?format=json"
        },
        {
            "amendmentNumber": "225",
            "congress": 108,
            "introducedDate": "2003-07-14",
            "latestAction": {
                "actionDate": "2003-07-14",
                "actionTime": "13:19:13",
                "text": "On agreeing to the Davis (AL) amendment (A003) Agreed to by voice vote. "
            },
            "type": null,
            "url": "https://api.congress.gov/v3/amendment/108/hamdt/225?format=json"
        },
        {
            "congress": 108,
            "introducedDate": "2003-12-08",
            "latestAction": {
                "actionDate": "2003-12-08",
                "text": "Referred to the House Committee on Ways and Means."
            },
            "number": "3669",
            "policyArea": {
                "name": "Taxation"
            },
            "title": "To amend the Internal Revenue Code of 1986 to allow employers in renewal communities to qualify for the renewal community employment credit by employing residents of certain nearby areas.",
            "type": "HR",
            "url": "https://api.congress.gov/v3/bill/108/hr/3669?format=json"
        },
        {
            "congress": 108,
            "introducedDate": "2003-05-07",
            "latestAction": {
                "actionDate": "2003-05-07",
                "text": "Referred to the House Committee on Ways and Means."
            },
            "number": "2007",
            "policyArea": {
                "name": "Taxation"
            },
            "title": "To increase the amount allowed as a child tax credit and to repeal the sunset imposed on the modifications to the child tax credit made by the Economic Growth and Tax Relief Reconciliation Act of 2001, and for other purposes.",
            "type": "HR",
            "url": "https://api.congress.gov/v3/bill/108/hr/2007?format=json"
        },
        {
            "congress": 108,
            "introducedDate": "2003-05-01",
            "latestAction": {
                "actionDate": "2003-05-01",
                "text": "Referred to the House Committee on Ways and Means."
            },
            "number": "1913",
            "policyArea": {
                "name": "Taxation"
            },
            "title": "Rural Housing Tax Credit Act of 2003  ",
            "type": "HR",
            "url": "https://api.congress.gov/v3/bill/108/hr/1913?format=json"
        },
        {
            "congress": 108,
            "introducedDate": "2003-02-11",
            "latestAction": {
                "actionDate": "2003-03-10",
                "text": "Referred to the Subcommittee on Domestic and International Monetary Policy, Trade, and Technology, for a period to be subsequently determined by the Chairman."
            },
            "number": "678",
            "policyArea": {
                "name": "Housing and Community Development"
            },
            "title": "Southern Empowerment and Economic Development Act to authorize the Delta Black Belt Regional Authority ",
            "type": "HR",
            "url": "https://api.congress.gov/v3/bill/108/hr/678?format=json"
        },
        {
            "congress": 108,
            "introducedDate": "2003-10-02",
            "latestAction": {
                "actionDate": "2004-10-06",
                "actionTime": "15:46:33",
                "text": "Motion to reconsider laid on the table Agreed to without objection."
            },
            "number": "389",
            "policyArea": {
                "name": "Commemorations"
            },
            "title": "Honoring the young victims of the Sixteenth Street Baptist Church bombing, recognizing the historical significance of the tragic event, and commending the efforts of law enforcement personnel to bring the perpetrators of this crime to justice on the occasion of its 40th anniversary.",
            "type": "HRES",
            "url": "https://api.congress.gov/v3/bill/108/hres/389?format=json"
        }
    ]
}