{
    "pagination": {
        "count": 104
    },
    "request": {
        "bioguideId": "s001168",
        "contentType": "application/json",
        "format": "json"
    },
    "sponsoredLegislation": [
        {
            "congress": 118,
            "introducedDate": "2024-05-24",
            "latestAction": {
                "actionDate": "2024-05-24",
                "text": "Referred to the Committee on House Administration, and in addition to the Committees on the Judiciary, and Ways and Means, for a period to be subsequently determined by the Speaker, in each case for consideration of such provisions as fall within the jurisdiction of the committee concerned."
            },
            "number": "8572",
            "policyArea": {
                "name": null
            },
            "title": "Government by the People Act",
            "type": "HR",
            "url": "https://api.congress.gov/v3/bill/118/hr/8572?format=json"
        },
        {
            "congress": 118,
            "introducedDate": "2024-04-23",
            "latestAction": {
                "actionDate": "2024-04-26",
                "text": "Referred to the Subcommittee on Health."
            },
            "number": "8115",
            "policyArea": {
                "name": "Health"
            },
            "title": "To amend title XIX of the Social Security Act to allow for the deferral or disallowance of portions of payments for certain managed care violations under Medicaid.",
            "type": "HR",
            "url": "https://api.congress.gov/v3/bill/118/hr/8115?format=json"
        },
        {
            "congress": 118,
            "introducedDate": "2024-03-05",
            "latestAction": {
                "actionDate": "2024-03-05",
                "text": "Referred to the House Committee on Natural Resources."
            },
            "number": "7529",
            "policyArea": {
                "name": "Public Lands and Natural Resources"
            },
            "title": "Chesapeake Bay Gateways and Watertrails Network Reauthorization Act of 2024",
            "type": "HR",
            "url": "https://api.congress.gov/v3/bill/118/hr/7529?format=json"
        },
        {
            "congress": 118,
            "introducedDate": "2023-09-28",
            "latestAction": {
                "actionDate": "2023-09-28",
                "text": "Referred to the Committee on Education and the Workforce, and in addition to the Committee on the Judiciary, for a period to be subsequently determined by the Speaker, in each case for consideration of such provisions as fall within the jurisdiction of the committee concerned."
            },
            "number": "5813",
            "policyArea": {
                "name": "Civil Rights and Liberties, Minority Issues"
            },
            "title": "Websites and Software Applications Accessibility Act of 2023",
            "type": "HR",
            "url": "https://api.congress.gov/v3/bill/118/hr/5813?format=json"
        },
        {
            "congress": 118,
            "introducedDate": "2023-09-08",
            "latestAction": {
                "actionDate": "2023-12-06",
                "text": "Ordered to be Reported (Amended) by the Yeas and Nays: 43 - 0."
            },
            "number": "5380",
            "policyArea": {
                "name": "Health"
            },
            "title": "To amend title XVIII of the Social Security Act to increase data transparency for supplemental benefits under Medicare Advantage.",
            "type": "HR",
            "url": "https://api.congress.gov/v3/bill/118/hr/5380?format=json"
        },
        {
            "congress": 118,
            "introducedDate": "2023-07-27",
            "latestAction": {
                "actionDate": "2023-07-27",
                "text": "Referred to the Committee on House Administration, and in addition to the Committee on the Judiciary, for a period to be subsequently determined by the Speaker, in each case for consideration of such provisions as fall within the jurisdiction of the committee concerned."
            },
            "number": "5046",
            "policyArea": {
                "name": "Government Operations and Politics"
            },
            "title": "Preventing Election Subversion Act of 2023",
            "type": "HR",
            "url": "https://api.congress.gov/v3/bill/118/hr/5046?format=json"
        },
        {
            "congress": 118,
            "introducedDate": "2023-07-27",
            "latestAction": {
                "actionDate": "2023-07-27",
                "text": "Referred to the House Committee on Natural Resources."
            },
            "number": "5045",
            "policyArea": {
                "name": "Public Lands and Natural Resources"
            },
            "title": "Chesapeake National Recreation Area Act",
            "type": "HR",
            "url": "https://api.congress.gov/v3/bill/118/hr/5045?format=json"
        },
        {
            "congress": 118,
            "introducedDate": "2023-07-20",
            "latestAction": {
                "actionDate": "2024-04-02",
                "text": "Placed on the Union Calendar, Calendar No. 359."
            },
            "number": "4770",
            "policyArea": {
                "name": "Environmental Protection"
            },
            "title": "Chesapeake Bay Science, Education, and Ecosystem Enhancement Act of 2023",
            "type": "HR",
            "url": "https://api.congress.gov/v3/bill/118/hr/4770?format=json"
        },
        {
            "congress": 118,
            "introducedDate": "2023-07-18",
            "latestAction": {
                "actionDate": "2023-07-18",
                "text": "Referred to the Subcommittee on Cybersecurity and Infrastructure Protection."
            },
            "number": "11",
            "policyArea": {
                "name": "Government Operations and Politics"
            },
            "title": "Freedom to Vote Act",
            "type": "HR",
            "url": "https://api.congress.gov/v3/bill/118/hr/11?format=json"
        },
        {
            "congress": 118,
            "introducedDate": "2023-04-20",
            "latestAction": {
                "actionDate": "2023-04-20",
                "text": "Referred to the House Committee on Education and the Workforce."
            },
            "number": "2784",
            "policyArea": {
                "name": "Environmental Protection"
            },
            "title": "No Child Left Inside Act of 2023",
            "type": "HR",
            "url": "https://api.congress.gov/v3/bill/118/hr/2784?format=json"
        },
        {
            "congress": 117,
            "introducedDate": "2022-09-28",
            "latestAction": {
                "actionDate": "2022-11-01",
                "text": "Referred to the Subcommittee on the Constitution, Civil Rights, and Civil Liberties."
            },
            "number": "9021",
            "policyArea": {
                "name": "Labor and Employment"
            },
            "title": "Websites and Software Applications Accessibility Act",
            "type": "HR",
            "url": "https://api.congress.gov/v3/bill/117/hr/9021?format=json"
        },
        {
            "congress": 117,
            "introducedDate": "2022-05-27",
            "latestAction": {
                "actionDate": "2022-05-27",
                "text": "Referred to the House Committee on Energy and Commerce."
            },
            "number": "7897",
            "policyArea": {
                "name": "Environmental Protection"
            },
            "title": "PFAS Reference Standards Act",
            "type": "HR",
            "url": "https://api.congress.gov/v3/bill/117/hr/7897?format=json"
        },
        {
            "congress": 117,
            "introducedDate": "2022-04-07",
            "latestAction": {
                "actionDate": "2022-04-07",
                "text": "Referred to the House Committee on Education and Labor."
            },
            "number": "7486",
            "policyArea": {
                "name": "Environmental Protection"
            },
            "title": "No Child Left Inside Act of 2022",
            "type": "HR",
            "url": "https://api.congress.gov/v3/bill/117/hr/7486?format=json"
        },
        {
            "congress": 117,
            "introducedDate": "2021-06-22",
            "latestAction": {
                "actionDate": "2022-11-01",
                "text": "Referred to the Subcommittee on Crime, Terrorism, and Homeland Security."
            },
            "number": "4064",
            "policyArea": {
                "name": "Government Operations and Politics"
            },
            "title": "Preventing Election Subversion Act of 2021",
            "type": "HR",
            "url": "https://api.congress.gov/v3/bill/117/hr/4064?format=json"
        },
        {
            "congress": 117,
            "introducedDate": "2021-05-25",
            "latestAction": {
                "actionDate": "2022-11-16",
                "text": "Placed on the Union Calendar, Calendar No. 414."
            },
            "number": "3540",
            "policyArea": {
                "name": "Environmental Protection"
            },
            "title": "Chesapeake Bay Science, Education, and Ecosystem Enhancement Act of 2021",
            "type": "HR",
            "url": "https://api.congress.gov/v3/bill/117/hr/3540?format=json"
        },
        {
            "congress": 117,
            "introducedDate": "2021-03-18",
            "latestAction": {
                "actionDate": "2021-06-16",
                "text": "Referred to the Subcommittee on Oversight and Investigations."
            },
            "number": "2060",
            "policyArea": {
                "name": "Government Operations and Politics"
            },
            "title": "Federal Building Clean Jobs Act of 2021",
            "type": "HR",
            "url": "https://api.congress.gov/v3/bill/117/hr/2060?format=json"
        },
        {
            "congress": 117,
            "introducedDate": "2021-03-18",
            "latestAction": {
                "actionDate": "2021-03-18",
                "text": "Referred to the House Committee on Oversight and Reform."
            },
            "number": "2059",
            "policyArea": {
                "name": "Government Operations and Politics"
            },
            "title": "Federal Firefighter Flexibility and Fairness Act",
            "type": "HR",
            "url": "https://api.congress.gov/v3/bill/117/hr/2059?format=json"
        },
        {
            "congress": 117,
            "introducedDate": "2021-01-04",
            "latestAction": {
                "actionDate": "2021-03-11",
                "text": "Received in the Senate."
            },
            "number": "1",
            "policyArea": {
                "name": "Government Operations and Politics"
            },
            "title": "For the People Act of 2021",
            "type": "HR",
            "url": "https://api.congress.gov/v3/bill/117/hr/1?format=json"
        },
        {
            "congress": 116,
            "introducedDate": "2020-03-12",
            "latestAction": {
                "actionDate": "2020-03-19",
                "text": "Referred to the Subcommittee on Health."
            },
            "number": "6263",
            "policyArea": {
                "name": "Health"
            },
            "title": "To amend title XVIII of the Social Security Act to waive cost sharing under the Medicare program for certain visits relating to testing for COVID-19.",
            "type": "HR",
            "url": "https://api.congress.gov/v3/bill/116/hr/6263?format=json"
        },
        {
            "congress": 116,
            "introducedDate": "2020-02-28",
            "latestAction": {
                "actionDate": "2020-02-28",
                "text": "Referred to the House Committee on the Judiciary."
            },
            "number": "6037",
            "policyArea": {
                "name": "Law"
            },
            "title": "Fair Access to Legal Counsel Act of 2020",
            "type": "HR",
            "url": "https://api.congress.gov/v3/bill/116/hr/6037?format=json"
        },
        {
            "congress": 116,
            "introducedDate": "2020-01-27",
            "latestAction": {
                "actionDate": "2020-01-28",
                "text": "Referred to the Subcommittee on Water, Oceans, and Wildlife."
            },
            "number": "5684",
            "policyArea": {
                "name": "Environmental Protection"
            },
            "title": "Chesapeake Bay Science, Education, and Ecosystem Enhancement Act of 2019",
            "type": "HR",
            "url": "https://api.congress.gov/v3/bill/116/hr/5684?format=json"
        },
        {
            "congress": 116,
            "introducedDate": "2019-12-19",
            "latestAction": {
                "actionDate": "2020-01-09",
                "text": "Forwarded by Subcommittee to Full Committee by Voice Vote ."
            },
            "number": "5527",
            "policyArea": {
                "name": "Energy"
            },
            "title": "21st Century Power Grid Act",
            "type": "HR",
            "url": "https://api.congress.gov/v3/bill/116/hr/5527?format=json"
        },
        {
            "congress": 116,
            "introducedDate": "2019-10-16",
            "latestAction": {
                "actionDate": "2019-10-16",
                "text": "Referred to the House Committee on Oversight and Reform."
            },
            "number": "4707",
            "policyArea": {
                "name": "Government Operations and Politics"
            },
            "title": "Federal Firefighter Flexibility and Fairness Act",
            "type": "HR",
            "url": "https://api.congress.gov/v3/bill/116/hr/4707?format=json"
        },
        {
            "congress": 116,
            "introducedDate": "2019-07-18",
            "latestAction": {
                "actionDate": "2019-07-18",
                "text": "Referred to the House Committee on House Administration."
            },
            "number": "3850",
            "policyArea": {
                "name": "Government Operations and Politics"
            },
            "title": "Creating Candidate Capacity to Protect Act",
            "type": "HR",
            "url": "https://api.congress.gov/v3/bill/116/hr/3850?format=json"
        },
        {
            "congress": 116,
            "introducedDate": "2019-05-01",
            "latestAction": {
                "actionDate": "2019-05-01",
                "text": "Referred to the House Committee on Education and Labor."
            },
            "number": "2441",
            "policyArea": {
                "name": "Education"
            },
            "title": "What You Can Do For Your Country Act",
            "type": "HR",
            "url": "https://api.congress.gov/v3/bill/116/hr/2441?format=json"
        },
        {
            "congress": 116,
            "introducedDate": "2019-05-01",
            "latestAction": {
                "actionDate": "2020-02-27",
                "text": "Received in the Senate and Read twice and referred to the Committee on Environment and Public Works."
            },
            "number": "2427",
            "policyArea": {
                "name": "Public Lands and Natural Resources"
            },
            "title": "Chesapeake Bay Gateways and Watertrails Network Reauthorization Act of 2019",
            "type": "HR",
            "url": "https://api.congress.gov/v3/bill/116/hr/2427?format=json"
        },
        {
            "congress": 116,
            "introducedDate": "2019-04-03",
            "latestAction": {
                "actionDate": "2020-09-30",
                "text": "Received in the Senate and Read twice and referred to the Committee on Health, Education, Labor, and Pensions."
            },
            "number": "2075",
            "policyArea": {
                "name": "Health"
            },
            "title": "School-Based Health Centers Reauthorization Act of 2020",
            "type": "HR",
            "url": "https://api.congress.gov/v3/bill/116/hr/2075?format=json"
        },
        {
            "congress": 113,
            "introducedDate": "2014-09-16",
            "latestAction": {
                "actionDate": "2014-09-19",
                "text": "Referred to the Subcommittee on Health."
            },
            "number": "5498",
            "policyArea": {
                "name": "Health"
            },
            "title": "Primary Care Physician Reentry Act",
            "type": "HR",
            "url": "https://api.congress.gov/v3/bill/113/hr/5498?format=json"
        },
        {
            "congress": 113,
            "introducedDate": "2013-09-19",
            "latestAction": {
                "actionDate": "2013-09-27",
                "text": "Referred to the Subcommittee on Public Lands and Environmental Regulation."
            },
            "number": "3139",
            "policyArea": {
                "name": "Public Lands and Natural Resources"
            },
            "title": "Chesapeake Bay Gateways and Watertrails Network Reauthorization Act",
            "type": "HR",
            "url": "https://api.congress.gov/v3/bill/113/hr/3139?format=json"
        },
        {
            "congress": 113,
            "introducedDate": "2013-07-16",
            "latestAction": {
                "actionDate": "2013-07-16",
                "text": "Referred to the House Committee on Education and the Workforce."
            },
            "number": "2702",
            "policyArea": {
                "name": "Education"
            },
            "title": "No Child Left Inside Act of 2013",
            "type": "HR",
            "url": "https://api.congress.gov/v3/bill/113/hr/2702?format=json"
        },
        {
            "congress": 113,
            "introducedDate": "2013-04-11",
            "latestAction": {
                "actionDate": "2013-07-08",
                "text": "Referred to the Subcommittee on Early Childhood, Elementary, and Secondary Education."
            },
            "number": "1514",
            "policyArea": {
                "name": "Education"
            },
            "title": "Instructional Leadership Act of 2013",
            "type": "HR",
            "url": "https://api.congress.gov/v3/bill/113/hr/1514?format=json"
        },
        {
            "congress": 113,
            "introducedDate": "2013-03-13",
            "latestAction": {
                "actionDate": "2013-03-13",
                "text": "Referred to the House Committee on Oversight and Government Reform."
            },
            "number": "1141",
            "policyArea": {
                "name": "Government Operations and Politics"
            },
            "title": "Federal Firefighter Flexibility and Fairness Act",
            "type": "HR",
            "url": "https://api.congress.gov/v3/bill/113/hr/1141?format=json"
        },
        {
            "congress": 113,
            "introducedDate": "2013-01-15",
            "latestAction": {
                "actionDate": "2013-01-18",
                "text": "Referred to the Subcommittee on Communications and Technology."
            },
            "number": "268",
            "policyArea": {
                "name": "Government Operations and Politics"
            },
            "title": "Grassroots Democracy Act of 2013",
            "type": "HR",
            "url": "https://api.congress.gov/v3/bill/113/hr/268?format=json"
        },
        {
            "congress": 113,
            "introducedDate": "2014-02-05",
            "latestAction": {
                "actionDate": "2014-03-06",
                "text": "Sponsor introductory remarks on measure. (CR H2246-2250)"
            },
            "number": "20",
            "policyArea": {
                "name": "Government Operations and Politics"
            },
            "title": "Government By the People Act of 2014",
            "type": "HR",
            "url": "https://api.congress.gov/v3/bill/113/hr/20?format=json"
        },
        {
            "congress": 113,
            "introducedDate": "2013-12-05",
            "latestAction": {
                "actionDate": "2014-01-10",
                "text": "Referred to the Subcommittee on Europe, Eurasia, and Emerging Threats."
            },
            "number": "432",
            "policyArea": {
                "name": "International Affairs"
            },
            "title": "Recognizing the 100th anniversary of the unification of the Island of Crete with the Hellenic Republic and expressing support for designation of December 1, 2013, as \"Cretan Enosis Day\".",
            "type": "HRES",
            "url": "https://api.congress.gov/v3/bill/113/hres/432?format=json"
        },
        {
            "amendmentNumber": "308",
            "congress": 112,
            "introducedDate": "2011-05-25",
            "latestAction": {
                "actionDate": "2011-05-25",
                "actionTime": "18:37:47",
                "text": "On agreeing to the Sarbanes amendment (A008) Failed by recorded vote: 198 - 225 (Roll no. 345). "
            },
            "type": null,
            "url": "https://api.congress.gov/v3/amendment/112/hamdt/308?format=json"
        },
        {
            "congress": 112,
            "introducedDate": "2012-09-14",
            "latestAction": {
                "actionDate": "2012-09-14",
                "text": "Referred to the Subcommittee on Communications and Technology."
            },
            "number": "6426",
            "policyArea": {
                "name": "Government Operations and Politics"
            },
            "title": "Grassroots Democracy Act of 2012",
            "type": "HR",
            "url": "https://api.congress.gov/v3/bill/112/hr/6426?format=json"
        },
        {
            "congress": 112,
            "introducedDate": "2012-09-11",
            "latestAction": {
                "actionDate": "2012-09-11",
                "text": "Referred to the House Committee on Education and the Workforce."
            },
            "number": "6376",
            "policyArea": {
                "name": "Education"
            },
            "title": "Instructional Leadership Act of 2012",
            "type": "HR",
            "url": "https://api.congress.gov/v3/bill/112/hr/6376?format=json"
        },
        {
            "congress": 112,
            "introducedDate": "2012-06-01",
            "latestAction": {
                "actionDate": "2012-06-01",
                "text": "Referred to the Subcommittee on Health."
            },
            "number": "5888",
            "policyArea": {
                "name": "Health"
            },
            "title": "Physician Reentry Demonstration Program Act",
            "type": "HR",
            "url": "https://api.congress.gov/v3/bill/112/hr/5888?format=json"
        },
        {
            "congress": 112,
            "introducedDate": "2011-09-23",
            "latestAction": {
                "actionDate": "2011-10-03",
                "text": "Referred to the Subcommittee on Federal Workforce, U.S. Postal Service, and Labor Policy     ."
            },
            "number": "3064",
            "policyArea": {
                "name": "Government Operations and Politics"
            },
            "title": "Federal Hiring Process Improvement Act of 2011",
            "type": "HR",
            "url": "https://api.congress.gov/v3/bill/112/hr/3064?format=json"
        },
        {
            "congress": 112,
            "introducedDate": "2011-07-14",
            "latestAction": {
                "actionDate": "2011-09-08",
                "text": "Referred to the Subcommittee on Early Childhood, Elementary, and Secondary Education."
            },
            "number": "2547",
            "policyArea": {
                "name": "Education"
            },
            "title": "No Child Left Inside Act of 2011",
            "type": "HR",
            "url": "https://api.congress.gov/v3/bill/112/hr/2547?format=json"
        },
        {
            "congress": 112,
            "introducedDate": "2011-06-24",
            "latestAction": {
                "actionDate": "2011-06-29",
                "text": "Referred to the Subcommittee on Energy and Environment."
            },
            "number": "2396",
            "policyArea": {
                "name": "Environmental Protection"
            },
            "title": "Electronic Device Recycling Research and Development Act",
            "type": "HR",
            "url": "https://api.congress.gov/v3/bill/112/hr/2396?format=json"
        },
        {
            "congress": 112,
            "introducedDate": "2011-05-23",
            "latestAction": {
                "actionDate": "2011-06-20",
                "text": "Referred to the Subcommittee on Technology, Information Policy, Intergovernmental Relations and Procurement Reform     ."
            },
            "number": "1949",
            "policyArea": {
                "name": "Government Operations and Politics"
            },
            "title": "Correction of Long-Standing Errors in Agencies' Unsustainable Procurements Act of 2011",
            "type": "HR",
            "url": "https://api.congress.gov/v3/bill/112/hr/1949?format=json"
        },
        {
            "congress": 112,
            "introducedDate": "2011-04-15",
            "latestAction": {
                "actionDate": "2011-04-27",
                "text": "Referred to the Subcommittee on Fisheries, Wildlife, Oceans, and Insular Affairs."
            },
            "number": "1650",
            "policyArea": {
                "name": "Public Lands and Natural Resources"
            },
            "title": "Chesapeake Bay Science, Education, and Ecosystem Enhancement Act of 2011",
            "type": "HR",
            "url": "https://api.congress.gov/v3/bill/112/hr/1650?format=json"
        },
        {
            "congress": 112,
            "introducedDate": "2011-04-15",
            "latestAction": {
                "actionDate": "2011-04-22",
                "text": "Referred to the Subcommittee on National Parks, Forests and Public Lands."
            },
            "number": "1649",
            "policyArea": {
                "name": "Public Lands and Natural Resources"
            },
            "title": "Chesapeake Bay Gateways and Watertrails Network Continuing Authorization Act",
            "type": "HR",
            "url": "https://api.congress.gov/v3/bill/112/hr/1649?format=json"
        },
        {
            "congress": 112,
            "introducedDate": "2011-04-15",
            "latestAction": {
                "actionDate": "2011-04-18",
                "text": "Referred to the Subcommittee on Water Resources and Environment."
            },
            "number": "1652",
            "policyArea": {
                "name": "Water Resources Development"
            },
            "title": "To amend the Water Resources Development Act of 1996 to make modifications to the Chesapeake Bay environmental restoration and protection program.",
            "type": "HR",
            "url": "https://api.congress.gov/v3/bill/112/hr/1652?format=json"
        },
        {
            "congress": 112,
            "introducedDate": "2011-04-15",
            "latestAction": {
                "actionDate": "2011-04-18",
                "text": "Referred to the Subcommittee on Water Resources and Environment."
            },
            "number": "1651",
            "policyArea": {
                "name": "Environmental Protection"
            },
            "title": "Save the Chesapeake Bay Homeowner Act of 2011",
            "type": "HR",
            "url": "https://api.congress.gov/v3/bill/112/hr/1651?format=json"
        },
        {
            "congress": 112,
            "introducedDate": "2011-03-09",
            "latestAction": {
                "actionDate": "2011-03-18",
                "text": "Referred to the Subcommittee on Federal Workforce, U.S. Postal Service, and Labor Policy."
            },
            "number": "987",
            "policyArea": {
                "name": "Government Operations and Politics"
            },
            "title": "Federal Firefighter Flexibility and Fairness Act",
            "type": "HR",
            "url": "https://api.congress.gov/v3/bill/112/hr/987?format=json"
        },
        {
            "congress": 116,
            "introducedDate": "2019-01-03",
            "latestAction": {
                "actionDate": "2019-03-14",
                "text": "Read the second time. Placed on Senate Legislative Calendar under General Orders. Calendar No. 39."
            },
            "number": "1",
            "policyArea": {
                "name": "Government Operations and Politics"
            },
            "title": "For the People Act of 2019",
            "type": "HR",
            "url": "https://api.congress.gov/v3/bill/116/hr/1?format=json"
        },
        {
            "congress": 115,
            "introducedDate": "2018-07-25",
            "latestAction": {
                "actionDate": "2018-10-01",
                "text": "Referred to the Subcommittee on the Constitution and Civil Justice."
            },
            "number": "6533",
            "policyArea": {
                "name": "Government Operations and Politics"
            },
            "title": "CLEAN Politics Act of 2018",
            "type": "HR",
            "url": "https://api.congress.gov/v3/bill/115/hr/6533?format=json"
        },
        {
            "congress": 115,
            "introducedDate": "2018-07-23",
            "latestAction": {
                "actionDate": "2018-07-27",
                "text": "Referred to the Subcommittee on Health."
            },
            "number": "6478",
            "policyArea": {
                "name": "Health"
            },
            "title": "Biosimilars Competition Act of 2018",
            "type": "HR",
            "url": "https://api.congress.gov/v3/bill/115/hr/6478?format=json"
        },
        {
            "congress": 115,
            "introducedDate": "2018-06-28",
            "latestAction": {
                "actionDate": "2018-08-02",
                "text": "Referred to the Subcommittee on the Constitution and Civil Justice."
            },
            "number": "975",
            "policyArea": {
                "name": "Government Operations and Politics"
            },
            "title": "By the People Resolution",
            "type": "HRES",
            "url": "https://api.congress.gov/v3/bill/115/hres/975?format=json"
        },
        {
            "congress": 115,
            "introducedDate": "2017-06-26",
            "latestAction": {
                "actionDate": "2017-07-06",
                "text": "Referred to the Subcommittee on Federal Lands."
            },
            "number": "3063",
            "policyArea": {
                "name": "Public Lands and Natural Resources"
            },
            "title": "Chesapeake Bay Gateways and Watertrails Network Reauthorization Act of 2017",
            "type": "HR",
            "url": "https://api.congress.gov/v3/bill/115/hr/3063?format=json"
        },
        {
            "congress": 115,
            "introducedDate": "2017-05-17",
            "latestAction": {
                "actionDate": "2018-05-22",
                "text": "Referred to the Subcommittee on Energy."
            },
            "number": "2507",
            "policyArea": {
                "name": "Energy"
            },
            "title": "21st Century Power Grid Act",
            "type": "HR",
            "url": "https://api.congress.gov/v3/bill/115/hr/2507?format=json"
        },
        {
            "congress": 115,
            "introducedDate": "2017-03-06",
            "latestAction": {
                "actionDate": "2017-03-06",
                "text": "Referred to the House Committee on Oversight and Government Reform."
            },
            "number": "1363",
            "policyArea": {
                "name": "Government Operations and Politics"
            },
            "title": "Federal Firefighter Flexibility and Fairness Act",
            "type": "HR",
            "url": "https://api.congress.gov/v3/bill/115/hr/1363?format=json"
        },
        {
            "congress": 115,
            "introducedDate": "2017-02-13",
            "latestAction": {
                "actionDate": "2017-02-17",
                "text": "Referred to the Subcommittee on Health."
            },
            "number": "1027",
            "policyArea": {
                "name": "Health"
            },
            "title": "Hallways to Health Act",
            "type": "HR",
            "url": "https://api.congress.gov/v3/bill/115/hr/1027?format=json"
        },
        {
            "congress": 115,
            "introducedDate": "2017-01-24",
            "latestAction": {
                "actionDate": "2017-01-24",
                "text": "Referred to the Committee on House Administration, and in addition to the Committees on Energy and Commerce, and Ways and Means, for a period to be subsequently determined by the Speaker, in each case for consideration of such provisions as fall within the jurisdiction of the committee concerned."
            },
            "number": "20",
            "policyArea": {
                "name": "Government Operations and Politics"
            },
            "title": "Government By the People Act of 2017",
            "type": "HR",
            "url": "https://api.congress.gov/v3/bill/115/hr/20?format=json"
        },
        {
            "congress": 114,
            "introducedDate": "2016-11-16",
            "latestAction": {
                "actionDate": "2016-11-16",
                "text": "Referred to the House Committee on Oversight and Government Reform."
            },
            "number": "6324",
            "policyArea": {
                "name": "Government Operations and Politics"
            },
            "title": "No Lobbyists on Presidential Transition Teams Act",
            "type": "HR",
            "url": "https://api.congress.gov/v3/bill/114/hr/6324?format=json"
        },
        {
            "congress": 114,
            "introducedDate": "2015-12-10",
            "latestAction": {
                "actionDate": "2015-12-11",
                "text": "Referred to the Subcommittee on Health."
            },
            "number": "4234",
            "policyArea": {
                "name": "Health"
            },
            "title": "Primary Care Physician Reentry Act of 2015",
            "type": "HR",
            "url": "https://api.congress.gov/v3/bill/114/hr/4234?format=json"
        },
        {
            "congress": 114,
            "introducedDate": "2015-12-09",
            "latestAction": {
                "actionDate": "2016-09-30",
                "text": "Referred to the Subcommittee on Energy."
            },
            "number": "4206",
            "policyArea": {
                "name": "Energy"
            },
            "title": "21st Century Power Grid Act",
            "type": "HR",
            "url": "https://api.congress.gov/v3/bill/114/hr/4206?format=json"
        },
        {
            "congress": 114,
            "introducedDate": "2015-10-01",
            "latestAction": {
                "actionDate": "2016-05-12",
                "text": "Received in the Senate and Read twice and referred to the Committee on Health, Education, Labor, and Pensions."
            },
            "number": "3680",
            "policyArea": {
                "name": "Health"
            },
            "title": "Co-Prescribing to Reduce Overdoses Act of 2016",
            "type": "HR",
            "url": "https://api.congress.gov/v3/bill/114/hr/3680?format=json"
        },
        {
            "congress": 114,
            "introducedDate": "2015-09-18",
            "latestAction": {
                "actionDate": "2015-09-18",
                "text": "Referred to the House Committee on Oversight and Government Reform."
            },
            "number": "3579",
            "policyArea": {
                "name": "Government Operations and Politics"
            },
            "title": "Federal Firefighter Flexibility and Fairness Act",
            "type": "HR",
            "url": "https://api.congress.gov/v3/bill/114/hr/3579?format=json"
        },
        {
            "congress": 114,
            "introducedDate": "2015-02-11",
            "latestAction": {
                "actionDate": "2015-04-29",
                "text": "Referred to the Subcommittee on Early Childhood, Elementary, and Secondary Education."
            },
            "number": "882",
            "policyArea": {
                "name": "Education"
            },
            "title": "No Child Left Inside Act of 2015",
            "type": "HR",
            "url": "https://api.congress.gov/v3/bill/114/hr/882?format=json"
        },
        {
            "congress": 114,
            "introducedDate": "2015-01-21",
            "latestAction": {
                "actionDate": "2015-03-30",
                "text": "Referred to the Subcommittee on Trade."
            },
            "number": "20",
            "policyArea": {
                "name": "Government Operations and Politics"
            },
            "title": "Government By the People Act of 2015",
            "type": "HR",
            "url": "https://api.congress.gov/v3/bill/114/hr/20?format=json"
        },
        {
            "amendmentNumber": "667",
            "congress": 111,
            "introducedDate": "2010-05-27",
            "latestAction": {
                "actionDate": "2010-05-27",
                "actionTime": "22:16:42",
                "text": "On agreeing to the Sarbanes amendment (A014) Agreed to by recorded vote: 253 - 172 (Roll no. 318). "
            },
            "type": null,
            "url": "https://api.congress.gov/v3/amendment/111/hamdt/667?format=json"
        },
        {
            "congress": 111,
            "introducedDate": "2010-09-29",
            "latestAction": {
                "actionDate": "2010-09-30",
                "text": "Referred to the Subcommittee on Water Resources and Environment."
            },
            "number": "6382",
            "policyArea": {
                "name": "Environmental Protection"
            },
            "title": "Save the Chesapeake Bay Homeowner Act of 2010",
            "type": "HR",
            "url": "https://api.congress.gov/v3/bill/111/hr/6382?format=json"
        },
        {
            "congress": 111,
            "introducedDate": "2010-07-30",
            "latestAction": {
                "actionDate": "2010-07-30",
                "text": "Referred to the House Committee on Financial Services."
            },
            "number": "6069",
            "policyArea": {
                "name": "Housing and Community Development"
            },
            "title": "Making Home Affordable Improvements Act",
            "type": "HR",
            "url": "https://api.congress.gov/v3/bill/111/hr/6069?format=json"
        },
        {
            "congress": 111,
            "introducedDate": "2010-07-22",
            "latestAction": {
                "actionDate": "2010-07-27",
                "text": "Referred to the Subcommittee on Energy and Mineral Resources."
            },
            "number": "5846",
            "policyArea": {
                "name": "Public Lands and Natural Resources"
            },
            "title": "To amend the Outer Continental Shelf Lands Act to require the chief executive officer of each drilling and production operation under a lease under that Act to annually certify the operator's compliance with all applicable laws and operating regulations.",
            "type": "HR",
            "url": "https://api.congress.gov/v3/bill/111/hr/5846?format=json"
        },
        {
            "congress": 111,
            "introducedDate": "2010-04-28",
            "latestAction": {
                "actionDate": "2010-05-27",
                "text": "Referred to the Subcommittee on Early Childhood, Elementary, and Secondary Education."
            },
            "number": "5172",
            "policyArea": {
                "name": "Education"
            },
            "title": "Instructional Leadership Act of 2009",
            "type": "HR",
            "url": "https://api.congress.gov/v3/bill/111/hr/5172?format=json"
        },
        {
            "congress": 111,
            "introducedDate": "2010-02-23",
            "latestAction": {
                "actionDate": "2010-02-26",
                "text": "Referred to the Subcommittee on National Parks, Forests and Public Lands."
            },
            "number": "4671",
            "policyArea": {
                "name": "Public Lands and Natural Resources"
            },
            "title": "National Discovery Trails Act of 2010",
            "type": "HR",
            "url": "https://api.congress.gov/v3/bill/111/hr/4671?format=json"
        },
        {
            "congress": 111,
            "introducedDate": "2009-12-15",
            "latestAction": {
                "actionDate": "2010-02-23",
                "text": "Referred to the Subcommittee on Healthy Families and Communities."
            },
            "number": "4322",
            "policyArea": {
                "name": "Sports and Recreation"
            },
            "title": "National Foundation on Physical Fitness and Sports Establishment Act",
            "type": "HR",
            "url": "https://api.congress.gov/v3/bill/111/hr/4322?format=json"
        },
        {
            "congress": 111,
            "introducedDate": "2009-12-02",
            "latestAction": {
                "actionDate": "2009-12-03",
                "text": "Referred to the Subcommittee on Water Resources and Environment."
            },
            "number": "4187",
            "policyArea": {
                "name": "Water Resources Development"
            },
            "title": "To amend the Water Resources Development Act of 1996 to make modifications to the Chesapeake Bay environmental restoration and protection program.",
            "type": "HR",
            "url": "https://api.congress.gov/v3/bill/111/hr/4187?format=json"
        },
        {
            "congress": 111,
            "introducedDate": "2009-11-19",
            "latestAction": {
                "actionDate": "2009-11-19",
                "text": "Referred to the House Committee on Ways and Means."
            },
            "number": "4155",
            "policyArea": {
                "name": "Taxation"
            },
            "title": "Property Assessed Clean Energy Tax Benefits Act of 2009",
            "type": "HR",
            "url": "https://api.congress.gov/v3/bill/111/hr/4155?format=json"
        },
        {
            "congress": 111,
            "introducedDate": "2009-11-06",
            "latestAction": {
                "actionDate": "2009-11-06",
                "text": "Referred to the House Committee on Ways and Means."
            },
            "number": "4054",
            "policyArea": {
                "name": "Social Welfare"
            },
            "title": "Benefit Rating Acceleration for Veteran Entitlements Act of 2009",
            "type": "HR",
            "url": "https://api.congress.gov/v3/bill/111/hr/4054?format=json"
        },
        {
            "congress": 111,
            "introducedDate": "2009-07-16",
            "latestAction": {
                "actionDate": "2010-11-15",
                "text": "Received in the Senate and Read twice and referred to the Committee on Homeland Security and Governmental Affairs."
            },
            "number": "3243",
            "policyArea": {
                "name": "Government Operations and Politics"
            },
            "title": "To amend section 5542 of title 5, United States Code, to provide that any hours worked by Federal firefighters under a qualified trade-of-time arrangement shall be excluded for purposes of determinations relating to overtime pay.",
            "type": "HR",
            "url": "https://api.congress.gov/v3/bill/111/hr/3243?format=json"
        },
        {
            "congress": 111,
            "introducedDate": "2009-07-09",
            "latestAction": {
                "actionDate": "2009-07-10",
                "text": "Referred to the Subcommittee on Health."
            },
            "number": "3158",
            "policyArea": {
                "name": "Health"
            },
            "title": "Place Based Health Care Act of 2009",
            "type": "HR",
            "url": "https://api.congress.gov/v3/bill/111/hr/3158?format=json"
        },
        {
            "congress": 111,
            "introducedDate": "2009-06-17",
            "latestAction": {
                "actionDate": "2009-06-18",
                "text": "Referred to the Subcommittee on Health."
            },
            "number": "2929",
            "policyArea": {
                "name": "Health"
            },
            "title": "Health Care Workforce Incentive Act of 2009",
            "type": "HR",
            "url": "https://api.congress.gov/v3/bill/111/hr/2929?format=json"
        },
        {
            "congress": 111,
            "introducedDate": "2009-06-17",
            "latestAction": {
                "actionDate": "2009-06-18",
                "text": "Referred to the Subcommittee on Health."
            },
            "number": "2930",
            "policyArea": {
                "name": "Health"
            },
            "title": "Primary Care Training Enhancement Act",
            "type": "HR",
            "url": "https://api.congress.gov/v3/bill/111/hr/2930?format=json"
        },
        {
            "congress": 111,
            "introducedDate": "2009-06-11",
            "latestAction": {
                "actionDate": "2009-06-12",
                "text": "Referred to the Subcommittee on Health."
            },
            "number": "2840",
            "policyArea": {
                "name": "Health"
            },
            "title": "Healthy Schools Act of 2009",
            "type": "HR",
            "url": "https://api.congress.gov/v3/bill/111/hr/2840?format=json"
        },
        {
            "congress": 111,
            "introducedDate": "2009-06-04",
            "latestAction": {
                "actionDate": "2009-06-26",
                "text": "Referred to the Subcommittee on Government Management, Organization, and Procurement."
            },
            "number": "2736",
            "policyArea": {
                "name": "Government Operations and Politics"
            },
            "title": "CLEAN-UP Act",
            "type": "HR",
            "url": "https://api.congress.gov/v3/bill/111/hr/2736?format=json"
        },
        {
            "congress": 111,
            "introducedDate": "2009-04-22",
            "latestAction": {
                "actionDate": "2009-06-04",
                "text": "Referred to the Subcommittee on Early Childhood, Elementary, and Secondary Education."
            },
            "number": "2054",
            "policyArea": {
                "name": "Education"
            },
            "title": "No Child Left Inside Act of 2009",
            "type": "HR",
            "url": "https://api.congress.gov/v3/bill/111/hr/2054?format=json"
        },
        {
            "congress": 111,
            "introducedDate": "2009-03-26",
            "latestAction": {
                "actionDate": "2009-10-01",
                "text": "Received in the Senate and Read twice and referred to the Committee on Commerce, Science, and Transportation."
            },
            "number": "1771",
            "policyArea": {
                "name": "Public Lands and Natural Resources"
            },
            "title": "Chesapeake Bay Science, Education, and Ecosystem Enhancement Act of 2009",
            "type": "HR",
            "url": "https://api.congress.gov/v3/bill/111/hr/1771?format=json"
        },
        {
            "congress": 111,
            "introducedDate": "2009-03-25",
            "latestAction": {
                "actionDate": "2010-12-09",
                "text": "Became Public Law No: 111-292."
            },
            "number": "1722",
            "policyArea": {
                "name": "Government Operations and Politics"
            },
            "title": "Telework Enhancement Act of 2010",
            "type": "HR",
            "url": "https://api.congress.gov/v3/bill/111/hr/1722?format=json"
        },
        {
            "congress": 111,
            "introducedDate": "2009-03-09",
            "latestAction": {
                "actionDate": "2009-04-29",
                "text": "Referred to the Subcommittee on Healthy Families and Communities."
            },
            "number": "1401",
            "policyArea": {
                "name": "Social Welfare"
            },
            "title": "VET Corps Act of 2009",
            "type": "HR",
            "url": "https://api.congress.gov/v3/bill/111/hr/1401?format=json"
        },
        {
            "congress": 111,
            "introducedDate": "2009-02-10",
            "latestAction": {
                "actionDate": "2009-10-14",
                "text": "Read twice and referred to the Committee on Environment and Public Works."
            },
            "number": "965",
            "policyArea": {
                "name": "Public Lands and Natural Resources"
            },
            "title": "Chesapeake Bay Gateways and Watertrails Network Continuing Authorization Act",
            "type": "HR",
            "url": "https://api.congress.gov/v3/bill/111/hr/965?format=json"
        },
        {
            "congress": 111,
            "introducedDate": "2010-01-21",
            "latestAction": {
                "actionDate": "2010-06-23",
                "actionTime": "11:38:35",
                "text": "The title of the measure was amended. Agreed to without objection."
            },
            "number": "1034",
            "policyArea": {
                "name": "Education"
            },
            "title": "Expressing support for the importance of Braille in the lives of blind people.",
            "type": "HRES",
            "url": "https://api.congress.gov/v3/bill/111/hres/1034?format=json"
        },
        {
            "amendmentNumber": "1173",
            "congress": 110,
            "introducedDate": "2008-09-18",
            "latestAction": {
                "actionDate": "2008-09-18",
                "actionTime": "16:47:25",
                "text": "On agreeing to the Sarbanes amendment (A001) Agreed to by recorded vote: 383 - 23 (Roll no. 612). "
            },
            "type": null,
            "url": "https://api.congress.gov/v3/amendment/110/hamdt/1173?format=json"
        },
        {
            "amendmentNumber": "765",
            "congress": 110,
            "introducedDate": "2007-08-04",
            "latestAction": {
                "actionDate": "2007-08-04",
                "actionTime": "16:15:26",
                "text": "On agreeing to the Sarbanes amendment (A023) Agreed to by voice vote. "
            },
            "type": null,
            "url": "https://api.congress.gov/v3/amendment/110/hamdt/765?format=json"
        },
        {
            "congress": 110,
            "introducedDate": "2008-07-17",
            "latestAction": {
                "actionDate": "2008-07-18",
                "text": "Referred to the Subcommittee on Water Resources and Environment."
            },
            "number": "6550",
            "policyArea": {
                "name": "Water Resources Development"
            },
            "title": "To amend the Water Resources Development Act of 1996 to make modifications to the Chesapeake Bay environmental restoration and protection program.",
            "type": "HR",
            "url": "https://api.congress.gov/v3/bill/110/hr/6550?format=json"
        },
        {
            "congress": 110,
            "introducedDate": "2008-07-17",
            "latestAction": {
                "actionDate": "2008-07-23",
                "text": "Referred to the Subcommittee on Federal Workforce, Post Office, and the District of Columbia."
            },
            "number": "6549",
            "policyArea": {
                "name": "Government Operations and Politics"
            },
            "title": "To amend section 5542 of title 5, United States Code, to provide that any hours worked by Federal firefighters under a qualified trade-of-time arrangement shall be excluded for purposes of determinations relating to overtime pay.",
            "type": "HR",
            "url": "https://api.congress.gov/v3/bill/110/hr/6549?format=json"
        },
        {
            "congress": 110,
            "introducedDate": "2008-03-05",
            "latestAction": {
                "actionDate": "2008-08-01",
                "text": "Read twice. Placed on Senate Legislative Calendar under General Orders. Calendar No. 930."
            },
            "number": "5540",
            "policyArea": {
                "name": "Public Lands and Natural Resources"
            },
            "title": "Chesapeake Bay Gateways and Watertrails Network Continuing Authorization Act",
            "type": "HR",
            "url": "https://api.congress.gov/v3/bill/110/hr/5540?format=json"
        },
        {
            "congress": 110,
            "introducedDate": "2007-11-09",
            "latestAction": {
                "actionDate": "2008-02-05",
                "text": "Referred to the Subcommittee on Higher Education, Lifelong Learning, and Competitiveness."
            },
            "number": "4152",
            "policyArea": {
                "name": "Education"
            },
            "title": "Fire Fighter Higher Education Incentive Act of 2007",
            "type": "HR",
            "url": "https://api.congress.gov/v3/bill/110/hr/4152?format=json"
        },
        {
            "congress": 110,
            "introducedDate": "2007-10-02",
            "latestAction": {
                "actionDate": "2007-10-23",
                "text": "Referred to the Subcommittee on Healthy Families and Communities."
            },
            "number": "3733",
            "policyArea": {
                "name": "Sports and Recreation"
            },
            "title": "National Foundation on Physical Fitness and Sports Establishment Act",
            "type": "HR",
            "url": "https://api.congress.gov/v3/bill/110/hr/3733?format=json"
        },
        {
            "congress": 110,
            "introducedDate": "2007-08-03",
            "latestAction": {
                "actionDate": "2007-09-19",
                "text": "Referred to the Subcommittee on Higher Education, Lifelong Learning, and Competitiveness."
            },
            "number": "3441",
            "policyArea": {
                "name": "Education"
            },
            "title": "Instructional Leadership Act of 2007",
            "type": "HR",
            "url": "https://api.congress.gov/v3/bill/110/hr/3441?format=json"
        },
        {
            "congress": 110,
            "introducedDate": "2007-07-27",
            "latestAction": {
                "actionDate": "2007-09-28",
                "text": "Became Public Law No: 110-88."
            },
            "number": "3218",
            "policyArea": {
                "name": "Commemorations"
            },
            "title": "To designate a portion of Interstate Route 395 located in Baltimore, Maryland, as \"Cal Ripken Way\".",
            "type": "HR",
            "url": "https://api.congress.gov/v3/bill/110/hr/3218?format=json"
        },
        {
            "congress": 110,
            "introducedDate": "2007-07-12",
            "latestAction": {
                "actionDate": "2008-10-02",
                "text": "Read twice and referred to the Committee on Environment and Public Works."
            },
            "number": "3036",
            "policyArea": {
                "name": "Education"
            },
            "title": "No Child Left Inside Act of 2008",
            "type": "HR",
            "url": "https://api.congress.gov/v3/bill/110/hr/3036?format=json"
        },
        {
            "congress": 110,
            "introducedDate": "2007-06-28",
            "latestAction": {
                "actionDate": "2007-07-06",
                "text": "Referred to the Subcommittee on Social Security."
            },
            "number": "2943",
            "policyArea": {
                "name": "Social Welfare"
            },
            "title": "Benefit Rating Acceleration for Veteran Entitlements Act of 2007",
            "type": "HR",
            "url": "https://api.congress.gov/v3/bill/110/hr/2943?format=json"
        },
        {
            "congress": 110,
            "introducedDate": "2007-06-11",
            "latestAction": {
                "actionDate": "2007-07-24",
                "text": "Referred to the Subcommittee on Higher Education, Lifelong Learning, and Competitiveness."
            },
            "number": "2661",
            "policyArea": {
                "name": "Education"
            },
            "title": "Education for Public Service Act of 2007",
            "type": "HR",
            "url": "https://api.congress.gov/v3/bill/110/hr/2661?format=json"
        },
        {
            "congress": 110,
            "introducedDate": "2007-05-01",
            "latestAction": {
                "actionDate": "2007-05-02",
                "text": "Sponsor introductory remarks on measure. (CR E917)"
            },
            "number": "2098",
            "policyArea": {
                "name": "Public Lands and Natural Resources"
            },
            "title": "To provide for the disposition of the Federal property located in Anne Arundel County, Maryland, a portion of which is currently used by the District of Columbia as the Oak Hill juvenile detention facility.",
            "type": "HR",
            "url": "https://api.congress.gov/v3/bill/110/hr/2098?format=json"
        },
        {
            "congress": 110,
            "introducedDate": "2007-03-07",
            "latestAction": {
                "actionDate": "2007-09-25",
                "text": "Received in the Senate and Read twice and referred to the Committee on the Judiciary."
            },
            "number": "1389",
            "policyArea": {
                "name": "Commemorations"
            },
            "title": "Star-Spangled Banner and War of 1812 Bicentennial Commission Act",
            "type": "HR",
            "url": "https://api.congress.gov/v3/bill/110/hr/1389?format=json"
        },
        {
            "congress": 110,
            "introducedDate": "2007-03-07",
            "latestAction": {
                "actionDate": "2008-06-11",
                "text": "Indefinitely postponed by Senate by Unanimous Consent. (consideration: CR S5530)"
            },
            "number": "1388",
            "policyArea": {
                "name": "Public Lands and Natural Resources"
            },
            "title": "Star-Spangled Banner National Historic Trail Act",
            "type": "HR",
            "url": "https://api.congress.gov/v3/bill/110/hr/1388?format=json"
        },
        {
            "congress": 110,
            "introducedDate": "2008-09-08",
            "latestAction": {
                "actionDate": "2008-09-24",
                "actionTime": "00:12:46",
                "text": "Motion to reconsider laid on the table Agreed to without objection."
            },
            "number": "1418",
            "policyArea": {
                "name": "Commemorations"
            },
            "title": "Congratulating Michael Phelps, 2008 Beijing Summer Olympics champion swimmer, on winning 8 gold medals in the Games of the XXIX Olympiad and becoming one of the most highly decorated athletes in Olympic history.",
            "type": "HRES",
            "url": "https://api.congress.gov/v3/bill/110/hres/1418?format=json"
        },
        {
            "congress": 110,
            "introducedDate": "2007-09-04",
            "latestAction": {
                "actionDate": "2007-09-05",
                "actionTime": "14:32:31",
                "text": "Motion to reconsider laid on the table Agreed to without objection."
            },
            "number": "629",
            "policyArea": {
                "name": "International Affairs"
            },
            "title": "Extending the condolences and sympathy of the House of Representatives to the Government and the people of Greece for the grave loss of life and vast destruction caused by the devastating fires raging through Greece since June 2007.",
            "type": "HRES",
            "url": "https://api.congress.gov/v3/bill/110/hres/629?format=json"
        },
        {
            "congress": 110,
            "introducedDate": "2007-06-15",
            "latestAction": {
                "actionDate": "2007-06-15",
                "text": "Referred to the House Committee on Foreign Affairs."
            },
            "number": "489",
            "policyArea": {
                "name": "International Affairs"
            },
            "title": "Commemorating the Work of United Nations Peacekeepers on International Day of United Nations Peacekeeping.",
            "type": "HRES",
            "url": "https://api.congress.gov/v3/bill/110/hres/489?format=json"
        }
    ]
}