{
    "pagination": {
        "count": 20
    },
    "request": {
        "bioguideId": "m001174",
        "contentType": "application/json",
        "format": "json"
    },
    "sponsoredLegislation": [
        {
            "amendmentNumber": "727",
            "congress": 111,
            "introducedDate": "2010-07-15",
            "latestAction": {
                "actionDate": "2010-07-15",
                "actionTime": "13:11:50",
                "text": "On agreeing to the McMahon amendment (A010) Agreed to by voice vote. "
            },
            "type": null,
            "url": "https://api.congress.gov/v3/amendment/111/hamdt/727?format=json"
        },
        {
            "amendmentNumber": "670",
            "congress": 111,
            "introducedDate": "2010-05-27",
            "latestAction": {
                "actionDate": "2010-05-27",
                "actionTime": "19:51:31",
                "text": "On agreeing to the McMahon amendment (A017) Agreed to by voice vote. "
            },
            "type": null,
            "url": "https://api.congress.gov/v3/amendment/111/hamdt/670?format=json"
        },
        {
            "congress": 111,
            "introducedDate": "2010-09-28",
            "latestAction": {
                "actionDate": "2010-12-20",
                "text": "Referred to the Subcommittee on Crime, Terrorism, and Homeland Security."
            },
            "number": "6235",
            "policyArea": {
                "name": "Crime and Law Enforcement"
            },
            "title": "National Blue Alert Act of 2010",
            "type": "HR",
            "url": "https://api.congress.gov/v3/bill/111/hr/6235?format=json"
        },
        {
            "congress": 111,
            "introducedDate": "2010-06-22",
            "latestAction": {
                "actionDate": "2010-06-22",
                "text": "Referred to House Foreign Affairs"
            },
            "number": "5564",
            "policyArea": {
                "name": "International Affairs"
            },
            "title": "Judgment Evading Foreign States Accountability Act of 2010",
            "type": "HR",
            "url": "https://api.congress.gov/v3/bill/111/hr/5564?format=json"
        },
        {
            "congress": 111,
            "introducedDate": "2010-05-26",
            "latestAction": {
                "actionDate": "2010-05-27",
                "text": "Referred to the Subcommittee on Highways and Transit."
            },
            "number": "5418",
            "policyArea": {
                "name": "Transportation and Public Works"
            },
            "title": "Public Transportation Preservation Act of 2010",
            "type": "HR",
            "url": "https://api.congress.gov/v3/bill/111/hr/5418?format=json"
        },
        {
            "congress": 111,
            "introducedDate": "2010-02-23",
            "latestAction": {
                "actionDate": "2010-04-26",
                "text": "Referred to the Subcommittee on Immigration, Citizenship, Refugees, Border Security, and International Law."
            },
            "number": "4647",
            "policyArea": {
                "name": "International Affairs"
            },
            "title": "Iran Human Rights Sanctions Act",
            "type": "HR",
            "url": "https://api.congress.gov/v3/bill/111/hr/4647?format=json"
        },
        {
            "congress": 111,
            "introducedDate": "2010-01-27",
            "latestAction": {
                "actionDate": "2010-02-23",
                "text": "Referred to the Subcommittee on Early Childhood, Elementary, and Secondary Education."
            },
            "number": "4544",
            "policyArea": {
                "name": "Health"
            },
            "title": "Elizabeth A. Connelly Act",
            "type": "HR",
            "url": "https://api.congress.gov/v3/bill/111/hr/4544?format=json"
        },
        {
            "congress": 111,
            "introducedDate": "2009-10-28",
            "latestAction": {
                "actionDate": "2010-09-29",
                "text": "Received in the Senate and Read twice and referred to the Committee on Commerce, Science, and Transportation."
            },
            "number": "3960",
            "policyArea": {
                "name": "Transportation and Public Works"
            },
            "title": "Residential and Commuter Toll Fairness Act of 2010",
            "type": "HR",
            "url": "https://api.congress.gov/v3/bill/111/hr/3960?format=json"
        },
        {
            "congress": 111,
            "introducedDate": "2009-07-30",
            "latestAction": {
                "actionDate": "2009-07-30",
                "text": "Referred to House Financial Services"
            },
            "number": "3423",
            "policyArea": {
                "name": "International Affairs"
            },
            "title": "North Korea Sanctions Act of 2009",
            "type": "HR",
            "url": "https://api.congress.gov/v3/bill/111/hr/3423?format=json"
        },
        {
            "congress": 111,
            "introducedDate": "2009-07-22",
            "latestAction": {
                "actionDate": "2010-06-22",
                "text": "Referred to the Subcommittee on General Farm Commodities and Risk Management."
            },
            "number": "3300",
            "policyArea": {
                "name": "Finance and Financial Sector"
            },
            "title": "Derivative Trading Accountability and Disclosure Act",
            "type": "HR",
            "url": "https://api.congress.gov/v3/bill/111/hr/3300?format=json"
        },
        {
            "congress": 111,
            "introducedDate": "2009-05-07",
            "latestAction": {
                "actionDate": "2009-06-04",
                "text": "Referred to the Subcommittee on Healthy Families and Communities."
            },
            "number": "2332",
            "policyArea": {
                "name": "Health"
            },
            "title": "Future Physicians Serving America Act of 2009",
            "type": "HR",
            "url": "https://api.congress.gov/v3/bill/111/hr/2332?format=json"
        },
        {
            "congress": 111,
            "introducedDate": "2009-03-04",
            "latestAction": {
                "actionDate": "2009-03-31",
                "text": "Referred to the Subcommittee on Military Personnel."
            },
            "number": "1308",
            "policyArea": {
                "name": "Armed Forces and National Security"
            },
            "title": "Veterans Mental Health Screening and Assessment Act",
            "type": "HR",
            "url": "https://api.congress.gov/v3/bill/111/hr/1308?format=json"
        },
        {
            "congress": 111,
            "introducedDate": "2010-05-04",
            "latestAction": {
                "actionDate": "2010-05-05",
                "actionTime": "14:20:49",
                "text": "Motion to reconsider laid on the table Agreed to without objection."
            },
            "number": "1320",
            "policyArea": {
                "name": "Crime and Law Enforcement"
            },
            "title": "Expressing support for the vigilance and prompt response of the citizens of New York City, the New York Police Department, the New York Police Department Bomb Squad, the Fire Department of New York, other first responders, the Federal Bureau of Investigation, United States Customs and Border Protection, the United States Attorney's Office for the Southern District of New York, the Department of Homeland Security, the Department of Justice, the New York Joint Terrorism Task Force, the Bridgeport Police Department, Detective Bureau, Patrol Division, and other law enforcement agencies in Connecticut to the attempted terrorist attack in Times Square on May 1, 2010, their exceptional professionalism and investigative work following the attempted attack, and their consistent commitment to preparedness for and collective response to terrorism.",
            "type": "HRES",
            "url": "https://api.congress.gov/v3/bill/111/hres/1320?format=json"
        },
        {
            "congress": 111,
            "introducedDate": "2010-05-04",
            "latestAction": {
                "actionDate": "2010-05-20",
                "actionTime": "16:26:12",
                "text": "Motion to reconsider laid on the table Agreed to without objection."
            },
            "number": "1324",
            "policyArea": {
                "name": "International Affairs"
            },
            "title": "Expressing condolences and sympathies for the people of China following the tragic earthquake in the Qinghai province of the Peoples Republic of China on April 14, 2010.",
            "type": "HRES",
            "url": "https://api.congress.gov/v3/bill/111/hres/1324?format=json"
        },
        {
            "congress": 111,
            "introducedDate": "2010-02-02",
            "latestAction": {
                "actionDate": "2010-02-23",
                "actionTime": "17:14:53",
                "text": "The title of the measure was amended. Agreed to without objection."
            },
            "number": "1059",
            "policyArea": {
                "name": "International Affairs"
            },
            "title": "Honoring the heroism of the seven United States Agency for International Development, Office of U.S. Foreign Disaster Assistance, and Federal Emergency Management Agency supported urban search and rescue teams deployed to Haiti from New York City, New York, Fairfax County, Virginia, Los Angeles County, California, the City of Miami, Florida, Miami-Dade County, Florida, and Virginia Beach, Virginia, and commending their dedication and assistance in the aftermath of the January 12, 2010, Haitian earthquake.",
            "type": "HRES",
            "url": "https://api.congress.gov/v3/bill/111/hres/1059?format=json"
        },
        {
            "congress": 111,
            "introducedDate": "2009-09-17",
            "latestAction": {
                "actionDate": "2010-01-04",
                "text": "Referred to the Subcommittee on Crime, Terrorism, and Homeland Security."
            },
            "number": "755",
            "policyArea": {
                "name": "Crime and Law Enforcement"
            },
            "title": "Celebrating the 30th anniversary of the creation of the Office of Special Investigations of the Department of Justice.",
            "type": "HRES",
            "url": "https://api.congress.gov/v3/bill/111/hres/755?format=json"
        },
        {
            "congress": 111,
            "introducedDate": "2009-04-02",
            "latestAction": {
                "actionDate": "2009-04-21",
                "text": "Referred to the Subcommittee on Health."
            },
            "number": "326",
            "policyArea": {
                "name": "Health"
            },
            "title": "Expressing support for designation of the week of April 13, 2009, through April 17, 2009, as \"Protect Your Pharmacy Week\", and for other purposes.",
            "type": "HRES",
            "url": "https://api.congress.gov/v3/bill/111/hres/326?format=json"
        },
        {
            "congress": 111,
            "introducedDate": "2009-04-02",
            "latestAction": {
                "actionDate": "2009-04-02",
                "text": "Referred to the House Committee on Oversight and Government Reform."
            },
            "number": "327",
            "policyArea": {
                "name": "Arts, Culture, Religion"
            },
            "title": "Honoring the humble service of Edward Cardinal Egan as Archbishop of the New York Archdiocese and congratulating Archbishop Timothy Dolan on his appointment by His Holiness Pope Benedict XVI to succeed Cardinal Egan.",
            "type": "HRES",
            "url": "https://api.congress.gov/v3/bill/111/hres/327?format=json"
        },
        {
            "congress": 111,
            "introducedDate": "2009-09-22",
            "latestAction": {
                "actionDate": "2009-10-19",
                "text": "Referred to the Subcommittee on the Constitution, Civil Rights, and Civil Liberties."
            },
            "number": "188",
            "policyArea": {
                "name": "Government Operations and Politics"
            },
            "title": "Recognizing the 75th anniversary of the National Conference of State Liquor Administrators.",
            "type": "HCONRES",
            "url": "https://api.congress.gov/v3/bill/111/hconres/188?format=json"
        },
        {
            "congress": 111,
            "introducedDate": "2009-02-10",
            "latestAction": {
                "actionDate": "2009-02-11",
                "text": "Message on Senate action sent to the House."
            },
            "number": "41",
            "policyArea": {
                "name": "Congress"
            },
            "title": "Providing for a joint session of Congress to receive a message from the President.",
            "type": "HCONRES",
            "url": "https://api.congress.gov/v3/bill/111/hconres/41?format=json"
        }
    ]
}