{
    "pagination": {
        "count": 56
    },
    "request": {
        "bioguideId": "e000299",
        "contentType": "application/json",
        "format": "json"
    },
    "sponsoredLegislation": [
        {
            "congress": 118,
            "introducedDate": "2024-08-02",
            "latestAction": {
                "actionDate": "2024-08-02",
                "text": "Referred to the House Committee on the Judiciary."
            },
            "number": "9250",
            "policyArea": {
                "name": null
            },
            "title": "To create an Active Shooter Alert Communications Network, and for other purposes.",
            "type": "HR",
            "url": "https://api.congress.gov/v3/bill/118/hr/9250?format=json"
        },
        {
            "congress": 118,
            "introducedDate": "2024-07-11",
            "latestAction": {
                "actionDate": "2024-07-11",
                "text": "Referred to the Committee on Agriculture, and in addition to the Committee on Education and the Workforce, for a period to be subsequently determined by the Speaker, in each case for consideration of such provisions as fall within the jurisdiction of the committee concerned."
            },
            "number": "8994",
            "policyArea": {
                "name": null
            },
            "title": "To direct the Secretary of Agriculture to remove nonambulatory pigs from the United States food system, to establish an online portal for confidential complaints, and for other purposes.",
            "type": "HR",
            "url": "https://api.congress.gov/v3/bill/118/hr/8994?format=json"
        },
        {
            "congress": 118,
            "introducedDate": "2023-09-18",
            "latestAction": {
                "actionDate": "2023-09-18",
                "text": "Referred to the House Committee on Armed Services."
            },
            "number": "5521",
            "policyArea": {
                "name": "Armed Forces and National Security"
            },
            "title": "To authorize the President to posthumously award the Medal of Honor to Marcelino Serna for acts of valor as a private in the Army during World War I.",
            "type": "HR",
            "url": "https://api.congress.gov/v3/bill/118/hr/5521?format=json"
        },
        {
            "congress": 118,
            "introducedDate": "2023-09-13",
            "latestAction": {
                "actionDate": "2023-09-13",
                "text": "Referred to the House Committee on the Judiciary."
            },
            "number": "5435",
            "policyArea": {
                "name": "Crime and Law Enforcement"
            },
            "title": "Disarm Hate Act",
            "type": "HR",
            "url": "https://api.congress.gov/v3/bill/118/hr/5435?format=json"
        },
        {
            "congress": 118,
            "introducedDate": "2023-08-15",
            "latestAction": {
                "actionDate": "2023-08-18",
                "text": "Referred to the Subcommittee on Environment, Manufacturing, and Critical Materials."
            },
            "number": "5204",
            "policyArea": {
                "name": "Environmental Protection"
            },
            "title": "Climate Adaptation Plan Act",
            "type": "HR",
            "url": "https://api.congress.gov/v3/bill/118/hr/5204?format=json"
        },
        {
            "congress": 118,
            "introducedDate": "2023-04-27",
            "latestAction": {
                "actionDate": "2023-06-01",
                "text": "Referred to the Subcommittee on Livestock, Dairy, and Poultry."
            },
            "number": "2939",
            "policyArea": {
                "name": "Animals"
            },
            "title": "PIGS Act of 2023",
            "type": "HR",
            "url": "https://api.congress.gov/v3/bill/118/hr/2939?format=json"
        },
        {
            "congress": 118,
            "introducedDate": "2023-04-20",
            "latestAction": {
                "actionDate": "2023-04-20",
                "text": "Referred to the House Committee on Agriculture."
            },
            "number": "2740",
            "policyArea": {
                "name": "Housing and Community Development"
            },
            "title": "To establish an Office of Colonia Affairs within the Department of Agriculture, and for other purposes.",
            "type": "HR",
            "url": "https://api.congress.gov/v3/bill/118/hr/2740?format=json"
        },
        {
            "congress": 118,
            "introducedDate": "2023-03-22",
            "latestAction": {
                "actionDate": "2023-03-22",
                "text": "Referred to the House Committee on the Judiciary."
            },
            "number": "1698",
            "policyArea": {
                "name": "Immigration"
            },
            "title": "American Families United Act",
            "type": "HR",
            "url": "https://api.congress.gov/v3/bill/118/hr/1698?format=json"
        },
        {
            "congress": 118,
            "introducedDate": "2023-03-01",
            "latestAction": {
                "actionDate": "2023-03-01",
                "text": "Referred to the House Committee on Oversight and Accountability."
            },
            "number": "1272",
            "policyArea": {
                "name": "Government Operations and Politics"
            },
            "title": "To designate the facility of the United States Postal Service located at 4400 East Paisano Drive in El Paso, Texas, as the \"Enedina Sanchez Cordero Post Office Building\".",
            "type": "HR",
            "url": "https://api.congress.gov/v3/bill/118/hr/1272?format=json"
        },
        {
            "congress": 118,
            "introducedDate": "2023-01-11",
            "latestAction": {
                "actionDate": "2023-01-20",
                "text": "Referred to the Subcommittee on Health."
            },
            "number": "286",
            "policyArea": {
                "name": "Health"
            },
            "title": "Health Care Providers Safety Act of 2023",
            "type": "HR",
            "url": "https://api.congress.gov/v3/bill/118/hr/286?format=json"
        },
        {
            "congress": 118,
            "introducedDate": "2024-03-12",
            "latestAction": {
                "actionDate": "2024-03-12",
                "text": "Referred to the House Committee on Foreign Affairs."
            },
            "number": "1074",
            "policyArea": {
                "name": "International Affairs"
            },
            "title": "Reaffirming the House of Representatives support of a two-state solution.",
            "type": "HRES",
            "url": "https://api.congress.gov/v3/bill/118/hres/1074?format=json"
        },
        {
            "amendmentNumber": "614",
            "congress": 118,
            "introducedDate": "2023-11-06",
            "latestAction": {
                "actionDate": "2023-11-07",
                "actionTime": "14:17:58",
                "text": "On agreeing to the Escobar amendment (A003) Failed by recorded vote: 212 - 214 (Roll no. 603). (consideration: CR H5491)"
            },
            "type": null,
            "url": "https://api.congress.gov/v3/amendment/118/hamdt/614?format=json"
        },
        {
            "amendmentNumber": "396",
            "congress": 118,
            "introducedDate": "2023-09-27",
            "latestAction": {
                "actionDate": "2023-09-27",
                "actionTime": "23:07:20",
                "text": "On agreeing to the Escobar amendment (A009) Failed by recorded vote: 210 - 220 (Roll no. 444). "
            },
            "type": null,
            "url": "https://api.congress.gov/v3/amendment/118/hamdt/396?format=json"
        },
        {
            "congress": 117,
            "introducedDate": "2022-11-17",
            "latestAction": {
                "actionDate": "2022-11-17",
                "text": "Referred to the House Committee on Oversight and Reform."
            },
            "number": "9324",
            "policyArea": {
                "name": "Government Operations and Politics"
            },
            "title": "To designate the facility of the United States Postal Service located at 4400 East Paisano Drive in El Paso, Texas, as the \"Enedina Sanchez Cordero Post Office Building\".",
            "type": "HR",
            "url": "https://api.congress.gov/v3/bill/117/hr/9324?format=json"
        },
        {
            "congress": 117,
            "introducedDate": "2022-10-11",
            "latestAction": {
                "actionDate": "2022-10-11",
                "text": "Referred to the House Committee on Armed Services."
            },
            "number": "9163",
            "policyArea": {
                "name": "Armed Forces and National Security"
            },
            "title": "Advancing Justice for Servicemembers Act",
            "type": "HR",
            "url": "https://api.congress.gov/v3/bill/117/hr/9163?format=json"
        },
        {
            "congress": 117,
            "introducedDate": "2022-09-29",
            "latestAction": {
                "actionDate": "2022-09-30",
                "text": "Referred to the Subcommittee on Environment and Climate Change."
            },
            "number": "9026",
            "policyArea": {
                "name": "Environmental Protection"
            },
            "title": "Climate Adaptation Plan Act",
            "type": "HR",
            "url": "https://api.congress.gov/v3/bill/117/hr/9026?format=json"
        },
        {
            "amendmentNumber": "251",
            "congress": 117,
            "introducedDate": "2022-07-13",
            "latestAction": {
                "actionDate": "2022-07-13",
                "actionTime": "21:11:17",
                "text": "On agreeing to the Escobar amendment (A007) Agreed to by the Yeas and Nays: 219 - 209 (Roll no. 314). "
            },
            "type": null,
            "url": "https://api.congress.gov/v3/amendment/117/hamdt/251?format=json"
        },
        {
            "congress": 117,
            "introducedDate": "2022-06-03",
            "latestAction": {
                "actionDate": "2022-06-03",
                "text": "Referred to the House Committee on Armed Services."
            },
            "number": "7930",
            "policyArea": {
                "name": "Armed Forces and National Security"
            },
            "title": "Military Spouse Entrepreneur Reimbursement Act",
            "type": "HR",
            "url": "https://api.congress.gov/v3/bill/117/hr/7930?format=json"
        },
        {
            "congress": 117,
            "introducedDate": "2022-05-18",
            "latestAction": {
                "actionDate": "2022-05-18",
                "text": "Referred to the House Committee on Energy and Commerce."
            },
            "number": "7814",
            "policyArea": {
                "name": "Health"
            },
            "title": "Health Care Providers Safety Act of 2022",
            "type": "HR",
            "url": "https://api.congress.gov/v3/bill/117/hr/7814?format=json"
        },
        {
            "congress": 117,
            "introducedDate": "2022-04-18",
            "latestAction": {
                "actionDate": "2022-11-01",
                "text": "Referred to the Subcommittee on Crime, Terrorism, and Homeland Security."
            },
            "number": "7533",
            "policyArea": {
                "name": "Crime and Law Enforcement"
            },
            "title": "To amend the Victims of Crime Act of 1984 to provide that recipients of crime victim assistance grants shall prioritize programs that provide assistance to victims of firearm violence or the family members of victims of homicide, and for other purposes.",
            "type": "HR",
            "url": "https://api.congress.gov/v3/bill/117/hr/7533?format=json"
        },
        {
            "congress": 117,
            "introducedDate": "2022-03-09",
            "latestAction": {
                "actionDate": "2022-03-21",
                "text": "Referred to the Subcommittee on Livestock and Foreign Agriculture."
            },
            "number": "7004",
            "policyArea": {
                "name": "Animals"
            },
            "title": "PIGS Act of 2022",
            "type": "HR",
            "url": "https://api.congress.gov/v3/bill/117/hr/7004?format=json"
        },
        {
            "amendmentNumber": "155",
            "congress": 117,
            "introducedDate": "2022-01-20",
            "latestAction": {
                "actionDate": "2022-01-20",
                "actionTime": "10:54:14",
                "text": "On agreeing to the Escobar amendment (A003) Agreed to by the Yeas and Nays: 228 - 198 (Roll no. 12). "
            },
            "type": null,
            "url": "https://api.congress.gov/v3/amendment/117/hamdt/155?format=json"
        },
        {
            "congress": 117,
            "introducedDate": "2021-07-20",
            "latestAction": {
                "actionDate": "2021-07-20",
                "text": "Referred to the House Committee on Armed Services."
            },
            "number": "4559",
            "policyArea": {
                "name": "Armed Forces and National Security"
            },
            "title": "Department of Defense Climate Resiliency and Readiness Act",
            "type": "HR",
            "url": "https://api.congress.gov/v3/bill/117/hr/4559?format=json"
        },
        {
            "congress": 117,
            "introducedDate": "2021-10-19",
            "latestAction": {
                "actionDate": "2022-11-01",
                "text": "Referred to the Subcommittee on Immigration and Citizenship."
            },
            "number": "5618",
            "policyArea": {
                "name": "Immigration"
            },
            "title": "Reimagining Asylum Processing Act of 2021",
            "type": "HR",
            "url": "https://api.congress.gov/v3/bill/117/hr/5618?format=json"
        },
        {
            "congress": 117,
            "introducedDate": "2021-10-15",
            "latestAction": {
                "actionDate": "2022-11-01",
                "text": "Referred to the Subcommittee on the Constitution, Civil Rights, and Civil Liberties."
            },
            "number": "5584",
            "policyArea": {
                "name": "Transportation and Public Works"
            },
            "title": "Fairness for Fallen Sailors Act",
            "type": "HR",
            "url": "https://api.congress.gov/v3/bill/117/hr/5584?format=json"
        },
        {
            "congress": 117,
            "introducedDate": "2021-09-10",
            "latestAction": {
                "actionDate": "2021-09-10",
                "text": "Referred to the House Committee on Oversight and Reform."
            },
            "number": "5217",
            "policyArea": {
                "name": "Government Operations and Politics"
            },
            "title": "Federal Acquisition E-Commerce Fairness and Competition Act",
            "type": "HR",
            "url": "https://api.congress.gov/v3/bill/117/hr/5217?format=json"
        },
        {
            "congress": 117,
            "introducedDate": "2021-07-29",
            "latestAction": {
                "actionDate": "2021-07-30",
                "text": "Referred to the Subcommittee on Health."
            },
            "number": "4812",
            "policyArea": {
                "name": "International Affairs"
            },
            "title": "Border Health Security Act of 2021",
            "type": "HR",
            "url": "https://api.congress.gov/v3/bill/117/hr/4812?format=json"
        },
        {
            "congress": 117,
            "introducedDate": "2021-07-16",
            "latestAction": {
                "actionDate": "2021-07-21",
                "text": "Ordered to be Reported."
            },
            "number": "4435",
            "policyArea": {
                "name": "Immigration"
            },
            "title": "Fight Notario Fraud Act of 2021",
            "type": "HR",
            "url": "https://api.congress.gov/v3/bill/117/hr/4435?format=json"
        },
        {
            "congress": 117,
            "introducedDate": "2021-07-09",
            "latestAction": {
                "actionDate": "2022-09-21",
                "text": "Committee on Energy and Natural Resources Subcommittee on National Parks. Hearings held."
            },
            "number": "4380",
            "policyArea": {
                "name": "Arts, Culture, Religion"
            },
            "title": "To designate the El Paso Community Healing Garden National Memorial, and for other purposes.",
            "type": "HR",
            "url": "https://api.congress.gov/v3/bill/117/hr/4380?format=json"
        },
        {
            "congress": 117,
            "introducedDate": "2021-06-01",
            "latestAction": {
                "actionDate": "2021-06-01",
                "text": "Referred to the House Committee on Armed Services."
            },
            "number": "3658",
            "policyArea": {
                "name": "Armed Forces and National Security"
            },
            "title": "To authorize the President to posthumously award the Medal of Honor to Marcelino Serna for acts of valor as a private in the Army during World War I.",
            "type": "HR",
            "url": "https://api.congress.gov/v3/bill/117/hr/3658?format=json"
        },
        {
            "congress": 117,
            "introducedDate": "2021-05-28",
            "latestAction": {
                "actionDate": "2022-11-01",
                "text": "Referred to the Subcommittee on Immigration and Citizenship."
            },
            "number": "3557",
            "policyArea": {
                "name": "Immigration"
            },
            "title": "Homeland Security Improvement Act",
            "type": "HR",
            "url": "https://api.congress.gov/v3/bill/117/hr/3557?format=json"
        },
        {
            "congress": 117,
            "introducedDate": "2021-05-14",
            "latestAction": {
                "actionDate": "2021-11-09",
                "text": "Referred to the Subcommittee on Immigration and Citizenship."
            },
            "number": "3245",
            "policyArea": {
                "name": "International Affairs"
            },
            "title": "Targeting Environmental and Climate Recklessness Act of 2021",
            "type": "HR",
            "url": "https://api.congress.gov/v3/bill/117/hr/3245?format=json"
        },
        {
            "congress": 117,
            "introducedDate": "2021-05-14",
            "latestAction": {
                "actionDate": "2021-05-17",
                "text": "Referred to the Subcommittee on Water Resources and Environment."
            },
            "number": "3238",
            "policyArea": {
                "name": "Environmental Protection"
            },
            "title": "Colonia Infrastructure Improvement Act of 2021",
            "type": "HR",
            "url": "https://api.congress.gov/v3/bill/117/hr/3238?format=json"
        },
        {
            "congress": 117,
            "introducedDate": "2021-04-30",
            "latestAction": {
                "actionDate": "2022-07-27",
                "text": "Ordered to be Reported (Amended) by the Yeas and Nays: 23 - 16."
            },
            "number": "2920",
            "policyArea": {
                "name": "Immigration"
            },
            "title": "American Families United Act",
            "type": "HR",
            "url": "https://api.congress.gov/v3/bill/117/hr/2920?format=json"
        },
        {
            "congress": 117,
            "introducedDate": "2021-04-22",
            "latestAction": {
                "actionDate": "2021-06-15",
                "text": "Referred to the Subcommittee on Water, Oceans, and Wildlife."
            },
            "number": "2752",
            "policyArea": {
                "name": "Public Lands and Natural Resources"
            },
            "title": "Castner Range National Monument Act",
            "type": "HR",
            "url": "https://api.congress.gov/v3/bill/117/hr/2752?format=json"
        },
        {
            "congress": 117,
            "introducedDate": "2021-03-26",
            "latestAction": {
                "actionDate": "2021-05-13",
                "text": "Received in the Senate and Read twice and referred to the Committee on Indian Affairs."
            },
            "number": "2208",
            "policyArea": {
                "name": "Native Americans"
            },
            "title": "Ysleta del Sur Pueblo and Alabama-Coushatta Tribes of Texas Equal and Fair Opportunity Act",
            "type": "HR",
            "url": "https://api.congress.gov/v3/bill/117/hr/2208?format=json"
        },
        {
            "congress": 117,
            "introducedDate": "2021-03-03",
            "latestAction": {
                "actionDate": "2021-03-04",
                "text": "Referred to the Subcommittee on Health."
            },
            "number": "1538",
            "policyArea": {
                "name": "International Affairs"
            },
            "title": "Binational Health Strategies Act of 2021",
            "type": "HR",
            "url": "https://api.congress.gov/v3/bill/117/hr/1538?format=json"
        },
        {
            "congress": 116,
            "introducedDate": "2020-10-30",
            "latestAction": {
                "actionDate": "2020-10-30",
                "text": "Referred to the House Committee on the Judiciary."
            },
            "number": "8708",
            "policyArea": {
                "name": "Immigration"
            },
            "title": "American Families United Act",
            "type": "HR",
            "url": "https://api.congress.gov/v3/bill/116/hr/8708?format=json"
        },
        {
            "congress": 116,
            "introducedDate": "2020-10-16",
            "latestAction": {
                "actionDate": "2020-10-16",
                "text": "Referred to the Committee on Energy and Commerce, and in addition to the Committee on Foreign Affairs, for a period to be subsequently determined by the Speaker, in each case for consideration of such provisions as fall within the jurisdiction of the committee concerned."
            },
            "number": "8599",
            "policyArea": {
                "name": "International Affairs"
            },
            "title": "Binational Health Strategies Act of 2020",
            "type": "HR",
            "url": "https://api.congress.gov/v3/bill/116/hr/8599?format=json"
        },
        {
            "congress": 116,
            "introducedDate": "2020-09-23",
            "latestAction": {
                "actionDate": "2021-01-05",
                "text": "Became Public Law No: 116-288."
            },
            "number": "8354",
            "policyArea": {
                "name": "Civil Rights and Liberties, Minority Issues"
            },
            "title": "Servicemembers and Veterans Initiative Act of 2020",
            "type": "HR",
            "url": "https://api.congress.gov/v3/bill/116/hr/8354?format=json"
        },
        {
            "congress": 116,
            "introducedDate": "2020-09-16",
            "latestAction": {
                "actionDate": "2020-09-16",
                "text": "Referred to the House Committee on Veterans' Affairs."
            },
            "number": "8269",
            "policyArea": {
                "name": "Armed Forces and National Security"
            },
            "title": "Ask Veterans Act",
            "type": "HR",
            "url": "https://api.congress.gov/v3/bill/116/hr/8269?format=json"
        },
        {
            "congress": 116,
            "introducedDate": "2020-09-16",
            "latestAction": {
                "actionDate": "2020-09-16",
                "text": "Referred to the House Committee on Veterans' Affairs."
            },
            "number": "8268",
            "policyArea": {
                "name": "Armed Forces and National Security"
            },
            "title": "Honor Our Commitment Act of 2020",
            "type": "HR",
            "url": "https://api.congress.gov/v3/bill/116/hr/8268?format=json"
        },
        {
            "congress": 116,
            "introducedDate": "2020-07-31",
            "latestAction": {
                "actionDate": "2020-07-31",
                "text": "Referred to the House Committee on Oversight and Reform."
            },
            "number": "1075",
            "policyArea": {
                "name": "Crime and Law Enforcement"
            },
            "title": "Commemorating one year since the domestic terror attack motivated by white supremacy occurred in El Paso, Texas, on August 3, 2019.",
            "type": "HRES",
            "url": "https://api.congress.gov/v3/bill/116/hres/1075?format=json"
        },
        {
            "congress": 116,
            "introducedDate": "2020-07-31",
            "latestAction": {
                "actionDate": "2020-08-26",
                "text": "Referred to the Subcommittee on National Parks, Forests, and Public Lands."
            },
            "number": "7908",
            "policyArea": {
                "name": "Public Lands and Natural Resources"
            },
            "title": "To designate the El Paso Community Healing Garden National Memorial located at 6900 Delta Drive, El Paso, Texas and for other purposes.",
            "type": "HR",
            "url": "https://api.congress.gov/v3/bill/116/hr/7908?format=json"
        },
        {
            "amendmentNumber": "833",
            "congress": 116,
            "introducedDate": "2020-07-20",
            "latestAction": {
                "actionDate": "2020-07-20",
                "actionTime": "17:57:05",
                "text": "On agreeing to the Escobar amendment (A002) Agreed to by the Yeas and Nays: 215 - 190 (Roll no. 141). "
            },
            "type": null,
            "url": "https://api.congress.gov/v3/amendment/116/hamdt/833?format=json"
        },
        {
            "congress": 116,
            "introducedDate": "2020-04-17",
            "latestAction": {
                "actionDate": "2020-04-17",
                "text": "Referred to the Committee on Armed Services, and in addition to the Committee on Energy and Commerce, for a period to be subsequently determined by the Speaker, in each case for consideration of such provisions as fall within the jurisdiction of the committee concerned."
            },
            "number": "6533",
            "policyArea": {
                "name": "Armed Forces and National Security"
            },
            "title": "Defeat Infant and Maternal Mortality Act",
            "type": "HR",
            "url": "https://api.congress.gov/v3/bill/116/hr/6533?format=json"
        },
        {
            "congress": 116,
            "introducedDate": "2020-03-13",
            "latestAction": {
                "actionDate": "2020-03-13",
                "text": "Referred to the House Committee on the Judiciary."
            },
            "number": "6277",
            "policyArea": {
                "name": "Armed Forces and National Security"
            },
            "title": "Fairness for Families of Fallen Sailors Act",
            "type": "HR",
            "url": "https://api.congress.gov/v3/bill/116/hr/6277?format=json"
        },
        {
            "congress": 116,
            "introducedDate": "2020-03-12",
            "latestAction": {
                "actionDate": "2020-03-31",
                "text": "Referred to the Subcommittee on National Parks, Forests, and Public Lands."
            },
            "number": "6234",
            "policyArea": {
                "name": "Public Lands and Natural Resources"
            },
            "title": "Castner Range National Monument Act",
            "type": "HR",
            "url": "https://api.congress.gov/v3/bill/116/hr/6234?format=json"
        },
        {
            "congress": 116,
            "introducedDate": "2020-01-16",
            "latestAction": {
                "actionDate": "2020-02-07",
                "text": "Referred to the Subcommittee on Immigration and Citizenship."
            },
            "number": "5625",
            "policyArea": {
                "name": "International Affairs"
            },
            "title": "Targeting Environmental and Climate Recklessness Act of 2019",
            "type": "HR",
            "url": "https://api.congress.gov/v3/bill/116/hr/5625?format=json"
        },
        {
            "amendmentNumber": "410",
            "congress": 116,
            "introducedDate": "2019-06-20",
            "latestAction": {
                "actionDate": "2019-06-20",
                "actionTime": "10:43:40",
                "text": "On agreeing to the Escobar amendment (A024) Agreed to by voice vote. "
            },
            "type": null,
            "url": "https://api.congress.gov/v3/amendment/116/hamdt/410?format=json"
        },
        {
            "amendmentNumber": "258",
            "congress": 116,
            "introducedDate": "2019-05-22",
            "latestAction": {
                "actionDate": "2019-05-22",
                "actionTime": "15:06:20",
                "text": "On agreeing to the Escobar amendment (A012) Agreed to by voice vote. "
            },
            "type": null,
            "url": "https://api.congress.gov/v3/amendment/116/hamdt/258?format=json"
        },
        {
            "amendmentNumber": "239",
            "congress": 116,
            "introducedDate": "2019-05-16",
            "latestAction": {
                "actionDate": "2019-05-16",
                "actionTime": "17:26:02",
                "text": "On agreeing to the Escobar amendment (A020) as modified Agreed to by voice vote. "
            },
            "type": null,
            "url": "https://api.congress.gov/v3/amendment/116/hamdt/239?format=json"
        },
        {
            "congress": 116,
            "introducedDate": "2019-05-15",
            "latestAction": {
                "actionDate": "2019-05-16",
                "text": "Referred to the Subcommittee on Readiness."
            },
            "number": "2759",
            "policyArea": {
                "name": "Armed Forces and National Security"
            },
            "title": "Department of Defense Climate Resiliency and Readiness Act",
            "type": "HR",
            "url": "https://api.congress.gov/v3/bill/116/hr/2759?format=json"
        },
        {
            "congress": 116,
            "introducedDate": "2019-05-10",
            "latestAction": {
                "actionDate": "2019-06-26",
                "text": "Referred to the Subcommittee on Immigration and Citizenship."
            },
            "number": "2662",
            "policyArea": {
                "name": "Immigration"
            },
            "title": "Asylum Seeker Protection Act",
            "type": "HR",
            "url": "https://api.congress.gov/v3/bill/116/hr/2662?format=json"
        },
        {
            "congress": 116,
            "introducedDate": "2019-04-10",
            "latestAction": {
                "actionDate": "2019-09-26",
                "text": "Received in the Senate and Read twice and referred to the Committee on Homeland Security and Governmental Affairs."
            },
            "number": "2203",
            "policyArea": {
                "name": "Immigration"
            },
            "title": "Homeland Security Improvement Act",
            "type": "HR",
            "url": "https://api.congress.gov/v3/bill/116/hr/2203?format=json"
        },
        {
            "amendmentNumber": "119",
            "congress": 116,
            "introducedDate": "2019-04-03",
            "latestAction": {
                "actionDate": "2019-04-03",
                "actionTime": "15:35:31",
                "text": "On agreeing to the Escobar amendment (A003) Agreed to by voice vote. "
            },
            "type": null,
            "url": "https://api.congress.gov/v3/amendment/116/hamdt/119?format=json"
        }
    ]
}