{
    "pagination": {
        "count": 143
    },
    "request": {
        "bioguideId": "s000718",
        "contentType": "application/json",
        "format": "json"
    },
    "sponsoredLegislation": [
        {
            "congress": 104,
            "introducedDate": "1995-01-04",
            "latestAction": {
                "actionDate": "1995-03-21",
                "text": "Committee on Foreign Relations. Hearings held."
            },
            "number": "7",
            "policyArea": {
                "name": "International Affairs"
            },
            "title": "National Security Revitalization Act",
            "type": "HR",
            "url": "https://api.congress.gov/v3/bill/104/hr/7?format=json"
        },
        {
            "congress": 96,
            "introducedDate": "1979-06-19",
            "latestAction": {
                "actionDate": "1979-06-19",
                "text": "Referred to House Committee on Science and Technology."
            },
            "number": "4533",
            "policyArea": {
                "name": "Energy"
            },
            "title": "Oil Independence Act of 1979",
            "type": "HR",
            "url": "https://api.congress.gov/v3/bill/96/hr/4533?format=json"
        },
        {
            "congress": 96,
            "introducedDate": "1979-05-07",
            "latestAction": {
                "actionDate": "1979-05-07",
                "text": "Referred to House Committee on Interior and Insular Affairs."
            },
            "number": "3984",
            "policyArea": {
                "name": "Public Lands and Natural Resources"
            },
            "title": "A bill to require the Secretary of Agriculture and the Secretary of the Interior to quitclaim to the State Superintendent of Education of the State of South Carolina rights retained by the United States to certain land in Orangeburg County, South Carolina.",
            "type": "HR",
            "url": "https://api.congress.gov/v3/bill/96/hr/3984?format=json"
        },
        {
            "congress": 96,
            "introducedDate": "1979-12-03",
            "latestAction": {
                "actionDate": "1979-12-03",
                "text": "Referred to House Committee on Post Office and Civil Service."
            },
            "number": "453",
            "policyArea": {
                "name": "International Affairs"
            },
            "title": "A joint resolution requesting the President to issue a proclamation calling on the people of the United States to set aside a period of time each day to show their support for the hostages at the United States Embassy in Iran.",
            "type": "HJRES",
            "url": "https://api.congress.gov/v3/bill/96/hjres/453?format=json"
        },
        {
            "congress": 96,
            "introducedDate": "1979-01-15",
            "latestAction": {
                "actionDate": "1979-01-15",
                "text": "Referred to House Committee on the Judiciary."
            },
            "number": "83",
            "policyArea": {
                "name": "Economics and Public Finance"
            },
            "title": "A joint resolution proposing an amendment to the Constitution of the United States relative to the balancing of the budget.",
            "type": "HJRES",
            "url": "https://api.congress.gov/v3/bill/96/hjres/83?format=json"
        },
        {
            "congress": 107,
            "introducedDate": "2001-06-13",
            "latestAction": {
                "actionDate": "2001-08-29",
                "text": "Referred to the Subcommittee on Military Personnel."
            },
            "number": "2165",
            "policyArea": {
                "name": "Armed Forces and National Security"
            },
            "title": "To amend title 10, United States Code, to authorize the award of a Cold War service medal to members of the Armed Forces who served honorably during the Cold War era.",
            "type": "HR",
            "url": "https://api.congress.gov/v3/bill/107/hr/2165?format=json"
        },
        {
            "amendmentNumber": "720",
            "congress": 106,
            "introducedDate": "2000-05-17",
            "latestAction": {
                "actionDate": "2000-05-17",
                "actionTime": "17:33:56",
                "text": "On agreeing to the Spence amendments (A007) as modified Agreed to by voice vote. "
            },
            "type": null,
            "url": "https://api.congress.gov/v3/amendment/106/hamdt/720?format=json"
        },
        {
            "amendmentNumber": "163",
            "congress": 106,
            "introducedDate": "1999-06-10",
            "latestAction": {
                "actionDate": "1999-06-10",
                "actionTime": "17:14:15",
                "text": "On agreeing to the Spence amendments (A019) Agreed to by voice vote. "
            },
            "type": null,
            "url": "https://api.congress.gov/v3/amendment/106/hamdt/163?format=json"
        },
        {
            "congress": 106,
            "introducedDate": "2000-10-06",
            "latestAction": {
                "actionDate": "2000-10-06",
                "text": "Referred to the Subcommittee on Fisheries Conservation, Wildlife and Oceans."
            },
            "number": "5408",
            "policyArea": {
                "name": "Armed Forces and National Security"
            },
            "title": "Floyd D. Spence National Defense Authorization Act for Fiscal Year 2001",
            "type": "HR",
            "url": "https://api.congress.gov/v3/bill/106/hr/5408?format=json"
        },
        {
            "congress": 106,
            "introducedDate": "2000-05-25",
            "latestAction": {
                "actionDate": "2000-06-03",
                "text": "Referred to the Subcommittee on Trade."
            },
            "number": "4573",
            "policyArea": {
                "name": "Foreign Trade and International Finance"
            },
            "title": "To amend the Harmonized Tariff Schedule of the United States to provide for duty free treatment on certain manufacturing equipment.",
            "type": "HR",
            "url": "https://api.congress.gov/v3/bill/106/hr/4573?format=json"
        },
        {
            "congress": 106,
            "introducedDate": "2000-04-06",
            "latestAction": {
                "actionDate": "2000-10-30",
                "text": "Became Public Law No: 106-398."
            },
            "number": "4205",
            "policyArea": {
                "name": "Armed Forces and National Security"
            },
            "title": "Floyd D. Spence National Defense Authorization Act for Fiscal Year 2001",
            "type": "HR",
            "url": "https://api.congress.gov/v3/bill/106/hr/4205?format=json"
        },
        {
            "congress": 106,
            "introducedDate": "2000-02-29",
            "latestAction": {
                "actionDate": "2000-03-07",
                "text": "Referred to the Subcommittee on Trade."
            },
            "number": "3752",
            "policyArea": {
                "name": "Foreign Trade and International Finance"
            },
            "title": "To suspend temporarily the duty on 4-Nitro-o-xylene.",
            "type": "HR",
            "url": "https://api.congress.gov/v3/bill/106/hr/3752?format=json"
        },
        {
            "congress": 106,
            "introducedDate": "1999-04-14",
            "latestAction": {
                "actionDate": "1999-06-14",
                "actionTime": "18:37:23",
                "text": "Laid on the table. See S. 1059 for further action. (consideration: CR H4211)"
            },
            "number": "1401",
            "policyArea": {
                "name": "Armed Forces and National Security"
            },
            "title": "National Defense Authorization Act for Fiscal Year 2000",
            "type": "HR",
            "url": "https://api.congress.gov/v3/bill/106/hr/1401?format=json"
        },
        {
            "congress": 106,
            "introducedDate": "2000-06-08",
            "latestAction": {
                "actionDate": "2000-06-29",
                "text": "Became Public Law No: 106-227."
            },
            "number": "101",
            "policyArea": {
                "name": "Commemorations"
            },
            "title": "Recognizing the 225th birthday of the United States Army.",
            "type": "HJRES",
            "url": "https://api.congress.gov/v3/bill/106/hjres/101?format=json"
        },
        {
            "congress": 106,
            "introducedDate": "2000-10-17",
            "latestAction": {
                "actionDate": "2000-10-18",
                "actionTime": "18:35:14",
                "text": "Motion to reconsider laid on the table Agreed to without objection."
            },
            "number": "631",
            "policyArea": {
                "name": "Commemorations"
            },
            "title": "Honoring the members of the crew of the guided missile destroyer U.S.S. COLE (DDG-67) who were killed or wounded in the terrorist bombing attack on that vessel in Aden, Yemen, on October 12, 2000, expressing the sympathies of the House of Representatives to the families of those crew members, commending the ship's crew for their heroic damage control efforts, and condemning the bombing of that ship.",
            "type": "HRES",
            "url": "https://api.congress.gov/v3/bill/106/hres/631?format=json"
        },
        {
            "congress": 106,
            "introducedDate": "2000-06-27",
            "latestAction": {
                "actionDate": "2000-07-17",
                "actionTime": "19:27:23",
                "text": "On motion to suspend the rules and agree to the resolution Agreed to by the Yeas and Nays: (2/3 required): 391 - 5, 2 Present (Roll no. 401). (text: CR H6072-6073)"
            },
            "number": "534",
            "policyArea": {
                "name": "Armed Forces and National Security"
            },
            "title": "Expressing the sense of the House of Representatives that the recent nuclear weapons security failures at Los Alamos National Laboratory demonstrate that security policy and security procedures within the National Nuclear Security Administration remain inadequate, that the individuals responsible for such policy and procedures must be held accountable for their performance, and that immediate action must be taken to correct security deficiencies.",
            "type": "HRES",
            "url": "https://api.congress.gov/v3/bill/106/hres/534?format=json"
        },
        {
            "congress": 106,
            "introducedDate": "1999-03-24",
            "latestAction": {
                "actionDate": "1999-03-24",
                "actionTime": "19:22:05",
                "text": "Motion to reconsider laid on the table Agreed to without objection."
            },
            "number": "130",
            "policyArea": {
                "name": "Commemorations"
            },
            "title": "Expressing the support of the House of Representatives for the members of the United States Armed Forces who are engaged in military operations against the Federal Republic of Yugoslavia.",
            "type": "HRES",
            "url": "https://api.congress.gov/v3/bill/106/hres/130?format=json"
        },
        {
            "congress": 106,
            "introducedDate": "1999-02-12",
            "latestAction": {
                "actionDate": "1999-02-12",
                "text": "Referred to the House Committee on House Administration."
            },
            "number": "67",
            "policyArea": {
                "name": "Congress"
            },
            "title": "Providing amounts for the expenses of the Committee on Armed Services in the One Hundred Sixth Congress.",
            "type": "HRES",
            "url": "https://api.congress.gov/v3/bill/106/hres/67?format=json"
        },
        {
            "congress": 93,
            "introducedDate": "1974-10-17",
            "latestAction": {
                "actionDate": "1974-10-17",
                "text": "Referred to House Committee on Interstate and Foreign Commerce."
            },
            "number": "17430",
            "policyArea": {
                "name": "Energy"
            },
            "title": "A bill to amend the Solid Waste Disposal Act to authorize the Administrator of the Environmental Protection Agency to make loan guarantee and interest subsidy payments to certain governmental units to assist them in carrying out projects for the generation of energy from solid wastes.",
            "type": "HR",
            "url": "https://api.congress.gov/v3/bill/93/hr/17430?format=json"
        },
        {
            "congress": 93,
            "introducedDate": "1974-10-09",
            "latestAction": {
                "actionDate": "1974-10-09",
                "text": "Referred to House Committee on Interior and Insular Affairs."
            },
            "number": "17214",
            "policyArea": {
                "name": "Public Lands and Natural Resources"
            },
            "title": "A bill to authorize the establishment of the Eutaw Springs National Battlefield Park in the State of South Carolina.",
            "type": "HR",
            "url": "https://api.congress.gov/v3/bill/93/hr/17214?format=json"
        },
        {
            "congress": 93,
            "introducedDate": "1974-10-10",
            "latestAction": {
                "actionDate": "1974-10-10",
                "text": "Referred to House Committee on Ways and Means."
            },
            "number": "17247",
            "policyArea": {
                "name": "Environmental Protection"
            },
            "title": "A bill to provide an economic incentive for the development, manufacture, distribution, and installation of equipment which utilizes solid wastes as a heat source in the generation of power.",
            "type": "HR",
            "url": "https://api.congress.gov/v3/bill/93/hr/17247?format=json"
        },
        {
            "congress": 93,
            "introducedDate": "1974-10-03",
            "latestAction": {
                "actionDate": "1974-10-03",
                "text": "Referred to House Committee on Ways and Means."
            },
            "number": "17065",
            "policyArea": {
                "name": "Social Welfare"
            },
            "title": "A bill to amend title II of the Social Security Act so as to remove the limitation upon the amount of outside income which an individual may earn while receiving benefits thereunder.",
            "type": "HR",
            "url": "https://api.congress.gov/v3/bill/93/hr/17065?format=json"
        },
        {
            "congress": 93,
            "introducedDate": "1974-09-24",
            "latestAction": {
                "actionDate": "1974-09-24",
                "text": "Referred to House Committee on Government Operations."
            },
            "number": "16844",
            "policyArea": {
                "name": "Government Operations and Politics"
            },
            "title": "A bill to establish an Executive Department to be known as the Department of Education.",
            "type": "HR",
            "url": "https://api.congress.gov/v3/bill/93/hr/16844?format=json"
        },
        {
            "congress": 93,
            "introducedDate": "1974-08-22",
            "latestAction": {
                "actionDate": "1974-08-22",
                "text": "Referred to House Committee on Veterans' Affairs."
            },
            "number": "16572",
            "policyArea": {
                "name": "Armed Forces and National Security"
            },
            "title": "A bill to provide for the establishment of a national cemetery in the State of South Carolina.",
            "type": "HR",
            "url": "https://api.congress.gov/v3/bill/93/hr/16572?format=json"
        },
        {
            "congress": 93,
            "introducedDate": "1974-07-10",
            "latestAction": {
                "actionDate": "1974-07-10",
                "text": "Referred to House Committee on Public Works."
            },
            "number": "15848",
            "policyArea": {
                "name": "Names"
            },
            "title": "A bill to name a Federal office building to be located in Columbia, S.C., the Strom Thurmond Federal Building.",
            "type": "HR",
            "url": "https://api.congress.gov/v3/bill/93/hr/15848?format=json"
        },
        {
            "congress": 93,
            "introducedDate": "1974-06-26",
            "latestAction": {
                "actionDate": "1974-06-26",
                "text": "Referred to House Committee on House Administration."
            },
            "number": "15648",
            "policyArea": {
                "name": "Government Operations and Politics"
            },
            "title": "A bill to amend the Federal Election Campaign Act of 1971 to provide for more effective regulation of elections for Federal office, and for other purposes.",
            "type": "HR",
            "url": "https://api.congress.gov/v3/bill/93/hr/15648?format=json"
        },
        {
            "congress": 93,
            "introducedDate": "1974-04-11",
            "latestAction": {
                "actionDate": "1974-04-11",
                "text": "Referred to House Committee on Government Operations."
            },
            "number": "14265",
            "policyArea": {
                "name": "Government Operations and Politics"
            },
            "title": "A bill to direct the head of each executive agency to issue regulations which require that a telephone number for such agency or major subdivision thereof be included on all letterhead stationary utilized by such agency or major subdivision.",
            "type": "HR",
            "url": "https://api.congress.gov/v3/bill/93/hr/14265?format=json"
        },
        {
            "congress": 93,
            "introducedDate": "1973-12-20",
            "latestAction": {
                "actionDate": "1973-12-20",
                "text": "Referred to House Committee on Armed Services."
            },
            "number": "12095",
            "policyArea": {
                "name": "Armed Forces and National Security"
            },
            "title": "A bill to amend title 10 of the United States Code to provide that certain additional amounts received by retired servicemen employed in the Junior Reserve Officers' Training Corps shall be treated as subsistence or uniform allowances or as amounts received as commutation of quarters.",
            "type": "HR",
            "url": "https://api.congress.gov/v3/bill/93/hr/12095?format=json"
        },
        {
            "congress": 93,
            "introducedDate": "1973-11-27",
            "latestAction": {
                "actionDate": "1973-11-27",
                "text": "Referred to House Committee on Ways and Means."
            },
            "number": "11601",
            "policyArea": {
                "name": "Social Welfare"
            },
            "title": "A bill to amend the Social Security Act to prohibit the disclosure of an individual's social security number or related records for any purpose without his consent unless specifically required by law, and to provide that (unless so required) no individual may be compelled to disclose or furnish his social security number for any purpose not directly related to the operation of the old-age, survivors, and disability insurance program.",
            "type": "HR",
            "url": "https://api.congress.gov/v3/bill/93/hr/11601?format=json"
        },
        {
            "congress": 93,
            "introducedDate": "1973-11-27",
            "latestAction": {
                "actionDate": "1973-11-27",
                "text": "Referred to House Committee on Judiciary."
            },
            "number": "11600",
            "policyArea": {
                "name": "Right of privacy"
            },
            "title": "A bill to provide standards of fair personal information practices.",
            "type": "HR",
            "url": "https://api.congress.gov/v3/bill/93/hr/11600?format=json"
        },
        {
            "congress": 93,
            "introducedDate": "1973-11-08",
            "latestAction": {
                "actionDate": "1973-11-08",
                "text": "Referred to House Committee on Education and Labor."
            },
            "number": "11389",
            "policyArea": {
                "name": null
            },
            "title": "A bill to authorize financial assistance for opportunities industrialization centers.",
            "type": "HR",
            "url": "https://api.congress.gov/v3/bill/93/hr/11389?format=json"
        },
        {
            "congress": 93,
            "introducedDate": "1973-04-09",
            "latestAction": {
                "actionDate": "1973-04-09",
                "text": "Referred to House Committee on Agriculture.."
            },
            "number": "6751",
            "policyArea": {
                "name": null
            },
            "title": "A bill to amend the Consolidated Farm and Rural Development Act to modify the provisions relating to emergency loans, and for other purposes.",
            "type": "HR",
            "url": "https://api.congress.gov/v3/bill/93/hr/6751?format=json"
        },
        {
            "congress": 93,
            "introducedDate": "1973-03-05",
            "latestAction": {
                "actionDate": "1973-03-05",
                "text": "Referred to House Committee on Post Office and Civil Service."
            },
            "number": "5179",
            "policyArea": {
                "name": "Government Operations and Politics"
            },
            "title": "A bill to provide for annual authorization of appropriations to the U.S. Postal Service.",
            "type": "HR",
            "url": "https://api.congress.gov/v3/bill/93/hr/5179?format=json"
        },
        {
            "congress": 93,
            "introducedDate": "1973-03-05",
            "latestAction": {
                "actionDate": "1973-03-05",
                "text": "Referred to House Committee on Interstate and Foreign Commerce."
            },
            "number": "5178",
            "policyArea": {
                "name": null
            },
            "title": "A bill to amend the Federal Trade Commission Act (15 U.S.C. 41) to provide that under certain circumstances exclusive territorial arrangements shall not be deemed unlawful.",
            "type": "HR",
            "url": "https://api.congress.gov/v3/bill/93/hr/5178?format=json"
        },
        {
            "congress": 93,
            "introducedDate": "1974-06-18",
            "latestAction": {
                "actionDate": "1974-06-18",
                "text": "Referred to House Committee on the Judiciary."
            },
            "number": "1064",
            "policyArea": {
                "name": "Economics and Public Finance"
            },
            "title": "A resolution proposing an amendment to the Constitution of the United States relative to the balance of the budget.",
            "type": "HJRES",
            "url": "https://api.congress.gov/v3/bill/93/hjres/1064?format=json"
        },
        {
            "congress": 93,
            "introducedDate": "1974-02-07",
            "latestAction": {
                "actionDate": "1974-10-14",
                "text": "Public law 93-442."
            },
            "number": "898",
            "policyArea": {
                "name": "Commemorations"
            },
            "title": "Joint resolution authorizing the President to proclaim the second full week in October, 1974, as \"National Legal Secretaries' Court Observance Week\".",
            "type": "HJRES",
            "url": "https://api.congress.gov/v3/bill/93/hjres/898?format=json"
        },
        {
            "congress": 93,
            "introducedDate": "1973-09-12",
            "latestAction": {
                "actionDate": "1973-09-12",
                "text": "Referred to House Committee on the Judiciary."
            },
            "number": "720",
            "policyArea": {
                "name": "Economics and Public Finance"
            },
            "title": "Joint resolution proposing an amendment to the Constitution of the United States relative to the balancing of the budget.",
            "type": "HJRES",
            "url": "https://api.congress.gov/v3/bill/93/hjres/720?format=json"
        },
        {
            "congress": 93,
            "introducedDate": "1973-03-27",
            "latestAction": {
                "actionDate": "1973-08-16",
                "text": "Public law 93-104."
            },
            "number": "466",
            "policyArea": {
                "name": "Commemorations"
            },
            "title": "Joint resolution authorizing the President to proclaim the second full week in October, 1973, as \"National Legal Secretaries' Court Observance Week\".",
            "type": "HJRES",
            "url": "https://api.congress.gov/v3/bill/93/hjres/466?format=json"
        },
        {
            "congress": 93,
            "introducedDate": "1974-02-07",
            "latestAction": {
                "actionDate": "1974-02-07",
                "text": "Referred to House Committee on Post Office and Civil Service."
            },
            "number": "853",
            "policyArea": {
                "name": "Government Operations and Politics"
            },
            "title": "A resolution disapproving the recommendations of the President with respect to the rates of pay of Federal officials transmitted to the Congress in the budget for the fiscal year ending June 30, 1975.",
            "type": "HRES",
            "url": "https://api.congress.gov/v3/bill/93/hres/853?format=json"
        },
        {
            "congress": 94,
            "introducedDate": "1976-06-11",
            "latestAction": {
                "actionDate": "1976-06-11",
                "text": "Referred to House Committee on Armed Services."
            },
            "number": "14342",
            "policyArea": {
                "name": "Armed Forces and National Security"
            },
            "title": "A bill to amend chapter 49 of title 10, United States Code, to prohibit union organization in the armed forces.",
            "type": "HR",
            "url": "https://api.congress.gov/v3/bill/94/hr/14342?format=json"
        },
        {
            "congress": 94,
            "introducedDate": "1976-06-11",
            "latestAction": {
                "actionDate": "1976-06-11",
                "text": "Referred to House Committee on Armed Services."
            },
            "number": "14341",
            "policyArea": {
                "name": "Armed Forces and National Security"
            },
            "title": "A bill to amend chapter 49 of title 10, United States Code, to prohibit union organization in the armed forces.",
            "type": "HR",
            "url": "https://api.congress.gov/v3/bill/94/hr/14341?format=json"
        },
        {
            "congress": 94,
            "introducedDate": "1976-05-05",
            "latestAction": {
                "actionDate": "1976-05-05",
                "text": "Referred to House Committee on Interstate and Foreign Commerce."
            },
            "number": "13579",
            "policyArea": {
                "name": "Government Operations and Politics"
            },
            "title": "A bill to reaffirm the intent of Congress with respect to the structure of the common carrier telecommunications industry rendering services in interstate and foreign commerce; to grant additional authority to the Federal Communications Commission to authorize mergers of carriers when deemed to be in the public interest; to reaffirm the authority of the States to regulate terminal and station equipment used for telephone exchange service; and to require the Federal Communications Commission to make certain findings in connection with Commission actions authorizing specialized carriers.",
            "type": "HR",
            "url": "https://api.congress.gov/v3/bill/94/hr/13579?format=json"
        },
        {
            "congress": 94,
            "introducedDate": "1976-04-08",
            "latestAction": {
                "actionDate": "1976-04-08",
                "text": "Referred to House Committee on Interior and Insular Affairs."
            },
            "number": "13141",
            "policyArea": {
                "name": "Public Lands and Natural Resources"
            },
            "title": "A bill to authorize the establishment of the Eutaw Springs National Battlefield Park in the State of South Carolina.",
            "type": "HR",
            "url": "https://api.congress.gov/v3/bill/94/hr/13141?format=json"
        },
        {
            "congress": 94,
            "introducedDate": "1976-03-15",
            "latestAction": {
                "actionDate": "1976-03-15",
                "text": "Referred to House Committee on Armed Services."
            },
            "number": "12526",
            "policyArea": {
                "name": "Armed Forces and National Security"
            },
            "title": "A bill to amend chapter 49 of title 10, United States Code, to prohibit union organization in the armed forces.",
            "type": "HR",
            "url": "https://api.congress.gov/v3/bill/94/hr/12526?format=json"
        },
        {
            "congress": 94,
            "introducedDate": "1976-02-25",
            "latestAction": {
                "actionDate": "1976-02-25",
                "text": "Referred to House Committee on Interior and Insular Affairs."
            },
            "number": "12111",
            "policyArea": {
                "name": "Public Lands and Natural Resources"
            },
            "title": "A bill to authorize the establishment of the Congaree Swamp National Preserve in the State of South Carolina.",
            "type": "HR",
            "url": "https://api.congress.gov/v3/bill/94/hr/12111?format=json"
        },
        {
            "congress": 94,
            "introducedDate": "1976-02-16",
            "latestAction": {
                "actionDate": "1976-10-18",
                "text": "Public law 94-545."
            },
            "number": "11891",
            "policyArea": {
                "name": "Public Lands and Natural Resources"
            },
            "title": "An Act to authorize the establishment of the Congaree Swamp National Monument in the State of South Carolina, and for other purposes.",
            "type": "HR",
            "url": "https://api.congress.gov/v3/bill/94/hr/11891?format=json"
        },
        {
            "congress": 94,
            "introducedDate": "1975-10-21",
            "latestAction": {
                "actionDate": "1975-10-21",
                "text": "Referred to House Committee on Ways and Means."
            },
            "number": "10279",
            "policyArea": {
                "name": "Social Welfare"
            },
            "title": "A bill to amend title II of the Social Security Act so as to remove the limitation upon the amount of outside income which an individual may earn while receiving benefits thereunder.",
            "type": "HR",
            "url": "https://api.congress.gov/v3/bill/94/hr/10279?format=json"
        },
        {
            "congress": 94,
            "introducedDate": "1975-09-09",
            "latestAction": {
                "actionDate": "1975-09-09",
                "text": "Referred to House Committee on Interior and Insular Affairs."
            },
            "number": "9485",
            "policyArea": {
                "name": "Public Lands and Natural Resources"
            },
            "title": "A bill to authorize and direct the Secretary of Agriculture and the Secretary of the Interior to quitclaim retained rights to certain land in Orangeburg County, S. C., to the State superintendent of education of the State of South Carolina.",
            "type": "HR",
            "url": "https://api.congress.gov/v3/bill/94/hr/9485?format=json"
        },
        {
            "congress": 94,
            "introducedDate": "1975-07-29",
            "latestAction": {
                "actionDate": "1975-07-29",
                "text": "Referred to House Committee on Government Operations."
            },
            "number": "9010",
            "policyArea": {
                "name": "Executive reorganization"
            },
            "title": "A bill to establish an executive department to be known as the Department of Education.",
            "type": "HR",
            "url": "https://api.congress.gov/v3/bill/94/hr/9010?format=json"
        },
        {
            "congress": 94,
            "introducedDate": "1975-06-20",
            "latestAction": {
                "actionDate": "1975-06-20",
                "text": "Referred to House Committee on Ways and Means."
            },
            "number": "8108",
            "policyArea": {
                "name": "Social Welfare"
            },
            "title": "A bill to amend title II of the Social Security Act to establish more effective procedures for the conduct of hearings, and appointment of hearing examiners, with respect to claims under such title XVIII of such act.",
            "type": "HR",
            "url": "https://api.congress.gov/v3/bill/94/hr/8108?format=json"
        },
        {
            "congress": 94,
            "introducedDate": "1975-05-07",
            "latestAction": {
                "actionDate": "1975-05-07",
                "text": "Referred to House Committee on Veterans' Affairs."
            },
            "number": "6788",
            "policyArea": {
                "name": "Armed Forces and National Security"
            },
            "title": "A bill to amend title 38, United States Code, to authorize a program of assistance to States for the establishment, expansion, improvement, and maintenance of cemeteries for veterans.",
            "type": "HR",
            "url": "https://api.congress.gov/v3/bill/94/hr/6788?format=json"
        },
        {
            "congress": 94,
            "introducedDate": "1975-05-07",
            "latestAction": {
                "actionDate": "1975-05-07",
                "text": "Referred to House Committee on Public Works and Transportation."
            },
            "number": "6789",
            "policyArea": {
                "name": "Government Operations and Politics"
            },
            "title": "A bill to name a Federal office building to be located in Columbia, South Carolina, the Strom Thurmond Federal Building.",
            "type": "HR",
            "url": "https://api.congress.gov/v3/bill/94/hr/6789?format=json"
        },
        {
            "congress": 94,
            "introducedDate": "1975-03-26",
            "latestAction": {
                "actionDate": "1975-03-26",
                "text": "Referred to House Committee on Public Works and Transportation."
            },
            "number": "5624",
            "policyArea": {
                "name": "Government Operations and Politics"
            },
            "title": "A bill to name a Federal office building to be located in Columbia, SC, the Strom Thurmond Federal Building.",
            "type": "HR",
            "url": "https://api.congress.gov/v3/bill/94/hr/5624?format=json"
        },
        {
            "congress": 94,
            "introducedDate": "1975-02-04",
            "latestAction": {
                "actionDate": "1975-02-04",
                "text": "Referred to House Committee on Veterans' Affairs."
            },
            "number": "2747",
            "policyArea": {
                "name": "Cemeteries and funerals"
            },
            "title": "A bill to provide for the establishment of a national cemetery in the State of South Carolina.",
            "type": "HR",
            "url": "https://api.congress.gov/v3/bill/94/hr/2747?format=json"
        },
        {
            "congress": 94,
            "introducedDate": "1975-02-04",
            "latestAction": {
                "actionDate": "1975-02-04",
                "text": "Referred to House Committee on Agriculture."
            },
            "number": "2746",
            "policyArea": {
                "name": "Agriculture and Food"
            },
            "title": "A bill to amend the Federal Food Stamp Act to prohibit any increase in the portion of a household's income that may be charged for food stamps under such act in the case of any household whose members are all 60 years of age or older or in the case of any household in which over one-half of the income is provided by members 60 years of age or older.",
            "type": "HR",
            "url": "https://api.congress.gov/v3/bill/94/hr/2746?format=json"
        },
        {
            "congress": 94,
            "introducedDate": "1975-01-14",
            "latestAction": {
                "actionDate": "1975-01-14",
                "text": "Referred to House Committee on Interstate and Foreign Commerce."
            },
            "number": "1045",
            "policyArea": {
                "name": "Environmental Protection"
            },
            "title": "A bill to amend the Solid Waste Disposal Act to authorize the Administrator of the Environmental Protection Agency to make loan guarantee and interest subsidy payments to certain governmental units to assist them in carrying out projects for the generation of energy from solid wastes.",
            "type": "HR",
            "url": "https://api.congress.gov/v3/bill/94/hr/1045?format=json"
        },
        {
            "congress": 94,
            "introducedDate": "1975-01-14",
            "latestAction": {
                "actionDate": "1975-01-14",
                "text": "Referred to House Committee on Ways and Means."
            },
            "number": "1046",
            "policyArea": {
                "name": "Environmental Protection"
            },
            "title": "A bill to provide an economic incentive for the development, manufacture, distribution, and installation of equipment which utilizes solid wastes as a heat source in the generation of power.",
            "type": "HR",
            "url": "https://api.congress.gov/v3/bill/94/hr/1046?format=json"
        },
        {
            "congress": 94,
            "introducedDate": "1975-06-25",
            "latestAction": {
                "actionDate": "1975-06-25",
                "text": "Referred to House Committee on the Judiciary."
            },
            "number": "530",
            "policyArea": {
                "name": "Commemorations"
            },
            "title": "Joint resolution authorizing the President to proclaim the second full week in October of each year as \"National Legal Secretaries' Court Observance Week\".",
            "type": "HJRES",
            "url": "https://api.congress.gov/v3/bill/94/hjres/530?format=json"
        },
        {
            "congress": 94,
            "introducedDate": "1975-03-13",
            "latestAction": {
                "actionDate": "1975-03-13",
                "text": "Referred to House Committee on the Judiciary."
            },
            "number": "319",
            "policyArea": {
                "name": "Economics and Public Finance"
            },
            "title": "Joint resolution proposing an amendment to the Constitution of the United States relative to the balancing of the budget.",
            "type": "HJRES",
            "url": "https://api.congress.gov/v3/bill/94/hjres/319?format=json"
        },
        {
            "congress": 94,
            "introducedDate": "1975-03-13",
            "latestAction": {
                "actionDate": "1975-03-13",
                "text": "Referred to House Committee on the Judiciary."
            },
            "number": "318",
            "policyArea": {
                "name": "Economics and Public Finance"
            },
            "title": "Joint resolution proposing an amendment to the Constitution of the United States relative to the balancing of the budget.",
            "type": "HJRES",
            "url": "https://api.congress.gov/v3/bill/94/hjres/318?format=json"
        },
        {
            "congress": 95,
            "introducedDate": "1977-07-14",
            "latestAction": {
                "actionDate": "1977-07-14",
                "text": "Referred to House Committee on Armed Services."
            },
            "number": "8326",
            "policyArea": {
                "name": "Labor and Employment"
            },
            "title": "A bill to amend chapter 49 of title 10, United States Code, to prohibit union organization in the Armed Forces.",
            "type": "HR",
            "url": "https://api.congress.gov/v3/bill/95/hr/8326?format=json"
        },
        {
            "congress": 95,
            "introducedDate": "1977-07-12",
            "latestAction": {
                "actionDate": "1977-07-12",
                "text": "Referred to House Committee on Armed Services."
            },
            "number": "8245",
            "policyArea": {
                "name": "Labor and Employment"
            },
            "title": "A bill to amend chapter 49 of title 10, United States Code, to prohibit union organization in the Armed Forces.",
            "type": "HR",
            "url": "https://api.congress.gov/v3/bill/95/hr/8245?format=json"
        },
        {
            "congress": 95,
            "introducedDate": "1977-02-23",
            "latestAction": {
                "actionDate": "1977-02-23",
                "text": "Referred to House Committee on Veterans' Affairs."
            },
            "number": "3958",
            "policyArea": {
                "name": "Cemeteries and funerals"
            },
            "title": "A bill to provide for the establishment of a national cemetery in the State of South Carolina.",
            "type": "HR",
            "url": "https://api.congress.gov/v3/bill/95/hr/3958?format=json"
        },
        {
            "congress": 95,
            "introducedDate": "1977-01-19",
            "latestAction": {
                "actionDate": "1977-01-19",
                "text": "Referred to House Committee on Government Operations."
            },
            "number": "2217",
            "policyArea": {
                "name": "Government Operations and Politics"
            },
            "title": "A bill to establish an executive department to be known as the Department of Education.",
            "type": "HR",
            "url": "https://api.congress.gov/v3/bill/95/hr/2217?format=json"
        },
        {
            "congress": 95,
            "introducedDate": "1977-01-04",
            "latestAction": {
                "actionDate": "1977-01-04",
                "text": "Referred to House Committee on Armed Services."
            },
            "number": "693",
            "policyArea": {
                "name": "Labor and Employment"
            },
            "title": "A bill to amend chapter 49 of title 10, United States Code, to prohibit union organization in the Armed Forces.",
            "type": "HR",
            "url": "https://api.congress.gov/v3/bill/95/hr/693?format=json"
        },
        {
            "congress": 95,
            "introducedDate": "1977-01-04",
            "latestAction": {
                "actionDate": "1977-01-04",
                "text": "Referred to House Committee on the Judiciary."
            },
            "number": "103",
            "policyArea": {
                "name": "Constitutional amendments"
            },
            "title": "Joint resolution proposing an amendment to the Constitution of the United States relative to the balancing of the budget.",
            "type": "HJRES",
            "url": "https://api.congress.gov/v3/bill/95/hjres/103?format=json"
        },
        {
            "congress": 95,
            "introducedDate": "1977-02-07",
            "latestAction": {
                "actionDate": "1977-02-07",
                "text": "Referred to House Committee on Post Office and Civil Service."
            },
            "number": "260",
            "policyArea": {
                "name": "Salaries"
            },
            "title": "Resolution disapproving the recommendations of the President with respect to the rates of pay of Federal officials transmitted to the Congress for the fiscal year ending September 30, 1978.",
            "type": "HRES",
            "url": "https://api.congress.gov/v3/bill/95/hres/260?format=json"
        },
        {
            "congress": 97,
            "introducedDate": "1982-09-21",
            "latestAction": {
                "actionDate": "1982-09-27",
                "text": "Referred to Subcommittee on Public Lands and National Parks."
            },
            "number": "7156",
            "policyArea": {
                "name": "Public Lands and Natural Resources"
            },
            "title": "A bill to increase the land acquisition and authorize development ceilings for the Congaree Swamp National Monument.",
            "type": "HR",
            "url": "https://api.congress.gov/v3/bill/97/hr/7156?format=json"
        },
        {
            "congress": 97,
            "introducedDate": "1982-06-24",
            "latestAction": {
                "actionDate": "1982-08-23",
                "text": "Executive Comment Requested from Interior."
            },
            "number": "6719",
            "policyArea": {
                "name": "Public Lands and Natural Resources"
            },
            "title": "A bill to amend the Act authorizing the establishment of the Congaree Swamp National Monument to provide that at such time as the principal visitors center at such monument is established, such center shall be designated as the \"Harry R. E. Hampton Visitors Center\".",
            "type": "HR",
            "url": "https://api.congress.gov/v3/bill/97/hr/6719?format=json"
        },
        {
            "congress": 97,
            "introducedDate": "1982-07-19",
            "latestAction": {
                "actionDate": "1982-07-19",
                "text": "Referred to House Committee on Ways and Means."
            },
            "number": "6790",
            "policyArea": {
                "name": "Taxation"
            },
            "title": "A bill to amend the Internal Revenue Code of 1954 to allow a deduction for the cost of medically necessary custodial care provided to elderly individuals.",
            "type": "HR",
            "url": "https://api.congress.gov/v3/bill/97/hr/6790?format=json"
        },
        {
            "congress": 97,
            "introducedDate": "1982-06-23",
            "latestAction": {
                "actionDate": "1982-06-30",
                "text": "Became Public Law No: 97-210."
            },
            "number": "518",
            "policyArea": {
                "name": "Armed Forces and National Security"
            },
            "title": "A joint resolution to designate the week commencing with the fourth Monday in June 1982 as \"National NCO/Petty Officer Week\".",
            "type": "HJRES",
            "url": "https://api.congress.gov/v3/bill/97/hjres/518?format=json"
        },
        {
            "congress": 97,
            "introducedDate": "1982-05-11",
            "latestAction": {
                "actionDate": "1982-06-30",
                "text": "See H.J.Res.518."
            },
            "number": "482",
            "policyArea": {
                "name": "Armed Forces and National Security"
            },
            "title": "A joint resolution to designate the week commencing with the fourth Monday in June 1982 as \"National NCO/Petty Officer Week\".",
            "type": "HJRES",
            "url": "https://api.congress.gov/v3/bill/97/hjres/482?format=json"
        },
        {
            "congress": 98,
            "introducedDate": "1984-06-19",
            "latestAction": {
                "actionDate": "1984-06-19",
                "text": "Referred to House Committee on The Judiciary."
            },
            "number": "5897",
            "policyArea": {
                "name": "Private Legislation"
            },
            "title": "A bill for the relief of Reina Estela Olvera.",
            "type": "HR",
            "url": "https://api.congress.gov/v3/bill/98/hr/5897?format=json"
        },
        {
            "congress": 98,
            "introducedDate": "1984-01-23",
            "latestAction": {
                "actionDate": "1984-06-27",
                "text": "See H.R.4170."
            },
            "number": "4609",
            "policyArea": {
                "name": "Taxation"
            },
            "title": "Housing Finance Opportunity Act of 1984",
            "type": "HR",
            "url": "https://api.congress.gov/v3/bill/98/hr/4609?format=json"
        },
        {
            "congress": 98,
            "introducedDate": "1983-09-27",
            "latestAction": {
                "actionDate": "1984-08-10",
                "text": "For Further Action See S.1889."
            },
            "number": "3996",
            "policyArea": {
                "name": "Public Lands and Natural Resources"
            },
            "title": "A bill to amend the Act authorizing the establishment of the Congaree Swamp National Monument to provide that at such time as the principal visitors center at such monument is established, such center shall be designated as the \"Harry R. E. Hampton Visitors Center\".",
            "type": "HR",
            "url": "https://api.congress.gov/v3/bill/98/hr/3996?format=json"
        },
        {
            "congress": 98,
            "introducedDate": "1983-03-02",
            "latestAction": {
                "actionDate": "1983-03-04",
                "text": "Referred to Subcommittee on Livestock, Dairy, and Poultry."
            },
            "number": "1822",
            "policyArea": {
                "name": "Agriculture and Food"
            },
            "title": "Dairy Price Support Amendments Act of 1983",
            "type": "HR",
            "url": "https://api.congress.gov/v3/bill/98/hr/1822?format=json"
        },
        {
            "congress": 98,
            "introducedDate": "1983-01-27",
            "latestAction": {
                "actionDate": "1983-01-27",
                "text": "Referred to House Committee on Ways and Means."
            },
            "number": "1056",
            "policyArea": {
                "name": "Taxation"
            },
            "title": "A bill to amend the Internal Revenue Code of 1954 to allow a deduction for the cost of medically necessary custodial care provided to elderly individuals.",
            "type": "HR",
            "url": "https://api.congress.gov/v3/bill/98/hr/1056?format=json"
        },
        {
            "congress": 98,
            "introducedDate": "1983-01-25",
            "latestAction": {
                "actionDate": "1983-07-28",
                "text": "See H.R.2973."
            },
            "number": "900",
            "policyArea": {
                "name": "Taxation"
            },
            "title": "A bill to repeal the provisions of the Tax Equity and Fiscal Responsibility Act of 1982 which require withholding on interest and dividends.",
            "type": "HR",
            "url": "https://api.congress.gov/v3/bill/98/hr/900?format=json"
        },
        {
            "congress": 98,
            "introducedDate": "1984-05-31",
            "latestAction": {
                "actionDate": "1984-05-31",
                "text": "Referred to House Committee on House Administration."
            },
            "number": "582",
            "policyArea": {
                "name": "Armed Forces and National Security"
            },
            "title": "A joint resolution to authorize the Armored Force Monument Committee, the United States Armor Association, the World Wars Tank Corps Association, the Veterans of the Battle of the Bulge, and the 1st, 4th, 8th, 9th, 11th, 14th, and 16th Armored Division Associations jointly to erect a memorial to the \"American Armored Force\" on United States Government property in Arlington, Virginia, and for other purposes.",
            "type": "HJRES",
            "url": "https://api.congress.gov/v3/bill/98/hjres/582?format=json"
        },
        {
            "congress": 98,
            "introducedDate": "1983-01-27",
            "latestAction": {
                "actionDate": "1983-02-07",
                "text": "Referred to Subcommittee on Monopolies and Commercial Law."
            },
            "number": "107",
            "policyArea": {
                "name": "Economics and Public Finance"
            },
            "title": "A joint resolution proposing an amendment to the Constitution of the United States relative to the balancing of the budget.",
            "type": "HJRES",
            "url": "https://api.congress.gov/v3/bill/98/hjres/107?format=json"
        },
        {
            "congress": 99,
            "introducedDate": "1986-08-08",
            "latestAction": {
                "actionDate": "1986-08-12",
                "text": "Referred to Subcommittee on Conservation Credit and Rural Development."
            },
            "number": "5372",
            "policyArea": {
                "name": "Agriculture and Food"
            },
            "title": "A bill to amend section 331A of the Consolidated Farm and Rural Development Act to authorize the Secretary of Agriculture to forgo foreclosure of certain loans and to make an adjusted loan schedule available to the borrower providing for equitable repayment terms consistent with the borrower's prospective cash flow.",
            "type": "HR",
            "url": "https://api.congress.gov/v3/bill/99/hr/5372?format=json"
        },
        {
            "congress": 99,
            "introducedDate": "1986-08-01",
            "latestAction": {
                "actionDate": "1986-08-13",
                "text": "Referred to Subcommittee on Wheat, Soybeans, and Feed Grains."
            },
            "number": "5330",
            "policyArea": {
                "name": "Agriculture and Food"
            },
            "title": "Surplus Commodities Donation Act of 1986",
            "type": "HR",
            "url": "https://api.congress.gov/v3/bill/99/hr/5330?format=json"
        },
        {
            "congress": 99,
            "introducedDate": "1985-01-24",
            "latestAction": {
                "actionDate": "1985-01-24",
                "text": "Referred to House Committee on The Judiciary."
            },
            "number": "742",
            "policyArea": {
                "name": "Private Legislation"
            },
            "title": "A bill for relief of Reina Estela Olvera.",
            "type": "HR",
            "url": "https://api.congress.gov/v3/bill/99/hr/742?format=json"
        },
        {
            "congress": 99,
            "introducedDate": "1985-01-24",
            "latestAction": {
                "actionDate": "1985-01-24",
                "text": "Referred to House Committee on Ways and Means."
            },
            "number": "723",
            "policyArea": {
                "name": "Taxation"
            },
            "title": "A bill to amend the Internal Revenue Code of 1954 to allow a deduction for the cost of medically necessary custodial care provided to elderly individuals.",
            "type": "HR",
            "url": "https://api.congress.gov/v3/bill/99/hr/723?format=json"
        },
        {
            "congress": 99,
            "introducedDate": "1985-02-25",
            "latestAction": {
                "actionDate": "1986-09-29",
                "text": "Hearings Held by the Task Force on Libraries and Memorials."
            },
            "number": "167",
            "policyArea": {
                "name": "Armed Forces and National Security"
            },
            "title": "A joint resolution to authorize the Armored Force Monument Committee, the United States Armor Association, the World Wars Tank Corps Association, the Veterans of the Battle of the Bulge, the 11th Armored Cavalry Regiment Association, the Tank Destroyer Association and the 1st, 2d, 3d, 4th, 5th, 6th, 7th, 8th, 9th, 10th, 11th, 12th, 13th, 14th, 16th Armored Division Associations and the Council of Armored Division Associations jointly to erect a memorial to the \"AMERICAN ARMORED FORCE\" on United States Government property in Arlington, Virginia, and for other purposes.",
            "type": "HJRES",
            "url": "https://api.congress.gov/v3/bill/99/hjres/167?format=json"
        },
        {
            "congress": 99,
            "introducedDate": "1985-01-24",
            "latestAction": {
                "actionDate": "1985-03-06",
                "text": "Referred to Subcommittee on Monopolies and Commercial Law."
            },
            "number": "99",
            "policyArea": {
                "name": "Economics and Public Finance"
            },
            "title": "A joint resolution proposing an amendment to the Constitution of the United States relative to the balancing of the budget.",
            "type": "HJRES",
            "url": "https://api.congress.gov/v3/bill/99/hjres/99?format=json"
        },
        {
            "congress": 100,
            "introducedDate": "1988-02-25",
            "latestAction": {
                "actionDate": "1988-10-24",
                "text": "For Further Action See S.2018."
            },
            "number": "4027",
            "policyArea": {
                "name": "Public Lands and Natural Resources"
            },
            "title": "Congaree Swamp National Monument Expansion and Wilderness Act",
            "type": "HR",
            "url": "https://api.congress.gov/v3/bill/100/hr/4027?format=json"
        },
        {
            "congress": 100,
            "introducedDate": "1987-12-16",
            "latestAction": {
                "actionDate": "1987-12-16",
                "text": "Referred to House Committee on Ways and Means."
            },
            "number": "3775",
            "policyArea": {
                "name": "Taxation"
            },
            "title": "Taxpayers' Deficit Reduction Act",
            "type": "HR",
            "url": "https://api.congress.gov/v3/bill/100/hr/3775?format=json"
        },
        {
            "congress": 100,
            "introducedDate": "1987-05-05",
            "latestAction": {
                "actionDate": "1987-05-05",
                "text": "Referred to House Committee on Ways and Means."
            },
            "number": "2288",
            "policyArea": {
                "name": "Taxation"
            },
            "title": "A bill to amend the Internal Revenue Code of 1986 to allow a charitable contribution deduction to farmers who donate agricultural products to assist victims of natural disasters.",
            "type": "HR",
            "url": "https://api.congress.gov/v3/bill/100/hr/2288?format=json"
        },
        {
            "congress": 100,
            "introducedDate": "1988-04-25",
            "latestAction": {
                "actionDate": "1988-05-02",
                "text": "Referred to Subcommittee on Census and Population."
            },
            "number": "551",
            "policyArea": {
                "name": "Commemorations"
            },
            "title": "A joint resolution to designate the period commencing September 25, 1988, and ending on October 1, 1988, as \"National Historically Black Colleges Week\".",
            "type": "HJRES",
            "url": "https://api.congress.gov/v3/bill/100/hjres/551?format=json"
        },
        {
            "congress": 100,
            "introducedDate": "1987-05-20",
            "latestAction": {
                "actionDate": "1987-06-01",
                "text": "Referred to Subcommittee on Census and Population."
            },
            "number": "289",
            "policyArea": {
                "name": "Commemorations"
            },
            "title": "A joint resolution to designate the month of May, 1988 as \"National Foster Care Month\".",
            "type": "HJRES",
            "url": "https://api.congress.gov/v3/bill/100/hjres/289?format=json"
        },
        {
            "congress": 100,
            "introducedDate": "1987-03-18",
            "latestAction": {
                "actionDate": "1987-09-15",
                "text": "See S.J.Res.22."
            },
            "number": "193",
            "policyArea": {
                "name": "Commemorations"
            },
            "title": "A joint resolution to designate the period commencing September 21, 1987, and ending on September 27, 1987, as \"National Historically Black Colleges Week\".",
            "type": "HJRES",
            "url": "https://api.congress.gov/v3/bill/100/hjres/193?format=json"
        },
        {
            "congress": 101,
            "introducedDate": "1990-05-15",
            "latestAction": {
                "actionDate": "1990-05-18",
                "text": "Referred to the Subcommittee on Readiness."
            },
            "number": "4821",
            "policyArea": {
                "name": "Armed Forces and National Security"
            },
            "title": "To amend title 32, United States Code, to authorize Federal support of State defense forces.",
            "type": "HR",
            "url": "https://api.congress.gov/v3/bill/101/hr/4821?format=json"
        },
        {
            "congress": 101,
            "introducedDate": "1989-10-12",
            "latestAction": {
                "actionDate": "1989-10-12",
                "text": "Referred to the House Committee on Ways and Means."
            },
            "number": "3467",
            "policyArea": {
                "name": "Taxation"
            },
            "title": "To amend the Internal Revenue Code of 1986 to restore the deduction for contributions to individual retirement accounts as it existed before the Tax Reform Act of 1986.",
            "type": "HR",
            "url": "https://api.congress.gov/v3/bill/101/hr/3467?format=json"
        },
        {
            "congress": 101,
            "introducedDate": "1990-04-18",
            "latestAction": {
                "actionDate": "1990-04-25",
                "text": "Referred to the Subcommittee on Census and Population."
            },
            "number": "552",
            "policyArea": {
                "name": "Education"
            },
            "title": "To designate the period commencing September 9, 1990, and ending on September 15, 1990, as \"National Historically Black Colleges Week\".",
            "type": "HJRES",
            "url": "https://api.congress.gov/v3/bill/101/hjres/552?format=json"
        },
        {
            "congress": 101,
            "introducedDate": "1990-04-03",
            "latestAction": {
                "actionDate": "1990-04-10",
                "text": "Referred to the Subcommittee on Census and Population."
            },
            "number": "540",
            "policyArea": {
                "name": "Families"
            },
            "title": "Designating the month of May 1990 as \"National Foster Care Month\".",
            "type": "HJRES",
            "url": "https://api.congress.gov/v3/bill/101/hjres/540?format=json"
        },
        {
            "congress": 101,
            "introducedDate": "1989-09-06",
            "latestAction": {
                "actionDate": "1989-09-12",
                "text": "Referred to the Subcommittee on Census and Population."
            },
            "number": "399",
            "policyArea": {
                "name": "Education"
            },
            "title": "To designate the period commencing September 11, 1989, and ending on September 15, 1989, as \"National Historically Black Colleges Week\".",
            "type": "HJRES",
            "url": "https://api.congress.gov/v3/bill/101/hjres/399?format=json"
        },
        {
            "congress": 101,
            "introducedDate": "1989-06-29",
            "latestAction": {
                "actionDate": "1990-06-13",
                "text": "See H.J.Res.350."
            },
            "number": "349",
            "policyArea": {
                "name": "Government Operations and Politics"
            },
            "title": "Proposing an amendment to the Constitution of the United States authorizing the Congress and the States to prohibit the act of desecration of the flag of the United States.",
            "type": "HJRES",
            "url": "https://api.congress.gov/v3/bill/101/hjres/349?format=json"
        },
        {
            "congress": 102,
            "introducedDate": "1991-05-08",
            "latestAction": {
                "actionDate": "1992-07-08",
                "text": "Referred to the Subcommittee on Crime and Criminal Justice."
            },
            "number": "2273",
            "policyArea": {
                "name": "Crime and Law Enforcement"
            },
            "title": "Murder of United States Nationals Act of 1991",
            "type": "HR",
            "url": "https://api.congress.gov/v3/bill/102/hr/2273?format=json"
        },
        {
            "congress": 102,
            "introducedDate": "1991-04-24",
            "latestAction": {
                "actionDate": "1991-06-04",
                "text": "Referred to the Subcommittee on Readiness."
            },
            "number": "2081",
            "policyArea": {
                "name": "Armed Forces and National Security"
            },
            "title": "To amend title 32, United States Code, to authorize Federal support of State defense forces.",
            "type": "HR",
            "url": "https://api.congress.gov/v3/bill/102/hr/2081?format=json"
        },
        {
            "congress": 102,
            "introducedDate": "1991-03-20",
            "latestAction": {
                "actionDate": "1991-03-20",
                "text": "Referred to the House Committee on Veterans' Affairs."
            },
            "number": "1541",
            "policyArea": {
                "name": "Armed Forces and National Security"
            },
            "title": "To amend title 38, United States Code, to increase the rate of special pension payable to persons who have received the Congressional Medal of Honor.",
            "type": "HR",
            "url": "https://api.congress.gov/v3/bill/102/hr/1541?format=json"
        },
        {
            "congress": 102,
            "introducedDate": "1991-03-05",
            "latestAction": {
                "actionDate": "1991-04-16",
                "text": "Referred to the Subcommittee on Civil and Constitutional Rights."
            },
            "number": "176",
            "policyArea": {
                "name": "Government Operations and Politics"
            },
            "title": "Proposing an amendment to the Constitution of the United States authorizing the Congress and the States to prohibit the act of desecration of the flag of the United States.",
            "type": "HJRES",
            "url": "https://api.congress.gov/v3/bill/102/hjres/176?format=json"
        },
        {
            "congress": 102,
            "introducedDate": "1991-01-30",
            "latestAction": {
                "actionDate": "1991-08-06",
                "text": "For Further Action See S.J.Res.40."
            },
            "number": "102",
            "policyArea": {
                "name": "Education"
            },
            "title": "To designate the period commencing September 8, 1991, and ending on September 14, 1991, as \"National Historically Black Colleges Week\".",
            "type": "HJRES",
            "url": "https://api.congress.gov/v3/bill/102/hjres/102?format=json"
        },
        {
            "amendmentNumber": "576",
            "congress": 103,
            "introducedDate": "1994-05-24",
            "latestAction": {
                "actionDate": "1994-05-24",
                "actionTime": "21:04:42",
                "text": "On agreeing to the Spence amendment (A015) Failed by recorded vote: 191 - 221 (Roll no. 198). "
            },
            "type": null,
            "url": "https://api.congress.gov/v3/amendment/103/hamdt/576?format=json"
        },
        {
            "congress": 103,
            "introducedDate": "1993-04-21",
            "latestAction": {
                "actionDate": "1993-10-21",
                "text": "Forwarded by Subcommittee to Full Committee (Amended)."
            },
            "number": "1796",
            "policyArea": {
                "name": "Armed Forces and National Security"
            },
            "title": "To amend title 38, United States Code, to increase the rate of special pension payable to persons who have received the Congressional Medal of Honor.",
            "type": "HR",
            "url": "https://api.congress.gov/v3/bill/103/hr/1796?format=json"
        },
        {
            "congress": 103,
            "introducedDate": "1993-04-21",
            "latestAction": {
                "actionDate": "1993-04-21",
                "text": "Referred to the House Committee on Post Office and Civil Service."
            },
            "number": "182",
            "policyArea": {
                "name": "Health"
            },
            "title": "To designate the week of April 17-24, 1994, as \"Nancy Moore Thurmond National Organ and Tissue Donor Awareness Week\".",
            "type": "HJRES",
            "url": "https://api.congress.gov/v3/bill/103/hjres/182?format=json"
        },
        {
            "congress": 103,
            "introducedDate": "1993-05-10",
            "latestAction": {
                "actionDate": "1993-10-15",
                "text": "See S.J.Res.21."
            },
            "number": "194",
            "policyArea": {
                "name": "Social Sciences and History"
            },
            "title": "To designate the week beginning September 19, 1993, as \"National Historically Black Colleges Week\".",
            "type": "HJRES",
            "url": "https://api.congress.gov/v3/bill/103/hjres/194?format=json"
        },
        {
            "amendmentNumber": "1381",
            "congress": 104,
            "introducedDate": "1996-09-05",
            "latestAction": {
                "actionDate": "1996-09-05",
                "actionTime": "12:12:18",
                "text": "On agreeing to the Spence amendment (A001) Agreed to by voice vote. "
            },
            "type": null,
            "url": "https://api.congress.gov/v3/amendment/104/hamdt/1381?format=json"
        },
        {
            "amendmentNumber": "1056",
            "congress": 104,
            "introducedDate": "1996-05-14",
            "latestAction": {
                "actionDate": "1996-05-14",
                "actionTime": "21:05:44",
                "text": "On agreeing to the Spence amendments (A003) Agreed to by voice vote. "
            },
            "type": null,
            "url": "https://api.congress.gov/v3/amendment/104/hamdt/1056?format=json"
        },
        {
            "amendmentNumber": "1060",
            "congress": 104,
            "introducedDate": "1996-05-15",
            "latestAction": {
                "actionDate": "1996-05-15",
                "actionTime": "15:22:00",
                "text": "On agreeing to the Spence amendments (A007) as modified Agreed to by voice vote. "
            },
            "type": null,
            "url": "https://api.congress.gov/v3/amendment/104/hamdt/1060?format=json"
        },
        {
            "amendmentNumber": "928",
            "congress": 104,
            "introducedDate": "1996-01-05",
            "latestAction": {
                "actionDate": "1996-01-05",
                "actionTime": "18:58:01",
                "text": "On agreeing to the Spence amendment (A001) Agreed to without objection. "
            },
            "type": null,
            "url": "https://api.congress.gov/v3/amendment/104/hamdt/928?format=json"
        },
        {
            "amendmentNumber": "437",
            "congress": 104,
            "introducedDate": "1995-06-15",
            "latestAction": {
                "actionDate": "1995-06-15",
                "actionTime": "14:38:33",
                "text": "On agreeing to the Spence amendments (A015) Agreed to by recorded vote: 411 - 14 (Roll no. 383). "
            },
            "type": null,
            "url": "https://api.congress.gov/v3/amendment/104/hamdt/437?format=json"
        },
        {
            "amendmentNumber": "425",
            "congress": 104,
            "introducedDate": "1995-06-13",
            "latestAction": {
                "actionDate": "1995-06-13",
                "actionTime": "20:58:57",
                "text": "On agreeing to the Spence amendments (A003) Agreed to by voice vote. "
            },
            "type": null,
            "url": "https://api.congress.gov/v3/amendment/104/hamdt/425?format=json"
        },
        {
            "amendmentNumber": "168",
            "congress": 104,
            "introducedDate": "1995-02-15",
            "latestAction": {
                "actionDate": "1995-02-15",
                "actionTime": "22:30:54",
                "text": "On agreeing to the Spence amendment (A006) Agreed to by recorded vote: 221 - 204 (Roll no. 138). "
            },
            "type": null,
            "url": "https://api.congress.gov/v3/amendment/104/hamdt/168?format=json"
        },
        {
            "amendmentNumber": "163",
            "congress": 104,
            "introducedDate": "1995-02-15",
            "latestAction": {
                "actionDate": "1995-02-15",
                "actionTime": "17:40:31",
                "text": "On agreeing to the Spence amendment (A001) Agreed to by recorded vote: 320 - 110 (Roll no. 135). "
            },
            "type": null,
            "url": "https://api.congress.gov/v3/amendment/104/hamdt/163?format=json"
        },
        {
            "congress": 104,
            "introducedDate": "1996-04-15",
            "latestAction": {
                "actionDate": "1996-09-23",
                "text": "Became Public Law No: 104-201."
            },
            "number": "3230",
            "policyArea": {
                "name": "Armed Forces and National Security"
            },
            "title": "National Defense Authorization Act for Fiscal Year 1997",
            "type": "HR",
            "url": "https://api.congress.gov/v3/bill/104/hr/3230?format=json"
        },
        {
            "congress": 104,
            "introducedDate": "1995-05-02",
            "latestAction": {
                "actionDate": "1996-01-03",
                "text": "On motion to refer the bill and the accompanying veto message to the Committee on National Security. Agreed to by voice vote."
            },
            "number": "1530",
            "policyArea": {
                "name": "Armed Forces and National Security"
            },
            "title": "National Defense Authorization Act for Fiscal Year 1996",
            "type": "HR",
            "url": "https://api.congress.gov/v3/bill/104/hr/1530?format=json"
        },
        {
            "congress": 104,
            "introducedDate": "1995-03-29",
            "latestAction": {
                "actionDate": "1995-04-12",
                "text": "Executive Comment Requested from DOD."
            },
            "number": "1346",
            "policyArea": {
                "name": "Transportation and Public Works"
            },
            "title": "To amend the guarantee fee provisions of the Federal Ship Mortgage Insurance program in the Merchant Marine Act, 1936.",
            "type": "HR",
            "url": "https://api.congress.gov/v3/bill/104/hr/1346?format=json"
        },
        {
            "congress": 104,
            "introducedDate": "1995-03-29",
            "latestAction": {
                "actionDate": "1995-03-29",
                "text": "Referred to the House Committee on National Security."
            },
            "number": "1348",
            "policyArea": {
                "name": "Transportation and Public Works"
            },
            "title": "Panama Canal Amendments Act of 1995",
            "type": "HR",
            "url": "https://api.congress.gov/v3/bill/104/hr/1348?format=json"
        },
        {
            "congress": 104,
            "introducedDate": "1995-03-29",
            "latestAction": {
                "actionDate": "1995-03-29",
                "text": "Referred to the House Committee on National Security."
            },
            "number": "1349",
            "policyArea": {
                "name": "Transportation and Public Works"
            },
            "title": "Panama Canal Commission Authorization Act, Fiscal Year 1996",
            "type": "HR",
            "url": "https://api.congress.gov/v3/bill/104/hr/1349?format=json"
        },
        {
            "congress": 104,
            "introducedDate": "1995-03-29",
            "latestAction": {
                "actionDate": "1996-10-08",
                "text": "Became Public Law No: 104-239."
            },
            "number": "1350",
            "policyArea": {
                "name": "Transportation and Public Works"
            },
            "title": "Maritime Security Act of 1996",
            "type": "HR",
            "url": "https://api.congress.gov/v3/bill/104/hr/1350?format=json"
        },
        {
            "congress": 104,
            "introducedDate": "1995-03-29",
            "latestAction": {
                "actionDate": "1995-05-24",
                "text": "Ordered to be Reported (Amended)."
            },
            "number": "1347",
            "policyArea": {
                "name": "Transportation and Public Works"
            },
            "title": "Maritime Administration Authorization Act for Fiscal Year 1996",
            "type": "HR",
            "url": "https://api.congress.gov/v3/bill/104/hr/1347?format=json"
        },
        {
            "congress": 104,
            "introducedDate": "1995-02-09",
            "latestAction": {
                "actionDate": "1995-02-16",
                "text": "Unfavorable Executive Comment Received from DOD."
            },
            "number": "872",
            "policyArea": {
                "name": "International Affairs"
            },
            "title": "National Security Revitalization Act",
            "type": "HR",
            "url": "https://api.congress.gov/v3/bill/104/hr/872?format=json"
        },
        {
            "congress": 104,
            "introducedDate": "1995-02-09",
            "latestAction": {
                "actionDate": "1995-02-09",
                "text": "Referred to the House Committee on House Oversight."
            },
            "number": "77",
            "policyArea": {
                "name": "Congress"
            },
            "title": "Providing amounts for the expenses of the Committee on National Security in the One Hundred Fourth Congress.",
            "type": "HRES",
            "url": "https://api.congress.gov/v3/bill/104/hres/77?format=json"
        },
        {
            "congress": 104,
            "introducedDate": "1995-01-04",
            "latestAction": {
                "actionDate": "1995-01-09",
                "text": "Received in the Senate and referred to the Committee on Armed Services."
            },
            "number": "1",
            "policyArea": {
                "name": "Armed Forces and National Security"
            },
            "title": "Recognizing the sacrifice and courage of Army Warrant Officers David Hilemon and Bobby W. Hall II, whose helicopter was shot down over North Korea on December 17, 1994.",
            "type": "HCONRES",
            "url": "https://api.congress.gov/v3/bill/104/hconres/1?format=json"
        },
        {
            "amendmentNumber": "639",
            "congress": 105,
            "introducedDate": "1998-05-20",
            "latestAction": {
                "actionDate": "1998-05-20",
                "actionTime": "14:28:56",
                "text": "On agreeing to the Spence amendment (A001) Agreed to by recorded vote: 417 - 4 (Roll No. 167). "
            },
            "type": null,
            "url": "https://api.congress.gov/v3/amendment/105/hamdt/639?format=json"
        },
        {
            "amendmentNumber": "646",
            "congress": 105,
            "introducedDate": "1998-05-21",
            "latestAction": {
                "actionDate": "1998-05-21",
                "actionTime": "15:43:03",
                "text": "On agreeing to the Spence amendments (A008) as modified Agreed to by voice vote. "
            },
            "type": null,
            "url": "https://api.congress.gov/v3/amendment/105/hamdt/646?format=json"
        },
        {
            "amendmentNumber": "185",
            "congress": 105,
            "introducedDate": "1997-06-19",
            "latestAction": {
                "actionDate": "1997-06-19",
                "actionTime": "20:59:26",
                "text": "On agreeing to the Spence amendment (A002) Agreed to by recorded vote: 405 - 14 (Roll no. 215). "
            },
            "type": null,
            "url": "https://api.congress.gov/v3/amendment/105/hamdt/185?format=json"
        },
        {
            "amendmentNumber": "201",
            "congress": 105,
            "introducedDate": "1997-06-23",
            "latestAction": {
                "actionDate": "1997-06-23",
                "actionTime": "23:17:17",
                "text": "On agreeing to the Spence amendments (A018) Agreed to by voice vote. "
            },
            "type": null,
            "url": "https://api.congress.gov/v3/amendment/105/hamdt/201?format=json"
        },
        {
            "amendmentNumber": "186",
            "congress": 105,
            "introducedDate": "1997-06-19",
            "latestAction": {
                "actionDate": "1997-06-19",
                "actionTime": "21:10:23",
                "text": "On agreeing to the Spence amendment (A003) Agreed to by recorded vote: 332 - 88 (Roll no. 216). "
            },
            "type": null,
            "url": "https://api.congress.gov/v3/amendment/105/hamdt/186?format=json"
        },
        {
            "congress": 105,
            "introducedDate": "1998-04-01",
            "latestAction": {
                "actionDate": "1998-10-17",
                "text": "Became Public Law No: 105-261."
            },
            "number": "3616",
            "policyArea": {
                "name": "Armed Forces and National Security"
            },
            "title": "Strom Thurmond National Defense Authorization Act for Fiscal Year 1999",
            "type": "HR",
            "url": "https://api.congress.gov/v3/bill/105/hr/3616?format=json"
        },
        {
            "congress": 105,
            "introducedDate": "1998-03-19",
            "latestAction": {
                "actionDate": "1998-03-24",
                "text": "Referred to the Subcommittee on Trade."
            },
            "number": "3508",
            "policyArea": {
                "name": "Foreign Trade and International Finance"
            },
            "title": "To suspend until December 31, 2001, the duty on loudspeakers not mounted in their enclosures.",
            "type": "HR",
            "url": "https://api.congress.gov/v3/bill/105/hr/3508?format=json"
        },
        {
            "congress": 105,
            "introducedDate": "1998-03-19",
            "latestAction": {
                "actionDate": "1998-03-25",
                "text": "Referred to the Subcommittee on Trade."
            },
            "number": "3509",
            "policyArea": {
                "name": "Foreign Trade and International Finance"
            },
            "title": "To suspend until December 31, 2001, the duty on parts for use in the manufacture of loudspeakers.",
            "type": "HR",
            "url": "https://api.congress.gov/v3/bill/105/hr/3509?format=json"
        },
        {
            "congress": 105,
            "introducedDate": "1998-03-19",
            "latestAction": {
                "actionDate": "1998-03-24",
                "text": "Referred to the Subcommittee on Trade."
            },
            "number": "3507",
            "policyArea": {
                "name": "Foreign Trade and International Finance"
            },
            "title": "To suspend until December 31, 2001, the duty on certain electrical transformers for use in the manufacture of audio systems.",
            "type": "HR",
            "url": "https://api.congress.gov/v3/bill/105/hr/3507?format=json"
        },
        {
            "congress": 105,
            "introducedDate": "1998-03-05",
            "latestAction": {
                "actionDate": "1998-03-05",
                "text": "Referred to the House Committee on Ways and Means."
            },
            "number": "3402",
            "policyArea": {
                "name": "Foreign Trade and International Finance"
            },
            "title": "To suspend until December 31, 2002, the duty on certain electrical transformers for use in the manufacture of audio systems.",
            "type": "HR",
            "url": "https://api.congress.gov/v3/bill/105/hr/3402?format=json"
        },
        {
            "congress": 105,
            "introducedDate": "1998-03-05",
            "latestAction": {
                "actionDate": "1998-03-11",
                "text": "Referred to the Subcommittee on Trade."
            },
            "number": "3401",
            "policyArea": {
                "name": "Foreign Trade and International Finance"
            },
            "title": "To suspend until December 31, 2002, the duty on parts for use in the manufacture of loudspeakers.",
            "type": "HR",
            "url": "https://api.congress.gov/v3/bill/105/hr/3401?format=json"
        },
        {
            "congress": 105,
            "introducedDate": "1998-03-05",
            "latestAction": {
                "actionDate": "1998-03-11",
                "text": "Referred to the Subcommittee on Trade."
            },
            "number": "3403",
            "policyArea": {
                "name": "Foreign Trade and International Finance"
            },
            "title": "To suspend until December 31, 2002, the duty on loudspeakers not mounted in their enclosures.",
            "type": "HR",
            "url": "https://api.congress.gov/v3/bill/105/hr/3403?format=json"
        },
        {
            "congress": 105,
            "introducedDate": "1997-07-10",
            "latestAction": {
                "actionDate": "1997-07-17",
                "text": "Referred to the Subcommittee on Trade."
            },
            "number": "2148",
            "policyArea": {
                "name": "Foreign Trade and International Finance"
            },
            "title": "To suspend temporarily the duty on certain other single viscose rayon yarn.",
            "type": "HR",
            "url": "https://api.congress.gov/v3/bill/105/hr/2148?format=json"
        },
        {
            "congress": 105,
            "introducedDate": "1997-06-17",
            "latestAction": {
                "actionDate": "1997-06-24",
                "text": "See H.R.4342."
            },
            "number": "1945",
            "policyArea": {
                "name": "Foreign Trade and International Finance"
            },
            "title": "To amend the Harmonized Tariff Schedule of the United States to suspend temporarily the duty on certain manufacturing equipment.",
            "type": "HR",
            "url": "https://api.congress.gov/v3/bill/105/hr/1945?format=json"
        },
        {
            "congress": 105,
            "introducedDate": "1997-06-04",
            "latestAction": {
                "actionDate": "1998-06-04",
                "text": "Placed on the Union Calendar, Calendar No. 319."
            },
            "number": "1778",
            "policyArea": {
                "name": "Armed Forces and National Security"
            },
            "title": "Defense Reform Act of 1997",
            "type": "HR",
            "url": "https://api.congress.gov/v3/bill/105/hr/1778?format=json"
        },
        {
            "congress": 105,
            "introducedDate": "1997-03-19",
            "latestAction": {
                "actionDate": "1997-11-18",
                "text": "Became Public Law No: 105-85."
            },
            "number": "1119",
            "policyArea": {
                "name": "Armed Forces and National Security"
            },
            "title": "National Defense Authorization Act for Fiscal Year 1998",
            "type": "HR",
            "url": "https://api.congress.gov/v3/bill/105/hr/1119?format=json"
        },
        {
            "congress": 105,
            "introducedDate": "1998-12-17",
            "latestAction": {
                "actionDate": "1998-12-17",
                "actionTime": "13:02:02",
                "text": "Motion to reconsider laid on the table Agreed to without objection."
            },
            "number": "612",
            "policyArea": {
                "name": "Armed Forces and National Security"
            },
            "title": "Expressing unequivocal support for the men and women of our Armed Forces who are currently carrying out missions in and around the Persian Gulf region.",
            "type": "HRES",
            "url": "https://api.congress.gov/v3/bill/105/hres/612?format=json"
        },
        {
            "congress": 105,
            "introducedDate": "1997-02-13",
            "latestAction": {
                "actionDate": "1997-02-13",
                "text": "Referred to the House Committee on House Oversight."
            },
            "number": "57",
            "policyArea": {
                "name": "Congress"
            },
            "title": "Providing amounts for the expenses of the Committee on National Security in the One Hundred Fifth Congress.",
            "type": "HRES",
            "url": "https://api.congress.gov/v3/bill/105/hres/57?format=json"
        }
    ]
}