{
    "pagination": {
        "count": 55
    },
    "request": {
        "bioguideId": "m001221",
        "contentType": "application/json",
        "format": "json"
    },
    "sponsoredLegislation": [
        {
            "congress": 118,
            "introducedDate": "2024-08-06",
            "latestAction": {
                "actionDate": "2024-08-06",
                "text": "Referred to the House Committee on Transportation and Infrastructure."
            },
            "number": "9313",
            "policyArea": {
                "name": null
            },
            "title": "To direct the Comptroller General of the United States to report to Congress on the compliance under the Architectural Barriers Act of 1968 of all office buildings under the jurisdiction, custody, or control of the General Services Administration, and for other purposes.",
            "type": "HR",
            "url": "https://api.congress.gov/v3/bill/118/hr/9313?format=json"
        },
        {
            "congress": 118,
            "introducedDate": "2024-07-25",
            "latestAction": {
                "actionDate": "2024-07-26",
                "text": "Referred to the Subcommittee on Economic Development, Public Buildings, and Emergency Management."
            },
            "number": "9166",
            "policyArea": {
                "name": null
            },
            "title": "To require the Small Business Administration, the Appalachian Regional Commission, and the Delta Regional Authority to enter into an agreement to carry out activities to expand rural entrepreneurship, and for other purposes.",
            "type": "HR",
            "url": "https://api.congress.gov/v3/bill/118/hr/9166?format=json"
        },
        {
            "congress": 118,
            "introducedDate": "2024-07-22",
            "latestAction": {
                "actionDate": "2024-07-22",
                "text": "Referred to the House Committee on Education and the Workforce."
            },
            "number": "9087",
            "policyArea": {
                "name": null
            },
            "title": "To require the Inspector General of the Department of Health and Human Services to investigate Head Start facilities that fail to produce their annual audits as required by law.",
            "type": "HR",
            "url": "https://api.congress.gov/v3/bill/118/hr/9087?format=json"
        },
        {
            "congress": 118,
            "introducedDate": "2024-07-09",
            "latestAction": {
                "actionDate": "2024-07-09",
                "text": "Referred to the House Committee on the Judiciary."
            },
            "number": "8970",
            "policyArea": {
                "name": null
            },
            "title": "To direct the Secretary of Homeland Security to establish a publicly available database that includes information regarding aliens without lawful status in the United States who have been convicted of felonies.",
            "type": "HR",
            "url": "https://api.congress.gov/v3/bill/118/hr/8970?format=json"
        },
        {
            "congress": 118,
            "introducedDate": "2024-06-28",
            "latestAction": {
                "actionDate": "2024-06-28",
                "text": "Referred to the House Committee on Education and the Workforce."
            },
            "number": "8898",
            "policyArea": {
                "name": null
            },
            "title": "To direct the Comptroller General of the United States to conduct a study on grocery costs to United States consumers, and for other purposes.",
            "type": "HR",
            "url": "https://api.congress.gov/v3/bill/118/hr/8898?format=json"
        },
        {
            "amendmentNumber": "1010",
            "congress": 118,
            "introducedDate": "2024-06-26",
            "latestAction": {
                "actionDate": "2024-06-26",
                "actionTime": "13:34:53",
                "text": "On agreeing to the Molinaro amendment (A013) Agreed to by voice vote."
            },
            "type": null,
            "url": "https://api.congress.gov/v3/amendment/118/hamdt/1010?format=json"
        },
        {
            "congress": 118,
            "introducedDate": "2024-06-11",
            "latestAction": {
                "actionDate": "2024-06-12",
                "text": "Referred to the Subcommittee on Railroads, Pipelines, and Hazardous Materials."
            },
            "number": "8689",
            "policyArea": {
                "name": null
            },
            "title": "Amtrak Executive Bonus Disclosure Act",
            "type": "HR",
            "url": "https://api.congress.gov/v3/bill/118/hr/8689?format=json"
        },
        {
            "congress": 118,
            "introducedDate": "2024-06-05",
            "latestAction": {
                "actionDate": "2024-06-05",
                "text": "Referred to the House Committee on Ways and Means."
            },
            "number": "8635",
            "policyArea": {
                "name": null
            },
            "title": "Affordable Child Care Act",
            "type": "HR",
            "url": "https://api.congress.gov/v3/bill/118/hr/8635?format=json"
        },
        {
            "amendmentNumber": "942",
            "congress": 118,
            "introducedDate": "2024-06-04",
            "latestAction": {
                "actionDate": "2024-06-04",
                "actionTime": "14:21:08",
                "text": "On agreeing to the Molinaro amendment (A015) Agreed to by voice vote."
            },
            "type": null,
            "url": "https://api.congress.gov/v3/amendment/118/hamdt/942?format=json"
        },
        {
            "congress": 118,
            "introducedDate": "2024-05-16",
            "latestAction": {
                "actionDate": "2024-05-16",
                "text": "Referred to the House Committee on Agriculture."
            },
            "number": "8439",
            "policyArea": {
                "name": null
            },
            "title": "ThinkDIFFERENTLY Nutrition and Opportunities Act of 2024",
            "type": "HR",
            "url": "https://api.congress.gov/v3/bill/118/hr/8439?format=json"
        },
        {
            "amendmentNumber": "907",
            "congress": 118,
            "introducedDate": "2024-05-15",
            "latestAction": {
                "actionDate": "2024-05-15",
                "actionTime": "14:53:51",
                "text": "On agreeing to the Molinaro amendment (A001) Agreed to by voice vote."
            },
            "type": null,
            "url": "https://api.congress.gov/v3/amendment/118/hamdt/907?format=json"
        },
        {
            "congress": 118,
            "introducedDate": "2024-05-14",
            "latestAction": {
                "actionDate": "2024-05-14",
                "text": "Referred to the Committee on Education and the Workforce, and in addition to the Committee on Oversight and Accountability, for a period to be subsequently determined by the Speaker, in each case for consideration of such provisions as fall within the jurisdiction of the committee concerned."
            },
            "number": "8389",
            "policyArea": {
                "name": null
            },
            "title": "College Antisemitism Transparency Act",
            "type": "HR",
            "url": "https://api.congress.gov/v3/bill/118/hr/8389?format=json"
        },
        {
            "congress": 118,
            "introducedDate": "2024-04-15",
            "latestAction": {
                "actionDate": "2024-06-12",
                "text": "Received in the Senate and Read twice and referred to the Committee on Small Business and Entrepreneurship."
            },
            "number": "7989",
            "policyArea": {
                "name": "Commerce"
            },
            "title": "ThinkDIFFERENTLY About Disability Employment Act",
            "type": "HR",
            "url": "https://api.congress.gov/v3/bill/118/hr/7989?format=json"
        },
        {
            "congress": 118,
            "introducedDate": "2024-02-09",
            "latestAction": {
                "actionDate": "2024-02-16",
                "text": "Referred to the Subcommittee on Health."
            },
            "number": "7307",
            "policyArea": {
                "name": "Health"
            },
            "title": "Health Care Workforce Innovation Act of 2024",
            "type": "HR",
            "url": "https://api.congress.gov/v3/bill/118/hr/7307?format=json"
        },
        {
            "congress": 118,
            "introducedDate": "2024-02-07",
            "latestAction": {
                "actionDate": "2024-02-07",
                "text": "Referred to the House Committee on Education and the Workforce."
            },
            "number": "7291",
            "policyArea": {
                "name": "Science, Technology, Communications"
            },
            "title": "Broadband Industry Development Act",
            "type": "HR",
            "url": "https://api.congress.gov/v3/bill/118/hr/7291?format=json"
        },
        {
            "congress": 118,
            "introducedDate": "2024-02-01",
            "latestAction": {
                "actionDate": "2024-02-12",
                "text": "Referred to the Subcommittee on Water Resources and Environment."
            },
            "number": "7204",
            "policyArea": {
                "name": "Water Resources Development"
            },
            "title": "Ensure Funding for Our Environment Act",
            "type": "HR",
            "url": "https://api.congress.gov/v3/bill/118/hr/7204?format=json"
        },
        {
            "congress": 118,
            "introducedDate": "2024-01-30",
            "latestAction": {
                "actionDate": "2024-01-30",
                "text": "Referred to the House Committee on Education and the Workforce."
            },
            "number": "986",
            "policyArea": {
                "name": "Education"
            },
            "title": "Condemning New York Governor Kathy Hochul for reducing funding for schools across New York State and prioritizing increased funding for migrants.",
            "type": "HRES",
            "url": "https://api.congress.gov/v3/bill/118/hres/986?format=json"
        },
        {
            "congress": 118,
            "introducedDate": "2023-12-14",
            "latestAction": {
                "actionDate": "2023-12-14",
                "text": "Referred to the House Committee on Education and the Workforce."
            },
            "number": "6827",
            "policyArea": {
                "name": "Agriculture and Food"
            },
            "title": "To amend the Richard B. Russell National School Lunch Act to increase commodity assistance under the summer food service program.",
            "type": "HR",
            "url": "https://api.congress.gov/v3/bill/118/hr/6827?format=json"
        },
        {
            "congress": 118,
            "introducedDate": "2023-12-13",
            "latestAction": {
                "actionDate": "2023-12-15",
                "text": "Referred to the Subcommittee on Communications and Technology."
            },
            "number": "6763",
            "policyArea": {
                "name": "Health"
            },
            "title": "988 Lifeline Location Improvement Act of 2023",
            "type": "HR",
            "url": "https://api.congress.gov/v3/bill/118/hr/6763?format=json"
        },
        {
            "congress": 118,
            "introducedDate": "2023-11-29",
            "latestAction": {
                "actionDate": "2023-12-01",
                "text": "Referred to the Subcommittee on Energy, Climate and Grid Security."
            },
            "number": "6509",
            "policyArea": {
                "name": "Transportation and Public Works"
            },
            "title": "Voluntary Information-Sharing System Act",
            "type": "HR",
            "url": "https://api.congress.gov/v3/bill/118/hr/6509?format=json"
        },
        {
            "congress": 118,
            "introducedDate": "2023-11-29",
            "latestAction": {
                "actionDate": "2023-12-01",
                "text": "Referred to the Subcommittee on Energy, Climate and Grid Security."
            },
            "number": "6510",
            "policyArea": {
                "name": "Transportation and Public Works"
            },
            "title": "Hydrogen Safety and Environmental Responsibility Act",
            "type": "HR",
            "url": "https://api.congress.gov/v3/bill/118/hr/6510?format=json"
        },
        {
            "congress": 118,
            "introducedDate": "2023-11-14",
            "latestAction": {
                "actionDate": "2023-11-17",
                "text": "Referred to the Subcommittee on Health."
            },
            "number": "6412",
            "policyArea": {
                "name": "Health"
            },
            "title": "Down Syndrome Diagnosis Act",
            "type": "HR",
            "url": "https://api.congress.gov/v3/bill/118/hr/6412?format=json"
        },
        {
            "congress": 118,
            "introducedDate": "2023-11-13",
            "latestAction": {
                "actionDate": "2023-11-17",
                "text": "Referred to the Subcommittee on Health."
            },
            "number": "6388",
            "policyArea": {
                "name": "Health"
            },
            "title": "Friendly Calls for Our Seniors Act of 2023",
            "type": "HR",
            "url": "https://api.congress.gov/v3/bill/118/hr/6388?format=json"
        },
        {
            "congress": 118,
            "introducedDate": "2023-11-06",
            "latestAction": {
                "actionDate": "2024-07-23",
                "text": "Placed on Senate Legislative Calendar under General Orders. Calendar No. 441."
            },
            "number": "6249",
            "policyArea": {
                "name": "Emergency Management"
            },
            "title": "Think Differently About Emergencies Act",
            "type": "HR",
            "url": "https://api.congress.gov/v3/bill/118/hr/6249?format=json"
        },
        {
            "congress": 118,
            "introducedDate": "2023-11-06",
            "latestAction": {
                "actionDate": "2023-11-06",
                "text": "Referred to the Committee on Foreign Affairs, and in addition to the Committees on Armed Services, the Judiciary, Homeland Security, and Intelligence (Permanent Select), for a period to be subsequently determined by the Speaker, in each case for consideration of such provisions as fall within the jurisdiction of the committee concerned."
            },
            "number": "6250",
            "policyArea": {
                "name": "Government Operations and Politics"
            },
            "title": "Prevent Hamas Supporters in the U.S. Government Act",
            "type": "HR",
            "url": "https://api.congress.gov/v3/bill/118/hr/6250?format=json"
        },
        {
            "congress": 118,
            "introducedDate": "2023-11-06",
            "latestAction": {
                "actionDate": "2024-05-22",
                "text": "Received in the Senate and Read twice and referred to the Committee on Commerce, Science, and Transportation."
            },
            "number": "6248",
            "policyArea": {
                "name": "Transportation and Public Works"
            },
            "title": "Think Differently Transportation Act",
            "type": "HR",
            "url": "https://api.congress.gov/v3/bill/118/hr/6248?format=json"
        },
        {
            "congress": 118,
            "introducedDate": "2023-11-02",
            "latestAction": {
                "actionDate": "2023-11-02",
                "text": "Referred to the House Committee on Foreign Affairs."
            },
            "number": "6196",
            "policyArea": {
                "name": "International Affairs"
            },
            "title": "Israel-Hamas War Crimes Deterrence and Accountability Act",
            "type": "HR",
            "url": "https://api.congress.gov/v3/bill/118/hr/6196?format=json"
        },
        {
            "congress": 118,
            "introducedDate": "2023-11-01",
            "latestAction": {
                "actionDate": "2024-05-21",
                "text": "Placed on the Union Calendar, Calendar No. 426."
            },
            "number": "6160",
            "policyArea": {
                "name": "Health"
            },
            "title": "To amend the Public Health Service Act to reauthorize a lifespan respite care program.",
            "type": "HR",
            "url": "https://api.congress.gov/v3/bill/118/hr/6160?format=json"
        },
        {
            "congress": 118,
            "introducedDate": "2023-11-01",
            "latestAction": {
                "actionDate": "2023-11-01",
                "text": "Referred to the House Committee on Ways and Means."
            },
            "number": "6161",
            "policyArea": {
                "name": "Taxation"
            },
            "title": "SAVE Act of 2023",
            "type": "HR",
            "url": "https://api.congress.gov/v3/bill/118/hr/6161?format=json"
        },
        {
            "congress": 118,
            "introducedDate": "2023-09-26",
            "latestAction": {
                "actionDate": "2024-01-11",
                "text": "Referred to the Subcommittee on Commodity Markets, Digital Assets, and Rural Development."
            },
            "number": "5723",
            "policyArea": {
                "name": "Energy"
            },
            "title": "Leveraging Efficiency Awareness for Pumping Systems Act",
            "type": "HR",
            "url": "https://api.congress.gov/v3/bill/118/hr/5723?format=json"
        },
        {
            "congress": 118,
            "introducedDate": "2023-09-14",
            "latestAction": {
                "actionDate": "2023-09-26",
                "text": "Referred to the Subcommittee on Conservation, Research, and Biotechnology."
            },
            "number": "5500",
            "policyArea": {
                "name": "Agriculture and Food"
            },
            "title": "PLACE Act of 2023",
            "type": "HR",
            "url": "https://api.congress.gov/v3/bill/118/hr/5500?format=json"
        },
        {
            "congress": 118,
            "introducedDate": "2023-07-17",
            "latestAction": {
                "actionDate": "2023-11-29",
                "text": "Received in the Senate and Read twice and referred to the Committee on Small Business and Entrepreneurship."
            },
            "number": "4668",
            "policyArea": {
                "name": "Commerce"
            },
            "title": "POST IT Act of 2023",
            "type": "HR",
            "url": "https://api.congress.gov/v3/bill/118/hr/4668?format=json"
        },
        {
            "congress": 118,
            "introducedDate": "2023-07-19",
            "latestAction": {
                "actionDate": "2023-08-24",
                "text": "Referred to the Subcommittee on Nutrition, Foreign Agriculture, and Horticulture."
            },
            "number": "4745",
            "policyArea": {
                "name": "Agriculture and Food"
            },
            "title": "Delivering for Rural Seniors Act of 2023",
            "type": "HR",
            "url": "https://api.congress.gov/v3/bill/118/hr/4745?format=json"
        },
        {
            "congress": 118,
            "introducedDate": "2023-07-12",
            "latestAction": {
                "actionDate": "2023-08-24",
                "text": "Referred to the Subcommittee on Conservation, Research, and Biotechnology."
            },
            "number": "4586",
            "policyArea": {
                "name": "Agriculture and Food"
            },
            "title": "ThinkDIFFERENTLY Agriculture Accessibility Act of 2023",
            "type": "HR",
            "url": "https://api.congress.gov/v3/bill/118/hr/4586?format=json"
        },
        {
            "congress": 118,
            "introducedDate": "2023-06-09",
            "latestAction": {
                "actionDate": "2023-07-20",
                "text": "Received in the Senate and Read twice and referred to the Committee on Health, Education, Labor, and Pensions."
            },
            "number": "3941",
            "policyArea": {
                "name": "Immigration"
            },
            "title": "Schools Not Shelters Act",
            "type": "HR",
            "url": "https://api.congress.gov/v3/bill/118/hr/3941?format=json"
        },
        {
            "congress": 118,
            "introducedDate": "2023-06-21",
            "latestAction": {
                "actionDate": "2023-10-25",
                "text": "Placed on the Union Calendar, Calendar No. 202."
            },
            "number": "4259",
            "policyArea": {
                "name": "Education"
            },
            "title": "Think Differently about Education Act of 2023",
            "type": "HR",
            "url": "https://api.congress.gov/v3/bill/118/hr/4259?format=json"
        },
        {
            "congress": 118,
            "introducedDate": "2023-06-20",
            "latestAction": {
                "actionDate": "2023-06-20",
                "text": "Referred to the Committee on the Judiciary, and in addition to the Committee on Foreign Affairs, for a period to be subsequently determined by the Speaker, in each case for consideration of such provisions as fall within the jurisdiction of the committee concerned."
            },
            "number": "527",
            "policyArea": {
                "name": "Civil Rights and Liberties, Minority Issues"
            },
            "title": "Condemning the recent rise in antisemitic violence and harassment targeting Jewish Americans, standing in solidarity with those affected by antisemitism, and for other purposes.",
            "type": "HRES",
            "url": "https://api.congress.gov/v3/bill/118/hres/527?format=json"
        },
        {
            "congress": 118,
            "introducedDate": "2023-06-14",
            "latestAction": {
                "actionDate": "2023-07-28",
                "text": "Referred to the Subcommittee on Livestock, Dairy, and Poultry."
            },
            "number": "4125",
            "policyArea": {
                "name": "Agriculture and Food"
            },
            "title": "Dairy Farm Resiliency Act",
            "type": "HR",
            "url": "https://api.congress.gov/v3/bill/118/hr/4125?format=json"
        },
        {
            "congress": 118,
            "introducedDate": "2023-06-14",
            "latestAction": {
                "actionDate": "2023-06-14",
                "text": "Referred to the Subcommittee on Aviation."
            },
            "number": "4126",
            "policyArea": {
                "name": "Transportation and Public Works"
            },
            "title": "Future of Aviation Act",
            "type": "HR",
            "url": "https://api.congress.gov/v3/bill/118/hr/4126?format=json"
        },
        {
            "congress": 118,
            "introducedDate": "2023-06-09",
            "latestAction": {
                "actionDate": "2023-06-12",
                "text": "Referred to the Subcommittee on Aviation."
            },
            "number": "3983",
            "policyArea": {
                "name": "Transportation and Public Works"
            },
            "title": "Drone Safety and Efficiency Act",
            "type": "HR",
            "url": "https://api.congress.gov/v3/bill/118/hr/3983?format=json"
        },
        {
            "congress": 118,
            "introducedDate": "2023-05-25",
            "latestAction": {
                "actionDate": "2023-05-25",
                "text": "Referred to the House Committee on Education and the Workforce."
            },
            "number": "3711",
            "policyArea": {
                "name": "Immigration"
            },
            "title": "Schools Not Shelters Act",
            "type": "HR",
            "url": "https://api.congress.gov/v3/bill/118/hr/3711?format=json"
        },
        {
            "congress": 118,
            "introducedDate": "2023-05-24",
            "latestAction": {
                "actionDate": "2023-05-25",
                "text": "Referred to the Subcommittee on Aviation."
            },
            "number": "3647",
            "policyArea": {
                "name": "Transportation and Public Works"
            },
            "title": "AIR Act of 2023",
            "type": "HR",
            "url": "https://api.congress.gov/v3/bill/118/hr/3647?format=json"
        },
        {
            "congress": 118,
            "introducedDate": "2023-05-05",
            "latestAction": {
                "actionDate": "2023-05-05",
                "text": "Referred to the House Committee on Ways and Means."
            },
            "number": "3104",
            "policyArea": {
                "name": "Taxation"
            },
            "title": "Helping Our Heroes Act",
            "type": "HR",
            "url": "https://api.congress.gov/v3/bill/118/hr/3104?format=json"
        },
        {
            "congress": 118,
            "introducedDate": "2023-03-22",
            "latestAction": {
                "actionDate": "2023-03-23",
                "text": "Referred to the Subcommittee on Aviation."
            },
            "number": "1716",
            "policyArea": {
                "name": "Transportation and Public Works"
            },
            "title": "Global Aircraft Maintenance Safety Improvement Act",
            "type": "HR",
            "url": "https://api.congress.gov/v3/bill/118/hr/1716?format=json"
        },
        {
            "congress": 118,
            "introducedDate": "2023-03-03",
            "latestAction": {
                "actionDate": "2023-03-03",
                "text": "Referred to the House Committee on Education and the Workforce."
            },
            "number": "1358",
            "policyArea": {
                "name": "Commerce"
            },
            "title": "Combating Rural Inflation Act",
            "type": "HR",
            "url": "https://api.congress.gov/v3/bill/118/hr/1358?format=json"
        },
        {
            "congress": 118,
            "introducedDate": "2023-02-27",
            "latestAction": {
                "actionDate": "2023-03-10",
                "text": "Referred to the Subcommittee on Health."
            },
            "number": "170",
            "policyArea": {
                "name": "Health"
            },
            "title": "Recognizing it is the congressional intent of the Affordable Care Act that enhanced Federal medical assistance percentage funds are to be directly shared with the counties in States with a Medicaid local share requirement.",
            "type": "HRES",
            "url": "https://api.congress.gov/v3/bill/118/hres/170?format=json"
        },
        {
            "congress": 118,
            "introducedDate": "2023-01-31",
            "latestAction": {
                "actionDate": "2024-05-16",
                "text": "Forwarded by Subcommittee to Full Committee (Amended) by the Yeas and Nays: 20 - 0."
            },
            "number": "670",
            "policyArea": {
                "name": "Health"
            },
            "title": "Think Differently Database Act",
            "type": "HR",
            "url": "https://api.congress.gov/v3/bill/118/hr/670?format=json"
        },
        {
            "congress": 118,
            "introducedDate": "2024-03-15",
            "latestAction": {
                "actionDate": "2024-03-15",
                "text": "Referred to the House Committee on Ways and Means."
            },
            "number": "7705",
            "policyArea": {
                "name": "Taxation"
            },
            "title": "Think DIFFERENTLY Small Business Accessibility Act",
            "type": "HR",
            "url": "https://api.congress.gov/v3/bill/118/hr/7705?format=json"
        },
        {
            "congress": 118,
            "introducedDate": "2024-03-15",
            "latestAction": {
                "actionDate": "2024-03-15",
                "text": "Referred to the House Committee on Education and the Workforce."
            },
            "number": "7704",
            "policyArea": {
                "name": "Education"
            },
            "title": "Think DIFFERENTLY About Ending Learning Loss Act",
            "type": "HR",
            "url": "https://api.congress.gov/v3/bill/118/hr/7704?format=json"
        },
        {
            "amendmentNumber": "850",
            "congress": 118,
            "introducedDate": "2024-02-07",
            "latestAction": {
                "actionDate": "2024-02-07",
                "actionTime": "10:30:04",
                "text": "On agreeing to the Molinaro amendment (A001) Agreed to by voice vote. "
            },
            "type": null,
            "url": "https://api.congress.gov/v3/amendment/118/hamdt/850?format=json"
        },
        {
            "amendmentNumber": "843",
            "congress": 118,
            "introducedDate": "2024-01-30",
            "latestAction": {
                "actionDate": "2024-01-30",
                "actionTime": "15:39:29",
                "text": "On agreeing to the Molinaro amendment (A002) Agreed to by voice vote. "
            },
            "type": null,
            "url": "https://api.congress.gov/v3/amendment/118/hamdt/843?format=json"
        },
        {
            "amendmentNumber": "830",
            "congress": 118,
            "introducedDate": "2023-12-06",
            "latestAction": {
                "actionDate": "2023-12-06",
                "actionTime": "17:05:51",
                "text": "On agreeing to the Molinaro amendment (A005) Agreed to by recorded vote: 372 - 39 (Roll no. 698). "
            },
            "type": null,
            "url": "https://api.congress.gov/v3/amendment/118/hamdt/830?format=json"
        },
        {
            "amendmentNumber": "657",
            "congress": 118,
            "introducedDate": "2023-11-08",
            "latestAction": {
                "actionDate": "2023-11-08",
                "actionTime": "14:38:16",
                "text": "On agreeing to the Molinaro amendment (A002) Agreed to by recorded vote: 336 - 86 (Roll no. 623). "
            },
            "type": null,
            "url": "https://api.congress.gov/v3/amendment/118/hamdt/657?format=json"
        },
        {
            "amendmentNumber": "208",
            "congress": 118,
            "introducedDate": "2023-06-21",
            "latestAction": {
                "actionDate": "2023-06-21",
                "actionTime": "18:17:08",
                "text": "On agreeing to the Molinaro amendment (A002) Agreed to by recorded vote: 281 - 151 (Roll no. 279). "
            },
            "type": null,
            "url": "https://api.congress.gov/v3/amendment/118/hamdt/208?format=json"
        },
        {
            "amendmentNumber": "141",
            "congress": 118,
            "introducedDate": "2023-03-29",
            "latestAction": {
                "actionDate": "2023-03-29",
                "actionTime": "18:21:22",
                "text": "On agreeing to the Molinaro amendment (A010) Agreed to by recorded vote: 268 - 163 (Roll no. 170). "
            },
            "type": null,
            "url": "https://api.congress.gov/v3/amendment/118/hamdt/141?format=json"
        }
    ]
}