{
    "pagination": {
        "count": 25
    },
    "request": {
        "bioguideId": "k000371",
        "contentType": "application/json",
        "format": "json"
    },
    "sponsoredLegislation": [
        {
            "amendmentNumber": "649",
            "congress": 111,
            "introducedDate": "2010-05-13",
            "latestAction": {
                "actionDate": "2010-05-13",
                "actionTime": "10:31:34",
                "text": "On agreeing to the Kratovil amendment (A014) Agreed to by voice vote. "
            },
            "type": null,
            "url": "https://api.congress.gov/v3/amendment/111/hamdt/649?format=json"
        },
        {
            "amendmentNumber": "601",
            "congress": 111,
            "introducedDate": "2010-04-15",
            "latestAction": {
                "actionDate": "2010-04-15",
                "actionTime": "15:38:56",
                "text": "On agreeing to the Kratovil amendment (A007) Agreed to by voice vote. "
            },
            "type": null,
            "url": "https://api.congress.gov/v3/amendment/111/hamdt/601?format=json"
        },
        {
            "amendmentNumber": "566",
            "congress": 111,
            "introducedDate": "2010-02-03",
            "latestAction": {
                "actionDate": "2010-02-03",
                "actionTime": "15:30:15",
                "text": "On agreeing to the Kratovil amendment (A022) Agreed to by voice vote. "
            },
            "type": null,
            "url": "https://api.congress.gov/v3/amendment/111/hamdt/566?format=json"
        },
        {
            "amendmentNumber": "484",
            "congress": 111,
            "introducedDate": "2009-10-29",
            "latestAction": {
                "actionDate": "2009-10-29",
                "actionTime": "15:56:51",
                "text": "On agreeing to the Kratovil amendment (A008) Agreed to by voice vote. "
            },
            "type": null,
            "url": "https://api.congress.gov/v3/amendment/111/hamdt/484?format=json"
        },
        {
            "amendmentNumber": "473",
            "congress": 111,
            "introducedDate": "2009-10-23",
            "latestAction": {
                "actionDate": "2009-10-23",
                "actionTime": "10:40:55",
                "text": "On agreeing to the Kratovil amendment (A010) Agreed to by recorded vote: 398 - 0 (Roll no. 812). "
            },
            "type": null,
            "url": "https://api.congress.gov/v3/amendment/111/hamdt/473?format=json"
        },
        {
            "amendmentNumber": "143",
            "congress": 111,
            "introducedDate": "2009-05-20",
            "latestAction": {
                "actionDate": "2009-05-20",
                "actionTime": "17:44:47",
                "text": "On agreeing to the Kratovil amendment (A006) Agreed to by recorded vote: 427 - 0 (Roll no. 279). "
            },
            "type": null,
            "url": "https://api.congress.gov/v3/amendment/111/hamdt/143?format=json"
        },
        {
            "congress": 111,
            "introducedDate": "2010-09-29",
            "latestAction": {
                "actionDate": "2010-09-29",
                "text": "Referred to the House Committee on Energy and Commerce."
            },
            "number": "6348",
            "policyArea": {
                "name": "Health"
            },
            "title": "To amend title XIX of the Social Security Act to clarify the treatment of Medicaid EHR incentive payments for Federally qualified health centers.",
            "type": "HR",
            "url": "https://api.congress.gov/v3/bill/111/hr/6348?format=json"
        },
        {
            "congress": 111,
            "introducedDate": "2010-09-22",
            "latestAction": {
                "actionDate": "2010-09-23",
                "text": "Referred to the Subcommittee on Water Resources and Environment."
            },
            "number": "6182",
            "policyArea": {
                "name": "Environmental Protection"
            },
            "title": "To amend the Federal Water Pollution Control Act to authorize the Administrator of the Environmental Protection Agency to make additional capitalization grants to the water pollution control revolving funds of States that adopt smart growth principles.",
            "type": "HR",
            "url": "https://api.congress.gov/v3/bill/111/hr/6182?format=json"
        },
        {
            "congress": 111,
            "introducedDate": "2010-05-19",
            "latestAction": {
                "actionDate": "2010-05-21",
                "text": "Referred to the Subcommittee on Insular Affairs, Oceans and Wildlife."
            },
            "number": "5344",
            "policyArea": {
                "name": "Environmental Protection"
            },
            "title": "Coastal Habitat Conservation Act",
            "type": "HR",
            "url": "https://api.congress.gov/v3/bill/111/hr/5344?format=json"
        },
        {
            "congress": 111,
            "introducedDate": "2010-05-06",
            "latestAction": {
                "actionDate": "2010-06-15",
                "text": "Referred to the Subcommittee on Crime, Terrorism, and Homeland Security."
            },
            "number": "5232",
            "policyArea": {
                "name": "Crime and Law Enforcement"
            },
            "title": "Sex Crime Re-Entry EvaluatioN (SCREEN) Act of 2010",
            "type": "HR",
            "url": "https://api.congress.gov/v3/bill/111/hr/5232?format=json"
        },
        {
            "congress": 111,
            "introducedDate": "2010-03-25",
            "latestAction": {
                "actionDate": "2011-01-04",
                "text": "Became Public Law No: 111-357."
            },
            "number": "4973",
            "policyArea": {
                "name": "Public Lands and Natural Resources"
            },
            "title": "National Wildlife Refuge Volunteer Improvement Act of 2010",
            "type": "HR",
            "url": "https://api.congress.gov/v3/bill/111/hr/4973?format=json"
        },
        {
            "congress": 111,
            "introducedDate": "2010-03-24",
            "latestAction": {
                "actionDate": "2010-03-24",
                "text": "Referred to the Subcommittee on Rural Development, Entrepreneurship and Trade."
            },
            "number": "4932",
            "policyArea": {
                "name": "Commerce"
            },
            "title": "Small Business Development Centers Relief Act of 2010",
            "type": "HR",
            "url": "https://api.congress.gov/v3/bill/111/hr/4932?format=json"
        },
        {
            "congress": 111,
            "introducedDate": "2010-03-17",
            "latestAction": {
                "actionDate": "2010-03-17",
                "text": "Referred to House Rules"
            },
            "number": "4871",
            "policyArea": {
                "name": "Economics and Public Finance"
            },
            "title": "Spending Reduction Act of 2010",
            "type": "HR",
            "url": "https://api.congress.gov/v3/bill/111/hr/4871?format=json"
        },
        {
            "congress": 111,
            "introducedDate": "2010-02-23",
            "latestAction": {
                "actionDate": "2010-06-10",
                "text": "Committee Hearings Held."
            },
            "number": "4664",
            "policyArea": {
                "name": "Armed Forces and National Security"
            },
            "title": "To amend the Servicemembers Civil Relief Act to provide for a one-year moratorium on the sale or foreclosure of property owned by surviving spouses of servicemembers killed in Operation Iraqi Freedom or Operation Enduring Freedom.",
            "type": "HR",
            "url": "https://api.congress.gov/v3/bill/111/hr/4664?format=json"
        },
        {
            "congress": 111,
            "introducedDate": "2010-02-22",
            "latestAction": {
                "actionDate": "2010-04-26",
                "text": "Referred to the Subcommittee on Crime, Terrorism, and Homeland Security."
            },
            "number": "4627",
            "policyArea": {
                "name": "Immigration"
            },
            "title": "Criminal Penalties for Unauthorized Employment Act of 2010",
            "type": "HR",
            "url": "https://api.congress.gov/v3/bill/111/hr/4627?format=json"
        },
        {
            "congress": 111,
            "introducedDate": "2010-02-02",
            "latestAction": {
                "actionDate": "2010-02-02",
                "text": "Referred to the House Committee on Oversight and Government Reform."
            },
            "number": "4560",
            "policyArea": {
                "name": "Economics and Public Finance"
            },
            "title": "Earmark Performance and Accountability Act of 2010",
            "type": "HR",
            "url": "https://api.congress.gov/v3/bill/111/hr/4560?format=json"
        },
        {
            "congress": 111,
            "introducedDate": "2009-10-22",
            "latestAction": {
                "actionDate": "2009-10-22",
                "text": "Referred to the House Committee on Ways and Means."
            },
            "number": "3898",
            "policyArea": {
                "name": "Taxation"
            },
            "title": "Small Business Property Reinvestment Act of 2009",
            "type": "HR",
            "url": "https://api.congress.gov/v3/bill/111/hr/3898?format=json"
        },
        {
            "congress": 111,
            "introducedDate": "2009-10-20",
            "latestAction": {
                "actionDate": "2010-07-27",
                "text": "Subcommittee Hearings Held."
            },
            "number": "3850",
            "policyArea": {
                "name": "Environmental Protection"
            },
            "title": "Nutria Eradication and Control Act of 2009",
            "type": "HR",
            "url": "https://api.congress.gov/v3/bill/111/hr/3850?format=json"
        },
        {
            "congress": 111,
            "introducedDate": "2009-10-08",
            "latestAction": {
                "actionDate": "2009-10-08",
                "text": "Referred to the House Committee on House Administration."
            },
            "number": "3762",
            "policyArea": {
                "name": "Congress"
            },
            "title": "Congressional Research Service Electronic Accessibility Act of 2009",
            "type": "HR",
            "url": "https://api.congress.gov/v3/bill/111/hr/3762?format=json"
        },
        {
            "congress": 111,
            "introducedDate": "2009-07-29",
            "latestAction": {
                "actionDate": "2009-08-19",
                "text": "Referred to the Subcommittee on Crime, Terrorism, and Homeland Security."
            },
            "number": "3375",
            "policyArea": {
                "name": "Crime and Law Enforcement"
            },
            "title": "Stop White-collar Assistance to Terrorists Act",
            "type": "HR",
            "url": "https://api.congress.gov/v3/bill/111/hr/3375?format=json"
        },
        {
            "congress": 111,
            "introducedDate": "2009-04-30",
            "latestAction": {
                "actionDate": "2009-12-21",
                "text": "Placed on Senate Legislative Calendar under General Orders. Calendar No. 248."
            },
            "number": "2188",
            "policyArea": {
                "name": "Animals"
            },
            "title": "Joint Ventures for Bird Habitat Conservation Act of 2009",
            "type": "HR",
            "url": "https://api.congress.gov/v3/bill/111/hr/2188?format=json"
        },
        {
            "congress": 111,
            "introducedDate": "2009-04-02",
            "latestAction": {
                "actionDate": "2009-05-26",
                "text": "Referred to the Subcommittee on Immigration, Citizenship, Refugees, Border Security, and International Law."
            },
            "number": "1934",
            "policyArea": {
                "name": "Immigration"
            },
            "title": "American Job and Seasonal Business Preservation Act",
            "type": "HR",
            "url": "https://api.congress.gov/v3/bill/111/hr/1934?format=json"
        },
        {
            "congress": 111,
            "introducedDate": "2009-03-17",
            "latestAction": {
                "actionDate": "2009-03-17",
                "text": "Referred to the House Committee on Ways and Means."
            },
            "number": "1552",
            "policyArea": {
                "name": "Taxation"
            },
            "title": "To amend the Internal Revenue Code of 1986 to increase the amount allowed as a deduction for start-up expenditures.",
            "type": "HR",
            "url": "https://api.congress.gov/v3/bill/111/hr/1552?format=json"
        },
        {
            "congress": 111,
            "introducedDate": "2010-05-13",
            "latestAction": {
                "actionDate": "2010-05-13",
                "text": "Referred to the House Committee on Rules."
            },
            "number": "1360",
            "policyArea": {
                "name": "Congress"
            },
            "title": "Amending the Rules of the House of Representatives to guarantee reasonable time prior to the consideration of legislation.",
            "type": "HRES",
            "url": "https://api.congress.gov/v3/bill/111/hres/1360?format=json"
        },
        {
            "congress": 111,
            "introducedDate": "2009-05-21",
            "latestAction": {
                "actionDate": "2009-06-08",
                "text": "Referred to the Subcommittee on Military Personnel."
            },
            "number": "471",
            "policyArea": {
                "name": "Armed Forces and National Security"
            },
            "title": "Expressing sympathy to the victims, families, and friends of the tragic act of violence at the combat stress clinic at Camp Liberty, Iraq, on May 11, 2009.",
            "type": "HRES",
            "url": "https://api.congress.gov/v3/bill/111/hres/471?format=json"
        }
    ]
}