{
    "pagination": {
        "count": 17
    },
    "request": {
        "bioguideId": "c001054",
        "contentType": "application/json",
        "format": "json"
    },
    "sponsoredLegislation": [
        {
            "congress": 118,
            "introducedDate": "2024-06-07",
            "latestAction": {
                "actionDate": "2024-06-07",
                "text": "Referred to the House Committee on Education and the Workforce."
            },
            "number": "1280",
            "policyArea": {
                "name": "Health"
            },
            "title": "Commending the University of South Alabama on the occasion of its 60th anniversary and its years of service to the State of Alabama and the United States.",
            "type": "HRES",
            "url": "https://api.congress.gov/v3/bill/118/hres/1280?format=json"
        },
        {
            "congress": 118,
            "introducedDate": "2024-01-25",
            "latestAction": {
                "actionDate": "2024-01-25",
                "text": "Referred to the House Committee on Oversight and Accountability."
            },
            "number": "7080",
            "policyArea": {
                "name": "Government Operations and Politics"
            },
            "title": "Earn Your Keep Act",
            "type": "HR",
            "url": "https://api.congress.gov/v3/bill/118/hr/7080?format=json"
        },
        {
            "congress": 118,
            "introducedDate": "2023-11-02",
            "latestAction": {
                "actionDate": "2024-06-26",
                "text": "Subcommittee Hearings Held"
            },
            "number": "6180",
            "policyArea": {
                "name": "Native Americans"
            },
            "title": "Poarch Band of Creek Indians Lands Act",
            "type": "HR",
            "url": "https://api.congress.gov/v3/bill/118/hr/6180?format=json"
        },
        {
            "congress": 118,
            "introducedDate": "2023-09-27",
            "latestAction": {
                "actionDate": "2023-09-27",
                "text": "Referred to the House Committee on Education and the Workforce."
            },
            "number": "732",
            "policyArea": {
                "name": "Sports and Recreation"
            },
            "title": "Expressing support for the designation of September 30, 2023, through October 7, 2023, as \"National Student Athlete Mental Health Week\".",
            "type": "HRES",
            "url": "https://api.congress.gov/v3/bill/118/hres/732?format=json"
        },
        {
            "congress": 118,
            "introducedDate": "2023-03-08",
            "latestAction": {
                "actionDate": "2023-03-08",
                "text": "Referred to the House Committee on Oversight and Accountability."
            },
            "number": "1442",
            "policyArea": {
                "name": "Government Operations and Politics"
            },
            "title": "No Pensions for Lying Bureaucrats Act",
            "type": "HR",
            "url": "https://api.congress.gov/v3/bill/118/hr/1442?format=json"
        },
        {
            "congress": 118,
            "introducedDate": "2023-02-09",
            "latestAction": {
                "actionDate": "2024-07-09",
                "text": "Received in the Senate and Read twice and referred to the Committee on Commerce, Science, and Transportation."
            },
            "number": "897",
            "policyArea": {
                "name": "Environmental Protection"
            },
            "title": "Alabama Underwater Forest National Marine Sanctuary and Protection Act",
            "type": "HR",
            "url": "https://api.congress.gov/v3/bill/118/hr/897?format=json"
        },
        {
            "congress": 118,
            "introducedDate": "2023-01-13",
            "latestAction": {
                "actionDate": "2023-02-21",
                "text": "Referred to the Subcommittee on Energy and Mineral Resources."
            },
            "number": "356",
            "policyArea": {
                "name": "Energy"
            },
            "title": "Unleashing American Energy Act",
            "type": "HR",
            "url": "https://api.congress.gov/v3/bill/118/hr/356?format=json"
        },
        {
            "congress": 117,
            "introducedDate": "2022-03-30",
            "latestAction": {
                "actionDate": "2022-03-30",
                "text": "Referred to the House Committee on Natural Resources."
            },
            "number": "7285",
            "policyArea": {
                "name": "Energy"
            },
            "title": "Unleashing American Energy Act",
            "type": "HR",
            "url": "https://api.congress.gov/v3/bill/117/hr/7285?format=json"
        },
        {
            "congress": 117,
            "introducedDate": "2022-03-24",
            "latestAction": {
                "actionDate": "2022-03-24",
                "text": "Referred to the House Committee on Oversight and Reform."
            },
            "number": "7201",
            "policyArea": {
                "name": "Government Operations and Politics"
            },
            "title": "Earn Your Keep Act",
            "type": "HR",
            "url": "https://api.congress.gov/v3/bill/117/hr/7201?format=json"
        },
        {
            "congress": 117,
            "introducedDate": "2022-03-24",
            "latestAction": {
                "actionDate": "2022-03-24",
                "text": "Referred to the House Committee on Oversight and Reform."
            },
            "number": "7200",
            "policyArea": {
                "name": "Government Operations and Politics"
            },
            "title": "No Pensions for Lying Bureaucrats Act",
            "type": "HR",
            "url": "https://api.congress.gov/v3/bill/117/hr/7200?format=json"
        },
        {
            "congress": 117,
            "introducedDate": "2021-12-07",
            "latestAction": {
                "actionDate": "2021-12-17",
                "text": "Referred to the Subcommittee on Water, Oceans, and Wildlife."
            },
            "number": "6148",
            "policyArea": {
                "name": "Environmental Protection"
            },
            "title": "Alabama Underwater Forest National Marine Sanctuary and Protection Act",
            "type": "HR",
            "url": "https://api.congress.gov/v3/bill/117/hr/6148?format=json"
        },
        {
            "congress": 117,
            "introducedDate": "2021-11-16",
            "latestAction": {
                "actionDate": "2021-11-29",
                "text": "Referred to the Subcommittee on Health."
            },
            "number": "5983",
            "policyArea": {
                "name": "Armed Forces and National Security"
            },
            "title": "Veterans Health Flexibility Act",
            "type": "HR",
            "url": "https://api.congress.gov/v3/bill/117/hr/5983?format=json"
        },
        {
            "congress": 117,
            "introducedDate": "2021-11-15",
            "latestAction": {
                "actionDate": "2021-11-15",
                "text": "Referred to the House Committee on Oversight and Reform."
            },
            "number": "5970",
            "policyArea": {
                "name": "Government Operations and Politics"
            },
            "title": "Dormant Government Program Accountability Act",
            "type": "HR",
            "url": "https://api.congress.gov/v3/bill/117/hr/5970?format=json"
        },
        {
            "congress": 117,
            "introducedDate": "2021-11-15",
            "latestAction": {
                "actionDate": "2022-11-01",
                "text": "Referred to the Subcommittee on Immigration and Citizenship."
            },
            "number": "5969",
            "policyArea": {
                "name": "Immigration"
            },
            "title": "Border Security is National Security Act of 2021",
            "type": "HR",
            "url": "https://api.congress.gov/v3/bill/117/hr/5969?format=json"
        },
        {
            "congress": 117,
            "introducedDate": "2021-06-22",
            "latestAction": {
                "actionDate": "2021-06-23",
                "text": "Referred to the Subcommittee on Health."
            },
            "number": "487",
            "policyArea": {
                "name": "Health"
            },
            "title": "Expressing the sense of the House of Representatives the President of the United States should remove Dr. Anthony Fauci from his positions as the President's Chief Medical Advisor and as the Director of the United States National Institute of Allergy and Infectious Diseases.",
            "type": "HRES",
            "url": "https://api.congress.gov/v3/bill/117/hres/487?format=json"
        },
        {
            "congress": 117,
            "introducedDate": "2021-03-23",
            "latestAction": {
                "actionDate": "2021-05-27",
                "text": "Referred to the Subcommittee on Energy and Mineral Resources."
            },
            "number": "2131",
            "policyArea": {
                "name": "Energy"
            },
            "title": "Gulf Conservation and Recreation Funding Act",
            "type": "HR",
            "url": "https://api.congress.gov/v3/bill/117/hr/2131?format=json"
        },
        {
            "congress": 117,
            "introducedDate": "2021-03-01",
            "latestAction": {
                "actionDate": "2021-04-16",
                "text": "Referred to the Subcommittee on National Parks, Forests, and Public Lands."
            },
            "number": "1445",
            "policyArea": {
                "name": "Public Lands and Natural Resources"
            },
            "title": "American Heritage Protection Act of 2021",
            "type": "HR",
            "url": "https://api.congress.gov/v3/bill/117/hr/1445?format=json"
        }
    ]
}