{
    "pagination": {
        "count": 129
    },
    "request": {
        "bioguideId": "w000784",
        "contentType": "application/json",
        "format": "json"
    },
    "sponsoredLegislation": [
        {
            "amendmentNumber": "1027",
            "congress": 109,
            "introducedDate": "2006-06-13",
            "latestAction": {
                "actionDate": "2006-06-13",
                "actionTime": "20:56:04",
                "text": "By unanimous consent, the Wynn amendment was withdrawn. "
            },
            "type": null,
            "url": "https://api.congress.gov/v3/amendment/109/hamdt/1027?format=json"
        },
        {
            "amendmentNumber": "983",
            "congress": 109,
            "introducedDate": "2006-06-08",
            "latestAction": {
                "actionDate": "2006-06-08",
                "actionTime": "19:39:22",
                "text": "On agreeing to the Wynn amendment (A003) Agreed to by voice vote. "
            },
            "type": null,
            "url": "https://api.congress.gov/v3/amendment/109/hamdt/983?format=json"
        },
        {
            "amendmentNumber": "438",
            "congress": 109,
            "introducedDate": "2005-06-30",
            "latestAction": {
                "actionDate": "2005-06-30",
                "actionTime": "16:50:18",
                "text": "Mr. Knollenberg raised a point of order against the Wynn amendment (A045). Mr. Knollenberg raised a point of order against the amendment stating that it proposed to change existing law and constituted legislation in an appropriations bill. The Chair sustained the point of order. "
            },
            "type": null,
            "url": "https://api.congress.gov/v3/amendment/109/hamdt/438?format=json"
        },
        {
            "amendmentNumber": "117",
            "congress": 109,
            "introducedDate": "2005-05-11",
            "latestAction": {
                "actionDate": "2005-05-11",
                "actionTime": "15:28:23",
                "text": "On agreeing to the Wynn amendment (A006) Agreed to by voice vote. "
            },
            "type": null,
            "url": "https://api.congress.gov/v3/amendment/109/hamdt/117?format=json"
        },
        {
            "congress": 109,
            "introducedDate": "2006-07-27",
            "latestAction": {
                "actionDate": "2006-08-16",
                "text": "Referred to the Subcommittee on Energy."
            },
            "number": "5953",
            "policyArea": {
                "name": "Energy"
            },
            "title": "To provide for the establishment of the Commission for the Deployment of Hydrogen and Fuel Cells, and for other purposes.",
            "type": "HR",
            "url": "https://api.congress.gov/v3/bill/109/hr/5953?format=json"
        },
        {
            "congress": 109,
            "introducedDate": "2005-09-27",
            "latestAction": {
                "actionDate": "2005-10-17",
                "text": "Referred to the Subcommittee on Energy and Air Quality."
            },
            "number": "3926",
            "policyArea": {
                "name": "Commerce"
            },
            "title": "To prohibit certain transfers or assignments of franchises, and to prohibit certain fixing or maintaining of motor fuel prices, under the Petroleum Marketing Practices Act.",
            "type": "HR",
            "url": "https://api.congress.gov/v3/bill/109/hr/3926?format=json"
        },
        {
            "congress": 109,
            "introducedDate": "2005-09-13",
            "latestAction": {
                "actionDate": "2005-09-13",
                "text": "Referred to the House Committee on Ways and Means."
            },
            "number": "3759",
            "policyArea": {
                "name": "Taxation"
            },
            "title": "To amend the Internal Revenue Code of 1986 to allow withdrawals from qualified retirement plans without penalty by individuals within areas determined by the President to be disaster areas by reason of Hurricane Katrina.",
            "type": "HR",
            "url": "https://api.congress.gov/v3/bill/109/hr/3759?format=json"
        },
        {
            "congress": 109,
            "introducedDate": "2005-06-17",
            "latestAction": {
                "actionDate": "2005-07-01",
                "text": "Referred to the Subcommittee on Telecommunications and the Internet."
            },
            "number": "2982",
            "policyArea": {
                "name": "Science, Technology, Communications"
            },
            "title": "FCC Reorganization Act",
            "type": "HR",
            "url": "https://api.congress.gov/v3/bill/109/hr/2982?format=json"
        },
        {
            "congress": 109,
            "introducedDate": "2005-05-26",
            "latestAction": {
                "actionDate": "2005-05-26",
                "text": "Referred to the House Committee on Small Business."
            },
            "number": "2741",
            "policyArea": {
                "name": "Government Operations and Politics"
            },
            "title": "Subcontractor Protection Act",
            "type": "HR",
            "url": "https://api.congress.gov/v3/bill/109/hr/2741?format=json"
        },
        {
            "congress": 109,
            "introducedDate": "2005-05-26",
            "latestAction": {
                "actionDate": "2005-05-26",
                "text": "Referred to the House Committee on Small Business."
            },
            "number": "2742",
            "policyArea": {
                "name": "Government Operations and Politics"
            },
            "title": "To amend the Small Business Act to increase the minimum Government-wide goal for procurement contracts awarded to small business concerns.",
            "type": "HR",
            "url": "https://api.congress.gov/v3/bill/109/hr/2742?format=json"
        },
        {
            "congress": 109,
            "introducedDate": "2005-05-26",
            "latestAction": {
                "actionDate": "2005-05-26",
                "text": "Referred to the House Committee on Government Reform."
            },
            "number": "2740",
            "policyArea": {
                "name": "Government Operations and Politics"
            },
            "title": "Prompt Payment Improvement Act of 2005",
            "type": "HR",
            "url": "https://api.congress.gov/v3/bill/109/hr/2740?format=json"
        },
        {
            "congress": 109,
            "introducedDate": "2005-05-25",
            "latestAction": {
                "actionDate": "2005-06-03",
                "text": "Referred to the Subcommittee on Immigration, Border Security, and Claims."
            },
            "number": "2645",
            "policyArea": {
                "name": "Private Legislation"
            },
            "title": "For the relief of Web's Construction Company, Incorporated.",
            "type": "HR",
            "url": "https://api.congress.gov/v3/bill/109/hr/2645?format=json"
        },
        {
            "congress": 109,
            "introducedDate": "2005-05-25",
            "latestAction": {
                "actionDate": "2005-06-15",
                "text": "Referred to the Subcommittee on Economic Opportunity."
            },
            "number": "2644",
            "policyArea": {
                "name": "Armed Forces and National Security"
            },
            "title": "To amend the Servicemembers Civil Relief Act to extend from 90 days to one year the period after release of a member of the Armed Forces from active duty during which the member is protected from mortgage foreclosure under that Act.",
            "type": "HR",
            "url": "https://api.congress.gov/v3/bill/109/hr/2644?format=json"
        },
        {
            "congress": 109,
            "introducedDate": "2005-04-26",
            "latestAction": {
                "actionDate": "2005-04-26",
                "text": "Referred to the House Committee on Government Reform."
            },
            "number": "1864",
            "policyArea": {
                "name": "Government Operations and Politics"
            },
            "title": "Administrative Law Judges Retirement Act of 2005",
            "type": "HR",
            "url": "https://api.congress.gov/v3/bill/109/hr/1864?format=json"
        },
        {
            "congress": 109,
            "introducedDate": "2005-04-05",
            "latestAction": {
                "actionDate": "2005-04-22",
                "text": "Referred to the Subcommittee on Energy and Air Quality, for a period to be subsequently determined by the Chairman."
            },
            "number": "1482",
            "policyArea": {
                "name": "Energy"
            },
            "title": "Hydrogen Liberty Act",
            "type": "HR",
            "url": "https://api.congress.gov/v3/bill/109/hr/1482?format=json"
        },
        {
            "congress": 109,
            "introducedDate": "2005-04-05",
            "latestAction": {
                "actionDate": "2005-04-22",
                "text": "Referred to the Subcommittee on Energy and Air Quality."
            },
            "number": "1481",
            "policyArea": {
                "name": "Energy"
            },
            "title": "Interstate Transmission Act",
            "type": "HR",
            "url": "https://api.congress.gov/v3/bill/109/hr/1481?format=json"
        },
        {
            "congress": 109,
            "introducedDate": "2005-03-17",
            "latestAction": {
                "actionDate": "2005-03-17",
                "text": "Referred to the House Committee on International Relations."
            },
            "number": "180",
            "policyArea": {
                "name": "International Affairs"
            },
            "title": "Expressing the sense of the House of Representatives that a United Nations Emergency Peace Service capable of intervening in the early stages of a humanitarian crisis could save millions of lives, billions of dollars, and is in the interests of the United States.",
            "type": "HRES",
            "url": "https://api.congress.gov/v3/bill/109/hres/180?format=json"
        },
        {
            "congress": 109,
            "introducedDate": "2005-04-12",
            "latestAction": {
                "actionDate": "2005-04-22",
                "text": "Referred to the Subcommittee on Health."
            },
            "number": "130",
            "policyArea": {
                "name": "Health"
            },
            "title": "Expressing the sense of the Congress with respect to the awareness, prevention, early detection, and effective treatment of viral hepatitis, and for other purposes.",
            "type": "HCONRES",
            "url": "https://api.congress.gov/v3/bill/109/hconres/130?format=json"
        },
        {
            "amendmentNumber": "342",
            "congress": 110,
            "introducedDate": "2007-06-20",
            "latestAction": {
                "actionDate": "2007-06-20",
                "actionTime": "14:50:27",
                "text": "On agreeing to the Wynn amendment (A027) Agreed to by voice vote. "
            },
            "type": null,
            "url": "https://api.congress.gov/v3/amendment/110/hamdt/342?format=json"
        },
        {
            "amendmentNumber": "168",
            "congress": 110,
            "introducedDate": "2007-05-09",
            "latestAction": {
                "actionDate": "2007-05-09",
                "actionTime": "19:57:14",
                "text": "On agreeing to the Wynn amendment (A006) Agreed to by voice vote. "
            },
            "type": null,
            "url": "https://api.congress.gov/v3/amendment/110/hamdt/168?format=json"
        },
        {
            "amendmentNumber": "144",
            "congress": 110,
            "introducedDate": "2007-05-03",
            "latestAction": {
                "actionDate": "2007-05-03",
                "actionTime": "14:32:01",
                "text": "On agreeing to the Wynn amendment (A004) Agreed to by voice vote. "
            },
            "type": null,
            "url": "https://api.congress.gov/v3/amendment/110/hamdt/144?format=json"
        },
        {
            "congress": 110,
            "introducedDate": "2008-03-05",
            "latestAction": {
                "actionDate": "2008-06-12",
                "text": "Subcommittee Hearings Held."
            },
            "number": "5533",
            "policyArea": {
                "name": "Emergency Management"
            },
            "title": "Chemical Facilities Security Act of 2008",
            "type": "HR",
            "url": "https://api.congress.gov/v3/bill/110/hr/5533?format=json"
        },
        {
            "congress": 110,
            "introducedDate": "2008-02-26",
            "latestAction": {
                "actionDate": "2008-02-26",
                "text": "Referred to the House Committee on Financial Services."
            },
            "number": "5500",
            "policyArea": {
                "name": "Finance and Financial Sector"
            },
            "title": "Foreclosure Credit Forgiveness Act of 2008",
            "type": "HR",
            "url": "https://api.congress.gov/v3/bill/110/hr/5500?format=json"
        },
        {
            "congress": 110,
            "introducedDate": "2007-12-13",
            "latestAction": {
                "actionDate": "2008-02-08",
                "text": "Referred to the Subcommittee on Federal Workforce, Post Office, and the District of Columbia."
            },
            "number": "4650",
            "policyArea": {
                "name": "Government Operations and Politics"
            },
            "title": "Congressional Disclosures Protections Act of 2007",
            "type": "HR",
            "url": "https://api.congress.gov/v3/bill/110/hr/4650?format=json"
        },
        {
            "congress": 110,
            "introducedDate": "2007-11-07",
            "latestAction": {
                "actionDate": "2007-11-07",
                "text": "Referred to the House Committee on Ways and Means."
            },
            "number": "4112",
            "policyArea": {
                "name": "Taxation"
            },
            "title": "To amend the Internal Revenue Code of 1986 to establish a 15-year recovery period for depreciation of designated low-income buildings and to allow passive losses and credits attributable to qualified low-income buildings.",
            "type": "HR",
            "url": "https://api.congress.gov/v3/bill/110/hr/4112?format=json"
        },
        {
            "congress": 110,
            "introducedDate": "2007-10-16",
            "latestAction": {
                "actionDate": "2007-11-08",
                "text": "Referred to the Subcommittee on Telecommunications and the Internet."
            },
            "number": "3862",
            "policyArea": {
                "name": "Science, Technology, Communications"
            },
            "title": "Preparing America's Seniors for the Digital Transition Act of 2007",
            "type": "HR",
            "url": "https://api.congress.gov/v3/bill/110/hr/3862?format=json"
        },
        {
            "congress": 110,
            "introducedDate": "2007-07-23",
            "latestAction": {
                "actionDate": "2007-07-23",
                "text": "Referred to the House Committee on the Judiciary."
            },
            "number": "3137",
            "policyArea": {
                "name": "Private Legislation"
            },
            "title": "For the relief of Web's Construction Company, Incorporated.",
            "type": "HR",
            "url": "https://api.congress.gov/v3/bill/110/hr/3137?format=json"
        },
        {
            "congress": 110,
            "introducedDate": "2007-07-23",
            "latestAction": {
                "actionDate": "2007-07-26",
                "text": "Referred to the Subcommittee on Federal Workforce, Post Office, and the District of Columbia."
            },
            "number": "3136",
            "policyArea": {
                "name": "Government Operations and Politics"
            },
            "title": "Administrative Law Judges Retirement Act of 2007",
            "type": "HR",
            "url": "https://api.congress.gov/v3/bill/110/hr/3136?format=json"
        },
        {
            "congress": 110,
            "introducedDate": "2007-07-10",
            "latestAction": {
                "actionDate": "2007-07-16",
                "text": "Referred to the Subcommittee on Social Security."
            },
            "number": "2988",
            "policyArea": {
                "name": "Social Welfare"
            },
            "title": "Government Pension Offset Reform Act",
            "type": "HR",
            "url": "https://api.congress.gov/v3/bill/110/hr/2988?format=json"
        },
        {
            "congress": 110,
            "introducedDate": "2007-05-24",
            "latestAction": {
                "actionDate": "2007-05-24",
                "text": "Referred to the Subcommittee on Health."
            },
            "number": "2472",
            "policyArea": {
                "name": "Health"
            },
            "title": "Essential Oral Health Care Act of 2007",
            "type": "HR",
            "url": "https://api.congress.gov/v3/bill/110/hr/2472?format=json"
        },
        {
            "congress": 110,
            "introducedDate": "2007-05-23",
            "latestAction": {
                "actionDate": "2007-05-31",
                "text": "Referred to the Subcommittee on Energy and Environment."
            },
            "number": "2447",
            "policyArea": {
                "name": "Energy"
            },
            "title": "Energy and Environment Block Grant Act of 2007",
            "type": "HR",
            "url": "https://api.congress.gov/v3/bill/110/hr/2447?format=json"
        },
        {
            "congress": 110,
            "introducedDate": "2007-04-18",
            "latestAction": {
                "actionDate": "2007-04-18",
                "text": "Referred to the House Committee on Small Business."
            },
            "number": "1936",
            "policyArea": {
                "name": "Government Operations and Politics"
            },
            "title": "To amend the Small Business Act to increase the minimum Government-wide goal for procurement contracts awarded to small business concerns.",
            "type": "HR",
            "url": "https://api.congress.gov/v3/bill/110/hr/1936?format=json"
        },
        {
            "congress": 110,
            "introducedDate": "2007-04-18",
            "latestAction": {
                "actionDate": "2007-04-18",
                "text": "Referred to the House Committee on Small Business."
            },
            "number": "1935",
            "policyArea": {
                "name": "Government Operations and Politics"
            },
            "title": "Subcontractor Protection Act",
            "type": "HR",
            "url": "https://api.congress.gov/v3/bill/110/hr/1935?format=json"
        },
        {
            "congress": 110,
            "introducedDate": "2007-04-18",
            "latestAction": {
                "actionDate": "2007-04-30",
                "text": "Referred to the Subcommittee on Government Management, Organization, and Procurement."
            },
            "number": "1934",
            "policyArea": {
                "name": "Government Operations and Politics"
            },
            "title": "Prompt Payment Improvement Act of 2007",
            "type": "HR",
            "url": "https://api.congress.gov/v3/bill/110/hr/1934?format=json"
        },
        {
            "congress": 110,
            "introducedDate": "2007-03-28",
            "latestAction": {
                "actionDate": "2007-06-29",
                "text": "Forwarded by Subcommittee to Full Committee (Amended) by Voice Vote ."
            },
            "number": "1750",
            "policyArea": {
                "name": "Armed Forces and National Security"
            },
            "title": "To amend the Servicemembers Civil Relief Act to extend from 90 days to one year the period after release of a member of the Armed Forces from active duty during which the member is protected from mortgage foreclosure under that Act.",
            "type": "HR",
            "url": "https://api.congress.gov/v3/bill/110/hr/1750?format=json"
        },
        {
            "congress": 110,
            "introducedDate": "2007-01-16",
            "latestAction": {
                "actionDate": "2007-03-20",
                "text": "Referred to the Subcommittee on Government Management, Organization, and Procurement."
            },
            "number": "498",
            "policyArea": {
                "name": "Taxation"
            },
            "title": "Energy Policy Reinvestment Act of 2007",
            "type": "HR",
            "url": "https://api.congress.gov/v3/bill/110/hr/498?format=json"
        },
        {
            "congress": 110,
            "introducedDate": "2007-03-05",
            "latestAction": {
                "actionDate": "2007-03-05",
                "text": "Referred to the House Committee on Foreign Affairs."
            },
            "number": "213",
            "policyArea": {
                "name": "International Affairs"
            },
            "title": "Expressing the sense of the House of Representatives that a United Nations Emergency Peace Service capable of intervening in the early stages of a humanitarian crisis could save millions of lives, billions of dollars, and is in the interests of the United States.",
            "type": "HRES",
            "url": "https://api.congress.gov/v3/bill/110/hres/213?format=json"
        },
        {
            "congress": 110,
            "introducedDate": "2007-04-30",
            "latestAction": {
                "actionDate": "2008-06-02",
                "text": "Received in the Senate and referred to the Committee on Health, Education, Labor, and Pensions."
            },
            "number": "134",
            "policyArea": {
                "name": "Commemorations"
            },
            "title": "Expressing the sense of the Congress that there should be established a Bebe Moore Campbell National Minority Mental Health Awareness Month to enhance public awareness of mental illness, especially within minority communities.",
            "type": "HCONRES",
            "url": "https://api.congress.gov/v3/bill/110/hconres/134?format=json"
        },
        {
            "congress": 108,
            "introducedDate": "2004-03-24",
            "latestAction": {
                "actionDate": "2004-03-24",
                "text": "Referred to the House Committee on Ways and Means."
            },
            "number": "4029",
            "policyArea": {
                "name": "Taxation"
            },
            "title": "To amend the Internal Revenue Code of 1986 to establish a 15-year recovery period for depreciation of designated low-income buildings and to allow passive losses and credits attributable to qualified low-income buildings.",
            "type": "HR",
            "url": "https://api.congress.gov/v3/bill/108/hr/4029?format=json"
        },
        {
            "congress": 108,
            "introducedDate": "2004-03-24",
            "latestAction": {
                "actionDate": "2004-03-24",
                "text": "Referred to the House Committee on Government Reform."
            },
            "number": "4028",
            "policyArea": {
                "name": "Government Operations and Politics"
            },
            "title": "To prohibit the award of a Federal contract unless the contractor agrees to offer their employees certain health insurance benefits.",
            "type": "HR",
            "url": "https://api.congress.gov/v3/bill/108/hr/4028?format=json"
        },
        {
            "congress": 108,
            "introducedDate": "2003-10-30",
            "latestAction": {
                "actionDate": "2003-10-30",
                "text": "Referred to the House Committee on Government Reform."
            },
            "number": "3426",
            "policyArea": {
                "name": "Government Operations and Politics"
            },
            "title": "Truthfulness, Responsibility, and Accountability in Contracting Act of 2003",
            "type": "HR",
            "url": "https://api.congress.gov/v3/bill/108/hr/3426?format=json"
        },
        {
            "congress": 108,
            "introducedDate": "2003-06-03",
            "latestAction": {
                "actionDate": "2003-06-12",
                "text": "Referred to the Subcommittee on Civil Service and Agency Organization."
            },
            "number": "2316",
            "policyArea": {
                "name": "Government Operations and Politics"
            },
            "title": "Administrative Law Judges Retirement Act of 2003",
            "type": "HR",
            "url": "https://api.congress.gov/v3/bill/108/hr/2316?format=json"
        },
        {
            "congress": 108,
            "introducedDate": "2003-03-20",
            "latestAction": {
                "actionDate": "2003-04-24",
                "text": "Referred to the Subcommittee on Benefits."
            },
            "number": "1411",
            "policyArea": {
                "name": "Armed Forces and National Security"
            },
            "title": "To amend the Soldiers' and Sailors' Civil Relief Act of 1940 to extend from three months to twelve months the period after release of a member of the Armed Forces from active duty during which the member is protected from mortgage foreclosure under that Act.",
            "type": "HR",
            "url": "https://api.congress.gov/v3/bill/108/hr/1411?format=json"
        },
        {
            "congress": 108,
            "introducedDate": "2003-03-19",
            "latestAction": {
                "actionDate": "2003-04-10",
                "text": "Referred to the Subcommittee on Energy and Air Quality."
            },
            "number": "1370",
            "policyArea": {
                "name": "Energy"
            },
            "title": "Interstate Transmission Act",
            "type": "HR",
            "url": "https://api.congress.gov/v3/bill/108/hr/1370?format=json"
        },
        {
            "congress": 108,
            "introducedDate": "2003-03-11",
            "latestAction": {
                "actionDate": "2003-04-11",
                "text": "Executive Comment Requested from DOD."
            },
            "number": "1218",
            "policyArea": {
                "name": "Government Operations and Politics"
            },
            "title": "To require contractors with the Federal Government to possess a satisfactory record of integrity and business ethics.",
            "type": "HR",
            "url": "https://api.congress.gov/v3/bill/108/hr/1218?format=json"
        },
        {
            "congress": 108,
            "introducedDate": "2003-03-11",
            "latestAction": {
                "actionDate": "2003-03-11",
                "text": "Referred to the House Committee on Government Reform."
            },
            "number": "1215",
            "policyArea": {
                "name": "Government Operations and Politics"
            },
            "title": "Prompt Payment Improvement Act of 2003",
            "type": "HR",
            "url": "https://api.congress.gov/v3/bill/108/hr/1215?format=json"
        },
        {
            "congress": 108,
            "introducedDate": "2003-03-11",
            "latestAction": {
                "actionDate": "2003-03-11",
                "text": "Referred to the House Committee on Small Business."
            },
            "number": "1216",
            "policyArea": {
                "name": "Government Operations and Politics"
            },
            "title": "To amend the Small Business Act to increase the minimum Government-wide goal for procurement contracts awarded to small business concerns.",
            "type": "HR",
            "url": "https://api.congress.gov/v3/bill/108/hr/1216?format=json"
        },
        {
            "congress": 108,
            "introducedDate": "2003-03-11",
            "latestAction": {
                "actionDate": "2003-03-11",
                "text": "Referred to the House Committee on Small Business."
            },
            "number": "1217",
            "policyArea": {
                "name": "Government Operations and Politics"
            },
            "title": "Subcontractor Protection Act",
            "type": "HR",
            "url": "https://api.congress.gov/v3/bill/108/hr/1217?format=json"
        },
        {
            "congress": 108,
            "introducedDate": "2003-02-27",
            "latestAction": {
                "actionDate": "2003-03-17",
                "text": "Referred to the Subcommittee on Health."
            },
            "number": "1044",
            "policyArea": {
                "name": "Health"
            },
            "title": "To establish the Commission on Medical Malpractice Insurance.",
            "type": "HR",
            "url": "https://api.congress.gov/v3/bill/108/hr/1044?format=json"
        },
        {
            "congress": 108,
            "introducedDate": "2003-02-26",
            "latestAction": {
                "actionDate": "2003-03-17",
                "text": "Referred to the Subcommittee on Energy and Air Quality."
            },
            "number": "949",
            "policyArea": {
                "name": "Commerce"
            },
            "title": "To prohibit certain transfers or assignments of franchises, and to prohibit certain fixing or maintaining of motor fuel prices, under the Petroleum Marketing Practices Act.",
            "type": "HR",
            "url": "https://api.congress.gov/v3/bill/108/hr/949?format=json"
        },
        {
            "congress": 108,
            "introducedDate": "2003-02-05",
            "latestAction": {
                "actionDate": "2003-03-06",
                "text": "Referred to the Subcommittee on Immigration, Border Security, and Claims."
            },
            "number": "649",
            "policyArea": {
                "name": "Private Legislation"
            },
            "title": "For the relief of Web's Construction Company, Incorporated.",
            "type": "HR",
            "url": "https://api.congress.gov/v3/bill/108/hr/649?format=json"
        },
        {
            "congress": 108,
            "introducedDate": "2003-04-08",
            "latestAction": {
                "actionDate": "2003-04-08",
                "text": "Referred to the House Committee on Government Reform."
            },
            "number": "184",
            "policyArea": {
                "name": "Commemorations"
            },
            "title": "Expressing the sense of the House of Representatives that a postage stamp should be issued in commemoration of Diwali, a festival celebrated by people of Indian origin.",
            "type": "HRES",
            "url": "https://api.congress.gov/v3/bill/108/hres/184?format=json"
        },
        {
            "congress": 108,
            "introducedDate": "2003-03-11",
            "latestAction": {
                "actionDate": "2003-03-11",
                "text": "Referred to the House Committee on Small Business."
            },
            "number": "138",
            "policyArea": {
                "name": "Commerce"
            },
            "title": "Expressing the sense of the House of Representatives that small business concerns should continue to play an active role in assisting the United States military, Federal intelligence and law enforcement agencies, and State and local police forces by designing and developing innovative products to combat terrorism, and that Federal, State, and local governments should aggressively seek out and purchase innovative technologies and services from small business concerns to improve homeland defense and aid in the fight against terrorism.",
            "type": "HRES",
            "url": "https://api.congress.gov/v3/bill/108/hres/138?format=json"
        },
        {
            "congress": 108,
            "introducedDate": "2003-02-12",
            "latestAction": {
                "actionDate": "2003-02-12",
                "text": "Referred to the House Committee on International Relations."
            },
            "number": "76",
            "policyArea": {
                "name": "International Affairs"
            },
            "title": "Condemning the terrorist attacks in Mombasa, Kenya, which occurred on November 28, 2002.",
            "type": "HRES",
            "url": "https://api.congress.gov/v3/bill/108/hres/76?format=json"
        },
        {
            "congress": 108,
            "introducedDate": "2003-01-08",
            "latestAction": {
                "actionDate": "2003-01-08",
                "text": "Referred to the House Committee on International Relations."
            },
            "number": "27",
            "policyArea": {
                "name": "International Affairs"
            },
            "title": "United Nations Peacekeepers Resolution of 2003",
            "type": "HRES",
            "url": "https://api.congress.gov/v3/bill/108/hres/27?format=json"
        },
        {
            "congress": 108,
            "introducedDate": "2003-02-12",
            "latestAction": {
                "actionDate": "2003-02-26",
                "text": "Referred to the Subcommittee on Health."
            },
            "number": "39",
            "policyArea": {
                "name": "Health"
            },
            "title": "Expressing the sense of the Congress regarding viral hepatitis.",
            "type": "HCONRES",
            "url": "https://api.congress.gov/v3/bill/108/hconres/39?format=json"
        },
        {
            "amendmentNumber": "564",
            "congress": 107,
            "introducedDate": "2002-07-24",
            "latestAction": {
                "actionDate": "2002-07-24",
                "actionTime": "14:23:22",
                "text": "By unanimous consent, the Wynn amendment was withdrawn. "
            },
            "type": null,
            "url": "https://api.congress.gov/v3/amendment/107/hamdt/564?format=json"
        },
        {
            "amendmentNumber": "239",
            "congress": 107,
            "introducedDate": "2001-07-25",
            "latestAction": {
                "actionDate": "2001-07-25",
                "actionTime": "16:12:58",
                "text": "On agreeing to the Wynn amendment (A010) Failed by voice vote. "
            },
            "type": null,
            "url": "https://api.congress.gov/v3/amendment/107/hamdt/239?format=json"
        },
        {
            "congress": 107,
            "introducedDate": "2002-07-26",
            "latestAction": {
                "actionDate": "2002-08-20",
                "text": "Referred to the Subcommittee on Immigration, Border Security, and Claims."
            },
            "number": "5315",
            "policyArea": {
                "name": "Private Legislation"
            },
            "title": "For the relief of Web's Construction Company, Incorporated.",
            "type": "HR",
            "url": "https://api.congress.gov/v3/bill/107/hr/5315?format=json"
        },
        {
            "congress": 107,
            "introducedDate": "2002-07-26",
            "latestAction": {
                "actionDate": "2002-07-26",
                "text": "Referred to the House Committee on Small Business."
            },
            "number": "5314",
            "policyArea": {
                "name": "Commerce"
            },
            "title": "Small and Disadvantaged Business Ombudsman Act",
            "type": "HR",
            "url": "https://api.congress.gov/v3/bill/107/hr/5314?format=json"
        },
        {
            "congress": 107,
            "introducedDate": "2002-03-20",
            "latestAction": {
                "actionDate": "2002-03-20",
                "text": "Referred to the House Committee on the Judiciary."
            },
            "number": "4082",
            "policyArea": {
                "name": "Private Legislation"
            },
            "title": "For the relief of Germalyn Selga Salto and Carl Gino Selga Salto.",
            "type": "HR",
            "url": "https://api.congress.gov/v3/bill/107/hr/4082?format=json"
        },
        {
            "congress": 107,
            "introducedDate": "2002-03-20",
            "latestAction": {
                "actionDate": "2002-04-05",
                "text": "Executive Comment Requested from DOD."
            },
            "number": "4081",
            "policyArea": {
                "name": "Government Operations and Politics"
            },
            "title": "To require contractors with the Federal Government to possess a satisfactory record of integrity and business ethics.",
            "type": "HR",
            "url": "https://api.congress.gov/v3/bill/107/hr/4081?format=json"
        },
        {
            "congress": 107,
            "introducedDate": "2002-01-25",
            "latestAction": {
                "actionDate": "2002-01-25",
                "text": "Referred to the House Committee on Government Reform."
            },
            "number": "3636",
            "policyArea": {
                "name": "Government Operations and Politics"
            },
            "title": "Prompt Payment Improvement Act of 2002",
            "type": "HR",
            "url": "https://api.congress.gov/v3/bill/107/hr/3636?format=json"
        },
        {
            "congress": 107,
            "introducedDate": "2002-01-25",
            "latestAction": {
                "actionDate": "2002-01-25",
                "text": "Referred to the House Committee on Small Business."
            },
            "number": "3638",
            "policyArea": {
                "name": "Government Operations and Politics"
            },
            "title": "To amend the Small Business Act to increase the minimum Government-wide goal for procurement contracts awarded to small business concerns.",
            "type": "HR",
            "url": "https://api.congress.gov/v3/bill/107/hr/3638?format=json"
        },
        {
            "congress": 107,
            "introducedDate": "2002-01-25",
            "latestAction": {
                "actionDate": "2002-01-25",
                "text": "Referred to the House Committee on Small Business."
            },
            "number": "3637",
            "policyArea": {
                "name": "Government Operations and Politics"
            },
            "title": "Subcontractor Protection Act",
            "type": "HR",
            "url": "https://api.congress.gov/v3/bill/107/hr/3637?format=json"
        },
        {
            "congress": 107,
            "introducedDate": "2001-11-13",
            "latestAction": {
                "actionDate": "2002-09-24",
                "text": "Became Public Law No: 107-225."
            },
            "number": "3287",
            "policyArea": {
                "name": "Commemorations"
            },
            "title": "To redesignate the facility of the United States Postal Service located at 900 Brentwood Road, NE, in Washington, D.C., as the \"Joseph Curseen, Jr. and Thomas Morris, Jr. Processing and Distribution Center\".",
            "type": "HR",
            "url": "https://api.congress.gov/v3/bill/107/hr/3287?format=json"
        },
        {
            "congress": 107,
            "introducedDate": "2001-10-17",
            "latestAction": {
                "actionDate": "2001-10-31",
                "text": "Referred to the Subcommittee on Technology and Procurement Policy."
            },
            "number": "3159",
            "policyArea": {
                "name": "Taxation"
            },
            "title": "To amend the Internal Revenue Code of 1986 and the Office of Federal Procurement Policy Act to provide economic benefits to small businesses.",
            "type": "HR",
            "url": "https://api.congress.gov/v3/bill/107/hr/3159?format=json"
        },
        {
            "congress": 107,
            "introducedDate": "2001-06-13",
            "latestAction": {
                "actionDate": "2001-06-25",
                "text": "Referred to the Subcommittee on Energy and Air Quality."
            },
            "number": "2169",
            "policyArea": {
                "name": "Energy"
            },
            "title": "To extend the deadline under Part I of the Federal Power Act for commencement of construction of a hydroelectric project in the State of Nevada.",
            "type": "HR",
            "url": "https://api.congress.gov/v3/bill/107/hr/2169?format=json"
        },
        {
            "congress": 107,
            "introducedDate": "2001-05-22",
            "latestAction": {
                "actionDate": "2001-06-01",
                "text": "Referred to the Subcommittee on Energy and Air Quality."
            },
            "number": "1951",
            "policyArea": {
                "name": "Commerce"
            },
            "title": "To prohibit certain transfers or assignments of franchises, and to prohibit certain fixing or maintaining of motor fuel prices, under the Petroleum Marketing Practices Act.",
            "type": "HR",
            "url": "https://api.congress.gov/v3/bill/107/hr/1951?format=json"
        },
        {
            "congress": 107,
            "introducedDate": "2001-02-27",
            "latestAction": {
                "actionDate": "2001-03-06",
                "text": "Referred to the Subcommittee on Immigration and Claims."
            },
            "number": "767",
            "policyArea": {
                "name": "Private Legislation"
            },
            "title": "For the relief of Valentine Nwandu.",
            "type": "HR",
            "url": "https://api.congress.gov/v3/bill/107/hr/767?format=json"
        },
        {
            "congress": 107,
            "introducedDate": "2001-02-27",
            "latestAction": {
                "actionDate": "2001-03-09",
                "text": "Referred to the Subcommittee on Crime."
            },
            "number": "765",
            "policyArea": {
                "name": "Crime and Law Enforcement"
            },
            "title": "Safety Valve Fairness Act of 2001",
            "type": "HR",
            "url": "https://api.congress.gov/v3/bill/107/hr/765?format=json"
        },
        {
            "congress": 107,
            "introducedDate": "2001-02-14",
            "latestAction": {
                "actionDate": "2001-03-07",
                "text": "Referred to the Subcommittee on Technology and Procurement Policy."
            },
            "number": "721",
            "policyArea": {
                "name": "Government Operations and Politics"
            },
            "title": "Truthfulness, Responsibility, and Accountability in Contracting Act",
            "type": "HR",
            "url": "https://api.congress.gov/v3/bill/107/hr/721?format=json"
        },
        {
            "congress": 107,
            "introducedDate": "2001-01-30",
            "latestAction": {
                "actionDate": "2001-03-14",
                "text": "Referred to the Subcommittee on Energy and Air Quality."
            },
            "number": "312",
            "policyArea": {
                "name": "Energy"
            },
            "title": "National Electricity Reliability Act",
            "type": "HR",
            "url": "https://api.congress.gov/v3/bill/107/hr/312?format=json"
        },
        {
            "congress": 107,
            "introducedDate": "2002-07-26",
            "latestAction": {
                "actionDate": "2002-07-26",
                "text": "Referred to the House Committee on Small Business."
            },
            "number": "515",
            "policyArea": {
                "name": "Commerce"
            },
            "title": "Expressing the sense of the House of Representatives that small business concerns should continue to play an active role in assisting the United States military, Federal intelligence and law enforcement agencies, and State and local police forces by designing and developing innovative products to combat terrorism, and that Federal, State, and local governments should aggressively seek out and purchase innovative technologies and services from small business concerns to improve homeland defense and aid in the fight against terrorism.",
            "type": "HRES",
            "url": "https://api.congress.gov/v3/bill/107/hres/515?format=json"
        },
        {
            "congress": 107,
            "introducedDate": "2001-07-16",
            "latestAction": {
                "actionDate": "2001-07-16",
                "text": "Referred to the House Committee on International Relations."
            },
            "number": "194",
            "policyArea": {
                "name": "International Affairs"
            },
            "title": "United Nations Peacekeepers Resolution of 2001 ",
            "type": "HRES",
            "url": "https://api.congress.gov/v3/bill/107/hres/194?format=json"
        },
        {
            "congress": 107,
            "introducedDate": "2002-07-09",
            "latestAction": {
                "actionDate": "2002-10-17",
                "text": "Received in the Senate."
            },
            "number": "437",
            "policyArea": {
                "name": "International Affairs"
            },
            "title": "Recognizing the Republic of Turkey for its cooperation in the campaign against global terrorism, for its commitment of forces and assistance to Operation Enduring Freedom and subsequent missions in Afghanistan, and for initiating important economic reforms to build a stable and prosperous economy in Turkey.",
            "type": "HCONRES",
            "url": "https://api.congress.gov/v3/bill/107/hconres/437?format=json"
        },
        {
            "congress": 107,
            "introducedDate": "2001-11-07",
            "latestAction": {
                "actionDate": "2001-11-07",
                "text": "Referred to the House Committee on International Relations."
            },
            "number": "265",
            "policyArea": {
                "name": "International Affairs"
            },
            "title": "Expressing appreciation to Turkey for offering to provide special forces in support of Operation Enduring Freedom.",
            "type": "HCONRES",
            "url": "https://api.congress.gov/v3/bill/107/hconres/265?format=json"
        },
        {
            "congress": 107,
            "introducedDate": "2001-09-14",
            "latestAction": {
                "actionDate": "2001-09-24",
                "text": "Referred to the Subcommittee on the Civil Service and Agency Organization."
            },
            "number": "230",
            "policyArea": {
                "name": "Commemorations"
            },
            "title": "Expressing the sense of Congress regarding the establishment of a National Day of Remembrance.",
            "type": "HCONRES",
            "url": "https://api.congress.gov/v3/bill/107/hconres/230?format=json"
        },
        {
            "amendmentNumber": "1016",
            "congress": 106,
            "introducedDate": "2000-07-20",
            "latestAction": {
                "actionDate": "2000-07-20",
                "actionTime": "16:54:59",
                "text": "By unanimous consent, the Wynn amendment was withdrawn. "
            },
            "type": null,
            "url": "https://api.congress.gov/v3/amendment/106/hamdt/1016?format=json"
        },
        {
            "amendmentNumber": "415",
            "congress": 106,
            "introducedDate": "1999-08-05",
            "latestAction": {
                "actionDate": "1999-08-05",
                "actionTime": "18:59:37",
                "text": "By unanimous consent, the Wynn amendment was withdrawn. "
            },
            "type": null,
            "url": "https://api.congress.gov/v3/amendment/106/hamdt/415?format=json"
        },
        {
            "congress": 106,
            "introducedDate": "2000-07-24",
            "latestAction": {
                "actionDate": "2000-07-24",
                "text": "Referred to the House Committee on Commerce."
            },
            "number": "4941",
            "policyArea": {
                "name": "Energy"
            },
            "title": "National Electric Reliability Act",
            "type": "HR",
            "url": "https://api.congress.gov/v3/bill/106/hr/4941?format=json"
        },
        {
            "congress": 106,
            "introducedDate": "2000-05-16",
            "latestAction": {
                "actionDate": "2000-06-28",
                "text": "Referred to the Subcommittee on Early Childhood, Youth and Families."
            },
            "number": "4473",
            "policyArea": {
                "name": "Science, Technology, Communications"
            },
            "title": "Computers in Our Community Act",
            "type": "HR",
            "url": "https://api.congress.gov/v3/bill/106/hr/4473?format=json"
        },
        {
            "congress": 106,
            "introducedDate": "2000-05-16",
            "latestAction": {
                "actionDate": "2000-05-30",
                "text": "Referred to the Subcommittee on Immigration and Claims."
            },
            "number": "4474",
            "policyArea": {
                "name": "Private Legislation"
            },
            "title": "For the relief of Valentine Nwandu.",
            "type": "HR",
            "url": "https://api.congress.gov/v3/bill/106/hr/4474?format=json"
        },
        {
            "congress": 106,
            "introducedDate": "2000-02-29",
            "latestAction": {
                "actionDate": "2000-03-10",
                "text": "Referred to the Subcommittee on Government Management, Information and Technology."
            },
            "number": "3766",
            "policyArea": {
                "name": "Government Operations and Politics"
            },
            "title": "Truthfulness, Responsibility, and Accountability in Contracting Act",
            "type": "HR",
            "url": "https://api.congress.gov/v3/bill/106/hr/3766?format=json"
        },
        {
            "congress": 106,
            "introducedDate": "1999-11-10",
            "latestAction": {
                "actionDate": "1999-12-03",
                "text": "Referred to the Subcommittee on Immigration and Claims."
            },
            "number": "3364",
            "policyArea": {
                "name": "Private Legislation"
            },
            "title": "For the relief of Web's Construction Company, Incorporated.",
            "type": "HR",
            "url": "https://api.congress.gov/v3/bill/106/hr/3364?format=json"
        },
        {
            "congress": 106,
            "introducedDate": "1999-07-22",
            "latestAction": {
                "actionDate": "1999-08-03",
                "text": "Referred to the Subcommittee on Energy and Power."
            },
            "number": "2602",
            "policyArea": {
                "name": "Energy"
            },
            "title": "National Electricity Interstate Transmission Reliability Act",
            "type": "HR",
            "url": "https://api.congress.gov/v3/bill/106/hr/2602?format=json"
        },
        {
            "congress": 106,
            "introducedDate": "1999-06-09",
            "latestAction": {
                "actionDate": "1999-06-09",
                "text": "Referred to the Subcommittee on Ground Transportation."
            },
            "number": "2118",
            "policyArea": {
                "name": "Transportation and Public Works"
            },
            "title": "To amend the Woodrow Wilson Memorial Bridge Authority Act of 1995 to provide for continued engineering, design, right-of-way acquisition, and construction related to the project to upgrade the Woodrow Wilson Memorial Bridge.",
            "type": "HR",
            "url": "https://api.congress.gov/v3/bill/106/hr/2118?format=json"
        },
        {
            "congress": 106,
            "introducedDate": "1999-03-18",
            "latestAction": {
                "actionDate": "1999-03-18",
                "text": "Referred to the House Committee on Small Business."
            },
            "number": "1209",
            "policyArea": {
                "name": "Government Operations and Politics"
            },
            "title": "Subcontractor Protection Act",
            "type": "HR",
            "url": "https://api.congress.gov/v3/bill/106/hr/1209?format=json"
        },
        {
            "congress": 106,
            "introducedDate": "1999-03-18",
            "latestAction": {
                "actionDate": "1999-04-05",
                "text": "Referred to the Subcommittee on Civil Service."
            },
            "number": "1210",
            "policyArea": {
                "name": "Government Operations and Politics"
            },
            "title": "To provide for continued compensation for Federal employees when funds are not otherwise available due to a lapse in appropriations.",
            "type": "HR",
            "url": "https://api.congress.gov/v3/bill/106/hr/1210?format=json"
        },
        {
            "congress": 106,
            "introducedDate": "1999-03-18",
            "latestAction": {
                "actionDate": "1999-03-30",
                "text": "Referred to the Subcommittee on Government Management, Information and Technology."
            },
            "number": "1208",
            "policyArea": {
                "name": "Government Operations and Politics"
            },
            "title": "Prompt Payment Improvement Act of 1999",
            "type": "HR",
            "url": "https://api.congress.gov/v3/bill/106/hr/1208?format=json"
        },
        {
            "congress": 106,
            "introducedDate": "1999-02-23",
            "latestAction": {
                "actionDate": "1999-03-03",
                "text": "Referred to the Subcommittee on Energy and Power."
            },
            "number": "811",
            "policyArea": {
                "name": "Commerce"
            },
            "title": "To prohibit certain transfers or assignments of franchises, and to prohibit certain fixing or maintaining of motor fuel prices, under the Petroleum Marketing Practices Act.",
            "type": "HR",
            "url": "https://api.congress.gov/v3/bill/106/hr/811?format=json"
        },
        {
            "congress": 106,
            "introducedDate": "2000-06-06",
            "latestAction": {
                "actionDate": "2000-06-20",
                "text": "Referred to the Subcommittee on International Operations and Human Rights."
            },
            "number": "346",
            "policyArea": {
                "name": "International Affairs"
            },
            "title": "Concerning the establishment of a permanent United Nations security force.",
            "type": "HCONRES",
            "url": "https://api.congress.gov/v3/bill/106/hconres/346?format=json"
        },
        {
            "amendmentNumber": "784",
            "congress": 103,
            "introducedDate": "1994-07-25",
            "latestAction": {
                "actionDate": "1994-07-25",
                "actionTime": "18:59:06",
                "text": "On agreeing to the Wynn amendment (A001) Agreed to without objection. "
            },
            "type": null,
            "url": "https://api.congress.gov/v3/amendment/103/hamdt/784?format=json"
        },
        {
            "amendmentNumber": "522",
            "congress": 103,
            "introducedDate": "1994-04-20",
            "latestAction": {
                "actionDate": "1994-04-20",
                "actionTime": "16:40:23",
                "text": "On agreeing to the Wynn amendment (A024) Failed by recorded vote: 162 - 263 (Roll no. 137). "
            },
            "type": null,
            "url": "https://api.congress.gov/v3/amendment/103/hamdt/522?format=json"
        },
        {
            "amendmentNumber": "467",
            "congress": 103,
            "introducedDate": "1994-03-11",
            "latestAction": {
                "actionDate": "1994-03-11",
                "actionTime": "14:55:59",
                "text": "On agreeing to the Wynn amendment (A001) Agreed to by voice vote. "
            },
            "type": null,
            "url": "https://api.congress.gov/v3/amendment/103/hamdt/467?format=json"
        },
        {
            "amendmentNumber": "376",
            "congress": 103,
            "introducedDate": "1993-11-02",
            "latestAction": {
                "actionDate": "1993-11-02",
                "actionTime": "15:57:36",
                "text": "On agreeing to the Wynn amendment (A001) Agreed to without objection. "
            },
            "type": null,
            "url": "https://api.congress.gov/v3/amendment/103/hamdt/376?format=json"
        },
        {
            "amendmentNumber": "412",
            "congress": 103,
            "introducedDate": "1993-11-21",
            "latestAction": {
                "actionDate": "1993-11-21",
                "actionTime": "22:24:30",
                "text": "On agreeing to the Wynn amendment (A001) Agreed to without objection. "
            },
            "type": null,
            "url": "https://api.congress.gov/v3/amendment/103/hamdt/412?format=json"
        },
        {
            "amendmentNumber": "375",
            "congress": 103,
            "introducedDate": "1993-11-02",
            "latestAction": {
                "actionDate": "1993-11-02",
                "actionTime": "15:55:52",
                "text": "On agreeing to the Wynn amendments (A001) Agreed to without objection. "
            },
            "type": null,
            "url": "https://api.congress.gov/v3/amendment/103/hamdt/375?format=json"
        },
        {
            "amendmentNumber": "358",
            "congress": 103,
            "introducedDate": "1993-10-13",
            "latestAction": {
                "actionDate": "1993-10-13",
                "actionTime": "19:01:17",
                "text": "On agreeing to the Wynn amendment (A001) Agreed to without objection. "
            },
            "type": null,
            "url": "https://api.congress.gov/v3/amendment/103/hamdt/358?format=json"
        },
        {
            "amendmentNumber": "30",
            "congress": 103,
            "introducedDate": "1993-04-21",
            "latestAction": {
                "actionDate": "1993-04-21",
                "actionTime": "15:31:23",
                "text": "On agreeing to the Wynn amendment (A001) Agreed to without objection. "
            },
            "type": null,
            "url": "https://api.congress.gov/v3/amendment/103/hamdt/30?format=json"
        },
        {
            "congress": 103,
            "introducedDate": "1994-05-05",
            "latestAction": {
                "actionDate": "1994-07-20",
                "text": "Referred to the Subcommittee on SBA Legislation and the General Economy."
            },
            "number": "4366",
            "policyArea": {
                "name": "Commerce"
            },
            "title": "To amend the Small Business Act to establish a minority graduate mentor program.",
            "type": "HR",
            "url": "https://api.congress.gov/v3/bill/103/hr/4366?format=json"
        },
        {
            "congress": 103,
            "introducedDate": "1993-07-15",
            "latestAction": {
                "actionDate": "1993-07-26",
                "text": "Referred to the Subcommittee on Administrative Law and Governmental Relations."
            },
            "number": "2660",
            "policyArea": {
                "name": "Government Operations and Politics"
            },
            "title": "To amend the Act known as the \"Miller Act\" to raise the value of contracts for which performance bonds and payment bonds are required under that Act.",
            "type": "HR",
            "url": "https://api.congress.gov/v3/bill/103/hr/2660?format=json"
        },
        {
            "congress": 103,
            "introducedDate": "1993-07-20",
            "latestAction": {
                "actionDate": "1993-08-09",
                "text": "Referred to the Subcommittee on Crime and Criminal Justice."
            },
            "number": "2681",
            "policyArea": {
                "name": "Crime and Law Enforcement"
            },
            "title": "False Identification Act of 1993",
            "type": "HR",
            "url": "https://api.congress.gov/v3/bill/103/hr/2681?format=json"
        },
        {
            "congress": 103,
            "introducedDate": "1993-04-07",
            "latestAction": {
                "actionDate": "1993-04-15",
                "text": "Referred to the Subcommittee on Compensation and Employee Benefits."
            },
            "number": "1714",
            "policyArea": {
                "name": "Government Operations and Politics"
            },
            "title": "To provide that determinations relating to annuity benefits under the Civil Service Retirement System or the Federal Employee's Retirement System for survivors of individuals separating before October 1, 1993, shall be made in accordance with applicable provisions of law, as in effect on March 31, 1993.",
            "type": "HR",
            "url": "https://api.congress.gov/v3/bill/103/hr/1714?format=json"
        },
        {
            "congress": 103,
            "introducedDate": "1993-04-01",
            "latestAction": {
                "actionDate": "1993-04-06",
                "text": "Referred to the Subcommittee on Compensation and Employee Benefits."
            },
            "number": "1641",
            "policyArea": {
                "name": "Government Operations and Politics"
            },
            "title": "To ensure that survivor annuity benefits under the Civil Service Retirement System and the Federal Employees' Retirement System, which are based on the service of any individual who retires before October 1, 1993, shall be computed in accordance with applicable provisions of law, as in effect on March 31, 1993.",
            "type": "HR",
            "url": "https://api.congress.gov/v3/bill/103/hr/1641?format=json"
        },
        {
            "congress": 103,
            "introducedDate": "1993-03-04",
            "latestAction": {
                "actionDate": "1993-03-10",
                "text": "Executive Comment Requested from DOD."
            },
            "number": "1245",
            "policyArea": {
                "name": "Armed Forces and National Security"
            },
            "title": "To amend title 10, United States Code, to assist members of the Armed Forces who are discharged or released from active duty to obtain employment with law enforcement agencies and health care providers.",
            "type": "HR",
            "url": "https://api.congress.gov/v3/bill/103/hr/1245?format=json"
        },
        {
            "congress": 103,
            "introducedDate": "1993-02-16",
            "latestAction": {
                "actionDate": "1993-03-03",
                "text": "Referred to the Subcommittee on Financial Institutions Supervision, Regulation and Deposit Insurance."
            },
            "number": "918",
            "policyArea": {
                "name": "Finance and Financial Sector"
            },
            "title": "Small Business Lending Disclosure Act of 1993",
            "type": "HR",
            "url": "https://api.congress.gov/v3/bill/103/hr/918?format=json"
        },
        {
            "amendmentNumber": "820",
            "congress": 104,
            "introducedDate": "1995-09-21",
            "latestAction": {
                "actionDate": "1995-09-21",
                "actionTime": "12:10:31",
                "text": "On agreeing to the Wynn amendment (A002) as modified Agreed to by voice vote. "
            },
            "type": null,
            "url": "https://api.congress.gov/v3/amendment/104/hamdt/820?format=json"
        },
        {
            "amendmentNumber": "408",
            "congress": 104,
            "introducedDate": "1995-05-24",
            "latestAction": {
                "actionDate": "1995-05-24",
                "actionTime": "14:45:04",
                "text": "On agreeing to the Wynn amendment (A010) Failed by recorded vote: 125 - 297 (Roll no. 352). "
            },
            "type": null,
            "url": "https://api.congress.gov/v3/amendment/104/hamdt/408?format=json"
        },
        {
            "congress": 104,
            "introducedDate": "1996-08-02",
            "latestAction": {
                "actionDate": "1996-08-02",
                "text": "Referred to the House Committee on Ways and Means."
            },
            "number": "4015",
            "policyArea": {
                "name": "Social Welfare"
            },
            "title": "Social Security Family Protection Act",
            "type": "HR",
            "url": "https://api.congress.gov/v3/bill/104/hr/4015?format=json"
        },
        {
            "congress": 104,
            "introducedDate": "1996-05-23",
            "latestAction": {
                "actionDate": "1996-09-27",
                "text": "Received in the Senate."
            },
            "number": "3535",
            "policyArea": {
                "name": "Government Operations and Politics"
            },
            "title": "To redesignate a Federal building in Suitland, Maryland, as the \"W. Edwards Deming Federal Building\".",
            "type": "HR",
            "url": "https://api.congress.gov/v3/bill/104/hr/3535?format=json"
        },
        {
            "congress": 104,
            "introducedDate": "1996-03-18",
            "latestAction": {
                "actionDate": "1996-04-01",
                "text": "Referred to the Subcommittee on Railroads."
            },
            "number": "3106",
            "policyArea": {
                "name": "Transportation and Public Works"
            },
            "title": "Rail Safety Act of 1996",
            "type": "HR",
            "url": "https://api.congress.gov/v3/bill/104/hr/3106?format=json"
        },
        {
            "congress": 104,
            "introducedDate": "1995-11-01",
            "latestAction": {
                "actionDate": "1995-11-03",
                "text": "Referred to the Subcommittee on Civil Service."
            },
            "number": "2574",
            "policyArea": {
                "name": "Government Operations and Politics"
            },
            "title": "To amend the provisions of title 5, United States Code, that provide for a 2 percent reduction in retirement benefits for each year that the employee is under age 55 at the time of retiring.",
            "type": "HR",
            "url": "https://api.congress.gov/v3/bill/104/hr/2574?format=json"
        },
        {
            "congress": 104,
            "introducedDate": "1995-09-06",
            "latestAction": {
                "actionDate": "1995-09-08",
                "text": "Referred to the Subcommittee on Civil Service."
            },
            "number": "2273",
            "policyArea": {
                "name": "Government Operations and Politics"
            },
            "title": "To ensure that Federal employees will be paid for any period during which they are furloughed as a result of any lapse in appropriations for fiscal year 1996.",
            "type": "HR",
            "url": "https://api.congress.gov/v3/bill/104/hr/2273?format=json"
        },
        {
            "congress": 104,
            "introducedDate": "1995-06-16",
            "latestAction": {
                "actionDate": "1996-09-18",
                "text": "Received in the Senate."
            },
            "number": "1886",
            "policyArea": {
                "name": "Private Legislation"
            },
            "title": "For the relief of John Wesley Davis.",
            "type": "HR",
            "url": "https://api.congress.gov/v3/bill/104/hr/1886?format=json"
        },
        {
            "congress": 104,
            "introducedDate": "1995-01-31",
            "latestAction": {
                "actionDate": "1995-02-17",
                "text": "Referred to the Subcommittee on Workforce Protections."
            },
            "number": "764",
            "policyArea": {
                "name": "Labor and Employment"
            },
            "title": "Fair Labor Standards Amendments of 1995",
            "type": "HR",
            "url": "https://api.congress.gov/v3/bill/104/hr/764?format=json"
        },
        {
            "congress": 104,
            "introducedDate": "1995-01-04",
            "latestAction": {
                "actionDate": "1995-01-25",
                "text": "Referred to the Subcommittee on Crime."
            },
            "number": "399",
            "policyArea": {
                "name": "Crime and Law Enforcement"
            },
            "title": "False Identification Act of 1995",
            "type": "HR",
            "url": "https://api.congress.gov/v3/bill/104/hr/399?format=json"
        },
        {
            "congress": 104,
            "introducedDate": "1995-01-04",
            "latestAction": {
                "actionDate": "1995-01-27",
                "text": "Referred to the Subcommittee on Financial Institutions and Consumer Credit."
            },
            "number": "398",
            "policyArea": {
                "name": "Finance and Financial Sector"
            },
            "title": "Small Business Lending Disclosure Act of 1995",
            "type": "HR",
            "url": "https://api.congress.gov/v3/bill/104/hr/398?format=json"
        },
        {
            "congress": 104,
            "introducedDate": "1995-02-24",
            "latestAction": {
                "actionDate": "1995-03-10",
                "text": "Referred to the Subcommittee on Domestic and International Monetary Policy."
            },
            "number": "98",
            "policyArea": {
                "name": "Economics and Public Finance"
            },
            "title": "Expressing the sense of the House of Representatives on rising interest rates and the impact on the housing industry.",
            "type": "HRES",
            "url": "https://api.congress.gov/v3/bill/104/hres/98?format=json"
        },
        {
            "congress": 104,
            "introducedDate": "1995-02-24",
            "latestAction": {
                "actionDate": "1995-03-10",
                "text": "Referred to the Subcommittee on Employer-Employee Relations."
            },
            "number": "99",
            "policyArea": {
                "name": "Economics and Public Finance"
            },
            "title": "Expressing the sense of the House of Representatives on the calculation of the Consumer Price Index.",
            "type": "HRES",
            "url": "https://api.congress.gov/v3/bill/104/hres/99?format=json"
        },
        {
            "amendmentNumber": "269",
            "congress": 105,
            "introducedDate": "1997-07-24",
            "latestAction": {
                "actionDate": "1997-07-24",
                "actionTime": "13:06:46",
                "text": "On agreeing to the Wynn amendment (A008) Agreed to by voice vote. "
            },
            "type": null,
            "url": "https://api.congress.gov/v3/amendment/105/hamdt/269?format=json"
        },
        {
            "congress": 105,
            "introducedDate": "1998-08-06",
            "latestAction": {
                "actionDate": "1998-10-10",
                "text": "Received in the Senate."
            },
            "number": "4516",
            "policyArea": {
                "name": "Commemorations"
            },
            "title": "To designate the United States Postal Service building located at 11550 Livingston Road, in Oxon Hill, Maryland, as the \"Jacob Joseph Chestnut Post Office Building\".",
            "type": "HR",
            "url": "https://api.congress.gov/v3/bill/105/hr/4516?format=json"
        },
        {
            "congress": 105,
            "introducedDate": "1998-05-12",
            "latestAction": {
                "actionDate": "1998-05-26",
                "text": "Referred to the Subcommittee on Energy and Power."
            },
            "number": "3847",
            "policyArea": {
                "name": "Commerce"
            },
            "title": "To prohibit certain transfers or assignments of franchises, and to prohibit certain fixing or maintaining of motor fuel prices, under the Petroleum Marketing Practices Act.",
            "type": "HR",
            "url": "https://api.congress.gov/v3/bill/105/hr/3847?format=json"
        },
        {
            "congress": 105,
            "introducedDate": "1998-04-21",
            "latestAction": {
                "actionDate": "1998-04-24",
                "text": "Referred to the Subcommittee on Government Management, Information and Technology."
            },
            "number": "3700",
            "policyArea": {
                "name": "Government Operations and Politics"
            },
            "title": "Prompt Payment Improvement Act of 1998",
            "type": "HR",
            "url": "https://api.congress.gov/v3/bill/105/hr/3700?format=json"
        },
        {
            "congress": 105,
            "introducedDate": "1998-04-21",
            "latestAction": {
                "actionDate": "1998-04-21",
                "text": "Referred to the House Committee on Small Business."
            },
            "number": "3701",
            "policyArea": {
                "name": "Government Operations and Politics"
            },
            "title": "Subcontractor Protection Act",
            "type": "HR",
            "url": "https://api.congress.gov/v3/bill/105/hr/3701?format=json"
        },
        {
            "congress": 105,
            "introducedDate": "1997-06-05",
            "latestAction": {
                "actionDate": "1997-06-05",
                "text": "Referred to the House Committee on Small Business."
            },
            "number": "1824",
            "policyArea": {
                "name": "Government Operations and Politics"
            },
            "title": "To amend the Small Business Act to increase the annual Government-wide goal from 20 percent to 25 percent for procurement contracts awarded to small business concerns, small business concerns owned and controlled by socially and economically disadvantaged individuals, and small business concerns owned and controlled by women.",
            "type": "HR",
            "url": "https://api.congress.gov/v3/bill/105/hr/1824?format=json"
        },
        {
            "congress": 105,
            "introducedDate": "1997-03-05",
            "latestAction": {
                "actionDate": "1997-07-31",
                "text": "Placed on the House Calendar, Calendar No. 83."
            },
            "number": "962",
            "policyArea": {
                "name": "Commemorations"
            },
            "title": "To redesignate a Federal building in Suitland, Maryland, as the \"W. Edwards Deming Federal Building\".",
            "type": "HR",
            "url": "https://api.congress.gov/v3/bill/105/hr/962?format=json"
        },
        {
            "congress": 105,
            "introducedDate": "1997-02-04",
            "latestAction": {
                "actionDate": "1997-08-11",
                "text": "Became Private Law No: 105-2."
            },
            "number": "584",
            "policyArea": {
                "name": "Private Legislation"
            },
            "title": "For the relief of John Wesley Davis.",
            "type": "HR",
            "url": "https://api.congress.gov/v3/bill/105/hr/584?format=json"
        },
        {
            "congress": 105,
            "introducedDate": "1997-01-07",
            "latestAction": {
                "actionDate": "1997-01-22",
                "text": "Referred to the Subcommittee on Government Management, Information and Technology."
            },
            "number": "373",
            "policyArea": {
                "name": "Commerce"
            },
            "title": "Small Business Opportunity Preservation Act of 1997",
            "type": "HR",
            "url": "https://api.congress.gov/v3/bill/105/hr/373?format=json"
        }
    ]
}