{
    "pagination": {
        "count": 132
    },
    "request": {
        "bioguideId": "g000180",
        "contentType": "application/json",
        "format": "json"
    },
    "sponsoredLegislation": [
        {
            "amendmentNumber": "1118",
            "congress": 109,
            "introducedDate": "2006-06-28",
            "latestAction": {
                "actionDate": "2006-06-28",
                "actionTime": "12:34:24",
                "text": "By unanimous consent, the Gilchrest amendment was withdrawn. "
            },
            "type": null,
            "url": "https://api.congress.gov/v3/amendment/109/hamdt/1118?format=json"
        },
        {
            "amendmentNumber": "701",
            "congress": 109,
            "introducedDate": "2006-03-15",
            "latestAction": {
                "actionDate": "2006-03-15",
                "actionTime": "17:57:33",
                "text": "On agreeing to the Gilchrest amendment (A001) Failed by recorded vote: 38 - 377 (Roll no. 43). "
            },
            "type": null,
            "url": "https://api.congress.gov/v3/amendment/109/hamdt/701?format=json"
        },
        {
            "congress": 109,
            "introducedDate": "2006-03-30",
            "latestAction": {
                "actionDate": "2006-04-19",
                "text": "Executive Comment Requested from Commerce."
            },
            "number": "5051",
            "policyArea": {
                "name": "Public Lands and Natural Resources"
            },
            "title": "Magnuson-Stevens Fishery Conservation and Management Amendments Act of 2006",
            "type": "HR",
            "url": "https://api.congress.gov/v3/bill/109/hr/5051?format=json"
        },
        {
            "congress": 109,
            "introducedDate": "2006-02-01",
            "latestAction": {
                "actionDate": "2006-04-27",
                "text": "Placed on the Union Calendar, Calendar No. 248."
            },
            "number": "4686",
            "policyArea": {
                "name": "Public Lands and Natural Resources"
            },
            "title": "Multi-State and International Fisheries Conservation and Management Act of 2006",
            "type": "HR",
            "url": "https://api.congress.gov/v3/bill/109/hr/4686?format=json"
        },
        {
            "congress": 109,
            "introducedDate": "2005-10-25",
            "latestAction": {
                "actionDate": "2006-09-20",
                "text": "Ordered to be Reported (Amended) by Voice Vote."
            },
            "number": "4126",
            "policyArea": {
                "name": "Environmental Protection"
            },
            "title": "Chesapeake Bay Restoration Enhancement Act of 2005",
            "type": "HR",
            "url": "https://api.congress.gov/v3/bill/109/hr/4126?format=json"
        },
        {
            "congress": 109,
            "introducedDate": "2005-07-28",
            "latestAction": {
                "actionDate": "2005-11-08",
                "text": "Subcommittee Hearings Held."
            },
            "number": "3552",
            "policyArea": {
                "name": "Public Lands and Natural Resources"
            },
            "title": "Coastal Barrier Resources Reauthorization Act of 2005",
            "type": "HR",
            "url": "https://api.congress.gov/v3/bill/109/hr/3552?format=json"
        },
        {
            "congress": 109,
            "introducedDate": "2005-05-05",
            "latestAction": {
                "actionDate": "2005-07-21",
                "text": "Placed on the Union Calendar, Calendar No. 112."
            },
            "number": "2130",
            "policyArea": {
                "name": "Animals"
            },
            "title": "Marine Mammal Protection Act Amendments of 2005",
            "type": "HR",
            "url": "https://api.congress.gov/v3/bill/109/hr/2130?format=json"
        },
        {
            "congress": 109,
            "introducedDate": "2005-04-13",
            "latestAction": {
                "actionDate": "2005-05-04",
                "text": "Referred to the Subcommittee on Fisheries and Oceans."
            },
            "number": "1591",
            "policyArea": {
                "name": "Water Resources Development"
            },
            "title": "National Aquatic Invasive Species Act of 2005",
            "type": "HR",
            "url": "https://api.congress.gov/v3/bill/109/hr/1591?format=json"
        },
        {
            "congress": 109,
            "introducedDate": "2005-04-06",
            "latestAction": {
                "actionDate": "2005-04-19",
                "text": "Subcommittee Hearings Held."
            },
            "number": "1489",
            "policyArea": {
                "name": "Public Lands and Natural Resources"
            },
            "title": "Coastal Ocean Observation System Integration and Implementation Act of 2005",
            "type": "HR",
            "url": "https://api.congress.gov/v3/bill/109/hr/1489?format=json"
        },
        {
            "congress": 109,
            "introducedDate": "2005-02-17",
            "latestAction": {
                "actionDate": "2005-03-17",
                "text": "Referred to the Subcommittee on Projection Forces."
            },
            "number": "990",
            "policyArea": {
                "name": "Private Legislation"
            },
            "title": "To provide for the transfer of the decommissioned destroyer ex-U.S.S. Forrest Sherman (DD-931) to the USS Forrest Sherman DD-931 Foundation, Inc., a nonprofit organization under the laws of the State of Maryland.",
            "type": "HR",
            "url": "https://api.congress.gov/v3/bill/109/hr/990?format=json"
        },
        {
            "congress": 109,
            "introducedDate": "2005-02-14",
            "latestAction": {
                "actionDate": "2005-04-04",
                "text": "Referred to the Subcommittee on Immigration, Border Security, and Claims."
            },
            "number": "793",
            "policyArea": {
                "name": "Immigration"
            },
            "title": "Save Our Small and Seasonal Businesses Act",
            "type": "HR",
            "url": "https://api.congress.gov/v3/bill/109/hr/793?format=json"
        },
        {
            "congress": 109,
            "introducedDate": "2005-02-10",
            "latestAction": {
                "actionDate": "2005-02-28",
                "text": "Referred to the Subcommittee on Environment, Technology, and Standards."
            },
            "number": "759",
            "policyArea": {
                "name": "Environmental Protection"
            },
            "title": "Climate Stewardship Act of 2005",
            "type": "HR",
            "url": "https://api.congress.gov/v3/bill/109/hr/759?format=json"
        },
        {
            "congress": 109,
            "introducedDate": "2005-02-09",
            "latestAction": {
                "actionDate": "2005-02-25",
                "text": "Referred to the Subcommittee on Energy and Air Quality."
            },
            "number": "705",
            "policyArea": {
                "name": "Transportation and Public Works"
            },
            "title": "Automobile Fuel Economy Act of 2005",
            "type": "HR",
            "url": "https://api.congress.gov/v3/bill/109/hr/705?format=json"
        },
        {
            "congress": 109,
            "introducedDate": "2005-01-04",
            "latestAction": {
                "actionDate": "2005-02-03",
                "text": "Referred to the Subcommittee on Fisheries Conservation, Wildlife and Oceans."
            },
            "number": "93",
            "policyArea": {
                "name": "Public Lands and Natural Resources"
            },
            "title": "Flagship Species Conservation Act of 2005",
            "type": "HR",
            "url": "https://api.congress.gov/v3/bill/109/hr/93?format=json"
        },
        {
            "congress": 109,
            "introducedDate": "2005-12-14",
            "latestAction": {
                "actionDate": "2005-12-14",
                "actionTime": "18:55:59",
                "text": "On motion to suspend the rules and agree to the resolution Failed by the Yeas and Nays: (2/3 required): 103 - 327 (Roll no. 631). (text: CR H11561-11562)"
            },
            "number": "599",
            "policyArea": {
                "name": "Congress"
            },
            "title": "Establishing the Task Force on Ocean Policy.",
            "type": "HRES",
            "url": "https://api.congress.gov/v3/bill/109/hres/599?format=json"
        },
        {
            "congress": 110,
            "introducedDate": "2007-11-15",
            "latestAction": {
                "actionDate": "2008-04-25",
                "text": "Referred to the Subcommittee on Department Operations, Oversight, Nutrition and Forestry."
            },
            "number": "4226",
            "policyArea": {
                "name": "Environmental Protection"
            },
            "title": "Climate Stewardship and Economic Security Act of 2007",
            "type": "HR",
            "url": "https://api.congress.gov/v3/bill/110/hr/4226?format=json"
        },
        {
            "congress": 110,
            "introducedDate": "2007-10-16",
            "latestAction": {
                "actionDate": "2008-05-08",
                "text": "Subcommittee Hearings Held."
            },
            "number": "3841",
            "policyArea": {
                "name": "Public Lands and Natural Resources"
            },
            "title": "To prohibit the commercial harvesting of Atlantic menhaden for reduction purposes in the coastal waters and the exclusive economic zone.",
            "type": "HR",
            "url": "https://api.congress.gov/v3/bill/110/hr/3841?format=json"
        },
        {
            "congress": 110,
            "introducedDate": "2007-07-24",
            "latestAction": {
                "actionDate": "2007-07-31",
                "text": "Referred to the Subcommittee on Fisheries, Wildlife, and Oceans."
            },
            "number": "3166",
            "policyArea": {
                "name": "Water Resources Development"
            },
            "title": "To reauthorize the Nutria Eradication and Control Act of 2003.",
            "type": "HR",
            "url": "https://api.congress.gov/v3/bill/110/hr/3166?format=json"
        },
        {
            "congress": 110,
            "introducedDate": "2007-01-04",
            "latestAction": {
                "actionDate": "2007-01-05",
                "text": "Referred to the Subcommittee on Water Resources and Environment."
            },
            "number": "16",
            "policyArea": {
                "name": "Environmental Protection"
            },
            "title": "Chesapeake Bay Restoration Enhancement Act of 2007",
            "type": "HR",
            "url": "https://api.congress.gov/v3/bill/110/hr/16?format=json"
        },
        {
            "congress": 110,
            "introducedDate": "2008-04-02",
            "latestAction": {
                "actionDate": "2008-04-02",
                "text": "Referred to the Committee on Foreign Affairs, and in addition to the Committee on Armed Services, for a period to be subsequently determined by the Speaker, in each case for consideration of such provisions as fall within the jurisdiction of the committee concerned."
            },
            "number": "321",
            "policyArea": {
                "name": "International Affairs"
            },
            "title": "Expressing the need for a more comprehensive diplomatic initiative led by the United States, Iraq, and the international community.",
            "type": "HCONRES",
            "url": "https://api.congress.gov/v3/bill/110/hconres/321?format=json"
        },
        {
            "congress": 110,
            "introducedDate": "2008-02-06",
            "latestAction": {
                "actionDate": "2008-02-06",
                "text": "Referred to the Committee on Foreign Affairs, and in addition to the Committee on Armed Services, for a period to be subsequently determined by the Speaker, in each case for consideration of such provisions as fall within the jurisdiction of the committee concerned."
            },
            "number": "288",
            "policyArea": {
                "name": "International Affairs"
            },
            "title": "Expressing the need for a more comprehensive diplomatic initiative led by the United States, Republic of Iraq, and international community.",
            "type": "HCONRES",
            "url": "https://api.congress.gov/v3/bill/110/hconres/288?format=json"
        },
        {
            "congress": 110,
            "introducedDate": "2007-12-19",
            "latestAction": {
                "actionDate": "2007-12-19",
                "text": "Referred to the Committee on Foreign Affairs, and in addition to the Committee on Armed Services, for a period to be subsequently determined by the Speaker, in each case for consideration of such provisions as fall within the jurisdiction of the committee concerned."
            },
            "number": "274",
            "policyArea": {
                "name": "International Affairs"
            },
            "title": "Expressing the need for a more comprehensive diplomatic initiative led by the United States, Republic of Iraq, and international community.",
            "type": "HCONRES",
            "url": "https://api.congress.gov/v3/bill/110/hconres/274?format=json"
        },
        {
            "congress": 110,
            "introducedDate": "2007-05-22",
            "latestAction": {
                "actionDate": "2007-05-22",
                "text": "Referred to the Subcommittee on Energy and Air Quality."
            },
            "number": "153",
            "policyArea": {
                "name": "Energy"
            },
            "title": "Expressing the sense of the Congress regarding the need for a nationwide diversified energy portfolio, and for other purposes.",
            "type": "HCONRES",
            "url": "https://api.congress.gov/v3/bill/110/hconres/153?format=json"
        },
        {
            "congress": 108,
            "introducedDate": "2004-09-15",
            "latestAction": {
                "actionDate": "2004-09-27",
                "text": "Referred to the Subcommittee on Fisheries Conservation, Wildlife and Oceans."
            },
            "number": "5096",
            "policyArea": {
                "name": "Public Lands and Natural Resources"
            },
            "title": "Flagship Species Conservation Act of 2004",
            "type": "HR",
            "url": "https://api.congress.gov/v3/bill/108/hr/5096?format=json"
        },
        {
            "congress": 108,
            "introducedDate": "2004-09-17",
            "latestAction": {
                "actionDate": "2004-11-19",
                "text": "Placed on the Union Calendar, Calendar No. 481."
            },
            "number": "5104",
            "policyArea": {
                "name": "Animals"
            },
            "title": "Prescott Marine Mammal Stranding Program Amendments of 2004",
            "type": "HR",
            "url": "https://api.congress.gov/v3/bill/108/hr/5104?format=json"
        },
        {
            "congress": 108,
            "introducedDate": "2004-07-20",
            "latestAction": {
                "actionDate": "2004-07-26",
                "text": "Referred to the Subcommittee on Fisheries Conservation, Wildlife and Oceans."
            },
            "number": "4869",
            "policyArea": {
                "name": "Animals"
            },
            "title": "Prescott Marine Mammal Stranding Program Amendments of 2004",
            "type": "HR",
            "url": "https://api.congress.gov/v3/bill/108/hr/4869?format=json"
        },
        {
            "congress": 108,
            "introducedDate": "2004-06-24",
            "latestAction": {
                "actionDate": "2004-09-13",
                "text": "Placed on the Union Calendar, Calendar No. 416."
            },
            "number": "4688",
            "policyArea": {
                "name": "Environmental Protection"
            },
            "title": "To amend the Federal Water Pollution Control Act to reauthorize the Chesapeake Bay Program.",
            "type": "HR",
            "url": "https://api.congress.gov/v3/bill/108/hr/4688?format=json"
        },
        {
            "congress": 108,
            "introducedDate": "2004-04-01",
            "latestAction": {
                "actionDate": "2004-06-03",
                "text": "Placed on the Union Calendar, Calendar No. 299."
            },
            "number": "4114",
            "policyArea": {
                "name": "Animals"
            },
            "title": "Migratory Bird Treaty Reform Act of 2004",
            "type": "HR",
            "url": "https://api.congress.gov/v3/bill/108/hr/4114?format=json"
        },
        {
            "congress": 108,
            "introducedDate": "2004-03-30",
            "latestAction": {
                "actionDate": "2004-04-23",
                "text": "Referred to the Subcommittee on Energy and Air Quality, for a period to be subsequently determined by the Chairman."
            },
            "number": "4067",
            "policyArea": {
                "name": "Environmental Protection"
            },
            "title": "Climate Stewardship Act of 2004",
            "type": "HR",
            "url": "https://api.congress.gov/v3/bill/108/hr/4067?format=json"
        },
        {
            "congress": 108,
            "introducedDate": "2004-03-03",
            "latestAction": {
                "actionDate": "2004-03-18",
                "text": "Subcommittee Hearings Held."
            },
            "number": "3883",
            "policyArea": {
                "name": "Public Lands and Natural Resources"
            },
            "title": "To reauthorize the Atlantic Striped Bass Conservation Act.",
            "type": "HR",
            "url": "https://api.congress.gov/v3/bill/108/hr/3883?format=json"
        },
        {
            "congress": 108,
            "introducedDate": "2003-10-28",
            "latestAction": {
                "actionDate": "2004-07-02",
                "text": "Became Public Law No: 108-266."
            },
            "number": "3378",
            "policyArea": {
                "name": "Animals"
            },
            "title": "Marine Turtle Conservation Act of 2004",
            "type": "HR",
            "url": "https://api.congress.gov/v3/bill/108/hr/3378?format=json"
        },
        {
            "congress": 108,
            "introducedDate": "2003-07-10",
            "latestAction": {
                "actionDate": "2004-04-20",
                "text": "Placed on the Union Calendar, Calendar No. 268."
            },
            "number": "2693",
            "policyArea": {
                "name": "Animals"
            },
            "title": "Marine Mammal Protection Act Amendments of 2004",
            "type": "HR",
            "url": "https://api.congress.gov/v3/bill/108/hr/2693?format=json"
        },
        {
            "congress": 108,
            "introducedDate": "2003-06-02",
            "latestAction": {
                "actionDate": "2003-06-11",
                "text": "Referred to the Subcommittee on Health."
            },
            "number": "2292",
            "policyArea": {
                "name": "Health"
            },
            "title": "Health Promotion and Disease Prevention for Persons with Disabilities Act",
            "type": "HR",
            "url": "https://api.congress.gov/v3/bill/108/hr/2292?format=json"
        },
        {
            "congress": 108,
            "introducedDate": "2003-05-09",
            "latestAction": {
                "actionDate": "2003-10-21",
                "text": "Received in the Senate and Read twice and referred to the Committee on Commerce, Science, and Transportation."
            },
            "number": "2048",
            "policyArea": {
                "name": "Public Lands and Natural Resources"
            },
            "title": "International Fisheries Reauthorization Act of 2003",
            "type": "HR",
            "url": "https://api.congress.gov/v3/bill/108/hr/2048?format=json"
        },
        {
            "congress": 108,
            "introducedDate": "2003-04-03",
            "latestAction": {
                "actionDate": "2003-04-10",
                "text": "Referred to the Subcommittee on Energy and Air Quality."
            },
            "number": "1605",
            "policyArea": {
                "name": "Transportation and Public Works"
            },
            "title": "Automobile Fuel Economy Act of 2003",
            "type": "HR",
            "url": "https://api.congress.gov/v3/bill/108/hr/1605?format=json"
        },
        {
            "congress": 108,
            "introducedDate": "2003-03-05",
            "latestAction": {
                "actionDate": "2003-03-17",
                "text": "Referred to the Subcommittee on Fisheries Conservation, Wildlife and Oceans."
            },
            "number": "1080",
            "policyArea": {
                "name": "Water Resources Development"
            },
            "title": "National Aquatic Invasive Species Act of 2003",
            "type": "HR",
            "url": "https://api.congress.gov/v3/bill/108/hr/1080?format=json"
        },
        {
            "congress": 108,
            "introducedDate": "2003-02-27",
            "latestAction": {
                "actionDate": "2003-03-27",
                "text": "Subcommittee Hearings Held."
            },
            "number": "984",
            "policyArea": {
                "name": "Public Lands and Natural Resources"
            },
            "title": "National Oceanic and Atmospheric Administration Act of 2003 ",
            "type": "HR",
            "url": "https://api.congress.gov/v3/bill/108/hr/984?format=json"
        },
        {
            "congress": 108,
            "introducedDate": "2003-01-08",
            "latestAction": {
                "actionDate": "2003-04-23",
                "text": "Became Public Law No: 108-16."
            },
            "number": "273",
            "policyArea": {
                "name": "Water Resources Development"
            },
            "title": "Nutria Eradication and Control Act of 2003",
            "type": "HR",
            "url": "https://api.congress.gov/v3/bill/108/hr/273?format=json"
        },
        {
            "congress": 108,
            "introducedDate": "2003-01-08",
            "latestAction": {
                "actionDate": "2003-11-22",
                "text": "Became Public Law No: 108-131."
            },
            "number": "274",
            "policyArea": {
                "name": "Public Lands and Natural Resources"
            },
            "title": "Blackwater National Wildlife Refuge Expansion Act \r",
            "type": "HR",
            "url": "https://api.congress.gov/v3/bill/108/hr/274?format=json"
        },
        {
            "amendmentNumber": "349",
            "congress": 107,
            "introducedDate": "2001-10-04",
            "latestAction": {
                "actionDate": "2001-10-04",
                "actionTime": "20:15:29",
                "text": "By unanimous consent, the Gilchrest amendment was withdrawn. "
            },
            "type": null,
            "url": "https://api.congress.gov/v3/amendment/107/hamdt/349?format=json"
        },
        {
            "congress": 107,
            "introducedDate": "2002-09-18",
            "latestAction": {
                "actionDate": "2002-11-14",
                "text": "Joint Hearings Held by the Subcommittee on Fisheries Conservation, Wildlife and Oceans and by the Subcommittee on Environment, Technology and Standards of the House Science Committee."
            },
            "number": "5396",
            "policyArea": {
                "name": "Water Resources Development"
            },
            "title": "National Aquatic Invasive Species Act of 2002 ",
            "type": "HR",
            "url": "https://api.congress.gov/v3/bill/107/hr/5396?format=json"
        },
        {
            "congress": 107,
            "introducedDate": "2002-06-19",
            "latestAction": {
                "actionDate": "2002-10-18",
                "text": "House Committee on Science Granted an extension for further consideration ending not later than Nov. 22, 2002."
            },
            "number": "4966",
            "policyArea": {
                "name": "Public Lands and Natural Resources"
            },
            "title": "National Oceanic and Atmospheric Administration Act",
            "type": "HR",
            "url": "https://api.congress.gov/v3/bill/107/hr/4966?format=json"
        },
        {
            "congress": 107,
            "introducedDate": "2002-06-17",
            "latestAction": {
                "actionDate": "2002-07-16",
                "text": "Referred to the Subcommittee on Health."
            },
            "number": "4945",
            "policyArea": {
                "name": "Health"
            },
            "title": "Health Promotion and Disease Prevention for Persons with Disabilities Act",
            "type": "HR",
            "url": "https://api.congress.gov/v3/bill/107/hr/4945?format=json"
        },
        {
            "congress": 107,
            "introducedDate": "2002-05-22",
            "latestAction": {
                "actionDate": "2002-10-08",
                "text": "Placed on Senate Legislative Calendar under General Orders. Calendar No. 693."
            },
            "number": "4807",
            "policyArea": {
                "name": "Public Lands and Natural Resources"
            },
            "title": "Blackwater National Wildlife Refuge Expansion Act",
            "type": "HR",
            "url": "https://api.congress.gov/v3/bill/107/hr/4807?format=json"
        },
        {
            "congress": 107,
            "introducedDate": "2002-05-21",
            "latestAction": {
                "actionDate": "2002-07-25",
                "text": "Forwarded by Subcommittee to Full Committee (Amended) by Voice Vote."
            },
            "number": "4781",
            "policyArea": {
                "name": "Animals"
            },
            "title": "Marine Mammal Protection Act Amendments of 2002",
            "type": "HR",
            "url": "https://api.congress.gov/v3/bill/107/hr/4781?format=json"
        },
        {
            "congress": 107,
            "introducedDate": "2002-05-16",
            "latestAction": {
                "actionDate": "2002-11-06",
                "text": "Executive Comment Received from Commerce."
            },
            "number": "4749",
            "policyArea": {
                "name": "Public Lands and Natural Resources"
            },
            "title": "Magnuson-Stevens Act Amendments of 2002",
            "type": "HR",
            "url": "https://api.congress.gov/v3/bill/107/hr/4749?format=json"
        },
        {
            "congress": 107,
            "introducedDate": "2002-04-24",
            "latestAction": {
                "actionDate": "2002-04-30",
                "text": "Executive Comment Requested from Interior."
            },
            "number": "4576",
            "policyArea": {
                "name": "Water Resources Development"
            },
            "title": "To decide the name of a creek in Queen Anne's County, Maryland.",
            "type": "HR",
            "url": "https://api.congress.gov/v3/bill/107/hr/4576?format=json"
        },
        {
            "congress": 107,
            "introducedDate": "2002-03-20",
            "latestAction": {
                "actionDate": "2002-09-26",
                "text": "Placed on Senate Legislative Calendar under General Orders. Calendar No. 616."
            },
            "number": "4044",
            "policyArea": {
                "name": "Water Resources Development"
            },
            "title": "To authorize the Secretary of the Interior to provide assistance to the State of Maryland and the State of Louisiana for implementation of a program to eradicate or control nutria and restore marshland damaged by nutria.",
            "type": "HR",
            "url": "https://api.congress.gov/v3/bill/107/hr/4044?format=json"
        },
        {
            "congress": 107,
            "introducedDate": "2001-12-20",
            "latestAction": {
                "actionDate": "2002-02-07",
                "text": "Forwarded by Subcommittee to Full Committee (Amended) by Voice Vote."
            },
            "number": "3577",
            "policyArea": {
                "name": "Public Lands and Natural Resources"
            },
            "title": "Coastal Resources Conservation Act of 2001",
            "type": "HR",
            "url": "https://api.congress.gov/v3/bill/107/hr/3577?format=json"
        },
        {
            "congress": 107,
            "introducedDate": "2001-11-30",
            "latestAction": {
                "actionDate": "2002-11-26",
                "text": "Became Public Law No: 107-299."
            },
            "number": "3389",
            "policyArea": {
                "name": "Public Lands and Natural Resources"
            },
            "title": "National Sea Grant College Program Act Amendments of 2002",
            "type": "HR",
            "url": "https://api.congress.gov/v3/bill/107/hr/3389?format=json"
        },
        {
            "congress": 107,
            "introducedDate": "2001-07-31",
            "latestAction": {
                "actionDate": "2001-08-13",
                "text": "Referred to the Subcommittee on Military Personnel."
            },
            "number": "2685",
            "policyArea": {
                "name": "Armed Forces and National Security"
            },
            "title": "To amend title 10, United States Code, to revise the computation of military disability retired pay computation for certain members of the uniformed services injured while a cadet or midshipman at a service academy.",
            "type": "HR",
            "url": "https://api.congress.gov/v3/bill/107/hr/2685?format=json"
        },
        {
            "congress": 107,
            "introducedDate": "2001-05-24",
            "latestAction": {
                "actionDate": "2002-11-22",
                "text": "Message on Senate action sent to the House."
            },
            "number": "1989",
            "policyArea": {
                "name": "Public Lands and Natural Resources"
            },
            "title": "Fisheries Conservation Act of 2002",
            "type": "HR",
            "url": "https://api.congress.gov/v3/bill/107/hr/1989?format=json"
        },
        {
            "congress": 107,
            "introducedDate": "2001-02-14",
            "latestAction": {
                "actionDate": "2002-01-08",
                "text": "Became Public Law No: 107-112."
            },
            "number": "645",
            "policyArea": {
                "name": "Animals"
            },
            "title": "Rhinoceros and Tiger Conservation Reauthorization Act of 2001",
            "type": "HR",
            "url": "https://api.congress.gov/v3/bill/107/hr/645?format=json"
        },
        {
            "congress": 107,
            "introducedDate": "2001-02-14",
            "latestAction": {
                "actionDate": "2002-01-08",
                "text": "Became Public Law No: 107-111."
            },
            "number": "643",
            "policyArea": {
                "name": "Animals"
            },
            "title": "African Elephant Conservation Reauthorization Act of 2001",
            "type": "HR",
            "url": "https://api.congress.gov/v3/bill/107/hr/643?format=json"
        },
        {
            "congress": 107,
            "introducedDate": "2001-02-14",
            "latestAction": {
                "actionDate": "2001-02-21",
                "text": "Referred to the Subcommittee on Fisheries Conservation, Wildlife and Oceans."
            },
            "number": "644",
            "policyArea": {
                "name": "Public Lands and Natural Resources"
            },
            "title": "To approve a governing international fishery agreement between the United States and the Government of the Republic of Estonia.",
            "type": "HR",
            "url": "https://api.congress.gov/v3/bill/107/hr/644?format=json"
        },
        {
            "congress": 107,
            "introducedDate": "2001-02-14",
            "latestAction": {
                "actionDate": "2001-04-05",
                "text": "Received in the Senate and Read twice and referred to the Committee on Commerce, Science, and Transportation."
            },
            "number": "642",
            "policyArea": {
                "name": "Public Lands and Natural Resources"
            },
            "title": "To reauthorize the Chesapeake Bay Office of the National Oceanic and Atmospheric Administration, and for other purposes.",
            "type": "HR",
            "url": "https://api.congress.gov/v3/bill/107/hr/642?format=json"
        },
        {
            "congress": 107,
            "introducedDate": "2001-02-08",
            "latestAction": {
                "actionDate": "2001-09-20",
                "text": "Forwarded by Subcommittee to Full Committee (Amended) by Voice Vote."
            },
            "number": "525",
            "policyArea": {
                "name": "Emergency Management"
            },
            "title": "Preparedness Against Domestic Terrorism Act of 2001",
            "type": "HR",
            "url": "https://api.congress.gov/v3/bill/107/hr/525?format=json"
        },
        {
            "congress": 107,
            "introducedDate": "2001-02-06",
            "latestAction": {
                "actionDate": "2001-02-06",
                "text": "Referred to the House Committee on House Administration."
            },
            "number": "449",
            "policyArea": {
                "name": "Government Operations and Politics"
            },
            "title": "To amend the Federal Election Campaign Act of 1971 to prohibit nonparty multicandidate political committee contributions in elections for Federal office.",
            "type": "HR",
            "url": "https://api.congress.gov/v3/bill/107/hr/449?format=json"
        },
        {
            "congress": 107,
            "introducedDate": "2001-02-06",
            "latestAction": {
                "actionDate": "2001-02-06",
                "text": "Referred to the House Committee on House Administration."
            },
            "number": "450",
            "policyArea": {
                "name": "Government Operations and Politics"
            },
            "title": "To amend the Federal Election Campaign Act of 1971 to prohibit candidates for election to the House of Representatives from accepting contributions from individuals who do not reside in the district the candidate seeks to represent.",
            "type": "HR",
            "url": "https://api.congress.gov/v3/bill/107/hr/450?format=json"
        },
        {
            "congress": 107,
            "introducedDate": "2002-06-26",
            "latestAction": {
                "actionDate": "2002-09-26",
                "text": "Subcommittee Hearings Held."
            },
            "number": "427",
            "policyArea": {
                "name": "International Affairs"
            },
            "title": "Expressing the sense of the Congress regarding the imposition of trade sanctions on nations that are undermining the effectiveness of conservation and management measures for Atlantic marlin adopted by the International Commission for the Conservation of Atlantic Tunas and that are threatening the continued viability of United States commercial and recreational fisheries.",
            "type": "HCONRES",
            "url": "https://api.congress.gov/v3/bill/107/hconres/427?format=json"
        },
        {
            "congress": 107,
            "introducedDate": "2002-05-22",
            "latestAction": {
                "actionDate": "2002-07-16",
                "text": "Received in the Senate and referred to the Committee on Environment and Public Works."
            },
            "number": "408",
            "policyArea": {
                "name": "Commemorations"
            },
            "title": "Honoring the American Zoo and Aquarium Association and its accredited member institutions for their continued service to animal welfare, conservation education, conservation research, and wildlife conservation programs.",
            "type": "HCONRES",
            "url": "https://api.congress.gov/v3/bill/107/hconres/408?format=json"
        },
        {
            "congress": 107,
            "introducedDate": "2001-02-08",
            "latestAction": {
                "actionDate": "2001-02-13",
                "text": "Referred to the Subcommittee on the Civil Service and Agency Organization."
            },
            "number": "24",
            "policyArea": {
                "name": "Commemorations"
            },
            "title": "Supporting a National Foster Parents Day.",
            "type": "HCONRES",
            "url": "https://api.congress.gov/v3/bill/107/hconres/24?format=json"
        },
        {
            "amendmentNumber": "916",
            "congress": 106,
            "introducedDate": "2000-06-27",
            "latestAction": {
                "actionDate": "2000-06-27",
                "actionTime": "19:02:38",
                "text": "On agreeing to the Gilchrest amendment (A002) Failed by recorded vote: 153 - 273 (Roll no. 335). "
            },
            "type": null,
            "url": "https://api.congress.gov/v3/amendment/106/hamdt/916?format=json"
        },
        {
            "amendmentNumber": "918",
            "congress": 106,
            "introducedDate": "2000-06-27",
            "latestAction": {
                "actionDate": "2000-06-27",
                "actionTime": "19:16:36",
                "text": "On agreeing to the Gilchrest amendment (A004) Failed by recorded vote: 145 - 281 (Roll no. 336). "
            },
            "type": null,
            "url": "https://api.congress.gov/v3/amendment/106/hamdt/918?format=json"
        },
        {
            "amendmentNumber": "28",
            "congress": 106,
            "introducedDate": "1999-03-17",
            "latestAction": {
                "actionDate": "1999-03-17",
                "actionTime": "14:21:56",
                "text": "On agreeing to the Gilchrest amendment (A001) Agreed to by voice vote. "
            },
            "type": null,
            "url": "https://api.congress.gov/v3/amendment/106/hamdt/28?format=json"
        },
        {
            "congress": 106,
            "introducedDate": "2000-09-28",
            "latestAction": {
                "actionDate": "2000-09-28",
                "text": "Referred to the Committee on Transportation and Infrastructure, and in addition to the Committee on Armed Services, for a period to be subsequently determined by the Speaker, in each case for consideration of such provisions as fall within the jurisdiction of the committee concerned."
            },
            "number": "5337",
            "policyArea": {
                "name": "Transportation and Public Works"
            },
            "title": "United States Cruise Vessel Act",
            "type": "HR",
            "url": "https://api.congress.gov/v3/bill/106/hr/5337?format=json"
        },
        {
            "congress": 106,
            "introducedDate": "2000-09-07",
            "latestAction": {
                "actionDate": "2000-09-14",
                "text": "Subcommittee Hearings Held."
            },
            "number": "5133",
            "policyArea": {
                "name": "Public Lands and Natural Resources"
            },
            "title": "NOAA Chesapeake Bay Office Improvement Act",
            "type": "HR",
            "url": "https://api.congress.gov/v3/bill/106/hr/5133?format=json"
        },
        {
            "congress": 106,
            "introducedDate": "2000-03-21",
            "latestAction": {
                "actionDate": "2000-03-30",
                "text": "Executive Comment Requested from Commerce."
            },
            "number": "4046",
            "policyArea": {
                "name": "Public Lands and Natural Resources"
            },
            "title": "Fisheries Recovery Act of 2000",
            "type": "HR",
            "url": "https://api.congress.gov/v3/bill/106/hr/4046?format=json"
        },
        {
            "congress": 106,
            "introducedDate": "1999-05-12",
            "latestAction": {
                "actionDate": "2000-09-13",
                "text": "Received in the Senate and Read twice and referred to the Committee on Environment and Public Works."
            },
            "number": "1775",
            "policyArea": {
                "name": "Water Resources Development"
            },
            "title": "Estuary Restoration Act of 2000",
            "type": "HR",
            "url": "https://api.congress.gov/v3/bill/106/hr/1775?format=json"
        },
        {
            "congress": 106,
            "introducedDate": "1999-03-11",
            "latestAction": {
                "actionDate": "1999-03-30",
                "text": "Referred to the Subcommittee on Health and Environment, for a period to be subsequently determined by the Chairman."
            },
            "number": "1088",
            "policyArea": {
                "name": "Health"
            },
            "title": "Medicare+Choice Payment Fairness Act of 1999",
            "type": "HR",
            "url": "https://api.congress.gov/v3/bill/106/hr/1088?format=json"
        },
        {
            "congress": 106,
            "introducedDate": "1999-02-23",
            "latestAction": {
                "actionDate": "1999-12-07",
                "text": "Became Public Law No: 106-135."
            },
            "number": "791",
            "policyArea": {
                "name": "Public Lands and Natural Resources"
            },
            "title": "Star-Spangled Banner National Historic Trail Study Act of 1999",
            "type": "HR",
            "url": "https://api.congress.gov/v3/bill/106/hr/791?format=json"
        },
        {
            "congress": 106,
            "introducedDate": "1999-02-04",
            "latestAction": {
                "actionDate": "1999-02-04",
                "text": "Referred to the House Committee on House Administration."
            },
            "number": "594",
            "policyArea": {
                "name": "Government Operations and Politics"
            },
            "title": "To amend the Federal Election Campaign Act of 1971 to prohibit candidates for election to the House of Representatives from accepting contributions from individuals who do not reside in the district the candidate seeks to represent.",
            "type": "HR",
            "url": "https://api.congress.gov/v3/bill/106/hr/594?format=json"
        },
        {
            "congress": 106,
            "introducedDate": "1999-02-04",
            "latestAction": {
                "actionDate": "1999-02-04",
                "text": "Referred to the House Committee on House Administration."
            },
            "number": "593",
            "policyArea": {
                "name": "Government Operations and Politics"
            },
            "title": "To amend the Federal Election Campaign Act of 1971 to prohibit nonparty multicandidate political committee contributions in elections for Federal office.",
            "type": "HR",
            "url": "https://api.congress.gov/v3/bill/106/hr/593?format=json"
        },
        {
            "congress": 106,
            "introducedDate": "2000-02-02",
            "latestAction": {
                "actionDate": "2000-02-04",
                "text": "Referred to the Subcommittee on Civil Service."
            },
            "number": "413",
            "policyArea": {
                "name": "Commemorations"
            },
            "title": "Expressing suport for a National Foster Parents Day.",
            "type": "HRES",
            "url": "https://api.congress.gov/v3/bill/106/hres/413?format=json"
        },
        {
            "amendmentNumber": "350",
            "congress": 102,
            "introducedDate": "1991-10-29",
            "latestAction": {
                "actionDate": "1991-10-29",
                "actionTime": "15:47:27",
                "text": "Mr. Hayes (LA) raised a point of order against the Gilchrest amendment (A002). Mr. Hayes of Louisiana stated that the amendment offered by Mr. Gilchrest changed existing law and as such, constituted legislation in an appropriation bill. The Chair sustained the point of order. "
            },
            "type": null,
            "url": "https://api.congress.gov/v3/amendment/102/hamdt/350?format=json"
        },
        {
            "amendmentNumber": "352",
            "congress": 102,
            "introducedDate": "1991-10-29",
            "latestAction": {
                "actionDate": "1991-10-29",
                "actionTime": "18:36:43",
                "text": "On agreeing to the Gilchrest amendment (A004) Failed by recorded vote: 181 - 241 (Roll no. 348). "
            },
            "type": null,
            "url": "https://api.congress.gov/v3/amendment/102/hamdt/352?format=json"
        },
        {
            "congress": 102,
            "introducedDate": "1992-06-16",
            "latestAction": {
                "actionDate": "1992-10-04",
                "actionTime": "19:53:20",
                "text": "By request of Mr. Boucher the House passed over the measure without prejudice."
            },
            "number": "5410",
            "policyArea": {
                "name": "Private Legislation"
            },
            "title": "To clear certain impediments to the licensing of a vessel for employment in the coastwise trade and fisheries of the United States.",
            "type": "HR",
            "url": "https://api.congress.gov/v3/bill/102/hr/5410?format=json"
        },
        {
            "congress": 102,
            "introducedDate": "1992-04-09",
            "latestAction": {
                "actionDate": "1992-04-22",
                "text": "Referred to the Subcommittee on Procurement and Military Nuclear Systems."
            },
            "number": "4975",
            "policyArea": {
                "name": "Armed Forces and National Security"
            },
            "title": "To provide for a moratorium on the construction of incinerators in the United States for the chemical munitions demilitarization of the Army until the Secretary of the Army certifies to Congress that the incineration disposal program process to be used in the program is the safest means available at a reasonable cost.",
            "type": "HR",
            "url": "https://api.congress.gov/v3/bill/102/hr/4975?format=json"
        },
        {
            "congress": 102,
            "introducedDate": "1992-04-09",
            "latestAction": {
                "actionDate": "1992-10-04",
                "actionTime": "19:53:08",
                "text": "By request of Mr. Boucher the House passed over the measure without prejudice."
            },
            "number": "4987",
            "policyArea": {
                "name": "Private Legislation"
            },
            "title": "To clear certain impediments to the licensing of a vessel for employment in the coastwise trade and fisheries of the United States.",
            "type": "HR",
            "url": "https://api.congress.gov/v3/bill/102/hr/4987?format=json"
        },
        {
            "congress": 102,
            "introducedDate": "1991-10-23",
            "latestAction": {
                "actionDate": "1991-11-26",
                "text": "Referred to the Subcommittee on Employment Opportunities."
            },
            "number": "3618",
            "policyArea": {
                "name": "Labor and Employment"
            },
            "title": "Aid to American Workers Act of 1991",
            "type": "HR",
            "url": "https://api.congress.gov/v3/bill/102/hr/3618?format=json"
        },
        {
            "congress": 102,
            "introducedDate": "1991-10-03",
            "latestAction": {
                "actionDate": "1991-10-22",
                "text": "Referred to the Subcommittee on Fisheries and Wildlife Conservation and the Environment."
            },
            "number": "3492",
            "policyArea": {
                "name": "Environmental Protection"
            },
            "title": "Wetlands Improvement Act of 1991",
            "type": "HR",
            "url": "https://api.congress.gov/v3/bill/102/hr/3492?format=json"
        },
        {
            "congress": 102,
            "introducedDate": "1991-07-22",
            "latestAction": {
                "actionDate": "1992-03-05",
                "text": "For Further Action See S.1254."
            },
            "number": "2963",
            "policyArea": {
                "name": "Public Lands and Natural Resources"
            },
            "title": "To increase the authorized acreage limit for the Assateague Island National Seashore on the Maryland mainland, and for other purposes.",
            "type": "HR",
            "url": "https://api.congress.gov/v3/bill/102/hr/2963?format=json"
        },
        {
            "congress": 102,
            "introducedDate": "1991-05-29",
            "latestAction": {
                "actionDate": "1991-06-24",
                "text": "See H.R.1006."
            },
            "number": "2491",
            "policyArea": {
                "name": "Private Legislation"
            },
            "title": "To clear certain impediments to the licensing of a vessel for employment in the coastwise trade and fisheries of the United States.",
            "type": "HR",
            "url": "https://api.congress.gov/v3/bill/102/hr/2491?format=json"
        },
        {
            "congress": 102,
            "introducedDate": "1992-04-01",
            "latestAction": {
                "actionDate": "1992-04-01",
                "text": "Referred to the House Committee on Rules."
            },
            "number": "414",
            "policyArea": {
                "name": "Congress"
            },
            "title": "Amending the Rules of the House to limit the availability of future appropriations for official mail costs of the House to one-half of the fiscal year 1992 level.",
            "type": "HRES",
            "url": "https://api.congress.gov/v3/bill/102/hres/414?format=json"
        },
        {
            "congress": 103,
            "introducedDate": "1994-06-15",
            "latestAction": {
                "actionDate": "1994-06-21",
                "text": "Referred to the Subcommittee On Merchant Marine."
            },
            "number": "4583",
            "policyArea": {
                "name": "Private Legislation"
            },
            "title": "To clear certain impediments to the licensing of a vessel for employment in coastwise trade and fisheries of the United States.",
            "type": "HR",
            "url": "https://api.congress.gov/v3/bill/103/hr/4583?format=json"
        },
        {
            "congress": 103,
            "introducedDate": "1994-06-10",
            "latestAction": {
                "actionDate": "1994-06-27",
                "text": "Referred to the Subcommittee On Merchant Marine."
            },
            "number": "4567",
            "policyArea": {
                "name": "Private Legislation"
            },
            "title": "To clear certain impediments to the licensing of a vessel for employment in the coastwise trade and fisheries of the United States.",
            "type": "HR",
            "url": "https://api.congress.gov/v3/bill/103/hr/4567?format=json"
        },
        {
            "congress": 103,
            "introducedDate": "1994-05-12",
            "latestAction": {
                "actionDate": "1994-07-28",
                "text": "Text of Measure Incorporated into H.R.4820."
            },
            "number": "4424",
            "policyArea": {
                "name": "Private Legislation"
            },
            "title": "To clear certain impediments to the licensing of a vessel for employment in the coastwise trade and fisheries of the United States.",
            "type": "HR",
            "url": "https://api.congress.gov/v3/bill/103/hr/4424?format=json"
        },
        {
            "congress": 103,
            "introducedDate": "1994-05-12",
            "latestAction": {
                "actionDate": "1994-06-29",
                "text": "Subcommittee Hearings Held."
            },
            "number": "4404",
            "policyArea": {
                "name": "Public Lands and Natural Resources"
            },
            "title": "Marine Fish Conservation Amendments of 1994",
            "type": "HR",
            "url": "https://api.congress.gov/v3/bill/103/hr/4404?format=json"
        },
        {
            "congress": 103,
            "introducedDate": "1994-03-24",
            "latestAction": {
                "actionDate": "1994-07-28",
                "text": "Text of Measure Incorporated into H.R.4820."
            },
            "number": "4164",
            "policyArea": {
                "name": "Private Legislation"
            },
            "title": "To clear certain impediments to the licensing of a vessel for employment in the coastwise trade and fisheries of the United States.",
            "type": "HR",
            "url": "https://api.congress.gov/v3/bill/103/hr/4164?format=json"
        },
        {
            "congress": 103,
            "introducedDate": "1994-02-08",
            "latestAction": {
                "actionDate": "1994-06-23",
                "text": "Text of Measure Incorporated into H.R.3059."
            },
            "number": "3815",
            "policyArea": {
                "name": "Transportation and Public Works"
            },
            "title": "To authorize the Secretary of Transportation to convey a vessel in the National Defense Reserve Fleet to a non-profit organization.",
            "type": "HR",
            "url": "https://api.congress.gov/v3/bill/103/hr/3815?format=json"
        },
        {
            "congress": 103,
            "introducedDate": "1993-10-15",
            "latestAction": {
                "actionDate": "1993-11-22",
                "text": "Text of Measure Incorporated into H.R.2150."
            },
            "number": "3299",
            "policyArea": {
                "name": "Private Legislation"
            },
            "title": "To clear certain impediments to the licensing of a vessel for employment in the coastwise trade and fisheries of the United States.",
            "type": "HR",
            "url": "https://api.congress.gov/v3/bill/103/hr/3299?format=json"
        },
        {
            "congress": 103,
            "introducedDate": "1993-05-27",
            "latestAction": {
                "actionDate": "1993-05-27",
                "text": "Referred to the House Committee on House Administration."
            },
            "number": "2311",
            "policyArea": {
                "name": "Government Operations and Politics"
            },
            "title": "To amend the Federal Election Campaign Act of 1971 to prohibit nonparty multicandidate political committee contributions in elections for Federal office.",
            "type": "HR",
            "url": "https://api.congress.gov/v3/bill/103/hr/2311?format=json"
        },
        {
            "congress": 103,
            "introducedDate": "1993-04-21",
            "latestAction": {
                "actionDate": "1993-04-21",
                "text": "Referred to the House Committee on House Administration."
            },
            "number": "1781",
            "policyArea": {
                "name": "Government Operations and Politics"
            },
            "title": "To amend the Federal Election Campaign Act of 1971 to prohibit nonparty multicandidate political committee contributions in elections for Federal office, and for other purposes.",
            "type": "HR",
            "url": "https://api.congress.gov/v3/bill/103/hr/1781?format=json"
        },
        {
            "congress": 103,
            "introducedDate": "1993-04-21",
            "latestAction": {
                "actionDate": "1993-05-03",
                "text": "Referred to the Subcommittee on Water Resources and Environment."
            },
            "number": "1782",
            "policyArea": {
                "name": "Environmental Protection"
            },
            "title": "Chesapeake Bay Protection Act",
            "type": "HR",
            "url": "https://api.congress.gov/v3/bill/103/hr/1782?format=json"
        },
        {
            "congress": 103,
            "introducedDate": "1993-08-05",
            "latestAction": {
                "actionDate": "1993-08-09",
                "text": "Referred to the Subcommittee on Economic and Commercial Law."
            },
            "number": "249",
            "policyArea": {
                "name": "Taxation"
            },
            "title": "Proposing an amendment to the Constitution of the United States to prohibit retroactive income taxation.",
            "type": "HJRES",
            "url": "https://api.congress.gov/v3/bill/103/hjres/249?format=json"
        },
        {
            "congress": 103,
            "introducedDate": "1993-03-24",
            "latestAction": {
                "actionDate": "1993-03-24",
                "text": "Referred to the House Committee on Rules."
            },
            "number": "139",
            "policyArea": {
                "name": "Congress"
            },
            "title": "Amending the Rules of the House of Representatives to require a three-fifths vote to adopt any rule reported from the Committee on Rules disallowing germane amendments to a bill or resolution.",
            "type": "HRES",
            "url": "https://api.congress.gov/v3/bill/103/hres/139?format=json"
        },
        {
            "amendmentNumber": "1380",
            "congress": 104,
            "introducedDate": "1996-08-02",
            "latestAction": {
                "actionDate": "1996-08-02",
                "actionTime": "16:54:52",
                "text": "On agreeing to the Gilchrest amendment (A001) Agreed to without objection. "
            },
            "type": null,
            "url": "https://api.congress.gov/v3/amendment/104/hamdt/1380?format=json"
        },
        {
            "amendmentNumber": "1379",
            "congress": 104,
            "introducedDate": "1996-08-02",
            "latestAction": {
                "actionDate": "1996-08-02",
                "actionTime": "16:48:26",
                "text": "On agreeing to the Gilchrest amendment (A001) Agreed to without objection. "
            },
            "type": null,
            "url": "https://api.congress.gov/v3/amendment/104/hamdt/1379?format=json"
        },
        {
            "amendmentNumber": "1024",
            "congress": 104,
            "introducedDate": "1996-05-08",
            "latestAction": {
                "actionDate": "1996-05-08",
                "actionTime": "20:16:30",
                "text": "On agreeing to the Gilchrest amendment (A008) Agreed to by voice vote. "
            },
            "type": null,
            "url": "https://api.congress.gov/v3/amendment/104/hamdt/1024?format=json"
        },
        {
            "amendmentNumber": "872",
            "congress": 104,
            "introducedDate": "1995-10-18",
            "latestAction": {
                "actionDate": "1995-10-18",
                "actionTime": "12:53:10",
                "text": "On agreeing to the Gilchrest amendment (A009) Agreed to by recorded vote: 304 - 113 (Roll no. 718). "
            },
            "type": null,
            "url": "https://api.congress.gov/v3/amendment/104/hamdt/872?format=json"
        },
        {
            "amendmentNumber": "526",
            "congress": 104,
            "introducedDate": "1995-07-13",
            "latestAction": {
                "actionDate": "1995-07-13",
                "actionTime": "15:00:22",
                "text": "On agreeing to the Gilchrest amendment (A003) Agreed to by recorded vote: 256 - 168 (Roll no. 500). "
            },
            "type": null,
            "url": "https://api.congress.gov/v3/amendment/104/hamdt/526?format=json"
        },
        {
            "amendmentNumber": "568",
            "congress": 104,
            "introducedDate": "1995-07-19",
            "latestAction": {
                "actionDate": "1995-07-19",
                "actionTime": "13:49:22",
                "text": "On agreeing to the Gilchrest amendment (A004) Failed by recorded vote: 185 - 240 (Roll no. 527). "
            },
            "type": null,
            "url": "https://api.congress.gov/v3/amendment/104/hamdt/568?format=json"
        },
        {
            "amendmentNumber": "385",
            "congress": 104,
            "introducedDate": "1995-05-16",
            "latestAction": {
                "actionDate": "1995-05-16",
                "actionTime": "15:08:38",
                "text": "On agreeing to the Gilchrest amendment (A030) Failed by recorded vote: 180 - 247 (Roll no. 333). "
            },
            "type": null,
            "url": "https://api.congress.gov/v3/amendment/104/hamdt/385?format=json"
        },
        {
            "amendmentNumber": "384",
            "congress": 104,
            "introducedDate": "1995-05-16",
            "latestAction": {
                "actionDate": "1995-05-16",
                "actionTime": "14:12:00",
                "text": "On agreeing to the Gilchrest amendment (A029) Agreed to by voice vote. "
            },
            "type": null,
            "url": "https://api.congress.gov/v3/amendment/104/hamdt/384?format=json"
        },
        {
            "congress": 104,
            "introducedDate": "1995-12-21",
            "latestAction": {
                "actionDate": "1996-08-01",
                "text": "Received in the Senate and read twice and referred to the Committee on Commerce."
            },
            "number": "2823",
            "policyArea": {
                "name": "Public Lands and Natural Resources"
            },
            "title": "International Dolphin Conservation Program Act",
            "type": "HR",
            "url": "https://api.congress.gov/v3/bill/104/hr/2823?format=json"
        },
        {
            "congress": 104,
            "introducedDate": "1995-11-09",
            "latestAction": {
                "actionDate": "1995-11-09",
                "text": "Referred to the House Committee on House Oversight."
            },
            "number": "2605",
            "policyArea": {
                "name": "Government Operations and Politics"
            },
            "title": "To amend the Federal Election Campaign Act of 1971 to prohibit nonparty multicandidate political committee contributions in elections for Federal office, and for other purposes.",
            "type": "HR",
            "url": "https://api.congress.gov/v3/bill/104/hr/2605?format=json"
        },
        {
            "congress": 104,
            "introducedDate": "1995-11-02",
            "latestAction": {
                "actionDate": "1995-11-02",
                "text": "Referred to the House Committee on House Oversight."
            },
            "number": "2581",
            "policyArea": {
                "name": "Government Operations and Politics"
            },
            "title": "To amend the Federal Election Campaign Act of 1971 to prohibit nonparty multicandidate political committee contributions in elections for Federal office.",
            "type": "HR",
            "url": "https://api.congress.gov/v3/bill/104/hr/2581?format=json"
        },
        {
            "congress": 104,
            "introducedDate": "1995-11-10",
            "latestAction": {
                "actionDate": "1996-01-25",
                "text": "See H.R.2880."
            },
            "number": "2620",
            "policyArea": {
                "name": "Public Lands and Natural Resources"
            },
            "title": "To direct the Architect of the Capitol to sell the parcel of real property located at 501 First Street, S.E., in the District of Columbia, and for other purposes.",
            "type": "HR",
            "url": "https://api.congress.gov/v3/bill/104/hr/2620?format=json"
        },
        {
            "congress": 104,
            "introducedDate": "1995-09-21",
            "latestAction": {
                "actionDate": "1995-09-26",
                "text": "Executive Comment Requested from Interior, Commerce, USDA."
            },
            "number": "2374",
            "policyArea": {
                "name": "Environmental Protection"
            },
            "title": "Endangered Natural Legacy Protection Act of 1995",
            "type": "HR",
            "url": "https://api.congress.gov/v3/bill/104/hr/2374?format=json"
        },
        {
            "congress": 104,
            "introducedDate": "1995-08-04",
            "latestAction": {
                "actionDate": "1995-08-17",
                "text": "Referred to the Subcommittee on Coast Guard and Maritime Transportation."
            },
            "number": "2257",
            "policyArea": {
                "name": "Private Legislation"
            },
            "title": "To clear certain impediments to the licensing of a vessel for employment in the coastwise trade and fisheries of the United States.",
            "type": "HR",
            "url": "https://api.congress.gov/v3/bill/104/hr/2257?format=json"
        },
        {
            "congress": 104,
            "introducedDate": "1995-08-04",
            "latestAction": {
                "actionDate": "1995-08-04",
                "text": "Referred to the House Committee on Ways and Means."
            },
            "number": "2218",
            "policyArea": {
                "name": "Taxation"
            },
            "title": "Farmland Preservation Act of 1995",
            "type": "HR",
            "url": "https://api.congress.gov/v3/bill/104/hr/2218?format=json"
        },
        {
            "congress": 104,
            "introducedDate": "1995-07-31",
            "latestAction": {
                "actionDate": "1996-09-06",
                "text": "Placed on the Union Calendar, Calendar No. 419."
            },
            "number": "2145",
            "policyArea": {
                "name": "Economics and Public Finance"
            },
            "title": "Economic Development Partnership Act of 1995",
            "type": "HR",
            "url": "https://api.congress.gov/v3/bill/104/hr/2145?format=json"
        },
        {
            "congress": 104,
            "introducedDate": "1995-04-06",
            "latestAction": {
                "actionDate": "1995-04-19",
                "text": "Referred to the Subcommittee on Coast Guard and Maritime Transportation."
            },
            "number": "1466",
            "policyArea": {
                "name": "Private Legislation"
            },
            "title": "To authorize the Secretary of Transportation to issue a certificate of documentation with appropriate endorsement for employment in the coastwise trade and fisheries for each of the vessels SALLIE D and MEMORY MAKER.",
            "type": "HR",
            "url": "https://api.congress.gov/v3/bill/104/hr/1466?format=json"
        },
        {
            "congress": 104,
            "introducedDate": "1996-03-05",
            "latestAction": {
                "actionDate": "1996-03-28",
                "text": "Message on Senate action sent to the House."
            },
            "number": "146",
            "policyArea": {
                "name": "Government Operations and Politics"
            },
            "title": "Authorizing the 1996 Special Olympics Torch Relay to be run through the Capitol Grounds.",
            "type": "HCONRES",
            "url": "https://api.congress.gov/v3/bill/104/hconres/146?format=json"
        },
        {
            "congress": 104,
            "introducedDate": "1995-05-01",
            "latestAction": {
                "actionDate": "1995-05-15",
                "text": "Message on Senate action sent to the House."
            },
            "number": "64",
            "policyArea": {
                "name": "Government Operations and Politics"
            },
            "title": "Authorizing the 1995 Special Olympics Torch Relay to be run through the Capitol Grounds.",
            "type": "HCONRES",
            "url": "https://api.congress.gov/v3/bill/104/hconres/64?format=json"
        },
        {
            "congress": 104,
            "introducedDate": "1995-03-08",
            "latestAction": {
                "actionDate": "1995-04-04",
                "text": "Message on Senate action sent to the House."
            },
            "number": "34",
            "policyArea": {
                "name": "Government Operations and Politics"
            },
            "title": "Authorizing the use of the Capitol Grounds for the Ringling Bros. and Barnum & Bailey Circus Anniversary Commemoration.",
            "type": "HCONRES",
            "url": "https://api.congress.gov/v3/bill/104/hconres/34?format=json"
        },
        {
            "amendmentNumber": "851",
            "congress": 105,
            "introducedDate": "1998-08-05",
            "latestAction": {
                "actionDate": "1998-08-05",
                "actionTime": "15:28:11",
                "text": "On agreeing to the Gilchrest amendment (A027) Agreed to by voice vote. "
            },
            "type": null,
            "url": "https://api.congress.gov/v3/amendment/105/hamdt/851?format=json"
        },
        {
            "amendmentNumber": "769",
            "congress": 105,
            "introducedDate": "1998-07-22",
            "latestAction": {
                "actionDate": "1998-07-22",
                "actionTime": "21:20:32",
                "text": "By unanimous consent, the Gilchrest amendment was withdrawn. "
            },
            "type": null,
            "url": "https://api.congress.gov/v3/amendment/105/hamdt/769?format=json"
        },
        {
            "amendmentNumber": "430",
            "congress": 105,
            "introducedDate": "1997-10-21",
            "latestAction": {
                "actionDate": "1997-10-21",
                "actionTime": "18:45:34",
                "text": "On agreeing to the Gilchrest amendments (A001) Agreed to by voice vote. "
            },
            "type": null,
            "url": "https://api.congress.gov/v3/amendment/105/hamdt/430?format=json"
        },
        {
            "amendmentNumber": "73",
            "congress": 105,
            "introducedDate": "1997-05-07",
            "latestAction": {
                "actionDate": "1997-05-07",
                "actionTime": "17:50:19",
                "text": "On agreeing to the Gilchrest amendment (A004) Agreed to by voice vote. "
            },
            "type": null,
            "url": "https://api.congress.gov/v3/amendment/105/hamdt/73?format=json"
        },
        {
            "congress": 105,
            "introducedDate": "1998-09-25",
            "latestAction": {
                "actionDate": "1998-10-05",
                "text": "Referred to the Subcommittee on Water Resources and Environment."
            },
            "number": "4634",
            "policyArea": {
                "name": "Water Resources Development"
            },
            "title": "Estuary Habitat Restoration Partnership Act of 1998",
            "type": "HR",
            "url": "https://api.congress.gov/v3/bill/105/hr/4634?format=json"
        },
        {
            "congress": 105,
            "introducedDate": "1998-07-27",
            "latestAction": {
                "actionDate": "1998-10-30",
                "text": "Became Public Law No: 105-322."
            },
            "number": "4337",
            "policyArea": {
                "name": "Water Resources Development"
            },
            "title": "To authorize the Secretary of the Interior to provide financial assistance to the State of Maryland for a pilot program to develop measures to eradicate or control nutria and restore marshland damaged by nutria.",
            "type": "HR",
            "url": "https://api.congress.gov/v3/bill/105/hr/4337?format=json"
        },
        {
            "congress": 105,
            "introducedDate": "1997-10-29",
            "latestAction": {
                "actionDate": "1997-12-09",
                "text": "Subcommittee Hearings Held."
            },
            "number": "2762",
            "policyArea": {
                "name": "Environmental Protection"
            },
            "title": "Wetlands and Watershed Management Act of 1997",
            "type": "HR",
            "url": "https://api.congress.gov/v3/bill/105/hr/2762?format=json"
        },
        {
            "congress": 105,
            "introducedDate": "1997-06-03",
            "latestAction": {
                "actionDate": "1997-06-03",
                "text": "Referred to the House Committee on Ways and Means."
            },
            "number": "1763",
            "policyArea": {
                "name": "Taxation"
            },
            "title": "Agricultural Land Preservation Act of 1997",
            "type": "HR",
            "url": "https://api.congress.gov/v3/bill/105/hr/1763?format=json"
        },
        {
            "congress": 105,
            "introducedDate": "1997-05-13",
            "latestAction": {
                "actionDate": "1997-05-19",
                "text": "Executive Comment Requested from Interior."
            },
            "number": "1579",
            "policyArea": {
                "name": "Public Lands and Natural Resources"
            },
            "title": "Chesapeake Bay Gateways and Watertrails Act of 1997",
            "type": "HR",
            "url": "https://api.congress.gov/v3/bill/105/hr/1579?format=json"
        },
        {
            "congress": 105,
            "introducedDate": "1997-04-16",
            "latestAction": {
                "actionDate": "1997-04-29",
                "text": "Referred to the Subcommittee on Finance and Hazardous Materials."
            },
            "number": "1346",
            "policyArea": {
                "name": "Environmental Protection"
            },
            "title": "State and Local Government Interstate Waste Control Act of 1997",
            "type": "HR",
            "url": "https://api.congress.gov/v3/bill/105/hr/1346?format=json"
        },
        {
            "congress": 105,
            "introducedDate": "1997-03-13",
            "latestAction": {
                "actionDate": "1997-03-13",
                "text": "Referred to the House Committee on Ways and Means."
            },
            "number": "1065",
            "policyArea": {
                "name": "Taxation"
            },
            "title": "To amend the Internal Revenue Code of 1986 to provide that the actual deferral percentage test shall not apply in determining whether an arrangement for restaurant employees is a qualified cash or deferred arrangement.",
            "type": "HR",
            "url": "https://api.congress.gov/v3/bill/105/hr/1065?format=json"
        },
        {
            "congress": 105,
            "introducedDate": "1997-02-05",
            "latestAction": {
                "actionDate": "1997-02-05",
                "text": "Referred to the House Committee on Ways and Means."
            },
            "number": "605",
            "policyArea": {
                "name": "Taxation"
            },
            "title": "To amend the Internal Revenue Code of 1986 to clarify that certain school bus contractors and drivers are not employees.",
            "type": "HR",
            "url": "https://api.congress.gov/v3/bill/105/hr/605?format=json"
        },
        {
            "congress": 105,
            "introducedDate": "1997-01-21",
            "latestAction": {
                "actionDate": "1997-01-21",
                "text": "Referred to the House Committee on House Oversight."
            },
            "number": "473",
            "policyArea": {
                "name": "Government Operations and Politics"
            },
            "title": "To amend the Federal Election Campaign Act of 1971 to prohibit nonparty multicandidate political committee contributions in elections for Federal office, and for other purposes.",
            "type": "HR",
            "url": "https://api.congress.gov/v3/bill/105/hr/473?format=json"
        },
        {
            "congress": 105,
            "introducedDate": "1997-01-21",
            "latestAction": {
                "actionDate": "1997-01-21",
                "text": "Referred to the House Committee on House Oversight."
            },
            "number": "472",
            "policyArea": {
                "name": "Government Operations and Politics"
            },
            "title": "To amend the Federal Election Campaign Act of 1971 to prohibit nonparty multicandidate political committee contributions in elections for Federal office.",
            "type": "HR",
            "url": "https://api.congress.gov/v3/bill/105/hr/472?format=json"
        },
        {
            "congress": 105,
            "introducedDate": "1997-01-09",
            "latestAction": {
                "actionDate": "1997-08-15",
                "text": "Became Public Law No: 105-42."
            },
            "number": "408",
            "policyArea": {
                "name": "Public Lands and Natural Resources"
            },
            "title": "International Dolphin Conservation Program Act",
            "type": "HR",
            "url": "https://api.congress.gov/v3/bill/105/hr/408?format=json"
        },
        {
            "congress": 105,
            "introducedDate": "1997-06-25",
            "latestAction": {
                "actionDate": "1997-07-16",
                "text": "Referred to the Subcommittee on International Economic Policy and Trade."
            },
            "number": "106",
            "policyArea": {
                "name": "International Affairs"
            },
            "title": "Expressing the sense of the Congress regarding the negotiation of an international climate change agreement.",
            "type": "HCONRES",
            "url": "https://api.congress.gov/v3/bill/105/hconres/106?format=json"
        }
    ]
}