{
    "pagination": {
        "count": 31
    },
    "request": {
        "bioguideId": "f000472",
        "contentType": "application/json",
        "format": "json"
    },
    "sponsoredLegislation": [
        {
            "congress": 118,
            "introducedDate": "2024-07-25",
            "latestAction": {
                "actionDate": "2024-07-25",
                "text": "Referred to the House Committee on Veterans' Affairs."
            },
            "number": "9146",
            "policyArea": {
                "name": null
            },
            "title": "To amend title 38, United States Code, to require the consideration of continuity of health care in determining best medical interest under the Veterans Community Care Program, and for other purposes.",
            "type": "HR",
            "url": "https://api.congress.gov/v3/bill/118/hr/9146?format=json"
        },
        {
            "congress": 118,
            "introducedDate": "2024-05-01",
            "latestAction": {
                "actionDate": "2024-06-27",
                "text": "Subcommittee Hearings Held"
            },
            "number": "8206",
            "policyArea": {
                "name": "Public Lands and Natural Resources"
            },
            "title": "To ensure that Big Cypress National Preserve may not be designated as wilderness or as a component of the National Wilderness Preservation System, and for other purposes.",
            "type": "HR",
            "url": "https://api.congress.gov/v3/bill/118/hr/8206?format=json"
        },
        {
            "congress": 118,
            "introducedDate": "2024-05-01",
            "latestAction": {
                "actionDate": "2024-05-01",
                "text": "Referred to the House Committee on the Judiciary."
            },
            "number": "135",
            "policyArea": {
                "name": null
            },
            "title": "Providing for congressional disapproval under chapter 8 of title 5, United States Code, of the rule submitted by the Department of Labor relating to \"Improving Protections for Workers in Temporary Agricultural Employment in the United States\".",
            "type": "HJRES",
            "url": "https://api.congress.gov/v3/bill/118/hjres/135?format=json"
        },
        {
            "congress": 118,
            "introducedDate": "2024-03-20",
            "latestAction": {
                "actionDate": "2024-07-30",
                "text": "Placed on the Union Calendar, Calendar No. 511."
            },
            "number": "7734",
            "policyArea": {
                "name": "Armed Forces and National Security"
            },
            "title": "Personnel Integrity in Veterans Affairs Act of 2024",
            "type": "HR",
            "url": "https://api.congress.gov/v3/bill/118/hr/7734?format=json"
        },
        {
            "congress": 118,
            "introducedDate": "2024-03-06",
            "latestAction": {
                "actionDate": "2024-03-08",
                "text": "Referred to the Subcommittee on Health."
            },
            "number": "7563",
            "policyArea": {
                "name": "Health"
            },
            "title": "Food Traceability Enhancement Act",
            "type": "HR",
            "url": "https://api.congress.gov/v3/bill/118/hr/7563?format=json"
        },
        {
            "congress": 118,
            "introducedDate": "2024-01-30",
            "latestAction": {
                "actionDate": "2024-02-21",
                "text": "Referred to the Subcommittee on Health."
            },
            "number": "7136",
            "policyArea": {
                "name": "Armed Forces and National Security"
            },
            "title": "SCHEDULES Act of 2024",
            "type": "HR",
            "url": "https://api.congress.gov/v3/bill/118/hr/7136?format=json"
        },
        {
            "congress": 118,
            "introducedDate": "2023-12-14",
            "latestAction": {
                "actionDate": "2024-06-04",
                "text": "Received in the Senate and Read twice and referred to the Committee on Homeland Security and Governmental Affairs."
            },
            "number": "6810",
            "policyArea": {
                "name": "Government Operations and Politics"
            },
            "title": "To designate the facility of the United States Postal Service located at 518 North Ridgewood Drive in Sebring, Florida, as the \"U.S. Army Air Corps Major Thomas B. McGuire Post Office Building\".",
            "type": "HR",
            "url": "https://api.congress.gov/v3/bill/118/hr/6810?format=json"
        },
        {
            "congress": 118,
            "introducedDate": "2023-11-29",
            "latestAction": {
                "actionDate": "2023-11-29",
                "text": "Referred to the House Committee on Financial Services."
            },
            "number": "6502",
            "policyArea": {
                "name": "International Affairs"
            },
            "title": "IMF Accountability Act of 2023",
            "type": "HR",
            "url": "https://api.congress.gov/v3/bill/118/hr/6502?format=json"
        },
        {
            "congress": 118,
            "introducedDate": "2023-11-02",
            "latestAction": {
                "actionDate": "2024-03-01",
                "text": "Referred to the Subcommittee on General Farm Commodities, Risk Management, and Credit."
            },
            "number": "6186",
            "policyArea": {
                "name": "Agriculture and Food"
            },
            "title": "TEMP Act",
            "type": "HR",
            "url": "https://api.congress.gov/v3/bill/118/hr/6186?format=json"
        },
        {
            "congress": 118,
            "introducedDate": "2023-09-26",
            "latestAction": {
                "actionDate": "2024-01-11",
                "text": "Referred to the Subcommittee on Nutrition, Foreign Agriculture, and Horticulture."
            },
            "number": "92",
            "policyArea": {
                "name": "Agriculture and Food"
            },
            "title": "Providing for congressional disapproval under chapter 8 of title 5, United States Code, of the rule submitted by the Food and Nutrition Service relating to \"Application of Bostock v. Clayton County to Program Discrimination Complaint Processing-Policy Update\".",
            "type": "HJRES",
            "url": "https://api.congress.gov/v3/bill/118/hjres/92?format=json"
        },
        {
            "congress": 118,
            "introducedDate": "2023-06-15",
            "latestAction": {
                "actionDate": "2023-08-21",
                "text": "Referred to the Subcommittee on Conservation, Research, and Biotechnology."
            },
            "number": "4162",
            "policyArea": {
                "name": "Agriculture and Food"
            },
            "title": "Land Grant Research Prioritization Act of 2023",
            "type": "HR",
            "url": "https://api.congress.gov/v3/bill/118/hr/4162?format=json"
        },
        {
            "congress": 118,
            "introducedDate": "2023-06-09",
            "latestAction": {
                "actionDate": "2023-10-02",
                "text": "Placed on the Union Calendar, Calendar No. 193."
            },
            "number": "3943",
            "policyArea": {
                "name": "Armed Forces and National Security"
            },
            "title": "Servicemember Employment Protection Act of 2023",
            "type": "HR",
            "url": "https://api.congress.gov/v3/bill/118/hr/3943?format=json"
        },
        {
            "congress": 118,
            "introducedDate": "2023-01-31",
            "latestAction": {
                "actionDate": "2023-11-01",
                "text": "Under the order of 10/24/23, having not achieved 60 votes in the affirmative, failed of passage in Senate by Yea-Nay Vote. 43 - 53. Record Vote Number: 285."
            },
            "number": "662",
            "policyArea": {
                "name": "Agriculture and Food"
            },
            "title": "Block Grant Assistance Act of 2023",
            "type": "HR",
            "url": "https://api.congress.gov/v3/bill/118/hr/662?format=json"
        },
        {
            "congress": 118,
            "introducedDate": "2023-04-27",
            "latestAction": {
                "actionDate": "2023-06-01",
                "text": "Referred to the Subcommittee on Conservation, Research, and Biotechnology."
            },
            "number": "2942",
            "policyArea": {
                "name": "Agriculture and Food"
            },
            "title": "Conservation Reserve Program Amendments Act of 2023",
            "type": "HR",
            "url": "https://api.congress.gov/v3/bill/118/hr/2942?format=json"
        },
        {
            "congress": 118,
            "introducedDate": "2023-03-23",
            "latestAction": {
                "actionDate": "2023-05-09",
                "text": "Referred to the Subcommittee on Health."
            },
            "number": "1750",
            "policyArea": {
                "name": "Health"
            },
            "title": "Defending Domestic Orange Juice Production Act of 2023",
            "type": "HR",
            "url": "https://api.congress.gov/v3/bill/118/hr/1750?format=json"
        },
        {
            "congress": 118,
            "introducedDate": "2023-03-17",
            "latestAction": {
                "actionDate": "2023-03-17",
                "text": "Referred to the House Committee on Oversight and Accountability."
            },
            "number": "233",
            "policyArea": {
                "name": "Animals"
            },
            "title": "Supporting the designating of March 18, 2023, as \"National Osceola Turkey Day\".",
            "type": "HRES",
            "url": "https://api.congress.gov/v3/bill/118/hres/233?format=json"
        },
        {
            "congress": 118,
            "introducedDate": "2023-03-09",
            "latestAction": {
                "actionDate": "2023-03-09",
                "text": "Referred to the House Committee on Ways and Means."
            },
            "number": "1498",
            "policyArea": {
                "name": "Economics and Public Finance"
            },
            "title": "National Debt is National Security Act",
            "type": "HR",
            "url": "https://api.congress.gov/v3/bill/118/hr/1498?format=json"
        },
        {
            "congress": 118,
            "introducedDate": "2023-02-14",
            "latestAction": {
                "actionDate": "2023-02-24",
                "text": "Referred to the Subcommittee on Health."
            },
            "number": "1012",
            "policyArea": {
                "name": "Health"
            },
            "title": "Cardiac Arrest Survival Act of 2023",
            "type": "HR",
            "url": "https://api.congress.gov/v3/bill/118/hr/1012?format=json"
        },
        {
            "congress": 118,
            "introducedDate": "2023-02-09",
            "latestAction": {
                "actionDate": "2023-02-09",
                "text": "Referred to the House Committee on Oversight and Accountability."
            },
            "number": "914",
            "policyArea": {
                "name": "Government Operations and Politics"
            },
            "title": "Simplifying Grants Act of 2023",
            "type": "HR",
            "url": "https://api.congress.gov/v3/bill/118/hr/914?format=json"
        },
        {
            "congress": 118,
            "introducedDate": "2023-01-20",
            "latestAction": {
                "actionDate": "2023-01-27",
                "text": "Referred to the Subcommittee on Health."
            },
            "number": "416",
            "policyArea": {
                "name": "Health"
            },
            "title": "Prohibiting Abortion Industry\u2019s Lucrative Loopholes Act",
            "type": "HR",
            "url": "https://api.congress.gov/v3/bill/118/hr/416?format=json"
        },
        {
            "congress": 118,
            "introducedDate": "2024-03-15",
            "latestAction": {
                "actionDate": "2024-03-15",
                "text": "Referred to the House Committee on Oversight and Accountability."
            },
            "number": "7692",
            "policyArea": {
                "name": "Government Operations and Politics"
            },
            "title": "Taxpayer-Funded Union Time Transparency Act",
            "type": "HR",
            "url": "https://api.congress.gov/v3/bill/118/hr/7692?format=json"
        },
        {
            "congress": 117,
            "introducedDate": "2022-12-23",
            "latestAction": {
                "actionDate": "2022-12-23",
                "text": "Referred to the House Committee on Energy and Commerce."
            },
            "number": "9694",
            "policyArea": {
                "name": "Private Legislation"
            },
            "title": "For the relief of Jan van Hoek.",
            "type": "HR",
            "url": "https://api.congress.gov/v3/bill/117/hr/9694?format=json"
        },
        {
            "congress": 117,
            "introducedDate": "2022-10-07",
            "latestAction": {
                "actionDate": "2022-10-07",
                "text": "Referred to the House Committee on Oversight and Reform."
            },
            "number": "9148",
            "policyArea": {
                "name": "Government Operations and Politics"
            },
            "title": "Simplifying Grants Act of 2022",
            "type": "HR",
            "url": "https://api.congress.gov/v3/bill/117/hr/9148?format=json"
        },
        {
            "congress": 117,
            "introducedDate": "2022-06-28",
            "latestAction": {
                "actionDate": "2022-06-28",
                "text": "Referred to the House Committee on Ways and Means."
            },
            "number": "8242",
            "policyArea": {
                "name": "Economics and Public Finance"
            },
            "title": "National Debt is National Security Act",
            "type": "HR",
            "url": "https://api.congress.gov/v3/bill/117/hr/8242?format=json"
        },
        {
            "congress": 117,
            "introducedDate": "2022-05-17",
            "latestAction": {
                "actionDate": "2022-05-17",
                "text": "Referred to the House Committee on Energy and Commerce."
            },
            "number": "7798",
            "policyArea": {
                "name": "Health"
            },
            "title": "Prohibiting Abortion Industry\u2019s Lucrative Loopholes Act",
            "type": "HR",
            "url": "https://api.congress.gov/v3/bill/117/hr/7798?format=json"
        },
        {
            "congress": 117,
            "introducedDate": "2022-04-29",
            "latestAction": {
                "actionDate": "2022-12-27",
                "text": "Became Public Law No: 117-307."
            },
            "number": "7638",
            "policyArea": {
                "name": "Government Operations and Politics"
            },
            "title": "To designate the facility of the United States Postal Service located at 6000 South Florida Avenue in Lakeland, Florida, as the \"U.S. Marine Corporal Ronald R. Payne Jr. Post Office\".",
            "type": "HR",
            "url": "https://api.congress.gov/v3/bill/117/hr/7638?format=json"
        },
        {
            "congress": 117,
            "introducedDate": "2022-03-09",
            "latestAction": {
                "actionDate": "2022-03-09",
                "text": "Referred to the House Committee on Ways and Means."
            },
            "number": "7023",
            "policyArea": {
                "name": "Foreign Trade and International Finance"
            },
            "title": "Prohibiting Oil Trade with Venezuela\u2019s Tyrant Act",
            "type": "HR",
            "url": "https://api.congress.gov/v3/bill/117/hr/7023?format=json"
        },
        {
            "congress": 117,
            "introducedDate": "2021-09-22",
            "latestAction": {
                "actionDate": "2021-09-22",
                "text": "Referred to the Subcommittee on Trade."
            },
            "number": "5333",
            "policyArea": {
                "name": "International Affairs"
            },
            "title": "Preventing the Recognition of Terrorist States Act of 2021",
            "type": "HR",
            "url": "https://api.congress.gov/v3/bill/117/hr/5333?format=json"
        },
        {
            "congress": 117,
            "introducedDate": "2021-08-06",
            "latestAction": {
                "actionDate": "2021-08-06",
                "text": "Referred to the House Committee on Small Business."
            },
            "number": "4956",
            "policyArea": {
                "name": "Commerce"
            },
            "title": "Leadership in Global Tech Standards Act of 2021",
            "type": "HR",
            "url": "https://api.congress.gov/v3/bill/117/hr/4956?format=json"
        },
        {
            "congress": 117,
            "introducedDate": "2021-06-22",
            "latestAction": {
                "actionDate": "2022-11-01",
                "text": "Referred to the Subcommittee on the Constitution, Civil Rights, and Civil Liberties."
            },
            "number": "4047",
            "policyArea": {
                "name": "Government Operations and Politics"
            },
            "title": "Cutting Unnecessary Regulatory Burdens Act",
            "type": "HR",
            "url": "https://api.congress.gov/v3/bill/117/hr/4047?format=json"
        },
        {
            "congress": 117,
            "introducedDate": "2021-05-07",
            "latestAction": {
                "actionDate": "2021-05-07",
                "text": "Referred to the Committee on Foreign Affairs, and in addition to the Committee on Armed Services, for a period to be subsequently determined by the Speaker, in each case for consideration of such provisions as fall within the jurisdiction of the committee concerned."
            },
            "number": "3041",
            "policyArea": {
                "name": "International Affairs"
            },
            "title": "To modify the prohibition on participation of the People's Republic of China in Rim of the Pacific (RIMPAC) naval exercises to include cessation of genocide by China.",
            "type": "HR",
            "url": "https://api.congress.gov/v3/bill/117/hr/3041?format=json"
        }
    ]
}