{
    "pagination": {
        "count": 22
    },
    "request": {
        "bioguideId": "g000600",
        "contentType": "application/json",
        "format": "json"
    },
    "sponsoredLegislation": [
        {
            "congress": 118,
            "introducedDate": "2024-06-12",
            "latestAction": {
                "actionDate": "2024-06-12",
                "text": "Referred to the House Committee on Natural Resources."
            },
            "number": "8718",
            "policyArea": {
                "name": null
            },
            "title": "To conditionally prohibit commercial offshore wind energy development in the Columbia Management Area, and for other purposes.",
            "type": "HR",
            "url": "https://api.congress.gov/v3/bill/118/hr/8718?format=json"
        },
        {
            "congress": 118,
            "introducedDate": "2024-04-30",
            "latestAction": {
                "actionDate": "2024-05-03",
                "text": "Referred to the Subcommittee on Innovation, Data, and Commerce."
            },
            "number": "8181",
            "policyArea": {
                "name": null
            },
            "title": "Preserving Woodworking Traditions and Blocking Government-Mandated Monopolies Act",
            "type": "HR",
            "url": "https://api.congress.gov/v3/bill/118/hr/8181?format=json"
        },
        {
            "congress": 118,
            "introducedDate": "2024-03-26",
            "latestAction": {
                "actionDate": "2024-03-29",
                "text": "Referred to the Subcommittee on Innovation, Data, and Commerce."
            },
            "number": "7825",
            "policyArea": {
                "name": "Commerce"
            },
            "title": "Shrinkflation Prevention Act of 2024",
            "type": "HR",
            "url": "https://api.congress.gov/v3/bill/118/hr/7825?format=json"
        },
        {
            "congress": 118,
            "introducedDate": "2024-02-29",
            "latestAction": {
                "actionDate": "2024-03-22",
                "text": "Referred to the Subcommittee on Health."
            },
            "number": "7504",
            "policyArea": {
                "name": "Armed Forces and National Security"
            },
            "title": "Rural Veterans Transportation to Care Act",
            "type": "HR",
            "url": "https://api.congress.gov/v3/bill/118/hr/7504?format=json"
        },
        {
            "congress": 118,
            "introducedDate": "2024-02-15",
            "latestAction": {
                "actionDate": "2024-02-15",
                "text": "Referred to the House Committee on Rules."
            },
            "number": "1017",
            "policyArea": {
                "name": "Congress"
            },
            "title": "BRIDGE to Congress Resolution",
            "type": "HRES",
            "url": "https://api.congress.gov/v3/bill/118/hres/1017?format=json"
        },
        {
            "congress": 118,
            "introducedDate": "2024-02-07",
            "latestAction": {
                "actionDate": "2024-02-12",
                "text": "Referred to the Subcommittee on Water Resources and Environment."
            },
            "number": "7295",
            "policyArea": {
                "name": "Public Lands and Natural Resources"
            },
            "title": "To authorize the conveyance of property in North Bonneville, Washington, to the Port of Skamania, and for other purposes.",
            "type": "HR",
            "url": "https://api.congress.gov/v3/bill/118/hr/7295?format=json"
        },
        {
            "congress": 118,
            "introducedDate": "2023-11-21",
            "latestAction": {
                "actionDate": "2023-11-21",
                "text": "Referred to the House Committee on Agriculture."
            },
            "number": "6469",
            "policyArea": {
                "name": "Agriculture and Food"
            },
            "title": "Farmland Security Act of 2023",
            "type": "HR",
            "url": "https://api.congress.gov/v3/bill/118/hr/6469?format=json"
        },
        {
            "congress": 118,
            "introducedDate": "2023-11-15",
            "latestAction": {
                "actionDate": "2023-11-17",
                "text": "Referred to the Subcommittee on Health."
            },
            "number": "6433",
            "policyArea": {
                "name": "Health"
            },
            "title": "PARA\u2013EMT Act of 2023",
            "type": "HR",
            "url": "https://api.congress.gov/v3/bill/118/hr/6433?format=json"
        },
        {
            "congress": 118,
            "introducedDate": "2023-11-07",
            "latestAction": {
                "actionDate": "2023-11-10",
                "text": "Referred to the Subcommittee on Innovation, Data, and Commerce."
            },
            "number": "6275",
            "policyArea": {
                "name": "Health"
            },
            "title": "Protecting Consumer Access to Generic Drugs Act of 2023",
            "type": "HR",
            "url": "https://api.congress.gov/v3/bill/118/hr/6275?format=json"
        },
        {
            "congress": 118,
            "introducedDate": "2023-10-12",
            "latestAction": {
                "actionDate": "2023-10-25",
                "text": "Referred to the House Committee on Oversight and Accountability."
            },
            "number": "5934",
            "policyArea": {
                "name": "Government Operations and Politics"
            },
            "title": "Streamlining Federal Grants Act of 2023",
            "type": "HR",
            "url": "https://api.congress.gov/v3/bill/118/hr/5934?format=json"
        },
        {
            "congress": 118,
            "introducedDate": "2023-10-06",
            "latestAction": {
                "actionDate": "2023-11-09",
                "text": "Referred to the Subcommittee on Health."
            },
            "number": "5904",
            "policyArea": {
                "name": "Armed Forces and National Security"
            },
            "title": "Helping Heroes Act of 2023",
            "type": "HR",
            "url": "https://api.congress.gov/v3/bill/118/hr/5904?format=json"
        },
        {
            "congress": 118,
            "introducedDate": "2023-09-26",
            "latestAction": {
                "actionDate": "2023-09-26",
                "text": "Referred to the House Committee on Oversight and Accountability."
            },
            "number": "5728",
            "policyArea": {
                "name": "Economics and Public Finance"
            },
            "title": "Government Shutdown Impact Report Act of 2023",
            "type": "HR",
            "url": "https://api.congress.gov/v3/bill/118/hr/5728?format=json"
        },
        {
            "congress": 118,
            "introducedDate": "2023-09-21",
            "latestAction": {
                "actionDate": "2023-09-21",
                "text": "Referred to the House Committee on Ways and Means."
            },
            "number": "5655",
            "policyArea": {
                "name": "Taxation"
            },
            "title": "Bryson Fitch Fishermen Protection Act",
            "type": "HR",
            "url": "https://api.congress.gov/v3/bill/118/hr/5655?format=json"
        },
        {
            "congress": 118,
            "introducedDate": "2023-09-20",
            "latestAction": {
                "actionDate": "2023-09-22",
                "text": "Referred to the Subcommittee on Innovation, Data, and Commerce."
            },
            "number": "5604",
            "policyArea": {
                "name": "Agriculture and Food"
            },
            "title": "Agricultural Right to Repair Act",
            "type": "HR",
            "url": "https://api.congress.gov/v3/bill/118/hr/5604?format=json"
        },
        {
            "congress": 118,
            "introducedDate": "2023-07-17",
            "latestAction": {
                "actionDate": "2023-09-01",
                "text": "Placed on the Union Calendar, Calendar No. 140."
            },
            "number": "4671",
            "policyArea": {
                "name": "Commerce"
            },
            "title": "Corrective Action Report Oversight and Accountability Act",
            "type": "HR",
            "url": "https://api.congress.gov/v3/bill/118/hr/4671?format=json"
        },
        {
            "congress": 118,
            "introducedDate": "2023-09-01",
            "latestAction": {
                "actionDate": "2024-01-11",
                "text": "Referred to the Subcommittee on Forestry."
            },
            "number": "5335",
            "policyArea": {
                "name": "Public Lands and Natural Resources"
            },
            "title": "Special Forest Products Program Reauthorization Act of 2023",
            "type": "HR",
            "url": "https://api.congress.gov/v3/bill/118/hr/5335?format=json"
        },
        {
            "congress": 118,
            "introducedDate": "2023-06-14",
            "latestAction": {
                "actionDate": "2023-06-16",
                "text": "Referred to the Subcommittee on Health."
            },
            "number": "4092",
            "policyArea": {
                "name": "Health"
            },
            "title": "Protecting Moms and Infants Reauthorization Act of 2023",
            "type": "HR",
            "url": "https://api.congress.gov/v3/bill/118/hr/4092?format=json"
        },
        {
            "congress": 118,
            "introducedDate": "2023-06-07",
            "latestAction": {
                "actionDate": "2023-07-28",
                "text": "Referred to the Subcommittee on Commodity Markets, Digital Assets, and Rural Development."
            },
            "number": "3922",
            "policyArea": {
                "name": "Agriculture and Food"
            },
            "title": "Expanding Childcare in Rural America Act of 2023",
            "type": "HR",
            "url": "https://api.congress.gov/v3/bill/118/hr/3922?format=json"
        },
        {
            "congress": 118,
            "introducedDate": "2023-06-06",
            "latestAction": {
                "actionDate": "2023-07-28",
                "text": "Referred to the Subcommittee on Conservation, Research, and Biotechnology."
            },
            "number": "3871",
            "policyArea": {
                "name": "Agriculture and Food"
            },
            "title": "Research for Healthy Soils Act",
            "type": "HR",
            "url": "https://api.congress.gov/v3/bill/118/hr/3871?format=json"
        },
        {
            "congress": 118,
            "introducedDate": "2023-03-29",
            "latestAction": {
                "actionDate": "2023-04-25",
                "text": "Referred to the Subcommittee on Forestry."
            },
            "number": "2386",
            "policyArea": {
                "name": "Agriculture and Food"
            },
            "title": "Community Wood Facilities Assistance Act of 2023",
            "type": "HR",
            "url": "https://api.congress.gov/v3/bill/118/hr/2386?format=json"
        },
        {
            "amendmentNumber": "152",
            "congress": 118,
            "introducedDate": "2023-03-29",
            "latestAction": {
                "actionDate": "2023-03-29",
                "actionTime": "19:25:08",
                "text": "On agreeing to the Perez amendment (A021) Agreed to by voice vote. "
            },
            "type": null,
            "url": "https://api.congress.gov/v3/amendment/118/hamdt/152?format=json"
        },
        {
            "amendmentNumber": "67",
            "congress": 118,
            "introducedDate": "2023-01-26",
            "latestAction": {
                "actionDate": "2023-01-27",
                "actionTime": "12:21:51",
                "text": "On agreeing to the Perez amendment (A066) Failed by recorded vote: 210 - 219 (Roll no. 87). (consideration: CR H466)"
            },
            "type": null,
            "url": "https://api.congress.gov/v3/amendment/118/hamdt/67?format=json"
        }
    ]
}