{
    "pagination": {
        "count": 132
    },
    "request": {
        "bioguideId": "m001190",
        "contentType": "application/json",
        "format": "json"
    },
    "sponsoredLegislation": [
        {
            "congress": 118,
            "introducedDate": "2024-07-29",
            "latestAction": {
                "actionDate": "2024-07-29",
                "text": "Read twice and referred to the Committee on Health, Education, Labor, and Pensions."
            },
            "number": "4823",
            "policyArea": {
                "name": null
            },
            "title": "A bill to amend the National Labor Relations Act to adjust the dollar thresholds for National Labor Relations Board jurisdiction over certain labor disputes, and for other purposes.",
            "type": "S",
            "url": "https://api.congress.gov/v3/bill/118/s/4823?format=json"
        },
        {
            "amendmentNumber": "3026",
            "congress": 118,
            "introducedDate": "2024-07-23",
            "latestAction": null,
            "type": null,
            "url": "https://api.congress.gov/v3/amendment/118/samdt/3026?format=json"
        },
        {
            "amendmentNumber": "2973",
            "congress": 118,
            "introducedDate": "2024-07-23",
            "latestAction": null,
            "type": null,
            "url": "https://api.congress.gov/v3/amendment/118/samdt/2973?format=json"
        },
        {
            "amendmentNumber": "2947",
            "congress": 118,
            "introducedDate": "2024-07-23",
            "latestAction": null,
            "type": null,
            "url": "https://api.congress.gov/v3/amendment/118/samdt/2947?format=json"
        },
        {
            "congress": 118,
            "introducedDate": "2024-07-23",
            "latestAction": {
                "actionDate": "2024-07-31",
                "text": "Committee on Health, Education, Labor, and Pensions. Ordered to be reported with an amendment in the nature of a substitute favorably."
            },
            "number": "4755",
            "policyArea": {
                "name": null
            },
            "title": "Traumatic Brain Injury Program Reauthorization Act of 2024",
            "type": "S",
            "url": "https://api.congress.gov/v3/bill/118/s/4755?format=json"
        },
        {
            "amendmentNumber": "2880",
            "congress": 118,
            "introducedDate": "2024-07-11",
            "latestAction": null,
            "type": null,
            "url": "https://api.congress.gov/v3/amendment/118/samdt/2880?format=json"
        },
        {
            "amendmentNumber": "2583",
            "congress": 118,
            "introducedDate": "2024-07-11",
            "latestAction": null,
            "type": null,
            "url": "https://api.congress.gov/v3/amendment/118/samdt/2583?format=json"
        },
        {
            "amendmentNumber": "2582",
            "congress": 118,
            "introducedDate": "2024-07-11",
            "latestAction": null,
            "type": null,
            "url": "https://api.congress.gov/v3/amendment/118/samdt/2582?format=json"
        },
        {
            "congress": 118,
            "introducedDate": "2023-05-31",
            "latestAction": {
                "actionDate": "2023-05-31",
                "text": "Read twice and referred to the Committee on the Judiciary."
            },
            "number": "1783",
            "policyArea": {
                "name": "Native Americans"
            },
            "title": "A bill to provide for the equitable settlement of certain Indian land disputes regarding land in Illinois, and for other purposes.",
            "type": "S",
            "url": "https://api.congress.gov/v3/bill/118/s/1783?format=json"
        },
        {
            "congress": 118,
            "introducedDate": "2024-07-09",
            "latestAction": {
                "actionDate": "2024-07-09",
                "text": "Submitted in the Senate, considered, and agreed to without amendment and with a preamble by Unanimous Consent. (consideration: CR S4308; text: CR S4271)"
            },
            "number": "757",
            "policyArea": {
                "name": null
            },
            "title": "A resolution designating the week of May 5, 2024, through May 11, 2024, as \"Tardive Dyskinesia Awareness Week\".",
            "type": "SRES",
            "url": "https://api.congress.gov/v3/bill/118/sres/757?format=json"
        },
        {
            "congress": 118,
            "introducedDate": "2024-06-11",
            "latestAction": {
                "actionDate": "2024-06-11",
                "text": "Read twice and referred to the Committee on Health, Education, Labor, and Pensions."
            },
            "number": "4498",
            "policyArea": {
                "name": null
            },
            "title": "WIOA Planning Extension Act",
            "type": "S",
            "url": "https://api.congress.gov/v3/bill/118/s/4498?format=json"
        },
        {
            "congress": 118,
            "introducedDate": "2024-06-11",
            "latestAction": {
                "actionDate": "2024-06-11",
                "text": "Read twice and referred to the Committee on Health, Education, Labor, and Pensions."
            },
            "number": "4501",
            "policyArea": {
                "name": null
            },
            "title": "WIOA Performance Accountability Improvement Act",
            "type": "S",
            "url": "https://api.congress.gov/v3/bill/118/s/4501?format=json"
        },
        {
            "congress": 118,
            "introducedDate": "2024-06-05",
            "latestAction": {
                "actionDate": "2024-06-05",
                "text": "Read twice and referred to the Committee on Environment and Public Works."
            },
            "number": "95",
            "policyArea": {
                "name": "Environmental Protection"
            },
            "title": "A joint resolution providing for congressional disapproval under chapter 8 of title 5, United States Code, of the rule submitted by the Environmental Protection Agency relating to \"Hazardous and Solid Waste Management System: Disposal of Coal Combustion Residuals From Electric Utilities; Legacy CCR Surface Impoundments\".",
            "type": "SJRES",
            "url": "https://api.congress.gov/v3/bill/118/sjres/95?format=json"
        },
        {
            "amendmentNumber": "1944",
            "congress": 118,
            "introducedDate": "2024-05-02",
            "latestAction": null,
            "type": null,
            "url": "https://api.congress.gov/v3/amendment/118/samdt/1944?format=json"
        },
        {
            "congress": 118,
            "introducedDate": "2023-07-27",
            "latestAction": {
                "actionDate": "2023-07-27",
                "text": "Read twice and referred to the Committee on Health, Education, Labor, and Pensions."
            },
            "number": "2688",
            "policyArea": {
                "name": "Health"
            },
            "title": "Behavioral Health Information Technology Coordination Act",
            "type": "S",
            "url": "https://api.congress.gov/v3/bill/118/s/2688?format=json"
        },
        {
            "congress": 118,
            "introducedDate": "2024-04-30",
            "latestAction": {
                "actionDate": "2024-04-30",
                "text": "Read twice and referred to the Committee on Finance."
            },
            "number": "4204",
            "policyArea": {
                "name": null
            },
            "title": "MVP Act",
            "type": "S",
            "url": "https://api.congress.gov/v3/bill/118/s/4204?format=json"
        },
        {
            "congress": 118,
            "introducedDate": "2023-11-15",
            "latestAction": {
                "actionDate": "2023-11-15",
                "text": "Read twice and referred to the Committee on Commerce, Science, and Transportation."
            },
            "number": "3321",
            "policyArea": {
                "name": "Science, Technology, Communications"
            },
            "title": "Lowering Broadband Costs for Consumers Act of 2023",
            "type": "S",
            "url": "https://api.congress.gov/v3/bill/118/s/3321?format=json"
        },
        {
            "congress": 118,
            "introducedDate": "2024-04-09",
            "latestAction": {
                "actionDate": "2024-04-09",
                "text": "Read twice and referred to the Committee on Finance."
            },
            "number": "4078",
            "policyArea": {
                "name": "Health"
            },
            "title": "EASE Act of 2024",
            "type": "S",
            "url": "https://api.congress.gov/v3/bill/118/s/4078?format=json"
        },
        {
            "amendmentNumber": "1081",
            "congress": 118,
            "introducedDate": "2023-07-27",
            "latestAction": null,
            "type": null,
            "url": "https://api.congress.gov/v3/amendment/118/samdt/1081?format=json"
        },
        {
            "congress": 118,
            "introducedDate": "2023-11-29",
            "latestAction": {
                "actionDate": "2023-11-29",
                "text": "Read twice and referred to the Committee on Environment and Public Works."
            },
            "number": "3358",
            "policyArea": {
                "name": "Agriculture and Food"
            },
            "title": "Black Vulture Relief Act of 2023",
            "type": "S",
            "url": "https://api.congress.gov/v3/bill/118/s/3358?format=json"
        },
        {
            "congress": 118,
            "introducedDate": "2023-06-21",
            "latestAction": {
                "actionDate": "2023-06-21",
                "text": "Read twice and referred to the Committee on Environment and Public Works."
            },
            "number": "2090",
            "policyArea": {
                "name": "Environmental Protection"
            },
            "title": "Preserving Choice in Vehicle Purchases Act of 2023",
            "type": "S",
            "url": "https://api.congress.gov/v3/bill/118/s/2090?format=json"
        },
        {
            "congress": 118,
            "introducedDate": "2023-05-11",
            "latestAction": {
                "actionDate": "2023-05-11",
                "text": "Read twice and referred to the Committee on Finance."
            },
            "number": "1562",
            "policyArea": {
                "name": "Native Americans"
            },
            "title": "Tribal Police Department Parity Act",
            "type": "S",
            "url": "https://api.congress.gov/v3/bill/118/s/1562?format=json"
        },
        {
            "congress": 118,
            "introducedDate": "2023-05-02",
            "latestAction": {
                "actionDate": "2023-05-02",
                "text": "Read twice and referred to the Committee on Health, Education, Labor, and Pensions."
            },
            "number": "1403",
            "policyArea": {
                "name": "Health"
            },
            "title": "Medical Student Education Authorization Act of 2023",
            "type": "S",
            "url": "https://api.congress.gov/v3/bill/118/s/1403?format=json"
        },
        {
            "congress": 118,
            "introducedDate": "2023-01-23",
            "latestAction": {
                "actionDate": "2023-01-23",
                "text": "Read twice and referred to the Committee on Energy and Natural Resources."
            },
            "number": "19",
            "policyArea": {
                "name": "Energy"
            },
            "title": "FRESH Act",
            "type": "S",
            "url": "https://api.congress.gov/v3/bill/118/s/19?format=json"
        },
        {
            "congress": 118,
            "introducedDate": "2023-05-04",
            "latestAction": {
                "actionDate": "2023-05-04",
                "text": "Read twice and referred to the Committee on the Judiciary."
            },
            "number": "1445",
            "policyArea": {
                "name": "Crime and Law Enforcement"
            },
            "title": "Stand Your Ground Act of 2023",
            "type": "S",
            "url": "https://api.congress.gov/v3/bill/118/s/1445?format=json"
        },
        {
            "congress": 118,
            "introducedDate": "2023-05-31",
            "latestAction": {
                "actionDate": "2023-05-31",
                "text": "Read twice and referred to the Committee on Indian Affairs."
            },
            "number": "1780",
            "policyArea": {
                "name": "Native Americans"
            },
            "title": "PRIME Meat Processing in Indian Country Act",
            "type": "S",
            "url": "https://api.congress.gov/v3/bill/118/s/1780?format=json"
        },
        {
            "congress": 118,
            "introducedDate": "2023-09-13",
            "latestAction": {
                "actionDate": "2024-05-01",
                "text": "Committee on Indian Affairs. Ordered to be reported without amendment favorably."
            },
            "number": "2796",
            "policyArea": {
                "name": "Native Americans"
            },
            "title": "A bill to provide for the equitable settlement of certain Indian land disputes regarding land in Illinois, and for other purposes.",
            "type": "S",
            "url": "https://api.congress.gov/v3/bill/118/s/2796?format=json"
        },
        {
            "congress": 118,
            "introducedDate": "2023-05-04",
            "latestAction": {
                "actionDate": "2023-05-04",
                "text": "Referred to the Committee on the Judiciary. (text: CR S1537)"
            },
            "number": "197",
            "policyArea": {
                "name": "Health"
            },
            "title": "A resolution designating the week of May 1, 2023, through May 7, 2023, as \"Tardive Dyskinesia Awareness Week\".",
            "type": "SRES",
            "url": "https://api.congress.gov/v3/bill/118/sres/197?format=json"
        },
        {
            "congress": 118,
            "introducedDate": "2023-03-22",
            "latestAction": {
                "actionDate": "2023-03-22",
                "text": "Read twice and referred to the Committee on the Judiciary."
            },
            "number": "909",
            "policyArea": {
                "name": "Native Americans"
            },
            "title": "Tribal Firearm Access Act",
            "type": "S",
            "url": "https://api.congress.gov/v3/bill/118/s/909?format=json"
        },
        {
            "congress": 118,
            "introducedDate": "2023-03-30",
            "latestAction": {
                "actionDate": "2023-09-28",
                "text": "Failed of passage in Senate over veto by Yea-Nay Vote. 47 - 45. Record Vote Number: 243."
            },
            "number": "24",
            "policyArea": {
                "name": "Animals"
            },
            "title": "A joint resolution providing for congressional disapproval under chapter 8 of title 5, United States Code, of the rule submitted by the United States Fish and Wildlife Service relating to \"Endangered and Threatened Wildlife and Plants; Endangered Species Status for Northern Long-Eared Bat\".",
            "type": "SJRES",
            "url": "https://api.congress.gov/v3/bill/118/sjres/24?format=json"
        },
        {
            "congress": 118,
            "introducedDate": "2023-01-23",
            "latestAction": {
                "actionDate": "2023-01-23",
                "text": "Read twice and referred to the Committee on Energy and Natural Resources."
            },
            "number": "23",
            "policyArea": {
                "name": "Energy"
            },
            "title": "Promoting Cross-border Energy Infrastructure Act",
            "type": "S",
            "url": "https://api.congress.gov/v3/bill/118/s/23?format=json"
        },
        {
            "congress": 118,
            "introducedDate": "2023-01-23",
            "latestAction": {
                "actionDate": "2023-01-23",
                "text": "Read twice and referred to the Committee on Energy and Natural Resources."
            },
            "number": "20",
            "policyArea": {
                "name": "Energy"
            },
            "title": "Federal Land Freedom Act of 2023",
            "type": "S",
            "url": "https://api.congress.gov/v3/bill/118/s/20?format=json"
        },
        {
            "congress": 117,
            "introducedDate": "2022-11-29",
            "latestAction": {
                "actionDate": "2022-11-29",
                "text": "Referred to the House Committee on Oversight and Reform."
            },
            "number": "1498",
            "policyArea": {
                "name": "Native Americans"
            },
            "title": "Recognizing National Native American Heritage Month and celebrating the heritages and cultures of Native Americans and the contributions of Native Americans to the United States.",
            "type": "HRES",
            "url": "https://api.congress.gov/v3/bill/117/hres/1498?format=json"
        },
        {
            "congress": 117,
            "introducedDate": "2022-10-04",
            "latestAction": {
                "actionDate": "2022-10-05",
                "text": "Referred to the Subcommittee on Health."
            },
            "number": "9137",
            "policyArea": {
                "name": "Health"
            },
            "title": "State Offices of Rural Health Program Reauthorization Act of 2022",
            "type": "HR",
            "url": "https://api.congress.gov/v3/bill/117/hr/9137?format=json"
        },
        {
            "congress": 117,
            "introducedDate": "2022-07-28",
            "latestAction": {
                "actionDate": "2022-07-28",
                "text": "Referred to the House Committee on Energy and Commerce."
            },
            "number": "8575",
            "policyArea": {
                "name": "Science, Technology, Communications"
            },
            "title": "FAIR Contributions Act",
            "type": "HR",
            "url": "https://api.congress.gov/v3/bill/117/hr/8575?format=json"
        },
        {
            "congress": 117,
            "introducedDate": "2022-06-23",
            "latestAction": {
                "actionDate": "2022-06-23",
                "text": "Referred to the House Committee on Small Business."
            },
            "number": "8211",
            "policyArea": {
                "name": "Commerce"
            },
            "title": "To require the return of amounts loaned under the Paycheck Protection Program of the Small Business Administration used for illegal activities, and for other purposes.",
            "type": "HR",
            "url": "https://api.congress.gov/v3/bill/117/hr/8211?format=json"
        },
        {
            "congress": 117,
            "introducedDate": "2022-05-18",
            "latestAction": {
                "actionDate": "2022-05-18",
                "text": "Referred to the House Committee on the Judiciary."
            },
            "number": "1131",
            "policyArea": {
                "name": "Congress"
            },
            "title": "Expunging the January 13, 2021, impeachment of President Donald John Trump.",
            "type": "HRES",
            "url": "https://api.congress.gov/v3/bill/117/hres/1131?format=json"
        },
        {
            "congress": 117,
            "introducedDate": "2022-05-16",
            "latestAction": {
                "actionDate": "2022-05-17",
                "text": "Referred to the Subcommittee on Transportation and Maritime Security."
            },
            "number": "7786",
            "policyArea": {
                "name": "Health"
            },
            "title": "Mask Mandate Prevention and Recovery Act",
            "type": "HR",
            "url": "https://api.congress.gov/v3/bill/117/hr/7786?format=json"
        },
        {
            "congress": 117,
            "introducedDate": "2022-05-03",
            "latestAction": {
                "actionDate": "2022-05-03",
                "text": "Referred to the House Committee on Natural Resources."
            },
            "number": "7654",
            "policyArea": {
                "name": "Environmental Protection"
            },
            "title": "Stop NEPA Expansion Act",
            "type": "HR",
            "url": "https://api.congress.gov/v3/bill/117/hr/7654?format=json"
        },
        {
            "congress": 117,
            "introducedDate": "2022-05-03",
            "latestAction": {
                "actionDate": "2022-05-03",
                "text": "Referred to the House Committee on Energy and Commerce."
            },
            "number": "7653",
            "policyArea": {
                "name": "Health"
            },
            "title": "Modern Authentication of Pharmaceuticals Act of 2022",
            "type": "HR",
            "url": "https://api.congress.gov/v3/bill/117/hr/7653?format=json"
        },
        {
            "congress": 117,
            "introducedDate": "2022-05-03",
            "latestAction": {
                "actionDate": "2022-05-04",
                "text": "Referred to the Subcommittee on Aviation."
            },
            "number": "7655",
            "policyArea": {
                "name": "Health"
            },
            "title": "Mindless Mask Mandate on Planes Act of 2022",
            "type": "HR",
            "url": "https://api.congress.gov/v3/bill/117/hr/7655?format=json"
        },
        {
            "congress": 117,
            "introducedDate": "2022-04-27",
            "latestAction": {
                "actionDate": "2022-11-01",
                "text": "Referred to the Subcommittee on Crime, Terrorism, and Homeland Security."
            },
            "number": "7604",
            "policyArea": {
                "name": "Crime and Law Enforcement"
            },
            "title": "Partial Birth Abortion Is Murder Act",
            "type": "HR",
            "url": "https://api.congress.gov/v3/bill/117/hr/7604?format=json"
        },
        {
            "congress": 117,
            "introducedDate": "2022-03-29",
            "latestAction": {
                "actionDate": "2022-03-29",
                "text": "Referred to the House Committee on the Judiciary."
            },
            "number": "1010",
            "policyArea": {
                "name": "Congress"
            },
            "title": "Expunging the December 18, 2019, impeachment of President Donald John Trump.",
            "type": "HRES",
            "url": "https://api.congress.gov/v3/bill/117/hres/1010?format=json"
        },
        {
            "congress": 117,
            "introducedDate": "2022-03-09",
            "latestAction": {
                "actionDate": "2022-11-01",
                "text": "Referred to the Subcommittee on Crime, Terrorism, and Homeland Security."
            },
            "number": "7039",
            "policyArea": {
                "name": "Crime and Law Enforcement"
            },
            "title": "Volunteer Fighters Exemption Act of 2022",
            "type": "HR",
            "url": "https://api.congress.gov/v3/bill/117/hr/7039?format=json"
        },
        {
            "congress": 117,
            "introducedDate": "2022-02-18",
            "latestAction": {
                "actionDate": "2022-02-22",
                "text": "Referred to the Subcommittee on Consumer Protection and Commerce."
            },
            "number": "6786",
            "policyArea": {
                "name": "Commerce"
            },
            "title": "Increasing Consumers\u2019 Education on Law Enforcement Resources Act",
            "type": "HR",
            "url": "https://api.congress.gov/v3/bill/117/hr/6786?format=json"
        },
        {
            "congress": 117,
            "introducedDate": "2022-02-08",
            "latestAction": {
                "actionDate": "2022-02-09",
                "text": "Referred to the Subcommittee on Health."
            },
            "number": "6641",
            "policyArea": {
                "name": "Health"
            },
            "title": "DRA of 2022",
            "type": "HR",
            "url": "https://api.congress.gov/v3/bill/117/hr/6641?format=json"
        },
        {
            "congress": 117,
            "introducedDate": "2021-07-27",
            "latestAction": {
                "actionDate": "2022-03-31",
                "text": "Subcommittee Hearings Held."
            },
            "number": "4715",
            "policyArea": {
                "name": "Native Americans"
            },
            "title": "Quapaw Tribal Landowner Settlement Act of 2021",
            "type": "HR",
            "url": "https://api.congress.gov/v3/bill/117/hr/4715?format=json"
        },
        {
            "congress": 117,
            "introducedDate": "2021-06-28",
            "latestAction": {
                "actionDate": "2021-06-29",
                "text": "Referred to the Subcommittee on Health."
            },
            "number": "4203",
            "policyArea": {
                "name": "Health"
            },
            "title": "IMPROVE Addiction Care Act",
            "type": "HR",
            "url": "https://api.congress.gov/v3/bill/117/hr/4203?format=json"
        },
        {
            "congress": 117,
            "introducedDate": "2021-06-11",
            "latestAction": {
                "actionDate": "2021-06-24",
                "text": "Received in the Senate and Read twice and referred to the Committee on Indian Affairs."
            },
            "number": "3841",
            "policyArea": {
                "name": "Native Americans"
            },
            "title": "Tribal Health Data Improvement Act of 2021",
            "type": "HR",
            "url": "https://api.congress.gov/v3/bill/117/hr/3841?format=json"
        },
        {
            "congress": 117,
            "introducedDate": "2021-04-20",
            "latestAction": {
                "actionDate": "2021-04-21",
                "text": "Referred to the Subcommittee on Consumer Protection and Commerce."
            },
            "number": "2702",
            "policyArea": {
                "name": "Commerce"
            },
            "title": "SURE Act",
            "type": "HR",
            "url": "https://api.congress.gov/v3/bill/117/hr/2702?format=json"
        },
        {
            "congress": 117,
            "introducedDate": "2021-03-10",
            "latestAction": {
                "actionDate": "2021-04-19",
                "text": "Received in the Senate and Read twice and referred to the Committee on Commerce, Science, and Transportation."
            },
            "number": "1762",
            "policyArea": {
                "name": "Native Americans"
            },
            "title": "Protecting Indian Tribes from Scams Act",
            "type": "HR",
            "url": "https://api.congress.gov/v3/bill/117/hr/1762?format=json"
        },
        {
            "congress": 117,
            "introducedDate": "2021-03-08",
            "latestAction": {
                "actionDate": "2021-03-09",
                "text": "Referred to the Subcommittee on Communications and Technology."
            },
            "number": "1650",
            "policyArea": {
                "name": "Science, Technology, Communications"
            },
            "title": "To require the Federal Communications Commission to study the current and projected demands on rural broadband networks associated with services offered by edge providers, and for other purposes.",
            "type": "HR",
            "url": "https://api.congress.gov/v3/bill/117/hr/1650?format=json"
        },
        {
            "congress": 117,
            "introducedDate": "2021-02-15",
            "latestAction": {
                "actionDate": "2021-02-16",
                "text": "Referred to the Subcommittee on Communications and Technology."
            },
            "number": "1064",
            "policyArea": {
                "name": "Science, Technology, Communications"
            },
            "title": "Cable Transparency Act",
            "type": "HR",
            "url": "https://api.congress.gov/v3/bill/117/hr/1064?format=json"
        },
        {
            "congress": 117,
            "introducedDate": "2021-01-28",
            "latestAction": {
                "actionDate": "2022-06-14",
                "text": "Motion to Discharge Committee filed by Mr. Mullin. Petition No: 117-15. (<a href=\"https://clerk.house.gov/DischargePetition/2022061415?Page=2&CongressNum=117\">Discharge petition</a> text with signatures.)"
            },
            "number": "575",
            "policyArea": {
                "name": "Energy"
            },
            "title": "Promoting Cross-border Energy Infrastructure Act",
            "type": "HR",
            "url": "https://api.congress.gov/v3/bill/117/hr/575?format=json"
        },
        {
            "congress": 116,
            "introducedDate": "2020-09-24",
            "latestAction": {
                "actionDate": "2020-09-24",
                "text": "Referred to the House Committee on Energy and Commerce."
            },
            "number": "8388",
            "policyArea": {
                "name": "Health"
            },
            "title": "IMPROVE Addiction Care Act",
            "type": "HR",
            "url": "https://api.congress.gov/v3/bill/116/hr/8388?format=json"
        },
        {
            "congress": 116,
            "introducedDate": "2020-06-30",
            "latestAction": {
                "actionDate": "2020-07-01",
                "text": "Referred to the Subcommittee on Railroads, Pipelines, and Hazardous Materials."
            },
            "number": "7429",
            "policyArea": {
                "name": "Energy"
            },
            "title": "Promoting Cross-border Energy Infrastructure Act",
            "type": "HR",
            "url": "https://api.congress.gov/v3/bill/116/hr/7429?format=json"
        },
        {
            "congress": 116,
            "introducedDate": "2020-06-25",
            "latestAction": {
                "actionDate": "2020-06-25",
                "text": "Referred to the House Committee on Energy and Commerce."
            },
            "number": "7369",
            "policyArea": {
                "name": "Science, Technology, Communications"
            },
            "title": "Cable Transparency Act",
            "type": "HR",
            "url": "https://api.congress.gov/v3/bill/116/hr/7369?format=json"
        },
        {
            "congress": 116,
            "introducedDate": "2020-06-18",
            "latestAction": {
                "actionDate": "2020-07-14",
                "text": "Referred to the Subcommittee for Indigenous Peoples of the United States."
            },
            "number": "7263",
            "policyArea": {
                "name": "Native Americans"
            },
            "title": "To repeal the eighth proviso under Operation of Indian Programs of 1998 to restore Tribal sovereignty.",
            "type": "HR",
            "url": "https://api.congress.gov/v3/bill/116/hr/7263?format=json"
        },
        {
            "amendmentNumber": "443",
            "congress": 116,
            "introducedDate": "2019-06-20",
            "latestAction": {
                "actionDate": "2019-06-20",
                "actionTime": "18:39:43",
                "text": "On agreeing to the Mullin amendment (A057) Failed by recorded vote: 189 - 243 (Roll no. 386). "
            },
            "type": null,
            "url": "https://api.congress.gov/v3/amendment/116/hamdt/443?format=json"
        },
        {
            "amendmentNumber": "442",
            "congress": 116,
            "introducedDate": "2019-06-20",
            "latestAction": {
                "actionDate": "2019-06-20",
                "actionTime": "18:35:38",
                "text": "On agreeing to the Mullin amendment (A056) Failed by recorded vote: 191 - 241 (Roll no. 385). "
            },
            "type": null,
            "url": "https://api.congress.gov/v3/amendment/116/hamdt/442?format=json"
        },
        {
            "amendmentNumber": "383",
            "congress": 116,
            "introducedDate": "2019-06-18",
            "latestAction": {
                "actionDate": "2019-06-19",
                "actionTime": "14:32:34",
                "text": "On agreeing to the Mullin amendment (A118) Failed by recorded vote: 186 - 248 (Roll no. 362). "
            },
            "type": null,
            "url": "https://api.congress.gov/v3/amendment/116/hamdt/383?format=json"
        },
        {
            "congress": 116,
            "introducedDate": "2019-05-22",
            "latestAction": {
                "actionDate": "2019-05-23",
                "text": "Referred to the Subcommittee on Communications and Technology."
            },
            "number": "2929",
            "policyArea": {
                "name": "Science, Technology, Communications"
            },
            "title": "Rural Broadband Network Advancement Act of 2019",
            "type": "HR",
            "url": "https://api.congress.gov/v3/bill/116/hr/2929?format=json"
        },
        {
            "congress": 116,
            "introducedDate": "2019-02-28",
            "latestAction": {
                "actionDate": "2019-04-08",
                "text": "Referred to the Subcommittee on Immigration and Citizenship."
            },
            "number": "1461",
            "policyArea": {
                "name": "International Affairs"
            },
            "title": "Georgian Fair Business Practices Sanctions Act of 2019",
            "type": "HR",
            "url": "https://api.congress.gov/v3/bill/116/hr/1461?format=json"
        },
        {
            "amendmentNumber": "596",
            "congress": 113,
            "introducedDate": "2014-03-13",
            "latestAction": {
                "actionDate": "2014-03-13",
                "actionTime": "15:50:01",
                "text": "On agreeing to the Mullin amendment (A002) Agreed to by voice vote. "
            },
            "type": null,
            "url": "https://api.congress.gov/v3/amendment/113/hamdt/596?format=json"
        },
        {
            "amendmentNumber": "336",
            "congress": 113,
            "introducedDate": "2013-07-18",
            "latestAction": {
                "actionDate": "2013-07-18",
                "actionTime": "18:52:58",
                "text": "By unanimous consent, the Mullin amendment was withdrawn. (consideration: CR H4720)"
            },
            "type": null,
            "url": "https://api.congress.gov/v3/amendment/113/hamdt/336?format=json"
        },
        {
            "congress": 113,
            "introducedDate": "2014-12-04",
            "latestAction": {
                "actionDate": "2014-12-18",
                "text": "Referred to the Subcommittee on Regulatory Reform, Commercial And Antitrust Law."
            },
            "number": "5791",
            "policyArea": {
                "name": "Government Operations and Politics"
            },
            "title": "FINER Act of 2014",
            "type": "HR",
            "url": "https://api.congress.gov/v3/bill/113/hr/5791?format=json"
        },
        {
            "congress": 113,
            "introducedDate": "2014-11-12",
            "latestAction": {
                "actionDate": "2014-11-18",
                "text": "Referred to the Subcommittee Indian and Alaska Native Affairs."
            },
            "number": "5689",
            "policyArea": {
                "name": "Native Americans"
            },
            "title": "To allow the Miami Tribe of Oklahoma to lease or transfer certain lands.",
            "type": "HR",
            "url": "https://api.congress.gov/v3/bill/113/hr/5689?format=json"
        },
        {
            "congress": 113,
            "introducedDate": "2014-06-12",
            "latestAction": {
                "actionDate": "2014-09-09",
                "text": "Committee Hearings Held."
            },
            "number": "4866",
            "policyArea": {
                "name": "Animals"
            },
            "title": "Lesser Prairie Chicken Voluntary Recovery Act of 2014",
            "type": "HR",
            "url": "https://api.congress.gov/v3/bill/113/hr/4866?format=json"
        },
        {
            "congress": 113,
            "introducedDate": "2014-06-11",
            "latestAction": {
                "actionDate": "2014-06-12",
                "text": "Referred to the Subcommittee on Water Resources and Environment."
            },
            "number": "4844",
            "policyArea": {
                "name": "Public Lands and Natural Resources"
            },
            "title": "Fountainhead Property Land Transfer Act",
            "type": "HR",
            "url": "https://api.congress.gov/v3/bill/113/hr/4844?format=json"
        },
        {
            "congress": 113,
            "introducedDate": "2014-02-05",
            "latestAction": {
                "actionDate": "2014-08-26",
                "text": "Placed on Senate Legislative Calendar under General Orders. Calendar No. 546."
            },
            "number": "4002",
            "policyArea": {
                "name": "Native Americans"
            },
            "title": "To revoke the charter of incorporation of the Miami Tribe of Oklahoma at the request of that tribe, and for other purposes.",
            "type": "HR",
            "url": "https://api.congress.gov/v3/bill/113/hr/4002?format=json"
        },
        {
            "congress": 113,
            "introducedDate": "2013-06-14",
            "latestAction": {
                "actionDate": "2013-07-08",
                "text": "Referred to the Subcommittee on Early Childhood, Elementary, and Secondary Education."
            },
            "number": "2378",
            "policyArea": {
                "name": "Education"
            },
            "title": "Impact Aid Fairness and Equity Act of 2013",
            "type": "HR",
            "url": "https://api.congress.gov/v3/bill/113/hr/2378?format=json"
        },
        {
            "congress": 113,
            "introducedDate": "2013-06-11",
            "latestAction": {
                "actionDate": "2013-12-26",
                "text": "Became Public Law No: 113-70."
            },
            "number": "2319",
            "policyArea": {
                "name": "Native Americans"
            },
            "title": "Native American Veterans' Memorial Amendments Act of 2013",
            "type": "HR",
            "url": "https://api.congress.gov/v3/bill/113/hr/2319?format=json"
        },
        {
            "congress": 113,
            "introducedDate": "2013-03-21",
            "latestAction": {
                "actionDate": "2013-04-23",
                "text": "Referred to the Subcommittee on Conservation, Energy, and Forestry."
            },
            "number": "1375",
            "policyArea": {
                "name": "Public Lands and Natural Resources"
            },
            "title": "Reducing Regulatory Obstacles to Wind Energy Production Act",
            "type": "HR",
            "url": "https://api.congress.gov/v3/bill/113/hr/1375?format=json"
        },
        {
            "congress": 113,
            "introducedDate": "2013-03-12",
            "latestAction": {
                "actionDate": "2013-03-13",
                "text": "Referred to the Subcommittee on Highways and Transit."
            },
            "number": "1097",
            "policyArea": {
                "name": "Transportation and Public Works"
            },
            "title": "Preserving Jobs in the Oilfield Act of 2013",
            "type": "HR",
            "url": "https://api.congress.gov/v3/bill/113/hr/1097?format=json"
        },
        {
            "congress": 116,
            "introducedDate": "2019-01-09",
            "latestAction": {
                "actionDate": "2019-07-16",
                "text": "Subcommittee Hearings Held."
            },
            "number": "396",
            "policyArea": {
                "name": "Native Americans"
            },
            "title": "To provide for the equitable settlement of certain Indian land disputes regarding land in Illinois, and for other purposes.",
            "type": "HR",
            "url": "https://api.congress.gov/v3/bill/116/hr/396?format=json"
        },
        {
            "congress": 116,
            "introducedDate": "2019-01-09",
            "latestAction": {
                "actionDate": "2019-01-09",
                "text": "Referred to the Subcommittee on Antitrust, Commercial, and Administrative Law."
            },
            "number": "395",
            "policyArea": {
                "name": "Government Operations and Politics"
            },
            "title": "POWERS Act of 2019",
            "type": "HR",
            "url": "https://api.congress.gov/v3/bill/116/hr/395?format=json"
        },
        {
            "congress": 116,
            "introducedDate": "2019-01-03",
            "latestAction": {
                "actionDate": "2019-01-03",
                "text": "Referred to the House Committee on Appropriations."
            },
            "number": "195",
            "policyArea": {
                "name": "Native Americans"
            },
            "title": "Pay our Doctors Act of 2019",
            "type": "HR",
            "url": "https://api.congress.gov/v3/bill/116/hr/195?format=json"
        },
        {
            "congress": 115,
            "introducedDate": "2018-12-20",
            "latestAction": {
                "actionDate": "2018-12-20",
                "text": "Referred to the House Committee on Appropriations."
            },
            "number": "7362",
            "policyArea": {
                "name": "Native Americans"
            },
            "title": "Pay our Doctors Act of 2018",
            "type": "HR",
            "url": "https://api.congress.gov/v3/bill/115/hr/7362?format=json"
        },
        {
            "amendmentNumber": "909",
            "congress": 115,
            "introducedDate": "2018-07-18",
            "latestAction": {
                "actionDate": "2018-07-18",
                "actionTime": "22:09:11",
                "text": "On agreeing to the Mullin amendment (A040) Agreed to by recorded vote: 215 - 199 (Roll no. 347). "
            },
            "type": null,
            "url": "https://api.congress.gov/v3/amendment/115/hamdt/909?format=json"
        },
        {
            "amendmentNumber": "908",
            "congress": 115,
            "introducedDate": "2018-07-18",
            "latestAction": {
                "actionDate": "2018-07-18",
                "actionTime": "22:04:54",
                "text": "On agreeing to the Mullin amendment (A039) Agreed to by recorded vote: 215 - 194 (Roll no. 346). "
            },
            "type": null,
            "url": "https://api.congress.gov/v3/amendment/115/hamdt/908?format=json"
        },
        {
            "congress": 115,
            "introducedDate": "2018-06-13",
            "latestAction": {
                "actionDate": "2018-06-21",
                "text": "Received in the Senate and Read twice and referred to the Committee on Health, Education, Labor, and Pensions."
            },
            "number": "6082",
            "policyArea": {
                "name": "Health"
            },
            "title": "Overdose Prevention and Patient Safety Act",
            "type": "HR",
            "url": "https://api.congress.gov/v3/bill/115/hr/6082?format=json"
        },
        {
            "congress": 115,
            "introducedDate": "2018-05-24",
            "latestAction": {
                "actionDate": "2018-05-24",
                "text": "Referred to the Committee on Ways and Means, and in addition to the Committees on Oversight and Government Reform, Energy and Commerce, and Science, Space, and Technology, for a period to be subsequently determined by the Speaker, in each case for consideration of such provisions as fall within the jurisdiction of the committee concerned."
            },
            "number": "5959",
            "policyArea": {
                "name": "Taxation"
            },
            "title": "Natural Gas Parity Act",
            "type": "HR",
            "url": "https://api.congress.gov/v3/bill/115/hr/5959?format=json"
        },
        {
            "congress": 115,
            "introducedDate": "2018-05-15",
            "latestAction": {
                "actionDate": "2018-05-15",
                "text": "Referred to the House Committee on Veterans' Affairs."
            },
            "number": "5829",
            "policyArea": {
                "name": "Armed Forces and National Security"
            },
            "title": "VA Opioid Prescribing Rates Accountability Act",
            "type": "HR",
            "url": "https://api.congress.gov/v3/bill/115/hr/5829?format=json"
        },
        {
            "congress": 115,
            "introducedDate": "2018-05-15",
            "latestAction": {
                "actionDate": "2018-07-24",
                "text": "Referred to the Subcommittee on Crime, Terrorism, Homeland Security, and Investigations."
            },
            "number": "5807",
            "policyArea": {
                "name": "Health"
            },
            "title": "SUD CARE Act",
            "type": "HR",
            "url": "https://api.congress.gov/v3/bill/115/hr/5807?format=json"
        },
        {
            "congress": 115,
            "introducedDate": "2018-04-26",
            "latestAction": {
                "actionDate": "2018-04-26",
                "text": "Referred to the House Committee on Energy and Commerce."
            },
            "number": "5641",
            "policyArea": {
                "name": "Health"
            },
            "title": "State Offices of Rural Health Reauthorization Act of 2018",
            "type": "HR",
            "url": "https://api.congress.gov/v3/bill/115/hr/5641?format=json"
        },
        {
            "congress": 115,
            "introducedDate": "2018-04-18",
            "latestAction": {
                "actionDate": "2018-08-14",
                "text": "Became Public Law No: 115-234."
            },
            "number": "5554",
            "policyArea": {
                "name": "Health"
            },
            "title": "An act to amend the Federal Food, Drug, and Cosmetic Act to reauthorize user fee programs relating to new animal drugs and generic new animal drugs",
            "type": "HR",
            "url": "https://api.congress.gov/v3/bill/115/hr/5554?format=json"
        },
        {
            "congress": 115,
            "introducedDate": "2018-03-01",
            "latestAction": {
                "actionDate": "2018-03-02",
                "text": "Referred to the Subcommittee on Health."
            },
            "number": "5140",
            "policyArea": {
                "name": "Health"
            },
            "title": "TARA Act",
            "type": "HR",
            "url": "https://api.congress.gov/v3/bill/115/hr/5140?format=json"
        },
        {
            "congress": 115,
            "introducedDate": "2017-10-03",
            "latestAction": {
                "actionDate": "2017-10-06",
                "text": "Referred to the Subcommittee on Health."
            },
            "number": "3917",
            "policyArea": {
                "name": "Health"
            },
            "title": "To amend the Public Health Service Act to extend funding for the special diabetes program for Indians.",
            "type": "HR",
            "url": "https://api.congress.gov/v3/bill/115/hr/3917?format=json"
        },
        {
            "congress": 115,
            "introducedDate": "2017-09-28",
            "latestAction": {
                "actionDate": "2017-09-29",
                "text": "Referred to the Subcommittee on Health."
            },
            "number": "3867",
            "policyArea": {
                "name": "Health"
            },
            "title": "To amend title XVIII of the Social Security Act to create care management demonstration programs for chronic kidney disease under the Medicare program, and for other purposes.",
            "type": "HR",
            "url": "https://api.congress.gov/v3/bill/115/hr/3867?format=json"
        },
        {
            "amendmentNumber": "369",
            "congress": 115,
            "introducedDate": "2017-09-08",
            "latestAction": {
                "actionDate": "2017-09-13",
                "actionTime": "13:46:41",
                "text": "On agreeing to the Mullin amendment (A097) Agreed to by recorded vote: 225 - 186 (Roll no. 489). "
            },
            "type": null,
            "url": "https://api.congress.gov/v3/amendment/115/hamdt/369?format=json"
        },
        {
            "amendmentNumber": "368",
            "congress": 115,
            "introducedDate": "2017-09-08",
            "latestAction": {
                "actionDate": "2017-09-13",
                "actionTime": "13:42:52",
                "text": "On agreeing to the Mullin amendment (A096) Agreed to by recorded vote: 218 - 195 (Roll no. 488). "
            },
            "type": null,
            "url": "https://api.congress.gov/v3/amendment/115/hamdt/368?format=json"
        },
        {
            "congress": 115,
            "introducedDate": "2017-07-26",
            "latestAction": {
                "actionDate": "2017-07-28",
                "text": "Referred to the Subcommittee on Digital Commerce and Consumer Protection."
            },
            "number": "3412",
            "policyArea": {
                "name": "Transportation and Public Works"
            },
            "title": "LEAD'R Act",
            "type": "HR",
            "url": "https://api.congress.gov/v3/bill/115/hr/3412?format=json"
        },
        {
            "congress": 115,
            "introducedDate": "2017-06-12",
            "latestAction": {
                "actionDate": "2017-07-20",
                "text": "Received in the Senate and Read twice and referred to the Committee on Energy and Natural Resources."
            },
            "number": "2883",
            "policyArea": {
                "name": "Energy"
            },
            "title": "Promoting Cross-Border Energy Infrastructure Act",
            "type": "HR",
            "url": "https://api.congress.gov/v3/bill/115/hr/2883?format=json"
        },
        {
            "congress": 115,
            "introducedDate": "2017-02-01",
            "latestAction": {
                "actionDate": "2017-02-03",
                "text": "Referred to the Subcommittee on Environment."
            },
            "number": "59",
            "policyArea": {
                "name": "Environmental Protection"
            },
            "title": "Providing for congressional disapproval under chapter 8 of title 5, United States Code, of the rule submitted by the Environmental Protection Agency relating to \"Accidental Release Prevention Requirements: Risk Management Programs under the Clean Air Act\".",
            "type": "HJRES",
            "url": "https://api.congress.gov/v3/bill/115/hjres/59?format=json"
        },
        {
            "congress": 115,
            "introducedDate": "2017-01-24",
            "latestAction": {
                "actionDate": "2017-01-25",
                "text": "Referred to the Subcommittee on Health."
            },
            "number": "682",
            "policyArea": {
                "name": "Health"
            },
            "title": "Preserving Access to Medicaid for Americans Act of 2017",
            "type": "HR",
            "url": "https://api.congress.gov/v3/bill/115/hr/682?format=json"
        },
        {
            "congress": 115,
            "introducedDate": "2017-01-06",
            "latestAction": {
                "actionDate": "2017-01-09",
                "text": "Referred to the Subcommittee on Highways and Transit."
            },
            "number": "364",
            "policyArea": {
                "name": "Transportation and Public Works"
            },
            "title": "Preserving Jobs in the Oilfield Act of 2017",
            "type": "HR",
            "url": "https://api.congress.gov/v3/bill/115/hr/364?format=json"
        },
        {
            "congress": 115,
            "introducedDate": "2017-01-03",
            "latestAction": {
                "actionDate": "2017-02-10",
                "text": "Referred to the Subcommittee on Indian, Insular and Alaska Native Affairs."
            },
            "number": "183",
            "policyArea": {
                "name": "Native Americans"
            },
            "title": "To provide for the equitable settlement of certain Indian land disputes regarding land in Illinois, and for other purposes.",
            "type": "HR",
            "url": "https://api.congress.gov/v3/bill/115/hr/183?format=json"
        },
        {
            "congress": 115,
            "introducedDate": "2017-01-03",
            "latestAction": {
                "actionDate": "2017-02-07",
                "text": "Forwarded by Subcommittee to Full Committee by the Yeas and Nays: 19 - 13 ."
            },
            "number": "181",
            "policyArea": {
                "name": "Health"
            },
            "title": "To amend title XIX of the Social Security Act to count portions of income from annuities of a community spouse as income available to institutionalized spouses for purposes of eligibility for medical assistance, and for other purposes.",
            "type": "HR",
            "url": "https://api.congress.gov/v3/bill/115/hr/181?format=json"
        },
        {
            "congress": 115,
            "introducedDate": "2017-01-03",
            "latestAction": {
                "actionDate": "2017-01-25",
                "text": "Referred to the Subcommittee on Health."
            },
            "number": "180",
            "policyArea": {
                "name": "Health"
            },
            "title": "To amend title XIX of the Social Security Act to eliminate the requirement for 3 months of retroactive coverage under the Medicaid program.",
            "type": "HR",
            "url": "https://api.congress.gov/v3/bill/115/hr/180?format=json"
        },
        {
            "congress": 115,
            "introducedDate": "2017-01-03",
            "latestAction": {
                "actionDate": "2017-01-25",
                "text": "Referred to the Subcommittee on Health."
            },
            "number": "182",
            "policyArea": {
                "name": "Health"
            },
            "title": "Stop Obamacare Spam Act of 2017",
            "type": "HR",
            "url": "https://api.congress.gov/v3/bill/115/hr/182?format=json"
        },
        {
            "congress": 115,
            "introducedDate": "2017-01-03",
            "latestAction": {
                "actionDate": "2017-05-02",
                "text": "Referred to the Subcommittee on Health."
            },
            "number": "42",
            "policyArea": {
                "name": "Armed Forces and National Security"
            },
            "title": "To authorize the Directors of Veterans Integrated Service Networks of the Department of Veterans Affairs to enter into contracts with appropriate civilian accreditation entities or appropriate health care evaluation entities to investigate medical centers of the Department of Veterans Affairs.",
            "type": "HR",
            "url": "https://api.congress.gov/v3/bill/115/hr/42?format=json"
        },
        {
            "congress": 115,
            "introducedDate": "2017-01-03",
            "latestAction": {
                "actionDate": "2017-01-12",
                "text": "Referred to the Subcommittee on Regulatory Reform, Commercial And Antitrust Law."
            },
            "number": "41",
            "policyArea": {
                "name": "Government Operations and Politics"
            },
            "title": "POWERS Act of 2017",
            "type": "HR",
            "url": "https://api.congress.gov/v3/bill/115/hr/41?format=json"
        },
        {
            "congress": 115,
            "introducedDate": "2017-01-03",
            "latestAction": {
                "actionDate": "2017-01-19",
                "text": "Referred to the Subcommittee on Economic Opportunity."
            },
            "number": "43",
            "policyArea": {
                "name": "Armed Forces and National Security"
            },
            "title": "To amend title 38, United States Code, to authorize the use of Post-9/11 Educational Assistance to pursue independent study programs at certain educational institutions that are not institutions of higher learning.",
            "type": "HR",
            "url": "https://api.congress.gov/v3/bill/115/hr/43?format=json"
        },
        {
            "congress": 115,
            "introducedDate": "2017-01-03",
            "latestAction": {
                "actionDate": "2017-01-25",
                "text": "Referred to the Subcommittee on Digital Commerce and Consumer Protection."
            },
            "number": "44",
            "policyArea": {
                "name": "Sports and Recreation"
            },
            "title": "Muhammad Ali Expansion Act",
            "type": "HR",
            "url": "https://api.congress.gov/v3/bill/115/hr/44?format=json"
        },
        {
            "congress": 114,
            "introducedDate": "2016-12-08",
            "latestAction": {
                "actionDate": "2016-12-08",
                "text": "Referred to the Committee on Ways and Means, and in addition to the Committee on Energy and Commerce, for a period to be subsequently determined by the Speaker, in each case for consideration of such provisions as fall within the jurisdiction of the committee concerned."
            },
            "number": "6515",
            "policyArea": {
                "name": "Health"
            },
            "title": "Fairness to Teaching Hospitals Act of 2016",
            "type": "HR",
            "url": "https://api.congress.gov/v3/bill/114/hr/6515?format=json"
        },
        {
            "congress": 114,
            "introducedDate": "2016-12-05",
            "latestAction": {
                "actionDate": "2016-12-08",
                "text": "Received in the Senate."
            },
            "number": "6435",
            "policyArea": {
                "name": "Armed Forces and National Security"
            },
            "title": "To authorize the Directors of Veterans Integrated Service Networks of the Department of Veterans Affairs to enter into contracts with appropriate civilian accreditation entities or appropriate health care evaluation entities to investigate medical centers of the Department of Veterans Affairs.",
            "type": "HR",
            "url": "https://api.congress.gov/v3/bill/114/hr/6435?format=json"
        },
        {
            "congress": 114,
            "introducedDate": "2016-09-15",
            "latestAction": {
                "actionDate": "2016-09-20",
                "text": "Referred to the Subcommittee on Indian, Insular and Alaska Native Affairs."
            },
            "number": "6060",
            "policyArea": {
                "name": "Native Americans"
            },
            "title": "To provide for the equitable settlement of certain Indian land disputes regarding land in Illinois, and for other purposes.",
            "type": "HR",
            "url": "https://api.congress.gov/v3/bill/114/hr/6060?format=json"
        },
        {
            "congress": 114,
            "introducedDate": "2016-07-14",
            "latestAction": {
                "actionDate": "2016-07-14",
                "text": "Referred to the House Committee on Energy and Commerce."
            },
            "number": "5868",
            "policyArea": {
                "name": "Health"
            },
            "title": "Stop Obamacare Spam Act of 2016",
            "type": "HR",
            "url": "https://api.congress.gov/v3/bill/114/hr/5868?format=json"
        },
        {
            "amendmentNumber": "1260",
            "congress": 114,
            "introducedDate": "2016-07-07",
            "latestAction": {
                "actionDate": "2016-07-07",
                "actionTime": "20:32:03",
                "text": "On agreeing to the Mullin amendment (A035) Agreed to by recorded vote: 240 - 179 (Roll no. 391). "
            },
            "type": null,
            "url": "https://api.congress.gov/v3/amendment/114/hamdt/1260?format=json"
        },
        {
            "congress": 114,
            "introducedDate": "2016-07-05",
            "latestAction": {
                "actionDate": "2016-07-05",
                "text": "Referred to the House Committee on Energy and Commerce."
            },
            "number": "5626",
            "policyArea": {
                "name": "Health"
            },
            "title": "To amend title XIX of the Social Security Act to eliminate the requirement for 3 months of retroactive coverage under the Medicaid program.",
            "type": "HR",
            "url": "https://api.congress.gov/v3/bill/114/hr/5626?format=json"
        },
        {
            "congress": 114,
            "introducedDate": "2016-06-28",
            "latestAction": {
                "actionDate": "2016-07-05",
                "text": "Referred to the Subcommittee on Economic Opportunity."
            },
            "number": "5604",
            "policyArea": {
                "name": "Armed Forces and National Security"
            },
            "title": "To amend title 38, United States Code, to authorize the use of Post-9/11 Educational Assistance to pursue independent study programs at certain educational institutions that are not institutions of higher learning.",
            "type": "HR",
            "url": "https://api.congress.gov/v3/bill/114/hr/5604?format=json"
        },
        {
            "congress": 114,
            "introducedDate": "2016-05-27",
            "latestAction": {
                "actionDate": "2016-05-27",
                "text": "Referred to the House Committee on Energy and Commerce."
            },
            "number": "5375",
            "policyArea": {
                "name": "Health"
            },
            "title": "Preserving Access to Medicaid for Americans Act of 2016",
            "type": "HR",
            "url": "https://api.congress.gov/v3/bill/114/hr/5375?format=json"
        },
        {
            "congress": 114,
            "introducedDate": "2016-05-26",
            "latestAction": {
                "actionDate": "2016-09-19",
                "text": "Referred to the Subcommittee on Workforce Protections."
            },
            "number": "5365",
            "policyArea": {
                "name": "Sports and Recreation"
            },
            "title": "Muhammad Ali Expansion Act",
            "type": "HR",
            "url": "https://api.congress.gov/v3/bill/114/hr/5365?format=json"
        },
        {
            "amendmentNumber": "1139",
            "congress": 114,
            "introducedDate": "2016-05-25",
            "latestAction": {
                "actionDate": "2016-05-25",
                "actionTime": "20:55:40",
                "text": "On agreeing to the Mullin amendment (A058) Agreed to by voice vote. "
            },
            "type": null,
            "url": "https://api.congress.gov/v3/amendment/114/hamdt/1139?format=json"
        },
        {
            "congress": 114,
            "introducedDate": "2016-04-29",
            "latestAction": {
                "actionDate": "2016-05-26",
                "text": "Referred to the Subcommittee on Health."
            },
            "number": "5161",
            "policyArea": {
                "name": "Armed Forces and National Security"
            },
            "title": "To amend title 38, United States Code, to expand the qualifications for licensed mental health counselors of the Department of Veterans Affairs.",
            "type": "HR",
            "url": "https://api.congress.gov/v3/bill/114/hr/5161?format=json"
        },
        {
            "congress": 114,
            "introducedDate": "2016-04-28",
            "latestAction": {
                "actionDate": "2016-04-29",
                "text": "Referred to the Subcommittee on Commerce, Manufacturing, and Trade."
            },
            "number": "5115",
            "policyArea": {
                "name": "Commerce"
            },
            "title": "SURE Act",
            "type": "HR",
            "url": "https://api.congress.gov/v3/bill/114/hr/5115?format=json"
        },
        {
            "congress": 114,
            "introducedDate": "2016-03-03",
            "latestAction": {
                "actionDate": "2016-03-03",
                "text": "Referred to the House Committee on Oversight and Government Reform."
            },
            "number": "4687",
            "policyArea": {
                "name": "Government Operations and Politics"
            },
            "title": "DOD Workforce Flexibility Act of 2016",
            "type": "HR",
            "url": "https://api.congress.gov/v3/bill/114/hr/4687?format=json"
        },
        {
            "congress": 114,
            "introducedDate": "2016-02-26",
            "latestAction": {
                "actionDate": "2016-04-01",
                "text": "Referred to the Subcommittee on Regulatory Reform, Commercial And Antitrust Law."
            },
            "number": "4636",
            "policyArea": {
                "name": "Government Operations and Politics"
            },
            "title": "POWERS Act of 2016",
            "type": "HR",
            "url": "https://api.congress.gov/v3/bill/114/hr/4636?format=json"
        },
        {
            "amendmentNumber": "746",
            "congress": 114,
            "introducedDate": "2015-11-03",
            "latestAction": {
                "actionDate": "2015-11-03",
                "actionTime": "16:15:44",
                "text": "On agreeing to the Mullin amendment (A013) Failed by voice vote. "
            },
            "type": null,
            "url": "https://api.congress.gov/v3/amendment/114/hamdt/746?format=json"
        },
        {
            "amendmentNumber": "828",
            "congress": 114,
            "introducedDate": "2015-11-05",
            "latestAction": {
                "actionDate": "2015-11-05",
                "actionTime": "01:02:31",
                "text": "On agreeing to the Mullin amendment (A095) Agreed to by voice vote. "
            },
            "type": null,
            "url": "https://api.congress.gov/v3/amendment/114/hamdt/828?format=json"
        },
        {
            "amendmentNumber": "822",
            "congress": 114,
            "introducedDate": "2015-11-05",
            "latestAction": {
                "actionDate": "2015-11-05",
                "actionTime": "10:48:25",
                "text": "On agreeing to the Mullin amendment (A089) Agreed to by recorded vote: 246 - 178 (Roll no. 620). (consideration: CR H8130)"
            },
            "type": null,
            "url": "https://api.congress.gov/v3/amendment/114/hamdt/822?format=json"
        },
        {
            "congress": 114,
            "introducedDate": "2015-09-10",
            "latestAction": {
                "actionDate": "2016-02-24",
                "text": "Subcommittee Hearings Held."
            },
            "number": "3477",
            "policyArea": {
                "name": "Native Americans"
            },
            "title": "NATIVE Act",
            "type": "HR",
            "url": "https://api.congress.gov/v3/bill/114/hr/3477?format=json"
        },
        {
            "congress": 114,
            "introducedDate": "2015-07-22",
            "latestAction": {
                "actionDate": "2015-09-08",
                "text": "Placed on the Union Calendar, Calendar No. 184."
            },
            "number": "3154",
            "policyArea": {
                "name": "Commerce"
            },
            "title": "E-Warranty Act of 2015",
            "type": "HR",
            "url": "https://api.congress.gov/v3/bill/114/hr/3154?format=json"
        },
        {
            "congress": 114,
            "introducedDate": "2015-06-04",
            "latestAction": {
                "actionDate": "2015-06-05",
                "text": "Referred to the Subcommittee on Commerce, Manufacturing, and Trade."
            },
            "number": "2675",
            "policyArea": {
                "name": "Transportation and Public Works"
            },
            "title": "Low Volume Motor Vehicle Manufacturers Act of 2015",
            "type": "HR",
            "url": "https://api.congress.gov/v3/bill/114/hr/2675?format=json"
        },
        {
            "congress": 114,
            "introducedDate": "2015-04-14",
            "latestAction": {
                "actionDate": "2015-04-17",
                "text": "Referred to the Subcommittee on Health."
            },
            "number": "1771",
            "policyArea": {
                "name": "Health"
            },
            "title": "To amend title XIX of the Social Security Act to count portions of income from annuities of a community spouse as income available to institutionalized spouses for purposes of eligibility for medical assistance, and for other purposes.",
            "type": "HR",
            "url": "https://api.congress.gov/v3/bill/114/hr/1771?format=json"
        },
        {
            "congress": 114,
            "introducedDate": "2015-02-05",
            "latestAction": {
                "actionDate": "2015-04-29",
                "text": "Referred to the Subcommittee on Early Childhood, Elementary, and Secondary Education."
            },
            "number": "770",
            "policyArea": {
                "name": "Education"
            },
            "title": "Impact Aid Fairness and Equity Act of 2015",
            "type": "HR",
            "url": "https://api.congress.gov/v3/bill/114/hr/770?format=json"
        },
        {
            "congress": 114,
            "introducedDate": "2015-02-02",
            "latestAction": {
                "actionDate": "2015-02-02",
                "text": "Referred to the House Committee on Natural Resources."
            },
            "number": "659",
            "policyArea": {
                "name": "Animals"
            },
            "title": "Lesser Prairie Chicken Voluntary Recovery Act of 2015",
            "type": "HR",
            "url": "https://api.congress.gov/v3/bill/114/hr/659?format=json"
        },
        {
            "congress": 114,
            "introducedDate": "2015-01-22",
            "latestAction": {
                "actionDate": "2016-02-29",
                "text": "Became Public Law No: 114-127."
            },
            "number": "487",
            "policyArea": {
                "name": "Native Americans"
            },
            "title": "To allow the Miami Tribe of Oklahoma to lease or transfer certain lands.",
            "type": "HR",
            "url": "https://api.congress.gov/v3/bill/114/hr/487?format=json"
        },
        {
            "congress": 114,
            "introducedDate": "2015-01-26",
            "latestAction": {
                "actionDate": "2015-07-06",
                "text": "Became Public Law No: 114-28."
            },
            "number": "533",
            "policyArea": {
                "name": "Native Americans"
            },
            "title": "To revoke the charter of incorporation of the Miami Tribe of Oklahoma at the request of that tribe, and for other purposes.",
            "type": "HR",
            "url": "https://api.congress.gov/v3/bill/114/hr/533?format=json"
        },
        {
            "congress": 114,
            "introducedDate": "2015-01-22",
            "latestAction": {
                "actionDate": "2015-01-23",
                "text": "Referred to the Subcommittee on Highways and Transit."
            },
            "number": "486",
            "policyArea": {
                "name": "Transportation and Public Works"
            },
            "title": "Preserving Jobs in the Oilfield Act of 2015",
            "type": "HR",
            "url": "https://api.congress.gov/v3/bill/114/hr/486?format=json"
        },
        {
            "amendmentNumber": "436",
            "congress": 114,
            "introducedDate": "2015-06-09",
            "latestAction": {
                "actionDate": "2015-06-09",
                "actionTime": "21:43:48",
                "text": "On agreeing to the Mullin amendment (A076) Agreed to by voice vote. "
            },
            "type": null,
            "url": "https://api.congress.gov/v3/amendment/114/hamdt/436?format=json"
        },
        {
            "congress": 114,
            "introducedDate": "2015-01-27",
            "latestAction": {
                "actionDate": "2015-02-06",
                "text": "Referred to the Subcommittee on Health."
            },
            "number": "572",
            "policyArea": {
                "name": "Armed Forces and National Security"
            },
            "title": "Veterans Access to Community Care Act of 2015",
            "type": "HR",
            "url": "https://api.congress.gov/v3/bill/114/hr/572?format=json"
        }
    ]
}