{
    "pagination": {
        "count": 47
    },
    "request": {
        "bioguideId": "m000871",
        "contentType": "application/json",
        "format": "json"
    },
    "sponsoredLegislation": [
        {
            "congress": 118,
            "introducedDate": "2024-02-15",
            "latestAction": {
                "actionDate": "2024-02-15",
                "text": "Referred to the House Committee on Agriculture."
            },
            "number": "1015",
            "policyArea": {
                "name": "Agriculture and Food"
            },
            "title": "Expressing support for the designation of February 17 through February 24, 2024, as \"National FFA Week\", recognizing the important role of the National FFA Organization in developing the next generation of globally conscious leaders who will change the world, and celebrating the 10th anniversary of the \"Give the Gift of Blue\" program, which has donated more than 17,000 of the iconic FFA jackets to FFA members in need.",
            "type": "HRES",
            "url": "https://api.congress.gov/v3/bill/118/hres/1015?format=json"
        },
        {
            "congress": 118,
            "introducedDate": "2024-01-29",
            "latestAction": {
                "actionDate": "2024-02-23",
                "text": "Placed on the Union Calendar, Calendar No. 327."
            },
            "number": "7104",
            "policyArea": {
                "name": "Commerce"
            },
            "title": "National SBDC Advisory Board Improvement Act",
            "type": "HR",
            "url": "https://api.congress.gov/v3/bill/118/hr/7104?format=json"
        },
        {
            "congress": 118,
            "introducedDate": "2024-01-18",
            "latestAction": {
                "actionDate": "2024-01-18",
                "text": "Referred to the House Committee on the Judiciary."
            },
            "number": "7042",
            "policyArea": {
                "name": "Crime and Law Enforcement"
            },
            "title": "RIFLE Act of 2024",
            "type": "HR",
            "url": "https://api.congress.gov/v3/bill/118/hr/7042?format=json"
        },
        {
            "congress": 118,
            "introducedDate": "2024-01-16",
            "latestAction": {
                "actionDate": "2024-01-16",
                "text": "Referred to the House Committee on Small Business."
            },
            "number": "6998",
            "policyArea": {
                "name": "Commerce"
            },
            "title": "FAITH in Small Business Act",
            "type": "HR",
            "url": "https://api.congress.gov/v3/bill/118/hr/6998?format=json"
        },
        {
            "congress": 118,
            "introducedDate": "2023-11-28",
            "latestAction": {
                "actionDate": "2023-11-28",
                "text": "Referred to the House Committee on House Administration."
            },
            "number": "79",
            "policyArea": {
                "name": "Congress"
            },
            "title": "Authorizing the use of the rotunda of the Capitol for the National Prayer Breakfast.",
            "type": "HCONRES",
            "url": "https://api.congress.gov/v3/bill/118/hconres/79?format=json"
        },
        {
            "congress": 118,
            "introducedDate": "2023-11-17",
            "latestAction": {
                "actionDate": "2023-11-20",
                "text": "Referred to the Subcommittee on Aviation."
            },
            "number": "6448",
            "policyArea": {
                "name": "Transportation and Public Works"
            },
            "title": "To require the Administrator of the Federal Aviation Administration to conduct a study to compare the effects of allowing certain aircraft certified under part 23 of title 14, Code of Federal Regulations, to operate under part 121 of such title, and for other purposes.",
            "type": "HR",
            "url": "https://api.congress.gov/v3/bill/118/hr/6448?format=json"
        },
        {
            "congress": 118,
            "introducedDate": "2023-09-29",
            "latestAction": {
                "actionDate": "2023-10-06",
                "text": "Referred to the Subcommittee on Health."
            },
            "number": "5850",
            "policyArea": {
                "name": "Health"
            },
            "title": "To nullify modifications made by the Food and Drug Administration on January 3, 2023, to the risk evaluation and mitigation strategy under section 505-1 of the Federal Food, Drug, and Cosmetic Act (21 U.S.C. 355-1) for mifepristone, and for other purposes.",
            "type": "HR",
            "url": "https://api.congress.gov/v3/bill/118/hr/5850?format=json"
        },
        {
            "congress": 118,
            "introducedDate": "2023-09-21",
            "latestAction": {
                "actionDate": "2024-01-11",
                "text": "Referred to the Subcommittee on Conservation, Research, and Biotechnology."
            },
            "number": "716",
            "policyArea": {
                "name": "Agriculture and Food"
            },
            "title": "Recognizing September 21, 2023, as National Teach Ag Day and celebrating 75 years of the National Association of Agricultural Educators.",
            "type": "HRES",
            "url": "https://api.congress.gov/v3/bill/118/hres/716?format=json"
        },
        {
            "congress": 118,
            "introducedDate": "2023-06-22",
            "latestAction": {
                "actionDate": "2023-06-22",
                "text": "Referred to the Committee on Agriculture, and in addition to the Committee on Foreign Affairs, for a period to be subsequently determined by the Speaker, in each case for consideration of such provisions as fall within the jurisdiction of the committee concerned."
            },
            "number": "4293",
            "policyArea": {
                "name": "International Affairs"
            },
            "title": "American Farmers Feed the World Act of 2023",
            "type": "HR",
            "url": "https://api.congress.gov/v3/bill/118/hr/4293?format=json"
        },
        {
            "congress": 118,
            "introducedDate": "2023-02-07",
            "latestAction": {
                "actionDate": "2023-06-05",
                "text": "Placed on the Union Calendar, Calendar No. 71."
            },
            "number": "29",
            "policyArea": {
                "name": "Animals"
            },
            "title": "Providing for congressional disapproval under chapter 8 of title 5, United States Code, of the rule submitted by the United States Fish and Wildlife Service relating to \"Endangered and Threatened Wildlife and Plants; Lesser Prairie-Chicken; Threatened Status With Section 4(d) Rule for the Northern Distinct Population Segment and Endangered Status for the Southern Distinct Population Segment\".",
            "type": "HJRES",
            "url": "https://api.congress.gov/v3/bill/118/hjres/29?format=json"
        },
        {
            "congress": 118,
            "introducedDate": "2023-05-26",
            "latestAction": {
                "actionDate": "2023-06-02",
                "text": "Referred to the Subcommittee on Health."
            },
            "number": "3741",
            "policyArea": {
                "name": "Health"
            },
            "title": "To amend title X of the Public Health Service Act to prohibit funds under such title from being used for any system through which counseling or referrals are provided to individuals regarding abortion services.",
            "type": "HR",
            "url": "https://api.congress.gov/v3/bill/118/hr/3741?format=json"
        },
        {
            "congress": 118,
            "introducedDate": "2023-03-21",
            "latestAction": {
                "actionDate": "2023-03-23",
                "text": "Sponsor introductory remarks on measure. (CR H1332)"
            },
            "number": "237",
            "policyArea": {
                "name": "Taxation"
            },
            "title": "Recognizing the importance of stepped-up basis under section 1014 of the Internal Revenue Code of 1986 in preserving family-owned farms and small businesses.",
            "type": "HRES",
            "url": "https://api.congress.gov/v3/bill/118/hres/237?format=json"
        },
        {
            "congress": 118,
            "introducedDate": "2023-03-01",
            "latestAction": {
                "actionDate": "2023-03-01",
                "text": "Referred to the Committee on Education and the Workforce, and in addition to the Committee on the Judiciary, for a period to be subsequently determined by the Speaker, in each case for consideration of such provisions as fall within the jurisdiction of the committee concerned."
            },
            "number": "1310",
            "policyArea": {
                "name": "Government Operations and Politics"
            },
            "title": "SHARE Act",
            "type": "HR",
            "url": "https://api.congress.gov/v3/bill/118/hr/1310?format=json"
        },
        {
            "congress": 118,
            "introducedDate": "2023-02-28",
            "latestAction": {
                "actionDate": "2023-02-28",
                "text": "Referred to the House Committee on Education and the Workforce."
            },
            "number": "1250",
            "policyArea": {
                "name": "Education"
            },
            "title": "Family Farm and Small Business Exemption Act",
            "type": "HR",
            "url": "https://api.congress.gov/v3/bill/118/hr/1250?format=json"
        },
        {
            "congress": 118,
            "introducedDate": "2023-02-21",
            "latestAction": {
                "actionDate": "2023-03-02",
                "text": "Referred to the Subcommittee on Conservation, Research, and Biotechnology."
            },
            "number": "147",
            "policyArea": {
                "name": "Agriculture and Food"
            },
            "title": "Expressing support for the designation of February 18 through February 25, 2023, as \"National FFA Week\", recognizing the important role of the National FFA Organization in developing the next generation of globally conscious leaders who will change the world, and celebrating the 90th anniversary of the iconic FFA jacket.",
            "type": "HRES",
            "url": "https://api.congress.gov/v3/bill/118/hres/147?format=json"
        },
        {
            "congress": 118,
            "introducedDate": "2023-01-09",
            "latestAction": {
                "actionDate": "2023-01-09",
                "text": "Referred to the House Committee on Agriculture."
            },
            "number": "179",
            "policyArea": {
                "name": "Agriculture and Food"
            },
            "title": "To promote accountability and transparency in future executive orders.",
            "type": "HR",
            "url": "https://api.congress.gov/v3/bill/118/hr/179?format=json"
        },
        {
            "congress": 118,
            "introducedDate": "2023-01-09",
            "latestAction": {
                "actionDate": "2023-01-09",
                "text": "Referred to the House Committee on Energy and Commerce."
            },
            "number": "181",
            "policyArea": {
                "name": "Health"
            },
            "title": "To promote accountability and transparency in future executive orders.",
            "type": "HR",
            "url": "https://api.congress.gov/v3/bill/118/hr/181?format=json"
        },
        {
            "congress": 118,
            "introducedDate": "2023-01-09",
            "latestAction": {
                "actionDate": "2023-01-09",
                "text": "Referred to the House Committee on the Judiciary."
            },
            "number": "182",
            "policyArea": {
                "name": "Civil Rights and Liberties, Minority Issues"
            },
            "title": "To promote accountability and transparency in future executive orders.",
            "type": "HR",
            "url": "https://api.congress.gov/v3/bill/118/hr/182?format=json"
        },
        {
            "congress": 118,
            "introducedDate": "2023-01-09",
            "latestAction": {
                "actionDate": "2023-01-09",
                "text": "Referred to the House Committee on the Judiciary."
            },
            "number": "183",
            "policyArea": {
                "name": "Immigration"
            },
            "title": "To promote accountability and transparency in future executive orders.",
            "type": "HR",
            "url": "https://api.congress.gov/v3/bill/118/hr/183?format=json"
        },
        {
            "congress": 118,
            "introducedDate": "2023-01-09",
            "latestAction": {
                "actionDate": "2023-01-09",
                "text": "Referred to the House Committee on Natural Resources."
            },
            "number": "184",
            "policyArea": {
                "name": "Environmental Protection"
            },
            "title": "To promote accountability and transparency in future executive orders.",
            "type": "HR",
            "url": "https://api.congress.gov/v3/bill/118/hr/184?format=json"
        },
        {
            "congress": 118,
            "introducedDate": "2023-01-09",
            "latestAction": {
                "actionDate": "2023-01-20",
                "text": "Referred to the Subcommittee on Energy, Climate and Grid Security."
            },
            "number": "180",
            "policyArea": {
                "name": "Energy"
            },
            "title": "To promote accountability and transparency in future executive orders.",
            "type": "HR",
            "url": "https://api.congress.gov/v3/bill/118/hr/180?format=json"
        },
        {
            "congress": 117,
            "introducedDate": "2022-12-21",
            "latestAction": {
                "actionDate": "2022-12-21",
                "text": "Referred to the House Committee on Natural Resources."
            },
            "number": "105",
            "policyArea": {
                "name": "Public Lands and Natural Resources"
            },
            "title": "Providing for congressional disapproval under chapter 8 of title 5, United States Code, of the rule submitted by the United States Fish and Wildlife Service relating to \"Endangered and Threatened Wildlife and Plants; Lesser Prairie-Chicken; Threatened Status With Section 4(d) Rule for the Northern Distinct Population Segment and Endangered Status for the Southern Distinct Population Segment\".",
            "type": "HJRES",
            "url": "https://api.congress.gov/v3/bill/117/hjres/105?format=json"
        },
        {
            "congress": 117,
            "introducedDate": "2022-11-29",
            "latestAction": {
                "actionDate": "2022-11-29",
                "text": "Referred to the House Committee on Natural Resources."
            },
            "number": "9357",
            "policyArea": {
                "name": "Environmental Protection"
            },
            "title": "To amend the Endangered Species Act of 1973 to require congressional approval of certain actions, and for other purposes.",
            "type": "HR",
            "url": "https://api.congress.gov/v3/bill/117/hr/9357?format=json"
        },
        {
            "congress": 117,
            "introducedDate": "2022-11-16",
            "latestAction": {
                "actionDate": "2022-11-16",
                "text": "Referred to the Committee on Education and Labor, and in addition to the Committee on the Judiciary, for a period to be subsequently determined by the Speaker, in each case for consideration of such provisions as fall within the jurisdiction of the committee concerned."
            },
            "number": "9306",
            "policyArea": {
                "name": "Government Operations and Politics"
            },
            "title": "States Handling Access to Reciprocity for Employment Act",
            "type": "HR",
            "url": "https://api.congress.gov/v3/bill/117/hr/9306?format=json"
        },
        {
            "congress": 117,
            "introducedDate": "2022-09-30",
            "latestAction": {
                "actionDate": "2022-10-24",
                "text": "Referred to the Subcommittee on Technology Modernization."
            },
            "number": "9091",
            "policyArea": {
                "name": "Armed Forces and National Security"
            },
            "title": "VA Supply Chain Management System Authorization Act",
            "type": "HR",
            "url": "https://api.congress.gov/v3/bill/117/hr/9091?format=json"
        },
        {
            "congress": 117,
            "introducedDate": "2022-03-30",
            "latestAction": {
                "actionDate": "2022-03-30",
                "text": "Referred to the House Committee on Ways and Means."
            },
            "number": "1015",
            "policyArea": {
                "name": "Taxation"
            },
            "title": "Recognizing the importance of stepped-up basis under section 1014 of the Internal Revenue Code of 1986 in preserving family-owned farms and small businesses.",
            "type": "HRES",
            "url": "https://api.congress.gov/v3/bill/117/hres/1015?format=json"
        },
        {
            "congress": 117,
            "introducedDate": "2022-03-09",
            "latestAction": {
                "actionDate": "2022-03-09",
                "text": "Referred to the House Committee on Ways and Means."
            },
            "number": "7010",
            "policyArea": {
                "name": "Foreign Trade and International Finance"
            },
            "title": "Emergency Relief from Duties Act",
            "type": "HR",
            "url": "https://api.congress.gov/v3/bill/117/hr/7010?format=json"
        },
        {
            "congress": 117,
            "introducedDate": "2022-03-09",
            "latestAction": {
                "actionDate": "2022-03-14",
                "text": "Referred to the Subcommittee on Energy and Mineral Resources."
            },
            "number": "7009",
            "policyArea": {
                "name": "Energy"
            },
            "title": "Use Stocks, Stop Russia Act of 2022",
            "type": "HR",
            "url": "https://api.congress.gov/v3/bill/117/hr/7009?format=json"
        },
        {
            "congress": 117,
            "introducedDate": "2022-02-18",
            "latestAction": {
                "actionDate": "2022-02-24",
                "text": "Referred to the Subcommittee on Biotechnology, Horticulture, and Research."
            },
            "number": "932",
            "policyArea": {
                "name": "Agriculture and Food"
            },
            "title": "Expressing support for the designation of February 19 through February 26, 2022, as \"National FFA Week\", recognizing the important role of the National Future Farmers of America (referred to in this resolution as \"FFA\") Organization in developing the next generation of leaders who will change the world, and celebrating 70 years of the National FFA Organization's membership magazine, The National Future Farmer, now called New Horizons.",
            "type": "HRES",
            "url": "https://api.congress.gov/v3/bill/117/hres/932?format=json"
        },
        {
            "congress": 117,
            "introducedDate": "2022-02-08",
            "latestAction": {
                "actionDate": "2022-03-30",
                "text": "Subcommittee Hearings Held."
            },
            "number": "6638",
            "policyArea": {
                "name": "Armed Forces and National Security"
            },
            "title": "To amend title 38, United States Code, to make certain improvements to the Office of Accountability and Whistleblower Protection of the Department of Veterans Affairs, and for other purposes.",
            "type": "HR",
            "url": "https://api.congress.gov/v3/bill/117/hr/6638?format=json"
        },
        {
            "congress": 117,
            "introducedDate": "2021-12-08",
            "latestAction": {
                "actionDate": "2022-04-06",
                "text": "Ordered to be Reported by Unanimous Consent."
            },
            "number": "6175",
            "policyArea": {
                "name": "Government Operations and Politics"
            },
            "title": "To designate the facility of the United States Postal Service located at 135 West Wisconsin Street in Russell, Kansas, as the \"Robert J. Dole Memorial Post Office Building\".",
            "type": "HR",
            "url": "https://api.congress.gov/v3/bill/117/hr/6175?format=json"
        },
        {
            "congress": 117,
            "introducedDate": "2021-12-07",
            "latestAction": {
                "actionDate": "2021-12-07",
                "text": "Referred to the House Committee on Financial Services."
            },
            "number": "6145",
            "policyArea": {
                "name": "Finance and Financial Sector"
            },
            "title": "Community Bank Relief Act of 2021",
            "type": "HR",
            "url": "https://api.congress.gov/v3/bill/117/hr/6145?format=json"
        },
        {
            "congress": 117,
            "introducedDate": "2021-11-03",
            "latestAction": {
                "actionDate": "2021-11-04",
                "text": "Referred to the Subcommittee on Highways and Transit."
            },
            "number": "5846",
            "policyArea": {
                "name": "Transportation and Public Works"
            },
            "title": "Truckers Responding At National Shipping Ports Overcoming Retail Turmoil Act",
            "type": "HR",
            "url": "https://api.congress.gov/v3/bill/117/hr/5846?format=json"
        },
        {
            "congress": 117,
            "introducedDate": "2021-10-28",
            "latestAction": {
                "actionDate": "2021-12-07",
                "text": "Referred to the Subcommittee on Economic Opportunity."
            },
            "number": "5783",
            "policyArea": {
                "name": "Armed Forces and National Security"
            },
            "title": "Reaching Every Homeless Veteran Act of 2021",
            "type": "HR",
            "url": "https://api.congress.gov/v3/bill/117/hr/5783?format=json"
        },
        {
            "congress": 117,
            "introducedDate": "2021-09-28",
            "latestAction": {
                "actionDate": "2021-09-28",
                "text": "Referred to the House Committee on Education and Labor."
            },
            "number": "5391",
            "policyArea": {
                "name": "Labor and Employment"
            },
            "title": "To amend the Occupational Safety and Health Act of 1970 to prohibit emergency temporary standards with respect to vaccines, and for other purposes.",
            "type": "HR",
            "url": "https://api.congress.gov/v3/bill/117/hr/5391?format=json"
        },
        {
            "congress": 117,
            "introducedDate": "2021-05-18",
            "latestAction": {
                "actionDate": "2021-07-01",
                "text": "Referred to the Subcommittee on Conservation and Forestry."
            },
            "number": "3314",
            "policyArea": {
                "name": "Public Lands and Natural Resources"
            },
            "title": "No Land Grab Act of 2021",
            "type": "HR",
            "url": "https://api.congress.gov/v3/bill/117/hr/3314?format=json"
        },
        {
            "congress": 117,
            "introducedDate": "2021-04-08",
            "latestAction": {
                "actionDate": "2021-05-04",
                "text": "Ordered to be Reported by the Yeas and Nays: 22 - 6."
            },
            "number": "2419",
            "policyArea": {
                "name": "Armed Forces and National Security"
            },
            "title": "Affordable Housing for Homeless Veterans Act of 2021",
            "type": "HR",
            "url": "https://api.congress.gov/v3/bill/117/hr/2419?format=json"
        },
        {
            "congress": 117,
            "introducedDate": "2021-03-18",
            "latestAction": {
                "actionDate": "2022-03-10",
                "text": "Became Public Law No: 117-91."
            },
            "number": "2044",
            "policyArea": {
                "name": "Government Operations and Politics"
            },
            "title": "To designate the facility of the United States Postal Service located at 17 East Main Street in Herington, Kansas, as the Captain Emil J. Kapaun Post Office Building.",
            "type": "HR",
            "url": "https://api.congress.gov/v3/bill/117/hr/2044?format=json"
        },
        {
            "congress": 117,
            "introducedDate": "2021-03-10",
            "latestAction": {
                "actionDate": "2021-05-18",
                "text": "Referred to the Subcommittee on Crime, Terrorism, and Homeland Security."
            },
            "number": "1758",
            "policyArea": {
                "name": "Taxation"
            },
            "title": "Home Defense and Competitive Shooting Act of 2021",
            "type": "HR",
            "url": "https://api.congress.gov/v3/bill/117/hr/1758?format=json"
        },
        {
            "congress": 117,
            "introducedDate": "2021-03-09",
            "latestAction": {
                "actionDate": "2021-03-09",
                "text": "Referred to the House Committee on Armed Services."
            },
            "number": "205",
            "policyArea": {
                "name": "Armed Forces and National Security"
            },
            "title": "Honoring Army Chaplain Emil J. Kapaun.",
            "type": "HRES",
            "url": "https://api.congress.gov/v3/bill/117/hres/205?format=json"
        },
        {
            "congress": 117,
            "introducedDate": "2021-02-23",
            "latestAction": {
                "actionDate": "2021-03-09",
                "text": "Referred to the Subcommittee on Biotechnology, Horticulture, and Research."
            },
            "number": "150",
            "policyArea": {
                "name": "Agriculture and Food"
            },
            "title": "Expressing support for the designation of February 20 to February 27, 2021, as \"National FFA Week\", recognizing the important role of the National FFA (FFA) Organization in developing the next generation of leaders who will change the world, and celebrating 50 years of National FFA Alumni and Supporters.",
            "type": "HRES",
            "url": "https://api.congress.gov/v3/bill/117/hres/150?format=json"
        },
        {
            "congress": 117,
            "introducedDate": "2021-02-02",
            "latestAction": {
                "actionDate": "2021-03-22",
                "text": "Referred to the Subcommittee on Immigration and Citizenship."
            },
            "number": "717",
            "policyArea": {
                "name": "Immigration"
            },
            "title": "To promote accountability and transparency in future executive orders.",
            "type": "HR",
            "url": "https://api.congress.gov/v3/bill/117/hr/717?format=json"
        },
        {
            "congress": 117,
            "introducedDate": "2021-02-02",
            "latestAction": {
                "actionDate": "2021-02-02",
                "text": "Referred to the House Committee on Agriculture."
            },
            "number": "713",
            "policyArea": {
                "name": "Agriculture and Food"
            },
            "title": "To promote accountability and transparency in future executive orders.",
            "type": "HR",
            "url": "https://api.congress.gov/v3/bill/117/hr/713?format=json"
        },
        {
            "congress": 117,
            "introducedDate": "2021-02-02",
            "latestAction": {
                "actionDate": "2021-02-03",
                "text": "Referred to the Subcommittee on Energy."
            },
            "number": "715",
            "policyArea": {
                "name": "Energy"
            },
            "title": "To promote accountability and transparency in future executive orders.",
            "type": "HR",
            "url": "https://api.congress.gov/v3/bill/117/hr/715?format=json"
        },
        {
            "congress": 117,
            "introducedDate": "2021-02-02",
            "latestAction": {
                "actionDate": "2021-02-04",
                "text": "Sponsor introductory remarks on measure. (CR H333-334, H370)"
            },
            "number": "718",
            "policyArea": {
                "name": "Environmental Protection"
            },
            "title": "To promote accountability and transparency in future executive orders.",
            "type": "HR",
            "url": "https://api.congress.gov/v3/bill/117/hr/718?format=json"
        },
        {
            "congress": 117,
            "introducedDate": "2021-02-02",
            "latestAction": {
                "actionDate": "2021-02-03",
                "text": "Referred to the Subcommittee on Health."
            },
            "number": "714",
            "policyArea": {
                "name": "Health"
            },
            "title": "To promote accountability and transparency in future executive orders.",
            "type": "HR",
            "url": "https://api.congress.gov/v3/bill/117/hr/714?format=json"
        },
        {
            "congress": 117,
            "introducedDate": "2021-02-02",
            "latestAction": {
                "actionDate": "2021-03-22",
                "text": "Referred to the Subcommittee on the Constitution, Civil Rights, and Civil Liberties."
            },
            "number": "716",
            "policyArea": {
                "name": "Crime and Law Enforcement"
            },
            "title": "To promote accountability and transparency in future executive orders.",
            "type": "HR",
            "url": "https://api.congress.gov/v3/bill/117/hr/716?format=json"
        }
    ]
}