{
    "pagination": {
        "count": 117
    },
    "request": {
        "bioguideId": "s000364",
        "contentType": "application/json",
        "format": "json"
    },
    "sponsoredLegislation": [
        {
            "congress": 116,
            "introducedDate": "2020-05-05",
            "latestAction": {
                "actionDate": "2020-05-05",
                "text": "Referred to the House Committee on Transportation and Infrastructure."
            },
            "number": "6730",
            "policyArea": {
                "name": "Water Resources Development"
            },
            "title": "To authorize the Secretary of the Army, acting through the Chief of Engineers, to convey certain property to the Massac-Metropolis Port District, and for other purposes.",
            "type": "HR",
            "url": "https://api.congress.gov/v3/bill/116/hr/6730?format=json"
        },
        {
            "congress": 116,
            "introducedDate": "2020-04-10",
            "latestAction": {
                "actionDate": "2020-04-10",
                "text": "Referred to the Committee on Energy and Commerce, and in addition to the Committee on Natural Resources, for a period to be subsequently determined by the Speaker, in each case for consideration of such provisions as fall within the jurisdiction of the committee concerned."
            },
            "number": "6488",
            "policyArea": {
                "name": "Science, Technology, Communications"
            },
            "title": "Streamlining Permitting to Enable Efficient Deployment of Broadband Infrastructure Act of 2020",
            "type": "HR",
            "url": "https://api.congress.gov/v3/bill/116/hr/6488?format=json"
        },
        {
            "congress": 116,
            "introducedDate": "2020-03-09",
            "latestAction": {
                "actionDate": "2020-04-03",
                "text": "Referred to the Subcommittee on Europe, Eurasia, Energy and the Environment."
            },
            "number": "889",
            "policyArea": {
                "name": "International Affairs"
            },
            "title": "Recognizing the Baltic States of Estonia, Latvia, and Lithuania on the 30th anniversary of the restoration of their independence.",
            "type": "HRES",
            "url": "https://api.congress.gov/v3/bill/116/hres/889?format=json"
        },
        {
            "congress": 116,
            "introducedDate": "2019-04-09",
            "latestAction": {
                "actionDate": "2019-04-09",
                "text": "Referred to the House Committee on Oversight and Reform."
            },
            "number": "300",
            "policyArea": {
                "name": "International Affairs"
            },
            "title": "Expressing support for the designation of August 23, 2019, as Black Ribbon Day to recognize the victims of Soviet and Nazi regimes.",
            "type": "HRES",
            "url": "https://api.congress.gov/v3/bill/116/hres/300?format=json"
        },
        {
            "amendmentNumber": "674",
            "congress": 113,
            "introducedDate": "2014-05-21",
            "latestAction": {
                "actionDate": "2014-05-22",
                "actionTime": "11:18:06",
                "text": "On agreeing to the Shimkus amendment (A011) Agreed to by recorded vote: 245 - 177 (Roll no. 232). (consideration: CR H4805)"
            },
            "type": null,
            "url": "https://api.congress.gov/v3/amendment/113/hamdt/674?format=json"
        },
        {
            "congress": 113,
            "introducedDate": "2014-03-27",
            "latestAction": {
                "actionDate": "2014-12-23",
                "text": "Placed on the Union Calendar, Calendar No. 546."
            },
            "number": "4342",
            "policyArea": {
                "name": "Science, Technology, Communications"
            },
            "title": "DOTCOM Act of 2014",
            "type": "HR",
            "url": "https://api.congress.gov/v3/bill/113/hr/4342?format=json"
        },
        {
            "congress": 113,
            "introducedDate": "2013-04-09",
            "latestAction": {
                "actionDate": "2013-08-02",
                "text": "Placed on the Union Calendar, Calendar No. 135."
            },
            "number": "1407",
            "policyArea": {
                "name": "Health"
            },
            "title": "Animal Drug User Fee Amendments of 2013",
            "type": "HR",
            "url": "https://api.congress.gov/v3/bill/113/hr/1407?format=json"
        },
        {
            "congress": 113,
            "introducedDate": "2013-03-19",
            "latestAction": {
                "actionDate": "2013-03-22",
                "text": "Referred to the Subcommittee on Health."
            },
            "number": "1252",
            "policyArea": {
                "name": "Health"
            },
            "title": "Physical Therapist Workforce and Patient Access Act of 2013",
            "type": "HR",
            "url": "https://api.congress.gov/v3/bill/113/hr/1252?format=json"
        },
        {
            "congress": 113,
            "introducedDate": "2013-03-15",
            "latestAction": {
                "actionDate": "2013-04-15",
                "text": "Referred to the Subcommittee on the Constitution And Civil Justice."
            },
            "number": "1214",
            "policyArea": {
                "name": "Environmental Protection"
            },
            "title": "Domestic Fuels Protection Act of 2013",
            "type": "HR",
            "url": "https://api.congress.gov/v3/bill/113/hr/1214?format=json"
        },
        {
            "congress": 113,
            "introducedDate": "2014-03-06",
            "latestAction": {
                "actionDate": "2014-03-06",
                "text": "Referred to the House Committee on Oversight and Government Reform."
            },
            "number": "509",
            "policyArea": {
                "name": "International Affairs"
            },
            "title": "Expressing support for designation of August 23 as \"Black Ribbon Day\" to recognize the victims of Soviet Communist and Nazi regimes.",
            "type": "HRES",
            "url": "https://api.congress.gov/v3/bill/113/hres/509?format=json"
        },
        {
            "congress": 113,
            "introducedDate": "2013-07-16",
            "latestAction": {
                "actionDate": "2013-07-16",
                "text": "Referred to the House Committee on Oversight and Government Reform."
            },
            "number": "302",
            "policyArea": {
                "name": "International Affairs"
            },
            "title": "Expressing support for designation of August 23 as \"Black Ribbon Day\" to recognize the victims of Soviet Communist and Nazi regimes.",
            "type": "HRES",
            "url": "https://api.congress.gov/v3/bill/113/hres/302?format=json"
        },
        {
            "amendmentNumber": "1188",
            "congress": 112,
            "introducedDate": "2012-06-05",
            "latestAction": {
                "actionDate": "2012-06-06",
                "actionTime": "13:54:12",
                "text": "On agreeing to the Shimkus amendment (A019) Agreed to by recorded vote: 326 - 81 (Roll no. 321). (consideration: CR H3496-3497)"
            },
            "type": null,
            "url": "https://api.congress.gov/v3/amendment/112/hamdt/1188?format=json"
        },
        {
            "amendmentNumber": "837",
            "congress": 112,
            "introducedDate": "2011-10-14",
            "latestAction": {
                "actionDate": "2011-10-14",
                "actionTime": "12:08:27",
                "text": "On agreeing to the Shimkus amendment (A001) Agreed to by voice vote. "
            },
            "type": null,
            "url": "https://api.congress.gov/v3/amendment/112/hamdt/837?format=json"
        },
        {
            "amendmentNumber": "649",
            "congress": 112,
            "introducedDate": "2011-07-13",
            "latestAction": {
                "actionDate": "2011-07-14",
                "actionTime": "15:07:32",
                "text": "On agreeing to the Shimkus amendment (A046) Agreed to by recorded vote: 297 - 130 (Roll no. 581). (consideration: CR H5049)"
            },
            "type": null,
            "url": "https://api.congress.gov/v3/amendment/112/hamdt/649?format=json"
        },
        {
            "congress": 112,
            "introducedDate": "2012-09-21",
            "latestAction": {
                "actionDate": "2012-09-21",
                "text": "Referred to the House Committee on Education and the Workforce."
            },
            "number": "6547",
            "policyArea": {
                "name": "Labor and Employment"
            },
            "title": "To amend the Federal Mine Safety and Health Act of 1977 to require greater experience of mine safety inspectors under that Act.",
            "type": "HR",
            "url": "https://api.congress.gov/v3/bill/112/hr/6547?format=json"
        },
        {
            "congress": 112,
            "introducedDate": "2012-03-30",
            "latestAction": {
                "actionDate": "2012-04-16",
                "text": "Referred to the Subcommittee on Courts, Commercial and Administrative Law."
            },
            "number": "4345",
            "policyArea": {
                "name": "Environmental Protection"
            },
            "title": "Domestic Fuels Protection Act of 2012",
            "type": "HR",
            "url": "https://api.congress.gov/v3/bill/112/hr/4345?format=json"
        },
        {
            "congress": 112,
            "introducedDate": "2011-11-04",
            "latestAction": {
                "actionDate": "2011-11-10",
                "text": "Referred to the Subcommittee on Trade."
            },
            "number": "3395",
            "policyArea": {
                "name": "Commerce"
            },
            "title": "Concrete Masonry Products Research, Education, and Promotion Act of 2011",
            "type": "HR",
            "url": "https://api.congress.gov/v3/bill/112/hr/3395?format=json"
        },
        {
            "congress": 112,
            "introducedDate": "2011-10-14",
            "latestAction": {
                "actionDate": "2011-10-18",
                "text": "Referred to the Subcommittee on Health."
            },
            "number": "3208",
            "policyArea": {
                "name": "Health"
            },
            "title": "Patients Come First Act of 2011",
            "type": "HR",
            "url": "https://api.congress.gov/v3/bill/112/hr/3208?format=json"
        },
        {
            "congress": 112,
            "introducedDate": "2011-10-14",
            "latestAction": {
                "actionDate": "2011-10-18",
                "text": "Referred to the Subcommittee on Health."
            },
            "number": "3209",
            "policyArea": {
                "name": "Health"
            },
            "title": "Premarket Predictability Act of 2011",
            "type": "HR",
            "url": "https://api.congress.gov/v3/bill/112/hr/3209?format=json"
        },
        {
            "congress": 112,
            "introducedDate": "2011-07-22",
            "latestAction": {
                "actionDate": "2011-08-01",
                "text": "Referred to the Subcommittee on Communications and Technology."
            },
            "number": "2629",
            "policyArea": {
                "name": "Science, Technology, Communications"
            },
            "title": "Next Generation 9-1-1 Advancement Act of 2011",
            "type": "HR",
            "url": "https://api.congress.gov/v3/bill/112/hr/2629?format=json"
        },
        {
            "congress": 112,
            "introducedDate": "2011-05-03",
            "latestAction": {
                "actionDate": "2011-05-13",
                "text": "Referred to the Subcommittee on Federal Workforce, U.S. Postal Service, and Labor Policy     ."
            },
            "number": "1686",
            "policyArea": {
                "name": "Government Operations and Politics"
            },
            "title": "To designate the facility of the United States Postal Service located at 200 South Morgan Street in Shelbyville, Illinois, as the \"Jesse M. Donaldson Post Office\".",
            "type": "HR",
            "url": "https://api.congress.gov/v3/bill/112/hr/1686?format=json"
        },
        {
            "congress": 112,
            "introducedDate": "2011-05-03",
            "latestAction": {
                "actionDate": "2011-05-06",
                "text": "Referred to the Subcommittee on Energy and Power."
            },
            "number": "1687",
            "policyArea": {
                "name": "Transportation and Public Works"
            },
            "title": "Open Fuel Standard Act of 2011",
            "type": "HR",
            "url": "https://api.congress.gov/v3/bill/112/hr/1687?format=json"
        },
        {
            "congress": 112,
            "introducedDate": "2011-04-12",
            "latestAction": {
                "actionDate": "2011-04-18",
                "text": "Referred to the Subcommittee on Energy and Power."
            },
            "number": "1499",
            "policyArea": {
                "name": "Energy"
            },
            "title": "SDHV Energy Efficiency Standards for America Act of 2011",
            "type": "HR",
            "url": "https://api.congress.gov/v3/bill/112/hr/1499?format=json"
        },
        {
            "congress": 115,
            "introducedDate": "2018-06-28",
            "latestAction": {
                "actionDate": "2018-06-28",
                "text": "Referred to the House Committee on Energy and Commerce."
            },
            "number": "6294",
            "policyArea": {
                "name": "Health"
            },
            "title": "REVAMP Act",
            "type": "HR",
            "url": "https://api.congress.gov/v3/bill/115/hr/6294?format=json"
        },
        {
            "congress": 115,
            "introducedDate": "2018-05-15",
            "latestAction": {
                "actionDate": "2018-06-13",
                "text": "Placed on the Union Calendar, Calendar No. 585."
            },
            "number": "5804",
            "policyArea": {
                "name": "Health"
            },
            "title": "Post-Surgical Injections as an Opioid Alternative Act",
            "type": "HR",
            "url": "https://api.congress.gov/v3/bill/115/hr/5804?format=json"
        },
        {
            "congress": 115,
            "introducedDate": "2018-01-18",
            "latestAction": {
                "actionDate": "2018-01-23",
                "text": "Referred to the Subcommittee on Federal Lands."
            },
            "number": "4842",
            "policyArea": {
                "name": "Science, Technology, Communications"
            },
            "title": "Streamlining Permitting to Enable Efficient Deployment of Broadband Infrastructure Act of 2018",
            "type": "HR",
            "url": "https://api.congress.gov/v3/bill/115/hr/4842?format=json"
        },
        {
            "congress": 115,
            "introducedDate": "2017-10-03",
            "latestAction": {
                "actionDate": "2017-10-06",
                "text": "Referred to the Subcommittee on Health."
            },
            "number": "3935",
            "policyArea": {
                "name": "Health"
            },
            "title": "BOOST Primary Care Act",
            "type": "HR",
            "url": "https://api.congress.gov/v3/bill/115/hr/3935?format=json"
        },
        {
            "congress": 115,
            "introducedDate": "2017-06-26",
            "latestAction": {
                "actionDate": "2018-05-14",
                "text": "Received in the Senate and Read twice and referred to the Committee on Environment and Public Works."
            },
            "number": "3053",
            "policyArea": {
                "name": "Energy"
            },
            "title": "Nuclear Waste Policy Amendments Act of 2018",
            "type": "HR",
            "url": "https://api.congress.gov/v3/bill/115/hr/3053?format=json"
        },
        {
            "congress": 115,
            "introducedDate": "2017-03-20",
            "latestAction": {
                "actionDate": "2017-03-24",
                "text": "Referred to the Subcommittee on Health."
            },
            "number": "1639",
            "policyArea": {
                "name": "Health"
            },
            "title": "Physical Therapist Workforce and Patient Access Act of 2017",
            "type": "HR",
            "url": "https://api.congress.gov/v3/bill/115/hr/1639?format=json"
        },
        {
            "amendmentNumber": "672",
            "congress": 114,
            "introducedDate": "2015-07-22",
            "latestAction": {
                "actionDate": "2015-07-22",
                "actionTime": "17:00:16",
                "text": "On agreeing to the Shimkus amendment (A001) Agreed to by voice vote. "
            },
            "type": null,
            "url": "https://api.congress.gov/v3/amendment/114/hamdt/672?format=json"
        },
        {
            "congress": 114,
            "introducedDate": "2015-07-28",
            "latestAction": {
                "actionDate": "2016-02-29",
                "text": "Became Public Law No: 114-129."
            },
            "number": "3262",
            "policyArea": {
                "name": "Armed Forces and National Security"
            },
            "title": "To provide for the conveyance of land of the Illiana Health Care System of the Department of Veterans Affairs in Danville, Illinois.",
            "type": "HR",
            "url": "https://api.congress.gov/v3/bill/114/hr/3262?format=json"
        },
        {
            "congress": 114,
            "introducedDate": "2015-06-03",
            "latestAction": {
                "actionDate": "2015-06-05",
                "text": "Referred to the Subcommittee on Health."
            },
            "number": "2629",
            "policyArea": {
                "name": "Health"
            },
            "title": "Antibiotic Development to Advance Patient Treatment Act",
            "type": "HR",
            "url": "https://api.congress.gov/v3/bill/114/hr/2629?format=json"
        },
        {
            "congress": 114,
            "introducedDate": "2015-05-19",
            "latestAction": {
                "actionDate": "2015-05-22",
                "text": "Referred to the Subcommittee on Health."
            },
            "number": "2423",
            "policyArea": {
                "name": "Health"
            },
            "title": "To amend the Federal Food, Drug, and Cosmetic Act with respect to valid scientific evidence.",
            "type": "HR",
            "url": "https://api.congress.gov/v3/bill/114/hr/2423?format=json"
        },
        {
            "congress": 114,
            "introducedDate": "2015-05-19",
            "latestAction": {
                "actionDate": "2015-05-22",
                "text": "Referred to the Subcommittee on Health."
            },
            "number": "2427",
            "policyArea": {
                "name": "Health"
            },
            "title": "To amend the Federal Food, Drug, and Cosmetic Act with respect to advisory committee process.",
            "type": "HR",
            "url": "https://api.congress.gov/v3/bill/114/hr/2427?format=json"
        },
        {
            "congress": 114,
            "introducedDate": "2015-05-19",
            "latestAction": {
                "actionDate": "2015-05-22",
                "text": "Referred to the Subcommittee on Health."
            },
            "number": "2426",
            "policyArea": {
                "name": "Health"
            },
            "title": "To amend the Federal Food, Drug, and Cosmetic Act with respect to easing regulatory burden with respect to certain class I and class II devices.",
            "type": "HR",
            "url": "https://api.congress.gov/v3/bill/114/hr/2426?format=json"
        },
        {
            "congress": 114,
            "introducedDate": "2015-05-19",
            "latestAction": {
                "actionDate": "2015-05-22",
                "text": "Referred to the Subcommittee on Health."
            },
            "number": "2425",
            "policyArea": {
                "name": "Health"
            },
            "title": "To amend the Federal Food, Drug, and Cosmetic Act with respect to the recognition of standards.",
            "type": "HR",
            "url": "https://api.congress.gov/v3/bill/114/hr/2425?format=json"
        },
        {
            "congress": 114,
            "introducedDate": "2015-05-19",
            "latestAction": {
                "actionDate": "2015-05-22",
                "text": "Referred to the Subcommittee on Health."
            },
            "number": "2422",
            "policyArea": {
                "name": "Health"
            },
            "title": "To amend the Federal Food, Drug, and Cosmetic Act with respect to third-party quality system assessment.",
            "type": "HR",
            "url": "https://api.congress.gov/v3/bill/114/hr/2422?format=json"
        },
        {
            "congress": 114,
            "introducedDate": "2015-05-14",
            "latestAction": {
                "actionDate": "2015-05-15",
                "text": "Referred to the Subcommittee on Health."
            },
            "number": "2342",
            "policyArea": {
                "name": "Health"
            },
            "title": "Physical Therapist Workforce and Patient Access Act of 2015",
            "type": "HR",
            "url": "https://api.congress.gov/v3/bill/114/hr/2342?format=json"
        },
        {
            "congress": 114,
            "introducedDate": "2015-04-29",
            "latestAction": {
                "actionDate": "2015-05-01",
                "text": "Referred to the Subcommittee on Health."
            },
            "number": "2119",
            "policyArea": {
                "name": "Health"
            },
            "title": "To amend title XI of the Social Security Act to require that State applications for State plan waivers under the Medicaid program be approved only if such applications are budget neutral, and for other purposes.",
            "type": "HR",
            "url": "https://api.congress.gov/v3/bill/114/hr/2119?format=json"
        },
        {
            "congress": 114,
            "introducedDate": "2015-02-05",
            "latestAction": {
                "actionDate": "2016-07-14",
                "text": "Read twice and referred to the Committee on Commerce, Science, and Transportation."
            },
            "number": "805",
            "policyArea": {
                "name": "Science, Technology, Communications"
            },
            "title": "Domain Openness Through Continued Oversight Matters Act of 2015",
            "type": "HR",
            "url": "https://api.congress.gov/v3/bill/114/hr/805?format=json"
        },
        {
            "congress": 109,
            "introducedDate": "2006-09-28",
            "latestAction": {
                "actionDate": "2006-10-04",
                "text": "Referred to the Subcommittee on Energy."
            },
            "number": "6249",
            "policyArea": {
                "name": "Energy"
            },
            "title": "To authorize the Secretary of Energy to make price floor loans to certain low-carbon coal-to-liquid fuel projects.",
            "type": "HR",
            "url": "https://api.congress.gov/v3/bill/109/hr/6249?format=json"
        },
        {
            "congress": 109,
            "introducedDate": "2006-07-13",
            "latestAction": {
                "actionDate": "2006-08-01",
                "text": "Referred to the Subcommittee on Telecommunications and the Internet."
            },
            "number": "5785",
            "policyArea": {
                "name": "Emergency Management"
            },
            "title": "Warning, Alert, and Response Network Act",
            "type": "HR",
            "url": "https://api.congress.gov/v3/bill/109/hr/5785?format=json"
        },
        {
            "congress": 109,
            "introducedDate": "2006-06-16",
            "latestAction": {
                "actionDate": "2006-06-28",
                "text": "Placed on the Union Calendar, Calendar No. 301."
            },
            "number": "5632",
            "policyArea": {
                "name": "Energy"
            },
            "title": "To amend Chapter 301 of title 49, United States Code, to establish a national tire fuel efficiency consumer information program, and for other purposes.",
            "type": "HR",
            "url": "https://api.congress.gov/v3/bill/109/hr/5632?format=json"
        },
        {
            "congress": 109,
            "introducedDate": "2006-06-08",
            "latestAction": {
                "actionDate": "2006-06-23",
                "text": "Referred to the Subcommittee on Telecommunications and the Internet."
            },
            "number": "5556",
            "policyArea": {
                "name": "Emergency Management"
            },
            "title": "Warning, Alert, and Response Network Act",
            "type": "HR",
            "url": "https://api.congress.gov/v3/bill/109/hr/5556?format=json"
        },
        {
            "congress": 109,
            "introducedDate": "2006-05-23",
            "latestAction": {
                "actionDate": "2006-05-23",
                "text": "Referred to the House Committee on Ways and Means."
            },
            "number": "5453",
            "policyArea": {
                "name": "Taxation"
            },
            "title": "To amend the Internal Revenue Code of 1986 to extend the excise tax credits for certain liquid fuel derived from coal.",
            "type": "HR",
            "url": "https://api.congress.gov/v3/bill/109/hr/5453?format=json"
        },
        {
            "congress": 109,
            "introducedDate": "2005-03-14",
            "latestAction": {
                "actionDate": "2006-03-20",
                "text": "Became Public Law No: 109-184."
            },
            "number": "1287",
            "policyArea": {
                "name": "Commemorations"
            },
            "title": "Designating the facility of the United States Postal Service located at 312 East North Avenue in Flora, Illinois, as the \"Robert T. Ferguson Post Office Building.\"",
            "type": "HR",
            "url": "https://api.congress.gov/v3/bill/109/hr/1287?format=json"
        },
        {
            "congress": 109,
            "introducedDate": "2005-03-08",
            "latestAction": {
                "actionDate": "2005-03-22",
                "text": "Referred to the Subcommittee on Health."
            },
            "number": "1175",
            "policyArea": {
                "name": "Health"
            },
            "title": "Medical Laboratory Personnel Shortage Act of 2005",
            "type": "HR",
            "url": "https://api.congress.gov/v3/bill/109/hr/1175?format=json"
        },
        {
            "congress": 109,
            "introducedDate": "2005-03-01",
            "latestAction": {
                "actionDate": "2005-05-16",
                "text": "Referred to the Subcommittee on Europe and Emerging Threats."
            },
            "number": "1026",
            "policyArea": {
                "name": "International Affairs"
            },
            "title": "Cross-Border Cooperation in Northern Europe Act of 2005",
            "type": "HR",
            "url": "https://api.congress.gov/v3/bill/109/hr/1026?format=json"
        },
        {
            "congress": 109,
            "introducedDate": "2005-02-15",
            "latestAction": {
                "actionDate": "2005-03-14",
                "text": "Referred to the Subcommittee on Health."
            },
            "number": "827",
            "policyArea": {
                "name": "Health"
            },
            "title": "Screening Abdominal Aortic Aneurysms Very Efficiently (SAAAVE) Act of 2005",
            "type": "HR",
            "url": "https://api.congress.gov/v3/bill/109/hr/827?format=json"
        },
        {
            "congress": 109,
            "introducedDate": "2005-01-06",
            "latestAction": {
                "actionDate": "2005-02-09",
                "text": "Referred to the Subcommittee on Education Reform."
            },
            "number": "284",
            "policyArea": {
                "name": "Education"
            },
            "title": "To amend the Safe and Drug-Free Schools and Communities Act to include bullying and harassment prevention programs.",
            "type": "HR",
            "url": "https://api.congress.gov/v3/bill/109/hr/284?format=json"
        },
        {
            "congress": 109,
            "introducedDate": "2006-02-14",
            "latestAction": {
                "actionDate": "2006-03-08",
                "actionTime": "16:11:42",
                "text": "Motion to reconsider laid on the table Agreed to without objection."
            },
            "number": "673",
            "policyArea": {
                "name": "International Affairs"
            },
            "title": "Expressing support for the efforts of the people of the Republic of Belarus to establish a full democracy, the rule of law, and respect for human rights and urging the Government of Belarus to conduct a free and fair presidential election on March 19, 2006.",
            "type": "HRES",
            "url": "https://api.congress.gov/v3/bill/109/hres/673?format=json"
        },
        {
            "congress": 109,
            "introducedDate": "2005-04-12",
            "latestAction": {
                "actionDate": "2005-07-25",
                "text": "Received in the Senate and referred to the Committee on Foreign Relations."
            },
            "number": "128",
            "policyArea": {
                "name": "International Affairs"
            },
            "title": "Expressing the sense of Congress that the Government of the Russian Federation should issue a clear and unambiguous statement of admission and condemnation of the illegal occupation and annexation by the Soviet Union from 1940 to 1991 of the Baltic countries of Estonia, Latvia, and Lithuania.",
            "type": "HCONRES",
            "url": "https://api.congress.gov/v3/bill/109/hconres/128?format=json"
        },
        {
            "congress": 114,
            "introducedDate": "2015-07-21",
            "latestAction": {
                "actionDate": "2015-07-24",
                "text": "Referred to the Subcommittee on Communications and Technology."
            },
            "number": "3148",
            "policyArea": {
                "name": "Science, Technology, Communications"
            },
            "title": "To exempt application of JSA attribution rule in case of existing agreements.",
            "type": "HR",
            "url": "https://api.congress.gov/v3/bill/114/hr/3148?format=json"
        },
        {
            "congress": 114,
            "introducedDate": "2015-05-26",
            "latestAction": {
                "actionDate": "2016-06-22",
                "text": "Became Public Law No: 114-182."
            },
            "number": "2576",
            "policyArea": {
                "name": "Environmental Protection"
            },
            "title": "Frank R. Lautenberg Chemical Safety for the 21st Century Act",
            "type": "HR",
            "url": "https://api.congress.gov/v3/bill/114/hr/2576?format=json"
        },
        {
            "congress": 114,
            "introducedDate": "2015-05-19",
            "latestAction": {
                "actionDate": "2015-05-22",
                "text": "Referred to the Subcommittee on Health."
            },
            "number": "2424",
            "policyArea": {
                "name": "Health"
            },
            "title": "To amend the Federal Food, Drug, and Cosmetic Act with respect to training and oversight in least burdensome appropriate means concept.",
            "type": "HR",
            "url": "https://api.congress.gov/v3/bill/114/hr/2424?format=json"
        },
        {
            "congress": 114,
            "introducedDate": "2015-05-19",
            "latestAction": {
                "actionDate": "2015-05-22",
                "text": "Referred to the Subcommittee on Health."
            },
            "number": "2428",
            "policyArea": {
                "name": "Health"
            },
            "title": "To amend the Federal Food, Drug, and Cosmetic Act with respect to humanitarian device exemption applications.",
            "type": "HR",
            "url": "https://api.congress.gov/v3/bill/114/hr/2428?format=json"
        },
        {
            "congress": 111,
            "introducedDate": "2010-09-16",
            "latestAction": {
                "actionDate": "2010-09-16",
                "text": "Referred to the House Committee on House Administration."
            },
            "number": "1629",
            "policyArea": {
                "name": "Congress"
            },
            "title": "Honoring the service and accomplishments of Colonel Steve Buyer, United States Army Reserve, on the occasion of his retirement from the Army Reserve.",
            "type": "HRES",
            "url": "https://api.congress.gov/v3/bill/111/hres/1629?format=json"
        },
        {
            "congress": 111,
            "introducedDate": "2009-04-01",
            "latestAction": {
                "actionDate": "2009-04-01",
                "text": "Referred to the House Committee on Oversight and Government Reform."
            },
            "number": "318",
            "policyArea": {
                "name": "Energy"
            },
            "title": "Recognizing July 2009 as \"Energy Independence Month\" and encouraging awareness and promoting education on energy independence in the United States.",
            "type": "HRES",
            "url": "https://api.congress.gov/v3/bill/111/hres/318?format=json"
        },
        {
            "congress": 111,
            "introducedDate": "2009-03-24",
            "latestAction": {
                "actionDate": "2009-07-24",
                "actionTime": "11:31:38",
                "text": "Motion to reconsider laid on the table Agreed to without objection."
            },
            "number": "285",
            "policyArea": {
                "name": "International Affairs"
            },
            "title": "Congratulating the people of the Republic of Lithuania on the 1000th anniversary of Lithuania and celebrating the rich history of Lithuania.",
            "type": "HRES",
            "url": "https://api.congress.gov/v3/bill/111/hres/285?format=json"
        },
        {
            "congress": 111,
            "introducedDate": "2010-04-26",
            "latestAction": {
                "actionDate": "2010-12-08",
                "text": "Received in the Senate and referred to the Committee on Foreign Relations."
            },
            "number": "267",
            "policyArea": {
                "name": "International Affairs"
            },
            "title": "Congratulating the Baltic nations of Estonia, Latvia, and Lithuania on the 20th anniversary of their declarations on the restoration of independence from the Soviet Union.",
            "type": "HCONRES",
            "url": "https://api.congress.gov/v3/bill/111/hconres/267?format=json"
        },
        {
            "amendmentNumber": "646",
            "congress": 110,
            "introducedDate": "2007-07-25",
            "latestAction": {
                "actionDate": "2007-07-25",
                "actionTime": "18:18:01",
                "text": "On agreeing to the Shimkus amendment (A004) Agreed to by recorded vote: 340 - 87 (Roll no. 723). "
            },
            "type": null,
            "url": "https://api.congress.gov/v3/amendment/110/hamdt/646?format=json"
        },
        {
            "congress": 110,
            "introducedDate": "2007-09-20",
            "latestAction": {
                "actionDate": "2007-09-21",
                "text": "Referred to the Subcommittee on Health."
            },
            "number": "3626",
            "policyArea": {
                "name": "Health"
            },
            "title": "To provide for continued treatment for the reopening of certain facilities under the Medicare and Medicaid programs.",
            "type": "HR",
            "url": "https://api.congress.gov/v3/bill/110/hr/3626?format=json"
        },
        {
            "congress": 110,
            "introducedDate": "2008-07-31",
            "latestAction": {
                "actionDate": "2008-07-31",
                "text": "Referred to the House Committee on Foreign Affairs."
            },
            "number": "1405",
            "policyArea": {
                "name": "International Affairs"
            },
            "title": "Congratulating the Republic of Latvia on the 90th anniversary of its declaration of independence.",
            "type": "HRES",
            "url": "https://api.congress.gov/v3/bill/110/hres/1405?format=json"
        },
        {
            "congress": 110,
            "introducedDate": "2008-02-07",
            "latestAction": {
                "actionDate": "2008-06-26",
                "actionTime": "14:07:03",
                "text": "Motion to reconsider laid on the table Agreed to without objection."
            },
            "number": "970",
            "policyArea": {
                "name": "Commemorations"
            },
            "title": "Expressing support for designation of June 30 as \"National Corvette Day\".",
            "type": "HRES",
            "url": "https://api.congress.gov/v3/bill/110/hres/970?format=json"
        },
        {
            "congress": 110,
            "introducedDate": "2007-05-10",
            "latestAction": {
                "actionDate": "2007-06-05",
                "actionTime": "20:06:45",
                "text": "Motion to reconsider laid on the table Agreed to without objection."
            },
            "number": "397",
            "policyArea": {
                "name": "International Affairs"
            },
            "title": "Condemning violence in Estonia and attacks on Estonia's embassies in 2007, and expressing solidarity with the Government and the people of Estonia.",
            "type": "HRES",
            "url": "https://api.congress.gov/v3/bill/110/hres/397?format=json"
        },
        {
            "congress": 110,
            "introducedDate": "2008-09-09",
            "latestAction": {
                "actionDate": "2008-09-09",
                "text": "Referred to the House Committee on Foreign Affairs."
            },
            "number": "409",
            "policyArea": {
                "name": "International Affairs"
            },
            "title": "Supporting the awarding of a Membership Action Plan to the Republic of Georgia and Ukraine at the meeting of the North Atlantic Treaty Organization (NATO) Foreign Ministers in December 2008.",
            "type": "HCONRES",
            "url": "https://api.congress.gov/v3/bill/110/hconres/409?format=json"
        },
        {
            "congress": 108,
            "introducedDate": "2004-10-07",
            "latestAction": {
                "actionDate": "2004-10-07",
                "text": "Referred to the House Committee on Armed Services."
            },
            "number": "5271",
            "policyArea": {
                "name": "Armed Forces and National Security"
            },
            "title": "To direct the Secretary of Defense to establish and award a decoration, to be known as the \"Coalition of the Willing Medal\", to members of the military services of nations participating with the United States in Operation Enduring Freedom and Operation Iraqi Freedom.",
            "type": "HR",
            "url": "https://api.congress.gov/v3/bill/108/hr/5271?format=json"
        },
        {
            "congress": 108,
            "introducedDate": "2004-07-07",
            "latestAction": {
                "actionDate": "2004-08-25",
                "text": "Referred to the Subcommittee on Education Reform."
            },
            "number": "4776",
            "policyArea": {
                "name": "Education"
            },
            "title": "To amend the Safe and Drug-Free Schools and Communities Act to include bullying and harassment prevention programs.",
            "type": "HR",
            "url": "https://api.congress.gov/v3/bill/108/hr/4776?format=json"
        },
        {
            "congress": 108,
            "introducedDate": "2004-05-13",
            "latestAction": {
                "actionDate": "2004-05-13",
                "text": "Referred to the House Committee on Armed Services."
            },
            "number": "4369",
            "policyArea": {
                "name": "Armed Forces and National Security"
            },
            "title": "Army Combat Recognition Act of 2004",
            "type": "HR",
            "url": "https://api.congress.gov/v3/bill/108/hr/4369?format=json"
        },
        {
            "congress": 108,
            "introducedDate": "2003-11-04",
            "latestAction": {
                "actionDate": "2004-03-25",
                "text": "Subcommittee Hearings Held."
            },
            "number": "3429",
            "policyArea": {
                "name": "Environmental Protection"
            },
            "title": "Nuclear Waste Financing Act of 2003",
            "type": "HR",
            "url": "https://api.congress.gov/v3/bill/108/hr/3429?format=json"
        },
        {
            "congress": 108,
            "introducedDate": "2003-07-25",
            "latestAction": {
                "actionDate": "2003-12-09",
                "text": "Read twice and referred to the Committee on Commerce, Science, and Transportation."
            },
            "number": "2898",
            "policyArea": {
                "name": "Science, Technology, Communications"
            },
            "title": "E-911 Implementation Act of 2003",
            "type": "HR",
            "url": "https://api.congress.gov/v3/bill/108/hr/2898?format=json"
        },
        {
            "congress": 108,
            "introducedDate": "2003-06-19",
            "latestAction": {
                "actionDate": "2003-06-26",
                "text": "Forwarded by Subcommittee to Full Committee by Voice Vote."
            },
            "number": "2550",
            "policyArea": {
                "name": "International Affairs"
            },
            "title": "To amend the American Servicemembers' Protection Act of 2002 to provide clarification with respect to the eligibility of certain countries for United States military assistance.",
            "type": "HR",
            "url": "https://api.congress.gov/v3/bill/108/hr/2550?format=json"
        },
        {
            "congress": 108,
            "introducedDate": "2003-06-03",
            "latestAction": {
                "actionDate": "2003-06-30",
                "text": "Became Public Law No: 108-39."
            },
            "number": "2312",
            "policyArea": {
                "name": "Science, Technology, Communications"
            },
            "title": "ORBIT Technical Corrections Act of 2003",
            "type": "HR",
            "url": "https://api.congress.gov/v3/bill/108/hr/2312?format=json"
        },
        {
            "congress": 108,
            "introducedDate": "2003-03-18",
            "latestAction": {
                "actionDate": "2003-04-01",
                "text": "Referred to the Subcommittee on Immigration, Border Security, and Claims."
            },
            "number": "1344",
            "policyArea": {
                "name": "Private Legislation"
            },
            "title": "For the relief of Pamela S. Konkel.",
            "type": "HR",
            "url": "https://api.congress.gov/v3/bill/108/hr/1344?format=json"
        },
        {
            "congress": 108,
            "introducedDate": "2003-03-11",
            "latestAction": {
                "actionDate": "2003-03-12",
                "text": "Referred to the Subcommittee on Highways, Transit and Pipelines."
            },
            "number": "1203",
            "policyArea": {
                "name": "Transportation and Public Works"
            },
            "title": "To provide for the annual audit of the White County Bridge Commission, for the New Harmony Bridge over the Wabash River, Indiana and Illinois, for the filling of vacancies in the membership thereof, and for other purposes.",
            "type": "HR",
            "url": "https://api.congress.gov/v3/bill/108/hr/1203?format=json"
        },
        {
            "congress": 108,
            "introducedDate": "2003-02-05",
            "latestAction": {
                "actionDate": "2004-04-21",
                "text": "Sponsor introductory remarks on measure. (CR H2230)"
            },
            "number": "623",
            "policyArea": {
                "name": "Health"
            },
            "title": "Medical Laboratory Personnel Shortage Act of 2003",
            "type": "HR",
            "url": "https://api.congress.gov/v3/bill/108/hr/623?format=json"
        },
        {
            "congress": 108,
            "introducedDate": "2003-01-28",
            "latestAction": {
                "actionDate": "2003-04-22",
                "text": "Became Public Law No: 108-12."
            },
            "number": "397",
            "policyArea": {
                "name": "Energy"
            },
            "title": "To reinstate and extend the deadline for commencement of construction of a hydroelectric project in the State of Illinois.",
            "type": "HR",
            "url": "https://api.congress.gov/v3/bill/108/hr/397?format=json"
        },
        {
            "congress": 108,
            "introducedDate": "2003-01-27",
            "latestAction": {
                "actionDate": "2003-07-01",
                "text": "Became Public Law No: 108-41."
            },
            "number": "389",
            "policyArea": {
                "name": "Health"
            },
            "title": "Automatic Defibrillation in Adam's Memory Act",
            "type": "HR",
            "url": "https://api.congress.gov/v3/bill/108/hr/389?format=json"
        },
        {
            "congress": 108,
            "introducedDate": "2003-01-08",
            "latestAction": {
                "actionDate": "2003-01-09",
                "text": "Referred to the Subcommittee on Highways and Transit."
            },
            "number": "318",
            "policyArea": {
                "name": "Environmental Protection"
            },
            "title": "Biofuels Air Quality Act",
            "type": "HR",
            "url": "https://api.congress.gov/v3/bill/108/hr/318?format=json"
        },
        {
            "congress": 108,
            "introducedDate": "2003-01-08",
            "latestAction": {
                "actionDate": "2003-01-09",
                "text": "Referred to the Subcommittee on Highways and Transit."
            },
            "number": "317",
            "policyArea": {
                "name": "Transportation and Public Works"
            },
            "title": "To amend the Intermodal Surface Transportation Efficiency Act of 1991, relating to a rural access project in Mt. Vernon, Illinois.",
            "type": "HR",
            "url": "https://api.congress.gov/v3/bill/108/hr/317?format=json"
        },
        {
            "congress": 108,
            "introducedDate": "2003-01-08",
            "latestAction": {
                "actionDate": "2003-02-03",
                "text": "Referred to the Subcommittee on Energy and Air Quality."
            },
            "number": "316",
            "policyArea": {
                "name": "Energy"
            },
            "title": "To eliminate certain restrictions on the availability of credits under title III of the Energy Policy Act of 1992 for the use of biodiesel fuel, and for other purposes.",
            "type": "HR",
            "url": "https://api.congress.gov/v3/bill/108/hr/316?format=json"
        },
        {
            "congress": 108,
            "introducedDate": "2004-07-22",
            "latestAction": {
                "actionDate": "2004-09-28",
                "actionTime": "14:55:48",
                "text": "Motion to reconsider laid on the table Agreed to without objection."
            },
            "number": "752",
            "policyArea": {
                "name": "Commemorations"
            },
            "title": "Expressing continued support for the construction of the Victims of Communism Memorial.",
            "type": "HRES",
            "url": "https://api.congress.gov/v3/bill/108/hres/752?format=json"
        },
        {
            "congress": 108,
            "introducedDate": "2003-05-15",
            "latestAction": {
                "actionDate": "2003-06-02",
                "text": "Referred to the Subcommittee on Civil Service and Agency Organization."
            },
            "number": "183",
            "policyArea": {
                "name": "Commemorations"
            },
            "title": "Supporting National Funeral Service Education Week.",
            "type": "HCONRES",
            "url": "https://api.congress.gov/v3/bill/108/hconres/183?format=json"
        },
        {
            "congress": 107,
            "introducedDate": "2002-11-14",
            "latestAction": {
                "actionDate": "2002-12-17",
                "text": "Became Public Law No: 107-360."
            },
            "number": "5738",
            "policyArea": {
                "name": "Health"
            },
            "title": "To amend the Public Health Service Act with respect to special diabetes programs for Type I diabetes and Indians.",
            "type": "HR",
            "url": "https://api.congress.gov/v3/bill/107/hr/5738?format=json"
        },
        {
            "congress": 107,
            "introducedDate": "2002-10-01",
            "latestAction": {
                "actionDate": "2002-12-04",
                "text": "Became Public Law No: 107-318."
            },
            "number": "5504",
            "policyArea": {
                "name": "Transportation and Public Works"
            },
            "title": "Anton's Law",
            "type": "HR",
            "url": "https://api.congress.gov/v3/bill/107/hr/5504?format=json"
        },
        {
            "congress": 107,
            "introducedDate": "2002-09-19",
            "latestAction": {
                "actionDate": "2002-09-19",
                "text": "Referred to the House Committee on Transportation and Infrastructure."
            },
            "number": "5423",
            "policyArea": {
                "name": "Transportation and Public Works"
            },
            "title": "To provide for the annual audit of the White County Bridge Commission, for the New Harmony Bridge over the Wabash River, Indiana and Illinois, for the filling of vacancies in the membership thereof, and for other purposes.",
            "type": "HR",
            "url": "https://api.congress.gov/v3/bill/107/hr/5423?format=json"
        },
        {
            "congress": 107,
            "introducedDate": "2002-06-06",
            "latestAction": {
                "actionDate": "2002-06-26",
                "text": "Referred to the Subcommittee on Commerce, Trade and Consumer Protection."
            },
            "number": "4896",
            "policyArea": {
                "name": "Commerce"
            },
            "title": "Children's Safe Sleepwear and Burn Prevention Act of 2002",
            "type": "HR",
            "url": "https://api.congress.gov/v3/bill/107/hr/4896?format=json"
        },
        {
            "congress": 107,
            "introducedDate": "2002-05-16",
            "latestAction": {
                "actionDate": "2002-06-03",
                "text": "Referred to the Subcommittee on Energy and Air Quality."
            },
            "number": "4765",
            "policyArea": {
                "name": "Energy"
            },
            "title": "To reinstate the license and extend commencement of construction deadlines for the Carlyle Hydroelectric Project in the State of Illinois, and for other purposes.",
            "type": "HR",
            "url": "https://api.congress.gov/v3/bill/107/hr/4765?format=json"
        },
        {
            "congress": 107,
            "introducedDate": "2002-04-10",
            "latestAction": {
                "actionDate": "2002-04-23",
                "text": "Referred to the Subcommittee on Energy and Air Quality."
            },
            "number": "4160",
            "policyArea": {
                "name": "Energy"
            },
            "title": "To eliminate certain restrictions on the availability of credits under title III of the Energy Policy Act of 1992 for the use of biodiesel fuel, and for other purposes.",
            "type": "HR",
            "url": "https://api.congress.gov/v3/bill/107/hr/4160?format=json"
        },
        {
            "congress": 107,
            "introducedDate": "2002-03-20",
            "latestAction": {
                "actionDate": "2002-11-06",
                "text": "Became Public Law No: 107-280."
            },
            "number": "4013",
            "policyArea": {
                "name": "Health"
            },
            "title": "Rare Diseases Act of 2002",
            "type": "HR",
            "url": "https://api.congress.gov/v3/bill/107/hr/4013?format=json"
        },
        {
            "congress": 107,
            "introducedDate": "2002-03-18",
            "latestAction": {
                "actionDate": "2002-03-22",
                "text": "Referred to the Subcommittee on Benefits."
            },
            "number": "3990",
            "policyArea": {
                "name": "Armed Forces and National Security"
            },
            "title": "Captain Jack Punches Memorial Act",
            "type": "HR",
            "url": "https://api.congress.gov/v3/bill/107/hr/3990?format=json"
        },
        {
            "congress": 107,
            "introducedDate": "2002-03-04",
            "latestAction": {
                "actionDate": "2002-12-04",
                "text": "Became Public Law No: 107-317."
            },
            "number": "3833",
            "policyArea": {
                "name": "Science, Technology, Communications"
            },
            "title": "Dot Kids Implementation and Efficiency Act of 2002",
            "type": "HR",
            "url": "https://api.congress.gov/v3/bill/107/hr/3833?format=json"
        },
        {
            "congress": 107,
            "introducedDate": "2002-01-29",
            "latestAction": {
                "actionDate": "2002-01-29",
                "text": "Referred to the House Committee on Transportation and Infrastructure."
            },
            "number": "3664",
            "policyArea": {
                "name": "Transportation and Public Works"
            },
            "title": "To amend the Intermodal Surface Transportation Efficiency Act of 1991, relating to a rural access project in Mt. Vernon, Illinois.",
            "type": "HR",
            "url": "https://api.congress.gov/v3/bill/107/hr/3664?format=json"
        },
        {
            "congress": 107,
            "introducedDate": "2001-11-19",
            "latestAction": {
                "actionDate": "2002-08-21",
                "text": "Became Public Law No: 107-222."
            },
            "number": "3343",
            "policyArea": {
                "name": "Energy"
            },
            "title": "To amend title X of the Energy Policy Act of 1992, and for other purposes.",
            "type": "HR",
            "url": "https://api.congress.gov/v3/bill/107/hr/3343?format=json"
        },
        {
            "congress": 107,
            "introducedDate": "2001-07-18",
            "latestAction": {
                "actionDate": "2001-11-02",
                "text": "Referred to the Subcommittee on Education Reform."
            },
            "number": "2560",
            "policyArea": {
                "name": "Education"
            },
            "title": "Automatic Defibrillation in Adam's Memory Act",
            "type": "HR",
            "url": "https://api.congress.gov/v3/bill/107/hr/2560?format=json"
        },
        {
            "congress": 107,
            "introducedDate": "2001-06-28",
            "latestAction": {
                "actionDate": "2001-11-01",
                "text": "Subcommittee Hearings Held."
            },
            "number": "2417",
            "policyArea": {
                "name": "Science, Technology, Communications"
            },
            "title": "Dot Kids Domain Name Act of 2001",
            "type": "HR",
            "url": "https://api.congress.gov/v3/bill/107/hr/2417?format=json"
        },
        {
            "congress": 107,
            "introducedDate": "2001-06-28",
            "latestAction": {
                "actionDate": "2001-07-16",
                "text": "Referred to the Subcommittee on Energy and Air Quality."
            },
            "number": "2418",
            "policyArea": {
                "name": "Energy"
            },
            "title": "To amend title X of the Energy Policy Act of 1992, and for other purposes.",
            "type": "HR",
            "url": "https://api.congress.gov/v3/bill/107/hr/2418?format=json"
        },
        {
            "congress": 107,
            "introducedDate": "2001-06-06",
            "latestAction": {
                "actionDate": "2001-06-07",
                "text": "Referred to the Subcommittee on Highways and Transit."
            },
            "number": "2088",
            "policyArea": {
                "name": "Environmental Protection"
            },
            "title": "Biofuels Air Quality Act",
            "type": "HR",
            "url": "https://api.congress.gov/v3/bill/107/hr/2088?format=json"
        },
        {
            "congress": 107,
            "introducedDate": "2001-05-22",
            "latestAction": {
                "actionDate": "2001-06-01",
                "text": "Referred to the Subcommittee on Health."
            },
            "number": "1948",
            "policyArea": {
                "name": "Health"
            },
            "title": "Medical Laboratory Personnel Shortage Act of 2001",
            "type": "HR",
            "url": "https://api.congress.gov/v3/bill/107/hr/1948?format=json"
        },
        {
            "congress": 107,
            "introducedDate": "2002-02-26",
            "latestAction": {
                "actionDate": "2002-03-11",
                "text": "Referred to the Subcommittee on Military Personnel."
            },
            "number": "83",
            "policyArea": {
                "name": "Commemorations"
            },
            "title": "Congratulating the United States Military Academy at West Point on its bicentennial anniversary, and commending its outstanding contributions to the Nation.",
            "type": "HJRES",
            "url": "https://api.congress.gov/v3/bill/107/hjres/83?format=json"
        },
        {
            "congress": 107,
            "introducedDate": "2002-02-14",
            "latestAction": {
                "actionDate": "2002-02-27",
                "text": "Referred to the Subcommittee on Military Personnel."
            },
            "number": "332",
            "policyArea": {
                "name": "Commemorations"
            },
            "title": "Recognizing the United States Military Academy on its bicentennial.",
            "type": "HCONRES",
            "url": "https://api.congress.gov/v3/bill/107/hconres/332?format=json"
        },
        {
            "congress": 107,
            "introducedDate": "2001-04-26",
            "latestAction": {
                "actionDate": "2002-10-08",
                "text": "Received in the Senate."
            },
            "number": "116",
            "policyArea": {
                "name": "International Affairs"
            },
            "title": "Recommending the integration of Lithuania, Latvia, and Estonia into the North Atlantic Treaty Organization (NATO).",
            "type": "HCONRES",
            "url": "https://api.congress.gov/v3/bill/107/hconres/116?format=json"
        },
        {
            "congress": 106,
            "introducedDate": "2000-03-30",
            "latestAction": {
                "actionDate": "2000-04-11",
                "text": "Referred to the Subcommittee on Telecommunications, Trade, and Consumer Protection."
            },
            "number": "4145",
            "policyArea": {
                "name": "Transportation and Public Works"
            },
            "title": "Child Passenger Protection Act of 2000",
            "type": "HR",
            "url": "https://api.congress.gov/v3/bill/106/hr/4145?format=json"
        },
        {
            "congress": 106,
            "introducedDate": "2000-03-08",
            "latestAction": {
                "actionDate": "2000-03-09",
                "actionTime": "21:51:37",
                "text": "Pursuant to the provisions of H. Res. 434, H.R. 3846 is laid on the table."
            },
            "number": "3846",
            "policyArea": {
                "name": "Labor and Employment"
            },
            "title": "To amend the Fair Labor Standards Act of 1938 to increase the minimum wage, and for other purposes.",
            "type": "HR",
            "url": "https://api.congress.gov/v3/bill/106/hr/3846?format=json"
        },
        {
            "congress": 106,
            "introducedDate": "2000-03-06",
            "latestAction": {
                "actionDate": "2000-03-21",
                "text": "Referred to the Subcommittee on Workforce Protections."
            },
            "number": "3833",
            "policyArea": {
                "name": "Labor and Employment"
            },
            "title": "To amend the Fair Labor Standards Act of 1938 to increase the minimum wage, and for other purposes.",
            "type": "HR",
            "url": "https://api.congress.gov/v3/bill/106/hr/3833?format=json"
        },
        {
            "congress": 106,
            "introducedDate": "1999-10-14",
            "latestAction": {
                "actionDate": "2000-10-04",
                "text": "Message on Senate action sent to the House."
            },
            "number": "3084",
            "policyArea": {
                "name": "Government Operations and Politics"
            },
            "title": "To authorize the Secretary of the Interior to contribute funds for the establishment of an interpretative center on the life and contributions of President Abraham Lincoln.",
            "type": "HR",
            "url": "https://api.congress.gov/v3/bill/106/hr/3084?format=json"
        },
        {
            "congress": 106,
            "introducedDate": "1999-08-05",
            "latestAction": {
                "actionDate": "1999-08-09",
                "text": "Referred to the Subcommittee on Aviation."
            },
            "number": "2788",
            "policyArea": {
                "name": "Transportation and Public Works"
            },
            "title": "Biofuels Air Quality Act",
            "type": "HR",
            "url": "https://api.congress.gov/v3/bill/106/hr/2788?format=json"
        },
        {
            "congress": 106,
            "introducedDate": "1999-06-16",
            "latestAction": {
                "actionDate": "1999-07-07",
                "text": "Referred to the Subcommittee on Health and Environment."
            },
            "number": "2247",
            "policyArea": {
                "name": "Environmental Protection"
            },
            "title": "Small Business Superfund Fairness Act",
            "type": "HR",
            "url": "https://api.congress.gov/v3/bill/106/hr/2247?format=json"
        },
        {
            "congress": 106,
            "introducedDate": "1999-02-02",
            "latestAction": {
                "actionDate": "1999-02-25",
                "text": "Received in the Senate and read twice and referred to the Committee on Commerce."
            },
            "number": "438",
            "policyArea": {
                "name": "Science, Technology, Communications"
            },
            "title": "Wireless Communications and Public Safety Act of 1999",
            "type": "HR",
            "url": "https://api.congress.gov/v3/bill/106/hr/438?format=json"
        },
        {
            "congress": 106,
            "introducedDate": "2000-06-29",
            "latestAction": {
                "actionDate": "2000-06-29",
                "text": "Referred to the House Committee on International Relations."
            },
            "number": "367",
            "policyArea": {
                "name": "International Affairs"
            },
            "title": "Recognizing the 60th anniversary of the United States nonrecognition policy of the Soviet takeover of Estonia, Latvia, and Lithuania and calling for positive steps to promote a peaceful and democratic future for the Baltic region.",
            "type": "HCONRES",
            "url": "https://api.congress.gov/v3/bill/106/hconres/367?format=json"
        },
        {
            "congress": 106,
            "introducedDate": "2000-05-04",
            "latestAction": {
                "actionDate": "2000-09-18",
                "text": "Message on Senate action sent to the House."
            },
            "number": "319",
            "policyArea": {
                "name": "International Affairs"
            },
            "title": "Congratulating the Republic of Latvia on the 10th anniversary of the reestablishment of its independence from the rule of the former Soviet Union.",
            "type": "HCONRES",
            "url": "https://api.congress.gov/v3/bill/106/hconres/319?format=json"
        },
        {
            "congress": 106,
            "introducedDate": "2000-02-29",
            "latestAction": {
                "actionDate": "2000-02-29",
                "text": "Referred to the House Committee on International Relations."
            },
            "number": "258",
            "policyArea": {
                "name": "International Affairs"
            },
            "title": "Congratulating the Republic of Lithuania on the tenth anniversary of the reestablishment of its independence from the rule of the former Soviet Union.",
            "type": "HCONRES",
            "url": "https://api.congress.gov/v3/bill/106/hconres/258?format=json"
        },
        {
            "congress": 106,
            "introducedDate": "1999-02-02",
            "latestAction": {
                "actionDate": "1999-02-02",
                "text": "Referred to the House Committee on International Relations."
            },
            "number": "21",
            "policyArea": {
                "name": "International Affairs"
            },
            "title": "Recommending the integration of Lithuania, Latvia, and Estonia into the North Atlantic Treaty Organization (NATO).",
            "type": "HCONRES",
            "url": "https://api.congress.gov/v3/bill/106/hconres/21?format=json"
        },
        {
            "congress": 105,
            "introducedDate": "1997-09-26",
            "latestAction": {
                "actionDate": "1998-07-21",
                "text": "Subcommittee Hearings Held."
            },
            "number": "2568",
            "policyArea": {
                "name": "Energy"
            },
            "title": "Energy Policy Act Amendments of 1997",
            "type": "HR",
            "url": "https://api.congress.gov/v3/bill/105/hr/2568?format=json"
        },
        {
            "congress": 105,
            "introducedDate": "1997-09-03",
            "latestAction": {
                "actionDate": "1997-09-15",
                "text": "Referred to the Subcommittee on Water Resources and Environment."
            },
            "number": "2394",
            "policyArea": {
                "name": "Public Lands and Natural Resources"
            },
            "title": "To direct the Director of the Federal Emergency Management Agency to transfer certain parcels of land located in the counties of Greene and Calhoun, Illinois.",
            "type": "HR",
            "url": "https://api.congress.gov/v3/bill/105/hr/2394?format=json"
        },
        {
            "congress": 105,
            "introducedDate": "1998-08-05",
            "latestAction": {
                "actionDate": "1998-10-12",
                "text": "Received in the Senate."
            },
            "number": "320",
            "policyArea": {
                "name": "International Affairs"
            },
            "title": "Supporting the Baltic people of Estonia, Latvia, and Lithuania, and condemning the Nazi-Soviet Pact of Non-Aggression of August 23, 1939.",
            "type": "HCONRES",
            "url": "https://api.congress.gov/v3/bill/105/hconres/320?format=json"
        },
        {
            "congress": 105,
            "introducedDate": "1997-02-25",
            "latestAction": {
                "actionDate": "1997-02-25",
                "text": "Referred to the House Committee on Rules."
            },
            "number": "26",
            "policyArea": {
                "name": "Economics and Public Finance"
            },
            "title": "Relating to the treatment of Social Security under any constitutional amendment requiring a balanced budget.",
            "type": "HCONRES",
            "url": "https://api.congress.gov/v3/bill/105/hconres/26?format=json"
        }
    ]
}