{
    "pagination": {
        "count": 29
    },
    "request": {
        "bioguideId": "f000464",
        "contentType": "application/json",
        "format": "json"
    },
    "sponsoredLegislation": [
        {
            "congress": 115,
            "introducedDate": "2018-12-21",
            "latestAction": {
                "actionDate": "2018-12-21",
                "text": "Referred to the House Committee on Energy and Commerce."
            },
            "number": "7393",
            "policyArea": {
                "name": "Health"
            },
            "title": "Medicaid Quality Care Act",
            "type": "HR",
            "url": "https://api.congress.gov/v3/bill/115/hr/7393?format=json"
        },
        {
            "congress": 115,
            "introducedDate": "2018-12-11",
            "latestAction": {
                "actionDate": "2018-12-11",
                "text": "Referred to the House Committee on Energy and Commerce."
            },
            "number": "7260",
            "policyArea": {
                "name": "Transportation and Public Works"
            },
            "title": "Limousine Safety Modernization Act",
            "type": "HR",
            "url": "https://api.congress.gov/v3/bill/115/hr/7260?format=json"
        },
        {
            "congress": 115,
            "introducedDate": "2018-07-26",
            "latestAction": {
                "actionDate": "2018-07-27",
                "text": "Referred to the Subcommittee on Highways and Transit."
            },
            "number": "6569",
            "policyArea": {
                "name": "Transportation and Public Works"
            },
            "title": "RETILE Act",
            "type": "HR",
            "url": "https://api.congress.gov/v3/bill/115/hr/6569?format=json"
        },
        {
            "amendmentNumber": "626",
            "congress": 115,
            "introducedDate": "2018-05-18",
            "latestAction": {
                "actionDate": "2018-05-18",
                "actionTime": "09:42:04",
                "text": "On agreeing to the Faso amendment (A041) Agreed to by voice vote. "
            },
            "type": null,
            "url": "https://api.congress.gov/v3/amendment/115/hamdt/626?format=json"
        },
        {
            "amendmentNumber": "616",
            "congress": 115,
            "introducedDate": "2018-05-17",
            "latestAction": {
                "actionDate": "2018-05-17",
                "actionTime": "18:08:02",
                "text": "On agreeing to the Faso amendment (A031) Agreed to by recorded vote: 222 - 192 (Roll no. 196). "
            },
            "type": null,
            "url": "https://api.congress.gov/v3/amendment/115/hamdt/616?format=json"
        },
        {
            "amendmentNumber": "610",
            "congress": 115,
            "introducedDate": "2018-05-17",
            "latestAction": {
                "actionDate": "2018-05-17",
                "actionTime": "16:18:32",
                "text": "On agreeing to the Faso amendment (A025) Agreed to by voice vote. "
            },
            "type": null,
            "url": "https://api.congress.gov/v3/amendment/115/hamdt/610?format=json"
        },
        {
            "congress": 115,
            "introducedDate": "2018-05-21",
            "latestAction": {
                "actionDate": "2018-05-21",
                "text": "Referred to the House Committee on Energy and Commerce."
            },
            "number": "5899",
            "policyArea": {
                "name": "Health"
            },
            "title": "School-Based Health Centers Reauthorization Act of 2018",
            "type": "HR",
            "url": "https://api.congress.gov/v3/bill/115/hr/5899?format=json"
        },
        {
            "congress": 115,
            "introducedDate": "2018-05-07",
            "latestAction": {
                "actionDate": "2018-06-13",
                "text": "Received in the Senate and Read twice and referred to the Committee on Finance."
            },
            "number": "5685",
            "policyArea": {
                "name": "Health"
            },
            "title": "Medicare Opioid Safety Education Act of 2018",
            "type": "HR",
            "url": "https://api.congress.gov/v3/bill/115/hr/5685?format=json"
        },
        {
            "congress": 115,
            "introducedDate": "2018-05-10",
            "latestAction": {
                "actionDate": "2018-05-10",
                "text": "Referred to the House Committee on Oversight and Government Reform."
            },
            "number": "887",
            "policyArea": {
                "name": "Health"
            },
            "title": "Supporting the designation of May as \"National Lyme Disease Awareness Month\".",
            "type": "HRES",
            "url": "https://api.congress.gov/v3/bill/115/hres/887?format=json"
        },
        {
            "congress": 115,
            "introducedDate": "2018-04-25",
            "latestAction": {
                "actionDate": "2018-04-25",
                "text": "Referred to the House Committee on Financial Services."
            },
            "number": "5618",
            "policyArea": {
                "name": "Finance and Financial Sector"
            },
            "title": "Flooded Homeowner Financial Relief Act of 2018",
            "type": "HR",
            "url": "https://api.congress.gov/v3/bill/115/hr/5618?format=json"
        },
        {
            "congress": 115,
            "introducedDate": "2018-03-29",
            "latestAction": {
                "actionDate": "2018-12-12",
                "text": "Committee on Energy and Natural Resources Subcommittee on National Parks. Hearings held."
            },
            "number": "5420",
            "policyArea": {
                "name": "Public Lands and Natural Resources"
            },
            "title": "FDR Historic Preservation Act",
            "type": "HR",
            "url": "https://api.congress.gov/v3/bill/115/hr/5420?format=json"
        },
        {
            "congress": 115,
            "introducedDate": "2018-03-21",
            "latestAction": {
                "actionDate": "2018-03-23",
                "text": "Referred to the Subcommittee on Water, Power and Oceans."
            },
            "number": "793",
            "policyArea": {
                "name": "Water Resources Development"
            },
            "title": "Recognizing the importance of the Upper Delaware River in New York State.",
            "type": "HRES",
            "url": "https://api.congress.gov/v3/bill/115/hres/793?format=json"
        },
        {
            "congress": 115,
            "introducedDate": "2018-03-15",
            "latestAction": {
                "actionDate": "2018-04-30",
                "text": "Referred to the Subcommittee on Nutrition."
            },
            "number": "5316",
            "policyArea": {
                "name": "Agriculture and Food"
            },
            "title": "To authorize appropriations for the seniors farmers' market nutrition program for fiscal years 2019 through 2023.",
            "type": "HR",
            "url": "https://api.congress.gov/v3/bill/115/hr/5316?format=json"
        },
        {
            "congress": 115,
            "introducedDate": "2018-03-13",
            "latestAction": {
                "actionDate": "2018-03-16",
                "text": "Referred to the Subcommittee on Health."
            },
            "number": "5249",
            "policyArea": {
                "name": "Commerce"
            },
            "title": "Olive Oil Consumer Standards Act of 2018",
            "type": "HR",
            "url": "https://api.congress.gov/v3/bill/115/hr/5249?format=json"
        },
        {
            "congress": 115,
            "introducedDate": "2018-03-13",
            "latestAction": {
                "actionDate": "2018-03-28",
                "text": "Referred to the Subcommittee on Commodity Exchanges, Energy, and Credit."
            },
            "number": "5250",
            "policyArea": {
                "name": "Agriculture and Food"
            },
            "title": "To reauthorize the Rural Economic Area Partnership Zones Program through fiscal year 2023.",
            "type": "HR",
            "url": "https://api.congress.gov/v3/bill/115/hr/5250?format=json"
        },
        {
            "congress": 115,
            "introducedDate": "2018-03-06",
            "latestAction": {
                "actionDate": "2018-03-09",
                "text": "Referred to the Subcommittee on Energy."
            },
            "number": "5181",
            "policyArea": {
                "name": "Energy"
            },
            "title": "Local Taxpayer Protection Act of 2018",
            "type": "HR",
            "url": "https://api.congress.gov/v3/bill/115/hr/5181?format=json"
        },
        {
            "congress": 115,
            "introducedDate": "2018-01-10",
            "latestAction": {
                "actionDate": "2018-01-24",
                "text": "Referred to the Subcommittee on Conservation and Forestry."
            },
            "number": "4751",
            "policyArea": {
                "name": "Agriculture and Food"
            },
            "title": "Healthy Fields and Farm Economies Act",
            "type": "HR",
            "url": "https://api.congress.gov/v3/bill/115/hr/4751?format=json"
        },
        {
            "congress": 115,
            "introducedDate": "2017-12-21",
            "latestAction": {
                "actionDate": "2018-07-24",
                "text": "Became Public Law No: 115-216."
            },
            "number": "4722",
            "policyArea": {
                "name": "Government Operations and Politics"
            },
            "title": "An act to designate the facility of the United States Postal Service located at 111 Market Street in Saugerties, New York, as the \"Maurice D. Hinchey Post Office Building\"",
            "type": "HR",
            "url": "https://api.congress.gov/v3/bill/115/hr/4722?format=json"
        },
        {
            "congress": 115,
            "introducedDate": "2017-12-01",
            "latestAction": {
                "actionDate": "2017-12-01",
                "text": "Referred to the House Committee on Financial Services."
            },
            "number": "4517",
            "policyArea": {
                "name": "Finance and Financial Sector"
            },
            "title": "To amend the Home Owners' Loan Act to allow mutual holding companies to clarify requirements related to the waiver of dividends, and for other purposes.",
            "type": "HR",
            "url": "https://api.congress.gov/v3/bill/115/hr/4517?format=json"
        },
        {
            "congress": 115,
            "introducedDate": "2017-11-16",
            "latestAction": {
                "actionDate": "2017-11-16",
                "text": "Referred to the House Committee on Education and the Workforce."
            },
            "number": "4435",
            "policyArea": {
                "name": "Education"
            },
            "title": "Go to High School, Go to College Act of 2017",
            "type": "HR",
            "url": "https://api.congress.gov/v3/bill/115/hr/4435?format=json"
        },
        {
            "congress": 115,
            "introducedDate": "2017-11-09",
            "latestAction": {
                "actionDate": "2017-11-10",
                "text": "Referred to the Subcommittee on Health."
            },
            "number": "4333",
            "policyArea": {
                "name": "Government Operations and Politics"
            },
            "title": "Lyme Disease Research Stamp Act",
            "type": "HR",
            "url": "https://api.congress.gov/v3/bill/115/hr/4333?format=json"
        },
        {
            "congress": 115,
            "introducedDate": "2017-10-05",
            "latestAction": {
                "actionDate": "2017-10-06",
                "text": "Referred to the Subcommittee on Highways and Transit."
            },
            "number": "3977",
            "policyArea": {
                "name": "Transportation and Public Works"
            },
            "title": "Infrastructure Bank for America Act of 2017",
            "type": "HR",
            "url": "https://api.congress.gov/v3/bill/115/hr/3977?format=json"
        },
        {
            "congress": 115,
            "introducedDate": "2017-09-28",
            "latestAction": {
                "actionDate": "2017-09-28",
                "text": "Referred to the House Committee on Agriculture."
            },
            "number": "3871",
            "policyArea": {
                "name": "Agriculture and Food"
            },
            "title": "Organic Farmer and Consumer Protection Act of 2017",
            "type": "HR",
            "url": "https://api.congress.gov/v3/bill/115/hr/3871?format=json"
        },
        {
            "congress": 115,
            "introducedDate": "2017-09-21",
            "latestAction": {
                "actionDate": "2018-01-30",
                "text": "Ordered to be Reported (Amended) by the Yeas and Nays: 16 - 14."
            },
            "number": "3808",
            "policyArea": {
                "name": "Transportation and Public Works"
            },
            "title": "Infrastructure Expansion Act of 2017",
            "type": "HR",
            "url": "https://api.congress.gov/v3/bill/115/hr/3808?format=json"
        },
        {
            "congress": 115,
            "introducedDate": "2017-08-29",
            "latestAction": {
                "actionDate": "2017-09-15",
                "text": "Referred to the Subcommittee on Commodity Exchanges, Energy, and Credit."
            },
            "number": "3667",
            "policyArea": {
                "name": "Agriculture and Food"
            },
            "title": "Veteran and Beginning Farmers Assistance Act",
            "type": "HR",
            "url": "https://api.congress.gov/v3/bill/115/hr/3667?format=json"
        },
        {
            "amendmentNumber": "131",
            "congress": 115,
            "introducedDate": "2017-06-08",
            "latestAction": {
                "actionDate": "2017-06-08",
                "actionTime": "16:25:28",
                "text": "On agreeing to the Faso amendment (A004) Agreed to by recorded vote: 235 - 184 (Roll no. 297). "
            },
            "type": null,
            "url": "https://api.congress.gov/v3/amendment/115/hamdt/131?format=json"
        },
        {
            "congress": 115,
            "introducedDate": "2017-06-08",
            "latestAction": {
                "actionDate": "2017-06-21",
                "text": "Received in the Senate and Read twice and referred to the Committee on Finance."
            },
            "number": "2847",
            "policyArea": {
                "name": "Families"
            },
            "title": "Improving Services for Older Youth in Foster Care Act",
            "type": "HR",
            "url": "https://api.congress.gov/v3/bill/115/hr/2847?format=json"
        },
        {
            "congress": 115,
            "introducedDate": "2017-05-02",
            "latestAction": {
                "actionDate": "2018-07-23",
                "text": "Became Public Law No: 115-206."
            },
            "number": "2292",
            "policyArea": {
                "name": "Energy"
            },
            "title": "An act to extend a project of the Federal Energy Regulatory Commission involving the Cannonsville Dam",
            "type": "HR",
            "url": "https://api.congress.gov/v3/bill/115/hr/2292?format=json"
        },
        {
            "congress": 115,
            "introducedDate": "2017-04-04",
            "latestAction": {
                "actionDate": "2017-04-07",
                "text": "Referred to the Subcommittee on Health."
            },
            "number": "1871",
            "policyArea": {
                "name": "Health"
            },
            "title": "Property Tax Reduction Act of 2017",
            "type": "HR",
            "url": "https://api.congress.gov/v3/bill/115/hr/1871?format=json"
        }
    ]
}