{
    "pagination": {
        "count": 95
    },
    "request": {
        "bioguideId": "g000590",
        "contentType": "application/json",
        "format": "json"
    },
    "sponsoredLegislation": [
        {
            "congress": 118,
            "introducedDate": "2024-08-09",
            "latestAction": {
                "actionDate": "2024-08-09",
                "text": "Referred to the House Committee on Veterans' Affairs."
            },
            "number": "9328",
            "policyArea": {
                "name": null
            },
            "title": "To amend title 38, United States Code, to establish additional presumptions of service connection for certain diseases that occur in veterans who suffered toxic exposure while serving at Karshi Khanabad Air Base, Uzbekistan.",
            "type": "HR",
            "url": "https://api.congress.gov/v3/bill/118/hr/9328?format=json"
        },
        {
            "congress": 118,
            "introducedDate": "2024-06-28",
            "latestAction": {
                "actionDate": "2024-06-28",
                "text": "Referred to the Committee on the Judiciary, and in addition to the Committees on Oversight and Accountability, and Rules, for a period to be subsequently determined by the Speaker, in each case for consideration of such provisions as fall within the jurisdiction of the committee concerned."
            },
            "number": "8889",
            "policyArea": {
                "name": null
            },
            "title": "To provide for the sunset of rules upheld based on Chevron deference.",
            "type": "HR",
            "url": "https://api.congress.gov/v3/bill/118/hr/8889?format=json"
        },
        {
            "congress": 118,
            "introducedDate": "2024-06-13",
            "latestAction": {
                "actionDate": "2024-06-13",
                "text": "Referred to the House Committee on Education and the Workforce."
            },
            "number": "8729",
            "policyArea": {
                "name": null
            },
            "title": "No Backdoors for Student Debt Cancellation Act",
            "type": "HR",
            "url": "https://api.congress.gov/v3/bill/118/hr/8729?format=json"
        },
        {
            "congress": 118,
            "introducedDate": "2024-06-05",
            "latestAction": {
                "actionDate": "2024-07-11",
                "text": "Ordered to be Reported by the Yeas and Nays: 24 - 23."
            },
            "number": "164",
            "policyArea": {
                "name": null
            },
            "title": "Providing for congressional disapproval under chapter 8 of title 5, United States Code, of the rule submitted by the Department of Commerce relating to \"Revision of Firearms License Requirements\".",
            "type": "HJRES",
            "url": "https://api.congress.gov/v3/bill/118/hjres/164?format=json"
        },
        {
            "congress": 118,
            "introducedDate": "2024-06-04",
            "latestAction": {
                "actionDate": "2024-06-05",
                "text": "Referred to the Subcommittee on Aviation."
            },
            "number": "8610",
            "policyArea": {
                "name": null
            },
            "title": "To reauthorize and reform counter-unmanned aircraft system authorities, to improve transparency, security, safety, and accountability related to such authorities, and for other purposes.",
            "type": "HR",
            "url": "https://api.congress.gov/v3/bill/118/hr/8610?format=json"
        },
        {
            "congress": 118,
            "introducedDate": "2024-05-28",
            "latestAction": {
                "actionDate": "2024-05-28",
                "text": "Referred to the Subcommittee on Border Security and Enforcement."
            },
            "number": "1262",
            "policyArea": {
                "name": "Immigration"
            },
            "title": "Celebrating the centennial of the U.S. Border Patrol.",
            "type": "HRES",
            "url": "https://api.congress.gov/v3/bill/118/hres/1262?format=json"
        },
        {
            "congress": 118,
            "introducedDate": "2024-05-14",
            "latestAction": {
                "actionDate": "2024-05-17",
                "text": "Referred to the Subcommittee on Health."
            },
            "number": "8380",
            "policyArea": {
                "name": null
            },
            "title": "VITAL Act of 2024",
            "type": "HR",
            "url": "https://api.congress.gov/v3/bill/118/hr/8380?format=json"
        },
        {
            "congress": 118,
            "introducedDate": "2024-05-01",
            "latestAction": {
                "actionDate": "2024-05-01",
                "text": "Referred to the House Committee on Foreign Affairs."
            },
            "number": "8208",
            "policyArea": {
                "name": null
            },
            "title": "Stop the BIS Rule Act",
            "type": "HR",
            "url": "https://api.congress.gov/v3/bill/118/hr/8208?format=json"
        },
        {
            "congress": 118,
            "introducedDate": "2024-04-15",
            "latestAction": {
                "actionDate": "2024-05-16",
                "text": "Ordered to be Reported by Unanimous Consent."
            },
            "number": "8001",
            "policyArea": {
                "name": "International Affairs"
            },
            "title": "Combating Houthi Threats and Aggression Act",
            "type": "HR",
            "url": "https://api.congress.gov/v3/bill/118/hr/8001?format=json"
        },
        {
            "congress": 118,
            "introducedDate": "2024-04-11",
            "latestAction": {
                "actionDate": "2024-04-11",
                "text": "Referred to the Subcommittee on Border Security and Enforcement."
            },
            "number": "7951",
            "policyArea": {
                "name": "Transportation and Public Works"
            },
            "title": "VALID Act",
            "type": "HR",
            "url": "https://api.congress.gov/v3/bill/118/hr/7951?format=json"
        },
        {
            "congress": 118,
            "introducedDate": "2024-02-29",
            "latestAction": {
                "actionDate": "2024-02-29",
                "text": "Referred to the House Committee on Financial Services."
            },
            "number": "7494",
            "policyArea": {
                "name": "Finance and Financial Sector"
            },
            "title": "Protect America\u2019s Lands Act",
            "type": "HR",
            "url": "https://api.congress.gov/v3/bill/118/hr/7494?format=json"
        },
        {
            "congress": 118,
            "introducedDate": "2024-02-05",
            "latestAction": {
                "actionDate": "2024-04-16",
                "text": "Received in the Senate."
            },
            "number": "995",
            "policyArea": {
                "name": "Congress"
            },
            "title": "Appointing and authorizing managers for the impeachment trial of Alejandro Nicholas Mayorkas, Secretary of Homeland Security.",
            "type": "HRES",
            "url": "https://api.congress.gov/v3/bill/118/hres/995?format=json"
        },
        {
            "congress": 118,
            "introducedDate": "2023-11-29",
            "latestAction": {
                "actionDate": "2023-11-29",
                "text": "Referred to the House Committee on Foreign Affairs."
            },
            "number": "6504",
            "policyArea": {
                "name": "Foreign Trade and International Finance"
            },
            "title": "Protect American Gun Exporters Act",
            "type": "HR",
            "url": "https://api.congress.gov/v3/bill/118/hr/6504?format=json"
        },
        {
            "congress": 118,
            "introducedDate": "2023-11-15",
            "latestAction": {
                "actionDate": "2023-11-15",
                "text": "Referred to the Committee on the Budget, and in addition to the Committee on Oversight and Accountability, for a period to be subsequently determined by the Speaker, in each case for consideration of such provisions as fall within the jurisdiction of the committee concerned."
            },
            "number": "6426",
            "policyArea": {
                "name": "Economics and Public Finance"
            },
            "title": "Our Money in China Transparency Act",
            "type": "HR",
            "url": "https://api.congress.gov/v3/bill/118/hr/6426?format=json"
        },
        {
            "congress": 118,
            "introducedDate": "2023-11-09",
            "latestAction": {
                "actionDate": "2023-11-09",
                "text": "Referred to the House Committee on Oversight and Accountability."
            },
            "number": "6339",
            "policyArea": {
                "name": "Government Operations and Politics"
            },
            "title": "States Choose Common Sense Act of 2023",
            "type": "HR",
            "url": "https://api.congress.gov/v3/bill/118/hr/6339?format=json"
        },
        {
            "congress": 118,
            "introducedDate": "2023-11-01",
            "latestAction": {
                "actionDate": "2023-11-01",
                "text": "Referred to the House Committee on Foreign Affairs."
            },
            "number": "6146",
            "policyArea": {
                "name": "International Affairs"
            },
            "title": "No CCP Consultants Act",
            "type": "HR",
            "url": "https://api.congress.gov/v3/bill/118/hr/6146?format=json"
        },
        {
            "congress": 118,
            "introducedDate": "2023-09-29",
            "latestAction": {
                "actionDate": "2023-10-02",
                "text": "Referred to the Subcommittee on Coast Guard and Maritime Transportation."
            },
            "number": "5842",
            "policyArea": {
                "name": "Transportation and Public Works"
            },
            "title": "Coast Guard Sustained Funding Act of 2023",
            "type": "HR",
            "url": "https://api.congress.gov/v3/bill/118/hr/5842?format=json"
        },
        {
            "congress": 118,
            "introducedDate": "2023-09-29",
            "latestAction": {
                "actionDate": "2023-09-29",
                "text": "Referred to the House Committee on Appropriations."
            },
            "number": "5841",
            "policyArea": {
                "name": "Immigration"
            },
            "title": "Homeland Heroes Pay Act",
            "type": "HR",
            "url": "https://api.congress.gov/v3/bill/118/hr/5841?format=json"
        },
        {
            "congress": 118,
            "introducedDate": "2023-09-22",
            "latestAction": {
                "actionDate": "2023-09-22",
                "text": "Referred to the House Committee on Oversight and Accountability."
            },
            "number": "5675",
            "policyArea": {
                "name": "Government Operations and Politics"
            },
            "title": "Overtime Pay for Protective Services Act of 2023",
            "type": "HR",
            "url": "https://api.congress.gov/v3/bill/118/hr/5675?format=json"
        },
        {
            "congress": 118,
            "introducedDate": "2023-08-01",
            "latestAction": {
                "actionDate": "2023-10-06",
                "text": "Became Public Law No: 118-17."
            },
            "number": "5110",
            "policyArea": {
                "name": "Education"
            },
            "title": "Protecting Hunting Heritage and Education Act",
            "type": "HR",
            "url": "https://api.congress.gov/v3/bill/118/hr/5110?format=json"
        },
        {
            "congress": 118,
            "introducedDate": "2023-09-14",
            "latestAction": {
                "actionDate": "2023-09-14",
                "text": "Referred to the House Committee on Education and the Workforce."
            },
            "number": "685",
            "policyArea": {
                "name": "Arts, Culture, Religion"
            },
            "title": "Honoring Hiram \"Hank\" Williams on the 100th anniversary of his birth.",
            "type": "HRES",
            "url": "https://api.congress.gov/v3/bill/118/hres/685?format=json"
        },
        {
            "congress": 118,
            "introducedDate": "2023-08-29",
            "latestAction": {
                "actionDate": "2023-08-29",
                "text": "Referred to the Committee on Ways and Means, and in addition to the Committee on Education and the Workforce, for a period to be subsequently determined by the Speaker, in each case for consideration of such provisions as fall within the jurisdiction of the committee concerned."
            },
            "number": "5303",
            "policyArea": {
                "name": "Education"
            },
            "title": "NOT in Our Schools Act of 2023",
            "type": "HR",
            "url": "https://api.congress.gov/v3/bill/118/hr/5303?format=json"
        },
        {
            "congress": 118,
            "introducedDate": "2023-08-15",
            "latestAction": {
                "actionDate": "2023-08-18",
                "text": "Referred to the Subcommittee on Health."
            },
            "number": "5213",
            "policyArea": {
                "name": "Health"
            },
            "title": "Reducing Medically Unnecessary Delays in Care Act of 2023",
            "type": "HR",
            "url": "https://api.congress.gov/v3/bill/118/hr/5213?format=json"
        },
        {
            "congress": 118,
            "introducedDate": "2023-05-15",
            "latestAction": {
                "actionDate": "2023-07-27",
                "text": "Placed on the Union Calendar, Calendar No. 127."
            },
            "number": "3286",
            "policyArea": {
                "name": "Government Operations and Politics"
            },
            "title": "Securing Open Source Software Act of 2023",
            "type": "HR",
            "url": "https://api.congress.gov/v3/bill/118/hr/3286?format=json"
        },
        {
            "congress": 118,
            "introducedDate": "2023-07-18",
            "latestAction": {
                "actionDate": "2023-07-21",
                "text": "Referred to the Subcommittee on Health."
            },
            "number": "4710",
            "policyArea": {
                "name": "Health"
            },
            "title": "POST FAST Act of 2023",
            "type": "HR",
            "url": "https://api.congress.gov/v3/bill/118/hr/4710?format=json"
        },
        {
            "congress": 118,
            "introducedDate": "2023-06-30",
            "latestAction": {
                "actionDate": "2023-07-07",
                "text": "Referred to the Subcommittee on Health."
            },
            "number": "4414",
            "policyArea": {
                "name": "Health"
            },
            "title": "States Choose Life Act of 2023",
            "type": "HR",
            "url": "https://api.congress.gov/v3/bill/118/hr/4414?format=json"
        },
        {
            "congress": 118,
            "introducedDate": "2023-06-06",
            "latestAction": {
                "actionDate": "2023-06-06",
                "text": "Referred to the House Committee on Foreign Affairs."
            },
            "number": "3857",
            "policyArea": {
                "name": "International Affairs"
            },
            "title": "Special Relationship Military Improvement Act of 2023",
            "type": "HR",
            "url": "https://api.congress.gov/v3/bill/118/hr/3857?format=json"
        },
        {
            "congress": 118,
            "introducedDate": "2023-05-18",
            "latestAction": {
                "actionDate": "2023-05-18",
                "text": "Referred to the House Committee on the Judiciary."
            },
            "number": "3493",
            "policyArea": {
                "name": "Civil Rights and Liberties, Minority Issues"
            },
            "title": "ADA Improvement Act of 2023",
            "type": "HR",
            "url": "https://api.congress.gov/v3/bill/118/hr/3493?format=json"
        },
        {
            "congress": 118,
            "introducedDate": "2023-04-24",
            "latestAction": {
                "actionDate": "2023-05-05",
                "text": "Placed on the Union Calendar, Calendar No. 29."
            },
            "number": "2794",
            "policyArea": {
                "name": "Immigration"
            },
            "title": "Border Reinforcement Act of 2023",
            "type": "HR",
            "url": "https://api.congress.gov/v3/bill/118/hr/2794?format=json"
        },
        {
            "congress": 118,
            "introducedDate": "2023-04-18",
            "latestAction": {
                "actionDate": "2023-04-18",
                "text": "Referred to the House Committee on the Judiciary."
            },
            "number": "56",
            "policyArea": {
                "name": "Taxation"
            },
            "title": "Proposing an amendment to the Constitution of the United States to require three-fifths majorities for bills increasing taxes.",
            "type": "HJRES",
            "url": "https://api.congress.gov/v3/bill/118/hjres/56?format=json"
        },
        {
            "congress": 118,
            "introducedDate": "2023-04-13",
            "latestAction": {
                "actionDate": "2023-04-13",
                "text": "Referred to the Committee on Foreign Affairs, and in addition to the Committee on Ways and Means, for a period to be subsequently determined by the Speaker, in each case for consideration of such provisions as fall within the jurisdiction of the committee concerned."
            },
            "number": "2594",
            "policyArea": {
                "name": "Foreign Trade and International Finance"
            },
            "title": "China Technology Transfer Control Act of 2023",
            "type": "HR",
            "url": "https://api.congress.gov/v3/bill/118/hr/2594?format=json"
        },
        {
            "congress": 118,
            "introducedDate": "2023-04-06",
            "latestAction": {
                "actionDate": "2023-04-06",
                "text": "Referred to the House Committee on Appropriations."
            },
            "number": "2496",
            "policyArea": {
                "name": "Armed Forces and National Security"
            },
            "title": "Protecting Gold Star Spouses Act of 2023",
            "type": "HR",
            "url": "https://api.congress.gov/v3/bill/118/hr/2496?format=json"
        },
        {
            "congress": 118,
            "introducedDate": "2023-04-03",
            "latestAction": {
                "actionDate": "2023-04-03",
                "text": "Referred to the House Committee on Armed Services."
            },
            "number": "2464",
            "policyArea": {
                "name": "Armed Forces and National Security"
            },
            "title": "General Thaddeus Kosciuszko Memorial Exchange Program for Polish-American Defense Cooperation Act",
            "type": "HR",
            "url": "https://api.congress.gov/v3/bill/118/hr/2464?format=json"
        },
        {
            "congress": 118,
            "introducedDate": "2023-03-22",
            "latestAction": {
                "actionDate": "2023-03-22",
                "text": "Referred to the House Committee on Foreign Affairs."
            },
            "number": "1704",
            "policyArea": {
                "name": "International Affairs"
            },
            "title": "Latin America and Caribbean Nearshoring Act",
            "type": "HR",
            "url": "https://api.congress.gov/v3/bill/118/hr/1704?format=json"
        },
        {
            "congress": 118,
            "introducedDate": "2023-03-21",
            "latestAction": {
                "actionDate": "2023-03-21",
                "text": "Referred to the House Committee on Ways and Means."
            },
            "number": "1676",
            "policyArea": {
                "name": "Taxation"
            },
            "title": "Bring American Companies Home Act",
            "type": "HR",
            "url": "https://api.congress.gov/v3/bill/118/hr/1676?format=json"
        },
        {
            "congress": 118,
            "introducedDate": "2023-03-08",
            "latestAction": {
                "actionDate": "2023-07-26",
                "text": "Ordered to be Reported (Amended) by the Yeas and Nays: 26 - 23."
            },
            "number": "1456",
            "policyArea": {
                "name": "International Affairs"
            },
            "title": "SCREEN Act",
            "type": "HR",
            "url": "https://api.congress.gov/v3/bill/118/hr/1456?format=json"
        },
        {
            "congress": 118,
            "introducedDate": "2023-02-27",
            "latestAction": {
                "actionDate": "2023-02-27",
                "text": "Referred to the House Committee on House Administration."
            },
            "number": "169",
            "policyArea": {
                "name": "Congress"
            },
            "title": "Providing amounts for the expenses of the Committee on Homeland Security in the One Hundred Eighteenth Congress.",
            "type": "HRES",
            "url": "https://api.congress.gov/v3/bill/118/hres/169?format=json"
        },
        {
            "congress": 118,
            "introducedDate": "2023-02-21",
            "latestAction": {
                "actionDate": "2023-02-21",
                "text": "Referred to the House Committee on Ways and Means."
            },
            "number": "1128",
            "policyArea": {
                "name": "Health"
            },
            "title": "Rural Health Care Access Act of 2023",
            "type": "HR",
            "url": "https://api.congress.gov/v3/bill/118/hr/1128?format=json"
        },
        {
            "congress": 118,
            "introducedDate": "2023-02-21",
            "latestAction": {
                "actionDate": "2023-03-03",
                "text": "Referred to the Subcommittee on Health."
            },
            "number": "1129",
            "policyArea": {
                "name": "Health"
            },
            "title": "Rural ER Access Act",
            "type": "HR",
            "url": "https://api.congress.gov/v3/bill/118/hr/1129?format=json"
        },
        {
            "congress": 118,
            "introducedDate": "2023-02-01",
            "latestAction": {
                "actionDate": "2023-02-01",
                "text": "Referred to the Committee on Ways and Means, and in addition to the Committee on Foreign Affairs, for a period to be subsequently determined by the Speaker, in each case for consideration of such provisions as fall within the jurisdiction of the committee concerned."
            },
            "number": "722",
            "policyArea": {
                "name": "International Affairs"
            },
            "title": "Western Hemisphere Nearshoring Act",
            "type": "HR",
            "url": "https://api.congress.gov/v3/bill/118/hr/722?format=json"
        },
        {
            "congress": 118,
            "introducedDate": "2023-01-30",
            "latestAction": {
                "actionDate": "2023-02-10",
                "text": "Referred to the Subcommittee on Health."
            },
            "number": "629",
            "policyArea": {
                "name": "Health"
            },
            "title": "Medicaid Improvement and State Flexibility Act of 2023",
            "type": "HR",
            "url": "https://api.congress.gov/v3/bill/118/hr/629?format=json"
        },
        {
            "amendmentNumber": "120",
            "congress": 118,
            "introducedDate": "2023-03-23",
            "latestAction": {
                "actionDate": "2023-03-24",
                "actionTime": "10:30:16",
                "text": "On agreeing to the Green (TN) amendment (A010) Agreed to by recorded vote: 420 - 5 (Roll no. 154). (consideration: CR H1420-1421)"
            },
            "type": null,
            "url": "https://api.congress.gov/v3/amendment/118/hamdt/120?format=json"
        },
        {
            "congress": 117,
            "introducedDate": "2022-10-31",
            "latestAction": {
                "actionDate": "2022-10-31",
                "text": "Referred to the House Committee on Ways and Means."
            },
            "number": "9257",
            "policyArea": {
                "name": "Health"
            },
            "title": "Rural Health Care Access Act of 2022",
            "type": "HR",
            "url": "https://api.congress.gov/v3/bill/117/hr/9257?format=json"
        },
        {
            "congress": 117,
            "introducedDate": "2022-10-31",
            "latestAction": {
                "actionDate": "2022-11-01",
                "text": "Referred to the Subcommittee on Health."
            },
            "number": "9258",
            "policyArea": {
                "name": "Health"
            },
            "title": "To direct the Secretary of Health and Human Services to revise regulations to remove the requirement under the Medicare program that an off-campus facility or organization shall be located within a 35-mile radius of a hospital or critical access hospital, and for other purposes.",
            "type": "HR",
            "url": "https://api.congress.gov/v3/bill/117/hr/9258?format=json"
        },
        {
            "congress": 117,
            "introducedDate": "2022-06-15",
            "latestAction": {
                "actionDate": "2022-06-15",
                "text": "Referred to the Subcommittee on Health."
            },
            "number": "8078",
            "policyArea": {
                "name": "Health"
            },
            "title": "Reducing Medically Unnecessary Delays in Care Act of 2022",
            "type": "HR",
            "url": "https://api.congress.gov/v3/bill/117/hr/8078?format=json"
        },
        {
            "congress": 117,
            "introducedDate": "2022-05-18",
            "latestAction": {
                "actionDate": "2022-05-18",
                "text": "Referred to the Subcommittee on Trade."
            },
            "number": "7822",
            "policyArea": {
                "name": "Foreign Trade and International Finance"
            },
            "title": "Baby Formula Emergency Act",
            "type": "HR",
            "url": "https://api.congress.gov/v3/bill/117/hr/7822?format=json"
        },
        {
            "congress": 117,
            "introducedDate": "2022-04-26",
            "latestAction": {
                "actionDate": "2022-04-26",
                "text": "Referred to the Committee on Ways and Means, and in addition to the Committee on Foreign Affairs, for a period to be subsequently determined by the Speaker, in each case for consideration of such provisions as fall within the jurisdiction of the committee concerned."
            },
            "number": "7579",
            "policyArea": {
                "name": "International Affairs"
            },
            "title": "Western Hemisphere Nearshoring Act",
            "type": "HR",
            "url": "https://api.congress.gov/v3/bill/117/hr/7579?format=json"
        },
        {
            "congress": 117,
            "introducedDate": "2022-03-29",
            "latestAction": {
                "actionDate": "2022-03-29",
                "text": "Referred to the Committee on Ways and Means, and in addition to the Committee on Education and Labor, for a period to be subsequently determined by the Speaker, in each case for consideration of such provisions as fall within the jurisdiction of the committee concerned."
            },
            "number": "7269",
            "policyArea": {
                "name": "Education"
            },
            "title": "NOT in Our Schools Act of 2022",
            "type": "HR",
            "url": "https://api.congress.gov/v3/bill/117/hr/7269?format=json"
        },
        {
            "congress": 117,
            "introducedDate": "2022-03-07",
            "latestAction": {
                "actionDate": "2022-03-07",
                "text": "Referred to the House Committee on Ways and Means."
            },
            "number": "6942",
            "policyArea": {
                "name": "Foreign Trade and International Finance"
            },
            "title": "To prohibit the importation of oil and gas products from Russia, Iran, or Venezuela, and for other purposes.",
            "type": "HR",
            "url": "https://api.congress.gov/v3/bill/117/hr/6942?format=json"
        },
        {
            "congress": 117,
            "introducedDate": "2022-02-28",
            "latestAction": {
                "actionDate": "2022-02-28",
                "text": "Referred to the Committee on Armed Services, and in addition to the Committees on Oversight and Reform, and Foreign Affairs, for a period to be subsequently determined by the Speaker, in each case for consideration of such provisions as fall within the jurisdiction of the committee concerned."
            },
            "number": "6855",
            "policyArea": {
                "name": "International Affairs"
            },
            "title": "SCREEN Act",
            "type": "HR",
            "url": "https://api.congress.gov/v3/bill/117/hr/6855?format=json"
        },
        {
            "congress": 117,
            "introducedDate": "2022-02-02",
            "latestAction": {
                "actionDate": "2022-02-02",
                "text": "Referred to the House Committee on Education and Labor."
            },
            "number": "6564",
            "policyArea": {
                "name": "Education"
            },
            "title": "Keep Schools Open Act",
            "type": "HR",
            "url": "https://api.congress.gov/v3/bill/117/hr/6564?format=json"
        },
        {
            "congress": 117,
            "introducedDate": "2021-07-13",
            "latestAction": {
                "actionDate": "2021-08-11",
                "text": "Referred to the Subcommittee on Conservation and Forestry."
            },
            "number": "4415",
            "policyArea": {
                "name": "Public Lands and Natural Resources"
            },
            "title": "Chester County Reversionary Interest Release Act",
            "type": "HR",
            "url": "https://api.congress.gov/v3/bill/117/hr/4415?format=json"
        },
        {
            "congress": 117,
            "introducedDate": "2021-08-13",
            "latestAction": {
                "actionDate": "2021-08-13",
                "text": "Referred to the House Committee on Armed Services."
            },
            "number": "587",
            "policyArea": {
                "name": "Armed Forces and National Security"
            },
            "title": "Expressing the sense of the House of Representatives that Congress disapproves of Department of Defense leadership pursuing adverse actions toward members of the Armed Forces of the United States who choose not to receive a COVID-19 vaccine.",
            "type": "HRES",
            "url": "https://api.congress.gov/v3/bill/117/hres/587?format=json"
        },
        {
            "congress": 117,
            "introducedDate": "2021-06-28",
            "latestAction": {
                "actionDate": "2022-11-01",
                "text": "Referred to the Subcommittee on Immigration and Citizenship."
            },
            "number": "4201",
            "policyArea": {
                "name": "Immigration"
            },
            "title": "Migrant Accountability Act of 2021",
            "type": "HR",
            "url": "https://api.congress.gov/v3/bill/117/hr/4201?format=json"
        },
        {
            "congress": 117,
            "introducedDate": "2021-06-16",
            "latestAction": {
                "actionDate": "2021-06-16",
                "text": "Referred to the House Committee on Armed Services."
            },
            "number": "3936",
            "policyArea": {
                "name": "Armed Forces and National Security"
            },
            "title": "Military Perimeter Transparency Act",
            "type": "HR",
            "url": "https://api.congress.gov/v3/bill/117/hr/3936?format=json"
        },
        {
            "congress": 117,
            "introducedDate": "2021-05-25",
            "latestAction": {
                "actionDate": "2022-11-01",
                "text": "Referred to the Subcommittee on Immigration and Citizenship."
            },
            "number": "3500",
            "policyArea": {
                "name": "Immigration"
            },
            "title": "States Have A Say Act",
            "type": "HR",
            "url": "https://api.congress.gov/v3/bill/117/hr/3500?format=json"
        },
        {
            "congress": 117,
            "introducedDate": "2021-05-20",
            "latestAction": {
                "actionDate": "2022-11-01",
                "text": "Referred to the Subcommittee on the Constitution, Civil Rights, and Civil Liberties."
            },
            "number": "47",
            "policyArea": {
                "name": "Taxation"
            },
            "title": "Proposing an amendment to the Constitution of the United States to require three-fifths majorities for bills increasing taxes.",
            "type": "HJRES",
            "url": "https://api.congress.gov/v3/bill/117/hjres/47?format=json"
        },
        {
            "congress": 117,
            "introducedDate": "2021-05-12",
            "latestAction": {
                "actionDate": "2021-05-12",
                "text": "Referred to the House Committee on Foreign Affairs."
            },
            "number": "3144",
            "policyArea": {
                "name": "International Affairs"
            },
            "title": "Restraining Russian Imperialism Act",
            "type": "HR",
            "url": "https://api.congress.gov/v3/bill/117/hr/3144?format=json"
        },
        {
            "congress": 117,
            "introducedDate": "2021-05-07",
            "latestAction": {
                "actionDate": "2021-05-10",
                "text": "Referred to the Subcommittee on Coast Guard and Maritime Transportation."
            },
            "number": "3046",
            "policyArea": {
                "name": "Armed Forces and National Security"
            },
            "title": "To prohibit Federal service academies from providing training and education based on critical race theory.",
            "type": "HR",
            "url": "https://api.congress.gov/v3/bill/117/hr/3046?format=json"
        },
        {
            "congress": 117,
            "introducedDate": "2021-04-22",
            "latestAction": {
                "actionDate": "2021-10-19",
                "text": "Referred to the Subcommittee on the Constitution, Civil Rights, and Civil Liberties."
            },
            "number": "43",
            "policyArea": {
                "name": "Law"
            },
            "title": "Proposing an amendment to the Constitution of the United States to require that the Supreme Court of the United States be composed of nine justices.",
            "type": "HJRES",
            "url": "https://api.congress.gov/v3/bill/117/hjres/43?format=json"
        },
        {
            "congress": 117,
            "introducedDate": "2021-04-05",
            "latestAction": {
                "actionDate": "2021-04-05",
                "text": "Referred to the House Committee on Appropriations."
            },
            "number": "2362",
            "policyArea": {
                "name": "Armed Forces and National Security"
            },
            "title": "Protecting Gold Star Spouses Act of 2021",
            "type": "HR",
            "url": "https://api.congress.gov/v3/bill/117/hr/2362?format=json"
        },
        {
            "congress": 117,
            "introducedDate": "2021-03-10",
            "latestAction": {
                "actionDate": "2021-03-10",
                "text": "Referred to the House Committee on Foreign Affairs."
            },
            "number": "1743",
            "policyArea": {
                "name": "International Affairs"
            },
            "title": "Allied Burden Sharing Report Act of 2021",
            "type": "HR",
            "url": "https://api.congress.gov/v3/bill/117/hr/1743?format=json"
        },
        {
            "congress": 117,
            "introducedDate": "2021-03-09",
            "latestAction": {
                "actionDate": "2021-05-18",
                "text": "Referred to the Subcommittee on the Constitution, Civil Rights, and Civil Liberties."
            },
            "number": "30",
            "policyArea": {
                "name": "Economics and Public Finance"
            },
            "title": "Proposing a balanced budget amendment to the Constitution of the United States.",
            "type": "HJRES",
            "url": "https://api.congress.gov/v3/bill/117/hjres/30?format=json"
        },
        {
            "congress": 117,
            "introducedDate": "2021-02-23",
            "latestAction": {
                "actionDate": "2021-02-23",
                "text": "Referred to the House Committee on Foreign Affairs."
            },
            "number": "1232",
            "policyArea": {
                "name": "International Affairs"
            },
            "title": "Diplomatic Personnel Modernization Act",
            "type": "HR",
            "url": "https://api.congress.gov/v3/bill/117/hr/1232?format=json"
        },
        {
            "congress": 117,
            "introducedDate": "2021-02-18",
            "latestAction": {
                "actionDate": "2021-02-18",
                "text": "Referred to the Committee on Financial Services, and in addition to the Committee on Foreign Affairs, for a period to be subsequently determined by the Speaker, in each case for consideration of such provisions as fall within the jurisdiction of the committee concerned."
            },
            "number": "1130",
            "policyArea": {
                "name": "Foreign Trade and International Finance"
            },
            "title": "SOS ACT Act",
            "type": "HR",
            "url": "https://api.congress.gov/v3/bill/117/hr/1130?format=json"
        },
        {
            "congress": 117,
            "introducedDate": "2021-02-18",
            "latestAction": {
                "actionDate": "2021-02-18",
                "text": "Referred to the Committee on Financial Services, and in addition to the Committee on Foreign Affairs, for a period to be subsequently determined by the Speaker, in each case for consideration of such provisions as fall within the jurisdiction of the committee concerned."
            },
            "number": "17",
            "policyArea": {
                "name": "Foreign Trade and International Finance"
            },
            "title": "Expressing the sense of Congress that the President should do everything in his power to achieve resolution and repayment of the defaulted sovereign debt of the People's Republic of China held by 20,000 families in the United States represented by American Bondholders Foundation, LLC.",
            "type": "HCONRES",
            "url": "https://api.congress.gov/v3/bill/117/hconres/17?format=json"
        },
        {
            "congress": 117,
            "introducedDate": "2021-02-18",
            "latestAction": {
                "actionDate": "2021-02-18",
                "text": "Referred to the Committee on Foreign Affairs, and in addition to the Committee on Ways and Means, for a period to be subsequently determined by the Speaker, in each case for consideration of such provisions as fall within the jurisdiction of the committee concerned."
            },
            "number": "1131",
            "policyArea": {
                "name": "Foreign Trade and International Finance"
            },
            "title": "China Technology Transfer Control Act of 2021",
            "type": "HR",
            "url": "https://api.congress.gov/v3/bill/117/hr/1131?format=json"
        },
        {
            "congress": 117,
            "introducedDate": "2021-02-18",
            "latestAction": {
                "actionDate": "2021-02-18",
                "text": "Referred to the Committee on the Budget, and in addition to the Committee on Oversight and Reform, for a period to be subsequently determined by the Speaker, in each case for consideration of such provisions as fall within the jurisdiction of the committee concerned."
            },
            "number": "1129",
            "policyArea": {
                "name": "Economics and Public Finance"
            },
            "title": "Our Money in China Transparency Act",
            "type": "HR",
            "url": "https://api.congress.gov/v3/bill/117/hr/1129?format=json"
        },
        {
            "congress": 117,
            "introducedDate": "2021-02-18",
            "latestAction": {
                "actionDate": "2021-02-18",
                "text": "Referred to the House Committee on Ways and Means."
            },
            "number": "1128",
            "policyArea": {
                "name": "Taxation"
            },
            "title": "To allow expensing of amounts paid to move business property from China to the United States, and for other purposes.",
            "type": "HR",
            "url": "https://api.congress.gov/v3/bill/117/hr/1128?format=json"
        },
        {
            "congress": 117,
            "introducedDate": "2021-02-01",
            "latestAction": {
                "actionDate": "2021-02-01",
                "text": "Referred to the House Committee on Oversight and Reform."
            },
            "number": "78",
            "policyArea": {
                "name": "Government Operations and Politics"
            },
            "title": "Expressing the sense of the House of Representatives that Congress disapproves of government officials who violate the public health restrictions they impose on others.",
            "type": "HRES",
            "url": "https://api.congress.gov/v3/bill/117/hres/78?format=json"
        },
        {
            "congress": 116,
            "introducedDate": "2020-12-24",
            "latestAction": {
                "actionDate": "2020-12-24",
                "text": "Referred to the House Committee on Energy and Commerce."
            },
            "number": "1272",
            "policyArea": {
                "name": "Health"
            },
            "title": "Expressing the sense of the House of Representatives that Congress disapproves of the December 20 COVID-19 vaccine distribution availability timeline guidance of the Centers for Disease Control and Prevention (CDC) Advisory Committee on Immunization Practices (ACIP).",
            "type": "HRES",
            "url": "https://api.congress.gov/v3/bill/116/hres/1272?format=json"
        },
        {
            "congress": 116,
            "introducedDate": "2020-08-25",
            "latestAction": {
                "actionDate": "2020-08-25",
                "text": "Referred to the House Committee on Oversight and Reform."
            },
            "number": "8103",
            "policyArea": {
                "name": "Government Operations and Politics"
            },
            "title": "Protecting Federal Networks Act",
            "type": "HR",
            "url": "https://api.congress.gov/v3/bill/116/hr/8103?format=json"
        },
        {
            "congress": 116,
            "introducedDate": "2020-08-18",
            "latestAction": {
                "actionDate": "2020-08-18",
                "text": "Referred to the Committee on Financial Services, and in addition to the Committee on Foreign Affairs, for a period to be subsequently determined by the Speaker, in each case for consideration of such provisions as fall within the jurisdiction of the committee concerned."
            },
            "number": "110",
            "policyArea": {
                "name": "Foreign Trade and International Finance"
            },
            "title": "Expressing the sense of Congress that the President should do everything in his power to achieve resolution and repayment of the defaulted sovereign debt of the People's Republic of China held by 20,000 families in the United States represented by the American Bondholders Foundation, LLC.",
            "type": "HCONRES",
            "url": "https://api.congress.gov/v3/bill/116/hconres/110?format=json"
        },
        {
            "congress": 116,
            "introducedDate": "2020-08-11",
            "latestAction": {
                "actionDate": "2020-08-11",
                "text": "Referred to the House Committee on Financial Services."
            },
            "number": "8007",
            "policyArea": {
                "name": "Finance and Financial Sector"
            },
            "title": "Federal Reserve Sunshine Act of 2020",
            "type": "HR",
            "url": "https://api.congress.gov/v3/bill/116/hr/8007?format=json"
        },
        {
            "congress": 116,
            "introducedDate": "2020-06-18",
            "latestAction": {
                "actionDate": "2020-06-18",
                "text": "Referred to the Committee on the Budget, and in addition to the Committee on Oversight and Reform, for a period to be subsequently determined by the Speaker, in each case for consideration of such provisions as fall within the jurisdiction of the committee concerned."
            },
            "number": "7249",
            "policyArea": {
                "name": "Economics and Public Finance"
            },
            "title": "Our Money in China Transparency Act",
            "type": "HR",
            "url": "https://api.congress.gov/v3/bill/116/hr/7249?format=json"
        },
        {
            "congress": 116,
            "introducedDate": "2020-05-15",
            "latestAction": {
                "actionDate": "2020-05-15",
                "text": "Referred to the House Committee on Ways and Means."
            },
            "number": "6903",
            "policyArea": {
                "name": "Taxation"
            },
            "title": "To allow expensing of amounts paid to move business property from China to the United States, and for other purposes.",
            "type": "HR",
            "url": "https://api.congress.gov/v3/bill/116/hr/6903?format=json"
        },
        {
            "congress": 116,
            "introducedDate": "2020-04-23",
            "latestAction": {
                "actionDate": "2020-04-23",
                "text": "Referred to the Committee on Financial Services, and in addition to the Committee on Foreign Affairs, for a period to be subsequently determined by the Speaker, in each case for consideration of such provisions as fall within the jurisdiction of the committee concerned."
            },
            "number": "6598",
            "policyArea": {
                "name": "Foreign Trade and International Finance"
            },
            "title": "SOS ACT Act",
            "type": "HR",
            "url": "https://api.congress.gov/v3/bill/116/hr/6598?format=json"
        },
        {
            "congress": 116,
            "introducedDate": "2020-02-25",
            "latestAction": {
                "actionDate": "2020-02-25",
                "text": "Referred to the Committee on Veterans' Affairs, and in addition to the Committee on Armed Services, for a period to be subsequently determined by the Speaker, in each case for consideration of such provisions as fall within the jurisdiction of the committee concerned."
            },
            "number": "5957",
            "policyArea": {
                "name": "Armed Forces and National Security"
            },
            "title": "K2 Veterans Toxic Exposure Accountability Act of 2020",
            "type": "HR",
            "url": "https://api.congress.gov/v3/bill/116/hr/5957?format=json"
        },
        {
            "congress": 116,
            "introducedDate": "2020-02-04",
            "latestAction": {
                "actionDate": "2020-02-04",
                "text": "Referred to the Subcommittee on Health."
            },
            "number": "5754",
            "policyArea": {
                "name": "Health"
            },
            "title": "Rural ER Access Act",
            "type": "HR",
            "url": "https://api.congress.gov/v3/bill/116/hr/5754?format=json"
        },
        {
            "congress": 116,
            "introducedDate": "2019-10-17",
            "latestAction": {
                "actionDate": "2019-10-17",
                "text": "Referred to the House Committee on Armed Services."
            },
            "number": "4720",
            "policyArea": {
                "name": "Armed Forces and National Security"
            },
            "title": "To amend title 10, United States Code, to establish the Assistant Secretary of Defense for Space, and for other purposes.",
            "type": "HR",
            "url": "https://api.congress.gov/v3/bill/116/hr/4720?format=json"
        },
        {
            "congress": 116,
            "introducedDate": "2019-08-02",
            "latestAction": {
                "actionDate": "2019-08-12",
                "text": "Referred to the Subcommittee on Crime, Terrorism, and Homeland Security."
            },
            "number": "536",
            "policyArea": {
                "name": "Crime and Law Enforcement"
            },
            "title": "Strongly condemning the violent actions of Antifa and recognizing that it engages in domestic terrorism.",
            "type": "HRES",
            "url": "https://api.congress.gov/v3/bill/116/hres/536?format=json"
        },
        {
            "congress": 116,
            "introducedDate": "2019-07-11",
            "latestAction": {
                "actionDate": "2019-07-11",
                "text": "Referred to the House Committee on Ways and Means."
            },
            "number": "3717",
            "policyArea": {
                "name": "Taxation"
            },
            "title": "Dollars for the Wall Act",
            "type": "HR",
            "url": "https://api.congress.gov/v3/bill/116/hr/3717?format=json"
        },
        {
            "congress": 116,
            "introducedDate": "2019-06-27",
            "latestAction": {
                "actionDate": "2019-06-27",
                "text": "Referred to the Committee on Foreign Affairs, and in addition to the Committee on Ways and Means, for a period to be subsequently determined by the Speaker, in each case for consideration of such provisions as fall within the jurisdiction of the committee concerned."
            },
            "number": "3532",
            "policyArea": {
                "name": "Foreign Trade and International Finance"
            },
            "title": "China Technology Transfer Control Act of 2019",
            "type": "HR",
            "url": "https://api.congress.gov/v3/bill/116/hr/3532?format=json"
        },
        {
            "congress": 116,
            "introducedDate": "2019-06-20",
            "latestAction": {
                "actionDate": "2019-06-28",
                "text": "Referred to the Subcommittee on the Constitution, Civil Rights, and Civil Liberties."
            },
            "number": "68",
            "policyArea": {
                "name": "Economics and Public Finance"
            },
            "title": "Proposing a balanced budget amendment to the Constitution of the United States.",
            "type": "HJRES",
            "url": "https://api.congress.gov/v3/bill/116/hjres/68?format=json"
        },
        {
            "congress": 116,
            "introducedDate": "2019-05-23",
            "latestAction": {
                "actionDate": "2019-05-23",
                "text": "Referred to the House Committee on Ways and Means."
            },
            "number": "2990",
            "policyArea": {
                "name": "Health"
            },
            "title": "Rural Health Care Access Act of 2019",
            "type": "HR",
            "url": "https://api.congress.gov/v3/bill/116/hr/2990?format=json"
        },
        {
            "congress": 116,
            "introducedDate": "2019-05-14",
            "latestAction": {
                "actionDate": "2019-05-14",
                "text": "Referred to the House Committee on Ways and Means."
            },
            "number": "2716",
            "policyArea": {
                "name": "Taxation"
            },
            "title": "Protecting Gold Star Children Act of 2019",
            "type": "HR",
            "url": "https://api.congress.gov/v3/bill/116/hr/2716?format=json"
        },
        {
            "congress": 116,
            "introducedDate": "2019-05-14",
            "latestAction": {
                "actionDate": "2019-05-15",
                "text": "Referred to the Subcommittee on Health."
            },
            "number": "2715",
            "policyArea": {
                "name": "Health"
            },
            "title": "Medicaid Improvement and State Flexibility Act of 2019",
            "type": "HR",
            "url": "https://api.congress.gov/v3/bill/116/hr/2715?format=json"
        },
        {
            "congress": 116,
            "introducedDate": "2019-05-08",
            "latestAction": {
                "actionDate": "2020-11-09",
                "text": "Placed on Senate Legislative Calendar under General Orders. Calendar No. 578."
            },
            "number": "2589",
            "policyArea": {
                "name": "Emergency Management"
            },
            "title": "Unifying DHS Intelligence Components Act",
            "type": "HR",
            "url": "https://api.congress.gov/v3/bill/116/hr/2589?format=json"
        },
        {
            "congress": 116,
            "introducedDate": "2019-04-10",
            "latestAction": {
                "actionDate": "2019-05-01",
                "actionTime": "14:28:23",
                "text": "On motion to table the measure Agreed to by recorded vote: 226 - 183 (Roll no. 174)."
            },
            "number": "304",
            "policyArea": {
                "name": "Congress"
            },
            "title": "Raising a question of the privileges of the House.",
            "type": "HRES",
            "url": "https://api.congress.gov/v3/bill/116/hres/304?format=json"
        },
        {
            "congress": 116,
            "introducedDate": "2019-04-03",
            "latestAction": {
                "actionDate": "2019-04-26",
                "text": "Referred to the Subcommittee on Europe, Eurasia, Energy and the Environment."
            },
            "number": "2047",
            "policyArea": {
                "name": "International Affairs"
            },
            "title": "Allied Burden Sharing Report Act of 2019",
            "type": "HR",
            "url": "https://api.congress.gov/v3/bill/116/hr/2047?format=json"
        },
        {
            "congress": 116,
            "introducedDate": "2019-03-21",
            "latestAction": {
                "actionDate": "2019-04-08",
                "text": "Referred to the Subcommittee on the Constitution, Civil Rights, and Civil Liberties."
            },
            "number": "52",
            "policyArea": {
                "name": "Law"
            },
            "title": "Proposing an amendment to the Constitution of the United States to require that the Supreme Court of the United States be composed of nine justices.",
            "type": "HJRES",
            "url": "https://api.congress.gov/v3/bill/116/hjres/52?format=json"
        },
        {
            "congress": 116,
            "introducedDate": "2019-03-18",
            "latestAction": {
                "actionDate": "2019-04-11",
                "text": "Referred to the Subcommittee on Economic Opportunity."
            },
            "number": "1810",
            "policyArea": {
                "name": "Finance and Financial Sector"
            },
            "title": "Kids to College Act",
            "type": "HR",
            "url": "https://api.congress.gov/v3/bill/116/hr/1810?format=json"
        },
        {
            "amendmentNumber": "77",
            "congress": 116,
            "introducedDate": "2019-03-07",
            "latestAction": {
                "actionDate": "2019-03-07",
                "actionTime": "18:00:34",
                "text": "On agreeing to the Green (TN) amendment (A024) Failed by recorded vote: 200 - 233 (Roll no. 112). "
            },
            "type": null,
            "url": "https://api.congress.gov/v3/amendment/116/hamdt/77?format=json"
        },
        {
            "congress": 116,
            "introducedDate": "2019-03-06",
            "latestAction": {
                "actionDate": "2019-03-27",
                "text": "Referred to the Subcommittee on Conservation and Forestry."
            },
            "number": "1563",
            "policyArea": {
                "name": "Public Lands and Natural Resources"
            },
            "title": "Chester County Reversionary Interest Release Act",
            "type": "HR",
            "url": "https://api.congress.gov/v3/bill/116/hr/1563?format=json"
        },
        {
            "congress": 116,
            "introducedDate": "2019-01-29",
            "latestAction": {
                "actionDate": "2019-01-29",
                "text": "Referred to the House Committee on Appropriations."
            },
            "number": "847",
            "policyArea": {
                "name": "Armed Forces and National Security"
            },
            "title": "Protecting Gold Star Spouses Act of 2019",
            "type": "HR",
            "url": "https://api.congress.gov/v3/bill/116/hr/847?format=json"
        }
    ]
}