{
    "pagination": {
        "count": 123
    },
    "request": {
        "bioguideId": "p000604",
        "contentType": "application/json",
        "format": "json"
    },
    "sponsoredLegislation": [
        {
            "congress": 118,
            "introducedDate": "2024-03-01",
            "latestAction": {
                "actionDate": "2024-03-01",
                "text": "Referred to the House Committee on Oversight and Accountability."
            },
            "number": "1050",
            "policyArea": {
                "name": "Health"
            },
            "title": "Supporting the designation of March 2024 as National Colorectal Cancer Awareness Month.",
            "type": "HRES",
            "url": "https://api.congress.gov/v3/bill/118/hres/1050?format=json"
        },
        {
            "congress": 118,
            "introducedDate": "2024-02-29",
            "latestAction": {
                "actionDate": "2024-03-08",
                "text": "Referred to the Subcommittee on Health."
            },
            "number": "7503",
            "policyArea": {
                "name": "Health"
            },
            "title": "Health Equity for People with Disabilities Act",
            "type": "HR",
            "url": "https://api.congress.gov/v3/bill/118/hr/7503?format=json"
        },
        {
            "congress": 118,
            "introducedDate": "2023-10-06",
            "latestAction": {
                "actionDate": "2023-10-25",
                "text": "Referred to the House Committee on Energy and Commerce."
            },
            "number": "766",
            "policyArea": {
                "name": "Health"
            },
            "title": "Supporting the designation of October 7, 2023, as National Ostomy Awareness Day.",
            "type": "HRES",
            "url": "https://api.congress.gov/v3/bill/118/hres/766?format=json"
        },
        {
            "congress": 118,
            "introducedDate": "2023-09-26",
            "latestAction": {
                "actionDate": "2023-09-26",
                "text": "Referred to the House Committee on Oversight and Accountability."
            },
            "number": "728",
            "policyArea": {
                "name": "Health"
            },
            "title": "Expressing support for the designation of September 2023 as \"Peripheral Artery Disease Awareness Month\".",
            "type": "HRES",
            "url": "https://api.congress.gov/v3/bill/118/hres/728?format=json"
        },
        {
            "congress": 118,
            "introducedDate": "2023-09-19",
            "latestAction": {
                "actionDate": "2023-09-22",
                "text": "Referred to the Subcommittee on Health."
            },
            "number": "700",
            "policyArea": {
                "name": "Health"
            },
            "title": "Expressing support for the designation of September 2023 as \"National Prostate Cancer Awareness Month\".",
            "type": "HRES",
            "url": "https://api.congress.gov/v3/bill/118/hres/700?format=json"
        },
        {
            "congress": 118,
            "introducedDate": "2023-05-11",
            "latestAction": {
                "actionDate": "2024-07-31",
                "text": "Committee on Homeland Security and Governmental Affairs. Ordered to be reported without amendment favorably."
            },
            "number": "3254",
            "policyArea": {
                "name": "Emergency Management"
            },
            "title": "First Responder Access to Innovative Technologies Act",
            "type": "HR",
            "url": "https://api.congress.gov/v3/bill/118/hr/3254?format=json"
        },
        {
            "congress": 118,
            "introducedDate": "2023-06-21",
            "latestAction": {
                "actionDate": "2023-06-23",
                "text": "Referred to the Subcommittee on Health."
            },
            "number": "4261",
            "policyArea": {
                "name": "Health"
            },
            "title": "ARC Act of 2023",
            "type": "HR",
            "url": "https://api.congress.gov/v3/bill/118/hr/4261?format=json"
        },
        {
            "congress": 118,
            "introducedDate": "2023-06-15",
            "latestAction": {
                "actionDate": "2023-06-16",
                "text": "Referred to the Subcommittee on Health."
            },
            "number": "4182",
            "policyArea": {
                "name": "Health"
            },
            "title": "Men\u2019s Health Awareness and Improvement Act",
            "type": "HR",
            "url": "https://api.congress.gov/v3/bill/118/hr/4182?format=json"
        },
        {
            "congress": 118,
            "introducedDate": "2023-06-14",
            "latestAction": {
                "actionDate": "2024-05-07",
                "actionTime": "17:17:12",
                "text": "ASSUMING FIRST SPONSORSHIP - Mr. Rose asked unanimous consent that he may hereafter be considered as the first sponsor of H.R. 4128, a bill originally introduced by Representative Payne, for the purpose of adding cosponsors and requesting reprintings pursuant to clause 7 of rule XII. Agreed to without objection."
            },
            "number": "4128",
            "policyArea": {
                "name": "Finance and Financial Sector"
            },
            "title": "Payment Choice Act of 2023",
            "type": "HR",
            "url": "https://api.congress.gov/v3/bill/118/hr/4128?format=json"
        },
        {
            "congress": 118,
            "introducedDate": "2023-06-09",
            "latestAction": {
                "actionDate": "2023-06-09",
                "text": "Referred to the House Committee on Oversight and Accountability."
            },
            "number": "490",
            "policyArea": {
                "name": "Health"
            },
            "title": "Supporting the designation of the week of June 12 through June 18, 2023, as \"National Men's Health Week\".",
            "type": "HRES",
            "url": "https://api.congress.gov/v3/bill/118/hres/490?format=json"
        },
        {
            "congress": 118,
            "introducedDate": "2023-05-16",
            "latestAction": {
                "actionDate": "2023-05-19",
                "text": "Referred to the Subcommittee on Health."
            },
            "number": "3382",
            "policyArea": {
                "name": "Health"
            },
            "title": "Colorectal Cancer Payment Fairness Act",
            "type": "HR",
            "url": "https://api.congress.gov/v3/bill/118/hr/3382?format=json"
        },
        {
            "congress": 118,
            "introducedDate": "2023-05-11",
            "latestAction": {
                "actionDate": "2023-05-12",
                "text": "Referred to the Subcommittee on Railroads, Pipelines, and Hazardous Materials."
            },
            "number": "3255",
            "policyArea": {
                "name": "Transportation and Public Works"
            },
            "title": "Freight Rail Workforce Health and Safety Act",
            "type": "HR",
            "url": "https://api.congress.gov/v3/bill/118/hr/3255?format=json"
        },
        {
            "congress": 118,
            "introducedDate": "2023-03-29",
            "latestAction": {
                "actionDate": "2023-04-07",
                "text": "Referred to the Subcommittee on Health."
            },
            "number": "264",
            "policyArea": {
                "name": "Labor and Employment"
            },
            "title": "Expressing support for the goals of Workplace Eye Wellness Month by promoting the importance of protecting the eyes from increased screen time.",
            "type": "HRES",
            "url": "https://api.congress.gov/v3/bill/118/hres/264?format=json"
        },
        {
            "congress": 118,
            "introducedDate": "2023-03-23",
            "latestAction": {
                "actionDate": "2023-04-25",
                "text": "Referred to the Subcommittee on Nutrition, Foreign Agriculture, and Horticulture."
            },
            "number": "1765",
            "policyArea": {
                "name": "Agriculture and Food"
            },
            "title": "SNAP Benefits Fairness Act of 2023",
            "type": "HR",
            "url": "https://api.congress.gov/v3/bill/118/hr/1765?format=json"
        },
        {
            "congress": 118,
            "introducedDate": "2023-03-08",
            "latestAction": {
                "actionDate": "2023-03-08",
                "text": "Referred to the House Committee on Oversight and Accountability."
            },
            "number": "213",
            "policyArea": {
                "name": "Health"
            },
            "title": "Supporting the designation of March 2023 as National Colorectal Cancer Awareness Month.",
            "type": "HRES",
            "url": "https://api.congress.gov/v3/bill/118/hres/213?format=json"
        },
        {
            "congress": 118,
            "introducedDate": "2023-03-03",
            "latestAction": {
                "actionDate": "2023-03-03",
                "text": "Referred to the House Committee on the Judiciary."
            },
            "number": "1361",
            "policyArea": {
                "name": "Crime and Law Enforcement"
            },
            "title": "Safer Neighborhoods Gun Buyback Act of 2023",
            "type": "HR",
            "url": "https://api.congress.gov/v3/bill/118/hr/1361?format=json"
        },
        {
            "amendmentNumber": "38",
            "congress": 118,
            "introducedDate": "2023-01-26",
            "latestAction": {
                "actionDate": "2023-01-27",
                "actionTime": "11:04:40",
                "text": "On agreeing to the Payne amendment (A037) Failed by recorded vote: 211 - 217 (Roll no. 62). (consideration: CR H449-450)"
            },
            "type": null,
            "url": "https://api.congress.gov/v3/amendment/118/hamdt/38?format=json"
        },
        {
            "congress": 117,
            "introducedDate": "2022-11-29",
            "latestAction": {
                "actionDate": "2022-12-02",
                "text": "Became Public Law No: 117-216."
            },
            "number": "100",
            "policyArea": {
                "name": "Labor and Employment"
            },
            "title": "To provide for a resolution with respect to the unresolved disputes between certain railroads represented by the National Carriers' Conference Committee of the National Railway Labor Conference and certain of their employees.",
            "type": "HJRES",
            "url": "https://api.congress.gov/v3/bill/117/hjres/100?format=json"
        },
        {
            "congress": 117,
            "introducedDate": "2022-10-04",
            "latestAction": {
                "actionDate": "2022-10-05",
                "text": "Referred to the Subcommittee on Health."
            },
            "number": "1422",
            "policyArea": {
                "name": "Health"
            },
            "title": "Supporting the designation of October 1, 2022, as National Ostomy Awareness Day.",
            "type": "HRES",
            "url": "https://api.congress.gov/v3/bill/117/hres/1422?format=json"
        },
        {
            "congress": 117,
            "introducedDate": "2022-09-22",
            "latestAction": {
                "actionDate": "2022-09-22",
                "text": "Referred to the House Committee on Oversight and Reform."
            },
            "number": "1391",
            "policyArea": {
                "name": "Health"
            },
            "title": "Expressing support of the designation of September 2022 as Peripheral Artery Disease Awareness Month.",
            "type": "HRES",
            "url": "https://api.congress.gov/v3/bill/117/hres/1391?format=json"
        },
        {
            "congress": 117,
            "introducedDate": "2022-09-09",
            "latestAction": {
                "actionDate": "2022-09-12",
                "text": "Referred to the Subcommittee on Health."
            },
            "number": "1336",
            "policyArea": {
                "name": "Health"
            },
            "title": "Expressing support for the designation of September 2022 as \"National Prostate Cancer Awareness Month\".",
            "type": "HRES",
            "url": "https://api.congress.gov/v3/bill/117/hres/1336?format=json"
        },
        {
            "congress": 117,
            "introducedDate": "2022-08-02",
            "latestAction": {
                "actionDate": "2022-08-03",
                "text": "Referred to the Subcommittee on Railroads, Pipelines, and Hazardous Materials."
            },
            "number": "8649",
            "policyArea": {
                "name": "Transportation and Public Works"
            },
            "title": "Freight Rail Shipping Fair Market Act",
            "type": "HR",
            "url": "https://api.congress.gov/v3/bill/117/hr/8649?format=json"
        },
        {
            "amendmentNumber": "227",
            "congress": 117,
            "introducedDate": "2022-06-15",
            "latestAction": {
                "actionDate": "2022-06-15",
                "actionTime": "15:33:45",
                "text": "On agreeing to the Payne amendment (A005) Agreed to by the Yeas and Nays: 224 - 198 (Roll no. 273). "
            },
            "type": null,
            "url": "https://api.congress.gov/v3/amendment/117/hamdt/227?format=json"
        },
        {
            "congress": 117,
            "introducedDate": "2022-06-13",
            "latestAction": {
                "actionDate": "2022-06-13",
                "text": "Referred to the House Committee on Oversight and Reform."
            },
            "number": "1171",
            "policyArea": {
                "name": "Health"
            },
            "title": "Supporting the designation of the week of June 13 through June 19, 2022, as \"National Men's Health Week\".",
            "type": "HRES",
            "url": "https://api.congress.gov/v3/bill/117/hres/1171?format=json"
        },
        {
            "congress": 117,
            "introducedDate": "2022-06-07",
            "latestAction": {
                "actionDate": "2022-06-08",
                "text": "Referred to the Subcommittee on Economic Development, Public Buildings, and Emergency Management."
            },
            "number": "7969",
            "policyArea": {
                "name": "Emergency Management"
            },
            "title": "To direct the Comptroller General of the United States to conduct a study on disaster spending and strategies for reducing the need for such spending, to amend the Robert T. Stafford Disaster Relief and Emergency Assistance Act to provide assistance for certain activities relating to disasters and hazard mitigation, and for other purposes.",
            "type": "HR",
            "url": "https://api.congress.gov/v3/bill/117/hr/7969?format=json"
        },
        {
            "congress": 117,
            "introducedDate": "2022-03-01",
            "latestAction": {
                "actionDate": "2022-03-02",
                "text": "Referred to the Subcommittee on Health."
            },
            "number": "958",
            "policyArea": {
                "name": "Health"
            },
            "title": "Supporting the designation of March 2022 as National Colorectal Cancer Awareness Month.",
            "type": "HRES",
            "url": "https://api.congress.gov/v3/bill/117/hres/958?format=json"
        },
        {
            "congress": 117,
            "introducedDate": "2022-01-12",
            "latestAction": {
                "actionDate": "2022-04-06",
                "text": "Received in the Senate and Read twice and referred to the Committee on Homeland Security and Governmental Affairs."
            },
            "number": "6387",
            "policyArea": {
                "name": "Emergency Management"
            },
            "title": "School and Daycare Protection Act",
            "type": "HR",
            "url": "https://api.congress.gov/v3/bill/117/hr/6387?format=json"
        },
        {
            "congress": 117,
            "introducedDate": "2021-11-16",
            "latestAction": {
                "actionDate": "2021-11-16",
                "text": "Referred to the Subcommittee on Health."
            },
            "number": "5986",
            "policyArea": {
                "name": "Health"
            },
            "title": "Men\u2019s Health Awareness and Improvement Act",
            "type": "HR",
            "url": "https://api.congress.gov/v3/bill/117/hr/5986?format=json"
        },
        {
            "congress": 117,
            "introducedDate": "2021-07-13",
            "latestAction": {
                "actionDate": "2022-06-06",
                "text": "Became Public Law No: 117-130."
            },
            "number": "4426",
            "policyArea": {
                "name": "Emergency Management"
            },
            "title": "Homeland Security for Children Act",
            "type": "HR",
            "url": "https://api.congress.gov/v3/bill/117/hr/4426?format=json"
        },
        {
            "congress": 117,
            "introducedDate": "2021-07-09",
            "latestAction": {
                "actionDate": "2022-05-17",
                "text": "Ordered to be Reported in the Nature of a Substitute by the Yeas and Nays: 32 - 17."
            },
            "number": "4395",
            "policyArea": {
                "name": "Commerce"
            },
            "title": "Payment Choice Act of 2021",
            "type": "HR",
            "url": "https://api.congress.gov/v3/bill/117/hr/4395?format=json"
        },
        {
            "congress": 117,
            "introducedDate": "2021-09-30",
            "latestAction": {
                "actionDate": "2021-09-30",
                "text": "Referred to the House Committee on Oversight and Reform."
            },
            "number": "698",
            "policyArea": {
                "name": "Health"
            },
            "title": "Supporting the designation of October 2, 2021, as World Ostomy Day and National Ostomy Awareness Day.",
            "type": "HRES",
            "url": "https://api.congress.gov/v3/bill/117/hres/698?format=json"
        },
        {
            "congress": 117,
            "introducedDate": "2021-09-28",
            "latestAction": {
                "actionDate": "2021-09-29",
                "text": "Referred to the Subcommittee on Communications and Technology."
            },
            "number": "5393",
            "policyArea": {
                "name": "Science, Technology, Communications"
            },
            "title": "Eliminating Local News Deserts Act of 2021",
            "type": "HR",
            "url": "https://api.congress.gov/v3/bill/117/hr/5393?format=json"
        },
        {
            "congress": 117,
            "introducedDate": "2021-09-10",
            "latestAction": {
                "actionDate": "2021-09-13",
                "text": "Referred to the Subcommittee on Health."
            },
            "number": "633",
            "policyArea": {
                "name": "Health"
            },
            "title": "Expressing support for the designation of September 2021 as \"National Prostate Cancer Awareness Month\".",
            "type": "HRES",
            "url": "https://api.congress.gov/v3/bill/117/hres/633?format=json"
        },
        {
            "congress": 117,
            "introducedDate": "2021-06-24",
            "latestAction": {
                "actionDate": "2021-06-24",
                "text": "Referred to the House Committee on Education and Labor."
            },
            "number": "498",
            "policyArea": {
                "name": "Labor and Employment"
            },
            "title": "Honoring the lives and legacies of the \"Radium Girls\".",
            "type": "HRES",
            "url": "https://api.congress.gov/v3/bill/117/hres/498?format=json"
        },
        {
            "congress": 117,
            "introducedDate": "2021-06-16",
            "latestAction": {
                "actionDate": "2021-06-17",
                "text": "Referred to the Subcommittee on Health."
            },
            "number": "481",
            "policyArea": {
                "name": "Health"
            },
            "title": "Expressing support for health and wellness coaches.",
            "type": "HRES",
            "url": "https://api.congress.gov/v3/bill/117/hres/481?format=json"
        },
        {
            "congress": 117,
            "introducedDate": "2021-06-16",
            "latestAction": {
                "actionDate": "2021-06-16",
                "text": "Referred to the House Committee on Oversight and Reform."
            },
            "number": "482",
            "policyArea": {
                "name": "Health"
            },
            "title": "Supporting National Men's Health Week.",
            "type": "HRES",
            "url": "https://api.congress.gov/v3/bill/117/hres/482?format=json"
        },
        {
            "congress": 117,
            "introducedDate": "2021-05-12",
            "latestAction": {
                "actionDate": "2021-05-12",
                "text": "Referred to the House Committee on the Judiciary."
            },
            "number": "3159",
            "policyArea": {
                "name": "Crime and Law Enforcement"
            },
            "title": "Safer Neighborhoods Gun Buyback Act of 2021",
            "type": "HR",
            "url": "https://api.congress.gov/v3/bill/117/hr/3159?format=json"
        },
        {
            "congress": 117,
            "introducedDate": "2021-04-30",
            "latestAction": {
                "actionDate": "2021-11-09",
                "text": "Referred to the Subcommittee on Courts, Intellectual Property, and the Internet."
            },
            "number": "2937",
            "policyArea": {
                "name": "Transportation and Public Works"
            },
            "title": "Rail Passenger Fairness Act",
            "type": "HR",
            "url": "https://api.congress.gov/v3/bill/117/hr/2937?format=json"
        },
        {
            "congress": 117,
            "introducedDate": "2021-04-21",
            "latestAction": {
                "actionDate": "2021-04-21",
                "text": "Referred to the House Committee on Oversight and Reform."
            },
            "number": "2744",
            "policyArea": {
                "name": "Government Operations and Politics"
            },
            "title": "Hazardous Duty Pay for Frontline Federal Workers Act",
            "type": "HR",
            "url": "https://api.congress.gov/v3/bill/117/hr/2744?format=json"
        },
        {
            "congress": 117,
            "introducedDate": "2021-04-21",
            "latestAction": {
                "actionDate": "2021-04-22",
                "text": "Referred to the Subcommittee on Emergency Preparedness, Response, and Recovery."
            },
            "number": "2743",
            "policyArea": {
                "name": "Emergency Management"
            },
            "title": "First Responder Access to Innovative Technologies Act",
            "type": "HR",
            "url": "https://api.congress.gov/v3/bill/117/hr/2743?format=json"
        },
        {
            "congress": 117,
            "introducedDate": "2021-04-16",
            "latestAction": {
                "actionDate": "2021-04-19",
                "text": "Referred to the Subcommittee on Health."
            },
            "number": "2631",
            "policyArea": {
                "name": "Health"
            },
            "title": "ARC Act of 2021",
            "type": "HR",
            "url": "https://api.congress.gov/v3/bill/117/hr/2631?format=json"
        },
        {
            "congress": 117,
            "introducedDate": "2021-04-15",
            "latestAction": {
                "actionDate": "2021-04-16",
                "text": "Referred to the Subcommittee on Health."
            },
            "number": "2594",
            "policyArea": {
                "name": "Health"
            },
            "title": "Colorectal Cancer Payment Fairness Act",
            "type": "HR",
            "url": "https://api.congress.gov/v3/bill/117/hr/2594?format=json"
        },
        {
            "congress": 117,
            "introducedDate": "2021-03-26",
            "latestAction": {
                "actionDate": "2021-03-26",
                "text": "Referred to the House Committee on Armed Services."
            },
            "number": "2246",
            "policyArea": {
                "name": "Armed Forces and National Security"
            },
            "title": "No Honor for Treason Act",
            "type": "HR",
            "url": "https://api.congress.gov/v3/bill/117/hr/2246?format=json"
        },
        {
            "congress": 117,
            "introducedDate": "2021-03-09",
            "latestAction": {
                "actionDate": "2021-03-09",
                "text": "Referred to the House Committee on Oversight and Reform."
            },
            "number": "209",
            "policyArea": {
                "name": "Health"
            },
            "title": "Supporting the designation of March 2021 as National Colorectal Cancer Awareness Month.",
            "type": "HRES",
            "url": "https://api.congress.gov/v3/bill/117/hres/209?format=json"
        },
        {
            "congress": 117,
            "introducedDate": "2021-03-08",
            "latestAction": {
                "actionDate": "2021-03-09",
                "text": "Referred to the Subcommittee on Health."
            },
            "number": "1655",
            "policyArea": {
                "name": "Health"
            },
            "title": "Donald Payne Sr. Colorectal Cancer Detection Act of 2021",
            "type": "HR",
            "url": "https://api.congress.gov/v3/bill/117/hr/1655?format=json"
        },
        {
            "congress": 117,
            "introducedDate": "2021-02-02",
            "latestAction": {
                "actionDate": "2021-02-02",
                "text": "Referred to the House Committee on Oversight and Reform."
            },
            "number": "89",
            "policyArea": {
                "name": "Health"
            },
            "title": "Expressing support for a national day of mourning in recognition of the lives lost as a result of COVID-19.",
            "type": "HRES",
            "url": "https://api.congress.gov/v3/bill/117/hres/89?format=json"
        },
        {
            "congress": 116,
            "introducedDate": "2020-11-19",
            "latestAction": {
                "actionDate": "2020-11-19",
                "text": "Referred to the House Committee on Oversight and Reform."
            },
            "number": "1230",
            "policyArea": {
                "name": "Health"
            },
            "title": "Expressing support for a national day of mourning in recognition of the lives lost as a result of COVID-19.",
            "type": "HRES",
            "url": "https://api.congress.gov/v3/bill/116/hres/1230?format=json"
        },
        {
            "congress": 116,
            "introducedDate": "2020-10-30",
            "latestAction": {
                "actionDate": "2020-10-30",
                "text": "Referred to the House Committee on Education and Labor."
            },
            "number": "8715",
            "policyArea": {
                "name": "Education"
            },
            "title": "Pandemic Planning and Response For Schools Act of 2020",
            "type": "HR",
            "url": "https://api.congress.gov/v3/bill/116/hr/8715?format=json"
        },
        {
            "congress": 116,
            "introducedDate": "2020-10-16",
            "latestAction": {
                "actionDate": "2020-10-16",
                "text": "Referred to the Committee on Energy and Commerce, and in addition to the Committee on Ways and Means, for a period to be subsequently determined by the Speaker, in each case for consideration of such provisions as fall within the jurisdiction of the committee concerned."
            },
            "number": "8615",
            "policyArea": {
                "name": "Health"
            },
            "title": "ARC Act of 2020",
            "type": "HR",
            "url": "https://api.congress.gov/v3/bill/116/hr/8615?format=json"
        },
        {
            "congress": 116,
            "introducedDate": "2020-10-02",
            "latestAction": {
                "actionDate": "2020-10-02",
                "text": "Referred to the House Committee on Oversight and Reform."
            },
            "number": "1176",
            "policyArea": {
                "name": "Health"
            },
            "title": "Supporting the designation of October 3, 2020, as National Ostomy Awareness Day.",
            "type": "HRES",
            "url": "https://api.congress.gov/v3/bill/116/hres/1176?format=json"
        },
        {
            "congress": 116,
            "introducedDate": "2020-09-29",
            "latestAction": {
                "actionDate": "2020-09-29",
                "text": "Referred to the House Committee on the Judiciary."
            },
            "number": "1159",
            "policyArea": {
                "name": "Government Operations and Politics"
            },
            "title": "Calling upon all candidates for Federal office to respect the American tradition of the peaceful transfer of power and reject any efforts to prevent people from exercising their right to vote.",
            "type": "HRES",
            "url": "https://api.congress.gov/v3/bill/116/hres/1159?format=json"
        },
        {
            "congress": 116,
            "introducedDate": "2020-09-17",
            "latestAction": {
                "actionDate": "2020-09-18",
                "text": "Referred to the Subcommittee on Economic Development, Public Buildings, and Emergency Management."
            },
            "number": "8307",
            "policyArea": {
                "name": "Emergency Management"
            },
            "title": "Masks for Students Act",
            "type": "HR",
            "url": "https://api.congress.gov/v3/bill/116/hr/8307?format=json"
        },
        {
            "congress": 116,
            "introducedDate": "2020-09-16",
            "latestAction": {
                "actionDate": "2020-09-16",
                "text": "Referred to the Committee on Energy and Commerce, and in addition to the Committee on Ways and Means, for a period to be subsequently determined by the Speaker, in each case for consideration of such provisions as fall within the jurisdiction of the committee concerned."
            },
            "number": "1118",
            "policyArea": {
                "name": "Health"
            },
            "title": "Expressing support for the designation of September 2020 as \"National Prostate Cancer Awareness Month\".",
            "type": "HRES",
            "url": "https://api.congress.gov/v3/bill/116/hres/1118?format=json"
        },
        {
            "congress": 116,
            "introducedDate": "2020-09-16",
            "latestAction": {
                "actionDate": "2020-09-16",
                "text": "Referred to the House Committee on Oversight and Reform."
            },
            "number": "1117",
            "policyArea": {
                "name": "Health"
            },
            "title": "Expressing support for the designation of September 2020 as Peripheral Artery Disease Awareness Month.",
            "type": "HRES",
            "url": "https://api.congress.gov/v3/bill/116/hres/1117?format=json"
        },
        {
            "congress": 116,
            "introducedDate": "2020-07-24",
            "latestAction": {
                "actionDate": "2020-07-24",
                "text": "Referred to the House Committee on Energy and Commerce."
            },
            "number": "7782",
            "policyArea": {
                "name": "Science, Technology, Communications"
            },
            "title": "Eliminating Local News Deserts Act of 2020",
            "type": "HR",
            "url": "https://api.congress.gov/v3/bill/116/hr/7782?format=json"
        },
        {
            "congress": 116,
            "introducedDate": "2020-06-15",
            "latestAction": {
                "actionDate": "2020-06-15",
                "text": "Referred to the House Committee on Oversight and Reform."
            },
            "number": "103",
            "policyArea": {
                "name": "Health"
            },
            "title": "Supporting National Men's Health Week.",
            "type": "HCONRES",
            "url": "https://api.congress.gov/v3/bill/116/hconres/103?format=json"
        },
        {
            "congress": 116,
            "introducedDate": "2020-05-01",
            "latestAction": {
                "actionDate": "2020-05-01",
                "text": "Referred to the House Committee on Oversight and Reform."
            },
            "number": "6655",
            "policyArea": {
                "name": "Government Operations and Politics"
            },
            "title": "Hazardous Duty Pay for Frontline Federal Workers Act",
            "type": "HR",
            "url": "https://api.congress.gov/v3/bill/116/hr/6655?format=json"
        },
        {
            "congress": 116,
            "introducedDate": "2020-03-02",
            "latestAction": {
                "actionDate": "2020-03-02",
                "text": "Referred to the House Committee on Oversight and Reform."
            },
            "number": "880",
            "policyArea": {
                "name": "Health"
            },
            "title": "Supporting the designation of March 2020 as National Colorectal Cancer Awareness Month.",
            "type": "HRES",
            "url": "https://api.congress.gov/v3/bill/116/hres/880?format=json"
        },
        {
            "congress": 116,
            "introducedDate": "2019-09-26",
            "latestAction": {
                "actionDate": "2019-09-26",
                "text": "Referred to the House Committee on Oversight and Reform."
            },
            "number": "601",
            "policyArea": {
                "name": "Health"
            },
            "title": "Supporting the designation of October 5, 2019, as National Ostomy Awareness Day.",
            "type": "HRES",
            "url": "https://api.congress.gov/v3/bill/116/hres/601?format=json"
        },
        {
            "congress": 116,
            "introducedDate": "2019-09-24",
            "latestAction": {
                "actionDate": "2019-09-25",
                "text": "Referred to the Subcommittee on Health."
            },
            "number": "584",
            "policyArea": {
                "name": "Health"
            },
            "title": "Expressing support for the designation of September 2019 as \"National Prostate Cancer Awareness Month\".",
            "type": "HRES",
            "url": "https://api.congress.gov/v3/bill/116/hres/584?format=json"
        },
        {
            "congress": 116,
            "introducedDate": "2019-09-10",
            "latestAction": {
                "actionDate": "2019-09-10",
                "text": "Referred to the House Committee on Oversight and Reform."
            },
            "number": "550",
            "policyArea": {
                "name": "Health"
            },
            "title": "Expressing support of the designation of September 2019 as Peripheral Artery Disease Awareness Month.",
            "type": "HRES",
            "url": "https://api.congress.gov/v3/bill/116/hres/550?format=json"
        },
        {
            "congress": 116,
            "introducedDate": "2019-06-25",
            "latestAction": {
                "actionDate": "2019-06-26",
                "text": "Referred to the Subcommittee on Aviation."
            },
            "number": "3480",
            "policyArea": {
                "name": "Transportation and Public Works"
            },
            "title": "Aviation Humanitarian Crisis Act of 2019",
            "type": "HR",
            "url": "https://api.congress.gov/v3/bill/116/hr/3480?format=json"
        },
        {
            "congress": 116,
            "introducedDate": "2019-06-25",
            "latestAction": {
                "actionDate": "2019-06-26",
                "text": "Referred to the Subcommittee on Aviation."
            },
            "number": "3481",
            "policyArea": {
                "name": "Transportation and Public Works"
            },
            "title": "To direct the Secretary of Transportation to issue regulations to require air carriers to disclose to consumers the actual wheels-off and wheels-on times for certain domestic passenger flight segments, and for other purposes.",
            "type": "HR",
            "url": "https://api.congress.gov/v3/bill/116/hr/3481?format=json"
        },
        {
            "congress": 116,
            "introducedDate": "2019-06-10",
            "latestAction": {
                "actionDate": "2019-06-10",
                "text": "Referred to the House Committee on Oversight and Reform."
            },
            "number": "48",
            "policyArea": {
                "name": "Health"
            },
            "title": "Supporting National Men's Health Week.",
            "type": "HCONRES",
            "url": "https://api.congress.gov/v3/bill/116/hconres/48?format=json"
        },
        {
            "congress": 116,
            "introducedDate": "2019-05-22",
            "latestAction": {
                "actionDate": "2020-02-11",
                "text": "Received in the Senate and Read twice and referred to the Committee on Homeland Security and Governmental Affairs."
            },
            "number": "2932",
            "policyArea": {
                "name": "Emergency Management"
            },
            "title": "Homeland Security for Children Act",
            "type": "HR",
            "url": "https://api.congress.gov/v3/bill/116/hr/2932?format=json"
        },
        {
            "congress": 116,
            "introducedDate": "2019-05-14",
            "latestAction": {
                "actionDate": "2019-05-14",
                "text": "Referred to the House Committee on Transportation and Infrastructure."
            },
            "number": "380",
            "policyArea": {
                "name": "Transportation and Public Works"
            },
            "title": "Expressing support for the designation of the week of May 13 through May 20, 2019, as Infrastructure Week.",
            "type": "HRES",
            "url": "https://api.congress.gov/v3/bill/116/hres/380?format=json"
        },
        {
            "congress": 116,
            "introducedDate": "2019-05-09",
            "latestAction": {
                "actionDate": "2019-05-09",
                "text": "Referred to the House Committee on Financial Services."
            },
            "number": "2650",
            "policyArea": {
                "name": "Commerce"
            },
            "title": "Payment Choice Act of 2019",
            "type": "HR",
            "url": "https://api.congress.gov/v3/bill/116/hr/2650?format=json"
        },
        {
            "congress": 116,
            "introducedDate": "2019-04-09",
            "latestAction": {
                "actionDate": "2019-04-23",
                "text": "Referred to the Subcommittee on Emergency Preparedness, Response, and Recovery."
            },
            "number": "2160",
            "policyArea": {
                "name": "Emergency Management"
            },
            "title": "Shielding Public Spaces from Vehicular Terrorism Act",
            "type": "HR",
            "url": "https://api.congress.gov/v3/bill/116/hr/2160?format=json"
        },
        {
            "congress": 116,
            "introducedDate": "2019-03-14",
            "latestAction": {
                "actionDate": "2019-03-15",
                "text": "Referred to the Subcommittee on Health."
            },
            "number": "1765",
            "policyArea": {
                "name": "Health"
            },
            "title": "Donald Payne Sr. Colorectal Cancer Detection Act of 2019",
            "type": "HR",
            "url": "https://api.congress.gov/v3/bill/116/hr/1765?format=json"
        },
        {
            "congress": 116,
            "introducedDate": "2019-03-07",
            "latestAction": {
                "actionDate": "2019-05-15",
                "text": "Received in the Senate and Read twice and referred to the Committee on Homeland Security and Governmental Affairs."
            },
            "number": "1594",
            "policyArea": {
                "name": "Emergency Management"
            },
            "title": "First Responder Access to Innovative Technologies Act",
            "type": "HR",
            "url": "https://api.congress.gov/v3/bill/116/hr/1594?format=json"
        },
        {
            "congress": 116,
            "introducedDate": "2019-03-07",
            "latestAction": {
                "actionDate": "2019-04-02",
                "text": "Received in the Senate and Read twice and referred to the Committee on Homeland Security and Governmental Affairs."
            },
            "number": "1593",
            "policyArea": {
                "name": "Emergency Management"
            },
            "title": "Coordinating and Leveraging Activities for School Security Act",
            "type": "HR",
            "url": "https://api.congress.gov/v3/bill/116/hr/1593?format=json"
        },
        {
            "congress": 116,
            "introducedDate": "2019-03-06",
            "latestAction": {
                "actionDate": "2020-12-10",
                "text": "Received in the Senate and Read twice and referred to the Committee on Health, Education, Labor, and Pensions."
            },
            "number": "1570",
            "policyArea": {
                "name": "Health"
            },
            "title": "Removing Barriers to Colorectal Cancer Screening Act of 2020",
            "type": "HR",
            "url": "https://api.congress.gov/v3/bill/116/hr/1570?format=json"
        },
        {
            "congress": 116,
            "introducedDate": "2019-03-06",
            "latestAction": {
                "actionDate": "2019-03-08",
                "text": "Sponsor introductory remarks on measure. (CR H2608)"
            },
            "number": "180",
            "policyArea": {
                "name": "Health"
            },
            "title": "Supporting the designation of March 2019 as National Colorectal Cancer Awareness Month.",
            "type": "HRES",
            "url": "https://api.congress.gov/v3/bill/116/hres/180?format=json"
        },
        {
            "congress": 113,
            "introducedDate": "2014-11-19",
            "latestAction": {
                "actionDate": "2014-12-01",
                "text": "Referred to the Subcommittee on Emergency Preparedness, Response and Communications."
            },
            "number": "5744",
            "policyArea": {
                "name": "Emergency Management"
            },
            "title": "SWIC Enhancement Act",
            "type": "HR",
            "url": "https://api.congress.gov/v3/bill/113/hr/5744?format=json"
        },
        {
            "congress": 113,
            "introducedDate": "2014-06-25",
            "latestAction": {
                "actionDate": "2014-06-25",
                "text": "Referred to the House Committee on Financial Services."
            },
            "number": "4972",
            "policyArea": {
                "name": "Sports and Recreation"
            },
            "title": "Althea Gibson Excellence Act",
            "type": "HR",
            "url": "https://api.congress.gov/v3/bill/113/hr/4972?format=json"
        },
        {
            "congress": 113,
            "introducedDate": "2014-06-20",
            "latestAction": {
                "actionDate": "2014-11-17",
                "text": "Referred to the Subcommittee on Higher Education and Workforce Training."
            },
            "number": "4932",
            "policyArea": {
                "name": "Labor and Employment"
            },
            "title": "Increasing Technology Skills Act of 2014",
            "type": "HR",
            "url": "https://api.congress.gov/v3/bill/113/hr/4932?format=json"
        },
        {
            "congress": 113,
            "introducedDate": "2014-05-22",
            "latestAction": {
                "actionDate": "2014-05-23",
                "text": "Referred to the Subcommittee on Railroads, Pipelines, and Hazardous Materials."
            },
            "number": "4738",
            "policyArea": {
                "name": "Transportation and Public Works"
            },
            "title": "Tank Car Safety Act of 2014",
            "type": "HR",
            "url": "https://api.congress.gov/v3/bill/113/hr/4738?format=json"
        },
        {
            "congress": 113,
            "introducedDate": "2014-03-24",
            "latestAction": {
                "actionDate": "2014-07-09",
                "text": "Received in the Senate and Read twice and referred to the Committee on Homeland Security and Governmental Affairs."
            },
            "number": "4289",
            "policyArea": {
                "name": "Emergency Management"
            },
            "title": "Department of Homeland Security Interoperable Communications Act",
            "type": "HR",
            "url": "https://api.congress.gov/v3/bill/113/hr/4289?format=json"
        },
        {
            "congress": 113,
            "introducedDate": "2014-02-14",
            "latestAction": {
                "actionDate": "2014-06-13",
                "text": "Referred to the Subcommittee on Higher Education and Workforce Training."
            },
            "number": "4063",
            "policyArea": {
                "name": "Labor and Employment"
            },
            "title": "Growing Small Businesses Act of 2014",
            "type": "HR",
            "url": "https://api.congress.gov/v3/bill/113/hr/4063?format=json"
        },
        {
            "congress": 113,
            "introducedDate": "2013-09-20",
            "latestAction": {
                "actionDate": "2013-10-15",
                "text": "Referred to the Subcommittee on Emergency Preparedness, Response and Communications."
            },
            "number": "3158",
            "policyArea": {
                "name": "Emergency Management"
            },
            "title": "SAFE in Our Schools Act",
            "type": "HR",
            "url": "https://api.congress.gov/v3/bill/113/hr/3158?format=json"
        },
        {
            "congress": 113,
            "introducedDate": "2013-08-01",
            "latestAction": {
                "actionDate": "2013-09-06",
                "text": "Referred to the Subcommittee on Cybersecurity, Infrastructure Protection, and Security Technologies."
            },
            "number": "2962",
            "policyArea": {
                "name": "Emergency Management"
            },
            "title": "SMART Grid Study Act of 2013",
            "type": "HR",
            "url": "https://api.congress.gov/v3/bill/113/hr/2962?format=json"
        },
        {
            "congress": 113,
            "introducedDate": "2013-07-30",
            "latestAction": {
                "actionDate": "2013-07-30",
                "text": "Referred to the House Committee on Financial Services."
            },
            "number": "2863",
            "policyArea": {
                "name": "Commerce"
            },
            "title": "GREEN Jobs Act of 2013",
            "type": "HR",
            "url": "https://api.congress.gov/v3/bill/113/hr/2863?format=json"
        },
        {
            "congress": 113,
            "introducedDate": "2013-05-23",
            "latestAction": {
                "actionDate": "2013-07-08",
                "text": "Referred to the Subcommittee on Early Childhood, Elementary, and Secondary Education."
            },
            "number": "2195",
            "policyArea": {
                "name": "Education"
            },
            "title": "Promise Neighborhoods Act of 2013",
            "type": "HR",
            "url": "https://api.congress.gov/v3/bill/113/hr/2195?format=json"
        },
        {
            "congress": 113,
            "introducedDate": "2013-03-21",
            "latestAction": {
                "actionDate": "2014-07-25",
                "text": "Became Public Law No: 113-139."
            },
            "number": "1376",
            "policyArea": {
                "name": "Government Operations and Politics"
            },
            "title": "To designate the facility of the United States Postal Service located at 369 Martin Luther King Jr. Drive in Jersey City, New Jersey, as the \"Judge Shirley A. Tolentino Post Office Building\".",
            "type": "HR",
            "url": "https://api.congress.gov/v3/bill/113/hr/1376?format=json"
        },
        {
            "congress": 113,
            "introducedDate": "2013-02-27",
            "latestAction": {
                "actionDate": "2013-04-08",
                "text": "Referred to the Subcommittee on Crime, Terrorism, Homeland Security, And Investigations."
            },
            "number": "868",
            "policyArea": {
                "name": "Crime and Law Enforcement"
            },
            "title": "Safer Neighborhoods Gun Buyback Act of 2013",
            "type": "HR",
            "url": "https://api.congress.gov/v3/bill/113/hr/868?format=json"
        },
        {
            "congress": 113,
            "introducedDate": "2013-02-14",
            "latestAction": {
                "actionDate": "2013-02-14",
                "text": "Referred to the House Committee on Oversight and Government Reform."
            },
            "number": "69",
            "policyArea": {
                "name": "Health"
            },
            "title": "Supporting the designation of March 2013, as National Colorectal Cancer Awareness Month.",
            "type": "HRES",
            "url": "https://api.congress.gov/v3/bill/113/hres/69?format=json"
        },
        {
            "congress": 116,
            "introducedDate": "2019-02-14",
            "latestAction": {
                "actionDate": "2019-03-25",
                "text": "Referred to the Subcommittee on Crime, Terrorism, and Homeland Security."
            },
            "number": "1279",
            "policyArea": {
                "name": "Crime and Law Enforcement"
            },
            "title": "Safer Neighborhoods Gun Buyback Act of 2019",
            "type": "HR",
            "url": "https://api.congress.gov/v3/bill/116/hr/1279?format=json"
        },
        {
            "congress": 116,
            "introducedDate": "2019-02-08",
            "latestAction": {
                "actionDate": "2019-02-27",
                "text": "Sponsor introductory remarks on measure. (CR H2263-2264)"
            },
            "number": "117",
            "policyArea": {
                "name": "Health"
            },
            "title": "Expressing support for health and wellness coaches.",
            "type": "HRES",
            "url": "https://api.congress.gov/v3/bill/116/hres/117?format=json"
        },
        {
            "congress": 115,
            "introducedDate": "2018-09-28",
            "latestAction": {
                "actionDate": "2018-09-28",
                "text": "Referred to the House Committee on Oversight and Government Reform."
            },
            "number": "1106",
            "policyArea": {
                "name": "Health"
            },
            "title": "Supporting the designation of October 6, 2018, as National Ostomy Awareness Day.",
            "type": "HRES",
            "url": "https://api.congress.gov/v3/bill/115/hres/1106?format=json"
        },
        {
            "congress": 115,
            "introducedDate": "2018-09-26",
            "latestAction": {
                "actionDate": "2018-10-04",
                "text": "Referred to the Subcommittee on Emergency Preparedness, Response and Communications."
            },
            "number": "6920",
            "policyArea": {
                "name": "Emergency Management"
            },
            "title": "School Security is Homeland Security Grant Act of 2018",
            "type": "HR",
            "url": "https://api.congress.gov/v3/bill/115/hr/6920?format=json"
        },
        {
            "congress": 115,
            "introducedDate": "2018-09-26",
            "latestAction": {
                "actionDate": "2018-10-04",
                "text": "Referred to the Subcommittee on Emergency Preparedness, Response and Communications."
            },
            "number": "6919",
            "policyArea": {
                "name": "Emergency Management"
            },
            "title": "CLASS Act of 2018",
            "type": "HR",
            "url": "https://api.congress.gov/v3/bill/115/hr/6919?format=json"
        },
        {
            "congress": 115,
            "introducedDate": "2018-06-08",
            "latestAction": {
                "actionDate": "2018-06-14",
                "text": "Referred to the Subcommittee on Health."
            },
            "number": "6062",
            "policyArea": {
                "name": "Health"
            },
            "title": "Donald Payne Sr. Colorectal Cancer Detection Act of 2018",
            "type": "HR",
            "url": "https://api.congress.gov/v3/bill/115/hr/6062?format=json"
        },
        {
            "congress": 115,
            "introducedDate": "2018-06-13",
            "latestAction": {
                "actionDate": "2018-06-13",
                "text": "Referred to the House Committee on Oversight and Government Reform."
            },
            "number": "123",
            "policyArea": {
                "name": "Health"
            },
            "title": "Supporting National Men's Health Week.",
            "type": "HCONRES",
            "url": "https://api.congress.gov/v3/bill/115/hconres/123?format=json"
        },
        {
            "congress": 115,
            "introducedDate": "2018-05-10",
            "latestAction": {
                "actionDate": "2018-06-26",
                "text": "Received in the Senate and Read twice and referred to the Committee on Commerce, Science, and Transportation."
            },
            "number": "5766",
            "policyArea": {
                "name": "Transportation and Public Works"
            },
            "title": "Securing Public Areas of Transportation Facilities Act of 2018",
            "type": "HR",
            "url": "https://api.congress.gov/v3/bill/115/hr/5766?format=json"
        },
        {
            "congress": 115,
            "introducedDate": "2018-03-01",
            "latestAction": {
                "actionDate": "2018-03-06",
                "text": "Sponsor introductory remarks on measure. (CR H1421)"
            },
            "number": "760",
            "policyArea": {
                "name": "Health"
            },
            "title": "Supporting the designation of March 2018 as National Colorectal Cancer Awareness Month.",
            "type": "HRES",
            "url": "https://api.congress.gov/v3/bill/115/hres/760?format=json"
        },
        {
            "congress": 115,
            "introducedDate": "2018-02-07",
            "latestAction": {
                "actionDate": "2018-02-14",
                "text": "Sponsor introductory remarks on measure. (CR H1170)"
            },
            "number": "733",
            "policyArea": {
                "name": "Health"
            },
            "title": "Expressing support for health and wellness coaches and \"National Health and Wellness Coach Recognition Week\".",
            "type": "HRES",
            "url": "https://api.congress.gov/v3/bill/115/hres/733?format=json"
        },
        {
            "congress": 115,
            "introducedDate": "2017-10-04",
            "latestAction": {
                "actionDate": "2017-10-05",
                "text": "Referred to the Subcommittee on Economic Development, Public Buildings and Emergency Management."
            },
            "number": "3951",
            "policyArea": {
                "name": "Transportation and Public Works"
            },
            "title": "Aviation Humanitarian Crisis Act of 2017",
            "type": "HR",
            "url": "https://api.congress.gov/v3/bill/115/hr/3951?format=json"
        },
        {
            "congress": 115,
            "introducedDate": "2017-10-02",
            "latestAction": {
                "actionDate": "2017-10-02",
                "text": "Referred to the House Committee on Foreign Affairs."
            },
            "number": "552",
            "policyArea": {
                "name": "International Affairs"
            },
            "title": "Reaffirming the United States-Liberia partnership, and calling for free, fair, and peaceful elections in Liberia in October 2017.",
            "type": "HRES",
            "url": "https://api.congress.gov/v3/bill/115/hres/552?format=json"
        },
        {
            "congress": 115,
            "introducedDate": "2017-07-28",
            "latestAction": {
                "actionDate": "2017-07-28",
                "text": "Referred to the House Committee on Foreign Affairs."
            },
            "number": "3612",
            "policyArea": {
                "name": "International Affairs"
            },
            "title": "Prioritizing Education in Conflict Zones Act of 2017",
            "type": "HR",
            "url": "https://api.congress.gov/v3/bill/115/hr/3612?format=json"
        },
        {
            "congress": 115,
            "introducedDate": "2017-07-28",
            "latestAction": {
                "actionDate": "2017-09-06",
                "text": "Referred to the Subcommittee on Crime, Terrorism, Homeland Security, and Investigations."
            },
            "number": "3613",
            "policyArea": {
                "name": "Crime and Law Enforcement"
            },
            "title": "Safer Neighborhoods Gun Buyback Act of 2017",
            "type": "HR",
            "url": "https://api.congress.gov/v3/bill/115/hr/3613?format=json"
        },
        {
            "congress": 115,
            "introducedDate": "2017-06-15",
            "latestAction": {
                "actionDate": "2017-06-16",
                "text": "Referred to the Subcommittee on Aviation."
            },
            "number": "2928",
            "policyArea": {
                "name": "Transportation and Public Works"
            },
            "title": "To direct the Secretary of Transportation to issue regulations to require air carriers to disclose to consumers the actual wheels-off and wheels-on times for certain domestic passenger flight segments, and for other purposes.",
            "type": "HR",
            "url": "https://api.congress.gov/v3/bill/115/hr/2928?format=json"
        },
        {
            "congress": 115,
            "introducedDate": "2017-05-16",
            "latestAction": {
                "actionDate": "2017-05-17",
                "text": "Referred to the Subcommittee on Water Resources and Environment."
            },
            "number": "326",
            "policyArea": {
                "name": "Transportation and Public Works"
            },
            "title": "Expressing support for the designation of the week of May 15 though 19, 2017, as Infrastructure Week.",
            "type": "HRES",
            "url": "https://api.congress.gov/v3/bill/115/hres/326?format=json"
        },
        {
            "congress": 115,
            "introducedDate": "2017-03-16",
            "latestAction": {
                "actionDate": "2017-03-24",
                "text": "Referred to the Subcommittee on Health."
            },
            "number": "1578",
            "policyArea": {
                "name": "Health"
            },
            "title": "Donald Payne Sr. Colorectal Cancer Detection Act of 2017",
            "type": "HR",
            "url": "https://api.congress.gov/v3/bill/115/hr/1578?format=json"
        },
        {
            "congress": 115,
            "introducedDate": "2017-03-06",
            "latestAction": {
                "actionDate": "2017-04-26",
                "text": "Received in the Senate and Read twice and referred to the Committee on Homeland Security and Governmental Affairs."
            },
            "number": "1372",
            "policyArea": {
                "name": "Emergency Management"
            },
            "title": "Homeland Security for Children Act",
            "type": "HR",
            "url": "https://api.congress.gov/v3/bill/115/hr/1372?format=json"
        },
        {
            "congress": 115,
            "introducedDate": "2017-03-01",
            "latestAction": {
                "actionDate": "2017-03-01",
                "text": "Referred to the House Committee on Oversight and Government Reform."
            },
            "number": "163",
            "policyArea": {
                "name": "Health"
            },
            "title": "Supporting the designation of March 2017, as National Colorectal Cancer Awareness Month.",
            "type": "HRES",
            "url": "https://api.congress.gov/v3/bill/115/hres/163?format=json"
        },
        {
            "congress": 115,
            "introducedDate": "2017-02-13",
            "latestAction": {
                "actionDate": "2017-02-13",
                "text": "Referred to the House Committee on Energy and Commerce."
            },
            "number": "121",
            "policyArea": {
                "name": "Health"
            },
            "title": "Expressing support for health and wellness coaches and \"National Health and Wellness Coach Recognition Week\".",
            "type": "HRES",
            "url": "https://api.congress.gov/v3/bill/115/hres/121?format=json"
        },
        {
            "congress": 115,
            "introducedDate": "2017-01-24",
            "latestAction": {
                "actionDate": "2017-02-01",
                "text": "Received in the Senate and Read twice and referred to the Committee on Homeland Security and Governmental Affairs."
            },
            "number": "687",
            "policyArea": {
                "name": "Emergency Management"
            },
            "title": "First Responder Access to Innovative Technologies Act",
            "type": "HR",
            "url": "https://api.congress.gov/v3/bill/115/hr/687?format=json"
        },
        {
            "congress": 114,
            "introducedDate": "2016-09-28",
            "latestAction": {
                "actionDate": "2016-10-07",
                "text": "Referred to the Subcommittee on Health."
            },
            "number": "6275",
            "policyArea": {
                "name": "Health"
            },
            "title": "Donald Payne Sr. Colorectal Cancer Detection Act of 2016",
            "type": "HR",
            "url": "https://api.congress.gov/v3/bill/114/hr/6275?format=json"
        },
        {
            "congress": 114,
            "introducedDate": "2016-06-15",
            "latestAction": {
                "actionDate": "2016-06-15",
                "text": "Referred to the House Committee on Oversight and Government Reform."
            },
            "number": "137",
            "policyArea": {
                "name": "Health"
            },
            "title": "Supporting National Men's Health Week.",
            "type": "HCONRES",
            "url": "https://api.congress.gov/v3/bill/114/hconres/137?format=json"
        },
        {
            "congress": 114,
            "introducedDate": "2016-06-13",
            "latestAction": {
                "actionDate": "2016-09-27",
                "text": "Received in the Senate and Read twice and referred to the Committee on Homeland Security and Governmental Affairs."
            },
            "number": "5460",
            "policyArea": {
                "name": "Emergency Management"
            },
            "title": "First Responder Access to Innovative Technologies Act",
            "type": "HR",
            "url": "https://api.congress.gov/v3/bill/114/hr/5460?format=json"
        },
        {
            "congress": 114,
            "introducedDate": "2016-03-23",
            "latestAction": {
                "actionDate": "2016-03-25",
                "text": "Referred to the Subcommittee on Environment and the Economy."
            },
            "number": "4879",
            "policyArea": {
                "name": "Environmental Protection"
            },
            "title": "TEST for Lead Act",
            "type": "HR",
            "url": "https://api.congress.gov/v3/bill/114/hr/4879?format=json"
        },
        {
            "congress": 114,
            "introducedDate": "2016-03-01",
            "latestAction": {
                "actionDate": "2016-03-01",
                "text": "Referred to the House Committee on Oversight and Government Reform."
            },
            "number": "630",
            "policyArea": {
                "name": "Health"
            },
            "title": "Supporting the designation of March 2016, as National Colorectal Cancer Awareness Month.",
            "type": "HRES",
            "url": "https://api.congress.gov/v3/bill/114/hres/630?format=json"
        },
        {
            "congress": 114,
            "introducedDate": "2016-02-09",
            "latestAction": {
                "actionDate": "2016-04-14",
                "text": "Received in the Senate and Read twice and referred to the Committee on Homeland Security and Governmental Affairs."
            },
            "number": "4509",
            "policyArea": {
                "name": "Emergency Management"
            },
            "title": "State and High-Risk Urban Area Working Group Act",
            "type": "HR",
            "url": "https://api.congress.gov/v3/bill/114/hr/4509?format=json"
        },
        {
            "congress": 114,
            "introducedDate": "2015-12-16",
            "latestAction": {
                "actionDate": "2016-01-15",
                "text": "Referred to the Subcommittee on Crime, Terrorism, Homeland Security, and Investigations."
            },
            "number": "4278",
            "policyArea": {
                "name": "Crime and Law Enforcement"
            },
            "title": "Safer Neighborhoods Gun Buyback Act of 2015",
            "type": "HR",
            "url": "https://api.congress.gov/v3/bill/114/hr/4278?format=json"
        },
        {
            "congress": 114,
            "introducedDate": "2015-12-03",
            "latestAction": {
                "actionDate": "2015-12-04",
                "text": "Referred to the Subcommittee on Health."
            },
            "number": "552",
            "policyArea": {
                "name": "Health"
            },
            "title": "Expressing support for health and wellness coaches and \"National Health and Wellness Coach Recognition Week\".",
            "type": "HRES",
            "url": "https://api.congress.gov/v3/bill/114/hres/552?format=json"
        },
        {
            "congress": 114,
            "introducedDate": "2015-06-24",
            "latestAction": {
                "actionDate": "2015-11-16",
                "text": "Referred to the Subcommittee on Early Childhood, Elementary, and Secondary Education."
            },
            "number": "2882",
            "policyArea": {
                "name": "Education"
            },
            "title": "Promise Neighborhoods Act of 2015",
            "type": "HR",
            "url": "https://api.congress.gov/v3/bill/114/hr/2882?format=json"
        },
        {
            "congress": 114,
            "introducedDate": "2015-05-01",
            "latestAction": {
                "actionDate": "2015-11-16",
                "text": "Referred to the Subcommittee on Early Childhood, Elementary, and Secondary Education."
            },
            "number": "2226",
            "policyArea": {
                "name": "Energy"
            },
            "title": "Home Energy Utility Assistance Act",
            "type": "HR",
            "url": "https://api.congress.gov/v3/bill/114/hr/2226?format=json"
        },
        {
            "congress": 114,
            "introducedDate": "2015-05-01",
            "latestAction": {
                "actionDate": "2015-07-28",
                "text": "Received in the Senate and Read twice and referred to the Committee on Homeland Security and Governmental Affairs."
            },
            "number": "2206",
            "policyArea": {
                "name": "Emergency Management"
            },
            "title": "State Wide Interoperable Communications Enhancement Act",
            "type": "HR",
            "url": "https://api.congress.gov/v3/bill/114/hr/2206?format=json"
        },
        {
            "congress": 114,
            "introducedDate": "2015-04-14",
            "latestAction": {
                "actionDate": "2015-04-27",
                "text": "Referred to the Subcommittee on Transportation Security."
            },
            "number": "1789",
            "policyArea": {
                "name": "Transportation and Public Works"
            },
            "title": "Tank Car Safety and Security Act of 2015",
            "type": "HR",
            "url": "https://api.congress.gov/v3/bill/114/hr/1789?format=json"
        },
        {
            "congress": 114,
            "introducedDate": "2015-01-28",
            "latestAction": {
                "actionDate": "2015-07-06",
                "text": "Became Public Law No: 114-29."
            },
            "number": "615",
            "policyArea": {
                "name": "Emergency Management"
            },
            "title": "Department of Homeland Security Interoperable Communications Act",
            "type": "HR",
            "url": "https://api.congress.gov/v3/bill/114/hr/615?format=json"
        },
        {
            "congress": 114,
            "introducedDate": "2015-02-27",
            "latestAction": {
                "actionDate": "2015-02-27",
                "text": "Referred to the House Committee on Oversight and Government Reform."
            },
            "number": "131",
            "policyArea": {
                "name": "Health"
            },
            "title": "Supporting the designation of March 2015, as National Colorectal Cancer Awareness Month.",
            "type": "HRES",
            "url": "https://api.congress.gov/v3/bill/114/hres/131?format=json"
        },
        {
            "congress": 114,
            "introducedDate": "2015-06-18",
            "latestAction": {
                "actionDate": "2015-06-18",
                "text": "Referred to the House Committee on Oversight and Government Reform."
            },
            "number": "57",
            "policyArea": {
                "name": "Health"
            },
            "title": "Supporting National Men's Health Week.",
            "type": "HCONRES",
            "url": "https://api.congress.gov/v3/bill/114/hconres/57?format=json"
        },
        {
            "congress": 114,
            "introducedDate": "2015-07-21",
            "latestAction": {
                "actionDate": "2015-11-17",
                "text": "Received in the Senate and Read twice and referred to the Committee on Commerce, Science, and Transportation."
            },
            "number": "3144",
            "policyArea": {
                "name": "Transportation and Public Works"
            },
            "title": "Partners for Aviation Security Act",
            "type": "HR",
            "url": "https://api.congress.gov/v3/bill/114/hr/3144?format=json"
        }
    ]
}