{
    "pagination": {
        "count": 64
    },
    "request": {
        "bioguideId": "g000586",
        "contentType": "application/json",
        "format": "json"
    },
    "sponsoredLegislation": [
        {
            "congress": 118,
            "introducedDate": "2024-04-30",
            "latestAction": {
                "actionDate": "2024-04-30",
                "text": "Referred to the House Committee on Financial Services."
            },
            "number": "8171",
            "policyArea": {
                "name": null
            },
            "title": "Lead-Safe Housing for Kids Act of 2024",
            "type": "HR",
            "url": "https://api.congress.gov/v3/bill/118/hr/8171?format=json"
        },
        {
            "congress": 118,
            "introducedDate": "2024-04-09",
            "latestAction": {
                "actionDate": "2024-04-09",
                "text": "Referred to the House Committee on Financial Services."
            },
            "number": "7902",
            "policyArea": {
                "name": "International Affairs"
            },
            "title": "Stop Onerous Surcharges Act",
            "type": "HR",
            "url": "https://api.congress.gov/v3/bill/118/hr/7902?format=json"
        },
        {
            "congress": 118,
            "introducedDate": "2023-12-22",
            "latestAction": {
                "actionDate": "2024-01-19",
                "text": "Referred to the Subcommittee on Highways and Transit."
            },
            "number": "6884",
            "policyArea": {
                "name": "Transportation and Public Works"
            },
            "title": "Fair Compensation for Truck Crash Victims Act",
            "type": "HR",
            "url": "https://api.congress.gov/v3/bill/118/hr/6884?format=json"
        },
        {
            "congress": 118,
            "introducedDate": "2023-06-07",
            "latestAction": {
                "actionDate": "2023-06-08",
                "text": "Referred to the Subcommittee on Aviation."
            },
            "number": "3909",
            "policyArea": {
                "name": "Transportation and Public Works"
            },
            "title": "Cargo Flight Deck Security Act of 2023",
            "type": "HR",
            "url": "https://api.congress.gov/v3/bill/118/hr/3909?format=json"
        },
        {
            "congress": 118,
            "introducedDate": "2023-05-25",
            "latestAction": {
                "actionDate": "2023-05-25",
                "text": "Referred to the House Committee on Financial Services."
            },
            "number": "3694",
            "policyArea": {
                "name": "Finance and Financial Sector"
            },
            "title": "Reward Work Act",
            "type": "HR",
            "url": "https://api.congress.gov/v3/bill/118/hr/3694?format=json"
        },
        {
            "congress": 118,
            "introducedDate": "2023-05-11",
            "latestAction": {
                "actionDate": "2023-05-11",
                "text": "Referred to the Committee on Education and the Workforce, and in addition to the Committee on the Budget, for a period to be subsequently determined by the Speaker, in each case for consideration of such provisions as fall within the jurisdiction of the committee concerned."
            },
            "number": "3233",
            "policyArea": {
                "name": "Education"
            },
            "title": "Diversify Act",
            "type": "HR",
            "url": "https://api.congress.gov/v3/bill/118/hr/3233?format=json"
        },
        {
            "congress": 118,
            "introducedDate": "2023-05-09",
            "latestAction": {
                "actionDate": "2023-05-09",
                "text": "Referred to the House Committee on Natural Resources."
            },
            "number": "3144",
            "policyArea": {
                "name": "Native Americans"
            },
            "title": "Prairie Band Potawatomi Nation Shab-eh-nay Band Reservation Settlement Act of 2023",
            "type": "HR",
            "url": "https://api.congress.gov/v3/bill/118/hr/3144?format=json"
        },
        {
            "congress": 118,
            "introducedDate": "2023-03-29",
            "latestAction": {
                "actionDate": "2023-03-29",
                "text": "Referred to the House Committee on the Judiciary."
            },
            "number": "2374",
            "policyArea": {
                "name": "Immigration"
            },
            "title": "New Way Forward Act",
            "type": "HR",
            "url": "https://api.congress.gov/v3/bill/118/hr/2374?format=json"
        },
        {
            "congress": 118,
            "introducedDate": "2023-03-09",
            "latestAction": {
                "actionDate": "2023-03-10",
                "text": "Referred to the Subcommittee on Aviation."
            },
            "number": "1499",
            "policyArea": {
                "name": "Transportation and Public Works"
            },
            "title": "Good Jobs for Good Airports Act",
            "type": "HR",
            "url": "https://api.congress.gov/v3/bill/118/hr/1499?format=json"
        },
        {
            "congress": 118,
            "introducedDate": "2023-02-06",
            "latestAction": {
                "actionDate": "2023-02-07",
                "text": "Referred to the Subcommittee on Railroads, Pipelines, and Hazardous Materials."
            },
            "number": "832",
            "policyArea": {
                "name": "Commerce"
            },
            "title": "Giving Disadvantaged Businesses Opportunities for Success Act",
            "type": "HR",
            "url": "https://api.congress.gov/v3/bill/118/hr/832?format=json"
        },
        {
            "congress": 117,
            "introducedDate": "2022-12-20",
            "latestAction": {
                "actionDate": "2022-12-20",
                "text": "Referred to the House Committee on Financial Services."
            },
            "number": "9620",
            "policyArea": {
                "name": "International Affairs"
            },
            "title": "Chixoy International Financial Institution Reparations Act of 2022",
            "type": "HR",
            "url": "https://api.congress.gov/v3/bill/117/hr/9620?format=json"
        },
        {
            "congress": 117,
            "introducedDate": "2022-10-07",
            "latestAction": {
                "actionDate": "2022-10-07",
                "text": "Referred to the House Committee on Financial Services."
            },
            "number": "9149",
            "policyArea": {
                "name": "Finance and Financial Sector"
            },
            "title": "Reward Work Act",
            "type": "HR",
            "url": "https://api.congress.gov/v3/bill/117/hr/9149?format=json"
        },
        {
            "congress": 117,
            "introducedDate": "2022-09-29",
            "latestAction": {
                "actionDate": "2022-09-30",
                "text": "Referred to the Subcommittee on Economic Development, Public Buildings, and Emergency Management."
            },
            "number": "9053",
            "policyArea": {
                "name": "Government Operations and Politics"
            },
            "title": "Community Driven Recovery for Puerto Rico Act",
            "type": "HR",
            "url": "https://api.congress.gov/v3/bill/117/hr/9053?format=json"
        },
        {
            "congress": 117,
            "introducedDate": "2022-07-14",
            "latestAction": {
                "actionDate": "2022-09-14",
                "text": "Subcommittee Hearings Held."
            },
            "number": "8380",
            "policyArea": {
                "name": "Native Americans"
            },
            "title": "Prairie Band Potawatomi Nation Shab-eh-nay Band Reservation Settlement Act of 2022",
            "type": "HR",
            "url": "https://api.congress.gov/v3/bill/117/hr/8380?format=json"
        },
        {
            "congress": 117,
            "introducedDate": "2022-06-16",
            "latestAction": {
                "actionDate": "2022-06-17",
                "text": "Referred to the Subcommittee on Aviation."
            },
            "number": "8105",
            "policyArea": {
                "name": "Transportation and Public Works"
            },
            "title": "Good Jobs for Good Airports Act",
            "type": "HR",
            "url": "https://api.congress.gov/v3/bill/117/hr/8105?format=json"
        },
        {
            "congress": 117,
            "introducedDate": "2022-05-24",
            "latestAction": {
                "actionDate": "2022-05-25",
                "text": "Referred to the Subcommittee on Highways and Transit."
            },
            "number": "7866",
            "policyArea": {
                "name": "Commerce"
            },
            "title": "Giving Disadvantaged Businesses Opportunities for Success Act",
            "type": "HR",
            "url": "https://api.congress.gov/v3/bill/117/hr/7866?format=json"
        },
        {
            "congress": 117,
            "introducedDate": "2022-03-15",
            "latestAction": {
                "actionDate": "2022-05-12",
                "text": "Received in the Senate and Read twice and referred to the Committee on Foreign Relations."
            },
            "number": "7081",
            "policyArea": {
                "name": "International Affairs"
            },
            "title": "Ukraine Comprehensive Debt Payment Relief Act of 2022",
            "type": "HR",
            "url": "https://api.congress.gov/v3/bill/117/hr/7081?format=json"
        },
        {
            "congress": 117,
            "introducedDate": "2022-03-08",
            "latestAction": {
                "actionDate": "2022-03-08",
                "text": "Referred to the House Committee on Financial Services."
            },
            "number": "6979",
            "policyArea": {
                "name": "International Affairs"
            },
            "title": "Stop Onerous Surcharges Act",
            "type": "HR",
            "url": "https://api.congress.gov/v3/bill/117/hr/6979?format=json"
        },
        {
            "congress": 117,
            "introducedDate": "2021-11-15",
            "latestAction": {
                "actionDate": "2021-11-15",
                "text": "Referred to the House Committee on Financial Services."
            },
            "number": "5974",
            "policyArea": {
                "name": "Finance and Financial Sector"
            },
            "title": "Veterans and Consumers Fair Credit Act",
            "type": "HR",
            "url": "https://api.congress.gov/v3/bill/117/hr/5974?format=json"
        },
        {
            "congress": 117,
            "introducedDate": "2021-11-09",
            "latestAction": {
                "actionDate": "2022-06-22",
                "text": "Ordered to be Reported in the Nature of a Substitute (Amended) by the Yeas and Nays: 28 - 25."
            },
            "number": "5912",
            "policyArea": {
                "name": "Finance and Financial Sector"
            },
            "title": "Close the ILC Loophole Act",
            "type": "HR",
            "url": "https://api.congress.gov/v3/bill/117/hr/5912?format=json"
        },
        {
            "congress": 117,
            "introducedDate": "2021-10-28",
            "latestAction": {
                "actionDate": "2021-10-29",
                "text": "Referred to the Subcommittee on Highways and Transit."
            },
            "number": "5771",
            "policyArea": {
                "name": "Transportation and Public Works"
            },
            "title": "Building Much Needed Rail Grade Separations Act of 2021",
            "type": "HR",
            "url": "https://api.congress.gov/v3/bill/117/hr/5771?format=json"
        },
        {
            "congress": 117,
            "introducedDate": "2021-07-21",
            "latestAction": {
                "actionDate": "2021-07-22",
                "text": "Referred to the Subcommittee on Aviation."
            },
            "number": "4598",
            "policyArea": {
                "name": "Transportation and Public Works"
            },
            "title": "Cargo Flight Deck Security Act of 2021",
            "type": "HR",
            "url": "https://api.congress.gov/v3/bill/117/hr/4598?format=json"
        },
        {
            "congress": 117,
            "introducedDate": "2021-09-29",
            "latestAction": {
                "actionDate": "2021-09-29",
                "text": "Referred to the House Committee on Financial Services."
            },
            "number": "5419",
            "policyArea": {
                "name": "Finance and Financial Sector"
            },
            "title": "Bank Merger Review Modernization Act of 2021",
            "type": "HR",
            "url": "https://api.congress.gov/v3/bill/117/hr/5419?format=json"
        },
        {
            "congress": 117,
            "introducedDate": "2021-05-20",
            "latestAction": {
                "actionDate": "2021-05-20",
                "text": "Referred to the Committee on Education and Labor, and in addition to the Committee on the Budget, for a period to be subsequently determined by the Speaker, in each case for consideration of such provisions as fall within the jurisdiction of the committee concerned."
            },
            "number": "3393",
            "policyArea": {
                "name": "Education"
            },
            "title": "Diversify Act",
            "type": "HR",
            "url": "https://api.congress.gov/v3/bill/117/hr/3393?format=json"
        },
        {
            "congress": 117,
            "introducedDate": "2021-05-14",
            "latestAction": {
                "actionDate": "2021-07-01",
                "text": "Referred to the Subcommittee on Nutrition, Oversight, and Department Operations."
            },
            "number": "3246",
            "policyArea": {
                "name": "Labor and Employment"
            },
            "title": "Connecting Youth to Jobs Act",
            "type": "HR",
            "url": "https://api.congress.gov/v3/bill/117/hr/3246?format=json"
        },
        {
            "congress": 117,
            "introducedDate": "2021-04-28",
            "latestAction": {
                "actionDate": "2021-10-19",
                "text": "Referred to the Subcommittee on Immigration and Citizenship."
            },
            "number": "2904",
            "policyArea": {
                "name": "Private Legislation"
            },
            "title": "For the relief of Jose Garcia Alarcon.",
            "type": "HR",
            "url": "https://api.congress.gov/v3/bill/117/hr/2904?format=json"
        },
        {
            "congress": 117,
            "introducedDate": "2021-04-28",
            "latestAction": {
                "actionDate": "2021-10-19",
                "text": "Referred to the Subcommittee on Immigration and Citizenship."
            },
            "number": "2905",
            "policyArea": {
                "name": "Private Legislation"
            },
            "title": "For the relief of Francisca Burciaga-Amaro.",
            "type": "HR",
            "url": "https://api.congress.gov/v3/bill/117/hr/2905?format=json"
        },
        {
            "congress": 117,
            "introducedDate": "2021-04-20",
            "latestAction": {
                "actionDate": "2021-04-21",
                "text": "Referred to the Subcommittee on Highways and Transit."
            },
            "number": "2687",
            "policyArea": {
                "name": "Transportation and Public Works"
            },
            "title": "INSURANCE Act of 2021",
            "type": "HR",
            "url": "https://api.congress.gov/v3/bill/117/hr/2687?format=json"
        },
        {
            "congress": 116,
            "introducedDate": "2020-03-11",
            "latestAction": {
                "actionDate": "2020-03-12",
                "text": "Referred to the Subcommittee on Aviation."
            },
            "number": "6190",
            "policyArea": {
                "name": "Transportation and Public Works"
            },
            "title": "Cargo Flight Deck Security Act of 2020",
            "type": "HR",
            "url": "https://api.congress.gov/v3/bill/116/hr/6190?format=json"
        },
        {
            "congress": 117,
            "introducedDate": "2021-04-14",
            "latestAction": {
                "actionDate": "2021-04-15",
                "text": "Referred to the Subcommittee on Highways and Transit."
            },
            "number": "2514",
            "policyArea": {
                "name": "Transportation and Public Works"
            },
            "title": "Mobility Options, Resiliency, and Efficiency (MORE) through TDM Act",
            "type": "HR",
            "url": "https://api.congress.gov/v3/bill/117/hr/2514?format=json"
        },
        {
            "congress": 117,
            "introducedDate": "2021-04-14",
            "latestAction": {
                "actionDate": "2021-04-14",
                "text": "Referred to the House Committee on Financial Services."
            },
            "number": "2513",
            "policyArea": {
                "name": "Housing and Community Development"
            },
            "title": "Lead Abatement for Families Act of 2021",
            "type": "HR",
            "url": "https://api.congress.gov/v3/bill/117/hr/2513?format=json"
        },
        {
            "congress": 117,
            "introducedDate": "2021-03-26",
            "latestAction": {
                "actionDate": "2021-03-26",
                "text": "Referred to the House Committee on Financial Services."
            },
            "number": "35",
            "policyArea": {
                "name": "Finance and Financial Sector"
            },
            "title": "Providing for congressional disapproval under chapter 8 of title 5, United States Code, of the rule submitted by the Office of the Comptroller of the Currency relating to \"National Banks and Federal Savings Associations as Lenders\".",
            "type": "HJRES",
            "url": "https://api.congress.gov/v3/bill/117/hjres/35?format=json"
        },
        {
            "congress": 117,
            "introducedDate": "2021-03-26",
            "latestAction": {
                "actionDate": "2021-03-26",
                "text": "Referred to the House Committee on House Administration."
            },
            "number": "2215",
            "policyArea": {
                "name": "Government Operations and Politics"
            },
            "title": "Our Homes, Our Votes Act",
            "type": "HR",
            "url": "https://api.congress.gov/v3/bill/117/hr/2215?format=json"
        },
        {
            "congress": 117,
            "introducedDate": "2021-02-11",
            "latestAction": {
                "actionDate": "2021-02-11",
                "text": "Referred to the House Committee on Financial Services."
            },
            "number": "986",
            "policyArea": {
                "name": "International Affairs"
            },
            "title": "Robust International Response to Pandemic Act",
            "type": "HR",
            "url": "https://api.congress.gov/v3/bill/117/hr/986?format=json"
        },
        {
            "congress": 117,
            "introducedDate": "2021-01-28",
            "latestAction": {
                "actionDate": "2021-03-05",
                "text": "Referred to the Subcommittee on Immigration and Citizenship."
            },
            "number": "536",
            "policyArea": {
                "name": "Immigration"
            },
            "title": "New Way Forward Act",
            "type": "HR",
            "url": "https://api.congress.gov/v3/bill/117/hr/536?format=json"
        },
        {
            "congress": 116,
            "introducedDate": "2020-12-17",
            "latestAction": {
                "actionDate": "2020-12-17",
                "text": "Referred to the House Committee on Energy and Commerce."
            },
            "number": "9005",
            "policyArea": {
                "name": "Health"
            },
            "title": "Health Workforce Diversity Act",
            "type": "HR",
            "url": "https://api.congress.gov/v3/bill/116/hr/9005?format=json"
        },
        {
            "congress": 116,
            "introducedDate": "2020-12-17",
            "latestAction": {
                "actionDate": "2020-12-17",
                "text": "Referred to the House Committee on Energy and Commerce."
            },
            "number": "9007",
            "policyArea": {
                "name": "Health"
            },
            "title": "Inclusive Diabetes Research and Education Act",
            "type": "HR",
            "url": "https://api.congress.gov/v3/bill/116/hr/9007?format=json"
        },
        {
            "congress": 116,
            "introducedDate": "2020-12-17",
            "latestAction": {
                "actionDate": "2020-12-17",
                "text": "Referred to the House Committee on Energy and Commerce."
            },
            "number": "9006",
            "policyArea": {
                "name": "Health"
            },
            "title": "Inclusive Clinical Trials Act",
            "type": "HR",
            "url": "https://api.congress.gov/v3/bill/116/hr/9006?format=json"
        },
        {
            "congress": 116,
            "introducedDate": "2020-12-17",
            "latestAction": {
                "actionDate": "2020-12-17",
                "text": "Referred to the House Committee on Agriculture."
            },
            "number": "9004",
            "policyArea": {
                "name": "Agriculture and Food"
            },
            "title": "Removing Barriers to SNAP Act",
            "type": "HR",
            "url": "https://api.congress.gov/v3/bill/116/hr/9004?format=json"
        },
        {
            "congress": 116,
            "introducedDate": "2020-12-17",
            "latestAction": {
                "actionDate": "2020-12-17",
                "text": "Referred to the Committee on Energy and Commerce, and in addition to the Committee on Agriculture, for a period to be subsequently determined by the Speaker, in each case for consideration of such provisions as fall within the jurisdiction of the committee concerned."
            },
            "number": "9008",
            "policyArea": {
                "name": "Health"
            },
            "title": "Health and Nutrition Access for All Act",
            "type": "HR",
            "url": "https://api.congress.gov/v3/bill/116/hr/9008?format=json"
        },
        {
            "congress": 116,
            "introducedDate": "2020-12-16",
            "latestAction": {
                "actionDate": "2020-12-17",
                "text": "Referred to the Subcommittee on Economic Development, Public Buildings, and Emergency Management."
            },
            "number": "8978",
            "policyArea": {
                "name": "Government Operations and Politics"
            },
            "title": "Community Driven Recovery for Puerto Rico Act",
            "type": "HR",
            "url": "https://api.congress.gov/v3/bill/116/hr/8978?format=json"
        },
        {
            "congress": 116,
            "introducedDate": "2020-12-10",
            "latestAction": {
                "actionDate": "2020-12-11",
                "text": "Referred to the Subcommittee on Highways and Transit."
            },
            "number": "1258",
            "policyArea": {
                "name": "Transportation and Public Works"
            },
            "title": "Declaring that public transit is a national priority which requires funding equal to the level of highway funding.",
            "type": "HRES",
            "url": "https://api.congress.gov/v3/bill/116/hres/1258?format=json"
        },
        {
            "congress": 116,
            "introducedDate": "2020-12-09",
            "latestAction": {
                "actionDate": "2020-12-09",
                "text": "Referred to the House Committee on House Administration."
            },
            "number": "8924",
            "policyArea": {
                "name": "Government Operations and Politics"
            },
            "title": "Our Homes, Our Votes Act",
            "type": "HR",
            "url": "https://api.congress.gov/v3/bill/116/hr/8924?format=json"
        },
        {
            "congress": 116,
            "introducedDate": "2020-10-23",
            "latestAction": {
                "actionDate": "2020-10-23",
                "text": "Referred to the House Committee on Education and Labor."
            },
            "number": "8664",
            "policyArea": {
                "name": "Education"
            },
            "title": "PPE for Safe Schools Act",
            "type": "HR",
            "url": "https://api.congress.gov/v3/bill/116/hr/8664?format=json"
        },
        {
            "congress": 116,
            "introducedDate": "2020-07-16",
            "latestAction": {
                "actionDate": "2020-07-16",
                "text": "Referred to the House Committee on Financial Services."
            },
            "number": "7633",
            "policyArea": {
                "name": "Housing and Community Development"
            },
            "title": "Lead Abatement for Families Act of 2020",
            "type": "HR",
            "url": "https://api.congress.gov/v3/bill/116/hr/7633?format=json"
        },
        {
            "congress": 116,
            "introducedDate": "2020-06-29",
            "latestAction": {
                "actionDate": "2020-06-29",
                "text": "Referred to the Committee on Financial Services, and in addition to the Committee on the Judiciary, for a period to be subsequently determined by the Speaker, in each case for consideration of such provisions as fall within the jurisdiction of the committee concerned."
            },
            "number": "7402",
            "policyArea": {
                "name": "Housing and Community Development"
            },
            "title": "Protecting Renters from Eviction and Fees Act of 2020",
            "type": "HR",
            "url": "https://api.congress.gov/v3/bill/116/hr/7402?format=json"
        },
        {
            "congress": 116,
            "introducedDate": "2020-06-01",
            "latestAction": {
                "actionDate": "2020-06-02",
                "text": "Referred to the Subcommittee on Highways and Transit."
            },
            "number": "7074",
            "policyArea": {
                "name": "Transportation and Public Works"
            },
            "title": "Promoting Equitable Transit-Oriented Development and Mobility Corridors Act",
            "type": "HR",
            "url": "https://api.congress.gov/v3/bill/116/hr/7074?format=json"
        },
        {
            "congress": 116,
            "introducedDate": "2020-04-28",
            "latestAction": {
                "actionDate": "2020-07-09",
                "text": "Referred to the Subcommittee on Water, Oceans, and Wildlife."
            },
            "number": "6637",
            "policyArea": {
                "name": "Health"
            },
            "title": "Health Equity and Accountability Act of 2020",
            "type": "HR",
            "url": "https://api.congress.gov/v3/bill/116/hr/6637?format=json"
        },
        {
            "congress": 116,
            "introducedDate": "2020-04-21",
            "latestAction": {
                "actionDate": "2020-04-21",
                "text": "Referred to the House Committee on Financial Services."
            },
            "number": "6581",
            "policyArea": {
                "name": "International Affairs"
            },
            "title": "Robust International Response to Pandemic Act",
            "type": "HR",
            "url": "https://api.congress.gov/v3/bill/116/hr/6581?format=json"
        },
        {
            "congress": 116,
            "introducedDate": "2020-04-14",
            "latestAction": {
                "actionDate": "2020-04-14",
                "text": "Referred to the House Committee on Financial Services."
            },
            "number": "6501",
            "policyArea": {
                "name": "Finance and Financial Sector"
            },
            "title": "Systemic Risk Mitigation Act of 2020",
            "type": "HR",
            "url": "https://api.congress.gov/v3/bill/116/hr/6501?format=json"
        },
        {
            "congress": 116,
            "introducedDate": "2020-04-07",
            "latestAction": {
                "actionDate": "2020-04-08",
                "text": "Referred to the Subcommittee on Highways and Transit."
            },
            "number": "6464",
            "policyArea": {
                "name": "Transportation and Public Works"
            },
            "title": "Improving Access to Jobs Act",
            "type": "HR",
            "url": "https://api.congress.gov/v3/bill/116/hr/6464?format=json"
        },
        {
            "congress": 116,
            "introducedDate": "2020-04-07",
            "latestAction": {
                "actionDate": "2020-04-08",
                "text": "Referred to the Subcommittee on Highways and Transit."
            },
            "number": "6463",
            "policyArea": {
                "name": "Transportation and Public Works"
            },
            "title": "Improving Access to Services Act",
            "type": "HR",
            "url": "https://api.congress.gov/v3/bill/116/hr/6463?format=json"
        },
        {
            "congress": 116,
            "introducedDate": "2020-03-23",
            "latestAction": {
                "actionDate": "2020-03-23",
                "text": "Referred to the House Committee on the Judiciary."
            },
            "number": "6347",
            "policyArea": {
                "name": "Housing and Community Development"
            },
            "title": "Rental Eviction Moratorium Act of 2020",
            "type": "HR",
            "url": "https://api.congress.gov/v3/bill/116/hr/6347?format=json"
        },
        {
            "congress": 116,
            "introducedDate": "2019-12-10",
            "latestAction": {
                "actionDate": "2020-01-30",
                "text": "Referred to the Subcommittee on Immigration and Citizenship."
            },
            "number": "5383",
            "policyArea": {
                "name": "Immigration"
            },
            "title": "New Way Forward Act",
            "type": "HR",
            "url": "https://api.congress.gov/v3/bill/116/hr/5383?format=json"
        },
        {
            "congress": 116,
            "introducedDate": "2019-12-06",
            "latestAction": {
                "actionDate": "2019-12-06",
                "text": "Referred to the Committee on Education and Labor, and in addition to the Committee on the Budget, for a period to be subsequently determined by the Speaker, in each case for consideration of such provisions as fall within the jurisdiction of the committee concerned."
            },
            "number": "5350",
            "policyArea": {
                "name": "Education"
            },
            "title": "Diversify Act",
            "type": "HR",
            "url": "https://api.congress.gov/v3/bill/116/hr/5350?format=json"
        },
        {
            "congress": 116,
            "introducedDate": "2019-12-05",
            "latestAction": {
                "actionDate": "2019-12-05",
                "text": "Referred to the House Committee on Financial Services."
            },
            "number": "5318",
            "policyArea": {
                "name": "Finance and Financial Sector"
            },
            "title": "Bank Merger Review Modernization Act of 2019",
            "type": "HR",
            "url": "https://api.congress.gov/v3/bill/116/hr/5318?format=json"
        },
        {
            "congress": 116,
            "introducedDate": "2019-11-19",
            "latestAction": {
                "actionDate": "2019-11-19",
                "text": "Referred to the House Committee on Financial Services."
            },
            "number": "5180",
            "policyArea": {
                "name": "Finance and Financial Sector"
            },
            "title": "Protecting Consumers from Market Manipulation Act",
            "type": "HR",
            "url": "https://api.congress.gov/v3/bill/116/hr/5180?format=json"
        },
        {
            "congress": 116,
            "introducedDate": "2019-11-12",
            "latestAction": {
                "actionDate": "2019-11-12",
                "text": "Referred to the House Committee on Financial Services."
            },
            "number": "5050",
            "policyArea": {
                "name": "Finance and Financial Sector"
            },
            "title": "Veterans and Consumers Fair Credit Act",
            "type": "HR",
            "url": "https://api.congress.gov/v3/bill/116/hr/5050?format=json"
        },
        {
            "congress": 116,
            "introducedDate": "2019-10-23",
            "latestAction": {
                "actionDate": "2019-11-13",
                "text": "Referred to the Subcommittee on Commodity Exchanges, Energy, and Credit."
            },
            "number": "4813",
            "policyArea": {
                "name": "Finance and Financial Sector"
            },
            "title": "Keep Big Tech Out Of Finance Act",
            "type": "HR",
            "url": "https://api.congress.gov/v3/bill/116/hr/4813?format=json"
        },
        {
            "congress": 116,
            "introducedDate": "2019-07-16",
            "latestAction": {
                "actionDate": "2019-07-17",
                "text": "Referred to the Subcommittee on Highways and Transit."
            },
            "number": "3781",
            "policyArea": {
                "name": "Transportation and Public Works"
            },
            "title": "Improving National Safety by Updating the Required Amount of Insurance Needed by Commercial Motor Vehicles per Event (INSURANCE) Act of 2019",
            "type": "HR",
            "url": "https://api.congress.gov/v3/bill/116/hr/3781?format=json"
        },
        {
            "amendmentNumber": "479",
            "congress": 116,
            "introducedDate": "2019-06-24",
            "latestAction": {
                "actionDate": "2019-06-24",
                "actionTime": "17:35:21",
                "text": "On agreeing to the Garcia (IL) amendment (A093) Agreed to by voice vote. "
            },
            "type": null,
            "url": "https://api.congress.gov/v3/amendment/116/hamdt/479?format=json"
        },
        {
            "congress": 116,
            "introducedDate": "2019-06-19",
            "latestAction": {
                "actionDate": "2019-06-19",
                "text": "Referred to the House Committee on Financial Services."
            },
            "number": "3355",
            "policyArea": {
                "name": "Finance and Financial Sector"
            },
            "title": "Reward Work Act",
            "type": "HR",
            "url": "https://api.congress.gov/v3/bill/116/hr/3355?format=json"
        },
        {
            "congress": 116,
            "introducedDate": "2019-04-15",
            "latestAction": {
                "actionDate": "2019-04-15",
                "text": "Referred to the House Committee on Financial Services."
            },
            "number": "2324",
            "policyArea": {
                "name": "Finance and Financial Sector"
            },
            "title": "Protections in Consumer Lending Act",
            "type": "HR",
            "url": "https://api.congress.gov/v3/bill/116/hr/2324?format=json"
        },
        {
            "congress": 116,
            "introducedDate": "2019-03-12",
            "latestAction": {
                "actionDate": "2019-09-11",
                "text": "Received in the Senate and Read twice and referred to the Committee on Banking, Housing, and Urban Affairs."
            },
            "number": "1690",
            "policyArea": {
                "name": "Housing and Community Development"
            },
            "title": "Carbon Monoxide Alarms Leading Every Resident To Safety Act of 2019",
            "type": "HR",
            "url": "https://api.congress.gov/v3/bill/116/hr/1690?format=json"
        }
    ]
}