{
    "pagination": {
        "count": 43
    },
    "request": {
        "bioguideId": "b001246",
        "contentType": "application/json",
        "format": "json"
    },
    "sponsoredLegislation": [
        {
            "amendmentNumber": "666",
            "congress": 109,
            "introducedDate": "2005-12-16",
            "latestAction": {
                "actionDate": "2005-12-16",
                "actionTime": "20:34:52",
                "text": "On agreeing to the Bradley (NH) amendment (A031) Agreed to by voice vote. "
            },
            "type": null,
            "url": "https://api.congress.gov/v3/amendment/109/hamdt/666?format=json"
        },
        {
            "amendmentNumber": "347",
            "congress": 109,
            "introducedDate": "2005-06-23",
            "latestAction": {
                "actionDate": "2005-06-23",
                "actionTime": "17:21:08",
                "text": "On agreeing to the Bradley (NH) amendment (A005) Failed by recorded vote: 161 - 262 (Roll no. 307). "
            },
            "type": null,
            "url": "https://api.congress.gov/v3/amendment/109/hamdt/347?format=json"
        },
        {
            "amendmentNumber": "384",
            "congress": 109,
            "introducedDate": "2005-06-28",
            "latestAction": {
                "actionDate": "2005-06-28",
                "actionTime": "20:02:40",
                "text": "On agreeing to the Bradley (NH) amendment (A014) Agreed to by voice vote. "
            },
            "type": null,
            "url": "https://api.congress.gov/v3/amendment/109/hamdt/384?format=json"
        },
        {
            "amendmentNumber": "213",
            "congress": 109,
            "introducedDate": "2005-05-25",
            "latestAction": {
                "actionDate": "2005-05-25",
                "actionTime": "19:43:13",
                "text": "On agreeing to the Bradley (NH) amendment (A008) Failed by recorded vote: 112 - 316 (Roll no. 219). "
            },
            "type": null,
            "url": "https://api.congress.gov/v3/amendment/109/hamdt/213?format=json"
        },
        {
            "congress": 109,
            "introducedDate": "2006-06-22",
            "latestAction": {
                "actionDate": "2006-06-28",
                "text": "Referred to the Subcommittee on Health."
            },
            "number": "5671",
            "policyArea": {
                "name": "Armed Forces and National Security"
            },
            "title": "Veterans Long Term Care Security Act",
            "type": "HR",
            "url": "https://api.congress.gov/v3/bill/109/hr/5671?format=json"
        },
        {
            "congress": 109,
            "introducedDate": "2006-05-02",
            "latestAction": {
                "actionDate": "2006-05-08",
                "text": "Referred to the Subcommittee on Health."
            },
            "number": "5260",
            "policyArea": {
                "name": "Armed Forces and National Security"
            },
            "title": "To provide that any reduction in the hours of operation of Department of Veterans Affairs Medical Center emergency rooms may be implemented only after notice is provided to Congress and a period of 180 days has elapsed.",
            "type": "HR",
            "url": "https://api.congress.gov/v3/bill/109/hr/5260?format=json"
        },
        {
            "congress": 109,
            "introducedDate": "2006-05-02",
            "latestAction": {
                "actionDate": "2006-05-02",
                "text": "Referred to the House Committee on Ways and Means."
            },
            "number": "5261",
            "policyArea": {
                "name": "Foreign Trade and International Finance"
            },
            "title": "Ethanol Import Fairness Act",
            "type": "HR",
            "url": "https://api.congress.gov/v3/bill/109/hr/5261?format=json"
        },
        {
            "congress": 109,
            "introducedDate": "2006-04-27",
            "latestAction": {
                "actionDate": "2006-05-04",
                "text": "Referred to the Subcommittee on Health."
            },
            "number": "5221",
            "policyArea": {
                "name": "Armed Forces and National Security"
            },
            "title": "Vet Center Enhancement Act of 2006",
            "type": "HR",
            "url": "https://api.congress.gov/v3/bill/109/hr/5221?format=json"
        },
        {
            "congress": 109,
            "introducedDate": "2006-04-25",
            "latestAction": {
                "actionDate": "2006-04-25",
                "text": "Referred to the Committee on Energy and Commerce, and in addition to the Committee on Ways and Means, for a period to be subsequently determined by the Speaker, in each case for consideration of such provisions as fall within the jurisdiction of the committee concerned."
            },
            "number": "5173",
            "policyArea": {
                "name": "Health"
            },
            "title": "Suspension of Medicare Prescription Drug Late Enrollment Penalty Act of 2006",
            "type": "HR",
            "url": "https://api.congress.gov/v3/bill/109/hr/5173?format=json"
        },
        {
            "congress": 109,
            "introducedDate": "2006-04-26",
            "latestAction": {
                "actionDate": "2006-05-04",
                "text": "Referred to the Subcommittee on Health."
            },
            "number": "5202",
            "policyArea": {
                "name": "Armed Forces and National Security"
            },
            "title": "To amend the Department of Veterans Affairs Health Care Programs Enhancement Act of 2001 to require the provision of chiropractic care and services to veterans at all Department of Veterans Affairs medical centers.",
            "type": "HR",
            "url": "https://api.congress.gov/v3/bill/109/hr/5202?format=json"
        },
        {
            "congress": 109,
            "introducedDate": "2006-03-30",
            "latestAction": {
                "actionDate": "2006-09-25",
                "actionTime": "19:08:22",
                "text": "On motion to suspend the rules and pass the bill Failed by recorded vote (2/3 required): 220 - 169 (Roll no. 472)."
            },
            "number": "5062",
            "policyArea": {
                "name": "Public Lands and Natural Resources"
            },
            "title": "New Hampshire Wilderness Act of 2006",
            "type": "HR",
            "url": "https://api.congress.gov/v3/bill/109/hr/5062?format=json"
        },
        {
            "congress": 109,
            "introducedDate": "2006-02-14",
            "latestAction": {
                "actionDate": "2006-02-28",
                "text": "Referred to the Subcommittee on Economic Opportunity."
            },
            "number": "4746",
            "policyArea": {
                "name": "Armed Forces and National Security"
            },
            "title": "Services to Prevent Veterans Homelessness Act",
            "type": "HR",
            "url": "https://api.congress.gov/v3/bill/109/hr/4746?format=json"
        },
        {
            "congress": 109,
            "introducedDate": "2006-02-08",
            "latestAction": {
                "actionDate": "2006-02-17",
                "text": "Referred to the Subcommittee on Health."
            },
            "number": "4715",
            "policyArea": {
                "name": "Health"
            },
            "title": "To amend title XVIII of the Social Security Act to extend the 2006 annual coordinated election period for Medicare prescription drug plans through August 15, 2006.",
            "type": "HR",
            "url": "https://api.congress.gov/v3/bill/109/hr/4715?format=json"
        },
        {
            "congress": 109,
            "introducedDate": "2006-01-31",
            "latestAction": {
                "actionDate": "2006-02-17",
                "text": "Referred to the Subcommittee on Health."
            },
            "number": "4663",
            "policyArea": {
                "name": "Health"
            },
            "title": "To authorize the Secretary of Health and Human Services to reimburse States for expenditures associated with the implementation of the Medicare prescription drug benefit for dual eligible individuals.",
            "type": "HR",
            "url": "https://api.congress.gov/v3/bill/109/hr/4663?format=json"
        },
        {
            "congress": 109,
            "introducedDate": "2005-07-12",
            "latestAction": {
                "actionDate": "2005-07-20",
                "text": "Referred to the Subcommittee on Disability Assistance and Memorial Affairs."
            },
            "number": "3209",
            "policyArea": {
                "name": "Armed Forces and National Security"
            },
            "title": "To amend title 38, United States Code, to add nasopharyngeal cancer to the statutorily prescribed presumptive diseases associated with exposure to Agent Orange during military service in Vietnam.",
            "type": "HR",
            "url": "https://api.congress.gov/v3/bill/109/hr/3209?format=json"
        },
        {
            "congress": 109,
            "introducedDate": "2005-06-08",
            "latestAction": {
                "actionDate": "2005-06-13",
                "text": "Referred to the Subcommittee on Social Security."
            },
            "number": "2799",
            "policyArea": {
                "name": "Social Welfare"
            },
            "title": "Rachel Granger Act of 2005",
            "type": "HR",
            "url": "https://api.congress.gov/v3/bill/109/hr/2799?format=json"
        },
        {
            "congress": 109,
            "introducedDate": "2005-05-16",
            "latestAction": {
                "actionDate": "2005-05-19",
                "text": "Referred to the Subcommittee on Trade."
            },
            "number": "2371",
            "policyArea": {
                "name": "Foreign Trade and International Finance"
            },
            "title": "To extend the temporary suspension of duty on bitolylene diisocyanate (TODI).",
            "type": "HR",
            "url": "https://api.congress.gov/v3/bill/109/hr/2371?format=json"
        },
        {
            "congress": 109,
            "introducedDate": "2005-05-03",
            "latestAction": {
                "actionDate": "2005-05-19",
                "text": "Referred to the Subcommittee on Domestic and International Monetary Policy, Trade, and Technology."
            },
            "number": "2050",
            "policyArea": {
                "name": "Commemorations"
            },
            "title": "Old Man of the Mountain Commemorative Coin Act",
            "type": "HR",
            "url": "https://api.congress.gov/v3/bill/109/hr/2050?format=json"
        },
        {
            "congress": 109,
            "introducedDate": "2005-04-20",
            "latestAction": {
                "actionDate": "2005-04-20",
                "text": "Referred to the House Committee on Ways and Means."
            },
            "number": "1723",
            "policyArea": {
                "name": "Taxation"
            },
            "title": "To amend the Internal Revenue Code of 1986 to allow a credit against income tax for recycling or remanufacturing equipment, and for other purposes.",
            "type": "HR",
            "url": "https://api.congress.gov/v3/bill/109/hr/1723?format=json"
        },
        {
            "congress": 109,
            "introducedDate": "2005-04-20",
            "latestAction": {
                "actionDate": "2005-05-09",
                "text": "Referred to the Subcommittee on Education Reform."
            },
            "number": "1722",
            "policyArea": {
                "name": "Education"
            },
            "title": "To direct the Secretary of Education to revise regulations to increase the percentage of proficient and advanced level scores based on alternate assessments and alternate achievement standards for purposes of calculating adequate yearly progress, to amend the Elementary and Secondary Education Act of 1965 to decrease the percentage of students who meet or exceed the proficient level of academic achievement on State assessments required to calculate adequate yearly progress, to direct the Secretary of Education to expand to two years the exclusion for second year limited English proficiency students from adequate yearly progress calculations, and for other purposes.",
            "type": "HR",
            "url": "https://api.congress.gov/v3/bill/109/hr/1722?format=json"
        },
        {
            "congress": 109,
            "introducedDate": "2005-04-13",
            "latestAction": {
                "actionDate": "2005-04-13",
                "text": "Referred to the House Committee on Ways and Means."
            },
            "number": "1599",
            "policyArea": {
                "name": "Taxation"
            },
            "title": "To amend the Internal Revenue Code of 1986 to extend for two years the higher exemption amounts under the alternative minimum tax for individuals and to adjust the exemption amounts and phaseout thresholds in the alternative minimum tax for inflation.",
            "type": "HR",
            "url": "https://api.congress.gov/v3/bill/109/hr/1599?format=json"
        },
        {
            "congress": 109,
            "introducedDate": "2005-04-13",
            "latestAction": {
                "actionDate": "2005-04-13",
                "text": "Referred to the House Committee on Armed Services."
            },
            "number": "1594",
            "policyArea": {
                "name": "Armed Forces and National Security"
            },
            "title": "Chiropractic Health Parity for Military Retirees and Dependents Act",
            "type": "HR",
            "url": "https://api.congress.gov/v3/bill/109/hr/1594?format=json"
        },
        {
            "congress": 109,
            "introducedDate": "2005-03-03",
            "latestAction": {
                "actionDate": "2005-11-15",
                "text": "Committee on Energy and Natural Resources Subcommittee on National Parks. Hearings held. With printed Hearing: S.Hrg. 109-355."
            },
            "number": "1084",
            "policyArea": {
                "name": "Public Lands and Natural Resources"
            },
            "title": "To authorize the establishment at Antietam National Battlefield of a memorial to the officers and enlisted men of the Fifth, Sixth, and Ninth New Hampshire Volunteer Infantry Regiments and the First New Hampshire Light Artillery Battery who fought in the Battle of Antietam on September 17, 1862, and for other purposes.",
            "type": "HR",
            "url": "https://api.congress.gov/v3/bill/109/hr/1084?format=json"
        },
        {
            "congress": 109,
            "introducedDate": "2005-02-10",
            "latestAction": {
                "actionDate": "2005-02-25",
                "text": "Referred to the Subcommittee on Health."
            },
            "number": "753",
            "policyArea": {
                "name": "Health"
            },
            "title": "Safe Importation of Medical Products and Other Rx Therapies Act of 2005",
            "type": "HR",
            "url": "https://api.congress.gov/v3/bill/109/hr/753?format=json"
        },
        {
            "congress": 109,
            "introducedDate": "2005-01-06",
            "latestAction": {
                "actionDate": "2005-01-06",
                "text": "Referred to the House Committee on Ways and Means."
            },
            "number": "265",
            "policyArea": {
                "name": "Taxation"
            },
            "title": "To amend the Internal Revenue Code of 1986 to provide an exclusion from gross income for student loan payments made by an employer on behalf of an employee.",
            "type": "HR",
            "url": "https://api.congress.gov/v3/bill/109/hr/265?format=json"
        },
        {
            "congress": 109,
            "introducedDate": "2005-01-06",
            "latestAction": {
                "actionDate": "2005-01-06",
                "text": "Referred to the House Committee on Ways and Means."
            },
            "number": "264",
            "policyArea": {
                "name": "Taxation"
            },
            "title": "Enhancing Resources Utilized in Developing Investments for Tuition Expenditures Act of 2003",
            "type": "HR",
            "url": "https://api.congress.gov/v3/bill/109/hr/264?format=json"
        },
        {
            "congress": 109,
            "introducedDate": "2006-03-14",
            "latestAction": {
                "actionDate": "2006-03-17",
                "text": "Referred to the Subcommittee on Health."
            },
            "number": "722",
            "policyArea": {
                "name": "Health"
            },
            "title": "Expressing the sense of the Congress regarding the importance of oral health, and for other purposes.",
            "type": "HRES",
            "url": "https://api.congress.gov/v3/bill/109/hres/722?format=json"
        },
        {
            "congress": 109,
            "introducedDate": "2005-11-17",
            "latestAction": {
                "actionDate": "2005-12-02",
                "text": "Referred to the Subcommittee on Health."
            },
            "number": "562",
            "policyArea": {
                "name": "Foreign Trade and International Finance"
            },
            "title": "Reaffirming the position of the Government of the United States that the sanitary and phytosanitary guidelines for vitamin and mineral food supplements adopted by the Codex Alimentarius Commission at its Twenty-eighth Session from July 4-9, 2005, are not binding on the United States.",
            "type": "HRES",
            "url": "https://api.congress.gov/v3/bill/109/hres/562?format=json"
        },
        {
            "amendmentNumber": "510",
            "congress": 108,
            "introducedDate": "2004-04-01",
            "latestAction": {
                "actionDate": "2004-04-02",
                "actionTime": "11:06:30",
                "text": "On agreeing to the Bradley (NH) amendment (A019) Failed by recorded vote: 90 - 334 (Roll no. 110). (consideration: CR H2080-2081; text: CR H2080-2081)"
            },
            "type": null,
            "url": "https://api.congress.gov/v3/amendment/108/hamdt/510?format=json"
        },
        {
            "amendmentNumber": "88",
            "congress": 108,
            "introducedDate": "2003-04-30",
            "latestAction": {
                "actionDate": "2003-04-30",
                "actionTime": "13:25:54",
                "text": "On agreeing to the Bradley (NH) amendment (A003) Agreed to by voice vote. "
            },
            "type": null,
            "url": "https://api.congress.gov/v3/amendment/108/hamdt/88?format=json"
        },
        {
            "congress": 108,
            "introducedDate": "2004-09-07",
            "latestAction": {
                "actionDate": "2004-09-16",
                "text": "Executive Comment Requested from Interior."
            },
            "number": "5010",
            "policyArea": {
                "name": "Public Lands and Natural Resources"
            },
            "title": "To authorize the establishment at Antietam National Battlefield of a memorial to the officers and enlisted men of the Fifth, Sixth, and Ninth New Hampshire Volunteer Infantry Regiments and the First New Hampshire Light Artillery Battery who fought in the Battle of Antietam on September 17, 1862, and for other purposes.",
            "type": "HR",
            "url": "https://api.congress.gov/v3/bill/108/hr/5010?format=json"
        },
        {
            "congress": 108,
            "introducedDate": "2004-07-22",
            "latestAction": {
                "actionDate": "2004-07-22",
                "text": "Referred to the Subcommittee on Health."
            },
            "number": "4923",
            "policyArea": {
                "name": "Health"
            },
            "title": "Safe IMPORT Act of 2004",
            "type": "HR",
            "url": "https://api.congress.gov/v3/bill/108/hr/4923?format=json"
        },
        {
            "congress": 108,
            "introducedDate": "2004-06-25",
            "latestAction": {
                "actionDate": "2004-07-06",
                "text": "Executive Comment Requested from Interior."
            },
            "number": "4722",
            "policyArea": {
                "name": "Public Lands and Natural Resources"
            },
            "title": "To authorize the establishment at Antietam National Battlefield of a memorial to the officers and enlisted men of the Fifth, Sixth, and Ninth New Hamphire Volunteer Infantry Regiments and the First New Hampshire Light Artillery Battery who fought in the Battle of Antietam on September 17, 1862, and for other purposes.",
            "type": "HR",
            "url": "https://api.congress.gov/v3/bill/108/hr/4722?format=json"
        },
        {
            "congress": 108,
            "introducedDate": "2004-06-25",
            "latestAction": {
                "actionDate": "2004-06-25",
                "text": "Referred to the House Committee on Ways and Means."
            },
            "number": "4723",
            "policyArea": {
                "name": "Taxation"
            },
            "title": "To amend the Internal Revenue Code of 1986 to provide an exclusion from gross income for student loan payments made by an employer on behalf of an employee.",
            "type": "HR",
            "url": "https://api.congress.gov/v3/bill/108/hr/4723?format=json"
        },
        {
            "congress": 108,
            "introducedDate": "2003-10-02",
            "latestAction": {
                "actionDate": "2003-10-02",
                "text": "Referred to the House Committee on Ways and Means."
            },
            "number": "3230",
            "policyArea": {
                "name": "Taxation"
            },
            "title": "Enhancing Resources Utilized in Developing Investments for Tuition Expenditures Act of 2003",
            "type": "HR",
            "url": "https://api.congress.gov/v3/bill/108/hr/3230?format=json"
        },
        {
            "congress": 108,
            "introducedDate": "2003-07-24",
            "latestAction": {
                "actionDate": "2003-09-04",
                "text": "Referred to the Subcommittee on Courts, the Internet, and Intellectual Property."
            },
            "number": "2862",
            "policyArea": {
                "name": "Science, Technology, Communications"
            },
            "title": "North Country Access Act of 2003",
            "type": "HR",
            "url": "https://api.congress.gov/v3/bill/108/hr/2862?format=json"
        },
        {
            "congress": 108,
            "introducedDate": "2003-06-25",
            "latestAction": {
                "actionDate": "2003-07-02",
                "text": "Referred to the Subcommittee on Social Security."
            },
            "number": "2598",
            "policyArea": {
                "name": "Social Welfare"
            },
            "title": "Rachel Granger Act of 2003",
            "type": "HR",
            "url": "https://api.congress.gov/v3/bill/108/hr/2598?format=json"
        },
        {
            "congress": 108,
            "introducedDate": "2003-05-20",
            "latestAction": {
                "actionDate": "2003-12-16",
                "text": "See Public Law 108-183."
            },
            "number": "2164",
            "policyArea": {
                "name": "Armed Forces and National Security"
            },
            "title": "To amend title 38, United States Code, to provide for an extension in the period of eligibility for survivors' and dependents' education benefits for members of the National Guard who are involuntarily ordered to full-time National Guard duty.",
            "type": "HR",
            "url": "https://api.congress.gov/v3/bill/108/hr/2164?format=json"
        },
        {
            "congress": 108,
            "introducedDate": "2003-05-20",
            "latestAction": {
                "actionDate": "2004-05-13",
                "text": "Provision incorporated. See H. R. 1716, Title II, Sections 203 and 204."
            },
            "number": "2163",
            "policyArea": {
                "name": "Armed Forces and National Security"
            },
            "title": "To amend title 38, United States Code, to exclude the proceeds of life insurance from consideration as income for purposes of determining veterans' pension benefits, and for other purposes.",
            "type": "HR",
            "url": "https://api.congress.gov/v3/bill/108/hr/2163?format=json"
        },
        {
            "congress": 108,
            "introducedDate": "2003-05-14",
            "latestAction": {
                "actionDate": "2003-05-23",
                "text": "Referred to the Subcommittee on Domestic and International Monetary Policy, Trade, and Technology."
            },
            "number": "2093",
            "policyArea": {
                "name": "Commemorations"
            },
            "title": "Old Man of the Mountain Commemorative Coin Act ",
            "type": "HR",
            "url": "https://api.congress.gov/v3/bill/108/hr/2093?format=json"
        },
        {
            "congress": 108,
            "introducedDate": "2003-04-02",
            "latestAction": {
                "actionDate": "2003-04-09",
                "actionTime": "17:53:07",
                "text": "Motion to reconsider laid on the table Agreed to without objection."
            },
            "number": "170",
            "policyArea": {
                "name": "Commemorations"
            },
            "title": "Recognizing the 40th anniversary of the sinking of the U.S.S. Thresher.",
            "type": "HRES",
            "url": "https://api.congress.gov/v3/bill/108/hres/170?format=json"
        },
        {
            "congress": 108,
            "introducedDate": "2003-04-12",
            "latestAction": {
                "actionDate": "2003-04-28",
                "text": "Referred to the Subcommittee on Total Force."
            },
            "number": "153",
            "policyArea": {
                "name": "Commemorations"
            },
            "title": "Honoring the 129 sailors and civilians lost aboard the U.S.S. Thresher on April 10, 1963, and urging the Secretary of the Army to erect a memorial to this tragedy in Arlington National Cemetery.",
            "type": "HCONRES",
            "url": "https://api.congress.gov/v3/bill/108/hconres/153?format=json"
        },
        {
            "congress": 108,
            "introducedDate": "2003-04-09",
            "latestAction": {
                "actionDate": "2003-04-09",
                "text": "Referred to the House Committee on International Relations."
            },
            "number": "143",
            "policyArea": {
                "name": "International Affairs"
            },
            "title": "Relating to the prosecution of Saddam Hussein and other Iraqi officials, military leaders, and citizens who may be responsible for crimes against humanity, attempted genocide, and war crimes.",
            "type": "HCONRES",
            "url": "https://api.congress.gov/v3/bill/108/hconres/143?format=json"
        }
    ]
}