{
    "pagination": {
        "count": 70
    },
    "request": {
        "bioguideId": "s001158",
        "contentType": "application/json",
        "format": "json"
    },
    "sponsoredLegislation": [
        {
            "amendmentNumber": "710",
            "congress": 109,
            "introducedDate": "2006-03-15",
            "latestAction": {
                "actionDate": "2006-03-15",
                "actionTime": "19:45:00",
                "text": "Mr. Lewis (CA) raised a point of order against the Salazar amendment (A010). Mr. Lewis (CA) stated that the legislation constituted legislation in an appropriations bill and was in violation of clause 2 of rule XXI. The Chair sustained the point of order. "
            },
            "type": null,
            "url": "https://api.congress.gov/v3/amendment/109/hamdt/710?format=json"
        },
        {
            "congress": 109,
            "introducedDate": "2006-06-12",
            "latestAction": {
                "actionDate": "2006-07-18",
                "text": "Unfavorable Executive Comment Received from Veterans' Affairs."
            },
            "number": "5588",
            "policyArea": {
                "name": "Armed Forces and National Security"
            },
            "title": "Comprehensive Veterans' Data Protection and Identity Theft Prevention Act of 2006",
            "type": "HR",
            "url": "https://api.congress.gov/v3/bill/109/hr/5588?format=json"
        },
        {
            "congress": 109,
            "introducedDate": "2006-05-23",
            "latestAction": {
                "actionDate": "2006-07-18",
                "text": "Unfavorable Executive Comment Received from Veterans' Affairs."
            },
            "number": "5455",
            "policyArea": {
                "name": "Armed Forces and National Security"
            },
            "title": "Veterans Identity Protection Act of 2006",
            "type": "HR",
            "url": "https://api.congress.gov/v3/bill/109/hr/5455?format=json"
        },
        {
            "congress": 109,
            "introducedDate": "2006-05-16",
            "latestAction": {
                "actionDate": "2006-06-05",
                "text": "Referred to the Subcommittee on Energy and Air Quality."
            },
            "number": "5398",
            "policyArea": {
                "name": "Energy"
            },
            "title": "USA Fuels Act of 2006",
            "type": "HR",
            "url": "https://api.congress.gov/v3/bill/109/hr/5398?format=json"
        },
        {
            "congress": 109,
            "introducedDate": "2006-03-30",
            "latestAction": {
                "actionDate": "2006-03-31",
                "text": "Referred to the Subcommittee on Water Resources and Environment."
            },
            "number": "5071",
            "policyArea": {
                "name": "Environmental Protection"
            },
            "title": "Animas River Good Samaritan Mined Land Remediation Pilot Project Act",
            "type": "HR",
            "url": "https://api.congress.gov/v3/bill/109/hr/5071?format=json"
        },
        {
            "congress": 109,
            "introducedDate": "2005-11-17",
            "latestAction": {
                "actionDate": "2005-11-30",
                "text": "Referred to the Subcommittee on National Parks."
            },
            "number": "4383",
            "policyArea": {
                "name": "Public Lands and Natural Resources"
            },
            "title": "Sangre de Cristo National Heritage Area Act",
            "type": "HR",
            "url": "https://api.congress.gov/v3/bill/109/hr/4383?format=json"
        },
        {
            "congress": 109,
            "introducedDate": "2005-10-28",
            "latestAction": {
                "actionDate": "2005-10-28",
                "text": "Referred to the House Committee on Ways and Means."
            },
            "number": "4179",
            "policyArea": {
                "name": "Foreign Trade and International Finance"
            },
            "title": "To authorize appropriate action if negotiations with Japan to allow the resumption of United States beef exports are not successful, and for other purposes.",
            "type": "HR",
            "url": "https://api.congress.gov/v3/bill/109/hr/4179?format=json"
        },
        {
            "congress": 109,
            "introducedDate": "2005-07-19",
            "latestAction": {
                "actionDate": "2005-08-23",
                "text": "Referred to the Subcommittee on Crime, Terrorism, and Homeland Security."
            },
            "number": "3352",
            "policyArea": {
                "name": "Crime and Law Enforcement"
            },
            "title": "Stolen Valor Act of 2005",
            "type": "HR",
            "url": "https://api.congress.gov/v3/bill/109/hr/3352?format=json"
        },
        {
            "congress": 109,
            "introducedDate": "2005-03-16",
            "latestAction": {
                "actionDate": "2005-03-24",
                "text": "Referred to the Subcommittee on Social Security."
            },
            "number": "1330",
            "policyArea": {
                "name": "Social Welfare"
            },
            "title": "Social Security Trust Funds Protection Act",
            "type": "HR",
            "url": "https://api.congress.gov/v3/bill/109/hr/1330?format=json"
        },
        {
            "congress": 109,
            "introducedDate": "2005-01-26",
            "latestAction": {
                "actionDate": "2005-02-18",
                "text": "Referred to the Subcommittee on Terrorism, Unconventional Threats and Capabilities."
            },
            "number": "416",
            "policyArea": {
                "name": "Armed Forces and National Security"
            },
            "title": "To prohibit the use of Department of Defense funds for any study related to the transportation of chemical munitions across State lines.",
            "type": "HR",
            "url": "https://api.congress.gov/v3/bill/109/hr/416?format=json"
        },
        {
            "congress": 109,
            "introducedDate": "2006-09-21",
            "latestAction": {
                "actionDate": "2006-09-25",
                "text": "Referred to the Subcommittee on Asia and the Pacific."
            },
            "number": "1036",
            "policyArea": {
                "name": "International Affairs"
            },
            "title": "Demanding the return of the U.S.S. Pueblo to the United States Navy from North Korea.",
            "type": "HRES",
            "url": "https://api.congress.gov/v3/bill/109/hres/1036?format=json"
        },
        {
            "congress": 109,
            "introducedDate": "2005-05-24",
            "latestAction": {
                "actionDate": "2005-07-12",
                "text": "Sponsor introductory remarks on measure. (CR H5643)"
            },
            "number": "297",
            "policyArea": {
                "name": "Commemorations"
            },
            "title": "Supporting the goals and ideals of a National Medal of Honor Day to celebrate and honor the recipients of the Medal of Honor on the anniversary of the inception of that medal in 1863.",
            "type": "HRES",
            "url": "https://api.congress.gov/v3/bill/109/hres/297?format=json"
        },
        {
            "amendmentNumber": "651",
            "congress": 111,
            "introducedDate": "2010-05-13",
            "latestAction": {
                "actionDate": "2010-05-13",
                "actionTime": "10:42:41",
                "text": "On agreeing to the Salazar amendment (A016) Agreed to by voice vote. "
            },
            "type": null,
            "url": "https://api.congress.gov/v3/amendment/111/hamdt/651?format=json"
        },
        {
            "congress": 111,
            "introducedDate": "2010-12-02",
            "latestAction": {
                "actionDate": "2010-12-06",
                "text": "Referred to the Subcommittee on Water and Power."
            },
            "number": "6493",
            "policyArea": {
                "name": "Public Lands and Natural Resources"
            },
            "title": "Curecanti National Recreation Area Boundary Establishment Act of 2010",
            "type": "HR",
            "url": "https://api.congress.gov/v3/bill/111/hr/6493?format=json"
        },
        {
            "congress": 111,
            "introducedDate": "2010-07-29",
            "latestAction": {
                "actionDate": "2010-10-13",
                "text": "Referred to the Subcommittee on Higher Education, Lifelong Learning, and Competitiveness."
            },
            "number": "5974",
            "policyArea": {
                "name": "Education"
            },
            "title": "To direct the Secretary of Education to pay to Fort Lewis College in the State of Colorado an amount equal to the tuition charges for Indian students who are not residents of the State of Colorado.",
            "type": "HR",
            "url": "https://api.congress.gov/v3/bill/111/hr/5974?format=json"
        },
        {
            "congress": 111,
            "introducedDate": "2010-07-28",
            "latestAction": {
                "actionDate": "2010-07-28",
                "text": "Referred to the House Committee on Energy and Commerce."
            },
            "number": "5916",
            "policyArea": {
                "name": "Crime and Law Enforcement"
            },
            "title": "Methamphetamine Prevention Campaign Grant Program Act of 2010",
            "type": "HR",
            "url": "https://api.congress.gov/v3/bill/111/hr/5916?format=json"
        },
        {
            "congress": 111,
            "introducedDate": "2010-07-20",
            "latestAction": {
                "actionDate": "2010-07-20",
                "text": "Referred to the House Committee on Veterans' Affairs."
            },
            "number": "5798",
            "policyArea": {
                "name": "Armed Forces and National Security"
            },
            "title": "To name the Department of Veterans Affairs telehealth clinic in Craig, Colorado, as the \"Major William Edward Adams Department of Veterans Affairs Clinic\".",
            "type": "HR",
            "url": "https://api.congress.gov/v3/bill/111/hr/5798?format=json"
        },
        {
            "congress": 111,
            "introducedDate": "2010-07-01",
            "latestAction": {
                "actionDate": "2010-12-14",
                "text": "Became Public Law No: 111-299."
            },
            "number": "5706",
            "policyArea": {
                "name": "Government Operations and Politics"
            },
            "title": "To designate the building occupied by the Government Printing Office located at 31451 East United Avenue in Pueblo, Colorado, as the \"Frank Evans Government Printing Office Building\".",
            "type": "HR",
            "url": "https://api.congress.gov/v3/bill/111/hr/5706?format=json"
        },
        {
            "congress": 111,
            "introducedDate": "2010-05-20",
            "latestAction": {
                "actionDate": "2010-05-24",
                "text": "Referred to the Subcommittee on Water and Power."
            },
            "number": "5362",
            "policyArea": {
                "name": "Water Resources Development"
            },
            "title": "To provide for the release of water from the marketable yield pool of water stored in the Ruedi Reservoir for the benefit of endangered fish habitat in the Colorado River, and for other purposes.",
            "type": "HR",
            "url": "https://api.congress.gov/v3/bill/111/hr/5362?format=json"
        },
        {
            "congress": 111,
            "introducedDate": "2010-05-05",
            "latestAction": {
                "actionDate": "2010-05-07",
                "text": "Referred to the Subcommittee on National Parks, Forests and Public Lands."
            },
            "number": "5223",
            "policyArea": {
                "name": "Public Lands and Natural Resources"
            },
            "title": "Chimney Rock National Monument Act of 2010",
            "type": "HR",
            "url": "https://api.congress.gov/v3/bill/111/hr/5223?format=json"
        },
        {
            "congress": 111,
            "introducedDate": "2010-04-15",
            "latestAction": {
                "actionDate": "2010-04-21",
                "text": "Referred to the Subcommittee on National Parks, Forests and Public Lands."
            },
            "number": "5059",
            "policyArea": {
                "name": "Public Lands and Natural Resources"
            },
            "title": "Central Rockies Land Exchange and National Park System Enhancement Act of 2010",
            "type": "HR",
            "url": "https://api.congress.gov/v3/bill/111/hr/5059?format=json"
        },
        {
            "congress": 111,
            "introducedDate": "2010-02-03",
            "latestAction": {
                "actionDate": "2010-06-22",
                "text": "Referred to the Subcommittee on Department Operations, Oversight, Nutrition and Forestry."
            },
            "number": "4589",
            "policyArea": {
                "name": "Public Lands and Natural Resources"
            },
            "title": "To provide consistent enforcement authority to the Bureau of Land Management, the National Park Service, the United States Fish and Wildlife Service, and the Forest Service to respond to violations of regulations regarding the management, use, and protection of public lands under the jurisdiction of these agencies, and for other purposes.",
            "type": "HR",
            "url": "https://api.congress.gov/v3/bill/111/hr/4589?format=json"
        },
        {
            "congress": 111,
            "introducedDate": "2009-12-16",
            "latestAction": {
                "actionDate": "2010-06-22",
                "text": "Referred to the Subcommittee on Department Operations, Oversight, Nutrition and Forestry."
            },
            "number": "4398",
            "policyArea": {
                "name": "Public Lands and Natural Resources"
            },
            "title": "National Forest Insect and Disease Emergency Act of 2009",
            "type": "HR",
            "url": "https://api.congress.gov/v3/bill/111/hr/4398?format=json"
        },
        {
            "congress": 111,
            "introducedDate": "2009-10-22",
            "latestAction": {
                "actionDate": "2010-09-16",
                "text": "Placed on the Union Calendar, Calendar No. 345."
            },
            "number": "3914",
            "policyArea": {
                "name": "Public Lands and Natural Resources"
            },
            "title": "San Juan Mountains Wilderness Act of 2010",
            "type": "HR",
            "url": "https://api.congress.gov/v3/bill/111/hr/3914?format=json"
        },
        {
            "congress": 111,
            "introducedDate": "2009-09-24",
            "latestAction": {
                "actionDate": "2009-09-25",
                "text": "Referred to the Subcommittee on Health."
            },
            "number": "3648",
            "policyArea": {
                "name": "Health"
            },
            "title": "Rural Physician Pipeline Act of 2009",
            "type": "HR",
            "url": "https://api.congress.gov/v3/bill/111/hr/3648?format=json"
        },
        {
            "congress": 111,
            "introducedDate": "2009-06-25",
            "latestAction": {
                "actionDate": "2010-09-16",
                "text": "Subcommittee Hearings Held."
            },
            "number": "3061",
            "policyArea": {
                "name": "Native Americans"
            },
            "title": "Pine River Indian Irrigation Project Act of 2009",
            "type": "HR",
            "url": "https://api.congress.gov/v3/bill/111/hr/3061?format=json"
        },
        {
            "congress": 111,
            "introducedDate": "2009-05-06",
            "latestAction": {
                "actionDate": "2010-05-19",
                "text": "Received in the Senate. Read twice. Placed on Senate Legislative Calendar under General Orders. Calendar No. 399."
            },
            "number": "2288",
            "policyArea": {
                "name": "Animals"
            },
            "title": "Endangered Fish Recovery Programs Improvement Act of 2010",
            "type": "HR",
            "url": "https://api.congress.gov/v3/bill/111/hr/2288?format=json"
        },
        {
            "congress": 111,
            "introducedDate": "2009-04-01",
            "latestAction": {
                "actionDate": "2009-04-02",
                "text": "Referred to the Subcommittee on Communications, Technology, and the Internet."
            },
            "number": "1860",
            "policyArea": {
                "name": "Science, Technology, Communications"
            },
            "title": "Four Corners Television Access Act of 2009",
            "type": "HR",
            "url": "https://api.congress.gov/v3/bill/111/hr/1860?format=json"
        },
        {
            "congress": 111,
            "introducedDate": "2009-03-26",
            "latestAction": {
                "actionDate": "2009-03-27",
                "text": "Referred to the Subcommittee on Economic Development, Public Buildings and Emergency Management."
            },
            "number": "1770",
            "policyArea": {
                "name": "Water Resources Development"
            },
            "title": "Dam Rehabilitation and Repair Act of 2009",
            "type": "HR",
            "url": "https://api.congress.gov/v3/bill/111/hr/1770?format=json"
        },
        {
            "congress": 111,
            "introducedDate": "2009-02-25",
            "latestAction": {
                "actionDate": "2009-02-26",
                "text": "Referred to the Subcommittee on Aviation."
            },
            "number": "1201",
            "policyArea": {
                "name": "Transportation and Public Works"
            },
            "title": "Air Medical Safety Act",
            "type": "HR",
            "url": "https://api.congress.gov/v3/bill/111/hr/1201?format=json"
        },
        {
            "congress": 111,
            "introducedDate": "2009-02-11",
            "latestAction": {
                "actionDate": "2009-02-12",
                "text": "Referred to the Subcommittee on Water Resources and Environment."
            },
            "number": "1000",
            "policyArea": {
                "name": "Water Resources Development"
            },
            "title": "Rural Colorado Water Infrastructure Act",
            "type": "HR",
            "url": "https://api.congress.gov/v3/bill/111/hr/1000?format=json"
        },
        {
            "congress": 111,
            "introducedDate": "2009-01-23",
            "latestAction": {
                "actionDate": "2009-01-23",
                "text": "Referred to the House Committee on Armed Services."
            },
            "number": "666",
            "policyArea": {
                "name": "Armed Forces and National Security"
            },
            "title": "Military Valor Roll of Honor Act",
            "type": "HR",
            "url": "https://api.congress.gov/v3/bill/111/hr/666?format=json"
        },
        {
            "congress": 111,
            "introducedDate": "2009-01-23",
            "latestAction": {
                "actionDate": "2009-02-06",
                "text": "Referred to the Subcommittee on Military Personnel."
            },
            "number": "667",
            "policyArea": {
                "name": "Armed Forces and National Security"
            },
            "title": "Heroes at Home Act of 2009",
            "type": "HR",
            "url": "https://api.congress.gov/v3/bill/111/hr/667?format=json"
        },
        {
            "congress": 111,
            "introducedDate": "2009-01-06",
            "latestAction": {
                "actionDate": "2009-02-04",
                "text": "Referred to the Subcommittee on National Parks, Forests and Public Lands."
            },
            "number": "171",
            "policyArea": {
                "name": "Public Lands and Natural Resources"
            },
            "title": "Sangre de Cristo National Heritage Area Act",
            "type": "HR",
            "url": "https://api.congress.gov/v3/bill/111/hr/171?format=json"
        },
        {
            "congress": 111,
            "introducedDate": "2009-01-06",
            "latestAction": {
                "actionDate": "2009-02-04",
                "text": "Referred to the Subcommittee on Water and Power."
            },
            "number": "172",
            "policyArea": {
                "name": "Water Resources Development"
            },
            "title": "Arkansas Valley Conduit Act of 2008",
            "type": "HR",
            "url": "https://api.congress.gov/v3/bill/111/hr/172?format=json"
        },
        {
            "congress": 111,
            "introducedDate": "2009-01-06",
            "latestAction": {
                "actionDate": "2009-01-06",
                "text": "Referred to the House Committee on Ways and Means."
            },
            "number": "173",
            "policyArea": {
                "name": "Taxation"
            },
            "title": "To amend the Internal Revenue Code of 1986 to exempt certain farmland from the estate tax.",
            "type": "HR",
            "url": "https://api.congress.gov/v3/bill/111/hr/173?format=json"
        },
        {
            "congress": 111,
            "introducedDate": "2009-01-06",
            "latestAction": {
                "actionDate": "2009-02-04",
                "text": "Referred to the Subcommittee on National Parks, Forests and Public Lands."
            },
            "number": "170",
            "policyArea": {
                "name": "Public Lands and Natural Resources"
            },
            "title": "Dominguez-Escalante National Conservation Area and Dominguez Canyon Wilderness Area Act",
            "type": "HR",
            "url": "https://api.congress.gov/v3/bill/111/hr/170?format=json"
        },
        {
            "congress": 111,
            "introducedDate": "2009-01-06",
            "latestAction": {
                "actionDate": "2009-02-04",
                "text": "Referred to the Subcommittee on Insular Affairs, Oceans and Wildlife."
            },
            "number": "169",
            "policyArea": {
                "name": "Public Lands and Natural Resources"
            },
            "title": "To amend the Great Sand Dunes National Park and Preserve Act of 2000 to explain the purpose and provide for the administration of the Baca National Wildlife Refuge.",
            "type": "HR",
            "url": "https://api.congress.gov/v3/bill/111/hr/169?format=json"
        },
        {
            "congress": 111,
            "introducedDate": "2009-01-06",
            "latestAction": {
                "actionDate": "2009-11-03",
                "text": "Received in the Senate and Read twice and referred to the Committee on Veterans' Affairs."
            },
            "number": "174",
            "policyArea": {
                "name": "Armed Forces and National Security"
            },
            "title": "To direct the Secretary of Veterans Affairs to establish a national cemetery for veterans in the southern Colorado region.",
            "type": "HR",
            "url": "https://api.congress.gov/v3/bill/111/hr/174?format=json"
        },
        {
            "congress": 110,
            "introducedDate": "2008-08-01",
            "latestAction": {
                "actionDate": "2008-08-06",
                "text": "Referred to the Subcommittee on Water and Power."
            },
            "number": "6825",
            "policyArea": {
                "name": "Water Resources Development"
            },
            "title": "To direct the Secretary of the Interior to assess the irrigation infrastructure of the Pine River Indian Irrigation Project in the State of Colorado, and for other purposes.",
            "type": "HR",
            "url": "https://api.congress.gov/v3/bill/110/hr/6825?format=json"
        },
        {
            "congress": 110,
            "introducedDate": "2008-07-15",
            "latestAction": {
                "actionDate": "2008-07-17",
                "text": "Referred to the Subcommittee on Water and Power."
            },
            "number": "6502",
            "policyArea": {
                "name": "Water Resources Development"
            },
            "title": "Arkansas Valley Conduit Act of 2008",
            "type": "HR",
            "url": "https://api.congress.gov/v3/bill/110/hr/6502?format=json"
        },
        {
            "congress": 110,
            "introducedDate": "2008-05-22",
            "latestAction": {
                "actionDate": "2008-06-02",
                "text": "Referred to the Subcommittee on National Parks, Forests and Public Lands."
            },
            "number": "6162",
            "policyArea": {
                "name": "Public Lands and Natural Resources"
            },
            "title": "Dominguez-Escalante National Conservation Area and Dominguez Canyon Wilderness Area Act",
            "type": "HR",
            "url": "https://api.congress.gov/v3/bill/110/hr/6162?format=json"
        },
        {
            "congress": 110,
            "introducedDate": "2008-04-22",
            "latestAction": {
                "actionDate": "2008-04-28",
                "text": "Referred to the Subcommittee on National Parks, Forests and Public Lands."
            },
            "number": "5871",
            "policyArea": {
                "name": "Public Lands and Natural Resources"
            },
            "title": "Ludlow Massacre National Historic Landmark Act",
            "type": "HR",
            "url": "https://api.congress.gov/v3/bill/110/hr/5871?format=json"
        },
        {
            "congress": 110,
            "introducedDate": "2008-04-17",
            "latestAction": {
                "actionDate": "2008-04-23",
                "text": "Referred to the Subcommittee on Energy and Mineral Resources."
            },
            "number": "5851",
            "policyArea": {
                "name": "Public Lands and Natural Resources"
            },
            "title": "Roan Plateau Oil and Gas Leasing Improvement Act of 2008",
            "type": "HR",
            "url": "https://api.congress.gov/v3/bill/110/hr/5851?format=json"
        },
        {
            "congress": 110,
            "introducedDate": "2008-04-15",
            "latestAction": {
                "actionDate": "2008-04-21",
                "text": "Referred to the Subcommittee on Energy and Mineral Resources."
            },
            "number": "5807",
            "policyArea": {
                "name": "Energy"
            },
            "title": "Oil Shale Reserve Fund Revenue Act",
            "type": "HR",
            "url": "https://api.congress.gov/v3/bill/110/hr/5807?format=json"
        },
        {
            "congress": 110,
            "introducedDate": "2008-03-10",
            "latestAction": {
                "actionDate": "2008-04-10",
                "text": "Referred to the Subcommittee on Readiness."
            },
            "number": "5574",
            "policyArea": {
                "name": "Armed Forces and National Security"
            },
            "title": "To prohibit the transport of hydrolysate from the Pueblo Chemical Depot, Colorado, or the Blue Grass Army Depot, Kentucky, to an off-site location.",
            "type": "HR",
            "url": "https://api.congress.gov/v3/bill/110/hr/5574?format=json"
        },
        {
            "congress": 110,
            "introducedDate": "2008-02-07",
            "latestAction": {
                "actionDate": "2008-02-13",
                "text": "Referred to the Subcommittee on Energy and Mineral Resources."
            },
            "number": "5311",
            "policyArea": {
                "name": "Energy"
            },
            "title": "To amend title 10, United States Code, to provide for the transfer certain receipts derived from leases involving Oil Shale Reserves Numbered 1 and 3 to the State of Colorado, and for other purposes.",
            "type": "HR",
            "url": "https://api.congress.gov/v3/bill/110/hr/5311?format=json"
        },
        {
            "congress": 110,
            "introducedDate": "2007-11-15",
            "latestAction": {
                "actionDate": "2007-11-15",
                "text": "Referred to the House Committee on Ways and Means."
            },
            "number": "4244",
            "policyArea": {
                "name": "Taxation"
            },
            "title": "Clean Stove Act of 2007",
            "type": "HR",
            "url": "https://api.congress.gov/v3/bill/110/hr/4244?format=json"
        },
        {
            "congress": 110,
            "introducedDate": "2007-10-16",
            "latestAction": {
                "actionDate": "2008-04-25",
                "text": "Referred to the Subcommittee on Horticulture and Organic Agriculture."
            },
            "number": "3859",
            "policyArea": {
                "name": "Animals"
            },
            "title": "Chronic Wasting Disease Support for States Act",
            "type": "HR",
            "url": "https://api.congress.gov/v3/bill/110/hr/3859?format=json"
        },
        {
            "congress": 110,
            "introducedDate": "2007-10-16",
            "latestAction": {
                "actionDate": "2007-10-19",
                "text": "Referred to the Subcommittee on Water and Power."
            },
            "number": "3858",
            "policyArea": {
                "name": "Native Americans"
            },
            "title": "To improve the further development of water resources in Colorado and New Mexico, and for other purposes.",
            "type": "HR",
            "url": "https://api.congress.gov/v3/bill/110/hr/3858?format=json"
        },
        {
            "congress": 110,
            "introducedDate": "2007-10-04",
            "latestAction": {
                "actionDate": "2007-10-19",
                "text": "Referred to the Subcommittee on Military Personnel."
            },
            "number": "3769",
            "policyArea": {
                "name": "Armed Forces and National Security"
            },
            "title": "Military Valor Roll of Honor Act of 2007",
            "type": "HR",
            "url": "https://api.congress.gov/v3/bill/110/hr/3769?format=json"
        },
        {
            "congress": 110,
            "introducedDate": "2007-08-03",
            "latestAction": {
                "actionDate": "2008-10-02",
                "text": "Read twice. Placed on Senate Legislative Calendar under General Orders. Calendar No. 1114."
            },
            "number": "3437",
            "policyArea": {
                "name": "Water Resources Development"
            },
            "title": "Jackson Gulch Rehabilitation Act of 2008",
            "type": "HR",
            "url": "https://api.congress.gov/v3/bill/110/hr/3437?format=json"
        },
        {
            "congress": 110,
            "introducedDate": "2007-07-30",
            "latestAction": {
                "actionDate": "2008-09-24",
                "text": "Placed on Senate Legislative Calendar under General Orders. Calendar No. 1071."
            },
            "number": "3224",
            "policyArea": {
                "name": "Water Resources Development"
            },
            "title": "Dam Rehabilitation and Repair Act of 2007",
            "type": "HR",
            "url": "https://api.congress.gov/v3/bill/110/hr/3224?format=json"
        },
        {
            "congress": 110,
            "introducedDate": "2007-07-16",
            "latestAction": {
                "actionDate": "2008-09-09",
                "text": "Subcommittee Hearings Held."
            },
            "number": "3051",
            "policyArea": {
                "name": "Armed Forces and National Security"
            },
            "title": "Heroes at Home Act of 2007",
            "type": "HR",
            "url": "https://api.congress.gov/v3/bill/110/hr/3051?format=json"
        },
        {
            "congress": 110,
            "introducedDate": "2007-07-11",
            "latestAction": {
                "actionDate": "2007-07-12",
                "text": "Referred to the Subcommittee on Aviation."
            },
            "number": "3004",
            "policyArea": {
                "name": "Transportation and Public Works"
            },
            "title": "Rural Aviation Improvement Act",
            "type": "HR",
            "url": "https://api.congress.gov/v3/bill/110/hr/3004?format=json"
        },
        {
            "congress": 110,
            "introducedDate": "2007-05-03",
            "latestAction": {
                "actionDate": "2007-05-31",
                "text": "Referred to the Subcommittee on Specialty Crops, Rural Development, and Foreign Agriculture."
            },
            "number": "2174",
            "policyArea": {
                "name": "Housing and Community Development"
            },
            "title": "Rural Broadband Initiative Act of 2007",
            "type": "HR",
            "url": "https://api.congress.gov/v3/bill/110/hr/2174?format=json"
        },
        {
            "congress": 110,
            "introducedDate": "2007-04-23",
            "latestAction": {
                "actionDate": "2007-06-14",
                "text": "Subcommittee Hearings Held."
            },
            "number": "2005",
            "policyArea": {
                "name": "Armed Forces and National Security"
            },
            "title": "Rural Veterans Health Care Improvement Act of 2007",
            "type": "HR",
            "url": "https://api.congress.gov/v3/bill/110/hr/2005?format=json"
        },
        {
            "congress": 110,
            "introducedDate": "2007-04-18",
            "latestAction": {
                "actionDate": "2007-04-18",
                "text": "Referred to the House Committee on Ways and Means."
            },
            "number": "1929",
            "policyArea": {
                "name": "Taxation"
            },
            "title": "Save the Family Farm and Ranch Act of 2007",
            "type": "HR",
            "url": "https://api.congress.gov/v3/bill/110/hr/1929?format=json"
        },
        {
            "congress": 110,
            "introducedDate": "2007-03-29",
            "latestAction": {
                "actionDate": "2007-04-10",
                "text": "Referred to the Subcommittee on Water and Power."
            },
            "number": "1833",
            "policyArea": {
                "name": "Water Resources Development"
            },
            "title": "To authorize the Secretary of the Interior to engage in a feasibility study relating to long term water needs for the area served by the Fryingpan-Arkansas Project, Colorado, and for other purposes.",
            "type": "HR",
            "url": "https://api.congress.gov/v3/bill/110/hr/1833?format=json"
        },
        {
            "congress": 110,
            "introducedDate": "2007-03-22",
            "latestAction": {
                "actionDate": "2007-05-24",
                "text": "Received in the Senate and Read twice and referred to the Committee on Veterans' Affairs."
            },
            "number": "1660",
            "policyArea": {
                "name": "Armed Forces and National Security"
            },
            "title": "To direct the Secretary of Veterans Affairs to establish a national cemetery for veterans in the southern Colorado region.",
            "type": "HR",
            "url": "https://api.congress.gov/v3/bill/110/hr/1660?format=json"
        },
        {
            "congress": 110,
            "introducedDate": "2007-03-22",
            "latestAction": {
                "actionDate": "2007-03-23",
                "text": "Referred to the Subcommittee on Water Resources and Environment."
            },
            "number": "1659",
            "policyArea": {
                "name": "Water Resources Development"
            },
            "title": "Rural Colorado Water Infrastructure Act",
            "type": "HR",
            "url": "https://api.congress.gov/v3/bill/110/hr/1659?format=json"
        },
        {
            "congress": 110,
            "introducedDate": "2007-03-22",
            "latestAction": {
                "actionDate": "2007-04-02",
                "text": "Referred to the Subcommittee on Fisheries, Wildlife, and Oceans."
            },
            "number": "1658",
            "policyArea": {
                "name": "Public Lands and Natural Resources"
            },
            "title": "To amend the Great Sand Dunes National Park and Preserve Act of 2000 to explain the purpose and provide for the administration of the Baca National Wildlife Refuge.",
            "type": "HR",
            "url": "https://api.congress.gov/v3/bill/110/hr/1658?format=json"
        },
        {
            "congress": 110,
            "introducedDate": "2007-03-05",
            "latestAction": {
                "actionDate": "2007-03-09",
                "text": "Referred to the Subcommittee on Health."
            },
            "number": "1323",
            "policyArea": {
                "name": "Armed Forces and National Security"
            },
            "title": "To authorize a major medical facility project for the Department of Veterans Affairs at Denver, Colorado.",
            "type": "HR",
            "url": "https://api.congress.gov/v3/bill/110/hr/1323?format=json"
        },
        {
            "congress": 110,
            "introducedDate": "2007-02-15",
            "latestAction": {
                "actionDate": "2007-10-29",
                "text": "For Further Action See H.R.3224."
            },
            "number": "1098",
            "policyArea": {
                "name": "Water Resources Development"
            },
            "title": "Dam Rehabilitation and Repair Act of 2007",
            "type": "HR",
            "url": "https://api.congress.gov/v3/bill/110/hr/1098?format=json"
        },
        {
            "congress": 110,
            "introducedDate": "2007-02-13",
            "latestAction": {
                "actionDate": "2007-03-19",
                "text": "Referred to the Subcommittee on Crime, Terrorism, and Homeland Security."
            },
            "number": "1028",
            "policyArea": {
                "name": "Crime and Law Enforcement"
            },
            "title": "To create a Rural Policing Institute as part of the Federal Law Enforcement Training Center.",
            "type": "HR",
            "url": "https://api.congress.gov/v3/bill/110/hr/1028?format=json"
        },
        {
            "congress": 110,
            "introducedDate": "2007-02-06",
            "latestAction": {
                "actionDate": "2008-04-24",
                "text": "Subcommittee Hearings Held."
            },
            "number": "859",
            "policyArea": {
                "name": "Public Lands and Natural Resources"
            },
            "title": "Sangre de Cristo National Heritage Area Act",
            "type": "HR",
            "url": "https://api.congress.gov/v3/bill/110/hr/859?format=json"
        },
        {
            "congress": 110,
            "introducedDate": "2007-01-31",
            "latestAction": {
                "actionDate": "2008-01-22",
                "text": "Read twice. Placed on Senate Legislative Calendar under General Orders. Calendar No. 558."
            },
            "number": "783",
            "policyArea": {
                "name": "Public Lands and Natural Resources"
            },
            "title": "Mesa Verde National Park Boundary Expansion Act of 2007",
            "type": "HR",
            "url": "https://api.congress.gov/v3/bill/110/hr/783?format=json"
        },
        {
            "congress": 110,
            "introducedDate": "2007-01-10",
            "latestAction": {
                "actionDate": "2007-02-02",
                "text": "Referred to the Subcommittee on Energy and Air Quality."
            },
            "number": "395",
            "policyArea": {
                "name": "Environmental Protection"
            },
            "title": "Cellulosic Ethanol Development and Implementation Act of 2007",
            "type": "HR",
            "url": "https://api.congress.gov/v3/bill/110/hr/395?format=json"
        },
        {
            "congress": 110,
            "introducedDate": "2007-01-05",
            "latestAction": {
                "actionDate": "2008-03-13",
                "text": "Subcommittee Hearings Held."
            },
            "number": "317",
            "policyArea": {
                "name": "Water Resources Development"
            },
            "title": "Arkansas Valley Conduit Act",
            "type": "HR",
            "url": "https://api.congress.gov/v3/bill/110/hr/317?format=json"
        },
        {
            "congress": 110,
            "introducedDate": "2007-01-23",
            "latestAction": {
                "actionDate": "2007-02-05",
                "text": "Referred to the Subcommittee on Asia, the Pacific, and the Global Environment."
            },
            "number": "91",
            "policyArea": {
                "name": "International Affairs"
            },
            "title": "Demanding the return of the U.S.S. Pueblo to the United States Navy from North Korea.",
            "type": "HRES",
            "url": "https://api.congress.gov/v3/bill/110/hres/91?format=json"
        }
    ]
}