{
    "pagination": {
        "count": 39
    },
    "request": {
        "bioguideId": "k000366",
        "contentType": "application/json",
        "format": "json"
    },
    "sponsoredLegislation": [
        {
            "amendmentNumber": "459",
            "congress": 111,
            "introducedDate": "2009-10-22",
            "latestAction": {
                "actionDate": "2009-10-22",
                "actionTime": "15:42:09",
                "text": "On agreeing to the Klein (FL) amendment (A007) Agreed to by recorded vote: 414 - 5 (Roll no. 803). "
            },
            "type": null,
            "url": "https://api.congress.gov/v3/amendment/111/hamdt/459?format=json"
        },
        {
            "congress": 111,
            "introducedDate": "2010-09-29",
            "latestAction": {
                "actionDate": "2010-09-30",
                "text": "Referred to the Subcommittee on Railroads, Pipelines, and Hazardous Materials."
            },
            "number": "6347",
            "policyArea": {
                "name": "Transportation and Public Works"
            },
            "title": "Holocaust Accountability and Corporate Responsibility Act of 2010",
            "type": "HR",
            "url": "https://api.congress.gov/v3/bill/111/hr/6347?format=json"
        },
        {
            "congress": 111,
            "introducedDate": "2010-07-30",
            "latestAction": {
                "actionDate": "2010-09-17",
                "text": "Referred to the Subcommittee on Disability Assistance and Memorial Affairs."
            },
            "number": "6042",
            "policyArea": {
                "name": "Armed Forces and National Security"
            },
            "title": "Dignity for our Nation's Heroes Act",
            "type": "HR",
            "url": "https://api.congress.gov/v3/bill/111/hr/6042?format=json"
        },
        {
            "congress": 111,
            "introducedDate": "2010-07-30",
            "latestAction": {
                "actionDate": "2010-08-06",
                "text": "Referred to the Subcommittee on Energy and Mineral Resources."
            },
            "number": "6043",
            "policyArea": {
                "name": "International Affairs"
            },
            "title": "Gulf Security and Iran Sanctions Enforcement Act",
            "type": "HR",
            "url": "https://api.congress.gov/v3/bill/111/hr/6043?format=json"
        },
        {
            "congress": 111,
            "introducedDate": "2010-07-27",
            "latestAction": {
                "actionDate": "2010-07-27",
                "text": "Referred to the House Committee on Energy and Commerce."
            },
            "number": "5884",
            "policyArea": {
                "name": "Commerce"
            },
            "title": "Seniors Financial Fraud Prevention Act of 2010",
            "type": "HR",
            "url": "https://api.congress.gov/v3/bill/111/hr/5884?format=json"
        },
        {
            "congress": 111,
            "introducedDate": "2010-04-15",
            "latestAction": {
                "actionDate": "2010-05-03",
                "text": "Referred to the Subcommittee on Health."
            },
            "number": "5044",
            "policyArea": {
                "name": "Health"
            },
            "title": "Medicare Fraud Enforcement and Prevention Act of 2010",
            "type": "HR",
            "url": "https://api.congress.gov/v3/bill/111/hr/5044?format=json"
        },
        {
            "congress": 111,
            "introducedDate": "2010-03-24",
            "latestAction": {
                "actionDate": "2010-03-24",
                "text": "Referred to House Budget"
            },
            "number": "4931",
            "policyArea": {
                "name": "Congress"
            },
            "title": "To amend the Congressional Budget Act of 1974 to require that the concurrent resolution on the budget for fiscal year 2012 include a benchmark plan to eliminate the budget deficit by fiscal year 2020 and that subsequent resolutions adhere to that plan.",
            "type": "HR",
            "url": "https://api.congress.gov/v3/bill/111/hr/4931?format=json"
        },
        {
            "congress": 111,
            "introducedDate": "2009-11-06",
            "latestAction": {
                "actionDate": "2009-11-06",
                "text": "Referred to the House Committee on Ways and Means."
            },
            "number": "4042",
            "policyArea": {
                "name": "Taxation"
            },
            "title": "Small Business and Military Family Assistance Act of 2009",
            "type": "HR",
            "url": "https://api.congress.gov/v3/bill/111/hr/4042?format=json"
        },
        {
            "congress": 111,
            "introducedDate": "2009-10-23",
            "latestAction": {
                "actionDate": "2009-10-23",
                "text": "Referred to House Foreign Affairs"
            },
            "number": "3922",
            "policyArea": {
                "name": "International Affairs"
            },
            "title": "Accountability for Business Choices in Iran Act",
            "type": "HR",
            "url": "https://api.congress.gov/v3/bill/111/hr/3922?format=json"
        },
        {
            "congress": 111,
            "introducedDate": "2009-09-25",
            "latestAction": {
                "actionDate": "2009-09-28",
                "text": "Referred to the Subcommittee on Space and Aeronautics."
            },
            "number": "3654",
            "policyArea": {
                "name": "Science, Technology, Communications"
            },
            "title": "Hurricane Satellite Modernization Act",
            "type": "HR",
            "url": "https://api.congress.gov/v3/bill/111/hr/3654?format=json"
        },
        {
            "congress": 111,
            "introducedDate": "2009-07-20",
            "latestAction": {
                "actionDate": "2009-07-24",
                "text": "Referred to the Subcommittee on Economic Opportunity."
            },
            "number": "3266",
            "policyArea": {
                "name": "Armed Forces and National Security"
            },
            "title": "To establish a grant program to encourage the use of assistance dogs by certain members of the Armed Forces and veterans.",
            "type": "HR",
            "url": "https://api.congress.gov/v3/bill/111/hr/3266?format=json"
        },
        {
            "congress": 111,
            "introducedDate": "2009-05-21",
            "latestAction": {
                "actionDate": "2010-07-13",
                "text": "Placed on the Union Calendar, Calendar No. 306."
            },
            "number": "2555",
            "policyArea": {
                "name": "Finance and Financial Sector"
            },
            "title": "Homeowners' Defense Act of 2010",
            "type": "HR",
            "url": "https://api.congress.gov/v3/bill/111/hr/2555?format=json"
        },
        {
            "congress": 111,
            "introducedDate": "2009-04-02",
            "latestAction": {
                "actionDate": "2010-07-13",
                "text": "Placed on Senate Legislative Calendar under General Orders. Calendar No. 458."
            },
            "number": "1933",
            "policyArea": {
                "name": "Crime and Law Enforcement"
            },
            "title": "A Child Is Missing Alert and Recovery Center Act",
            "type": "HR",
            "url": "https://api.congress.gov/v3/bill/111/hr/1933?format=json"
        },
        {
            "congress": 111,
            "introducedDate": "2010-12-07",
            "latestAction": {
                "actionDate": "2010-12-07",
                "actionTime": "16:15:29",
                "text": "Motion to reconsider laid on the table Agreed to without objection."
            },
            "number": "1751",
            "policyArea": {
                "name": "International Affairs"
            },
            "title": "Mourning the loss of life and expressing condolences to the families affected by the tragic forest fire in Israel that began on December 2, 2010.",
            "type": "HRES",
            "url": "https://api.congress.gov/v3/bill/111/hres/1751?format=json"
        },
        {
            "congress": 111,
            "introducedDate": "2009-06-11",
            "latestAction": {
                "actionDate": "2009-06-11",
                "actionTime": "16:55:59",
                "text": "Motion to reconsider laid on the table Agreed to without objection."
            },
            "number": "529",
            "policyArea": {
                "name": "Arts, Culture, Religion"
            },
            "title": "Condemning the violent attack on the United States Holocaust Memorial Museum on June 10, 2009 and honoring the bravery and dedication of United States Holocaust Memorial Museum employees and security personnel.",
            "type": "HRES",
            "url": "https://api.congress.gov/v3/bill/111/hres/529?format=json"
        },
        {
            "congress": 111,
            "introducedDate": "2009-06-02",
            "latestAction": {
                "actionDate": "2009-10-22",
                "text": "Referred to the Subcommittee on Higher Education, Lifelong Learning, and Competitiveness."
            },
            "number": "493",
            "policyArea": {
                "name": "Education"
            },
            "title": "Recognizing the significant contributions of Hillel: The Foundation for Jewish Campus Life to college campus communities in the United States and around the world.",
            "type": "HRES",
            "url": "https://api.congress.gov/v3/bill/111/hres/493?format=json"
        },
        {
            "congress": 111,
            "introducedDate": "2009-05-05",
            "latestAction": {
                "actionDate": "2010-05-19",
                "actionTime": "16:33:41",
                "text": "Motion to reconsider laid on the table Agreed to without objection."
            },
            "number": "403",
            "policyArea": {
                "name": "Education"
            },
            "title": "Expressing the sense of the House of Representatives that there should be established a National Teacher Day to honor and celebrate teachers in the United States.",
            "type": "HRES",
            "url": "https://api.congress.gov/v3/bill/111/hres/403?format=json"
        },
        {
            "congress": 111,
            "introducedDate": "2009-05-06",
            "latestAction": {
                "actionDate": "2009-06-09",
                "actionTime": "18:42:56",
                "text": "Motion to reconsider laid on the table Agreed to without objection."
            },
            "number": "410",
            "policyArea": {
                "name": "Sports and Recreation"
            },
            "title": "Recognizing the numerous contributions of the recreational boating community and the boating industry to the continuing prosperity and affluence of the United States.",
            "type": "HRES",
            "url": "https://api.congress.gov/v3/bill/111/hres/410?format=json"
        },
        {
            "congress": 111,
            "introducedDate": "2009-04-27",
            "latestAction": {
                "actionDate": "2009-04-27",
                "text": "Referred to the House Committee on Foreign Affairs."
            },
            "number": "364",
            "policyArea": {
                "name": "International Affairs"
            },
            "title": "Condemning all forms of anti-Semitism and reaffirming the support of Congress for the mandate of the Special Envoy to Monitor and Combat Anti-Semitism, and for other purposes.",
            "type": "HRES",
            "url": "https://api.congress.gov/v3/bill/111/hres/364?format=json"
        },
        {
            "congress": 111,
            "introducedDate": "2010-07-22",
            "latestAction": {
                "actionDate": "2010-07-22",
                "text": "Referred to the House Committee on Ways and Means."
            },
            "number": "302",
            "policyArea": {
                "name": "Social Welfare"
            },
            "title": "Recognizing the 75th anniversary of the signing of the Social Security Act into public law.",
            "type": "HCONRES",
            "url": "https://api.congress.gov/v3/bill/111/hconres/302?format=json"
        },
        {
            "congress": 111,
            "introducedDate": "2010-02-22",
            "latestAction": {
                "actionDate": "2010-03-05",
                "text": "Message on Senate action sent to the House."
            },
            "number": "236",
            "policyArea": {
                "name": "Congress"
            },
            "title": "Permitting the use of the rotunda of the Capitol for a ceremony as part of the commemoration of the days of remembrance of victims of the Holocaust.",
            "type": "HCONRES",
            "url": "https://api.congress.gov/v3/bill/111/hconres/236?format=json"
        },
        {
            "congress": 111,
            "introducedDate": "2009-07-29",
            "latestAction": {
                "actionDate": "2009-08-06",
                "text": "Message on Senate action sent to the House."
            },
            "number": "171",
            "policyArea": {
                "name": "Congress"
            },
            "title": "Authorizing the use of the Capitol Grounds for an event to honor military personnel who have died in service to the United States and to acknowledge the sacrifice of the families of those individuals as part of the National Weekend of Remembrance.",
            "type": "HCONRES",
            "url": "https://api.congress.gov/v3/bill/111/hconres/171?format=json"
        },
        {
            "amendmentNumber": "893",
            "congress": 110,
            "introducedDate": "2007-11-08",
            "latestAction": {
                "actionDate": "2007-11-08",
                "actionTime": "17:26:32",
                "text": "On agreeing to the Klein (FL) amendment (A009) Agreed to by voice vote. "
            },
            "type": null,
            "url": "https://api.congress.gov/v3/amendment/110/hamdt/893?format=json"
        },
        {
            "amendmentNumber": "885",
            "congress": 110,
            "introducedDate": "2007-11-08",
            "latestAction": {
                "actionDate": "2007-11-08",
                "actionTime": "18:22:15",
                "text": "On agreeing to the Klein (FL) amendment (A001) Agreed to by recorded vote: 253 - 159 (Roll no. 1068). "
            },
            "type": null,
            "url": "https://api.congress.gov/v3/amendment/110/hamdt/885?format=json"
        },
        {
            "amendmentNumber": "809",
            "congress": 110,
            "introducedDate": "2007-09-20",
            "latestAction": {
                "actionDate": "2007-09-20",
                "actionTime": "13:30:15",
                "text": "On agreeing to the Klein (FL) amendment (A007) Agreed to by voice vote. "
            },
            "type": null,
            "url": "https://api.congress.gov/v3/amendment/110/hamdt/809?format=json"
        },
        {
            "congress": 110,
            "introducedDate": "2008-06-20",
            "latestAction": {
                "actionDate": "2008-10-13",
                "text": "Became Public Law No: 110-397."
            },
            "number": "6338",
            "policyArea": {
                "name": "Commemorations"
            },
            "title": "To designate the facility of the United States Postal Service located at 4233 West Hillsboro Boulevard in Coconut Creek, Florida, as the \"Army SPC Daniel Agami Post Office Building\".",
            "type": "HR",
            "url": "https://api.congress.gov/v3/bill/110/hr/6338?format=json"
        },
        {
            "congress": 110,
            "introducedDate": "2008-02-14",
            "latestAction": {
                "actionDate": "2008-08-01",
                "text": "Read twice and referred to the Committee on the Judiciary."
            },
            "number": "5464",
            "policyArea": {
                "name": "Crime and Law Enforcement"
            },
            "title": "Child Is Missing Alert and Recovery Center Act",
            "type": "HR",
            "url": "https://api.congress.gov/v3/bill/110/hr/5464?format=json"
        },
        {
            "congress": 110,
            "introducedDate": "2007-11-06",
            "latestAction": {
                "actionDate": "2007-11-06",
                "text": "Referred to the House Committee on Ways and Means."
            },
            "number": "4086",
            "policyArea": {
                "name": "Taxation"
            },
            "title": "Healthy Families and Dedicated Teachers Tax Relief Act of 2007",
            "type": "HR",
            "url": "https://api.congress.gov/v3/bill/110/hr/4086?format=json"
        },
        {
            "congress": 110,
            "introducedDate": "2007-11-06",
            "latestAction": {
                "actionDate": "2007-11-06",
                "text": "Referred to the House Committee on Ways and Means."
            },
            "number": "4085",
            "policyArea": {
                "name": "Taxation"
            },
            "title": "Military Service Tax Relief Act of 2007",
            "type": "HR",
            "url": "https://api.congress.gov/v3/bill/110/hr/4085?format=json"
        },
        {
            "congress": 110,
            "introducedDate": "2007-08-03",
            "latestAction": {
                "actionDate": "2007-11-13",
                "text": "Received in the Senate and Read twice and referred to the Committee on Banking, Housing, and Urban Affairs."
            },
            "number": "3355",
            "policyArea": {
                "name": "Finance and Financial Sector"
            },
            "title": "Homeowners' Defense Act of 2007",
            "type": "HR",
            "url": "https://api.congress.gov/v3/bill/110/hr/3355?format=json"
        },
        {
            "congress": 110,
            "introducedDate": "2007-03-28",
            "latestAction": {
                "actionDate": "2007-03-29",
                "text": "Referred to the Subcommittee on Health."
            },
            "number": "1741",
            "policyArea": {
                "name": "Health"
            },
            "title": "To impose a 2-year moratorium on implementation of a proposed rule relating to the Federal-State financial partnerships under Medicaid and the State Children's Health Insurance Program.",
            "type": "HR",
            "url": "https://api.congress.gov/v3/bill/110/hr/1741?format=json"
        },
        {
            "congress": 110,
            "introducedDate": "2007-03-12",
            "latestAction": {
                "actionDate": "2007-03-13",
                "text": "Referred to the Subcommittee on Health."
            },
            "number": "1480",
            "policyArea": {
                "name": "Health"
            },
            "title": "To impose a 2-year moratorium on implementation of a proposed rule relating to the Federal-State financial partnerships under Medicaid and the State Children's Health Insurance Program.",
            "type": "HR",
            "url": "https://api.congress.gov/v3/bill/110/hr/1480?format=json"
        },
        {
            "congress": 110,
            "introducedDate": "2008-04-16",
            "latestAction": {
                "actionDate": "2008-04-16",
                "text": "Referred to the House Committee on Oversight and Government Reform."
            },
            "number": "1115",
            "policyArea": {
                "name": "Commemorations"
            },
            "title": "Expressing support for designation of April 16, 2008, as \"National Golf Day\".",
            "type": "HRES",
            "url": "https://api.congress.gov/v3/bill/110/hres/1115?format=json"
        },
        {
            "congress": 110,
            "introducedDate": "2008-04-16",
            "latestAction": {
                "actionDate": "2008-04-16",
                "text": "Referred to the House Committee on Foreign Affairs."
            },
            "number": "1111",
            "policyArea": {
                "name": "International Affairs"
            },
            "title": "Expressing the sense of the House of Representatives that any funding provided by the United States to the Government of Iraq for reconstruction, training for Iraqi security forces, and fuel for United States operations in Iraq should be provided in the form of loans.",
            "type": "HRES",
            "url": "https://api.congress.gov/v3/bill/110/hres/1111?format=json"
        },
        {
            "congress": 110,
            "introducedDate": "2008-01-29",
            "latestAction": {
                "actionDate": "2008-05-05",
                "actionTime": "19:08:34",
                "text": "Motion to reconsider the vote tabled."
            },
            "number": "952",
            "policyArea": {
                "name": "Commemorations"
            },
            "title": "Expressing the sense of the House of Representatives that there should be established a National Teacher Day to honor and celebrate teachers in the United States.",
            "type": "HRES",
            "url": "https://api.congress.gov/v3/bill/110/hres/952?format=json"
        },
        {
            "congress": 110,
            "introducedDate": "2007-09-20",
            "latestAction": {
                "actionDate": "2007-09-20",
                "text": "Referred to the House Committee on House Administration."
            },
            "number": "669",
            "policyArea": {
                "name": "Commemorations"
            },
            "title": "Recognizing and honoring the lifetime accomplishments of former Congressman Charles Vanik.",
            "type": "HRES",
            "url": "https://api.congress.gov/v3/bill/110/hres/669?format=json"
        },
        {
            "congress": 110,
            "introducedDate": "2007-07-27",
            "latestAction": {
                "actionDate": "2007-09-17",
                "actionTime": "16:10:49",
                "text": "Motion to reconsider laid on the table Agreed to without objection."
            },
            "number": "583",
            "policyArea": {
                "name": "International Affairs"
            },
            "title": "Recognizing the remarkable example of Sir Nicholas Winton who organized the rescue of 669 Jewish Czechoslovakian children from Nazi death camps prior to the outbreak of World War II.",
            "type": "HRES",
            "url": "https://api.congress.gov/v3/bill/110/hres/583?format=json"
        },
        {
            "congress": 110,
            "introducedDate": "2007-06-20",
            "latestAction": {
                "actionDate": "2007-06-25",
                "actionTime": "14:25:42",
                "text": "Motion to reconsider laid on the table Agreed to without objection."
            },
            "number": "505",
            "policyArea": {
                "name": "Commemorations"
            },
            "title": "Recognizing the innumerable contributions of the recreational boating community and the boating industry to the continuing prosperity and affluence of the United States.",
            "type": "HRES",
            "url": "https://api.congress.gov/v3/bill/110/hres/505?format=json"
        },
        {
            "congress": 110,
            "introducedDate": "2007-05-23",
            "latestAction": {
                "actionDate": "2007-11-05",
                "actionTime": "14:53:54",
                "text": "Motion to reconsider laid on the table Agreed to without objection."
            },
            "number": "435",
            "policyArea": {
                "name": "International Affairs"
            },
            "title": "Expressing concern relating to the threatening behavior of the Iranian regime and its leader Mahmoud Ahmadinejad, and the activities of terrorist organizations sponsored by that regime in Latin America.",
            "type": "HRES",
            "url": "https://api.congress.gov/v3/bill/110/hres/435?format=json"
        }
    ]
}