{
    "pagination": {
        "count": 93
    },
    "request": {
        "bioguideId": "n000184",
        "contentType": "application/json",
        "format": "json"
    },
    "sponsoredLegislation": [
        {
            "amendmentNumber": "986",
            "congress": 113,
            "introducedDate": "2014-07-09",
            "latestAction": {
                "actionDate": "2014-07-09",
                "actionTime": "15:57:19",
                "text": "On agreeing to the Noem amendment (A015) Agreed to by voice vote. "
            },
            "type": null,
            "url": "https://api.congress.gov/v3/amendment/113/hamdt/986?format=json"
        },
        {
            "amendmentNumber": "641",
            "congress": 113,
            "introducedDate": "2014-04-30",
            "latestAction": {
                "actionDate": "2014-04-30",
                "actionTime": "18:31:20",
                "text": "On agreeing to the Noem amendment (A024) Agreed to by voice vote. "
            },
            "type": null,
            "url": "https://api.congress.gov/v3/amendment/113/hamdt/641?format=json"
        },
        {
            "amendmentNumber": "307",
            "congress": 113,
            "introducedDate": "2013-07-10",
            "latestAction": {
                "actionDate": "2013-07-10",
                "actionTime": "19:48:13",
                "text": "On agreeing to the Noem amendment (A063) Agreed to by voice vote. "
            },
            "type": null,
            "url": "https://api.congress.gov/v3/amendment/113/hamdt/307?format=json"
        },
        {
            "amendmentNumber": "248",
            "congress": 113,
            "introducedDate": "2013-07-09",
            "latestAction": {
                "actionDate": "2013-07-09",
                "actionTime": "16:31:33",
                "text": "On agreeing to the Noem amendment (A004) Agreed to by voice vote. "
            },
            "type": null,
            "url": "https://api.congress.gov/v3/amendment/113/hamdt/248?format=json"
        },
        {
            "congress": 113,
            "introducedDate": "2014-07-17",
            "latestAction": {
                "actionDate": "2014-07-24",
                "text": "Received in the Senate and Read twice and referred to the Committee on the Judiciary."
            },
            "number": "5135",
            "policyArea": {
                "name": "Crime and Law Enforcement"
            },
            "title": "Human Trafficking Prevention, Intervention, and Recovery Act of 2014",
            "type": "HR",
            "url": "https://api.congress.gov/v3/bill/113/hr/5135?format=json"
        },
        {
            "congress": 113,
            "introducedDate": "2014-06-24",
            "latestAction": {
                "actionDate": "2014-07-21",
                "text": "Referred to the Subcommittee on Immigration and Border Security."
            },
            "number": "4953",
            "policyArea": {
                "name": "Government Operations and Politics"
            },
            "title": "To grant a Federal charter to the National American Indian Veterans, Incorporated.",
            "type": "HR",
            "url": "https://api.congress.gov/v3/bill/113/hr/4953?format=json"
        },
        {
            "congress": 113,
            "introducedDate": "2013-12-05",
            "latestAction": {
                "actionDate": "2014-01-22",
                "text": "Referred to the Subcommittee on Early Childhood, Elementary, and Secondary Education."
            },
            "number": "3663",
            "policyArea": {
                "name": "Education"
            },
            "title": "Reducing Federal Mandates on School Lunch Act",
            "type": "HR",
            "url": "https://api.congress.gov/v3/bill/113/hr/3663?format=json"
        },
        {
            "congress": 113,
            "introducedDate": "2013-07-23",
            "latestAction": {
                "actionDate": "2013-07-26",
                "text": "Referred to the Subcommittee on Health."
            },
            "number": "2801",
            "policyArea": {
                "name": "Health"
            },
            "title": "Protecting Access to Rural Therapy Services (PARTS) Act",
            "type": "HR",
            "url": "https://api.congress.gov/v3/bill/113/hr/2801?format=json"
        },
        {
            "congress": 113,
            "introducedDate": "2013-07-18",
            "latestAction": {
                "actionDate": "2013-07-19",
                "text": "Referred to the Subcommittee on Water Resources and Environment."
            },
            "number": "2741",
            "policyArea": {
                "name": "Water Resources Development"
            },
            "title": "To clarify that, with respect to each Missouri River mainstem reservoir of the Corps of Engineers located in a State, the State maintains authority to allocate and appropriate the quantity of water in the reservoir that is attributable to the natural flows of the Missouri River within the boundaries of the State, and for other purposes.",
            "type": "HR",
            "url": "https://api.congress.gov/v3/bill/113/hr/2741?format=json"
        },
        {
            "congress": 113,
            "introducedDate": "2013-07-18",
            "latestAction": {
                "actionDate": "2013-07-19",
                "text": "Referred to the Subcommittee on Water Resources and Environment."
            },
            "number": "2742",
            "policyArea": {
                "name": "Water Resources Development"
            },
            "title": "Army Corps of Engineers Communications Accountability Act of 2013",
            "type": "HR",
            "url": "https://api.congress.gov/v3/bill/113/hr/2742?format=json"
        },
        {
            "congress": 113,
            "introducedDate": "2013-06-06",
            "latestAction": {
                "actionDate": "2013-07-08",
                "text": "Referred to the Subcommittee on Early Childhood, Elementary, and Secondary Education."
            },
            "number": "2296",
            "policyArea": {
                "name": "Education"
            },
            "title": "Local Taxpayer Relief Act",
            "type": "HR",
            "url": "https://api.congress.gov/v3/bill/113/hr/2296?format=json"
        },
        {
            "congress": 113,
            "introducedDate": "2013-06-03",
            "latestAction": {
                "actionDate": "2013-08-29",
                "text": "Referred to the Subcommittee on Military Personnel."
            },
            "number": "2227",
            "policyArea": {
                "name": "Armed Forces and National Security"
            },
            "title": "To improve the response to and prevention of sexual assaults involving members of the Armed Forces.",
            "type": "HR",
            "url": "https://api.congress.gov/v3/bill/113/hr/2227?format=json"
        },
        {
            "congress": 113,
            "introducedDate": "2013-05-08",
            "latestAction": {
                "actionDate": "2013-05-22",
                "text": "Referred to the Subcommittee on Conservation, Energy, and Forestry."
            },
            "number": "1895",
            "policyArea": {
                "name": "Public Lands and Natural Resources"
            },
            "title": "National Forest Emergency Response Act",
            "type": "HR",
            "url": "https://api.congress.gov/v3/bill/113/hr/1895?format=json"
        },
        {
            "congress": 113,
            "introducedDate": "2013-05-08",
            "latestAction": {
                "actionDate": "2013-05-22",
                "text": "Referred to the Subcommittee on Department Operations, Oversight, and Nutrition."
            },
            "number": "1894",
            "policyArea": {
                "name": "Native Americans"
            },
            "title": "To establish an Office of Tribal Relations in the Department of Agriculture.",
            "type": "HR",
            "url": "https://api.congress.gov/v3/bill/113/hr/1894?format=json"
        },
        {
            "congress": 113,
            "introducedDate": "2013-05-06",
            "latestAction": {
                "actionDate": "2013-06-14",
                "text": "Referred to the Subcommittee on Crime, Terrorism, Homeland Security, and Investigations."
            },
            "number": "1836",
            "policyArea": {
                "name": "Native Americans"
            },
            "title": "Protect our Native Women Act of 2013",
            "type": "HR",
            "url": "https://api.congress.gov/v3/bill/113/hr/1836?format=json"
        },
        {
            "congress": 113,
            "introducedDate": "2013-04-17",
            "latestAction": {
                "actionDate": "2013-05-03",
                "text": "Referred to the Subcommittee on General Farm Commodities and Risk Management."
            },
            "number": "1607",
            "policyArea": {
                "name": "Agriculture and Food"
            },
            "title": "Livestock Disaster Protection Act",
            "type": "HR",
            "url": "https://api.congress.gov/v3/bill/113/hr/1607?format=json"
        },
        {
            "congress": 113,
            "introducedDate": "2013-04-11",
            "latestAction": {
                "actionDate": "2013-05-03",
                "text": "Referred to the Subcommittee on Conservation, Energy, and Forestry."
            },
            "number": "1511",
            "policyArea": {
                "name": "Public Lands and Natural Resources"
            },
            "title": "To amend the Healthy Forests Restoration Act of 2003 to promote timely emergency rehabilitation and restoration of Federal forest land impacted by catastrophic events, to redirect for a 5-year period funding normally made available for land acquisition to mechanical forest treatment and salvage operations due to catastrophic events, and for other purposes.",
            "type": "HR",
            "url": "https://api.congress.gov/v3/bill/113/hr/1511?format=json"
        },
        {
            "congress": 113,
            "introducedDate": "2013-03-15",
            "latestAction": {
                "actionDate": "2013-04-23",
                "text": "Referred to the Subcommittee on Health, Employment, Labor, and Pensions."
            },
            "number": "1226",
            "policyArea": {
                "name": "Native Americans"
            },
            "title": "Tribal Labor Sovereignty Act of 2013",
            "type": "HR",
            "url": "https://api.congress.gov/v3/bill/113/hr/1226?format=json"
        },
        {
            "congress": 113,
            "introducedDate": "2013-02-14",
            "latestAction": {
                "actionDate": "2013-03-01",
                "text": "Referred to the Subcommittee on General Farm Commodities and Risk Management."
            },
            "number": "686",
            "policyArea": {
                "name": "Agriculture and Food"
            },
            "title": "Protect our Prairies Act",
            "type": "HR",
            "url": "https://api.congress.gov/v3/bill/113/hr/686?format=json"
        },
        {
            "congress": 113,
            "introducedDate": "2013-01-15",
            "latestAction": {
                "actionDate": "2014-07-25",
                "text": "Became Public Law No: 113-131."
            },
            "number": "291",
            "policyArea": {
                "name": "Public Lands and Natural Resources"
            },
            "title": "Black Hills Cemetery Act",
            "type": "HR",
            "url": "https://api.congress.gov/v3/bill/113/hr/291?format=json"
        },
        {
            "amendmentNumber": "164",
            "congress": 112,
            "introducedDate": "2011-02-19",
            "latestAction": {
                "actionDate": "2011-02-19",
                "actionTime": "02:14:44",
                "text": "On agreeing to the Noem amendment (A154) Agreed to by recorded vote: 255 - 168 (Roll no. 140). "
            },
            "type": null,
            "url": "https://api.congress.gov/v3/amendment/112/hamdt/164?format=json"
        },
        {
            "congress": 112,
            "introducedDate": "2012-05-31",
            "latestAction": {
                "actionDate": "2012-06-27",
                "text": "Referred to the Subcommittee on General Farm Commodities and Risk Management."
            },
            "number": "5879",
            "policyArea": {
                "name": "Agriculture and Food"
            },
            "title": "Protect our Prairies Act",
            "type": "HR",
            "url": "https://api.congress.gov/v3/bill/112/hr/5879?format=json"
        },
        {
            "congress": 112,
            "introducedDate": "2012-05-10",
            "latestAction": {
                "actionDate": "2012-05-11",
                "text": "Referred to the Subcommittee on Water Resources and Environment."
            },
            "number": "5717",
            "policyArea": {
                "name": "Water Resources Development"
            },
            "title": "Army Corps of Engineers Communications Accountability Act of 2012",
            "type": "HR",
            "url": "https://api.congress.gov/v3/bill/112/hr/5717?format=json"
        },
        {
            "congress": 112,
            "introducedDate": "2012-04-26",
            "latestAction": {
                "actionDate": "2012-05-10",
                "text": "Referred to the Subcommittee on General Farm Commodities and Risk Management."
            },
            "number": "4948",
            "policyArea": {
                "name": "Agriculture and Food"
            },
            "title": "Livestock Disaster Protection Act",
            "type": "HR",
            "url": "https://api.congress.gov/v3/bill/112/hr/4948?format=json"
        },
        {
            "congress": 112,
            "introducedDate": "2012-03-29",
            "latestAction": {
                "actionDate": "2012-05-10",
                "text": "Referred to the Subcommittee on Department Operations, Oversight, and Credit."
            },
            "number": "4330",
            "policyArea": {
                "name": "Agriculture and Food"
            },
            "title": "To amend the Food, Conservation, and Energy Act of 2008 to clarify the maximum distance between Farm Service Agency county offices for purposes of the closure or relocation of a county office for the Farm Service Agency.",
            "type": "HR",
            "url": "https://api.congress.gov/v3/bill/112/hr/4330?format=json"
        },
        {
            "congress": 112,
            "introducedDate": "2012-03-29",
            "latestAction": {
                "actionDate": "2012-04-16",
                "text": "Referred to the Subcommittee on National Parks, Forests and Public Lands."
            },
            "number": "4331",
            "policyArea": {
                "name": "Public Lands and Natural Resources"
            },
            "title": "National Forest Emergency Response Act",
            "type": "HR",
            "url": "https://api.congress.gov/v3/bill/112/hr/4331?format=json"
        },
        {
            "congress": 112,
            "introducedDate": "2012-02-01",
            "latestAction": {
                "actionDate": "2012-05-16",
                "text": "Received in the Senate and Read twice and referred to the Committee on Energy and Natural Resources."
            },
            "number": "3874",
            "policyArea": {
                "name": "Public Lands and Natural Resources"
            },
            "title": "Black Hills Cemetery Act",
            "type": "HR",
            "url": "https://api.congress.gov/v3/bill/112/hr/3874?format=json"
        },
        {
            "congress": 112,
            "introducedDate": "2011-06-23",
            "latestAction": {
                "actionDate": "2011-09-08",
                "text": "Referred to the Subcommittee on Health, Employment, Labor, and Pensions."
            },
            "number": "2335",
            "policyArea": {
                "name": "Native Americans"
            },
            "title": "Tribal Labor Sovereignty Act of 2011",
            "type": "HR",
            "url": "https://api.congress.gov/v3/bill/112/hr/2335?format=json"
        },
        {
            "congress": 112,
            "introducedDate": "2011-06-16",
            "latestAction": {
                "actionDate": "2011-06-16",
                "text": "Referred to the Committee on Ways and Means, and in addition to the Committee on the Budget, for a period to be subsequently determined by the Speaker, in each case for consideration of such provisions as fall within the jurisdiction of the committee concerned."
            },
            "number": "2231",
            "policyArea": {
                "name": "Taxation"
            },
            "title": "Ethanol Modernization and Deficit Reduction Act",
            "type": "HR",
            "url": "https://api.congress.gov/v3/bill/112/hr/2231?format=json"
        },
        {
            "congress": 112,
            "introducedDate": "2011-06-14",
            "latestAction": {
                "actionDate": "2011-12-01",
                "text": "Placed on the Union Calendar, Calendar No. 200."
            },
            "number": "2172",
            "policyArea": {
                "name": "Public Lands and Natural Resources"
            },
            "title": "Utilizing America's Federal Lands for Wind Energy Act",
            "type": "HR",
            "url": "https://api.congress.gov/v3/bill/112/hr/2172?format=json"
        },
        {
            "congress": 112,
            "introducedDate": "2011-05-13",
            "latestAction": {
                "actionDate": "2011-05-23",
                "text": "Referred to the Subcommittee on Energy and Power."
            },
            "number": "1920",
            "policyArea": {
                "name": "Environmental Protection"
            },
            "title": "To amend the Clean Air Act to conform the definition of renewable biomass to the definition given the term in the Farm Security and Rural Investment Act of 2002.",
            "type": "HR",
            "url": "https://api.congress.gov/v3/bill/112/hr/1920?format=json"
        },
        {
            "congress": 112,
            "introducedDate": "2011-04-15",
            "latestAction": {
                "actionDate": "2011-12-13",
                "text": "Read the second time. Placed on Senate Legislative Calendar under General Orders. Calendar No. 256."
            },
            "number": "1633",
            "policyArea": {
                "name": "Environmental Protection"
            },
            "title": "Farm Dust Regulation Prevention Act of 2011",
            "type": "HR",
            "url": "https://api.congress.gov/v3/bill/112/hr/1633?format=json"
        },
        {
            "congress": 115,
            "introducedDate": "2018-09-28",
            "latestAction": {
                "actionDate": "2018-09-28",
                "text": "Referred to the Committee on Ways and Means, and in addition to the Committee on Financial Services, for a period to be subsequently determined by the Speaker, in each case for consideration of such provisions as fall within the jurisdiction of the committee concerned."
            },
            "number": "7000",
            "policyArea": {
                "name": "Taxation"
            },
            "title": "Tribal Tax Empowerment and Jobs Act of 2018",
            "type": "HR",
            "url": "https://api.congress.gov/v3/bill/115/hr/7000?format=json"
        },
        {
            "congress": 115,
            "introducedDate": "2018-07-10",
            "latestAction": {
                "actionDate": "2018-07-10",
                "text": "Referred to the House Committee on Ways and Means."
            },
            "number": "6329",
            "policyArea": {
                "name": "Taxation"
            },
            "title": "Family Business Legacy Act of 2018",
            "type": "HR",
            "url": "https://api.congress.gov/v3/bill/115/hr/6329?format=json"
        },
        {
            "congress": 115,
            "introducedDate": "2018-06-07",
            "latestAction": {
                "actionDate": "2018-06-12",
                "text": "Referred to the Subcommittee on Indian, Insular and Alaska Native Affairs."
            },
            "number": "6030",
            "policyArea": {
                "name": "Native Americans"
            },
            "title": "Tribal School Federal Insurance Parity Act",
            "type": "HR",
            "url": "https://api.congress.gov/v3/bill/115/hr/6030?format=json"
        },
        {
            "congress": 115,
            "introducedDate": "2018-06-07",
            "latestAction": {
                "actionDate": "2018-06-12",
                "text": "Referred to the Subcommittee on Trade."
            },
            "number": "6031",
            "policyArea": {
                "name": "Science, Technology, Communications"
            },
            "title": "PRINT Act",
            "type": "HR",
            "url": "https://api.congress.gov/v3/bill/115/hr/6031?format=json"
        },
        {
            "congress": 115,
            "introducedDate": "2018-05-24",
            "latestAction": {
                "actionDate": "2018-06-04",
                "text": "Referred to the Subcommittee on Health."
            },
            "number": "5963",
            "policyArea": {
                "name": "Health"
            },
            "title": "To delay the reimposition of the annual fee on health insurance providers until after 2020.",
            "type": "HR",
            "url": "https://api.congress.gov/v3/bill/115/hr/5963?format=json"
        },
        {
            "amendmentNumber": "629",
            "congress": 115,
            "introducedDate": "2018-05-18",
            "latestAction": {
                "actionDate": "2018-05-18",
                "actionTime": "10:07:59",
                "text": "On agreeing to the Noem amendment (A044) Agreed to by voice vote. "
            },
            "type": null,
            "url": "https://api.congress.gov/v3/amendment/115/hamdt/629?format=json"
        },
        {
            "congress": 115,
            "introducedDate": "2018-05-18",
            "latestAction": {
                "actionDate": "2018-12-28",
                "text": "Placed on the Union Calendar, Calendar No. 872."
            },
            "number": "5874",
            "policyArea": {
                "name": "Native Americans"
            },
            "title": "Restoring Accountability in the Indian Health Service Act of 2018",
            "type": "HR",
            "url": "https://api.congress.gov/v3/bill/115/hr/5874?format=json"
        },
        {
            "congress": 115,
            "introducedDate": "2018-05-15",
            "latestAction": {
                "actionDate": "2018-05-31",
                "text": "Referred to the Subcommittee on Health."
            },
            "number": "5790",
            "policyArea": {
                "name": "Health"
            },
            "title": "To amend title XI of the Social Security Act to provide for clinical psychologist services models to be tested by the Center for Medicare and Medicaid Innovation, and for other purposes.",
            "type": "HR",
            "url": "https://api.congress.gov/v3/bill/115/hr/5790?format=json"
        },
        {
            "congress": 115,
            "introducedDate": "2018-03-19",
            "latestAction": {
                "actionDate": "2018-03-19",
                "text": "Referred to the House Committee on Rules."
            },
            "number": "790",
            "policyArea": {
                "name": "Congress"
            },
            "title": "Providing for the consideration of the bill (H.R. 2193), a bill to grant States authority to enforce State and local sales and use tax laws on remote transactions, and for other purposes.",
            "type": "HRES",
            "url": "https://api.congress.gov/v3/bill/115/hres/790?format=json"
        },
        {
            "congress": 115,
            "introducedDate": "2018-01-29",
            "latestAction": {
                "actionDate": "2018-02-02",
                "text": "Referred to the Subcommittee on Health."
            },
            "number": "4894",
            "policyArea": {
                "name": "Health"
            },
            "title": "Harmful Tax Prevention Act",
            "type": "HR",
            "url": "https://api.congress.gov/v3/bill/115/hr/4894?format=json"
        },
        {
            "congress": 115,
            "introducedDate": "2018-01-19",
            "latestAction": {
                "actionDate": "2018-01-24",
                "text": "Referred to the Subcommittee on Crime, Terrorism, Homeland Security, and Investigations."
            },
            "number": "4864",
            "policyArea": {
                "name": "Crime and Law Enforcement"
            },
            "title": "No Haven for Dangerous Fugitives Act of 2018",
            "type": "HR",
            "url": "https://api.congress.gov/v3/bill/115/hr/4864?format=json"
        },
        {
            "congress": 115,
            "introducedDate": "2018-01-16",
            "latestAction": {
                "actionDate": "2018-01-16",
                "text": "Referred to the House Committee on Ways and Means."
            },
            "number": "4794",
            "policyArea": {
                "name": "Taxation"
            },
            "title": "Investing for Tomorrow Act",
            "type": "HR",
            "url": "https://api.congress.gov/v3/bill/115/hr/4794?format=json"
        },
        {
            "congress": 115,
            "introducedDate": "2018-01-11",
            "latestAction": {
                "actionDate": "2018-01-23",
                "text": "Referred to the Subcommittee on Federal Lands."
            },
            "number": "4781",
            "policyArea": {
                "name": "Public Lands and Natural Resources"
            },
            "title": "Custer County Airport Conveyance Act",
            "type": "HR",
            "url": "https://api.congress.gov/v3/bill/115/hr/4781?format=json"
        },
        {
            "congress": 115,
            "introducedDate": "2017-12-12",
            "latestAction": {
                "actionDate": "2017-12-15",
                "text": "Referred to the Subcommittee on Health."
            },
            "number": "4620",
            "policyArea": {
                "name": "Health"
            },
            "title": "Protecting Families and Small Businesses Act of 2017",
            "type": "HR",
            "url": "https://api.congress.gov/v3/bill/115/hr/4620?format=json"
        },
        {
            "congress": 115,
            "introducedDate": "2017-10-06",
            "latestAction": {
                "actionDate": "2017-10-13",
                "text": "Referred to the Subcommittee on Health."
            },
            "number": "3992",
            "policyArea": {
                "name": "Health"
            },
            "title": "Rural Home Health Extension and Regulatory Relief Act",
            "type": "HR",
            "url": "https://api.congress.gov/v3/bill/115/hr/3992?format=json"
        },
        {
            "congress": 115,
            "introducedDate": "2017-10-04",
            "latestAction": {
                "actionDate": "2017-10-26",
                "text": "Referred to the Subcommittee on General Farm Commodities and Risk Management."
            },
            "number": "3939",
            "policyArea": {
                "name": "Agriculture and Food"
            },
            "title": "American Prairie Conservation Act",
            "type": "HR",
            "url": "https://api.congress.gov/v3/bill/115/hr/3939?format=json"
        },
        {
            "congress": 115,
            "introducedDate": "2017-08-11",
            "latestAction": {
                "actionDate": "2017-09-01",
                "text": "Referred to the Subcommittee on Conservation and Forestry."
            },
            "number": "3649",
            "policyArea": {
                "name": "Agriculture and Food"
            },
            "title": "Fair CRP Payments Act",
            "type": "HR",
            "url": "https://api.congress.gov/v3/bill/115/hr/3649?format=json"
        },
        {
            "congress": 115,
            "introducedDate": "2017-07-28",
            "latestAction": {
                "actionDate": "2017-09-01",
                "text": "Referred to the Subcommittee on Conservation and Forestry."
            },
            "number": "3610",
            "policyArea": {
                "name": "Agriculture and Food"
            },
            "title": "Donations in Rough Years (DRY) Act",
            "type": "HR",
            "url": "https://api.congress.gov/v3/bill/115/hr/3610?format=json"
        },
        {
            "congress": 115,
            "introducedDate": "2017-07-27",
            "latestAction": {
                "actionDate": "2018-07-25",
                "text": "Received in the Senate and Read twice and referred to the Committee on Finance."
            },
            "number": "3500",
            "policyArea": {
                "name": "Taxation"
            },
            "title": "Ensuring Integrity in the IRS Workforce Act of 2018",
            "type": "HR",
            "url": "https://api.congress.gov/v3/bill/115/hr/3500?format=json"
        },
        {
            "congress": 115,
            "introducedDate": "2017-07-26",
            "latestAction": {
                "actionDate": "2017-07-26",
                "text": "Referred to the House Committee on Ways and Means."
            },
            "number": "3438",
            "policyArea": {
                "name": "Social Welfare"
            },
            "title": "Improving Employment Outcomes of TANF Recipients Act",
            "type": "HR",
            "url": "https://api.congress.gov/v3/bill/115/hr/3438?format=json"
        },
        {
            "congress": 115,
            "introducedDate": "2017-07-26",
            "latestAction": {
                "actionDate": "2017-07-26",
                "text": "Referred to the House Committee on Ways and Means."
            },
            "number": "3437",
            "policyArea": {
                "name": "Social Welfare"
            },
            "title": "TANF Accountability and Integrity Improvement Act",
            "type": "HR",
            "url": "https://api.congress.gov/v3/bill/115/hr/3437?format=json"
        },
        {
            "congress": 115,
            "introducedDate": "2017-07-13",
            "latestAction": {
                "actionDate": "2017-08-08",
                "text": "Referred to the Subcommittee on Conservation and Forestry."
            },
            "number": "3235",
            "policyArea": {
                "name": "Agriculture and Food"
            },
            "title": "Wetland Determinations Efficiency and Transparency Act",
            "type": "HR",
            "url": "https://api.congress.gov/v3/bill/115/hr/3235?format=json"
        },
        {
            "congress": 115,
            "introducedDate": "2017-06-29",
            "latestAction": {
                "actionDate": "2017-07-24",
                "text": "Referred to the Subcommittee on Crime, Terrorism, Homeland Security, and Investigations."
            },
            "number": "3147",
            "policyArea": {
                "name": "Crime and Law Enforcement"
            },
            "title": "AMBER Alert in Indian Country Act of 2017",
            "type": "HR",
            "url": "https://api.congress.gov/v3/bill/115/hr/3147?format=json"
        },
        {
            "congress": 115,
            "introducedDate": "2017-06-28",
            "latestAction": {
                "actionDate": "2017-07-13",
                "text": "Referred to the Subcommittee on Indian, Insular and Alaska Native Affairs."
            },
            "number": "3096",
            "policyArea": {
                "name": "Health"
            },
            "title": "Drug-Free Indian Health Service Act of 2017",
            "type": "HR",
            "url": "https://api.congress.gov/v3/bill/115/hr/3096?format=json"
        },
        {
            "congress": 115,
            "introducedDate": "2017-06-08",
            "latestAction": {
                "actionDate": "2017-06-21",
                "text": "Received in the Senate and Read twice and referred to the Committee on Finance."
            },
            "number": "2857",
            "policyArea": {
                "name": "Families"
            },
            "title": "Supporting Families in Substance Abuse Treatment Act",
            "type": "HR",
            "url": "https://api.congress.gov/v3/bill/115/hr/2857?format=json"
        },
        {
            "congress": 115,
            "introducedDate": "2017-06-06",
            "latestAction": {
                "actionDate": "2017-09-28",
                "text": "Received in the Senate and Read twice and referred to the Committee on Finance."
            },
            "number": "2792",
            "policyArea": {
                "name": "Social Welfare"
            },
            "title": "Control Unlawful Fugitive Felons Act of 2017",
            "type": "HR",
            "url": "https://api.congress.gov/v3/bill/115/hr/2792?format=json"
        },
        {
            "congress": 115,
            "introducedDate": "2017-05-25",
            "latestAction": {
                "actionDate": "2017-06-21",
                "text": "Subcommittee Hearings Held."
            },
            "number": "2662",
            "policyArea": {
                "name": "Native Americans"
            },
            "title": "Restoring Accountability in the Indian Health Service Act of 2017",
            "type": "HR",
            "url": "https://api.congress.gov/v3/bill/115/hr/2662?format=json"
        },
        {
            "congress": 115,
            "introducedDate": "2017-05-17",
            "latestAction": {
                "actionDate": "2017-06-21",
                "text": "Received in the Senate. Read twice. Placed on Senate Legislative Calendar under General Orders. Calendar No. 152."
            },
            "number": "2484",
            "policyArea": {
                "name": "International Affairs"
            },
            "title": "Women, Peace, and Security Act of 2017",
            "type": "HR",
            "url": "https://api.congress.gov/v3/bill/115/hr/2484?format=json"
        },
        {
            "congress": 115,
            "introducedDate": "2017-05-04",
            "latestAction": {
                "actionDate": "2017-05-04",
                "text": "Referred to the House Committee on Education and the Workforce."
            },
            "number": "2382",
            "policyArea": {
                "name": "Agriculture and Food"
            },
            "title": "Permanent Flexibility for School Meals Act",
            "type": "HR",
            "url": "https://api.congress.gov/v3/bill/115/hr/2382?format=json"
        },
        {
            "congress": 115,
            "introducedDate": "2017-05-04",
            "latestAction": {
                "actionDate": "2017-05-04",
                "text": "Referred to the House Committee on Ways and Means."
            },
            "number": "2383",
            "policyArea": {
                "name": "Taxation"
            },
            "title": "American Renewable Fuel and Job Creation Act of 2017",
            "type": "HR",
            "url": "https://api.congress.gov/v3/bill/115/hr/2383?format=json"
        },
        {
            "congress": 115,
            "introducedDate": "2017-04-27",
            "latestAction": {
                "actionDate": "2017-05-05",
                "text": "Referred to the Subcommittee on Regulatory Reform, Commercial And Antitrust Law."
            },
            "number": "2193",
            "policyArea": {
                "name": "Taxation"
            },
            "title": "Remote Transactions Parity Act of 2017",
            "type": "HR",
            "url": "https://api.congress.gov/v3/bill/115/hr/2193?format=json"
        },
        {
            "congress": 115,
            "introducedDate": "2017-02-16",
            "latestAction": {
                "actionDate": "2017-03-02",
                "text": "Referred to the Subcommittee on Health."
            },
            "number": "1173",
            "policyArea": {
                "name": "Health"
            },
            "title": "Medicare Mental Health Access Act",
            "type": "HR",
            "url": "https://api.congress.gov/v3/bill/115/hr/1173?format=json"
        },
        {
            "congress": 115,
            "introducedDate": "2017-01-24",
            "latestAction": {
                "actionDate": "2017-01-24",
                "text": "Referred to the House Committee on Ways and Means."
            },
            "number": "631",
            "policyArea": {
                "name": "Taxation"
            },
            "title": "Death Tax Repeal Act of 2017",
            "type": "HR",
            "url": "https://api.congress.gov/v3/bill/115/hr/631?format=json"
        },
        {
            "congress": 115,
            "introducedDate": "2017-01-05",
            "latestAction": {
                "actionDate": "2017-02-07",
                "text": "Received in the Senate and Read twice and referred to the Committee on Energy and Natural Resources."
            },
            "number": "337",
            "policyArea": {
                "name": "Public Lands and Natural Resources"
            },
            "title": "Black Hills National Cemetery Boundary Expansion Act",
            "type": "HR",
            "url": "https://api.congress.gov/v3/bill/115/hr/337?format=json"
        },
        {
            "congress": 115,
            "introducedDate": "2017-01-04",
            "latestAction": {
                "actionDate": "2017-01-25",
                "text": "Referred to the Subcommittee on Health."
            },
            "number": "246",
            "policyArea": {
                "name": "Health"
            },
            "title": "To repeal the annual fee on health insurance providers enacted by the Patient Protection and Affordable Care Act.",
            "type": "HR",
            "url": "https://api.congress.gov/v3/bill/115/hr/246?format=json"
        },
        {
            "congress": 114,
            "introducedDate": "2016-09-14",
            "latestAction": {
                "actionDate": "2016-09-21",
                "text": "Referred to the Subcommittee on Indian, Insular and Alaska Native Affairs."
            },
            "number": "6028",
            "policyArea": {
                "name": "Native Americans"
            },
            "title": "RESPECT Act",
            "type": "HR",
            "url": "https://api.congress.gov/v3/bill/114/hr/6028?format=json"
        },
        {
            "congress": 114,
            "introducedDate": "2016-09-14",
            "latestAction": {
                "actionDate": "2016-09-23",
                "text": "Referred to the Subcommittee on Conservation and Forestry."
            },
            "number": "6029",
            "policyArea": {
                "name": "Public Lands and Natural Resources"
            },
            "title": "Prescribed Burn Approval Act of 2016",
            "type": "HR",
            "url": "https://api.congress.gov/v3/bill/114/hr/6029?format=json"
        },
        {
            "congress": 114,
            "introducedDate": "2016-07-14",
            "latestAction": {
                "actionDate": "2016-08-04",
                "text": "Referred to the Subcommittee on Federal Lands."
            },
            "number": "5871",
            "policyArea": {
                "name": "Public Lands and Natural Resources"
            },
            "title": "Spearfish Canyon and Bismarck Lake Land Exchange Act",
            "type": "HR",
            "url": "https://api.congress.gov/v3/bill/114/hr/5871?format=json"
        },
        {
            "congress": 114,
            "introducedDate": "2016-06-28",
            "latestAction": {
                "actionDate": "2016-07-14",
                "text": "Referred to the Subcommittee on Conservation and Forestry."
            },
            "number": "5605",
            "policyArea": {
                "name": "Agriculture and Food"
            },
            "title": "Wetland Determinations Efficiency and Transparency Act",
            "type": "HR",
            "url": "https://api.congress.gov/v3/bill/114/hr/5605?format=json"
        },
        {
            "congress": 114,
            "introducedDate": "2016-06-09",
            "latestAction": {
                "actionDate": "2016-06-23",
                "text": "Referred to the Subcommittee on Indian, Insular and Alaska Native Affairs."
            },
            "number": "5437",
            "policyArea": {
                "name": "Health"
            },
            "title": "Drug-Free Indian Health Service Act of 2016",
            "type": "HR",
            "url": "https://api.congress.gov/v3/bill/114/hr/5437?format=json"
        },
        {
            "congress": 114,
            "introducedDate": "2016-06-08",
            "latestAction": {
                "actionDate": "2016-12-20",
                "text": "Reported (Amended) by the Committee on Ways and Means. H. Rept. 114-882, Part I."
            },
            "number": "5406",
            "policyArea": {
                "name": "Native Americans"
            },
            "title": "HEALTTH Act",
            "type": "HR",
            "url": "https://api.congress.gov/v3/bill/114/hr/5406?format=json"
        },
        {
            "congress": 114,
            "introducedDate": "2016-05-25",
            "latestAction": {
                "actionDate": "2016-11-16",
                "text": "Received in the Senate and Read twice and referred to the Committee on Foreign Relations."
            },
            "number": "5332",
            "policyArea": {
                "name": "International Affairs"
            },
            "title": "Women, Peace, and Security Act of 2016",
            "type": "HR",
            "url": "https://api.congress.gov/v3/bill/114/hr/5332?format=json"
        },
        {
            "congress": 114,
            "introducedDate": "2016-05-13",
            "latestAction": {
                "actionDate": "2016-05-13",
                "text": "Referred to the House Committee on Ways and Means."
            },
            "number": "5240",
            "policyArea": {
                "name": "Taxation"
            },
            "title": "Biodiesel Tax Incentive Reform and Extension Act of 2016",
            "type": "HR",
            "url": "https://api.congress.gov/v3/bill/114/hr/5240?format=json"
        },
        {
            "congress": 114,
            "introducedDate": "2015-12-16",
            "latestAction": {
                "actionDate": "2016-02-05",
                "text": "Referred to the Subcommittee on Health."
            },
            "number": "4277",
            "policyArea": {
                "name": "Health"
            },
            "title": "Medicare Mental Health Access Act",
            "type": "HR",
            "url": "https://api.congress.gov/v3/bill/114/hr/4277?format=json"
        },
        {
            "congress": 114,
            "introducedDate": "2015-12-18",
            "latestAction": {
                "actionDate": "2015-12-18",
                "text": "Referred to the Subcommittee on Health."
            },
            "number": "4292",
            "policyArea": {
                "name": "Health"
            },
            "title": "Synchronization & Nonadherence Correction (SYNC) Act of 2015",
            "type": "HR",
            "url": "https://api.congress.gov/v3/bill/114/hr/4292?format=json"
        },
        {
            "congress": 114,
            "introducedDate": "2015-12-03",
            "latestAction": {
                "actionDate": "2015-12-03",
                "text": "Referred to the House Committee on Ways and Means."
            },
            "number": "4181",
            "policyArea": {
                "name": "Taxation"
            },
            "title": "Biodiesel Tax Incentive Reform and Extension Act of 2015",
            "type": "HR",
            "url": "https://api.congress.gov/v3/bill/114/hr/4181?format=json"
        },
        {
            "congress": 114,
            "introducedDate": "2015-10-27",
            "latestAction": {
                "actionDate": "2016-09-12",
                "text": "Read twice. Placed on Senate Legislative Calendar under General Orders. Calendar No. 624."
            },
            "number": "3839",
            "policyArea": {
                "name": "Public Lands and Natural Resources"
            },
            "title": "Black Hills National Cemetery Boundary Expansion Act",
            "type": "HR",
            "url": "https://api.congress.gov/v3/bill/114/hr/3839?format=json"
        },
        {
            "amendmentNumber": "621",
            "congress": 114,
            "introducedDate": "2015-07-07",
            "latestAction": {
                "actionDate": "2015-07-07",
                "actionTime": "22:50:43",
                "text": "On agreeing to the Noem amendment (A091) Agreed to by voice vote. "
            },
            "type": null,
            "url": "https://api.congress.gov/v3/amendment/114/hamdt/621?format=json"
        },
        {
            "congress": 114,
            "introducedDate": "2015-10-08",
            "latestAction": {
                "actionDate": "2016-04-25",
                "text": "Received in the Senate and Read twice and referred to the Committee on Finance."
            },
            "number": "3724",
            "policyArea": {
                "name": "Taxation"
            },
            "title": "Ensuring Integrity in the IRS Workforce Act of 2016",
            "type": "HR",
            "url": "https://api.congress.gov/v3/bill/114/hr/3724?format=json"
        },
        {
            "congress": 114,
            "introducedDate": "2015-10-01",
            "latestAction": {
                "actionDate": "2015-10-02",
                "text": "Referred to the Subcommittee on Health."
            },
            "number": "458",
            "policyArea": {
                "name": "Health"
            },
            "title": "Celebrating 25 years of success from the Office of Research on Women's Health at the National Institutes of Health.",
            "type": "HRES",
            "url": "https://api.congress.gov/v3/bill/114/hres/458?format=json"
        },
        {
            "amendmentNumber": "137",
            "congress": 114,
            "introducedDate": "2015-04-29",
            "latestAction": {
                "actionDate": "2015-04-29",
                "actionTime": "19:02:42",
                "text": "On agreeing to the Noem amendment (A030) Agreed to by voice vote. "
            },
            "type": null,
            "url": "https://api.congress.gov/v3/amendment/114/hamdt/137?format=json"
        },
        {
            "congress": 114,
            "introducedDate": "2015-09-18",
            "latestAction": {
                "actionDate": "2015-09-18",
                "text": "Referred to the House Committee on Ways and Means."
            },
            "number": "3575",
            "policyArea": {
                "name": "Taxation"
            },
            "title": "End Tax Exemptions for Fetal Tissue Profits Act",
            "type": "HR",
            "url": "https://api.congress.gov/v3/bill/114/hr/3575?format=json"
        },
        {
            "congress": 114,
            "introducedDate": "2015-09-24",
            "latestAction": {
                "actionDate": "2015-10-05",
                "text": "Referred to the Subcommittee on Immigration and Border Security."
            },
            "number": "3603",
            "policyArea": {
                "name": "Government Operations and Politics"
            },
            "title": "To grant a Federal charter to the National American Indian Veterans, Incorporated.",
            "type": "HR",
            "url": "https://api.congress.gov/v3/bill/114/hr/3603?format=json"
        },
        {
            "congress": 114,
            "introducedDate": "2015-07-07",
            "latestAction": {
                "actionDate": "2016-06-28",
                "text": "Placed on the Union Calendar, Calendar No. 496."
            },
            "number": "2959",
            "policyArea": {
                "name": "Social Welfare"
            },
            "title": "TANF Accountability and Integrity Improvement Act",
            "type": "HR",
            "url": "https://api.congress.gov/v3/bill/114/hr/2959?format=json"
        },
        {
            "congress": 114,
            "introducedDate": "2015-03-24",
            "latestAction": {
                "actionDate": "2015-03-24",
                "text": "Referred to the House Committee on Natural Resources."
            },
            "number": "1589",
            "policyArea": {
                "name": "Animals"
            },
            "title": "To prohibit the use of funds by the Secretary of the Interior to make a final determination on the listing of the northern long-eared bat under the Endangered Species Act of 1973.",
            "type": "HR",
            "url": "https://api.congress.gov/v3/bill/114/hr/1589?format=json"
        },
        {
            "congress": 114,
            "introducedDate": "2015-03-25",
            "latestAction": {
                "actionDate": "2015-04-07",
                "text": "Referred to the Subcommittee on Health."
            },
            "number": "1611",
            "policyArea": {
                "name": "Health"
            },
            "title": "Protecting Access to Rural Therapy Services (PARTS) Act",
            "type": "HR",
            "url": "https://api.congress.gov/v3/bill/114/hr/1611?format=json"
        },
        {
            "congress": 114,
            "introducedDate": "2015-03-04",
            "latestAction": {
                "actionDate": "2015-04-29",
                "text": "Referred to the Subcommittee on Early Childhood, Elementary, and Secondary Education."
            },
            "number": "1318",
            "policyArea": {
                "name": "Education"
            },
            "title": "Local Taxpayer Relief Act",
            "type": "HR",
            "url": "https://api.congress.gov/v3/bill/114/hr/1318?format=json"
        },
        {
            "congress": 114,
            "introducedDate": "2015-01-14",
            "latestAction": {
                "actionDate": "2015-01-28",
                "text": "Received in the Senate and Read twice and referred to the Committee on the Judiciary."
            },
            "number": "350",
            "policyArea": {
                "name": "Crime and Law Enforcement"
            },
            "title": "Human Trafficking Prevention, Intervention, and Recovery Act of 2015",
            "type": "HR",
            "url": "https://api.congress.gov/v3/bill/114/hr/350?format=json"
        },
        {
            "congress": 114,
            "introducedDate": "2015-07-15",
            "latestAction": {
                "actionDate": "2016-07-05",
                "text": "Placed on the Union Calendar, Calendar No. 507."
            },
            "number": "3080",
            "policyArea": {
                "name": "Health"
            },
            "title": "Tribal Employment and Jobs Protection Act",
            "type": "HR",
            "url": "https://api.congress.gov/v3/bill/114/hr/3080?format=json"
        },
        {
            "congress": 114,
            "introducedDate": "2015-05-21",
            "latestAction": {
                "actionDate": "2015-06-03",
                "text": "Referred to the Subcommittee on Social Security."
            },
            "number": "2504",
            "policyArea": {
                "name": "Social Welfare"
            },
            "title": "Control Unlawful Fugitive Felons Act of 2015",
            "type": "HR",
            "url": "https://api.congress.gov/v3/bill/114/hr/2504?format=json"
        },
        {
            "congress": 114,
            "introducedDate": "2015-03-19",
            "latestAction": {
                "actionDate": "2015-11-16",
                "text": "Referred to the Subcommittee on Early Childhood, Elementary, and Secondary Education."
            },
            "number": "1504",
            "policyArea": {
                "name": "Agriculture and Food"
            },
            "title": "Reducing Federal Mandates on School Lunch Act",
            "type": "HR",
            "url": "https://api.congress.gov/v3/bill/114/hr/1504?format=json"
        }
    ]
}