{
    "pagination": {
        "count": 107
    },
    "request": {
        "bioguideId": "w000815",
        "contentType": "application/json",
        "format": "json"
    },
    "sponsoredLegislation": [
        {
            "congress": 118,
            "introducedDate": "2024-06-28",
            "latestAction": {
                "actionDate": "2024-06-28",
                "text": "Referred to the House Committee on Ways and Means."
            },
            "number": "8912",
            "policyArea": {
                "name": null
            },
            "title": "To temporarily suspend duties on imports of titanium sponge, and for other purposes.",
            "type": "HR",
            "url": "https://api.congress.gov/v3/bill/118/hr/8912?format=json"
        },
        {
            "congress": 118,
            "introducedDate": "2024-06-27",
            "latestAction": {
                "actionDate": "2024-06-27",
                "text": "Referred to the House Committee on Ways and Means."
            },
            "number": "8876",
            "policyArea": {
                "name": null
            },
            "title": "To amend the Internal Revenue Code of 1986 to remove the limitation on the aggregate amount of grants made available to low-income taxpayer clinics and to adjust the matching fund requirements for such clinics.",
            "type": "HR",
            "url": "https://api.congress.gov/v3/bill/118/hr/8876?format=json"
        },
        {
            "congress": 118,
            "introducedDate": "2024-06-21",
            "latestAction": {
                "actionDate": "2024-06-21",
                "text": "Referred to the House Committee on Ways and Means."
            },
            "number": "8793",
            "policyArea": {
                "name": "Families"
            },
            "title": "Foster Care Adoption Oversight and Support Act",
            "type": "HR",
            "url": "https://api.congress.gov/v3/bill/118/hr/8793?format=json"
        },
        {
            "congress": 118,
            "introducedDate": "2024-06-11",
            "latestAction": {
                "actionDate": "2024-06-11",
                "text": "Referred to the Committee on the Judiciary, and in addition to the Committee on Intelligence (Permanent Select), for a period to be subsequently determined by the Speaker, in each case for consideration of such provisions as fall within the jurisdiction of the committee concerned."
            },
            "number": "8701",
            "policyArea": {
                "name": "Armed Forces and National Security"
            },
            "title": "Intelligence Reform and Transnational Crime Prevention Act of 2024",
            "type": "HR",
            "url": "https://api.congress.gov/v3/bill/118/hr/8701?format=json"
        },
        {
            "congress": 118,
            "introducedDate": "2024-06-04",
            "latestAction": {
                "actionDate": "2024-06-04",
                "text": "Referred to the House Committee on Ways and Means."
            },
            "number": "8619",
            "policyArea": {
                "name": "Taxation"
            },
            "title": "S Corporation Modernization Act of 2024",
            "type": "HR",
            "url": "https://api.congress.gov/v3/bill/118/hr/8619?format=json"
        },
        {
            "congress": 118,
            "introducedDate": "2024-05-23",
            "latestAction": {
                "actionDate": "2024-05-23",
                "text": "Referred to the House Committee on Intelligence (Permanent Select)."
            },
            "number": "8564",
            "policyArea": {
                "name": null
            },
            "title": "Elevating Biotechnology Threats Reporting Act",
            "type": "HR",
            "url": "https://api.congress.gov/v3/bill/118/hr/8564?format=json"
        },
        {
            "congress": 118,
            "introducedDate": "2024-05-23",
            "latestAction": {
                "actionDate": "2024-05-31",
                "text": "Referred to the Subcommittee on Health."
            },
            "number": "109",
            "policyArea": {
                "name": null
            },
            "title": "Expressing the sense of the Congress that assisted suicide (sometimes referred to using other terms) puts everyone, including those most vulnerable, at risk of deadly harm.",
            "type": "HCONRES",
            "url": "https://api.congress.gov/v3/bill/118/hconres/109?format=json"
        },
        {
            "congress": 118,
            "introducedDate": "2024-05-10",
            "latestAction": {
                "actionDate": "2024-05-15",
                "text": "Ordered to be Reported in the Nature of a Substitute by the Yeas and Nays: 40 - 1."
            },
            "number": "8333",
            "policyArea": {
                "name": "Health"
            },
            "title": "BIOSECURE Act",
            "type": "HR",
            "url": "https://api.congress.gov/v3/bill/118/hr/8333?format=json"
        },
        {
            "congress": 118,
            "introducedDate": "2024-05-06",
            "latestAction": {
                "actionDate": "2024-05-06",
                "text": "Referred to the House Committee on Ways and Means."
            },
            "number": "8260",
            "policyArea": {
                "name": null
            },
            "title": "Hospital Inpatient Services Modernization Act",
            "type": "HR",
            "url": "https://api.congress.gov/v3/bill/118/hr/8260?format=json"
        },
        {
            "congress": 118,
            "introducedDate": "2024-04-17",
            "latestAction": {
                "actionDate": "2024-04-17",
                "text": "Referred to the House Committee on Ways and Means."
            },
            "number": "8059",
            "policyArea": {
                "name": null
            },
            "title": "U.S. Foreign Trade Zone Parity Act of 2024",
            "type": "HR",
            "url": "https://api.congress.gov/v3/bill/118/hr/8059?format=json"
        },
        {
            "congress": 118,
            "introducedDate": "2024-02-07",
            "latestAction": {
                "actionDate": "2024-02-07",
                "text": "Referred to the House Committee on Armed Services."
            },
            "number": "7305",
            "policyArea": {
                "name": "Armed Forces and National Security"
            },
            "title": "IIR on AHI Act",
            "type": "HR",
            "url": "https://api.congress.gov/v3/bill/118/hr/7305?format=json"
        },
        {
            "congress": 118,
            "introducedDate": "2023-12-13",
            "latestAction": {
                "actionDate": "2023-12-13",
                "text": "Referred to the House Committee on Ways and Means."
            },
            "number": "6778",
            "policyArea": {
                "name": "Taxation"
            },
            "title": "Intelligence Community Workforce Agility Protection Act of 2023",
            "type": "HR",
            "url": "https://api.congress.gov/v3/bill/118/hr/6778?format=json"
        },
        {
            "congress": 118,
            "introducedDate": "2023-11-30",
            "latestAction": {
                "actionDate": "2023-11-30",
                "text": "Referred to the House Committee on Ways and Means."
            },
            "number": "6541",
            "policyArea": {
                "name": "Foreign Trade and International Finance"
            },
            "title": "To provide for the liquidation or reliquidation of certain entries of steel and aluminum products retroactively approved for exclusion from certain duties.",
            "type": "HR",
            "url": "https://api.congress.gov/v3/bill/118/hr/6541?format=json"
        },
        {
            "congress": 118,
            "introducedDate": "2023-10-17",
            "latestAction": {
                "actionDate": "2023-11-03",
                "text": "Referred to the Subcommittee on Energy, Climate and Grid Security."
            },
            "number": "5977",
            "policyArea": {
                "name": "Armed Forces and National Security"
            },
            "title": "Sensible Classification Act of 2023",
            "type": "HR",
            "url": "https://api.congress.gov/v3/bill/118/hr/5977?format=json"
        },
        {
            "congress": 118,
            "introducedDate": "2023-09-27",
            "latestAction": {
                "actionDate": "2023-09-27",
                "text": "Referred to the House Committee on Ways and Means."
            },
            "number": "5777",
            "policyArea": {
                "name": "Taxation"
            },
            "title": "To amend the Internal Revenue Code of 1986 to improve health savings accounts.",
            "type": "HR",
            "url": "https://api.congress.gov/v3/bill/118/hr/5777?format=json"
        },
        {
            "congress": 118,
            "introducedDate": "2023-09-20",
            "latestAction": {
                "actionDate": "2023-09-20",
                "text": "Referred to the House Committee on Ways and Means."
            },
            "number": "5614",
            "policyArea": {
                "name": "Foreign Trade and International Finance"
            },
            "title": "Haiti Economic Lift Program Extension Act of 2023",
            "type": "HR",
            "url": "https://api.congress.gov/v3/bill/118/hr/5614?format=json"
        },
        {
            "congress": 118,
            "introducedDate": "2023-05-25",
            "latestAction": {
                "actionDate": "2024-01-22",
                "text": "Received in the Senate and Read twice and referred to the Committee on Finance."
            },
            "number": "3667",
            "policyArea": {
                "name": "Social Welfare"
            },
            "title": "Social Security Child Protection Act of 2023",
            "type": "HR",
            "url": "https://api.congress.gov/v3/bill/118/hr/3667?format=json"
        },
        {
            "congress": 118,
            "introducedDate": "2023-07-20",
            "latestAction": {
                "actionDate": "2024-06-27",
                "text": "Ordered to be Reported in the Nature of a Substitute (Amended) by the Yeas and Nays: 36 - 4."
            },
            "number": "4818",
            "policyArea": {
                "name": "Health"
            },
            "title": "Treat and Reduce Obesity Act of 2023",
            "type": "HR",
            "url": "https://api.congress.gov/v3/bill/118/hr/4818?format=json"
        },
        {
            "congress": 118,
            "introducedDate": "2023-03-17",
            "latestAction": {
                "actionDate": "2023-03-24",
                "text": "Referred to the Subcommittee on Health."
            },
            "number": "1666",
            "policyArea": {
                "name": "Health"
            },
            "title": "Protecting Access to Ground Ambulance Medical Services Act of 2023",
            "type": "HR",
            "url": "https://api.congress.gov/v3/bill/118/hr/1666?format=json"
        },
        {
            "congress": 118,
            "introducedDate": "2023-05-25",
            "latestAction": {
                "actionDate": "2024-05-01",
                "text": "Received in the Senate and Read twice and referred to the Committee on Veterans' Affairs."
            },
            "number": "3738",
            "policyArea": {
                "name": "Armed Forces and National Security"
            },
            "title": "Veterans Economic Opportunity and Transition Administration Act",
            "type": "HR",
            "url": "https://api.congress.gov/v3/bill/118/hr/3738?format=json"
        },
        {
            "congress": 118,
            "introducedDate": "2023-06-13",
            "latestAction": {
                "actionDate": "2023-06-16",
                "text": "Referred to the Subcommittee on Health."
            },
            "number": "4087",
            "policyArea": {
                "name": "Health"
            },
            "title": "Foreign Adversary Gain-of-Function Research Prevention Act of 2023",
            "type": "HR",
            "url": "https://api.congress.gov/v3/bill/118/hr/4087?format=json"
        },
        {
            "congress": 118,
            "introducedDate": "2023-06-05",
            "latestAction": {
                "actionDate": "2023-06-07",
                "text": "Ordered to be Reported in the Nature of a Substitute (Amended) by the Yeas and Nays: 34 - 6."
            },
            "number": "3800",
            "policyArea": {
                "name": "Taxation"
            },
            "title": "Chronic Disease Flexible Coverage Act",
            "type": "HR",
            "url": "https://api.congress.gov/v3/bill/118/hr/3800?format=json"
        },
        {
            "congress": 118,
            "introducedDate": "2023-05-25",
            "latestAction": {
                "actionDate": "2023-05-25",
                "text": "Referred to the House Committee on Ways and Means."
            },
            "number": "3739",
            "policyArea": {
                "name": "Foreign Trade and International Finance"
            },
            "title": "FAIR TARIFF Act of 2023",
            "type": "HR",
            "url": "https://api.congress.gov/v3/bill/118/hr/3739?format=json"
        },
        {
            "congress": 118,
            "introducedDate": "2023-05-25",
            "latestAction": {
                "actionDate": "2023-05-25",
                "text": "Referred to the Subcommittee on Emergency Management and Technology."
            },
            "number": "3666",
            "policyArea": {
                "name": "Emergency Management"
            },
            "title": "SOS Act of 2023",
            "type": "HR",
            "url": "https://api.congress.gov/v3/bill/118/hr/3666?format=json"
        },
        {
            "congress": 118,
            "introducedDate": "2023-05-18",
            "latestAction": {
                "actionDate": "2023-05-19",
                "text": "Referred to the Subcommittee on Health."
            },
            "number": "3549",
            "policyArea": {
                "name": "Health"
            },
            "title": "PACE Part D Choice Act of 2023",
            "type": "HR",
            "url": "https://api.congress.gov/v3/bill/118/hr/3549?format=json"
        },
        {
            "congress": 118,
            "introducedDate": "2023-04-17",
            "latestAction": {
                "actionDate": "2023-04-17",
                "text": "Referred to the House Committee on Ways and Means."
            },
            "number": "2662",
            "policyArea": {
                "name": "Taxation"
            },
            "title": "Collegiate Housing and Infrastructure Act of 2023",
            "type": "HR",
            "url": "https://api.congress.gov/v3/bill/118/hr/2662?format=json"
        },
        {
            "congress": 118,
            "introducedDate": "2023-04-13",
            "latestAction": {
                "actionDate": "2023-04-13",
                "text": "Referred to the House Committee on Education and the Workforce."
            },
            "number": "2630",
            "policyArea": {
                "name": "Health"
            },
            "title": "Safe Step Act",
            "type": "HR",
            "url": "https://api.congress.gov/v3/bill/118/hr/2630?format=json"
        },
        {
            "congress": 118,
            "introducedDate": "2023-03-29",
            "latestAction": {
                "actionDate": "2023-04-14",
                "text": "Referred to the Subcommittee on Health."
            },
            "number": "2398",
            "policyArea": {
                "name": "Armed Forces and National Security"
            },
            "title": "To amend title 38, United States Code, to prohibit smoking on the premises of any facility of the Veterans Health Administration, and for other purposes.",
            "type": "HR",
            "url": "https://api.congress.gov/v3/bill/118/hr/2398?format=json"
        },
        {
            "congress": 118,
            "introducedDate": "2023-03-22",
            "latestAction": {
                "actionDate": "2024-06-27",
                "text": "Ordered to be Reported in the Nature of a Substitute (Amended) by the Yeas and Nays: 36 - 5."
            },
            "number": "1691",
            "policyArea": {
                "name": "Health"
            },
            "title": "Ensuring Patient Access to Critical Breakthrough Products Act of 2023",
            "type": "HR",
            "url": "https://api.congress.gov/v3/bill/118/hr/1691?format=json"
        },
        {
            "congress": 118,
            "introducedDate": "2023-03-07",
            "latestAction": {
                "actionDate": "2024-01-18",
                "text": "Placed on the Union Calendar, Calendar No. 286."
            },
            "number": "1432",
            "policyArea": {
                "name": "Taxation"
            },
            "title": "VETT Act",
            "type": "HR",
            "url": "https://api.congress.gov/v3/bill/118/hr/1432?format=json"
        },
        {
            "congress": 118,
            "introducedDate": "2023-02-09",
            "latestAction": {
                "actionDate": "2023-02-17",
                "text": "Referred to the Subcommittee on Health."
            },
            "number": "972",
            "policyArea": {
                "name": "Health"
            },
            "title": "Outpatient Surgery Quality and Access Act of 2023",
            "type": "HR",
            "url": "https://api.congress.gov/v3/bill/118/hr/972?format=json"
        },
        {
            "congress": 118,
            "introducedDate": "2024-03-13",
            "latestAction": {
                "actionDate": "2024-03-13",
                "text": "Referred to the House Committee on Ways and Means."
            },
            "number": "7681",
            "policyArea": {
                "name": "Taxation"
            },
            "title": "Primary and Virtual Care Affordability Act",
            "type": "HR",
            "url": "https://api.congress.gov/v3/bill/118/hr/7681?format=json"
        },
        {
            "congress": 117,
            "introducedDate": "2022-12-07",
            "latestAction": {
                "actionDate": "2022-12-07",
                "text": "Referred to the House Committee on Ways and Means."
            },
            "number": "9461",
            "policyArea": {
                "name": "Foreign Trade and International Finance"
            },
            "title": "To extend duty-free treatment provided with respect to imports from Haiti under the Caribbean Basin Economic Recovery Act.",
            "type": "HR",
            "url": "https://api.congress.gov/v3/bill/117/hr/9461?format=json"
        },
        {
            "congress": 117,
            "introducedDate": "2022-10-07",
            "latestAction": {
                "actionDate": "2022-10-08",
                "text": "Referred to the Subcommittee on Oversight, Management, and Accountability."
            },
            "number": "9162",
            "policyArea": {
                "name": "Emergency Management"
            },
            "title": "SOS Act of 2022",
            "type": "HR",
            "url": "https://api.congress.gov/v3/bill/117/hr/9162?format=json"
        },
        {
            "congress": 117,
            "introducedDate": "2022-09-09",
            "latestAction": {
                "actionDate": "2022-11-01",
                "text": "Referred to the Subcommittee on Immigration and Citizenship."
            },
            "number": "8799",
            "policyArea": {
                "name": "International Affairs"
            },
            "title": "Otto Warmbier Countering North Korean Censorship and Surveillance Act of 2021",
            "type": "HR",
            "url": "https://api.congress.gov/v3/bill/117/hr/8799?format=json"
        },
        {
            "congress": 117,
            "introducedDate": "2022-05-24",
            "latestAction": {
                "actionDate": "2022-05-24",
                "text": "Referred to the Subcommittee on Health."
            },
            "number": "7878",
            "policyArea": {
                "name": "Health"
            },
            "title": "Kidney Health Connect Act of 2022",
            "type": "HR",
            "url": "https://api.congress.gov/v3/bill/117/hr/7878?format=json"
        },
        {
            "congress": 117,
            "introducedDate": "2022-05-13",
            "latestAction": {
                "actionDate": "2022-05-13",
                "text": "Referred to the House Committee on Education and Labor."
            },
            "number": "1117",
            "policyArea": {
                "name": "Education"
            },
            "title": "Expressing support for the designation of 2022 as the \"Year of the Parents\".",
            "type": "HRES",
            "url": "https://api.congress.gov/v3/bill/117/hres/1117?format=json"
        },
        {
            "congress": 117,
            "introducedDate": "2022-05-12",
            "latestAction": {
                "actionDate": "2022-05-12",
                "text": "Referred to the House Committee on Energy and Commerce."
            },
            "number": "7760",
            "policyArea": {
                "name": "Health"
            },
            "title": "Strengthening Our Health Security Act of 2022",
            "type": "HR",
            "url": "https://api.congress.gov/v3/bill/117/hr/7760?format=json"
        },
        {
            "congress": 117,
            "introducedDate": "2022-04-05",
            "latestAction": {
                "actionDate": "2022-04-05",
                "text": "Referred to the House Committee on Ways and Means."
            },
            "number": "7410",
            "policyArea": {
                "name": "Taxation"
            },
            "title": "American Made Medicine Act",
            "type": "HR",
            "url": "https://api.congress.gov/v3/bill/117/hr/7410?format=json"
        },
        {
            "congress": 117,
            "introducedDate": "2022-03-17",
            "latestAction": {
                "actionDate": "2022-03-17",
                "text": "Referred to the House Committee on Ways and Means."
            },
            "number": "7146",
            "policyArea": {
                "name": "Taxation"
            },
            "title": "Enhancing Emergency and Retirement Savings Act of 2022",
            "type": "HR",
            "url": "https://api.congress.gov/v3/bill/117/hr/7146?format=json"
        },
        {
            "congress": 117,
            "introducedDate": "2022-03-09",
            "latestAction": {
                "actionDate": "2022-03-10",
                "text": "Referred to the Subcommittee on Health."
            },
            "number": "7053",
            "policyArea": {
                "name": "Health"
            },
            "title": "Hospital Inpatient Services Modernization Act",
            "type": "HR",
            "url": "https://api.congress.gov/v3/bill/117/hr/7053?format=json"
        },
        {
            "congress": 117,
            "introducedDate": "2022-02-25",
            "latestAction": {
                "actionDate": "2022-02-25",
                "text": "Referred to the House Committee on Foreign Affairs."
            },
            "number": "947",
            "policyArea": {
                "name": "International Affairs"
            },
            "title": "Supporting an independent and democratic Ukraine.",
            "type": "HRES",
            "url": "https://api.congress.gov/v3/bill/117/hres/947?format=json"
        },
        {
            "congress": 117,
            "introducedDate": "2022-02-18",
            "latestAction": {
                "actionDate": "2022-12-07",
                "text": "Placed on the Union Calendar, Calendar No. 436."
            },
            "number": "6799",
            "policyArea": {
                "name": "Public Lands and Natural Resources"
            },
            "title": "John P. Parker House Study Act",
            "type": "HR",
            "url": "https://api.congress.gov/v3/bill/117/hr/6799?format=json"
        },
        {
            "congress": 117,
            "introducedDate": "2022-02-18",
            "latestAction": {
                "actionDate": "2022-02-18",
                "text": "Referred to the House Committee on Intelligence (Permanent Select)."
            },
            "number": "6798",
            "policyArea": {
                "name": "Armed Forces and National Security"
            },
            "title": "Transparency for Malign Chinese Investments in Global Port Infrastructure Act",
            "type": "HR",
            "url": "https://api.congress.gov/v3/bill/117/hr/6798?format=json"
        },
        {
            "congress": 117,
            "introducedDate": "2021-12-14",
            "latestAction": {
                "actionDate": "2021-12-14",
                "text": "Referred to the House Committee on Armed Services."
            },
            "number": "6292",
            "policyArea": {
                "name": "Armed Forces and National Security"
            },
            "title": "To direct the Department of Defense to report to Congress on the potential integration of advanced propulsion systems into F-35 aircraft, and for other purposes.",
            "type": "HR",
            "url": "https://api.congress.gov/v3/bill/117/hr/6292?format=json"
        },
        {
            "congress": 117,
            "introducedDate": "2021-11-05",
            "latestAction": {
                "actionDate": "2021-11-05",
                "text": "Referred to the House Committee on Oversight and Reform."
            },
            "number": "5908",
            "policyArea": {
                "name": "Government Operations and Politics"
            },
            "title": "Stop Vaccine Mandates Act",
            "type": "HR",
            "url": "https://api.congress.gov/v3/bill/117/hr/5908?format=json"
        },
        {
            "congress": 117,
            "introducedDate": "2021-07-02",
            "latestAction": {
                "actionDate": "2021-07-02",
                "text": "Referred to the House Committee on Ways and Means."
            },
            "number": "4354",
            "policyArea": {
                "name": "Taxation"
            },
            "title": "Child Care Flexibility for Working Families Act",
            "type": "HR",
            "url": "https://api.congress.gov/v3/bill/117/hr/4354?format=json"
        },
        {
            "congress": 117,
            "introducedDate": "2021-07-01",
            "latestAction": {
                "actionDate": "2021-07-01",
                "text": "Referred to the House Committee on Armed Services."
            },
            "number": "4343",
            "policyArea": {
                "name": "Armed Forces and National Security"
            },
            "title": "Patriot Retention Act",
            "type": "HR",
            "url": "https://api.congress.gov/v3/bill/117/hr/4343?format=json"
        },
        {
            "congress": 117,
            "introducedDate": "2021-07-19",
            "latestAction": {
                "actionDate": "2021-07-19",
                "text": "Referred to the Committee on Ways and Means, and in addition to the Committee on Education and Labor, for a period to be subsequently determined by the Speaker, in each case for consideration of such provisions as fall within the jurisdiction of the committee concerned."
            },
            "number": "4544",
            "policyArea": {
                "name": "Social Welfare"
            },
            "title": "WORK Act",
            "type": "HR",
            "url": "https://api.congress.gov/v3/bill/117/hr/4544?format=json"
        },
        {
            "congress": 117,
            "introducedDate": "2021-06-22",
            "latestAction": {
                "actionDate": "2021-06-23",
                "text": "Referred to the Subcommittee on Health."
            },
            "number": "4071",
            "policyArea": {
                "name": "Health"
            },
            "title": "Foreign Gain-of-Function Research Prevention Act of 2021",
            "type": "HR",
            "url": "https://api.congress.gov/v3/bill/117/hr/4071?format=json"
        },
        {
            "congress": 117,
            "introducedDate": "2021-06-22",
            "latestAction": {
                "actionDate": "2021-06-22",
                "text": "Referred to the Subcommittee on Social Security."
            },
            "number": "4072",
            "policyArea": {
                "name": "Social Welfare"
            },
            "title": "Social Security Child Protection Act of 2021",
            "type": "HR",
            "url": "https://api.congress.gov/v3/bill/117/hr/4072?format=json"
        },
        {
            "congress": 117,
            "introducedDate": "2021-06-14",
            "latestAction": {
                "actionDate": "2021-09-07",
                "text": "Referred to the Subcommittee on Health."
            },
            "number": "3883",
            "policyArea": {
                "name": "Armed Forces and National Security"
            },
            "title": "To amend title 38, United States Code, to prohibit smoking on the premises of any facility of the Veterans Health Administration, and for other purposes.",
            "type": "HR",
            "url": "https://api.congress.gov/v3/bill/117/hr/3883?format=json"
        },
        {
            "congress": 117,
            "introducedDate": "2021-05-12",
            "latestAction": {
                "actionDate": "2021-05-12",
                "text": "Referred to the House Committee on Ways and Means."
            },
            "number": "3170",
            "policyArea": {
                "name": "Taxation"
            },
            "title": "To amend the Internal Revenue Code of 1986 to provide relief for taxpayers that were victims of identity theft to commit unemployment insurance fraud.",
            "type": "HR",
            "url": "https://api.congress.gov/v3/bill/117/hr/3170?format=json"
        },
        {
            "congress": 117,
            "introducedDate": "2021-04-30",
            "latestAction": {
                "actionDate": "2021-04-30",
                "text": "Referred to the House Committee on Ways and Means."
            },
            "number": "2951",
            "policyArea": {
                "name": "Taxation"
            },
            "title": "To direct the Secretary of the Treasury to modify Treasury Regulations relating to insurance-dedicated exchange-traded funds.",
            "type": "HR",
            "url": "https://api.congress.gov/v3/bill/117/hr/2951?format=json"
        },
        {
            "congress": 117,
            "introducedDate": "2021-04-14",
            "latestAction": {
                "actionDate": "2022-03-14",
                "text": "Became Public Law No: 117-96."
            },
            "number": "2545",
            "policyArea": {
                "name": "Armed Forces and National Security"
            },
            "title": "To amend title 38, United States Code, to clarify the role of doctors of podiatric medicine in the Department of Veterans Affairs, and for other purposes.",
            "type": "HR",
            "url": "https://api.congress.gov/v3/bill/117/hr/2545?format=json"
        },
        {
            "congress": 117,
            "introducedDate": "2021-04-13",
            "latestAction": {
                "actionDate": "2021-05-19",
                "text": "Received in the Senate and Read twice and referred to the Committee on Veterans' Affairs."
            },
            "number": "2494",
            "policyArea": {
                "name": "Armed Forces and National Security"
            },
            "title": "To amend title 38, United States Code, to establish in the Department the Veterans Economic Opportunity and Transition Administration, and for other purposes.",
            "type": "HR",
            "url": "https://api.congress.gov/v3/bill/117/hr/2494?format=json"
        },
        {
            "congress": 117,
            "introducedDate": "2021-02-08",
            "latestAction": {
                "actionDate": "2022-03-11",
                "text": "Became Public Law No: 117-93."
            },
            "number": "960",
            "policyArea": {
                "name": "Government Operations and Politics"
            },
            "title": "To designate the facility of the United States Postal Service located at 3493 Burnet Avenue in Cincinnati, Ohio, as the John H. Leahr and Herbert M. Heilbrun Post Office.",
            "type": "HR",
            "url": "https://api.congress.gov/v3/bill/117/hr/960?format=json"
        },
        {
            "congress": 116,
            "introducedDate": "2020-12-14",
            "latestAction": {
                "actionDate": "2020-12-14",
                "text": "Referred to the House Committee on Energy and Commerce."
            },
            "number": "8966",
            "policyArea": {
                "name": "Health"
            },
            "title": "COVID\u201319 Vaccine Awareness Support Act of 2020",
            "type": "HR",
            "url": "https://api.congress.gov/v3/bill/116/hr/8966?format=json"
        },
        {
            "congress": 116,
            "introducedDate": "2020-12-07",
            "latestAction": {
                "actionDate": "2020-12-07",
                "text": "Referred to the Committee on Ways and Means, and in addition to the Committee on Energy and Commerce, for a period to be subsequently determined by the Speaker, in each case for consideration of such provisions as fall within the jurisdiction of the committee concerned."
            },
            "number": "8892",
            "policyArea": {
                "name": "Health"
            },
            "title": "Rural-Urban Physician Workforce Act of 2020",
            "type": "HR",
            "url": "https://api.congress.gov/v3/bill/116/hr/8892?format=json"
        },
        {
            "congress": 116,
            "introducedDate": "2020-10-16",
            "latestAction": {
                "actionDate": "2020-10-16",
                "text": "Referred to the Committee on Energy and Commerce, and in addition to the Committee on Ways and Means, for a period to be subsequently determined by the Speaker, in each case for consideration of such provisions as fall within the jurisdiction of the committee concerned."
            },
            "number": "8624",
            "policyArea": {
                "name": "Health"
            },
            "title": "Protecting Access to Innovation During COVID\u201319 Act",
            "type": "HR",
            "url": "https://api.congress.gov/v3/bill/116/hr/8624?format=json"
        },
        {
            "congress": 116,
            "introducedDate": "2020-09-16",
            "latestAction": {
                "actionDate": "2020-09-16",
                "text": "Referred to the House Committee on House Administration."
            },
            "number": "8278",
            "policyArea": {
                "name": "Congress"
            },
            "title": "Show Your Exemption Act",
            "type": "HR",
            "url": "https://api.congress.gov/v3/bill/116/hr/8278?format=json"
        },
        {
            "congress": 116,
            "introducedDate": "2020-07-23",
            "latestAction": {
                "actionDate": "2020-07-23",
                "text": "Referred to the Subcommittee on Select Revenue Measures."
            },
            "number": "7767",
            "policyArea": {
                "name": "Taxation"
            },
            "title": "To amend the Internal Revenue Code of 1986 to provide for credits against tax for domestic medical and drug manufacturing and advanced medical manufacturing equipment.",
            "type": "HR",
            "url": "https://api.congress.gov/v3/bill/116/hr/7767?format=json"
        },
        {
            "congress": 116,
            "introducedDate": "2020-07-16",
            "latestAction": {
                "actionDate": "2020-07-29",
                "text": "Referred to the Subcommittee on Select Revenue Measures."
            },
            "number": "7666",
            "policyArea": {
                "name": "Taxation"
            },
            "title": "Family Savings Flexibility Act",
            "type": "HR",
            "url": "https://api.congress.gov/v3/bill/116/hr/7666?format=json"
        },
        {
            "congress": 116,
            "introducedDate": "2020-06-22",
            "latestAction": {
                "actionDate": "2020-07-13",
                "text": "Referred to the Subcommittee on Asia, the Pacific and Nonproliferation."
            },
            "number": "1016",
            "policyArea": {
                "name": "International Affairs"
            },
            "title": "Recognizing the 3rd anniversary of the passing of Otto Frederick Warmbier and condemning the North Korean regime for their continued human rights abuses.",
            "type": "HRES",
            "url": "https://api.congress.gov/v3/bill/116/hres/1016?format=json"
        },
        {
            "congress": 116,
            "introducedDate": "2020-05-22",
            "latestAction": {
                "actionDate": "2020-05-22",
                "text": "Referred to the House Committee on Ways and Means."
            },
            "number": "7008",
            "policyArea": {
                "name": "Taxation"
            },
            "title": "Family Savings Flexibility Act",
            "type": "HR",
            "url": "https://api.congress.gov/v3/bill/116/hr/7008?format=json"
        },
        {
            "congress": 116,
            "introducedDate": "2020-05-05",
            "latestAction": {
                "actionDate": "2020-05-05",
                "text": "Referred to the House Committee on Ways and Means."
            },
            "number": "6732",
            "policyArea": {
                "name": "Taxation"
            },
            "title": "To direct the Secretary of the Treasury to modify certain regulations relating to insurance-dedicated exchange-traded funds.",
            "type": "HR",
            "url": "https://api.congress.gov/v3/bill/116/hr/6732?format=json"
        },
        {
            "congress": 116,
            "introducedDate": "2020-04-07",
            "latestAction": {
                "actionDate": "2020-04-07",
                "text": "Referred to the House Committee on Armed Services."
            },
            "number": "6473",
            "policyArea": {
                "name": "Armed Forces and National Security"
            },
            "title": "Patriot Retention Act",
            "type": "HR",
            "url": "https://api.congress.gov/v3/bill/116/hr/6473?format=json"
        },
        {
            "congress": 116,
            "introducedDate": "2019-07-11",
            "latestAction": {
                "actionDate": "2019-07-11",
                "text": "Referred to the House Committee on Veterans' Affairs."
            },
            "number": "3700",
            "policyArea": {
                "name": "Armed Forces and National Security"
            },
            "title": "To amend title 38, United States Code, to prohibit smoking on the premises of any facility of the Veterans Health Administration, and for other purposes.",
            "type": "HR",
            "url": "https://api.congress.gov/v3/bill/116/hr/3700?format=json"
        },
        {
            "congress": 116,
            "introducedDate": "2019-05-23",
            "latestAction": {
                "actionDate": "2019-05-23",
                "text": "Referred to the House Committee on Ways and Means."
            },
            "number": "3017",
            "policyArea": {
                "name": "Social Welfare"
            },
            "title": "Family First Transition Assistance Act of 2019",
            "type": "HR",
            "url": "https://api.congress.gov/v3/bill/116/hr/3017?format=json"
        },
        {
            "congress": 116,
            "introducedDate": "2019-04-03",
            "latestAction": {
                "actionDate": "2019-05-22",
                "text": "Received in the Senate."
            },
            "number": "2045",
            "policyArea": {
                "name": "Armed Forces and National Security"
            },
            "title": "To amend title 38, United States Code, to establish in the Department the Veterans Economic Opportunity and Transition Administration, and for other purposes.",
            "type": "HR",
            "url": "https://api.congress.gov/v3/bill/116/hr/2045?format=json"
        },
        {
            "congress": 116,
            "introducedDate": "2019-03-14",
            "latestAction": {
                "actionDate": "2019-03-14",
                "text": "Referred to the House Committee on Financial Services."
            },
            "number": "1805",
            "policyArea": {
                "name": "Finance and Financial Sector"
            },
            "title": "Tomb of the Unknown Soldier Centennial Commemorative Coin Act",
            "type": "HR",
            "url": "https://api.congress.gov/v3/bill/116/hr/1805?format=json"
        },
        {
            "congress": 116,
            "introducedDate": "2019-03-08",
            "latestAction": {
                "actionDate": "2019-03-08",
                "text": "Referred to the House Committee on Veterans' Affairs."
            },
            "number": "1658",
            "policyArea": {
                "name": "Armed Forces and National Security"
            },
            "title": "To amend title 38, United States Code, to clarify the grade and pay of podiatrists of the Department of Veterans Affairs.",
            "type": "HR",
            "url": "https://api.congress.gov/v3/bill/116/hr/1658?format=json"
        },
        {
            "congress": 116,
            "introducedDate": "2019-02-27",
            "latestAction": {
                "actionDate": "2019-02-27",
                "text": "Referred to the Subcommittee on Worker and Family Support."
            },
            "number": "1413",
            "policyArea": {
                "name": "Social Welfare"
            },
            "title": "WORK Act",
            "type": "HR",
            "url": "https://api.congress.gov/v3/bill/116/hr/1413?format=json"
        },
        {
            "amendmentNumber": "988",
            "congress": 113,
            "introducedDate": "2014-07-09",
            "latestAction": {
                "actionDate": "2014-07-09",
                "actionTime": "17:46:49",
                "text": "On agreeing to the Wenstrup amendment (A017) Failed by recorded vote: 112 - 309 (Roll no. 374). "
            },
            "type": null,
            "url": "https://api.congress.gov/v3/amendment/113/hamdt/988?format=json"
        },
        {
            "amendmentNumber": "648",
            "congress": 113,
            "introducedDate": "2014-05-01",
            "latestAction": {
                "actionDate": "2014-05-01",
                "actionTime": "10:43:23",
                "text": "On agreeing to the Wenstrup amendment (A007) Agreed to by voice vote. "
            },
            "type": null,
            "url": "https://api.congress.gov/v3/amendment/113/hamdt/648?format=json"
        },
        {
            "congress": 113,
            "introducedDate": "2013-03-20",
            "latestAction": {
                "actionDate": "2013-04-25",
                "text": "Forwarded by Subcommittee to Full Committee by Voice Vote ."
            },
            "number": "1305",
            "policyArea": {
                "name": "Armed Forces and National Security"
            },
            "title": "To amend title 38, United States Code, to provide clarification regarding eligibility for services under the Homeless Veterans Reintegration Program.",
            "type": "HR",
            "url": "https://api.congress.gov/v3/bill/113/hr/1305?format=json"
        },
        {
            "congress": 115,
            "introducedDate": "2018-08-10",
            "latestAction": {
                "actionDate": "2018-08-10",
                "text": "Referred to the House Committee on Ways and Means."
            },
            "number": "6661",
            "policyArea": {
                "name": "Taxation"
            },
            "title": "Charitable Equity for Veterans Act of 2018",
            "type": "HR",
            "url": "https://api.congress.gov/v3/bill/115/hr/6661?format=json"
        },
        {
            "congress": 115,
            "introducedDate": "2018-07-26",
            "latestAction": {
                "actionDate": "2018-07-26",
                "text": "Referred to the House Committee on Financial Services."
            },
            "number": "6635",
            "policyArea": {
                "name": "Finance and Financial Sector"
            },
            "title": "Tomb of the Unknown Soldier Centennial Commemorative Coin Act",
            "type": "HR",
            "url": "https://api.congress.gov/v3/bill/115/hr/6635?format=json"
        },
        {
            "congress": 115,
            "introducedDate": "2018-06-08",
            "latestAction": {
                "actionDate": "2018-11-16",
                "text": "Placed on the Union Calendar, Calendar No. 807."
            },
            "number": "6066",
            "policyArea": {
                "name": "Armed Forces and National Security"
            },
            "title": "To amend title 38, United States Code, to improve the productivity of the management of Department of Veterans Affairs health care, and for other purposes.",
            "type": "HR",
            "url": "https://api.congress.gov/v3/bill/115/hr/6066?format=json"
        },
        {
            "congress": 115,
            "introducedDate": "2018-04-26",
            "latestAction": {
                "actionDate": "2018-05-23",
                "text": "Subcommittee Hearings Held."
            },
            "number": "5644",
            "policyArea": {
                "name": "Armed Forces and National Security"
            },
            "title": "VET OPP Act",
            "type": "HR",
            "url": "https://api.congress.gov/v3/bill/115/hr/5644?format=json"
        },
        {
            "congress": 115,
            "introducedDate": "2017-11-16",
            "latestAction": {
                "actionDate": "2018-05-22",
                "text": "Received in the Senate and Read twice and referred to the Committee on Veterans' Affairs."
            },
            "number": "4451",
            "policyArea": {
                "name": "Armed Forces and National Security"
            },
            "title": "Homeless Veterans' Reintegration Programs Reauthorization Act of 2018",
            "type": "HR",
            "url": "https://api.congress.gov/v3/bill/115/hr/4451?format=json"
        },
        {
            "congress": 115,
            "introducedDate": "2017-11-13",
            "latestAction": {
                "actionDate": "2017-11-17",
                "text": "Referred to the Subcommittee on Energy."
            },
            "number": "618",
            "policyArea": {
                "name": "Energy"
            },
            "title": "Expressing support for the designation of the third Wednesday of November as \"Utility Scam Awareness Day\".",
            "type": "HRES",
            "url": "https://api.congress.gov/v3/bill/115/hres/618?format=json"
        },
        {
            "congress": 115,
            "introducedDate": "2017-10-26",
            "latestAction": {
                "actionDate": "2017-10-26",
                "text": "Referred to the Subcommittee on Economic Opportunity."
            },
            "number": "4149",
            "policyArea": {
                "name": "Armed Forces and National Security"
            },
            "title": "To amend title 38, United States Code, to make certain improvements to the use of educational assistance provided by the Department of Veterans Affairs for flight training programs.",
            "type": "HR",
            "url": "https://api.congress.gov/v3/bill/115/hr/4149?format=json"
        },
        {
            "congress": 115,
            "introducedDate": "2017-09-26",
            "latestAction": {
                "actionDate": "2017-09-29",
                "text": "Referred to the Subcommittee on Health."
            },
            "number": "80",
            "policyArea": {
                "name": "Health"
            },
            "title": "Expressing the sense of the Congress that assisted suicide (sometimes referred to as death with dignity, end-of-life options, aid-in-dying, or similar phrases) puts everyone, including those most vulnerable, at risk of deadly harm and undermines the integrity of the health care system.",
            "type": "HCONRES",
            "url": "https://api.congress.gov/v3/bill/115/hconres/80?format=json"
        },
        {
            "congress": 115,
            "introducedDate": "2017-07-11",
            "latestAction": {
                "actionDate": "2017-07-24",
                "text": "Referred to the Subcommittee on Immigration and Border Security."
            },
            "number": "3190",
            "policyArea": {
                "name": null
            },
            "title": "For the relief of Christopher William Gard, Constance Rhoda Keely Yates, and Charles Matthew William Gard.",
            "type": "HR",
            "url": "https://api.congress.gov/v3/bill/115/hr/3190?format=json"
        },
        {
            "congress": 115,
            "introducedDate": "2017-04-28",
            "latestAction": {
                "actionDate": "2017-04-28",
                "text": "Referred to the Subcommittee on Economic Opportunity."
            },
            "number": "2257",
            "policyArea": {
                "name": "Armed Forces and National Security"
            },
            "title": "Guard and Reservists Education Improvement Act",
            "type": "HR",
            "url": "https://api.congress.gov/v3/bill/115/hr/2257?format=json"
        },
        {
            "congress": 115,
            "introducedDate": "2017-04-06",
            "latestAction": {
                "actionDate": "2017-04-06",
                "text": "Referred to the House Committee on Education and the Workforce."
            },
            "number": "2077",
            "policyArea": {
                "name": "Health"
            },
            "title": "Restoring the Patient's Voice Act of 2017",
            "type": "HR",
            "url": "https://api.congress.gov/v3/bill/115/hr/2077?format=json"
        },
        {
            "congress": 115,
            "introducedDate": "2017-03-21",
            "latestAction": {
                "actionDate": "2018-11-16",
                "text": "Placed on the Union Calendar, Calendar No. 806."
            },
            "number": "1662",
            "policyArea": {
                "name": "Armed Forces and National Security"
            },
            "title": "To amend title 38, United States Code, to prohibit smoking in any facility of the Veterans Health Administration, and for other purposes.",
            "type": "HR",
            "url": "https://api.congress.gov/v3/bill/115/hr/1662?format=json"
        },
        {
            "amendmentNumber": "88",
            "congress": 115,
            "introducedDate": "2017-03-17",
            "latestAction": {
                "actionDate": "2017-03-17",
                "actionTime": "09:20:47",
                "text": "On agreeing to the Wenstrup amendment (A001) Agreed to by voice vote. "
            },
            "type": null,
            "url": "https://api.congress.gov/v3/amendment/115/hamdt/88?format=json"
        },
        {
            "congress": 115,
            "introducedDate": "2017-03-06",
            "latestAction": {
                "actionDate": "2017-03-21",
                "text": "Received in the Senate and Read twice and referred to the Committee on Veterans' Affairs."
            },
            "number": "1367",
            "policyArea": {
                "name": "Armed Forces and National Security"
            },
            "title": "To improve the authority of the Secretary of Veterans Affairs to hire and retain physicians and other employees of the Department of Veterans Affairs, and for other purposes.",
            "type": "HR",
            "url": "https://api.congress.gov/v3/bill/115/hr/1367?format=json"
        },
        {
            "congress": 115,
            "introducedDate": "2017-03-01",
            "latestAction": {
                "actionDate": "2017-03-17",
                "text": "Referred to the Subcommittee on Health."
            },
            "number": "1298",
            "policyArea": {
                "name": "Health"
            },
            "title": "CT Colonography Screening for Colorectal Cancer Act of 2017",
            "type": "HR",
            "url": "https://api.congress.gov/v3/bill/115/hr/1298?format=json"
        },
        {
            "congress": 115,
            "introducedDate": "2017-02-14",
            "latestAction": {
                "actionDate": "2017-07-25",
                "text": "Received in the Senate and Read twice and referred to the Committee on Veterans' Affairs."
            },
            "number": "1058",
            "policyArea": {
                "name": "Armed Forces and National Security"
            },
            "title": "VA Provider Equity Act",
            "type": "HR",
            "url": "https://api.congress.gov/v3/bill/115/hr/1058?format=json"
        },
        {
            "congress": 115,
            "introducedDate": "2017-01-12",
            "latestAction": {
                "actionDate": "2017-02-13",
                "text": "Ordered to be Reported by the Yeas and Nays: 22 - 14."
            },
            "number": "27",
            "policyArea": {
                "name": "Government Operations and Politics"
            },
            "title": "Disapproving the action of the District of Columbia Council in approving the Death with Dignity Act of 2016.",
            "type": "HJRES",
            "url": "https://api.congress.gov/v3/bill/115/hjres/27?format=json"
        },
        {
            "congress": 114,
            "introducedDate": "2016-11-16",
            "latestAction": {
                "actionDate": "2016-11-16",
                "text": "Referred to the House Committee on Energy and Commerce."
            },
            "number": "927",
            "policyArea": {
                "name": "Energy"
            },
            "title": "Expressing support for the designation of the third Wednesday of November as \"Utility Scam Awareness Day\".",
            "type": "HRES",
            "url": "https://api.congress.gov/v3/bill/114/hres/927?format=json"
        },
        {
            "congress": 114,
            "introducedDate": "2016-09-21",
            "latestAction": {
                "actionDate": "2016-10-19",
                "text": "Referred to the Subcommittee on Disability Assistance and Memorial Affairs."
            },
            "number": "6114",
            "policyArea": {
                "name": "Armed Forces and National Security"
            },
            "title": "Charles Duncan Buried with Honor Act of 2016",
            "type": "HR",
            "url": "https://api.congress.gov/v3/bill/114/hr/6114?format=json"
        },
        {
            "congress": 114,
            "introducedDate": "2016-07-08",
            "latestAction": {
                "actionDate": "2016-07-20",
                "text": "Referred to the Subcommittee on Crime, Terrorism, Homeland Security, and Investigations."
            },
            "number": "5706",
            "policyArea": {
                "name": "Crime and Law Enforcement"
            },
            "title": "To amend title 18, United States Code, with respect to the state of mind required for certain offenses involving defense information, and for other purposes.",
            "type": "HR",
            "url": "https://api.congress.gov/v3/bill/114/hr/5706?format=json"
        },
        {
            "congress": 114,
            "introducedDate": "2016-06-16",
            "latestAction": {
                "actionDate": "2016-07-05",
                "text": "Referred to the Subcommittee on Health."
            },
            "number": "5526",
            "policyArea": {
                "name": "Armed Forces and National Security"
            },
            "title": "To improve the authority of the Secretary of Veterans Affairs to hire and retain physicians and other employees of the Department of Veterans Affairs, and for other purposes.",
            "type": "HR",
            "url": "https://api.congress.gov/v3/bill/114/hr/5526?format=json"
        },
        {
            "congress": 114,
            "introducedDate": "2016-05-10",
            "latestAction": {
                "actionDate": "2016-09-07",
                "text": "Placed on the Union Calendar, Calendar No. 563."
            },
            "number": "5178",
            "policyArea": {
                "name": "Armed Forces and National Security"
            },
            "title": "Veterans Success on Campus Act of 2016",
            "type": "HR",
            "url": "https://api.congress.gov/v3/bill/114/hr/5178?format=json"
        },
        {
            "congress": 114,
            "introducedDate": "2016-02-25",
            "latestAction": {
                "actionDate": "2016-03-02",
                "text": "Referred to the Subcommittee on Health."
            },
            "number": "4632",
            "policyArea": {
                "name": "Health"
            },
            "title": "CT Colonography Screening for Colorectal Cancer Act of 2016",
            "type": "HR",
            "url": "https://api.congress.gov/v3/bill/114/hr/4632?format=json"
        },
        {
            "congress": 114,
            "introducedDate": "2016-02-04",
            "latestAction": {
                "actionDate": "2016-02-04",
                "text": "Referred to the House Committee on House Administration."
            },
            "number": "4486",
            "policyArea": {
                "name": "Congress"
            },
            "title": "Do Your Job Act",
            "type": "HR",
            "url": "https://api.congress.gov/v3/bill/114/hr/4486?format=json"
        },
        {
            "congress": 114,
            "introducedDate": "2015-11-04",
            "latestAction": {
                "actionDate": "2015-11-23",
                "text": "Referred to the Subcommittee on Military Personnel."
            },
            "number": "516",
            "policyArea": {
                "name": "Armed Forces and National Security"
            },
            "title": "Recognizing the individuals who have served, or are serving, in the Armed Forces and have also served, or are serving, as a peace officer or as a first responder and expressing support for the designation of November 10 as Armed Forces, Peace Officer, and First Responder Dual Service Recognition Day.",
            "type": "HRES",
            "url": "https://api.congress.gov/v3/bill/114/hres/516?format=json"
        },
        {
            "congress": 114,
            "introducedDate": "2015-02-13",
            "latestAction": {
                "actionDate": "2015-02-13",
                "text": "Referred to the House Committee on House Administration."
            },
            "number": "1011",
            "policyArea": {
                "name": "Congress"
            },
            "title": "Show Your Exemption Act",
            "type": "HR",
            "url": "https://api.congress.gov/v3/bill/114/hr/1011?format=json"
        },
        {
            "congress": 114,
            "introducedDate": "2015-01-22",
            "latestAction": {
                "actionDate": "2015-05-21",
                "text": "Ordered to be Reported in the Nature of a Substitute (Amended) by Voice Vote."
            },
            "number": "475",
            "policyArea": {
                "name": "Armed Forces and National Security"
            },
            "title": "GI Bill Processing Improvement Act of 2015",
            "type": "HR",
            "url": "https://api.congress.gov/v3/bill/114/hr/475?format=json"
        },
        {
            "congress": 114,
            "introducedDate": "2015-01-22",
            "latestAction": {
                "actionDate": "2015-05-19",
                "text": "Received in the Senate and Read twice and referred to the Committee on Veterans' Affairs."
            },
            "number": "474",
            "policyArea": {
                "name": "Armed Forces and National Security"
            },
            "title": "Homeless Veterans' Reintegration Programs Reauthorization Act of 2015",
            "type": "HR",
            "url": "https://api.congress.gov/v3/bill/114/hr/474?format=json"
        },
        {
            "congress": 114,
            "introducedDate": "2015-07-09",
            "latestAction": {
                "actionDate": "2016-02-10",
                "text": "Received in the Senate and Read twice and referred to the Committee on Veterans' Affairs."
            },
            "number": "3016",
            "policyArea": {
                "name": "Armed Forces and National Security"
            },
            "title": "Veterans Employment, Education, and Healthcare Improvement Act",
            "type": "HR",
            "url": "https://api.congress.gov/v3/bill/114/hr/3016?format=json"
        },
        {
            "congress": 114,
            "introducedDate": "2015-05-14",
            "latestAction": {
                "actionDate": "2015-06-25",
                "text": "Forwarded by Subcommittee to Full Committee in the Nature of a Substitute (Amended) by Voice Vote ."
            },
            "number": "2344",
            "policyArea": {
                "name": "Armed Forces and National Security"
            },
            "title": "Veterans Vocational Rehabilitation and Employment Improvement Act of 2015",
            "type": "HR",
            "url": "https://api.congress.gov/v3/bill/114/hr/2344?format=json"
        },
        {
            "congress": 114,
            "introducedDate": "2015-01-22",
            "latestAction": {
                "actionDate": "2015-04-16",
                "text": "Forwarded by Subcommittee to Full Committee in the Nature of a Substitute (Amended) by Voice Vote ."
            },
            "number": "476",
            "policyArea": {
                "name": "Armed Forces and National Security"
            },
            "title": "GI Bill Education Quality Enhancement Act of 2015",
            "type": "HR",
            "url": "https://api.congress.gov/v3/bill/114/hr/476?format=json"
        }
    ]
}