{
    "pagination": {
        "count": 107
    },
    "request": {
        "bioguideId": "v000133",
        "contentType": "application/json",
        "format": "json"
    },
    "sponsoredLegislation": [
        {
            "congress": 118,
            "introducedDate": "2024-07-25",
            "latestAction": {
                "actionDate": "2024-07-25",
                "text": "Referred to the House Committee on Veterans' Affairs."
            },
            "number": "9177",
            "policyArea": {
                "name": null
            },
            "title": "To amend title 38, United States Code, to eliminate the requirement of a service-connected disability to furnish veterans with medical care outside of a State, and for other purposes.",
            "type": "HR",
            "url": "https://api.congress.gov/v3/bill/118/hr/9177?format=json"
        },
        {
            "amendmentNumber": "1121",
            "congress": 118,
            "introducedDate": "2024-07-23",
            "latestAction": {
                "actionDate": "2024-07-23",
                "actionTime": "17:44:49",
                "text": "On agreeing to the Van Drew amendment (A035) Failed by recorded vote: 158 - 257, 1 Present (Roll no. 378)."
            },
            "type": null,
            "url": "https://api.congress.gov/v3/amendment/118/hamdt/1121?format=json"
        },
        {
            "amendmentNumber": "1122",
            "congress": 118,
            "introducedDate": "2024-07-23",
            "latestAction": {
                "actionDate": "2024-07-23",
                "actionTime": "17:48:08",
                "text": "On agreeing to the Van Drew amendment (A036) Agreed to by recorded vote: 214 - 203 (Roll no. 379)."
            },
            "type": null,
            "url": "https://api.congress.gov/v3/amendment/118/hamdt/1122?format=json"
        },
        {
            "amendmentNumber": "1120",
            "congress": 118,
            "introducedDate": "2024-07-23",
            "latestAction": {
                "actionDate": "2024-07-23",
                "actionTime": "17:41:30",
                "text": "On agreeing to the Van Drew amendment (A034) Failed by recorded vote: 145 - 273 (Roll no. 377)."
            },
            "type": null,
            "url": "https://api.congress.gov/v3/amendment/118/hamdt/1120?format=json"
        },
        {
            "congress": 118,
            "introducedDate": "2024-07-22",
            "latestAction": {
                "actionDate": "2024-07-22",
                "text": "Referred to the House Committee on Oversight and Accountability."
            },
            "number": "121",
            "policyArea": {
                "name": null
            },
            "title": "Expressing the sense of Congress that July 22 should be designated as a day of recognition to recognize the unsung heroes of America in wartime.",
            "type": "HCONRES",
            "url": "https://api.congress.gov/v3/bill/118/hconres/121?format=json"
        },
        {
            "congress": 118,
            "introducedDate": "2024-07-22",
            "latestAction": {
                "actionDate": "2024-07-22",
                "text": "Referred to the House Committee on the Judiciary."
            },
            "number": "1374",
            "policyArea": {
                "name": "Crime and Law Enforcement"
            },
            "title": "Honoring the dedication, bravery, and professionalism of correctional officers across the United States.",
            "type": "HRES",
            "url": "https://api.congress.gov/v3/bill/118/hres/1374?format=json"
        },
        {
            "congress": 118,
            "introducedDate": "2024-06-25",
            "latestAction": {
                "actionDate": "2024-06-25",
                "text": "Referred to the House Committee on Ways and Means."
            },
            "number": "8835",
            "policyArea": {
                "name": null
            },
            "title": "FAIR Pensions Act",
            "type": "HR",
            "url": "https://api.congress.gov/v3/bill/118/hr/8835?format=json"
        },
        {
            "congress": 118,
            "introducedDate": "2024-06-18",
            "latestAction": {
                "actionDate": "2024-06-18",
                "text": "Referred to the House Committee on Oversight and Accountability."
            },
            "number": "1312",
            "policyArea": {
                "name": null
            },
            "title": "Expressing support for the designation of July 2024 as Veterans Appreciation Month.",
            "type": "HRES",
            "url": "https://api.congress.gov/v3/bill/118/hres/1312?format=json"
        },
        {
            "congress": 118,
            "introducedDate": "2024-06-03",
            "latestAction": {
                "actionDate": "2024-06-03",
                "text": "Referred to the House Committee on Ways and Means."
            },
            "number": "8599",
            "policyArea": {
                "name": null
            },
            "title": "Oral Health Products Inclusion Act",
            "type": "HR",
            "url": "https://api.congress.gov/v3/bill/118/hr/8599?format=json"
        },
        {
            "congress": 118,
            "introducedDate": "2024-05-23",
            "latestAction": {
                "actionDate": "2024-05-23",
                "text": "Referred to the Committee on Armed Services, and in addition to the Committee on Veterans' Affairs, for a period to be subsequently determined by the Speaker, in each case for consideration of such provisions as fall within the jurisdiction of the committee concerned."
            },
            "number": "1258",
            "policyArea": {
                "name": null
            },
            "title": "Recognizing and Honoring the Unwavering Journey of our Armed Forces from Enlistment to Their Lasting Contributions as Veterans.",
            "type": "HRES",
            "url": "https://api.congress.gov/v3/bill/118/hres/1258?format=json"
        },
        {
            "congress": 118,
            "introducedDate": "2024-05-21",
            "latestAction": {
                "actionDate": "2024-05-21",
                "text": "Referred to the House Committee on Ways and Means."
            },
            "number": "8487",
            "policyArea": {
                "name": "Social Welfare"
            },
            "title": "HEROS Act",
            "type": "HR",
            "url": "https://api.congress.gov/v3/bill/118/hr/8487?format=json"
        },
        {
            "congress": 118,
            "introducedDate": "2024-05-10",
            "latestAction": {
                "actionDate": "2024-05-10",
                "text": "Referred to the House Committee on Foreign Affairs."
            },
            "number": "1224",
            "policyArea": {
                "name": null
            },
            "title": "Condemning President Biden's threat to withhold aid and military assistance to Israel.",
            "type": "HRES",
            "url": "https://api.congress.gov/v3/bill/118/hres/1224?format=json"
        },
        {
            "congress": 118,
            "introducedDate": "2024-04-12",
            "latestAction": {
                "actionDate": "2024-04-12",
                "text": "Referred to the House Committee on Transportation and Infrastructure."
            },
            "number": "1141",
            "policyArea": {
                "name": "Taxation"
            },
            "title": "Francis Scott Key Bridge Disaster Taxpayer Reimbursement Resolution",
            "type": "HRES",
            "url": "https://api.congress.gov/v3/bill/118/hres/1141?format=json"
        },
        {
            "congress": 118,
            "introducedDate": "2024-04-05",
            "latestAction": {
                "actionDate": "2024-04-05",
                "text": "Referred to the House Committee on Transportation and Infrastructure."
            },
            "number": "1116",
            "policyArea": {
                "name": "Transportation and Public Works"
            },
            "title": "Expressing the sense of the House of Representatives that the Federal Government should recoup monies from the Synergy Marine Group and Maersk Line Limited to compensate taxpayers for certain damages resulting from the allision of the cargo shipping vessel the Dali with the Francis Scott Key Bridge on March 26, 2024, and for other purposes.",
            "type": "HRES",
            "url": "https://api.congress.gov/v3/bill/118/hres/1116?format=json"
        },
        {
            "congress": 118,
            "introducedDate": "2024-03-29",
            "latestAction": {
                "actionDate": "2024-03-29",
                "text": "Referred to the House Committee on Transportation and Infrastructure."
            },
            "number": "7851",
            "policyArea": {
                "name": "Transportation and Public Works"
            },
            "title": "Bridge Protection Act",
            "type": "HR",
            "url": "https://api.congress.gov/v3/bill/118/hr/7851?format=json"
        },
        {
            "congress": 118,
            "introducedDate": "2024-03-26",
            "latestAction": {
                "actionDate": "2024-03-26",
                "text": "Referred to the House Committee on Ways and Means."
            },
            "number": "7830",
            "policyArea": {
                "name": "Taxation"
            },
            "title": "PAW Act of 2024",
            "type": "HR",
            "url": "https://api.congress.gov/v3/bill/118/hr/7830?format=json"
        },
        {
            "congress": 118,
            "introducedDate": "2024-03-22",
            "latestAction": {
                "actionDate": "2024-03-22",
                "text": "Referred to the House Committee on Ways and Means."
            },
            "number": "7813",
            "policyArea": {
                "name": "Taxation"
            },
            "title": "Child Tax Credit Integrity Act",
            "type": "HR",
            "url": "https://api.congress.gov/v3/bill/118/hr/7813?format=json"
        },
        {
            "congress": 118,
            "introducedDate": "2024-03-22",
            "latestAction": {
                "actionDate": "2024-03-29",
                "text": "Referred to the Subcommittee on Health."
            },
            "number": "7814",
            "policyArea": {
                "name": "Taxation"
            },
            "title": "Dental Loan Repayment Assistance Act of 2024",
            "type": "HR",
            "url": "https://api.congress.gov/v3/bill/118/hr/7814?format=json"
        },
        {
            "congress": 118,
            "introducedDate": "2024-03-08",
            "latestAction": {
                "actionDate": "2024-06-04",
                "text": "Received in the Senate and Read twice and referred to the Committee on Homeland Security and Governmental Affairs."
            },
            "number": "7606",
            "policyArea": {
                "name": "Government Operations and Politics"
            },
            "title": "To designate the facility of the United States Postal Service located at 1087 Route 47 South in Rio Grande, New Jersey, as the \"Carlton H. Hand Post Office Building\".",
            "type": "HR",
            "url": "https://api.congress.gov/v3/bill/118/hr/7606?format=json"
        },
        {
            "congress": 118,
            "introducedDate": "2024-03-08",
            "latestAction": {
                "actionDate": "2024-06-04",
                "text": "Received in the Senate and Read twice and referred to the Committee on Homeland Security and Governmental Affairs."
            },
            "number": "7607",
            "policyArea": {
                "name": "Government Operations and Politics"
            },
            "title": "To designate the facility of the United States Postal Service located at Block 1025, Lots 18 & 19, Northeast Corner of US Route 9 South and Main Street in the Township of Middle, County of Cape May, New Jersey, as the \"George Henry White Post Office Building\".",
            "type": "HR",
            "url": "https://api.congress.gov/v3/bill/118/hr/7607?format=json"
        },
        {
            "congress": 118,
            "introducedDate": "2024-02-26",
            "latestAction": {
                "actionDate": "2024-02-27",
                "text": "Referred to the Subcommittee on Communications and Technology."
            },
            "number": "7461",
            "policyArea": {
                "name": "Science, Technology, Communications"
            },
            "title": "Broadband Equipment Rental Reform Act",
            "type": "HR",
            "url": "https://api.congress.gov/v3/bill/118/hr/7461?format=json"
        },
        {
            "congress": 118,
            "introducedDate": "2024-02-23",
            "latestAction": {
                "actionDate": "2024-02-23",
                "text": "Referred to the Subcommittee on Communications and Technology."
            },
            "number": "7452",
            "policyArea": {
                "name": "Science, Technology, Communications"
            },
            "title": "Local Telecom Expansion Act of 2024",
            "type": "HR",
            "url": "https://api.congress.gov/v3/bill/118/hr/7452?format=json"
        },
        {
            "congress": 118,
            "introducedDate": "2024-02-23",
            "latestAction": {
                "actionDate": "2024-02-23",
                "text": "Referred to the Subcommittee on Communications and Technology."
            },
            "number": "7453",
            "policyArea": {
                "name": "Science, Technology, Communications"
            },
            "title": "NO CAP Act",
            "type": "HR",
            "url": "https://api.congress.gov/v3/bill/118/hr/7453?format=json"
        },
        {
            "congress": 118,
            "introducedDate": "2024-02-15",
            "latestAction": {
                "actionDate": "2024-02-15",
                "text": "Referred to the House Committee on the Judiciary."
            },
            "number": "7398",
            "policyArea": {
                "name": "Labor and Employment"
            },
            "title": "Public Safety Free Speech Act",
            "type": "HR",
            "url": "https://api.congress.gov/v3/bill/118/hr/7398?format=json"
        },
        {
            "congress": 118,
            "introducedDate": "2024-02-15",
            "latestAction": {
                "actionDate": "2024-02-15",
                "text": "Referred to the House Committee on Oversight and Accountability."
            },
            "number": "7399",
            "policyArea": {
                "name": "Government Operations and Politics"
            },
            "title": "ACSE Act",
            "type": "HR",
            "url": "https://api.congress.gov/v3/bill/118/hr/7399?format=json"
        },
        {
            "congress": 118,
            "introducedDate": "2024-02-13",
            "latestAction": {
                "actionDate": "2024-05-16",
                "text": "Received in the Senate and Read twice and referred to the Committee on the Judiciary."
            },
            "number": "7343",
            "policyArea": {
                "name": "Immigration"
            },
            "title": "Detain and Deport Illegal Aliens Who Assault Cops Act",
            "type": "HR",
            "url": "https://api.congress.gov/v3/bill/118/hr/7343?format=json"
        },
        {
            "congress": 118,
            "introducedDate": "2024-02-07",
            "latestAction": {
                "actionDate": "2024-02-07",
                "text": "Referred to the House Committee on Natural Resources."
            },
            "number": "7303",
            "policyArea": {
                "name": "Government Operations and Politics"
            },
            "title": "Preserve Geographic Names Act",
            "type": "HR",
            "url": "https://api.congress.gov/v3/bill/118/hr/7303?format=json"
        },
        {
            "congress": 118,
            "introducedDate": "2024-02-01",
            "latestAction": {
                "actionDate": "2024-02-02",
                "text": "Referred to the Subcommittee on Health."
            },
            "number": "7215",
            "policyArea": {
                "name": "Health"
            },
            "title": "To express the sense of Congress that aliens who are present in the United States without lawful status under the immigration laws should not receive any benefit under the Medicare program or under the Medicaid program.",
            "type": "HR",
            "url": "https://api.congress.gov/v3/bill/118/hr/7215?format=json"
        },
        {
            "congress": 118,
            "introducedDate": "2023-12-11",
            "latestAction": {
                "actionDate": "2023-12-11",
                "text": "Referred to the House Committee on the Judiciary."
            },
            "number": "6714",
            "policyArea": {
                "name": "Law"
            },
            "title": "To provide remote access to court proceedings for victims of the 1988 Bombing of Pan Am Flight 103 over Lockerbie, Scotland.",
            "type": "HR",
            "url": "https://api.congress.gov/v3/bill/118/hr/6714?format=json"
        },
        {
            "congress": 118,
            "introducedDate": "2023-12-01",
            "latestAction": {
                "actionDate": "2023-12-01",
                "text": "Referred to the House Committee on Education and the Workforce."
            },
            "number": "6566",
            "policyArea": {
                "name": "Education"
            },
            "title": "Stronger Schools Act",
            "type": "HR",
            "url": "https://api.congress.gov/v3/bill/118/hr/6566?format=json"
        },
        {
            "congress": 118,
            "introducedDate": "2023-11-09",
            "latestAction": {
                "actionDate": "2023-11-09",
                "text": "Referred to the House Committee on Education and the Workforce."
            },
            "number": "6359",
            "policyArea": {
                "name": "Labor and Employment"
            },
            "title": "Guaranteeing Overtime for Truckers Act",
            "type": "HR",
            "url": "https://api.congress.gov/v3/bill/118/hr/6359?format=json"
        },
        {
            "congress": 118,
            "introducedDate": "2023-11-03",
            "latestAction": {
                "actionDate": "2023-11-10",
                "text": "Referred to the Subcommittee on Health."
            },
            "number": "6230",
            "policyArea": {
                "name": "Health"
            },
            "title": "Doctor Knows Best Act of 2023",
            "type": "HR",
            "url": "https://api.congress.gov/v3/bill/118/hr/6230?format=json"
        },
        {
            "congress": 118,
            "introducedDate": "2023-10-16",
            "latestAction": {
                "actionDate": "2023-10-25",
                "text": "Referred to the House Committee on Foreign Affairs."
            },
            "number": "789",
            "policyArea": {
                "name": "International Affairs"
            },
            "title": "Condemning the heinous actions of Hamas and affirming the support of the United States for Israel's right to exist and defend itself.",
            "type": "HRES",
            "url": "https://api.congress.gov/v3/bill/118/hres/789?format=json"
        },
        {
            "congress": 118,
            "introducedDate": "2023-09-29",
            "latestAction": {
                "actionDate": "2023-09-29",
                "text": "Referred to the House Committee on the Judiciary."
            },
            "number": "5857",
            "policyArea": {
                "name": "Immigration"
            },
            "title": "No IDs for Illegals Act",
            "type": "HR",
            "url": "https://api.congress.gov/v3/bill/118/hr/5857?format=json"
        },
        {
            "congress": 118,
            "introducedDate": "2023-09-28",
            "latestAction": {
                "actionDate": "2023-09-28",
                "text": "Referred to the House Committee on Appropriations."
            },
            "number": "5824",
            "policyArea": {
                "name": "Transportation and Public Works"
            },
            "title": "To provide for continued operation of the Federal Aviation Administration in the event of a lapse in appropriation.",
            "type": "HR",
            "url": "https://api.congress.gov/v3/bill/118/hr/5824?format=json"
        },
        {
            "congress": 118,
            "introducedDate": "2023-09-28",
            "latestAction": {
                "actionDate": "2023-09-28",
                "text": "Referred to the House Committee on Appropriations."
            },
            "number": "5823",
            "policyArea": {
                "name": "Transportation and Public Works"
            },
            "title": "To provide for continued operation of the Coast Guard in the event of a lapse in appropriation.",
            "type": "HR",
            "url": "https://api.congress.gov/v3/bill/118/hr/5823?format=json"
        },
        {
            "congress": 118,
            "introducedDate": "2023-07-26",
            "latestAction": {
                "actionDate": "2023-07-26",
                "text": "Referred to the House Committee on the Judiciary."
            },
            "number": "4951",
            "policyArea": {
                "name": "Crime and Law Enforcement"
            },
            "title": "Ensuring Justice for Victims of Terrorism Act",
            "type": "HR",
            "url": "https://api.congress.gov/v3/bill/118/hr/4951?format=json"
        },
        {
            "congress": 118,
            "introducedDate": "2023-05-02",
            "latestAction": {
                "actionDate": "2023-05-02",
                "text": "Referred to the House Committee on the Judiciary."
            },
            "number": "3076",
            "policyArea": {
                "name": "Armed Forces and National Security"
            },
            "title": "Andrew Thomas McCaffrey Green Star Veterans Service Act",
            "type": "HR",
            "url": "https://api.congress.gov/v3/bill/118/hr/3076?format=json"
        },
        {
            "congress": 118,
            "introducedDate": "2023-05-02",
            "latestAction": {
                "actionDate": "2023-05-05",
                "text": "Referred to the Subcommittee on Communications and Technology."
            },
            "number": "3075",
            "policyArea": {
                "name": "Science, Technology, Communications"
            },
            "title": "Veterans\u2019 Telecommunication Protection Act",
            "type": "HR",
            "url": "https://api.congress.gov/v3/bill/118/hr/3075?format=json"
        },
        {
            "congress": 118,
            "introducedDate": "2023-05-02",
            "latestAction": {
                "actionDate": "2023-06-29",
                "text": "Referred to the Subcommittee on Health."
            },
            "number": "3077",
            "policyArea": {
                "name": "Armed Forces and National Security"
            },
            "title": "Green Star Families Act",
            "type": "HR",
            "url": "https://api.congress.gov/v3/bill/118/hr/3077?format=json"
        },
        {
            "congress": 118,
            "introducedDate": "2023-04-06",
            "latestAction": {
                "actionDate": "2023-04-24",
                "text": "Referred to the Subcommittee on Economic Opportunity."
            },
            "number": "2541",
            "policyArea": {
                "name": "Crime and Law Enforcement"
            },
            "title": "Ensuring Safer Schools Act of 2023",
            "type": "HR",
            "url": "https://api.congress.gov/v3/bill/118/hr/2541?format=json"
        },
        {
            "congress": 118,
            "introducedDate": "2023-03-22",
            "latestAction": {
                "actionDate": "2023-03-22",
                "text": "Referred to the House Committee on Armed Services."
            },
            "number": "1728",
            "policyArea": {
                "name": "Armed Forces and National Security"
            },
            "title": "Agent Orange Service Medal Act",
            "type": "HR",
            "url": "https://api.congress.gov/v3/bill/118/hr/1728?format=json"
        },
        {
            "congress": 118,
            "introducedDate": "2023-03-21",
            "latestAction": {
                "actionDate": "2023-04-14",
                "text": "Referred to the Subcommittee on Energy and Mineral Resources."
            },
            "number": "239",
            "policyArea": {
                "name": "Energy"
            },
            "title": "Expressing the sense of the House of Representatives that offshore wind projects along the Atlantic coast require more comprehensive investigations examining the impact to the environment, relevant maritime industries, and national defense before being leased or constructed.",
            "type": "HRES",
            "url": "https://api.congress.gov/v3/bill/118/hres/239?format=json"
        },
        {
            "congress": 118,
            "introducedDate": "2023-01-24",
            "latestAction": {
                "actionDate": "2023-01-24",
                "text": "Referred to the House Committee on the Judiciary."
            },
            "number": "489",
            "policyArea": {
                "name": "Immigration"
            },
            "title": "Expedited Removal Codification Act of 2023",
            "type": "HR",
            "url": "https://api.congress.gov/v3/bill/118/hr/489?format=json"
        },
        {
            "congress": 118,
            "introducedDate": "2023-01-09",
            "latestAction": {
                "actionDate": "2023-01-09",
                "text": "Referred to the House Committee on Education and the Workforce."
            },
            "number": "216",
            "policyArea": {
                "name": "Education"
            },
            "title": "My Child, My Choice Act of 2023",
            "type": "HR",
            "url": "https://api.congress.gov/v3/bill/118/hr/216?format=json"
        },
        {
            "congress": 118,
            "introducedDate": "2023-01-09",
            "latestAction": {
                "actionDate": "2023-01-20",
                "text": "Referred to the Subcommittee on Innovation, Data, and Commerce."
            },
            "number": "217",
            "policyArea": {
                "name": "Commerce"
            },
            "title": "Country of Origin Labeling Requirement Act",
            "type": "HR",
            "url": "https://api.congress.gov/v3/bill/118/hr/217?format=json"
        },
        {
            "congress": 118,
            "introducedDate": "2023-01-09",
            "latestAction": {
                "actionDate": "2023-02-01",
                "text": "Referred to the Subcommittee on Aviation."
            },
            "number": "220",
            "policyArea": {
                "name": "Transportation and Public Works"
            },
            "title": "Advanced Aviation Act",
            "type": "HR",
            "url": "https://api.congress.gov/v3/bill/118/hr/220?format=json"
        },
        {
            "congress": 118,
            "introducedDate": "2023-01-09",
            "latestAction": {
                "actionDate": "2023-01-20",
                "text": "Referred to the Subcommittee on Health."
            },
            "number": "219",
            "policyArea": {
                "name": "Health"
            },
            "title": "No Patient Left Alone Act of 2023",
            "type": "HR",
            "url": "https://api.congress.gov/v3/bill/118/hr/219?format=json"
        },
        {
            "congress": 118,
            "introducedDate": "2023-01-09",
            "latestAction": {
                "actionDate": "2023-01-09",
                "text": "Referred to the House Committee on the Judiciary."
            },
            "number": "218",
            "policyArea": {
                "name": "Immigration"
            },
            "title": "Expedited Removal Codification Act of 2023",
            "type": "HR",
            "url": "https://api.congress.gov/v3/bill/118/hr/218?format=json"
        },
        {
            "amendmentNumber": "167",
            "congress": 118,
            "introducedDate": "2023-03-30",
            "latestAction": {
                "actionDate": "2023-03-30",
                "actionTime": "11:31:28",
                "text": "On agreeing to the Van Drew amendment (A036) Agreed to by recorded vote: 220 - 213 (Roll no. 180). (consideration: CR H1676-1677)"
            },
            "type": null,
            "url": "https://api.congress.gov/v3/amendment/118/hamdt/167?format=json"
        },
        {
            "congress": 117,
            "introducedDate": "2022-11-07",
            "latestAction": {
                "actionDate": "2022-11-07",
                "text": "Referred to the House Committee on Education and Labor."
            },
            "number": "9280",
            "policyArea": {
                "name": "Education"
            },
            "title": "To prohibit the provision of Federal funds to a local educational agency that imposes or enforces a COVID-19 vaccine mandate on students at the schools served by such agency.",
            "type": "HR",
            "url": "https://api.congress.gov/v3/bill/117/hr/9280?format=json"
        },
        {
            "congress": 117,
            "introducedDate": "2022-09-02",
            "latestAction": {
                "actionDate": "2022-09-02",
                "text": "Referred to the House Committee on Ways and Means."
            },
            "number": "8769",
            "policyArea": {
                "name": "Taxation"
            },
            "title": "IRS Reduction Act",
            "type": "HR",
            "url": "https://api.congress.gov/v3/bill/117/hr/8769?format=json"
        },
        {
            "congress": 117,
            "introducedDate": "2022-07-29",
            "latestAction": {
                "actionDate": "2022-11-01",
                "text": "Referred to the Subcommittee on Immigration and Citizenship."
            },
            "number": "8632",
            "policyArea": {
                "name": "Immigration"
            },
            "title": "No IDs for Illegals Act",
            "type": "HR",
            "url": "https://api.congress.gov/v3/bill/117/hr/8632?format=json"
        },
        {
            "congress": 117,
            "introducedDate": "2022-07-14",
            "latestAction": {
                "actionDate": "2022-07-14",
                "text": "Referred to the House Committee on Education and Labor."
            },
            "number": "8392",
            "policyArea": {
                "name": "Education"
            },
            "title": "Stronger Schools Act",
            "type": "HR",
            "url": "https://api.congress.gov/v3/bill/117/hr/8392?format=json"
        },
        {
            "congress": 117,
            "introducedDate": "2022-06-28",
            "latestAction": {
                "actionDate": "2022-06-28",
                "text": "Referred to the Subcommittee on Health."
            },
            "number": "8252",
            "policyArea": {
                "name": "Health"
            },
            "title": "No Patient Left Alone Act of 2022",
            "type": "HR",
            "url": "https://api.congress.gov/v3/bill/117/hr/8252?format=json"
        },
        {
            "congress": 117,
            "introducedDate": "2022-06-22",
            "latestAction": {
                "actionDate": "2022-11-01",
                "text": "Referred to the Subcommittee on Crime, Terrorism, and Homeland Security."
            },
            "number": "8192",
            "policyArea": {
                "name": "Crime and Law Enforcement"
            },
            "title": "Ensuring Safer Schools Act of 2022",
            "type": "HR",
            "url": "https://api.congress.gov/v3/bill/117/hr/8192?format=json"
        },
        {
            "congress": 117,
            "introducedDate": "2022-06-15",
            "latestAction": {
                "actionDate": "2022-11-01",
                "text": "Referred to the Subcommittee on Crime, Terrorism, and Homeland Security."
            },
            "number": "8093",
            "policyArea": {
                "name": "Transportation and Public Works"
            },
            "title": "Increasing Human Trafficking Awareness Act",
            "type": "HR",
            "url": "https://api.congress.gov/v3/bill/117/hr/8093?format=json"
        },
        {
            "congress": 117,
            "introducedDate": "2022-05-03",
            "latestAction": {
                "actionDate": "2022-05-03",
                "text": "Referred to the House Committee on Education and Labor."
            },
            "number": "7662",
            "policyArea": {
                "name": "Education"
            },
            "title": "My Child, My Choice Act of 2022",
            "type": "HR",
            "url": "https://api.congress.gov/v3/bill/117/hr/7662?format=json"
        },
        {
            "congress": 117,
            "introducedDate": "2022-03-03",
            "latestAction": {
                "actionDate": "2022-03-03",
                "text": "Referred to the House Committee on Ways and Means."
            },
            "number": "6939",
            "policyArea": {
                "name": "Foreign Trade and International Finance"
            },
            "title": "To prohibit the importation of oil and natural gas from the Russian Federation.",
            "type": "HR",
            "url": "https://api.congress.gov/v3/bill/117/hr/6939?format=json"
        },
        {
            "congress": 117,
            "introducedDate": "2022-02-22",
            "latestAction": {
                "actionDate": "2022-02-22",
                "text": "Referred to the House Committee on Financial Services."
            },
            "number": "6820",
            "policyArea": {
                "name": "Emergency Management"
            },
            "title": "CRISIS Act",
            "type": "HR",
            "url": "https://api.congress.gov/v3/bill/117/hr/6820?format=json"
        },
        {
            "congress": 117,
            "introducedDate": "2022-02-02",
            "latestAction": {
                "actionDate": "2022-02-02",
                "text": "Referred to the House Committee on House Administration."
            },
            "number": "6574",
            "policyArea": {
                "name": "Government Operations and Politics"
            },
            "title": "Protect Our Elections Act",
            "type": "HR",
            "url": "https://api.congress.gov/v3/bill/117/hr/6574?format=json"
        },
        {
            "congress": 117,
            "introducedDate": "2021-12-07",
            "latestAction": {
                "actionDate": "2021-12-08",
                "text": "Referred to the Subcommittee on Health."
            },
            "number": "6170",
            "policyArea": {
                "name": "Health"
            },
            "title": "No COVID\u201319 Vaccination Mandate Act of 2021",
            "type": "HR",
            "url": "https://api.congress.gov/v3/bill/117/hr/6170?format=json"
        },
        {
            "congress": 117,
            "introducedDate": "2021-10-20",
            "latestAction": {
                "actionDate": "2021-11-18",
                "text": "Received in the Senate and Read twice and referred to the Committee on Homeland Security and Governmental Affairs."
            },
            "number": "5652",
            "policyArea": {
                "name": "Government Operations and Politics"
            },
            "title": "DHS Acquisition Review Board Act of 2021",
            "type": "HR",
            "url": "https://api.congress.gov/v3/bill/117/hr/5652?format=json"
        },
        {
            "congress": 117,
            "introducedDate": "2021-09-30",
            "latestAction": {
                "actionDate": "2021-09-30",
                "text": "Referred to the House Committee on Financial Services."
            },
            "number": "5475",
            "policyArea": {
                "name": "Finance and Financial Sector"
            },
            "title": "Banking Privacy Act of 2021",
            "type": "HR",
            "url": "https://api.congress.gov/v3/bill/117/hr/5475?format=json"
        },
        {
            "congress": 117,
            "introducedDate": "2021-08-27",
            "latestAction": {
                "actionDate": "2021-08-27",
                "text": "Referred to the House Committee on the Judiciary."
            },
            "number": "49",
            "policyArea": {
                "name": "International Affairs"
            },
            "title": "Censuring and condemning President Joseph R. Biden.",
            "type": "HCONRES",
            "url": "https://api.congress.gov/v3/bill/117/hconres/49?format=json"
        },
        {
            "congress": 117,
            "introducedDate": "2021-08-13",
            "latestAction": {
                "actionDate": "2022-11-01",
                "text": "Referred to the Subcommittee on the Constitution, Civil Rights, and Civil Liberties."
            },
            "number": "5036",
            "policyArea": {
                "name": "Armed Forces and National Security"
            },
            "title": "To amend titles 36 and 38, United States Code, to direct the Secretary of Veterans Affairs to carry out actions for certain surviving family members of veterans deceased as the result of suicide, and for other purposes.",
            "type": "HR",
            "url": "https://api.congress.gov/v3/bill/117/hr/5036?format=json"
        },
        {
            "congress": 117,
            "introducedDate": "2021-08-06",
            "latestAction": {
                "actionDate": "2021-08-06",
                "text": "Referred to the House Committee on Armed Services."
            },
            "number": "4982",
            "policyArea": {
                "name": "Armed Forces and National Security"
            },
            "title": "Agent Orange Service Medal Act",
            "type": "HR",
            "url": "https://api.congress.gov/v3/bill/117/hr/4982?format=json"
        },
        {
            "congress": 117,
            "introducedDate": "2021-05-13",
            "latestAction": {
                "actionDate": "2021-05-28",
                "text": "Referred to the Subcommittee on Middle East, North Africa and Global Counterterrorism."
            },
            "number": "396",
            "policyArea": {
                "name": "International Affairs"
            },
            "title": "Condemning the deadly and indiscriminate rocket attacks perpetrated against Israel by Hamas beginning the week of May 9, 2021, and expressing that the United States must continue to invest in and support Israel's security and sovereignty.",
            "type": "HRES",
            "url": "https://api.congress.gov/v3/bill/117/hres/396?format=json"
        },
        {
            "congress": 117,
            "introducedDate": "2021-05-12",
            "latestAction": {
                "actionDate": "2021-05-12",
                "text": "Referred to the House Committee on Oversight and Reform."
            },
            "number": "3168",
            "policyArea": {
                "name": "Government Operations and Politics"
            },
            "title": "To designate the facility of the United States Postal Service located at 1087 Route 47 South in Rio Grande, New Jersey, as the \"Carlton H. Hand Post Office Building\".",
            "type": "HR",
            "url": "https://api.congress.gov/v3/bill/117/hr/3168?format=json"
        },
        {
            "congress": 117,
            "introducedDate": "2021-05-12",
            "latestAction": {
                "actionDate": "2021-05-12",
                "text": "Referred to the House Committee on Oversight and Reform."
            },
            "number": "3167",
            "policyArea": {
                "name": "Government Operations and Politics"
            },
            "title": "To designate the facility of the United States Postal Service located at Block 1025, Lots 18 & 19, Northeast Corner of US Route 9 South and Main Street in the Township of Middle, County of Cape May, New Jersey, as the \"George Henry White Post Office Building\".",
            "type": "HR",
            "url": "https://api.congress.gov/v3/bill/117/hr/3167?format=json"
        },
        {
            "congress": 117,
            "introducedDate": "2021-04-19",
            "latestAction": {
                "actionDate": "2021-04-20",
                "text": "Referred to the Subcommittee on Communications and Technology."
            },
            "number": "2665",
            "policyArea": {
                "name": "Science, Technology, Communications"
            },
            "title": "Local Telecom Expansion Act of 2021",
            "type": "HR",
            "url": "https://api.congress.gov/v3/bill/117/hr/2665?format=json"
        },
        {
            "congress": 117,
            "introducedDate": "2021-04-19",
            "latestAction": {
                "actionDate": "2021-04-20",
                "text": "Referred to the Subcommittee on Communications and Technology."
            },
            "number": "2667",
            "policyArea": {
                "name": "Science, Technology, Communications"
            },
            "title": "Broadband Equipment Rental Reform Act",
            "type": "HR",
            "url": "https://api.congress.gov/v3/bill/117/hr/2667?format=json"
        },
        {
            "congress": 117,
            "introducedDate": "2021-04-19",
            "latestAction": {
                "actionDate": "2021-04-20",
                "text": "Referred to the Subcommittee on Communications and Technology."
            },
            "number": "2666",
            "policyArea": {
                "name": "Science, Technology, Communications"
            },
            "title": "New Overages in Crisis Areas Prevention Act",
            "type": "HR",
            "url": "https://api.congress.gov/v3/bill/117/hr/2666?format=json"
        },
        {
            "congress": 117,
            "introducedDate": "2021-03-18",
            "latestAction": {
                "actionDate": "2021-03-19",
                "text": "Referred to the Subcommittee on Economic Development, Public Buildings, and Emergency Management."
            },
            "number": "256",
            "policyArea": {
                "name": "Congress"
            },
            "title": "Expressing the sense of the House of Representatives that the fencing installed around the perimeter of the United States Capitol should be removed and the mission of the National Guard in the District of Columbia in response to the attacks on the Capitol on January 6, 2021, should be ended.",
            "type": "HRES",
            "url": "https://api.congress.gov/v3/bill/117/hres/256?format=json"
        },
        {
            "congress": 117,
            "introducedDate": "2021-03-08",
            "latestAction": {
                "actionDate": "2021-03-08",
                "text": "Referred to the House Committee on Foreign Affairs."
            },
            "number": "197",
            "policyArea": {
                "name": "International Affairs"
            },
            "title": "Expressing the sense of the Congress with respect to the export of COVID-19 vaccines to foreign countries.",
            "type": "HRES",
            "url": "https://api.congress.gov/v3/bill/117/hres/197?format=json"
        },
        {
            "congress": 117,
            "introducedDate": "2021-03-08",
            "latestAction": {
                "actionDate": "2021-03-08",
                "text": "Referred to the House Committee on House Administration."
            },
            "number": "1662",
            "policyArea": {
                "name": "Government Operations and Politics"
            },
            "title": "UPDATE Act",
            "type": "HR",
            "url": "https://api.congress.gov/v3/bill/117/hr/1662?format=json"
        },
        {
            "congress": 117,
            "introducedDate": "2021-03-02",
            "latestAction": {
                "actionDate": "2021-05-18",
                "text": "Referred to the Subcommittee on Crime, Terrorism, and Homeland Security."
            },
            "number": "1526",
            "policyArea": {
                "name": "Government Operations and Politics"
            },
            "title": "American Flag Production Act of 2021",
            "type": "HR",
            "url": "https://api.congress.gov/v3/bill/117/hr/1526?format=json"
        },
        {
            "congress": 117,
            "introducedDate": "2021-02-25",
            "latestAction": {
                "actionDate": "2021-02-26",
                "text": "Referred to the Subcommittee on Consumer Protection and Commerce."
            },
            "number": "1386",
            "policyArea": {
                "name": "Commerce"
            },
            "title": "Country of Origin Labeling Requirement Act",
            "type": "HR",
            "url": "https://api.congress.gov/v3/bill/117/hr/1386?format=json"
        },
        {
            "congress": 117,
            "introducedDate": "2021-02-18",
            "latestAction": {
                "actionDate": "2021-02-19",
                "text": "Referred to the Subcommittee on Health."
            },
            "number": "1186",
            "policyArea": {
                "name": "Health"
            },
            "title": "Supply Chain Security and Pharmaceutical Authentication Act of 2021",
            "type": "HR",
            "url": "https://api.congress.gov/v3/bill/117/hr/1186?format=json"
        },
        {
            "congress": 117,
            "introducedDate": "2021-02-03",
            "latestAction": {
                "actionDate": "2021-02-04",
                "text": "Referred to the Subcommittee on Communications and Technology."
            },
            "number": "781",
            "policyArea": {
                "name": "Science, Technology, Communications"
            },
            "title": "Veterans\u2019 Telecommunication Protection Act",
            "type": "HR",
            "url": "https://api.congress.gov/v3/bill/117/hr/781?format=json"
        },
        {
            "congress": 116,
            "introducedDate": "2020-12-08",
            "latestAction": {
                "actionDate": "2020-12-08",
                "text": "Referred to the House Committee on Energy and Commerce."
            },
            "number": "8905",
            "policyArea": {
                "name": "Health"
            },
            "title": "Supply Chain Security and Pharmaceutical Authentication Act of 2020",
            "type": "HR",
            "url": "https://api.congress.gov/v3/bill/116/hr/8905?format=json"
        },
        {
            "congress": 116,
            "introducedDate": "2020-10-02",
            "latestAction": {
                "actionDate": "2020-10-05",
                "text": "Referred to the Subcommittee on Aviation."
            },
            "number": "8526",
            "policyArea": {
                "name": "Transportation and Public Works"
            },
            "title": "HSAT Act",
            "type": "HR",
            "url": "https://api.congress.gov/v3/bill/116/hr/8526?format=json"
        },
        {
            "congress": 116,
            "introducedDate": "2020-09-24",
            "latestAction": {
                "actionDate": "2020-09-24",
                "text": "Referred to the Committee on Education and Labor, and in addition to the Committees on Financial Services, and Ways and Means, for a period to be subsequently determined by the Speaker, in each case for consideration of such provisions as fall within the jurisdiction of the committee concerned."
            },
            "number": "8393",
            "policyArea": {
                "name": "Education"
            },
            "title": "Frontline Health Care Worker Student Loan Assistance Act of 2020",
            "type": "HR",
            "url": "https://api.congress.gov/v3/bill/116/hr/8393?format=json"
        },
        {
            "congress": 116,
            "introducedDate": "2020-09-22",
            "latestAction": {
                "actionDate": "2020-09-22",
                "text": "Referred to the Committee on Education and Labor, and in addition to the Committees on Ways and Means, Energy and Commerce, Veterans' Affairs, Oversight and Reform, and House Administration, for a period to be subsequently determined by the Speaker, in each case for consideration of such provisions as fall within the jurisdiction of the committee concerned."
            },
            "number": "8349",
            "policyArea": {
                "name": "Labor and Employment"
            },
            "title": "Hazard Pay for Essential Workers Act of 2020",
            "type": "HR",
            "url": "https://api.congress.gov/v3/bill/116/hr/8349?format=json"
        },
        {
            "congress": 116,
            "introducedDate": "2020-07-22",
            "latestAction": {
                "actionDate": "2020-07-22",
                "text": "Referred to the House Committee on Education and Labor."
            },
            "number": "7731",
            "policyArea": {
                "name": "Labor and Employment"
            },
            "title": "Workforce Recovery and Training Services Act of 2020",
            "type": "HR",
            "url": "https://api.congress.gov/v3/bill/116/hr/7731?format=json"
        },
        {
            "congress": 116,
            "introducedDate": "2020-06-26",
            "latestAction": {
                "actionDate": "2020-06-26",
                "text": "Referred to the Committee on Oversight and Reform, and in addition to the Committee on the Judiciary, for a period to be subsequently determined by the Speaker, in each case for consideration of such provisions as fall within the jurisdiction of the committee concerned."
            },
            "number": "7395",
            "policyArea": {
                "name": "Government Operations and Politics"
            },
            "title": "American Flag Production Act of 2020",
            "type": "HR",
            "url": "https://api.congress.gov/v3/bill/116/hr/7395?format=json"
        },
        {
            "congress": 116,
            "introducedDate": "2020-06-15",
            "latestAction": {
                "actionDate": "2020-06-15",
                "text": "Referred to the House Committee on Oversight and Reform."
            },
            "number": "7229",
            "policyArea": {
                "name": "Government Operations and Politics"
            },
            "title": "To designate the facility of the United States Postal Service located at 1087 Route 47 South in Rio Grande, New Jersey, as the \"Carlton H. Hand Post Office Building\".",
            "type": "HR",
            "url": "https://api.congress.gov/v3/bill/116/hr/7229?format=json"
        },
        {
            "congress": 116,
            "introducedDate": "2020-06-15",
            "latestAction": {
                "actionDate": "2020-06-15",
                "text": "Referred to the House Committee on Oversight and Reform."
            },
            "number": "7230",
            "policyArea": {
                "name": "Government Operations and Politics"
            },
            "title": "To designate the facility of the United States Postal Service located at Block 1025, Lots 18 & 19, Northeast Corner of US Route 9 South and Main Street in the Township of Middle, County of Cape May, New Jersey, as the \"George Henry White Post Office Building\".",
            "type": "HR",
            "url": "https://api.congress.gov/v3/bill/116/hr/7230?format=json"
        },
        {
            "congress": 116,
            "introducedDate": "2020-01-27",
            "latestAction": {
                "actionDate": "2020-01-29",
                "text": "Ordered to be Reported (Amended)."
            },
            "number": "5678",
            "policyArea": {
                "name": "Government Operations and Politics"
            },
            "title": "Privacy Office Enhancement Act",
            "type": "HR",
            "url": "https://api.congress.gov/v3/bill/116/hr/5678?format=json"
        },
        {
            "congress": 116,
            "introducedDate": "2019-12-03",
            "latestAction": {
                "actionDate": "2019-12-04",
                "text": "Referred to the Subcommittee on Health."
            },
            "number": "5291",
            "policyArea": {
                "name": "Health"
            },
            "title": "Fair Indexing for Health Care Affordability Act",
            "type": "HR",
            "url": "https://api.congress.gov/v3/bill/116/hr/5291?format=json"
        },
        {
            "congress": 116,
            "introducedDate": "2019-11-26",
            "latestAction": {
                "actionDate": "2019-11-26",
                "text": "Referred to the House Committee on Appropriations."
            },
            "number": "5274",
            "policyArea": {
                "name": "Transportation and Public Works"
            },
            "title": "Pay Our Coast Guard Act of 2020",
            "type": "HR",
            "url": "https://api.congress.gov/v3/bill/116/hr/5274?format=json"
        },
        {
            "congress": 116,
            "introducedDate": "2019-11-26",
            "latestAction": {
                "actionDate": "2019-11-26",
                "text": "Referred to the House Committee on Appropriations."
            },
            "number": "5275",
            "policyArea": {
                "name": "Transportation and Public Works"
            },
            "title": "Keep the William J. Hughes Technical Center Funded for FY 2020 Act",
            "type": "HR",
            "url": "https://api.congress.gov/v3/bill/116/hr/5275?format=json"
        },
        {
            "congress": 116,
            "introducedDate": "2019-10-29",
            "latestAction": {
                "actionDate": "2019-10-30",
                "text": "Referred to the Subcommittee on Economic Development, Public Buildings, and Emergency Management."
            },
            "number": "4912",
            "policyArea": {
                "name": "Emergency Management"
            },
            "title": "NO CLAWS Act",
            "type": "HR",
            "url": "https://api.congress.gov/v3/bill/116/hr/4912?format=json"
        },
        {
            "congress": 116,
            "introducedDate": "2019-10-21",
            "latestAction": {
                "actionDate": "2019-10-21",
                "text": "Referred to the House Committee on House Administration."
            },
            "number": "4777",
            "policyArea": {
                "name": "Government Operations and Politics"
            },
            "title": "Protect our Elections Act",
            "type": "HR",
            "url": "https://api.congress.gov/v3/bill/116/hr/4777?format=json"
        },
        {
            "congress": 116,
            "introducedDate": "2019-09-12",
            "latestAction": {
                "actionDate": "2019-09-25",
                "text": "Referred to the Subcommittee on Commodity Exchanges, Energy, and Credit."
            },
            "number": "4325",
            "policyArea": {
                "name": "Finance and Financial Sector"
            },
            "title": "To amend the Commodity Exchange Act to clarify treatment of privileged information after disclosure to the Commodity Futures Trading Commission, and for other purposes.",
            "type": "HR",
            "url": "https://api.congress.gov/v3/bill/116/hr/4325?format=json"
        },
        {
            "congress": 116,
            "introducedDate": "2019-08-06",
            "latestAction": {
                "actionDate": "2019-08-07",
                "text": "Referred to the Subcommittee on Energy."
            },
            "number": "4175",
            "policyArea": {
                "name": "Energy"
            },
            "title": "Promoting Renewable Energy with Shared Solar Act of 2019",
            "type": "HR",
            "url": "https://api.congress.gov/v3/bill/116/hr/4175?format=json"
        },
        {
            "congress": 116,
            "introducedDate": "2019-06-11",
            "latestAction": {
                "actionDate": "2019-11-08",
                "text": "Placed on the Union Calendar, Calendar No. 222."
            },
            "number": "3195",
            "policyArea": {
                "name": "Public Lands and Natural Resources"
            },
            "title": "Land and Water Conservation Fund Permanent Funding Act",
            "type": "HR",
            "url": "https://api.congress.gov/v3/bill/116/hr/3195?format=json"
        },
        {
            "congress": 116,
            "introducedDate": "2019-05-30",
            "latestAction": {
                "actionDate": "2019-05-30",
                "text": "Referred to the House Committee on Ways and Means."
            },
            "number": "3051",
            "policyArea": {
                "name": "Taxation"
            },
            "title": "CLEANER Buildings Act",
            "type": "HR",
            "url": "https://api.congress.gov/v3/bill/116/hr/3051?format=json"
        },
        {
            "congress": 116,
            "introducedDate": "2019-05-10",
            "latestAction": {
                "actionDate": "2019-06-13",
                "text": "Subcommittee Hearings Held."
            },
            "number": "2685",
            "policyArea": {
                "name": "Animals"
            },
            "title": "Wild Bird Conservation Reauthorization Act of 2019",
            "type": "HR",
            "url": "https://api.congress.gov/v3/bill/116/hr/2685?format=json"
        },
        {
            "amendmentNumber": "193",
            "congress": 116,
            "introducedDate": "2019-05-02",
            "latestAction": {
                "actionDate": "2019-05-02",
                "actionTime": "11:43:05",
                "text": "On agreeing to the Van Drew amendment (A025) Agreed to by recorded vote: 257 - 167 (Roll no. 181). "
            },
            "type": null,
            "url": "https://api.congress.gov/v3/amendment/116/hamdt/193?format=json"
        },
        {
            "congress": 116,
            "introducedDate": "2019-04-12",
            "latestAction": {
                "actionDate": "2019-04-12",
                "text": "Referred to the House Committee on Education and Labor."
            },
            "number": "2321",
            "policyArea": {
                "name": "Education"
            },
            "title": "Understanding the True Cost of College Act of 2019",
            "type": "HR",
            "url": "https://api.congress.gov/v3/bill/116/hr/2321?format=json"
        },
        {
            "congress": 116,
            "introducedDate": "2019-03-06",
            "latestAction": {
                "actionDate": "2019-04-30",
                "text": "Subcommittee Hearings Held."
            },
            "number": "1575",
            "policyArea": {
                "name": "Science, Technology, Communications"
            },
            "title": "Robocall Enforcement Enhancement Act of 2019",
            "type": "HR",
            "url": "https://api.congress.gov/v3/bill/116/hr/1575?format=json"
        },
        {
            "amendmentNumber": "53",
            "congress": 116,
            "introducedDate": "2019-02-28",
            "latestAction": {
                "actionDate": "2019-02-28",
                "actionTime": "11:28:01",
                "text": "On agreeing to the Van Drew amendment (A005) Agreed to by recorded vote: 234 - 193 (Roll no. 101). "
            },
            "type": null,
            "url": "https://api.congress.gov/v3/amendment/116/hamdt/53?format=json"
        },
        {
            "amendmentNumber": "47",
            "congress": 116,
            "introducedDate": "2019-02-27",
            "latestAction": {
                "actionDate": "2019-02-27",
                "actionTime": "14:29:09",
                "text": "On agreeing to the Van Drew amendment (A004) Agreed to by voice vote. "
            },
            "type": null,
            "url": "https://api.congress.gov/v3/amendment/116/hamdt/47?format=json"
        },
        {
            "congress": 116,
            "introducedDate": "2019-02-11",
            "latestAction": {
                "actionDate": "2019-04-02",
                "text": "Subcommittee Hearings Held."
            },
            "number": "1149",
            "policyArea": {
                "name": "Energy"
            },
            "title": "Atlantic Coastal Economies Protection Act",
            "type": "HR",
            "url": "https://api.congress.gov/v3/bill/116/hr/1149?format=json"
        },
        {
            "congress": 116,
            "introducedDate": "2019-01-09",
            "latestAction": {
                "actionDate": "2019-01-09",
                "text": "Referred to the House Committee on Appropriations."
            },
            "number": "419",
            "policyArea": {
                "name": "Transportation and Public Works"
            },
            "title": "To make continuing appropriations for the Federal Aviation Administration for fiscal year 2019.",
            "type": "HR",
            "url": "https://api.congress.gov/v3/bill/116/hr/419?format=json"
        },
        {
            "congress": 116,
            "introducedDate": "2019-01-08",
            "latestAction": {
                "actionDate": "2019-01-08",
                "text": "Referred to the House Committee on Appropriations."
            },
            "number": "350",
            "policyArea": {
                "name": "Transportation and Public Works"
            },
            "title": "Pay Our Coast Guard Act",
            "type": "HR",
            "url": "https://api.congress.gov/v3/bill/116/hr/350?format=json"
        }
    ]
}