{
    "pagination": {
        "count": 49
    },
    "request": {
        "bioguideId": "c001107",
        "contentType": "application/json",
        "format": "json"
    },
    "sponsoredLegislation": [
        {
            "congress": 115,
            "introducedDate": "2018-10-02",
            "latestAction": {
                "actionDate": "2018-10-15",
                "text": "Referred to the Subcommittee on Trade."
            },
            "number": "7015",
            "policyArea": {
                "name": "Foreign Trade and International Finance"
            },
            "title": "Agricultural Trade Improvement Act of 2018",
            "type": "HR",
            "url": "https://api.congress.gov/v3/bill/115/hr/7015?format=json"
        },
        {
            "congress": 115,
            "introducedDate": "2018-07-23",
            "latestAction": {
                "actionDate": "2018-08-16",
                "text": "Referred to the Subcommittee on Commodity Exchanges, Energy, and Credit."
            },
            "number": "6463",
            "policyArea": {
                "name": "Taxation"
            },
            "title": "MARKET CHOICE Act",
            "type": "HR",
            "url": "https://api.congress.gov/v3/bill/115/hr/6463?format=json"
        },
        {
            "congress": 115,
            "introducedDate": "2018-05-16",
            "latestAction": {
                "actionDate": "2018-06-04",
                "text": "Referred to the Subcommittee on Human Resources."
            },
            "number": "5847",
            "policyArea": {
                "name": "Social Welfare"
            },
            "title": "Protecting Family Resources and Training Options Act",
            "type": "HR",
            "url": "https://api.congress.gov/v3/bill/115/hr/5847?format=json"
        },
        {
            "congress": 115,
            "introducedDate": "2018-05-11",
            "latestAction": {
                "actionDate": "2018-06-20",
                "text": "Received in the Senate and Read twice and referred to the Committee on Finance."
            },
            "number": "5774",
            "policyArea": {
                "name": "Health"
            },
            "title": "COACH Act of 2018",
            "type": "HR",
            "url": "https://api.congress.gov/v3/bill/115/hr/5774?format=json"
        },
        {
            "congress": 115,
            "introducedDate": "2018-05-08",
            "latestAction": {
                "actionDate": "2018-05-16",
                "text": "Referred to the Subcommittee on Health."
            },
            "number": "5699",
            "policyArea": {
                "name": "Health"
            },
            "title": "HOST Act of 2018",
            "type": "HR",
            "url": "https://api.congress.gov/v3/bill/115/hr/5699?format=json"
        },
        {
            "congress": 115,
            "introducedDate": "2018-03-22",
            "latestAction": {
                "actionDate": "2018-03-22",
                "text": "Referred to the House Committee on Ways and Means."
            },
            "number": "5382",
            "policyArea": {
                "name": "Taxation"
            },
            "title": "Marjory Stoneman Douglas High School Family Support Act of 2018",
            "type": "HR",
            "url": "https://api.congress.gov/v3/bill/115/hr/5382?format=json"
        },
        {
            "congress": 115,
            "introducedDate": "2018-03-07",
            "latestAction": {
                "actionDate": "2018-04-18",
                "text": "Received in the Senate and Read twice and referred to the Committee on Finance."
            },
            "number": "5192",
            "policyArea": {
                "name": "Commerce"
            },
            "title": "Protecting Children from Identity Theft Act",
            "type": "HR",
            "url": "https://api.congress.gov/v3/bill/115/hr/5192?format=json"
        },
        {
            "congress": 115,
            "introducedDate": "2018-01-16",
            "latestAction": {
                "actionDate": "2018-01-16",
                "actionTime": "19:09:00",
                "text": "Motion to reconsider laid on the table Agreed to without objection."
            },
            "number": "695",
            "policyArea": {
                "name": "Congress"
            },
            "title": "Electing Members to certain standing committees of the House of Representatives.",
            "type": "HRES",
            "url": "https://api.congress.gov/v3/bill/115/hres/695?format=json"
        },
        {
            "congress": 115,
            "introducedDate": "2017-12-12",
            "latestAction": {
                "actionDate": "2017-12-15",
                "text": "Referred to the Subcommittee on Health."
            },
            "number": "4619",
            "policyArea": {
                "name": "Health"
            },
            "title": "To amend the Patient Protection and Affordable Care Act to provide temporary relief from the annual fee imposed on health insurance providers, to the extent that such fee is due to Puerto Rican health insurance.",
            "type": "HR",
            "url": "https://api.congress.gov/v3/bill/115/hr/4619?format=json"
        },
        {
            "congress": 115,
            "introducedDate": "2017-11-15",
            "latestAction": {
                "actionDate": "2017-11-16",
                "text": "Referred to the Subcommittee on Economic Development, Public Buildings and Emergency Management."
            },
            "number": "624",
            "policyArea": {
                "name": "Congress"
            },
            "title": "Expressing support for the designation of room G2-24 of the Rayburn House Office Building as the \"Stephen D. Vermillion, III, Room\".",
            "type": "HRES",
            "url": "https://api.congress.gov/v3/bill/115/hres/624?format=json"
        },
        {
            "congress": 115,
            "introducedDate": "2017-10-31",
            "latestAction": {
                "actionDate": "2017-11-17",
                "text": "Referred to the Subcommittee on Immigration and Border Security."
            },
            "number": "4184",
            "policyArea": {
                "name": "Immigration"
            },
            "title": "ESPERER Act of 2017",
            "type": "HR",
            "url": "https://api.congress.gov/v3/bill/115/hr/4184?format=json"
        },
        {
            "congress": 115,
            "introducedDate": "2017-10-10",
            "latestAction": {
                "actionDate": "2017-10-19",
                "text": "Referred to the Subcommittee on Crime, Terrorism, Homeland Security, and Investigations."
            },
            "number": "3999",
            "policyArea": {
                "name": "Crime and Law Enforcement"
            },
            "title": "To amend title 18, United States Code, to prohibit the manufacture, possession, or transfer of any part or combination of parts that is designed and functions to increase the rate of fire of a semiautomatic rifle but does not convert the semiautomatic rifle into a machinegun, and for other purposes.",
            "type": "HR",
            "url": "https://api.congress.gov/v3/bill/115/hr/3999?format=json"
        },
        {
            "congress": 115,
            "introducedDate": "2017-08-18",
            "latestAction": {
                "actionDate": "2017-08-18",
                "text": "Referred to the House Committee on Ways and Means."
            },
            "number": "3659",
            "policyArea": {
                "name": "Taxation"
            },
            "title": "Fair Accounting for Condominium Construction Act",
            "type": "HR",
            "url": "https://api.congress.gov/v3/bill/115/hr/3659?format=json"
        },
        {
            "congress": 115,
            "introducedDate": "2017-06-27",
            "latestAction": {
                "actionDate": "2017-06-30",
                "text": "Referred to the Subcommittee on Health."
            },
            "number": "3073",
            "policyArea": {
                "name": "Government Operations and Politics"
            },
            "title": "Mental Health Awareness Semipostal Stamp Act",
            "type": "HR",
            "url": "https://api.congress.gov/v3/bill/115/hr/3073?format=json"
        },
        {
            "congress": 115,
            "introducedDate": "2017-06-15",
            "latestAction": {
                "actionDate": "2018-04-18",
                "actionTime": "18:20:49",
                "text": "Pursuant to the provisions of H. Res. 831, H.R. 2901 is laid on the table."
            },
            "number": "2901",
            "policyArea": {
                "name": "Taxation"
            },
            "title": "Volunteer Income Tax Assistance Permanence Act of 2017",
            "type": "HR",
            "url": "https://api.congress.gov/v3/bill/115/hr/2901?format=json"
        },
        {
            "congress": 115,
            "introducedDate": "2017-06-08",
            "latestAction": {
                "actionDate": "2017-06-26",
                "text": "Received in the Senate and Read twice and referred to the Committee on Finance."
            },
            "number": "2842",
            "policyArea": {
                "name": "Social Welfare"
            },
            "title": "Accelerating Individuals into the Workforce Act",
            "type": "HR",
            "url": "https://api.congress.gov/v3/bill/115/hr/2842?format=json"
        },
        {
            "congress": 115,
            "introducedDate": "2017-05-23",
            "latestAction": {
                "actionDate": "2017-06-07",
                "text": "Referred to the Subcommittee on Energy and Mineral Resources."
            },
            "number": "2607",
            "policyArea": {
                "name": "Public Lands and Natural Resources"
            },
            "title": "Flood Protection Act",
            "type": "HR",
            "url": "https://api.congress.gov/v3/bill/115/hr/2607?format=json"
        },
        {
            "congress": 115,
            "introducedDate": "2017-04-26",
            "latestAction": {
                "actionDate": "2017-05-03",
                "text": "Referred to the Subcommittee on Immigration and Border Security."
            },
            "number": "2161",
            "policyArea": {
                "name": "Immigration"
            },
            "title": "Venezuelan Refugee Assistance Act",
            "type": "HR",
            "url": "https://api.congress.gov/v3/bill/115/hr/2161?format=json"
        },
        {
            "congress": 115,
            "introducedDate": "2017-04-06",
            "latestAction": {
                "actionDate": "2017-04-06",
                "text": "Referred to the House Committee on Ways and Means."
            },
            "number": "2011",
            "policyArea": {
                "name": "Taxation"
            },
            "title": "Carbon Capture Improvement Act of 2017",
            "type": "HR",
            "url": "https://api.congress.gov/v3/bill/115/hr/2011?format=json"
        },
        {
            "congress": 115,
            "introducedDate": "2017-03-30",
            "latestAction": {
                "actionDate": "2017-03-30",
                "text": "Referred to the House Committee on Ways and Means."
            },
            "number": "1810",
            "policyArea": {
                "name": "Taxation"
            },
            "title": "Small Business Tax Equity Act of 2017",
            "type": "HR",
            "url": "https://api.congress.gov/v3/bill/115/hr/1810?format=json"
        },
        {
            "congress": 115,
            "introducedDate": "2017-03-09",
            "latestAction": {
                "actionDate": "2017-03-22",
                "text": "Referred to the Subcommittee on Counterterrorism and Intelligence."
            },
            "number": "1468",
            "policyArea": {
                "name": "Immigration"
            },
            "title": "Recognizing America's Children Act",
            "type": "HR",
            "url": "https://api.congress.gov/v3/bill/115/hr/1468?format=json"
        },
        {
            "congress": 115,
            "introducedDate": "2017-03-07",
            "latestAction": {
                "actionDate": "2017-03-07",
                "text": "Referred to the House Committee on Financial Services."
            },
            "number": "1401",
            "policyArea": {
                "name": "Finance and Financial Sector"
            },
            "title": "Flood Insurance Fairness Act of 2017",
            "type": "HR",
            "url": "https://api.congress.gov/v3/bill/115/hr/1401?format=json"
        },
        {
            "congress": 115,
            "introducedDate": "2017-02-28",
            "latestAction": {
                "actionDate": "2017-03-08",
                "text": "Referred to the Subcommittee on Health."
            },
            "number": "1246",
            "policyArea": {
                "name": "Health"
            },
            "title": "Territory Health Insurance Tax Relief Act of 2017",
            "type": "HR",
            "url": "https://api.congress.gov/v3/bill/115/hr/1246?format=json"
        },
        {
            "congress": 115,
            "introducedDate": "2017-02-07",
            "latestAction": {
                "actionDate": "2017-02-23",
                "text": "Referred to the Subcommittee on Water, Power and Oceans."
            },
            "number": "943",
            "policyArea": {
                "name": "Public Lands and Natural Resources"
            },
            "title": "Finding Innovative Lionfish Elimination Technologies Act of 2017",
            "type": "HR",
            "url": "https://api.congress.gov/v3/bill/115/hr/943?format=json"
        },
        {
            "congress": 115,
            "introducedDate": "2017-01-12",
            "latestAction": {
                "actionDate": "2017-01-13",
                "text": "Referred to the Subcommittee on Coast Guard and Maritime Transportation."
            },
            "number": "468",
            "policyArea": {
                "name": "Environmental Protection"
            },
            "title": "Foreign Spill Protection Act of 2017",
            "type": "HR",
            "url": "https://api.congress.gov/v3/bill/115/hr/468?format=json"
        },
        {
            "congress": 114,
            "introducedDate": "2016-12-07",
            "latestAction": {
                "actionDate": "2016-12-07",
                "text": "Referred to the House Committee on Education and the Workforce."
            },
            "number": "6459",
            "policyArea": {
                "name": "Crime and Law Enforcement"
            },
            "title": "Supporting Youth Opportunity and Preventing Delinquency Act of 2016",
            "type": "HR",
            "url": "https://api.congress.gov/v3/bill/114/hr/6459?format=json"
        },
        {
            "congress": 114,
            "introducedDate": "2016-09-28",
            "latestAction": {
                "actionDate": "2016-09-28",
                "text": "Referred to the House Committee on Oversight and Government Reform."
            },
            "number": "902",
            "policyArea": {
                "name": "Sports and Recreation"
            },
            "title": "Recognizing and honoring the life of Jose Fernandez.",
            "type": "HRES",
            "url": "https://api.congress.gov/v3/bill/114/hres/902?format=json"
        },
        {
            "congress": 114,
            "introducedDate": "2016-09-14",
            "latestAction": {
                "actionDate": "2016-09-20",
                "text": "Referred to the Subcommittee on Health."
            },
            "number": "6023",
            "policyArea": {
                "name": "Health"
            },
            "title": "Territory Health Insurance Tax Relief Act of 2016",
            "type": "HR",
            "url": "https://api.congress.gov/v3/bill/114/hr/6023?format=json"
        },
        {
            "congress": 114,
            "introducedDate": "2016-09-09",
            "latestAction": {
                "actionDate": "2016-09-09",
                "text": "Referred to the House Committee on Small Business."
            },
            "number": "5986",
            "policyArea": {
                "name": "Commerce"
            },
            "title": "Small Business Relief from Disease Induced Economic Hardship Act of 2016",
            "type": "HR",
            "url": "https://api.congress.gov/v3/bill/114/hr/5986?format=json"
        },
        {
            "congress": 114,
            "introducedDate": "2016-09-08",
            "latestAction": {
                "actionDate": "2016-09-27",
                "text": "Read twice. Placed on Senate Legislative Calendar under General Orders. Calendar No. 649."
            },
            "number": "5963",
            "policyArea": {
                "name": "Crime and Law Enforcement"
            },
            "title": "Supporting Youth Opportunity and Preventing Delinquency Act of 2016",
            "type": "HR",
            "url": "https://api.congress.gov/v3/bill/114/hr/5963?format=json"
        },
        {
            "congress": 114,
            "introducedDate": "2016-07-12",
            "latestAction": {
                "actionDate": "2016-07-12",
                "text": "Referred to the House Committee on Ways and Means."
            },
            "number": "5736",
            "policyArea": {
                "name": "Taxation"
            },
            "title": "Taxpayer Identity Protection and Alert Act of 2016",
            "type": "HR",
            "url": "https://api.congress.gov/v3/bill/114/hr/5736?format=json"
        },
        {
            "congress": 114,
            "introducedDate": "2016-06-24",
            "latestAction": {
                "actionDate": "2016-07-20",
                "text": "Referred to the Subcommittee on Crime, Terrorism, Homeland Security, and Investigations."
            },
            "number": "5576",
            "policyArea": {
                "name": "Crime and Law Enforcement"
            },
            "title": "To authorize the Attorney General to deny the transfer of firearms and explosives and Federal firearms and explosives licenses and permits to known or suspected terrorists.",
            "type": "HR",
            "url": "https://api.congress.gov/v3/bill/114/hr/5576?format=json"
        },
        {
            "congress": 114,
            "introducedDate": "2016-06-20",
            "latestAction": {
                "actionDate": "2016-07-05",
                "text": "Referred to the Subcommittee on Human Resources."
            },
            "number": "5533",
            "policyArea": {
                "name": "Immigration"
            },
            "title": "Recognizing American Children Act",
            "type": "HR",
            "url": "https://api.congress.gov/v3/bill/114/hr/5533?format=json"
        },
        {
            "congress": 114,
            "introducedDate": "2016-05-19",
            "latestAction": {
                "actionDate": "2016-05-20",
                "text": "Referred to the Subcommittee on Aviation."
            },
            "number": "5292",
            "policyArea": {
                "name": "Transportation and Public Works"
            },
            "title": "Air Traffic Controller Hiring Improvement Act of 2016",
            "type": "HR",
            "url": "https://api.congress.gov/v3/bill/114/hr/5292?format=json"
        },
        {
            "congress": 114,
            "introducedDate": "2016-05-10",
            "latestAction": {
                "actionDate": "2016-05-11",
                "text": "Referred to the Subcommittee on Economic Development, Public Buildings and Emergency Management."
            },
            "number": "5177",
            "policyArea": {
                "name": "Emergency Management"
            },
            "title": "National Mitigation Investment Act",
            "type": "HR",
            "url": "https://api.congress.gov/v3/bill/114/hr/5177?format=json"
        },
        {
            "congress": 114,
            "introducedDate": "2016-04-21",
            "latestAction": {
                "actionDate": "2016-04-22",
                "text": "Referred to the Subcommittee on Health."
            },
            "number": "5031",
            "policyArea": {
                "name": "Health"
            },
            "title": "Zika Eradication and Good Government Act of 2016",
            "type": "HR",
            "url": "https://api.congress.gov/v3/bill/114/hr/5031?format=json"
        },
        {
            "congress": 114,
            "introducedDate": "2016-03-17",
            "latestAction": {
                "actionDate": "2016-03-23",
                "text": "Referred to the Subcommittee on Water, Power and Oceans."
            },
            "number": "4787",
            "policyArea": {
                "name": "Public Lands and Natural Resources"
            },
            "title": "FILET Act of 2016",
            "type": "HR",
            "url": "https://api.congress.gov/v3/bill/114/hr/4787?format=json"
        },
        {
            "congress": 114,
            "introducedDate": "2015-12-15",
            "latestAction": {
                "actionDate": "2016-03-23",
                "text": "Referred to the Subcommittee on Higher Education and Workforce Training."
            },
            "number": "4247",
            "policyArea": {
                "name": "Immigration"
            },
            "title": "Cuban Immigrant Work Opportunity Act of 2015",
            "type": "HR",
            "url": "https://api.congress.gov/v3/bill/114/hr/4247?format=json"
        },
        {
            "congress": 114,
            "introducedDate": "2015-12-17",
            "latestAction": {
                "actionDate": "2016-04-20",
                "text": "Received in the Senate and Read twice and referred to the Committee on Small Business and Entrepreneurship."
            },
            "number": "4284",
            "policyArea": {
                "name": "Commerce"
            },
            "title": "Service Provider Opportunity Clarification Act of 2015",
            "type": "HR",
            "url": "https://api.congress.gov/v3/bill/114/hr/4284?format=json"
        },
        {
            "congress": 114,
            "introducedDate": "2015-12-10",
            "latestAction": {
                "actionDate": "2016-01-05",
                "text": "Referred to the Subcommittee on General Farm Commodities and Risk Management."
            },
            "number": "4226",
            "policyArea": {
                "name": "Agriculture and Food"
            },
            "title": "To amend the Agricultural Act of 2014 to provide relief for agricultural producers adversely impacted by the Oriental fruit fly.",
            "type": "HR",
            "url": "https://api.congress.gov/v3/bill/114/hr/4226?format=json"
        },
        {
            "congress": 114,
            "introducedDate": "2015-10-16",
            "latestAction": {
                "actionDate": "2015-10-23",
                "text": "Referred to the Subcommittee on Environment and the Economy."
            },
            "number": "3756",
            "policyArea": {
                "name": "Water Resources Development"
            },
            "title": "WIFIA Improvement Act",
            "type": "HR",
            "url": "https://api.congress.gov/v3/bill/114/hr/3756?format=json"
        },
        {
            "congress": 114,
            "introducedDate": "2015-10-09",
            "latestAction": {
                "actionDate": "2015-11-03",
                "text": "Referred to the Subcommittee on Immigration and Border Security."
            },
            "number": "3744",
            "policyArea": {
                "name": "Immigration"
            },
            "title": "Venezuelan Refugee Assistance Act",
            "type": "HR",
            "url": "https://api.congress.gov/v3/bill/114/hr/3744?format=json"
        },
        {
            "congress": 114,
            "introducedDate": "2015-10-01",
            "latestAction": {
                "actionDate": "2016-09-30",
                "text": "Referred to the Subcommittee on Research and Technology."
            },
            "number": "3665",
            "policyArea": {
                "name": "Transportation and Public Works"
            },
            "title": "To authorize appropriations for the university transportation centers program for fiscal years 2016 through 2021, and for other purposes.",
            "type": "HR",
            "url": "https://api.congress.gov/v3/bill/114/hr/3665?format=json"
        },
        {
            "congress": 114,
            "introducedDate": "2015-10-01",
            "latestAction": {
                "actionDate": "2015-10-02",
                "text": "Referred to the Subcommittee on Commerce, Manufacturing, and Trade."
            },
            "number": "455",
            "policyArea": {
                "name": "Commerce"
            },
            "title": "Expressing support for designation of the inaugural \"Cruise Travel Professional Month\" in October.",
            "type": "HRES",
            "url": "https://api.congress.gov/v3/bill/114/hres/455?format=json"
        },
        {
            "congress": 114,
            "introducedDate": "2015-06-25",
            "latestAction": {
                "actionDate": "2015-06-25",
                "text": "Referred to the House Committee on Financial Services."
            },
            "number": "2918",
            "policyArea": {
                "name": "Finance and Financial Sector"
            },
            "title": "Flood Insurance Fairness Act of 2015",
            "type": "HR",
            "url": "https://api.congress.gov/v3/bill/114/hr/2918?format=json"
        },
        {
            "congress": 114,
            "introducedDate": "2015-03-17",
            "latestAction": {
                "actionDate": "2015-03-17",
                "text": "Referred to the House Committee on Small Business."
            },
            "number": "1386",
            "policyArea": {
                "name": "Commerce"
            },
            "title": "SESO Act",
            "type": "HR",
            "url": "https://api.congress.gov/v3/bill/114/hr/1386?format=json"
        },
        {
            "congress": 114,
            "introducedDate": "2015-06-16",
            "latestAction": {
                "actionDate": "2015-06-16",
                "text": "Referred to the House Committee on Education and the Workforce."
            },
            "number": "318",
            "policyArea": {
                "name": "Education"
            },
            "title": "Condemning resolutions or policies calling for or instituting a boycott of Israeli academic institutions or scholars by institutions of higher learning and scholarly associations.",
            "type": "HRES",
            "url": "https://api.congress.gov/v3/bill/114/hres/318?format=json"
        },
        {
            "congress": 114,
            "introducedDate": "2015-09-29",
            "latestAction": {
                "actionDate": "2015-10-02",
                "text": "Referred to the Subcommittee on Health."
            },
            "number": "3640",
            "policyArea": {
                "name": "Government Operations and Politics"
            },
            "title": "Mental Health Awareness Semipostal Stamp Act",
            "type": "HR",
            "url": "https://api.congress.gov/v3/bill/114/hr/3640?format=json"
        },
        {
            "congress": 114,
            "introducedDate": "2015-03-26",
            "latestAction": {
                "actionDate": "2016-04-27",
                "text": "Received in the Senate and Read twice and referred to the Committee on Environment and Public Works."
            },
            "number": "1684",
            "policyArea": {
                "name": "Environmental Protection"
            },
            "title": "Foreign Spill Protection Act of 2016",
            "type": "HR",
            "url": "https://api.congress.gov/v3/bill/114/hr/1684?format=json"
        }
    ]
}