{
    "pagination": {
        "count": 118
    },
    "request": {
        "bioguideId": "d000032",
        "contentType": "application/json",
        "format": "json"
    },
    "sponsoredLegislation": [
        {
            "congress": 118,
            "introducedDate": "2024-08-02",
            "latestAction": {
                "actionDate": "2024-08-02",
                "text": "Referred to the House Committee on Financial Services."
            },
            "number": "195",
            "policyArea": {
                "name": "Finance and Financial Sector"
            },
            "title": "Providing for congressional disapproval under chapter 8 of title 5, United States Code, of the rule submitted by the Bureau of Consumer Financial Protection relating to \"Truth in Lending (Regulation Z); Use of Digital User Accounts to Access Buy Now, Pay Later Loans\".",
            "type": "HJRES",
            "url": "https://api.congress.gov/v3/bill/118/hjres/195?format=json"
        },
        {
            "congress": 118,
            "introducedDate": "2024-07-30",
            "latestAction": {
                "actionDate": "2024-07-30",
                "text": "Referred to the Committee on Energy and Commerce, and in addition to the Committee on Foreign Affairs, for a period to be subsequently determined by the Speaker, in each case for consideration of such provisions as fall within the jurisdiction of the committee concerned."
            },
            "number": "1395",
            "policyArea": {
                "name": "Energy"
            },
            "title": "Expressing the sense of the House of Representatives that it is unacceptable that the People's Republic of China and the Russian Federation are outpacing the United States in expanding nuclear energy production and global nuclear market share.",
            "type": "HRES",
            "url": "https://api.congress.gov/v3/bill/118/hres/1395?format=json"
        },
        {
            "congress": 118,
            "introducedDate": "2024-07-30",
            "latestAction": {
                "actionDate": "2024-07-30",
                "text": "Referred to the Committee on Science, Space, and Technology, and in addition to the Committee on Energy and Commerce, for a period to be subsequently determined by the Speaker, in each case for consideration of such provisions as fall within the jurisdiction of the committee concerned."
            },
            "number": "9202",
            "policyArea": {
                "name": null
            },
            "title": "To direct the Secretary of Energy to promote and facilitate the commercialization of domestic spent nuclear fuel reprocessing.",
            "type": "HR",
            "url": "https://api.congress.gov/v3/bill/118/hr/9202?format=json"
        },
        {
            "congress": 118,
            "introducedDate": "2024-07-30",
            "latestAction": {
                "actionDate": "2024-07-30",
                "text": "Referred to the House Committee on Energy and Commerce."
            },
            "number": "9200",
            "policyArea": {
                "name": null
            },
            "title": "To require an evaluation of the nuclear supply chain of the United States to further reduce regulatory barriers and associated costs for nuclear supply chain manufacturers, and for other purposes.",
            "type": "HR",
            "url": "https://api.congress.gov/v3/bill/118/hr/9200?format=json"
        },
        {
            "congress": 118,
            "introducedDate": "2024-07-30",
            "latestAction": {
                "actionDate": "2024-07-30",
                "text": "Referred to the House Committee on Energy and Commerce."
            },
            "number": "9198",
            "policyArea": {
                "name": null
            },
            "title": "To require the Nuclear Regulatory Commission to utilize a risk-informed, performance-based licensing approach to the maximum extent practicable for the purpose of expediting the nuclear licensing process, and for other purposes.",
            "type": "HR",
            "url": "https://api.congress.gov/v3/bill/118/hr/9198?format=json"
        },
        {
            "congress": 118,
            "introducedDate": "2024-07-30",
            "latestAction": {
                "actionDate": "2024-07-30",
                "text": "Referred to the House Committee on Energy and Commerce."
            },
            "number": "9199",
            "policyArea": {
                "name": null
            },
            "title": "To amend the Atomic Energy Act of 1954 and the Nuclear Energy Innovation and Modernization Act to limit the type of applications reviewed by the Advisory Committee on Reactor Safeguards and to exclude reviews by the Advisory Committee on Reactor Safeguards from the Nuclear Regulatory Commission's annual assessment and collection of fees and charges.",
            "type": "HR",
            "url": "https://api.congress.gov/v3/bill/118/hr/9199?format=json"
        },
        {
            "congress": 118,
            "introducedDate": "2024-07-30",
            "latestAction": {
                "actionDate": "2024-07-30",
                "text": "Referred to the House Committee on Ways and Means."
            },
            "number": "9201",
            "policyArea": {
                "name": null
            },
            "title": "To amend the Internal Revenue Code of 1986 to make the re-equipping, expansion, or establishment of certain facilities relating to the production or reprocessing of critical minerals, including uranium and spent nuclear fuel, to include uranium as an applicable critical mineral for purposes of the advanced manufacturing production credit, and for other purposes.",
            "type": "HR",
            "url": "https://api.congress.gov/v3/bill/118/hr/9201?format=json"
        },
        {
            "congress": 118,
            "introducedDate": "2024-07-15",
            "latestAction": {
                "actionDate": "2024-07-15",
                "text": "Referred to the House Committee on Oversight and Accountability."
            },
            "number": "9040",
            "policyArea": {
                "name": null
            },
            "title": "To require covered agencies to issue strategy and implementation plans for the transfer of credit, guarantee, and insurance risk to the private sector, to require the implementation of such plans, and for other purposes.",
            "type": "HR",
            "url": "https://api.congress.gov/v3/bill/118/hr/9040?format=json"
        },
        {
            "congress": 118,
            "introducedDate": "2024-07-08",
            "latestAction": {
                "actionDate": "2024-07-08",
                "text": "Referred to the House Committee on Ways and Means."
            },
            "number": "8941",
            "policyArea": {
                "name": null
            },
            "title": "To amend the Internal Revenue Code of 1986 to eliminate the application of the income tax on cash tips through a deduction allowed to all individual taxpayers.",
            "type": "HR",
            "url": "https://api.congress.gov/v3/bill/118/hr/8941?format=json"
        },
        {
            "congress": 118,
            "introducedDate": "2024-06-18",
            "latestAction": {
                "actionDate": "2024-06-18",
                "text": "Referred to the House Committee on Science, Space, and Technology."
            },
            "number": "8779",
            "policyArea": {
                "name": "Environmental Protection"
            },
            "title": "Convert HABs to Fuel Act",
            "type": "HR",
            "url": "https://api.congress.gov/v3/bill/118/hr/8779?format=json"
        },
        {
            "congress": 118,
            "introducedDate": "2024-06-12",
            "latestAction": {
                "actionDate": "2024-06-12",
                "text": "Referred to the House Committee on Oversight and Accountability."
            },
            "number": "1294",
            "policyArea": {
                "name": null
            },
            "title": "Commending the Florida Everblades hockey team for winning the 2024 East Coast Hockey League's Patrick J. Kelly Cup.",
            "type": "HRES",
            "url": "https://api.congress.gov/v3/bill/118/hres/1294?format=json"
        },
        {
            "congress": 118,
            "introducedDate": "2024-06-05",
            "latestAction": {
                "actionDate": "2024-06-05",
                "text": "Referred to the House Committee on Financial Services."
            },
            "number": "8628",
            "policyArea": {
                "name": "Finance and Financial Sector"
            },
            "title": "Examining Consumer Choice in Digital Payments Act",
            "type": "HR",
            "url": "https://api.congress.gov/v3/bill/118/hr/8628?format=json"
        },
        {
            "congress": 118,
            "introducedDate": "2024-05-17",
            "latestAction": {
                "actionDate": "2024-05-17",
                "text": "Referred to the House Committee on Education and the Workforce."
            },
            "number": "1239",
            "policyArea": {
                "name": "Education"
            },
            "title": "Strongly condemning the rise of antisemitism on campuses of institutions of higher education across the United States.",
            "type": "HRES",
            "url": "https://api.congress.gov/v3/bill/118/hres/1239?format=json"
        },
        {
            "congress": 118,
            "introducedDate": "2024-05-16",
            "latestAction": {
                "actionDate": "2024-05-16",
                "text": "Referred to the House Committee on the Judiciary."
            },
            "number": "8430",
            "policyArea": {
                "name": "Immigration"
            },
            "title": "Reshape Alternatives to Detention Act of 2024",
            "type": "HR",
            "url": "https://api.congress.gov/v3/bill/118/hr/8430?format=json"
        },
        {
            "congress": 118,
            "introducedDate": "2024-05-10",
            "latestAction": {
                "actionDate": "2024-05-10",
                "text": "Referred to the House Committee on the Judiciary."
            },
            "number": "1218",
            "policyArea": {
                "name": "Crime and Law Enforcement"
            },
            "title": "Expressing the sense of the House of Representatives that Congress recognizes the unseen sacrifices and countless contributions of the Southwest Florida law enforcement community.",
            "type": "HRES",
            "url": "https://api.congress.gov/v3/bill/118/hres/1218?format=json"
        },
        {
            "congress": 118,
            "introducedDate": "2024-04-26",
            "latestAction": {
                "actionDate": "2024-04-26",
                "text": "Referred to the House Committee on Education and the Workforce."
            },
            "number": "8129",
            "policyArea": {
                "name": "Education"
            },
            "title": "American Nuclear Workforce Act",
            "type": "HR",
            "url": "https://api.congress.gov/v3/bill/118/hr/8129?format=json"
        },
        {
            "congress": 118,
            "introducedDate": "2024-04-20",
            "latestAction": {
                "actionDate": "2024-04-20",
                "text": "Referred to the House Committee on Ways and Means."
            },
            "number": "8102",
            "policyArea": {
                "name": "Taxation"
            },
            "title": "Flood Insurance Relief Act",
            "type": "HR",
            "url": "https://api.congress.gov/v3/bill/118/hr/8102?format=json"
        },
        {
            "congress": 118,
            "introducedDate": "2024-04-15",
            "latestAction": {
                "actionDate": "2024-04-15",
                "text": "Referred to the House Committee on Ways and Means."
            },
            "number": "7995",
            "policyArea": {
                "name": "Taxation"
            },
            "title": "Protecting the American Taxpayer from IRS Mishandling Act of 2024",
            "type": "HR",
            "url": "https://api.congress.gov/v3/bill/118/hr/7995?format=json"
        },
        {
            "congress": 118,
            "introducedDate": "2024-04-05",
            "latestAction": {
                "actionDate": "2024-07-30",
                "text": "Placed on the Union Calendar, Calendar No. 515."
            },
            "number": "124",
            "policyArea": {
                "name": "Finance and Financial Sector"
            },
            "title": "Providing for congressional disapproval under chapter 8 of title 5, United States Code, of the rule submitted by the Office of the Comptroller of the Currency relating to \"Principles for Climate-Related Financial Risk Management for Large Financial Institutions\".",
            "type": "HJRES",
            "url": "https://api.congress.gov/v3/bill/118/hjres/124?format=json"
        },
        {
            "congress": 118,
            "introducedDate": "2024-03-05",
            "latestAction": {
                "actionDate": "2024-05-16",
                "text": "Received in the Senate and Read twice and referred to the Committee on Homeland Security and Governmental Affairs."
            },
            "number": "7530",
            "policyArea": {
                "name": "Crime and Law Enforcement"
            },
            "title": "DC CRIMES Act of 2024",
            "type": "HR",
            "url": "https://api.congress.gov/v3/bill/118/hr/7530?format=json"
        },
        {
            "congress": 118,
            "introducedDate": "2023-11-09",
            "latestAction": {
                "actionDate": "2023-11-10",
                "text": "Referred to the Subcommittee on Health."
            },
            "number": "99",
            "policyArea": {
                "name": "Health"
            },
            "title": "To amend the Federal Food, Drug, and Cosmetic Act to exempt the premium cigar industry from certain regulations.",
            "type": "HJRES",
            "url": "https://api.congress.gov/v3/bill/118/hjres/99?format=json"
        },
        {
            "congress": 118,
            "introducedDate": "2023-11-09",
            "latestAction": {
                "actionDate": "2023-11-09",
                "text": "Referred to the House Committee on Oversight and Accountability."
            },
            "number": "856",
            "policyArea": {
                "name": "Government Operations and Politics"
            },
            "title": "Expressing the sense of the House of Representatives that southwest Florida is an economic, demographic, agricultural, and environmental treasure with many inherent benefits that should be recognized, acknowledged, and appreciated.",
            "type": "HRES",
            "url": "https://api.congress.gov/v3/bill/118/hres/856?format=json"
        },
        {
            "congress": 118,
            "introducedDate": "2023-11-07",
            "latestAction": {
                "actionDate": "2023-11-07",
                "text": "Referred to the House Committee on House Administration."
            },
            "number": "850",
            "policyArea": {
                "name": "Congress"
            },
            "title": "Designating the House Press Gallery as the \"Frederick Douglass Press Gallery\".",
            "type": "HRES",
            "url": "https://api.congress.gov/v3/bill/118/hres/850?format=json"
        },
        {
            "congress": 118,
            "introducedDate": "2023-11-01",
            "latestAction": {
                "actionDate": "2023-11-01",
                "text": "Referred to the Subcommittee on Border Security and Enforcement."
            },
            "number": "6138",
            "policyArea": {
                "name": "Immigration"
            },
            "title": "Reform Immigration Through Biometrics Act",
            "type": "HR",
            "url": "https://api.congress.gov/v3/bill/118/hr/6138?format=json"
        },
        {
            "congress": 118,
            "introducedDate": "2023-11-01",
            "latestAction": {
                "actionDate": "2023-11-14",
                "text": "Referred to the Subcommittee on Economic Development, Public Buildings, and Emergency Management."
            },
            "number": "6137",
            "policyArea": {
                "name": "Emergency Management"
            },
            "title": "GIS Emergency Response Technology Sustainment Act of 2023",
            "type": "HR",
            "url": "https://api.congress.gov/v3/bill/118/hr/6137?format=json"
        },
        {
            "congress": 118,
            "introducedDate": "2023-09-28",
            "latestAction": {
                "actionDate": "2023-09-29",
                "text": "Referred to the Subcommittee on Economic Development, Public Buildings, and Emergency Management."
            },
            "number": "5795",
            "policyArea": {
                "name": "Emergency Management"
            },
            "title": "Natural Disaster Transparency Enhancement Act",
            "type": "HR",
            "url": "https://api.congress.gov/v3/bill/118/hr/5795?format=json"
        },
        {
            "congress": 118,
            "introducedDate": "2023-09-27",
            "latestAction": {
                "actionDate": "2024-01-17",
                "text": "Referred to the Subcommittee on Conservation, Research, and Biotechnology."
            },
            "number": "5750",
            "policyArea": {
                "name": "Energy"
            },
            "title": "Green Nuclear Fertilizer Act",
            "type": "HR",
            "url": "https://api.congress.gov/v3/bill/118/hr/5750?format=json"
        },
        {
            "congress": 118,
            "introducedDate": "2023-09-26",
            "latestAction": {
                "actionDate": "2023-09-27",
                "text": "Referred to the Subcommittee on Economic Development, Public Buildings, and Emergency Management."
            },
            "number": "5706",
            "policyArea": {
                "name": "Congress"
            },
            "title": "U.S. Capitol Power Plant Retrofit Act",
            "type": "HR",
            "url": "https://api.congress.gov/v3/bill/118/hr/5706?format=json"
        },
        {
            "congress": 118,
            "introducedDate": "2023-09-21",
            "latestAction": {
                "actionDate": "2023-09-21",
                "text": "Referred to the House Committee on Foreign Affairs."
            },
            "number": "5630",
            "policyArea": {
                "name": "International Affairs"
            },
            "title": "TITLE Act",
            "type": "HR",
            "url": "https://api.congress.gov/v3/bill/118/hr/5630?format=json"
        },
        {
            "congress": 118,
            "introducedDate": "2023-09-20",
            "latestAction": {
                "actionDate": "2023-09-20",
                "text": "Referred to the Committee on Oversight and Accountability, and in addition to the Committee on Rules, for a period to be subsequently determined by the Speaker, in each case for consideration of such provisions as fall within the jurisdiction of the committee concerned."
            },
            "number": "5590",
            "policyArea": {
                "name": "Congress"
            },
            "title": "No More Hard Stops Act",
            "type": "HR",
            "url": "https://api.congress.gov/v3/bill/118/hr/5590?format=json"
        },
        {
            "congress": 118,
            "introducedDate": "2023-09-18",
            "latestAction": {
                "actionDate": "2023-09-29",
                "actionTime": "13:51:45",
                "text": "Motion to reconsider laid on the table Agreed to without objection."
            },
            "number": "5525",
            "policyArea": {
                "name": "Economics and Public Finance"
            },
            "title": "Continuing Appropriations and Border Security Enhancement Act, 2024",
            "type": "HR",
            "url": "https://api.congress.gov/v3/bill/118/hr/5525?format=json"
        },
        {
            "congress": 118,
            "introducedDate": "2023-09-18",
            "latestAction": {
                "actionDate": "2024-05-15",
                "text": "Committee on Homeland Security and Governmental Affairs. Ordered to be reported without amendment favorably."
            },
            "number": "5528",
            "policyArea": {
                "name": "Government Operations and Politics"
            },
            "title": "Safe and Smart Federal Purchasing Act",
            "type": "HR",
            "url": "https://api.congress.gov/v3/bill/118/hr/5528?format=json"
        },
        {
            "congress": 118,
            "introducedDate": "2023-08-01",
            "latestAction": {
                "actionDate": "2023-10-25",
                "text": "Subcommittee Hearings Held"
            },
            "number": "5103",
            "policyArea": {
                "name": "Public Lands and Natural Resources"
            },
            "title": "FISHES Act",
            "type": "HR",
            "url": "https://api.congress.gov/v3/bill/118/hr/5103?format=json"
        },
        {
            "congress": 118,
            "introducedDate": "2023-07-17",
            "latestAction": {
                "actionDate": "2023-07-21",
                "text": "Referred to the Subcommittee on Energy, Climate and Grid Security."
            },
            "number": "4678",
            "policyArea": {
                "name": "Transportation and Public Works"
            },
            "title": "Provide Logistical Aid to airports via advanced Nuclear Energy Act",
            "type": "HR",
            "url": "https://api.congress.gov/v3/bill/118/hr/4678?format=json"
        },
        {
            "congress": 118,
            "introducedDate": "2023-07-17",
            "latestAction": {
                "actionDate": "2023-07-21",
                "text": "Referred to the Subcommittee on Energy, Climate and Grid Security."
            },
            "number": "4675",
            "policyArea": {
                "name": "Energy"
            },
            "title": "Advisory Committee on Reactor Safeguards Reform Act",
            "type": "HR",
            "url": "https://api.congress.gov/v3/bill/118/hr/4675?format=json"
        },
        {
            "congress": 118,
            "introducedDate": "2023-07-17",
            "latestAction": {
                "actionDate": "2023-07-21",
                "text": "Referred to the Subcommittee on Energy, Climate and Grid Security."
            },
            "number": "4674",
            "policyArea": {
                "name": "Energy"
            },
            "title": "Advanced Nuclear Feasibility Act",
            "type": "HR",
            "url": "https://api.congress.gov/v3/bill/118/hr/4674?format=json"
        },
        {
            "congress": 118,
            "introducedDate": "2023-07-17",
            "latestAction": {
                "actionDate": "2023-07-21",
                "text": "Referred to the Subcommittee on Energy, Climate and Grid Security."
            },
            "number": "4677",
            "policyArea": {
                "name": "Energy"
            },
            "title": "LOAN Act",
            "type": "HR",
            "url": "https://api.congress.gov/v3/bill/118/hr/4677?format=json"
        },
        {
            "congress": 118,
            "introducedDate": "2023-07-17",
            "latestAction": {
                "actionDate": "2023-07-21",
                "text": "Referred to the Subcommittee on Energy, Climate and Grid Security."
            },
            "number": "4676",
            "policyArea": {
                "name": "Energy"
            },
            "title": "Nuclear Red Tape Reduction Act",
            "type": "HR",
            "url": "https://api.congress.gov/v3/bill/118/hr/4676?format=json"
        },
        {
            "congress": 118,
            "introducedDate": "2023-07-14",
            "latestAction": {
                "actionDate": "2023-07-14",
                "text": "Referred to the House Committee on Financial Services."
            },
            "number": "4640",
            "policyArea": {
                "name": "Finance and Financial Sector"
            },
            "title": "To authorize the exclusion of shareholder proposals from proxy or consent solicitation material if the subject matter of the shareholder proposal is environmental, social, or political.",
            "type": "HR",
            "url": "https://api.congress.gov/v3/bill/118/hr/4640?format=json"
        },
        {
            "congress": 118,
            "introducedDate": "2023-07-11",
            "latestAction": {
                "actionDate": "2023-07-11",
                "text": "Referred to the House Committee on House Administration."
            },
            "number": "4543",
            "policyArea": {
                "name": "Government Operations and Politics"
            },
            "title": "American Confidence in Elections: District of Columbia Timely Reporting of Election Results Act",
            "type": "HR",
            "url": "https://api.congress.gov/v3/bill/118/hr/4543?format=json"
        },
        {
            "congress": 118,
            "introducedDate": "2023-06-15",
            "latestAction": {
                "actionDate": "2023-06-15",
                "text": "Referred to the House Committee on Oversight and Accountability."
            },
            "number": "515",
            "policyArea": {
                "name": "Sports and Recreation"
            },
            "title": "Commending the Florida Everblades hockey team for winning the 2023 ECHL's Patrick J. Kelly Cup.",
            "type": "HRES",
            "url": "https://api.congress.gov/v3/bill/118/hres/515?format=json"
        },
        {
            "congress": 118,
            "introducedDate": "2023-06-15",
            "latestAction": {
                "actionDate": "2023-06-15",
                "text": "Referred to the Subcommittee on Aviation."
            },
            "number": "4161",
            "policyArea": {
                "name": "Transportation and Public Works"
            },
            "title": "Pre-Pilot Pathway Act",
            "type": "HR",
            "url": "https://api.congress.gov/v3/bill/118/hr/4161?format=json"
        },
        {
            "congress": 118,
            "introducedDate": "2023-06-14",
            "latestAction": {
                "actionDate": "2023-06-14",
                "text": "Referred to the Committee on Rules, and in addition to the Committee on Oversight and Accountability, for a period to be subsequently determined by the Speaker, in each case for consideration of such provisions as fall within the jurisdiction of the committee concerned."
            },
            "number": "4114",
            "policyArea": {
                "name": "Government Operations and Politics"
            },
            "title": "Agency Accountability through Appropriations Act",
            "type": "HR",
            "url": "https://api.congress.gov/v3/bill/118/hr/4114?format=json"
        },
        {
            "congress": 118,
            "introducedDate": "2023-06-14",
            "latestAction": {
                "actionDate": "2023-06-14",
                "text": "Referred to the House Committee on Financial Services."
            },
            "number": "4112",
            "policyArea": {
                "name": "Finance and Financial Sector"
            },
            "title": "Symmetry in Rules Act",
            "type": "HR",
            "url": "https://api.congress.gov/v3/bill/118/hr/4112?format=json"
        },
        {
            "congress": 118,
            "introducedDate": "2023-06-14",
            "latestAction": {
                "actionDate": "2023-06-14",
                "text": "Referred to the House Committee on Oversight and Accountability."
            },
            "number": "4113",
            "policyArea": {
                "name": "Government Operations and Politics"
            },
            "title": "No Altering Public Comments Act",
            "type": "HR",
            "url": "https://api.congress.gov/v3/bill/118/hr/4113?format=json"
        },
        {
            "congress": 118,
            "introducedDate": "2023-05-18",
            "latestAction": {
                "actionDate": "2023-05-18",
                "text": "Referred to the House Committee on Foreign Affairs."
            },
            "number": "3484",
            "policyArea": {
                "name": "Energy"
            },
            "title": "ARC Act",
            "type": "HR",
            "url": "https://api.congress.gov/v3/bill/118/hr/3484?format=json"
        },
        {
            "congress": 118,
            "introducedDate": "2023-06-07",
            "latestAction": {
                "actionDate": "2023-06-07",
                "text": "Referred to the Committee on Rules, and in addition to the Committee on Oversight and Accountability, for a period to be subsequently determined by the Speaker, in each case for consideration of such provisions as fall within the jurisdiction of the committee concerned."
            },
            "number": "3901",
            "policyArea": {
                "name": "Government Operations and Politics"
            },
            "title": "Agency Subpoena Compliance Act",
            "type": "HR",
            "url": "https://api.congress.gov/v3/bill/118/hr/3901?format=json"
        },
        {
            "congress": 118,
            "introducedDate": "2023-06-01",
            "latestAction": {
                "actionDate": "2023-06-02",
                "text": "Referred to the Subcommittee on Railroads, Pipelines, and Hazardous Materials."
            },
            "number": "3782",
            "policyArea": {
                "name": "Transportation and Public Works"
            },
            "title": "Short Line Railroad Relief Act",
            "type": "HR",
            "url": "https://api.congress.gov/v3/bill/118/hr/3782?format=json"
        },
        {
            "congress": 118,
            "introducedDate": "2023-05-23",
            "latestAction": {
                "actionDate": "2023-05-23",
                "text": "Referred to the House Committee on Small Business."
            },
            "number": "3604",
            "policyArea": {
                "name": "Commerce"
            },
            "title": "Expanding Access to Affordable Credit for Small Businesses Act",
            "type": "HR",
            "url": "https://api.congress.gov/v3/bill/118/hr/3604?format=json"
        },
        {
            "congress": 118,
            "introducedDate": "2023-05-18",
            "latestAction": {
                "actionDate": "2023-05-18",
                "text": "Referred to the House Committee on Energy and Commerce."
            },
            "number": "3483",
            "policyArea": {
                "name": "Energy"
            },
            "title": "Strategic Nuclear Infrastructure Act",
            "type": "HR",
            "url": "https://api.congress.gov/v3/bill/118/hr/3483?format=json"
        },
        {
            "congress": 118,
            "introducedDate": "2023-05-18",
            "latestAction": {
                "actionDate": "2023-05-18",
                "text": "Referred to the House Committee on Foreign Affairs."
            },
            "number": "3485",
            "policyArea": {
                "name": "International Affairs"
            },
            "title": "Avoid Our Adversaries and Buy American Nuclear Act",
            "type": "HR",
            "url": "https://api.congress.gov/v3/bill/118/hr/3485?format=json"
        },
        {
            "congress": 118,
            "introducedDate": "2023-05-18",
            "latestAction": {
                "actionDate": "2023-05-19",
                "text": "Referred to the Subcommittee on Energy, Climate and Grid Security."
            },
            "number": "3487",
            "policyArea": {
                "name": "Energy"
            },
            "title": "Advanced Nuclear Support Act",
            "type": "HR",
            "url": "https://api.congress.gov/v3/bill/118/hr/3487?format=json"
        },
        {
            "congress": 118,
            "introducedDate": "2023-05-18",
            "latestAction": {
                "actionDate": "2023-05-18",
                "text": "Referred to the House Committee on Foreign Affairs."
            },
            "number": "3486",
            "policyArea": {
                "name": "International Affairs"
            },
            "title": "Recoup American Nuclear Global Leadership Act",
            "type": "HR",
            "url": "https://api.congress.gov/v3/bill/118/hr/3486?format=json"
        },
        {
            "congress": 118,
            "introducedDate": "2023-05-09",
            "latestAction": {
                "actionDate": "2023-05-12",
                "text": "Referred to the Subcommittee on Energy, Climate and Grid Security."
            },
            "number": "3137",
            "policyArea": {
                "name": "Energy"
            },
            "title": "American Isotope Security Act",
            "type": "HR",
            "url": "https://api.congress.gov/v3/bill/118/hr/3137?format=json"
        },
        {
            "congress": 118,
            "introducedDate": "2023-04-28",
            "latestAction": {
                "actionDate": "2023-04-28",
                "text": "Referred to the House Committee on Education and the Workforce."
            },
            "number": "3001",
            "policyArea": {
                "name": "Education"
            },
            "title": "Embrace Fossil Fuel Recruitment Act",
            "type": "HR",
            "url": "https://api.congress.gov/v3/bill/118/hr/3001?format=json"
        },
        {
            "congress": 118,
            "introducedDate": "2023-04-27",
            "latestAction": {
                "actionDate": "2023-04-27",
                "text": "Referred to the House Committee on Financial Services."
            },
            "number": "2937",
            "policyArea": {
                "name": "Finance and Financial Sector"
            },
            "title": "Repeal CFPB Act",
            "type": "HR",
            "url": "https://api.congress.gov/v3/bill/118/hr/2937?format=json"
        },
        {
            "congress": 118,
            "introducedDate": "2023-04-27",
            "latestAction": {
                "actionDate": "2023-04-28",
                "text": "Referred to the Subcommittee on Energy, Climate and Grid Security."
            },
            "number": "2938",
            "policyArea": {
                "name": "International Affairs"
            },
            "title": "International Nuclear Energy Act of 2023",
            "type": "HR",
            "url": "https://api.congress.gov/v3/bill/118/hr/2938?format=json"
        },
        {
            "congress": 118,
            "introducedDate": "2023-04-19",
            "latestAction": {
                "actionDate": "2023-04-19",
                "text": "Referred to the Committee on Foreign Affairs, and in addition to the Committee on Armed Services, for a period to be subsequently determined by the Speaker, in each case for consideration of such provisions as fall within the jurisdiction of the committee concerned."
            },
            "number": "2709",
            "policyArea": {
                "name": "International Affairs"
            },
            "title": "BBB Act",
            "type": "HR",
            "url": "https://api.congress.gov/v3/bill/118/hr/2709?format=json"
        },
        {
            "congress": 118,
            "introducedDate": "2023-04-06",
            "latestAction": {
                "actionDate": "2023-04-06",
                "text": "Referred to the House Committee on Ways and Means."
            },
            "number": "2488",
            "policyArea": {
                "name": "Taxation"
            },
            "title": "To amend the Internal Revenue Code of 1986 to make advanced nuclear facilities eligible for the qualifying advanced energy project credit.",
            "type": "HR",
            "url": "https://api.congress.gov/v3/bill/118/hr/2488?format=json"
        },
        {
            "congress": 118,
            "introducedDate": "2023-04-06",
            "latestAction": {
                "actionDate": "2023-04-14",
                "text": "Referred to the Subcommittee on Energy, Climate and Grid Security."
            },
            "number": "2487",
            "policyArea": {
                "name": "Energy"
            },
            "title": "To direct the Administrator of the Environmental Protection Agency to consider nuclear power to be a green source of energy, and for other purposes.",
            "type": "HR",
            "url": "https://api.congress.gov/v3/bill/118/hr/2487?format=json"
        },
        {
            "congress": 118,
            "introducedDate": "2023-04-03",
            "latestAction": {
                "actionDate": "2023-04-03",
                "text": "Referred to the House Committee on Science, Space, and Technology."
            },
            "number": "2462",
            "policyArea": {
                "name": "Energy"
            },
            "title": "Protect American Energy From China Act",
            "type": "HR",
            "url": "https://api.congress.gov/v3/bill/118/hr/2462?format=json"
        },
        {
            "congress": 118,
            "introducedDate": "2023-03-17",
            "latestAction": {
                "actionDate": "2023-03-24",
                "text": "Referred to the Subcommittee on Energy, Climate and Grid Security."
            },
            "number": "26",
            "policyArea": {
                "name": "Energy"
            },
            "title": "Expressing the sense of Congress relating to nuclear power being a necessary clean baseload energy source to achieve a reliable, secure, and green electric grid.",
            "type": "HCONRES",
            "url": "https://api.congress.gov/v3/bill/118/hconres/26?format=json"
        },
        {
            "congress": 118,
            "introducedDate": "2023-03-09",
            "latestAction": {
                "actionDate": "2023-03-09",
                "text": "Referred to the House Committee on Ways and Means."
            },
            "number": "1494",
            "policyArea": {
                "name": "Taxation"
            },
            "title": "Hurricane Tax Relief Act",
            "type": "HR",
            "url": "https://api.congress.gov/v3/bill/118/hr/1494?format=json"
        },
        {
            "congress": 118,
            "introducedDate": "2023-03-01",
            "latestAction": {
                "actionDate": "2023-03-01",
                "text": "Referred to the House Committee on the Judiciary."
            },
            "number": "1285",
            "policyArea": {
                "name": "Immigration"
            },
            "title": "Immigration Authorization Act of 2023",
            "type": "HR",
            "url": "https://api.congress.gov/v3/bill/118/hr/1285?format=json"
        },
        {
            "congress": 118,
            "introducedDate": "2023-02-24",
            "latestAction": {
                "actionDate": "2023-02-24",
                "text": "Referred to the House Committee on Education and the Workforce."
            },
            "number": "1177",
            "policyArea": {
                "name": "Labor and Employment"
            },
            "title": "Financial Freedom Act of 2023",
            "type": "HR",
            "url": "https://api.congress.gov/v3/bill/118/hr/1177?format=json"
        },
        {
            "congress": 118,
            "introducedDate": "2023-02-21",
            "latestAction": {
                "actionDate": "2023-02-21",
                "text": "Referred to the Committee on Foreign Affairs, and in addition to the Committees on the Judiciary, and Rules, for a period to be subsequently determined by the Speaker, in each case for consideration of such provisions as fall within the jurisdiction of the committee concerned."
            },
            "number": "1120",
            "policyArea": {
                "name": "International Affairs"
            },
            "title": "DEMOCRACIA Act",
            "type": "HR",
            "url": "https://api.congress.gov/v3/bill/118/hr/1120?format=json"
        },
        {
            "congress": 118,
            "introducedDate": "2023-02-14",
            "latestAction": {
                "actionDate": "2023-02-24",
                "text": "Referred to the Subcommittee on Energy, Climate and Grid Security."
            },
            "number": "1009",
            "policyArea": {
                "name": "Emergency Management"
            },
            "title": "National Strategy to Utilize Microreactors for Natural Disaster Response Efforts Act",
            "type": "HR",
            "url": "https://api.congress.gov/v3/bill/118/hr/1009?format=json"
        },
        {
            "congress": 118,
            "introducedDate": "2023-02-14",
            "latestAction": {
                "actionDate": "2023-02-24",
                "text": "Referred to the Subcommittee on Environment, Manufacturing, and Critical Materials."
            },
            "number": "1008",
            "policyArea": {
                "name": "Emergency Management"
            },
            "title": "Combat Harmful Algal Blooms Act",
            "type": "HR",
            "url": "https://api.congress.gov/v3/bill/118/hr/1008?format=json"
        },
        {
            "congress": 118,
            "introducedDate": "2023-02-14",
            "latestAction": {
                "actionDate": "2023-02-24",
                "text": "Referred to the Subcommittee on Energy, Climate and Grid Security."
            },
            "number": "124",
            "policyArea": {
                "name": "Energy"
            },
            "title": "Expressing the sense of the House of Representatives that the United States should support the expansion of domestic nuclear energy and advanced nuclear technology as a viable source of power in order to promote United States nuclear energy leadership and global energy independence.",
            "type": "HRES",
            "url": "https://api.congress.gov/v3/bill/118/hres/124?format=json"
        },
        {
            "congress": 118,
            "introducedDate": "2023-02-14",
            "latestAction": {
                "actionDate": "2023-02-24",
                "text": "Referred to the Subcommittee on Energy, Climate and Grid Security."
            },
            "number": "1007",
            "policyArea": {
                "name": "Energy"
            },
            "title": "Nuclear Assistance for America\u2019s Small Businesses Act",
            "type": "HR",
            "url": "https://api.congress.gov/v3/bill/118/hr/1007?format=json"
        },
        {
            "congress": 118,
            "introducedDate": "2023-02-14",
            "latestAction": {
                "actionDate": "2023-02-24",
                "text": "Referred to the Subcommittee on Energy, Climate and Grid Security."
            },
            "number": "1006",
            "policyArea": {
                "name": "Energy"
            },
            "title": "NRC Survey Act",
            "type": "HR",
            "url": "https://api.congress.gov/v3/bill/118/hr/1006?format=json"
        },
        {
            "congress": 118,
            "introducedDate": "2023-02-08",
            "latestAction": {
                "actionDate": "2023-02-17",
                "text": "Referred to the Subcommittee on Environment, Manufacturing, and Critical Materials."
            },
            "number": "873",
            "policyArea": {
                "name": "Environmental Protection"
            },
            "title": "Water Quality and Environmental Innovation Act",
            "type": "HR",
            "url": "https://api.congress.gov/v3/bill/118/hr/873?format=json"
        },
        {
            "congress": 118,
            "introducedDate": "2023-01-25",
            "latestAction": {
                "actionDate": "2023-01-25",
                "text": "Referred to the House Committee on Rules."
            },
            "number": "58",
            "policyArea": {
                "name": "Congress"
            },
            "title": "Amending the Rules of the House of Representatives to require the chair of a committee or subcommittee to recognize members at a meeting of the committee or subcommittee in the order in which they seek recognition.",
            "type": "HRES",
            "url": "https://api.congress.gov/v3/bill/118/hres/58?format=json"
        },
        {
            "congress": 118,
            "introducedDate": "2023-01-20",
            "latestAction": {
                "actionDate": "2023-01-20",
                "text": "Referred to the House Committee on Rules."
            },
            "number": "46",
            "policyArea": {
                "name": "Congress"
            },
            "title": "Amending the Rules of the House of Representatives to prohibit the consideration of bills and resolutions whose titles do not adequately express their contents.",
            "type": "HRES",
            "url": "https://api.congress.gov/v3/bill/118/hres/46?format=json"
        },
        {
            "congress": 118,
            "introducedDate": "2023-01-20",
            "latestAction": {
                "actionDate": "2023-01-20",
                "text": "Referred to the House Committee on Rules."
            },
            "number": "47",
            "policyArea": {
                "name": "Congress"
            },
            "title": "Amending the Rules of the House of Representatives to prohibit in any bill, joint resolution, or conference report appropriating funds for relief and emergency assistance in response to major disasters the inclusion of any provision which appropriates or otherwise makes available funds for any other purpose.",
            "type": "HRES",
            "url": "https://api.congress.gov/v3/bill/118/hres/47?format=json"
        },
        {
            "congress": 118,
            "introducedDate": "2023-01-17",
            "latestAction": {
                "actionDate": "2023-01-17",
                "text": "Referred to the House Committee on Financial Services."
            },
            "number": "370",
            "policyArea": {
                "name": "Finance and Financial Sector"
            },
            "title": "FinCEN Modernization Act of 2023",
            "type": "HR",
            "url": "https://api.congress.gov/v3/bill/118/hr/370?format=json"
        },
        {
            "congress": 118,
            "introducedDate": "2023-01-17",
            "latestAction": {
                "actionDate": "2023-01-17",
                "text": "Referred to the House Committee on Rules."
            },
            "number": "38",
            "policyArea": {
                "name": "Congress"
            },
            "title": "Amending the Rules of the House of Representatives to prohibit remote voting in meetings of committees and subcommittees and to require the chair of a committee or subcommittee to recognize members at a meeting of the committee or subcommittee in the order in which they seek recognition.",
            "type": "HRES",
            "url": "https://api.congress.gov/v3/bill/118/hres/38?format=json"
        },
        {
            "congress": 118,
            "introducedDate": "2023-01-12",
            "latestAction": {
                "actionDate": "2023-02-21",
                "text": "Referred to the Subcommittee on Water, Wildlife, and Fisheries."
            },
            "number": "325",
            "policyArea": {
                "name": "Environmental Protection"
            },
            "title": "Harmful Algal Bloom Essential Forecasting Act",
            "type": "HR",
            "url": "https://api.congress.gov/v3/bill/118/hr/325?format=json"
        },
        {
            "congress": 118,
            "introducedDate": "2024-03-15",
            "latestAction": {
                "actionDate": "2024-03-15",
                "text": "Referred to the House Committee on Financial Services."
            },
            "number": "7691",
            "policyArea": {
                "name": "Finance and Financial Sector"
            },
            "title": "To require the Chairperson of the Financial Stability Oversight Council to provide contingency plans for a disruption in the timing of payment on Treasury securities, and for other purposes.",
            "type": "HR",
            "url": "https://api.congress.gov/v3/bill/118/hr/7691?format=json"
        },
        {
            "amendmentNumber": "314",
            "congress": 118,
            "introducedDate": "2023-09-26",
            "latestAction": {
                "actionDate": "2023-09-26",
                "actionTime": "22:43:46",
                "text": "On agreeing to the Donalds amendment (A011) Agreed to by voice vote. "
            },
            "type": null,
            "url": "https://api.congress.gov/v3/amendment/118/hamdt/314?format=json"
        },
        {
            "amendmentNumber": "319",
            "congress": 118,
            "introducedDate": "2023-09-26",
            "latestAction": {
                "actionDate": "2023-09-26",
                "actionTime": "23:18:34",
                "text": "On agreeing to the Donalds amendment (A016) Agreed to by voice vote. "
            },
            "type": null,
            "url": "https://api.congress.gov/v3/amendment/118/hamdt/319?format=json"
        },
        {
            "amendmentNumber": "265",
            "congress": 118,
            "introducedDate": "2023-07-19",
            "latestAction": {
                "actionDate": "2023-07-19",
                "actionTime": "14:24:57",
                "text": "On agreeing to the Donalds amendment (A006) Agreed to by voice vote. "
            },
            "type": null,
            "url": "https://api.congress.gov/v3/amendment/118/hamdt/265?format=json"
        },
        {
            "amendmentNumber": "133",
            "congress": 118,
            "introducedDate": "2023-03-29",
            "latestAction": {
                "actionDate": "2023-03-29",
                "actionTime": "15:53:24",
                "text": "On agreeing to the Donalds amendment (A002) Agreed to by voice vote. "
            },
            "type": null,
            "url": "https://api.congress.gov/v3/amendment/118/hamdt/133?format=json"
        },
        {
            "amendmentNumber": "149",
            "congress": 118,
            "introducedDate": "2023-03-29",
            "latestAction": {
                "actionDate": "2023-03-29",
                "actionTime": "19:07:18",
                "text": "On agreeing to the Donalds amendment (A018) Agreed to by voice vote. "
            },
            "type": null,
            "url": "https://api.congress.gov/v3/amendment/118/hamdt/149?format=json"
        },
        {
            "congress": 117,
            "introducedDate": "2022-12-15",
            "latestAction": {
                "actionDate": "2022-12-16",
                "text": "Referred to the Subcommittee on Railroads, Pipelines, and Hazardous Materials."
            },
            "number": "9581",
            "policyArea": {
                "name": "Transportation and Public Works"
            },
            "title": "Short Line Railroad Relief Act",
            "type": "HR",
            "url": "https://api.congress.gov/v3/bill/117/hr/9581?format=json"
        },
        {
            "congress": 117,
            "introducedDate": "2022-12-14",
            "latestAction": {
                "actionDate": "2022-12-14",
                "text": "Referred to the House Committee on Oversight and Reform."
            },
            "number": "9543",
            "policyArea": {
                "name": "Government Operations and Politics"
            },
            "title": "ESG Rule Prevention Act",
            "type": "HR",
            "url": "https://api.congress.gov/v3/bill/117/hr/9543?format=json"
        },
        {
            "congress": 117,
            "introducedDate": "2022-12-14",
            "latestAction": {
                "actionDate": "2022-12-14",
                "text": "Referred to the House Committee on Rules."
            },
            "number": "1523",
            "policyArea": {
                "name": "Congress"
            },
            "title": "Amending the Rules of the House of Representatives to require the chair of a committee or subcommittee to recognize members at a meeting of the committee or subcommittee in the order in which they seek recognition.",
            "type": "HRES",
            "url": "https://api.congress.gov/v3/bill/117/hres/1523?format=json"
        },
        {
            "congress": 117,
            "introducedDate": "2022-12-13",
            "latestAction": {
                "actionDate": "2022-12-13",
                "text": "Referred to the Committee on House Administration, and in addition to the Committee on Rules, for a period to be subsequently determined by the Speaker, in each case for consideration of such provisions as fall within the jurisdiction of the committee concerned."
            },
            "number": "9506",
            "policyArea": {
                "name": "Economics and Public Finance"
            },
            "title": "Budgetary Quid Pro Quo Act",
            "type": "HR",
            "url": "https://api.congress.gov/v3/bill/117/hr/9506?format=json"
        },
        {
            "congress": 117,
            "introducedDate": "2022-12-12",
            "latestAction": {
                "actionDate": "2022-12-12",
                "text": "Referred to the House Committee on Financial Services."
            },
            "number": "9488",
            "policyArea": {
                "name": "Finance and Financial Sector"
            },
            "title": "Proxy Advice Disclosure Act",
            "type": "HR",
            "url": "https://api.congress.gov/v3/bill/117/hr/9488?format=json"
        },
        {
            "congress": 117,
            "introducedDate": "2022-12-01",
            "latestAction": {
                "actionDate": "2022-12-01",
                "text": "Referred to the House Committee on Rules."
            },
            "number": "1503",
            "policyArea": {
                "name": "Congress"
            },
            "title": "Amending the Rules of the House of Representatives to prohibit in any bill, joint resolution, or conference report appropriating funds for relief and emergency assistance in response to major disasters the inclusion of any provision which appropriates or otherwise makes available funds for any other purpose.",
            "type": "HRES",
            "url": "https://api.congress.gov/v3/bill/117/hres/1503?format=json"
        },
        {
            "congress": 117,
            "introducedDate": "2022-11-22",
            "latestAction": {
                "actionDate": "2022-11-23",
                "text": "Referred to the Subcommittee on Energy."
            },
            "number": "9351",
            "policyArea": {
                "name": "Energy"
            },
            "title": "NRC Survey Act",
            "type": "HR",
            "url": "https://api.congress.gov/v3/bill/117/hr/9351?format=json"
        },
        {
            "congress": 117,
            "introducedDate": "2022-11-15",
            "latestAction": {
                "actionDate": "2022-11-15",
                "text": "Referred to the House Committee on Financial Services."
            },
            "number": "9301",
            "policyArea": {
                "name": "Finance and Financial Sector"
            },
            "title": "FinCEN Modernization Act of 2022",
            "type": "HR",
            "url": "https://api.congress.gov/v3/bill/117/hr/9301?format=json"
        },
        {
            "congress": 117,
            "introducedDate": "2022-11-14",
            "latestAction": {
                "actionDate": "2022-11-14",
                "text": "Referred to the House Committee on Rules."
            },
            "number": "1465",
            "policyArea": {
                "name": "Congress"
            },
            "title": "Amending the Rules of the House of Representatives to prohibit the consideration of bills and resolutions whose titles do not adequately express their contents.",
            "type": "HRES",
            "url": "https://api.congress.gov/v3/bill/117/hres/1465?format=json"
        },
        {
            "congress": 117,
            "introducedDate": "2022-09-29",
            "latestAction": {
                "actionDate": "2022-09-30",
                "text": "Referred to the Subcommittee on Energy."
            },
            "number": "9045",
            "policyArea": {
                "name": "Energy"
            },
            "title": "Nuclear Assistance for America\u2019s Small Businesses Act",
            "type": "HR",
            "url": "https://api.congress.gov/v3/bill/117/hr/9045?format=json"
        },
        {
            "congress": 117,
            "introducedDate": "2022-09-13",
            "latestAction": {
                "actionDate": "2022-09-13",
                "text": "Referred to the House Committee on Financial Services."
            },
            "number": "8808",
            "policyArea": {
                "name": "Energy"
            },
            "title": "COBALT Act of 2022",
            "type": "HR",
            "url": "https://api.congress.gov/v3/bill/117/hr/8808?format=json"
        },
        {
            "congress": 117,
            "introducedDate": "2022-08-05",
            "latestAction": {
                "actionDate": "2022-08-05",
                "text": "Referred to the House Committee on Veterans' Affairs."
            },
            "number": "8660",
            "policyArea": {
                "name": "Armed Forces and National Security"
            },
            "title": "Post-9/11 Veteran Business Acceleration Act",
            "type": "HR",
            "url": "https://api.congress.gov/v3/bill/117/hr/8660?format=json"
        },
        {
            "congress": 117,
            "introducedDate": "2022-08-02",
            "latestAction": {
                "actionDate": "2022-08-02",
                "text": "Referred to the Committee on Energy and Commerce, and in addition to the Committee on Armed Services, for a period to be subsequently determined by the Speaker, in each case for consideration of such provisions as fall within the jurisdiction of the committee concerned."
            },
            "number": "1311",
            "policyArea": {
                "name": "Energy"
            },
            "title": "Expressing the sense of the House of Representatives that the United States should support the expansion of domestic nuclear energy and advanced nuclear technology as a viable source of power in order to promote United States nuclear energy leadership and global energy independence.",
            "type": "HRES",
            "url": "https://api.congress.gov/v3/bill/117/hres/1311?format=json"
        },
        {
            "congress": 117,
            "introducedDate": "2022-07-29",
            "latestAction": {
                "actionDate": "2022-08-01",
                "text": "Referred to the Subcommittee on Economic Development, Public Buildings, and Emergency Management."
            },
            "number": "8611",
            "policyArea": {
                "name": "Emergency Management"
            },
            "title": "National Strategy to Utilize Microreactors for Natural Disaster Response Efforts Act",
            "type": "HR",
            "url": "https://api.congress.gov/v3/bill/117/hr/8611?format=json"
        },
        {
            "congress": 117,
            "introducedDate": "2022-07-28",
            "latestAction": {
                "actionDate": "2022-07-28",
                "text": "Referred to the Committee on Financial Services, and in addition to the Committee on Rules, for a period to be subsequently determined by the Speaker, in each case for consideration of such provisions as fall within the jurisdiction of the committee concerned."
            },
            "number": "8562",
            "policyArea": {
                "name": "Congress"
            },
            "title": "Defense Production Oversight Act of 2022",
            "type": "HR",
            "url": "https://api.congress.gov/v3/bill/117/hr/8562?format=json"
        },
        {
            "congress": 117,
            "introducedDate": "2022-06-21",
            "latestAction": {
                "actionDate": "2022-06-21",
                "text": "Referred to the House Committee on Oversight and Reform."
            },
            "number": "8157",
            "policyArea": {
                "name": "Government Operations and Politics"
            },
            "title": "Clarity Act",
            "type": "HR",
            "url": "https://api.congress.gov/v3/bill/117/hr/8157?format=json"
        },
        {
            "congress": 117,
            "introducedDate": "2022-06-21",
            "latestAction": {
                "actionDate": "2022-06-21",
                "text": "Referred to the House Committee on Oversight and Reform."
            },
            "number": "1194",
            "policyArea": {
                "name": "Sports and Recreation"
            },
            "title": "Commending the Florida Everblades hockey team for winning the 2022 East Coast Hockey League's Patrick J. Kelly Cup.",
            "type": "HRES",
            "url": "https://api.congress.gov/v3/bill/117/hres/1194?format=json"
        },
        {
            "congress": 117,
            "introducedDate": "2022-05-20",
            "latestAction": {
                "actionDate": "2022-05-20",
                "text": "Referred to the House Committee on Education and Labor."
            },
            "number": "7860",
            "policyArea": {
                "name": "Labor and Employment"
            },
            "title": "Financial Freedom Act of 2022",
            "type": "HR",
            "url": "https://api.congress.gov/v3/bill/117/hr/7860?format=json"
        },
        {
            "congress": 117,
            "introducedDate": "2022-05-12",
            "latestAction": {
                "actionDate": "2022-11-01",
                "text": "Referred to the Subcommittee on Immigration and Citizenship."
            },
            "number": "7741",
            "policyArea": {
                "name": "Immigration"
            },
            "title": "No More Phones Act",
            "type": "HR",
            "url": "https://api.congress.gov/v3/bill/117/hr/7741?format=json"
        },
        {
            "congress": 117,
            "introducedDate": "2022-03-24",
            "latestAction": {
                "actionDate": "2022-03-25",
                "text": "Referred to the Subcommittee on Economic Development, Public Buildings, and Emergency Management."
            },
            "number": "7206",
            "policyArea": {
                "name": "Emergency Management"
            },
            "title": "Protecting Communities from Harmful Algal Blooms Act",
            "type": "HR",
            "url": "https://api.congress.gov/v3/bill/117/hr/7206?format=json"
        },
        {
            "congress": 117,
            "introducedDate": "2022-03-24",
            "latestAction": {
                "actionDate": "2022-03-24",
                "text": "Referred to the Committee on Ways and Means, and in addition to the Committee on Foreign Affairs, for a period to be subsequently determined by the Speaker, in each case for consideration of such provisions as fall within the jurisdiction of the committee concerned."
            },
            "number": "7207",
            "policyArea": {
                "name": "Foreign Trade and International Finance"
            },
            "title": "Prohibit Venezuelan Oil Importation Act",
            "type": "HR",
            "url": "https://api.congress.gov/v3/bill/117/hr/7207?format=json"
        },
        {
            "congress": 117,
            "introducedDate": "2022-02-28",
            "latestAction": {
                "actionDate": "2022-03-01",
                "text": "Referred to the Subcommittee on Economic Development, Public Buildings, and Emergency Management."
            },
            "number": "953",
            "policyArea": {
                "name": "Emergency Management"
            },
            "title": "Honoring the first responders who acted swiftly on Sunday, January 16, 2022, to ensure the safety of the residents affected by tornadoes that struck southwest Florida.",
            "type": "HRES",
            "url": "https://api.congress.gov/v3/bill/117/hres/953?format=json"
        },
        {
            "congress": 117,
            "introducedDate": "2022-01-14",
            "latestAction": {
                "actionDate": "2022-01-14",
                "text": "Referred to the House Committee on Financial Services."
            },
            "number": "6409",
            "policyArea": {
                "name": "Finance and Financial Sector"
            },
            "title": "Repeal CFPB Act",
            "type": "HR",
            "url": "https://api.congress.gov/v3/bill/117/hr/6409?format=json"
        },
        {
            "congress": 117,
            "introducedDate": "2021-12-09",
            "latestAction": {
                "actionDate": "2021-12-09",
                "text": "Referred to the House Committee on Small Business."
            },
            "number": "6217",
            "policyArea": {
                "name": "Commerce"
            },
            "title": "Expanding Access to Affordable Credit for Small Businesses Act",
            "type": "HR",
            "url": "https://api.congress.gov/v3/bill/117/hr/6217?format=json"
        },
        {
            "congress": 117,
            "introducedDate": "2021-11-03",
            "latestAction": {
                "actionDate": "2022-11-01",
                "text": "Referred to the Subcommittee on Crime, Terrorism, and Homeland Security."
            },
            "number": "766",
            "policyArea": {
                "name": "Crime and Law Enforcement"
            },
            "title": "Recognizing law enforcement officers who have tragically passed away from the COVID-19 pandemic.",
            "type": "HRES",
            "url": "https://api.congress.gov/v3/bill/117/hres/766?format=json"
        },
        {
            "congress": 117,
            "introducedDate": "2021-11-02",
            "latestAction": {
                "actionDate": "2021-11-02",
                "text": "Referred to the House Committee on Ways and Means."
            },
            "number": "5814",
            "policyArea": {
                "name": "Taxation"
            },
            "title": "Prohibiting Unrealized Capital Gains Taxation Act",
            "type": "HR",
            "url": "https://api.congress.gov/v3/bill/117/hr/5814?format=json"
        },
        {
            "congress": 117,
            "introducedDate": "2021-10-27",
            "latestAction": {
                "actionDate": "2021-10-27",
                "text": "Referred to the House Committee on Armed Services."
            },
            "number": "748",
            "policyArea": {
                "name": "Armed Forces and National Security"
            },
            "title": "Honoring the life and the legacy of General Colin L. Powell.",
            "type": "HRES",
            "url": "https://api.congress.gov/v3/bill/117/hres/748?format=json"
        },
        {
            "congress": 117,
            "introducedDate": "2021-07-19",
            "latestAction": {
                "actionDate": "2021-10-12",
                "text": "Placed on the Union Calendar, Calendar No. 102."
            },
            "number": "4513",
            "policyArea": {
                "name": "Commerce"
            },
            "title": "Small Business Advanced Cybersecurity Enhancements Act of 2021",
            "type": "HR",
            "url": "https://api.congress.gov/v3/bill/117/hr/4513?format=json"
        },
        {
            "congress": 117,
            "introducedDate": "2021-10-12",
            "latestAction": {
                "actionDate": "2022-11-01",
                "text": "Referred to the Subcommittee on Immigration and Citizenship."
            },
            "number": "5557",
            "policyArea": {
                "name": "International Affairs"
            },
            "title": "DEMOCRACIA Act",
            "type": "HR",
            "url": "https://api.congress.gov/v3/bill/117/hr/5557?format=json"
        },
        {
            "congress": 117,
            "introducedDate": "2021-06-24",
            "latestAction": {
                "actionDate": "2021-06-24",
                "text": "Referred to the Committee on Oversight and Reform, and in addition to the Committee on Rules, for a period to be subsequently determined by the Speaker, in each case for consideration of such provisions as fall within the jurisdiction of the committee concerned."
            },
            "number": "4132",
            "policyArea": {
                "name": "Government Operations and Politics"
            },
            "title": "Unnecessary Agency Regulations Reduction Act of 2021",
            "type": "HR",
            "url": "https://api.congress.gov/v3/bill/117/hr/4132?format=json"
        },
        {
            "congress": 117,
            "introducedDate": "2021-06-22",
            "latestAction": {
                "actionDate": "2021-06-22",
                "text": "Referred to the House Committee on House Administration."
            },
            "number": "4044",
            "policyArea": {
                "name": "Government Operations and Politics"
            },
            "title": "VOTE Act",
            "type": "HR",
            "url": "https://api.congress.gov/v3/bill/117/hr/4044?format=json"
        },
        {
            "congress": 117,
            "introducedDate": "2021-05-07",
            "latestAction": {
                "actionDate": "2021-05-07",
                "text": "Referred to the House Committee on Ways and Means."
            },
            "number": "3035",
            "policyArea": {
                "name": "Commerce"
            },
            "title": "Preventing Foreign Attempts to Erode Healthcare Innovation Act",
            "type": "HR",
            "url": "https://api.congress.gov/v3/bill/117/hr/3035?format=json"
        },
        {
            "congress": 117,
            "introducedDate": "2021-03-17",
            "latestAction": {
                "actionDate": "2021-03-17",
                "text": "Referred to the House Committee on the Budget."
            },
            "number": "1955",
            "policyArea": {
                "name": "Economics and Public Finance"
            },
            "title": "RESCUE Act",
            "type": "HR",
            "url": "https://api.congress.gov/v3/bill/117/hr/1955?format=json"
        },
        {
            "congress": 117,
            "introducedDate": "2021-03-17",
            "latestAction": {
                "actionDate": "2021-05-17",
                "text": "Referred to the Subcommittee on Water, Oceans, and Wildlife."
            },
            "number": "1954",
            "policyArea": {
                "name": "Environmental Protection"
            },
            "title": "Harmful Algal Bloom Essential Forecasting Act",
            "type": "HR",
            "url": "https://api.congress.gov/v3/bill/117/hr/1954?format=json"
        }
    ]
}