{
    "pagination": {
        "count": 32
    },
    "request": {
        "bioguideId": "s001164",
        "contentType": "application/json",
        "format": "json"
    },
    "sponsoredLegislation": [
        {
            "congress": 112,
            "introducedDate": "2012-05-07",
            "latestAction": {
                "actionDate": "2012-05-14",
                "text": "Referred to the Subcommittee on Trade."
            },
            "number": "5503",
            "policyArea": {
                "name": "Foreign Trade and International Finance"
            },
            "title": "To suspend temporarily the rate of duty on 1,3-Propanediaminium, N-[3-[[[dimethyl[3-[(2-methyl-1-oxo-2-propenyl)amino] propyl] ammonio]acetyl]amino]propyl]-2-hydroxy-N,N,N',N',N' -pentamethyl-, trichloride, polymer with 2-propenamide.",
            "type": "HR",
            "url": "https://api.congress.gov/v3/bill/112/hr/5503?format=json"
        },
        {
            "congress": 112,
            "introducedDate": "2012-05-07",
            "latestAction": {
                "actionDate": "2012-05-14",
                "text": "Referred to the Subcommittee on Trade."
            },
            "number": "5500",
            "policyArea": {
                "name": "Foreign Trade and International Finance"
            },
            "title": "To extend and modify the temporary reduction of duty on Methylionone.",
            "type": "HR",
            "url": "https://api.congress.gov/v3/bill/112/hr/5500?format=json"
        },
        {
            "congress": 112,
            "introducedDate": "2012-05-07",
            "latestAction": {
                "actionDate": "2012-05-14",
                "text": "Referred to the Subcommittee on Trade."
            },
            "number": "5501",
            "policyArea": {
                "name": "Foreign Trade and International Finance"
            },
            "title": "To suspend temporarily the rate of duty on mixtures of 1-(1,2,3,4,5,6,7,8-octahydro-2,3,8,8-tetramethyl -2-naphthalenyl)-ethan-1-one (and isomers).",
            "type": "HR",
            "url": "https://api.congress.gov/v3/bill/112/hr/5501?format=json"
        },
        {
            "congress": 112,
            "introducedDate": "2012-05-07",
            "latestAction": {
                "actionDate": "2012-05-14",
                "text": "Referred to the Subcommittee on Trade."
            },
            "number": "5502",
            "policyArea": {
                "name": "Foreign Trade and International Finance"
            },
            "title": "To extend the temporary suspension of duty on mixtures of (acetato) pentammine cobalt dinitrate with a polymeric or paraffinic carrier.",
            "type": "HR",
            "url": "https://api.congress.gov/v3/bill/112/hr/5502?format=json"
        },
        {
            "congress": 112,
            "introducedDate": "2012-05-07",
            "latestAction": {
                "actionDate": "2012-05-14",
                "text": "Referred to the Subcommittee on Trade."
            },
            "number": "5497",
            "policyArea": {
                "name": "Foreign Trade and International Finance"
            },
            "title": "To suspend temporarily the rate of duty on certain warp knit open-work fabrics.",
            "type": "HR",
            "url": "https://api.congress.gov/v3/bill/112/hr/5497?format=json"
        },
        {
            "congress": 112,
            "introducedDate": "2012-05-07",
            "latestAction": {
                "actionDate": "2012-05-14",
                "text": "Referred to the Subcommittee on Trade."
            },
            "number": "5498",
            "policyArea": {
                "name": "Foreign Trade and International Finance"
            },
            "title": "To suspend temporarily the rate of duty on plastic laminate sheets.",
            "type": "HR",
            "url": "https://api.congress.gov/v3/bill/112/hr/5498?format=json"
        },
        {
            "congress": 112,
            "introducedDate": "2012-05-07",
            "latestAction": {
                "actionDate": "2012-05-14",
                "text": "Referred to the Subcommittee on Trade."
            },
            "number": "5499",
            "policyArea": {
                "name": "Foreign Trade and International Finance"
            },
            "title": "To suspend temporarily the rate of duty on 2-cyclo-hexylidene-2-phenyl-acetonitrile.",
            "type": "HR",
            "url": "https://api.congress.gov/v3/bill/112/hr/5499?format=json"
        },
        {
            "congress": 112,
            "introducedDate": "2012-05-07",
            "latestAction": {
                "actionDate": "2012-05-14",
                "text": "Referred to the Subcommittee on Trade."
            },
            "number": "5496",
            "policyArea": {
                "name": "Foreign Trade and International Finance"
            },
            "title": "To amend the Harmonized Tariff Schedule of the United States to make a technical correction relating to sanitary towels (pads) and tampons, diapers and diaper liners for babies and similar articles.",
            "type": "HR",
            "url": "https://api.congress.gov/v3/bill/112/hr/5496?format=json"
        },
        {
            "congress": 112,
            "introducedDate": "2011-12-20",
            "latestAction": {
                "actionDate": "2012-01-12",
                "text": "Referred to the Subcommittee on Energy and Environment."
            },
            "number": "3759",
            "policyArea": {
                "name": "Energy"
            },
            "title": "To ensure the viability of a technology described in section 1703(b) of the Energy Policy Act of 2005.",
            "type": "HR",
            "url": "https://api.congress.gov/v3/bill/112/hr/3759?format=json"
        },
        {
            "congress": 112,
            "introducedDate": "2011-11-03",
            "latestAction": {
                "actionDate": "2011-11-04",
                "text": "Referred to the Subcommittee on Railroads, Pipelines, and Hazardous Materials."
            },
            "number": "3362",
            "policyArea": {
                "name": "Transportation and Public Works"
            },
            "title": "Amtrak Food and Beverage Service Savings Act",
            "type": "HR",
            "url": "https://api.congress.gov/v3/bill/112/hr/3362?format=json"
        },
        {
            "congress": 112,
            "introducedDate": "2011-03-09",
            "latestAction": {
                "actionDate": "2011-03-22",
                "text": "Referred to the Subcommittee on Nutrition and Horticulture ."
            },
            "number": "967",
            "policyArea": {
                "name": "Health"
            },
            "title": "Bed Bug Management, Prevention, and Research Act",
            "type": "HR",
            "url": "https://api.congress.gov/v3/bill/112/hr/967?format=json"
        },
        {
            "congress": 112,
            "introducedDate": "2012-09-13",
            "latestAction": {
                "actionDate": "2012-09-13",
                "text": "Referred to the House Committee on Science, Space, and Technology."
            },
            "number": "784",
            "policyArea": {
                "name": "Science, Technology, Communications"
            },
            "title": "Celebrating the life and achievements of Neil A. Armstrong, a United States patriot who humbly and selflessly served his country, State, and community as a naval aviator, test pilot, astronaut, aeronautical engineer, university professor, and businessman.",
            "type": "HRES",
            "url": "https://api.congress.gov/v3/bill/112/hres/784?format=json"
        },
        {
            "congress": 109,
            "introducedDate": "2006-01-31",
            "latestAction": {
                "actionDate": "2006-02-16",
                "text": "Referred to the Subcommittee on Crime, Terrorism, and Homeland Security."
            },
            "number": "4679",
            "policyArea": {
                "name": "Government Operations and Politics"
            },
            "title": "FARA Sunshine Act of 2006",
            "type": "HR",
            "url": "https://api.congress.gov/v3/bill/109/hr/4679?format=json"
        },
        {
            "congress": 109,
            "introducedDate": "2005-10-28",
            "latestAction": {
                "actionDate": "2005-10-28",
                "text": "Referred to the House Committee on House Administration."
            },
            "number": "4180",
            "policyArea": {
                "name": "Government Operations and Politics"
            },
            "title": "Identification and Disclosure Act",
            "type": "HR",
            "url": "https://api.congress.gov/v3/bill/109/hr/4180?format=json"
        },
        {
            "congress": 109,
            "introducedDate": "2005-10-27",
            "latestAction": {
                "actionDate": "2005-10-28",
                "text": "Referred to the Subcommittee on Economic Development, Public Buildings and Emergency Management."
            },
            "number": "285",
            "policyArea": {
                "name": "Housing and Community Development"
            },
            "title": "Expressing the sense of the Congress that the States of Louisiana, Mississippi, and Alabama should adopt comprehensive, modern, and uniform statewide building codes.",
            "type": "HCONRES",
            "url": "https://api.congress.gov/v3/bill/109/hconres/285?format=json"
        },
        {
            "congress": 111,
            "introducedDate": "2010-09-29",
            "latestAction": {
                "actionDate": "2010-09-29",
                "text": "Referred to the House Committee on Energy and Commerce."
            },
            "number": "6383",
            "policyArea": {
                "name": "Health"
            },
            "title": "Bed Bug Prevention and Mitigation Pilot Program Act",
            "type": "HR",
            "url": "https://api.congress.gov/v3/bill/111/hr/6383?format=json"
        },
        {
            "congress": 111,
            "introducedDate": "2010-05-06",
            "latestAction": {
                "actionDate": "2010-05-06",
                "text": "Referred to the House Committee on Ways and Means."
            },
            "number": "5251",
            "policyArea": {
                "name": "Taxation"
            },
            "title": "Motherhood Fairness Act of 2010",
            "type": "HR",
            "url": "https://api.congress.gov/v3/bill/111/hr/5251?format=json"
        },
        {
            "congress": 111,
            "introducedDate": "2009-03-12",
            "latestAction": {
                "actionDate": "2009-03-12",
                "text": "Referred to the House Committee on Education and Labor."
            },
            "number": "1505",
            "policyArea": {
                "name": "Families"
            },
            "title": "Birth Parent Assistance Act of 2009",
            "type": "HR",
            "url": "https://api.congress.gov/v3/bill/111/hr/1505?format=json"
        },
        {
            "congress": 111,
            "introducedDate": "2009-02-10",
            "latestAction": {
                "actionDate": "2009-02-11",
                "text": "Referred to the Subcommittee on Aviation."
            },
            "number": "966",
            "policyArea": {
                "name": "Transportation and Public Works"
            },
            "title": "To require certain air carriers of foreign air transportation to disclose the nature and source of delays and cancellations experienced by air travelers.",
            "type": "HR",
            "url": "https://api.congress.gov/v3/bill/111/hr/966?format=json"
        },
        {
            "congress": 111,
            "introducedDate": "2009-02-10",
            "latestAction": {
                "actionDate": "2009-02-11",
                "text": "Referred to the Subcommittee on Aviation."
            },
            "number": "967",
            "policyArea": {
                "name": "Transportation and Public Works"
            },
            "title": "To enhance airline passenger protection when the Secretary of Transportation issues a rule to require airline emergency contingency plans.",
            "type": "HR",
            "url": "https://api.congress.gov/v3/bill/111/hr/967?format=json"
        },
        {
            "amendmentNumber": "554",
            "congress": 110,
            "introducedDate": "2007-07-18",
            "latestAction": {
                "actionDate": "2007-07-18",
                "actionTime": "18:53:44",
                "text": "By unanimous consent, the Schmidt amendment was withdrawn. "
            },
            "type": null,
            "url": "https://api.congress.gov/v3/amendment/110/hamdt/554?format=json"
        },
        {
            "amendmentNumber": "336",
            "congress": 110,
            "introducedDate": "2007-06-20",
            "latestAction": {
                "actionDate": "2007-06-20",
                "actionTime": "13:53:52",
                "text": "By unanimous consent, the Schmidt amendment was withdrawn. "
            },
            "type": null,
            "url": "https://api.congress.gov/v3/amendment/110/hamdt/336?format=json"
        },
        {
            "amendmentNumber": "325",
            "congress": 110,
            "introducedDate": "2007-06-19",
            "latestAction": {
                "actionDate": "2007-06-19",
                "actionTime": "16:01:08",
                "text": "By unanimous consent, the Schmidt amendment was withdrawn. "
            },
            "type": null,
            "url": "https://api.congress.gov/v3/amendment/110/hamdt/325?format=json"
        },
        {
            "congress": 110,
            "introducedDate": "2008-12-10",
            "latestAction": {
                "actionDate": "2008-12-11",
                "text": "Referred to the Subcommittee on Aviation."
            },
            "number": "7337",
            "policyArea": {
                "name": "Transportation and Public Works"
            },
            "title": "To require certain air carriers of foreign air transportation to disclose the nature and source of delays and cancellations experienced by air travelers.",
            "type": "HR",
            "url": "https://api.congress.gov/v3/bill/110/hr/7337?format=json"
        },
        {
            "congress": 110,
            "introducedDate": "2008-05-08",
            "latestAction": {
                "actionDate": "2008-05-08",
                "text": "Referred to the House Committee on Ways and Means."
            },
            "number": "6014",
            "policyArea": {
                "name": "Taxation"
            },
            "title": "Birthmother Assistance Act of 2008",
            "type": "HR",
            "url": "https://api.congress.gov/v3/bill/110/hr/6014?format=json"
        },
        {
            "congress": 110,
            "introducedDate": "2008-03-14",
            "latestAction": {
                "actionDate": "2008-03-14",
                "text": "Referred to the House Committee on Education and Labor."
            },
            "number": "5640",
            "policyArea": {
                "name": "Families"
            },
            "title": "Birthparent Assistance Act of 2008",
            "type": "HR",
            "url": "https://api.congress.gov/v3/bill/110/hr/5640?format=json"
        },
        {
            "congress": 110,
            "introducedDate": "2007-06-11",
            "latestAction": {
                "actionDate": "2007-06-12",
                "text": "Referred to the Subcommittee on Aviation."
            },
            "number": "2662",
            "policyArea": {
                "name": "Transportation and Public Works"
            },
            "title": "To require the Secretary of Transportation to collect certain data pertaining to cancelled and diverted flights of air carriers.",
            "type": "HR",
            "url": "https://api.congress.gov/v3/bill/110/hr/2662?format=json"
        },
        {
            "congress": 110,
            "introducedDate": "2007-05-10",
            "latestAction": {
                "actionDate": "2007-05-10",
                "text": "Referred to the Subcommittee on Energy and Air Quality."
            },
            "number": "2282",
            "policyArea": {
                "name": "Energy"
            },
            "title": "Nuclear Waste Storage Prohibition Act",
            "type": "HR",
            "url": "https://api.congress.gov/v3/bill/110/hr/2282?format=json"
        },
        {
            "congress": 110,
            "introducedDate": "2007-04-30",
            "latestAction": {
                "actionDate": "2007-08-09",
                "text": "Became Public Law No: 110-66."
            },
            "number": "2077",
            "policyArea": {
                "name": "Commemorations"
            },
            "title": "To designate the facility of the United States Postal Service located at 20805 State Route 125 in Blue Creek, Ohio, as the \"George B. Lewis Post Office Building\".",
            "type": "HR",
            "url": "https://api.congress.gov/v3/bill/110/hr/2077?format=json"
        },
        {
            "congress": 110,
            "introducedDate": "2007-04-30",
            "latestAction": {
                "actionDate": "2007-08-09",
                "text": "Became Public Law No: 110-67."
            },
            "number": "2078",
            "policyArea": {
                "name": "Commemorations"
            },
            "title": "To designate the facility of the United States Postal Service located at 14536 State Route 136 in Cherry Fork, Ohio, as the \"Staff Sergeant Omer T. 'O.T.' Hawkins Post Office\".",
            "type": "HR",
            "url": "https://api.congress.gov/v3/bill/110/hr/2078?format=json"
        },
        {
            "congress": 110,
            "introducedDate": "2007-03-20",
            "latestAction": {
                "actionDate": "2007-03-21",
                "text": "Referred to the Subcommittee on Water Resources and Environment."
            },
            "number": "1587",
            "policyArea": {
                "name": "Water Resources Development"
            },
            "title": "National Levee Safety Program Act of 2007",
            "type": "HR",
            "url": "https://api.congress.gov/v3/bill/110/hr/1587?format=json"
        },
        {
            "congress": 110,
            "introducedDate": "2007-10-18",
            "latestAction": {
                "actionDate": "2008-10-02",
                "text": "Referred to the Committee on Health, Education, Labor, and Pensions."
            },
            "number": "239",
            "policyArea": {
                "name": "Commemorations"
            },
            "title": "Recognizing and acknowledging the important role of adoption, and commending all parties involved, including birthparents who carry out an adoption plan, adoptive families, and adopted children.",
            "type": "HCONRES",
            "url": "https://api.congress.gov/v3/bill/110/hconres/239?format=json"
        }
    ]
}