{
    "pagination": {
        "count": 64
    },
    "request": {
        "bioguideId": "j000284",
        "contentType": "application/json",
        "format": "json"
    },
    "sponsoredLegislation": [
        {
            "amendmentNumber": "1149",
            "congress": 109,
            "introducedDate": "2006-06-28",
            "latestAction": {
                "actionDate": "2006-06-28",
                "actionTime": "19:29:39",
                "text": "By unanimous consent, the Jones (OH) amendment was withdrawn. "
            },
            "type": null,
            "url": "https://api.congress.gov/v3/amendment/109/hamdt/1149?format=json"
        },
        {
            "amendmentNumber": "277",
            "congress": 109,
            "introducedDate": "2005-06-15",
            "latestAction": {
                "actionDate": "2005-06-15",
                "actionTime": "17:33:56",
                "text": "On agreeing to the Jones (OH) amendment (A030) Failed by recorded vote: 201 - 222 (Roll no. 256). "
            },
            "type": null,
            "url": "https://api.congress.gov/v3/amendment/109/hamdt/277?format=json"
        },
        {
            "amendmentNumber": "222",
            "congress": 109,
            "introducedDate": "2005-05-26",
            "latestAction": {
                "actionDate": "2005-05-26",
                "actionTime": "13:53:23",
                "text": "On agreeing to the Jones (OH) amendment (A006) Agreed to by voice vote. "
            },
            "type": null,
            "url": "https://api.congress.gov/v3/amendment/109/hamdt/222?format=json"
        },
        {
            "amendmentNumber": "221",
            "congress": 109,
            "introducedDate": "2005-05-26",
            "latestAction": {
                "actionDate": "2005-05-26",
                "actionTime": "13:39:09",
                "text": "By unanimous consent, the Jones (OH) amendment was withdrawn. "
            },
            "type": null,
            "url": "https://api.congress.gov/v3/amendment/109/hamdt/221?format=json"
        },
        {
            "congress": 109,
            "introducedDate": "2006-07-26",
            "latestAction": {
                "actionDate": "2006-07-26",
                "text": "Referred to the House Committee on Ways and Means."
            },
            "number": "5889",
            "policyArea": {
                "name": "Taxation"
            },
            "title": "Great Lakes Short Sea Shipping Enhancement Act of 2006",
            "type": "HR",
            "url": "https://api.congress.gov/v3/bill/109/hr/5889?format=json"
        },
        {
            "congress": 109,
            "introducedDate": "2006-05-23",
            "latestAction": {
                "actionDate": "2006-05-23",
                "text": "Referred to the House Committee on the Judiciary."
            },
            "number": "5459",
            "policyArea": {
                "name": "Crime and Law Enforcement"
            },
            "title": "To authorize funds for the United States Marshals Service's Fugitive Safe Surrender Program.",
            "type": "HR",
            "url": "https://api.congress.gov/v3/bill/109/hr/5459?format=json"
        },
        {
            "congress": 109,
            "introducedDate": "2005-11-10",
            "latestAction": {
                "actionDate": "2005-11-30",
                "text": "Referred to the Subcommittee on Readiness."
            },
            "number": "4302",
            "policyArea": {
                "name": "Armed Forces and National Security"
            },
            "title": "BRAC Data Disclosure Act",
            "type": "HR",
            "url": "https://api.congress.gov/v3/bill/109/hr/4302?format=json"
        },
        {
            "congress": 109,
            "introducedDate": "2005-11-09",
            "latestAction": {
                "actionDate": "2006-03-24",
                "text": "Referred to the Subcommittee on Employer-Employee Relations."
            },
            "number": "4274",
            "policyArea": {
                "name": "Labor and Employment"
            },
            "title": "Preservation of Defined Benefit Plans Act of 2005",
            "type": "HR",
            "url": "https://api.congress.gov/v3/bill/109/hr/4274?format=json"
        },
        {
            "congress": 109,
            "introducedDate": "2005-09-14",
            "latestAction": {
                "actionDate": "2005-10-07",
                "text": "Sponsor introductory remarks on measure. (CR H8805)"
            },
            "number": "3769",
            "policyArea": {
                "name": "Taxation"
            },
            "title": "KATRINA Act of 2005",
            "type": "HR",
            "url": "https://api.congress.gov/v3/bill/109/hr/3769?format=json"
        },
        {
            "congress": 109,
            "introducedDate": "2005-07-28",
            "latestAction": {
                "actionDate": "2005-08-10",
                "text": "Referred to the Subcommittee on National Parks."
            },
            "number": "3564",
            "policyArea": {
                "name": "Public Lands and Natural Resources"
            },
            "title": "David Berger Memorial Act of 2005",
            "type": "HR",
            "url": "https://api.congress.gov/v3/bill/109/hr/3564?format=json"
        },
        {
            "congress": 109,
            "introducedDate": "2005-06-22",
            "latestAction": {
                "actionDate": "2005-07-01",
                "text": "Referred to the Subcommittee on Health."
            },
            "number": "3034",
            "policyArea": {
                "name": "Health"
            },
            "title": "Uterine Fibroid Research and Education Act of 2005",
            "type": "HR",
            "url": "https://api.congress.gov/v3/bill/109/hr/3034?format=json"
        },
        {
            "congress": 109,
            "introducedDate": "2005-05-26",
            "latestAction": {
                "actionDate": "2005-06-17",
                "text": "Referred to the Subcommittee on Housing and Community Opportunity."
            },
            "number": "2683",
            "policyArea": {
                "name": "Finance and Financial Sector"
            },
            "title": "Community Economic Development Expertise Enhancement Act of 2005",
            "type": "HR",
            "url": "https://api.congress.gov/v3/bill/109/hr/2683?format=json"
        },
        {
            "congress": 109,
            "introducedDate": "2005-04-28",
            "latestAction": {
                "actionDate": "2005-06-06",
                "text": "Referred to the Subcommittee on Crime, Terrorism, and Homeland Security."
            },
            "number": "1995",
            "policyArea": {
                "name": "Transportation and Public Works"
            },
            "title": "To direct the Secretary of Transportation to prescribe rules requiring car dealerships to verify ownership before providing replacement keys.",
            "type": "HR",
            "url": "https://api.congress.gov/v3/bill/109/hr/1995?format=json"
        },
        {
            "congress": 109,
            "introducedDate": "2005-04-28",
            "latestAction": {
                "actionDate": "2005-04-28",
                "text": "Referred to the House Committee on Financial Services."
            },
            "number": "1994",
            "policyArea": {
                "name": "Finance and Financial Sector"
            },
            "title": "Predatory Mortgage Lending Practices Reduction Act",
            "type": "HR",
            "url": "https://api.congress.gov/v3/bill/109/hr/1994?format=json"
        },
        {
            "congress": 109,
            "introducedDate": "2005-02-17",
            "latestAction": {
                "actionDate": "2005-04-04",
                "text": "Referred to the Subcommittee on Crime, Terrorism, and Homeland Security."
            },
            "number": "939",
            "policyArea": {
                "name": "Government Operations and Politics"
            },
            "title": "Count Every Vote Act of 2005",
            "type": "HR",
            "url": "https://api.congress.gov/v3/bill/109/hr/939?format=json"
        },
        {
            "congress": 109,
            "introducedDate": "2005-01-04",
            "latestAction": {
                "actionDate": "2005-02-09",
                "text": "Referred to the Subcommittee on 21st Century Competitiveness."
            },
            "number": "127",
            "policyArea": {
                "name": "Education"
            },
            "title": "To provide loan forgiveness to social workers who work for child protective agencies.",
            "type": "HR",
            "url": "https://api.congress.gov/v3/bill/109/hr/127?format=json"
        },
        {
            "congress": 109,
            "introducedDate": "2005-01-04",
            "latestAction": {
                "actionDate": "2005-01-05",
                "text": "Referred to the Subcommittee on Aviation."
            },
            "number": "129",
            "policyArea": {
                "name": "Transportation and Public Works"
            },
            "title": "To allow a waiver or exemption of certain requirements for restricted airspace if security is not reduced.",
            "type": "HR",
            "url": "https://api.congress.gov/v3/bill/109/hr/129?format=json"
        },
        {
            "congress": 109,
            "introducedDate": "2005-01-04",
            "latestAction": {
                "actionDate": "2005-02-09",
                "text": "Referred to the Subcommittee on 21st Century Competitiveness."
            },
            "number": "128",
            "policyArea": {
                "name": "Education"
            },
            "title": "College Fire Prevention Act",
            "type": "HR",
            "url": "https://api.congress.gov/v3/bill/109/hr/128?format=json"
        },
        {
            "congress": 109,
            "introducedDate": "2005-05-24",
            "latestAction": {
                "actionDate": "2006-09-27",
                "actionTime": "21:01:55",
                "text": "Motion to reconsider laid on the table Agreed to without objection."
            },
            "number": "295",
            "policyArea": {
                "name": "Commemorations"
            },
            "title": "Expressing the sense of the House of Representatives supporting the establishment of September as Campus Fire Safety Month, and for other purposes.",
            "type": "HRES",
            "url": "https://api.congress.gov/v3/bill/109/hres/295?format=json"
        },
        {
            "congress": 109,
            "introducedDate": "2005-01-04",
            "latestAction": {
                "actionDate": "2005-01-04",
                "text": "Referred to the House Committee on House Administration."
            },
            "number": "21",
            "policyArea": {
                "name": "Commemorations"
            },
            "title": "Honoring Shirley Chisholm for her service to the Nation and expressing condolences to her family, friends, and supporters on her death.",
            "type": "HRES",
            "url": "https://api.congress.gov/v3/bill/109/hres/21?format=json"
        },
        {
            "congress": 110,
            "introducedDate": "2007-12-06",
            "latestAction": {
                "actionDate": "2007-12-06",
                "text": "Referred to the House Committee on Financial Services."
            },
            "number": "4328",
            "policyArea": {
                "name": "Finance and Financial Sector"
            },
            "title": "Community Economic Development Expertise Enhancement Act of 2007",
            "type": "HR",
            "url": "https://api.congress.gov/v3/bill/110/hr/4328?format=json"
        },
        {
            "congress": 110,
            "introducedDate": "2007-05-16",
            "latestAction": {
                "actionDate": "2007-07-16",
                "text": "Sponsor introductory remarks on measure. (CR H7827-7828)"
            },
            "number": "2349",
            "policyArea": {
                "name": "Health"
            },
            "title": "Uterine Fibroid Research and Education Act of 2007",
            "type": "HR",
            "url": "https://api.congress.gov/v3/bill/110/hr/2349?format=json"
        },
        {
            "congress": 110,
            "introducedDate": "2007-05-08",
            "latestAction": {
                "actionDate": "2007-05-08",
                "text": "Referred to the House Committee on Ways and Means."
            },
            "number": "2205",
            "policyArea": {
                "name": "Taxation"
            },
            "title": "Retirement Security for Life Act of 2007",
            "type": "HR",
            "url": "https://api.congress.gov/v3/bill/110/hr/2205?format=json"
        },
        {
            "congress": 110,
            "introducedDate": "2007-04-26",
            "latestAction": {
                "actionDate": "2007-09-18",
                "text": "Sponsor introductory remarks on measure. (CR H10456)"
            },
            "number": "2061",
            "policyArea": {
                "name": "Finance and Financial Sector"
            },
            "title": "Predatory Mortgage Lending Practices Reduction Act",
            "type": "HR",
            "url": "https://api.congress.gov/v3/bill/110/hr/2061?format=json"
        },
        {
            "congress": 110,
            "introducedDate": "2007-03-14",
            "latestAction": {
                "actionDate": "2007-03-14",
                "text": "Referred to the House Committee on Ways and Means."
            },
            "number": "1514",
            "policyArea": {
                "name": "Taxation"
            },
            "title": "Savings for Working Families Act of 2007",
            "type": "HR",
            "url": "https://api.congress.gov/v3/bill/110/hr/1514?format=json"
        },
        {
            "congress": 110,
            "introducedDate": "2007-03-07",
            "latestAction": {
                "actionDate": "2007-03-23",
                "text": "Referred to the Subcommittee on Social Security."
            },
            "number": "1381",
            "policyArea": {
                "name": "Government Operations and Politics"
            },
            "title": "Count Every Vote Act of 2007",
            "type": "HR",
            "url": "https://api.congress.gov/v3/bill/110/hr/1381?format=json"
        },
        {
            "congress": 110,
            "introducedDate": "2007-02-14",
            "latestAction": {
                "actionDate": "2007-02-14",
                "text": "Referred to the House Committee on Ways and Means."
            },
            "number": "1043",
            "policyArea": {
                "name": "Taxation"
            },
            "title": "Community Restoration and Revitalization Act of 2007",
            "type": "HR",
            "url": "https://api.congress.gov/v3/bill/110/hr/1043?format=json"
        },
        {
            "congress": 110,
            "introducedDate": "2007-02-12",
            "latestAction": {
                "actionDate": "2007-02-12",
                "text": "Referred to the House Committee on Ways and Means."
            },
            "number": "981",
            "policyArea": {
                "name": "Taxation"
            },
            "title": "Great Lakes Short Sea Shipping Enhancement Act of 2007",
            "type": "HR",
            "url": "https://api.congress.gov/v3/bill/110/hr/981?format=json"
        },
        {
            "congress": 110,
            "introducedDate": "2007-01-23",
            "latestAction": {
                "actionDate": "2008-10-02",
                "text": "Read twice and referred to the Committee on Health, Education, Labor, and Pensions."
            },
            "number": "642",
            "policyArea": {
                "name": "Education"
            },
            "title": "Honorable Stephanie Tubbs Jones College Fire Prevention Act",
            "type": "HR",
            "url": "https://api.congress.gov/v3/bill/110/hr/642?format=json"
        },
        {
            "congress": 110,
            "introducedDate": "2007-01-23",
            "latestAction": {
                "actionDate": "2007-01-23",
                "text": "Referred to the House Committee on Ways and Means."
            },
            "number": "643",
            "policyArea": {
                "name": "Taxation"
            },
            "title": "Collegiate Housing and Infrastructure Act of 2007",
            "type": "HR",
            "url": "https://api.congress.gov/v3/bill/110/hr/643?format=json"
        },
        {
            "congress": 110,
            "introducedDate": "2008-04-22",
            "latestAction": {
                "actionDate": "2008-04-22",
                "text": "Referred to the Subcommittee on Health."
            },
            "number": "1131",
            "policyArea": {
                "name": "Commemorations"
            },
            "title": "Recognizing that the Centers for Disease Control and Prevention observes the month of April as National STD Awareness Month and urging the House of Representatives to focus greater attention on activities related to the prevention of STDs and screening and treatment for STDs.",
            "type": "HRES",
            "url": "https://api.congress.gov/v3/bill/110/hres/1131?format=json"
        },
        {
            "congress": 110,
            "introducedDate": "2008-02-25",
            "latestAction": {
                "actionDate": "2008-02-25",
                "text": "Referred to the House Committee on Financial Services."
            },
            "number": "996",
            "policyArea": {
                "name": "Commemorations"
            },
            "title": "Expressing support for the second annual America Saves Week 2008 from February 24, 2008 through March 2, 2008.",
            "type": "HRES",
            "url": "https://api.congress.gov/v3/bill/110/hres/996?format=json"
        },
        {
            "congress": 110,
            "introducedDate": "2008-02-19",
            "latestAction": {
                "actionDate": "2008-02-19",
                "text": "Referred to the House Committee on Financial Services."
            },
            "number": "993",
            "policyArea": {
                "name": "Commemorations"
            },
            "title": "Expressing support for the second annual America Saves Week 2008 from February 24, 2008 through March 2, 2008.",
            "type": "HRES",
            "url": "https://api.congress.gov/v3/bill/110/hres/993?format=json"
        },
        {
            "congress": 110,
            "introducedDate": "2008-02-06",
            "latestAction": {
                "actionDate": "2008-02-06",
                "text": "Referred to the House Committee on Financial Services."
            },
            "number": "957",
            "policyArea": {
                "name": "Commemorations"
            },
            "title": "Expressing support for the second annual America Saves Week 2008 from February 24, 2008 through March 2, 2008.",
            "type": "HRES",
            "url": "https://api.congress.gov/v3/bill/110/hres/957?format=json"
        },
        {
            "congress": 110,
            "introducedDate": "2007-12-13",
            "latestAction": {
                "actionDate": "2007-12-13",
                "text": "Referred to the House Committee on House Administration."
            },
            "number": "874",
            "policyArea": {
                "name": "Congress"
            },
            "title": "Expressing the sense of the House of Representatives that the Congressional Philanthropy Caucus was established in July 2007 to provide a platform that can be used to communicate and highlight issues that face the philanthropic sector and allows Members of Congress to discuss common legislative objectives that affect the foundation community.",
            "type": "HRES",
            "url": "https://api.congress.gov/v3/bill/110/hres/874?format=json"
        },
        {
            "congress": 110,
            "introducedDate": "2007-11-14",
            "latestAction": {
                "actionDate": "2007-11-14",
                "text": "Referred to the House Committee on Oversight and Government Reform."
            },
            "number": "827",
            "policyArea": {
                "name": "Commemorations"
            },
            "title": "Honoring and recognizing the achievements of Carl Stokes, the first African-American mayor of a major American city, in the 40th year since his election as Mayor of Cleveland, Ohio.",
            "type": "HRES",
            "url": "https://api.congress.gov/v3/bill/110/hres/827?format=json"
        },
        {
            "congress": 110,
            "introducedDate": "2007-02-28",
            "latestAction": {
                "actionDate": "2007-02-28",
                "text": "Referred to the House Committee on Financial Services."
            },
            "number": "204",
            "policyArea": {
                "name": "Commemorations"
            },
            "title": "Expressing support for the first annual America Saves Week.",
            "type": "HRES",
            "url": "https://api.congress.gov/v3/bill/110/hres/204?format=json"
        },
        {
            "congress": 110,
            "introducedDate": "2007-02-16",
            "latestAction": {
                "actionDate": "2007-02-16",
                "text": "Referred to the House Committee on House Administration."
            },
            "number": "184",
            "policyArea": {
                "name": "Congress"
            },
            "title": "Providing amounts for the expenses of the Committee on Standards of Official Conduct in the One Hundred Tenth Congress.",
            "type": "HRES",
            "url": "https://api.congress.gov/v3/bill/110/hres/184?format=json"
        },
        {
            "congress": 110,
            "introducedDate": "2007-01-24",
            "latestAction": {
                "actionDate": "2007-09-25",
                "actionTime": "17:47:24",
                "text": "Motion to reconsider laid on the table Agreed to without objection."
            },
            "number": "95",
            "policyArea": {
                "name": "Commemorations"
            },
            "title": "Expressing the sense of the House of Representatives supporting the goals and ideals of Campus Fire Safety Month, and for other purposes.",
            "type": "HRES",
            "url": "https://api.congress.gov/v3/bill/110/hres/95?format=json"
        },
        {
            "congress": 110,
            "introducedDate": "2007-01-17",
            "latestAction": {
                "actionDate": "2007-01-17",
                "text": "Referred to the Committee on Financial Services, and in addition to the Committee on Education and Labor, for a period to be subsequently determined by the Speaker, in each case for consideration of such provisions as fall within the jurisdiction of the committee concerned."
            },
            "number": "71",
            "policyArea": {
                "name": "Commemorations"
            },
            "title": "Recognizing the importance of community development corporations (CDCs).",
            "type": "HRES",
            "url": "https://api.congress.gov/v3/bill/110/hres/71?format=json"
        },
        {
            "congress": 110,
            "introducedDate": "2007-06-21",
            "latestAction": {
                "actionDate": "2007-06-21",
                "text": "Referred to the House Committee on Foreign Affairs."
            },
            "number": "173",
            "policyArea": {
                "name": "International Affairs"
            },
            "title": "Supporting the goals and ideals of the First Summit of Caribbean Ministers of Health.",
            "type": "HCONRES",
            "url": "https://api.congress.gov/v3/bill/110/hconres/173?format=json"
        },
        {
            "congress": 110,
            "introducedDate": "2007-03-08",
            "latestAction": {
                "actionDate": "2007-03-09",
                "text": "Referred to the Subcommittee on Health."
            },
            "number": "86",
            "policyArea": {
                "name": "Commemorations"
            },
            "title": "Expressing the sense of Congress that an appropriate month should be recognized as Bebe Moore Campbell National Minority Mental Health Awareness Month to enhance public awareness of mental illness, especially within minority communities.",
            "type": "HCONRES",
            "url": "https://api.congress.gov/v3/bill/110/hconres/86?format=json"
        },
        {
            "congress": 108,
            "introducedDate": "2004-09-08",
            "latestAction": {
                "actionDate": "2004-09-09",
                "text": "Referred to the Subcommittee on Aviation."
            },
            "number": "5028",
            "policyArea": {
                "name": "Transportation and Public Works"
            },
            "title": "To allow a waiver or exemption of certain requirements for restricted airspace if security is not reduced.",
            "type": "HR",
            "url": "https://api.congress.gov/v3/bill/108/hr/5028?format=json"
        },
        {
            "congress": 108,
            "introducedDate": "2003-05-20",
            "latestAction": {
                "actionDate": "2003-06-02",
                "text": "Referred to the Subcommittee on Health."
            },
            "number": "2157",
            "policyArea": {
                "name": "Health"
            },
            "title": "Uterine Fibroid Research and Education Act of 2003",
            "type": "HR",
            "url": "https://api.congress.gov/v3/bill/108/hr/2157?format=json"
        },
        {
            "congress": 108,
            "introducedDate": "2003-04-08",
            "latestAction": {
                "actionDate": "2003-04-29",
                "text": "Referred to the Subcommittee on Financial Institutions and Consumer Credit."
            },
            "number": "1663",
            "policyArea": {
                "name": "Finance and Financial Sector"
            },
            "title": "Predatory Mortgage Lending Practices Reduction Act",
            "type": "HR",
            "url": "https://api.congress.gov/v3/bill/108/hr/1663?format=json"
        },
        {
            "congress": 108,
            "introducedDate": "2003-04-03",
            "latestAction": {
                "actionDate": "2003-05-02",
                "text": "Referred to the Subcommittee on 21st Century Competitiveness."
            },
            "number": "1613",
            "policyArea": {
                "name": "Education"
            },
            "title": "College Fire Prevention Act",
            "type": "HR",
            "url": "https://api.congress.gov/v3/bill/108/hr/1613?format=json"
        },
        {
            "congress": 108,
            "introducedDate": "2003-03-27",
            "latestAction": {
                "actionDate": "2003-04-11",
                "text": "Referred to the Subcommittee on Housing and Community Opportunity."
            },
            "number": "1480",
            "policyArea": {
                "name": "Finance and Financial Sector"
            },
            "title": "Community Economic Development Expertise Enhancement Act of 2003",
            "type": "HR",
            "url": "https://api.congress.gov/v3/bill/108/hr/1480?format=json"
        },
        {
            "congress": 108,
            "introducedDate": "2003-02-12",
            "latestAction": {
                "actionDate": "2003-03-10",
                "text": "Referred to the Subcommittee on 21st Century Competitiveness."
            },
            "number": "734",
            "policyArea": {
                "name": "Education"
            },
            "title": "To provide loan forgiveness to social workers who work for child protective agencies.",
            "type": "HR",
            "url": "https://api.congress.gov/v3/bill/108/hr/734?format=json"
        },
        {
            "congress": 108,
            "introducedDate": "2003-11-19",
            "latestAction": {
                "actionDate": "2003-12-10",
                "text": "Referred to the Subcommittee on Crime, Terrorism, and Homeland Security."
            },
            "number": "454",
            "policyArea": {
                "name": "Crime and Law Enforcement"
            },
            "title": "Encouraging the AMBER Alert Coordinator of the Department of Justice to include within the minimum standards established pursuant to the PROTECT Act a specific criterion for issuance of an alert through the AMBER Alert communications network.",
            "type": "HRES",
            "url": "https://api.congress.gov/v3/bill/108/hres/454?format=json"
        },
        {
            "congress": 108,
            "introducedDate": "2003-11-20",
            "latestAction": {
                "actionDate": "2004-01-30",
                "text": "Referred to the Subcommittee on 21st Century Competitiveness."
            },
            "number": "460",
            "policyArea": {
                "name": "Commemorations"
            },
            "title": "Congratulating The Ohio State University and the University of Michigan on the 100th football game between the two teams and recognizing their rivalry as the greatest sports rivalry in history.",
            "type": "HRES",
            "url": "https://api.congress.gov/v3/bill/108/hres/460?format=json"
        },
        {
            "congress": 108,
            "introducedDate": "2003-02-04",
            "latestAction": {
                "actionDate": "2003-02-04",
                "text": "Referred to the House Committee on Government Reform."
            },
            "number": "28",
            "policyArea": {
                "name": "Commemorations"
            },
            "title": "Expressing the sense of the Congress that the United States Postal Service should issue a commemorative stamp on the subject of school safety awareness.",
            "type": "HCONRES",
            "url": "https://api.congress.gov/v3/bill/108/hconres/28?format=json"
        },
        {
            "congress": 107,
            "introducedDate": "2002-06-04",
            "latestAction": {
                "actionDate": "2002-06-07",
                "text": "Referred to the Subcommittee on Immigration and Claims."
            },
            "number": "4863",
            "policyArea": {
                "name": "Private Legislation"
            },
            "title": "For the relief of Rodney Allan Green and Wendy Sharon Green.",
            "type": "HR",
            "url": "https://api.congress.gov/v3/bill/107/hr/4863?format=json"
        },
        {
            "congress": 107,
            "introducedDate": "2002-03-14",
            "latestAction": {
                "actionDate": "2002-04-15",
                "text": "Referred to the Subcommittee on Housing and Community Opportunity."
            },
            "number": "3974",
            "policyArea": {
                "name": "Finance and Financial Sector"
            },
            "title": "Community Economic Development Expertise Enhancement Act of 2002",
            "type": "HR",
            "url": "https://api.congress.gov/v3/bill/107/hr/3974?format=json"
        },
        {
            "congress": 107,
            "introducedDate": "2002-02-27",
            "latestAction": {
                "actionDate": "2002-04-15",
                "text": "Referred to the Subcommittee on Financial Institutions and Consumer Credit."
            },
            "number": "3807",
            "policyArea": {
                "name": "Finance and Financial Sector"
            },
            "title": "Predatory Mortgage Lending Practices Reduction Act",
            "type": "HR",
            "url": "https://api.congress.gov/v3/bill/107/hr/3807?format=json"
        },
        {
            "congress": 107,
            "introducedDate": "2001-10-09",
            "latestAction": {
                "actionDate": "2001-10-09",
                "text": "Referred to the House Committee on Ways and Means."
            },
            "number": "3059",
            "policyArea": {
                "name": "Taxation"
            },
            "title": "Retiree Health Assistance Act of 2001",
            "type": "HR",
            "url": "https://api.congress.gov/v3/bill/107/hr/3059?format=json"
        },
        {
            "congress": 107,
            "introducedDate": "2001-06-13",
            "latestAction": {
                "actionDate": "2001-08-20",
                "text": "Referred to the Subcommittee on 21st Century Competitiveness."
            },
            "number": "2145",
            "policyArea": {
                "name": "Education"
            },
            "title": "College Fire Prevention Act",
            "type": "HR",
            "url": "https://api.congress.gov/v3/bill/107/hr/2145?format=json"
        },
        {
            "congress": 107,
            "introducedDate": "2001-05-02",
            "latestAction": {
                "actionDate": "2001-05-15",
                "text": "Referred to the Subcommittee on Health."
            },
            "number": "1672",
            "policyArea": {
                "name": "Health"
            },
            "title": "Uterine Fibroids Research and Education Act of 2001",
            "type": "HR",
            "url": "https://api.congress.gov/v3/bill/107/hr/1672?format=json"
        },
        {
            "congress": 107,
            "introducedDate": "2002-10-01",
            "latestAction": {
                "actionDate": "2002-10-01",
                "text": "Referred to the House Committee on Government Reform."
            },
            "number": "493",
            "policyArea": {
                "name": "Commemorations"
            },
            "title": "Expressing the sense of the Congress that the United States Postal Service should issue a commemorative stamp on the subject of school safety awareness.",
            "type": "HCONRES",
            "url": "https://api.congress.gov/v3/bill/107/hconres/493?format=json"
        },
        {
            "congress": 107,
            "introducedDate": "2001-09-21",
            "latestAction": {
                "actionDate": "2001-09-27",
                "text": "Referred to the Subcommittee on Commerce, Trade and Consumer Protection."
            },
            "number": "234",
            "policyArea": {
                "name": "Commerce"
            },
            "title": "Expressing the sense of Congress relating to the increased importance of the United States steel industry since the attacks on the United States on September 11, 2001.",
            "type": "HCONRES",
            "url": "https://api.congress.gov/v3/bill/107/hconres/234?format=json"
        },
        {
            "amendmentNumber": "512",
            "congress": 106,
            "introducedDate": "1999-10-05",
            "latestAction": {
                "actionDate": "1999-10-05",
                "actionTime": "17:05:50",
                "text": "On agreeing to the Jones (OH) amendment (A003) Agreed to by recorded vote: 389 - 32 (Roll no. 478). "
            },
            "type": null,
            "url": "https://api.congress.gov/v3/amendment/106/hamdt/512?format=json"
        },
        {
            "congress": 106,
            "introducedDate": "2000-07-13",
            "latestAction": {
                "actionDate": "2000-11-07",
                "text": "Became Public Law No: 106-453."
            },
            "number": "4853",
            "policyArea": {
                "name": "Commemorations"
            },
            "title": "To redesignate the facility of the United States Postal Service located at 1568 South Glen Road in South Euclid, Ohio, as the \"Arnold C. D'Amico Station\".",
            "type": "HR",
            "url": "https://api.congress.gov/v3/bill/106/hr/4853?format=json"
        },
        {
            "congress": 106,
            "introducedDate": "2000-01-27",
            "latestAction": {
                "actionDate": "2000-02-23",
                "text": "Referred to the Subcommittee on Postsecondary Education, Training and Life-Long Learning."
            },
            "number": "3542",
            "policyArea": {
                "name": "Education"
            },
            "title": "Greater Access to Distance Education Act of 2000",
            "type": "HR",
            "url": "https://api.congress.gov/v3/bill/106/hr/3542?format=json"
        },
        {
            "congress": 106,
            "introducedDate": "2000-07-27",
            "latestAction": {
                "actionDate": "2000-07-27",
                "text": "Referred to the Subcommittee on Ground Transportation."
            },
            "number": "388",
            "policyArea": {
                "name": "Transportation and Public Works"
            },
            "title": "Recognizing the historic significance of the 100th anniversary of the AAA Ohio Motorists Association, and extending best wishes for the continued success of the organization.",
            "type": "HCONRES",
            "url": "https://api.congress.gov/v3/bill/106/hconres/388?format=json"
        },
        {
            "congress": 106,
            "introducedDate": "2000-01-27",
            "latestAction": {
                "actionDate": "2000-02-03",
                "text": "Referred to the Subcommittee on Health and Environment."
            },
            "number": "243",
            "policyArea": {
                "name": "Health"
            },
            "title": "Expressing the sense of Congress regarding the importance of mental health awareness, mental disorders, and early detection of mental illnesses to facilitate entry into treatment.",
            "type": "HCONRES",
            "url": "https://api.congress.gov/v3/bill/106/hconres/243?format=json"
        }
    ]
}