{
    "pagination": {
        "count": 141
    },
    "request": {
        "bioguideId": "r000395",
        "contentType": "application/json",
        "format": "json"
    },
    "sponsoredLegislation": [
        {
            "congress": 118,
            "introducedDate": "2024-07-11",
            "latestAction": {
                "actionDate": "2024-07-11",
                "text": "Placed on the Union Calendar, Calendar No. 482."
            },
            "number": "9026",
            "policyArea": {
                "name": "Economics and Public Finance"
            },
            "title": "Commerce, Justice, Science, and Related Agencies Appropriations Act, 2025",
            "type": "HR",
            "url": "https://api.congress.gov/v3/bill/118/hr/9026?format=json"
        },
        {
            "congress": 118,
            "introducedDate": "2024-05-08",
            "latestAction": {
                "actionDate": "2024-05-09",
                "text": "Referred to the Subcommittee on Economic Development, Public Buildings, and Emergency Management."
            },
            "number": "8324",
            "policyArea": {
                "name": null
            },
            "title": "To designate the United States courthouse annex located at 310 South Main Street in London, Kentucky, as the \"Eugene E. Siler, Jr. United States Courthouse Annex\".",
            "type": "HR",
            "url": "https://api.congress.gov/v3/bill/118/hr/8324?format=json"
        },
        {
            "congress": 118,
            "introducedDate": "2023-12-06",
            "latestAction": {
                "actionDate": "2023-12-06",
                "text": "Referred to the Committee on Education and the Workforce, and in addition to the Committee on Ways and Means, for a period to be subsequently determined by the Speaker, in each case for consideration of such provisions as fall within the jurisdiction of the committee concerned."
            },
            "number": "6644",
            "policyArea": {
                "name": "Labor and Employment"
            },
            "title": "John White Ensuring Timely Black Lung Benefits Act",
            "type": "HR",
            "url": "https://api.congress.gov/v3/bill/118/hr/6644?format=json"
        },
        {
            "congress": 118,
            "introducedDate": "2023-10-06",
            "latestAction": {
                "actionDate": "2023-11-14",
                "actionTime": "16:28:01",
                "text": "Rules Committee Resolution H. Res. 869 Reported to House. Rule provides for consideration of H.R. 5893 and H.R. 5961. The resolution provides for consideration of H.R. 5893, under a structured rule with one hour of general debate and one motion to recommit. The resolution provides for consideration of H.R. 5961 under a closed rule with one hour of general debate and one motion to recommit."
            },
            "number": "5893",
            "policyArea": {
                "name": "Economics and Public Finance"
            },
            "title": "Commerce, Justice, Science, and Related Agencies Appropriations Act, 2024",
            "type": "HR",
            "url": "https://api.congress.gov/v3/bill/118/hr/5893?format=json"
        },
        {
            "congress": 118,
            "introducedDate": "2023-06-13",
            "latestAction": {
                "actionDate": "2023-06-13",
                "text": "Referred to the House Committee on the Judiciary."
            },
            "number": "501",
            "policyArea": {
                "name": "Crime and Law Enforcement"
            },
            "title": "Honoring the men and women of the Drug Enforcement Administration on the 50th anniversary of the agency.",
            "type": "HRES",
            "url": "https://api.congress.gov/v3/bill/118/hres/501?format=json"
        },
        {
            "congress": 118,
            "introducedDate": "2023-06-13",
            "latestAction": {
                "actionDate": "2023-06-16",
                "text": "Referred to the Subcommittee on Health."
            },
            "number": "4079",
            "policyArea": {
                "name": "Health"
            },
            "title": "Substance Use Disorder Treatment and Recovery Loan Repayment Program Reauthorization Act of 2023",
            "type": "HR",
            "url": "https://api.congress.gov/v3/bill/118/hr/4079?format=json"
        },
        {
            "congress": 118,
            "introducedDate": "2023-05-16",
            "latestAction": {
                "actionDate": "2023-05-19",
                "text": "Referred to the Subcommittee on Health."
            },
            "number": "3355",
            "policyArea": {
                "name": "Health"
            },
            "title": "Substance Use Disorder Treatment and Recovery Loan Repayment Program Reauthorization Act of 2023",
            "type": "HR",
            "url": "https://api.congress.gov/v3/bill/118/hr/3355?format=json"
        },
        {
            "congress": 118,
            "introducedDate": "2023-01-06",
            "latestAction": {
                "actionDate": "2023-01-07",
                "actionTime": "01:51:30",
                "text": "Motion to reconsider laid on the table Agreed to without objection."
            },
            "number": "4",
            "policyArea": {
                "name": "Congress"
            },
            "title": "Authorizing the Clerk to inform the President of the election of the Speaker and the Clerk.",
            "type": "HRES",
            "url": "https://api.congress.gov/v3/bill/118/hres/4?format=json"
        },
        {
            "congress": 117,
            "introducedDate": "2022-02-18",
            "latestAction": {
                "actionDate": "2022-02-18",
                "text": "Referred to the Committee on Education and Labor, and in addition to the Committee on Ways and Means, for a period to be subsequently determined by the Speaker, in each case for consideration of such provisions as fall within the jurisdiction of the committee concerned."
            },
            "number": "6791",
            "policyArea": {
                "name": "Labor and Employment"
            },
            "title": "John White Ensuring Timely Black Lung Benefits Act",
            "type": "HR",
            "url": "https://api.congress.gov/v3/bill/117/hr/6791?format=json"
        },
        {
            "congress": 116,
            "introducedDate": "2019-12-05",
            "latestAction": {
                "actionDate": "2019-12-16",
                "text": "Referred to the Subcommittee on National Parks, Forests, and Public Lands."
            },
            "number": "5305",
            "policyArea": {
                "name": "Public Lands and Natural Resources"
            },
            "title": "Kentucky Wildlands National Heritage Area Study Act",
            "type": "HR",
            "url": "https://api.congress.gov/v3/bill/116/hr/5305?format=json"
        },
        {
            "amendmentNumber": "3",
            "congress": 113,
            "introducedDate": "2013-01-15",
            "latestAction": {
                "actionDate": "2013-01-15",
                "actionTime": "16:21:36",
                "text": "On agreeing to the Rogers (KY) amendment (A001) Agreed to by recorded vote: 327 - 91 (Roll no. 15). (consideration: CR H127-128)"
            },
            "type": null,
            "url": "https://api.congress.gov/v3/amendment/113/hamdt/3?format=json"
        },
        {
            "congress": 113,
            "introducedDate": "2014-07-29",
            "latestAction": {
                "actionDate": "2014-09-08",
                "text": "Read the second time. Placed on Senate Legislative Calendar under General Orders. Calendar No. 550."
            },
            "number": "5230",
            "policyArea": {
                "name": "Economics and Public Finance"
            },
            "title": "Making supplemental appropriations for the fiscal year ending September 30, 2014, and for other purposes.",
            "type": "HR",
            "url": "https://api.congress.gov/v3/bill/113/hr/5230?format=json"
        },
        {
            "congress": 113,
            "introducedDate": "2014-03-05",
            "latestAction": {
                "actionDate": "2014-04-09",
                "text": "Committee on Commission on Security and Cooperation in Europe. Hearings held."
            },
            "number": "4152",
            "policyArea": {
                "name": "International Affairs"
            },
            "title": "Support for the Sovereignty, Integrity, Democracy, and Economic Stability of Ukraine Act of 2014",
            "type": "HR",
            "url": "https://api.congress.gov/v3/bill/113/hr/4152?format=json"
        },
        {
            "congress": 113,
            "introducedDate": "2013-10-02",
            "latestAction": {
                "actionDate": "2014-08-07",
                "text": "Became Public Law No: 113-146."
            },
            "number": "3230",
            "policyArea": {
                "name": "Armed Forces and National Security"
            },
            "title": "Veterans Access, Choice, and Accountability Act of 2014",
            "type": "HR",
            "url": "https://api.congress.gov/v3/bill/113/hr/3230?format=json"
        },
        {
            "congress": 113,
            "introducedDate": "2013-03-04",
            "latestAction": {
                "actionDate": "2013-03-26",
                "text": "Became Public Law No: 113-6."
            },
            "number": "933",
            "policyArea": {
                "name": "Economics and Public Finance"
            },
            "title": "Consolidated and Further Continuing Appropriations Act, 2013",
            "type": "HR",
            "url": "https://api.congress.gov/v3/bill/113/hr/933?format=json"
        },
        {
            "congress": 113,
            "introducedDate": "2013-01-15",
            "latestAction": {
                "actionDate": "2014-04-29",
                "text": "Received in the Senate and Read twice and referred to the Committee on Energy and Natural Resources."
            },
            "number": "298",
            "policyArea": {
                "name": "Public Lands and Natural Resources"
            },
            "title": "To direct the Secretary of the Interior to conduct a special resource study to evaluate the significance of the Mill Springs Battlefield located in Pulaski and Wayne Counties, Kentucky, and the feasibility of its inclusion in the National Park System, and for other purposes.",
            "type": "HR",
            "url": "https://api.congress.gov/v3/bill/113/hr/298?format=json"
        },
        {
            "congress": 113,
            "introducedDate": "2013-01-04",
            "latestAction": {
                "actionDate": "2013-01-29",
                "text": "Became Public Law No: 113-2."
            },
            "number": "152",
            "policyArea": {
                "name": "Emergency Management"
            },
            "title": "Making supplemental appropriations for the fiscal\r\nyear ending September 30, 2013, to improve and\r\nstreamline disaster assistance for Hurricane\r\nSandy, and for other purposes.",
            "type": "HR",
            "url": "https://api.congress.gov/v3/bill/113/hr/152?format=json"
        },
        {
            "congress": 113,
            "introducedDate": "2014-12-12",
            "latestAction": {
                "actionDate": "2014-12-13",
                "text": "Became Public Law No: 113-203."
            },
            "number": "131",
            "policyArea": {
                "name": "Economics and Public Finance"
            },
            "title": "Making further continuing appropriations for fiscal year 2015, and for other purposes.",
            "type": "HJRES",
            "url": "https://api.congress.gov/v3/bill/113/hjres/131?format=json"
        },
        {
            "congress": 113,
            "introducedDate": "2014-12-10",
            "latestAction": {
                "actionDate": "2014-12-12",
                "text": "Became Public Law No: 113-202."
            },
            "number": "130",
            "policyArea": {
                "name": "Economics and Public Finance"
            },
            "title": "Making further continuing appropriations for fiscal year 2015, and for other purposes.",
            "type": "HJRES",
            "url": "https://api.congress.gov/v3/bill/113/hjres/130?format=json"
        },
        {
            "congress": 113,
            "introducedDate": "2014-09-09",
            "latestAction": {
                "actionDate": "2014-09-19",
                "text": "Became Public Law No: 113-164."
            },
            "number": "124",
            "policyArea": {
                "name": "Economics and Public Finance"
            },
            "title": "Continuing Appropriations Resolution, 2015",
            "type": "HJRES",
            "url": "https://api.congress.gov/v3/bill/113/hjres/124?format=json"
        },
        {
            "congress": 113,
            "introducedDate": "2014-01-10",
            "latestAction": {
                "actionDate": "2014-01-15",
                "text": "Became Public Law No: 113-73."
            },
            "number": "106",
            "policyArea": {
                "name": "Economics and Public Finance"
            },
            "title": "Making further continuing appropriations for fiscal year 2014, and for other purposes.",
            "type": "HJRES",
            "url": "https://api.congress.gov/v3/bill/113/hjres/106?format=json"
        },
        {
            "congress": 113,
            "introducedDate": "2013-10-08",
            "latestAction": {
                "actionDate": "2013-10-10",
                "text": "Read the second time. Placed on Senate Legislative Calendar under General Orders. Calendar No. 215."
            },
            "number": "90",
            "policyArea": {
                "name": "Transportation and Public Works"
            },
            "title": "Federal Aviation Administration Continuing Appropriations Resolution, 2014",
            "type": "HJRES",
            "url": "https://api.congress.gov/v3/bill/113/hjres/90?format=json"
        },
        {
            "congress": 113,
            "introducedDate": "2013-10-08",
            "latestAction": {
                "actionDate": "2013-10-10",
                "text": "Read the second time. Placed on Senate Legislative Calendar under General Orders. Calendar No. 214."
            },
            "number": "89",
            "policyArea": {
                "name": "Government Operations and Politics"
            },
            "title": "Making appropriations for the salaries and related expenses of certain Federal employees during a lapse in funding authority for fiscal year 2014, to establish a bicameral working group on deficit reduction and economic growth, and for other purposes.",
            "type": "HJRES",
            "url": "https://api.congress.gov/v3/bill/113/hjres/89?format=json"
        },
        {
            "congress": 113,
            "introducedDate": "2013-10-03",
            "latestAction": {
                "actionDate": "2013-10-10",
                "text": "Read the second time. Placed on Senate Legislative Calendar under General Orders. Calendar No. 213."
            },
            "number": "84",
            "policyArea": {
                "name": "Education"
            },
            "title": "Head Start Continuing Appropriations Resolution, 2014",
            "type": "HJRES",
            "url": "https://api.congress.gov/v3/bill/113/hjres/84?format=json"
        },
        {
            "congress": 113,
            "introducedDate": "2013-10-03",
            "latestAction": {
                "actionDate": "2013-10-03",
                "text": "Referred to the House Committee on Appropriations."
            },
            "number": "82",
            "policyArea": {
                "name": "Science, Technology, Communications"
            },
            "title": "National Weather Service Continuing Appropriations Resolution, 2014",
            "type": "HJRES",
            "url": "https://api.congress.gov/v3/bill/113/hjres/82?format=json"
        },
        {
            "congress": 113,
            "introducedDate": "2013-10-03",
            "latestAction": {
                "actionDate": "2013-10-03",
                "text": "Referred to the House Committee on Appropriations."
            },
            "number": "83",
            "policyArea": {
                "name": "Education"
            },
            "title": "Impact Aid Continuing Appropriations Resolution, 2014",
            "type": "HJRES",
            "url": "https://api.congress.gov/v3/bill/113/hjres/83?format=json"
        },
        {
            "congress": 113,
            "introducedDate": "2013-09-10",
            "latestAction": {
                "actionDate": "2013-12-26",
                "text": "Became Public Law No: 113-67."
            },
            "number": "59",
            "policyArea": {
                "name": "Economics and Public Finance"
            },
            "title": "Continuing Appropriations Resolution, 2014",
            "type": "HJRES",
            "url": "https://api.congress.gov/v3/bill/113/hjres/59?format=json"
        },
        {
            "congress": 113,
            "introducedDate": "2013-04-15",
            "latestAction": {
                "actionDate": "2013-04-19",
                "text": "Referred to the Subcommittee on Health."
            },
            "number": "161",
            "policyArea": {
                "name": "Health"
            },
            "title": "Expressing the sense of the House of Representatives that the Food and Drug Administration should encourage the use of abuse-deterrent formulations of drugs.",
            "type": "HRES",
            "url": "https://api.congress.gov/v3/bill/113/hres/161?format=json"
        },
        {
            "congress": 113,
            "introducedDate": "2014-12-10",
            "latestAction": {
                "actionDate": "2014-12-15",
                "text": "Message on Senate action sent to the House."
            },
            "number": "122",
            "policyArea": {
                "name": "Congress"
            },
            "title": "Providing for a correction in the enrollment of H.R. 83.",
            "type": "HCONRES",
            "url": "https://api.congress.gov/v3/bill/113/hconres/122?format=json"
        },
        {
            "congress": 113,
            "introducedDate": "2014-01-13",
            "latestAction": {
                "actionDate": "2014-01-17",
                "text": "Message on Senate action sent to the House."
            },
            "number": "74",
            "policyArea": {
                "name": "Economics and Public Finance"
            },
            "title": "Providing for a correction in the enrollment of H.R. 3547.",
            "type": "HCONRES",
            "url": "https://api.congress.gov/v3/bill/113/hconres/74?format=json"
        },
        {
            "congress": 112,
            "introducedDate": "2012-03-28",
            "latestAction": {
                "actionDate": "2012-03-30",
                "text": "Referred to the Subcommittee on Health."
            },
            "number": "4292",
            "policyArea": {
                "name": "Health"
            },
            "title": "ID MEDS Act",
            "type": "HR",
            "url": "https://api.congress.gov/v3/bill/112/hr/4292?format=json"
        },
        {
            "congress": 112,
            "introducedDate": "2012-01-18",
            "latestAction": {
                "actionDate": "2012-01-26",
                "text": "Referred to the Subcommittee on National Parks, Forests and Public Lands."
            },
            "number": "3792",
            "policyArea": {
                "name": "Public Lands and Natural Resources"
            },
            "title": "To direct the Secretary of the Interior to conduct a special resource study to evaluate the significance of the Mill Springs Battlefield located in Pulaski and Wayne Counties, Kentucky, and the feasibility of its inclusion in the National Park System, and for other purposes.",
            "type": "HR",
            "url": "https://api.congress.gov/v3/bill/112/hr/3792?format=json"
        },
        {
            "congress": 112,
            "introducedDate": "2011-12-14",
            "latestAction": {
                "actionDate": "2011-12-14",
                "text": "Referred to the Committee on Appropriations, and in addition to the Committee on the Budget, for a period to be subsequently determined by the Speaker, in each case for consideration of such provisions as fall within the jurisdiction of the committee concerned."
            },
            "number": "3671",
            "policyArea": {
                "name": "Economics and Public Finance"
            },
            "title": "Consolidated Appropriations Act, 2012",
            "type": "HR",
            "url": "https://api.congress.gov/v3/bill/112/hr/3671?format=json"
        },
        {
            "congress": 112,
            "introducedDate": "2011-12-14",
            "latestAction": {
                "actionDate": "2011-12-23",
                "text": "Became Public Law No: 112-77."
            },
            "number": "3672",
            "policyArea": {
                "name": "Emergency Management"
            },
            "title": "Disaster Relief Appropriations Act, 2012",
            "type": "HR",
            "url": "https://api.congress.gov/v3/bill/112/hr/3672?format=json"
        },
        {
            "congress": 112,
            "introducedDate": "2011-04-11",
            "latestAction": {
                "actionDate": "2011-04-15",
                "text": "Became Public Law No: 112-10."
            },
            "number": "1473",
            "policyArea": {
                "name": "Economics and Public Finance"
            },
            "title": "Department of Defense and Full-Year Continuing Appropriations Act, 2011",
            "type": "HR",
            "url": "https://api.congress.gov/v3/bill/112/hr/1473?format=json"
        },
        {
            "congress": 112,
            "introducedDate": "2011-04-04",
            "latestAction": {
                "actionDate": "2011-04-09",
                "text": "Became Public Law No: 112-8."
            },
            "number": "1363",
            "policyArea": {
                "name": "Armed Forces and National Security"
            },
            "title": "Further Additional Continuing Appropriations Amendments, 2011",
            "type": "HR",
            "url": "https://api.congress.gov/v3/bill/112/hr/1363?format=json"
        },
        {
            "congress": 112,
            "introducedDate": "2011-03-08",
            "latestAction": {
                "actionDate": "2011-03-09",
                "text": "Referred to the Subcommittee on Water Resources and Environment."
            },
            "number": "960",
            "policyArea": {
                "name": "Environmental Protection"
            },
            "title": "Mining Jobs Protection Act",
            "type": "HR",
            "url": "https://api.congress.gov/v3/bill/112/hr/960?format=json"
        },
        {
            "congress": 112,
            "introducedDate": "2011-02-11",
            "latestAction": {
                "actionDate": "2012-12-30",
                "text": "Message on Senate action sent to the House."
            },
            "number": "1",
            "policyArea": {
                "name": "Economics and Public Finance"
            },
            "title": "Disaster Relief Appropriations Act, 2013",
            "type": "HR",
            "url": "https://api.congress.gov/v3/bill/112/hr/1?format=json"
        },
        {
            "congress": 112,
            "introducedDate": "2012-09-10",
            "latestAction": {
                "actionDate": "2012-09-28",
                "text": "Became Public Law No: 112-175."
            },
            "number": "117",
            "policyArea": {
                "name": "Economics and Public Finance"
            },
            "title": "Continuing Appropriations Resolution, 2013",
            "type": "HJRES",
            "url": "https://api.congress.gov/v3/bill/112/hjres/117?format=json"
        },
        {
            "congress": 112,
            "introducedDate": "2011-12-16",
            "latestAction": {
                "actionDate": "2011-12-16",
                "text": "Became Public Law No: 112-67."
            },
            "number": "94",
            "policyArea": {
                "name": "Economics and Public Finance"
            },
            "title": "Making further continuing appropriations for fiscal year 2012, and for other purposes.",
            "type": "HJRES",
            "url": "https://api.congress.gov/v3/bill/112/hjres/94?format=json"
        },
        {
            "congress": 112,
            "introducedDate": "2011-12-16",
            "latestAction": {
                "actionDate": "2011-12-17",
                "text": "Became Public Law No: 112-68."
            },
            "number": "95",
            "policyArea": {
                "name": "Economics and Public Finance"
            },
            "title": "Making further continuing appropriations for fiscal year 2012, and for other purposes.",
            "type": "HJRES",
            "url": "https://api.congress.gov/v3/bill/112/hjres/95?format=json"
        },
        {
            "congress": 112,
            "introducedDate": "2011-09-14",
            "latestAction": {
                "actionDate": "2011-09-15",
                "actionTime": "11:23:50",
                "text": "Rules Committee Resolution H. Res. 399 Reported to House. Rule provides for consideration of H.J. Res. 79 with 1 hour of general debate. Previous question shall be considered as ordered without intervening motions except motion to recommit with or without instructions. Measure will be considered read. Bill is closed to amendments. The amendment printed in the report of the Committee on Rules shall be considered as adopted."
            },
            "number": "79",
            "policyArea": {
                "name": "Economics and Public Finance"
            },
            "title": "Continuing Appropriations Resolution, 2012",
            "type": "HJRES",
            "url": "https://api.congress.gov/v3/bill/112/hjres/79?format=json"
        },
        {
            "congress": 112,
            "introducedDate": "2011-03-11",
            "latestAction": {
                "actionDate": "2011-03-18",
                "text": "Became Public Law No: 112-6."
            },
            "number": "48",
            "policyArea": {
                "name": "Economics and Public Finance"
            },
            "title": "Additional Continuing Appropriations Amendments, 2011",
            "type": "HJRES",
            "url": "https://api.congress.gov/v3/bill/112/hjres/48?format=json"
        },
        {
            "congress": 112,
            "introducedDate": "2011-02-28",
            "latestAction": {
                "actionDate": "2011-03-02",
                "text": "Became Public Law No: 112-4."
            },
            "number": "44",
            "policyArea": {
                "name": "Economics and Public Finance"
            },
            "title": "Further Continuing Appropriations Amendments, 2011",
            "type": "HJRES",
            "url": "https://api.congress.gov/v3/bill/112/hjres/44?format=json"
        },
        {
            "congress": 112,
            "introducedDate": "2012-01-18",
            "latestAction": {
                "actionDate": "2012-01-18",
                "text": "Referred to the House Committee on Natural Resources."
            },
            "number": "517",
            "policyArea": {
                "name": "Public Lands and Natural Resources"
            },
            "title": "To commemorate the 150th Anniversary of the Battle of Mill Springs and the significance of this battle during the Civil War.",
            "type": "HRES",
            "url": "https://api.congress.gov/v3/bill/112/hres/517?format=json"
        },
        {
            "congress": 112,
            "introducedDate": "2011-12-14",
            "latestAction": {
                "actionDate": "2011-12-17",
                "text": "Message on Senate action sent to the House."
            },
            "number": "94",
            "policyArea": {
                "name": "Congress"
            },
            "title": "Directing the Clerk of the House of Representatives to make corrections in the enrollment of H.R. 3672.",
            "type": "HCONRES",
            "url": "https://api.congress.gov/v3/bill/112/hconres/94?format=json"
        },
        {
            "congress": 112,
            "introducedDate": "2011-10-03",
            "latestAction": {
                "actionDate": "2011-10-04",
                "text": "Message on Senate action sent to the House."
            },
            "number": "83",
            "policyArea": {
                "name": "Congress"
            },
            "title": "Directing the Clerk of the House of Representatives to make a further correction in the enrollment of H.R. 2608.",
            "type": "HCONRES",
            "url": "https://api.congress.gov/v3/bill/112/hconres/83?format=json"
        },
        {
            "congress": 112,
            "introducedDate": "2011-09-22",
            "latestAction": {
                "actionDate": "2011-09-27",
                "text": "Message on Senate action sent to the House."
            },
            "number": "81",
            "policyArea": {
                "name": "Congress"
            },
            "title": "Directing the Clerk of the House of Representatives to make a correction in the enrollment of H.R. 2608.",
            "type": "HCONRES",
            "url": "https://api.congress.gov/v3/bill/112/hconres/81?format=json"
        },
        {
            "congress": 116,
            "introducedDate": "2019-01-04",
            "latestAction": {
                "actionDate": "2019-02-05",
                "text": "Referred to the Subcommittee on National Parks, Forests, and Public Lands."
            },
            "number": "240",
            "policyArea": {
                "name": "Public Lands and Natural Resources"
            },
            "title": "Mill Springs Battlefield National Monument Act",
            "type": "HR",
            "url": "https://api.congress.gov/v3/bill/116/hr/240?format=json"
        },
        {
            "congress": 115,
            "introducedDate": "2018-07-16",
            "latestAction": {
                "actionDate": "2018-07-16",
                "text": "Placed on the Union Calendar, Calendar No. 642."
            },
            "number": "6385",
            "policyArea": {
                "name": "International Affairs"
            },
            "title": "Department of State, Foreign Operations, and Related Programs Appropriations Act, 2019",
            "type": "HR",
            "url": "https://api.congress.gov/v3/bill/115/hr/6385?format=json"
        },
        {
            "congress": 115,
            "introducedDate": "2018-05-25",
            "latestAction": {
                "actionDate": "2018-11-26",
                "text": "Placed on Senate Legislative Calendar under General Orders. Calendar No. 664."
            },
            "number": "5979",
            "policyArea": {
                "name": "Public Lands and Natural Resources"
            },
            "title": "Mill Springs Battlefield National Monument Act",
            "type": "HR",
            "url": "https://api.congress.gov/v3/bill/115/hr/5979?format=json"
        },
        {
            "congress": 115,
            "introducedDate": "2018-04-18",
            "latestAction": {
                "actionDate": "2018-04-18",
                "text": "Referred to the House Committee on Energy and Commerce."
            },
            "number": "5570",
            "policyArea": {
                "name": "Health"
            },
            "title": "To amend the Public Health Service Act to authorize certain grantees to contract with or make subawards to local or regional organizations that are private and nonprofit, and that may be faith-based, and for other purposes.",
            "type": "HR",
            "url": "https://api.congress.gov/v3/bill/115/hr/5570?format=json"
        },
        {
            "congress": 115,
            "introducedDate": "2017-09-18",
            "latestAction": {
                "actionDate": "2017-09-19",
                "text": "Referred to the Subcommittee on Economic Development, Public Buildings and Emergency Management."
            },
            "number": "3802",
            "policyArea": {
                "name": "Economics and Public Finance"
            },
            "title": "Appalachian Regional Commission Reform Act",
            "type": "HR",
            "url": "https://api.congress.gov/v3/bill/115/hr/3802?format=json"
        },
        {
            "amendmentNumber": "320",
            "congress": 115,
            "introducedDate": "2017-09-07",
            "latestAction": {
                "actionDate": "2017-09-07",
                "actionTime": "15:23:10",
                "text": "On agreeing to the Rogers (KY) amendments (A048) Agreed to by voice vote. "
            },
            "type": null,
            "url": "https://api.congress.gov/v3/amendment/115/hamdt/320?format=json"
        },
        {
            "congress": 115,
            "introducedDate": "2017-07-24",
            "latestAction": {
                "actionDate": "2017-07-24",
                "text": "Placed on the Union Calendar, Calendar No. 184."
            },
            "number": "3362",
            "policyArea": {
                "name": "International Affairs"
            },
            "title": "Department of State, Foreign Operations, and Related Programs Appropriations Act, 2018",
            "type": "HR",
            "url": "https://api.congress.gov/v3/bill/115/hr/3362?format=json"
        },
        {
            "congress": 115,
            "introducedDate": "2017-03-27",
            "latestAction": {
                "actionDate": "2017-10-19",
                "text": "Placed on the Union Calendar, Calendar No. 255."
            },
            "number": "1731",
            "policyArea": {
                "name": "Environmental Protection"
            },
            "title": "RECLAIM Act of 2017",
            "type": "HR",
            "url": "https://api.congress.gov/v3/bill/115/hr/1731?format=json"
        },
        {
            "amendmentNumber": "1466",
            "congress": 114,
            "introducedDate": "2016-09-28",
            "latestAction": {
                "actionDate": "2016-09-28",
                "actionTime": "16:07:27",
                "text": "On agreeing to the Rogers (KY) amendment (A029) Agreed to by voice vote. "
            },
            "type": null,
            "url": "https://api.congress.gov/v3/amendment/114/hamdt/1466?format=json"
        },
        {
            "congress": 114,
            "introducedDate": "2016-06-22",
            "latestAction": {
                "actionDate": "2016-06-23",
                "text": "Received in the Senate."
            },
            "number": "139",
            "policyArea": {
                "name": "Economics and Public Finance"
            },
            "title": "Providing for a correction in the enrollment of H.R. 2577.",
            "type": "HCONRES",
            "url": "https://api.congress.gov/v3/bill/114/hconres/139?format=json"
        },
        {
            "congress": 114,
            "introducedDate": "2016-05-16",
            "latestAction": {
                "actionDate": "2016-05-26",
                "text": "Received in the Senate."
            },
            "number": "5243",
            "policyArea": {
                "name": "Health"
            },
            "title": "Zika Response Appropriations Act, 2016",
            "type": "HR",
            "url": "https://api.congress.gov/v3/bill/114/hr/5243?format=json"
        },
        {
            "congress": 114,
            "introducedDate": "2016-02-03",
            "latestAction": {
                "actionDate": "2016-02-09",
                "text": "Referred to the Subcommittee on Energy and Mineral Resources."
            },
            "number": "4456",
            "policyArea": {
                "name": "Energy"
            },
            "title": "RECLAIM Act of 2016",
            "type": "HR",
            "url": "https://api.congress.gov/v3/bill/114/hr/4456?format=json"
        },
        {
            "congress": 114,
            "introducedDate": "2015-12-16",
            "latestAction": {
                "actionDate": "2015-12-16",
                "text": "Became Public Law No: 114-100."
            },
            "number": "78",
            "policyArea": {
                "name": "Economics and Public Finance"
            },
            "title": "Making further continuing appropriations for fiscal year 2016, and for other purposes.",
            "type": "HJRES",
            "url": "https://api.congress.gov/v3/bill/114/hjres/78?format=json"
        },
        {
            "congress": 114,
            "introducedDate": "2015-12-09",
            "latestAction": {
                "actionDate": "2015-12-09",
                "text": "Referred to the House Committee on Appropriations."
            },
            "number": "75",
            "policyArea": {
                "name": "Economics and Public Finance"
            },
            "title": "Making further continuing appropriations for fiscal year 2016, and for other purposes.",
            "type": "HJRES",
            "url": "https://api.congress.gov/v3/bill/114/hjres/75?format=json"
        },
        {
            "congress": 114,
            "introducedDate": "2015-02-26",
            "latestAction": {
                "actionDate": "2015-02-27",
                "actionTime": "17:14:46",
                "text": "Motion to reconsider laid on the table Agreed to without objection."
            },
            "number": "35",
            "policyArea": {
                "name": "Economics and Public Finance"
            },
            "title": "Making further continuing appropriations for fiscal year 2015, and for other purposes.",
            "type": "HJRES",
            "url": "https://api.congress.gov/v3/bill/114/hjres/35?format=json"
        },
        {
            "amendmentNumber": "975",
            "congress": 109,
            "introducedDate": "2006-06-06",
            "latestAction": {
                "actionDate": "2006-06-06",
                "actionTime": "15:20:09",
                "text": "On agreeing to the Rogers (KY) amendment (A040) Agreed to by voice vote. "
            },
            "type": null,
            "url": "https://api.congress.gov/v3/amendment/109/hamdt/975?format=json"
        },
        {
            "amendmentNumber": "963",
            "congress": 109,
            "introducedDate": "2006-05-25",
            "latestAction": {
                "actionDate": "2006-05-25",
                "actionTime": "21:12:42",
                "text": "On agreeing to the Rogers (KY) amendments (A028) Agreed to by voice vote. "
            },
            "type": null,
            "url": "https://api.congress.gov/v3/amendment/109/hamdt/963?format=json"
        },
        {
            "congress": 109,
            "introducedDate": "2006-05-22",
            "latestAction": {
                "actionDate": "2006-10-04",
                "text": "Became Public Law No: 109-295."
            },
            "number": "5441",
            "policyArea": {
                "name": "Emergency Management"
            },
            "title": "Department of Homeland Security Appropriations Act, 2007",
            "type": "HR",
            "url": "https://api.congress.gov/v3/bill/109/hr/5441?format=json"
        },
        {
            "congress": 109,
            "introducedDate": "2005-09-28",
            "latestAction": {
                "actionDate": "2005-09-28",
                "text": "Referred to the House Committee on Ways and Means."
            },
            "number": "3935",
            "policyArea": {
                "name": "Finance and Financial Sector"
            },
            "title": "Hurricane Relief Bonds Act of 2005",
            "type": "HR",
            "url": "https://api.congress.gov/v3/bill/109/hr/3935?format=json"
        },
        {
            "congress": 109,
            "introducedDate": "2005-05-13",
            "latestAction": {
                "actionDate": "2005-10-18",
                "text": "Became Public Law No: 109-90."
            },
            "number": "2360",
            "policyArea": {
                "name": "Emergency Management"
            },
            "title": "Department of Homeland Security Appropriations Act, 2006",
            "type": "HR",
            "url": "https://api.congress.gov/v3/bill/109/hr/2360?format=json"
        },
        {
            "congress": 114,
            "introducedDate": "2015-01-09",
            "latestAction": {
                "actionDate": "2015-03-04",
                "text": "Became Public Law No: 114-4."
            },
            "number": "240",
            "policyArea": {
                "name": "Emergency Management"
            },
            "title": "Department of Homeland Security Appropriations Act, 2015",
            "type": "HR",
            "url": "https://api.congress.gov/v3/bill/114/hr/240?format=json"
        },
        {
            "congress": 111,
            "introducedDate": "2010-09-14",
            "latestAction": {
                "actionDate": "2010-09-15",
                "text": "Referred to the Subcommittee on Water Resources and Environment."
            },
            "number": "6113",
            "policyArea": {
                "name": "Energy"
            },
            "title": "Electricity Reliability Protection Act of 2010",
            "type": "HR",
            "url": "https://api.congress.gov/v3/bill/111/hr/6113?format=json"
        },
        {
            "congress": 111,
            "introducedDate": "2009-06-11",
            "latestAction": {
                "actionDate": "2009-06-12",
                "text": "Referred to the Subcommittee on Water Resources and Environment."
            },
            "number": "2821",
            "policyArea": {
                "name": "Water Resources Development"
            },
            "title": "To direct the Secretary of the Army to assist entities adversely affected by a Corps of Engineers rehabilitation project relating to the Wolf Creek Dam, Kentucky, and for other purposes.",
            "type": "HR",
            "url": "https://api.congress.gov/v3/bill/111/hr/2821?format=json"
        },
        {
            "amendmentNumber": "298",
            "congress": 110,
            "introducedDate": "2007-06-15",
            "latestAction": {
                "actionDate": "2007-06-15",
                "actionTime": "11:19:03",
                "text": "On agreeing to the Rogers (KY) amendment (A049) Failed by recorded vote: 178 - 243 (Roll no. 489). "
            },
            "type": null,
            "url": "https://api.congress.gov/v3/amendment/110/hamdt/298?format=json"
        },
        {
            "amendmentNumber": "297",
            "congress": 110,
            "introducedDate": "2007-06-15",
            "latestAction": {
                "actionDate": "2007-06-15",
                "actionTime": "11:14:24",
                "text": "On agreeing to the Rogers (KY) amendment (A048) Failed by recorded vote: 145 - 277 (Roll no. 488). "
            },
            "type": null,
            "url": "https://api.congress.gov/v3/amendment/110/hamdt/297?format=json"
        },
        {
            "amendmentNumber": "287",
            "congress": 110,
            "introducedDate": "2007-06-15",
            "latestAction": {
                "actionDate": "2007-06-15",
                "actionTime": "10:42:18",
                "text": "On agreeing to the Rogers (KY) amendment (A038) Failed by recorded vote: 168 - 255 (Roll no. 481). "
            },
            "type": null,
            "url": "https://api.congress.gov/v3/amendment/110/hamdt/287?format=json"
        },
        {
            "congress": 110,
            "introducedDate": "2007-01-23",
            "latestAction": {
                "actionDate": "2007-02-07",
                "text": "Referred to the Subcommittee on National Parks, Forests and Public Lands."
            },
            "number": "646",
            "policyArea": {
                "name": "Public Lands and Natural Resources"
            },
            "title": "Kentucky Artisan Heritage Trails National Heritage Area Act",
            "type": "HR",
            "url": "https://api.congress.gov/v3/bill/110/hr/646?format=json"
        },
        {
            "congress": 110,
            "introducedDate": "2007-04-26",
            "latestAction": {
                "actionDate": "2007-05-15",
                "actionTime": "14:10:32",
                "text": "Motion to reconsider laid on the table Agreed to without objection."
            },
            "number": "343",
            "policyArea": {
                "name": "Commemorations"
            },
            "title": "Commemorating the marinas of the United States, expressing support for the designation of the sixth annual National Marina Day, and for other purposes.",
            "type": "HRES",
            "url": "https://api.congress.gov/v3/bill/110/hres/343?format=json"
        },
        {
            "congress": 110,
            "introducedDate": "2007-10-10",
            "latestAction": {
                "actionDate": "2007-10-19",
                "text": "Referred to the Subcommittee on Military Personnel."
            },
            "number": "233",
            "policyArea": {
                "name": "Commemorations"
            },
            "title": "Commending the Kentucky National Guard for its service to the Commonwealth of Kentucky and the citizens of the United States.",
            "type": "HCONRES",
            "url": "https://api.congress.gov/v3/bill/110/hconres/233?format=json"
        },
        {
            "congress": 108,
            "introducedDate": "2004-06-15",
            "latestAction": {
                "actionDate": "2004-10-18",
                "text": "Became Public Law No: 108-334."
            },
            "number": "4567",
            "policyArea": {
                "name": "Economics and Public Finance"
            },
            "title": "Department of Homeland Security Appropriations Act, 2005",
            "type": "HR",
            "url": "https://api.congress.gov/v3/bill/108/hr/4567?format=json"
        },
        {
            "congress": 108,
            "introducedDate": "2003-06-23",
            "latestAction": {
                "actionDate": "2003-10-01",
                "text": "Became Public Law No: 108-90."
            },
            "number": "2555",
            "policyArea": {
                "name": "Economics and Public Finance"
            },
            "title": "Department of Homeland Security Appropriations Act, 2004",
            "type": "HR",
            "url": "https://api.congress.gov/v3/bill/108/hr/2555?format=json"
        },
        {
            "congress": 108,
            "introducedDate": "2003-04-11",
            "latestAction": {
                "actionDate": "2003-04-22",
                "text": "Referred to the Subcommittee on National Parks, Recreation and Public Lands."
            },
            "number": "1809",
            "policyArea": {
                "name": "Public Lands and Natural Resources"
            },
            "title": "Fern Lake Conservation and Recreation Act",
            "type": "HR",
            "url": "https://api.congress.gov/v3/bill/108/hr/1809?format=json"
        },
        {
            "amendmentNumber": "586",
            "congress": 107,
            "introducedDate": "2002-07-26",
            "latestAction": {
                "actionDate": "2002-07-26",
                "actionTime": "10:22:19",
                "text": "On agreeing to the Rogers (KY) amendment (A013) Agreed to by recorded vote: 240 - 188 (Roll no. 355). (consideration:  CR H5799-5800; text:  CR H5799-5800)"
            },
            "type": null,
            "url": "https://api.congress.gov/v3/amendment/107/hamdt/586?format=json"
        },
        {
            "amendmentNumber": "115",
            "congress": 107,
            "introducedDate": "2001-06-26",
            "latestAction": {
                "actionDate": "2001-06-26",
                "actionTime": "16:13:13",
                "text": "On agreeing to the Rogers (KY) amendments (A005) Agreed to by voice vote. "
            },
            "type": null,
            "url": "https://api.congress.gov/v3/amendment/107/hamdt/115?format=json"
        },
        {
            "congress": 107,
            "introducedDate": "2002-10-07",
            "latestAction": {
                "actionDate": "2002-10-07",
                "text": "Placed on the Union Calendar, Calendar No. 452."
            },
            "number": "5559",
            "policyArea": {
                "name": "Economics and Public Finance"
            },
            "title": "Department of Transportation and Related Agencies Appropriations Act, 2003",
            "type": "HR",
            "url": "https://api.congress.gov/v3/bill/107/hr/5559?format=json"
        },
        {
            "congress": 107,
            "introducedDate": "2001-06-22",
            "latestAction": {
                "actionDate": "2001-12-18",
                "text": "Became Public Law No: 107-87."
            },
            "number": "2299",
            "policyArea": {
                "name": "Transportation and Public Works"
            },
            "title": "Department of Transportation and Related Agencies Appropriations Act, 2002",
            "type": "HR",
            "url": "https://api.congress.gov/v3/bill/107/hr/2299?format=json"
        },
        {
            "congress": 107,
            "introducedDate": "2001-06-19",
            "latestAction": {
                "actionDate": "2002-02-14",
                "text": "Committee on Energy and Natural Resources Subcommittee on National Parks. Hearings held."
            },
            "number": "2238",
            "policyArea": {
                "name": "Public Lands and Natural Resources"
            },
            "title": "Fern Lake Conservation and Recreation Act of 2001",
            "type": "HR",
            "url": "https://api.congress.gov/v3/bill/107/hr/2238?format=json"
        },
        {
            "congress": 106,
            "introducedDate": "2000-10-25",
            "latestAction": {
                "actionDate": "2000-10-25",
                "text": "Referred to the House Committee on Appropriations."
            },
            "number": "5548",
            "policyArea": {
                "name": "Economics and Public Finance"
            },
            "title": "Making appropriations for the Departments of Commerce, Justice, and State, the Judiciary, and related agencies for the fiscal year ending September 30, 2001, and for other purposes.",
            "type": "HR",
            "url": "https://api.congress.gov/v3/bill/106/hr/5548?format=json"
        },
        {
            "congress": 106,
            "introducedDate": "2000-06-19",
            "latestAction": {
                "actionDate": "2000-09-08",
                "text": "By Senator Gregg from Committee on Appropriations filed written report. Report No. 106-404."
            },
            "number": "4690",
            "policyArea": {
                "name": "Economics and Public Finance"
            },
            "title": "Departments of Commerce, Justice, and State, the Judiciary, and Related Agencies Appropriations Act, 2001",
            "type": "HR",
            "url": "https://api.congress.gov/v3/bill/106/hr/4690?format=json"
        },
        {
            "congress": 106,
            "introducedDate": "2000-03-14",
            "latestAction": {
                "actionDate": "2000-03-22",
                "text": "Forwarded by Subcommittee to Full Committee by the Yeas and Nays: 4 - 3."
            },
            "number": "3918",
            "policyArea": {
                "name": "Immigration"
            },
            "title": "Immigration Reorganization and Improvement Act of 1999",
            "type": "HR",
            "url": "https://api.congress.gov/v3/bill/106/hr/3918?format=json"
        },
        {
            "congress": 106,
            "introducedDate": "1999-08-02",
            "latestAction": {
                "actionDate": "1999-10-26",
                "text": "On motion to refer the bill and the accompanying veto message to the Committee on Appropriations. Agreed to without objection."
            },
            "number": "2670",
            "policyArea": {
                "name": "Economics and Public Finance"
            },
            "title": "Departments of Commerce, Justice, and State, the Judiciary, and Related Agencies Appropriations Act, 2000",
            "type": "HR",
            "url": "https://api.congress.gov/v3/bill/106/hr/2670?format=json"
        },
        {
            "congress": 106,
            "introducedDate": "1999-07-15",
            "latestAction": {
                "actionDate": "2000-03-22",
                "text": "For Further Action See H.R.3918."
            },
            "number": "2528",
            "policyArea": {
                "name": "Immigration"
            },
            "title": "Immigration Reorganization and Improvement Act of 1999",
            "type": "HR",
            "url": "https://api.congress.gov/v3/bill/106/hr/2528?format=json"
        },
        {
            "congress": 106,
            "introducedDate": "1999-11-18",
            "latestAction": {
                "actionDate": "1999-11-22",
                "text": "Message on Senate action sent to the House."
            },
            "number": "236",
            "policyArea": {
                "name": "Congress"
            },
            "title": "Correcting the enrollment of H.R. 1180.",
            "type": "HCONRES",
            "url": "https://api.congress.gov/v3/bill/106/hconres/236?format=json"
        },
        {
            "congress": 97,
            "introducedDate": "1982-07-28",
            "latestAction": {
                "actionDate": "1982-09-09",
                "text": "Subcommittee Hearings Held."
            },
            "number": "6887",
            "policyArea": {
                "name": "Crime and Law Enforcement"
            },
            "title": "A bill to amend title 18 of the United States Code to modify certain aspects of Federal criminal procedure relating to mental incompetence and insanity of the accused.",
            "type": "HR",
            "url": "https://api.congress.gov/v3/bill/97/hr/6887?format=json"
        },
        {
            "congress": 97,
            "introducedDate": "1982-03-02",
            "latestAction": {
                "actionDate": "1982-03-02",
                "text": "Referred to House Committee on Agriculture."
            },
            "number": "5680",
            "policyArea": {
                "name": "Agriculture and Food"
            },
            "title": "A bill to amend the Emergency Agricultural Credit Adjustment Act of 1978 to require the Secretary of Agriculture to insure or guarantee loans having an aggregate principal balance equal to the maximum amount authorized in such Act.",
            "type": "HR",
            "url": "https://api.congress.gov/v3/bill/97/hr/5680?format=json"
        },
        {
            "congress": 97,
            "introducedDate": "1982-03-02",
            "latestAction": {
                "actionDate": "1982-03-02",
                "text": "Referred to House Committee on The Judiciary."
            },
            "number": "5694",
            "policyArea": {
                "name": "Private Legislation"
            },
            "title": "A bill for the relief of Roy A. Redmond, Jr.",
            "type": "HR",
            "url": "https://api.congress.gov/v3/bill/97/hr/5694?format=json"
        },
        {
            "congress": 97,
            "introducedDate": "1981-10-02",
            "latestAction": {
                "actionDate": "1981-10-09",
                "text": "Referred to Subcommittee on Financial Institutions Supervision, Regulation and Insurance."
            },
            "number": "4672",
            "policyArea": {
                "name": "Finance and Financial Sector"
            },
            "title": "Small Businessman and Farmer Interest Rate Relief Act",
            "type": "HR",
            "url": "https://api.congress.gov/v3/bill/97/hr/4672?format=json"
        },
        {
            "congress": 97,
            "introducedDate": "1981-10-01",
            "latestAction": {
                "actionDate": "1981-10-05",
                "text": "Referred to Subcommittee on Accounts."
            },
            "number": "4656",
            "policyArea": {
                "name": "Taxation"
            },
            "title": "A bill to repeal the recently enacted provision of law providing for the permanent appropriation of funds for pay for Members of Congress, and to restore the $3,000 limit on tax deductions for living expenses of Members of Congress while away from home.",
            "type": "HR",
            "url": "https://api.congress.gov/v3/bill/97/hr/4656?format=json"
        },
        {
            "congress": 97,
            "introducedDate": "1981-09-23",
            "latestAction": {
                "actionDate": "1981-10-09",
                "text": "Referred to Subcommittee on Financial Institutions Supervision, Regulation and Insurance."
            },
            "number": "4575",
            "policyArea": {
                "name": "Finance and Financial Sector"
            },
            "title": "A bill to direct the Secretary of the Treasury to develop a plan for lowering interest rates.",
            "type": "HR",
            "url": "https://api.congress.gov/v3/bill/97/hr/4575?format=json"
        },
        {
            "congress": 97,
            "introducedDate": "1981-05-19",
            "latestAction": {
                "actionDate": "1981-06-05",
                "text": "Referred to Subcommittee on Human Resources."
            },
            "number": "3629",
            "policyArea": {
                "name": "Social Welfare"
            },
            "title": "Older Americans Act Amendments of 1981",
            "type": "HR",
            "url": "https://api.congress.gov/v3/bill/97/hr/3629?format=json"
        },
        {
            "congress": 97,
            "introducedDate": "1981-05-19",
            "latestAction": {
                "actionDate": "1981-05-19",
                "text": "Referred to House Committee on Ways and Means."
            },
            "number": "3628",
            "policyArea": {
                "name": "Taxation"
            },
            "title": "A bill to amend the Internal Revenue Code of 1954 to provide a refundable income tax credit for certain elderly taxpayers for increased costs of residential energy.",
            "type": "HR",
            "url": "https://api.congress.gov/v3/bill/97/hr/3628?format=json"
        },
        {
            "congress": 97,
            "introducedDate": "1982-08-19",
            "latestAction": {
                "actionDate": "1982-10-14",
                "text": "Became Public Law No: 97-315."
            },
            "number": "588",
            "policyArea": {
                "name": "Education"
            },
            "title": "A joint resolution to provide for the designation of the month of October, 1982, as \"Head Start Awareness Month\".",
            "type": "HJRES",
            "url": "https://api.congress.gov/v3/bill/97/hjres/588?format=json"
        },
        {
            "congress": 97,
            "introducedDate": "1982-05-13",
            "latestAction": {
                "actionDate": "1982-05-18",
                "text": "Referred to Subcommittee on Social Security."
            },
            "number": "466",
            "policyArea": {
                "name": "Social Welfare"
            },
            "title": "A resolution expressing the sense of the House of Representatives that social security benefits to be provided in fiscal year 1983 should not be reduced and that removal of the receipts and disbursements of the social security trust funds from the unified budget should be actively considered by the House of Representatives.",
            "type": "HRES",
            "url": "https://api.congress.gov/v3/bill/97/hres/466?format=json"
        },
        {
            "congress": 98,
            "introducedDate": "1983-11-18",
            "latestAction": {
                "actionDate": "1983-12-01",
                "text": "Referred to Subcommittee on Water Resources."
            },
            "number": "4555",
            "policyArea": {
                "name": "Public Lands and Natural Resources"
            },
            "title": "A bill to designate the \"John Sherman Cooper National Recreation Area\" in Tennessee and Kentucky.",
            "type": "HR",
            "url": "https://api.congress.gov/v3/bill/98/hr/4555?format=json"
        },
        {
            "congress": 98,
            "introducedDate": "1983-06-16",
            "latestAction": {
                "actionDate": "1983-06-16",
                "text": "Referred to House Committee on Ways and Means."
            },
            "number": "3353",
            "policyArea": {
                "name": "Taxation"
            },
            "title": "A bill to amend the Internal Revenue Code of 1954 to repeal the 15-percent reduction in percentage depletion for iron ore and coal.",
            "type": "HR",
            "url": "https://api.congress.gov/v3/bill/98/hr/3353?format=json"
        },
        {
            "congress": 98,
            "introducedDate": "1983-03-16",
            "latestAction": {
                "actionDate": "1983-03-21",
                "text": "Referred to Subcommittee on Criminal Justice."
            },
            "number": "2140",
            "policyArea": {
                "name": "Crime and Law Enforcement"
            },
            "title": "A bill to amend title 18 of the United States Code to modify certain aspects of Federal criminal procedure relating to mental incompetence and insanity of the accused.",
            "type": "HR",
            "url": "https://api.congress.gov/v3/bill/98/hr/2140?format=json"
        },
        {
            "congress": 99,
            "introducedDate": "1985-02-19",
            "latestAction": {
                "actionDate": "1985-08-01",
                "text": "Executive Comment Received From ITC."
            },
            "number": "1137",
            "policyArea": {
                "name": "Foreign Trade and International Finance"
            },
            "title": "Tobacco Import Relief Act of 1985",
            "type": "HR",
            "url": "https://api.congress.gov/v3/bill/99/hr/1137?format=json"
        },
        {
            "amendmentNumber": "301",
            "congress": 100,
            "introducedDate": "1987-07-01",
            "latestAction": null,
            "type": null,
            "url": "https://api.congress.gov/v3/amendment/100/hamdt/301?format=json"
        },
        {
            "congress": 101,
            "introducedDate": "1990-02-27",
            "latestAction": {
                "actionDate": "1990-11-08",
                "text": "See also H.R. 5835."
            },
            "number": "4121",
            "policyArea": {
                "name": "Taxation"
            },
            "title": "To repeal the provisions of the Revenue Reconciliation Act of 1989 which require the withholding of income tax from wages paid for agricultural labor.",
            "type": "HR",
            "url": "https://api.congress.gov/v3/bill/101/hr/4121?format=json"
        },
        {
            "congress": 101,
            "introducedDate": "1989-11-21",
            "latestAction": {
                "actionDate": "1989-11-21",
                "text": "Referred to the House Committee on Veterans' Affairs."
            },
            "number": "3814",
            "policyArea": {
                "name": "Armed Forces and National Security"
            },
            "title": "To allow for Kentucky Vietnam veterans to receive a onetime bonus from the Commonwealth.",
            "type": "HR",
            "url": "https://api.congress.gov/v3/bill/101/hr/3814?format=json"
        },
        {
            "congress": 101,
            "introducedDate": "1989-11-09",
            "latestAction": {
                "actionDate": "1989-11-20",
                "text": "Referred to the Subcommittee on Telecommunications and Finance."
            },
            "number": "3640",
            "policyArea": {
                "name": "Energy"
            },
            "title": "To clarify the exempting authority of the Securities and Exchange Commission under the Public Utility Holding Company Act of 1935.",
            "type": "HR",
            "url": "https://api.congress.gov/v3/bill/101/hr/3640?format=json"
        },
        {
            "amendmentNumber": "758",
            "congress": 102,
            "introducedDate": "1992-07-28",
            "latestAction": {
                "actionDate": "1992-07-28",
                "actionTime": "15:44:40",
                "text": "On agreeing to the Rogers amendment (A001) Agreed to by voice vote. "
            },
            "type": null,
            "url": "https://api.congress.gov/v3/amendment/102/hamdt/758?format=json"
        },
        {
            "amendmentNumber": "153",
            "congress": 102,
            "introducedDate": "1991-06-18",
            "latestAction": {
                "actionDate": "1991-06-18",
                "actionTime": "18:01:24",
                "text": "By unanimous consent, the Rogers amendment was withdrawn. "
            },
            "type": null,
            "url": "https://api.congress.gov/v3/amendment/102/hamdt/153?format=json"
        },
        {
            "congress": 102,
            "introducedDate": "1992-05-06",
            "latestAction": {
                "actionDate": "1992-05-19",
                "text": "Referred to the Subcommittee on Transportation and Hazardous Materials."
            },
            "number": "5089",
            "policyArea": {
                "name": "Environmental Protection"
            },
            "title": "To amend the Solid Waste Disposal Act to require the owner or operator of a solid waste disposal facility to obtain authorization from the affected local government before accepting waste generated outside of the State, and for other purposes.",
            "type": "HR",
            "url": "https://api.congress.gov/v3/bill/102/hr/5089?format=json"
        },
        {
            "congress": 102,
            "introducedDate": "1991-11-26",
            "latestAction": {
                "actionDate": "1991-11-26",
                "text": "Referred to the House Committee on Veterans' Affairs."
            },
            "number": "4028",
            "policyArea": {
                "name": "Armed Forces and National Security"
            },
            "title": "To amend title 38, United States Code, to repeal the $2 charge for outpatient prescription drugs required to be charged by the Department of Veterans Affairs in certain cases.",
            "type": "HR",
            "url": "https://api.congress.gov/v3/bill/102/hr/4028?format=json"
        },
        {
            "congress": 102,
            "introducedDate": "1991-07-11",
            "latestAction": {
                "actionDate": "1991-07-11",
                "text": "Referred to the House Committee on Ways and Means."
            },
            "number": "2879",
            "policyArea": {
                "name": "Taxation"
            },
            "title": "To amend the Internal Revenue Code of 1986 to exempt certain agricultural workers from the withholding of income taxes from wages.",
            "type": "HR",
            "url": "https://api.congress.gov/v3/bill/102/hr/2879?format=json"
        },
        {
            "congress": 102,
            "introducedDate": "1991-05-23",
            "latestAction": {
                "actionDate": "1991-05-23",
                "text": "Referred to the House Committee on Post Office and Civil Service."
            },
            "number": "2469",
            "policyArea": {
                "name": "Government Operations and Politics"
            },
            "title": "To require a study relating to the decennial census of population.",
            "type": "HR",
            "url": "https://api.congress.gov/v3/bill/102/hr/2469?format=json"
        },
        {
            "congress": 102,
            "introducedDate": "1991-03-22",
            "latestAction": {
                "actionDate": "1991-05-22",
                "text": "See H.R.2324."
            },
            "number": "1648",
            "policyArea": {
                "name": "Crime and Law Enforcement"
            },
            "title": "To amend section 1821 of title 28, United States Code, to provide that incarcerated individuals not receive witness fees.",
            "type": "HR",
            "url": "https://api.congress.gov/v3/bill/102/hr/1648?format=json"
        },
        {
            "congress": 102,
            "introducedDate": "1991-02-06",
            "latestAction": {
                "actionDate": "1991-02-06",
                "text": "Referred to the House Committee on Ways and Means."
            },
            "number": "924",
            "policyArea": {
                "name": "Taxation"
            },
            "title": "To repeal the provisions of the Revenue Reconciliation Act of 1989 which require the withholding of income tax from wages paid for agricultural labor.",
            "type": "HR",
            "url": "https://api.congress.gov/v3/bill/102/hr/924?format=json"
        },
        {
            "amendmentNumber": "696",
            "congress": 103,
            "introducedDate": "1994-06-27",
            "latestAction": {
                "actionDate": "1994-06-27",
                "actionTime": "23:54:56",
                "text": "On agreeing to the Rogers amendment (A023) Failed by recorded vote: 178 - 228 (Roll no. 288). "
            },
            "type": null,
            "url": "https://api.congress.gov/v3/amendment/103/hamdt/696?format=json"
        },
        {
            "amendmentNumber": "310",
            "congress": 103,
            "introducedDate": "1993-09-23",
            "latestAction": {
                "actionDate": "1993-09-23",
                "actionTime": "14:22:23",
                "text": "On agreeing to the Rogers amendment (A009) Agreed to by voice vote. "
            },
            "type": null,
            "url": "https://api.congress.gov/v3/amendment/103/hamdt/310?format=json"
        },
        {
            "congress": 103,
            "introducedDate": "1994-03-10",
            "latestAction": {
                "actionDate": "1994-04-27",
                "text": "Referred to the Subcommittee on Energy and Mineral Resources."
            },
            "number": "4002",
            "policyArea": {
                "name": "Public Lands and Natural Resources"
            },
            "title": "To amend section 410 of the Surface Mining Control and Reclamation Act of 1977 to prohibit the limitation of appropriations on emergency reclamation projects in any one State, and for other purposes.",
            "type": "HR",
            "url": "https://api.congress.gov/v3/bill/103/hr/4002?format=json"
        },
        {
            "congress": 103,
            "introducedDate": "1993-10-19",
            "latestAction": {
                "actionDate": "1993-11-02",
                "text": "Referred to the Subcommittee on International Security, International Organizations and Human Rights."
            },
            "number": "3317",
            "policyArea": {
                "name": "International Affairs"
            },
            "title": "To prohibit the United States representative to the United Nations from voting to approve, expand, or extend any United Nations peacekeeping, peacemaking, or peace-enforcing operation unless the President notifies the Congress before that vote.",
            "type": "HR",
            "url": "https://api.congress.gov/v3/bill/103/hr/3317?format=json"
        },
        {
            "congress": 103,
            "introducedDate": "1993-04-01",
            "latestAction": {
                "actionDate": "1994-09-27",
                "text": "Subcommittee Hearings Held."
            },
            "number": "1634",
            "policyArea": {
                "name": "Agriculture and Food"
            },
            "title": "To authorize the Secretary of Agriculture to provide cost share assistance for projects designed to improve the supply of water in rural areas that are experiencing severe problems with the quality or quantity of water.",
            "type": "HR",
            "url": "https://api.congress.gov/v3/bill/103/hr/1634?format=json"
        },
        {
            "congress": 103,
            "introducedDate": "1993-03-30",
            "latestAction": {
                "actionDate": "1993-04-02",
                "text": "Referred to the Subcommittee on Hospitals and Health Care."
            },
            "number": "1540",
            "policyArea": {
                "name": "Armed Forces and National Security"
            },
            "title": "To amend title 38, United States Code, to repeal the $2 charge for outpatient prescription drugs required to be charged by the Department of Veterans Affairs in certain cases.",
            "type": "HR",
            "url": "https://api.congress.gov/v3/bill/103/hr/1540?format=json"
        },
        {
            "congress": 103,
            "introducedDate": "1993-02-24",
            "latestAction": {
                "actionDate": "1993-02-24",
                "text": "Referred to the House Committee on Ways and Means."
            },
            "number": "1121",
            "policyArea": {
                "name": "Taxation"
            },
            "title": "To amend the Internal Revenue Code of 1986 to exempt certain agricultural workers from the withholding of income taxes from wages.",
            "type": "HR",
            "url": "https://api.congress.gov/v3/bill/103/hr/1121?format=json"
        },
        {
            "congress": 103,
            "introducedDate": "1993-02-16",
            "latestAction": {
                "actionDate": "1993-12-02",
                "text": "Became Public Law No: 103-170."
            },
            "number": "914",
            "policyArea": {
                "name": "Public Lands and Natural Resources"
            },
            "title": "Red River Designation Act of 1993",
            "type": "HR",
            "url": "https://api.congress.gov/v3/bill/103/hr/914?format=json"
        },
        {
            "amendmentNumber": "1313",
            "congress": 104,
            "introducedDate": "1996-07-23",
            "latestAction": {
                "actionDate": "1996-07-23",
                "actionTime": "14:48:21",
                "text": "On agreeing to the Rogers amendment (A001) Agreed to by voice vote. "
            },
            "type": null,
            "url": "https://api.congress.gov/v3/amendment/104/hamdt/1313?format=json"
        },
        {
            "amendmentNumber": "1348",
            "congress": 104,
            "introducedDate": "1996-07-24",
            "latestAction": {
                "actionDate": "1996-07-24",
                "actionTime": "19:14:52",
                "text": "By unanimous consent, the Rogers amendment was withdrawn. "
            },
            "type": null,
            "url": "https://api.congress.gov/v3/amendment/104/hamdt/1348?format=json"
        },
        {
            "amendmentNumber": "1314",
            "congress": 104,
            "introducedDate": "1996-07-23",
            "latestAction": {
                "actionDate": "1996-07-23",
                "actionTime": "14:51:58",
                "text": "On agreeing to the Rogers amendment (A002) Agreed to by voice vote. "
            },
            "type": null,
            "url": "https://api.congress.gov/v3/amendment/104/hamdt/1314?format=json"
        },
        {
            "amendmentNumber": "1332",
            "congress": 104,
            "introducedDate": "1996-07-24",
            "latestAction": {
                "actionDate": "1996-07-24",
                "actionTime": "10:27:26",
                "text": "On agreeing to the Rogers amendment (A020) Agreed to by voice vote. "
            },
            "type": null,
            "url": "https://api.congress.gov/v3/amendment/104/hamdt/1332?format=json"
        },
        {
            "amendmentNumber": "1320",
            "congress": 104,
            "introducedDate": "1996-07-23",
            "latestAction": {
                "actionDate": "1996-07-23",
                "actionTime": "18:56:27",
                "text": "On agreeing to the Rogers amendment (A008) Agreed to by voice vote. "
            },
            "type": null,
            "url": "https://api.congress.gov/v3/amendment/104/hamdt/1320?format=json"
        },
        {
            "amendmentNumber": "1315",
            "congress": 104,
            "introducedDate": "1996-07-23",
            "latestAction": {
                "actionDate": "1996-07-23",
                "actionTime": "15:24:37",
                "text": "On agreeing to the Rogers amendments (A003) Agreed to by recorded vote: 416 - 1 (Roll no. 340). "
            },
            "type": null,
            "url": "https://api.congress.gov/v3/amendment/104/hamdt/1315?format=json"
        },
        {
            "amendmentNumber": "657",
            "congress": 104,
            "introducedDate": "1995-07-26",
            "latestAction": {
                "actionDate": "1995-07-26",
                "actionTime": "17:13:53",
                "text": "On agreeing to the Rogers amendment (A015) Agreed to by voice vote. "
            },
            "type": null,
            "url": "https://api.congress.gov/v3/amendment/104/hamdt/657?format=json"
        },
        {
            "amendmentNumber": "645",
            "congress": 104,
            "introducedDate": "1995-07-26",
            "latestAction": {
                "actionDate": "1995-07-26",
                "actionTime": "12:44:34",
                "text": "On agreeing to the Rogers amendment (A003) Agreed to by voice vote. "
            },
            "type": null,
            "url": "https://api.congress.gov/v3/amendment/104/hamdt/645?format=json"
        },
        {
            "amendmentNumber": "302",
            "congress": 104,
            "introducedDate": "1995-03-15",
            "latestAction": {
                "actionDate": "1995-03-15",
                "actionTime": "21:52:47",
                "text": "On agreeing to the Rogers amendment (A010) as modified Agreed to by recorded vote: 419 - 8 (Roll no. 244). "
            },
            "type": null,
            "url": "https://api.congress.gov/v3/amendment/104/hamdt/302?format=json"
        },
        {
            "congress": 104,
            "introducedDate": "1996-07-16",
            "latestAction": {
                "actionDate": "1996-08-27",
                "text": "Placed on Senate Legislative Calendar under General Orders. Calendar No. 568."
            },
            "number": "3814",
            "policyArea": {
                "name": "Economics and Public Finance"
            },
            "title": "Departments of Commerce, Justice, and State, the Judiciary, and Related Agencies Appropriations Act, 1997",
            "type": "HR",
            "url": "https://api.congress.gov/v3/bill/104/hr/3814?format=json"
        },
        {
            "congress": 104,
            "introducedDate": "1995-07-19",
            "latestAction": {
                "actionDate": "1996-01-03",
                "text": "On motion to refer the bill and the accompanying veto message to the Committee on Appropriations. Agreed to without objection."
            },
            "number": "2076",
            "policyArea": {
                "name": "Economics and Public Finance"
            },
            "title": "Department of Commerce and Related Agencies Appropriations Act, 1996",
            "type": "HR",
            "url": "https://api.congress.gov/v3/bill/104/hr/2076?format=json"
        },
        {
            "amendmentNumber": "391",
            "congress": 105,
            "introducedDate": "1997-09-25",
            "latestAction": {
                "actionDate": "1997-09-25",
                "actionTime": "23:09:13",
                "text": "On agreeing to the Rogers amendment (A018) Agreed to by voice vote. "
            },
            "type": null,
            "url": "https://api.congress.gov/v3/amendment/105/hamdt/391?format=json"
        },
        {
            "congress": 105,
            "introducedDate": "1998-07-17",
            "latestAction": {
                "actionDate": "1998-07-30",
                "text": "Forwarded by Subcommittee to Full Committee (Amended) by Voice Vote."
            },
            "number": "4264",
            "policyArea": {
                "name": "Immigration"
            },
            "title": "To establish the Bureau of Enforcement and Border Affairs within the Department of Justice.",
            "type": "HR",
            "url": "https://api.congress.gov/v3/bill/105/hr/4264?format=json"
        },
        {
            "congress": 105,
            "introducedDate": "1998-07-20",
            "latestAction": {
                "actionDate": "1998-10-06",
                "actionTime": "13:44:55",
                "text": "The Speaker appointed conferees: Rogers, Kolbe, Taylor (NC), Regula, Latham, Livingston, Young (FL), Mollohan, Skaggs, Dixon, and Obey."
            },
            "number": "4276",
            "policyArea": {
                "name": "Economics and Public Finance"
            },
            "title": "Departments of Commerce, Justice, and State, the Judiciary, and Related Agencies Appropriations Act, 1999",
            "type": "HR",
            "url": "https://api.congress.gov/v3/bill/105/hr/4276?format=json"
        },
        {
            "congress": 105,
            "introducedDate": "1998-05-20",
            "latestAction": {
                "actionDate": "1998-05-26",
                "text": "Referred to the Subcommittee on Immigration and Claims."
            },
            "number": "3904",
            "policyArea": {
                "name": "Immigration"
            },
            "title": "Immigration Reform and Improvements Act of 1998",
            "type": "HR",
            "url": "https://api.congress.gov/v3/bill/105/hr/3904?format=json"
        },
        {
            "congress": 105,
            "introducedDate": "1997-07-25",
            "latestAction": {
                "actionDate": "1998-01-27",
                "actionTime": "14:50:56",
                "text": "The communication was referred to the Committees on Appropriations and the Budget."
            },
            "number": "2267",
            "policyArea": {
                "name": "Economics and Public Finance"
            },
            "title": "Departments of Commerce, Justice, and State, the Judiciary, and Related Agencies Appropriations Act, 1998",
            "type": "HR",
            "url": "https://api.congress.gov/v3/bill/105/hr/2267?format=json"
        }
    ]
}