{
    "pagination": {
        "count": 59
    },
    "request": {
        "bioguideId": "t000067",
        "contentType": "application/json",
        "format": "json"
    },
    "sponsoredLegislation": [
        {
            "amendmentNumber": "843",
            "congress": 109,
            "introducedDate": "2006-05-18",
            "latestAction": {
                "actionDate": "2006-05-18",
                "actionTime": "15:31:30",
                "text": "On agreeing to the Taylor (NC) amendment (A010) Agreed to by voice vote. "
            },
            "type": null,
            "url": "https://api.congress.gov/v3/amendment/109/hamdt/843?format=json"
        },
        {
            "amendmentNumber": "181",
            "congress": 109,
            "introducedDate": "2005-05-19",
            "latestAction": {
                "actionDate": "2005-05-19",
                "actionTime": "16:23:20",
                "text": "On agreeing to the Taylor (NC) amendment (A013) Agreed to by voice vote. "
            },
            "type": null,
            "url": "https://api.congress.gov/v3/amendment/109/hamdt/181?format=json"
        },
        {
            "congress": 109,
            "introducedDate": "2006-05-15",
            "latestAction": {
                "actionDate": "2006-06-29",
                "text": "Placed on Senate Legislative Calendar under General Orders. Calendar No. 507."
            },
            "number": "5386",
            "policyArea": {
                "name": "Economics and Public Finance"
            },
            "title": "Department of the Interior, Environment, and Related Agencies Appropriations Act, 2007",
            "type": "HR",
            "url": "https://api.congress.gov/v3/bill/109/hr/5386?format=json"
        },
        {
            "congress": 109,
            "introducedDate": "2005-10-27",
            "latestAction": {
                "actionDate": "2005-10-27",
                "text": "Referred to the House Committee on Resources."
            },
            "number": "4171",
            "policyArea": {
                "name": "Native Americans"
            },
            "title": "To provide for the consideration of a petition for Federal Recognition of the Lumbee Indians of Robeson and adjoining counties, and for other purposes.",
            "type": "HR",
            "url": "https://api.congress.gov/v3/bill/109/hr/4171?format=json"
        },
        {
            "congress": 109,
            "introducedDate": "2005-05-13",
            "latestAction": {
                "actionDate": "2005-08-02",
                "text": "Became Public Law No: 109-54."
            },
            "number": "2361",
            "policyArea": {
                "name": "Economics and Public Finance"
            },
            "title": "Department of the Interior, Environment, and Related Agencies Appropriations Act, 2006",
            "type": "HR",
            "url": "https://api.congress.gov/v3/bill/109/hr/2361?format=json"
        },
        {
            "amendmentNumber": "274",
            "congress": 108,
            "introducedDate": "2003-07-17",
            "latestAction": null,
            "type": null,
            "url": "https://api.congress.gov/v3/amendment/108/hamdt/274?format=json"
        },
        {
            "amendmentNumber": "275",
            "congress": 108,
            "introducedDate": "2003-07-17",
            "latestAction": {
                "actionDate": "2003-07-17",
                "actionTime": "23:31:22",
                "text": "On agreeing to the Taylor (NC) amendment (A024) Agreed to by recorded vote: 226 - 194 (Roll no. 388). "
            },
            "type": null,
            "url": "https://api.congress.gov/v3/amendment/108/hamdt/275?format=json"
        },
        {
            "amendmentNumber": "272",
            "congress": 108,
            "introducedDate": "2003-07-17",
            "latestAction": null,
            "type": null,
            "url": "https://api.congress.gov/v3/amendment/108/hamdt/272?format=json"
        },
        {
            "congress": 108,
            "introducedDate": "2004-06-15",
            "latestAction": {
                "actionDate": "2004-06-21",
                "text": "Received in the Senate and Read twice and referred to the Committee on Appropriations."
            },
            "number": "4568",
            "policyArea": {
                "name": "Economics and Public Finance"
            },
            "title": "Department of the Interior and Related Agencies Appropriations Act, 2005 \r\n  \r",
            "type": "HR",
            "url": "https://api.congress.gov/v3/bill/108/hr/4568?format=json"
        },
        {
            "congress": 108,
            "introducedDate": "2003-07-10",
            "latestAction": {
                "actionDate": "2003-09-04",
                "text": "Referred to the Subcommittee on Crime, Terrorism, and Homeland Security."
            },
            "number": "2710",
            "policyArea": {
                "name": "Commemorations"
            },
            "title": "Public Safety Officers Flag Act",
            "type": "HR",
            "url": "https://api.congress.gov/v3/bill/108/hr/2710?format=json"
        },
        {
            "congress": 108,
            "introducedDate": "2003-07-10",
            "latestAction": {
                "actionDate": "2003-11-10",
                "text": "Became Public Law No: 108-108."
            },
            "number": "2691",
            "policyArea": {
                "name": "Economics and Public Finance"
            },
            "title": "Department of the Interior and Related Agencies Appropriations Act, 2004",
            "type": "HR",
            "url": "https://api.congress.gov/v3/bill/108/hr/2691?format=json"
        },
        {
            "congress": 108,
            "introducedDate": "2003-04-10",
            "latestAction": {
                "actionDate": "2003-04-16",
                "text": "Executive Comment Requested from Interior."
            },
            "number": "1759",
            "policyArea": {
                "name": "Public Lands and Natural Resources"
            },
            "title": "Blue Ridge National Heritage Area Act of 2003",
            "type": "HR",
            "url": "https://api.congress.gov/v3/bill/108/hr/1759?format=json"
        },
        {
            "congress": 108,
            "introducedDate": "2003-03-20",
            "latestAction": {
                "actionDate": "2003-03-28",
                "text": "Executive Comment Requested from Interior."
            },
            "number": "1408",
            "policyArea": {
                "name": "Native Americans"
            },
            "title": "To provide for the consideration of a petition for Federal Recognition of the Lumbee Indians of Robeson and adjoining counties, and for other purposes.",
            "type": "HR",
            "url": "https://api.congress.gov/v3/bill/108/hr/1408?format=json"
        },
        {
            "congress": 108,
            "introducedDate": "2003-03-20",
            "latestAction": {
                "actionDate": "2003-09-24",
                "text": "Received in the Senate and Read twice and referred to the Committee on Energy and Natural Resources."
            },
            "number": "1409",
            "policyArea": {
                "name": "Public Lands and Natural Resources"
            },
            "title": "Eastern Band of Cherokee Indians Land Exchange Act of 2003",
            "type": "HR",
            "url": "https://api.congress.gov/v3/bill/108/hr/1409?format=json"
        },
        {
            "congress": 107,
            "introducedDate": "2002-09-25",
            "latestAction": {
                "actionDate": "2002-09-25",
                "text": "Referred to the House Committee on Resources."
            },
            "number": "5468",
            "policyArea": {
                "name": "Public Lands and Natural Resources"
            },
            "title": "Eastern Band of Cherokee Indians Land Exchange Act of 2002",
            "type": "HR",
            "url": "https://api.congress.gov/v3/bill/107/hr/5468?format=json"
        },
        {
            "congress": 107,
            "introducedDate": "2002-09-05",
            "latestAction": {
                "actionDate": "2002-09-10",
                "text": "Referred to the Subcommittee on Forests and Forest Health."
            },
            "number": "5341",
            "policyArea": {
                "name": "Public Lands and Natural Resources"
            },
            "title": "National Forest Fire Fuels Reduction Act",
            "type": "HR",
            "url": "https://api.congress.gov/v3/bill/107/hr/5341?format=json"
        },
        {
            "congress": 107,
            "introducedDate": "2002-07-18",
            "latestAction": {
                "actionDate": "2002-09-12",
                "text": "Subcommittee on National Parks, Recreation and Public Lands Discharged."
            },
            "number": "5168",
            "policyArea": {
                "name": "Public Lands and Natural Resources"
            },
            "title": "Blue Ridge National Heritage Area Act of 2002",
            "type": "HR",
            "url": "https://api.congress.gov/v3/bill/107/hr/5168?format=json"
        },
        {
            "congress": 107,
            "introducedDate": "2002-07-15",
            "latestAction": {
                "actionDate": "2002-07-25",
                "text": "Message on Senate action sent to the House."
            },
            "number": "5121",
            "policyArea": {
                "name": "Economics and Public Finance"
            },
            "title": "Legislative Branch Appropriations Act, 2003",
            "type": "HR",
            "url": "https://api.congress.gov/v3/bill/107/hr/5121?format=json"
        },
        {
            "congress": 107,
            "introducedDate": "2002-04-18",
            "latestAction": {
                "actionDate": "2002-07-09",
                "text": "Executive Comment Received from Interior."
            },
            "number": "4530",
            "policyArea": {
                "name": "Public Lands and Natural Resources"
            },
            "title": "Blue Ridge Heritage and Cultural Partnership Area Study Act of 2002",
            "type": "HR",
            "url": "https://api.congress.gov/v3/bill/107/hr/4530?format=json"
        },
        {
            "congress": 107,
            "introducedDate": "2001-12-17",
            "latestAction": {
                "actionDate": "2002-01-02",
                "text": "Referred to the Subcommittee on Department Operations, Oversight, Nutrition and Forestry."
            },
            "number": "3506",
            "policyArea": {
                "name": "Commemorations"
            },
            "title": "To designate a portion of the Nantahala National Forest in Jackson County, North Carolina, in honor of James and Elspeth McClure Clarke.",
            "type": "HR",
            "url": "https://api.congress.gov/v3/bill/107/hr/3506?format=json"
        },
        {
            "congress": 107,
            "introducedDate": "2001-10-09",
            "latestAction": {
                "actionDate": "2002-04-18",
                "text": "Became Public Law No: 107-166."
            },
            "number": "3072",
            "policyArea": {
                "name": "Commemorations"
            },
            "title": "To designate the facility of the United States Postal Service located at 125 Main Street in Forest City, North Carolina, as the \"Vernon Tarlton Post Office Building\".",
            "type": "HR",
            "url": "https://api.congress.gov/v3/bill/107/hr/3072?format=json"
        },
        {
            "congress": 107,
            "introducedDate": "2001-07-26",
            "latestAction": {
                "actionDate": "2001-11-12",
                "text": "Became Public Law No: 107-68."
            },
            "number": "2647",
            "policyArea": {
                "name": "Economics and Public Finance"
            },
            "title": "Legislative Branch Appropriations Act, 2002",
            "type": "HR",
            "url": "https://api.congress.gov/v3/bill/107/hr/2647?format=json"
        },
        {
            "congress": 107,
            "introducedDate": "2001-06-07",
            "latestAction": {
                "actionDate": "2001-06-18",
                "text": "Referred to the Subcommittee on Energy and Air Quality."
            },
            "number": "2116",
            "policyArea": {
                "name": "Environmental Protection"
            },
            "title": "Great Smoky Mountains Clean Air Act of 2001",
            "type": "HR",
            "url": "https://api.congress.gov/v3/bill/107/hr/2116?format=json"
        },
        {
            "amendmentNumber": "864",
            "congress": 106,
            "introducedDate": "2000-06-22",
            "latestAction": {
                "actionDate": "2000-06-22",
                "actionTime": "11:53:34",
                "text": "On agreeing to the Taylor (NC) amendment (A001) Agreed to by voice vote. "
            },
            "type": null,
            "url": "https://api.congress.gov/v3/amendment/106/hamdt/864?format=json"
        },
        {
            "congress": 106,
            "introducedDate": "2000-12-14",
            "latestAction": {
                "actionDate": "2000-12-14",
                "text": "Referred to the House Committee on Appropriations."
            },
            "number": "5657",
            "policyArea": {
                "name": "Economics and Public Finance"
            },
            "title": "Legislative Branch Appropriations Act, 2001",
            "type": "HR",
            "url": "https://api.congress.gov/v3/bill/106/hr/5657?format=json"
        },
        {
            "congress": 106,
            "introducedDate": "2000-07-13",
            "latestAction": {
                "actionDate": "2000-08-02",
                "text": "Referred to the Subcommittee on Health and Environment."
            },
            "number": "4859",
            "policyArea": {
                "name": "Environmental Protection"
            },
            "title": "Great Smoky Mountain Clean Air Act of 2000",
            "type": "HR",
            "url": "https://api.congress.gov/v3/bill/106/hr/4859?format=json"
        },
        {
            "congress": 106,
            "introducedDate": "2000-05-23",
            "latestAction": {
                "actionDate": "2000-10-31",
                "text": "On motion to refer the bill and the accompanying veto message to the Committee on Appropriations. Agreed to by voice vote."
            },
            "number": "4516",
            "policyArea": {
                "name": "Economics and Public Finance"
            },
            "title": "Legislative Branch Appropriations Act, 2001",
            "type": "HR",
            "url": "https://api.congress.gov/v3/bill/106/hr/4516?format=json"
        },
        {
            "congress": 106,
            "introducedDate": "2000-05-19",
            "latestAction": {
                "actionDate": "2000-06-05",
                "text": "Referred to the Subcommittee on National Parks and Public Lands."
            },
            "number": "4510",
            "policyArea": {
                "name": "Commemorations"
            },
            "title": "To designate the Blue Ridge Parkway headquarters building located at 199 Hemphill Knob in Asheville, North Carolina, as the \"Gary E. Everhardt Headquarters Building\".",
            "type": "HR",
            "url": "https://api.congress.gov/v3/bill/106/hr/4510?format=json"
        },
        {
            "congress": 106,
            "introducedDate": "1999-05-24",
            "latestAction": {
                "actionDate": "1999-09-29",
                "text": "Became Public Law No: 106-57."
            },
            "number": "1905",
            "policyArea": {
                "name": "Economics and Public Finance"
            },
            "title": "Legislative Branch Appropriations Act, 2000",
            "type": "HR",
            "url": "https://api.congress.gov/v3/bill/106/hr/1905?format=json"
        },
        {
            "congress": 106,
            "introducedDate": "1999-11-01",
            "latestAction": {
                "actionDate": "1999-11-02",
                "actionTime": "18:48:16",
                "text": "Motion to reconsider laid on the table Agreed to without objection."
            },
            "number": "349",
            "policyArea": {
                "name": "Emergency Management"
            },
            "title": "Expressing the sense of the House of Representatives that the President should immediately transmit to Congress the President's recommendations for emergency response actions, including appropriate offsets, to provide relief and assistance to the victims of Hurricane Floyd.",
            "type": "HRES",
            "url": "https://api.congress.gov/v3/bill/106/hres/349?format=json"
        },
        {
            "congress": 102,
            "introducedDate": "1992-05-20",
            "latestAction": {
                "actionDate": "1992-05-20",
                "text": "Referred to the House Committee on Judiciary."
            },
            "number": "5216",
            "policyArea": {
                "name": "Crime and Law Enforcement"
            },
            "title": "National Triad Program Act",
            "type": "HR",
            "url": "https://api.congress.gov/v3/bill/102/hr/5216?format=json"
        },
        {
            "congress": 102,
            "introducedDate": "1991-10-17",
            "latestAction": {
                "actionDate": "1991-11-26",
                "text": "Referred to the Subcommittee on Employment Opportunities."
            },
            "number": "3588",
            "policyArea": {
                "name": "Labor and Employment"
            },
            "title": "Emergency Unemployment Benefits and Congressional Spending Priorities Act of 1991",
            "type": "HR",
            "url": "https://api.congress.gov/v3/bill/102/hr/3588?format=json"
        },
        {
            "congress": 102,
            "introducedDate": "1991-05-23",
            "latestAction": {
                "actionDate": "1991-10-11",
                "text": "Executive Comment Requested from USDA."
            },
            "number": "2471",
            "policyArea": {
                "name": "Public Lands and Natural Resources"
            },
            "title": "Craggy Mountain Wilderness Act of 1991",
            "type": "HR",
            "url": "https://api.congress.gov/v3/bill/102/hr/2471?format=json"
        },
        {
            "congress": 102,
            "introducedDate": "1992-07-01",
            "latestAction": {
                "actionDate": "1992-07-30",
                "text": "Referred to the Subcommittee on Economic and Commercial Law."
            },
            "number": "522",
            "policyArea": {
                "name": "Congress"
            },
            "title": "Proposing an amendment to the Constitution of the United States to provide that each political party shall be represented on each committee of the House of Representatives, and each subcommittee thereof, equally or in the same proportion that such party is represented in the House of Representatives.",
            "type": "HJRES",
            "url": "https://api.congress.gov/v3/bill/102/hjres/522?format=json"
        },
        {
            "congress": 102,
            "introducedDate": "1992-02-26",
            "latestAction": {
                "actionDate": "1992-03-03",
                "text": "Referred to the Subcommittee on Census and Population."
            },
            "number": "426",
            "policyArea": {
                "name": "Civil Rights and Liberties, Minority Issues"
            },
            "title": "Designating May 7, 1992, as \"National Barrier Awareness Day\".",
            "type": "HJRES",
            "url": "https://api.congress.gov/v3/bill/102/hjres/426?format=json"
        },
        {
            "amendmentNumber": "697",
            "congress": 103,
            "introducedDate": "1994-06-27",
            "latestAction": {
                "actionDate": "1994-06-28",
                "actionTime": "00:39:10",
                "text": "On agreeing to the Taylor (NC) amendment (A024) Agreed to by recorded vote: 366 - 37, 1 Present (Roll no. 289). "
            },
            "type": null,
            "url": "https://api.congress.gov/v3/amendment/103/hamdt/697?format=json"
        },
        {
            "amendmentNumber": "552",
            "congress": 103,
            "introducedDate": "1994-05-17",
            "latestAction": {
                "actionDate": "1994-05-17",
                "actionTime": "15:45:13",
                "text": "On agreeing to the Taylor (NC) amendment (A006) Agreed to by voice vote. "
            },
            "type": null,
            "url": "https://api.congress.gov/v3/amendment/103/hamdt/552?format=json"
        },
        {
            "amendmentNumber": "342",
            "congress": 103,
            "introducedDate": "1993-10-06",
            "latestAction": {
                "actionDate": "1993-10-26",
                "actionTime": "17:14:52",
                "text": "On agreeing to the Taylor (NC) amendment (A008) Agreed to by recorded vote: 325 - 94 (Roll no. 529). "
            },
            "type": null,
            "url": "https://api.congress.gov/v3/amendment/103/hamdt/342?format=json"
        },
        {
            "congress": 103,
            "introducedDate": "1994-05-24",
            "latestAction": {
                "actionDate": "1994-06-08",
                "text": "Referred to the Subcommittee on Elections."
            },
            "number": "4485",
            "policyArea": {
                "name": "Government Operations and Politics"
            },
            "title": "To change election day for Federal offices to the first Monday in November and to make election day a legal public holiday.",
            "type": "HR",
            "url": "https://api.congress.gov/v3/bill/103/hr/4485?format=json"
        },
        {
            "congress": 103,
            "introducedDate": "1994-05-11",
            "latestAction": {
                "actionDate": "1994-05-11",
                "text": "Referred to the House Committee on Ways and Means."
            },
            "number": "4397",
            "policyArea": {
                "name": "Native Americans"
            },
            "title": "To permit refunding of certain bonds.",
            "type": "HR",
            "url": "https://api.congress.gov/v3/bill/103/hr/4397?format=json"
        },
        {
            "congress": 103,
            "introducedDate": "1994-05-11",
            "latestAction": {
                "actionDate": "1994-05-17",
                "text": "Referred to the Subcommittee on Housing and Community Development."
            },
            "number": "4396",
            "policyArea": {
                "name": "Housing and Community Development"
            },
            "title": "FHA Mortgage Upgrade Act",
            "type": "HR",
            "url": "https://api.congress.gov/v3/bill/103/hr/4396?format=json"
        },
        {
            "congress": 103,
            "introducedDate": "1994-03-16",
            "latestAction": {
                "actionDate": "1994-03-22",
                "text": "Referred to the Subcommittee on International Law, Immigration, and Refugees."
            },
            "number": "4059",
            "policyArea": {
                "name": "Immigration"
            },
            "title": "Immigration Reform Act of 1994",
            "type": "HR",
            "url": "https://api.congress.gov/v3/bill/103/hr/4059?format=json"
        },
        {
            "congress": 103,
            "introducedDate": "1993-05-12",
            "latestAction": {
                "actionDate": "1993-05-14",
                "text": "Referred to the Subcommittee on Administrative Law and Governmental Relations."
            },
            "number": "2113",
            "policyArea": {
                "name": "Government Operations and Politics"
            },
            "title": "Regulatory Relief and Reform Act",
            "type": "HR",
            "url": "https://api.congress.gov/v3/bill/103/hr/2113?format=json"
        },
        {
            "congress": 103,
            "introducedDate": "1993-03-01",
            "latestAction": {
                "actionDate": "1994-04-21",
                "text": "See H.R.4092."
            },
            "number": "1161",
            "policyArea": {
                "name": "Crime and Law Enforcement"
            },
            "title": "National Triad Program Act",
            "type": "HR",
            "url": "https://api.congress.gov/v3/bill/103/hr/1161?format=json"
        },
        {
            "congress": 103,
            "introducedDate": "1994-03-16",
            "latestAction": {
                "actionDate": "1994-03-22",
                "text": "Referred to the Subcommittee on International Law, Immigration, and Refugees."
            },
            "number": "340",
            "policyArea": {
                "name": "Immigration"
            },
            "title": "Proposing an amendment to the Constitution of the United States to provide that no person born to parents who are unlawfully in the United States at the time of the birth shall be a United States citizen on account of birth in the United States.",
            "type": "HJRES",
            "url": "https://api.congress.gov/v3/bill/103/hjres/340?format=json"
        },
        {
            "congress": 103,
            "introducedDate": "1993-09-23",
            "latestAction": {
                "actionDate": "1993-09-23",
                "text": "Referred to the House Committee on Post Office and Civil Service."
            },
            "number": "266",
            "policyArea": {
                "name": "Civil Rights and Liberties, Minority Issues"
            },
            "title": "Designating both September 29, 1993, and September 28, 1994, as \"National Barrier Awareness Day\".",
            "type": "HJRES",
            "url": "https://api.congress.gov/v3/bill/103/hjres/266?format=json"
        },
        {
            "congress": 104,
            "introducedDate": "1996-09-18",
            "latestAction": {
                "actionDate": "1996-09-23",
                "text": "Referred to the Subcommittee on National Parks, Forests and Lands."
            },
            "number": "4112",
            "policyArea": {
                "name": "Law"
            },
            "title": "Swain County Settlement Act of 1996",
            "type": "HR",
            "url": "https://api.congress.gov/v3/bill/104/hr/4112?format=json"
        },
        {
            "congress": 104,
            "introducedDate": "1996-08-01",
            "latestAction": {
                "actionDate": "1996-08-12",
                "text": "Referred to the Subcommittee on Telecommunications and Finance."
            },
            "number": "3945",
            "policyArea": {
                "name": "Government Operations and Politics"
            },
            "title": "To require the Federal Communications Commission to promote additional sharing of broadcasting tower facilities to reduce the impact on local communities of station towers.",
            "type": "HR",
            "url": "https://api.congress.gov/v3/bill/104/hr/3945?format=json"
        },
        {
            "congress": 104,
            "introducedDate": "1996-08-01",
            "latestAction": {
                "actionDate": "1996-08-12",
                "text": "Referred to the Subcommittee on Health and Environment."
            },
            "number": "3944",
            "policyArea": {
                "name": "Commerce"
            },
            "title": "To permit States to enforce certain State requirements for the labeling of bottled spring water.",
            "type": "HR",
            "url": "https://api.congress.gov/v3/bill/104/hr/3944?format=json"
        },
        {
            "congress": 104,
            "introducedDate": "1995-11-17",
            "latestAction": {
                "actionDate": "1996-02-13",
                "text": "Became Public Law No: 104-111."
            },
            "number": "2657",
            "policyArea": {
                "name": "Arts, Culture, Religion"
            },
            "title": "To award a congressional gold medal to Ruth and Billy Graham.",
            "type": "HR",
            "url": "https://api.congress.gov/v3/bill/104/hr/2657?format=json"
        },
        {
            "congress": 104,
            "introducedDate": "1995-10-18",
            "latestAction": {
                "actionDate": "1996-10-02",
                "text": "Became Public Law No: 104-225."
            },
            "number": "2504",
            "policyArea": {
                "name": "Government Operations and Politics"
            },
            "title": "To designate the Federal Building located at the corner of Patton Avenue and Otis Street, and the United States Courthouse located on Otis Street, in Asheville, North Carolina, as the \"Veach-Baley Federal Complex\".",
            "type": "HR",
            "url": "https://api.congress.gov/v3/bill/104/hr/2504?format=json"
        },
        {
            "congress": 104,
            "introducedDate": "1995-06-21",
            "latestAction": {
                "actionDate": "1995-06-21",
                "text": "Referred to the House Committee on Ways and Means."
            },
            "number": "1910",
            "policyArea": {
                "name": "Taxation"
            },
            "title": "To permit the current refunding of certain tax-exempt bonds.",
            "type": "HR",
            "url": "https://api.congress.gov/v3/bill/104/hr/1910?format=json"
        },
        {
            "congress": 104,
            "introducedDate": "1995-01-04",
            "latestAction": {
                "actionDate": "1996-09-12",
                "text": "Subcommittee Hearings Held."
            },
            "number": "47",
            "policyArea": {
                "name": "Government Operations and Politics"
            },
            "title": "Regulatory Relief and Reform Act",
            "type": "HR",
            "url": "https://api.congress.gov/v3/bill/104/hr/47?format=json"
        },
        {
            "amendmentNumber": "427",
            "congress": 105,
            "introducedDate": "1997-10-09",
            "latestAction": {
                "actionDate": "1997-10-09",
                "actionTime": "14:04:59",
                "text": "On agreeing to the Taylor (NC) amendment (A001) Agreed to without objection. "
            },
            "type": null,
            "url": "https://api.congress.gov/v3/amendment/105/hamdt/427?format=json"
        },
        {
            "congress": 105,
            "introducedDate": "1998-08-03",
            "latestAction": {
                "actionDate": "1998-08-31",
                "text": "Received in the Senate. Read twice. Placed on Senate Legislative Calendar under General Orders. Calendar No. 537."
            },
            "number": "4380",
            "policyArea": {
                "name": "Economics and Public Finance"
            },
            "title": "District of Columbia Appropriations Act, 1999",
            "type": "HR",
            "url": "https://api.congress.gov/v3/bill/105/hr/4380?format=json"
        },
        {
            "congress": 105,
            "introducedDate": "1997-11-04",
            "latestAction": {
                "actionDate": "1997-11-12",
                "text": "Referred to the Subcommittee on District of Columbia."
            },
            "number": "2810",
            "policyArea": {
                "name": "Public Lands and Natural Resources"
            },
            "title": "Lorton Land Transfer Review Act of 1997",
            "type": "HR",
            "url": "https://api.congress.gov/v3/bill/105/hr/2810?format=json"
        },
        {
            "congress": 105,
            "introducedDate": "1997-10-06",
            "latestAction": {
                "actionDate": "1997-11-19",
                "text": "Became Public Law No: 105-100."
            },
            "number": "2607",
            "policyArea": {
                "name": "Economics and Public Finance"
            },
            "title": "An Act making omnibus consolidated appropriations for the fiscal year ending September 30, 1998, and for other purposes.",
            "type": "HR",
            "url": "https://api.congress.gov/v3/bill/105/hr/2607?format=json"
        },
        {
            "congress": 105,
            "introducedDate": "1997-07-30",
            "latestAction": {
                "actionDate": "1997-08-11",
                "text": "Referred to the Subcommittee on Water Resources and Environment."
            },
            "number": "2293",
            "policyArea": {
                "name": "Law"
            },
            "title": "Environmental Litigation Abuse Prevention Act of 1997",
            "type": "HR",
            "url": "https://api.congress.gov/v3/bill/105/hr/2293?format=json"
        },
        {
            "congress": 105,
            "introducedDate": "1997-02-25",
            "latestAction": {
                "actionDate": "1997-02-25",
                "text": "Referred to the House Committee on Ways and Means."
            },
            "number": "834",
            "policyArea": {
                "name": "Finance and Financial Sector"
            },
            "title": "To permit the current refunding of certain tax-exempt bonds.",
            "type": "HR",
            "url": "https://api.congress.gov/v3/bill/105/hr/834?format=json"
        }
    ]
}