{
    "pagination": {
        "count": 128
    },
    "request": {
        "bioguideId": "j000294",
        "contentType": "application/json",
        "format": "json"
    },
    "sponsoredLegislation": [
        {
            "congress": 118,
            "introducedDate": "2024-07-30",
            "latestAction": {
                "actionDate": "2024-07-30",
                "text": "Referred to the House Committee on Foreign Affairs."
            },
            "number": "1396",
            "policyArea": {
                "name": null
            },
            "title": "Recognizing a half century of the independence of the Republic of Cabo Verde and celebrating the contributions of Cabo Verdean-Americans to democracy in Cabo Verde and the United States.",
            "type": "HRES",
            "url": "https://api.congress.gov/v3/bill/118/hres/1396?format=json"
        },
        {
            "congress": 118,
            "introducedDate": "2023-01-03",
            "latestAction": {
                "actionDate": "2023-01-06",
                "text": "Introduced in House"
            },
            "number": "18",
            "policyArea": {
                "name": null
            },
            "title": "Reserved for the Minority Leader.",
            "type": "HR",
            "url": "https://api.congress.gov/v3/bill/118/hr/18?format=json"
        },
        {
            "congress": 118,
            "introducedDate": "2023-01-03",
            "latestAction": {
                "actionDate": "2023-01-06",
                "text": "Introduced in House"
            },
            "number": "19",
            "policyArea": {
                "name": null
            },
            "title": "Reserved for the Minority Leader.",
            "type": "HR",
            "url": "https://api.congress.gov/v3/bill/118/hr/19?format=json"
        },
        {
            "congress": 118,
            "introducedDate": "2023-01-03",
            "latestAction": {
                "actionDate": "2023-01-06",
                "text": "Introduced in House"
            },
            "number": "13",
            "policyArea": {
                "name": null
            },
            "title": "Reserved for the Minority Leader.",
            "type": "HR",
            "url": "https://api.congress.gov/v3/bill/118/hr/13?format=json"
        },
        {
            "congress": 117,
            "introducedDate": "2022-11-15",
            "latestAction": {
                "actionDate": "2022-11-15",
                "actionTime": "13:23:17",
                "text": "Motion to reconsider laid on the table Agreed to without objection."
            },
            "number": "1471",
            "policyArea": {
                "name": "Congress"
            },
            "title": "Electing a certain Member to a certain standing committee of the House of Representatives.",
            "type": "HRES",
            "url": "https://api.congress.gov/v3/bill/117/hres/1471?format=json"
        },
        {
            "congress": 117,
            "introducedDate": "2022-09-14",
            "latestAction": {
                "actionDate": "2022-09-14",
                "actionTime": "12:16:07",
                "text": "Motion to reconsider laid on the table Agreed to without objection."
            },
            "number": "1347",
            "policyArea": {
                "name": "Congress"
            },
            "title": "Electing certain Members to certain standing committees of the House of Representatives.",
            "type": "HRES",
            "url": "https://api.congress.gov/v3/bill/117/hres/1347?format=json"
        },
        {
            "congress": 117,
            "introducedDate": "2022-08-02",
            "latestAction": {
                "actionDate": "2022-08-02",
                "text": "Referred to the House Committee on Education and Labor."
            },
            "number": "8643",
            "policyArea": {
                "name": "Education"
            },
            "title": "Student Loan Literacy Act of 2022",
            "type": "HR",
            "url": "https://api.congress.gov/v3/bill/117/hr/8643?format=json"
        },
        {
            "congress": 117,
            "introducedDate": "2022-06-14",
            "latestAction": {
                "actionDate": "2022-06-14",
                "actionTime": "12:05:44",
                "text": "Motion to reconsider laid on the table Agreed to without objection."
            },
            "number": "1173",
            "policyArea": {
                "name": "Congress"
            },
            "title": "Electing Members to certain standing committees of the House of Representatives.",
            "type": "HRES",
            "url": "https://api.congress.gov/v3/bill/117/hres/1173?format=json"
        },
        {
            "congress": 117,
            "introducedDate": "2022-03-29",
            "latestAction": {
                "actionDate": "2022-03-29",
                "text": "Referred to the House Committee on Small Business."
            },
            "number": "7273",
            "policyArea": {
                "name": "Commerce"
            },
            "title": "Prison to Proprietorship for Formerly Incarcerated Act",
            "type": "HR",
            "url": "https://api.congress.gov/v3/bill/117/hr/7273?format=json"
        },
        {
            "congress": 117,
            "introducedDate": "2022-03-21",
            "latestAction": {
                "actionDate": "2022-12-27",
                "text": "Became Public Law No: 117-301."
            },
            "number": "7181",
            "policyArea": {
                "name": "Transportation and Public Works"
            },
            "title": "Human Trafficking Prevention Act of 2022",
            "type": "HR",
            "url": "https://api.congress.gov/v3/bill/117/hr/7181?format=json"
        },
        {
            "congress": 117,
            "introducedDate": "2022-02-15",
            "latestAction": {
                "actionDate": "2022-09-20",
                "text": "Received in the Senate."
            },
            "number": "6734",
            "policyArea": {
                "name": "Public Lands and Natural Resources"
            },
            "title": "Keep America\u2019s Refuges Operational Act of 2022",
            "type": "HR",
            "url": "https://api.congress.gov/v3/bill/117/hr/6734?format=json"
        },
        {
            "congress": 117,
            "introducedDate": "2022-02-02",
            "latestAction": {
                "actionDate": "2022-02-02",
                "actionTime": "14:27:16",
                "text": "Motion to reconsider laid on the table Agreed to without objection."
            },
            "number": "902",
            "policyArea": {
                "name": "Congress"
            },
            "title": "Electing a certain Member to certain standing committees of the House of Representatives.",
            "type": "HRES",
            "url": "https://api.congress.gov/v3/bill/117/hres/902?format=json"
        },
        {
            "congress": 117,
            "introducedDate": "2021-12-01",
            "latestAction": {
                "actionDate": "2021-12-01",
                "actionTime": "12:34:25",
                "text": "Motion to reconsider laid on the table Agreed to without objection."
            },
            "number": "825",
            "policyArea": {
                "name": "Congress"
            },
            "title": "Electing a certain Member to certain standing committees of the House of Representatives.",
            "type": "HRES",
            "url": "https://api.congress.gov/v3/bill/117/hres/825?format=json"
        },
        {
            "congress": 117,
            "introducedDate": "2021-11-01",
            "latestAction": {
                "actionDate": "2022-12-20",
                "text": "Became Public Law No: 117-245."
            },
            "number": "5796",
            "policyArea": {
                "name": "Commerce"
            },
            "title": "Patents for Humanity Act of 2022",
            "type": "HR",
            "url": "https://api.congress.gov/v3/bill/117/hr/5796?format=json"
        },
        {
            "congress": 117,
            "introducedDate": "2021-07-20",
            "latestAction": {
                "actionDate": "2021-07-20",
                "text": "Referred to the Committee on Foreign Affairs, and in addition to the Committee on Financial Services, for a period to be subsequently determined by the Speaker, in each case for consideration of such provisions as fall within the jurisdiction of the committee concerned."
            },
            "number": "4546",
            "policyArea": {
                "name": "International Affairs"
            },
            "title": "Turkey Human Rights Promotion Act of 2021",
            "type": "HR",
            "url": "https://api.congress.gov/v3/bill/117/hr/4546?format=json"
        },
        {
            "congress": 117,
            "introducedDate": "2021-03-09",
            "latestAction": {
                "actionDate": "2021-09-29",
                "text": "Received in the Senate and Read twice and referred to the Committee on the Judiciary."
            },
            "number": "1693",
            "policyArea": {
                "name": "Crime and Law Enforcement"
            },
            "title": "EQUAL Act of 2021",
            "type": "HR",
            "url": "https://api.congress.gov/v3/bill/117/hr/1693?format=json"
        },
        {
            "congress": 117,
            "introducedDate": "2021-10-19",
            "latestAction": {
                "actionDate": "2021-10-20",
                "text": "Referred to the Subcommittee on Health."
            },
            "number": "5625",
            "policyArea": {
                "name": "Health"
            },
            "title": "Halt Obesity in America Act",
            "type": "HR",
            "url": "https://api.congress.gov/v3/bill/117/hr/5625?format=json"
        },
        {
            "congress": 117,
            "introducedDate": "2021-08-06",
            "latestAction": {
                "actionDate": "2021-08-06",
                "text": "Referred to the Committee on Intelligence (Permanent Select), and in addition to the Committee on the Judiciary, for a period to be subsequently determined by the Speaker, in each case for consideration of such provisions as fall within the jurisdiction of the committee concerned."
            },
            "number": "4958",
            "policyArea": {
                "name": "Armed Forces and National Security"
            },
            "title": "September 11 Transparency Act of 2021",
            "type": "HR",
            "url": "https://api.congress.gov/v3/bill/117/hr/4958?format=json"
        },
        {
            "congress": 117,
            "introducedDate": "2021-06-11",
            "latestAction": {
                "actionDate": "2021-06-24",
                "text": "Ordered to be Reported (Amended)."
            },
            "number": "3826",
            "policyArea": {
                "name": "Commerce"
            },
            "title": "Platform Competition and Opportunity Act of 2021",
            "type": "HR",
            "url": "https://api.congress.gov/v3/bill/117/hr/3826?format=json"
        },
        {
            "congress": 117,
            "introducedDate": "2021-05-25",
            "latestAction": {
                "actionDate": "2022-11-01",
                "text": "Referred to the Subcommittee on Crime, Terrorism, and Homeland Security."
            },
            "number": "3510",
            "policyArea": {
                "name": "Crime and Law Enforcement"
            },
            "title": "First Step Implementation Act of 2021",
            "type": "HR",
            "url": "https://api.congress.gov/v3/bill/117/hr/3510?format=json"
        },
        {
            "congress": 117,
            "introducedDate": "2021-05-12",
            "latestAction": {
                "actionDate": "2021-05-12",
                "actionTime": "12:04:57",
                "text": "Motion to reconsider laid on the table Agreed to without objection."
            },
            "number": "384",
            "policyArea": {
                "name": "Congress"
            },
            "title": "Electing certain Members to certain standing committees of the House of Representatives.",
            "type": "HRES",
            "url": "https://api.congress.gov/v3/bill/117/hres/384?format=json"
        },
        {
            "congress": 117,
            "introducedDate": "2021-04-28",
            "latestAction": {
                "actionDate": "2021-09-29",
                "text": "Ordered to be Reported in the Nature of a Substitute by the Yeas and Nays: 31 - 9."
            },
            "number": "2883",
            "policyArea": {
                "name": "Health"
            },
            "title": "Stop Stalling Access to Affordable Medications",
            "type": "HR",
            "url": "https://api.congress.gov/v3/bill/117/hr/2883?format=json"
        },
        {
            "congress": 117,
            "introducedDate": "2021-04-20",
            "latestAction": {
                "actionDate": "2021-06-24",
                "text": "Received in the Senate and Read twice and referred to the Committee on the Judiciary."
            },
            "number": "2694",
            "policyArea": {
                "name": "Crime and Law Enforcement"
            },
            "title": "Criminal Judicial Administration Act of 2021",
            "type": "HR",
            "url": "https://api.congress.gov/v3/bill/117/hr/2694?format=json"
        },
        {
            "congress": 117,
            "introducedDate": "2021-04-13",
            "latestAction": {
                "actionDate": "2022-03-15",
                "text": "Became Public Law No: 117-103."
            },
            "number": "2471",
            "policyArea": {
                "name": "Economics and Public Finance"
            },
            "title": "Consolidated Appropriations Act, 2022",
            "type": "HR",
            "url": "https://api.congress.gov/v3/bill/117/hr/2471?format=json"
        },
        {
            "congress": 117,
            "introducedDate": "2021-03-19",
            "latestAction": {
                "actionDate": "2021-11-22",
                "text": "Became Public Law No: 117-62."
            },
            "number": "2093",
            "policyArea": {
                "name": "Armed Forces and National Security"
            },
            "title": "Veterans and Family Information Act",
            "type": "HR",
            "url": "https://api.congress.gov/v3/bill/117/hr/2093?format=json"
        },
        {
            "congress": 117,
            "introducedDate": "2021-03-18",
            "latestAction": {
                "actionDate": "2022-11-16",
                "text": "Placed on the Union Calendar, Calendar No. 408."
            },
            "number": "2026",
            "policyArea": {
                "name": "Environmental Protection"
            },
            "title": "Global Amphibian Protection Act of 2021",
            "type": "HR",
            "url": "https://api.congress.gov/v3/bill/117/hr/2026?format=json"
        },
        {
            "congress": 117,
            "introducedDate": "2021-03-17",
            "latestAction": {
                "actionDate": "2021-03-17",
                "actionTime": "19:34:54",
                "text": "Motion to reconsider laid on the table Agreed to without objection."
            },
            "number": "244",
            "policyArea": {
                "name": "Congress"
            },
            "title": "Electing a certain Member to a certain standing committee of the House of Representatives.",
            "type": "HRES",
            "url": "https://api.congress.gov/v3/bill/117/hres/244?format=json"
        },
        {
            "congress": 117,
            "introducedDate": "2021-03-16",
            "latestAction": {
                "actionDate": "2022-04-06",
                "text": "Ordered to be Reported (Amended) by the Yeas and Nays: 28 - 7."
            },
            "number": "1924",
            "policyArea": {
                "name": "Crime and Law Enforcement"
            },
            "title": "Kenneth P. Thompson Begin Again Act",
            "type": "HR",
            "url": "https://api.congress.gov/v3/bill/117/hr/1924?format=json"
        },
        {
            "congress": 117,
            "introducedDate": "2021-02-25",
            "latestAction": {
                "actionDate": "2021-04-28",
                "text": "Referred to the Subcommittee on Crime, Terrorism, and Homeland Security."
            },
            "number": "1347",
            "policyArea": {
                "name": "Crime and Law Enforcement"
            },
            "title": "Eric Garner Excessive Use of Force Prevention Act of 2021",
            "type": "HR",
            "url": "https://api.congress.gov/v3/bill/117/hr/1347?format=json"
        },
        {
            "congress": 117,
            "introducedDate": "2021-02-24",
            "latestAction": {
                "actionDate": "2021-02-24",
                "actionTime": "12:02:56",
                "text": "Motion to reconsider laid on the table Agreed to without objection."
            },
            "number": "154",
            "policyArea": {
                "name": "Congress"
            },
            "title": "Electing a certain Member to a certain standing committee of the House of Representatives.",
            "type": "HRES",
            "url": "https://api.congress.gov/v3/bill/117/hres/154?format=json"
        },
        {
            "congress": 117,
            "introducedDate": "2021-02-03",
            "latestAction": {
                "actionDate": "2021-02-03",
                "actionTime": "17:56:55",
                "text": "Motion to reconsider laid on the table Agreed to without objection."
            },
            "number": "92",
            "policyArea": {
                "name": "Congress"
            },
            "title": "Electing Members to certain standing committees of the House of Representatives.",
            "type": "HRES",
            "url": "https://api.congress.gov/v3/bill/117/hres/92?format=json"
        },
        {
            "congress": 117,
            "introducedDate": "2021-02-02",
            "latestAction": {
                "actionDate": "2021-06-24",
                "text": "Received in the Senate. Read twice. Placed on Senate Legislative Calendar under General Orders. Calendar No. 82."
            },
            "number": "704",
            "policyArea": {
                "name": "Commerce"
            },
            "title": "ARTS Act",
            "type": "HR",
            "url": "https://api.congress.gov/v3/bill/117/hr/704?format=json"
        },
        {
            "congress": 117,
            "introducedDate": "2021-01-28",
            "latestAction": {
                "actionDate": "2021-02-25",
                "text": "Received in the Senate and Read twice and referred to the Committee on the Judiciary."
            },
            "number": "546",
            "policyArea": {
                "name": "Crime and Law Enforcement"
            },
            "title": "Effective Assistance of Counsel in the Digital Era Act",
            "type": "HR",
            "url": "https://api.congress.gov/v3/bill/117/hr/546?format=json"
        },
        {
            "congress": 117,
            "introducedDate": "2021-01-04",
            "latestAction": {
                "actionDate": "2021-01-04",
                "actionTime": "16:52:18",
                "text": "Motion to reconsider laid on the table Agreed to without objection."
            },
            "number": "9",
            "policyArea": {
                "name": "Congress"
            },
            "title": "Electing Members to certain standing committees of the House of Representatives.",
            "type": "HRES",
            "url": "https://api.congress.gov/v3/bill/117/hres/9?format=json"
        },
        {
            "congress": 117,
            "introducedDate": "2021-01-03",
            "latestAction": {
                "actionDate": "2021-01-03",
                "actionTime": "19:13:35",
                "text": "Motion to reconsider laid on the table Agreed to without objection."
            },
            "number": "2",
            "policyArea": {
                "name": "Congress"
            },
            "title": "Electing officers of the House of Representatives.",
            "type": "HRES",
            "url": "https://api.congress.gov/v3/bill/117/hres/2?format=json"
        },
        {
            "congress": 116,
            "introducedDate": "2020-10-09",
            "latestAction": {
                "actionDate": "2020-10-09",
                "text": "Referred to the House Committee on the Judiciary."
            },
            "number": "8560",
            "policyArea": {
                "name": "Crime and Law Enforcement"
            },
            "title": "Kenneth P. Thompson Begin Again Act",
            "type": "HR",
            "url": "https://api.congress.gov/v3/bill/116/hr/8560?format=json"
        },
        {
            "congress": 116,
            "introducedDate": "2020-09-22",
            "latestAction": {
                "actionDate": "2020-09-22",
                "actionTime": "13:10:05",
                "text": "Motion to reconsider laid on the table Agreed to without objection."
            },
            "number": "1135",
            "policyArea": {
                "name": "Congress"
            },
            "title": "Electing certain Members to certain standing committees of the House of Representatives.",
            "type": "HRES",
            "url": "https://api.congress.gov/v3/bill/116/hres/1135?format=json"
        },
        {
            "congress": 116,
            "introducedDate": "2020-08-28",
            "latestAction": {
                "actionDate": "2020-10-19",
                "text": "Received in the Senate and Read twice and referred to the Committee on the Judiciary."
            },
            "number": "8124",
            "policyArea": {
                "name": "Crime and Law Enforcement"
            },
            "title": "Criminal Judicial Administration Act of 2020",
            "type": "HR",
            "url": "https://api.congress.gov/v3/bill/116/hr/8124?format=json"
        },
        {
            "congress": 116,
            "introducedDate": "2020-03-26",
            "latestAction": {
                "actionDate": "2020-03-26",
                "text": "Referred to the House Committee on the Judiciary."
            },
            "number": "6400",
            "policyArea": {
                "name": "Crime and Law Enforcement"
            },
            "title": "Emergency Community Supervision Act",
            "type": "HR",
            "url": "https://api.congress.gov/v3/bill/116/hr/6400?format=json"
        },
        {
            "congress": 116,
            "introducedDate": "2020-02-28",
            "latestAction": {
                "actionDate": "2020-02-28",
                "text": "Referred to the House Committee on Energy and Commerce."
            },
            "number": "6019",
            "policyArea": {
                "name": "Health"
            },
            "title": "Cure the Coronavirus Act",
            "type": "HR",
            "url": "https://api.congress.gov/v3/bill/116/hr/6019?format=json"
        },
        {
            "congress": 116,
            "introducedDate": "2020-02-27",
            "latestAction": {
                "actionDate": "2020-02-27",
                "actionTime": "14:51:06",
                "text": "Motion to reconsider laid on the table Agreed to without objection."
            },
            "number": "870",
            "policyArea": {
                "name": "Congress"
            },
            "title": "Electing a Member to a certain standing committee of the House of Representatives and ranking a Member on certain standing committees of the House of Representatives.",
            "type": "HRES",
            "url": "https://api.congress.gov/v3/bill/116/hres/870?format=json"
        },
        {
            "congress": 116,
            "introducedDate": "2020-01-14",
            "latestAction": {
                "actionDate": "2020-01-14",
                "actionTime": "13:55:23",
                "text": "Motion to reconsider laid on the table Agreed to without objection."
            },
            "number": "793",
            "policyArea": {
                "name": "Congress"
            },
            "title": "Electing a certain Member to a certain standing committee of the House of Representatives.",
            "type": "HRES",
            "url": "https://api.congress.gov/v3/bill/116/hres/793?format=json"
        },
        {
            "congress": 116,
            "introducedDate": "2020-01-13",
            "latestAction": {
                "actionDate": "2020-11-30",
                "text": "Received in the Senate and Read twice and referred to the Committee on Foreign Relations."
            },
            "number": "5586",
            "policyArea": {
                "name": "International Affairs"
            },
            "title": "Haiti Development, Accountability, and Institutional Transparency Initiative Act",
            "type": "HR",
            "url": "https://api.congress.gov/v3/bill/116/hr/5586?format=json"
        },
        {
            "congress": 116,
            "introducedDate": "2020-01-07",
            "latestAction": {
                "actionDate": "2020-09-22",
                "text": "Received in the Senate and Read twice and referred to the Committee on the Judiciary."
            },
            "number": "5546",
            "policyArea": {
                "name": "Crime and Law Enforcement"
            },
            "title": "Effective Assistance of Counsel in the Digital Era Act",
            "type": "HR",
            "url": "https://api.congress.gov/v3/bill/116/hr/5546?format=json"
        },
        {
            "congress": 116,
            "introducedDate": "2019-12-19",
            "latestAction": {
                "actionDate": "2019-12-19",
                "actionTime": "09:05:15",
                "text": "Motion to reconsider laid on the table Agreed to without objection."
            },
            "number": "773",
            "policyArea": {
                "name": "Congress"
            },
            "title": "Electing certain Members to a certain standing committee of the House of Representatives.",
            "type": "HRES",
            "url": "https://api.congress.gov/v3/bill/116/hres/773?format=json"
        },
        {
            "congress": 116,
            "introducedDate": "2019-11-21",
            "latestAction": {
                "actionDate": "2019-11-21",
                "actionTime": "12:49:06",
                "text": "Motion to reconsider laid on the table Agreed to without objection."
            },
            "number": "725",
            "policyArea": {
                "name": "Congress"
            },
            "title": "Electing a certain Member to a certain standing committee of the House of Representatives.",
            "type": "HRES",
            "url": "https://api.congress.gov/v3/bill/116/hres/725?format=json"
        },
        {
            "congress": 116,
            "introducedDate": "2019-11-19",
            "latestAction": {
                "actionDate": "2019-11-19",
                "actionTime": "15:20:00",
                "text": "Motion to reconsider laid on the table Agreed to without objection."
            },
            "number": "712",
            "policyArea": {
                "name": "Congress"
            },
            "title": "Electing Members to certain standing committees of the House of Representatives and ranking Members on certain standing committees of the House of Representatives.",
            "type": "HRES",
            "url": "https://api.congress.gov/v3/bill/116/hres/712?format=json"
        },
        {
            "congress": 116,
            "introducedDate": "2019-11-13",
            "latestAction": {
                "actionDate": "2020-01-09",
                "text": "Received in the Senate and Read twice and referred to the Committee on Small Business and Entrepreneurship."
            },
            "number": "5065",
            "policyArea": {
                "name": "Commerce"
            },
            "title": "Prison to Proprietorship for \r\nFormerly Incarcerated Act",
            "type": "HR",
            "url": "https://api.congress.gov/v3/bill/116/hr/5065?format=json"
        },
        {
            "congress": 116,
            "introducedDate": "2019-09-26",
            "latestAction": {
                "actionDate": "2021-01-13",
                "text": "Became Public Law No: 116-338."
            },
            "number": "4508",
            "policyArea": {
                "name": "International Affairs"
            },
            "title": "Malala Yousafzai Scholarship Act",
            "type": "HR",
            "url": "https://api.congress.gov/v3/bill/116/hr/4508?format=json"
        },
        {
            "congress": 116,
            "introducedDate": "2019-09-19",
            "latestAction": {
                "actionDate": "2019-10-28",
                "text": "Referred to the Subcommittee on Crime, Terrorism, and Homeland Security."
            },
            "number": "4408",
            "policyArea": {
                "name": "Crime and Law Enforcement"
            },
            "title": "Eric Garner Excessive Use of Force Prevention Act of 2019",
            "type": "HR",
            "url": "https://api.congress.gov/v3/bill/116/hr/4408?format=json"
        },
        {
            "congress": 116,
            "introducedDate": "2019-09-17",
            "latestAction": {
                "actionDate": "2019-09-24",
                "text": "Subcommittee Hearings Held."
            },
            "number": "4340",
            "policyArea": {
                "name": "Environmental Protection"
            },
            "title": "SALAMANDER Act of 2019",
            "type": "HR",
            "url": "https://api.congress.gov/v3/bill/116/hr/4340?format=json"
        },
        {
            "congress": 116,
            "introducedDate": "2019-06-20",
            "latestAction": {
                "actionDate": "2019-07-30",
                "text": "Referred to the Subcommittee on Crime, Terrorism, and Homeland Security."
            },
            "number": "3380",
            "policyArea": {
                "name": "Crime and Law Enforcement"
            },
            "title": "Security from Political Interference in Justice Act of 2019",
            "type": "HR",
            "url": "https://api.congress.gov/v3/bill/116/hr/3380?format=json"
        },
        {
            "amendmentNumber": "404",
            "congress": 116,
            "introducedDate": "2019-06-19",
            "latestAction": {
                "actionDate": "2019-06-19",
                "actionTime": "18:37:44",
                "text": "On agreeing to the Jeffries amendment (A018) Agreed to by voice vote. "
            },
            "type": null,
            "url": "https://api.congress.gov/v3/amendment/116/hamdt/404?format=json"
        },
        {
            "amendmentNumber": "312",
            "congress": 116,
            "introducedDate": "2019-06-13",
            "latestAction": {
                "actionDate": "2019-06-13",
                "actionTime": "11:56:09",
                "text": "On agreeing to the Jeffries amendment (A046) Agreed to by recorded vote: 275 - 148 (Roll no. 295). "
            },
            "type": null,
            "url": "https://api.congress.gov/v3/amendment/116/hamdt/312?format=json"
        },
        {
            "congress": 116,
            "introducedDate": "2019-06-11",
            "latestAction": {
                "actionDate": "2019-06-28",
                "text": "Referred to the Subcommittee on Courts, Intellectual Property, and the Internet."
            },
            "number": "3199",
            "policyArea": {
                "name": "Commerce"
            },
            "title": "Term Act of 2019",
            "type": "HR",
            "url": "https://api.congress.gov/v3/bill/116/hr/3199?format=json"
        },
        {
            "congress": 116,
            "introducedDate": "2019-05-20",
            "latestAction": {
                "actionDate": "2019-06-26",
                "text": "Referred to the Subcommittee on Crime, Terrorism, and Homeland Security."
            },
            "number": "2843",
            "policyArea": {
                "name": "Crime and Law Enforcement"
            },
            "title": "Marijuana Freedom and Opportunity Act",
            "type": "HR",
            "url": "https://api.congress.gov/v3/bill/116/hr/2843?format=json"
        },
        {
            "congress": 116,
            "introducedDate": "2019-05-01",
            "latestAction": {
                "actionDate": "2019-10-23",
                "text": "Received in the Senate. Read twice. Placed on Senate Legislative Calendar under General Orders. Calendar No. 266."
            },
            "number": "2426",
            "policyArea": {
                "name": "Commerce"
            },
            "title": "CASE Act of 2019",
            "type": "HR",
            "url": "https://api.congress.gov/v3/bill/116/hr/2426?format=json"
        },
        {
            "congress": 116,
            "introducedDate": "2019-04-29",
            "latestAction": {
                "actionDate": "2020-12-24",
                "text": "Placed on the Union Calendar, Calendar No. 577."
            },
            "number": "2374",
            "policyArea": {
                "name": "Health"
            },
            "title": "Stop STALLING Act",
            "type": "HR",
            "url": "https://api.congress.gov/v3/bill/116/hr/2374?format=json"
        },
        {
            "amendmentNumber": "117",
            "congress": 116,
            "introducedDate": "2019-04-03",
            "latestAction": {
                "actionDate": "2019-04-03",
                "actionTime": "17:24:43",
                "text": "On agreeing to the Jeffries amendment (A001) Agreed to by recorded vote: 363 - 67 (Roll no. 147). "
            },
            "type": null,
            "url": "https://api.congress.gov/v3/amendment/116/hamdt/117?format=json"
        },
        {
            "congress": 116,
            "introducedDate": "2019-04-01",
            "latestAction": {
                "actionDate": "2019-05-03",
                "text": "Referred to the Subcommittee on Courts, Intellectual Property, and the Internet."
            },
            "number": "1999",
            "policyArea": {
                "name": "Commerce"
            },
            "title": "Fair Licensing Access for Governments Act of 2019",
            "type": "HR",
            "url": "https://api.congress.gov/v3/bill/116/hr/1999?format=json"
        },
        {
            "congress": 116,
            "introducedDate": "2019-03-28",
            "latestAction": {
                "actionDate": "2019-03-28",
                "text": "Referred to the Committee on Financial Services, and in addition to the Committee on House Administration, for a period to be subsequently determined by the Speaker, in each case for consideration of such provisions as fall within the jurisdiction of the committee concerned."
            },
            "number": "1968",
            "policyArea": {
                "name": "Congress"
            },
            "title": "Shirley Chisholm Congressional Gold Medal Act",
            "type": "HR",
            "url": "https://api.congress.gov/v3/bill/116/hr/1968?format=json"
        },
        {
            "congress": 116,
            "introducedDate": "2019-02-26",
            "latestAction": {
                "actionDate": "2019-02-26",
                "actionTime": "15:33:43",
                "text": "Motion to reconsider laid on the table Agreed to without objection."
            },
            "number": "148",
            "policyArea": {
                "name": "Congress"
            },
            "title": "Electing Members to certain standing committees of the House of Representatives.",
            "type": "HRES",
            "url": "https://api.congress.gov/v3/bill/116/hres/148?format=json"
        },
        {
            "amendmentNumber": "873",
            "congress": 113,
            "introducedDate": "2014-06-18",
            "latestAction": {
                "actionDate": "2014-06-18",
                "actionTime": "16:26:54",
                "text": "On agreeing to the Jeffries amendment (A007) Agreed to by voice vote. "
            },
            "type": null,
            "url": "https://api.congress.gov/v3/amendment/113/hamdt/873?format=json"
        },
        {
            "amendmentNumber": "730",
            "congress": 113,
            "introducedDate": "2014-05-29",
            "latestAction": {
                "actionDate": "2014-05-29",
                "actionTime": "16:12:15",
                "text": "Mr. Wolf raised a point of order against the Jeffries amendment (A041). Mr. Wolf stated that the provisions of the amendment violate clause 2 of rule XXI by proposing to appropriate funds for a program not authorized. The Chair sustained the point of order. "
            },
            "type": null,
            "url": "https://api.congress.gov/v3/amendment/113/hamdt/730?format=json"
        },
        {
            "congress": 113,
            "introducedDate": "2014-07-31",
            "latestAction": {
                "actionDate": "2014-07-31",
                "text": "Referred to the House Committee on Financial Services."
            },
            "number": "5317",
            "policyArea": {
                "name": "Housing and Community Development"
            },
            "title": "P.J.'s Act",
            "type": "HR",
            "url": "https://api.congress.gov/v3/bill/113/hr/5317?format=json"
        },
        {
            "congress": 113,
            "introducedDate": "2014-07-15",
            "latestAction": {
                "actionDate": "2014-12-16",
                "text": "Became Public Law No: 113-227."
            },
            "number": "5108",
            "policyArea": {
                "name": "Law"
            },
            "title": "To establish the Law School Clinic Certification Program of the United States Patent and Trademark Office, and for other purposes.",
            "type": "HR",
            "url": "https://api.congress.gov/v3/bill/113/hr/5108?format=json"
        },
        {
            "congress": 113,
            "introducedDate": "2014-06-23",
            "latestAction": {
                "actionDate": "2014-07-21",
                "text": "Referred to the Subcommittee on Immigration and Border Security."
            },
            "number": "4936",
            "policyArea": {
                "name": "Immigration"
            },
            "title": "Vulnerable Immigrant Voice Act",
            "type": "HR",
            "url": "https://api.congress.gov/v3/bill/113/hr/4936?format=json"
        },
        {
            "congress": 113,
            "introducedDate": "2014-02-28",
            "latestAction": {
                "actionDate": "2014-02-28",
                "text": "Referred to the House Committee on Ways and Means."
            },
            "number": "4130",
            "policyArea": {
                "name": "Taxation"
            },
            "title": "Low and Moderate Income Housing Act of 2014",
            "type": "HR",
            "url": "https://api.congress.gov/v3/bill/113/hr/4130?format=json"
        },
        {
            "congress": 113,
            "introducedDate": "2014-01-15",
            "latestAction": {
                "actionDate": "2014-01-17",
                "text": "Referred to the Subcommittee on Communications and Technology."
            },
            "number": "3878",
            "policyArea": {
                "name": "Crime and Law Enforcement"
            },
            "title": "Hate Crime Reporting Act of 2014",
            "type": "HR",
            "url": "https://api.congress.gov/v3/bill/113/hr/3878?format=json"
        },
        {
            "congress": 113,
            "introducedDate": "2013-12-12",
            "latestAction": {
                "actionDate": "2014-01-27",
                "text": "Referred to the Subcommittee on Courts, Intellectual Property, and the Internet."
            },
            "number": "3713",
            "policyArea": {
                "name": "Commerce"
            },
            "title": "To amend the Trademark Act of 1946 to provide for the registration of marks consisting of a flag, coat of arms, or other official insignia of the United States or of any State or local government, and for other purposes.",
            "type": "HR",
            "url": "https://api.congress.gov/v3/bill/113/hr/3713?format=json"
        },
        {
            "congress": 113,
            "introducedDate": "2013-12-10",
            "latestAction": {
                "actionDate": "2014-01-27",
                "text": "Referred to the Subcommittee on Crime, Terrorism, Homeland Security, and Investigations."
            },
            "number": "3688",
            "policyArea": {
                "name": "Crime and Law Enforcement"
            },
            "title": "Ex-Offender Voter Registration Act of 2013",
            "type": "HR",
            "url": "https://api.congress.gov/v3/bill/113/hr/3688?format=json"
        },
        {
            "congress": 113,
            "introducedDate": "2013-12-04",
            "latestAction": {
                "actionDate": "2013-12-05",
                "text": "Referred to the Subcommittee on Water Resources and Environment."
            },
            "number": "3646",
            "policyArea": {
                "name": "Water Resources Development"
            },
            "title": "Extreme Weather Mitigation Act of 2013",
            "type": "HR",
            "url": "https://api.congress.gov/v3/bill/113/hr/3646?format=json"
        },
        {
            "congress": 113,
            "introducedDate": "2013-07-16",
            "latestAction": {
                "actionDate": "2013-07-16",
                "text": "Referred to the House Committee on the Budget."
            },
            "number": "2695",
            "policyArea": {
                "name": "Economics and Public Finance"
            },
            "title": "American Public Housing Act of 2013",
            "type": "HR",
            "url": "https://api.congress.gov/v3/bill/113/hr/2695?format=json"
        },
        {
            "congress": 113,
            "introducedDate": "2013-07-10",
            "latestAction": {
                "actionDate": "2013-09-13",
                "text": "Referred to the Subcommittee on Courts, Intellectual Property, and the Internet."
            },
            "number": "2639",
            "policyArea": {
                "name": "Commerce"
            },
            "title": "Patent Litigation and Innovation Act of 2013",
            "type": "HR",
            "url": "https://api.congress.gov/v3/bill/113/hr/2639?format=json"
        },
        {
            "congress": 113,
            "introducedDate": "2013-04-12",
            "latestAction": {
                "actionDate": "2013-04-12",
                "text": "Referred to the House Committee on Oversight and Government Reform."
            },
            "number": "1537",
            "policyArea": {
                "name": "Government Operations and Politics"
            },
            "title": "To amend title 13, United States Code, to provide that individuals in prison shall, for the purposes of a decennial census, be attributed to the last place of residence before incarceration.",
            "type": "HR",
            "url": "https://api.congress.gov/v3/bill/113/hr/1537?format=json"
        },
        {
            "congress": 113,
            "introducedDate": "2013-04-11",
            "latestAction": {
                "actionDate": "2013-04-11",
                "text": "Referred to the House Committee on Financial Services."
            },
            "number": "1499",
            "policyArea": {
                "name": "Housing and Community Development"
            },
            "title": "Disaster-Affected Homeowners Notification Act of 2013",
            "type": "HR",
            "url": "https://api.congress.gov/v3/bill/113/hr/1499?format=json"
        },
        {
            "congress": 113,
            "introducedDate": "2013-04-11",
            "latestAction": {
                "actionDate": "2014-07-23",
                "text": "Committee on Energy and Natural Resources Subcommittee on National Parks. Hearings held."
            },
            "number": "1501",
            "policyArea": {
                "name": "Public Lands and Natural Resources"
            },
            "title": "Prison Ship Martyrs' Monument Preservation Act",
            "type": "HR",
            "url": "https://api.congress.gov/v3/bill/113/hr/1501?format=json"
        },
        {
            "congress": 113,
            "introducedDate": "2013-04-11",
            "latestAction": {
                "actionDate": "2013-07-08",
                "text": "Referred to the Subcommittee on Higher Education and Workforce Training."
            },
            "number": "1498",
            "policyArea": {
                "name": "Education"
            },
            "title": "To extend the interest rate for Federal Direct Stafford Loans.",
            "type": "HR",
            "url": "https://api.congress.gov/v3/bill/113/hr/1498?format=json"
        },
        {
            "congress": 113,
            "introducedDate": "2013-02-06",
            "latestAction": {
                "actionDate": "2013-02-06",
                "text": "Referred to the House Committee on Financial Services."
            },
            "number": "554",
            "policyArea": {
                "name": "Housing and Community Development"
            },
            "title": "Superstorm Sandy Mortgage Relief Act of 2013",
            "type": "HR",
            "url": "https://api.congress.gov/v3/bill/113/hr/554?format=json"
        },
        {
            "congress": 113,
            "introducedDate": "2014-03-12",
            "latestAction": {
                "actionDate": "2014-03-12",
                "text": "Referred to the House Committee on the Judiciary."
            },
            "number": "514",
            "policyArea": {
                "name": "Commerce"
            },
            "title": "Honoring Thomas Jennings of New York City as the first African-American to be granted a patent by the United States.",
            "type": "HRES",
            "url": "https://api.congress.gov/v3/bill/113/hres/514?format=json"
        },
        {
            "congress": 116,
            "introducedDate": "2019-02-13",
            "latestAction": {
                "actionDate": "2019-02-13",
                "actionTime": "16:56:55",
                "text": "Motion to reconsider laid on the table Agreed to without objection."
            },
            "number": "125",
            "policyArea": {
                "name": "Congress"
            },
            "title": "Electing Members to certain standing committees of the House of Representatives and ranking Members on a certain standing committee of the House of Representatives.",
            "type": "HRES",
            "url": "https://api.congress.gov/v3/bill/116/hres/125?format=json"
        },
        {
            "congress": 116,
            "introducedDate": "2019-01-30",
            "latestAction": {
                "actionDate": "2019-03-25",
                "text": "Referred to the Subcommittee on Crime, Terrorism, and Homeland Security."
            },
            "number": "893",
            "policyArea": {
                "name": "Crime and Law Enforcement"
            },
            "title": "Ex-Offender Voter Registration Act of 2019",
            "type": "HR",
            "url": "https://api.congress.gov/v3/bill/116/hr/893?format=json"
        },
        {
            "congress": 116,
            "introducedDate": "2019-01-29",
            "latestAction": {
                "actionDate": "2019-01-29",
                "actionTime": "15:21:03",
                "text": "Motion to reconsider laid on the table Agreed to without objection."
            },
            "number": "85",
            "policyArea": {
                "name": "Congress"
            },
            "title": "Electing Members to a certain standing committee of the House of Representatives and ranking Members on a certain standing committee of the House of Representatives.",
            "type": "HRES",
            "url": "https://api.congress.gov/v3/bill/116/hres/85?format=json"
        },
        {
            "congress": 116,
            "introducedDate": "2019-01-24",
            "latestAction": {
                "actionDate": "2019-01-24",
                "actionTime": "10:53:11",
                "text": "Motion to reconsider laid on the table Agreed to without objection."
            },
            "number": "73",
            "policyArea": {
                "name": "Congress"
            },
            "title": "Electing Members to certain standing committees of the House of Representatives.",
            "type": "HRES",
            "url": "https://api.congress.gov/v3/bill/116/hres/73?format=json"
        },
        {
            "congress": 116,
            "introducedDate": "2019-01-23",
            "latestAction": {
                "actionDate": "2019-01-23",
                "actionTime": "14:00:03",
                "text": "Motion to reconsider laid on the table Agreed to without objection."
            },
            "number": "67",
            "policyArea": {
                "name": "Congress"
            },
            "title": "Electing Members to certain standing committees of the House of Representatives.",
            "type": "HRES",
            "url": "https://api.congress.gov/v3/bill/116/hres/67?format=json"
        },
        {
            "congress": 116,
            "introducedDate": "2019-01-17",
            "latestAction": {
                "actionDate": "2019-01-17",
                "actionTime": "12:58:57",
                "text": "Motion to reconsider laid on the table Agreed to without objection."
            },
            "number": "57",
            "policyArea": {
                "name": "Congress"
            },
            "title": "Electing Members to certain standing committees of the House of Representatives.",
            "type": "HRES",
            "url": "https://api.congress.gov/v3/bill/116/hres/57?format=json"
        },
        {
            "congress": 116,
            "introducedDate": "2019-01-16",
            "latestAction": {
                "actionDate": "2019-01-16",
                "actionTime": "12:32:00",
                "text": "Motion to reconsider laid on the table Agreed to without objection."
            },
            "number": "46",
            "policyArea": {
                "name": "Congress"
            },
            "title": "Electing Members to a certain standing committee of the House of Representatives.",
            "type": "HRES",
            "url": "https://api.congress.gov/v3/bill/116/hres/46?format=json"
        },
        {
            "congress": 116,
            "introducedDate": "2019-01-15",
            "latestAction": {
                "actionDate": "2019-01-15",
                "actionTime": "12:16:56",
                "text": "Motion to reconsider laid on the table Agreed to without objection."
            },
            "number": "42",
            "policyArea": {
                "name": "Congress"
            },
            "title": "Electing Members to certain standing committees of the House of Representatives.",
            "type": "HRES",
            "url": "https://api.congress.gov/v3/bill/116/hres/42?format=json"
        },
        {
            "congress": 116,
            "introducedDate": "2019-01-09",
            "latestAction": {
                "actionDate": "2019-02-08",
                "text": "Referred to the Subcommittee on Commodity Exchanges, Energy, and Credit."
            },
            "number": "381",
            "policyArea": {
                "name": "Civil Rights and Liberties, Minority Issues"
            },
            "title": "21st Century Respect Act",
            "type": "HR",
            "url": "https://api.congress.gov/v3/bill/116/hr/381?format=json"
        },
        {
            "congress": 116,
            "introducedDate": "2019-01-09",
            "latestAction": {
                "actionDate": "2019-01-09",
                "actionTime": "12:31:30",
                "text": "Motion to reconsider laid on the table Agreed to without objection."
            },
            "number": "31",
            "policyArea": {
                "name": "Congress"
            },
            "title": "Electing Members to certain standing committees of the House of Representatives.",
            "type": "HRES",
            "url": "https://api.congress.gov/v3/bill/116/hres/31?format=json"
        },
        {
            "congress": 116,
            "introducedDate": "2019-01-08",
            "latestAction": {
                "actionDate": "2019-01-08",
                "actionTime": "16:00:49",
                "text": "Motion to reconsider laid on the table Agreed to without objection."
            },
            "number": "26",
            "policyArea": {
                "name": "Congress"
            },
            "title": "Electing Members to a certain standing committee of the House of Representatives.",
            "type": "HRES",
            "url": "https://api.congress.gov/v3/bill/116/hres/26?format=json"
        },
        {
            "congress": 116,
            "introducedDate": "2019-01-04",
            "latestAction": {
                "actionDate": "2019-01-04",
                "actionTime": "10:47:47",
                "text": "Motion to reconsider laid on the table Agreed to without objection."
            },
            "number": "24",
            "policyArea": {
                "name": "Congress"
            },
            "title": "Electing Members to certain standing committees of the House of Representatives.",
            "type": "HRES",
            "url": "https://api.congress.gov/v3/bill/116/hres/24?format=json"
        },
        {
            "congress": 116,
            "introducedDate": "2019-01-03",
            "latestAction": {
                "actionDate": "2019-01-03",
                "actionTime": "19:15:09",
                "text": "Motion to reconsider laid on the table Agreed to without objection."
            },
            "number": "7",
            "policyArea": {
                "name": "Congress"
            },
            "title": "Electing Members to certain standing committees of the House of Representatives.",
            "type": "HRES",
            "url": "https://api.congress.gov/v3/bill/116/hres/7?format=json"
        },
        {
            "congress": 116,
            "introducedDate": "2019-01-03",
            "latestAction": {
                "actionDate": "2019-01-03",
                "actionTime": "14:59:25",
                "text": "Motion to reconsider laid on the table Agreed to without objection."
            },
            "number": "1",
            "policyArea": {
                "name": "Congress"
            },
            "title": "Electing officers of the House of Representatives.",
            "type": "HRES",
            "url": "https://api.congress.gov/v3/bill/116/hres/1?format=json"
        },
        {
            "congress": 115,
            "introducedDate": "2018-11-06",
            "latestAction": {
                "actionDate": "2018-11-15",
                "text": "Referred to the Subcommittee on Crime, Terrorism, Homeland Security, and Investigations."
            },
            "number": "7118",
            "policyArea": {
                "name": "Crime and Law Enforcement"
            },
            "title": "Excessive Use of Force Prevention Act of 2018",
            "type": "HR",
            "url": "https://api.congress.gov/v3/bill/115/hr/7118?format=json"
        },
        {
            "congress": 115,
            "introducedDate": "2018-10-30",
            "latestAction": {
                "actionDate": "2018-10-30",
                "text": "Referred to the House Committee on Financial Services."
            },
            "number": "7107",
            "policyArea": {
                "name": "Congress"
            },
            "title": "Shirley Chisholm Congressional Gold Medal Act",
            "type": "HR",
            "url": "https://api.congress.gov/v3/bill/115/hr/7107?format=json"
        },
        {
            "congress": 115,
            "introducedDate": "2018-10-05",
            "latestAction": {
                "actionDate": "2018-10-05",
                "text": "Referred to the Subcommittee on Crime, Terrorism, Homeland Security, and Investigations."
            },
            "number": "7040",
            "policyArea": {
                "name": "Crime and Law Enforcement"
            },
            "title": "Ex-Offender Voter Registration Act of 2018",
            "type": "HR",
            "url": "https://api.congress.gov/v3/bill/115/hr/7040?format=json"
        },
        {
            "congress": 115,
            "introducedDate": "2017-12-20",
            "latestAction": {
                "actionDate": "2018-01-22",
                "text": "Referred to the Subcommittee on Courts, Intellectual Property, and the Internet."
            },
            "number": "4698",
            "policyArea": {
                "name": "Government Operations and Politics"
            },
            "title": "Judicial Redaction Authority Act of 2017",
            "type": "HR",
            "url": "https://api.congress.gov/v3/bill/115/hr/4698?format=json"
        },
        {
            "congress": 115,
            "introducedDate": "2017-10-05",
            "latestAction": {
                "actionDate": "2018-04-23",
                "text": "Became Public Law No: 115-168."
            },
            "number": "3979",
            "policyArea": {
                "name": "Public Lands and Natural Resources"
            },
            "title": "An act to amend the Fish and Wildlife Act of 1956 to reauthorize the volunteer services, community partnership, and refuge education programs of the National Wildlife Refuge System, and for other purposes",
            "type": "HR",
            "url": "https://api.congress.gov/v3/bill/115/hr/3979?format=json"
        },
        {
            "congress": 115,
            "introducedDate": "2017-10-04",
            "latestAction": {
                "actionDate": "2018-09-27",
                "text": "Committee Hearings Held."
            },
            "number": "3945",
            "policyArea": {
                "name": "Commerce"
            },
            "title": "CASE Act of 2017",
            "type": "HR",
            "url": "https://api.congress.gov/v3/bill/115/hr/3945?format=json"
        },
        {
            "congress": 115,
            "introducedDate": "2017-07-24",
            "latestAction": {
                "actionDate": "2017-07-24",
                "text": "Referred to the Subcommittee on Economic Opportunity."
            },
            "number": "3370",
            "policyArea": {
                "name": "Armed Forces and National Security"
            },
            "title": "Fry Scholarship Enhancement Act",
            "type": "HR",
            "url": "https://api.congress.gov/v3/bill/115/hr/3370?format=json"
        },
        {
            "congress": 115,
            "introducedDate": "2017-07-13",
            "latestAction": {
                "actionDate": "2017-09-28",
                "text": "Received in the Senate and Read twice and referred to the Committee on Homeland Security and Governmental Affairs."
            },
            "number": "3229",
            "policyArea": {
                "name": "Government Operations and Politics"
            },
            "title": "To protect the safety of judges by extending the authority of the Judicial Conference to redact sensitive information contained in their financial disclosure reports, and for other purposes.",
            "type": "HR",
            "url": "https://api.congress.gov/v3/bill/115/hr/3229?format=json"
        },
        {
            "congress": 115,
            "introducedDate": "2017-05-24",
            "latestAction": {
                "actionDate": "2017-06-26",
                "text": "Referred to the Subcommittee on Crime, Terrorism, Homeland Security, and Investigations."
            },
            "number": "2617",
            "policyArea": {
                "name": "Crime and Law Enforcement"
            },
            "title": "Renew Act of 2017",
            "type": "HR",
            "url": "https://api.congress.gov/v3/bill/115/hr/2617?format=json"
        },
        {
            "amendmentNumber": "79",
            "congress": 115,
            "introducedDate": "2017-03-10",
            "latestAction": {
                "actionDate": "2017-03-10",
                "actionTime": "11:03:29",
                "text": "On agreeing to the Jeffries amendment (A004) Failed by recorded vote: 189 - 229 (Roll no. 156). "
            },
            "type": null,
            "url": "https://api.congress.gov/v3/amendment/115/hamdt/79?format=json"
        },
        {
            "congress": 115,
            "introducedDate": "2017-03-09",
            "latestAction": {
                "actionDate": "2017-03-31",
                "text": "Placed on the House Calendar, Calendar No. 31."
            },
            "number": "184",
            "policyArea": {
                "name": "Congress"
            },
            "title": "Of inquiry requesting the President and directing the Attorney General to transmit, respectively, certain documents to the House of Representatives relating to communications with the government of Russia.",
            "type": "HRES",
            "url": "https://api.congress.gov/v3/bill/115/hres/184?format=json"
        },
        {
            "congress": 115,
            "introducedDate": "2017-02-09",
            "latestAction": {
                "actionDate": "2018-07-12",
                "text": "Placed on Senate Legislative Calendar under General Orders. Calendar No. 513."
            },
            "number": "995",
            "policyArea": {
                "name": "Civil Rights and Liberties, Minority Issues"
            },
            "title": "21st Century Respect Act",
            "type": "HR",
            "url": "https://api.congress.gov/v3/bill/115/hr/995?format=json"
        },
        {
            "congress": 115,
            "introducedDate": "2017-02-07",
            "latestAction": {
                "actionDate": "2017-03-09",
                "text": "Referred to the Subcommittee on Crime, Terrorism, Homeland Security, and Investigations."
            },
            "number": "957",
            "policyArea": {
                "name": "Crime and Law Enforcement"
            },
            "title": "F.A.I.R. Surveillance Act of 2017",
            "type": "HR",
            "url": "https://api.congress.gov/v3/bill/115/hr/957?format=json"
        },
        {
            "congress": 115,
            "introducedDate": "2017-02-07",
            "latestAction": {
                "actionDate": "2017-03-09",
                "text": "Referred to the Subcommittee on Crime, Terrorism, Homeland Security, and Investigations."
            },
            "number": "956",
            "policyArea": {
                "name": "Crime and Law Enforcement"
            },
            "title": "Effective Assistance of Counsel in the Digital Era Act",
            "type": "HR",
            "url": "https://api.congress.gov/v3/bill/115/hr/956?format=json"
        },
        {
            "congress": 115,
            "introducedDate": "2017-01-11",
            "latestAction": {
                "actionDate": "2018-06-13",
                "text": "Received in the Senate and Read twice and referred to the Committee on Health, Education, Labor, and Pensions."
            },
            "number": "449",
            "policyArea": {
                "name": "Health"
            },
            "title": "Synthetic Drug Awareness Act of 2018",
            "type": "HR",
            "url": "https://api.congress.gov/v3/bill/115/hr/449?format=json"
        },
        {
            "congress": 114,
            "introducedDate": "2016-07-13",
            "latestAction": {
                "actionDate": "2016-07-27",
                "text": "Referred to the Subcommittee on Courts, Intellectual Property, and the Internet."
            },
            "number": "5757",
            "policyArea": {
                "name": "Commerce"
            },
            "title": "CASE Act of 2016",
            "type": "HR",
            "url": "https://api.congress.gov/v3/bill/114/hr/5757?format=json"
        },
        {
            "congress": 114,
            "introducedDate": "2016-04-29",
            "latestAction": {
                "actionDate": "2016-05-18",
                "text": "Referred to the Subcommittee on Crime, Terrorism, Homeland Security, and Investigations."
            },
            "number": "5154",
            "policyArea": {
                "name": "Crime and Law Enforcement"
            },
            "title": "F.A.I.R. Surveillance Act of 2016",
            "type": "HR",
            "url": "https://api.congress.gov/v3/bill/114/hr/5154?format=json"
        },
        {
            "congress": 114,
            "introducedDate": "2016-04-21",
            "latestAction": {
                "actionDate": "2016-04-22",
                "text": "Referred to the Subcommittee on Health."
            },
            "number": "5020",
            "policyArea": {
                "name": "Health"
            },
            "title": "Synthetic Drug Awareness Act of 2016",
            "type": "HR",
            "url": "https://api.congress.gov/v3/bill/114/hr/5020?format=json"
        },
        {
            "congress": 114,
            "introducedDate": "2016-01-06",
            "latestAction": {
                "actionDate": "2016-02-03",
                "text": "Referred to the Subcommittee on Crime, Terrorism, Homeland Security, and Investigations."
            },
            "number": "4324",
            "policyArea": {
                "name": "Crime and Law Enforcement"
            },
            "title": "Effective Assistance of Counsel in the Digital Era Act of 2016",
            "type": "HR",
            "url": "https://api.congress.gov/v3/bill/114/hr/4324?format=json"
        },
        {
            "congress": 114,
            "introducedDate": "2015-10-29",
            "latestAction": {
                "actionDate": "2015-11-23",
                "text": "Referred to the Subcommittee on Crime, Terrorism, Homeland Security, and Investigations."
            },
            "number": "3864",
            "policyArea": {
                "name": "Crime and Law Enforcement"
            },
            "title": "Effective Assistance of Counsel in the Digital Era Act",
            "type": "HR",
            "url": "https://api.congress.gov/v3/bill/114/hr/3864?format=json"
        },
        {
            "congress": 114,
            "introducedDate": "2015-10-27",
            "latestAction": {
                "actionDate": "2015-10-27",
                "text": "Referred to the House Committee on Oversight and Government Reform."
            },
            "number": "3838",
            "policyArea": {
                "name": "Government Operations and Politics"
            },
            "title": "Fairness in Incarcerated Representation Act",
            "type": "HR",
            "url": "https://api.congress.gov/v3/bill/114/hr/3838?format=json"
        },
        {
            "amendmentNumber": "606",
            "congress": 114,
            "introducedDate": "2015-07-07",
            "latestAction": {
                "actionDate": "2015-07-07",
                "actionTime": "21:03:07",
                "text": "On agreeing to the Jeffries amendment (A076) Agreed to by voice vote. "
            },
            "type": null,
            "url": "https://api.congress.gov/v3/amendment/114/hamdt/606?format=json"
        },
        {
            "amendmentNumber": "355",
            "congress": 114,
            "introducedDate": "2015-06-03",
            "latestAction": {
                "actionDate": "2015-06-03",
                "actionTime": "17:43:01",
                "text": "By unanimous consent, the Jeffries amendment was withdrawn. (consideration: CR H3809)"
            },
            "type": null,
            "url": "https://api.congress.gov/v3/amendment/114/hamdt/355?format=json"
        },
        {
            "amendmentNumber": "39",
            "congress": 114,
            "introducedDate": "2015-02-26",
            "latestAction": {
                "actionDate": "2015-02-26",
                "actionTime": "19:55:42",
                "text": "On agreeing to the Jeffries amendment (A016) Agreed to by voice vote. "
            },
            "type": null,
            "url": "https://api.congress.gov/v3/amendment/114/hamdt/39?format=json"
        },
        {
            "congress": 114,
            "introducedDate": "2015-05-21",
            "latestAction": {
                "actionDate": "2015-06-05",
                "text": "Referred to the Subcommittee on Economic Opportunity."
            },
            "number": "2487",
            "policyArea": {
                "name": "Armed Forces and National Security"
            },
            "title": "Fry Scholarship Enhancement Act",
            "type": "HR",
            "url": "https://api.congress.gov/v3/bill/114/hr/2487?format=json"
        },
        {
            "congress": 114,
            "introducedDate": "2015-04-21",
            "latestAction": {
                "actionDate": "2015-04-21",
                "text": "Referred to the House Committee on Ways and Means."
            },
            "number": "1913",
            "policyArea": {
                "name": "Taxation"
            },
            "title": "Protecting American Taxpayers from Fraud Act of 2015",
            "type": "HR",
            "url": "https://api.congress.gov/v3/bill/114/hr/1913?format=json"
        },
        {
            "congress": 114,
            "introducedDate": "2015-03-23",
            "latestAction": {
                "actionDate": "2015-04-01",
                "text": "Became Public Law No: 114-7."
            },
            "number": "1527",
            "policyArea": {
                "name": "Taxation"
            },
            "title": "Slain Officer Family Support Act of 2015",
            "type": "HR",
            "url": "https://api.congress.gov/v3/bill/114/hr/1527?format=json"
        },
        {
            "congress": 114,
            "introducedDate": "2015-03-04",
            "latestAction": {
                "actionDate": "2015-03-05",
                "text": "Referred to the Subcommittee on Economic Development, Public Buildings and Emergency Management."
            },
            "number": "1297",
            "policyArea": {
                "name": "Emergency Management"
            },
            "title": "Disaster Response Reform Act of 2015",
            "type": "HR",
            "url": "https://api.congress.gov/v3/bill/114/hr/1297?format=json"
        },
        {
            "congress": 114,
            "introducedDate": "2015-02-11",
            "latestAction": {
                "actionDate": "2015-03-16",
                "text": "Referred to the Subcommittee on the Constitution and Civil Justice."
            },
            "number": "871",
            "policyArea": {
                "name": "Crime and Law Enforcement"
            },
            "title": "Formerly Incarcerated Voter Registration Act of 2015",
            "type": "HR",
            "url": "https://api.congress.gov/v3/bill/114/hr/871?format=json"
        },
        {
            "congress": 114,
            "introducedDate": "2015-07-10",
            "latestAction": {
                "actionDate": "2015-07-29",
                "text": "Referred to the Subcommittee on Crime, Terrorism, Homeland Security, and Investigations."
            },
            "number": "3028",
            "policyArea": {
                "name": "Crime and Law Enforcement"
            },
            "title": "Grand Jury Transparency Act",
            "type": "HR",
            "url": "https://api.congress.gov/v3/bill/114/hr/3028?format=json"
        },
        {
            "congress": 114,
            "introducedDate": "2015-04-28",
            "latestAction": {
                "actionDate": "2015-05-15",
                "text": "Referred to the Subcommittee on Crime, Terrorism, Homeland Security, and Investigations."
            },
            "number": "2052",
            "policyArea": {
                "name": "Crime and Law Enforcement"
            },
            "title": "Excessive Use of Force Prevention Act of 2015",
            "type": "HR",
            "url": "https://api.congress.gov/v3/bill/114/hr/2052?format=json"
        },
        {
            "congress": 114,
            "introducedDate": "2015-03-26",
            "latestAction": {
                "actionDate": "2015-04-29",
                "text": "Referred to the Subcommittee on Immigration and Border Security."
            },
            "number": "1700",
            "policyArea": {
                "name": "Immigration"
            },
            "title": "Vulnerable Immigrant Voice Act",
            "type": "HR",
            "url": "https://api.congress.gov/v3/bill/114/hr/1700?format=json"
        },
        {
            "congress": 114,
            "introducedDate": "2015-02-13",
            "latestAction": {
                "actionDate": "2015-02-13",
                "text": "Referred to the House Committee on Financial Services."
            },
            "number": "968",
            "policyArea": {
                "name": "Housing and Community Development"
            },
            "title": "P.J.'s Act",
            "type": "HR",
            "url": "https://api.congress.gov/v3/bill/114/hr/968?format=json"
        },
        {
            "congress": 114,
            "introducedDate": "2015-01-27",
            "latestAction": {
                "actionDate": "2015-01-27",
                "text": "Referred to the House Committee on Ways and Means."
            },
            "number": "544",
            "policyArea": {
                "name": "Taxation"
            },
            "title": "Slain Officer Family Support Act of 2015",
            "type": "HR",
            "url": "https://api.congress.gov/v3/bill/114/hr/544?format=json"
        }
    ]
}