{
    "pagination": {
        "count": 119
    },
    "request": {
        "bioguideId": "e000294",
        "contentType": "application/json",
        "format": "json"
    },
    "sponsoredLegislation": [
        {
            "congress": 118,
            "introducedDate": "2024-04-18",
            "latestAction": {
                "actionDate": "2024-04-18",
                "text": "Referred to the House Committee on Armed Services."
            },
            "number": "8066",
            "policyArea": {
                "name": null
            },
            "title": "Ammunition Supply Chain Act",
            "type": "HR",
            "url": "https://api.congress.gov/v3/bill/118/hr/8066?format=json"
        },
        {
            "congress": 118,
            "introducedDate": "2024-04-05",
            "latestAction": {
                "actionDate": "2024-04-05",
                "text": "Referred to the House Committee on the Judiciary."
            },
            "number": "7873",
            "policyArea": {
                "name": "Crime and Law Enforcement"
            },
            "title": "Firearm Due Process Protection Act",
            "type": "HR",
            "url": "https://api.congress.gov/v3/bill/118/hr/7873?format=json"
        },
        {
            "congress": 118,
            "introducedDate": "2024-02-26",
            "latestAction": {
                "actionDate": "2024-02-26",
                "text": "Referred to the Committee on the Judiciary, and in addition to the Committee on Rules, for a period to be subsequently determined by the Speaker, in each case for consideration of such provisions as fall within the jurisdiction of the committee concerned."
            },
            "number": "7455",
            "policyArea": {
                "name": "Government Operations and Politics"
            },
            "title": "Sunset Act of 2024",
            "type": "HR",
            "url": "https://api.congress.gov/v3/bill/118/hr/7455?format=json"
        },
        {
            "congress": 118,
            "introducedDate": "2024-01-11",
            "latestAction": {
                "actionDate": "2024-01-11",
                "text": "Referred to the House Committee on Financial Services."
            },
            "number": "6962",
            "policyArea": {
                "name": "Finance and Financial Sector"
            },
            "title": "Financial Stability Oversight Council Reform Act",
            "type": "HR",
            "url": "https://api.congress.gov/v3/bill/118/hr/6962?format=json"
        },
        {
            "congress": 118,
            "introducedDate": "2024-01-09",
            "latestAction": {
                "actionDate": "2024-01-09",
                "text": "Referred to the House Committee on Financial Services."
            },
            "number": "6922",
            "policyArea": {
                "name": "Finance and Financial Sector"
            },
            "title": "Securing Facilities for Mental Health Services Act",
            "type": "HR",
            "url": "https://api.congress.gov/v3/bill/118/hr/6922?format=json"
        },
        {
            "congress": 118,
            "introducedDate": "2023-12-06",
            "latestAction": {
                "actionDate": "2023-12-06",
                "text": "Referred to the House Committee on Financial Services."
            },
            "number": "6623",
            "policyArea": {
                "name": "Finance and Financial Sector"
            },
            "title": "Main Street Growth Act",
            "type": "HR",
            "url": "https://api.congress.gov/v3/bill/118/hr/6623?format=json"
        },
        {
            "congress": 118,
            "introducedDate": "2023-09-12",
            "latestAction": {
                "actionDate": "2024-06-03",
                "text": "Received in the Senate and Read twice and referred to the Committee on Banking, Housing, and Urban Affairs."
            },
            "number": "5403",
            "policyArea": {
                "name": "Finance and Financial Sector"
            },
            "title": "CBDC Anti-Surveillance State Act",
            "type": "HR",
            "url": "https://api.congress.gov/v3/bill/118/hr/5403?format=json"
        },
        {
            "congress": 118,
            "introducedDate": "2023-05-22",
            "latestAction": {
                "actionDate": "2023-05-22",
                "text": "Referred to the House Committee on Financial Services."
            },
            "number": "3572",
            "policyArea": {
                "name": "Finance and Financial Sector"
            },
            "title": "Securities Clarity Act",
            "type": "HR",
            "url": "https://api.congress.gov/v3/bill/118/hr/3572?format=json"
        },
        {
            "congress": 118,
            "introducedDate": "2023-04-06",
            "latestAction": {
                "actionDate": "2023-04-06",
                "text": "Referred to the House Committee on Financial Services."
            },
            "number": "2490",
            "policyArea": {
                "name": "Finance and Financial Sector"
            },
            "title": "CFPB Whistleblower Incentives and Protection Act",
            "type": "HR",
            "url": "https://api.congress.gov/v3/bill/118/hr/2490?format=json"
        },
        {
            "congress": 118,
            "introducedDate": "2023-04-06",
            "latestAction": {
                "actionDate": "2023-04-06",
                "text": "Referred to the House Committee on Financial Services."
            },
            "number": "2489",
            "policyArea": {
                "name": "Finance and Financial Sector"
            },
            "title": "CFPB Dual Mandate and Economic Analysis Act",
            "type": "HR",
            "url": "https://api.congress.gov/v3/bill/118/hr/2489?format=json"
        },
        {
            "congress": 118,
            "introducedDate": "2023-03-23",
            "latestAction": {
                "actionDate": "2024-05-06",
                "text": "Placed on the Union Calendar, Calendar No. 403."
            },
            "number": "1747",
            "policyArea": {
                "name": "Finance and Financial Sector"
            },
            "title": "Blockchain Regulatory Certainty Act",
            "type": "HR",
            "url": "https://api.congress.gov/v3/bill/118/hr/1747?format=json"
        },
        {
            "congress": 118,
            "introducedDate": "2023-02-21",
            "latestAction": {
                "actionDate": "2023-02-21",
                "text": "Referred to the House Committee on Financial Services."
            },
            "number": "1122",
            "policyArea": {
                "name": "Finance and Financial Sector"
            },
            "title": "CBDC Anti-Surveillance State Act",
            "type": "HR",
            "url": "https://api.congress.gov/v3/bill/118/hr/1122?format=json"
        },
        {
            "amendmentNumber": "679",
            "congress": 118,
            "introducedDate": "2023-11-08",
            "latestAction": {
                "actionDate": "2023-11-08",
                "actionTime": "13:43:49",
                "text": "On agreeing to the Emmer amendment (A024) Agreed to by voice vote. "
            },
            "type": null,
            "url": "https://api.congress.gov/v3/amendment/118/hamdt/679?format=json"
        },
        {
            "congress": 117,
            "introducedDate": "2022-12-08",
            "latestAction": {
                "actionDate": "2022-12-08",
                "text": "Referred to the Committee on Education and Labor, and in addition to the Committee on Ways and Means, for a period to be subsequently determined by the Speaker, in each case for consideration of such provisions as fall within the jurisdiction of the committee concerned."
            },
            "number": "9469",
            "policyArea": {
                "name": "Education"
            },
            "title": "Student Mental Health Improvement Act of 2022",
            "type": "HR",
            "url": "https://api.congress.gov/v3/bill/117/hr/9469?format=json"
        },
        {
            "congress": 117,
            "introducedDate": "2022-11-17",
            "latestAction": {
                "actionDate": "2022-12-14",
                "text": "Referred to the Subcommittee on Biotechnology, Horticulture, and Research."
            },
            "number": "1485",
            "policyArea": {
                "name": "Health"
            },
            "title": "Expressing support for the designation of November 17, 2022, as \"National Rural Mental Health Day\".",
            "type": "HRES",
            "url": "https://api.congress.gov/v3/bill/117/hres/1485?format=json"
        },
        {
            "congress": 117,
            "introducedDate": "2022-09-22",
            "latestAction": {
                "actionDate": "2022-09-22",
                "text": "Referred to the House Committee on Natural Resources."
            },
            "number": "1387",
            "policyArea": {
                "name": "Public Lands and Natural Resources"
            },
            "title": "Recognizing the 50th anniversary of National Hunting and Fishing Day.",
            "type": "HRES",
            "url": "https://api.congress.gov/v3/bill/117/hres/1387?format=json"
        },
        {
            "congress": 117,
            "introducedDate": "2022-07-28",
            "latestAction": {
                "actionDate": "2022-11-01",
                "text": "Referred to the Subcommittee on Antitrust, Commercial, and Administrative Law."
            },
            "number": "8563",
            "policyArea": {
                "name": "Government Operations and Politics"
            },
            "title": "Sunset Act of 2022",
            "type": "HR",
            "url": "https://api.congress.gov/v3/bill/117/hr/8563?format=json"
        },
        {
            "congress": 117,
            "introducedDate": "2022-07-19",
            "latestAction": {
                "actionDate": "2022-08-15",
                "text": "Referred to the Subcommittee on Biotechnology, Horticulture, and Research."
            },
            "number": "8425",
            "policyArea": {
                "name": "Agriculture and Food"
            },
            "title": "To amend the Food, Agriculture, and Trade Act of 1990 to establish a grant program for eligible institutions to carry out agriculture workforce training programs, and for other purposes.",
            "type": "HR",
            "url": "https://api.congress.gov/v3/bill/117/hr/8425?format=json"
        },
        {
            "congress": 117,
            "introducedDate": "2022-06-22",
            "latestAction": {
                "actionDate": "2022-06-22",
                "text": "Referred to the House Committee on Financial Services."
            },
            "number": "8179",
            "policyArea": {
                "name": "Finance and Financial Sector"
            },
            "title": "Securing Facilities for Mental Health Services Act",
            "type": "HR",
            "url": "https://api.congress.gov/v3/bill/117/hr/8179?format=json"
        },
        {
            "congress": 117,
            "introducedDate": "2022-05-03",
            "latestAction": {
                "actionDate": "2022-05-03",
                "text": "Referred to the House Committee on Financial Services."
            },
            "number": "7645",
            "policyArea": {
                "name": "Government Operations and Politics"
            },
            "title": "Emergency Rental Assistance Accountability and Transparency Act of 2022",
            "type": "HR",
            "url": "https://api.congress.gov/v3/bill/117/hr/7645?format=json"
        },
        {
            "congress": 117,
            "introducedDate": "2022-04-06",
            "latestAction": {
                "actionDate": "2022-04-06",
                "text": "Referred to the Committee on Rules, and in addition to the Committee on the Budget, for a period to be subsequently determined by the Speaker, in each case for consideration of such provisions as fall within the jurisdiction of the committee concerned."
            },
            "number": "7420",
            "policyArea": {
                "name": "Economics and Public Finance"
            },
            "title": "Responsible Budget Targets Act of 2022",
            "type": "HR",
            "url": "https://api.congress.gov/v3/bill/117/hr/7420?format=json"
        },
        {
            "congress": 117,
            "introducedDate": "2022-01-18",
            "latestAction": {
                "actionDate": "2022-01-18",
                "text": "Referred to the House Committee on Financial Services."
            },
            "number": "6415",
            "policyArea": {
                "name": "Finance and Financial Sector"
            },
            "title": "To amend the Federal Reserve Act to prohibit the Federal reserve banks from offering certain products or services directly to an individual, and for other purposes.",
            "type": "HR",
            "url": "https://api.congress.gov/v3/bill/117/hr/6415?format=json"
        },
        {
            "congress": 117,
            "introducedDate": "2022-01-13",
            "latestAction": {
                "actionDate": "2022-02-07",
                "text": "Sponsor introductory remarks on measure. (CR H979)"
            },
            "number": "6399",
            "policyArea": {
                "name": "Economics and Public Finance"
            },
            "title": "Inflation Working Group Act",
            "type": "HR",
            "url": "https://api.congress.gov/v3/bill/117/hr/6399?format=json"
        },
        {
            "congress": 117,
            "introducedDate": "2021-12-09",
            "latestAction": {
                "actionDate": "2022-12-27",
                "text": "Became Public Law No: 117-291."
            },
            "number": "6218",
            "policyArea": {
                "name": "Government Operations and Politics"
            },
            "title": "To designate the facility of the United States Postal Service located at 317 Blattner Drive in Avon, Minnesota, as the \"W.O.C. Kort Miller Plantenberg Post Office\".",
            "type": "HR",
            "url": "https://api.congress.gov/v3/bill/117/hr/6218?format=json"
        },
        {
            "congress": 117,
            "introducedDate": "2021-11-18",
            "latestAction": {
                "actionDate": "2021-12-02",
                "text": "Referred to the Subcommittee on Biotechnology, Horticulture, and Research."
            },
            "number": "811",
            "policyArea": {
                "name": "Health"
            },
            "title": "Expressing support for the designation of November 18, 2021, as \"National Rural Mental Health Day\".",
            "type": "HRES",
            "url": "https://api.congress.gov/v3/bill/117/hres/811?format=json"
        },
        {
            "congress": 117,
            "introducedDate": "2021-11-17",
            "latestAction": {
                "actionDate": "2021-11-18",
                "text": "Referred to the Subcommittee on Health."
            },
            "number": "5995",
            "policyArea": {
                "name": "Health"
            },
            "title": "Pregnancy Loss Mental Health Research Act of 2021",
            "type": "HR",
            "url": "https://api.congress.gov/v3/bill/117/hr/5995?format=json"
        },
        {
            "congress": 117,
            "introducedDate": "2021-11-01",
            "latestAction": {
                "actionDate": "2021-11-01",
                "text": "Referred to the House Committee on Financial Services."
            },
            "number": "5795",
            "policyArea": {
                "name": "Finance and Financial Sector"
            },
            "title": "Main Street Growth Act",
            "type": "HR",
            "url": "https://api.congress.gov/v3/bill/117/hr/5795?format=json"
        },
        {
            "congress": 117,
            "introducedDate": "2021-10-25",
            "latestAction": {
                "actionDate": "2021-10-25",
                "text": "Referred to the House Committee on Financial Services."
            },
            "number": "5714",
            "policyArea": {
                "name": "Finance and Financial Sector"
            },
            "title": "CFPB Whistleblower Incentives and Protection Act",
            "type": "HR",
            "url": "https://api.congress.gov/v3/bill/117/hr/5714?format=json"
        },
        {
            "congress": 117,
            "introducedDate": "2021-07-16",
            "latestAction": {
                "actionDate": "2021-07-16",
                "text": "Referred to the House Committee on Financial Services."
            },
            "number": "4451",
            "policyArea": {
                "name": "Finance and Financial Sector"
            },
            "title": "Securities Clarity Act",
            "type": "HR",
            "url": "https://api.congress.gov/v3/bill/117/hr/4451?format=json"
        },
        {
            "congress": 117,
            "introducedDate": "2021-10-19",
            "latestAction": {
                "actionDate": "2021-10-19",
                "text": "Referred to the House Committee on Education and Labor."
            },
            "number": "5617",
            "policyArea": {
                "name": "Labor and Employment"
            },
            "title": "Term Extension for AmeriCorps Members Act",
            "type": "HR",
            "url": "https://api.congress.gov/v3/bill/117/hr/5617?format=json"
        },
        {
            "congress": 117,
            "introducedDate": "2021-10-12",
            "latestAction": {
                "actionDate": "2021-10-12",
                "text": "Referred to the House Committee on Oversight and Reform."
            },
            "number": "5559",
            "policyArea": {
                "name": "Government Operations and Politics"
            },
            "title": "APP Act",
            "type": "HR",
            "url": "https://api.congress.gov/v3/bill/117/hr/5559?format=json"
        },
        {
            "congress": 117,
            "introducedDate": "2021-09-21",
            "latestAction": {
                "actionDate": "2021-09-21",
                "text": "Referred to the House Committee on Appropriations."
            },
            "number": "52",
            "policyArea": {
                "name": "Economics and Public Finance"
            },
            "title": "Government Shutdown Prevention Act of 2021",
            "type": "HCONRES",
            "url": "https://api.congress.gov/v3/bill/117/hconres/52?format=json"
        },
        {
            "congress": 117,
            "introducedDate": "2021-08-17",
            "latestAction": {
                "actionDate": "2021-08-17",
                "text": "Referred to the House Committee on Financial Services."
            },
            "number": "5045",
            "policyArea": {
                "name": "Finance and Financial Sector"
            },
            "title": "Blockchain Regulatory Certainty Act",
            "type": "HR",
            "url": "https://api.congress.gov/v3/bill/117/hr/5045?format=json"
        },
        {
            "congress": 117,
            "introducedDate": "2021-07-09",
            "latestAction": {
                "actionDate": "2021-07-09",
                "text": "Referred to the House Committee on Rules."
            },
            "number": "523",
            "policyArea": {
                "name": "Congress"
            },
            "title": "Amending the Rules of the House of Representatives to require the Committee on Appropriations to maintain proposed and historical budget authority and outlays for each category of spending.",
            "type": "HRES",
            "url": "https://api.congress.gov/v3/bill/117/hres/523?format=json"
        },
        {
            "congress": 117,
            "introducedDate": "2021-06-11",
            "latestAction": {
                "actionDate": "2022-11-01",
                "text": "Referred to the Subcommittee on Crime, Terrorism, and Homeland Security."
            },
            "number": "3820",
            "policyArea": {
                "name": "Crime and Law Enforcement"
            },
            "title": "Firearm Due Process Protection Act",
            "type": "HR",
            "url": "https://api.congress.gov/v3/bill/117/hr/3820?format=json"
        },
        {
            "congress": 117,
            "introducedDate": "2021-05-17",
            "latestAction": {
                "actionDate": "2021-05-17",
                "text": "Referred to the House Committee on Ways and Means."
            },
            "number": "3273",
            "policyArea": {
                "name": "Taxation"
            },
            "title": "Safe Harbor for Taxpayers with Forked Assets Act of 2021",
            "type": "HR",
            "url": "https://api.congress.gov/v3/bill/117/hr/3273?format=json"
        },
        {
            "congress": 117,
            "introducedDate": "2021-04-08",
            "latestAction": {
                "actionDate": "2021-10-19",
                "text": "Referred to the Subcommittee on Crime, Terrorism, and Homeland Security."
            },
            "number": "2401",
            "policyArea": {
                "name": "Crime and Law Enforcement"
            },
            "title": "Community Outpost Outreach and Engagement Act",
            "type": "HR",
            "url": "https://api.congress.gov/v3/bill/117/hr/2401?format=json"
        },
        {
            "congress": 117,
            "introducedDate": "2021-04-01",
            "latestAction": {
                "actionDate": "2021-11-16",
                "text": "Ordered to be Reported in the Nature of a Substitute (Amended) by Voice Vote."
            },
            "number": "2311",
            "policyArea": {
                "name": "Finance and Financial Sector"
            },
            "title": "Credit Union Governance Modernization Act of 2021",
            "type": "HR",
            "url": "https://api.congress.gov/v3/bill/117/hr/2311?format=json"
        },
        {
            "congress": 117,
            "introducedDate": "2021-03-02",
            "latestAction": {
                "actionDate": "2021-03-03",
                "text": "Referred to the Subcommittee on Health."
            },
            "number": "1495",
            "policyArea": {
                "name": "Health"
            },
            "title": "Jim Ramstad Legacy of Recovery Act",
            "type": "HR",
            "url": "https://api.congress.gov/v3/bill/117/hr/1495?format=json"
        },
        {
            "congress": 117,
            "introducedDate": "2021-02-24",
            "latestAction": {
                "actionDate": "2021-04-12",
                "text": "Referred to the Subcommittee on Health."
            },
            "number": "1292",
            "policyArea": {
                "name": "Armed Forces and National Security"
            },
            "title": "Same-Day Accountability for Veterans Enhancement Act",
            "type": "HR",
            "url": "https://api.congress.gov/v3/bill/117/hr/1292?format=json"
        },
        {
            "congress": 117,
            "introducedDate": "2021-02-11",
            "latestAction": {
                "actionDate": "2021-02-11",
                "text": "Referred to the House Committee on Ways and Means."
            },
            "number": "984",
            "policyArea": {
                "name": "Taxation"
            },
            "title": "Retirement Inflation Protection Act of 2021",
            "type": "HR",
            "url": "https://api.congress.gov/v3/bill/117/hr/984?format=json"
        },
        {
            "congress": 117,
            "introducedDate": "2021-02-02",
            "latestAction": {
                "actionDate": "2021-03-22",
                "text": "Referred to the Subcommittee on Courts, Intellectual Property, and the Internet."
            },
            "number": "699",
            "policyArea": {
                "name": "Finance and Financial Sector"
            },
            "title": "Mutual Fund Litigation Reform Act",
            "type": "HR",
            "url": "https://api.congress.gov/v3/bill/117/hr/699?format=json"
        },
        {
            "congress": 117,
            "introducedDate": "2021-02-01",
            "latestAction": {
                "actionDate": "2021-03-22",
                "text": "Referred to the Subcommittee on Crime, Terrorism, and Homeland Security."
            },
            "number": "649",
            "policyArea": {
                "name": "Crime and Law Enforcement"
            },
            "title": "Abby Honold Act",
            "type": "HR",
            "url": "https://api.congress.gov/v3/bill/117/hr/649?format=json"
        },
        {
            "congress": 117,
            "introducedDate": "2021-02-01",
            "latestAction": {
                "actionDate": "2021-03-22",
                "text": "Referred to the Subcommittee on Crime, Terrorism, and Homeland Security."
            },
            "number": "650",
            "policyArea": {
                "name": "Crime and Law Enforcement"
            },
            "title": "STOP Act",
            "type": "HR",
            "url": "https://api.congress.gov/v3/bill/117/hr/650?format=json"
        },
        {
            "congress": 117,
            "introducedDate": "2021-01-28",
            "latestAction": {
                "actionDate": "2021-01-28",
                "text": "Referred to the House Committee on Financial Services."
            },
            "number": "527",
            "policyArea": {
                "name": "Finance and Financial Sector"
            },
            "title": "CFPB Dual Mandate and Economic Analysis Act",
            "type": "HR",
            "url": "https://api.congress.gov/v3/bill/117/hr/527?format=json"
        },
        {
            "congress": 117,
            "introducedDate": "2021-01-28",
            "latestAction": {
                "actionDate": "2021-01-28",
                "text": "Referred to the House Committee on Financial Services."
            },
            "number": "528",
            "policyArea": {
                "name": "Finance and Financial Sector"
            },
            "title": "Financial Stability Oversight Council Reform Act",
            "type": "HR",
            "url": "https://api.congress.gov/v3/bill/117/hr/528?format=json"
        },
        {
            "congress": 117,
            "introducedDate": "2021-01-13",
            "latestAction": {
                "actionDate": "2021-01-13",
                "text": "Referred to the House Committee on Ways and Means."
            },
            "number": "306",
            "policyArea": {
                "name": "Taxation"
            },
            "title": "STARTS Act of 2021",
            "type": "HR",
            "url": "https://api.congress.gov/v3/bill/117/hr/306?format=json"
        },
        {
            "congress": 117,
            "introducedDate": "2021-01-06",
            "latestAction": {
                "actionDate": "2021-02-24",
                "text": "Referred to the Subcommittee on Biotechnology, Horticulture, and Research."
            },
            "number": "220",
            "policyArea": {
                "name": "Agriculture and Food"
            },
            "title": "STRESS under COVID\u201319 Act",
            "type": "HR",
            "url": "https://api.congress.gov/v3/bill/117/hr/220?format=json"
        },
        {
            "congress": 117,
            "introducedDate": "2021-01-05",
            "latestAction": {
                "actionDate": "2021-02-04",
                "text": "Referred to the Subcommittee on Highways and Transit."
            },
            "number": "201",
            "policyArea": {
                "name": "Transportation and Public Works"
            },
            "title": "National Bridge Replacement and Improvement Act",
            "type": "HR",
            "url": "https://api.congress.gov/v3/bill/117/hr/201?format=json"
        },
        {
            "congress": 117,
            "introducedDate": "2021-01-05",
            "latestAction": {
                "actionDate": "2021-02-04",
                "text": "Referred to the Subcommittee on Highways and Transit."
            },
            "number": "200",
            "policyArea": {
                "name": "Transportation and Public Works"
            },
            "title": "National Intersection and Interchange Safety Construction Program Act of 2021",
            "type": "HR",
            "url": "https://api.congress.gov/v3/bill/117/hr/200?format=json"
        },
        {
            "congress": 116,
            "introducedDate": "2020-10-13",
            "latestAction": {
                "actionDate": "2020-10-13",
                "text": "Referred to the House Committee on Ways and Means."
            },
            "number": "8584",
            "policyArea": {
                "name": "Taxation"
            },
            "title": "Retirement Inflation Protection Act of 2020",
            "type": "HR",
            "url": "https://api.congress.gov/v3/bill/116/hr/8584?format=json"
        },
        {
            "congress": 116,
            "introducedDate": "2020-09-29",
            "latestAction": {
                "actionDate": "2020-09-29",
                "text": "Referred to the House Committee on Ways and Means."
            },
            "number": "8418",
            "policyArea": {
                "name": "Taxation"
            },
            "title": "STARTS Act of 2020",
            "type": "HR",
            "url": "https://api.congress.gov/v3/bill/116/hr/8418?format=json"
        },
        {
            "congress": 116,
            "introducedDate": "2020-09-24",
            "latestAction": {
                "actionDate": "2020-09-24",
                "text": "Referred to the House Committee on Financial Services."
            },
            "number": "8378",
            "policyArea": {
                "name": "Finance and Financial Sector"
            },
            "title": "Securities Clarity Act",
            "type": "HR",
            "url": "https://api.congress.gov/v3/bill/116/hr/8378?format=json"
        },
        {
            "congress": 116,
            "introducedDate": "2020-09-08",
            "latestAction": {
                "actionDate": "2020-09-08",
                "text": "Referred to the Committee on Financial Services, and in addition to the Committee on the Judiciary, for a period to be subsequently determined by the Speaker, in each case for consideration of such provisions as fall within the jurisdiction of the committee concerned."
            },
            "number": "8188",
            "policyArea": {
                "name": "Finance and Financial Sector"
            },
            "title": "Mutual Fund Litigation Reform Act",
            "type": "HR",
            "url": "https://api.congress.gov/v3/bill/116/hr/8188?format=json"
        },
        {
            "congress": 116,
            "introducedDate": "2020-08-07",
            "latestAction": {
                "actionDate": "2020-08-07",
                "text": "Referred to the House Committee on Financial Services."
            },
            "number": "7963",
            "policyArea": {
                "name": "Finance and Financial Sector"
            },
            "title": "Credit Union Governance Modernization Act of 2020",
            "type": "HR",
            "url": "https://api.congress.gov/v3/bill/116/hr/7963?format=json"
        },
        {
            "congress": 116,
            "introducedDate": "2020-07-30",
            "latestAction": {
                "actionDate": "2020-07-31",
                "text": "Referred to the Subcommittee on Highways and Transit."
            },
            "number": "7869",
            "policyArea": {
                "name": "Transportation and Public Works"
            },
            "title": "National Bridge Replacement and Improvement Act",
            "type": "HR",
            "url": "https://api.congress.gov/v3/bill/116/hr/7869?format=json"
        },
        {
            "congress": 116,
            "introducedDate": "2020-06-18",
            "latestAction": {
                "actionDate": "2020-06-18",
                "text": "Referred to the House Committee on the Judiciary."
            },
            "number": "7245",
            "policyArea": {
                "name": "Crime and Law Enforcement"
            },
            "title": "Community Outpost Outreach and Engagement Act",
            "type": "HR",
            "url": "https://api.congress.gov/v3/bill/116/hr/7245?format=json"
        },
        {
            "congress": 116,
            "introducedDate": "2020-05-28",
            "latestAction": {
                "actionDate": "2020-05-28",
                "text": "Referred to the Committee on Agriculture, and in addition to the Committee on the Budget, for a period to be subsequently determined by the Speaker, in each case for consideration of such provisions as fall within the jurisdiction of the committee concerned."
            },
            "number": "7047",
            "policyArea": {
                "name": "Agriculture and Food"
            },
            "title": "To provide for expedited additional support under the farm and ranch stress assistance network, and for other purposes.",
            "type": "HR",
            "url": "https://api.congress.gov/v3/bill/116/hr/7047?format=json"
        },
        {
            "congress": 116,
            "introducedDate": "2020-05-08",
            "latestAction": {
                "actionDate": "2020-05-08",
                "text": "Referred to the House Committee on the Judiciary."
            },
            "number": "6750",
            "policyArea": {
                "name": "Crime and Law Enforcement"
            },
            "title": "STOP Act",
            "type": "HR",
            "url": "https://api.congress.gov/v3/bill/116/hr/6750?format=json"
        },
        {
            "congress": 116,
            "introducedDate": "2020-03-05",
            "latestAction": {
                "actionDate": "2020-03-05",
                "text": "Referred to the House Committee on Agriculture."
            },
            "number": "6111",
            "policyArea": {
                "name": "Agriculture and Food"
            },
            "title": "To amend the Agricultural Act of 2014 to allow certain dairy operations to make a 1-time election to recalculate production history for purposes of dairy margin coverage.",
            "type": "HR",
            "url": "https://api.congress.gov/v3/bill/116/hr/6111?format=json"
        },
        {
            "congress": 116,
            "introducedDate": "2020-01-30",
            "latestAction": {
                "actionDate": "2020-02-07",
                "text": "Referred to the Subcommittee on Health."
            },
            "number": "5724",
            "policyArea": {
                "name": "Armed Forces and National Security"
            },
            "title": "Same-Day Accountability for Veterans Enhancement Act",
            "type": "HR",
            "url": "https://api.congress.gov/v3/bill/116/hr/5724?format=json"
        },
        {
            "congress": 116,
            "introducedDate": "2019-11-08",
            "latestAction": {
                "actionDate": "2019-11-12",
                "text": "Referred to the Subcommittee on Health."
            },
            "number": "5006",
            "policyArea": {
                "name": "Health"
            },
            "title": "Expanding Access to Inpatient Mental Health Act",
            "type": "HR",
            "url": "https://api.congress.gov/v3/bill/116/hr/5006?format=json"
        },
        {
            "congress": 116,
            "introducedDate": "2019-10-22",
            "latestAction": {
                "actionDate": "2019-10-22",
                "text": "Referred to the House Committee on Education and Labor."
            },
            "number": "651",
            "policyArea": {
                "name": "Families"
            },
            "title": "Supporting the designation of October 2019 as \"National Bullying Prevention Month\" and October 23, 2019, as \"Unity Day\".",
            "type": "HRES",
            "url": "https://api.congress.gov/v3/bill/116/hres/651?format=json"
        },
        {
            "congress": 116,
            "introducedDate": "2019-07-09",
            "latestAction": {
                "actionDate": "2019-07-09",
                "text": "Referred to the House Committee on Ways and Means."
            },
            "number": "3650",
            "policyArea": {
                "name": "Taxation"
            },
            "title": "Safe Harbor for Taxpayers with Forked Assets Act of 2019",
            "type": "HR",
            "url": "https://api.congress.gov/v3/bill/116/hr/3650?format=json"
        },
        {
            "congress": 116,
            "introducedDate": "2019-05-22",
            "latestAction": {
                "actionDate": "2019-05-22",
                "text": "Referred to the House Committee on Financial Services."
            },
            "number": "2899",
            "policyArea": {
                "name": "Finance and Financial Sector"
            },
            "title": "Main Street Growth Act",
            "type": "HR",
            "url": "https://api.congress.gov/v3/bill/116/hr/2899?format=json"
        },
        {
            "congress": 116,
            "introducedDate": "2019-05-01",
            "latestAction": {
                "actionDate": "2019-12-10",
                "text": "Committee Consideration and Mark-up Session Held."
            },
            "number": "2445",
            "policyArea": {
                "name": "Finance and Financial Sector"
            },
            "title": "Self-Employed Mortgage Access Act of 2019",
            "type": "HR",
            "url": "https://api.congress.gov/v3/bill/116/hr/2445?format=json"
        },
        {
            "amendmentNumber": "130",
            "congress": 116,
            "introducedDate": "2019-04-03",
            "latestAction": {
                "actionDate": "2019-04-03",
                "actionTime": "16:40:44",
                "text": "On agreeing to the Emmer amendment (A014) Agreed to by voice vote. "
            },
            "type": null,
            "url": "https://api.congress.gov/v3/amendment/116/hamdt/130?format=json"
        },
        {
            "congress": 116,
            "introducedDate": "2019-03-18",
            "latestAction": {
                "actionDate": "2019-05-03",
                "text": "Referred to the Subcommittee on Crime, Terrorism, and Homeland Security."
            },
            "number": "1817",
            "policyArea": {
                "name": "Crime and Law Enforcement"
            },
            "title": "Firearm Due Process Protection Act",
            "type": "HR",
            "url": "https://api.congress.gov/v3/bill/116/hr/1817?format=json"
        },
        {
            "congress": 116,
            "introducedDate": "2019-02-26",
            "latestAction": {
                "actionDate": "2019-02-27",
                "text": "Referred to the Subcommittee on Health."
            },
            "number": "1362",
            "policyArea": {
                "name": "Health"
            },
            "title": "Medical Innovation Never Stops Act of 2019",
            "type": "HR",
            "url": "https://api.congress.gov/v3/bill/116/hr/1362?format=json"
        },
        {
            "congress": 116,
            "introducedDate": "2019-01-16",
            "latestAction": {
                "actionDate": "2019-03-04",
                "text": "Referred to the Subcommittee on Crime, Terrorism, and Homeland Security."
            },
            "number": "600",
            "policyArea": {
                "name": "Crime and Law Enforcement"
            },
            "title": "Abby Honold Act",
            "type": "HR",
            "url": "https://api.congress.gov/v3/bill/116/hr/600?format=json"
        },
        {
            "congress": 116,
            "introducedDate": "2019-01-14",
            "latestAction": {
                "actionDate": "2019-02-07",
                "text": "Referred to the Subcommittee on Highways and Transit."
            },
            "number": "529",
            "policyArea": {
                "name": "Transportation and Public Works"
            },
            "title": "National Intersection and Interchange Safety Construction Program Act of 2019",
            "type": "HR",
            "url": "https://api.congress.gov/v3/bill/116/hr/529?format=json"
        },
        {
            "congress": 116,
            "introducedDate": "2019-01-14",
            "latestAction": {
                "actionDate": "2019-02-25",
                "text": "Referred to the Subcommittee on Courts, Intellectual Property, and the Internet."
            },
            "number": "528",
            "policyArea": {
                "name": "Finance and Financial Sector"
            },
            "title": "Blockchain Regulatory Certainty Act",
            "type": "HR",
            "url": "https://api.congress.gov/v3/bill/116/hr/528?format=json"
        },
        {
            "congress": 115,
            "introducedDate": "2018-10-26",
            "latestAction": {
                "actionDate": "2018-11-16",
                "text": "Sponsor introductory remarks on measure. (CR E1532)"
            },
            "number": "1133",
            "policyArea": {
                "name": "Health"
            },
            "title": "Expressing support for the designation of the third Thursday in November as \"National Pressure Ulcer/Injury Prevention Day\" and promoting enhanced care coordination and prevention resources to reduce the development of pressure ulcers/injuries.",
            "type": "HRES",
            "url": "https://api.congress.gov/v3/bill/115/hres/1133?format=json"
        },
        {
            "congress": 115,
            "introducedDate": "2018-09-28",
            "latestAction": {
                "actionDate": "2018-09-28",
                "text": "Referred to the House Committee on Ways and Means."
            },
            "number": "6973",
            "policyArea": {
                "name": "Taxation"
            },
            "title": "Safe Harbor for Taxpayers with Forked Assets Act of 2018",
            "type": "HR",
            "url": "https://api.congress.gov/v3/bill/115/hr/6973?format=json"
        },
        {
            "congress": 115,
            "introducedDate": "2018-09-28",
            "latestAction": {
                "actionDate": "2018-09-28",
                "text": "Referred to the Committee on Financial Services, and in addition to the Committee on the Judiciary, for a period to be subsequently determined by the Speaker, in each case for consideration of such provisions as fall within the jurisdiction of the committee concerned."
            },
            "number": "6974",
            "policyArea": {
                "name": "Finance and Financial Sector"
            },
            "title": "Blockchain Regulatory Certainty Act",
            "type": "HR",
            "url": "https://api.congress.gov/v3/bill/115/hr/6974?format=json"
        },
        {
            "congress": 115,
            "introducedDate": "2018-09-28",
            "latestAction": {
                "actionDate": "2018-09-28",
                "text": "Referred to the House Committee on Ways and Means."
            },
            "number": "6969",
            "policyArea": {
                "name": "Taxation"
            },
            "title": "Travel Trailer and Camper Technical Correction Act",
            "type": "HR",
            "url": "https://api.congress.gov/v3/bill/115/hr/6969?format=json"
        },
        {
            "congress": 115,
            "introducedDate": "2018-09-28",
            "latestAction": {
                "actionDate": "2018-09-28",
                "text": "Referred to the Committee on Energy and Commerce, and in addition to the Committee on Financial Services, for a period to be subsequently determined by the Speaker, in each case for consideration of such provisions as fall within the jurisdiction of the committee concerned."
            },
            "number": "1102",
            "policyArea": {
                "name": "Finance and Financial Sector"
            },
            "title": "Expressing support for digital currencies and blockchain technology.",
            "type": "HRES",
            "url": "https://api.congress.gov/v3/bill/115/hres/1102?format=json"
        },
        {
            "congress": 115,
            "introducedDate": "2018-09-20",
            "latestAction": {
                "actionDate": "2018-09-20",
                "text": "Referred to the House Committee on Financial Services."
            },
            "number": "6851",
            "policyArea": {
                "name": "Finance and Financial Sector"
            },
            "title": "Bank Secrecy Reporting Review Act",
            "type": "HR",
            "url": "https://api.congress.gov/v3/bill/115/hr/6851?format=json"
        },
        {
            "amendmentNumber": "919",
            "congress": 115,
            "introducedDate": "2018-07-18",
            "latestAction": {
                "actionDate": "2018-07-18",
                "actionTime": "18:00:54",
                "text": "By unanimous consent, the Emmer amendment was withdrawn. (consideration: CR H6515)"
            },
            "type": null,
            "url": "https://api.congress.gov/v3/amendment/115/hamdt/919?format=json"
        },
        {
            "congress": 115,
            "introducedDate": "2018-06-27",
            "latestAction": {
                "actionDate": "2018-06-28",
                "text": "Referred to the Subcommittee on Economic Development, Public Buildings and Emergency Management."
            },
            "number": "6244",
            "policyArea": {
                "name": "Government Operations and Politics"
            },
            "title": "To designate the United States courthouse located at 300 South Fourth Street in Minneapolis, Minnesota, as the \"Diana E. Murphy United States Courthouse\".",
            "type": "HR",
            "url": "https://api.congress.gov/v3/bill/115/hr/6244?format=json"
        },
        {
            "congress": 115,
            "introducedDate": "2018-05-18",
            "latestAction": {
                "actionDate": "2018-07-11",
                "text": "Received in the Senate and Read twice and referred to the Committee on Banking, Housing, and Urban Affairs."
            },
            "number": "5877",
            "policyArea": {
                "name": "Finance and Financial Sector"
            },
            "title": "Main Street Growth Act",
            "type": "HR",
            "url": "https://api.congress.gov/v3/bill/115/hr/5877?format=json"
        },
        {
            "congress": 115,
            "introducedDate": "2018-03-13",
            "latestAction": {
                "actionDate": "2018-03-28",
                "text": "Referred to the Subcommittee on Biotechnology, Horticulture, and Research."
            },
            "number": "5259",
            "policyArea": {
                "name": "Agriculture and Food"
            },
            "title": "STRESS Act",
            "type": "HR",
            "url": "https://api.congress.gov/v3/bill/115/hr/5259?format=json"
        },
        {
            "congress": 115,
            "introducedDate": "2018-01-08",
            "latestAction": {
                "actionDate": "2018-05-07",
                "text": "Placed on the Union Calendar, Calendar No. 509."
            },
            "number": "4738",
            "policyArea": {
                "name": "Finance and Financial Sector"
            },
            "title": "Mutual Fund Litigation Reform Act",
            "type": "HR",
            "url": "https://api.congress.gov/v3/bill/115/hr/4738?format=json"
        },
        {
            "congress": 115,
            "introducedDate": "2017-12-21",
            "latestAction": {
                "actionDate": "2018-01-22",
                "text": "Referred to the Subcommittee on Crime, Terrorism, Homeland Security, and Investigations."
            },
            "number": "4720",
            "policyArea": {
                "name": "Crime and Law Enforcement"
            },
            "title": "Abby Honold Act",
            "type": "HR",
            "url": "https://api.congress.gov/v3/bill/115/hr/4720?format=json"
        },
        {
            "congress": 115,
            "introducedDate": "2017-12-14",
            "latestAction": {
                "actionDate": "2018-01-09",
                "text": "Hearings Held by the Subcommittee on Financial Institutions and Consumer Credit Prior to Referral."
            },
            "number": "4648",
            "policyArea": {
                "name": "Housing and Community Development"
            },
            "title": "Home Mortgage Reporting Relief Act of 2017",
            "type": "HR",
            "url": "https://api.congress.gov/v3/bill/115/hr/4648?format=json"
        },
        {
            "congress": 115,
            "introducedDate": "2017-11-15",
            "latestAction": {
                "actionDate": "2017-11-17",
                "text": "Referred to the Subcommittee on Health."
            },
            "number": "4404",
            "policyArea": {
                "name": "Health"
            },
            "title": "State CHIP Flexibility Act of 2017",
            "type": "HR",
            "url": "https://api.congress.gov/v3/bill/115/hr/4404?format=json"
        },
        {
            "congress": 115,
            "introducedDate": "2017-11-13",
            "latestAction": {
                "actionDate": "2017-11-13",
                "text": "Referred to the House Committee on Oversight and Government Reform."
            },
            "number": "617",
            "policyArea": {
                "name": "Health"
            },
            "title": "Expressing support for the designation of the third Thursday of November as \"World Wide Pressure Injury Prevention Day\".",
            "type": "HRES",
            "url": "https://api.congress.gov/v3/bill/115/hres/617?format=json"
        },
        {
            "amendmentNumber": "482",
            "congress": 115,
            "introducedDate": "2017-11-09",
            "latestAction": {
                "actionDate": "2017-11-09",
                "actionTime": "10:29:15",
                "text": "On agreeing to the Emmer amendment (A001) Agreed to by voice vote. "
            },
            "type": null,
            "url": "https://api.congress.gov/v3/amendment/115/hamdt/482?format=json"
        },
        {
            "congress": 115,
            "introducedDate": "2017-10-02",
            "latestAction": {
                "actionDate": "2017-12-01",
                "text": "Received in the Senate and Read twice and referred to the Committee on Energy and Natural Resources."
            },
            "number": "3905",
            "policyArea": {
                "name": "Public Lands and Natural Resources"
            },
            "title": "Minnesota's Economic Rights in the Superior National Forest Act",
            "type": "HR",
            "url": "https://api.congress.gov/v3/bill/115/hr/3905?format=json"
        },
        {
            "congress": 115,
            "introducedDate": "2017-07-26",
            "latestAction": {
                "actionDate": "2017-07-26",
                "text": "Referred to the House Committee on Oversight and Government Reform."
            },
            "number": "3428",
            "policyArea": {
                "name": "Government Operations and Politics"
            },
            "title": "APP Act",
            "type": "HR",
            "url": "https://api.congress.gov/v3/bill/115/hr/3428?format=json"
        },
        {
            "congress": 115,
            "introducedDate": "2017-06-20",
            "latestAction": {
                "actionDate": "2018-01-19",
                "text": "Received in the Senate and Read twice and referred to the Committee on Banking, Housing, and Urban Affairs."
            },
            "number": "2954",
            "policyArea": {
                "name": "Finance and Financial Sector"
            },
            "title": "Home Mortgage Disclosure Adjustment Act",
            "type": "HR",
            "url": "https://api.congress.gov/v3/bill/115/hr/2954?format=json"
        },
        {
            "congress": 115,
            "introducedDate": "2017-05-18",
            "latestAction": {
                "actionDate": "2017-05-19",
                "text": "Referred to the Subcommittee on Highways and Transit."
            },
            "number": "2529",
            "policyArea": {
                "name": "Transportation and Public Works"
            },
            "title": "National Intersection and Interchange Safety Construction Program Act of 2017",
            "type": "HR",
            "url": "https://api.congress.gov/v3/bill/115/hr/2529?format=json"
        },
        {
            "congress": 115,
            "introducedDate": "2017-04-27",
            "latestAction": {
                "actionDate": "2017-11-13",
                "text": "Received in the Senate and Read twice and referred to the Committee on Banking, Housing, and Urban Affairs."
            },
            "number": "2201",
            "policyArea": {
                "name": "Finance and Financial Sector"
            },
            "title": "Micro Offering Safe Harbor Act",
            "type": "HR",
            "url": "https://api.congress.gov/v3/bill/115/hr/2201?format=json"
        },
        {
            "congress": 115,
            "introducedDate": "2017-04-06",
            "latestAction": {
                "actionDate": "2017-04-06",
                "text": "Referred to the House Committee on Ways and Means."
            },
            "number": "2017",
            "policyArea": {
                "name": "Taxation"
            },
            "title": "Retirement Inflation Protection Act of 2017",
            "type": "HR",
            "url": "https://api.congress.gov/v3/bill/115/hr/2017?format=json"
        },
        {
            "congress": 115,
            "introducedDate": "2017-03-09",
            "latestAction": {
                "actionDate": "2017-03-09",
                "text": "Referred to the House Committee on Financial Services."
            },
            "number": "1459",
            "policyArea": {
                "name": "Finance and Financial Sector"
            },
            "title": "Financial Stability Oversight Council Reform Act",
            "type": "HR",
            "url": "https://api.congress.gov/v3/bill/115/hr/1459?format=json"
        },
        {
            "congress": 115,
            "introducedDate": "2017-02-15",
            "latestAction": {
                "actionDate": "2017-02-15",
                "text": "Referred to the House Committee on Oversight and Government Reform."
            },
            "number": "1081",
            "policyArea": {
                "name": "Government Operations and Politics"
            },
            "title": "To eliminate the discretion of the Secretary of Homeland Security regarding the definition of the term \"official purpose\" as it applies to drivers' licenses and personal identification cards, and for other purposes.",
            "type": "HR",
            "url": "https://api.congress.gov/v3/bill/115/hr/1081?format=json"
        },
        {
            "congress": 115,
            "introducedDate": "2017-01-13",
            "latestAction": {
                "actionDate": "2017-01-13",
                "text": "Referred to the House Committee on Ways and Means."
            },
            "number": "533",
            "policyArea": {
                "name": "Taxation"
            },
            "title": "Create Jobs Act",
            "type": "HR",
            "url": "https://api.congress.gov/v3/bill/115/hr/533?format=json"
        },
        {
            "congress": 115,
            "introducedDate": "2017-01-13",
            "latestAction": {
                "actionDate": "2017-05-08",
                "text": "Became Public Law No: 115-32."
            },
            "number": "534",
            "policyArea": {
                "name": "International Affairs"
            },
            "title": "An act to require the Secretary of State to take such actions as may be necessary for the United States to rejoin the Bureau of International Expositions, and for other purposes",
            "type": "HR",
            "url": "https://api.congress.gov/v3/bill/115/hr/534?format=json"
        },
        {
            "congress": 115,
            "introducedDate": "2017-01-11",
            "latestAction": {
                "actionDate": "2017-01-26",
                "text": "Referred to the Subcommittee on Trade."
            },
            "number": "442",
            "policyArea": {
                "name": "International Affairs"
            },
            "title": "Cuba Trade Act of 2017",
            "type": "HR",
            "url": "https://api.congress.gov/v3/bill/115/hr/442?format=json"
        },
        {
            "congress": 114,
            "introducedDate": "2016-12-12",
            "latestAction": {
                "actionDate": "2016-12-12",
                "text": "Referred to the House Committee on Oversight and Government Reform."
            },
            "number": "6526",
            "policyArea": {
                "name": "Government Operations and Politics"
            },
            "title": "To eliminate the discretion of the Secretary of Homeland Security regarding the definition of the term \"official purpose\" as it applies to drivers' licenses and personal identification cards, and for other purposes.",
            "type": "HR",
            "url": "https://api.congress.gov/v3/bill/114/hr/6526?format=json"
        },
        {
            "congress": 114,
            "introducedDate": "2016-12-07",
            "latestAction": {
                "actionDate": "2016-12-07",
                "text": "Referred to the House Committee on Oversight and Government Reform."
            },
            "number": "6466",
            "policyArea": {
                "name": "Government Operations and Politics"
            },
            "title": "Advancing and Promoting Programming",
            "type": "HR",
            "url": "https://api.congress.gov/v3/bill/114/hr/6466?format=json"
        },
        {
            "congress": 114,
            "introducedDate": "2016-09-28",
            "latestAction": {
                "actionDate": "2016-09-28",
                "text": "Referred to the House Committee on Ways and Means."
            },
            "number": "6246",
            "policyArea": {
                "name": "Taxation"
            },
            "title": "Retirement Inflation Protection Act of 2016",
            "type": "HR",
            "url": "https://api.congress.gov/v3/bill/114/hr/6246?format=json"
        },
        {
            "congress": 114,
            "introducedDate": "2016-09-14",
            "latestAction": {
                "actionDate": "2016-09-26",
                "text": "Referred to the Subcommittee on Crime, Terrorism, Homeland Security, and Investigations."
            },
            "number": "868",
            "policyArea": {
                "name": "Crime and Law Enforcement"
            },
            "title": "Honoring the life of Jacob Wetterling and the efforts of Patty Wetterling and the Wetterling family to find abducted children and support their families.",
            "type": "HRES",
            "url": "https://api.congress.gov/v3/bill/114/hres/868?format=json"
        },
        {
            "congress": 114,
            "introducedDate": "2016-07-05",
            "latestAction": {
                "actionDate": "2016-07-05",
                "text": "Referred to the House Committee on Foreign Affairs."
            },
            "number": "5624",
            "policyArea": {
                "name": "International Affairs"
            },
            "title": "U.S. Wants to Compete for a World Expo Act",
            "type": "HR",
            "url": "https://api.congress.gov/v3/bill/114/hr/5624?format=json"
        },
        {
            "congress": 114,
            "introducedDate": "2016-05-12",
            "latestAction": {
                "actionDate": "2016-05-12",
                "text": "Referred to the House Committee on Financial Services."
            },
            "number": "5211",
            "policyArea": {
                "name": "Finance and Financial Sector"
            },
            "title": "CFPB Dual Mandate and Economic Analysis Act",
            "type": "HR",
            "url": "https://api.congress.gov/v3/bill/114/hr/5211?format=json"
        },
        {
            "congress": 114,
            "introducedDate": "2016-04-20",
            "latestAction": {
                "actionDate": "2016-04-20",
                "text": "Referred to the House Committee on Financial Services."
            },
            "number": "4997",
            "policyArea": {
                "name": "Finance and Financial Sector"
            },
            "title": "Home Mortgage Disclosure Adjustment Act",
            "type": "HR",
            "url": "https://api.congress.gov/v3/bill/114/hr/4997?format=json"
        },
        {
            "congress": 114,
            "introducedDate": "2016-04-18",
            "latestAction": {
                "actionDate": "2016-05-17",
                "text": "Referred to the Subcommittee on Crime, Terrorism, Homeland Security, and Investigations."
            },
            "number": "4980",
            "policyArea": {
                "name": "Crime and Law Enforcement"
            },
            "title": "Firearm Due Process Protection Act",
            "type": "HR",
            "url": "https://api.congress.gov/v3/bill/114/hr/4980?format=json"
        },
        {
            "congress": 114,
            "introducedDate": "2016-03-23",
            "latestAction": {
                "actionDate": "2016-09-06",
                "text": "Placed on the Union Calendar, Calendar No. 561."
            },
            "number": "4850",
            "policyArea": {
                "name": "Finance and Financial Sector"
            },
            "title": "Micro Offering Safe Harbor Act",
            "type": "HR",
            "url": "https://api.congress.gov/v3/bill/114/hr/4850?format=json"
        },
        {
            "congress": 114,
            "introducedDate": "2016-02-10",
            "latestAction": {
                "actionDate": "2016-02-10",
                "text": "Referred to the House Committee on Ways and Means."
            },
            "number": "4518",
            "policyArea": {
                "name": "Taxation"
            },
            "title": "Create Jobs Act",
            "type": "HR",
            "url": "https://api.congress.gov/v3/bill/114/hr/4518?format=json"
        },
        {
            "congress": 114,
            "introducedDate": "2016-02-02",
            "latestAction": {
                "actionDate": "2016-07-29",
                "text": "Became Public Law No: 114-205."
            },
            "number": "4425",
            "policyArea": {
                "name": "Government Operations and Politics"
            },
            "title": "To designate the facility of the United States Postal Service located at 110 East Powerhouse Road in Collegeville, Minnesota, as the \"Eugene J. McCarthy Post Office\".",
            "type": "HR",
            "url": "https://api.congress.gov/v3/bill/114/hr/4425?format=json"
        },
        {
            "congress": 114,
            "introducedDate": "2016-01-08",
            "latestAction": {
                "actionDate": "2016-01-22",
                "text": "Referred to the Subcommittee on Commodity Exchanges, Energy, and Credit."
            },
            "number": "4353",
            "policyArea": {
                "name": "Finance and Financial Sector"
            },
            "title": "To extend the exemption of small banks and savings associations from classification as a financial entity for purposes of the swaps clearing requirements of the Commodity Exchange Act to their holding companies.",
            "type": "HR",
            "url": "https://api.congress.gov/v3/bill/114/hr/4353?format=json"
        },
        {
            "congress": 114,
            "introducedDate": "2015-11-18",
            "latestAction": {
                "actionDate": "2015-11-18",
                "text": "Referred to the House Committee on Foreign Affairs."
            },
            "number": "73",
            "policyArea": {
                "name": "International Affairs"
            },
            "title": "Declaring that a state of war exists between the Islamic State and the Government and the people of the United States and making provision to prosecute the same.",
            "type": "HJRES",
            "url": "https://api.congress.gov/v3/bill/114/hjres/73?format=json"
        },
        {
            "congress": 114,
            "introducedDate": "2015-10-06",
            "latestAction": {
                "actionDate": "2015-12-03",
                "text": "Referred to the Subcommittee on Health."
            },
            "number": "3686",
            "policyArea": {
                "name": "Armed Forces and National Security"
            },
            "title": "Veterans Care and Reporting Enforcement Act",
            "type": "HR",
            "url": "https://api.congress.gov/v3/bill/114/hr/3686?format=json"
        },
        {
            "amendmentNumber": "430",
            "congress": 114,
            "introducedDate": "2015-06-09",
            "latestAction": {
                "actionDate": "2015-06-09",
                "actionTime": "23:02:32",
                "text": "On agreeing to the Emmer (MN) amendment (A070) Failed by recorded vote: 212 - 214 (Roll no. 325). "
            },
            "type": null,
            "url": "https://api.congress.gov/v3/amendment/114/hamdt/430?format=json"
        },
        {
            "congress": 114,
            "introducedDate": "2015-07-28",
            "latestAction": {
                "actionDate": "2015-08-05",
                "text": "Referred to the Subcommittee on Trade."
            },
            "number": "3238",
            "policyArea": {
                "name": "International Affairs"
            },
            "title": "Cuba Trade Act of 2015",
            "type": "HR",
            "url": "https://api.congress.gov/v3/bill/114/hr/3238?format=json"
        },
        {
            "congress": 114,
            "introducedDate": "2015-07-28",
            "latestAction": {
                "actionDate": "2015-08-13",
                "text": "Referred to the Subcommittee on Readiness."
            },
            "number": "3239",
            "policyArea": {
                "name": "Armed Forces and National Security"
            },
            "title": "Armed Forces Career Center Protection Act",
            "type": "HR",
            "url": "https://api.congress.gov/v3/bill/114/hr/3239?format=json"
        },
        {
            "congress": 114,
            "introducedDate": "2015-03-25",
            "latestAction": {
                "actionDate": "2015-03-26",
                "text": "Referred to the Subcommittee on Highways and Transit."
            },
            "number": "1606",
            "policyArea": {
                "name": "Transportation and Public Works"
            },
            "title": "National Intersection and Interchange Safety Construction Program Act of 2015",
            "type": "HR",
            "url": "https://api.congress.gov/v3/bill/114/hr/1606?format=json"
        },
        {
            "congress": 114,
            "introducedDate": "2015-07-29",
            "latestAction": {
                "actionDate": "2016-04-18",
                "text": "Received in the Senate and Read twice and referred to the Committee on Banking, Housing, and Urban Affairs."
            },
            "number": "3340",
            "policyArea": {
                "name": "Finance and Financial Sector"
            },
            "title": "Financial Stability Oversight Council Reform Act",
            "type": "HR",
            "url": "https://api.congress.gov/v3/bill/114/hr/3340?format=json"
        },
        {
            "congress": 114,
            "introducedDate": "2015-03-23",
            "latestAction": {
                "actionDate": "2015-04-07",
                "text": "Referred to the Subcommittee on Health."
            },
            "number": "1532",
            "policyArea": {
                "name": "Armed Forces and National Security"
            },
            "title": "Keeping our Promises to Veterans Act of 2015",
            "type": "HR",
            "url": "https://api.congress.gov/v3/bill/114/hr/1532?format=json"
        }
    ]
}