{
    "pagination": {
        "count": 131
    },
    "request": {
        "bioguideId": "k000389",
        "contentType": "application/json",
        "format": "json"
    },
    "sponsoredLegislation": [
        {
            "congress": 118,
            "introducedDate": "2024-08-09",
            "latestAction": {
                "actionDate": "2024-08-09",
                "text": "Referred to the Committee on Ways and Means, and in addition to the Committee on Energy and Commerce, for a period to be subsequently determined by the Speaker, in each case for consideration of such provisions as fall within the jurisdiction of the committee concerned."
            },
            "number": "9334",
            "policyArea": {
                "name": null
            },
            "title": "To strengthen domestic manufacturing, bring next generation iron and steel back to the United States, and revitalize deindustrialized regions.",
            "type": "HR",
            "url": "https://api.congress.gov/v3/bill/118/hr/9334?format=json"
        },
        {
            "congress": 118,
            "introducedDate": "2024-08-02",
            "latestAction": {
                "actionDate": "2024-08-02",
                "text": "Referred to the Committee on Education and the Workforce, and in addition to the Committee on the Judiciary, for a period to be subsequently determined by the Speaker, in each case for consideration of such provisions as fall within the jurisdiction of the committee concerned."
            },
            "number": "9264",
            "policyArea": {
                "name": null
            },
            "title": "To amend the Higher Education Act of 1965 and the Jeanne Clery Disclosure of Campus Security Policy and Campus Crime Statistics Act to combat campus sexual assault, and for other purposes.",
            "type": "HR",
            "url": "https://api.congress.gov/v3/bill/118/hr/9264?format=json"
        },
        {
            "congress": 118,
            "introducedDate": "2024-06-14",
            "latestAction": {
                "actionDate": "2024-06-14",
                "text": "Referred to the House Committee on Financial Services."
            },
            "number": "8760",
            "policyArea": {
                "name": null
            },
            "title": "Reverend James Lawson, Jr., Congressional Gold Medal Act",
            "type": "HR",
            "url": "https://api.congress.gov/v3/bill/118/hr/8760?format=json"
        },
        {
            "congress": 118,
            "introducedDate": "2024-05-23",
            "latestAction": {
                "actionDate": "2024-05-23",
                "text": "Referred to the House Committee on Agriculture."
            },
            "number": "8538",
            "policyArea": {
                "name": null
            },
            "title": "Biotechnology Oversight Coordination Act of 2024",
            "type": "HR",
            "url": "https://api.congress.gov/v3/bill/118/hr/8538?format=json"
        },
        {
            "congress": 118,
            "introducedDate": "2024-05-23",
            "latestAction": {
                "actionDate": "2024-05-23",
                "text": "Referred to the House Committee on Agriculture."
            },
            "number": "8539",
            "policyArea": {
                "name": null
            },
            "title": "To establish the Office of Biotechnology Policy in the Department of Agriculture, and for other purposes.",
            "type": "HR",
            "url": "https://api.congress.gov/v3/bill/118/hr/8539?format=json"
        },
        {
            "congress": 118,
            "introducedDate": "2024-05-08",
            "latestAction": {
                "actionDate": "2024-05-17",
                "text": "Referred to the Subcommittee on Health."
            },
            "number": "8311",
            "policyArea": {
                "name": "Finance and Financial Sector"
            },
            "title": "Medical Debt Cancellation Act",
            "type": "HR",
            "url": "https://api.congress.gov/v3/bill/118/hr/8311?format=json"
        },
        {
            "congress": 118,
            "introducedDate": "2024-04-19",
            "latestAction": {
                "actionDate": "2024-04-19",
                "text": "Referred to the House Committee on Agriculture."
            },
            "number": "8096",
            "policyArea": {
                "name": "Finance and Financial Sector"
            },
            "title": "Future of Water Act of 2024",
            "type": "HR",
            "url": "https://api.congress.gov/v3/bill/118/hr/8096?format=json"
        },
        {
            "congress": 118,
            "introducedDate": "2024-04-16",
            "latestAction": {
                "actionDate": "2024-04-16",
                "text": "Referred to the House Committee on Armed Services."
            },
            "number": "8025",
            "policyArea": {
                "name": null
            },
            "title": "Blast Overpressure Safety Act",
            "type": "HR",
            "url": "https://api.congress.gov/v3/bill/118/hr/8025?format=json"
        },
        {
            "congress": 118,
            "introducedDate": "2024-03-19",
            "latestAction": {
                "actionDate": "2024-03-19",
                "text": "Referred to the Committee on Small Business, and in addition to the Committees on Financial Services, and Energy and Commerce, for a period to be subsequently determined by the Speaker, in each case for consideration of such provisions as fall within the jurisdiction of the committee concerned."
            },
            "number": "7721",
            "policyArea": {
                "name": "Commerce"
            },
            "title": "National Worker Cooperative Development and Support Act",
            "type": "HR",
            "url": "https://api.congress.gov/v3/bill/118/hr/7721?format=json"
        },
        {
            "congress": 118,
            "introducedDate": "2024-02-26",
            "latestAction": {
                "actionDate": "2024-02-26",
                "text": "Referred to the House Committee on Ways and Means."
            },
            "number": "7458",
            "policyArea": {
                "name": "Taxation"
            },
            "title": "Made in the U.S.A. Act",
            "type": "HR",
            "url": "https://api.congress.gov/v3/bill/118/hr/7458?format=json"
        },
        {
            "congress": 118,
            "introducedDate": "2024-01-25",
            "latestAction": {
                "actionDate": "2024-01-25",
                "text": "Referred to the House Committee on Education and the Workforce."
            },
            "number": "978",
            "policyArea": {
                "name": "Education"
            },
            "title": "Encouraging all schools in the United States to teach students digital literacy and history related to the Holocaust, World War II, and antisemitism.",
            "type": "HRES",
            "url": "https://api.congress.gov/v3/bill/118/hres/978?format=json"
        },
        {
            "congress": 118,
            "introducedDate": "2023-12-14",
            "latestAction": {
                "actionDate": "2023-12-14",
                "text": "Referred to the House Committee on Oversight and Accountability."
            },
            "number": "6822",
            "policyArea": {
                "name": "Government Operations and Politics"
            },
            "title": "National Archives and Records Administration Modernization Act",
            "type": "HR",
            "url": "https://api.congress.gov/v3/bill/118/hr/6822?format=json"
        },
        {
            "congress": 118,
            "introducedDate": "2023-12-14",
            "latestAction": {
                "actionDate": "2023-12-14",
                "text": "Referred to the Committee on the Judiciary, and in addition to the Committee on House Administration, for a period to be subsequently determined by the Speaker, in each case for consideration of such provisions as fall within the jurisdiction of the committee concerned."
            },
            "number": "938",
            "policyArea": {
                "name": "Government Operations and Politics"
            },
            "title": "Expressing support for a comprehensive political reform plan.",
            "type": "HRES",
            "url": "https://api.congress.gov/v3/bill/118/hres/938?format=json"
        },
        {
            "congress": 118,
            "introducedDate": "2023-11-07",
            "latestAction": {
                "actionDate": "2023-11-10",
                "text": "Referred to the Subcommittee on Health."
            },
            "number": "6270",
            "policyArea": {
                "name": "Health"
            },
            "title": "State-Based Universal Health Care Act of 2023",
            "type": "HR",
            "url": "https://api.congress.gov/v3/bill/118/hr/6270?format=json"
        },
        {
            "congress": 118,
            "introducedDate": "2023-10-03",
            "latestAction": {
                "actionDate": "2024-05-22",
                "text": "Received in the Senate and Read twice and referred to the Committee on Homeland Security and Governmental Affairs."
            },
            "number": "5887",
            "policyArea": {
                "name": "Government Operations and Politics"
            },
            "title": "Government Service Delivery Improvement Act",
            "type": "HR",
            "url": "https://api.congress.gov/v3/bill/118/hr/5887?format=json"
        },
        {
            "congress": 118,
            "introducedDate": "2023-09-26",
            "latestAction": {
                "actionDate": "2023-09-26",
                "text": "Referred to the House Committee on Armed Services."
            },
            "number": "5714",
            "policyArea": {
                "name": "Armed Forces and National Security"
            },
            "title": "To require the Comptroller General of the United States to report on the country of origin of end items and components procured by the Department of Defense, and for other purposes.",
            "type": "HR",
            "url": "https://api.congress.gov/v3/bill/118/hr/5714?format=json"
        },
        {
            "congress": 118,
            "introducedDate": "2023-07-25",
            "latestAction": {
                "actionDate": "2023-07-25",
                "text": "Referred to the House Committee on Agriculture."
            },
            "number": "4873",
            "policyArea": {
                "name": "Agriculture and Food"
            },
            "title": "Food Supply Chain Capacity and Resiliency Act",
            "type": "HR",
            "url": "https://api.congress.gov/v3/bill/118/hr/4873?format=json"
        },
        {
            "congress": 118,
            "introducedDate": "2023-07-20",
            "latestAction": {
                "actionDate": "2023-07-20",
                "text": "Referred to the House Committee on Oversight and Accountability."
            },
            "number": "4793",
            "policyArea": {
                "name": "Government Operations and Politics"
            },
            "title": "Streamlining Effective Access and Retrieval of Content to Help Act of 2023",
            "type": "HR",
            "url": "https://api.congress.gov/v3/bill/118/hr/4793?format=json"
        },
        {
            "congress": 118,
            "introducedDate": "2023-04-20",
            "latestAction": {
                "actionDate": "2023-04-20",
                "text": "Referred to the Committee on Energy and Commerce, and in addition to the Committees on Ways and Means, and Science, Space, and Technology, for a period to be subsequently determined by the Speaker, in each case for consideration of such provisions as fall within the jurisdiction of the committee concerned."
            },
            "number": "2764",
            "policyArea": {
                "name": "Health"
            },
            "title": "Green New Deal for Health Act",
            "type": "HR",
            "url": "https://api.congress.gov/v3/bill/118/hr/2764?format=json"
        },
        {
            "congress": 118,
            "introducedDate": "2023-06-30",
            "latestAction": {
                "actionDate": "2023-06-30",
                "text": "Referred to the House Committee on the Judiciary."
            },
            "number": "4423",
            "policyArea": {
                "name": "Law"
            },
            "title": "Supreme Court Term Limits and Regular Appointments Act of 2023",
            "type": "HR",
            "url": "https://api.congress.gov/v3/bill/118/hr/4423?format=json"
        },
        {
            "congress": 118,
            "introducedDate": "2023-06-22",
            "latestAction": {
                "actionDate": "2023-06-22",
                "text": "Referred to the House Committee on Foreign Affairs."
            },
            "number": "539",
            "policyArea": {
                "name": "International Affairs"
            },
            "title": "Recognizing the importance of United States-India relations.",
            "type": "HRES",
            "url": "https://api.congress.gov/v3/bill/118/hres/539?format=json"
        },
        {
            "congress": 118,
            "introducedDate": "2023-04-27",
            "latestAction": {
                "actionDate": "2023-04-28",
                "text": "Referred to the Subcommittee on Health."
            },
            "number": "2955",
            "policyArea": {
                "name": "Families"
            },
            "title": "Stop Institutional Child Abuse Act",
            "type": "HR",
            "url": "https://api.congress.gov/v3/bill/118/hr/2955?format=json"
        },
        {
            "congress": 118,
            "introducedDate": "2023-03-14",
            "latestAction": {
                "actionDate": "2023-03-14",
                "text": "Referred to the House Committee on Foreign Affairs."
            },
            "number": "228",
            "policyArea": {
                "name": "International Affairs"
            },
            "title": "Recognizing the Kingdom of Bhutan as responsible for the oppression and forced eviction of more than 100,000 Bhutanese citizens during the late 1980s and 1990s.",
            "type": "HRES",
            "url": "https://api.congress.gov/v3/bill/118/hres/228?format=json"
        },
        {
            "congress": 118,
            "introducedDate": "2023-02-14",
            "latestAction": {
                "actionDate": "2023-02-14",
                "text": "Referred to the House Committee on Ways and Means."
            },
            "number": "1014",
            "policyArea": {
                "name": "Taxation"
            },
            "title": "Big Oil Windfall Profits Tax Act",
            "type": "HR",
            "url": "https://api.congress.gov/v3/bill/118/hr/1014?format=json"
        },
        {
            "congress": 118,
            "introducedDate": "2023-02-02",
            "latestAction": {
                "actionDate": "2023-03-02",
                "text": "Referred to the Subcommittee on Livestock, Dairy, and Poultry."
            },
            "number": "798",
            "policyArea": {
                "name": "Labor and Employment"
            },
            "title": "Protecting America\u2019s Meatpacking Workers Act of 2023",
            "type": "HR",
            "url": "https://api.congress.gov/v3/bill/118/hr/798?format=json"
        },
        {
            "congress": 118,
            "introducedDate": "2023-02-02",
            "latestAction": {
                "actionDate": "2023-03-06",
                "text": "Referred to the Subcommittee on Livestock, Dairy, and Poultry."
            },
            "number": "797",
            "policyArea": {
                "name": "Agriculture and Food"
            },
            "title": "Farm System Reform Act of 2023",
            "type": "HR",
            "url": "https://api.congress.gov/v3/bill/118/hr/797?format=json"
        },
        {
            "congress": 118,
            "introducedDate": "2023-01-25",
            "latestAction": {
                "actionDate": "2023-01-25",
                "text": "Referred to the Committee on Financial Services, and in addition to the Committee on Energy and Commerce, for a period to be subsequently determined by the Speaker, in each case for consideration of such provisions as fall within the jurisdiction of the committee concerned."
            },
            "number": "514",
            "policyArea": {
                "name": "Commerce"
            },
            "title": "National Development Strategy and Coordination Act of 2023",
            "type": "HR",
            "url": "https://api.congress.gov/v3/bill/118/hr/514?format=json"
        },
        {
            "congress": 118,
            "introducedDate": "2023-01-10",
            "latestAction": {
                "actionDate": "2023-01-10",
                "text": "Referred to the Committee on Foreign Affairs, and in addition to the Committee on the Judiciary, for a period to be subsequently determined by the Speaker, in each case for consideration of such provisions as fall within the jurisdiction of the committee concerned."
            },
            "number": "19",
            "policyArea": {
                "name": "International Affairs"
            },
            "title": "Acknowledging the role of the United States in El Salvador's civil war and urging increased United States support for strengthening civil society, human rights protections, and for humanitarian and development assistance for El Salvador.",
            "type": "HRES",
            "url": "https://api.congress.gov/v3/bill/118/hres/19?format=json"
        },
        {
            "congress": 117,
            "introducedDate": "2022-12-27",
            "latestAction": {
                "actionDate": "2022-12-27",
                "text": "Referred to the House Committee on Armed Services."
            },
            "number": "9696",
            "policyArea": {
                "name": "Armed Forces and National Security"
            },
            "title": "To direct the Secretary of Defense to provide certain resources to implement the Department of Defense policy on civilian harm in connection with United States military operations, and for other purposes.",
            "type": "HR",
            "url": "https://api.congress.gov/v3/bill/117/hr/9696?format=json"
        },
        {
            "congress": 117,
            "introducedDate": "2022-12-27",
            "latestAction": {
                "actionDate": "2022-12-27",
                "text": "Referred to the House Committee on Armed Services."
            },
            "number": "9697",
            "policyArea": {
                "name": "Armed Forces and National Security"
            },
            "title": "To prohibit the use of funds to provide United States military support for the Saudi-led military intervention in Yemen, and for other purposes.",
            "type": "HR",
            "url": "https://api.congress.gov/v3/bill/117/hr/9697?format=json"
        },
        {
            "congress": 117,
            "introducedDate": "2022-12-20",
            "latestAction": {
                "actionDate": "2022-12-20",
                "text": "Referred to the House Committee on the Judiciary."
            },
            "number": "9628",
            "policyArea": {
                "name": "Crime and Law Enforcement"
            },
            "title": "PEACE Act of 2022",
            "type": "HR",
            "url": "https://api.congress.gov/v3/bill/117/hr/9628?format=json"
        },
        {
            "congress": 117,
            "introducedDate": "2022-12-20",
            "latestAction": {
                "actionDate": "2022-12-20",
                "text": "Referred to the House Committee on Armed Services."
            },
            "number": "9626",
            "policyArea": {
                "name": "Armed Forces and National Security"
            },
            "title": "Report on DoD Practices to Distinguish Between Civilians and Combatants Act of 2022",
            "type": "HR",
            "url": "https://api.congress.gov/v3/bill/117/hr/9626?format=json"
        },
        {
            "congress": 117,
            "introducedDate": "2022-12-20",
            "latestAction": {
                "actionDate": "2022-12-20",
                "text": "Referred to the Committee on Ways and Means, and in addition to the Committee on Education and Labor, for a period to be subsequently determined by the Speaker, in each case for consideration of such provisions as fall within the jurisdiction of the committee concerned."
            },
            "number": "9629",
            "policyArea": {
                "name": "Taxation"
            },
            "title": "Corporate Responsibility and Taxpayer Protection Act of 2022",
            "type": "HR",
            "url": "https://api.congress.gov/v3/bill/117/hr/9629?format=json"
        },
        {
            "congress": 117,
            "introducedDate": "2022-12-20",
            "latestAction": {
                "actionDate": "2022-12-20",
                "text": "Referred to the House Committee on Armed Services."
            },
            "number": "9627",
            "policyArea": {
                "name": "Armed Forces and National Security"
            },
            "title": "Extension of the Department of Defense\u2019s Authority for Certain Payments to Redress Injury and Loss Act",
            "type": "HR",
            "url": "https://api.congress.gov/v3/bill/117/hr/9627?format=json"
        },
        {
            "congress": 117,
            "introducedDate": "2022-12-13",
            "latestAction": {
                "actionDate": "2022-12-13",
                "text": "Referred to the Committee on Financial Services, and in addition to the Committee on Energy and Commerce, for a period to be subsequently determined by the Speaker, in each case for consideration of such provisions as fall within the jurisdiction of the committee concerned."
            },
            "number": "9512",
            "policyArea": {
                "name": "Commerce"
            },
            "title": "National Development Strategy and Coordination Act of 2022",
            "type": "HR",
            "url": "https://api.congress.gov/v3/bill/117/hr/9512?format=json"
        },
        {
            "congress": 117,
            "introducedDate": "2022-11-07",
            "latestAction": {
                "actionDate": "2022-11-07",
                "text": "Referred to the House Committee on Foreign Affairs."
            },
            "number": "9277",
            "policyArea": {
                "name": "Foreign Trade and International Finance"
            },
            "title": "Gasoline Export Ban Act of 2022",
            "type": "HR",
            "url": "https://api.congress.gov/v3/bill/117/hr/9277?format=json"
        },
        {
            "congress": 117,
            "introducedDate": "2022-10-28",
            "latestAction": {
                "actionDate": "2022-10-28",
                "text": "Referred to the Committee on Ways and Means, and in addition to the Committee on Financial Services, for a period to be subsequently determined by the Speaker, in each case for consideration of such provisions as fall within the jurisdiction of the committee concerned."
            },
            "number": "9246",
            "policyArea": {
                "name": "Taxation"
            },
            "title": "Stop Wall Street Landlords Act of 2022",
            "type": "HR",
            "url": "https://api.congress.gov/v3/bill/117/hr/9246?format=json"
        },
        {
            "congress": 117,
            "introducedDate": "2022-10-14",
            "latestAction": {
                "actionDate": "2022-10-14",
                "text": "Referred to the House Committee on Foreign Affairs."
            },
            "number": "9181",
            "policyArea": {
                "name": "International Affairs"
            },
            "title": "To provide for a temporary 1-year halt to all proposed direct commercial sales and foreign military sales to the Kingdom of Saudi Arabia of weaponry and munitions.",
            "type": "HR",
            "url": "https://api.congress.gov/v3/bill/117/hr/9181?format=json"
        },
        {
            "congress": 117,
            "introducedDate": "2022-10-04",
            "latestAction": {
                "actionDate": "2022-10-04",
                "text": "Referred to the House Committee on House Administration."
            },
            "number": "9134",
            "policyArea": {
                "name": null
            },
            "title": "No PAC Act",
            "type": "HR",
            "url": "https://api.congress.gov/v3/bill/117/hr/9134?format=json"
        },
        {
            "congress": 117,
            "introducedDate": "2022-08-30",
            "latestAction": {
                "actionDate": "2022-11-01",
                "text": "Referred to the Subcommittee on Immigration and Citizenship."
            },
            "number": "8757",
            "policyArea": {
                "name": "International Affairs"
            },
            "title": "To express the Sense of Congress relating to the United States-India Defense Partnership.",
            "type": "HR",
            "url": "https://api.congress.gov/v3/bill/117/hr/8757?format=json"
        },
        {
            "congress": 117,
            "introducedDate": "2022-08-09",
            "latestAction": {
                "actionDate": "2022-08-09",
                "text": "Referred to the House Committee on Financial Services."
            },
            "number": "8691",
            "policyArea": {
                "name": "Civil Rights and Liberties, Minority Issues"
            },
            "title": "Reverend James Lawson, Jr., Congressional Gold Medal Act",
            "type": "HR",
            "url": "https://api.congress.gov/v3/bill/117/hr/8691?format=json"
        },
        {
            "congress": 117,
            "introducedDate": "2022-08-05",
            "latestAction": {
                "actionDate": "2022-12-15",
                "text": "Received in the Senate."
            },
            "number": "8665",
            "policyArea": {
                "name": "Government Operations and Politics"
            },
            "title": "National Archives and Records Administration (NARA) Modernization Act",
            "type": "HR",
            "url": "https://api.congress.gov/v3/bill/117/hr/8665?format=json"
        },
        {
            "congress": 117,
            "introducedDate": "2022-07-28",
            "latestAction": {
                "actionDate": "2022-07-28",
                "text": "Referred to the House Committee on Education and Labor."
            },
            "number": "8567",
            "policyArea": {
                "name": "Education"
            },
            "title": "Student Apprenticeship Act of 2022",
            "type": "HR",
            "url": "https://api.congress.gov/v3/bill/117/hr/8567?format=json"
        },
        {
            "congress": 117,
            "introducedDate": "2022-07-27",
            "latestAction": {
                "actionDate": "2022-11-01",
                "text": "Referred to the Subcommittee on Crime, Terrorism, and Homeland Security."
            },
            "number": "8533",
            "policyArea": {
                "name": "Armed Forces and National Security"
            },
            "title": "Espionage Act Reform Act of 2022",
            "type": "HR",
            "url": "https://api.congress.gov/v3/bill/117/hr/8533?format=json"
        },
        {
            "congress": 117,
            "introducedDate": "2022-07-19",
            "latestAction": {
                "actionDate": "2022-07-19",
                "text": "Referred to the House Committee on Agriculture."
            },
            "number": "1234",
            "policyArea": {
                "name": "Agriculture and Food"
            },
            "title": "Expressing support for regenerative agriculture and other conservation practices to support more sustainable and resilient agriculture, and compensating farmers for providing environmental services.",
            "type": "HRES",
            "url": "https://api.congress.gov/v3/bill/117/hres/1234?format=json"
        },
        {
            "amendmentNumber": "252",
            "congress": 117,
            "introducedDate": "2022-07-13",
            "latestAction": {
                "actionDate": "2022-07-13",
                "actionTime": "21:18:15",
                "text": "On agreeing to the Khanna amendment (A008) Agreed to by the Yeas and Nays: 215 - 212 (Roll no. 315). "
            },
            "type": null,
            "url": "https://api.congress.gov/v3/amendment/117/hamdt/252?format=json"
        },
        {
            "amendmentNumber": "229",
            "congress": 117,
            "introducedDate": "2022-06-16",
            "latestAction": {
                "actionDate": "2022-06-16",
                "actionTime": "10:49:48",
                "text": "On agreeing to the Khanna amendment (A002) Agreed to by voice vote. "
            },
            "type": null,
            "url": "https://api.congress.gov/v3/amendment/117/hamdt/229?format=json"
        },
        {
            "congress": 117,
            "introducedDate": "2022-06-09",
            "latestAction": {
                "actionDate": "2022-06-09",
                "text": "Referred to the House Committee on Foreign Affairs."
            },
            "number": "8011",
            "policyArea": {
                "name": "International Affairs"
            },
            "title": "Dignity for People with Disabilities in the Foreign Service Act",
            "type": "HR",
            "url": "https://api.congress.gov/v3/bill/117/hr/8011?format=json"
        },
        {
            "congress": 117,
            "introducedDate": "2022-05-13",
            "latestAction": {
                "actionDate": "2022-06-08",
                "text": "Referred to the Subcommittee on Biotechnology, Horticulture, and Research."
            },
            "number": "7763",
            "policyArea": {
                "name": "Agriculture and Food"
            },
            "title": "To direct the Secretary of Agriculture to support and incentivize domestic activities to address fertilizer shortages and deficiencies, diversify fertilizer sources, and reduce dependency on foreign sources for fertilizer, and for other purposes.",
            "type": "HR",
            "url": "https://api.congress.gov/v3/bill/117/hr/7763?format=json"
        },
        {
            "congress": 117,
            "introducedDate": "2022-04-28",
            "latestAction": {
                "actionDate": "2022-04-28",
                "text": "Referred to the House Committee on Armed Services."
            },
            "number": "7625",
            "policyArea": {
                "name": "Armed Forces and National Security"
            },
            "title": "Protection of Civilians in Military Operations Act",
            "type": "HR",
            "url": "https://api.congress.gov/v3/bill/117/hr/7625?format=json"
        },
        {
            "congress": 117,
            "introducedDate": "2022-04-18",
            "latestAction": {
                "actionDate": "2022-12-21",
                "text": "Became Public Law No: 117-260."
            },
            "number": "7535",
            "policyArea": {
                "name": "Government Operations and Politics"
            },
            "title": "Quantum Computing Cybersecurity Preparedness Act",
            "type": "HR",
            "url": "https://api.congress.gov/v3/bill/117/hr/7535?format=json"
        },
        {
            "congress": 117,
            "introducedDate": "2022-03-21",
            "latestAction": {
                "actionDate": "2022-04-04",
                "text": "Referred to the Subcommittee on Commodity Exchanges, Energy, and Credit."
            },
            "number": "7182",
            "policyArea": {
                "name": "Finance and Financial Sector"
            },
            "title": "Future of Water Act of 2022",
            "type": "HR",
            "url": "https://api.congress.gov/v3/bill/117/hr/7182?format=json"
        },
        {
            "congress": 117,
            "introducedDate": "2022-03-11",
            "latestAction": {
                "actionDate": "2022-03-11",
                "text": "Referred to the House Committee on Ways and Means."
            },
            "number": "7061",
            "policyArea": {
                "name": "Taxation"
            },
            "title": "Big Oil Windfall Profits Tax Act",
            "type": "HR",
            "url": "https://api.congress.gov/v3/bill/117/hr/7061?format=json"
        },
        {
            "congress": 117,
            "introducedDate": "2022-03-07",
            "latestAction": {
                "actionDate": "2022-03-08",
                "text": "Referred to the Subcommittee on Energy."
            },
            "number": "6953",
            "policyArea": {
                "name": "International Affairs"
            },
            "title": "SPIGOT Act of 2022",
            "type": "HR",
            "url": "https://api.congress.gov/v3/bill/117/hr/6953?format=json"
        },
        {
            "congress": 117,
            "introducedDate": "2022-03-03",
            "latestAction": {
                "actionDate": "2022-11-01",
                "text": "Referred to the Subcommittee on Crime, Terrorism, and Homeland Security."
            },
            "number": "6928",
            "policyArea": {
                "name": "Health"
            },
            "title": "SAFE SEX Workers Study Act",
            "type": "HR",
            "url": "https://api.congress.gov/v3/bill/117/hr/6928?format=json"
        },
        {
            "congress": 117,
            "introducedDate": "2022-02-11",
            "latestAction": {
                "actionDate": "2022-02-11",
                "actionTime": "11:03:22",
                "text": "Motion to reconsider laid on the table Agreed to without objection."
            },
            "number": "925",
            "policyArea": {
                "name": "Congress"
            },
            "title": "Requesting return of official papers on H.R. 3076.",
            "type": "HRES",
            "url": "https://api.congress.gov/v3/bill/117/hres/925?format=json"
        },
        {
            "congress": 117,
            "introducedDate": "2022-01-19",
            "latestAction": {
                "actionDate": "2022-01-19",
                "text": "Referred to the House Committee on Ways and Means."
            },
            "number": "6428",
            "policyArea": {
                "name": "Taxation"
            },
            "title": "Brick and Mortar Small Business Tax Credit Act of 2022",
            "type": "HR",
            "url": "https://api.congress.gov/v3/bill/117/hr/6428?format=json"
        },
        {
            "congress": 117,
            "introducedDate": "2022-01-12",
            "latestAction": {
                "actionDate": "2022-01-13",
                "text": "Referred to the Subcommittee on Economic Development, Public Buildings, and Emergency Management."
            },
            "number": "6385",
            "policyArea": {
                "name": "Government Operations and Politics"
            },
            "title": "Masks for All Act of 2022",
            "type": "HR",
            "url": "https://api.congress.gov/v3/bill/117/hr/6385?format=json"
        },
        {
            "congress": 117,
            "introducedDate": "2021-12-13",
            "latestAction": {
                "actionDate": "2022-01-04",
                "text": "Referred to the Subcommittee on Livestock and Foreign Agriculture."
            },
            "number": "6250",
            "policyArea": {
                "name": "Labor and Employment"
            },
            "title": "Protecting America\u2019s Meatpacking Workers Act of 2021",
            "type": "HR",
            "url": "https://api.congress.gov/v3/bill/117/hr/6250?format=json"
        },
        {
            "congress": 117,
            "introducedDate": "2021-12-13",
            "latestAction": {
                "actionDate": "2021-12-13",
                "text": "Referred to the House Committee on Ways and Means."
            },
            "number": "6249",
            "policyArea": {
                "name": "Taxation"
            },
            "title": "End Polluter Welfare for Enhanced Oil Recovery Act of 2021",
            "type": "HR",
            "url": "https://api.congress.gov/v3/bill/117/hr/6249?format=json"
        },
        {
            "congress": 117,
            "introducedDate": "2021-11-17",
            "latestAction": {
                "actionDate": "2022-11-01",
                "text": "Referred to the Subcommittee on Crime, Terrorism, and Homeland Security."
            },
            "number": "6001",
            "policyArea": {
                "name": "Crime and Law Enforcement"
            },
            "title": "Closing the Warrantless Digital Car Search Loophole Act of 2021",
            "type": "HR",
            "url": "https://api.congress.gov/v3/bill/117/hr/6001?format=json"
        },
        {
            "congress": 117,
            "introducedDate": "2021-11-04",
            "latestAction": {
                "actionDate": "2022-02-22",
                "text": "Referred to the Subcommittee on Asia, the Pacific, Central Asia and Nonproliferation."
            },
            "number": "5870",
            "policyArea": {
                "name": "International Affairs"
            },
            "title": "United States-Taiwan Public Health Protection Act",
            "type": "HR",
            "url": "https://api.congress.gov/v3/bill/117/hr/5870?format=json"
        },
        {
            "congress": 117,
            "introducedDate": "2021-07-16",
            "latestAction": {
                "actionDate": "2021-07-19",
                "text": "Referred to the Subcommittee on Environment and Climate Change."
            },
            "number": "4461",
            "policyArea": {
                "name": "Science, Technology, Communications"
            },
            "title": "21st Century Jobs Act",
            "type": "HR",
            "url": "https://api.congress.gov/v3/bill/117/hr/4461?format=json"
        },
        {
            "congress": 117,
            "introducedDate": "2021-07-13",
            "latestAction": {
                "actionDate": "2021-08-11",
                "text": "Referred to the Subcommittee on Livestock and Foreign Agriculture."
            },
            "number": "4421",
            "policyArea": {
                "name": "Agriculture and Food"
            },
            "title": "Farm System Reform Act of 2021",
            "type": "HR",
            "url": "https://api.congress.gov/v3/bill/117/hr/4421?format=json"
        },
        {
            "amendmentNumber": "113",
            "congress": 117,
            "introducedDate": "2021-09-22",
            "latestAction": {
                "actionDate": "2021-09-23",
                "actionTime": "15:17:49",
                "text": "On agreeing to the Khanna amendment (A017) Agreed to by the Yeas and Nays: 219 - 207 (Roll no. 278). "
            },
            "type": null,
            "url": "https://api.congress.gov/v3/amendment/117/hamdt/113?format=json"
        },
        {
            "congress": 117,
            "introducedDate": "2021-08-31",
            "latestAction": {
                "actionDate": "2022-11-01",
                "text": "Referred to the Subcommittee on Courts, Intellectual Property, and the Internet."
            },
            "number": "5140",
            "policyArea": {
                "name": "Law"
            },
            "title": "Supreme Court Term Limits and Regular Appointments Act of 2021",
            "type": "HR",
            "url": "https://api.congress.gov/v3/bill/117/hr/5140?format=json"
        },
        {
            "congress": 117,
            "introducedDate": "2021-08-13",
            "latestAction": {
                "actionDate": "2021-08-13",
                "text": "Referred to the Committee on the Budget, and in addition to the Committees on Rules, and Ways and Means, for a period to be subsequently determined by the Speaker, in each case for consideration of such provisions as fall within the jurisdiction of the committee concerned."
            },
            "number": "5018",
            "policyArea": {
                "name": "Economics and Public Finance"
            },
            "title": "FAIR Scoring Act",
            "type": "HR",
            "url": "https://api.congress.gov/v3/bill/117/hr/5018?format=json"
        },
        {
            "congress": 117,
            "introducedDate": "2021-06-08",
            "latestAction": {
                "actionDate": "2021-06-09",
                "text": "Referred to the Subcommittee on Health."
            },
            "number": "3775",
            "policyArea": {
                "name": "Health"
            },
            "title": "State-Based Universal Health Care Act of 2021",
            "type": "HR",
            "url": "https://api.congress.gov/v3/bill/117/hr/3775?format=json"
        },
        {
            "congress": 117,
            "introducedDate": "2021-05-28",
            "latestAction": {
                "actionDate": "2022-04-06",
                "text": "Read twice. Placed on Senate Legislative Calendar under General Orders. Calendar No. 343."
            },
            "number": "3599",
            "policyArea": {
                "name": "Science, Technology, Communications"
            },
            "title": "Federal Rotational Cyber Workforce Program Act of 2021",
            "type": "HR",
            "url": "https://api.congress.gov/v3/bill/117/hr/3599?format=json"
        },
        {
            "congress": 117,
            "introducedDate": "2021-04-21",
            "latestAction": {
                "actionDate": "2021-04-22",
                "text": "Referred to the Subcommittee on Consumer Protection and Commerce."
            },
            "number": "2731",
            "policyArea": {
                "name": "Science, Technology, Communications"
            },
            "title": "Endless Frontier Act",
            "type": "HR",
            "url": "https://api.congress.gov/v3/bill/117/hr/2731?format=json"
        },
        {
            "congress": 117,
            "introducedDate": "2021-04-14",
            "latestAction": {
                "actionDate": "2021-04-14",
                "text": "Referred to the House Committee on Foreign Affairs."
            },
            "number": "315",
            "policyArea": {
                "name": "International Affairs"
            },
            "title": "Celebrating the 130th anniversary of the birth of Bhimrao Ramji Ambedkar.",
            "type": "HRES",
            "url": "https://api.congress.gov/v3/bill/117/hres/315?format=json"
        },
        {
            "congress": 117,
            "introducedDate": "2021-03-26",
            "latestAction": {
                "actionDate": "2021-03-26",
                "text": "Referred to the Committee on Armed Services, and in addition to the Committee on Appropriations, for a period to be subsequently determined by the Speaker, in each case for consideration of such provisions as fall within the jurisdiction of the committee concerned."
            },
            "number": "2227",
            "policyArea": {
                "name": "Armed Forces and National Security"
            },
            "title": "ICBM Act",
            "type": "HR",
            "url": "https://api.congress.gov/v3/bill/117/hr/2227?format=json"
        },
        {
            "congress": 117,
            "introducedDate": "2021-03-23",
            "latestAction": {
                "actionDate": "2021-10-19",
                "text": "Referred to the Subcommittee on Antitrust, Commercial, and Administrative Law."
            },
            "number": "2148",
            "policyArea": {
                "name": "Health"
            },
            "title": "Prescription Drug Price Relief Act of 2021",
            "type": "HR",
            "url": "https://api.congress.gov/v3/bill/117/hr/2148?format=json"
        },
        {
            "congress": 117,
            "introducedDate": "2021-02-22",
            "latestAction": {
                "actionDate": "2021-02-22",
                "text": "Referred to the House Committee on Ways and Means."
            },
            "number": "1200",
            "policyArea": {
                "name": "Taxation"
            },
            "title": "Stop CHEATERS Act",
            "type": "HR",
            "url": "https://api.congress.gov/v3/bill/117/hr/1200?format=json"
        },
        {
            "congress": 116,
            "introducedDate": "2020-12-17",
            "latestAction": {
                "actionDate": "2020-12-17",
                "text": "Referred to the House Committee on Oversight and Reform."
            },
            "number": "9014",
            "policyArea": {
                "name": "Government Operations and Politics"
            },
            "title": "United States Semiquincentennial Commission Amendments Act of 2020",
            "type": "HR",
            "url": "https://api.congress.gov/v3/bill/116/hr/9014?format=json"
        },
        {
            "congress": 116,
            "introducedDate": "2020-11-05",
            "latestAction": {
                "actionDate": "2020-11-05",
                "text": "Referred to the House Committee on Financial Services."
            },
            "number": "8730",
            "policyArea": {
                "name": "Civil Rights and Liberties, Minority Issues"
            },
            "title": "Reverend James Lawson, Jr. Congressional Gold Medal Act",
            "type": "HR",
            "url": "https://api.congress.gov/v3/bill/116/hr/8730?format=json"
        },
        {
            "congress": 116,
            "introducedDate": "2020-10-27",
            "latestAction": {
                "actionDate": "2020-10-28",
                "text": "Referred to the Subcommittee on Aviation."
            },
            "number": "8693",
            "policyArea": {
                "name": "Science, Technology, Communications"
            },
            "title": "21st Century Jobs Act",
            "type": "HR",
            "url": "https://api.congress.gov/v3/bill/116/hr/8693?format=json"
        },
        {
            "congress": 116,
            "introducedDate": "2020-10-23",
            "latestAction": {
                "actionDate": "2020-10-23",
                "text": "Referred to the Committee on Ways and Means, and in addition to the Committee on Education and Labor, for a period to be subsequently determined by the Speaker, in each case for consideration of such provisions as fall within the jurisdiction of the committee concerned."
            },
            "number": "8669",
            "policyArea": {
                "name": "Taxation"
            },
            "title": "Corporate Responsibility and Taxpayer Protection Act of 2020",
            "type": "HR",
            "url": "https://api.congress.gov/v3/bill/116/hr/8669?format=json"
        },
        {
            "congress": 116,
            "introducedDate": "2020-09-29",
            "latestAction": {
                "actionDate": "2020-09-29",
                "text": "Referred to the House Committee on the Judiciary."
            },
            "number": "8424",
            "policyArea": {
                "name": "Law"
            },
            "title": "Supreme Court Term Limits and Regular Appointments Act of 2020",
            "type": "HR",
            "url": "https://api.congress.gov/v3/bill/116/hr/8424?format=json"
        },
        {
            "congress": 116,
            "introducedDate": "2020-09-08",
            "latestAction": {
                "actionDate": "2020-09-08",
                "text": "Referred to the House Committee on Oversight and Reform."
            },
            "number": "8191",
            "policyArea": {
                "name": "Government Operations and Politics"
            },
            "title": "CHARGE Act",
            "type": "HR",
            "url": "https://api.congress.gov/v3/bill/116/hr/8191?format=json"
        },
        {
            "congress": 116,
            "introducedDate": "2020-07-29",
            "latestAction": {
                "actionDate": "2020-07-30",
                "text": "Referred to the Subcommittee on Economic Development, Public Buildings, and Emergency Management."
            },
            "number": "7836",
            "policyArea": {
                "name": "Government Operations and Politics"
            },
            "title": "Masks for All Act of 2020",
            "type": "HR",
            "url": "https://api.congress.gov/v3/bill/116/hr/7836?format=json"
        },
        {
            "congress": 116,
            "introducedDate": "2020-06-11",
            "latestAction": {
                "actionDate": "2020-06-11",
                "text": "Referred to the House Committee on Armed Services."
            },
            "number": "7174",
            "policyArea": {
                "name": "Armed Forces and National Security"
            },
            "title": "Protection of Civilians in Military Operations Act",
            "type": "HR",
            "url": "https://api.congress.gov/v3/bill/116/hr/7174?format=json"
        },
        {
            "congress": 116,
            "introducedDate": "2020-05-22",
            "latestAction": {
                "actionDate": "2020-05-22",
                "text": "Referred to the House Committee on Science, Space, and Technology."
            },
            "number": "6978",
            "policyArea": {
                "name": "Science, Technology, Communications"
            },
            "title": "Endless Frontier Act",
            "type": "HR",
            "url": "https://api.congress.gov/v3/bill/116/hr/6978?format=json"
        },
        {
            "congress": 116,
            "introducedDate": "2020-05-05",
            "latestAction": {
                "actionDate": "2020-05-05",
                "text": "Referred to the Committee on Transportation and Infrastructure, and in addition to the Committees on Financial Services, Energy and Commerce, and the Budget, for a period to be subsequently determined by the Speaker, in each case for consideration of such provisions as fall within the jurisdiction of the committee concerned."
            },
            "number": "6719",
            "policyArea": {
                "name": "Health"
            },
            "title": "Emergency Medical Supplies Procurement Act",
            "type": "HR",
            "url": "https://api.congress.gov/v3/bill/116/hr/6719?format=json"
        },
        {
            "congress": 116,
            "introducedDate": "2020-05-05",
            "latestAction": {
                "actionDate": "2020-08-13",
                "text": "Referred to the Subcommittee on Livestock and Foreign Agriculture."
            },
            "number": "6718",
            "policyArea": {
                "name": "Agriculture and Food"
            },
            "title": "Farm System Reform Act of 2020",
            "type": "HR",
            "url": "https://api.congress.gov/v3/bill/116/hr/6718?format=json"
        },
        {
            "congress": 116,
            "introducedDate": "2020-04-28",
            "latestAction": {
                "actionDate": "2020-04-28",
                "text": "Referred to the Committee on Foreign Affairs, and in addition to the Committee on Armed Services, for a period to be subsequently determined by the Speaker, in each case for consideration of such provisions as fall within the jurisdiction of the committee concerned."
            },
            "number": "6639",
            "policyArea": {
                "name": "International Affairs"
            },
            "title": "No Unconstitutional War Against North Korea Act of 2020",
            "type": "HR",
            "url": "https://api.congress.gov/v3/bill/116/hr/6639?format=json"
        },
        {
            "congress": 116,
            "introducedDate": "2020-04-14",
            "latestAction": {
                "actionDate": "2020-05-01",
                "text": "Referred to the Subcommittee on Asia, the Pacific and Nonproliferation."
            },
            "number": "921",
            "policyArea": {
                "name": "International Affairs"
            },
            "title": "Celebrating the 129th anniversary of the birth of Bhimrao Ramji Ambedkar.",
            "type": "HRES",
            "url": "https://api.congress.gov/v3/bill/116/hres/921?format=json"
        },
        {
            "congress": 116,
            "introducedDate": "2020-03-23",
            "latestAction": {
                "actionDate": "2020-07-13",
                "text": "Referred to the Subcommittee on Oversight and Investigations."
            },
            "number": "6353",
            "policyArea": {
                "name": "Armed Forces and National Security"
            },
            "title": "Increasing Access for Veterans and Their Survivors Act of 2020",
            "type": "HR",
            "url": "https://api.congress.gov/v3/bill/116/hr/6353?format=json"
        },
        {
            "congress": 116,
            "introducedDate": "2020-03-05",
            "latestAction": {
                "actionDate": "2020-03-05",
                "text": "Referred to the House Committee on the Judiciary."
            },
            "number": "6114",
            "policyArea": {
                "name": "Armed Forces and National Security"
            },
            "title": "Espionage Act Reform Act of 2020",
            "type": "HR",
            "url": "https://api.congress.gov/v3/bill/116/hr/6114?format=json"
        },
        {
            "congress": 116,
            "introducedDate": "2020-02-25",
            "latestAction": {
                "actionDate": "2020-02-25",
                "text": "Referred to the House Committee on Education and Labor."
            },
            "number": "5961",
            "policyArea": {
                "name": "Education"
            },
            "title": "Student Apprenticeship Act of 2020",
            "type": "HR",
            "url": "https://api.congress.gov/v3/bill/116/hr/5961?format=json"
        },
        {
            "congress": 116,
            "introducedDate": "2020-02-25",
            "latestAction": {
                "actionDate": "2020-02-25",
                "text": "Referred to the House Committee on Foreign Affairs."
            },
            "number": "5962",
            "policyArea": {
                "name": "International Affairs"
            },
            "title": "Gender Inclusive Passport Act",
            "type": "HR",
            "url": "https://api.congress.gov/v3/bill/116/hr/5962?format=json"
        },
        {
            "congress": 116,
            "introducedDate": "2020-02-13",
            "latestAction": {
                "actionDate": "2020-12-03",
                "text": "Became Public Law No: 116-194."
            },
            "number": "5901",
            "policyArea": {
                "name": "Government Operations and Politics"
            },
            "title": "Information Technology Modernization Centers of Excellence Program Act",
            "type": "HR",
            "url": "https://api.congress.gov/v3/bill/116/hr/5901?format=json"
        },
        {
            "congress": 116,
            "introducedDate": "2020-01-07",
            "latestAction": {
                "actionDate": "2020-01-07",
                "text": "Referred to the Committee on Foreign Affairs, and in addition to the Committee on Armed Services, for a period to be subsequently determined by the Speaker, in each case for consideration of such provisions as fall within the jurisdiction of the committee concerned."
            },
            "number": "5543",
            "policyArea": {
                "name": "International Affairs"
            },
            "title": "No War Against Iran Act",
            "type": "HR",
            "url": "https://api.congress.gov/v3/bill/116/hr/5543?format=json"
        },
        {
            "congress": 116,
            "introducedDate": "2019-12-17",
            "latestAction": {
                "actionDate": "2019-12-18",
                "text": "Referred to the Subcommittee on Health."
            },
            "number": "5448",
            "policyArea": {
                "name": "Health"
            },
            "title": "SAFE SEX Workers Study Act",
            "type": "HR",
            "url": "https://api.congress.gov/v3/bill/116/hr/5448?format=json"
        },
        {
            "congress": 116,
            "introducedDate": "2019-12-03",
            "latestAction": {
                "actionDate": "2020-03-12",
                "text": "Ordered to be Reported by Voice Vote."
            },
            "number": "5284",
            "policyArea": {
                "name": "Armed Forces and National Security"
            },
            "title": "Vet OUTREACH Act",
            "type": "HR",
            "url": "https://api.congress.gov/v3/bill/116/hr/5284?format=json"
        },
        {
            "congress": 116,
            "introducedDate": "2019-11-08",
            "latestAction": {
                "actionDate": "2019-11-12",
                "text": "Referred to the Subcommittee on Health."
            },
            "number": "5010",
            "policyArea": {
                "name": "Health"
            },
            "title": "State-Based Universal Health Care Act of 2019",
            "type": "HR",
            "url": "https://api.congress.gov/v3/bill/116/hr/5010?format=json"
        },
        {
            "congress": 116,
            "introducedDate": "2019-10-21",
            "latestAction": {
                "actionDate": "2019-10-21",
                "text": "Referred to the House Committee on Oversight and Reform."
            },
            "number": "4774",
            "policyArea": {
                "name": "Government Operations and Politics"
            },
            "title": "Internet of Things Cyber Security Training for Federal Employees Act",
            "type": "HR",
            "url": "https://api.congress.gov/v3/bill/116/hr/4774?format=json"
        },
        {
            "congress": 116,
            "introducedDate": "2019-10-15",
            "latestAction": {
                "actionDate": "2020-12-21",
                "text": "Became Public Law No: 116-238."
            },
            "number": "4672",
            "policyArea": {
                "name": "Government Operations and Politics"
            },
            "title": "To designate the facility of the United States Postal Service located at 21701 Stevens Creek Boulevard in Cupertino, California, as the Petty Officer 2nd Class (SEAL) Matthew G. Axelson Post Office Building.",
            "type": "HR",
            "url": "https://api.congress.gov/v3/bill/116/hr/4672?format=json"
        },
        {
            "congress": 116,
            "introducedDate": "2019-09-17",
            "latestAction": {
                "actionDate": "2019-10-02",
                "text": "Referred to the Subcommittee on Crime, Terrorism, and Homeland Security."
            },
            "number": "4359",
            "policyArea": {
                "name": "Crime and Law Enforcement"
            },
            "title": "Police Exercising Absolute Care With Everyone Act of 2019",
            "type": "HR",
            "url": "https://api.congress.gov/v3/bill/116/hr/4359?format=json"
        },
        {
            "congress": 116,
            "introducedDate": "2019-09-12",
            "latestAction": {
                "actionDate": "2019-09-12",
                "text": "Referred to the House Committee on House Administration."
            },
            "number": "4315",
            "policyArea": {
                "name": "Government Operations and Politics"
            },
            "title": "No PAC Act",
            "type": "HR",
            "url": "https://api.congress.gov/v3/bill/116/hr/4315?format=json"
        },
        {
            "congress": 116,
            "introducedDate": "2019-08-13",
            "latestAction": {
                "actionDate": "2020-10-30",
                "text": "Became Public Law No: 116-187."
            },
            "number": "4183",
            "policyArea": {
                "name": "Armed Forces and National Security"
            },
            "title": "Identifying Barriers and Best Practices Study Act",
            "type": "HR",
            "url": "https://api.congress.gov/v3/bill/116/hr/4183?format=json"
        },
        {
            "congress": 116,
            "introducedDate": "2019-08-02",
            "latestAction": {
                "actionDate": "2020-12-07",
                "text": "Received in the Senate."
            },
            "number": "4153",
            "policyArea": {
                "name": "Native Americans"
            },
            "title": "Health Care Access for Urban Native Veterans Act",
            "type": "HR",
            "url": "https://api.congress.gov/v3/bill/116/hr/4153?format=json"
        },
        {
            "congress": 116,
            "introducedDate": "2019-07-18",
            "latestAction": {
                "actionDate": "2019-07-19",
                "text": "Referred to the Subcommittee on Water Resources and Environment."
            },
            "number": "3844",
            "policyArea": {
                "name": "Environmental Protection"
            },
            "title": "Farmer Fairness Act",
            "type": "HR",
            "url": "https://api.congress.gov/v3/bill/116/hr/3844?format=json"
        },
        {
            "amendmentNumber": "554",
            "congress": 116,
            "introducedDate": "2019-07-11",
            "latestAction": {
                "actionDate": "2019-07-12",
                "actionTime": "12:26:04",
                "text": "On agreeing to the Khanna amendment (A048) Agreed to by recorded vote: 251 - 170 (Roll no. 463). (consideration: CR H5753-5754)"
            },
            "type": null,
            "url": "https://api.congress.gov/v3/amendment/116/hamdt/554?format=json"
        },
        {
            "amendmentNumber": "551",
            "congress": 116,
            "introducedDate": "2019-07-11",
            "latestAction": {
                "actionDate": "2019-07-11",
                "actionTime": "20:32:50",
                "text": "On agreeing to the Khanna amendment (A045) Agreed to by voice vote. "
            },
            "type": null,
            "url": "https://api.congress.gov/v3/amendment/116/hamdt/551?format=json"
        },
        {
            "congress": 116,
            "introducedDate": "2019-07-10",
            "latestAction": {
                "actionDate": "2019-07-11",
                "text": "Referred to the Subcommittee on Communications and Technology."
            },
            "number": "3676",
            "policyArea": {
                "name": "Science, Technology, Communications"
            },
            "title": "Measuring the Economic Impact of Broadband Act of 2019",
            "type": "HR",
            "url": "https://api.congress.gov/v3/bill/116/hr/3676?format=json"
        },
        {
            "amendmentNumber": "304",
            "congress": 116,
            "introducedDate": "2019-06-12",
            "latestAction": {
                "actionDate": "2019-06-13",
                "actionTime": "00:29:33",
                "text": "On agreeing to the Khanna amendment (A038) Agreed to by recorded vote: 356 - 68 (Roll no. 287). "
            },
            "type": null,
            "url": "https://api.congress.gov/v3/amendment/116/hamdt/304?format=json"
        },
        {
            "congress": 116,
            "introducedDate": "2019-05-08",
            "latestAction": {
                "actionDate": "2019-09-26",
                "text": "Forwarded by Subcommittee to Full Committee by Voice Vote ."
            },
            "number": "2591",
            "policyArea": {
                "name": "Environmental Protection"
            },
            "title": "PFAS Waste Incineration Ban Act of 2019",
            "type": "HR",
            "url": "https://api.congress.gov/v3/bill/116/hr/2591?format=json"
        },
        {
            "congress": 116,
            "introducedDate": "2019-02-28",
            "latestAction": {
                "actionDate": "2019-02-28",
                "text": "Referred to the House Committee on Ways and Means."
            },
            "number": "1431",
            "policyArea": {
                "name": "Taxation"
            },
            "title": "Cost-of-Living Refund Act of 2019",
            "type": "HR",
            "url": "https://api.congress.gov/v3/bill/116/hr/1431?format=json"
        },
        {
            "congress": 116,
            "introducedDate": "2019-02-26",
            "latestAction": {
                "actionDate": "2019-02-26",
                "text": "Referred to the Committee on Foreign Affairs, and in addition to the Committee on Veterans' Affairs, for a period to be subsequently determined by the Speaker, in each case for consideration of such provisions as fall within the jurisdiction of the committee concerned."
            },
            "number": "152",
            "policyArea": {
                "name": "International Affairs"
            },
            "title": "Calling for a formal end of the Korean war.",
            "type": "HRES",
            "url": "https://api.congress.gov/v3/bill/116/hres/152?format=json"
        },
        {
            "congress": 116,
            "introducedDate": "2019-01-30",
            "latestAction": {
                "actionDate": "2019-02-14",
                "text": "Received in the Senate and Read twice and referred to the Committee on Foreign Relations."
            },
            "number": "37",
            "policyArea": {
                "name": "International Affairs"
            },
            "title": "Directing the removal of United States Armed Forces from hostilities in the Republic of Yemen that have not been authorized by Congress.",
            "type": "HJRES",
            "url": "https://api.congress.gov/v3/bill/116/hjres/37?format=json"
        },
        {
            "congress": 116,
            "introducedDate": "2019-01-10",
            "latestAction": {
                "actionDate": "2019-01-25",
                "text": "Referred to the Subcommittee on Health."
            },
            "number": "465",
            "policyArea": {
                "name": "Health"
            },
            "title": "Prescription Drug Price Relief Act of 2019",
            "type": "HR",
            "url": "https://api.congress.gov/v3/bill/116/hr/465?format=json"
        },
        {
            "congress": 115,
            "introducedDate": "2018-12-13",
            "latestAction": {
                "actionDate": "2018-12-13",
                "text": "Referred to the Committee on House Administration, and in addition to the Committee on Ways and Means, for a period to be subsequently determined by the Speaker, in each case for consideration of such provisions as fall within the jurisdiction of the committee concerned."
            },
            "number": "7306",
            "policyArea": {
                "name": "Government Operations and Politics"
            },
            "title": "Democracy Dollars Act",
            "type": "HR",
            "url": "https://api.congress.gov/v3/bill/115/hr/7306?format=json"
        },
        {
            "congress": 115,
            "introducedDate": "2018-11-29",
            "latestAction": {
                "actionDate": "2018-11-29",
                "text": "Referred to the House Committee on Foreign Affairs."
            },
            "number": "142",
            "policyArea": {
                "name": "International Affairs"
            },
            "title": "Directing the President pursuant to section 5(c) of the War Powers Resolution to remove United States Armed Forces from hostilities in the Republic of Yemen that have not been authorized by Congress.",
            "type": "HCONRES",
            "url": "https://api.congress.gov/v3/bill/115/hconres/142?format=json"
        },
        {
            "congress": 115,
            "introducedDate": "2018-11-16",
            "latestAction": {
                "actionDate": "2018-11-16",
                "text": "Referred to the Committee on Financial Services, and in addition to the Committee on Education and the Workforce, for a period to be subsequently determined by the Speaker, in each case for consideration of such provisions as fall within the jurisdiction of the committee concerned."
            },
            "number": "7145",
            "policyArea": {
                "name": "Finance and Financial Sector"
            },
            "title": "Stop Welfare for Any Large Monopoly Amassing Revenue from Taxpayers Act of 2018",
            "type": "HR",
            "url": "https://api.congress.gov/v3/bill/115/hr/7145?format=json"
        },
        {
            "congress": 115,
            "introducedDate": "2018-11-15",
            "latestAction": {
                "actionDate": "2018-11-15",
                "text": "Referred to the House Committee on Financial Services."
            },
            "number": "7137",
            "policyArea": {
                "name": "Civil Rights and Liberties, Minority Issues"
            },
            "title": "Reverend James Lawson, Jr. Congressional Gold Medal Act",
            "type": "HR",
            "url": "https://api.congress.gov/v3/bill/115/hr/7137?format=json"
        },
        {
            "congress": 115,
            "introducedDate": "2018-10-26",
            "latestAction": {
                "actionDate": "2018-10-26",
                "text": "Referred to the House Committee on Financial Services."
            },
            "number": "7095",
            "policyArea": {
                "name": "Finance and Financial Sector"
            },
            "title": "Coretta Scott King Full Employment Federal Reserve Act of 2018",
            "type": "HR",
            "url": "https://api.congress.gov/v3/bill/115/hr/7095?format=json"
        },
        {
            "congress": 115,
            "introducedDate": "2018-09-26",
            "latestAction": {
                "actionDate": "2018-09-26",
                "text": "Referred to the House Committee on Foreign Affairs."
            },
            "number": "138",
            "policyArea": {
                "name": "International Affairs"
            },
            "title": "Directing the President pursuant to section 5(c) of the War Powers Resolution to remove United States Armed Forces from hostilities in the Republic of Yemen that have not been authorized by Congress.",
            "type": "HCONRES",
            "url": "https://api.congress.gov/v3/bill/115/hconres/138?format=json"
        },
        {
            "congress": 115,
            "introducedDate": "2018-07-24",
            "latestAction": {
                "actionDate": "2018-07-24",
                "text": "Referred to the House Committee on Education and the Workforce."
            },
            "number": "6485",
            "policyArea": {
                "name": "Labor and Employment"
            },
            "title": "Job Opportunities for All Act",
            "type": "HR",
            "url": "https://api.congress.gov/v3/bill/115/hr/6485?format=json"
        },
        {
            "congress": 115,
            "introducedDate": "2018-05-10",
            "latestAction": {
                "actionDate": "2018-12-20",
                "text": "Became Public Law No: 115-336."
            },
            "number": "5759",
            "policyArea": {
                "name": "Government Operations and Politics"
            },
            "title": "An act to improve executive agency digital services, and for other purposes",
            "type": "HR",
            "url": "https://api.congress.gov/v3/bill/115/hr/5759?format=json"
        },
        {
            "congress": 115,
            "introducedDate": "2018-03-08",
            "latestAction": {
                "actionDate": "2018-03-19",
                "text": "Referred to the Subcommittee on Health."
            },
            "number": "5223",
            "policyArea": {
                "name": "Labor and Employment"
            },
            "title": "Health Care Workplace Violence Prevention Act",
            "type": "HR",
            "url": "https://api.congress.gov/v3/bill/115/hr/5223?format=json"
        },
        {
            "congress": 115,
            "introducedDate": "2018-02-26",
            "latestAction": {
                "actionDate": "2018-03-02",
                "text": "Referred to the Subcommittee on Communications and Technology."
            },
            "number": "5093",
            "policyArea": {
                "name": "Science, Technology, Communications"
            },
            "title": "Measuring the Economic Impact of Broadband Act of 2018",
            "type": "HR",
            "url": "https://api.congress.gov/v3/bill/115/hr/5093?format=json"
        },
        {
            "congress": 115,
            "introducedDate": "2018-01-18",
            "latestAction": {
                "actionDate": "2018-01-18",
                "text": "Referred to the Committee on Foreign Affairs, and in addition to the Committee on Armed Services, for a period to be subsequently determined by the Speaker, in each case for consideration of such provisions as fall within the jurisdiction of the committee concerned."
            },
            "number": "4837",
            "policyArea": {
                "name": "International Affairs"
            },
            "title": "No Unconstitutional Strike against North Korea Act",
            "type": "HR",
            "url": "https://api.congress.gov/v3/bill/115/hr/4837?format=json"
        },
        {
            "amendmentNumber": "469",
            "congress": 115,
            "introducedDate": "2017-11-01",
            "latestAction": {
                "actionDate": "2017-11-01",
                "actionTime": "17:46:26",
                "text": "On agreeing to the Khanna amendment (A002) Failed by recorded vote: 189 - 232 (Roll no. 594). "
            },
            "type": null,
            "url": "https://api.congress.gov/v3/amendment/115/hamdt/469?format=json"
        },
        {
            "congress": 115,
            "introducedDate": "2017-11-01",
            "latestAction": {
                "actionDate": "2017-11-13",
                "actionTime": "18:59:07",
                "text": "Motion to reconsider laid on the table Agreed to without objection."
            },
            "number": "599",
            "policyArea": {
                "name": "International Affairs"
            },
            "title": "Expressing the sense of the House of Representatives with respect to United States policy towards Yemen, and for other purposes.",
            "type": "HRES",
            "url": "https://api.congress.gov/v3/bill/115/hres/599?format=json"
        },
        {
            "congress": 115,
            "introducedDate": "2017-10-04",
            "latestAction": {
                "actionDate": "2017-11-21",
                "text": "Became Public Law No: 115-89."
            },
            "number": "3949",
            "policyArea": {
                "name": "Armed Forces and National Security"
            },
            "title": "An act to amend title 38, United States Code, to provide for the designation of State approving agencies for multi-State apprenticeship programs for purposes of the educational assistance programs of the Department of Veterans Affairs",
            "type": "HR",
            "url": "https://api.congress.gov/v3/bill/115/hr/3949?format=json"
        },
        {
            "congress": 115,
            "introducedDate": "2017-09-27",
            "latestAction": {
                "actionDate": "2017-10-11",
                "actionTime": "17:03:19",
                "text": "UNANIMOUS CONSENT - Mr. Collins (GA) asked unanimous consent that the provisions of section 7 of the War Powers Resolution (50 U.S.C. 1546) shall apply to H.Con.Res. 81 not earlier than November 2, 2017, but on the same terms that would have adhered on October 13, 2017. Agreed to without objection."
            },
            "number": "81",
            "policyArea": {
                "name": "International Affairs"
            },
            "title": "Directing the President pursuant to section 5(c) of the War Powers Resolution to remove United States Armed Forces from unauthorized hostilities in the Republic of Yemen.",
            "type": "HCONRES",
            "url": "https://api.congress.gov/v3/bill/115/hconres/81?format=json"
        },
        {
            "congress": 115,
            "introducedDate": "2017-09-13",
            "latestAction": {
                "actionDate": "2017-09-13",
                "text": "Referred to the House Committee on Ways and Means."
            },
            "number": "3757",
            "policyArea": {
                "name": "Taxation"
            },
            "title": "GAIN Act",
            "type": "HR",
            "url": "https://api.congress.gov/v3/bill/115/hr/3757?format=json"
        },
        {
            "amendmentNumber": "147",
            "congress": 115,
            "introducedDate": "2017-06-23",
            "latestAction": {
                "actionDate": "2017-06-23",
                "actionTime": "10:08:19",
                "text": "On agreeing to the Khanna amendment (A006) Agreed to by voice vote. "
            },
            "type": null,
            "url": "https://api.congress.gov/v3/amendment/115/hamdt/147?format=json"
        },
        {
            "congress": 115,
            "introducedDate": "2017-06-07",
            "latestAction": {
                "actionDate": "2017-06-07",
                "text": "Referred to the House Committee on Ways and Means."
            },
            "number": "2814",
            "policyArea": {
                "name": "Taxation"
            },
            "title": "Corporate Responsibility and Taxpayer Protection Act of 2017",
            "type": "HR",
            "url": "https://api.congress.gov/v3/bill/115/hr/2814?format=json"
        },
        {
            "congress": 115,
            "introducedDate": "2017-03-08",
            "latestAction": {
                "actionDate": "2017-03-08",
                "text": "Referred to the House Committee on Rules."
            },
            "number": "178",
            "policyArea": {
                "name": "Congress"
            },
            "title": "Amending the Rules of the House of Representatives to require that before any bill or joint resolution repealing or amending the Patient Protection and Affordable Care Act or the Health Care and Education Affordability Reconciliation Act of 2010 in the House it should be made available on a public website of the House.",
            "type": "HRES",
            "url": "https://api.congress.gov/v3/bill/115/hres/178?format=json"
        }
    ]
}