{
    "pagination": {
        "count": 105
    },
    "request": {
        "bioguideId": "t000483",
        "contentType": "application/json",
        "format": "json"
    },
    "sponsoredLegislation": [
        {
            "congress": 118,
            "introducedDate": "2024-05-08",
            "latestAction": {
                "actionDate": "2024-05-08",
                "text": "Referred to the House Committee on Education and the Workforce."
            },
            "number": "1214",
            "policyArea": {
                "name": null
            },
            "title": "Honoring the resiliency of America's teachers during Teacher Appreciation Week of May 6, 2024, through May 13, 2024.",
            "type": "HRES",
            "url": "https://api.congress.gov/v3/bill/118/hres/1214?format=json"
        },
        {
            "congress": 118,
            "introducedDate": "2024-05-01",
            "latestAction": {
                "actionDate": "2024-05-03",
                "text": "Referred to the Subcommittee on Health."
            },
            "number": "8220",
            "policyArea": {
                "name": "Health"
            },
            "title": "Occupational Therapy Mental Health Parity Act",
            "type": "HR",
            "url": "https://api.congress.gov/v3/bill/118/hr/8220?format=json"
        },
        {
            "congress": 118,
            "introducedDate": "2024-02-28",
            "latestAction": {
                "actionDate": "2024-02-28",
                "text": "Referred to the House Committee on Natural Resources."
            },
            "number": "7474",
            "policyArea": {
                "name": "Public Lands and Natural Resources"
            },
            "title": "Robert E. Lee Monument Removal Act",
            "type": "HR",
            "url": "https://api.congress.gov/v3/bill/118/hr/7474?format=json"
        },
        {
            "congress": 118,
            "introducedDate": "2024-01-11",
            "latestAction": {
                "actionDate": "2024-01-11",
                "text": "Referred to the House Committee on the Judiciary."
            },
            "number": "6985",
            "policyArea": {
                "name": "Crime and Law Enforcement"
            },
            "title": "BOP Release Card ID Act of 2024",
            "type": "HR",
            "url": "https://api.congress.gov/v3/bill/118/hr/6985?format=json"
        },
        {
            "congress": 118,
            "introducedDate": "2024-01-09",
            "latestAction": {
                "actionDate": "2024-01-12",
                "text": "Referred to the Subcommittee on Health."
            },
            "number": "6928",
            "policyArea": {
                "name": "Health"
            },
            "title": "CONNECT Act of 2024",
            "type": "HR",
            "url": "https://api.congress.gov/v3/bill/118/hr/6928?format=json"
        },
        {
            "congress": 118,
            "introducedDate": "2023-09-26",
            "latestAction": {
                "actionDate": "2023-09-29",
                "text": "Referred to the Subcommittee on Health."
            },
            "number": "729",
            "policyArea": {
                "name": "Health"
            },
            "title": "Supporting the designation of September 2023 as \"National Recovery Month\".",
            "type": "HRES",
            "url": "https://api.congress.gov/v3/bill/118/hres/729?format=json"
        },
        {
            "congress": 118,
            "introducedDate": "2023-09-13",
            "latestAction": {
                "actionDate": "2023-09-15",
                "text": "Referred to the Subcommittee on Health."
            },
            "number": "5452",
            "policyArea": {
                "name": "Health"
            },
            "title": "Honoring National Recovery Month Act",
            "type": "HR",
            "url": "https://api.congress.gov/v3/bill/118/hr/5452?format=json"
        },
        {
            "congress": 118,
            "introducedDate": "2023-09-12",
            "latestAction": {
                "actionDate": "2023-09-15",
                "text": "Referred to the Subcommittee on Health."
            },
            "number": "5418",
            "policyArea": {
                "name": "Health"
            },
            "title": "Honoring National Recovery Month Act",
            "type": "HR",
            "url": "https://api.congress.gov/v3/bill/118/hr/5418?format=json"
        },
        {
            "congress": 118,
            "introducedDate": "2023-08-04",
            "latestAction": {
                "actionDate": "2023-08-11",
                "text": "Referred to the Subcommittee on Health."
            },
            "number": "5163",
            "policyArea": {
                "name": "Health"
            },
            "title": "Telehealth Response for E-prescribing Addiction Therapy Services Act",
            "type": "HR",
            "url": "https://api.congress.gov/v3/bill/118/hr/5163?format=json"
        },
        {
            "congress": 118,
            "introducedDate": "2023-07-26",
            "latestAction": {
                "actionDate": "2023-07-28",
                "text": "Referred to the Subcommittee on Health."
            },
            "number": "4950",
            "policyArea": {
                "name": "Health"
            },
            "title": "IMPROVE Addiction Care Act",
            "type": "HR",
            "url": "https://api.congress.gov/v3/bill/118/hr/4950?format=json"
        },
        {
            "congress": 118,
            "introducedDate": "2023-06-23",
            "latestAction": {
                "actionDate": "2023-06-23",
                "text": "Referred to the House Committee on the Judiciary."
            },
            "number": "4361",
            "policyArea": {
                "name": "Crime and Law Enforcement"
            },
            "title": "Smarter Pretrial Detention for Drug Charges Act of 2023",
            "type": "HR",
            "url": "https://api.congress.gov/v3/bill/118/hr/4361?format=json"
        },
        {
            "congress": 118,
            "introducedDate": "2023-06-15",
            "latestAction": {
                "actionDate": "2023-12-05",
                "text": "Ordered to be Reported by Voice Vote."
            },
            "number": "4190",
            "policyArea": {
                "name": "Armed Forces and National Security"
            },
            "title": "Restoring Benefits to Defrauded Veterans Act",
            "type": "HR",
            "url": "https://api.congress.gov/v3/bill/118/hr/4190?format=json"
        },
        {
            "congress": 118,
            "introducedDate": "2023-06-06",
            "latestAction": {
                "actionDate": "2023-06-09",
                "text": "Referred to the Subcommittee on Health."
            },
            "number": "476",
            "policyArea": {
                "name": "Health"
            },
            "title": "Supporting the designation of June 6, 2023, as National Naloxone Awareness Day.",
            "type": "HRES",
            "url": "https://api.congress.gov/v3/bill/118/hres/476?format=json"
        },
        {
            "congress": 118,
            "introducedDate": "2023-06-06",
            "latestAction": {
                "actionDate": "2023-06-09",
                "text": "Referred to the Subcommittee on Health."
            },
            "number": "3879",
            "policyArea": {
                "name": "Health"
            },
            "title": "Supporting Families through Addiction Act of 2023",
            "type": "HR",
            "url": "https://api.congress.gov/v3/bill/118/hr/3879?format=json"
        },
        {
            "congress": 118,
            "introducedDate": "2023-05-23",
            "latestAction": {
                "actionDate": "2023-05-24",
                "text": "Referred to the Subcommittee on Aviation."
            },
            "number": "3616",
            "policyArea": {
                "name": "Transportation and Public Works"
            },
            "title": "To direct the Administrator of the Federal Aviation Administration to include medications and medical equipment for the emergency treatment of known or suspected opioid overdose in aircraft emergency medical kits, and for other purposes.",
            "type": "HR",
            "url": "https://api.congress.gov/v3/bill/118/hr/3616?format=json"
        },
        {
            "congress": 118,
            "introducedDate": "2023-05-22",
            "latestAction": {
                "actionDate": "2023-05-22",
                "text": "Referred to the House Committee on Education and the Workforce."
            },
            "number": "436",
            "policyArea": {
                "name": "Education"
            },
            "title": "Expressing support for the designation of the week of May 22 through 26, 2023, as \"Educator Mental Health Awareness Week\".",
            "type": "HRES",
            "url": "https://api.congress.gov/v3/bill/118/hres/436?format=json"
        },
        {
            "congress": 118,
            "introducedDate": "2023-05-18",
            "latestAction": {
                "actionDate": "2023-05-18",
                "text": "Referred to the Committee on Financial Services, and in addition to the Committee on House Administration, for a period to be subsequently determined by the Speaker, in each case for consideration of such provisions as fall within the jurisdiction of the committee concerned."
            },
            "number": "3545",
            "policyArea": {
                "name": "Armed Forces and National Security"
            },
            "title": "Ritchie Boys Congressional Gold Medal Act",
            "type": "HR",
            "url": "https://api.congress.gov/v3/bill/118/hr/3545?format=json"
        },
        {
            "congress": 118,
            "introducedDate": "2023-05-17",
            "latestAction": {
                "actionDate": "2023-05-17",
                "text": "Referred to the House Committee on Education and the Workforce."
            },
            "number": "3451",
            "policyArea": {
                "name": "Education"
            },
            "title": "Higher Education Mental Health Act of 2023",
            "type": "HR",
            "url": "https://api.congress.gov/v3/bill/118/hr/3451?format=json"
        },
        {
            "congress": 118,
            "introducedDate": "2023-05-09",
            "latestAction": {
                "actionDate": "2023-05-12",
                "text": "Referred to the Subcommittee on Health."
            },
            "number": "381",
            "policyArea": {
                "name": "Health"
            },
            "title": "Supporting the mission and goals of National Fentanyl Awareness Day in 2023, including increasing individual and public awareness of the impact of fake or counterfeit fentanyl pills on families and young people.",
            "type": "HRES",
            "url": "https://api.congress.gov/v3/bill/118/hres/381?format=json"
        },
        {
            "congress": 118,
            "introducedDate": "2023-05-02",
            "latestAction": {
                "actionDate": "2023-05-05",
                "text": "Referred to the Subcommittee on Health."
            },
            "number": "3074",
            "policyArea": {
                "name": "Health"
            },
            "title": "Due Process Continuity of Care Act",
            "type": "HR",
            "url": "https://api.congress.gov/v3/bill/118/hr/3074?format=json"
        },
        {
            "congress": 118,
            "introducedDate": "2023-04-27",
            "latestAction": {
                "actionDate": "2023-04-27",
                "text": "Referred to the House Committee on the Judiciary."
            },
            "number": "2983",
            "policyArea": {
                "name": "Crime and Law Enforcement"
            },
            "title": "Fresh Start Act of 2023",
            "type": "HR",
            "url": "https://api.congress.gov/v3/bill/118/hr/2983?format=json"
        },
        {
            "congress": 118,
            "introducedDate": "2023-04-25",
            "latestAction": {
                "actionDate": "2023-04-28",
                "text": "Referred to the Subcommittee on Health."
            },
            "number": "2867",
            "policyArea": {
                "name": "Health"
            },
            "title": "Bruce\u2019s Law",
            "type": "HR",
            "url": "https://api.congress.gov/v3/bill/118/hr/2867?format=json"
        },
        {
            "congress": 118,
            "introducedDate": "2023-04-20",
            "latestAction": {
                "actionDate": "2023-04-20",
                "text": "Referred to the Subcommittee on Emergency Management and Technology."
            },
            "number": "2791",
            "policyArea": {
                "name": "Emergency Management"
            },
            "title": "NBACC Authorization Act of 2023",
            "type": "HR",
            "url": "https://api.congress.gov/v3/bill/118/hr/2791?format=json"
        },
        {
            "congress": 118,
            "introducedDate": "2023-04-18",
            "latestAction": {
                "actionDate": "2023-04-18",
                "text": "Referred to the House Committee on the Judiciary."
            },
            "number": "2698",
            "policyArea": {
                "name": "Crime and Law Enforcement"
            },
            "title": "Workforce Justice Act of 2023",
            "type": "HR",
            "url": "https://api.congress.gov/v3/bill/118/hr/2698?format=json"
        },
        {
            "congress": 118,
            "introducedDate": "2023-03-22",
            "latestAction": {
                "actionDate": "2024-02-07",
                "text": "Received in the Senate. Read twice. Placed on Senate Legislative Calendar under General Orders. Calendar No. 333."
            },
            "number": "1727",
            "policyArea": {
                "name": "Public Lands and Natural Resources"
            },
            "title": "Chesapeake and Ohio Canal National Historical Park Commission Extension Act",
            "type": "HR",
            "url": "https://api.congress.gov/v3/bill/118/hr/1727?format=json"
        },
        {
            "congress": 118,
            "introducedDate": "2023-03-07",
            "latestAction": {
                "actionDate": "2023-03-07",
                "text": "Referred to the House Committee on Education and the Workforce."
            },
            "number": "1429",
            "policyArea": {
                "name": "Education"
            },
            "title": "TRUE EQUITY Act of 2023",
            "type": "HR",
            "url": "https://api.congress.gov/v3/bill/118/hr/1429?format=json"
        },
        {
            "congress": 118,
            "introducedDate": "2023-03-07",
            "latestAction": {
                "actionDate": "2023-04-04",
                "text": "Referred to the Subcommittee on Nutrition, Foreign Agriculture, and Horticulture."
            },
            "number": "1428",
            "policyArea": {
                "name": "Agriculture and Food"
            },
            "title": "Free to Grow Act of 2023",
            "type": "HR",
            "url": "https://api.congress.gov/v3/bill/118/hr/1428?format=json"
        },
        {
            "congress": 118,
            "introducedDate": "2023-03-07",
            "latestAction": {
                "actionDate": "2023-04-04",
                "text": "Referred to the Subcommittee on Nutrition, Foreign Agriculture, and Horticulture."
            },
            "number": "1427",
            "policyArea": {
                "name": "Agriculture and Food"
            },
            "title": "SNAP Second Chance Act of 2023",
            "type": "HR",
            "url": "https://api.congress.gov/v3/bill/118/hr/1427?format=json"
        },
        {
            "congress": 118,
            "introducedDate": "2023-03-03",
            "latestAction": {
                "actionDate": "2023-03-10",
                "text": "Referred to the Subcommittee on Health."
            },
            "number": "1375",
            "policyArea": {
                "name": "Health"
            },
            "title": "EFFECTIVE Act",
            "type": "HR",
            "url": "https://api.congress.gov/v3/bill/118/hr/1375?format=json"
        },
        {
            "congress": 117,
            "introducedDate": "2022-12-01",
            "latestAction": {
                "actionDate": "2022-12-01",
                "text": "Referred to the House Committee on Energy and Commerce."
            },
            "number": "9400",
            "policyArea": {
                "name": "Health"
            },
            "title": "AHEAD Act of 2022",
            "type": "HR",
            "url": "https://api.congress.gov/v3/bill/117/hr/9400?format=json"
        },
        {
            "congress": 117,
            "introducedDate": "2022-12-01",
            "latestAction": {
                "actionDate": "2022-12-02",
                "text": "Referred to the Subcommittee on Cybersecurity, Infrastructure Protection, and Innovation."
            },
            "number": "9401",
            "policyArea": {
                "name": "Emergency Management"
            },
            "title": "NBACC Authorization Act of 2022",
            "type": "HR",
            "url": "https://api.congress.gov/v3/bill/117/hr/9401?format=json"
        },
        {
            "congress": 117,
            "introducedDate": "2022-11-03",
            "latestAction": {
                "actionDate": "2022-11-03",
                "text": "Referred to the Committee on Financial Services, and in addition to the Committee on House Administration, for a period to be subsequently determined by the Speaker, in each case for consideration of such provisions as fall within the jurisdiction of the committee concerned."
            },
            "number": "9274",
            "policyArea": {
                "name": "Congress"
            },
            "title": "Ritchie Boys Congressional Gold Medal Act",
            "type": "HR",
            "url": "https://api.congress.gov/v3/bill/117/hr/9274?format=json"
        },
        {
            "congress": 117,
            "introducedDate": "2022-10-21",
            "latestAction": {
                "actionDate": "2022-10-24",
                "text": "Referred to the Subcommittee on Health."
            },
            "number": "9221",
            "policyArea": {
                "name": "Health"
            },
            "title": "Bruce's Law",
            "type": "HR",
            "url": "https://api.congress.gov/v3/bill/117/hr/9221?format=json"
        },
        {
            "congress": 117,
            "introducedDate": "2022-10-04",
            "latestAction": {
                "actionDate": "2022-10-04",
                "text": "Referred to the House Committee on Education and Labor."
            },
            "number": "1423",
            "policyArea": {
                "name": "Education"
            },
            "title": "Expressing support for October 2, 2022, through October 8, 2022, as \"National Student Athlete Mental Health Week\".",
            "type": "HRES",
            "url": "https://api.congress.gov/v3/bill/117/hres/1423?format=json"
        },
        {
            "amendmentNumber": "321",
            "congress": 117,
            "introducedDate": "2022-09-29",
            "latestAction": {
                "actionDate": "2022-09-29",
                "actionTime": "12:13:33",
                "text": "On agreeing to the Trone amendment (A001) Agreed to by voice vote. "
            },
            "type": null,
            "url": "https://api.congress.gov/v3/amendment/117/hamdt/321?format=json"
        },
        {
            "congress": 117,
            "introducedDate": "2022-07-28",
            "latestAction": {
                "actionDate": "2022-07-28",
                "text": "Referred to the House Committee on Energy and Commerce."
            },
            "number": "8586",
            "policyArea": {
                "name": "Health"
            },
            "title": "EFFECTIVE Act",
            "type": "HR",
            "url": "https://api.congress.gov/v3/bill/117/hr/8586?format=json"
        },
        {
            "congress": 117,
            "introducedDate": "2022-07-14",
            "latestAction": {
                "actionDate": "2022-07-14",
                "text": "Referred to the House Committee on Energy and Commerce."
            },
            "number": "8391",
            "policyArea": {
                "name": "Health"
            },
            "title": "CONNECT Act of 2022",
            "type": "HR",
            "url": "https://api.congress.gov/v3/bill/117/hr/8391?format=json"
        },
        {
            "congress": 117,
            "introducedDate": "2022-06-13",
            "latestAction": {
                "actionDate": "2022-11-01",
                "text": "Referred to the Subcommittee on Crime, Terrorism, and Homeland Security."
            },
            "number": "8048",
            "policyArea": {
                "name": "Crime and Law Enforcement"
            },
            "title": "Solitary Confinement Study and Reform Act of 2022",
            "type": "HR",
            "url": "https://api.congress.gov/v3/bill/117/hr/8048?format=json"
        },
        {
            "congress": 117,
            "introducedDate": "2022-05-24",
            "latestAction": {
                "actionDate": "2022-05-24",
                "text": "Referred to the House Committee on Education and Labor."
            },
            "number": "1141",
            "policyArea": {
                "name": "Education"
            },
            "title": "Expressing support for the designation of the week of May 23 through 27, 2022, as \"Educator Mental Health Awareness Week\".",
            "type": "HRES",
            "url": "https://api.congress.gov/v3/bill/117/hres/1141?format=json"
        },
        {
            "congress": 117,
            "introducedDate": "2022-05-10",
            "latestAction": {
                "actionDate": "2022-11-01",
                "text": "Referred to the Subcommittee on Crime, Terrorism, and Homeland Security."
            },
            "number": "1102",
            "policyArea": {
                "name": "Health"
            },
            "title": "Supporting the mission and goals of National Fentanyl Awareness Day in 2022, including increasing individual and public awareness of the impact of fake or counterfeit fentanyl pills on families and young people.",
            "type": "HRES",
            "url": "https://api.congress.gov/v3/bill/117/hres/1102?format=json"
        },
        {
            "congress": 117,
            "introducedDate": "2022-03-07",
            "latestAction": {
                "actionDate": "2022-08-16",
                "text": "Became Public Law No: 117-172."
            },
            "number": "6943",
            "policyArea": {
                "name": "Crime and Law Enforcement"
            },
            "title": "Public Safety Officer Support Act of 2022",
            "type": "HR",
            "url": "https://api.congress.gov/v3/bill/117/hr/6943?format=json"
        },
        {
            "congress": 117,
            "introducedDate": "2022-02-07",
            "latestAction": {
                "actionDate": "2022-02-08",
                "text": "Referred to the Subcommittee on Health."
            },
            "number": "6636",
            "policyArea": {
                "name": "Health"
            },
            "title": "Due Process Continuity of Care Act",
            "type": "HR",
            "url": "https://api.congress.gov/v3/bill/117/hr/6636?format=json"
        },
        {
            "congress": 117,
            "introducedDate": "2022-01-19",
            "latestAction": {
                "actionDate": "2022-01-24",
                "text": "Referred to the Subcommittee on Nutrition, Oversight, and Department Operations."
            },
            "number": "6432",
            "policyArea": {
                "name": "Agriculture and Food"
            },
            "title": "SNAP Second Chance Act of 2022",
            "type": "HR",
            "url": "https://api.congress.gov/v3/bill/117/hr/6432?format=json"
        },
        {
            "congress": 117,
            "introducedDate": "2021-11-12",
            "latestAction": {
                "actionDate": "2021-11-29",
                "text": "Referred to the Subcommittee on Disability Assistance and Memorial Affairs."
            },
            "number": "5966",
            "policyArea": {
                "name": "Armed Forces and National Security"
            },
            "title": "Restoring Benefits to Defrauded Veterans Act",
            "type": "HR",
            "url": "https://api.congress.gov/v3/bill/117/hr/5966?format=json"
        },
        {
            "congress": 117,
            "introducedDate": "2021-10-25",
            "latestAction": {
                "actionDate": "2022-11-01",
                "text": "Referred to the Subcommittee on Crime, Terrorism, and Homeland Security."
            },
            "number": "5722",
            "policyArea": {
                "name": "Crime and Law Enforcement"
            },
            "title": "Smarter Pretrial Detention for Drug Charges Act of 2021",
            "type": "HR",
            "url": "https://api.congress.gov/v3/bill/117/hr/5722?format=json"
        },
        {
            "congress": 117,
            "introducedDate": "2021-10-21",
            "latestAction": {
                "actionDate": "2021-10-21",
                "text": "Referred to the House Committee on Education and Labor."
            },
            "number": "5654",
            "policyArea": {
                "name": "Education"
            },
            "title": "Higher Education Mental Health Act of 2021",
            "type": "HR",
            "url": "https://api.congress.gov/v3/bill/117/hr/5654?format=json"
        },
        {
            "congress": 117,
            "introducedDate": "2021-07-16",
            "latestAction": {
                "actionDate": "2022-11-16",
                "text": "Placed on the Union Calendar, Calendar No. 416."
            },
            "number": "4494",
            "policyArea": {
                "name": "Public Lands and Natural Resources"
            },
            "title": "Frederick Jobs and Historic Preservation Training Center Land Acquisition Act",
            "type": "HR",
            "url": "https://api.congress.gov/v3/bill/117/hr/4494?format=json"
        },
        {
            "congress": 117,
            "introducedDate": "2021-07-01",
            "latestAction": {
                "actionDate": "2022-11-01",
                "text": "Referred to the Subcommittee on Crime, Terrorism, and Homeland Security."
            },
            "number": "4341",
            "policyArea": {
                "name": "Health"
            },
            "title": "CARA 3.0 Act of 2021",
            "type": "HR",
            "url": "https://api.congress.gov/v3/bill/117/hr/4341?format=json"
        },
        {
            "congress": 117,
            "introducedDate": "2021-06-29",
            "latestAction": {
                "actionDate": "2021-06-30",
                "text": "Referred to the Subcommittee on Health."
            },
            "number": "4244",
            "policyArea": {
                "name": "Health"
            },
            "title": "STOP Stigma Act",
            "type": "HR",
            "url": "https://api.congress.gov/v3/bill/117/hr/4244?format=json"
        },
        {
            "congress": 117,
            "introducedDate": "2021-10-20",
            "latestAction": {
                "actionDate": "2022-09-21",
                "text": "Ordered to be Reported (Amended) by the Yeas and Nays: 22 - 13."
            },
            "number": "5651",
            "policyArea": {
                "name": "Crime and Law Enforcement"
            },
            "title": "Fresh Start Act of 2021",
            "type": "HR",
            "url": "https://api.congress.gov/v3/bill/117/hr/5651?format=json"
        },
        {
            "congress": 117,
            "introducedDate": "2021-04-08",
            "latestAction": {
                "actionDate": "2021-10-21",
                "text": "Received in the Senate and Read twice and referred to the Committee on Health, Education, Labor, and Pensions."
            },
            "number": "2379",
            "policyArea": {
                "name": "Health"
            },
            "title": "State Opioid Response Grant Authorization Act of 2021",
            "type": "HR",
            "url": "https://api.congress.gov/v3/bill/117/hr/2379?format=json"
        },
        {
            "congress": 117,
            "introducedDate": "2021-10-08",
            "latestAction": {
                "actionDate": "2021-12-21",
                "text": "Became Public Law No: 117-76."
            },
            "number": "5545",
            "policyArea": {
                "name": "Armed Forces and National Security"
            },
            "title": "REMOTE Act",
            "type": "HR",
            "url": "https://api.congress.gov/v3/bill/117/hr/5545?format=json"
        },
        {
            "congress": 117,
            "introducedDate": "2021-08-31",
            "latestAction": {
                "actionDate": "2021-09-01",
                "text": "Referred to the Subcommittee on Health."
            },
            "number": "617",
            "policyArea": {
                "name": "Health"
            },
            "title": "Supporting the designation of September 2021 as \"National Recovery Month\".",
            "type": "HRES",
            "url": "https://api.congress.gov/v3/bill/117/hres/617?format=json"
        },
        {
            "congress": 117,
            "introducedDate": "2021-08-13",
            "latestAction": {
                "actionDate": "2022-11-01",
                "text": "Referred to the Subcommittee on Crime, Terrorism, and Homeland Security."
            },
            "number": "5034",
            "policyArea": {
                "name": "Crime and Law Enforcement"
            },
            "title": "Community First Pretrial Reform and Jail Decarceration Act",
            "type": "HR",
            "url": "https://api.congress.gov/v3/bill/117/hr/5034?format=json"
        },
        {
            "congress": 117,
            "introducedDate": "2021-08-06",
            "latestAction": {
                "actionDate": "2021-10-19",
                "text": "Became Public Law No: 117-51."
            },
            "number": "4981",
            "policyArea": {
                "name": "International Affairs"
            },
            "title": "To amend the Fentanyl Sanctions Act, to modify certain deadlines relating to the Commission on Combating Synthetic Opioid Trafficking.",
            "type": "HR",
            "url": "https://api.congress.gov/v3/bill/117/hr/4981?format=json"
        },
        {
            "congress": 117,
            "introducedDate": "2021-06-24",
            "latestAction": {
                "actionDate": "2021-06-25",
                "text": "Referred to the Subcommittee on Highways and Transit."
            },
            "number": "4116",
            "policyArea": {
                "name": "Transportation and Public Works"
            },
            "title": "Finish the ADHS Act",
            "type": "HR",
            "url": "https://api.congress.gov/v3/bill/117/hr/4116?format=json"
        },
        {
            "congress": 117,
            "introducedDate": "2021-05-25",
            "latestAction": {
                "actionDate": "2021-05-25",
                "text": "Referred to the House Committee on Education and Labor."
            },
            "number": "3549",
            "policyArea": {
                "name": "Education"
            },
            "title": "Comprehensive Mental Health in Schools Pilot Program Act of 2021",
            "type": "HR",
            "url": "https://api.congress.gov/v3/bill/117/hr/3549?format=json"
        },
        {
            "congress": 117,
            "introducedDate": "2021-05-13",
            "latestAction": {
                "actionDate": "2021-05-14",
                "text": "Referred to the Subcommittee on Health."
            },
            "number": "3226",
            "policyArea": {
                "name": "Health"
            },
            "title": "Accurate Reporting of Smoking Variants Act of 2021",
            "type": "HR",
            "url": "https://api.congress.gov/v3/bill/117/hr/3226?format=json"
        },
        {
            "congress": 117,
            "introducedDate": "2021-05-07",
            "latestAction": {
                "actionDate": "2021-11-09",
                "text": "Referred to the Subcommittee on Crime, Terrorism, and Homeland Security."
            },
            "number": "3071",
            "policyArea": {
                "name": "Crime and Law Enforcement"
            },
            "title": "Public Safety Officer Support Act of 2021",
            "type": "HR",
            "url": "https://api.congress.gov/v3/bill/117/hr/3071?format=json"
        },
        {
            "congress": 117,
            "introducedDate": "2021-05-07",
            "latestAction": {
                "actionDate": "2021-11-09",
                "text": "Referred to the Subcommittee on Crime, Terrorism, and Homeland Security."
            },
            "number": "3070",
            "policyArea": {
                "name": "Crime and Law Enforcement"
            },
            "title": "COPS Counseling Act",
            "type": "HR",
            "url": "https://api.congress.gov/v3/bill/117/hr/3070?format=json"
        },
        {
            "congress": 117,
            "introducedDate": "2021-04-16",
            "latestAction": {
                "actionDate": "2021-04-19",
                "text": "Referred to the Subcommittee on Health."
            },
            "number": "2636",
            "policyArea": {
                "name": "Health"
            },
            "title": "Strengthening our Health Security Through Resilient Medical Supply Chains Annual Review Act of 2021",
            "type": "HR",
            "url": "https://api.congress.gov/v3/bill/117/hr/2636?format=json"
        },
        {
            "congress": 117,
            "introducedDate": "2021-04-15",
            "latestAction": {
                "actionDate": "2021-07-14",
                "text": "Referred to the Subcommittee on Disability Assistance and Memorial Affairs."
            },
            "number": "2607",
            "policyArea": {
                "name": "Armed Forces and National Security"
            },
            "title": "FASTER Presumptions Act",
            "type": "HR",
            "url": "https://api.congress.gov/v3/bill/117/hr/2607?format=json"
        },
        {
            "congress": 117,
            "introducedDate": "2021-04-14",
            "latestAction": {
                "actionDate": "2021-04-21",
                "text": "Ordered to be Reported by Voice Vote."
            },
            "number": "2538",
            "policyArea": {
                "name": "International Affairs"
            },
            "title": "FENTANYL Results Act",
            "type": "HR",
            "url": "https://api.congress.gov/v3/bill/117/hr/2538?format=json"
        },
        {
            "congress": 117,
            "introducedDate": "2021-04-05",
            "latestAction": {
                "actionDate": "2021-04-06",
                "text": "Referred to the Subcommittee on Health."
            },
            "number": "2376",
            "policyArea": {
                "name": "Health"
            },
            "title": "Excellence in Recovery Housing Act",
            "type": "HR",
            "url": "https://api.congress.gov/v3/bill/117/hr/2376?format=json"
        },
        {
            "congress": 117,
            "introducedDate": "2021-04-01",
            "latestAction": {
                "actionDate": "2021-04-02",
                "text": "Referred to the Subcommittee on Health."
            },
            "number": "2352",
            "policyArea": {
                "name": "Health"
            },
            "title": "Honoring National Recovery Month Act",
            "type": "HR",
            "url": "https://api.congress.gov/v3/bill/117/hr/2352?format=json"
        },
        {
            "congress": 117,
            "introducedDate": "2021-03-26",
            "latestAction": {
                "actionDate": "2021-03-29",
                "text": "Referred to the Subcommittee on Health."
            },
            "number": "2264",
            "policyArea": {
                "name": "Health"
            },
            "title": "Tele-Mental Health Improvement Act",
            "type": "HR",
            "url": "https://api.congress.gov/v3/bill/117/hr/2264?format=json"
        },
        {
            "congress": 117,
            "introducedDate": "2021-03-08",
            "latestAction": {
                "actionDate": "2021-03-08",
                "text": "Referred to the House Committee on Foreign Affairs."
            },
            "number": "1661",
            "policyArea": {
                "name": "International Affairs"
            },
            "title": "Girls LEAD Act",
            "type": "HR",
            "url": "https://api.congress.gov/v3/bill/117/hr/1661?format=json"
        },
        {
            "congress": 117,
            "introducedDate": "2021-03-03",
            "latestAction": {
                "actionDate": "2021-05-18",
                "text": "Referred to the Subcommittee on Crime, Terrorism, and Homeland Security."
            },
            "number": "1598",
            "policyArea": {
                "name": "Crime and Law Enforcement"
            },
            "title": "Workforce Justice Act of 2021",
            "type": "HR",
            "url": "https://api.congress.gov/v3/bill/117/hr/1598?format=json"
        },
        {
            "congress": 117,
            "introducedDate": "2021-02-26",
            "latestAction": {
                "actionDate": "2021-02-26",
                "text": "Referred to the Committee on Foreign Affairs, and in addition to the Committee on Intelligence (Permanent Select), for a period to be subsequently determined by the Speaker, in each case for consideration of such provisions as fall within the jurisdiction of the committee concerned."
            },
            "number": "175",
            "policyArea": {
                "name": "International Affairs"
            },
            "title": "Expressing the sense of the House of Representatives regarding United States arms transfers to Saudi Arabia.",
            "type": "HRES",
            "url": "https://api.congress.gov/v3/bill/117/hres/175?format=json"
        },
        {
            "congress": 117,
            "introducedDate": "2021-02-25",
            "latestAction": {
                "actionDate": "2021-02-26",
                "text": "Referred to the Subcommittee on Health."
            },
            "number": "1385",
            "policyArea": {
                "name": "Health"
            },
            "title": "Behavioral Health Coordination and Communication Act of 2021",
            "type": "HR",
            "url": "https://api.congress.gov/v3/bill/117/hr/1385?format=json"
        },
        {
            "congress": 117,
            "introducedDate": "2021-02-18",
            "latestAction": {
                "actionDate": "2021-02-19",
                "text": "Referred to the Subcommittee on Health."
            },
            "number": "1185",
            "policyArea": {
                "name": "Health"
            },
            "title": "Opioid Patients\u2019 Right to Know Act of 2021",
            "type": "HR",
            "url": "https://api.congress.gov/v3/bill/117/hr/1185?format=json"
        },
        {
            "congress": 117,
            "introducedDate": "2021-02-03",
            "latestAction": {
                "actionDate": "2021-02-03",
                "text": "Referred to the House Committee on Education and Labor."
            },
            "number": "779",
            "policyArea": {
                "name": "Education"
            },
            "title": "TRUE EQUITY Act",
            "type": "HR",
            "url": "https://api.congress.gov/v3/bill/117/hr/779?format=json"
        },
        {
            "congress": 117,
            "introducedDate": "2021-02-01",
            "latestAction": {
                "actionDate": "2021-02-02",
                "text": "Referred to the Subcommittee on Health."
            },
            "number": "679",
            "policyArea": {
                "name": "Crime and Law Enforcement"
            },
            "title": "Effective Drug Control Strategy Act of 2021",
            "type": "HR",
            "url": "https://api.congress.gov/v3/bill/117/hr/679?format=json"
        },
        {
            "congress": 117,
            "introducedDate": "2021-01-21",
            "latestAction": {
                "actionDate": "2021-02-02",
                "text": "Referred to the Subcommittee on Health."
            },
            "number": "434",
            "policyArea": {
                "name": "Health"
            },
            "title": "Preventing Mental Health and Substance Use Crises During Emergencies Act",
            "type": "HR",
            "url": "https://api.congress.gov/v3/bill/117/hr/434?format=json"
        },
        {
            "congress": 117,
            "introducedDate": "2021-01-21",
            "latestAction": {
                "actionDate": "2021-05-13",
                "text": "Received in the Senate and Read twice and referred to the Committee on Health, Education, Labor, and Pensions."
            },
            "number": "433",
            "policyArea": {
                "name": "Health"
            },
            "title": "Family Support Services for Addiction Act of 2021",
            "type": "HR",
            "url": "https://api.congress.gov/v3/bill/117/hr/433?format=json"
        },
        {
            "congress": 116,
            "introducedDate": "2020-12-03",
            "latestAction": {
                "actionDate": "2020-12-03",
                "text": "Referred to the House Committee on Energy and Commerce."
            },
            "number": "8868",
            "policyArea": {
                "name": "Health"
            },
            "title": "Excellence in Recovery Housing Act",
            "type": "HR",
            "url": "https://api.congress.gov/v3/bill/116/hr/8868?format=json"
        },
        {
            "congress": 116,
            "introducedDate": "2020-10-20",
            "latestAction": {
                "actionDate": "2020-10-20",
                "text": "Referred to the House Committee on the Judiciary."
            },
            "number": "8647",
            "policyArea": {
                "name": "Crime and Law Enforcement"
            },
            "title": "Community First Pretrial Reform and Jail Decarceration Act",
            "type": "HR",
            "url": "https://api.congress.gov/v3/bill/116/hr/8647?format=json"
        },
        {
            "congress": 116,
            "introducedDate": "2020-09-24",
            "latestAction": {
                "actionDate": "2020-09-24",
                "text": "Referred to the House Committee on Education and Labor."
            },
            "number": "8391",
            "policyArea": {
                "name": "Labor and Employment"
            },
            "title": "Strengthening Apprenticeships for Justice-Impacted Communities Act",
            "type": "HR",
            "url": "https://api.congress.gov/v3/bill/116/hr/8391?format=json"
        },
        {
            "congress": 116,
            "introducedDate": "2020-09-24",
            "latestAction": {
                "actionDate": "2020-09-24",
                "text": "Referred to the House Committee on Energy and Commerce."
            },
            "number": "8392",
            "policyArea": {
                "name": "Health"
            },
            "title": "Honoring National Recovery Month Act",
            "type": "HR",
            "url": "https://api.congress.gov/v3/bill/116/hr/8392?format=json"
        },
        {
            "congress": 116,
            "introducedDate": "2020-09-11",
            "latestAction": {
                "actionDate": "2020-09-14",
                "text": "Referred to the Subcommittee on Aviation."
            },
            "number": "8233",
            "policyArea": {
                "name": "Transportation and Public Works"
            },
            "title": "Restoring Essential Service to Small Airports Act",
            "type": "HR",
            "url": "https://api.congress.gov/v3/bill/116/hr/8233?format=json"
        },
        {
            "congress": 116,
            "introducedDate": "2020-09-08",
            "latestAction": {
                "actionDate": "2020-09-08",
                "text": "Referred to the House Committee on Armed Services."
            },
            "number": "8194",
            "policyArea": {
                "name": "Armed Forces and National Security"
            },
            "title": "To authorize the President to award the Medal of Honor to Waverly B. Woodson, Jr., for acts of valor during World War II.",
            "type": "HR",
            "url": "https://api.congress.gov/v3/bill/116/hr/8194?format=json"
        },
        {
            "congress": 116,
            "introducedDate": "2020-08-28",
            "latestAction": {
                "actionDate": "2020-08-28",
                "text": "Referred to the House Committee on Energy and Commerce."
            },
            "number": "8137",
            "policyArea": {
                "name": "Health"
            },
            "title": "Accurate Reporting of Smoking Variants Act of 2020",
            "type": "HR",
            "url": "https://api.congress.gov/v3/bill/116/hr/8137?format=json"
        },
        {
            "congress": 116,
            "introducedDate": "2020-08-14",
            "latestAction": {
                "actionDate": "2020-08-14",
                "text": "Referred to the Committee on Energy and Commerce, and in addition to the Committees on Ways and Means, and Education and Labor, for a period to be subsequently determined by the Speaker, in each case for consideration of such provisions as fall within the jurisdiction of the committee concerned."
            },
            "number": "8060",
            "policyArea": {
                "name": "Health"
            },
            "title": "Tele-Mental Health Improvement Act",
            "type": "HR",
            "url": "https://api.congress.gov/v3/bill/116/hr/8060?format=json"
        },
        {
            "congress": 116,
            "introducedDate": "2020-08-14",
            "latestAction": {
                "actionDate": "2020-09-24",
                "text": "Referred to the Subcommittee on Oversight, Management, and Accountability."
            },
            "number": "8059",
            "policyArea": {
                "name": "Health"
            },
            "title": "Strengthening our Health Security Through Resilient Medical Supply Chains Annual Review Act of 2020",
            "type": "HR",
            "url": "https://api.congress.gov/v3/bill/116/hr/8059?format=json"
        },
        {
            "congress": 116,
            "introducedDate": "2020-08-11",
            "latestAction": {
                "actionDate": "2020-08-11",
                "text": "Referred to the Committee on Appropriations, and in addition to the Committee on the Budget, for a period to be subsequently determined by the Speaker, in each case for consideration of such provisions as fall within the jurisdiction of the committee concerned."
            },
            "number": "8026",
            "policyArea": {
                "name": "Social Welfare"
            },
            "title": "Strengthening Social Connections Act of 2020",
            "type": "HR",
            "url": "https://api.congress.gov/v3/bill/116/hr/8026?format=json"
        },
        {
            "congress": 116,
            "introducedDate": "2020-08-07",
            "latestAction": {
                "actionDate": "2020-11-30",
                "text": "Received in the Senate and Read twice and referred to the Committee on Foreign Relations."
            },
            "number": "7990",
            "policyArea": {
                "name": "International Affairs"
            },
            "title": "FENTANYL Results Act",
            "type": "HR",
            "url": "https://api.congress.gov/v3/bill/116/hr/7990?format=json"
        },
        {
            "congress": 116,
            "introducedDate": "2020-08-07",
            "latestAction": {
                "actionDate": "2020-08-07",
                "text": "Referred to the House Committee on Energy and Commerce."
            },
            "number": "7989",
            "policyArea": {
                "name": "Health"
            },
            "title": "American Made Strategic National Stockpile Act of 2020",
            "type": "HR",
            "url": "https://api.congress.gov/v3/bill/116/hr/7989?format=json"
        },
        {
            "congress": 116,
            "introducedDate": "2020-07-09",
            "latestAction": {
                "actionDate": "2020-07-09",
                "text": "Referred to the House Committee on the Judiciary."
            },
            "number": "7568",
            "policyArea": {
                "name": "Crime and Law Enforcement"
            },
            "title": "Public Safety Officer Support Act of 2020",
            "type": "HR",
            "url": "https://api.congress.gov/v3/bill/116/hr/7568?format=json"
        },
        {
            "congress": 116,
            "introducedDate": "2020-06-11",
            "latestAction": {
                "actionDate": "2020-06-11",
                "text": "Referred to the House Committee on the Judiciary."
            },
            "number": "7191",
            "policyArea": {
                "name": "Crime and Law Enforcement"
            },
            "title": "Workforce Justice Act of 2020",
            "type": "HR",
            "url": "https://api.congress.gov/v3/bill/116/hr/7191?format=json"
        },
        {
            "congress": 116,
            "introducedDate": "2020-05-12",
            "latestAction": {
                "actionDate": "2020-05-12",
                "text": "Referred to the House Committee on Education and Labor."
            },
            "number": "6843",
            "policyArea": {
                "name": "Families"
            },
            "title": "Food and Nutrition Provider Emergency Support Act of 2020",
            "type": "HR",
            "url": "https://api.congress.gov/v3/bill/116/hr/6843?format=json"
        },
        {
            "congress": 116,
            "introducedDate": "2020-05-01",
            "latestAction": {
                "actionDate": "2020-05-01",
                "text": "Referred to the House Committee on the Judiciary."
            },
            "number": "6694",
            "policyArea": {
                "name": "Crime and Law Enforcement"
            },
            "title": "COPS Counseling Act",
            "type": "HR",
            "url": "https://api.congress.gov/v3/bill/116/hr/6694?format=json"
        },
        {
            "congress": 116,
            "introducedDate": "2020-04-24",
            "latestAction": {
                "actionDate": "2020-05-01",
                "text": "Referred to the Subcommittee on Africa, Global Health, Global Human Rights, and International Organizations."
            },
            "number": "6626",
            "policyArea": {
                "name": "International Affairs"
            },
            "title": "Girls LEAD Act",
            "type": "HR",
            "url": "https://api.congress.gov/v3/bill/116/hr/6626?format=json"
        },
        {
            "congress": 116,
            "introducedDate": "2020-02-13",
            "latestAction": {
                "actionDate": "2020-03-10",
                "text": "Referred to the Subcommittee on Crime, Terrorism, and Homeland Security."
            },
            "number": "5909",
            "policyArea": {
                "name": "Crime and Law Enforcement"
            },
            "title": "Crisis Stabilization and Community Reentry Act of 2020",
            "type": "HR",
            "url": "https://api.congress.gov/v3/bill/116/hr/5909?format=json"
        },
        {
            "congress": 116,
            "introducedDate": "2020-01-15",
            "latestAction": {
                "actionDate": "2020-01-15",
                "text": "Referred to the House Committee on Education and Labor."
            },
            "number": "5620",
            "policyArea": {
                "name": "Education"
            },
            "title": "TRUE EQUITY Act",
            "type": "HR",
            "url": "https://api.congress.gov/v3/bill/116/hr/5620?format=json"
        },
        {
            "congress": 116,
            "introducedDate": "2020-01-09",
            "latestAction": {
                "actionDate": "2020-10-19",
                "text": "Received in the Senate and Read twice and referred to the Committee on Health, Education, Labor, and Pensions."
            },
            "number": "5572",
            "policyArea": {
                "name": "Health"
            },
            "title": "Family Support Services for Addiction Act of 2020",
            "type": "HR",
            "url": "https://api.congress.gov/v3/bill/116/hr/5572?format=json"
        },
        {
            "congress": 116,
            "introducedDate": "2019-11-21",
            "latestAction": {
                "actionDate": "2019-11-21",
                "text": "Referred to the House Committee on Education and Labor."
            },
            "number": "5249",
            "policyArea": {
                "name": "Agriculture and Food"
            },
            "title": "Supporting Healthy Mothers and Infants Act of 2019",
            "type": "HR",
            "url": "https://api.congress.gov/v3/bill/116/hr/5249?format=json"
        },
        {
            "congress": 116,
            "introducedDate": "2019-10-24",
            "latestAction": {
                "actionDate": "2019-10-24",
                "text": "Referred to the House Committee on Education and Labor."
            },
            "number": "4859",
            "policyArea": {
                "name": "Social Welfare"
            },
            "title": "Protecting Older Americans from Social Isolation Act of 2019",
            "type": "HR",
            "url": "https://api.congress.gov/v3/bill/116/hr/4859?format=json"
        },
        {
            "congress": 116,
            "introducedDate": "2019-10-18",
            "latestAction": {
                "actionDate": "2019-10-18",
                "text": "Referred to the House Committee on Education and Labor."
            },
            "number": "645",
            "policyArea": {
                "name": "Education"
            },
            "title": "Expressing support for the designation of October 11, 2019, as the Day of the Girl Child in the United States, and celebrating the International Day of the Girl Child in the United States.",
            "type": "HRES",
            "url": "https://api.congress.gov/v3/bill/116/hres/645?format=json"
        },
        {
            "congress": 116,
            "introducedDate": "2019-09-24",
            "latestAction": {
                "actionDate": "2019-09-25",
                "text": "Referred to the Subcommittee on Health."
            },
            "number": "586",
            "policyArea": {
                "name": "Health"
            },
            "title": "Supporting the designation of September 2019 as \"National Recovery Month\".",
            "type": "HRES",
            "url": "https://api.congress.gov/v3/bill/116/hres/586?format=json"
        },
        {
            "congress": 116,
            "introducedDate": "2019-07-25",
            "latestAction": {
                "actionDate": "2019-07-25",
                "text": "Referred to the House Committee on Education and Labor."
            },
            "number": "4073",
            "policyArea": {
                "name": "Education"
            },
            "title": "Expanding Educational Opportunities for Justice-Impacted Communities Act",
            "type": "HR",
            "url": "https://api.congress.gov/v3/bill/116/hr/4073?format=json"
        },
        {
            "congress": 116,
            "introducedDate": "2019-06-27",
            "latestAction": {
                "actionDate": "2019-06-27",
                "text": "Referred to the House Committee on Education and Labor."
            },
            "number": "3591",
            "policyArea": {
                "name": "Education"
            },
            "title": "Campus Prevention and Recovery Services for Students Act of 2019",
            "type": "HR",
            "url": "https://api.congress.gov/v3/bill/116/hr/3591?format=json"
        },
        {
            "congress": 116,
            "introducedDate": "2019-06-25",
            "latestAction": {
                "actionDate": "2019-06-25",
                "text": "Referred to the House Committee on Education and Labor."
            },
            "number": "3489",
            "policyArea": {
                "name": "Education"
            },
            "title": "Higher Education Mental Health Act of 2019",
            "type": "HR",
            "url": "https://api.congress.gov/v3/bill/116/hr/3489?format=json"
        },
        {
            "congress": 116,
            "introducedDate": "2019-05-01",
            "latestAction": {
                "actionDate": "2020-11-18",
                "text": "Received in the Senate and Read twice and referred to the Committee on Health, Education, Labor, and Pensions."
            },
            "number": "2466",
            "policyArea": {
                "name": "Health"
            },
            "title": "State Opioid Response Grant Authorization Act of 2020",
            "type": "HR",
            "url": "https://api.congress.gov/v3/bill/116/hr/2466?format=json"
        },
        {
            "amendmentNumber": "165",
            "congress": 116,
            "introducedDate": "2019-04-10",
            "latestAction": {
                "actionDate": "2019-04-10",
                "actionTime": "09:57:43",
                "text": "On agreeing to the Trone amendment (A009) Agreed to by voice vote. "
            },
            "type": null,
            "url": "https://api.congress.gov/v3/amendment/116/hamdt/165?format=json"
        },
        {
            "amendmentNumber": "17",
            "congress": 116,
            "introducedDate": "2019-01-30",
            "latestAction": {
                "actionDate": "2019-01-30",
                "actionTime": "11:54:25",
                "text": "On agreeing to the Trone amendment (A001) Agreed to by voice vote. "
            },
            "type": null,
            "url": "https://api.congress.gov/v3/amendment/116/hamdt/17?format=json"
        }
    ]
}