{
    "pagination": {
        "count": 17
    },
    "request": {
        "bioguideId": "f000453",
        "contentType": "application/json",
        "format": "json"
    },
    "sponsoredLegislation": [
        {
            "congress": 111,
            "introducedDate": "2009-09-22",
            "latestAction": {
                "actionDate": "2009-09-24",
                "text": "Referred to the Subcommittee on Energy and Mineral Resources."
            },
            "number": "3616",
            "policyArea": {
                "name": "Energy"
            },
            "title": "Federal Exploration and Production Reform Act of 2009",
            "type": "HR",
            "url": "https://api.congress.gov/v3/bill/111/hr/3616?format=json"
        },
        {
            "congress": 111,
            "introducedDate": "2009-06-12",
            "latestAction": {
                "actionDate": "2009-06-12",
                "text": "Referred to the House Committee on Armed Services."
            },
            "number": "2856",
            "policyArea": {
                "name": "Armed Forces and National Security"
            },
            "title": "U.S. Military Medals and Insignia Pride and Patriotism Act of 2009",
            "type": "HR",
            "url": "https://api.congress.gov/v3/bill/111/hr/2856?format=json"
        },
        {
            "congress": 111,
            "introducedDate": "2009-04-01",
            "latestAction": {
                "actionDate": "2009-11-09",
                "text": "Received in the Senate and Read twice and referred to the Committee on Small Business and Entrepreneurship."
            },
            "number": "1838",
            "policyArea": {
                "name": "Commerce"
            },
            "title": "To amend the Small Business Act to modify certain provisions relating to women's business centers, and for other purposes.",
            "type": "HR",
            "url": "https://api.congress.gov/v3/bill/111/hr/1838?format=json"
        },
        {
            "congress": 111,
            "introducedDate": "2009-01-27",
            "latestAction": {
                "actionDate": "2009-01-27",
                "text": "Referred to the House Committee on Armed Services."
            },
            "number": "701",
            "policyArea": {
                "name": "Armed Forces and National Security"
            },
            "title": "To prohibit the use of funds to transfer enemy combatants detained by the United States at Naval Station, Guantanamo Bay, Cuba, to any facility in Oklahoma, or to construct any facility for such enemy combatants in Oklahoma.",
            "type": "HR",
            "url": "https://api.congress.gov/v3/bill/111/hr/701?format=json"
        },
        {
            "congress": 111,
            "introducedDate": "2009-01-09",
            "latestAction": {
                "actionDate": "2009-02-04",
                "text": "Referred to the Subcommittee on Water and Power."
            },
            "number": "376",
            "policyArea": {
                "name": "Water Resources Development"
            },
            "title": "McGee Creek Project Pipeline and Associated Facilities Conveyance Act",
            "type": "HR",
            "url": "https://api.congress.gov/v3/bill/111/hr/376?format=json"
        },
        {
            "congress": 111,
            "introducedDate": "2010-03-25",
            "latestAction": {
                "actionDate": "2010-03-25",
                "text": "Referred to the House Committee on Oversight and Government Reform."
            },
            "number": "1227",
            "policyArea": {
                "name": "Crime and Law Enforcement"
            },
            "title": "Remembering the victims of the attack on the Alfred P. Murrah Federal Building in Oklahoma City, Oklahoma, and supporting the goals and ideals of the National Week of Hope.",
            "type": "HRES",
            "url": "https://api.congress.gov/v3/bill/111/hres/1227?format=json"
        },
        {
            "congress": 111,
            "introducedDate": "2010-03-23",
            "latestAction": {
                "actionDate": "2010-04-13",
                "actionTime": "15:00:37",
                "text": "The title of the measure was amended. Agreed to without objection."
            },
            "number": "1206",
            "policyArea": {
                "name": "Crime and Law Enforcement"
            },
            "title": "Remembering the victims of the attack on the Alfred P. Murrah Federal Building in Oklahoma City, Oklahoma.",
            "type": "HRES",
            "url": "https://api.congress.gov/v3/bill/111/hres/1206?format=json"
        },
        {
            "congress": 111,
            "introducedDate": "2010-02-25",
            "latestAction": {
                "actionDate": "2010-04-23",
                "text": "Referred to the Subcommittee on Military Personnel."
            },
            "number": "1110",
            "policyArea": {
                "name": "Armed Forces and National Security"
            },
            "title": "Commending the members of the 45th Agri-Business Development Team of the Oklahoma National Guard, for their efforts to modernize agriculture and sustainable farming practices in Afghanistan and their dedication and service to the United States.",
            "type": "HRES",
            "url": "https://api.congress.gov/v3/bill/111/hres/1110?format=json"
        },
        {
            "congress": 111,
            "introducedDate": "2009-01-14",
            "latestAction": {
                "actionDate": "2009-03-06",
                "text": "Referred to the Subcommittee on Higher Education, Lifelong Learning, and Competitiveness."
            },
            "number": "60",
            "policyArea": {
                "name": "Sports and Recreation"
            },
            "title": "Recognizing and commending University of Oklahoma quarterback Sam Bradford for winning the 2008 Heisman Trophy and for his academic and athletic accomplishments.",
            "type": "HRES",
            "url": "https://api.congress.gov/v3/bill/111/hres/60?format=json"
        },
        {
            "amendmentNumber": "259",
            "congress": 110,
            "introducedDate": "2007-06-13",
            "latestAction": {
                "actionDate": "2007-06-15",
                "actionTime": "09:50:26",
                "text": "On agreeing to the Fallin amendment (A009) Agreed to by recorded vote: 248 - 168 (Roll no. 468). (consideration: CR H6482)"
            },
            "type": null,
            "url": "https://api.congress.gov/v3/amendment/110/hamdt/259?format=json"
        },
        {
            "congress": 110,
            "introducedDate": "2008-06-26",
            "latestAction": {
                "actionDate": "2008-07-14",
                "text": "Referred to the Subcommittee on Energy and Mineral Resources."
            },
            "number": "6379",
            "policyArea": {
                "name": "Energy"
            },
            "title": "Federal Exploration and Production Reform Act of 2008",
            "type": "HR",
            "url": "https://api.congress.gov/v3/bill/110/hr/6379?format=json"
        },
        {
            "congress": 110,
            "introducedDate": "2007-12-19",
            "latestAction": {
                "actionDate": "2007-12-19",
                "text": "Referred to the House Committee on Ways and Means."
            },
            "number": "4845",
            "policyArea": {
                "name": "Taxation"
            },
            "title": "To amend the Internal Revenue Code of 1986 to exclude overtime pay from gross income.",
            "type": "HR",
            "url": "https://api.congress.gov/v3/bill/110/hr/4845?format=json"
        },
        {
            "congress": 110,
            "introducedDate": "2007-05-21",
            "latestAction": {
                "actionDate": "2007-06-19",
                "text": "Received in the Senate and Read twice and referred to the Committee on Small Business and Entrepreneurship."
            },
            "number": "2397",
            "policyArea": {
                "name": "Commerce"
            },
            "title": "SBA Women's Business Programs Act of 2007",
            "type": "HR",
            "url": "https://api.congress.gov/v3/bill/110/hr/2397?format=json"
        },
        {
            "congress": 110,
            "introducedDate": "2007-05-01",
            "latestAction": {
                "actionDate": "2008-06-16",
                "text": "Placed on Senate Legislative Calendar under General Orders. Calendar No. 817."
            },
            "number": "2085",
            "policyArea": {
                "name": "Water Resources Development"
            },
            "title": "McGee Creek Project Pipeline and Associated Facilities Conveyance Act",
            "type": "HR",
            "url": "https://api.congress.gov/v3/bill/110/hr/2085?format=json"
        },
        {
            "congress": 110,
            "introducedDate": "2007-03-13",
            "latestAction": {
                "actionDate": "2007-03-14",
                "text": "Referred to the Subcommittee on Water Resources and Environment."
            },
            "number": "1502",
            "policyArea": {
                "name": "Water Resources Development"
            },
            "title": "To treat certain payments made by Edmond, Oklahoma, as satisfying its obligations under the water storage control for Lake Arcadia, Oklahoma, and for other purposes.",
            "type": "HR",
            "url": "https://api.congress.gov/v3/bill/110/hr/1502?format=json"
        },
        {
            "congress": 110,
            "introducedDate": "2008-06-12",
            "latestAction": {
                "actionDate": "2008-10-02",
                "actionTime": "17:53:23",
                "text": "Motion to reconsider laid on the table Agreed to without objection."
            },
            "number": "1272",
            "policyArea": {
                "name": "Commemorations"
            },
            "title": "Honoring and recognizing Alice Mary Robertson who, while a Member of Congress, became the first woman to preside over the floor of the House of Representatives.",
            "type": "HRES",
            "url": "https://api.congress.gov/v3/bill/110/hres/1272?format=json"
        },
        {
            "congress": 110,
            "introducedDate": "2007-11-13",
            "latestAction": {
                "actionDate": "2007-12-19",
                "text": "Referred to the Committee on the Judiciary."
            },
            "number": "254",
            "policyArea": {
                "name": "Commemorations"
            },
            "title": "Recognizing and celebrating the centennial of Oklahoma statehood.",
            "type": "HCONRES",
            "url": "https://api.congress.gov/v3/bill/110/hconres/254?format=json"
        }
    ]
}