{
    "pagination": {
        "count": 95
    },
    "request": {
        "bioguideId": "c001110",
        "contentType": "application/json",
        "format": "json"
    },
    "sponsoredLegislation": [
        {
            "congress": 118,
            "introducedDate": "2024-07-26",
            "latestAction": {
                "actionDate": "2024-07-26",
                "text": "Referred to the House Committee on Oversight and Accountability."
            },
            "number": "1392",
            "policyArea": {
                "name": null
            },
            "title": "Recognizing the significance of \"Chicano/Chicana Heritage Month\" in August as an important time to celebrate the significant contributions of Mexican Americans to the history of the United States.",
            "type": "HRES",
            "url": "https://api.congress.gov/v3/bill/118/hres/1392?format=json"
        },
        {
            "congress": 118,
            "introducedDate": "2024-07-23",
            "latestAction": {
                "actionDate": "2024-07-23",
                "text": "Referred to the House Committee on Armed Services."
            },
            "number": "9114",
            "policyArea": {
                "name": null
            },
            "title": "To authorize the President to award the Medal of Honor to Special Forces Command Sergeant Major Ramon Rodriguez of the Army for acts of valor during the Vietnam War.",
            "type": "HR",
            "url": "https://api.congress.gov/v3/bill/118/hr/9114?format=json"
        },
        {
            "congress": 118,
            "introducedDate": "2024-03-29",
            "latestAction": {
                "actionDate": "2024-06-07",
                "text": "Placed on the Union Calendar, Calendar No. 452."
            },
            "number": "7832",
            "policyArea": {
                "name": "Immigration"
            },
            "title": "Emerging Innovative Border Technologies Act",
            "type": "HR",
            "url": "https://api.congress.gov/v3/bill/118/hr/7832?format=json"
        },
        {
            "congress": 118,
            "introducedDate": "2024-03-19",
            "latestAction": {
                "actionDate": "2024-03-19",
                "text": "Referred to the House Committee on Oversight and Accountability."
            },
            "number": "1088",
            "policyArea": {
                "name": "Arts, Culture, Religion"
            },
            "title": "Designating \"National Zoroastrian Day\" on the day of the vernal equinox of each year.",
            "type": "HRES",
            "url": "https://api.congress.gov/v3/bill/118/hres/1088?format=json"
        },
        {
            "congress": 118,
            "introducedDate": "2024-02-07",
            "latestAction": {
                "actionDate": "2024-02-07",
                "text": "Referred to the House Committee on Oversight and Accountability."
            },
            "number": "1003",
            "policyArea": {
                "name": "Arts, Culture, Religion"
            },
            "title": "Recognizing the accomplishments and the contributions of Vietnamese Americans.",
            "type": "HRES",
            "url": "https://api.congress.gov/v3/bill/118/hres/1003?format=json"
        },
        {
            "congress": 118,
            "introducedDate": "2024-02-01",
            "latestAction": {
                "actionDate": "2024-08-01",
                "text": "Placed on Senate Legislative Calendar under General Orders. Calendar No. 466."
            },
            "number": "7192",
            "policyArea": {
                "name": "Government Operations and Politics"
            },
            "title": "To designate the facility of the United States Postal Service located at 333 West Broadway in Anaheim, California, as the \"Dr. William I. 'Bill' Kott Post Office Building\".",
            "type": "HR",
            "url": "https://api.congress.gov/v3/bill/118/hr/7192?format=json"
        },
        {
            "congress": 118,
            "introducedDate": "2023-11-21",
            "latestAction": {
                "actionDate": "2024-01-18",
                "text": "Referred to the Subcommittee on Nutrition, Foreign Agriculture, and Horticulture."
            },
            "number": "882",
            "policyArea": {
                "name": "Agriculture and Food"
            },
            "title": "Declaring support and gratitude by the House of Representatives to food banks, food pantries, and other community-based organizations working to end food insecurity and providing other essential services in the United States.",
            "type": "HRES",
            "url": "https://api.congress.gov/v3/bill/118/hres/882?format=json"
        },
        {
            "congress": 118,
            "introducedDate": "2023-11-13",
            "latestAction": {
                "actionDate": "2023-11-20",
                "text": "Referred to the Subcommittee on Highways and Transit."
            },
            "number": "6376",
            "policyArea": {
                "name": "Transportation and Public Works"
            },
            "title": "Business Uninterrupted Monetary Program Act of 2023",
            "type": "HR",
            "url": "https://api.congress.gov/v3/bill/118/hr/6376?format=json"
        },
        {
            "congress": 118,
            "introducedDate": "2023-10-20",
            "latestAction": {
                "actionDate": "2023-10-25",
                "text": "Referred to the House Committee on the Judiciary."
            },
            "number": "6019",
            "policyArea": {
                "name": null
            },
            "title": "To For the relief of Ivana Alexandra Sifuentes Arbirio and Luisa Mariana Sifuentes Arbirio.",
            "type": "HR",
            "url": "https://api.congress.gov/v3/bill/118/hr/6019?format=json"
        },
        {
            "congress": 118,
            "introducedDate": "2023-10-20",
            "latestAction": {
                "actionDate": "2023-10-25",
                "text": "Referred to the House Committee on Ways and Means."
            },
            "number": "6013",
            "policyArea": {
                "name": "Taxation"
            },
            "title": "Promoting Reduction of Emissions through Landscaping Equipment Act",
            "type": "HR",
            "url": "https://api.congress.gov/v3/bill/118/hr/6013?format=json"
        },
        {
            "congress": 118,
            "introducedDate": "2023-10-02",
            "latestAction": {
                "actionDate": "2023-10-02",
                "text": "Referred to the House Committee on Oversight and Accountability."
            },
            "number": "754",
            "policyArea": {
                "name": "Arts, Culture, Religion"
            },
            "title": "Recognizing the heritage, culture, and contributions of Latinas in the United States.",
            "type": "HRES",
            "url": "https://api.congress.gov/v3/bill/118/hres/754?format=json"
        },
        {
            "congress": 118,
            "introducedDate": "2023-09-29",
            "latestAction": {
                "actionDate": "2023-09-29",
                "text": "Referred to the House Committee on Oversight and Accountability."
            },
            "number": "745",
            "policyArea": {
                "name": "Civil Rights and Liberties, Minority Issues"
            },
            "title": "Expressing profound sorrow over the death of Alexander Michael Odeh.",
            "type": "HRES",
            "url": "https://api.congress.gov/v3/bill/118/hres/745?format=json"
        },
        {
            "congress": 118,
            "introducedDate": "2023-09-14",
            "latestAction": {
                "actionDate": "2023-09-14",
                "text": "Referred to the House Committee on the Judiciary."
            },
            "number": "5471",
            "policyArea": {
                "name": "Immigration"
            },
            "title": "Honor Our Commitment Act of 2023",
            "type": "HR",
            "url": "https://api.congress.gov/v3/bill/118/hr/5471?format=json"
        },
        {
            "congress": 118,
            "introducedDate": "2023-08-04",
            "latestAction": {
                "actionDate": "2023-08-15",
                "text": "Sponsor introductory remarks on measure. (CR E775)"
            },
            "number": "645",
            "policyArea": {
                "name": "Arts, Culture, Religion"
            },
            "title": "Recognizing the significance of \"Chicano Heritage Month\" in August as an important time to celebrate the significant contributions of Mexican Americans to the history of the United States.",
            "type": "HRES",
            "url": "https://api.congress.gov/v3/bill/118/hres/645?format=json"
        },
        {
            "congress": 118,
            "introducedDate": "2023-07-12",
            "latestAction": {
                "actionDate": "2024-06-12",
                "text": "Ordered to be Reported by Voice Vote."
            },
            "number": "4574",
            "policyArea": {
                "name": "Immigration"
            },
            "title": "Cooperation on Combatting Human Smuggling and Trafficking Act",
            "type": "HR",
            "url": "https://api.congress.gov/v3/bill/118/hr/4574?format=json"
        },
        {
            "congress": 118,
            "introducedDate": "2023-06-30",
            "latestAction": {
                "actionDate": "2023-06-30",
                "text": "Referred to the Committee on Homeland Security, and in addition to the Committee on the Judiciary, for a period to be subsequently determined by the Speaker, in each case for consideration of such provisions as fall within the jurisdiction of the committee concerned."
            },
            "number": "4406",
            "policyArea": {
                "name": "Emergency Management"
            },
            "title": "DHS Basic Training Accreditation Improvement Act of 2023",
            "type": "HR",
            "url": "https://api.congress.gov/v3/bill/118/hr/4406?format=json"
        },
        {
            "congress": 118,
            "introducedDate": "2023-06-30",
            "latestAction": {
                "actionDate": "2023-06-30",
                "text": "Referred to the House Committee on the Judiciary."
            },
            "number": "565",
            "policyArea": {
                "name": "Arts, Culture, Religion"
            },
            "title": "Recognizing the historical significance and the heroic struggles and sacrifices of the Vietnamese people who fled their war-torn country by boat and other means in search of freedom and democracy.",
            "type": "HRES",
            "url": "https://api.congress.gov/v3/bill/118/hres/565?format=json"
        },
        {
            "congress": 118,
            "introducedDate": "2023-06-30",
            "latestAction": {
                "actionDate": "2023-06-30",
                "text": "Referred to the House Committee on Oversight and Accountability."
            },
            "number": "566",
            "policyArea": {
                "name": "Government Operations and Politics"
            },
            "title": "Remembering kindness in the United States and affirming our commitment to fostering community and building resiliency through every day acts of kindness.",
            "type": "HRES",
            "url": "https://api.congress.gov/v3/bill/118/hres/566?format=json"
        },
        {
            "congress": 118,
            "introducedDate": "2023-06-30",
            "latestAction": {
                "actionDate": "2023-06-30",
                "text": "Referred to the House Committee on Oversight and Accountability."
            },
            "number": "567",
            "policyArea": {
                "name": "Arts, Culture, Religion"
            },
            "title": "Recognizing the accomplishments and the contributions of Vietnamese Americans.",
            "type": "HRES",
            "url": "https://api.congress.gov/v3/bill/118/hres/567?format=json"
        },
        {
            "congress": 118,
            "introducedDate": "2023-04-24",
            "latestAction": {
                "actionDate": "2023-04-24",
                "text": "Referred to the House Committee on Education and the Workforce."
            },
            "number": "2802",
            "policyArea": {
                "name": "Education"
            },
            "title": "Improving Mental Health Access for Students Act",
            "type": "HR",
            "url": "https://api.congress.gov/v3/bill/118/hr/2802?format=json"
        },
        {
            "congress": 118,
            "introducedDate": "2023-02-14",
            "latestAction": {
                "actionDate": "2023-03-13",
                "text": "Referred to the Subcommittee on Health."
            },
            "number": "1003",
            "policyArea": {
                "name": "Armed Forces and National Security"
            },
            "title": "VA Medicinal Cannabis Research Act of 2023",
            "type": "HR",
            "url": "https://api.congress.gov/v3/bill/118/hr/1003?format=json"
        },
        {
            "amendmentNumber": "392",
            "congress": 118,
            "introducedDate": "2023-09-27",
            "latestAction": {
                "actionDate": "2023-09-27",
                "actionTime": "22:59:52",
                "text": "On agreeing to the Correa amendment (A005) Failed by recorded vote: 206 - 223 (Roll no. 442). "
            },
            "type": null,
            "url": "https://api.congress.gov/v3/amendment/118/hamdt/392?format=json"
        },
        {
            "amendmentNumber": "180",
            "congress": 118,
            "introducedDate": "2023-05-17",
            "latestAction": {
                "actionDate": "2023-05-17",
                "actionTime": "18:25:27",
                "text": "On agreeing to the Correa amendment (A002) Failed by recorded vote: 209 - 225 (Roll no. 224). "
            },
            "type": null,
            "url": "https://api.congress.gov/v3/amendment/118/hamdt/180?format=json"
        },
        {
            "congress": 117,
            "introducedDate": "2022-10-14",
            "latestAction": {
                "actionDate": "2022-10-14",
                "text": "Referred to the House Committee on Oversight and Reform."
            },
            "number": "1431",
            "policyArea": {
                "name": "Congress"
            },
            "title": "Expressing profound sorrow over the death of Alexander Michael Odeh.",
            "type": "HRES",
            "url": "https://api.congress.gov/v3/bill/117/hres/1431?format=json"
        },
        {
            "congress": 117,
            "introducedDate": "2022-09-13",
            "latestAction": {
                "actionDate": "2022-10-28",
                "text": "Placed on the Union Calendar, Calendar No. 391."
            },
            "number": "8801",
            "policyArea": {
                "name": "Immigration"
            },
            "title": "DHS Joint Task Force Reauthorization Act of 2022",
            "type": "HR",
            "url": "https://api.congress.gov/v3/bill/117/hr/8801?format=json"
        },
        {
            "congress": 117,
            "introducedDate": "2022-07-27",
            "latestAction": {
                "actionDate": "2022-07-27",
                "text": "Referred to the House Committee on Oversight and Reform."
            },
            "number": "1291",
            "policyArea": {
                "name": "Immigration"
            },
            "title": "Recognizing the significance of \"Chicano Heritage Month\" in August as an important time to celebrate the significant contributions of Mexican Americans to the history of the United States.",
            "type": "HRES",
            "url": "https://api.congress.gov/v3/bill/117/hres/1291?format=json"
        },
        {
            "congress": 117,
            "introducedDate": "2022-06-16",
            "latestAction": {
                "actionDate": "2022-11-01",
                "text": "Referred to the Subcommittee on Immigration and Citizenship."
            },
            "number": "8139",
            "policyArea": {
                "name": "Private Legislation"
            },
            "title": "For the relief of Ivana Alexandra Sifuentes Arbirio and Luisa Mariana Sifuentes Arbirio.",
            "type": "HR",
            "url": "https://api.congress.gov/v3/bill/117/hr/8139?format=json"
        },
        {
            "congress": 117,
            "introducedDate": "2022-04-14",
            "latestAction": {
                "actionDate": "2022-04-28",
                "text": "Sponsor introductory remarks on measure. (CR E431-432)"
            },
            "number": "1054",
            "policyArea": {
                "name": "Immigration"
            },
            "title": "Recognizing the accomplishments and the contributions of Vietnamese Americans.",
            "type": "HRES",
            "url": "https://api.congress.gov/v3/bill/117/hres/1054?format=json"
        },
        {
            "congress": 117,
            "introducedDate": "2022-04-14",
            "latestAction": {
                "actionDate": "2022-11-01",
                "text": "Referred to the Subcommittee on Immigration and Citizenship."
            },
            "number": "7531",
            "policyArea": {
                "name": "Private Legislation"
            },
            "title": "For the relief of Michael Ragas Rey.",
            "type": "HR",
            "url": "https://api.congress.gov/v3/bill/117/hr/7531?format=json"
        },
        {
            "congress": 117,
            "introducedDate": "2022-02-04",
            "latestAction": {
                "actionDate": "2022-02-07",
                "text": "Referred to the Subcommittee on Health."
            },
            "number": "68",
            "policyArea": {
                "name": "Health"
            },
            "title": "Expressing the sense of the Congress that assisted suicide (sometimes referred to using other terms) puts everyone, including those most vulnerable, at risk of deadly harm.",
            "type": "HCONRES",
            "url": "https://api.congress.gov/v3/bill/117/hconres/68?format=json"
        },
        {
            "congress": 117,
            "introducedDate": "2021-11-12",
            "latestAction": {
                "actionDate": "2022-12-13",
                "text": "Received in the Senate."
            },
            "number": "5949",
            "policyArea": {
                "name": "Government Operations and Politics"
            },
            "title": "To designate the facility of the United States Postal Service located at 615 North Bush Street, in Santa Ana, California, as the \"Judge James Perez Post Office\".",
            "type": "HR",
            "url": "https://api.congress.gov/v3/bill/117/hr/5949?format=json"
        },
        {
            "congress": 117,
            "introducedDate": "2021-07-01",
            "latestAction": {
                "actionDate": "2021-07-29",
                "text": "Referred to the Subcommittee for Indigenous Peoples of the United States."
            },
            "number": "4308",
            "policyArea": {
                "name": "Native Americans"
            },
            "title": "Removing Federal Barriers to Offering of Mobile Wagers on Indian Lands Act",
            "type": "HR",
            "url": "https://api.congress.gov/v3/bill/117/hr/4308?format=json"
        },
        {
            "congress": 117,
            "introducedDate": "2021-04-30",
            "latestAction": {
                "actionDate": "2022-12-05",
                "text": "Read twice. Placed on Senate Legislative Calendar under General Orders. Calendar No. 578."
            },
            "number": "2915",
            "policyArea": {
                "name": "Government Operations and Politics"
            },
            "title": "HOPR Act",
            "type": "HR",
            "url": "https://api.congress.gov/v3/bill/117/hr/2915?format=json"
        },
        {
            "congress": 117,
            "introducedDate": "2021-09-30",
            "latestAction": {
                "actionDate": "2021-09-30",
                "text": "Referred to the House Committee on Oversight and Reform."
            },
            "number": "695",
            "policyArea": {
                "name": "Congress"
            },
            "title": "Expressing profound sorrow over the death of Alexander Michael Odeh.",
            "type": "HRES",
            "url": "https://api.congress.gov/v3/bill/117/hres/695?format=json"
        },
        {
            "congress": 117,
            "introducedDate": "2021-09-10",
            "latestAction": {
                "actionDate": "2021-09-10",
                "text": "Referred to the House Committee on Education and Labor."
            },
            "number": "5210",
            "policyArea": {
                "name": "Education"
            },
            "title": "Supporting Children of the National Guard and Reserve Act",
            "type": "HR",
            "url": "https://api.congress.gov/v3/bill/117/hr/5210?format=json"
        },
        {
            "congress": 117,
            "introducedDate": "2021-09-10",
            "latestAction": {
                "actionDate": "2021-09-10",
                "text": "Referred to the House Committee on Oversight and Reform."
            },
            "number": "628",
            "policyArea": {
                "name": "Government Operations and Politics"
            },
            "title": "Remembering kindness in the United States and affirming our commitment to fostering community and building resiliency through every day acts of kindness.",
            "type": "HRES",
            "url": "https://api.congress.gov/v3/bill/117/hres/628?format=json"
        },
        {
            "congress": 117,
            "introducedDate": "2021-09-10",
            "latestAction": {
                "actionDate": "2021-09-21",
                "text": "Referred to the Subcommittee on Health."
            },
            "number": "5212",
            "policyArea": {
                "name": "Armed Forces and National Security"
            },
            "title": "Improving Oversight of Women Veterans\u2019 Care Act of 2021",
            "type": "HR",
            "url": "https://api.congress.gov/v3/bill/117/hr/5212?format=json"
        },
        {
            "congress": 117,
            "introducedDate": "2021-09-10",
            "latestAction": {
                "actionDate": "2022-11-01",
                "text": "Referred to the Subcommittee on Crime, Terrorism, and Homeland Security."
            },
            "number": "5211",
            "policyArea": {
                "name": "Crime and Law Enforcement"
            },
            "title": "To amend the Omnibus Crime Control and Safe Streets Act of 1968 to provide that COPS grant funds may be used for local law enforcement recruits to attend schools or academies if the recruits agree to serve in precincts of law enforcement agencies in their communities.",
            "type": "HR",
            "url": "https://api.congress.gov/v3/bill/117/hr/5211?format=json"
        },
        {
            "congress": 117,
            "introducedDate": "2021-09-07",
            "latestAction": {
                "actionDate": "2021-09-07",
                "text": "Referred to the House Committee on Oversight and Reform."
            },
            "number": "5182",
            "policyArea": {
                "name": "Government Operations and Politics"
            },
            "title": "White House Accountability for Language Diversity Act",
            "type": "HR",
            "url": "https://api.congress.gov/v3/bill/117/hr/5182?format=json"
        },
        {
            "congress": 117,
            "introducedDate": "2021-05-07",
            "latestAction": {
                "actionDate": "2021-11-09",
                "text": "Referred to the Subcommittee on the Constitution, Civil Rights, and Civil Liberties."
            },
            "number": "3021",
            "policyArea": {
                "name": "Law"
            },
            "title": "Coronavirus Provider Protection Act",
            "type": "HR",
            "url": "https://api.congress.gov/v3/bill/117/hr/3021?format=json"
        },
        {
            "congress": 117,
            "introducedDate": "2021-04-30",
            "latestAction": {
                "actionDate": "2021-11-04",
                "text": "Ordered to be Reported by the Yeas and Nays: 18 - 11."
            },
            "number": "2916",
            "policyArea": {
                "name": "Armed Forces and National Security"
            },
            "title": "VA Medicinal Cannabis Research Act of 2021",
            "type": "HR",
            "url": "https://api.congress.gov/v3/bill/117/hr/2916?format=json"
        },
        {
            "congress": 117,
            "introducedDate": "2021-04-30",
            "latestAction": {
                "actionDate": "2021-04-30",
                "text": "Referred to the House Committee on Education and Labor."
            },
            "number": "2914",
            "policyArea": {
                "name": "Education"
            },
            "title": "Improving Mental Health Access for Students Act",
            "type": "HR",
            "url": "https://api.congress.gov/v3/bill/117/hr/2914?format=json"
        },
        {
            "congress": 117,
            "introducedDate": "2021-03-26",
            "latestAction": {
                "actionDate": "2021-03-26",
                "text": "Referred to the House Committee on Oversight and Reform."
            },
            "number": "276",
            "policyArea": {
                "name": "Arts, Culture, Religion"
            },
            "title": "Recognizing the heritage, culture, and contributions of Latinas in the United States.",
            "type": "HRES",
            "url": "https://api.congress.gov/v3/bill/117/hres/276?format=json"
        },
        {
            "congress": 116,
            "introducedDate": "2020-10-16",
            "latestAction": {
                "actionDate": "2020-10-16",
                "text": "Referred to the House Committee on the Judiciary."
            },
            "number": "8625",
            "policyArea": {
                "name": null
            },
            "title": "For the relief of Ivana Alexandra Sifuentes Arbirio and Luisa Mariana Sifuentes Arbirio.",
            "type": "HR",
            "url": "https://api.congress.gov/v3/bill/116/hr/8625?format=json"
        },
        {
            "congress": 116,
            "introducedDate": "2020-07-16",
            "latestAction": {
                "actionDate": "2020-07-16",
                "text": "Referred to the House Committee on the Judiciary."
            },
            "number": "7624",
            "policyArea": {
                "name": "Crime and Law Enforcement"
            },
            "title": "To amend the Omnibus Crime Control and Safe Streets Act of 1968 to provide that COPS grant funds may be used for local law enforcement recruits to attend schools or academies if the recruits agree to serve in precincts of law enforcement agencies in their communities.",
            "type": "HR",
            "url": "https://api.congress.gov/v3/bill/116/hr/7624?format=json"
        },
        {
            "congress": 116,
            "introducedDate": "2020-05-12",
            "latestAction": {
                "actionDate": "2020-05-12",
                "text": "Referred to the House Committee on Rules."
            },
            "number": "964",
            "policyArea": {
                "name": "Congress"
            },
            "title": "Establishing a whistleblower hotline for purposes of reporting waste, fraud, abuse, or mismanagement of taxpayer funds to the Select Subcommittee on the Coronavirus Crisis.",
            "type": "HRES",
            "url": "https://api.congress.gov/v3/bill/116/hres/964?format=json"
        },
        {
            "congress": 116,
            "introducedDate": "2020-05-01",
            "latestAction": {
                "actionDate": "2020-05-01",
                "text": "Referred to the House Committee on Oversight and Reform."
            },
            "number": "6647",
            "policyArea": {
                "name": "Government Operations and Politics"
            },
            "title": "Health Care Opportunities for Transportation Security Administration Employees Act",
            "type": "HR",
            "url": "https://api.congress.gov/v3/bill/116/hr/6647?format=json"
        },
        {
            "congress": 116,
            "introducedDate": "2020-04-28",
            "latestAction": {
                "actionDate": "2020-04-28",
                "text": "Referred to the House Committee on the Judiciary."
            },
            "number": "941",
            "policyArea": {
                "name": "Immigration"
            },
            "title": "Recognizing the historical significance and the heroic struggles and sacrifices of the Vietnamese people who fled their war-torn country by boat and other means in search of freedom and democracy.",
            "type": "HRES",
            "url": "https://api.congress.gov/v3/bill/116/hres/941?format=json"
        },
        {
            "congress": 116,
            "introducedDate": "2020-04-14",
            "latestAction": {
                "actionDate": "2020-04-14",
                "text": "Referred to the House Committee on Energy and Commerce."
            },
            "number": "924",
            "policyArea": {
                "name": "Health"
            },
            "title": "Promoting minority health awareness and supporting the goals and ideals of National Minority Health Month in April 2020, which include bringing attention to the health disparities faced by minority populations of the United States during the novel coronavirus global pandemic.",
            "type": "HRES",
            "url": "https://api.congress.gov/v3/bill/116/hres/924?format=json"
        },
        {
            "congress": 116,
            "introducedDate": "2020-04-10",
            "latestAction": {
                "actionDate": "2020-04-10",
                "text": "Referred to the House Committee on Energy and Commerce."
            },
            "number": "918",
            "policyArea": {
                "name": "Health"
            },
            "title": "Promoting minority health awareness and supporting the goals and ideals of National Minority Health Month in April 2020, which include bringing attention to the health disparities faced by minority populations of the United States during the novel coronavirus global pandemic.",
            "type": "HRES",
            "url": "https://api.congress.gov/v3/bill/116/hres/918?format=json"
        },
        {
            "congress": 116,
            "introducedDate": "2020-04-03",
            "latestAction": {
                "actionDate": "2020-04-03",
                "text": "Referred to the House Committee on Ways and Means."
            },
            "number": "6438",
            "policyArea": {
                "name": "Taxation"
            },
            "title": "To allow 2020 recovery rebates to be made on the basis of an individual's taxpayer identification number.",
            "type": "HR",
            "url": "https://api.congress.gov/v3/bill/116/hr/6438?format=json"
        },
        {
            "congress": 116,
            "introducedDate": "2020-02-28",
            "latestAction": {
                "actionDate": "2020-03-12",
                "text": "Ordered to be Reported by Voice Vote."
            },
            "number": "6018",
            "policyArea": {
                "name": "Armed Forces and National Security"
            },
            "title": "To authorize the Secretary of Veterans Affairs to collect overpayments of specially adapted housing assistance.",
            "type": "HR",
            "url": "https://api.congress.gov/v3/bill/116/hr/6018?format=json"
        },
        {
            "congress": 116,
            "introducedDate": "2020-02-07",
            "latestAction": {
                "actionDate": "2020-02-12",
                "text": "Ordered to be Reported."
            },
            "number": "5802",
            "policyArea": {
                "name": "Transportation and Public Works"
            },
            "title": "TSA Child CARE Act",
            "type": "HR",
            "url": "https://api.congress.gov/v3/bill/116/hr/5802?format=json"
        },
        {
            "congress": 116,
            "introducedDate": "2019-12-12",
            "latestAction": {
                "actionDate": "2019-12-13",
                "text": "Referred to the Subcommittee on Health."
            },
            "number": "79",
            "policyArea": {
                "name": "Health"
            },
            "title": "Expressing the sense of the Congress that assisted suicide (sometimes referred to using other terms) puts everyone, including those most vulnerable, at risk of deadly harm.",
            "type": "HCONRES",
            "url": "https://api.congress.gov/v3/bill/116/hconres/79?format=json"
        },
        {
            "congress": 116,
            "introducedDate": "2019-11-22",
            "latestAction": {
                "actionDate": "2019-12-19",
                "text": "Referred to the Subcommittee on Crime, Terrorism, and Homeland Security."
            },
            "number": "5251",
            "policyArea": {
                "name": "Crime and Law Enforcement"
            },
            "title": "Improving Community Safety Task Force Act",
            "type": "HR",
            "url": "https://api.congress.gov/v3/bill/116/hr/5251?format=json"
        },
        {
            "congress": 116,
            "introducedDate": "2019-11-12",
            "latestAction": {
                "actionDate": "2019-12-02",
                "text": "Referred to the Subcommittee on Economic Opportunity."
            },
            "number": "5045",
            "policyArea": {
                "name": "Armed Forces and National Security"
            },
            "title": "Veteran Employment and Child Care Access Act of 2019",
            "type": "HR",
            "url": "https://api.congress.gov/v3/bill/116/hr/5045?format=json"
        },
        {
            "congress": 116,
            "introducedDate": "2019-10-23",
            "latestAction": {
                "actionDate": "2019-10-23",
                "text": "Referred to the House Committee on Oversight and Reform."
            },
            "number": "4809",
            "policyArea": {
                "name": "Government Operations and Politics"
            },
            "title": "White House Accountability for Language Diversity Act",
            "type": "HR",
            "url": "https://api.congress.gov/v3/bill/116/hr/4809?format=json"
        },
        {
            "congress": 116,
            "introducedDate": "2019-10-23",
            "latestAction": {
                "actionDate": "2019-10-23",
                "text": "Referred to the House Committee on Oversight and Reform."
            },
            "number": "652",
            "policyArea": {
                "name": "Government Operations and Politics"
            },
            "title": "Honoring the city of Santa Ana's 150th anniversary.",
            "type": "HRES",
            "url": "https://api.congress.gov/v3/bill/116/hres/652?format=json"
        },
        {
            "congress": 116,
            "introducedDate": "2019-09-09",
            "latestAction": {
                "actionDate": "2019-09-09",
                "text": "Referred to the House Committee on the Judiciary."
            },
            "number": "4260",
            "policyArea": {
                "name": null
            },
            "title": "For the relief of Gualterio Lazaro Santos Santos.",
            "type": "HR",
            "url": "https://api.congress.gov/v3/bill/116/hr/4260?format=json"
        },
        {
            "congress": 116,
            "introducedDate": "2019-07-30",
            "latestAction": {
                "actionDate": "2019-09-11",
                "text": "Subcommittee Hearings Held."
            },
            "number": "4096",
            "policyArea": {
                "name": "Armed Forces and National Security"
            },
            "title": "Improving Oversight of Women Veterans\u2019 Care Act of 2019",
            "type": "HR",
            "url": "https://api.congress.gov/v3/bill/116/hr/4096?format=json"
        },
        {
            "congress": 116,
            "introducedDate": "2019-07-24",
            "latestAction": {
                "actionDate": "2019-07-24",
                "text": "Referred to the House Committee on Oversight and Reform."
            },
            "number": "520",
            "policyArea": {
                "name": "Government Operations and Politics"
            },
            "title": "Remembering kindness in the United States and affirming our commitment to fostering community and building resiliency through every day acts of kindness.",
            "type": "HRES",
            "url": "https://api.congress.gov/v3/bill/116/hres/520?format=json"
        },
        {
            "congress": 116,
            "introducedDate": "2019-06-11",
            "latestAction": {
                "actionDate": "2019-06-11",
                "text": "Referred to the House Committee on Education and Labor."
            },
            "number": "3192",
            "policyArea": {
                "name": "Education"
            },
            "title": "Improving Mental Health Access for Students Act",
            "type": "HR",
            "url": "https://api.congress.gov/v3/bill/116/hr/3192?format=json"
        },
        {
            "congress": 116,
            "introducedDate": "2019-06-03",
            "latestAction": {
                "actionDate": "2019-06-26",
                "text": "Referred to the Subcommittee on Immigration and Citizenship."
            },
            "number": "3075",
            "policyArea": {
                "name": null
            },
            "title": "For the relief of Yesenia Camacho Alvarez, Omar Augustin Camacho Alvarez, and Irma Alvarez Torres.",
            "type": "HR",
            "url": "https://api.congress.gov/v3/bill/116/hr/3075?format=json"
        },
        {
            "congress": 116,
            "introducedDate": "2019-04-30",
            "latestAction": {
                "actionDate": "2019-04-30",
                "text": "Referred to the House Committee on Oversight and Reform."
            },
            "number": "332",
            "policyArea": {
                "name": "Immigration"
            },
            "title": "Recognizing the accomplishments and the contributions of Vietnamese Americans.",
            "type": "HRES",
            "url": "https://api.congress.gov/v3/bill/116/hres/332?format=json"
        },
        {
            "congress": 116,
            "introducedDate": "2019-04-12",
            "latestAction": {
                "actionDate": "2019-04-15",
                "text": "Referred to the Subcommittee on Health."
            },
            "number": "315",
            "policyArea": {
                "name": "Health"
            },
            "title": "Expressing support for the designation of April 2019 as \"National Donate Life Month\".",
            "type": "HRES",
            "url": "https://api.congress.gov/v3/bill/116/hres/315?format=json"
        },
        {
            "congress": 116,
            "introducedDate": "2019-04-04",
            "latestAction": {
                "actionDate": "2019-06-11",
                "text": "Received in the Senate and Read twice and referred to the Committee on Homeland Security and Governmental Affairs."
            },
            "number": "2083",
            "policyArea": {
                "name": "Government Operations and Politics"
            },
            "title": "HOPR Act",
            "type": "HR",
            "url": "https://api.congress.gov/v3/bill/116/hr/2083?format=json"
        },
        {
            "congress": 116,
            "introducedDate": "2019-03-27",
            "latestAction": {
                "actionDate": "2019-03-27",
                "text": "Referred to the House Committee on Education and Labor."
            },
            "number": "1896",
            "policyArea": {
                "name": "Education"
            },
            "title": "Supporting Children of the National Guard and Reserve Act",
            "type": "HR",
            "url": "https://api.congress.gov/v3/bill/116/hr/1896?format=json"
        },
        {
            "congress": 116,
            "introducedDate": "2019-03-14",
            "latestAction": {
                "actionDate": "2019-03-14",
                "text": "Referred to the House Committee on Oversight and Reform."
            },
            "number": "234",
            "policyArea": {
                "name": "Arts, Culture, Religion"
            },
            "title": "Recognizing the heritage, culture, and contributions of Latinas in the United States.",
            "type": "HRES",
            "url": "https://api.congress.gov/v3/bill/116/hres/234?format=json"
        },
        {
            "congress": 116,
            "introducedDate": "2019-03-08",
            "latestAction": {
                "actionDate": "2019-04-08",
                "text": "Referred to the Subcommittee on Immigration and Citizenship."
            },
            "number": "1641",
            "policyArea": {
                "name": "Armed Forces and National Security"
            },
            "title": "Let Everyone Get Involved in Opportunities for National Service Act",
            "type": "HR",
            "url": "https://api.congress.gov/v3/bill/116/hr/1641?format=json"
        },
        {
            "congress": 116,
            "introducedDate": "2019-02-28",
            "latestAction": {
                "actionDate": "2019-05-15",
                "text": "Received in the Senate and Read twice and referred to the Committee on Homeland Security and Governmental Affairs."
            },
            "number": "1437",
            "policyArea": {
                "name": "Emergency Management"
            },
            "title": "Securing Department of Homeland Security Firearms Act of 2019",
            "type": "HR",
            "url": "https://api.congress.gov/v3/bill/116/hr/1437?format=json"
        },
        {
            "congress": 116,
            "introducedDate": "2019-01-23",
            "latestAction": {
                "actionDate": "2020-03-12",
                "text": "Ordered to be Reported (Amended) by Voice Vote."
            },
            "number": "712",
            "policyArea": {
                "name": "Armed Forces and National Security"
            },
            "title": "VA Medicinal Cannabis Research Act of 2019",
            "type": "HR",
            "url": "https://api.congress.gov/v3/bill/116/hr/712?format=json"
        },
        {
            "congress": 116,
            "introducedDate": "2019-01-17",
            "latestAction": {
                "actionDate": "2019-03-05",
                "text": "Referred to the Subcommittee on Immigration and Citizenship."
            },
            "number": "656",
            "policyArea": {
                "name": "Immigration"
            },
            "title": "DREAMers, Immigrants, and Refugees (DIRe) Legal Aid Act",
            "type": "HR",
            "url": "https://api.congress.gov/v3/bill/116/hr/656?format=json"
        },
        {
            "congress": 116,
            "introducedDate": "2019-01-11",
            "latestAction": {
                "actionDate": "2019-01-11",
                "text": "Referred to the Subcommittee on Crime, Terrorism, and Homeland Security."
            },
            "number": "493",
            "policyArea": {
                "name": "Crime and Law Enforcement"
            },
            "title": "Sensible Enforcement of Cannabis Act of 2019",
            "type": "HR",
            "url": "https://api.congress.gov/v3/bill/116/hr/493?format=json"
        },
        {
            "congress": 115,
            "introducedDate": "2018-11-14",
            "latestAction": {
                "actionDate": "2018-11-14",
                "text": "Referred to the House Committee on the Judiciary."
            },
            "number": "7134",
            "policyArea": {
                "name": null
            },
            "title": "For the relief of Gualterio Lazaro Santos Santos.",
            "type": "HR",
            "url": "https://api.congress.gov/v3/bill/115/hr/7134?format=json"
        },
        {
            "congress": 115,
            "introducedDate": "2018-09-28",
            "latestAction": {
                "actionDate": "2018-09-28",
                "text": "Referred to the House Committee on Education and the Workforce."
            },
            "number": "6984",
            "policyArea": {
                "name": "Education"
            },
            "title": "To add suicide prevention resources to school identification cards.",
            "type": "HR",
            "url": "https://api.congress.gov/v3/bill/115/hr/6984?format=json"
        },
        {
            "congress": 115,
            "introducedDate": "2018-07-26",
            "latestAction": {
                "actionDate": "2018-07-26",
                "text": "Referred to the Subcommittee on Regulatory Reform, Commercial And Antitrust Law."
            },
            "number": "6588",
            "policyArea": {
                "name": "Finance and Financial Sector"
            },
            "title": "Student Loan Bankruptcy Act of 2018",
            "type": "HR",
            "url": "https://api.congress.gov/v3/bill/115/hr/6588?format=json"
        },
        {
            "congress": 115,
            "introducedDate": "2018-04-13",
            "latestAction": {
                "actionDate": "2018-04-13",
                "text": "Referred to the House Committee on Energy and Commerce."
            },
            "number": "827",
            "policyArea": {
                "name": "Health"
            },
            "title": "Expressing support for the designation of April 2018 as \"National Donate Life Month\".",
            "type": "HRES",
            "url": "https://api.congress.gov/v3/bill/115/hres/827?format=json"
        },
        {
            "congress": 115,
            "introducedDate": "2018-04-12",
            "latestAction": {
                "actionDate": "2018-04-12",
                "text": "Referred to the House Committee on Veterans' Affairs."
            },
            "number": "5486",
            "policyArea": {
                "name": "Armed Forces and National Security"
            },
            "title": "Veteran Employment and Child Care Access Act of 2018",
            "type": "HR",
            "url": "https://api.congress.gov/v3/bill/115/hr/5486?format=json"
        },
        {
            "congress": 115,
            "introducedDate": "2018-03-08",
            "latestAction": {
                "actionDate": "2018-03-08",
                "text": "Referred to the House Committee on Oversight and Government Reform."
            },
            "number": "768",
            "policyArea": {
                "name": "Arts, Culture, Religion"
            },
            "title": "Recognizing the heritage, culture, and contributions of Latinas in the United States.",
            "type": "HRES",
            "url": "https://api.congress.gov/v3/bill/115/hres/768?format=json"
        },
        {
            "congress": 115,
            "introducedDate": "2018-02-15",
            "latestAction": {
                "actionDate": "2018-02-15",
                "text": "Referred to the Subcommittee on Crime, Terrorism, Homeland Security, and Investigations."
            },
            "number": "5050",
            "policyArea": {
                "name": "Crime and Law Enforcement"
            },
            "title": "Sensible Enforcement of Cannabis Act of 2018",
            "type": "HR",
            "url": "https://api.congress.gov/v3/bill/115/hr/5050?format=json"
        },
        {
            "congress": 115,
            "introducedDate": "2018-02-15",
            "latestAction": {
                "actionDate": "2018-02-16",
                "text": "Referred to the Subcommittee on Military Personnel."
            },
            "number": "5049",
            "policyArea": {
                "name": "Armed Forces and National Security"
            },
            "title": "Facilitating Veterans' Education Act",
            "type": "HR",
            "url": "https://api.congress.gov/v3/bill/115/hr/5049?format=json"
        },
        {
            "congress": 115,
            "introducedDate": "2018-02-06",
            "latestAction": {
                "actionDate": "2018-12-06",
                "text": "Became Public Law No: 115-289."
            },
            "number": "4946",
            "policyArea": {
                "name": "Government Operations and Politics"
            },
            "title": "An act to designate the facility of the United States Postal Service located at 1075 North Tustin Street in Orange, California, as the \"Specialist Trevor A. Win'E Post Office\"",
            "type": "HR",
            "url": "https://api.congress.gov/v3/bill/115/hr/4946?format=json"
        },
        {
            "congress": 115,
            "introducedDate": "2017-12-07",
            "latestAction": {
                "actionDate": "2017-12-07",
                "text": "Referred to the House Committee on Education and the Workforce."
            },
            "number": "4589",
            "policyArea": {
                "name": "Education"
            },
            "title": "Supporting Children of the National Guard and Reserve Act",
            "type": "HR",
            "url": "https://api.congress.gov/v3/bill/115/hr/4589?format=json"
        },
        {
            "congress": 115,
            "introducedDate": "2017-11-16",
            "latestAction": {
                "actionDate": "2018-01-10",
                "text": "Received in the Senate and Read twice and referred to the Committee on Homeland Security and Governmental Affairs."
            },
            "number": "4433",
            "policyArea": {
                "name": "Emergency Management"
            },
            "title": "Securing Department of Homeland Security Firearms Act of 2017",
            "type": "HR",
            "url": "https://api.congress.gov/v3/bill/115/hr/4433?format=json"
        },
        {
            "congress": 115,
            "introducedDate": "2017-11-09",
            "latestAction": {
                "actionDate": "2018-05-22",
                "text": "Received in the Senate and Read twice and referred to the Committee on Veterans' Affairs."
            },
            "number": "4334",
            "policyArea": {
                "name": "Armed Forces and National Security"
            },
            "title": "Improving Oversight of Women Veterans' Care Act of 2018",
            "type": "HR",
            "url": "https://api.congress.gov/v3/bill/115/hr/4334?format=json"
        },
        {
            "congress": 115,
            "introducedDate": "2017-11-09",
            "latestAction": {
                "actionDate": "2018-05-08",
                "text": "Received in the Senate and Read twice and referred to the Committee on Veterans' Affairs."
            },
            "number": "4335",
            "policyArea": {
                "name": "Armed Forces and National Security"
            },
            "title": "Servicemember Family Burial Act",
            "type": "HR",
            "url": "https://api.congress.gov/v3/bill/115/hr/4335?format=json"
        },
        {
            "congress": 115,
            "introducedDate": "2017-10-26",
            "latestAction": {
                "actionDate": "2017-10-26",
                "text": "Referred to the Subcommittee on Health."
            },
            "number": "590",
            "policyArea": {
                "name": "Armed Forces and National Security"
            },
            "title": "Calling on the Secretary of Veterans Affairs to conduct a clinical study assessing the effectiveness of treating chronic pain in veterans with cannabis in comparison to opioids.",
            "type": "HRES",
            "url": "https://api.congress.gov/v3/bill/115/hres/590?format=json"
        },
        {
            "congress": 115,
            "introducedDate": "2017-10-05",
            "latestAction": {
                "actionDate": "2017-10-06",
                "text": "Referred to the Subcommittee on Digital Commerce and Consumer Protection."
            },
            "number": "3975",
            "policyArea": {
                "name": "Commerce"
            },
            "title": "Cyber Breach Notification Act of 2017",
            "type": "HR",
            "url": "https://api.congress.gov/v3/bill/115/hr/3975?format=json"
        },
        {
            "amendmentNumber": "312",
            "congress": 115,
            "introducedDate": "2017-09-07",
            "latestAction": {
                "actionDate": "2017-09-07",
                "actionTime": "14:42:30",
                "text": "On agreeing to the Correa amendment (A040) Failed by recorded vote: 182 - 229 (Roll no. 462). "
            },
            "type": null,
            "url": "https://api.congress.gov/v3/amendment/115/hamdt/312?format=json"
        },
        {
            "congress": 115,
            "introducedDate": "2017-07-19",
            "latestAction": {
                "actionDate": "2017-07-19",
                "text": "Referred to the House Committee on Education and the Workforce."
            },
            "number": "459",
            "policyArea": {
                "name": "Science, Technology, Communications"
            },
            "title": "Expressing the sense of the House of Representatives that the United States should support the development of programs that better prepare students for careers in cybersecurity by actively promoting ethical hacking skills.",
            "type": "HRES",
            "url": "https://api.congress.gov/v3/bill/115/hres/459?format=json"
        },
        {
            "congress": 115,
            "introducedDate": "2017-07-14",
            "latestAction": {
                "actionDate": "2017-07-14",
                "text": "Referred to the House Committee on Oversight and Government Reform."
            },
            "number": "448",
            "policyArea": {
                "name": "Immigration"
            },
            "title": "Recognizing the accomplishments and the contributions of Vietnamese Americans.",
            "type": "HRES",
            "url": "https://api.congress.gov/v3/bill/115/hres/448?format=json"
        },
        {
            "congress": 115,
            "introducedDate": "2017-06-07",
            "latestAction": {
                "actionDate": "2017-07-17",
                "text": "Referred to the Subcommittee on Emerging Threats and Capabilities."
            },
            "number": "2812",
            "policyArea": {
                "name": "Armed Forces and National Security"
            },
            "title": "Enhance Partner Cyber Capabilities Act",
            "type": "HR",
            "url": "https://api.congress.gov/v3/bill/115/hr/2812?format=json"
        },
        {
            "congress": 115,
            "introducedDate": "2017-04-03",
            "latestAction": {
                "actionDate": "2017-04-03",
                "text": "Referred to the House Committee on Oversight and Government Reform."
            },
            "number": "1852",
            "policyArea": {
                "name": "Government Operations and Politics"
            },
            "title": "White House Accountability for Language Diversity Act",
            "type": "HR",
            "url": "https://api.congress.gov/v3/bill/115/hr/1852?format=json"
        },
        {
            "congress": 115,
            "introducedDate": "2017-03-06",
            "latestAction": {
                "actionDate": "2017-03-27",
                "text": "Received in the Senate and Read twice and referred to the Committee on Homeland Security and Governmental Affairs."
            },
            "number": "1365",
            "policyArea": {
                "name": "Government Operations and Politics"
            },
            "title": "Department of Homeland Security Acquisition Innovation Act",
            "type": "HR",
            "url": "https://api.congress.gov/v3/bill/115/hr/1365?format=json"
        },
        {
            "congress": 115,
            "introducedDate": "2017-02-03",
            "latestAction": {
                "actionDate": "2017-02-03",
                "text": "Referred to the Subcommittee on Immigration and Border Security."
            },
            "number": "858",
            "policyArea": {
                "name": "Immigration"
            },
            "title": "DREAMers, Immigrants, and Refugees (DIRe) Legal Aid Act",
            "type": "HR",
            "url": "https://api.congress.gov/v3/bill/115/hr/858?format=json"
        }
    ]
}