{
    "pagination": {
        "count": 55
    },
    "request": {
        "bioguideId": "v000132",
        "contentType": "application/json",
        "format": "json"
    },
    "sponsoredLegislation": [
        {
            "congress": 117,
            "introducedDate": "2022-03-09",
            "latestAction": {
                "actionDate": "2022-03-09",
                "text": "Referred to the House Committee on Oversight and Reform."
            },
            "number": "7052",
            "policyArea": {
                "name": "Government Operations and Politics"
            },
            "title": "To designate the facility of the United States Postal Service located at 1535 East Los Ebanos Boulevard in Brownsville, Texas, as the \"1st Lieutenant Andres Zermeno Post Office Building\".",
            "type": "HR",
            "url": "https://api.congress.gov/v3/bill/117/hr/7052?format=json"
        },
        {
            "congress": 117,
            "introducedDate": "2021-12-16",
            "latestAction": {
                "actionDate": "2021-12-16",
                "text": "Referred to the House Committee on Education and Labor."
            },
            "number": "6324",
            "policyArea": {
                "name": "Education"
            },
            "title": "Saving America's Future by Educating Kids Act of 2021",
            "type": "HR",
            "url": "https://api.congress.gov/v3/bill/117/hr/6324?format=json"
        },
        {
            "congress": 117,
            "introducedDate": "2021-11-18",
            "latestAction": {
                "actionDate": "2021-11-18",
                "text": "Referred to the House Committee on Financial Services."
            },
            "number": "6053",
            "policyArea": {
                "name": "Finance and Financial Sector"
            },
            "title": "Protect Minority Student Borrowers Act",
            "type": "HR",
            "url": "https://api.congress.gov/v3/bill/117/hr/6053?format=json"
        },
        {
            "congress": 117,
            "introducedDate": "2021-11-17",
            "latestAction": {
                "actionDate": "2021-11-17",
                "text": "Referred to the House Committee on Ways and Means."
            },
            "number": "6013",
            "policyArea": {
                "name": "Taxation"
            },
            "title": "Volunteer Driver Tax Appreciation Act of 2021",
            "type": "HR",
            "url": "https://api.congress.gov/v3/bill/117/hr/6013?format=json"
        },
        {
            "congress": 117,
            "introducedDate": "2021-11-05",
            "latestAction": {
                "actionDate": "2021-11-30",
                "text": "Referred to the Subcommittee on Commodity Exchanges, Energy, and Credit."
            },
            "number": "5907",
            "policyArea": {
                "name": "Agriculture and Food"
            },
            "title": "Water Infrastructure for Rural and Impoverished Communities Act",
            "type": "HR",
            "url": "https://api.congress.gov/v3/bill/117/hr/5907?format=json"
        },
        {
            "congress": 117,
            "introducedDate": "2021-11-01",
            "latestAction": {
                "actionDate": "2021-11-02",
                "text": "Referred to the Subcommittee on Consumer Protection and Commerce."
            },
            "number": "5807",
            "policyArea": {
                "name": "Commerce"
            },
            "title": "DATA Privacy Act",
            "type": "HR",
            "url": "https://api.congress.gov/v3/bill/117/hr/5807?format=json"
        },
        {
            "congress": 117,
            "introducedDate": "2021-10-08",
            "latestAction": {
                "actionDate": "2021-10-08",
                "text": "Referred to the House Committee on Armed Services."
            },
            "number": "713",
            "policyArea": {
                "name": "Armed Forces and National Security"
            },
            "title": "Expressing the sense of the House of Representatives that the Nation should honor and recognize military families who have been disproportionately affected by the COVID-19 crisis.",
            "type": "HRES",
            "url": "https://api.congress.gov/v3/bill/117/hres/713?format=json"
        },
        {
            "congress": 117,
            "introducedDate": "2021-09-17",
            "latestAction": {
                "actionDate": "2021-09-17",
                "text": "Referred to the House Committee on Education and Labor."
            },
            "number": "657",
            "policyArea": {
                "name": "Arts, Culture, Religion"
            },
            "title": "Expressing the sense of Congress regarding the achievements of Tejano music artists such as Freddy Fender, Roberto Pulido, Flaco Jimenez, and Selena Quintanilla, in recognition of their contributions to the cultural heritage and diversity of the United States.",
            "type": "HRES",
            "url": "https://api.congress.gov/v3/bill/117/hres/657?format=json"
        },
        {
            "congress": 117,
            "introducedDate": "2021-08-17",
            "latestAction": {
                "actionDate": "2021-08-17",
                "text": "Referred to the Committee on Armed Services, and in addition to the Committee on Education and Labor, for a period to be subsequently determined by the Speaker, in each case for consideration of such provisions as fall within the jurisdiction of the committee concerned."
            },
            "number": "592",
            "policyArea": {
                "name": "Armed Forces and National Security"
            },
            "title": "Honoring the Buffalo Soldiers who were dishonorably discharged and ultimately had their honorable service restored following events which occurred in 1906 in Brownsville, Texas.",
            "type": "HRES",
            "url": "https://api.congress.gov/v3/bill/117/hres/592?format=json"
        },
        {
            "congress": 117,
            "introducedDate": "2021-08-06",
            "latestAction": {
                "actionDate": "2021-08-09",
                "text": "Referred to the Subcommittee on Water Resources and Environment."
            },
            "number": "4985",
            "policyArea": {
                "name": "Armed Forces and National Security"
            },
            "title": "Digital Defense Leadership Act",
            "type": "HR",
            "url": "https://api.congress.gov/v3/bill/117/hr/4985?format=json"
        },
        {
            "congress": 117,
            "introducedDate": "2021-08-03",
            "latestAction": {
                "actionDate": "2021-08-03",
                "text": "Referred to the House Committee on Education and Labor."
            },
            "number": "4933",
            "policyArea": {
                "name": "Social Welfare"
            },
            "title": "HOME Meals Act",
            "type": "HR",
            "url": "https://api.congress.gov/v3/bill/117/hr/4933?format=json"
        },
        {
            "congress": 117,
            "introducedDate": "2021-06-15",
            "latestAction": {
                "actionDate": "2021-06-15",
                "text": "Referred to the Committee on Foreign Affairs, and in addition to the Committee on Armed Services, for a period to be subsequently determined by the Speaker, in each case for consideration of such provisions as fall within the jurisdiction of the committee concerned."
            },
            "number": "478",
            "policyArea": {
                "name": "International Affairs"
            },
            "title": "Commending the men and women of the United States military, our NATO Allies, and our African allies who successfully planned, coordinated, deployed, and trained as part of the DEFENDER-EUROPE 2021 Exercise.",
            "type": "HRES",
            "url": "https://api.congress.gov/v3/bill/117/hres/478?format=json"
        },
        {
            "congress": 117,
            "introducedDate": "2021-06-04",
            "latestAction": {
                "actionDate": "2021-06-04",
                "text": "Referred to the House Committee on Ways and Means."
            },
            "number": "3735",
            "policyArea": {
                "name": "Taxation"
            },
            "title": "E-Filing Standards Improvement Act",
            "type": "HR",
            "url": "https://api.congress.gov/v3/bill/117/hr/3735?format=json"
        },
        {
            "congress": 117,
            "introducedDate": "2021-06-04",
            "latestAction": {
                "actionDate": "2021-06-04",
                "text": "Referred to the House Committee on Ways and Means."
            },
            "number": "3738",
            "policyArea": {
                "name": "Taxation"
            },
            "title": "John Lewis Taxpayer Protection Act",
            "type": "HR",
            "url": "https://api.congress.gov/v3/bill/117/hr/3738?format=json"
        },
        {
            "congress": 117,
            "introducedDate": "2021-06-04",
            "latestAction": {
                "actionDate": "2021-06-04",
                "text": "Referred to the House Committee on Ways and Means."
            },
            "number": "3737",
            "policyArea": {
                "name": "Taxation"
            },
            "title": "TEAMS Act",
            "type": "HR",
            "url": "https://api.congress.gov/v3/bill/117/hr/3737?format=json"
        },
        {
            "congress": 117,
            "introducedDate": "2021-06-04",
            "latestAction": {
                "actionDate": "2021-06-04",
                "text": "Referred to the House Committee on Ways and Means."
            },
            "number": "3736",
            "policyArea": {
                "name": "Taxation"
            },
            "title": "Installation Agreement Affordability Act",
            "type": "HR",
            "url": "https://api.congress.gov/v3/bill/117/hr/3736?format=json"
        },
        {
            "congress": 117,
            "introducedDate": "2021-06-04",
            "latestAction": {
                "actionDate": "2021-06-07",
                "text": "Referred to the Subcommittee on Coast Guard and Maritime Transportation."
            },
            "number": "3739",
            "policyArea": {
                "name": "Transportation and Public Works"
            },
            "title": "Coast Guard Combat-Injured Tax Fairness Act",
            "type": "HR",
            "url": "https://api.congress.gov/v3/bill/117/hr/3739?format=json"
        },
        {
            "congress": 117,
            "introducedDate": "2021-01-11",
            "latestAction": {
                "actionDate": "2022-05-11",
                "text": "Committee on Energy and Natural Resources Subcommittee on National Parks. Hearings held."
            },
            "number": "268",
            "policyArea": {
                "name": "Public Lands and Natural Resources"
            },
            "title": "To provide for the boundary of the Palo Alto Battlefield National Historic Park to be adjusted, to authorize the donation of land to the United States for addition to that historic park, and for other purposes.",
            "type": "HR",
            "url": "https://api.congress.gov/v3/bill/117/hr/268?format=json"
        },
        {
            "congress": 117,
            "introducedDate": "2021-01-11",
            "latestAction": {
                "actionDate": "2021-02-04",
                "text": "Referred to the Subcommittee on Economic Development, Public Buildings, and Emergency Management."
            },
            "number": "269",
            "policyArea": {
                "name": "Transportation and Public Works"
            },
            "title": "Putting Our Resources Toward Security (PORTS) Act",
            "type": "HR",
            "url": "https://api.congress.gov/v3/bill/117/hr/269?format=json"
        },
        {
            "congress": 116,
            "introducedDate": "2020-11-12",
            "latestAction": {
                "actionDate": "2020-11-12",
                "text": "Referred to the Committee on Energy and Commerce, and in addition to the Committee on Science, Space, and Technology, for a period to be subsequently determined by the Speaker, in each case for consideration of such provisions as fall within the jurisdiction of the committee concerned."
            },
            "number": "8749",
            "policyArea": {
                "name": "Commerce"
            },
            "title": "DATA Privacy Act",
            "type": "HR",
            "url": "https://api.congress.gov/v3/bill/116/hr/8749?format=json"
        },
        {
            "congress": 116,
            "introducedDate": "2020-10-27",
            "latestAction": {
                "actionDate": "2020-10-27",
                "text": "Referred to the House Committee on Ways and Means."
            },
            "number": "8700",
            "policyArea": {
                "name": "Taxation"
            },
            "title": "John Lewis Taxpayer Protection Act",
            "type": "HR",
            "url": "https://api.congress.gov/v3/bill/116/hr/8700?format=json"
        },
        {
            "congress": 116,
            "introducedDate": "2020-10-01",
            "latestAction": {
                "actionDate": "2020-10-01",
                "text": "Referred to the House Committee on Ways and Means."
            },
            "number": "8501",
            "policyArea": {
                "name": "Taxation"
            },
            "title": "TEAMS Act",
            "type": "HR",
            "url": "https://api.congress.gov/v3/bill/116/hr/8501?format=json"
        },
        {
            "congress": 116,
            "introducedDate": "2020-09-11",
            "latestAction": {
                "actionDate": "2020-09-11",
                "text": "Referred to the Committee on Armed Services, and in addition to the Committee on Education and Labor, for a period to be subsequently determined by the Speaker, in each case for consideration of such provisions as fall within the jurisdiction of the committee concerned."
            },
            "number": "1105",
            "policyArea": {
                "name": "Armed Forces and National Security"
            },
            "title": "Honoring the Buffalo Soldiers who were dishonorably discharged and ultimately had their honorable service restored following events which occurred in 1906 in Brownsville, Texas.",
            "type": "HRES",
            "url": "https://api.congress.gov/v3/bill/116/hres/1105?format=json"
        },
        {
            "congress": 116,
            "introducedDate": "2020-09-01",
            "latestAction": {
                "actionDate": "2020-09-01",
                "text": "Referred to the Committee on Foreign Affairs, and in addition to the Committee on Armed Services, for a period to be subsequently determined by the Speaker, in each case for consideration of such provisions as fall within the jurisdiction of the committee concerned."
            },
            "number": "1098",
            "policyArea": {
                "name": "Armed Forces and National Security"
            },
            "title": "Commending the United States military servicemembers and NATO allies who successfully planned, coordinated, deployed, and trained as part of the DEFENDER-EUROPE 2020 Exercise.",
            "type": "HRES",
            "url": "https://api.congress.gov/v3/bill/116/hres/1098?format=json"
        },
        {
            "congress": 116,
            "introducedDate": "2020-08-21",
            "latestAction": {
                "actionDate": "2020-08-21",
                "text": "Referred to the House Committee on Education and Labor."
            },
            "number": "113",
            "policyArea": {
                "name": "Arts, Culture, Religion"
            },
            "title": "Expressing the sense of Congress regarding the achievements of Tejano music artists such as Freddy Fender, Roberto Pulido, Flaco Jimenez, and Selena Quintanilla, in recognition of their contributions to the cultural heritage and diversity of the United States.",
            "type": "HCONRES",
            "url": "https://api.congress.gov/v3/bill/116/hconres/113?format=json"
        },
        {
            "congress": 116,
            "introducedDate": "2020-08-18",
            "latestAction": {
                "actionDate": "2020-08-18",
                "text": "Referred to the House Committee on Armed Services."
            },
            "number": "1089",
            "policyArea": {
                "name": "Armed Forces and National Security"
            },
            "title": "Expressing the sense of the House of Representatives that the Nation should honor and recognize military families who have been disproportionately affected by the COVID-19 crisis.",
            "type": "HRES",
            "url": "https://api.congress.gov/v3/bill/116/hres/1089?format=json"
        },
        {
            "congress": 116,
            "introducedDate": "2020-08-14",
            "latestAction": {
                "actionDate": "2020-08-14",
                "text": "Referred to the House Committee on Ways and Means."
            },
            "number": "8063",
            "policyArea": {
                "name": "Taxation"
            },
            "title": "Installation Agreement Affordability Act",
            "type": "HR",
            "url": "https://api.congress.gov/v3/bill/116/hr/8063?format=json"
        },
        {
            "congress": 116,
            "introducedDate": "2020-08-14",
            "latestAction": {
                "actionDate": "2020-08-14",
                "text": "Referred to the House Committee on Ways and Means."
            },
            "number": "8062",
            "policyArea": {
                "name": "Taxation"
            },
            "title": "E\u2013Filing Standards Improvement Act",
            "type": "HR",
            "url": "https://api.congress.gov/v3/bill/116/hr/8062?format=json"
        },
        {
            "congress": 116,
            "introducedDate": "2020-08-11",
            "latestAction": {
                "actionDate": "2020-08-11",
                "text": "Referred to the House Committee on Financial Services."
            },
            "number": "8028",
            "policyArea": {
                "name": "Education"
            },
            "title": "Protect Minority Student Borrowers Act",
            "type": "HR",
            "url": "https://api.congress.gov/v3/bill/116/hr/8028?format=json"
        },
        {
            "congress": 116,
            "introducedDate": "2020-07-23",
            "latestAction": {
                "actionDate": "2020-07-23",
                "text": "Referred to the House Committee on Education and Labor."
            },
            "number": "7763",
            "policyArea": {
                "name": "Education"
            },
            "title": "Saving America's Future by Educating Kids Act of 2020",
            "type": "HR",
            "url": "https://api.congress.gov/v3/bill/116/hr/7763?format=json"
        },
        {
            "congress": 116,
            "introducedDate": "2020-07-20",
            "latestAction": {
                "actionDate": "2020-07-20",
                "text": "Referred to the House Committee on Financial Services."
            },
            "number": "7671",
            "policyArea": {
                "name": "Commerce"
            },
            "title": "Small Business Comeback Act",
            "type": "HR",
            "url": "https://api.congress.gov/v3/bill/116/hr/7671?format=json"
        },
        {
            "congress": 116,
            "introducedDate": "2020-07-20",
            "latestAction": {
                "actionDate": "2020-07-20",
                "text": "Referred to the House Committee on the Judiciary."
            },
            "number": "7672",
            "policyArea": {
                "name": "Law"
            },
            "title": "Coronavirus Victims Compensation Fund Act of 2020",
            "type": "HR",
            "url": "https://api.congress.gov/v3/bill/116/hr/7672?format=json"
        },
        {
            "congress": 116,
            "introducedDate": "2020-07-13",
            "latestAction": {
                "actionDate": "2020-07-14",
                "text": "Referred to the Subcommittee on Coast Guard and Maritime Transportation."
            },
            "number": "7605",
            "policyArea": {
                "name": "Transportation and Public Works"
            },
            "title": "Coast Guard Combat-Injured Tax Fairness Act",
            "type": "HR",
            "url": "https://api.congress.gov/v3/bill/116/hr/7605?format=json"
        },
        {
            "congress": 116,
            "introducedDate": "2020-07-01",
            "latestAction": {
                "actionDate": "2020-09-30",
                "text": "Referred to the Subcommittee on Disability Assistance and Memorial Affairs."
            },
            "number": "7476",
            "policyArea": {
                "name": "Armed Forces and National Security"
            },
            "title": "To direct the Secretary of Veterans Affairs to submit a report to Congress on programs to notify veterans of potential exposure to certain herbicide agents outside of Vietnam, and for other purposes.",
            "type": "HR",
            "url": "https://api.congress.gov/v3/bill/116/hr/7476?format=json"
        },
        {
            "congress": 116,
            "introducedDate": "2020-07-01",
            "latestAction": {
                "actionDate": "2020-07-01",
                "text": "Referred to the House Committee on Oversight and Reform."
            },
            "number": "7475",
            "policyArea": {
                "name": "Government Operations and Politics"
            },
            "title": "Ensuring FEHBP Coverage During Pandemic Act",
            "type": "HR",
            "url": "https://api.congress.gov/v3/bill/116/hr/7475?format=json"
        },
        {
            "congress": 116,
            "introducedDate": "2020-06-08",
            "latestAction": {
                "actionDate": "2020-06-08",
                "text": "Referred to the House Committee on Education and Labor."
            },
            "number": "7142",
            "policyArea": {
                "name": "Social Welfare"
            },
            "title": "HOME Meals Act",
            "type": "HR",
            "url": "https://api.congress.gov/v3/bill/116/hr/7142?format=json"
        },
        {
            "congress": 116,
            "introducedDate": "2019-11-20",
            "latestAction": {
                "actionDate": "2019-12-19",
                "text": "Referred to the Subcommittee on Immigration and Citizenship."
            },
            "number": "5207",
            "policyArea": {
                "name": "Immigration"
            },
            "title": "End the Migrant Protection Protocols Act of 2019",
            "type": "HR",
            "url": "https://api.congress.gov/v3/bill/116/hr/5207?format=json"
        },
        {
            "congress": 116,
            "introducedDate": "2019-09-24",
            "latestAction": {
                "actionDate": "2019-10-02",
                "text": "Referred to the Subcommittee on Border Security, Facilitation, and Operations."
            },
            "number": "4482",
            "policyArea": {
                "name": "Agriculture and Food"
            },
            "title": "Protecting America's Food and Agriculture Act of 2019",
            "type": "HR",
            "url": "https://api.congress.gov/v3/bill/116/hr/4482?format=json"
        },
        {
            "congress": 116,
            "introducedDate": "2019-07-30",
            "latestAction": {
                "actionDate": "2020-12-14",
                "text": "Placed on the Union Calendar, Calendar No. 526."
            },
            "number": "4139",
            "policyArea": {
                "name": "Public Lands and Natural Resources"
            },
            "title": "To provide for the boundary of the Palo Alto Battlefield National Historic Park to be adjusted, to authorize the donation of land to the United States for addition to that historic park, and for other purposes.",
            "type": "HR",
            "url": "https://api.congress.gov/v3/bill/116/hr/4139?format=json"
        },
        {
            "congress": 116,
            "introducedDate": "2019-04-18",
            "latestAction": {
                "actionDate": "2019-05-15",
                "text": "Referred to the Subcommittee on Crime, Terrorism, and Homeland Security."
            },
            "number": "2347",
            "policyArea": {
                "name": "Immigration"
            },
            "title": "Border and Refugee Assistance Act of 2019",
            "type": "HR",
            "url": "https://api.congress.gov/v3/bill/116/hr/2347?format=json"
        },
        {
            "congress": 116,
            "introducedDate": "2019-02-14",
            "latestAction": {
                "actionDate": "2019-03-25",
                "text": "Referred to the Subcommittee on the Constitution, Civil Rights, and Civil Liberties."
            },
            "number": "1234",
            "policyArea": {
                "name": "Immigration"
            },
            "title": "Preventing the Taking of Americans\u2019 Land to Build Trump\u2019s Wall Act",
            "type": "HR",
            "url": "https://api.congress.gov/v3/bill/116/hr/1234?format=json"
        },
        {
            "congress": 113,
            "introducedDate": "2013-06-10",
            "latestAction": {
                "actionDate": "2013-07-09",
                "text": "Referred to the Subcommittee on the Western Hemisphere."
            },
            "number": "2307",
            "policyArea": {
                "name": "International Affairs"
            },
            "title": "Working to Address Treaty Enforcement Rapidly for Texas Act",
            "type": "HR",
            "url": "https://api.congress.gov/v3/bill/113/hr/2307?format=json"
        },
        {
            "congress": 113,
            "introducedDate": "2013-05-07",
            "latestAction": {
                "actionDate": "2013-06-07",
                "text": "Referred to the Subcommittee on the Western Hemisphere."
            },
            "number": "1863",
            "policyArea": {
                "name": "International Affairs"
            },
            "title": "To require the Secretary of State to submit a report on water sharing with Mexico.",
            "type": "HR",
            "url": "https://api.congress.gov/v3/bill/113/hr/1863?format=json"
        },
        {
            "congress": 113,
            "introducedDate": "2013-02-06",
            "latestAction": {
                "actionDate": "2013-02-25",
                "text": "Referred to the Subcommittee on Horticulture, Research, Biotechnology, and Foreign Agriculture."
            },
            "number": "583",
            "policyArea": {
                "name": "Emergency Management"
            },
            "title": "Putting Our Resources Toward Security (PORTS) Act",
            "type": "HR",
            "url": "https://api.congress.gov/v3/bill/113/hr/583?format=json"
        },
        {
            "congress": 116,
            "introducedDate": "2019-02-14",
            "latestAction": {
                "actionDate": "2019-02-15",
                "text": "Referred to the Subcommittee on Readiness."
            },
            "number": "1293",
            "policyArea": {
                "name": "Emergency Management"
            },
            "title": "RAIDER Act of 2019",
            "type": "HR",
            "url": "https://api.congress.gov/v3/bill/116/hr/1293?format=json"
        },
        {
            "congress": 116,
            "introducedDate": "2019-02-14",
            "latestAction": {
                "actionDate": "2019-03-11",
                "text": "Referred to the Subcommittee on Border Security, Facilitation, and Operations."
            },
            "number": "1292",
            "policyArea": {
                "name": "Immigration"
            },
            "title": "Border Community Input in Border Security Act",
            "type": "HR",
            "url": "https://api.congress.gov/v3/bill/116/hr/1292?format=json"
        },
        {
            "congress": 115,
            "introducedDate": "2018-10-02",
            "latestAction": {
                "actionDate": "2018-11-15",
                "text": "Referred to the Subcommittee on Immigration and Border Security."
            },
            "number": "7028",
            "policyArea": {
                "name": "Immigration"
            },
            "title": "DHS Body-Worn Camera Act of 2018",
            "type": "HR",
            "url": "https://api.congress.gov/v3/bill/115/hr/7028?format=json"
        },
        {
            "congress": 115,
            "introducedDate": "2018-06-12",
            "latestAction": {
                "actionDate": "2018-06-18",
                "text": "Referred to the Subcommittee on Federal Lands."
            },
            "number": "6078",
            "policyArea": {
                "name": "Public Lands and Natural Resources"
            },
            "title": "To provide for the boundary of the Palo Alto Battlefield National Historic Park to be adjusted, to authorize the donation of land to the United States for addition to that historic park, and for other purposes.",
            "type": "HR",
            "url": "https://api.congress.gov/v3/bill/115/hr/6078?format=json"
        },
        {
            "congress": 115,
            "introducedDate": "2018-02-06",
            "latestAction": {
                "actionDate": "2018-03-08",
                "text": "Referred to the Subcommittee on Biotechnology, Horticulture, and Research."
            },
            "number": "4940",
            "policyArea": {
                "name": "Foreign Trade and International Finance"
            },
            "title": "Border and Port Security Act",
            "type": "HR",
            "url": "https://api.congress.gov/v3/bill/115/hr/4940?format=json"
        },
        {
            "congress": 115,
            "introducedDate": "2017-12-06",
            "latestAction": {
                "actionDate": "2018-01-16",
                "text": "Received in the Senate and Read twice and referred to the Committee on Homeland Security and Governmental Affairs."
            },
            "number": "4578",
            "policyArea": {
                "name": "Immigration"
            },
            "title": "Counter Terrorist Network Act",
            "type": "HR",
            "url": "https://api.congress.gov/v3/bill/115/hr/4578?format=json"
        },
        {
            "congress": 115,
            "introducedDate": "2017-07-24",
            "latestAction": {
                "actionDate": "2017-07-25",
                "text": "Referred to the Subcommittee on Economic Development, Public Buildings and Emergency Management."
            },
            "number": "3375",
            "policyArea": {
                "name": "Immigration"
            },
            "title": "Javier Vega, Jr. Memorial Act of 2017",
            "type": "HR",
            "url": "https://api.congress.gov/v3/bill/115/hr/3375?format=json"
        },
        {
            "congress": 115,
            "introducedDate": "2017-05-02",
            "latestAction": {
                "actionDate": "2017-05-18",
                "text": "Received in the Senate and Read twice and referred to the Committee on Homeland Security and Governmental Affairs."
            },
            "number": "2281",
            "policyArea": {
                "name": "Emergency Management"
            },
            "title": "Border Enforcement Security Task Force Reauthorization Act of 2017",
            "type": "HR",
            "url": "https://api.congress.gov/v3/bill/115/hr/2281?format=json"
        },
        {
            "amendmentNumber": "1472",
            "congress": 114,
            "introducedDate": "2016-09-28",
            "latestAction": {
                "actionDate": "2016-09-28",
                "actionTime": "16:34:15",
                "text": "On agreeing to the Vela amendment (A035) Agreed to by voice vote. "
            },
            "type": null,
            "url": "https://api.congress.gov/v3/amendment/114/hamdt/1472?format=json"
        },
        {
            "congress": 114,
            "introducedDate": "2016-07-08",
            "latestAction": {
                "actionDate": "2016-07-22",
                "text": "Referred to the Subcommittee on Crime, Terrorism, Homeland Security, and Investigations."
            },
            "number": "5705",
            "policyArea": {
                "name": "Crime and Law Enforcement"
            },
            "title": "To authorize the Attorney General to deny the transfer of firearms and explosives and Federal firearms and explosives licenses and permits to known or suspected terrorists.",
            "type": "HR",
            "url": "https://api.congress.gov/v3/bill/114/hr/5705?format=json"
        },
        {
            "congress": 114,
            "introducedDate": "2015-06-15",
            "latestAction": {
                "actionDate": "2015-09-29",
                "text": "Received in the Senate and Read twice and referred to the Committee on Homeland Security and Governmental Affairs."
            },
            "number": "2786",
            "policyArea": {
                "name": "Transportation and Public Works"
            },
            "title": "Cross-Border Rail Security Act of 2015",
            "type": "HR",
            "url": "https://api.congress.gov/v3/bill/114/hr/2786?format=json"
        }
    ]
}