{
    "pagination": {
        "count": 49
    },
    "request": {
        "bioguideId": "f000458",
        "contentType": "application/json",
        "format": "json"
    },
    "sponsoredLegislation": [
        {
            "amendmentNumber": "953",
            "congress": 113,
            "introducedDate": "2014-06-23",
            "latestAction": {
                "actionDate": "2014-06-23",
                "actionTime": "20:49:08",
                "text": "On agreeing to the Fincher amendment (A007) Agreed to by voice vote. "
            },
            "type": null,
            "url": "https://api.congress.gov/v3/amendment/113/hamdt/953?format=json"
        },
        {
            "congress": 113,
            "introducedDate": "2014-12-04",
            "latestAction": {
                "actionDate": "2014-12-23",
                "text": "Referred to the Subcommittee on Economic Opportunity."
            },
            "number": "5798",
            "policyArea": {
                "name": "Armed Forces and National Security"
            },
            "title": "Stability for Service Members Act",
            "type": "HR",
            "url": "https://api.congress.gov/v3/bill/113/hr/5798?format=json"
        },
        {
            "congress": 113,
            "introducedDate": "2014-05-30",
            "latestAction": {
                "actionDate": "2014-05-30",
                "text": "Referred to the House Committee on Ways and Means."
            },
            "number": "4789",
            "policyArea": {
                "name": "Taxation"
            },
            "title": "To amend the Internal Revenue Code of 1986 to make the deduction for State and local general sales taxes permanent.",
            "type": "HR",
            "url": "https://api.congress.gov/v3/bill/113/hr/4789?format=json"
        },
        {
            "congress": 113,
            "introducedDate": "2014-05-29",
            "latestAction": {
                "actionDate": "2014-07-21",
                "text": "Referred to the Subcommittee on Regulatory Reform, Commercial And Antitrust Law."
            },
            "number": "4764",
            "policyArea": {
                "name": "Taxation"
            },
            "title": "Verify It Act",
            "type": "HR",
            "url": "https://api.congress.gov/v3/bill/113/hr/4764?format=json"
        },
        {
            "congress": 113,
            "introducedDate": "2014-05-22",
            "latestAction": {
                "actionDate": "2014-05-30",
                "text": "Referred to the Subcommittee Indian and Alaska Native Affairs."
            },
            "number": "4728",
            "policyArea": {
                "name": "Health"
            },
            "title": "Certify It Act of 2014",
            "type": "HR",
            "url": "https://api.congress.gov/v3/bill/113/hr/4728?format=json"
        },
        {
            "congress": 113,
            "introducedDate": "2014-04-03",
            "latestAction": {
                "actionDate": "2014-04-22",
                "text": "Referred to the Subcommittee on General Farm Commodities and Risk Management."
            },
            "number": "4392",
            "policyArea": {
                "name": "Finance and Financial Sector"
            },
            "title": "Energize Emerging Opportunities Act",
            "type": "HR",
            "url": "https://api.congress.gov/v3/bill/113/hr/4392?format=json"
        },
        {
            "congress": 113,
            "introducedDate": "2013-11-22",
            "latestAction": {
                "actionDate": "2014-03-14",
                "text": "Ordered to be Reported (Amended) by the Yeas and Nays: 56 - 0."
            },
            "number": "3623",
            "policyArea": {
                "name": "Finance and Financial Sector"
            },
            "title": "Improving Access to Capital for Emerging Growth Companies Act",
            "type": "HR",
            "url": "https://api.congress.gov/v3/bill/113/hr/3623?format=json"
        },
        {
            "congress": 113,
            "introducedDate": "2013-10-30",
            "latestAction": {
                "actionDate": "2014-07-23",
                "text": "Subcommittee Hearings Held."
            },
            "number": "3409",
            "policyArea": {
                "name": "Public Lands and Natural Resources"
            },
            "title": "National Wildlife Refuge Expansion Limitation Act of 2013",
            "type": "HR",
            "url": "https://api.congress.gov/v3/bill/113/hr/3409?format=json"
        },
        {
            "congress": 113,
            "introducedDate": "2013-09-18",
            "latestAction": {
                "actionDate": "2013-09-18",
                "text": "Referred to the House Committee on House Administration."
            },
            "number": "3126",
            "policyArea": {
                "name": "Health"
            },
            "title": "Healthcare Fairness Act of 2013",
            "type": "HR",
            "url": "https://api.congress.gov/v3/bill/113/hr/3126?format=json"
        },
        {
            "congress": 113,
            "introducedDate": "2013-09-10",
            "latestAction": {
                "actionDate": "2013-09-10",
                "text": "Referred to the House Committee on Ways and Means."
            },
            "number": "3074",
            "policyArea": {
                "name": "Taxation"
            },
            "title": "IRS Abuse Protection Act of 2013",
            "type": "HR",
            "url": "https://api.congress.gov/v3/bill/113/hr/3074?format=json"
        },
        {
            "congress": 113,
            "introducedDate": "2013-08-02",
            "latestAction": {
                "actionDate": "2013-09-13",
                "text": "Referred to the Subcommittee on the Constitution and Civil Justice."
            },
            "number": "3021",
            "policyArea": {
                "name": "Taxation"
            },
            "title": "IRS Employee Responsibility Act of 2013",
            "type": "HR",
            "url": "https://api.congress.gov/v3/bill/113/hr/3021?format=json"
        },
        {
            "congress": 113,
            "introducedDate": "2013-05-23",
            "latestAction": {
                "actionDate": "2013-05-23",
                "text": "Referred to the House Committee on Financial Services."
            },
            "number": "2156",
            "policyArea": {
                "name": "Emergency Management"
            },
            "title": "CLAIM Act",
            "type": "HR",
            "url": "https://api.congress.gov/v3/bill/113/hr/2156?format=json"
        },
        {
            "congress": 113,
            "introducedDate": "2013-04-26",
            "latestAction": {
                "actionDate": "2014-05-22",
                "text": "Ordered to be Reported by Voice Vote."
            },
            "number": "1779",
            "policyArea": {
                "name": "Housing and Community Development"
            },
            "title": "Preserving Access to Manufactured Housing Act of 2013",
            "type": "HR",
            "url": "https://api.congress.gov/v3/bill/113/hr/1779?format=json"
        },
        {
            "congress": 113,
            "introducedDate": "2013-03-21",
            "latestAction": {
                "actionDate": "2013-07-09",
                "text": "Received in the Senate and Read twice and referred to the Committee on Banking, Housing, and Urban Affairs."
            },
            "number": "1341",
            "policyArea": {
                "name": "Finance and Financial Sector"
            },
            "title": "Financial Competitive Act of 2013",
            "type": "HR",
            "url": "https://api.congress.gov/v3/bill/113/hr/1341?format=json"
        },
        {
            "congress": 113,
            "introducedDate": "2013-03-20",
            "latestAction": {
                "actionDate": "2013-03-20",
                "text": "Referred to the House Committee on Oversight and Government Reform."
            },
            "number": "1287",
            "policyArea": {
                "name": "Government Operations and Politics"
            },
            "title": "Sound Science Act of 2013",
            "type": "HR",
            "url": "https://api.congress.gov/v3/bill/113/hr/1287?format=json"
        },
        {
            "congress": 113,
            "introducedDate": "2013-03-15",
            "latestAction": {
                "actionDate": "2013-03-15",
                "text": "Referred to the House Committee on Financial Services."
            },
            "number": "1221",
            "policyArea": {
                "name": "Finance and Financial Sector"
            },
            "title": "Basel III Capital Impact Study Act",
            "type": "HR",
            "url": "https://api.congress.gov/v3/bill/113/hr/1221?format=json"
        },
        {
            "congress": 113,
            "introducedDate": "2013-02-28",
            "latestAction": {
                "actionDate": "2013-03-04",
                "text": "Referred to the Subcommittee on Human Resources."
            },
            "number": "909",
            "policyArea": {
                "name": "Social Welfare"
            },
            "title": "Welfare Integrity Act of 2013",
            "type": "HR",
            "url": "https://api.congress.gov/v3/bill/113/hr/909?format=json"
        },
        {
            "congress": 113,
            "introducedDate": "2014-06-23",
            "latestAction": {
                "actionDate": "2014-06-23",
                "text": "Referred to the House Committee on Armed Services."
            },
            "number": "637",
            "policyArea": {
                "name": "Armed Forces and National Security"
            },
            "title": "Expressing the sense of the House of Representatives that the Secretary of the Navy should name an appropriate Navy ship in honor of Marine Corps General Clifton B. Cates of Tiptonville, Tennessee.",
            "type": "HRES",
            "url": "https://api.congress.gov/v3/bill/113/hres/637?format=json"
        },
        {
            "congress": 113,
            "introducedDate": "2013-05-08",
            "latestAction": {
                "actionDate": "2013-06-14",
                "text": "Referred to the Subcommittee on the Constitution and Civil Justice."
            },
            "number": "206",
            "policyArea": {
                "name": "Health"
            },
            "title": "Expressing the sense of the House of Representatives that Congress and the States should investigate and correct abusive, unsanitary, and illegal abortion practices.",
            "type": "HRES",
            "url": "https://api.congress.gov/v3/bill/113/hres/206?format=json"
        },
        {
            "amendmentNumber": "968",
            "congress": 112,
            "introducedDate": "2012-03-07",
            "latestAction": {
                "actionDate": "2012-03-07",
                "actionTime": "16:35:58",
                "text": "On agreeing to the Fincher amendment (A001) Agreed to by voice vote. "
            },
            "type": null,
            "url": "https://api.congress.gov/v3/amendment/112/hamdt/968?format=json"
        },
        {
            "amendmentNumber": "851",
            "congress": 112,
            "introducedDate": "2011-11-03",
            "latestAction": {
                "actionDate": "2011-11-03",
                "actionTime": "16:36:59",
                "text": "On agreeing to the Fincher amendment (A002) Agreed to by voice vote. "
            },
            "type": null,
            "url": "https://api.congress.gov/v3/amendment/112/hamdt/851?format=json"
        },
        {
            "congress": 112,
            "introducedDate": "2012-12-20",
            "latestAction": {
                "actionDate": "2012-12-21",
                "text": "Sponsor introductory remarks on measure. (CR E1987-1988)"
            },
            "number": "6694",
            "policyArea": {
                "name": "Housing and Community Development"
            },
            "title": "To amend the definition of mortgage originator under the Dodd-Frank Wall Street Reform and Consumer Protection Act to include certain employees of a retailer of manufactured homes.",
            "type": "HR",
            "url": "https://api.congress.gov/v3/bill/112/hr/6694?format=json"
        },
        {
            "congress": 112,
            "introducedDate": "2012-09-14",
            "latestAction": {
                "actionDate": "2012-10-01",
                "text": "Referred to the Subcommittee on Insurance, Housing and Community Opportunity."
            },
            "number": "6415",
            "policyArea": {
                "name": "Emergency Management"
            },
            "title": "Claims Licensing Advancement for Interstate Matters Act",
            "type": "HR",
            "url": "https://api.congress.gov/v3/bill/112/hr/6415?format=json"
        },
        {
            "congress": 112,
            "introducedDate": "2012-01-31",
            "latestAction": {
                "actionDate": "2012-02-09",
                "text": "Referred to the Subcommittee on Financial Institutions and Consumer Credit."
            },
            "number": "3849",
            "policyArea": {
                "name": "Housing and Community Development"
            },
            "title": "Preserving Access to Manufactured Housing Act",
            "type": "HR",
            "url": "https://api.congress.gov/v3/bill/112/hr/3849?format=json"
        },
        {
            "congress": 112,
            "introducedDate": "2011-12-08",
            "latestAction": {
                "actionDate": "2012-04-05",
                "text": "Became Public Law No: 112-106."
            },
            "number": "3606",
            "policyArea": {
                "name": "Finance and Financial Sector"
            },
            "title": "Jumpstart Our Business Startups",
            "type": "HR",
            "url": "https://api.congress.gov/v3/bill/112/hr/3606?format=json"
        },
        {
            "congress": 112,
            "introducedDate": "2011-10-14",
            "latestAction": {
                "actionDate": "2011-11-21",
                "text": "Referred to the Subcommittee on Capital Markets and Government Sponsored Enterprises."
            },
            "number": "3213",
            "policyArea": {
                "name": "Finance and Financial Sector"
            },
            "title": "Small Company Job Growth and Regulatory Relief Act of 2011",
            "type": "HR",
            "url": "https://api.congress.gov/v3/bill/112/hr/3213?format=json"
        },
        {
            "congress": 112,
            "introducedDate": "2011-10-13",
            "latestAction": {
                "actionDate": "2011-10-17",
                "text": "Referred for a period ending not later than October 17, 2011, (or for a later time if the Chairman so designates) to the Subcommittee on Human Resources, in each case for consideration of such provisions as fall within the jurisdiction of the subcommittee concerned."
            },
            "number": "3193",
            "policyArea": {
                "name": "Social Welfare"
            },
            "title": "Welfare Integrity Act of 2011",
            "type": "HR",
            "url": "https://api.congress.gov/v3/bill/112/hr/3193?format=json"
        },
        {
            "congress": 112,
            "introducedDate": "2011-09-12",
            "latestAction": {
                "actionDate": "2011-09-20",
                "text": "Referred to the Subcommittee on Energy and Power."
            },
            "number": "2891",
            "policyArea": {
                "name": "Environmental Protection"
            },
            "title": "America's Energy Independence Act",
            "type": "HR",
            "url": "https://api.congress.gov/v3/bill/112/hr/2891?format=json"
        },
        {
            "congress": 112,
            "introducedDate": "2011-09-12",
            "latestAction": {
                "actionDate": "2011-09-13",
                "text": "Sponsor introductory remarks on measure. (CR H6104)"
            },
            "number": "2892",
            "policyArea": {
                "name": "Taxation"
            },
            "title": "Invest in America Act of 2011",
            "type": "HR",
            "url": "https://api.congress.gov/v3/bill/112/hr/2892?format=json"
        },
        {
            "congress": 112,
            "introducedDate": "2011-06-14",
            "latestAction": {
                "actionDate": "2011-06-27",
                "text": "Referred to the Subcommittee on Department Operations, Oversight, and Credit."
            },
            "number": "2175",
            "policyArea": {
                "name": "Government Operations and Politics"
            },
            "title": "Regulatory Balance Act",
            "type": "HR",
            "url": "https://api.congress.gov/v3/bill/112/hr/2175?format=json"
        },
        {
            "congress": 112,
            "introducedDate": "2011-05-26",
            "latestAction": {
                "actionDate": "2011-06-08",
                "text": "Referred to the Subcommittee on Rural Development, Research, Biotechnology, and Foreign Agriculture."
            },
            "number": "2031",
            "policyArea": {
                "name": "Agriculture and Food"
            },
            "title": "Expediting Agriculture Through Science Act",
            "type": "HR",
            "url": "https://api.congress.gov/v3/bill/112/hr/2031?format=json"
        },
        {
            "congress": 112,
            "introducedDate": "2011-04-15",
            "latestAction": {
                "actionDate": "2011-05-11",
                "text": "Referred to the Subcommittee on Department Operations, Oversight, and Credit."
            },
            "number": "1607",
            "policyArea": {
                "name": "Agriculture and Food"
            },
            "title": "Creating Real Opportunities for Prosperity (CROP) Act",
            "type": "HR",
            "url": "https://api.congress.gov/v3/bill/112/hr/1607?format=json"
        },
        {
            "congress": 112,
            "introducedDate": "2011-03-30",
            "latestAction": {
                "actionDate": "2012-01-03",
                "text": "Became Public Law No: 112-85."
            },
            "number": "1264",
            "policyArea": {
                "name": "Government Operations and Politics"
            },
            "title": "To designate the property between the United States Federal Courthouse and the Ed Jones Building located at 109 South Highland Avenue in Jackson, Tennessee, as the \"M.D. Anderson Plaza\" and to authorize the placement of a historical/identification marker on the grounds recognizing the achievements and philanthropy of M.D. Anderson.",
            "type": "HR",
            "url": "https://api.congress.gov/v3/bill/112/hr/1264?format=json"
        },
        {
            "congress": 112,
            "introducedDate": "2012-09-19",
            "latestAction": {
                "actionDate": "2012-10-02",
                "text": "Referred to the Subcommittee on the Constitution."
            },
            "number": "789",
            "policyArea": {
                "name": "Civil Rights and Liberties, Minority Issues"
            },
            "title": "Reaffirming the importance of religion in the lives of United States citizens and their freedom to exercise those beliefs peacefully.",
            "type": "HRES",
            "url": "https://api.congress.gov/v3/bill/112/hres/789?format=json"
        },
        {
            "congress": 112,
            "introducedDate": "2011-02-17",
            "latestAction": {
                "actionDate": "2011-02-28",
                "text": "Referred to the Subcommittee on Health."
            },
            "number": "98",
            "policyArea": {
                "name": "Health"
            },
            "title": "Expressing the Sense of the House of Representatives that the Commissioner of the Food and Drug Administration should give the greatest weight in making critical policy decisions to readily available hard science data, including evidence from the natural sciences, physical sciences, and computing sciences.",
            "type": "HRES",
            "url": "https://api.congress.gov/v3/bill/112/hres/98?format=json"
        },
        {
            "congress": 114,
            "introducedDate": "2016-12-12",
            "latestAction": {
                "actionDate": "2016-12-22",
                "text": "Referred to the Subcommittee on Crime, Terrorism, Homeland Security, and Investigations."
            },
            "number": "6527",
            "policyArea": {
                "name": "Crime and Law Enforcement"
            },
            "title": "SADD Act of 2016",
            "type": "HR",
            "url": "https://api.congress.gov/v3/bill/114/hr/6527?format=json"
        },
        {
            "congress": 114,
            "introducedDate": "2015-12-15",
            "latestAction": {
                "actionDate": "2015-12-16",
                "text": "Referred to the Subcommittee on Economic Opportunity."
            },
            "number": "4252",
            "policyArea": {
                "name": "Armed Forces and National Security"
            },
            "title": "Foreclosure Relief and Extension for Servicemembers Act of 2015",
            "type": "HR",
            "url": "https://api.congress.gov/v3/bill/114/hr/4252?format=json"
        },
        {
            "congress": 114,
            "introducedDate": "2015-12-17",
            "latestAction": {
                "actionDate": "2016-01-15",
                "text": "Referred to the Subcommittee on Crime, Terrorism, Homeland Security, and Investigations."
            },
            "number": "4285",
            "policyArea": {
                "name": "Crime and Law Enforcement"
            },
            "title": "Prevent Terrorism from Entering our Prisons Act of 2015",
            "type": "HR",
            "url": "https://api.congress.gov/v3/bill/114/hr/4285?format=json"
        },
        {
            "congress": 114,
            "introducedDate": "2015-12-08",
            "latestAction": {
                "actionDate": "2015-12-08",
                "text": "Referred to the Committee on Foreign Affairs, and in addition to the Committee on Rules, for a period to be subsequently determined by the Speaker, in each case for consideration of such provisions as fall within the jurisdiction of the committee concerned."
            },
            "number": "4189",
            "policyArea": {
                "name": "International Affairs"
            },
            "title": "Stop Funding for Terrorism Act",
            "type": "HR",
            "url": "https://api.congress.gov/v3/bill/114/hr/4189?format=json"
        },
        {
            "congress": 114,
            "introducedDate": "2015-09-25",
            "latestAction": {
                "actionDate": "2015-09-25",
                "text": "Referred to the House Committee on Financial Services."
            },
            "number": "3611",
            "policyArea": {
                "name": "Foreign Trade and International Finance"
            },
            "title": "Export-Import Bank Reform and Reauthorization Act of 2015",
            "type": "HR",
            "url": "https://api.congress.gov/v3/bill/114/hr/3611?format=json"
        },
        {
            "congress": 114,
            "introducedDate": "2015-09-30",
            "latestAction": {
                "actionDate": "2015-10-27",
                "actionTime": "14:41:54",
                "text": "Motion to reconsider laid on the table Agreed to without objection."
            },
            "number": "450",
            "policyArea": {
                "name": "Congress"
            },
            "title": "Providing for the consideration of the bill (H.R. 597) to reauthorize the Export-Import Bank of the United States, and for other purposes.",
            "type": "HRES",
            "url": "https://api.congress.gov/v3/bill/114/hres/450?format=json"
        },
        {
            "congress": 114,
            "introducedDate": "2015-07-09",
            "latestAction": {
                "actionDate": "2015-07-09",
                "text": "Referred to the House Committee on Financial Services."
            },
            "number": "2998",
            "policyArea": {
                "name": "Finance and Financial Sector"
            },
            "title": "CLAIM Act",
            "type": "HR",
            "url": "https://api.congress.gov/v3/bill/114/hr/2998?format=json"
        },
        {
            "congress": 114,
            "introducedDate": "2015-06-15",
            "latestAction": {
                "actionDate": "2016-12-12",
                "text": "Placed on the Union Calendar, Calendar No. 679."
            },
            "number": "2769",
            "policyArea": {
                "name": "Finance and Financial Sector"
            },
            "title": "Risk-Based Capital Study Act of 2015",
            "type": "HR",
            "url": "https://api.congress.gov/v3/bill/114/hr/2769?format=json"
        },
        {
            "congress": 114,
            "introducedDate": "2015-05-20",
            "latestAction": {
                "actionDate": "2015-06-05",
                "text": "Referred to the Subcommittee on Economic Opportunity."
            },
            "number": "2475",
            "policyArea": {
                "name": "Armed Forces and National Security"
            },
            "title": "Stability for Service Members Act",
            "type": "HR",
            "url": "https://api.congress.gov/v3/bill/114/hr/2475?format=json"
        },
        {
            "congress": 114,
            "introducedDate": "2015-04-22",
            "latestAction": {
                "actionDate": "2015-04-22",
                "text": "Referred to the House Committee on Agriculture."
            },
            "number": "1954",
            "policyArea": {
                "name": "Finance and Financial Sector"
            },
            "title": "Energize Emerging Opportunities Act",
            "type": "HR",
            "url": "https://api.congress.gov/v3/bill/114/hr/1954?format=json"
        },
        {
            "congress": 114,
            "introducedDate": "2015-03-26",
            "latestAction": {
                "actionDate": "2015-03-26",
                "text": "Referred to the House Committee on Financial Services."
            },
            "number": "1659",
            "policyArea": {
                "name": "Finance and Financial Sector"
            },
            "title": "Improving Access to Capital for Emerging Growth Companies Act",
            "type": "HR",
            "url": "https://api.congress.gov/v3/bill/114/hr/1659?format=json"
        },
        {
            "congress": 114,
            "introducedDate": "2015-02-02",
            "latestAction": {
                "actionDate": "2015-04-15",
                "text": "Received in the Senate and Read twice and referred to the Committee on Banking, Housing, and Urban Affairs."
            },
            "number": "650",
            "policyArea": {
                "name": "Housing and Community Development"
            },
            "title": "Preserving Access to Manufactured Housing Act of 2015",
            "type": "HR",
            "url": "https://api.congress.gov/v3/bill/114/hr/650?format=json"
        },
        {
            "congress": 114,
            "introducedDate": "2015-01-28",
            "latestAction": {
                "actionDate": "2015-10-29",
                "text": "Read the second time. Placed on Senate Legislative Calendar under General Orders. Calendar No. 282."
            },
            "number": "597",
            "policyArea": {
                "name": "Foreign Trade and International Finance"
            },
            "title": "Export-Import Bank Reform and Reauthorization Act of 2015",
            "type": "HR",
            "url": "https://api.congress.gov/v3/bill/114/hr/597?format=json"
        },
        {
            "congress": 114,
            "introducedDate": "2015-04-28",
            "latestAction": {
                "actionDate": "2015-07-15",
                "text": "Received in the Senate and Read twice and referred to the Committee on Banking, Housing, and Urban Affairs."
            },
            "number": "2064",
            "policyArea": {
                "name": "Finance and Financial Sector"
            },
            "title": "Improving Access to Capital for Emerging Growth Companies Act",
            "type": "HR",
            "url": "https://api.congress.gov/v3/bill/114/hr/2064?format=json"
        }
    ]
}