{
    "pagination": {
        "count": 25
    },
    "request": {
        "bioguideId": "h001060",
        "contentType": "application/json",
        "format": "json"
    },
    "sponsoredLegislation": [
        {
            "amendmentNumber": "64",
            "congress": 113,
            "introducedDate": "2013-05-17",
            "latestAction": {
                "actionDate": "2013-05-17",
                "actionTime": "13:00:11",
                "text": "On agreeing to the Hurt amendment (A002) Agreed to by recorded vote: 233 - 163 (Roll no. 157). "
            },
            "type": null,
            "url": "https://api.congress.gov/v3/amendment/113/hamdt/64?format=json"
        },
        {
            "congress": 113,
            "introducedDate": "2014-09-18",
            "latestAction": {
                "actionDate": "2014-09-19",
                "text": "Referred to the Subcommittee on Health."
            },
            "number": "5610",
            "policyArea": {
                "name": "Health"
            },
            "title": "Healthcare Consumer Privacy Act of 2014",
            "type": "HR",
            "url": "https://api.congress.gov/v3/bill/113/hr/5610?format=json"
        },
        {
            "congress": 113,
            "introducedDate": "2014-06-26",
            "latestAction": {
                "actionDate": "2014-06-26",
                "text": "Referred to the House Committee on Energy and Commerce."
            },
            "number": "4976",
            "policyArea": {
                "name": "Energy"
            },
            "title": "Supporting Home Owner Rights Enforcement Act",
            "type": "HR",
            "url": "https://api.congress.gov/v3/bill/113/hr/4976?format=json"
        },
        {
            "congress": 113,
            "introducedDate": "2014-03-06",
            "latestAction": {
                "actionDate": "2014-03-14",
                "text": "Ordered to be Reported (Amended) by the Yeas and Nays: 51 - 5."
            },
            "number": "4164",
            "policyArea": {
                "name": "Finance and Financial Sector"
            },
            "title": "Small Company Disclosure Simplification Act",
            "type": "HR",
            "url": "https://api.congress.gov/v3/bill/113/hr/4164?format=json"
        },
        {
            "congress": 113,
            "introducedDate": "2013-12-02",
            "latestAction": {
                "actionDate": "2013-12-06",
                "text": "Referred to the Subcommittee on Health."
            },
            "number": "3631",
            "policyArea": {
                "name": "Health"
            },
            "title": "Small Manufacturer Protection Act of 2013",
            "type": "HR",
            "url": "https://api.congress.gov/v3/bill/113/hr/3631?format=json"
        },
        {
            "congress": 113,
            "introducedDate": "2013-08-02",
            "latestAction": {
                "actionDate": "2013-08-02",
                "text": "Referred to the House Committee on Financial Services."
            },
            "number": "3029",
            "policyArea": {
                "name": "Finance and Financial Sector"
            },
            "title": "College Savings Enhancement Act of 2013",
            "type": "HR",
            "url": "https://api.congress.gov/v3/bill/113/hr/3029?format=json"
        },
        {
            "congress": 113,
            "introducedDate": "2013-08-01",
            "latestAction": {
                "actionDate": "2013-08-02",
                "text": "Referred to the Subcommittee on Water Resources and Environment."
            },
            "number": "2937",
            "policyArea": {
                "name": "Environmental Protection"
            },
            "title": "Commonsense Permitting for Job Creation Act of 2013",
            "type": "HR",
            "url": "https://api.congress.gov/v3/bill/113/hr/2937?format=json"
        },
        {
            "congress": 113,
            "introducedDate": "2013-06-28",
            "latestAction": {
                "actionDate": "2013-07-01",
                "text": "Referred to the Subcommittee on Water Resources and Environment."
            },
            "number": "2581",
            "policyArea": {
                "name": "Environmental Protection"
            },
            "title": "Preserving Rural Resources Act of 2013",
            "type": "HR",
            "url": "https://api.congress.gov/v3/bill/113/hr/2581?format=json"
        },
        {
            "congress": 113,
            "introducedDate": "2013-04-15",
            "latestAction": {
                "actionDate": "2013-07-09",
                "text": "Received in the Senate and Read twice and referred to the Committee on Banking, Housing, and Urban Affairs."
            },
            "number": "1564",
            "policyArea": {
                "name": "Finance and Financial Sector"
            },
            "title": "Audit Integrity and Job Protection Act",
            "type": "HR",
            "url": "https://api.congress.gov/v3/bill/113/hr/1564?format=json"
        },
        {
            "congress": 113,
            "introducedDate": "2013-03-13",
            "latestAction": {
                "actionDate": "2013-12-09",
                "text": "Received in the Senate and Read twice and referred to the Committee on Banking, Housing, and Urban Affairs."
            },
            "number": "1105",
            "policyArea": {
                "name": "Finance and Financial Sector"
            },
            "title": "Small Business Capital Access and Job Preservation Act",
            "type": "HR",
            "url": "https://api.congress.gov/v3/bill/113/hr/1105?format=json"
        },
        {
            "amendmentNumber": "191",
            "congress": 112,
            "introducedDate": "2011-03-16",
            "latestAction": {
                "actionDate": "2011-03-16",
                "actionTime": "16:10:41",
                "text": "On agreeing to the Hurt amendment (A002) Agreed to by voice vote. "
            },
            "type": null,
            "url": "https://api.congress.gov/v3/amendment/112/hamdt/191?format=json"
        },
        {
            "congress": 112,
            "introducedDate": "2012-09-21",
            "latestAction": {
                "actionDate": "2012-09-21",
                "text": "Referred to the House Committee on Oversight and Government Reform."
            },
            "number": "6520",
            "policyArea": {
                "name": "Government Operations and Politics"
            },
            "title": "No Taxpayer-Funded Lobbying Act",
            "type": "HR",
            "url": "https://api.congress.gov/v3/bill/112/hr/6520?format=json"
        },
        {
            "congress": 112,
            "introducedDate": "2012-03-28",
            "latestAction": {
                "actionDate": "2012-09-20",
                "text": "Placed on the Union Calendar, Calendar No. 494."
            },
            "number": "4278",
            "policyArea": {
                "name": "Environmental Protection"
            },
            "title": "Preserving Rural Resources Act of 2012",
            "type": "HR",
            "url": "https://api.congress.gov/v3/bill/112/hr/4278?format=json"
        },
        {
            "congress": 112,
            "introducedDate": "2011-12-14",
            "latestAction": {
                "actionDate": "2011-12-16",
                "text": "Referred to the Subcommittee on Energy and Power."
            },
            "number": "3663",
            "policyArea": {
                "name": "Energy"
            },
            "title": "Supporting Home Owner Rights Enforcement Act",
            "type": "HR",
            "url": "https://api.congress.gov/v3/bill/112/hr/3663?format=json"
        },
        {
            "congress": 112,
            "introducedDate": "2011-07-07",
            "latestAction": {
                "actionDate": "2011-07-12",
                "text": "Forwarded by Subcommittee to Full Committee (Amended) by Voice Vote ."
            },
            "number": "2440",
            "policyArea": {
                "name": "Housing and Community Development"
            },
            "title": "Market Transparency and Taxpayer Protection Act of 2011",
            "type": "HR",
            "url": "https://api.congress.gov/v3/bill/112/hr/2440?format=json"
        },
        {
            "congress": 112,
            "introducedDate": "2011-03-15",
            "latestAction": {
                "actionDate": "2011-07-12",
                "text": "Placed on the Union Calendar, Calendar No. 91."
            },
            "number": "1082",
            "policyArea": {
                "name": "Finance and Financial Sector"
            },
            "title": "Small Business Capital Access and Job Preservation Act",
            "type": "HR",
            "url": "https://api.congress.gov/v3/bill/112/hr/1082?format=json"
        },
        {
            "congress": 114,
            "introducedDate": "2016-06-09",
            "latestAction": {
                "actionDate": "2016-09-12",
                "text": "Received in the Senate and Read twice and referred to the Committee on Banking, Housing, and Urban Affairs."
            },
            "number": "5424",
            "policyArea": {
                "name": "Finance and Financial Sector"
            },
            "title": "Investment Advisers Modernization Act of 2016",
            "type": "HR",
            "url": "https://api.congress.gov/v3/bill/114/hr/5424?format=json"
        },
        {
            "congress": 114,
            "introducedDate": "2016-01-13",
            "latestAction": {
                "actionDate": "2016-02-03",
                "text": "Referred to the Subcommittee on Regulatory Reform, Commercial And Antitrust Law."
            },
            "number": "585",
            "policyArea": {
                "name": "Transportation and Public Works"
            },
            "title": "Expressing the sense of the House of Representatives regarding an Interstate 73 corridor transportation compact.",
            "type": "HRES",
            "url": "https://api.congress.gov/v3/bill/114/hres/585?format=json"
        },
        {
            "congress": 114,
            "introducedDate": "2015-07-31",
            "latestAction": {
                "actionDate": "2015-08-03",
                "text": "Referred to the Subcommittee on Water Resources and Environment."
            },
            "number": "3434",
            "policyArea": {
                "name": "Environmental Protection"
            },
            "title": "Commonsense Permitting for Job Creation Act of 2015",
            "type": "HR",
            "url": "https://api.congress.gov/v3/bill/114/hr/3434?format=json"
        },
        {
            "congress": 114,
            "introducedDate": "2015-07-21",
            "latestAction": {
                "actionDate": "2015-08-05",
                "text": "Referred to the Subcommittee on Health."
            },
            "number": "3122",
            "policyArea": {
                "name": "Armed Forces and National Security"
            },
            "title": "VALOR Act of 2015",
            "type": "HR",
            "url": "https://api.congress.gov/v3/bill/114/hr/3122?format=json"
        },
        {
            "congress": 114,
            "introducedDate": "2015-06-25",
            "latestAction": {
                "actionDate": "2015-06-26",
                "text": "Referred to the Subcommittee on Energy and Power."
            },
            "number": "2929",
            "policyArea": {
                "name": "Energy"
            },
            "title": "Supporting Home Owner Rights Enforcement Act",
            "type": "HR",
            "url": "https://api.congress.gov/v3/bill/114/hr/2929?format=json"
        },
        {
            "congress": 114,
            "introducedDate": "2015-05-15",
            "latestAction": {
                "actionDate": "2016-01-28",
                "text": "Placed on the Union Calendar, Calendar No. 306."
            },
            "number": "2354",
            "policyArea": {
                "name": "Finance and Financial Sector"
            },
            "title": "Streamlining Excessive and Costly Regulations Review Act",
            "type": "HR",
            "url": "https://api.congress.gov/v3/bill/114/hr/2354?format=json"
        },
        {
            "congress": 114,
            "introducedDate": "2015-04-22",
            "latestAction": {
                "actionDate": "2016-01-28",
                "text": "Placed on the Union Calendar, Calendar No. 302."
            },
            "number": "1965",
            "policyArea": {
                "name": "Finance and Financial Sector"
            },
            "title": "Small Company Disclosure Simplification Act",
            "type": "HR",
            "url": "https://api.congress.gov/v3/bill/114/hr/1965?format=json"
        },
        {
            "congress": 114,
            "introducedDate": "2015-03-18",
            "latestAction": {
                "actionDate": "2015-03-20",
                "text": "Referred to the Subcommittee on Health."
            },
            "number": "1446",
            "policyArea": {
                "name": "Health"
            },
            "title": "Healthcare Consumer Privacy Act of 2015",
            "type": "HR",
            "url": "https://api.congress.gov/v3/bill/114/hr/1446?format=json"
        },
        {
            "congress": 114,
            "introducedDate": "2015-04-21",
            "latestAction": {
                "actionDate": "2015-04-21",
                "text": "Referred to the House Committee on Financial Services."
            },
            "number": "1912",
            "policyArea": {
                "name": "Finance and Financial Sector"
            },
            "title": "Small Company Disclosure Simplification Act",
            "type": "HR",
            "url": "https://api.congress.gov/v3/bill/114/hr/1912?format=json"
        }
    ]
}