{
    "pagination": {
        "count": 97
    },
    "request": {
        "bioguideId": "l000593",
        "contentType": "application/json",
        "format": "json"
    },
    "sponsoredLegislation": [
        {
            "congress": 118,
            "introducedDate": "2024-07-11",
            "latestAction": {
                "actionDate": "2024-07-11",
                "text": "Referred to the Committee on Natural Resources, and in addition to the Committee on Agriculture, for a period to be subsequently determined by the Speaker, in each case for consideration of such provisions as fall within the jurisdiction of the committee concerned."
            },
            "number": "9012",
            "policyArea": {
                "name": null
            },
            "title": "To promote the development of renewable energy on public land, and for other purposes.",
            "type": "HR",
            "url": "https://api.congress.gov/v3/bill/118/hr/9012?format=json"
        },
        {
            "congress": 118,
            "introducedDate": "2024-06-28",
            "latestAction": {
                "actionDate": "2024-06-28",
                "text": "Referred to the House Committee on Veterans' Affairs."
            },
            "number": "8896",
            "policyArea": {
                "name": null
            },
            "title": "To amend title 38, United States Code, to authorize an individual who is awarded the Purple Heart for service in the Armed Forces to transfer unused Post-9/11 Educational Assistance to a family member, and for other purposes.",
            "type": "HR",
            "url": "https://api.congress.gov/v3/bill/118/hr/8896?format=json"
        },
        {
            "congress": 118,
            "introducedDate": "2024-03-19",
            "latestAction": {
                "actionDate": "2024-03-19",
                "text": "Referred to the House Committee on House Administration."
            },
            "number": "7723",
            "policyArea": {
                "name": "Government Operations and Politics"
            },
            "title": "To amend the Federal Election Campaign Act of 1971 to prohibit the solicitation and acceptance of a recurring contribution or donation in a campaign for election for Federal office by any method which does not require the contributor or donor to give affirmative consent to making the contribution or donation on a recurring basis, and for other purposes.",
            "type": "HR",
            "url": "https://api.congress.gov/v3/bill/118/hr/7723?format=json"
        },
        {
            "congress": 118,
            "introducedDate": "2024-03-05",
            "latestAction": {
                "actionDate": "2024-06-27",
                "text": "Forwarded by Subcommittee to Full Committee (Amended) by Voice Vote."
            },
            "number": "7543",
            "policyArea": {
                "name": "Armed Forces and National Security"
            },
            "title": "Guard and Reserve GI Bill Parity Act of 2024",
            "type": "HR",
            "url": "https://api.congress.gov/v3/bill/118/hr/7543?format=json"
        },
        {
            "congress": 118,
            "introducedDate": "2024-02-29",
            "latestAction": {
                "actionDate": "2024-03-08",
                "text": "Referred to the Subcommittee on Environment, Manufacturing, and Critical Materials."
            },
            "number": "7498",
            "policyArea": {
                "name": "Environmental Protection"
            },
            "title": "ZEVs Act of 2024",
            "type": "HR",
            "url": "https://api.congress.gov/v3/bill/118/hr/7498?format=json"
        },
        {
            "congress": 118,
            "introducedDate": "2024-01-31",
            "latestAction": {
                "actionDate": "2024-01-31",
                "text": "Referred to the House Committee on Energy and Commerce."
            },
            "number": "7172",
            "policyArea": {
                "name": "Energy"
            },
            "title": "100 Year Canister Life Act",
            "type": "HR",
            "url": "https://api.congress.gov/v3/bill/118/hr/7172?format=json"
        },
        {
            "congress": 118,
            "introducedDate": "2024-01-17",
            "latestAction": {
                "actionDate": "2024-01-17",
                "text": "Referred to the House Committee on Ways and Means."
            },
            "number": "7017",
            "policyArea": {
                "name": "Taxation"
            },
            "title": "To amend the Internal Revenue Code of 1986 to take certain Medicare premiums of household members into account in determining the health care insurance premiums tax credit.",
            "type": "HR",
            "url": "https://api.congress.gov/v3/bill/118/hr/7017?format=json"
        },
        {
            "congress": 118,
            "introducedDate": "2024-01-05",
            "latestAction": {
                "actionDate": "2024-01-09",
                "text": "Referred to the House Committee on Agriculture."
            },
            "number": "6916",
            "policyArea": {
                "name": "Agriculture and Food"
            },
            "title": "To require the Comptroller General of the United States to submit a report regarding outreach provided to veterans about the availability of supplemental nutrition assistance program benefits under the Food and Nutrition Act of 2008.",
            "type": "HR",
            "url": "https://api.congress.gov/v3/bill/118/hr/6916?format=json"
        },
        {
            "congress": 118,
            "introducedDate": "2023-12-15",
            "latestAction": {
                "actionDate": "2024-06-27",
                "text": "Subcommittee Hearings Held"
            },
            "number": "6841",
            "policyArea": {
                "name": "Public Lands and Natural Resources"
            },
            "title": "To amend the Coastal Zone Management Act of 1972 to allow the Secretary of Commerce to establish a Coastal and Estuarine Resilience and Restoration Program, and for other purposes.",
            "type": "HR",
            "url": "https://api.congress.gov/v3/bill/118/hr/6841?format=json"
        },
        {
            "congress": 118,
            "introducedDate": "2023-12-12",
            "latestAction": {
                "actionDate": "2023-12-12",
                "text": "Referred to the House Committee on Armed Services."
            },
            "number": "6725",
            "policyArea": {
                "name": "Armed Forces and National Security"
            },
            "title": "TIER Act",
            "type": "HR",
            "url": "https://api.congress.gov/v3/bill/118/hr/6725?format=json"
        },
        {
            "congress": 118,
            "introducedDate": "2023-12-07",
            "latestAction": {
                "actionDate": "2023-12-07",
                "text": "Referred to the House Committee on Armed Services."
            },
            "number": "6676",
            "policyArea": {
                "name": "Armed Forces and National Security"
            },
            "title": "Expanding Military Sexual Assault Data Collection Act",
            "type": "HR",
            "url": "https://api.congress.gov/v3/bill/118/hr/6676?format=json"
        },
        {
            "congress": 118,
            "introducedDate": "2023-11-02",
            "latestAction": {
                "actionDate": "2023-11-15",
                "text": "Forwarded by Subcommittee to Full Committee by Voice Vote."
            },
            "number": "6193",
            "policyArea": {
                "name": "Armed Forces and National Security"
            },
            "title": "VALOR Act",
            "type": "HR",
            "url": "https://api.congress.gov/v3/bill/118/hr/6193?format=json"
        },
        {
            "congress": 118,
            "introducedDate": "2023-10-18",
            "latestAction": {
                "actionDate": "2024-08-01",
                "text": "Placed on Senate Legislative Calendar under General Orders. Calendar No. 463."
            },
            "number": "5985",
            "policyArea": {
                "name": "Government Operations and Politics"
            },
            "title": "To designate the facility of the United States Postal Service located at 517 Seagaze Drive in Oceanside, California, as the \"Charlesetta Reece Allen Post Office Building\".",
            "type": "HR",
            "url": "https://api.congress.gov/v3/bill/118/hr/5985?format=json"
        },
        {
            "congress": 118,
            "introducedDate": "2023-09-27",
            "latestAction": {
                "actionDate": "2023-09-27",
                "text": "Referred to the House Committee on Foreign Affairs."
            },
            "number": "5765",
            "policyArea": {
                "name": "Armed Forces and National Security"
            },
            "title": "Passports for Purple Hearts Act",
            "type": "HR",
            "url": "https://api.congress.gov/v3/bill/118/hr/5765?format=json"
        },
        {
            "congress": 118,
            "introducedDate": "2023-09-21",
            "latestAction": {
                "actionDate": "2023-09-21",
                "text": "Referred to the Committee on Education and the Workforce, and in addition to the Committee on Armed Services, for a period to be subsequently determined by the Speaker, in each case for consideration of such provisions as fall within the jurisdiction of the committee concerned."
            },
            "number": "5619",
            "policyArea": {
                "name": "Agriculture and Food"
            },
            "title": "Military Dependents School Meal Eligibility Act of 2023",
            "type": "HR",
            "url": "https://api.congress.gov/v3/bill/118/hr/5619?format=json"
        },
        {
            "congress": 118,
            "introducedDate": "2023-08-01",
            "latestAction": {
                "actionDate": "2023-08-04",
                "text": "Referred to the Subcommittee on Energy, Climate and Grid Security."
            },
            "number": "5115",
            "policyArea": {
                "name": "Energy"
            },
            "title": "INSPECT Act",
            "type": "HR",
            "url": "https://api.congress.gov/v3/bill/118/hr/5115?format=json"
        },
        {
            "congress": 118,
            "introducedDate": "2023-07-27",
            "latestAction": {
                "actionDate": "2023-07-28",
                "text": "Referred to the Subcommittee on Environment, Manufacturing, and Critical Materials."
            },
            "number": "5016",
            "policyArea": {
                "name": "Environmental Protection"
            },
            "title": "Water Efficiency, Conservation, and Sustainability Act of 2023",
            "type": "HR",
            "url": "https://api.congress.gov/v3/bill/118/hr/5016?format=json"
        },
        {
            "congress": 118,
            "introducedDate": "2023-07-11",
            "latestAction": {
                "actionDate": "2023-07-14",
                "text": "Referred to the Subcommittee on Energy, Climate and Grid Security."
            },
            "number": "4530",
            "policyArea": {
                "name": "Energy"
            },
            "title": "NRC Office of Public Engagement and Participation Act of 2023",
            "type": "HR",
            "url": "https://api.congress.gov/v3/bill/118/hr/4530?format=json"
        },
        {
            "congress": 118,
            "introducedDate": "2023-06-27",
            "latestAction": {
                "actionDate": "2023-06-27",
                "text": "Referred to the House Committee on Education and the Workforce."
            },
            "number": "4379",
            "policyArea": {
                "name": "Agriculture and Food"
            },
            "title": "Stop Child Hunger Act of 2023",
            "type": "HR",
            "url": "https://api.congress.gov/v3/bill/118/hr/4379?format=json"
        },
        {
            "congress": 118,
            "introducedDate": "2023-06-09",
            "latestAction": {
                "actionDate": "2023-06-09",
                "text": "Referred to the House Committee on Natural Resources."
            },
            "number": "3978",
            "policyArea": {
                "name": "Energy"
            },
            "title": "Southern California Coast and Ocean Protection Act",
            "type": "HR",
            "url": "https://api.congress.gov/v3/bill/118/hr/3978?format=json"
        },
        {
            "congress": 118,
            "introducedDate": "2023-06-06",
            "latestAction": {
                "actionDate": "2023-06-09",
                "text": "Referred to the Subcommittee on Environment, Manufacturing, and Critical Materials."
            },
            "number": "3862",
            "policyArea": {
                "name": "Energy"
            },
            "title": "Spent Fuel Prioritization Act of 2023",
            "type": "HR",
            "url": "https://api.congress.gov/v3/bill/118/hr/3862?format=json"
        },
        {
            "congress": 118,
            "introducedDate": "2023-04-20",
            "latestAction": {
                "actionDate": "2023-04-20",
                "text": "Referred to the House Committee on Ways and Means."
            },
            "number": "2770",
            "policyArea": {
                "name": "Taxation"
            },
            "title": "Prevent Family Fire Act of 2023",
            "type": "HR",
            "url": "https://api.congress.gov/v3/bill/118/hr/2770?format=json"
        },
        {
            "congress": 118,
            "introducedDate": "2023-03-24",
            "latestAction": {
                "actionDate": "2023-09-20",
                "text": "Ordered to be Reported by Unanimous Consent."
            },
            "number": "1786",
            "policyArea": {
                "name": "Armed Forces and National Security"
            },
            "title": "GROW Act",
            "type": "HR",
            "url": "https://api.congress.gov/v3/bill/118/hr/1786?format=json"
        },
        {
            "congress": 118,
            "introducedDate": "2023-03-14",
            "latestAction": {
                "actionDate": "2023-03-14",
                "text": "Referred to the House Committee on Education and the Workforce."
            },
            "number": "1591",
            "policyArea": {
                "name": "Education"
            },
            "title": "To amend section 7014 of the Elementary and Secondary Education Act of 1965 to advance toward full Federal funding for impact aid, and for other purposes.",
            "type": "HR",
            "url": "https://api.congress.gov/v3/bill/118/hr/1591?format=json"
        },
        {
            "congress": 118,
            "introducedDate": "2023-03-01",
            "latestAction": {
                "actionDate": "2023-03-01",
                "text": "Referred to the House Committee on Foreign Affairs."
            },
            "number": "1305",
            "policyArea": {
                "name": "International Affairs"
            },
            "title": "SUPER BUGS Act of 2023",
            "type": "HR",
            "url": "https://api.congress.gov/v3/bill/118/hr/1305?format=json"
        },
        {
            "congress": 118,
            "introducedDate": "2023-02-10",
            "latestAction": {
                "actionDate": "2023-07-26",
                "text": "Ordered to be Reported in the Nature of a Substitute (Amended) by Voice Vote."
            },
            "number": "984",
            "policyArea": {
                "name": "Armed Forces and National Security"
            },
            "title": "Commitment to Veteran Support and Outreach Act",
            "type": "HR",
            "url": "https://api.congress.gov/v3/bill/118/hr/984?format=json"
        },
        {
            "congress": 118,
            "introducedDate": "2023-01-09",
            "latestAction": {
                "actionDate": "2023-01-20",
                "text": "Referred to the Subcommittee on Health."
            },
            "number": "177",
            "policyArea": {
                "name": "Health"
            },
            "title": "To amend title XI of the Social Security Act to ensure nursing facilities report information on medical directors of such facilities.",
            "type": "HR",
            "url": "https://api.congress.gov/v3/bill/118/hr/177?format=json"
        },
        {
            "congress": 118,
            "introducedDate": "2023-01-09",
            "latestAction": {
                "actionDate": "2023-02-21",
                "text": "Referred to the Subcommittee on Energy and Mineral Resources."
            },
            "number": "178",
            "policyArea": {
                "name": "Public Lands and Natural Resources"
            },
            "title": "Public Land Renewable Energy Development Act of 2023",
            "type": "HR",
            "url": "https://api.congress.gov/v3/bill/118/hr/178?format=json"
        },
        {
            "congress": 118,
            "introducedDate": "2024-03-12",
            "latestAction": {
                "actionDate": "2024-03-13",
                "text": "Referred to the Subcommittee on Water Resources and Environment."
            },
            "number": "7634",
            "policyArea": {
                "name": "Environmental Protection"
            },
            "title": "Plastic Pellet Free Waters Act",
            "type": "HR",
            "url": "https://api.congress.gov/v3/bill/118/hr/7634?format=json"
        },
        {
            "amendmentNumber": "158",
            "congress": 118,
            "introducedDate": "2023-03-29",
            "latestAction": {
                "actionDate": "2023-03-29",
                "actionTime": "20:15:38",
                "text": "On agreeing to the Levin amendment (A027) Failed by voice vote. "
            },
            "type": null,
            "url": "https://api.congress.gov/v3/amendment/118/hamdt/158?format=json"
        },
        {
            "amendmentNumber": "157",
            "congress": 118,
            "introducedDate": "2023-03-29",
            "latestAction": {
                "actionDate": "2023-03-30",
                "actionTime": "11:14:58",
                "text": "On agreeing to the Levin amendment (A026) Failed by recorded vote: 205 - 228 (Roll no. 176). (consideration: CR H1674)"
            },
            "type": null,
            "url": "https://api.congress.gov/v3/amendment/118/hamdt/157?format=json"
        },
        {
            "amendmentNumber": "23",
            "congress": 118,
            "introducedDate": "2023-01-26",
            "latestAction": {
                "actionDate": "2023-01-26",
                "actionTime": "18:07:13",
                "text": "On agreeing to the Levin amendment (A022) Failed by recorded vote: 213 - 218 (Roll no. 49). "
            },
            "type": null,
            "url": "https://api.congress.gov/v3/amendment/118/hamdt/23?format=json"
        },
        {
            "amendmentNumber": "26",
            "congress": 118,
            "introducedDate": "2023-01-26",
            "latestAction": {
                "actionDate": "2023-01-26",
                "actionTime": "18:13:30",
                "text": "On agreeing to the Levin amendment (A025) Failed by recorded vote: 210 - 222 (Roll no. 51). "
            },
            "type": null,
            "url": "https://api.congress.gov/v3/amendment/118/hamdt/26?format=json"
        },
        {
            "congress": 117,
            "introducedDate": "2022-12-14",
            "latestAction": {
                "actionDate": "2022-12-14",
                "text": "Referred to the House Committee on Energy and Commerce."
            },
            "number": "9555",
            "policyArea": {
                "name": "Environmental Protection"
            },
            "title": "ZEVs Act of 2022",
            "type": "HR",
            "url": "https://api.congress.gov/v3/bill/117/hr/9555?format=json"
        },
        {
            "congress": 117,
            "introducedDate": "2022-11-15",
            "latestAction": {
                "actionDate": "2022-11-15",
                "text": "Referred to the House Committee on Foreign Affairs."
            },
            "number": "9303",
            "policyArea": {
                "name": "International Affairs"
            },
            "title": "SUPER BUGS Act of 2022",
            "type": "HR",
            "url": "https://api.congress.gov/v3/bill/117/hr/9303?format=json"
        },
        {
            "congress": 117,
            "introducedDate": "2022-11-03",
            "latestAction": {
                "actionDate": "2022-11-04",
                "text": "Referred to the Subcommittee on Energy."
            },
            "number": "9267",
            "policyArea": {
                "name": "Energy"
            },
            "title": "100 Year Canister Life Act",
            "type": "HR",
            "url": "https://api.congress.gov/v3/bill/117/hr/9267?format=json"
        },
        {
            "congress": 117,
            "introducedDate": "2022-10-21",
            "latestAction": {
                "actionDate": "2022-10-24",
                "text": "Referred to the Subcommittee on Energy."
            },
            "number": "9215",
            "policyArea": {
                "name": "Energy"
            },
            "title": "NRC Office of Public Engagement and Participation Act of 2022",
            "type": "HR",
            "url": "https://api.congress.gov/v3/bill/117/hr/9215?format=json"
        },
        {
            "congress": 117,
            "introducedDate": "2022-09-29",
            "latestAction": {
                "actionDate": "2022-09-29",
                "text": "Referred to the House Committee on Ways and Means."
            },
            "number": "9060",
            "policyArea": {
                "name": "Taxation"
            },
            "title": "Prevent Family Fire Act of 2022",
            "type": "HR",
            "url": "https://api.congress.gov/v3/bill/117/hr/9060?format=json"
        },
        {
            "congress": 117,
            "introducedDate": "2022-09-15",
            "latestAction": {
                "actionDate": "2022-09-16",
                "text": "Referred to the Subcommittee on Health."
            },
            "number": "8832",
            "policyArea": {
                "name": "Health"
            },
            "title": "To amend title XI of the Social Security Act to ensure nursing facilities report information on medical directors of such facilities.",
            "type": "HR",
            "url": "https://api.congress.gov/v3/bill/117/hr/8832?format=json"
        },
        {
            "congress": 117,
            "introducedDate": "2022-08-30",
            "latestAction": {
                "actionDate": "2022-08-30",
                "text": "Referred to the House Committee on Veterans' Affairs."
            },
            "number": "8758",
            "policyArea": {
                "name": "Armed Forces and National Security"
            },
            "title": "Building Credit Access for Veterans Act of 2022",
            "type": "HR",
            "url": "https://api.congress.gov/v3/bill/117/hr/8758?format=json"
        },
        {
            "congress": 117,
            "introducedDate": "2022-08-02",
            "latestAction": {
                "actionDate": "2022-08-02",
                "text": "Referred to the House Committee on Energy and Commerce."
            },
            "number": "8646",
            "policyArea": {
                "name": "Energy"
            },
            "title": "INSPECT Act",
            "type": "HR",
            "url": "https://api.congress.gov/v3/bill/117/hr/8646?format=json"
        },
        {
            "congress": 117,
            "introducedDate": "2022-06-03",
            "latestAction": {
                "actionDate": "2023-01-05",
                "text": "Became Public Law No: 117-333."
            },
            "number": "7939",
            "policyArea": {
                "name": "Armed Forces and National Security"
            },
            "title": "Veterans Auto and Education Improvement Act of 2022",
            "type": "HR",
            "url": "https://api.congress.gov/v3/bill/117/hr/7939?format=json"
        },
        {
            "congress": 117,
            "introducedDate": "2022-05-27",
            "latestAction": {
                "actionDate": "2022-05-27",
                "text": "Referred to the House Committee on Armed Services."
            },
            "number": "7891",
            "policyArea": {
                "name": "Armed Forces and National Security"
            },
            "title": "TIER Act",
            "type": "HR",
            "url": "https://api.congress.gov/v3/bill/117/hr/7891?format=json"
        },
        {
            "congress": 117,
            "introducedDate": "2022-05-17",
            "latestAction": {
                "actionDate": "2022-06-16",
                "text": "Subcommittee Hearings Held."
            },
            "number": "7801",
            "policyArea": {
                "name": "Public Lands and Natural Resources"
            },
            "title": "To amend the Coastal Zone Management Act of 1972 to allow the Secretary of Commerce to establish a Coastal and Estuarine Resilience and Restoration Program, and for other purposes.",
            "type": "HR",
            "url": "https://api.congress.gov/v3/bill/117/hr/7801?format=json"
        },
        {
            "congress": 117,
            "introducedDate": "2022-05-17",
            "latestAction": {
                "actionDate": "2022-05-17",
                "text": "Referred to the House Committee on Energy and Commerce."
            },
            "number": "7800",
            "policyArea": {
                "name": "Energy"
            },
            "title": "Transportation Fuel Market Transparency Act",
            "type": "HR",
            "url": "https://api.congress.gov/v3/bill/117/hr/7800?format=json"
        },
        {
            "congress": 117,
            "introducedDate": "2022-04-28",
            "latestAction": {
                "actionDate": "2022-05-12",
                "text": "Subcommittee Hearings Held."
            },
            "number": "7612",
            "policyArea": {
                "name": "Water Resources Development"
            },
            "title": "Desalination Research Advancement Act",
            "type": "HR",
            "url": "https://api.congress.gov/v3/bill/117/hr/7612?format=json"
        },
        {
            "congress": 117,
            "introducedDate": "2022-04-07",
            "latestAction": {
                "actionDate": "2022-04-07",
                "text": "Referred to the House Committee on Education and Labor."
            },
            "number": "7470",
            "policyArea": {
                "name": "Education"
            },
            "title": "Veteran Service Equity Act",
            "type": "HR",
            "url": "https://api.congress.gov/v3/bill/117/hr/7470?format=json"
        },
        {
            "congress": 117,
            "introducedDate": "2022-04-01",
            "latestAction": {
                "actionDate": "2022-04-06",
                "text": "Ordered to be Reported by Voice Vote."
            },
            "number": "7369",
            "policyArea": {
                "name": "Armed Forces and National Security"
            },
            "title": "VENTURE Act",
            "type": "HR",
            "url": "https://api.congress.gov/v3/bill/117/hr/7369?format=json"
        },
        {
            "congress": 117,
            "introducedDate": "2022-03-08",
            "latestAction": {
                "actionDate": "2022-03-09",
                "text": "Referred to the Subcommittee on Health."
            },
            "number": "6988",
            "policyArea": {
                "name": "Health"
            },
            "title": "Drug Manufacturing Innovation Act of 2022",
            "type": "HR",
            "url": "https://api.congress.gov/v3/bill/117/hr/6988?format=json"
        },
        {
            "congress": 117,
            "introducedDate": "2022-02-09",
            "latestAction": {
                "actionDate": "2022-02-10",
                "text": "Referred to the Subcommittee on Energy."
            },
            "number": "6685",
            "policyArea": {
                "name": "Energy"
            },
            "title": "Spent Fuel Prioritization Act of 2022",
            "type": "HR",
            "url": "https://api.congress.gov/v3/bill/117/hr/6685?format=json"
        },
        {
            "congress": 117,
            "introducedDate": "2021-12-09",
            "latestAction": {
                "actionDate": "2021-12-09",
                "text": "Referred to the Committee on Education and Labor, and in addition to the Committee on Armed Services, for a period to be subsequently determined by the Speaker, in each case for consideration of such provisions as fall within the jurisdiction of the committee concerned."
            },
            "number": "6227",
            "policyArea": {
                "name": "Agriculture and Food"
            },
            "title": "Military Dependents School Meal Eligibility Act of 2021",
            "type": "HR",
            "url": "https://api.congress.gov/v3/bill/117/hr/6227?format=json"
        },
        {
            "congress": 117,
            "introducedDate": "2021-12-01",
            "latestAction": {
                "actionDate": "2021-12-01",
                "text": "Referred to the House Committee on Veterans' Affairs."
            },
            "number": "6112",
            "policyArea": {
                "name": "Armed Forces and National Security"
            },
            "title": "MOVE Act",
            "type": "HR",
            "url": "https://api.congress.gov/v3/bill/117/hr/6112?format=json"
        },
        {
            "congress": 117,
            "introducedDate": "2021-10-27",
            "latestAction": {
                "actionDate": "2022-07-19",
                "text": "Ordered to be Reported (Amended) by Voice Vote."
            },
            "number": "5752",
            "policyArea": {
                "name": "Armed Forces and National Security"
            },
            "title": "Emergency Relief for Servicemembers Act",
            "type": "HR",
            "url": "https://api.congress.gov/v3/bill/117/hr/5752?format=json"
        },
        {
            "congress": 117,
            "introducedDate": "2021-07-28",
            "latestAction": {
                "actionDate": "2022-12-05",
                "text": "Received in the Senate and Read twice and referred to the Committee on Veterans' Affairs."
            },
            "number": "4772",
            "policyArea": {
                "name": "Armed Forces and National Security"
            },
            "title": "Mark O\u2019Brien VA Clothing Allowance Improvement Act",
            "type": "HR",
            "url": "https://api.congress.gov/v3/bill/117/hr/4772?format=json"
        },
        {
            "congress": 117,
            "introducedDate": "2021-07-27",
            "latestAction": {
                "actionDate": "2021-08-09",
                "text": "Referred to the Subcommittee on Water, Oceans, and Wildlife."
            },
            "number": "4712",
            "policyArea": {
                "name": "Water Resources Development"
            },
            "title": "Desalination Development Act",
            "type": "HR",
            "url": "https://api.congress.gov/v3/bill/117/hr/4712?format=json"
        },
        {
            "congress": 117,
            "introducedDate": "2021-07-22",
            "latestAction": {
                "actionDate": "2021-07-28",
                "text": "Ordered to be Reported (Amended) by Voice Vote."
            },
            "number": "4657",
            "policyArea": {
                "name": "Armed Forces and National Security"
            },
            "title": "Veteran Home Energy Savings Act",
            "type": "HR",
            "url": "https://api.congress.gov/v3/bill/117/hr/4657?format=json"
        },
        {
            "congress": 117,
            "introducedDate": "2021-07-21",
            "latestAction": {
                "actionDate": "2022-12-05",
                "text": "Received in the Senate and Read twice and referred to the Committee on Veterans' Affairs."
            },
            "number": "4601",
            "policyArea": {
                "name": "Armed Forces and National Security"
            },
            "title": "Commitment to Veteran Support and Outreach Act",
            "type": "HR",
            "url": "https://api.congress.gov/v3/bill/117/hr/4601?format=json"
        },
        {
            "congress": 117,
            "introducedDate": "2021-09-28",
            "latestAction": {
                "actionDate": "2021-09-29",
                "text": "Referred to the Subcommittee on Energy."
            },
            "number": "5401",
            "policyArea": {
                "name": "Energy"
            },
            "title": "Nuclear Waste Task Force Act of 2021",
            "type": "HR",
            "url": "https://api.congress.gov/v3/bill/117/hr/5401?format=json"
        },
        {
            "congress": 117,
            "introducedDate": "2021-09-14",
            "latestAction": {
                "actionDate": "2021-09-14",
                "text": "Referred to the House Committee on Education and Labor."
            },
            "number": "5255",
            "policyArea": {
                "name": "Education"
            },
            "title": "To amend section 7014 of the Elementary and Secondary Education Act of 1965 to advance toward full Federal funding for impact aid, and for other purposes.",
            "type": "HR",
            "url": "https://api.congress.gov/v3/bill/117/hr/5255?format=json"
        },
        {
            "congress": 117,
            "introducedDate": "2021-04-14",
            "latestAction": {
                "actionDate": "2021-06-08",
                "text": "Became Public Law No: 117-16."
            },
            "number": "2523",
            "policyArea": {
                "name": "Armed Forces and National Security"
            },
            "title": "THRIVE Act",
            "type": "HR",
            "url": "https://api.congress.gov/v3/bill/117/hr/2523?format=json"
        },
        {
            "congress": 117,
            "introducedDate": "2021-06-11",
            "latestAction": {
                "actionDate": "2021-06-11",
                "text": "Referred to the House Committee on House Administration."
            },
            "number": "3832",
            "policyArea": {
                "name": "Government Operations and Politics"
            },
            "title": "To amend the Federal Election Campaign Act of 1971 to prohibit the solicitation and acceptance of a recurring contribution or donation in a campaign for election for Federal office by any method which does not require the contributor or donor to give affirmative consent to making the contribution or donation on a recurring basis, and for other purposes.",
            "type": "HR",
            "url": "https://api.congress.gov/v3/bill/117/hr/3832?format=json"
        },
        {
            "congress": 117,
            "introducedDate": "2021-06-01",
            "latestAction": {
                "actionDate": "2022-03-14",
                "text": "Became Public Law No: 117-98."
            },
            "number": "3665",
            "policyArea": {
                "name": "Armed Forces and National Security"
            },
            "title": "To designate the medical center of the Department of Veterans Affairs in San Diego, California, as the Jennifer Moreno Department of Veterans Affairs Medical Center, and to support the designation of a component of such medical center in honor of Kathleen Bruyere.",
            "type": "HR",
            "url": "https://api.congress.gov/v3/bill/117/hr/3665?format=json"
        },
        {
            "congress": 117,
            "introducedDate": "2021-05-25",
            "latestAction": {
                "actionDate": "2021-05-25",
                "text": "Referred to the House Committee on Education and Labor."
            },
            "number": "3519",
            "policyArea": {
                "name": "Agriculture and Food"
            },
            "title": "Stop Child Hunger Act of 2021",
            "type": "HR",
            "url": "https://api.congress.gov/v3/bill/117/hr/3519?format=json"
        },
        {
            "congress": 117,
            "introducedDate": "2021-05-19",
            "latestAction": {
                "actionDate": "2022-12-14",
                "text": "Placed on the Union Calendar, Calendar No. 459."
            },
            "number": "3326",
            "policyArea": {
                "name": "Public Lands and Natural Resources"
            },
            "title": "Public Land Renewable Energy Development Act of 2021",
            "type": "HR",
            "url": "https://api.congress.gov/v3/bill/117/hr/3326?format=json"
        },
        {
            "congress": 117,
            "introducedDate": "2021-05-07",
            "latestAction": {
                "actionDate": "2021-05-13",
                "text": "Subcommittee Hearings Held."
            },
            "number": "3053",
            "policyArea": {
                "name": "Energy"
            },
            "title": "American Coasts and Oceans Protection Act",
            "type": "HR",
            "url": "https://api.congress.gov/v3/bill/117/hr/3053?format=json"
        },
        {
            "congress": 117,
            "introducedDate": "2021-04-05",
            "latestAction": {
                "actionDate": "2021-04-06",
                "text": "Referred to the Subcommittee on Health."
            },
            "number": "2367",
            "policyArea": {
                "name": "Health"
            },
            "title": "SOBER Homes Act",
            "type": "HR",
            "url": "https://api.congress.gov/v3/bill/117/hr/2367?format=json"
        },
        {
            "congress": 117,
            "introducedDate": "2021-03-18",
            "latestAction": {
                "actionDate": "2021-03-18",
                "text": "Referred to the House Committee on Foreign Affairs."
            },
            "number": "2036",
            "policyArea": {
                "name": "International Affairs"
            },
            "title": "Saving Us from Pandemic Era Resistance by Building a Unified Global Strategy Act of 2021",
            "type": "HR",
            "url": "https://api.congress.gov/v3/bill/117/hr/2036?format=json"
        },
        {
            "congress": 117,
            "introducedDate": "2021-03-11",
            "latestAction": {
                "actionDate": "2022-01-13",
                "text": "Received in the Senate and Read twice and referred to the Committee on Veterans' Affairs."
            },
            "number": "1836",
            "policyArea": {
                "name": "Armed Forces and National Security"
            },
            "title": "Guard and Reserve GI Bill Parity Act of 2021",
            "type": "HR",
            "url": "https://api.congress.gov/v3/bill/117/hr/1836?format=json"
        },
        {
            "congress": 117,
            "introducedDate": "2021-03-02",
            "latestAction": {
                "actionDate": "2022-12-14",
                "text": "Placed on the Union Calendar, Calendar No. 452."
            },
            "number": "1503",
            "policyArea": {
                "name": "Energy"
            },
            "title": "Restoring Community Input and Public Protections in Oil and Gas Leasing Act of 2021",
            "type": "HR",
            "url": "https://api.congress.gov/v3/bill/117/hr/1503?format=json"
        },
        {
            "congress": 116,
            "introducedDate": "2020-11-12",
            "latestAction": {
                "actionDate": "2020-11-12",
                "text": "Referred to the House Committee on Ways and Means."
            },
            "number": "8743",
            "policyArea": {
                "name": "Taxation"
            },
            "title": "Solar Jobs Preservation Act of 2020",
            "type": "HR",
            "url": "https://api.congress.gov/v3/bill/116/hr/8743?format=json"
        },
        {
            "congress": 116,
            "introducedDate": "2020-10-23",
            "latestAction": {
                "actionDate": "2020-10-23",
                "text": "Referred to the House Committee on Energy and Commerce."
            },
            "number": "8673",
            "policyArea": {
                "name": "Energy"
            },
            "title": "INSPECT Act",
            "type": "HR",
            "url": "https://api.congress.gov/v3/bill/116/hr/8673?format=json"
        },
        {
            "congress": 116,
            "introducedDate": "2020-10-20",
            "latestAction": {
                "actionDate": "2020-10-20",
                "text": "Referred to the House Committee on Energy and Commerce."
            },
            "number": "8635",
            "policyArea": {
                "name": "Environmental Protection"
            },
            "title": "Zero-Emission Vehicles Act of 2020",
            "type": "HR",
            "url": "https://api.congress.gov/v3/bill/116/hr/8635?format=json"
        },
        {
            "amendmentNumber": "893",
            "congress": 116,
            "introducedDate": "2020-09-24",
            "latestAction": {
                "actionDate": "2020-09-24",
                "actionTime": "15:45:17",
                "text": "On agreeing to the Levin (CA) amendments (A006) Agreed to by the Yeas and Nays: 273 - 132 (Roll no. 204). "
            },
            "type": null,
            "url": "https://api.congress.gov/v3/amendment/116/hamdt/893?format=json"
        },
        {
            "congress": 116,
            "introducedDate": "2020-09-15",
            "latestAction": {
                "actionDate": "2020-09-15",
                "text": "Referred to the House Committee on Science, Space, and Technology."
            },
            "number": "8258",
            "policyArea": {
                "name": "Energy"
            },
            "title": "Spent Nuclear Fuel Solutions Research and Development Act",
            "type": "HR",
            "url": "https://api.congress.gov/v3/bill/116/hr/8258?format=json"
        },
        {
            "congress": 116,
            "introducedDate": "2020-07-09",
            "latestAction": {
                "actionDate": "2020-07-09",
                "text": "Referred to the House Committee on Armed Services."
            },
            "number": "7542",
            "policyArea": {
                "name": "Armed Forces and National Security"
            },
            "title": "To amend title 10, United States Code, to identify additional factors for the design of the counseling pathways of the Transition Assistance Program.",
            "type": "HR",
            "url": "https://api.congress.gov/v3/bill/116/hr/7542?format=json"
        },
        {
            "congress": 116,
            "introducedDate": "2020-07-01",
            "latestAction": {
                "actionDate": "2020-07-01",
                "text": "Referred to the House Committee on Veterans' Affairs."
            },
            "number": "7461",
            "policyArea": {
                "name": "Armed Forces and National Security"
            },
            "title": "To authorize appropriations for the Department of Veterans Affairs for construction and maintenance, and for other purposes.",
            "type": "HR",
            "url": "https://api.congress.gov/v3/bill/116/hr/7461?format=json"
        },
        {
            "congress": 116,
            "introducedDate": "2020-06-04",
            "latestAction": {
                "actionDate": "2021-01-05",
                "text": "Became Public Law No: 116-315."
            },
            "number": "7105",
            "policyArea": {
                "name": "Armed Forces and National Security"
            },
            "title": "Johnny Isakson and David P. Roe, M.D. Veterans Health Care and Benefits Improvement Act of 2020",
            "type": "HR",
            "url": "https://api.congress.gov/v3/bill/116/hr/7105?format=json"
        },
        {
            "congress": 116,
            "introducedDate": "2020-05-08",
            "latestAction": {
                "actionDate": "2020-09-30",
                "text": "Referred to the Subcommittee on Economic Opportunity."
            },
            "number": "6767",
            "policyArea": {
                "name": "Armed Forces and National Security"
            },
            "title": "To amend the Servicemembers Civil Relief Act to provide for an extension of lease protections for servicemembers under stop movement orders in response to a local, national, or global emergency.",
            "type": "HR",
            "url": "https://api.congress.gov/v3/bill/116/hr/6767?format=json"
        },
        {
            "congress": 116,
            "introducedDate": "2020-04-23",
            "latestAction": {
                "actionDate": "2020-04-23",
                "text": "Referred to the House Committee on Energy and Commerce."
            },
            "number": "6606",
            "policyArea": {
                "name": "Environmental Protection"
            },
            "title": "Clean Skies Act",
            "type": "HR",
            "url": "https://api.congress.gov/v3/bill/116/hr/6606?format=json"
        },
        {
            "congress": 116,
            "introducedDate": "2020-02-12",
            "latestAction": {
                "actionDate": "2020-03-02",
                "text": "Referred to the Subcommittee on Economic Opportunity."
            },
            "number": "5870",
            "policyArea": {
                "name": "Armed Forces and National Security"
            },
            "title": "Guard and Reserve GI Bill Parity Act of 2020",
            "type": "HR",
            "url": "https://api.congress.gov/v3/bill/116/hr/5870?format=json"
        },
        {
            "congress": 116,
            "introducedDate": "2019-12-19",
            "latestAction": {
                "actionDate": "2020-01-14",
                "text": "Referred to the Subcommittee on Health."
            },
            "number": "5516",
            "policyArea": {
                "name": "Armed Forces and National Security"
            },
            "title": "Commitment to Veteran Support and Outreach Act",
            "type": "HR",
            "url": "https://api.congress.gov/v3/bill/116/hr/5516?format=json"
        },
        {
            "congress": 116,
            "introducedDate": "2019-11-18",
            "latestAction": {
                "actionDate": "2019-11-18",
                "text": "Referred to the House Committee on Education and Labor."
            },
            "number": "5148",
            "policyArea": {
                "name": "Education"
            },
            "title": "Higher Education Standards Improvement Act",
            "type": "HR",
            "url": "https://api.congress.gov/v3/bill/116/hr/5148?format=json"
        },
        {
            "congress": 116,
            "introducedDate": "2019-10-30",
            "latestAction": {
                "actionDate": "2019-10-31",
                "text": "Sponsor introductory remarks on measure. (CR H8707)"
            },
            "number": "4926",
            "policyArea": {
                "name": "Taxation"
            },
            "title": "Prevent Family Fire Act of 2019",
            "type": "HR",
            "url": "https://api.congress.gov/v3/bill/116/hr/4926?format=json"
        },
        {
            "congress": 116,
            "introducedDate": "2019-10-08",
            "latestAction": {
                "actionDate": "2019-11-13",
                "text": "Received in the Senate and Read twice and referred to the Committee on Veterans' Affairs."
            },
            "number": "4625",
            "policyArea": {
                "name": "Armed Forces and National Security"
            },
            "title": "Protect the GI Bill Act",
            "type": "HR",
            "url": "https://api.congress.gov/v3/bill/116/hr/4625?format=json"
        },
        {
            "congress": 116,
            "introducedDate": "2019-10-04",
            "latestAction": {
                "actionDate": "2019-10-04",
                "text": "Referred to the House Committee on Education and Labor."
            },
            "number": "4609",
            "policyArea": {
                "name": "Education"
            },
            "title": "Veteran Service Equity Act",
            "type": "HR",
            "url": "https://api.congress.gov/v3/bill/116/hr/4609?format=json"
        },
        {
            "congress": 116,
            "introducedDate": "2019-09-26",
            "latestAction": {
                "actionDate": "2020-07-30",
                "text": "Ordered to be Reported (Amended) by Voice Vote."
            },
            "number": "4526",
            "policyArea": {
                "name": "Armed Forces and National Security"
            },
            "title": "Brian Tally VA Employment Transparency Act",
            "type": "HR",
            "url": "https://api.congress.gov/v3/bill/116/hr/4526?format=json"
        },
        {
            "congress": 116,
            "introducedDate": "2019-07-25",
            "latestAction": {
                "actionDate": "2019-07-26",
                "text": "Referred to the Subcommittee on Environment and Climate Change."
            },
            "number": "4039",
            "policyArea": {
                "name": "Environmental Protection"
            },
            "title": "Border Water Infrastructure Improvement Act",
            "type": "HR",
            "url": "https://api.congress.gov/v3/bill/116/hr/4039?format=json"
        },
        {
            "congress": 116,
            "introducedDate": "2019-07-11",
            "latestAction": {
                "actionDate": "2020-12-18",
                "text": "Placed on the Union Calendar, Calendar No. 552."
            },
            "number": "3723",
            "policyArea": {
                "name": "Water Resources Development"
            },
            "title": "Desalination Development Act",
            "type": "HR",
            "url": "https://api.congress.gov/v3/bill/116/hr/3723?format=json"
        },
        {
            "congress": 116,
            "introducedDate": "2019-07-10",
            "latestAction": {
                "actionDate": "2020-02-27",
                "text": "Subcommittee Hearings Held."
            },
            "number": "3681",
            "policyArea": {
                "name": "Public Lands and Natural Resources"
            },
            "title": "Green Spaces, Green Vehicles Act of 2019",
            "type": "HR",
            "url": "https://api.congress.gov/v3/bill/116/hr/3681?format=json"
        },
        {
            "congress": 116,
            "introducedDate": "2019-06-27",
            "latestAction": {
                "actionDate": "2019-06-27",
                "text": "Referred to the House Committee on Energy and Commerce."
            },
            "number": "470",
            "policyArea": {
                "name": "Health"
            },
            "title": "Expressing support for the designation of October 1, 2019, as \"National Health Literacy Day\" to recognize the value of health literacy in transforming and improving health and healthcare for all people in the United States.",
            "type": "HRES",
            "url": "https://api.congress.gov/v3/bill/116/hres/470?format=json"
        },
        {
            "congress": 116,
            "introducedDate": "2019-06-12",
            "latestAction": {
                "actionDate": "2020-12-24",
                "text": "Placed on the Union Calendar, Calendar No. 572."
            },
            "number": "3225",
            "policyArea": {
                "name": "Energy"
            },
            "title": "Restoring Community Input and Public Protections in Oil and Gas Leasing Act of 2020",
            "type": "HR",
            "url": "https://api.congress.gov/v3/bill/116/hr/3225?format=json"
        },
        {
            "congress": 116,
            "introducedDate": "2019-05-23",
            "latestAction": {
                "actionDate": "2019-05-24",
                "text": "Referred to the Subcommittee on Environment and Climate Change."
            },
            "number": "2995",
            "policyArea": {
                "name": "Energy"
            },
            "title": "Spent Fuel Pri\u00ador\u00adi\u00adti\u00adza\u00adtion Act of 2019",
            "type": "HR",
            "url": "https://api.congress.gov/v3/bill/116/hr/2995?format=json"
        },
        {
            "congress": 116,
            "introducedDate": "2019-05-22",
            "latestAction": {
                "actionDate": "2019-06-12",
                "text": "Referred to the Subcommittee on Economic Opportunity."
            },
            "number": "2924",
            "policyArea": {
                "name": "Armed Forces and National Security"
            },
            "title": "Housing for Women Veterans Act",
            "type": "HR",
            "url": "https://api.congress.gov/v3/bill/116/hr/2924?format=json"
        },
        {
            "congress": 116,
            "introducedDate": "2019-05-15",
            "latestAction": {
                "actionDate": "2019-05-16",
                "text": "Referred to the Subcommittee on Environment and Climate Change."
            },
            "number": "2764",
            "policyArea": {
                "name": "Environmental Protection"
            },
            "title": "Zero-Emission Vehicles Act of 2019",
            "type": "HR",
            "url": "https://api.congress.gov/v3/bill/116/hr/2764?format=json"
        },
        {
            "amendmentNumber": "194",
            "congress": 116,
            "introducedDate": "2019-05-02",
            "latestAction": {
                "actionDate": "2019-05-02",
                "actionTime": "10:15:51",
                "text": "On agreeing to the Levin (CA) amendment (A026) Agreed to by voice vote. "
            },
            "type": null,
            "url": "https://api.congress.gov/v3/amendment/116/hamdt/194?format=json"
        },
        {
            "congress": 116,
            "introducedDate": "2019-04-15",
            "latestAction": {
                "actionDate": "2019-05-22",
                "text": "Received in the Senate."
            },
            "number": "2326",
            "policyArea": {
                "name": "Armed Forces and National Security"
            },
            "title": "Navy SEAL Chief Petty Officer William \"Bill\" Mulder (Ret.) Transition Improvement Act of 2019",
            "type": "HR",
            "url": "https://api.congress.gov/v3/bill/116/hr/2326?format=json"
        },
        {
            "congress": 116,
            "introducedDate": "2019-03-14",
            "latestAction": {
                "actionDate": "2019-03-15",
                "text": "Referred to the Subcommittee on Readiness."
            },
            "number": "1792",
            "policyArea": {
                "name": "Armed Forces and National Security"
            },
            "title": "Ensuring Safe Housing for Our Military Act",
            "type": "HR",
            "url": "https://api.congress.gov/v3/bill/116/hr/1792?format=json"
        }
    ]
}