{
    "pagination": {
        "count": 133
    },
    "request": {
        "bioguideId": "m001165",
        "contentType": "application/json",
        "format": "json"
    },
    "sponsoredLegislation": [
        {
            "congress": 118,
            "introducedDate": "2023-12-12",
            "latestAction": {
                "actionDate": "2023-12-12",
                "text": "Referred to the House Committee on Natural Resources."
            },
            "number": "6718",
            "policyArea": {
                "name": "Public Lands and Natural Resources"
            },
            "title": "City of Ridgecrest Land Exchange Act",
            "type": "HR",
            "url": "https://api.congress.gov/v3/bill/118/hr/6718?format=json"
        },
        {
            "congress": 118,
            "introducedDate": "2023-10-26",
            "latestAction": {
                "actionDate": "2023-12-01",
                "text": "Placed on the Union Calendar, Calendar No. 232."
            },
            "number": "6068",
            "policyArea": {
                "name": "Social Welfare"
            },
            "title": "Clergy Act",
            "type": "HR",
            "url": "https://api.congress.gov/v3/bill/118/hr/6068?format=json"
        },
        {
            "congress": 118,
            "introducedDate": "2023-09-21",
            "latestAction": {
                "actionDate": "2024-07-24",
                "actionTime": "21:56:35",
                "text": "ASSUMING FIRST SPONSORSHIP - Mr. Fong asked unanimous consent that he may hereafter be considered as the first sponsor of H.R. 5617, a bill originally introduced by Representative McCarthy, for the purpose of adding cosponsors and requesting reprintings pursuant to clause 7 of rule XII. Agreed to without objection."
            },
            "number": "5617",
            "policyArea": {
                "name": "Science, Technology, Communications"
            },
            "title": "Space Transformation And Reliability Act",
            "type": "HR",
            "url": "https://api.congress.gov/v3/bill/118/hr/5617?format=json"
        },
        {
            "congress": 118,
            "introducedDate": "2023-07-17",
            "latestAction": {
                "actionDate": "2023-07-17",
                "actionTime": "19:11:47",
                "text": "Motion to reconsider laid on the table Agreed to without objection."
            },
            "number": "593",
            "policyArea": {
                "name": "Congress"
            },
            "title": "Authorizing video recording in the House Chamber during a joint meeting of Congress for certain educational purposes.",
            "type": "HRES",
            "url": "https://api.congress.gov/v3/bill/118/hres/593?format=json"
        },
        {
            "congress": 118,
            "introducedDate": "2023-06-20",
            "latestAction": {
                "actionDate": "2023-06-20",
                "actionTime": "19:09:34",
                "text": "Motion to reconsider laid on the table Agreed to without objection."
            },
            "number": "523",
            "policyArea": {
                "name": "Congress"
            },
            "title": "Authorizing video recording in the House Chamber during a joint meeting of Congress for certain educational purposes.",
            "type": "HRES",
            "url": "https://api.congress.gov/v3/bill/118/hres/523?format=json"
        },
        {
            "congress": 118,
            "introducedDate": "2023-04-26",
            "latestAction": {
                "actionDate": "2023-04-26",
                "actionTime": "18:00:54",
                "text": "Motion to reconsider laid on the table Agreed to without objection."
            },
            "number": "328",
            "policyArea": {
                "name": "Congress"
            },
            "title": "Authorizing video recording in the House Chamber during a joint meeting of Congress for certain educational purposes.",
            "type": "HRES",
            "url": "https://api.congress.gov/v3/bill/118/hres/328?format=json"
        },
        {
            "congress": 118,
            "introducedDate": "2023-04-28",
            "latestAction": {
                "actionDate": "2024-07-24",
                "actionTime": "21:56:02",
                "text": "ASSUMING FIRST SPONSORSHIP - Mr. Fong asked unanimous consent that he may hereafter be considered as the first sponsor of H.R. 2989, a bill originally introduced by Representative McCarthy, for the purpose of adding cosponsors and requesting reprintings pursuant to clause 7 of rule XII. Agreed to without objection."
            },
            "number": "2989",
            "policyArea": {
                "name": "Environmental Protection"
            },
            "title": "Save Our Sequoias Act",
            "type": "HR",
            "url": "https://api.congress.gov/v3/bill/118/hr/2989?format=json"
        },
        {
            "congress": 118,
            "introducedDate": "2023-01-09",
            "latestAction": {
                "actionDate": "2023-01-10",
                "actionTime": "16:24:07",
                "text": "Motion to reconsider laid on the table Agreed to without objection."
            },
            "number": "11",
            "policyArea": {
                "name": "Congress"
            },
            "title": "Establishing the Select Committee on the Strategic Competition Between the United States and the Chinese Communist Party.",
            "type": "HRES",
            "url": "https://api.congress.gov/v3/bill/118/hres/11?format=json"
        },
        {
            "congress": 118,
            "introducedDate": "2023-01-03",
            "latestAction": {
                "actionDate": "2023-01-06",
                "text": "Introduced in House"
            },
            "number": "4",
            "policyArea": {
                "name": null
            },
            "title": "Reserved for the Speaker.",
            "type": "HR",
            "url": "https://api.congress.gov/v3/bill/118/hr/4?format=json"
        },
        {
            "congress": 118,
            "introducedDate": "2023-01-03",
            "latestAction": {
                "actionDate": "2023-01-06",
                "text": "Introduced in House"
            },
            "number": "9",
            "policyArea": {
                "name": null
            },
            "title": "Reserved for the Speaker.",
            "type": "HR",
            "url": "https://api.congress.gov/v3/bill/118/hr/9?format=json"
        },
        {
            "congress": 118,
            "introducedDate": "2023-01-03",
            "latestAction": {
                "actionDate": "2023-01-06",
                "text": "Introduced in House"
            },
            "number": "6",
            "policyArea": {
                "name": null
            },
            "title": "Reserved for the Speaker.",
            "type": "HR",
            "url": "https://api.congress.gov/v3/bill/118/hr/6?format=json"
        },
        {
            "congress": 118,
            "introducedDate": "2023-01-03",
            "latestAction": {
                "actionDate": "2023-01-06",
                "text": "Introduced in House"
            },
            "number": "8",
            "policyArea": {
                "name": null
            },
            "title": "Reserved for the Speaker.",
            "type": "HR",
            "url": "https://api.congress.gov/v3/bill/118/hr/8?format=json"
        },
        {
            "congress": 118,
            "introducedDate": "2023-01-03",
            "latestAction": {
                "actionDate": "2023-01-06",
                "text": "Introduced in House"
            },
            "number": "10",
            "policyArea": {
                "name": null
            },
            "title": "Reserved for the Speaker.",
            "type": "HR",
            "url": "https://api.congress.gov/v3/bill/118/hr/10?format=json"
        },
        {
            "congress": 118,
            "introducedDate": "2023-01-03",
            "latestAction": {
                "actionDate": "2023-01-06",
                "text": "Introduced in House"
            },
            "number": "3",
            "policyArea": {
                "name": null
            },
            "title": "Reserved for the Speaker.",
            "type": "HR",
            "url": "https://api.congress.gov/v3/bill/118/hr/3?format=json"
        },
        {
            "congress": 117,
            "introducedDate": "2022-06-22",
            "latestAction": {
                "actionDate": "2022-08-03",
                "text": "Referred to the Subcommittee on Conservation and Forestry."
            },
            "number": "8168",
            "policyArea": {
                "name": "Environmental Protection"
            },
            "title": "Save Our Sequoias Act",
            "type": "HR",
            "url": "https://api.congress.gov/v3/bill/117/hr/8168?format=json"
        },
        {
            "congress": 117,
            "introducedDate": "2022-06-08",
            "latestAction": {
                "actionDate": "2022-06-08",
                "actionTime": "20:33:36",
                "text": "Motion to reconsider laid on the table Agreed to without objection."
            },
            "number": "1159",
            "policyArea": {
                "name": "Congress"
            },
            "title": "Electing Members to certain standing committees of the House of Representatives.",
            "type": "HRES",
            "url": "https://api.congress.gov/v3/bill/117/hres/1159?format=json"
        },
        {
            "congress": 117,
            "introducedDate": "2022-05-10",
            "latestAction": {
                "actionDate": "2022-05-11",
                "text": "Referred to the Subcommittee on Oversight, Management, and Accountability."
            },
            "number": "7690",
            "policyArea": {
                "name": "Government Operations and Politics"
            },
            "title": "To prohibit the use of Federal funds to establish or carry out the activities of a Disinformation Governance Board of the Department of Homeland Security, and for other purposes.",
            "type": "HR",
            "url": "https://api.congress.gov/v3/bill/117/hr/7690?format=json"
        },
        {
            "congress": 117,
            "introducedDate": "2022-03-28",
            "latestAction": {
                "actionDate": "2022-03-28",
                "actionTime": "19:33:41",
                "text": "Motion to reconsider laid on the table Agreed to without objection."
            },
            "number": "1004",
            "policyArea": {
                "name": "Congress"
            },
            "title": "Expressing the profound sorrow of the House of Representatives on the death of the Honorable Donald E. Young.",
            "type": "HRES",
            "url": "https://api.congress.gov/v3/bill/117/hres/1004?format=json"
        },
        {
            "congress": 117,
            "introducedDate": "2021-10-12",
            "latestAction": {
                "actionDate": "2021-10-13",
                "text": "Referred to the Subcommittee on Health."
            },
            "number": "5566",
            "policyArea": {
                "name": "Health"
            },
            "title": "FORWARD Act of 2021",
            "type": "HR",
            "url": "https://api.congress.gov/v3/bill/117/hr/5566?format=json"
        },
        {
            "congress": 117,
            "introducedDate": "2021-07-26",
            "latestAction": {
                "actionDate": "2021-07-26",
                "actionTime": "19:04:12",
                "text": "On motion to table the measure Agreed to by the Yeas and Nays: 218 - 197 (Roll no. 219)."
            },
            "number": "554",
            "policyArea": {
                "name": "Congress"
            },
            "title": "Raising a question of the privileges of the House.",
            "type": "HRES",
            "url": "https://api.congress.gov/v3/bill/117/hres/554?format=json"
        },
        {
            "congress": 117,
            "introducedDate": "2021-07-01",
            "latestAction": {
                "actionDate": "2021-07-01",
                "text": "Referred to the Committee on Appropriations, and in addition to the Committee on the Budget, for a period to be subsequently determined by the Speaker, in each case for consideration of such provisions as fall within the jurisdiction of the committee concerned."
            },
            "number": "54",
            "policyArea": {
                "name": "Armed Forces and National Security"
            },
            "title": "Emergency Supplemental Appropriations Resolution, 2021",
            "type": "HJRES",
            "url": "https://api.congress.gov/v3/bill/117/hjres/54?format=json"
        },
        {
            "congress": 117,
            "introducedDate": "2021-05-19",
            "latestAction": {
                "actionDate": "2021-05-19",
                "actionTime": "18:22:24",
                "text": "On motion to table the measure Agreed to by the Yeas and Nays: 218 - 210 (Roll no. 153). (text: CR H2591)"
            },
            "number": "414",
            "policyArea": {
                "name": "Congress"
            },
            "title": "Directing the Attending Physician to take timely action to provide updated mask wearing guidance applicable to the Hall of the House of Representatives and committee meeting spaces for Members and staff who are vaccinated against Covid-19, consistent with the public guidance released by the Centers for Disease Control and Prevention on May 13, 2021.",
            "type": "HRES",
            "url": "https://api.congress.gov/v3/bill/117/hres/414?format=json"
        },
        {
            "congress": 117,
            "introducedDate": "2021-04-20",
            "latestAction": {
                "actionDate": "2021-04-20",
                "actionTime": "16:30:37",
                "text": "On motion to table the measure Agreed to by the Yeas and Nays: 216 - 210 (Roll no. 122)."
            },
            "number": "331",
            "policyArea": {
                "name": "Congress"
            },
            "title": "Raising a question of the privileges of the House.",
            "type": "HRES",
            "url": "https://api.congress.gov/v3/bill/117/hres/331?format=json"
        },
        {
            "congress": 117,
            "introducedDate": "2021-04-14",
            "latestAction": {
                "actionDate": "2021-04-14",
                "actionTime": "12:10:39",
                "text": "Motion to reconsider laid on the table Agreed to without objection."
            },
            "number": "311",
            "policyArea": {
                "name": "Congress"
            },
            "title": "Electing a Member to certain standing committees of the House of Representatives.",
            "type": "HRES",
            "url": "https://api.congress.gov/v3/bill/117/hres/311?format=json"
        },
        {
            "congress": 117,
            "introducedDate": "2021-03-17",
            "latestAction": {
                "actionDate": "2021-03-18",
                "actionTime": "20:34:22",
                "text": "On motion to table the measure Agreed to by the Yeas and Nays: 218 - 200, 3 Present (Roll no. 94)."
            },
            "number": "243",
            "policyArea": {
                "name": "Congress"
            },
            "title": "Removing a certain Member from a certain committee of the House of Representatives.",
            "type": "HRES",
            "url": "https://api.congress.gov/v3/bill/117/hres/243?format=json"
        },
        {
            "congress": 116,
            "introducedDate": "2020-12-09",
            "latestAction": {
                "actionDate": "2020-12-09",
                "text": "Referred to the House Committee on House Administration."
            },
            "number": "1254",
            "policyArea": {
                "name": "Congress"
            },
            "title": "Establishing a task force to recommend an appropriate recognition of the historic life and career of Representative Joseph Rainey of South Carolina on the 150th anniversary of his becoming a Member of the House of Representatives.",
            "type": "HRES",
            "url": "https://api.congress.gov/v3/bill/116/hres/1254?format=json"
        },
        {
            "congress": 116,
            "introducedDate": "2020-10-20",
            "latestAction": {
                "actionDate": "2020-10-21",
                "text": "Referred to the Subcommittee on Highways and Transit."
            },
            "number": "12",
            "policyArea": {
                "name": "International Affairs"
            },
            "title": "CTF Act",
            "type": "HR",
            "url": "https://api.congress.gov/v3/bill/116/hr/12?format=json"
        },
        {
            "congress": 116,
            "introducedDate": "2020-09-16",
            "latestAction": {
                "actionDate": "2020-09-16",
                "text": "Referred to the Committee on Veterans' Affairs, and in addition to the Committee on Financial Services, for a period to be subsequently determined by the Speaker, in each case for consideration of such provisions as fall within the jurisdiction of the committee concerned."
            },
            "number": "8275",
            "policyArea": {
                "name": "Armed Forces and National Security"
            },
            "title": "Reducing Veteran Homelessness Act of 2020",
            "type": "HR",
            "url": "https://api.congress.gov/v3/bill/116/hr/8275?format=json"
        },
        {
            "congress": 116,
            "introducedDate": "2020-07-21",
            "latestAction": {
                "actionDate": "2020-07-21",
                "text": "Referred to the Committee on the Judiciary, and in addition to the Committee on Foreign Affairs, for a period to be subsequently determined by the Speaker, in each case for consideration of such provisions as fall within the jurisdiction of the committee concerned."
            },
            "number": "7708",
            "policyArea": {
                "name": "International Affairs"
            },
            "title": "Defend COVID Research from Hackers Act",
            "type": "HR",
            "url": "https://api.congress.gov/v3/bill/116/hr/7708?format=json"
        },
        {
            "congress": 116,
            "introducedDate": "2020-07-16",
            "latestAction": {
                "actionDate": "2020-08-07",
                "text": "Referred to the Subcommittee on National Parks, Forests, and Public Lands."
            },
            "number": "7646",
            "policyArea": {
                "name": "Public Lands and Natural Resources"
            },
            "title": "Protect America\u2019s Statues Act of 2020",
            "type": "HR",
            "url": "https://api.congress.gov/v3/bill/116/hr/7646?format=json"
        },
        {
            "congress": 116,
            "introducedDate": "2020-03-10",
            "latestAction": {
                "actionDate": "2020-03-10",
                "text": "Referred to the House Committee on House Administration."
            },
            "number": "6177",
            "policyArea": {
                "name": "Congress"
            },
            "title": "Members of Congress Tax Liability and Garnishment Accountability Act of 2020",
            "type": "HR",
            "url": "https://api.congress.gov/v3/bill/116/hr/6177?format=json"
        },
        {
            "congress": 116,
            "introducedDate": "2020-02-13",
            "latestAction": {
                "actionDate": "2020-02-13",
                "text": "Referred to the Subcommittee on Social Security."
            },
            "number": "5904",
            "policyArea": {
                "name": "Social Welfare"
            },
            "title": "Clergy Act of 2020",
            "type": "HR",
            "url": "https://api.congress.gov/v3/bill/116/hr/5904?format=json"
        },
        {
            "congress": 116,
            "introducedDate": "2020-02-05",
            "latestAction": {
                "actionDate": "2020-03-12",
                "text": "Ordered to be Reported (Amended) by Voice Vote."
            },
            "number": "5766",
            "policyArea": {
                "name": "Armed Forces and National Security"
            },
            "title": "VET TEC Expansion Act",
            "type": "HR",
            "url": "https://api.congress.gov/v3/bill/116/hr/5766?format=json"
        },
        {
            "congress": 116,
            "introducedDate": "2020-01-13",
            "latestAction": {
                "actionDate": "2020-01-13",
                "text": "Referred to the House Committee on Foreign Affairs."
            },
            "number": "791",
            "policyArea": {
                "name": "International Affairs"
            },
            "title": "Condemning the actions of the Government of Iran and supporting the protesters in Iran, their demands for accountability, and their desire for the Government of Iran to respect freedom and human rights.",
            "type": "HRES",
            "url": "https://api.congress.gov/v3/bill/116/hres/791?format=json"
        },
        {
            "congress": 116,
            "introducedDate": "2019-12-18",
            "latestAction": {
                "actionDate": "2019-12-18",
                "actionTime": "10:01:39",
                "text": "On motion to table the measure Agreed to by recorded vote: 226 - 191 (Roll no. 692)."
            },
            "number": "770",
            "policyArea": {
                "name": "Congress"
            },
            "title": "Disapproving the manner in which Chairman Adam B. Schiff of the Permanent Select Committee on Intelligence and Chairman Jerrold Lewis Nadler of the Committee on the Judiciary have conducted committee action during the impeachment inquiry of President Donald John Trump.",
            "type": "HRES",
            "url": "https://api.congress.gov/v3/bill/116/hres/770?format=json"
        },
        {
            "congress": 116,
            "introducedDate": "2019-09-27",
            "latestAction": {
                "actionDate": "2019-09-27",
                "actionTime": "11:28:49",
                "text": "On motion to table the measure Agreed to by recorded vote: 222 - 184 (Roll no. 555)."
            },
            "number": "603",
            "policyArea": {
                "name": "Congress"
            },
            "title": "Raising a question of the privileges of the House.",
            "type": "HRES",
            "url": "https://api.congress.gov/v3/bill/116/hres/603?format=json"
        },
        {
            "congress": 116,
            "introducedDate": "2019-09-25",
            "latestAction": {
                "actionDate": "2019-09-25",
                "actionTime": "18:21:19",
                "text": "On motion to table the measure Agreed to by recorded vote: 232 - 193 (Roll no. 547)."
            },
            "number": "590",
            "policyArea": {
                "name": "Congress"
            },
            "title": "Raising a question of the privileges of the House.",
            "type": "HRES",
            "url": "https://api.congress.gov/v3/bill/116/hres/590?format=json"
        },
        {
            "congress": 116,
            "introducedDate": "2019-05-21",
            "latestAction": {
                "actionDate": "2019-05-22",
                "text": "Referred to the Subcommittee on Health."
            },
            "number": "2858",
            "policyArea": {
                "name": "Health"
            },
            "title": "FORWARD Act of 2019",
            "type": "HR",
            "url": "https://api.congress.gov/v3/bill/116/hr/2858?format=json"
        },
        {
            "congress": 116,
            "introducedDate": "2019-05-14",
            "latestAction": {
                "actionDate": "2019-08-09",
                "text": "Became Public Law No: 116-41."
            },
            "number": "2695",
            "policyArea": {
                "name": "Water Resources Development"
            },
            "title": "To rename the Success Dam in Tulare County, California, as the Richard L. Schafer Dam.",
            "type": "HR",
            "url": "https://api.congress.gov/v3/bill/116/hr/2695?format=json"
        },
        {
            "congress": 116,
            "introducedDate": "2019-01-03",
            "latestAction": {
                "actionDate": "2019-01-03",
                "text": "Introduced in House"
            },
            "number": "15",
            "policyArea": {
                "name": null
            },
            "title": "Reserved for the Minority Leader.",
            "type": "HR",
            "url": "https://api.congress.gov/v3/bill/116/hr/15?format=json"
        },
        {
            "congress": 116,
            "introducedDate": "2019-03-07",
            "latestAction": {
                "actionDate": "2019-04-26",
                "text": "Referred to the Subcommittee on Commodity Exchanges, Energy, and Credit."
            },
            "number": "1600",
            "policyArea": {
                "name": "Water Resources Development"
            },
            "title": "Repurposing Assets to Increase Long-term Water Availability and Yield Act",
            "type": "HR",
            "url": "https://api.congress.gov/v3/bill/116/hr/1600?format=json"
        },
        {
            "congress": 113,
            "introducedDate": "2014-05-21",
            "latestAction": {
                "actionDate": "2014-06-11",
                "text": "Ordered to be Reported by the Yeas and Nays: 32 - 27."
            },
            "number": "4697",
            "policyArea": {
                "name": "Finance and Financial Sector"
            },
            "title": "Small-Cap Access to Capital Act",
            "type": "HR",
            "url": "https://api.congress.gov/v3/bill/113/hr/4697?format=json"
        },
        {
            "congress": 113,
            "introducedDate": "2014-04-10",
            "latestAction": {
                "actionDate": "2014-06-30",
                "text": "Placed on the Union Calendar, Calendar No. 378."
            },
            "number": "4458",
            "policyArea": {
                "name": "Public Lands and Natural Resources"
            },
            "title": "Naval Air Weapons Station China Lake Security Enhancement Act",
            "type": "HR",
            "url": "https://api.congress.gov/v3/bill/113/hr/4458?format=json"
        },
        {
            "congress": 113,
            "introducedDate": "2013-11-21",
            "latestAction": {
                "actionDate": "2014-01-24",
                "text": "Referred to the Subcommittee on Military Personnel."
            },
            "number": "3576",
            "policyArea": {
                "name": "Government Operations and Politics"
            },
            "title": "SENTRI Act",
            "type": "HR",
            "url": "https://api.congress.gov/v3/bill/113/hr/3576?format=json"
        },
        {
            "congress": 113,
            "introducedDate": "2013-08-02",
            "latestAction": {
                "actionDate": "2013-12-13",
                "text": "Referred to the Subcommittee on Space."
            },
            "number": "3038",
            "policyArea": {
                "name": "Science, Technology, Communications"
            },
            "title": "SOARS Act",
            "type": "HR",
            "url": "https://api.congress.gov/v3/bill/113/hr/3038?format=json"
        },
        {
            "congress": 113,
            "introducedDate": "2013-07-11",
            "latestAction": {
                "actionDate": "2014-03-27",
                "text": "Subcommittee Hearings Held."
            },
            "number": "2661",
            "policyArea": {
                "name": "Armed Forces and National Security"
            },
            "title": "Veterans Access to Timely Medical Appointments Act",
            "type": "HR",
            "url": "https://api.congress.gov/v3/bill/113/hr/2661?format=json"
        },
        {
            "congress": 113,
            "introducedDate": "2013-05-23",
            "latestAction": {
                "actionDate": "2013-11-06",
                "text": "Referred to the Subcommittee on Military Personnel."
            },
            "number": "2138",
            "policyArea": {
                "name": "Armed Forces and National Security"
            },
            "title": "Ending VA Claims Disability Backlog and Accountability Act",
            "type": "HR",
            "url": "https://api.congress.gov/v3/bill/113/hr/2138?format=json"
        },
        {
            "congress": 113,
            "introducedDate": "2013-04-23",
            "latestAction": {
                "actionDate": "2013-06-24",
                "text": "Placed on the Union Calendar, Calendar No. 87."
            },
            "number": "1673",
            "policyArea": {
                "name": "Public Lands and Natural Resources"
            },
            "title": "Naval Air Weapons Station China Lake Security Enhancement Act",
            "type": "HR",
            "url": "https://api.congress.gov/v3/bill/113/hr/1673?format=json"
        },
        {
            "congress": 113,
            "introducedDate": "2013-02-13",
            "latestAction": {
                "actionDate": "2014-01-16",
                "text": "Became Public Law No: 113-75."
            },
            "number": "667",
            "policyArea": {
                "name": "Science, Technology, Communications"
            },
            "title": "To redesignate the Dryden Flight Research Center as the Neil A. Armstrong Flight Research Center and the Western Aeronautical Test Range as the Hugh L. Dryden Aeronautical Test Range.",
            "type": "HR",
            "url": "https://api.congress.gov/v3/bill/113/hr/667?format=json"
        },
        {
            "congress": 113,
            "introducedDate": "2014-11-14",
            "latestAction": {
                "actionDate": "2014-12-04",
                "text": "Became Public Law No: 113-201."
            },
            "number": "129",
            "policyArea": {
                "name": "Congress"
            },
            "title": "Appointing the day for the convening of the first session of the One Hundred Fourteenth Congress.",
            "type": "HJRES",
            "url": "https://api.congress.gov/v3/bill/113/hjres/129?format=json"
        },
        {
            "congress": 113,
            "introducedDate": "2014-11-14",
            "latestAction": {
                "actionDate": "2014-11-14",
                "actionTime": "13:11:09",
                "text": "Motion to reconsider laid on the table Agreed to without objection."
            },
            "number": "753",
            "policyArea": {
                "name": "Congress"
            },
            "title": "Providing for the printing of a revised edition of the Rules and Manual of the House of Representatives for the One Hundred Fourteenth Congress.",
            "type": "HRES",
            "url": "https://api.congress.gov/v3/bill/113/hres/753?format=json"
        },
        {
            "amendmentNumber": "977",
            "congress": 112,
            "introducedDate": "2012-03-07",
            "latestAction": {
                "actionDate": "2012-03-07",
                "actionTime": "17:55:05",
                "text": "On agreeing to the McCarthy (CA) amendment (A010) Agreed to by voice vote. "
            },
            "type": null,
            "url": "https://api.congress.gov/v3/amendment/112/hamdt/977?format=json"
        },
        {
            "congress": 112,
            "introducedDate": "2012-11-29",
            "latestAction": {
                "actionDate": "2013-01-01",
                "text": "Received in the Senate and Read twice and referred to the Committee on Commerce, Science, and Transportation."
            },
            "number": "6612",
            "policyArea": {
                "name": "Science, Technology, Communications"
            },
            "title": "To redesignate the Dryden Flight Research Center as the Neil A. Armstrong Flight Research Center and the Western Aeronautical Test Range as the Hugh L. Dryden Aeronautical Test Range.",
            "type": "HR",
            "url": "https://api.congress.gov/v3/bill/112/hr/6612?format=json"
        },
        {
            "congress": 112,
            "introducedDate": "2011-10-07",
            "latestAction": {
                "actionDate": "2011-10-11",
                "text": "Referred to the Subcommittee on Railroads, Pipelines, and Hazardous Materials."
            },
            "number": "3143",
            "policyArea": {
                "name": "Transportation and Public Works"
            },
            "title": "To freeze the availability of Federal funding for high-speed rail projects in California, and for other purposes.",
            "type": "HR",
            "url": "https://api.congress.gov/v3/bill/112/hr/3143?format=json"
        },
        {
            "congress": 112,
            "introducedDate": "2011-09-15",
            "latestAction": {
                "actionDate": "2011-11-08",
                "text": "Read the second time. Placed on Senate Legislative Calendar under General Orders. Calendar No. 225."
            },
            "number": "2940",
            "policyArea": {
                "name": "Finance and Financial Sector"
            },
            "title": "Access to Capital for Job Creators Act",
            "type": "HR",
            "url": "https://api.congress.gov/v3/bill/112/hr/2940?format=json"
        },
        {
            "congress": 112,
            "introducedDate": "2011-04-15",
            "latestAction": {
                "actionDate": "2011-07-26",
                "text": "Subcommittee Hearings Held."
            },
            "number": "1581",
            "policyArea": {
                "name": "Public Lands and Natural Resources"
            },
            "title": "Wilderness and Roadless Area Release Act of 2011",
            "type": "HR",
            "url": "https://api.congress.gov/v3/bill/112/hr/1581?format=json"
        },
        {
            "congress": 112,
            "introducedDate": "2011-04-15",
            "latestAction": {
                "actionDate": "2011-04-25",
                "text": "Referred to the Subcommittee on Energy and Power."
            },
            "number": "1582",
            "policyArea": {
                "name": "Environmental Protection"
            },
            "title": "Commonsense Ozone Regulation Act",
            "type": "HR",
            "url": "https://api.congress.gov/v3/bill/112/hr/1582?format=json"
        },
        {
            "congress": 116,
            "introducedDate": "2019-01-23",
            "latestAction": {
                "actionDate": "2019-01-23",
                "text": "Referred to the House Committee on House Administration."
            },
            "number": "6",
            "policyArea": {
                "name": "Congress"
            },
            "title": "Providing for a joint session of Congress to receive a message from the President.",
            "type": "HCONRES",
            "url": "https://api.congress.gov/v3/bill/116/hconres/6?format=json"
        },
        {
            "congress": 116,
            "introducedDate": "2019-01-03",
            "latestAction": {
                "actionDate": "2019-01-03",
                "text": "Referred to the House Committee on Appropriations."
            },
            "number": "11",
            "policyArea": {
                "name": "Congress"
            },
            "title": "Providing the sense of the House of Representatives that the House should not adjourn until the annual appropriation bills within the jurisdiction of all the subcommittees of the Committee on Appropriations for the current fiscal year are enacted into law.",
            "type": "HRES",
            "url": "https://api.congress.gov/v3/bill/116/hres/11?format=json"
        },
        {
            "congress": 116,
            "introducedDate": "2019-01-03",
            "latestAction": {
                "actionDate": "2019-01-03",
                "actionTime": "21:56:31",
                "text": "Motion to reconsider laid on the table Agreed to without objection."
            },
            "number": "9",
            "policyArea": {
                "name": "Congress"
            },
            "title": "Providing for the designation of certain minority employees.",
            "type": "HRES",
            "url": "https://api.congress.gov/v3/bill/116/hres/9?format=json"
        },
        {
            "congress": 116,
            "introducedDate": "2019-01-03",
            "latestAction": {
                "actionDate": "2019-01-03",
                "text": "Introduced in House"
            },
            "number": "17",
            "policyArea": {
                "name": null
            },
            "title": "Reserved for the Minority Leader.",
            "type": "HR",
            "url": "https://api.congress.gov/v3/bill/116/hr/17?format=json"
        },
        {
            "congress": 116,
            "introducedDate": "2019-01-03",
            "latestAction": {
                "actionDate": "2019-01-03",
                "text": "Introduced in House"
            },
            "number": "18",
            "policyArea": {
                "name": null
            },
            "title": "Reserved for the Minority Leader.",
            "type": "HR",
            "url": "https://api.congress.gov/v3/bill/116/hr/18?format=json"
        },
        {
            "congress": 116,
            "introducedDate": "2019-01-03",
            "latestAction": {
                "actionDate": "2019-01-03",
                "text": "Introduced in House"
            },
            "number": "16",
            "policyArea": {
                "name": null
            },
            "title": "Reserved for the Minority Leader.",
            "type": "HR",
            "url": "https://api.congress.gov/v3/bill/116/hr/16?format=json"
        },
        {
            "congress": 115,
            "introducedDate": "2018-11-30",
            "latestAction": {
                "actionDate": "2018-11-30",
                "actionTime": "10:34:02",
                "text": "Motion to reconsider laid on the table Agreed to without objection."
            },
            "number": "1164",
            "policyArea": {
                "name": "Congress"
            },
            "title": "Providing for the printing of a revised edition of the Rules and Manual of the House of Representatives for the One Hundred Sixteenth Congress.",
            "type": "HRES",
            "url": "https://api.congress.gov/v3/bill/115/hres/1164?format=json"
        },
        {
            "congress": 115,
            "introducedDate": "2018-10-12",
            "latestAction": {
                "actionDate": "2018-10-18",
                "text": "Referred to the Subcommittee on Trade."
            },
            "number": "7059",
            "policyArea": {
                "name": "Immigration"
            },
            "title": "Build the Wall, Enforce the Law Act of 2018",
            "type": "HR",
            "url": "https://api.congress.gov/v3/bill/115/hr/7059?format=json"
        },
        {
            "congress": 115,
            "introducedDate": "2018-09-25",
            "latestAction": {
                "actionDate": "2018-10-03",
                "text": "Referred to the Subcommittee on Trade."
            },
            "number": "6888",
            "policyArea": {
                "name": "International Affairs"
            },
            "title": "Asia Reassurance Initiative Act of 2018",
            "type": "HR",
            "url": "https://api.congress.gov/v3/bill/115/hr/6888?format=json"
        },
        {
            "congress": 115,
            "introducedDate": "2018-09-20",
            "latestAction": {
                "actionDate": "2018-09-26",
                "actionTime": "17:36:23",
                "text": "Motion to reconsider laid on the table Agreed to without objection."
            },
            "number": "1071",
            "policyArea": {
                "name": "Government Operations and Politics"
            },
            "title": "Recognizing that allowing illegal immigrants the right to vote devalues the franchise and diminishes the voting power of United States citizens.",
            "type": "HRES",
            "url": "https://api.congress.gov/v3/bill/115/hres/1071?format=json"
        },
        {
            "congress": 115,
            "introducedDate": "2018-09-07",
            "latestAction": {
                "actionDate": "2018-09-26",
                "text": "Received in the Senate and Read twice and referred to the Committee on Homeland Security and Governmental Affairs."
            },
            "number": "6735",
            "policyArea": {
                "name": "Emergency Management"
            },
            "title": "Public-Private Cybersecurity Cooperation Act",
            "type": "HR",
            "url": "https://api.congress.gov/v3/bill/115/hr/6735?format=json"
        },
        {
            "congress": 115,
            "introducedDate": "2018-07-26",
            "latestAction": {
                "actionDate": "2018-07-27",
                "text": "Referred to the Subcommittee on Health."
            },
            "number": "6562",
            "policyArea": {
                "name": "Health"
            },
            "title": "FORWARD Act of 2018",
            "type": "HR",
            "url": "https://api.congress.gov/v3/bill/115/hr/6562?format=json"
        },
        {
            "congress": 115,
            "introducedDate": "2018-05-09",
            "latestAction": {
                "actionDate": "2018-06-20",
                "text": "Motion to discharge Senate Committees on Appropriations; the Budget rejected by Yea-Nay Vote. 48 - 50. Record Vote Number: 134."
            },
            "number": "3",
            "policyArea": {
                "name": "Economics and Public Finance"
            },
            "title": "Spending Cuts to Expired and Unnecessary Programs Act",
            "type": "HR",
            "url": "https://api.congress.gov/v3/bill/115/hr/3?format=json"
        },
        {
            "congress": 115,
            "introducedDate": "2018-04-13",
            "latestAction": {
                "actionDate": "2018-12-31",
                "text": "Became Public Law No: 115-402."
            },
            "number": "5509",
            "policyArea": {
                "name": "Science, Technology, Communications"
            },
            "title": "An act to direct the National Science Foundation to provide grants for research about STEM education approaches and the STEM-related workforce, and for other purposes",
            "type": "HR",
            "url": "https://api.congress.gov/v3/bill/115/hr/5509?format=json"
        },
        {
            "congress": 115,
            "introducedDate": "2018-02-05",
            "latestAction": {
                "actionDate": "2018-02-08",
                "text": "Message on Senate action sent to the House."
            },
            "number": "102",
            "policyArea": {
                "name": "Congress"
            },
            "title": "Authorizing the use of Emancipation Hall in the Capitol Visitor Center for an event to celebrate the 200th anniversary of the birth of Frederick Douglass.",
            "type": "HCONRES",
            "url": "https://api.congress.gov/v3/bill/115/hconres/102?format=json"
        },
        {
            "congress": 115,
            "introducedDate": "2018-01-08",
            "latestAction": {
                "actionDate": "2018-01-08",
                "actionTime": "18:57:08",
                "text": "Motion to reconsider laid on the table Agreed to without objection."
            },
            "number": "679",
            "policyArea": {
                "name": "Congress"
            },
            "title": "Providing for the hour of meeting of the House.",
            "type": "HRES",
            "url": "https://api.congress.gov/v3/bill/115/hres/679?format=json"
        },
        {
            "congress": 115,
            "introducedDate": "2018-01-08",
            "latestAction": {
                "actionDate": "2018-01-08",
                "actionTime": "18:56:26",
                "text": "Motion to reconsider laid on the table Agreed to without objection."
            },
            "number": "678",
            "policyArea": {
                "name": "Congress"
            },
            "title": "To inform the Senate that a quorum of the House has assembled.",
            "type": "HRES",
            "url": "https://api.congress.gov/v3/bill/115/hres/678?format=json"
        },
        {
            "congress": 115,
            "introducedDate": "2018-01-08",
            "latestAction": {
                "actionDate": "2018-01-08",
                "actionTime": "18:55:36",
                "text": "Motion to reconsider laid on the table Agreed to without objection."
            },
            "number": "677",
            "policyArea": {
                "name": "Congress"
            },
            "title": "Providing for a committee to notify the President of the assembly of the House of Representatives.",
            "type": "HRES",
            "url": "https://api.congress.gov/v3/bill/115/hres/677?format=json"
        },
        {
            "congress": 115,
            "introducedDate": "2017-07-17",
            "latestAction": {
                "actionDate": "2017-07-17",
                "text": "Referred to the House Committee on Financial Services."
            },
            "number": "3274",
            "policyArea": {
                "name": "Finance and Financial Sector"
            },
            "title": "President John F. Kennedy Commemorative Coin Act",
            "type": "HR",
            "url": "https://api.congress.gov/v3/bill/115/hr/3274?format=json"
        },
        {
            "congress": 115,
            "introducedDate": "2017-06-15",
            "latestAction": {
                "actionDate": "2017-06-15",
                "actionTime": "13:46:07",
                "text": "Motion to reconsider laid on the table Agreed to without objection."
            },
            "number": "385",
            "policyArea": {
                "name": "Congress"
            },
            "title": "Expressing gratitude for the heroic actions of the United States Capitol Police and other first responders in the attack on Members of Congress on June 14, 2017, and expressing hope for a full recovery for the injured.",
            "type": "HRES",
            "url": "https://api.congress.gov/v3/bill/115/hres/385?format=json"
        },
        {
            "congress": 114,
            "introducedDate": "2015-01-06",
            "latestAction": {
                "actionDate": "2015-01-06",
                "actionTime": "17:31:53",
                "text": "On agreeing to the resolution Agreed to by the Yeas and Nays: 234 - 172, 1 Present (Roll no. 6). (text: CR H7-10)"
            },
            "number": "5",
            "policyArea": {
                "name": "Congress"
            },
            "title": "Adopting rules for the One Hundred Fourteenth Congress.",
            "type": "HRES",
            "url": "https://api.congress.gov/v3/bill/114/hres/5?format=json"
        },
        {
            "congress": 114,
            "introducedDate": "2015-01-06",
            "latestAction": {
                "actionDate": "2015-01-06",
                "actionTime": "14:33:50",
                "text": "Motion to reconsider laid on the table Agreed to without objection."
            },
            "number": "2",
            "policyArea": {
                "name": "Congress"
            },
            "title": "To inform the Senate that a quorum of the House has assembled and of the election of the Speaker and the Clerk.",
            "type": "HRES",
            "url": "https://api.congress.gov/v3/bill/114/hres/2?format=json"
        },
        {
            "congress": 114,
            "introducedDate": "2015-01-06",
            "latestAction": {
                "actionDate": "2015-01-06",
                "actionTime": "14:34:27",
                "text": "Motion to reconsider laid on the table Agreed to without objection."
            },
            "number": "3",
            "policyArea": {
                "name": "Congress"
            },
            "title": "Authorizing the Speaker to appoint a committee to notify the President of the assembly of the Congress.",
            "type": "HRES",
            "url": "https://api.congress.gov/v3/bill/114/hres/3?format=json"
        },
        {
            "congress": 115,
            "introducedDate": "2017-04-06",
            "latestAction": {
                "actionDate": "2018-03-20",
                "text": "Became Public Law No: 115-140."
            },
            "number": "1988",
            "policyArea": {
                "name": "Government Operations and Politics"
            },
            "title": "An act to designate the facility of the United States Postal Service located at 1730 18th Street in Bakersfield, California, as the \"Merle Haggard Post Office Building\"",
            "type": "HR",
            "url": "https://api.congress.gov/v3/bill/115/hr/1988?format=json"
        },
        {
            "congress": 115,
            "introducedDate": "2017-04-06",
            "latestAction": {
                "actionDate": "2017-04-07",
                "text": "Referred to the Subcommittee on Economic Opportunity."
            },
            "number": "1989",
            "policyArea": {
                "name": "Armed Forces and National Security"
            },
            "title": "VET TEC Act",
            "type": "HR",
            "url": "https://api.congress.gov/v3/bill/115/hr/1989?format=json"
        },
        {
            "congress": 115,
            "introducedDate": "2017-01-03",
            "latestAction": {
                "actionDate": "2017-01-20",
                "text": "Became Public Law No: 115-1."
            },
            "number": "39",
            "policyArea": {
                "name": "Government Operations and Politics"
            },
            "title": "An act to amend title 5, United States Code, to codify the Presidential Innovation Fellows Program, and for other purposes",
            "type": "HR",
            "url": "https://api.congress.gov/v3/bill/115/hr/39?format=json"
        },
        {
            "congress": 115,
            "introducedDate": "2017-01-03",
            "latestAction": {
                "actionDate": "2017-01-03",
                "actionTime": "16:03:00",
                "text": "Motion to reconsider laid on the table Agreed to without objection."
            },
            "number": "5",
            "policyArea": {
                "name": "Congress"
            },
            "title": "Adopting rules for the One Hundred Fifteenth Congress.",
            "type": "HRES",
            "url": "https://api.congress.gov/v3/bill/115/hres/5?format=json"
        },
        {
            "congress": 115,
            "introducedDate": "2017-01-03",
            "latestAction": {
                "actionDate": "2017-01-03",
                "actionTime": "14:37:25",
                "text": "Pursuant to H. Res. 3, the Chair appointed the following Members to the committee on the part of the House to join a committee on the part of the Senate to notify the President of the United States that a quorum of each house has assembled and that Congress is ready to receive any communication that he may be pleased to make: Mr. McCarthy of California, and Ms. Pelosi of California."
            },
            "number": "3",
            "policyArea": {
                "name": "Congress"
            },
            "title": "Authorizing the Speaker to appoint a committee to notify the President of the assembly of the Congress.",
            "type": "HRES",
            "url": "https://api.congress.gov/v3/bill/115/hres/3?format=json"
        },
        {
            "congress": 115,
            "introducedDate": "2017-01-03",
            "latestAction": {
                "actionDate": "2017-01-03",
                "actionTime": "14:36:33",
                "text": "Motion to reconsider laid on the table Agreed to without objection."
            },
            "number": "2",
            "policyArea": {
                "name": "Congress"
            },
            "title": "To inform the Senate that a quorum of the House has assembled and of the election of the Speaker and the Clerk.",
            "type": "HRES",
            "url": "https://api.congress.gov/v3/bill/115/hres/2?format=json"
        },
        {
            "congress": 114,
            "introducedDate": "2016-12-06",
            "latestAction": {
                "actionDate": "2016-12-06",
                "actionTime": "17:41:30",
                "text": "Motion to reconsider laid on the table Agreed to without objection."
            },
            "number": "945",
            "policyArea": {
                "name": "Congress"
            },
            "title": "Providing for the printing of a revised edition of the Rules and Manual of the House of Representatives for the One Hundred Fifteenth Congress.",
            "type": "HRES",
            "url": "https://api.congress.gov/v3/bill/114/hres/945?format=json"
        },
        {
            "congress": 114,
            "introducedDate": "2016-09-13",
            "latestAction": {
                "actionDate": "2016-11-28",
                "text": "Became Public Law No: 114-248."
            },
            "number": "6007",
            "policyArea": {
                "name": "Transportation and Public Works"
            },
            "title": "To amend title 49, United States Code, to include consideration of certain impacts on commercial space launch and reentry activities in a navigable airspace analysis, and for other purposes.",
            "type": "HR",
            "url": "https://api.congress.gov/v3/bill/114/hr/6007?format=json"
        },
        {
            "congress": 114,
            "introducedDate": "2016-09-06",
            "latestAction": {
                "actionDate": "2016-09-09",
                "actionTime": "09:17:38",
                "text": "Motion to reconsider laid on the table Agreed to without objection."
            },
            "number": "842",
            "policyArea": {
                "name": "Government Operations and Politics"
            },
            "title": "Expressing the sense of the House of Representatives regarding the terrorist attacks launched against the United States on September 11, 2001, on the 15th anniversary of that date.",
            "type": "HRES",
            "url": "https://api.congress.gov/v3/bill/114/hres/842?format=json"
        },
        {
            "congress": 114,
            "introducedDate": "2016-07-07",
            "latestAction": {
                "actionDate": "2016-07-13",
                "text": "Received in the Senate and Read twice and referred to the Committee on Homeland Security and Governmental Affairs."
            },
            "number": "5658",
            "policyArea": {
                "name": "Government Operations and Politics"
            },
            "title": "TALENT Act of 2016",
            "type": "HR",
            "url": "https://api.congress.gov/v3/bill/114/hr/5658?format=json"
        },
        {
            "congress": 114,
            "introducedDate": "2016-07-06",
            "latestAction": {
                "actionDate": "2016-07-15",
                "text": "Referred to the Subcommittee on Trade."
            },
            "number": "5631",
            "policyArea": {
                "name": "International Affairs"
            },
            "title": "Iran Accountability Act of 2016",
            "type": "HR",
            "url": "https://api.congress.gov/v3/bill/114/hr/5631?format=json"
        },
        {
            "congress": 114,
            "introducedDate": "2016-07-01",
            "latestAction": {
                "actionDate": "2016-09-07",
                "text": "Referred to the Subcommittee on Terrorism, Nonproliferation, and Trade."
            },
            "number": "5611",
            "policyArea": {
                "name": "Emergency Management"
            },
            "title": "Homeland Safety and Security Act",
            "type": "HR",
            "url": "https://api.congress.gov/v3/bill/114/hr/5611?format=json"
        },
        {
            "congress": 114,
            "introducedDate": "2016-04-29",
            "latestAction": {
                "actionDate": "2016-04-29",
                "text": "Referred to the House Committee on Financial Services."
            },
            "number": "5137",
            "policyArea": {
                "name": "Housing and Community Development"
            },
            "title": "Moving to Work Reform and Expansion Act of 2016",
            "type": "HR",
            "url": "https://api.congress.gov/v3/bill/114/hr/5137?format=json"
        },
        {
            "congress": 114,
            "introducedDate": "2016-04-26",
            "latestAction": {
                "actionDate": "2016-05-11",
                "text": "Received in the Senate and Read twice and referred to the Committee on the Judiciary."
            },
            "number": "5052",
            "policyArea": {
                "name": "Crime and Law Enforcement"
            },
            "title": "OPEN Act",
            "type": "HR",
            "url": "https://api.congress.gov/v3/bill/114/hr/5052?format=json"
        },
        {
            "congress": 114,
            "introducedDate": "2016-03-03",
            "latestAction": {
                "actionDate": "2016-09-07",
                "text": "Committee on Indian Affairs. Hearings held. Hearings printed: S.Hrg. 114-538."
            },
            "number": "4685",
            "policyArea": {
                "name": "Native Americans"
            },
            "title": "Tule River Indian Reservation Land Trust, Health, and Economic Development Act",
            "type": "HR",
            "url": "https://api.congress.gov/v3/bill/114/hr/4685?format=json"
        },
        {
            "congress": 114,
            "introducedDate": "2016-02-23",
            "latestAction": {
                "actionDate": "2016-02-23",
                "actionTime": "19:06:30",
                "text": "Motion to reconsider laid on the table Agreed to without objection."
            },
            "number": "620",
            "policyArea": {
                "name": "Law"
            },
            "title": "Expressing the profound sorrow of the House of Representatives on the death of the Honorable Antonin Scalia, Associate Justice of the Supreme Court of the United States.",
            "type": "HRES",
            "url": "https://api.congress.gov/v3/bill/114/hres/620?format=json"
        },
        {
            "congress": 114,
            "introducedDate": "2016-01-05",
            "latestAction": {
                "actionDate": "2016-01-05",
                "actionTime": "18:59:59",
                "text": "Motion to reconsider laid on the table Agreed to without objection."
            },
            "number": "577",
            "policyArea": {
                "name": "Congress"
            },
            "title": "To inform the Senate that a quorum of the House has assembled.",
            "type": "HRES",
            "url": "https://api.congress.gov/v3/bill/114/hres/577?format=json"
        },
        {
            "congress": 114,
            "introducedDate": "2016-01-05",
            "latestAction": {
                "actionDate": "2016-01-05",
                "actionTime": "18:59:34",
                "text": "Motion to reconsider laid on the table Agreed to without objection."
            },
            "number": "576",
            "policyArea": {
                "name": "Congress"
            },
            "title": "Providing for a committee to notify the President of the assembly of the House of Representatives.",
            "type": "HRES",
            "url": "https://api.congress.gov/v3/bill/114/hres/576?format=json"
        },
        {
            "congress": 114,
            "introducedDate": "2015-12-15",
            "latestAction": {
                "actionDate": "2015-12-18",
                "text": "Message on Senate action sent to the House."
            },
            "number": "102",
            "policyArea": {
                "name": "Congress"
            },
            "title": "Providing for a joint session of Congress to receive a message from the President.",
            "type": "HCONRES",
            "url": "https://api.congress.gov/v3/bill/114/hconres/102?format=json"
        },
        {
            "congress": 114,
            "introducedDate": "2016-01-05",
            "latestAction": {
                "actionDate": "2016-01-05",
                "actionTime": "19:00:39",
                "text": "Motion to reconsider laid on the table Agreed to without objection."
            },
            "number": "578",
            "policyArea": {
                "name": "Congress"
            },
            "title": "Providing for the hour of meeting of the House.",
            "type": "HRES",
            "url": "https://api.congress.gov/v3/bill/114/hres/578?format=json"
        },
        {
            "congress": 114,
            "introducedDate": "2015-12-15",
            "latestAction": {
                "actionDate": "2015-12-18",
                "text": "Became Public Law No: 114-108."
            },
            "number": "76",
            "policyArea": {
                "name": "Congress"
            },
            "title": "Appointing the day for the convening of the second session of the One Hundred Fourteenth Congress.",
            "type": "HJRES",
            "url": "https://api.congress.gov/v3/bill/114/hjres/76?format=json"
        },
        {
            "congress": 114,
            "introducedDate": "2016-01-28",
            "latestAction": {
                "actionDate": "2016-03-04",
                "text": "Referred to the Subcommittee on Strategic Forces."
            },
            "number": "4395",
            "policyArea": {
                "name": "Armed Forces and National Security"
            },
            "title": "To repeal the provision permitting the use of rocket engines from the Russian Federation for the evolved expendable launch vehicle program.",
            "type": "HR",
            "url": "https://api.congress.gov/v3/bill/114/hr/4395?format=json"
        },
        {
            "congress": 114,
            "introducedDate": "2015-10-29",
            "latestAction": {
                "actionDate": "2015-10-29",
                "actionTime": "11:27:43",
                "text": "Motion to reconsider laid on the table Agreed to without objection."
            },
            "number": "503",
            "policyArea": {
                "name": "Congress"
            },
            "title": "Authorizing the Clerk to inform the President of the election of the Speaker.",
            "type": "HRES",
            "url": "https://api.congress.gov/v3/bill/114/hres/503?format=json"
        },
        {
            "congress": 114,
            "introducedDate": "2015-10-29",
            "latestAction": {
                "actionDate": "2015-10-29",
                "actionTime": "11:28:22",
                "text": "Motion to reconsider laid on the table Agreed to without objection."
            },
            "number": "504",
            "policyArea": {
                "name": "Congress"
            },
            "title": "To inform the Senate the election of the Speaker.",
            "type": "HRES",
            "url": "https://api.congress.gov/v3/bill/114/hres/504?format=json"
        },
        {
            "congress": 114,
            "introducedDate": "2015-05-12",
            "latestAction": {
                "actionDate": "2015-11-25",
                "text": "Became Public Law No: 114-90."
            },
            "number": "2262",
            "policyArea": {
                "name": "Science, Technology, Communications"
            },
            "title": "U.S. Commercial Space Launch Competitiveness Act",
            "type": "HR",
            "url": "https://api.congress.gov/v3/bill/114/hr/2262?format=json"
        },
        {
            "congress": 114,
            "introducedDate": "2015-06-04",
            "latestAction": {
                "actionDate": "2015-06-04",
                "actionTime": "12:46:27",
                "text": "Motion to reconsider laid on the table Agreed to without objection."
            },
            "number": "299",
            "policyArea": {
                "name": "Government Operations and Politics"
            },
            "title": "On the passing of Joseph Robinette Biden, III.",
            "type": "HRES",
            "url": "https://api.congress.gov/v3/bill/114/hres/299?format=json"
        },
        {
            "amendmentNumber": "528",
            "congress": 111,
            "introducedDate": "2009-12-10",
            "latestAction": {
                "actionDate": "2009-12-11",
                "actionTime": "11:21:32",
                "text": "On agreeing to the McCarthy (CA) amendment (A012) Failed by recorded vote: 166 - 259 (Roll no. 961). (consideration: CR H14762-14763; text: CR H14762)"
            },
            "type": null,
            "url": "https://api.congress.gov/v3/amendment/111/hamdt/528?format=json"
        },
        {
            "congress": 111,
            "introducedDate": "2010-07-30",
            "latestAction": {
                "actionDate": "2010-07-30",
                "text": "Referred to the House Committee on House Administration."
            },
            "number": "6009",
            "policyArea": {
                "name": "Government Operations and Politics"
            },
            "title": "To amend the Uniformed and Overseas Citizens Absentee Voting Act to require the Secretary of Defense to provide expedited delivery of marked absentee ballots of absent overseas uniformed services voters to the appropriate election officials when such ballots are collected on or before the last Friday before the election, and for other purposes.",
            "type": "HR",
            "url": "https://api.congress.gov/v3/bill/111/hr/6009?format=json"
        },
        {
            "congress": 111,
            "introducedDate": "2010-03-25",
            "latestAction": {
                "actionDate": "2010-03-25",
                "text": "Referred to the House Committee on Ways and Means."
            },
            "number": "4943",
            "policyArea": {
                "name": "Taxation"
            },
            "title": "Informed Taxpayers' Federal Government Annual Reporting Act of 2010",
            "type": "HR",
            "url": "https://api.congress.gov/v3/bill/111/hr/4943?format=json"
        },
        {
            "congress": 111,
            "introducedDate": "2010-01-13",
            "latestAction": {
                "actionDate": "2010-01-13",
                "text": "Referred to the House Committee on House Administration."
            },
            "number": "4449",
            "policyArea": {
                "name": "Government Operations and Politics"
            },
            "title": "Responsible Online Voter Empowerment Registration Act of 2010",
            "type": "HR",
            "url": "https://api.congress.gov/v3/bill/111/hr/4449?format=json"
        },
        {
            "congress": 111,
            "introducedDate": "2009-12-16",
            "latestAction": {
                "actionDate": "2009-12-17",
                "text": "Referred to the Subcommittee on Water Resources and Environment."
            },
            "number": "4352",
            "policyArea": {
                "name": "Environmental Protection"
            },
            "title": "Small and Rural Communities Wastewater Infrastructure Act",
            "type": "HR",
            "url": "https://api.congress.gov/v3/bill/111/hr/4352?format=json"
        },
        {
            "congress": 111,
            "introducedDate": "2009-06-19",
            "latestAction": {
                "actionDate": "2009-07-23",
                "text": "Referred to the Subcommittee on Courts and Competition Policy."
            },
            "number": "2961",
            "policyArea": {
                "name": "Law"
            },
            "title": "To create additional permanent and temporary judgeships for the eastern district of California, to provide for an additional place of holding court in the eastern district of California, and for other purposes.",
            "type": "HR",
            "url": "https://api.congress.gov/v3/bill/111/hr/2961?format=json"
        },
        {
            "congress": 111,
            "introducedDate": "2009-05-21",
            "latestAction": {
                "actionDate": "2009-05-21",
                "text": "Referred to the House Committee on Financial Services."
            },
            "number": "2622",
            "policyArea": {
                "name": "Finance and Financial Sector"
            },
            "title": "Compliance, Examinations, and Inspections Restructuring Act of 2009",
            "type": "HR",
            "url": "https://api.congress.gov/v3/bill/111/hr/2622?format=json"
        },
        {
            "congress": 111,
            "introducedDate": "2009-05-21",
            "latestAction": {
                "actionDate": "2009-07-30",
                "text": "Received in the Senate and Read twice and referred to the Committee on Banking, Housing, and Urban Affairs."
            },
            "number": "2623",
            "policyArea": {
                "name": "Finance and Financial Sector"
            },
            "title": "To amend the Federal securities laws to clarify and expand the definition of certain persons under those laws.",
            "type": "HR",
            "url": "https://api.congress.gov/v3/bill/111/hr/2623?format=json"
        },
        {
            "congress": 111,
            "introducedDate": "2009-05-21",
            "latestAction": {
                "actionDate": "2009-06-08",
                "text": "Referred to the Subcommittee on Military Personnel."
            },
            "number": "2621",
            "policyArea": {
                "name": "Armed Forces and National Security"
            },
            "title": "To amend title 10, United States Code, to use a time requirement for determining eligibility for the reimbursement of certain travel expenses.",
            "type": "HR",
            "url": "https://api.congress.gov/v3/bill/111/hr/2621?format=json"
        },
        {
            "congress": 111,
            "introducedDate": "2009-05-14",
            "latestAction": {
                "actionDate": "2009-05-14",
                "text": "Referred to the House Committee on Ways and Means."
            },
            "number": "2440",
            "policyArea": {
                "name": "Social Welfare"
            },
            "title": "More Transparent and Honest Communications with American Workers Reform Act of 2009",
            "type": "HR",
            "url": "https://api.congress.gov/v3/bill/111/hr/2440?format=json"
        },
        {
            "congress": 111,
            "introducedDate": "2009-05-13",
            "latestAction": {
                "actionDate": "2009-10-01",
                "text": "Placed on the Union Calendar, Calendar No. 158."
            },
            "number": "2393",
            "policyArea": {
                "name": "Government Operations and Politics"
            },
            "title": "Military Voting Protection Act of 2009",
            "type": "HR",
            "url": "https://api.congress.gov/v3/bill/111/hr/2393?format=json"
        },
        {
            "congress": 111,
            "introducedDate": "2009-04-27",
            "latestAction": {
                "actionDate": "2009-04-27",
                "text": "Referred to the House Committee on Financial Services."
            },
            "number": "2118",
            "policyArea": {
                "name": "Finance and Financial Sector"
            },
            "title": "To amend the Emergency Economic Stabilization Act of 2008 to provide for more detailed repayment procedures for assistance received under the Troubled Asset Relief Program.",
            "type": "HR",
            "url": "https://api.congress.gov/v3/bill/111/hr/2118?format=json"
        },
        {
            "congress": 111,
            "introducedDate": "2009-04-27",
            "latestAction": {
                "actionDate": "2009-04-27",
                "text": "Referred to the House Committee on Financial Services."
            },
            "number": "2119",
            "policyArea": {
                "name": "Finance and Financial Sector"
            },
            "title": "To amend the Emergency Economic Stabilization Act of 2008 to require that repayments of assistance from the Troubled Asset Relief Program funds go to paying down the public debt.",
            "type": "HR",
            "url": "https://api.congress.gov/v3/bill/111/hr/2119?format=json"
        },
        {
            "congress": 111,
            "introducedDate": "2009-03-26",
            "latestAction": {
                "actionDate": "2009-03-26",
                "text": "Referred to the House Committee on Ways and Means."
            },
            "number": "1743",
            "policyArea": {
                "name": "Taxation"
            },
            "title": "WIND Energy Act",
            "type": "HR",
            "url": "https://api.congress.gov/v3/bill/111/hr/1743?format=json"
        },
        {
            "congress": 111,
            "introducedDate": "2009-12-16",
            "latestAction": {
                "actionDate": "2010-01-21",
                "text": "Referred to the Subcommittee on Readiness."
            },
            "number": "984",
            "policyArea": {
                "name": "Armed Forces and National Security"
            },
            "title": "Recognizing the importance and contributions of the official United States naval history museums.",
            "type": "HRES",
            "url": "https://api.congress.gov/v3/bill/111/hres/984?format=json"
        },
        {
            "congress": 111,
            "introducedDate": "2009-05-06",
            "latestAction": {
                "actionDate": "2009-06-09",
                "actionTime": "15:51:56",
                "text": "Motion to reconsider laid on the table Agreed to without objection."
            },
            "number": "411",
            "policyArea": {
                "name": "Education"
            },
            "title": "Supporting the goals and ideals of the Intermediate Space Challenge in Mojave, California.",
            "type": "HRES",
            "url": "https://api.congress.gov/v3/bill/111/hres/411?format=json"
        },
        {
            "congress": 110,
            "introducedDate": "2008-08-01",
            "latestAction": {
                "actionDate": "2008-08-01",
                "text": "Referred to the House Committee on Ways and Means."
            },
            "number": "6818",
            "policyArea": {
                "name": "Taxation"
            },
            "title": "Spurring Our Limitless and Abundant Renewable Energy Act of 2008",
            "type": "HR",
            "url": "https://api.congress.gov/v3/bill/110/hr/6818?format=json"
        },
        {
            "congress": 110,
            "introducedDate": "2008-08-01",
            "latestAction": {
                "actionDate": "2008-08-01",
                "text": "Referred to the Subcommittee on Health."
            },
            "number": "6819",
            "policyArea": {
                "name": "Health"
            },
            "title": "To amend the Medicare Improvements for Patients and Providers Act of 2008 to eliminate certain inappropriate changes in law made to the Medicare Advantage program.",
            "type": "HR",
            "url": "https://api.congress.gov/v3/bill/110/hr/6819?format=json"
        },
        {
            "congress": 110,
            "introducedDate": "2008-06-26",
            "latestAction": {
                "actionDate": "2008-07-09",
                "text": "Referred to the Subcommittee on Health."
            },
            "number": "6386",
            "policyArea": {
                "name": "Health"
            },
            "title": "To amend title XVIII of the Social Security Act to extend and revise incentive payments for physician scarcity areas under part B of the Medicare Program.",
            "type": "HR",
            "url": "https://api.congress.gov/v3/bill/110/hr/6386?format=json"
        },
        {
            "congress": 110,
            "introducedDate": "2008-04-01",
            "latestAction": {
                "actionDate": "2008-04-01",
                "text": "Referred to the House Committee on House Administration."
            },
            "number": "5673",
            "policyArea": {
                "name": "Government Operations and Politics"
            },
            "title": "Military Voting Protection Act of 2008",
            "type": "HR",
            "url": "https://api.congress.gov/v3/bill/110/hr/5673?format=json"
        },
        {
            "congress": 110,
            "introducedDate": "2007-12-17",
            "latestAction": {
                "actionDate": "2007-12-20",
                "text": "Referred to the Subcommittee on Social Security."
            },
            "number": "4751",
            "policyArea": {
                "name": "Social Welfare"
            },
            "title": "More Transparent and Honest Communications with American Workers Reform Act of 2007",
            "type": "HR",
            "url": "https://api.congress.gov/v3/bill/110/hr/4751?format=json"
        },
        {
            "congress": 110,
            "introducedDate": "2007-10-02",
            "latestAction": {
                "actionDate": "2007-10-02",
                "text": "Referred to the House Committee on Oversight and Government Reform."
            },
            "number": "3729",
            "policyArea": {
                "name": "Commemorations"
            },
            "title": "To designate the facility of the United States Postal Service located at 427 North Street in Taft, California, as the \"Larry S. Pierce Post Office\".",
            "type": "HR",
            "url": "https://api.congress.gov/v3/bill/110/hr/3729?format=json"
        },
        {
            "congress": 110,
            "introducedDate": "2007-04-18",
            "latestAction": {
                "actionDate": "2007-04-18",
                "text": "Referred to the House Committee on Ways and Means."
            },
            "number": "1923",
            "policyArea": {
                "name": "Taxation"
            },
            "title": "American Marriage Tax Relief Act of 2007",
            "type": "HR",
            "url": "https://api.congress.gov/v3/bill/110/hr/1923?format=json"
        },
        {
            "congress": 110,
            "introducedDate": "2007-03-09",
            "latestAction": {
                "actionDate": "2007-03-09",
                "text": "Referred to the House Committee on the Judiciary."
            },
            "number": "1454",
            "policyArea": {
                "name": "Law"
            },
            "title": "To create 4 new permanent judgeships for the eastern district of California, to provide for an additional place of holding court in the eastern district of California, and for other purposes.",
            "type": "HR",
            "url": "https://api.congress.gov/v3/bill/110/hr/1454?format=json"
        },
        {
            "congress": 110,
            "introducedDate": "2007-03-07",
            "latestAction": {
                "actionDate": "2007-08-09",
                "text": "Became Public Law No: 110-60."
            },
            "number": "1384",
            "policyArea": {
                "name": "Commemorations"
            },
            "title": "To designate the facility of the United States Postal Service located at 118 Minner Street in Bakersfield, California, as the \"Buck Owens Post Office\".",
            "type": "HR",
            "url": "https://api.congress.gov/v3/bill/110/hr/1384?format=json"
        },
        {
            "congress": 110,
            "introducedDate": "2007-10-30",
            "latestAction": {
                "actionDate": "2007-10-30",
                "text": "Referred to the House Committee on Oversight and Government Reform."
            },
            "number": "784",
            "policyArea": {
                "name": "Government Operations and Politics"
            },
            "title": "Recognizing and honoring, in community post offices, the service of men and women of the U.S. Armed Forces deployed overseas.",
            "type": "HRES",
            "url": "https://api.congress.gov/v3/bill/110/hres/784?format=json"
        },
        {
            "congress": 110,
            "introducedDate": "2007-05-01",
            "latestAction": {
                "actionDate": "2007-07-24",
                "text": "Referred to the Subcommittee on Early Childhood, Elementary, and Secondary Education."
            },
            "number": "357",
            "policyArea": {
                "name": "Education"
            },
            "title": "Supporting the goals and ideals of the Intermediate Space Challenge in Mojave, California.",
            "type": "HRES",
            "url": "https://api.congress.gov/v3/bill/110/hres/357?format=json"
        }
    ]
}