{
    "pagination": {
        "count": 142
    },
    "request": {
        "bioguideId": "r000615",
        "contentType": "application/json",
        "format": "json"
    },
    "sponsoredLegislation": [
        {
            "amendmentNumber": "3190",
            "congress": 118,
            "introducedDate": "2024-07-29",
            "latestAction": null,
            "type": null,
            "url": "https://api.congress.gov/v3/amendment/118/samdt/3190?format=json"
        },
        {
            "amendmentNumber": "3175",
            "congress": 118,
            "introducedDate": "2024-07-25",
            "latestAction": null,
            "type": null,
            "url": "https://api.congress.gov/v3/amendment/118/samdt/3175?format=json"
        },
        {
            "congress": 118,
            "introducedDate": "2024-07-25",
            "latestAction": {
                "actionDate": "2024-07-25",
                "text": "Read twice and referred to the Committee on Health, Education, Labor, and Pensions."
            },
            "number": "4815",
            "policyArea": {
                "name": null
            },
            "title": "A bill to prohibit the mass cancellation of student loans.",
            "type": "S",
            "url": "https://api.congress.gov/v3/bill/118/s/4815?format=json"
        },
        {
            "congress": 118,
            "introducedDate": "2024-07-25",
            "latestAction": {
                "actionDate": "2024-07-25",
                "text": "Read twice and referred to the Committee on Health, Education, Labor, and Pensions."
            },
            "number": "4783",
            "policyArea": {
                "name": null
            },
            "title": "A bill to establish a program to recognize elementary schools and secondary schools that have implemented a policy to prohibit smartphone use by students during instructional hours and a program to recognize local educational agencies and State educational agencies that serve such schools.",
            "type": "S",
            "url": "https://api.congress.gov/v3/bill/118/s/4783?format=json"
        },
        {
            "amendmentNumber": "3165",
            "congress": 118,
            "introducedDate": "2024-07-24",
            "latestAction": null,
            "type": null,
            "url": "https://api.congress.gov/v3/amendment/118/samdt/3165?format=json"
        },
        {
            "amendmentNumber": "3166",
            "congress": 118,
            "introducedDate": "2024-07-24",
            "latestAction": null,
            "type": null,
            "url": "https://api.congress.gov/v3/amendment/118/samdt/3166?format=json"
        },
        {
            "amendmentNumber": "3168",
            "congress": 118,
            "introducedDate": "2024-07-24",
            "latestAction": null,
            "type": null,
            "url": "https://api.congress.gov/v3/amendment/118/samdt/3168?format=json"
        },
        {
            "amendmentNumber": "3093",
            "congress": 118,
            "introducedDate": "2024-07-24",
            "latestAction": null,
            "type": null,
            "url": "https://api.congress.gov/v3/amendment/118/samdt/3093?format=json"
        },
        {
            "amendmentNumber": "3019",
            "congress": 118,
            "introducedDate": "2024-07-23",
            "latestAction": null,
            "type": null,
            "url": "https://api.congress.gov/v3/amendment/118/samdt/3019?format=json"
        },
        {
            "amendmentNumber": "2111",
            "congress": 118,
            "introducedDate": "2024-07-09",
            "latestAction": null,
            "type": null,
            "url": "https://api.congress.gov/v3/amendment/118/samdt/2111?format=json"
        },
        {
            "amendmentNumber": "2110",
            "congress": 118,
            "introducedDate": "2024-07-09",
            "latestAction": null,
            "type": null,
            "url": "https://api.congress.gov/v3/amendment/118/samdt/2110?format=json"
        },
        {
            "amendmentNumber": "2112",
            "congress": 118,
            "introducedDate": "2024-07-09",
            "latestAction": null,
            "type": null,
            "url": "https://api.congress.gov/v3/amendment/118/samdt/2112?format=json"
        },
        {
            "amendmentNumber": "2104",
            "congress": 118,
            "introducedDate": "2024-07-09",
            "latestAction": null,
            "type": null,
            "url": "https://api.congress.gov/v3/amendment/118/samdt/2104?format=json"
        },
        {
            "amendmentNumber": "2106",
            "congress": 118,
            "introducedDate": "2024-07-09",
            "latestAction": null,
            "type": null,
            "url": "https://api.congress.gov/v3/amendment/118/samdt/2106?format=json"
        },
        {
            "amendmentNumber": "2105",
            "congress": 118,
            "introducedDate": "2024-07-09",
            "latestAction": null,
            "type": null,
            "url": "https://api.congress.gov/v3/amendment/118/samdt/2105?format=json"
        },
        {
            "amendmentNumber": "2103",
            "congress": 118,
            "introducedDate": "2024-07-09",
            "latestAction": null,
            "type": null,
            "url": "https://api.congress.gov/v3/amendment/118/samdt/2103?format=json"
        },
        {
            "amendmentNumber": "2107",
            "congress": 118,
            "introducedDate": "2024-07-09",
            "latestAction": null,
            "type": null,
            "url": "https://api.congress.gov/v3/amendment/118/samdt/2107?format=json"
        },
        {
            "amendmentNumber": "2108",
            "congress": 118,
            "introducedDate": "2024-07-09",
            "latestAction": null,
            "type": null,
            "url": "https://api.congress.gov/v3/amendment/118/samdt/2108?format=json"
        },
        {
            "amendmentNumber": "2109",
            "congress": 118,
            "introducedDate": "2024-07-09",
            "latestAction": null,
            "type": null,
            "url": "https://api.congress.gov/v3/amendment/118/samdt/2109?format=json"
        },
        {
            "amendmentNumber": "2101",
            "congress": 118,
            "introducedDate": "2024-07-09",
            "latestAction": null,
            "type": null,
            "url": "https://api.congress.gov/v3/amendment/118/samdt/2101?format=json"
        },
        {
            "amendmentNumber": "2102",
            "congress": 118,
            "introducedDate": "2024-07-09",
            "latestAction": null,
            "type": null,
            "url": "https://api.congress.gov/v3/amendment/118/samdt/2102?format=json"
        },
        {
            "congress": 118,
            "introducedDate": "2024-06-13",
            "latestAction": {
                "actionDate": "2024-06-13",
                "text": "Read twice and referred to the Committee on the Judiciary."
            },
            "number": "4529",
            "policyArea": {
                "name": null
            },
            "title": "Mandatory E-Verify Act of 2024",
            "type": "S",
            "url": "https://api.congress.gov/v3/bill/118/s/4529?format=json"
        },
        {
            "congress": 118,
            "introducedDate": "2024-06-11",
            "latestAction": {
                "actionDate": "2024-06-11",
                "text": "Read twice and referred to the Committee on Armed Services."
            },
            "number": "4496",
            "policyArea": {
                "name": null
            },
            "title": "Investing in Our Defense Act of 2024",
            "type": "S",
            "url": "https://api.congress.gov/v3/bill/118/s/4496?format=json"
        },
        {
            "congress": 118,
            "introducedDate": "2024-06-11",
            "latestAction": {
                "actionDate": "2024-06-11",
                "text": "Read twice and referred to the Committee on Armed Services."
            },
            "number": "4508",
            "policyArea": {
                "name": null
            },
            "title": "Bolstering Indo-Pacific Capabilities Act of 2024",
            "type": "S",
            "url": "https://api.congress.gov/v3/bill/118/s/4508?format=json"
        },
        {
            "congress": 118,
            "introducedDate": "2024-06-11",
            "latestAction": {
                "actionDate": "2024-06-11",
                "text": "Read twice and referred to the Committee on Armed Services."
            },
            "number": "4515",
            "policyArea": {
                "name": null
            },
            "title": "Combating Foreign Terrorist Drones Act of 2024",
            "type": "S",
            "url": "https://api.congress.gov/v3/bill/118/s/4515?format=json"
        },
        {
            "congress": 118,
            "introducedDate": "2024-05-08",
            "latestAction": {
                "actionDate": "2024-05-08",
                "text": "Read twice and referred to the Committee on Foreign Relations."
            },
            "number": "4279",
            "policyArea": {
                "name": null
            },
            "title": "Coordinating AUKUS Engagement with Japan Act of 2024",
            "type": "S",
            "url": "https://api.congress.gov/v3/bill/118/s/4279?format=json"
        },
        {
            "amendmentNumber": "2004",
            "congress": 118,
            "introducedDate": "2024-05-07",
            "latestAction": null,
            "type": null,
            "url": "https://api.congress.gov/v3/amendment/118/samdt/2004?format=json"
        },
        {
            "congress": 118,
            "introducedDate": "2024-05-07",
            "latestAction": {
                "actionDate": "2024-05-07",
                "text": "Read twice and referred to the Committee on Homeland Security and Governmental Affairs."
            },
            "number": "4266",
            "policyArea": {
                "name": null
            },
            "title": "Back to Work Act of 2024",
            "type": "S",
            "url": "https://api.congress.gov/v3/bill/118/s/4266?format=json"
        },
        {
            "amendmentNumber": "1997",
            "congress": 118,
            "introducedDate": "2024-05-02",
            "latestAction": null,
            "type": null,
            "url": "https://api.congress.gov/v3/amendment/118/samdt/1997?format=json"
        },
        {
            "congress": 118,
            "introducedDate": "2024-04-09",
            "latestAction": {
                "actionDate": "2024-04-10",
                "text": "Committee on Homeland Security and Governmental Affairs Subcommittee on Emerging Threats and Spending Oversight. Hearings held."
            },
            "number": "4085",
            "policyArea": {
                "name": "Foreign Trade and International Finance"
            },
            "title": "Export Controls Enforcement Improvement Act of 2024",
            "type": "S",
            "url": "https://api.congress.gov/v3/bill/118/s/4085?format=json"
        },
        {
            "amendmentNumber": "823",
            "congress": 118,
            "introducedDate": "2023-07-18",
            "latestAction": {
                "actionDate": "2023-07-20",
                "text": "Amendment SA 823 agreed to in Senate by Voice Vote."
            },
            "type": null,
            "url": "https://api.congress.gov/v3/amendment/118/samdt/823?format=json"
        },
        {
            "amendmentNumber": "767",
            "congress": 118,
            "introducedDate": "2023-07-13",
            "latestAction": null,
            "type": null,
            "url": "https://api.congress.gov/v3/amendment/118/samdt/767?format=json"
        },
        {
            "amendmentNumber": "156",
            "congress": 118,
            "introducedDate": "2023-07-12",
            "latestAction": null,
            "type": null,
            "url": "https://api.congress.gov/v3/amendment/118/samdt/156?format=json"
        },
        {
            "congress": 118,
            "introducedDate": "2024-03-21",
            "latestAction": {
                "actionDate": "2024-03-21",
                "text": "Read twice and referred to the Committee on Finance."
            },
            "number": "4026",
            "policyArea": {
                "name": "International Affairs"
            },
            "title": "American Economic Independence Act of 2024",
            "type": "S",
            "url": "https://api.congress.gov/v3/bill/118/s/4026?format=json"
        },
        {
            "congress": 117,
            "introducedDate": "2022-12-06",
            "latestAction": {
                "actionDate": "2022-12-06",
                "text": "Read twice and referred to the Committee on Foreign Relations."
            },
            "number": "5190",
            "policyArea": {
                "name": "International Affairs"
            },
            "title": "Ending China's Developing Nation Status Act",
            "type": "S",
            "url": "https://api.congress.gov/v3/bill/117/s/5190?format=json"
        },
        {
            "congress": 117,
            "introducedDate": "2022-07-14",
            "latestAction": {
                "actionDate": "2022-07-14",
                "text": "Read twice and referred to the Committee on Environment and Public Works."
            },
            "number": "4536",
            "policyArea": {
                "name": "Water Resources Development"
            },
            "title": "Great Salt Lake Recovery Act",
            "type": "S",
            "url": "https://api.congress.gov/v3/bill/117/s/4536?format=json"
        },
        {
            "congress": 118,
            "introducedDate": "2023-07-19",
            "latestAction": {
                "actionDate": "2023-07-19",
                "text": "Read twice and referred to the Committee on Health, Education, Labor, and Pensions."
            },
            "number": "2366",
            "policyArea": {
                "name": "Education"
            },
            "title": "Competency-Based Education Act of 2023",
            "type": "S",
            "url": "https://api.congress.gov/v3/bill/118/s/2366?format=json"
        },
        {
            "congress": 117,
            "introducedDate": "2022-12-07",
            "latestAction": {
                "actionDate": "2022-12-07",
                "text": "Read twice and referred to the Committee on Armed Services."
            },
            "number": "5195",
            "policyArea": {
                "name": "Armed Forces and National Security"
            },
            "title": "Critical Mineral Independence Act of 2022",
            "type": "S",
            "url": "https://api.congress.gov/v3/bill/117/s/5195?format=json"
        },
        {
            "congress": 118,
            "introducedDate": "2023-06-15",
            "latestAction": {
                "actionDate": "2023-06-15",
                "text": "Read twice and referred to the Committee on Armed Services."
            },
            "number": "2031",
            "policyArea": {
                "name": "Armed Forces and National Security"
            },
            "title": "Critical Mineral Independence Act of 2023",
            "type": "S",
            "url": "https://api.congress.gov/v3/bill/118/s/2031?format=json"
        },
        {
            "congress": 118,
            "introducedDate": "2023-06-15",
            "latestAction": {
                "actionDate": "2023-06-15",
                "text": "Read twice and referred to the Committee on Armed Services."
            },
            "number": "2017",
            "policyArea": {
                "name": "Armed Forces and National Security"
            },
            "title": "Sentinel Nuclear Deterrence Act of 2023",
            "type": "S",
            "url": "https://api.congress.gov/v3/bill/118/s/2017?format=json"
        },
        {
            "congress": 118,
            "introducedDate": "2023-06-01",
            "latestAction": {
                "actionDate": "2023-06-01",
                "text": "Read twice and referred to the Select Committee on Intelligence."
            },
            "number": "1791",
            "policyArea": {
                "name": "Armed Forces and National Security"
            },
            "title": "China Defense Spending Transparency Act",
            "type": "S",
            "url": "https://api.congress.gov/v3/bill/118/s/1791?format=json"
        },
        {
            "congress": 118,
            "introducedDate": "2023-06-07",
            "latestAction": {
                "actionDate": "2023-06-07",
                "text": "Read twice and referred to the Committee on Armed Services."
            },
            "number": "1841",
            "policyArea": {
                "name": "Armed Forces and National Security"
            },
            "title": "Military Service Promotion Act of 2023",
            "type": "S",
            "url": "https://api.congress.gov/v3/bill/118/s/1841?format=json"
        },
        {
            "congress": 118,
            "introducedDate": "2023-05-18",
            "latestAction": {
                "actionDate": "2023-05-18",
                "text": "Read twice and referred to the Committee on Armed Services."
            },
            "number": "1716",
            "policyArea": {
                "name": "Armed Forces and National Security"
            },
            "title": "Chemical and Biological Defense Program Improvement Act of 2023",
            "type": "S",
            "url": "https://api.congress.gov/v3/bill/118/s/1716?format=json"
        },
        {
            "amendmentNumber": "1263",
            "congress": 118,
            "introducedDate": "2023-09-19",
            "latestAction": null,
            "type": null,
            "url": "https://api.congress.gov/v3/amendment/118/samdt/1263?format=json"
        },
        {
            "amendmentNumber": "1262",
            "congress": 118,
            "introducedDate": "2023-09-19",
            "latestAction": null,
            "type": null,
            "url": "https://api.congress.gov/v3/amendment/118/samdt/1262?format=json"
        },
        {
            "congress": 118,
            "introducedDate": "2024-02-28",
            "latestAction": {
                "actionDate": "2024-02-28",
                "text": "Read twice and referred to the Committee on Health, Education, Labor, and Pensions."
            },
            "number": "3825",
            "policyArea": {
                "name": "Labor and Employment"
            },
            "title": "One Door to Work Act",
            "type": "S",
            "url": "https://api.congress.gov/v3/bill/118/s/3825?format=json"
        },
        {
            "congress": 118,
            "introducedDate": "2024-02-08",
            "latestAction": {
                "actionDate": "2024-02-08",
                "text": "Read twice and referred to the Committee on the Budget."
            },
            "number": "3777",
            "policyArea": {
                "name": "Economics and Public Finance"
            },
            "title": "Budgeting for Disasters Act",
            "type": "S",
            "url": "https://api.congress.gov/v3/bill/118/s/3777?format=json"
        },
        {
            "congress": 118,
            "introducedDate": "2023-02-09",
            "latestAction": {
                "actionDate": "2023-06-13",
                "text": "Placed on Senate Legislative Calendar under General Orders. Calendar No. 97."
            },
            "number": "308",
            "policyArea": {
                "name": "International Affairs"
            },
            "title": "Ending China's Developing Nation Status Act",
            "type": "S",
            "url": "https://api.congress.gov/v3/bill/118/s/308?format=json"
        },
        {
            "congress": 118,
            "introducedDate": "2023-03-09",
            "latestAction": {
                "actionDate": "2023-03-09",
                "text": "Read twice and referred to the Committee on Agriculture, Nutrition, and Forestry."
            },
            "number": "757",
            "policyArea": {
                "name": "Agriculture and Food"
            },
            "title": "MATCH Act of 2023",
            "type": "S",
            "url": "https://api.congress.gov/v3/bill/118/s/757?format=json"
        },
        {
            "congress": 118,
            "introducedDate": "2023-02-16",
            "latestAction": {
                "actionDate": "2023-02-16",
                "text": "Read twice and referred to the Committee on Health, Education, Labor, and Pensions."
            },
            "number": "478",
            "policyArea": {
                "name": "Education"
            },
            "title": "GRAD Act",
            "type": "S",
            "url": "https://api.congress.gov/v3/bill/118/s/478?format=json"
        },
        {
            "congress": 117,
            "introducedDate": "2021-04-20",
            "latestAction": {
                "actionDate": "2022-09-21",
                "text": "Placed on Senate Legislative Calendar under General Orders. Calendar No. 496."
            },
            "number": "1222",
            "policyArea": {
                "name": "Public Lands and Natural Resources"
            },
            "title": "Bonneville Shoreline Trail Advancement Act",
            "type": "S",
            "url": "https://api.congress.gov/v3/bill/117/s/1222?format=json"
        },
        {
            "congress": 117,
            "introducedDate": "2022-06-06",
            "latestAction": {
                "actionDate": "2022-06-06",
                "text": "Read twice and referred to the Committee on Health, Education, Labor, and Pensions."
            },
            "number": "4351",
            "policyArea": {
                "name": "Health"
            },
            "title": "Enhanced Access to Affordable Medicines Act of 2022",
            "type": "S",
            "url": "https://api.congress.gov/v3/bill/117/s/4351?format=json"
        },
        {
            "amendmentNumber": "6216",
            "congress": 117,
            "introducedDate": "2022-09-29",
            "latestAction": null,
            "type": null,
            "url": "https://api.congress.gov/v3/amendment/117/samdt/6216?format=json"
        },
        {
            "amendmentNumber": "6218",
            "congress": 117,
            "introducedDate": "2022-09-29",
            "latestAction": null,
            "type": null,
            "url": "https://api.congress.gov/v3/amendment/117/samdt/6218?format=json"
        },
        {
            "amendmentNumber": "6215",
            "congress": 117,
            "introducedDate": "2022-09-29",
            "latestAction": null,
            "type": null,
            "url": "https://api.congress.gov/v3/amendment/117/samdt/6215?format=json"
        },
        {
            "amendmentNumber": "6217",
            "congress": 117,
            "introducedDate": "2022-09-29",
            "latestAction": null,
            "type": null,
            "url": "https://api.congress.gov/v3/amendment/117/samdt/6217?format=json"
        },
        {
            "amendmentNumber": "6139",
            "congress": 117,
            "introducedDate": "2022-09-29",
            "latestAction": null,
            "type": null,
            "url": "https://api.congress.gov/v3/amendment/117/samdt/6139?format=json"
        },
        {
            "congress": 117,
            "introducedDate": "2021-06-09",
            "latestAction": {
                "actionDate": "2021-06-09",
                "text": "Read twice and referred to the Committee on Commerce, Science, and Transportation."
            },
            "number": "1984",
            "policyArea": {
                "name": "Transportation and Public Works"
            },
            "title": "Smart Intersections Act of 2021",
            "type": "S",
            "url": "https://api.congress.gov/v3/bill/117/s/1984?format=json"
        },
        {
            "congress": 117,
            "introducedDate": "2022-06-15",
            "latestAction": {
                "actionDate": "2022-06-15",
                "text": "Read twice and referred to the Committee on Health, Education, Labor, and Pensions."
            },
            "number": "4410",
            "policyArea": {
                "name": "Education"
            },
            "title": "Graduation Reporting for Accuracy and Decision-Making Act",
            "type": "S",
            "url": "https://api.congress.gov/v3/bill/117/s/4410?format=json"
        },
        {
            "congress": 117,
            "introducedDate": "2021-06-21",
            "latestAction": {
                "actionDate": "2022-06-21",
                "text": "Placed on Senate Legislative Calendar under General Orders. Calendar No. 427."
            },
            "number": "2150",
            "policyArea": {
                "name": "Emergency Management"
            },
            "title": "Wildland Fire Mitigation and Management Commission Act of 2021",
            "type": "S",
            "url": "https://api.congress.gov/v3/bill/117/s/2150?format=json"
        },
        {
            "congress": 117,
            "introducedDate": "2022-05-18",
            "latestAction": {
                "actionDate": "2022-05-18",
                "text": "Read twice and referred to the Committee on Health, Education, Labor, and Pensions."
            },
            "number": "4253",
            "policyArea": {
                "name": "Education"
            },
            "title": "Student Loan Accountability Act",
            "type": "S",
            "url": "https://api.congress.gov/v3/bill/117/s/4253?format=json"
        },
        {
            "congress": 117,
            "introducedDate": "2022-02-07",
            "latestAction": {
                "actionDate": "2022-02-07",
                "text": "Read twice and referred to the Committee on Health, Education, Labor, and Pensions."
            },
            "number": "3588",
            "policyArea": {
                "name": "Health"
            },
            "title": "Medical Countermeasures Surge Capacity Act of 2022",
            "type": "S",
            "url": "https://api.congress.gov/v3/bill/117/s/3588?format=json"
        },
        {
            "congress": 116,
            "introducedDate": "2020-01-16",
            "latestAction": {
                "actionDate": "2020-01-16",
                "text": "Read twice and referred to the Committee on Agriculture, Nutrition, and Forestry."
            },
            "number": "3214",
            "policyArea": {
                "name": "Agriculture and Food"
            },
            "title": "MATCH Act of 2020",
            "type": "S",
            "url": "https://api.congress.gov/v3/bill/116/s/3214?format=json"
        },
        {
            "congress": 116,
            "introducedDate": "2020-07-20",
            "latestAction": {
                "actionDate": "2020-11-18",
                "text": "Committee on Energy and Natural Resources Senate Subcommittee on Public Lands, Forests, and Mining. Hearings held. With printed Hearing: S.Hrg. 116-382."
            },
            "number": "4215",
            "policyArea": {
                "name": "Public Lands and Natural Resources"
            },
            "title": "Bonneville Shoreline Trail Advancement Act",
            "type": "S",
            "url": "https://api.congress.gov/v3/bill/116/s/4215?format=json"
        },
        {
            "amendmentNumber": "5196",
            "congress": 117,
            "introducedDate": "2022-08-06",
            "latestAction": null,
            "type": null,
            "url": "https://api.congress.gov/v3/amendment/117/samdt/5196?format=json"
        },
        {
            "amendmentNumber": "5330",
            "congress": 117,
            "introducedDate": "2022-08-06",
            "latestAction": null,
            "type": null,
            "url": "https://api.congress.gov/v3/amendment/117/samdt/5330?format=json"
        },
        {
            "amendmentNumber": "4948",
            "congress": 117,
            "introducedDate": "2022-03-01",
            "latestAction": null,
            "type": null,
            "url": "https://api.congress.gov/v3/amendment/117/samdt/4948?format=json"
        },
        {
            "amendmentNumber": "4476",
            "congress": 117,
            "introducedDate": "2021-11-04",
            "latestAction": null,
            "type": null,
            "url": "https://api.congress.gov/v3/amendment/117/samdt/4476?format=json"
        },
        {
            "amendmentNumber": "2025",
            "congress": 117,
            "introducedDate": "2021-05-25",
            "latestAction": null,
            "type": null,
            "url": "https://api.congress.gov/v3/amendment/117/samdt/2025?format=json"
        },
        {
            "amendmentNumber": "1965",
            "congress": 117,
            "introducedDate": "2021-05-24",
            "latestAction": null,
            "type": null,
            "url": "https://api.congress.gov/v3/amendment/117/samdt/1965?format=json"
        },
        {
            "amendmentNumber": "1961",
            "congress": 117,
            "introducedDate": "2021-05-24",
            "latestAction": null,
            "type": null,
            "url": "https://api.congress.gov/v3/amendment/117/samdt/1961?format=json"
        },
        {
            "amendmentNumber": "1928",
            "congress": 117,
            "introducedDate": "2021-05-24",
            "latestAction": null,
            "type": null,
            "url": "https://api.congress.gov/v3/amendment/117/samdt/1928?format=json"
        },
        {
            "amendmentNumber": "1927",
            "congress": 117,
            "introducedDate": "2021-05-24",
            "latestAction": null,
            "type": null,
            "url": "https://api.congress.gov/v3/amendment/117/samdt/1927?format=json"
        },
        {
            "amendmentNumber": "1904",
            "congress": 117,
            "introducedDate": "2021-05-20",
            "latestAction": null,
            "type": null,
            "url": "https://api.congress.gov/v3/amendment/117/samdt/1904?format=json"
        },
        {
            "amendmentNumber": "1903",
            "congress": 117,
            "introducedDate": "2021-05-20",
            "latestAction": null,
            "type": null,
            "url": "https://api.congress.gov/v3/amendment/117/samdt/1903?format=json"
        },
        {
            "amendmentNumber": "1842",
            "congress": 117,
            "introducedDate": "2021-05-20",
            "latestAction": null,
            "type": null,
            "url": "https://api.congress.gov/v3/amendment/117/samdt/1842?format=json"
        },
        {
            "amendmentNumber": "1362",
            "congress": 117,
            "introducedDate": "2021-03-05",
            "latestAction": null,
            "type": null,
            "url": "https://api.congress.gov/v3/amendment/117/samdt/1362?format=json"
        },
        {
            "amendmentNumber": "1363",
            "congress": 117,
            "introducedDate": "2021-03-05",
            "latestAction": null,
            "type": null,
            "url": "https://api.congress.gov/v3/amendment/117/samdt/1363?format=json"
        },
        {
            "amendmentNumber": "1364",
            "congress": 117,
            "introducedDate": "2021-03-05",
            "latestAction": {
                "actionDate": "2021-03-06",
                "text": "Amendment SA 1364 not agreed to in Senate by Yea-Nay Vote. 49 - 50. Record Vote Number: 96. "
            },
            "type": null,
            "url": "https://api.congress.gov/v3/amendment/117/samdt/1364?format=json"
        },
        {
            "amendmentNumber": "803",
            "congress": 117,
            "introducedDate": "2021-02-04",
            "latestAction": {
                "actionDate": "2021-02-05",
                "text": "Amendment SA 803 agreed to in Senate by Yea-Nay Vote. 71 - 29. Record Vote Number: 47. "
            },
            "type": null,
            "url": "https://api.congress.gov/v3/amendment/117/samdt/803?format=json"
        },
        {
            "amendmentNumber": "802",
            "congress": 117,
            "introducedDate": "2021-02-04",
            "latestAction": null,
            "type": null,
            "url": "https://api.congress.gov/v3/amendment/117/samdt/802?format=json"
        },
        {
            "amendmentNumber": "801",
            "congress": 117,
            "introducedDate": "2021-02-04",
            "latestAction": null,
            "type": null,
            "url": "https://api.congress.gov/v3/amendment/117/samdt/801?format=json"
        },
        {
            "amendmentNumber": "599",
            "congress": 117,
            "introducedDate": "2021-02-04",
            "latestAction": null,
            "type": null,
            "url": "https://api.congress.gov/v3/amendment/117/samdt/599?format=json"
        },
        {
            "amendmentNumber": "600",
            "congress": 117,
            "introducedDate": "2021-02-04",
            "latestAction": null,
            "type": null,
            "url": "https://api.congress.gov/v3/amendment/117/samdt/600?format=json"
        },
        {
            "amendmentNumber": "601",
            "congress": 117,
            "introducedDate": "2021-02-04",
            "latestAction": null,
            "type": null,
            "url": "https://api.congress.gov/v3/amendment/117/samdt/601?format=json"
        },
        {
            "amendmentNumber": "602",
            "congress": 117,
            "introducedDate": "2021-02-04",
            "latestAction": null,
            "type": null,
            "url": "https://api.congress.gov/v3/amendment/117/samdt/602?format=json"
        },
        {
            "amendmentNumber": "604",
            "congress": 117,
            "introducedDate": "2021-02-04",
            "latestAction": null,
            "type": null,
            "url": "https://api.congress.gov/v3/amendment/117/samdt/604?format=json"
        },
        {
            "amendmentNumber": "605",
            "congress": 117,
            "introducedDate": "2021-02-04",
            "latestAction": null,
            "type": null,
            "url": "https://api.congress.gov/v3/amendment/117/samdt/605?format=json"
        },
        {
            "amendmentNumber": "606",
            "congress": 117,
            "introducedDate": "2021-02-04",
            "latestAction": null,
            "type": null,
            "url": "https://api.congress.gov/v3/amendment/117/samdt/606?format=json"
        },
        {
            "amendmentNumber": "603",
            "congress": 117,
            "introducedDate": "2021-02-04",
            "latestAction": null,
            "type": null,
            "url": "https://api.congress.gov/v3/amendment/117/samdt/603?format=json"
        },
        {
            "congress": 117,
            "introducedDate": "2021-05-13",
            "latestAction": {
                "actionDate": "2021-05-13",
                "text": "Read twice and referred to the Committee on Agriculture, Nutrition, and Forestry."
            },
            "number": "1606",
            "policyArea": {
                "name": "Public Lands and Natural Resources"
            },
            "title": "Shawnee Wilderness Designation Act",
            "type": "S",
            "url": "https://api.congress.gov/v3/bill/117/s/1606?format=json"
        },
        {
            "congress": 117,
            "introducedDate": "2021-04-21",
            "latestAction": {
                "actionDate": "2021-04-21",
                "text": "Read twice and referred to the Committee on Homeland Security and Governmental Affairs."
            },
            "number": "1295",
            "policyArea": {
                "name": "Economics and Public Finance"
            },
            "title": "TRUST Act of 2021",
            "type": "S",
            "url": "https://api.congress.gov/v3/bill/117/s/1295?format=json"
        },
        {
            "congress": 117,
            "introducedDate": "2021-04-14",
            "latestAction": {
                "actionDate": "2021-04-14",
                "text": "Read twice and referred to the Committee on Agriculture, Nutrition, and Forestry."
            },
            "number": "1110",
            "policyArea": {
                "name": "Agriculture and Food"
            },
            "title": "MATCH Act of 2021",
            "type": "S",
            "url": "https://api.congress.gov/v3/bill/117/s/1110?format=json"
        },
        {
            "congress": 117,
            "introducedDate": "2021-04-28",
            "latestAction": {
                "actionDate": "2021-04-28",
                "text": "Submitted in the Senate, considered, and agreed to without amendment and with a preamble by Unanimous Consent. (consideration: CR S2303; text: CR S2298-2299)"
            },
            "number": "186",
            "policyArea": {
                "name": "International Affairs"
            },
            "title": "A resolution honoring the humanitarian work of Dr. Aristides de Sousa Mendes do Amaral e Abranches to save the lives of French Jews and other persons during the Holocaust.",
            "type": "SRES",
            "url": "https://api.congress.gov/v3/bill/117/sres/186?format=json"
        },
        {
            "congress": 117,
            "introducedDate": "2021-03-03",
            "latestAction": {
                "actionDate": "2021-03-03",
                "text": "Referred to the Committee on the Judiciary. (text: CR S1032)"
            },
            "number": "89",
            "policyArea": {
                "name": "International Affairs"
            },
            "title": "A resolution honoring the humanitarian work of Dr. Aristides de Sousa Mendes do Amaral e Abranches to save the lives of French Jews and other persons during the Holocaust.",
            "type": "SRES",
            "url": "https://api.congress.gov/v3/bill/117/sres/89?format=json"
        },
        {
            "amendmentNumber": "2559",
            "congress": 116,
            "introducedDate": "2020-08-04",
            "latestAction": null,
            "type": null,
            "url": "https://api.congress.gov/v3/amendment/116/samdt/2559?format=json"
        },
        {
            "amendmentNumber": "2019",
            "congress": 116,
            "introducedDate": "2020-06-25",
            "latestAction": null,
            "type": null,
            "url": "https://api.congress.gov/v3/amendment/116/samdt/2019?format=json"
        },
        {
            "amendmentNumber": "2017",
            "congress": 116,
            "introducedDate": "2020-06-25",
            "latestAction": null,
            "type": null,
            "url": "https://api.congress.gov/v3/amendment/116/samdt/2017?format=json"
        },
        {
            "amendmentNumber": "2018",
            "congress": 116,
            "introducedDate": "2020-06-25",
            "latestAction": {
                "actionDate": "2020-07-02",
                "text": "Amendment SA 2018 agreed to in Senate by Voice Vote. "
            },
            "type": null,
            "url": "https://api.congress.gov/v3/amendment/116/samdt/2018?format=json"
        },
        {
            "amendmentNumber": "2015",
            "congress": 116,
            "introducedDate": "2020-06-25",
            "latestAction": null,
            "type": null,
            "url": "https://api.congress.gov/v3/amendment/116/samdt/2015?format=json"
        },
        {
            "amendmentNumber": "2016",
            "congress": 116,
            "introducedDate": "2020-06-25",
            "latestAction": null,
            "type": null,
            "url": "https://api.congress.gov/v3/amendment/116/samdt/2016?format=json"
        },
        {
            "amendmentNumber": "1885",
            "congress": 116,
            "introducedDate": "2020-06-25",
            "latestAction": null,
            "type": null,
            "url": "https://api.congress.gov/v3/amendment/116/samdt/1885?format=json"
        },
        {
            "amendmentNumber": "1883",
            "congress": 116,
            "introducedDate": "2020-06-25",
            "latestAction": {
                "actionDate": "2020-07-02",
                "text": "Amendment SA 1883 agreed to in Senate by Voice Vote. "
            },
            "type": null,
            "url": "https://api.congress.gov/v3/amendment/116/samdt/1883?format=json"
        },
        {
            "amendmentNumber": "1884",
            "congress": 116,
            "introducedDate": "2020-06-25",
            "latestAction": null,
            "type": null,
            "url": "https://api.congress.gov/v3/amendment/116/samdt/1884?format=json"
        },
        {
            "amendmentNumber": "1511",
            "congress": 116,
            "introducedDate": "2020-03-04",
            "latestAction": null,
            "type": null,
            "url": "https://api.congress.gov/v3/amendment/116/samdt/1511?format=json"
        },
        {
            "amendmentNumber": "1479",
            "congress": 116,
            "introducedDate": "2020-03-03",
            "latestAction": null,
            "type": null,
            "url": "https://api.congress.gov/v3/amendment/116/samdt/1479?format=json"
        },
        {
            "amendmentNumber": "1282",
            "congress": 116,
            "introducedDate": "2020-01-14",
            "latestAction": {
                "actionDate": "2020-01-14",
                "text": "Amendment SA 1282 agreed to in Senate by Unanimous Consent. "
            },
            "type": null,
            "url": "https://api.congress.gov/v3/amendment/116/samdt/1282?format=json"
        },
        {
            "amendmentNumber": "1239",
            "congress": 116,
            "introducedDate": "2019-10-29",
            "latestAction": null,
            "type": null,
            "url": "https://api.congress.gov/v3/amendment/116/samdt/1239?format=json"
        },
        {
            "amendmentNumber": "931",
            "congress": 116,
            "introducedDate": "2019-07-30",
            "latestAction": null,
            "type": null,
            "url": "https://api.congress.gov/v3/amendment/116/samdt/931?format=json"
        },
        {
            "amendmentNumber": "861",
            "congress": 116,
            "introducedDate": "2019-06-24",
            "latestAction": {
                "actionDate": "2019-06-27",
                "text": "Amendment SA 861 agreed to in Senate by Yea-Nay Vote. 90 - 4. Record Vote Number: 187. "
            },
            "type": null,
            "url": "https://api.congress.gov/v3/amendment/116/samdt/861?format=json"
        },
        {
            "amendmentNumber": "809",
            "congress": 116,
            "introducedDate": "2019-06-20",
            "latestAction": null,
            "type": null,
            "url": "https://api.congress.gov/v3/amendment/116/samdt/809?format=json"
        },
        {
            "amendmentNumber": "693",
            "congress": 116,
            "introducedDate": "2019-06-18",
            "latestAction": null,
            "type": null,
            "url": "https://api.congress.gov/v3/amendment/116/samdt/693?format=json"
        },
        {
            "amendmentNumber": "706",
            "congress": 116,
            "introducedDate": "2019-06-18",
            "latestAction": null,
            "type": null,
            "url": "https://api.congress.gov/v3/amendment/116/samdt/706?format=json"
        },
        {
            "amendmentNumber": "662",
            "congress": 116,
            "introducedDate": "2019-06-18",
            "latestAction": null,
            "type": null,
            "url": "https://api.congress.gov/v3/amendment/116/samdt/662?format=json"
        },
        {
            "amendmentNumber": "656",
            "congress": 116,
            "introducedDate": "2019-06-18",
            "latestAction": null,
            "type": null,
            "url": "https://api.congress.gov/v3/amendment/116/samdt/656?format=json"
        },
        {
            "amendmentNumber": "657",
            "congress": 116,
            "introducedDate": "2019-06-18",
            "latestAction": null,
            "type": null,
            "url": "https://api.congress.gov/v3/amendment/116/samdt/657?format=json"
        },
        {
            "amendmentNumber": "655",
            "congress": 116,
            "introducedDate": "2019-06-18",
            "latestAction": null,
            "type": null,
            "url": "https://api.congress.gov/v3/amendment/116/samdt/655?format=json"
        },
        {
            "amendmentNumber": "217",
            "congress": 116,
            "introducedDate": "2019-03-28",
            "latestAction": null,
            "type": null,
            "url": "https://api.congress.gov/v3/amendment/116/samdt/217?format=json"
        },
        {
            "congress": 116,
            "introducedDate": "2020-07-30",
            "latestAction": {
                "actionDate": "2020-07-30",
                "text": "Read twice and referred to the Committee on Finance."
            },
            "number": "4378",
            "policyArea": {
                "name": "Labor and Employment"
            },
            "title": "Federal Pandemic Unemployment Compensation Extension Act of 2020",
            "type": "S",
            "url": "https://api.congress.gov/v3/bill/116/s/4378?format=json"
        },
        {
            "congress": 116,
            "introducedDate": "2020-07-27",
            "latestAction": {
                "actionDate": "2020-08-03",
                "text": "Referred to the Committee on Homeland Security and Governmental Affairs."
            },
            "number": "4323",
            "policyArea": {
                "name": "Economics and Public Finance"
            },
            "title": "TRUST Act of 2020",
            "type": "S",
            "url": "https://api.congress.gov/v3/bill/116/s/4323?format=json"
        },
        {
            "congress": 116,
            "introducedDate": "2020-03-20",
            "latestAction": {
                "actionDate": "2020-03-20",
                "text": "Read twice and referred to the Committee on Health, Education, Labor, and Pensions."
            },
            "number": "3556",
            "policyArea": {
                "name": "Education"
            },
            "title": "COVID-19 Graduate Relief Act",
            "type": "S",
            "url": "https://api.congress.gov/v3/bill/116/s/3556?format=json"
        },
        {
            "congress": 116,
            "introducedDate": "2019-12-17",
            "latestAction": {
                "actionDate": "2019-12-17",
                "text": "Read twice and referred to the Committee on Agriculture, Nutrition, and Forestry."
            },
            "number": "3075",
            "policyArea": {
                "name": "Public Lands and Natural Resources"
            },
            "title": "Shawnee Wilderness Designation Act",
            "type": "S",
            "url": "https://api.congress.gov/v3/bill/116/s/3075?format=json"
        },
        {
            "congress": 116,
            "introducedDate": "2019-10-29",
            "latestAction": {
                "actionDate": "2020-01-28",
                "text": "Committee on Homeland Security and Governmental Affairs. Hearings held."
            },
            "number": "2733",
            "policyArea": {
                "name": "Economics and Public Finance"
            },
            "title": "TRUST Act",
            "type": "S",
            "url": "https://api.congress.gov/v3/bill/116/s/2733?format=json"
        },
        {
            "congress": 116,
            "introducedDate": "2019-09-25",
            "latestAction": {
                "actionDate": "2020-01-15",
                "text": "Referred to the House Committee on Foreign Affairs."
            },
            "number": "2547",
            "policyArea": {
                "name": "International Affairs"
            },
            "title": "Indo-Pacific Cooperation Act of 2019",
            "type": "S",
            "url": "https://api.congress.gov/v3/bill/116/s/2547?format=json"
        },
        {
            "congress": 116,
            "introducedDate": "2019-07-15",
            "latestAction": {
                "actionDate": "2019-07-15",
                "text": "Read twice and referred to the Committee on Banking, Housing, and Urban Affairs."
            },
            "number": "2117",
            "policyArea": {
                "name": "Foreign Trade and International Finance"
            },
            "title": "Huawei Prohibition Act of 2019",
            "type": "S",
            "url": "https://api.congress.gov/v3/bill/116/s/2117?format=json"
        },
        {
            "congress": 116,
            "introducedDate": "2019-06-12",
            "latestAction": {
                "actionDate": "2019-06-12",
                "text": "Read twice and referred to the Committee on the Judiciary."
            },
            "number": "1806",
            "policyArea": {
                "name": "Immigration"
            },
            "title": "Permanent E-Verify Act",
            "type": "S",
            "url": "https://api.congress.gov/v3/bill/116/s/1806?format=json"
        },
        {
            "congress": 116,
            "introducedDate": "2019-05-21",
            "latestAction": {
                "actionDate": "2019-05-21",
                "text": "Read twice and referred to the Committee on the Budget."
            },
            "number": "1579",
            "policyArea": {
                "name": "Economics and Public Finance"
            },
            "title": "Budgeting for Disasters Act",
            "type": "S",
            "url": "https://api.congress.gov/v3/bill/116/s/1579?format=json"
        },
        {
            "congress": 116,
            "introducedDate": "2019-05-09",
            "latestAction": {
                "actionDate": "2019-05-09",
                "text": "Read twice and referred to the Committee on Health, Education, Labor, and Pensions."
            },
            "number": "1384",
            "policyArea": {
                "name": "Health"
            },
            "title": "Prescription Drug Rebate Reform Act of 2019",
            "type": "S",
            "url": "https://api.congress.gov/v3/bill/116/s/1384?format=json"
        },
        {
            "congress": 116,
            "introducedDate": "2019-04-11",
            "latestAction": {
                "actionDate": "2019-09-09",
                "text": "Placed on Senate Legislative Calendar under General Orders. Calendar No. 182."
            },
            "number": "1207",
            "policyArea": {
                "name": "Native Americans"
            },
            "title": "Navajo Utah Water Rights Settlement Act of 2019",
            "type": "S",
            "url": "https://api.congress.gov/v3/bill/116/s/1207?format=json"
        },
        {
            "congress": 116,
            "introducedDate": "2020-01-16",
            "latestAction": {
                "actionDate": "2020-02-13",
                "text": "Resolution agreed to in Senate without amendment and with a preamble by Unanimous Consent. (text: 01/16/2020 CR S280)"
            },
            "number": "475",
            "policyArea": {
                "name": "Government Operations and Politics"
            },
            "title": "A resolution recognizing the leading role of Utahns in the fight for women's suffrage and celebrating the sesquicentennial of the first votes by women under the equal suffrage law of Utah on February 14, 1870.",
            "type": "SRES",
            "url": "https://api.congress.gov/v3/bill/116/sres/475?format=json"
        },
        {
            "congress": 116,
            "introducedDate": "2019-09-19",
            "latestAction": {
                "actionDate": "2019-09-19",
                "text": "Read twice and referred to the Committee on Finance."
            },
            "number": "2519",
            "policyArea": {
                "name": "Health"
            },
            "title": "ENND Act",
            "type": "S",
            "url": "https://api.congress.gov/v3/bill/116/s/2519?format=json"
        },
        {
            "amendmentNumber": "4631",
            "congress": 117,
            "introducedDate": "2021-11-15",
            "latestAction": null,
            "type": null,
            "url": "https://api.congress.gov/v3/amendment/117/samdt/4631?format=json"
        },
        {
            "amendmentNumber": "4477",
            "congress": 117,
            "introducedDate": "2021-11-04",
            "latestAction": null,
            "type": null,
            "url": "https://api.congress.gov/v3/amendment/117/samdt/4477?format=json"
        },
        {
            "amendmentNumber": "4481",
            "congress": 117,
            "introducedDate": "2021-11-04",
            "latestAction": null,
            "type": null,
            "url": "https://api.congress.gov/v3/amendment/117/samdt/4481?format=json"
        },
        {
            "amendmentNumber": "4479",
            "congress": 117,
            "introducedDate": "2021-11-04",
            "latestAction": null,
            "type": null,
            "url": "https://api.congress.gov/v3/amendment/117/samdt/4479?format=json"
        },
        {
            "amendmentNumber": "4480",
            "congress": 117,
            "introducedDate": "2021-11-04",
            "latestAction": null,
            "type": null,
            "url": "https://api.congress.gov/v3/amendment/117/samdt/4480?format=json"
        },
        {
            "amendmentNumber": "4478",
            "congress": 117,
            "introducedDate": "2021-11-04",
            "latestAction": null,
            "type": null,
            "url": "https://api.congress.gov/v3/amendment/117/samdt/4478?format=json"
        },
        {
            "amendmentNumber": "4475",
            "congress": 117,
            "introducedDate": "2021-11-04",
            "latestAction": null,
            "type": null,
            "url": "https://api.congress.gov/v3/amendment/117/samdt/4475?format=json"
        },
        {
            "amendmentNumber": "3962",
            "congress": 117,
            "introducedDate": "2021-10-28",
            "latestAction": null,
            "type": null,
            "url": "https://api.congress.gov/v3/amendment/117/samdt/3962?format=json"
        },
        {
            "congress": 117,
            "introducedDate": "2021-07-22",
            "latestAction": {
                "actionDate": "2021-07-22",
                "text": "Submitted in the Senate, considered, and agreed to without amendment and with a preamble by Unanimous Consent. (consideration: CR S5038; text: CR S5054)"
            },
            "number": "314",
            "policyArea": {
                "name": "Sports and Recreation"
            },
            "title": "A resolution commemorating the past success of the United States Olympic and Paralympic Teams and supporting the United States Olympic and Paralympic Teams in the 2020 Olympic Games and Paralympic Games.",
            "type": "SRES",
            "url": "https://api.congress.gov/v3/bill/117/sres/314?format=json"
        },
        {
            "amendmentNumber": "3689",
            "congress": 117,
            "introducedDate": "2021-08-10",
            "latestAction": null,
            "type": null,
            "url": "https://api.congress.gov/v3/amendment/117/samdt/3689?format=json"
        },
        {
            "amendmentNumber": "3652",
            "congress": 117,
            "introducedDate": "2021-08-10",
            "latestAction": {
                "actionDate": "2021-08-10",
                "text": "Amendment SA 3652 not agreed to in Senate by Yea-Nay Vote. 49 - 50. Record Vote Number: 340. "
            },
            "type": null,
            "url": "https://api.congress.gov/v3/amendment/117/samdt/3652?format=json"
        }
    ]
}