{
    "pagination": {
        "count": 78
    },
    "request": {
        "bioguideId": "k000392",
        "contentType": "application/json",
        "format": "json"
    },
    "sponsoredLegislation": [
        {
            "congress": 118,
            "introducedDate": "2024-07-25",
            "latestAction": {
                "actionDate": "2024-07-25",
                "text": "Referred to the House Committee on the Judiciary."
            },
            "number": "122",
            "policyArea": {
                "name": "Crime and Law Enforcement"
            },
            "title": "Expressing the sense of Congress that Operation Legend was successful in reducing and combating violent crime in the largest cities of the United States and that a future presidential administration committed to enforcing and maintaining law and order should consider implementing a similar policy.",
            "type": "HCONRES",
            "url": "https://api.congress.gov/v3/bill/118/hconres/122?format=json"
        },
        {
            "congress": 118,
            "introducedDate": "2024-05-23",
            "latestAction": {
                "actionDate": "2024-05-23",
                "text": "Referred to the House Committee on Ways and Means."
            },
            "number": "8540",
            "policyArea": {
                "name": "Taxation"
            },
            "title": "Child Care for American Families Act",
            "type": "HR",
            "url": "https://api.congress.gov/v3/bill/118/hr/8540?format=json"
        },
        {
            "congress": 118,
            "introducedDate": "2024-04-30",
            "latestAction": {
                "actionDate": "2024-04-30",
                "text": "Referred to the House Committee on Agriculture."
            },
            "number": "8179",
            "policyArea": {
                "name": "Agriculture and Food"
            },
            "title": "Winter Oilseed Study Act of 2024",
            "type": "HR",
            "url": "https://api.congress.gov/v3/bill/118/hr/8179?format=json"
        },
        {
            "congress": 118,
            "introducedDate": "2024-04-16",
            "latestAction": {
                "actionDate": "2024-04-16",
                "text": "Referred to the House Committee on Financial Services."
            },
            "number": "8026",
            "policyArea": {
                "name": "Housing and Community Development"
            },
            "title": "CDBG Modernization Act of 2024",
            "type": "HR",
            "url": "https://api.congress.gov/v3/bill/118/hr/8026?format=json"
        },
        {
            "congress": 118,
            "introducedDate": "2024-02-06",
            "latestAction": {
                "actionDate": "2024-05-03",
                "text": "Message on Senate action sent to the House."
            },
            "number": "89",
            "policyArea": {
                "name": "Congress"
            },
            "title": "Authorizing the use of Emancipation Hall in the Capitol Visitor Center for a ceremony as part of the commemoration of the days of remembrance of victims of the Holocaust.",
            "type": "HCONRES",
            "url": "https://api.congress.gov/v3/bill/118/hconres/89?format=json"
        },
        {
            "congress": 118,
            "introducedDate": "2023-12-14",
            "latestAction": {
                "actionDate": "2023-12-14",
                "text": "Referred to the Committee on Veterans' Affairs, and in addition to the Committees on Armed Services, and Transportation and Infrastructure, for a period to be subsequently determined by the Speaker, in each case for consideration of such provisions as fall within the jurisdiction of the committee concerned."
            },
            "number": "939",
            "policyArea": {
                "name": "Armed Forces and National Security"
            },
            "title": "Supporting the designation of December 16, 2023, as \"National Wreaths Across America Day\".",
            "type": "HRES",
            "url": "https://api.congress.gov/v3/bill/118/hres/939?format=json"
        },
        {
            "congress": 118,
            "introducedDate": "2023-11-28",
            "latestAction": {
                "actionDate": "2023-12-05",
                "actionTime": "14:53:32",
                "text": "Motion to reconsider laid on the table Agreed to without objection."
            },
            "number": "894",
            "policyArea": {
                "name": "International Affairs"
            },
            "title": "Strongly condemning and denouncing the drastic rise of antisemitism in the United States and around the world.",
            "type": "HRES",
            "url": "https://api.congress.gov/v3/bill/118/hres/894?format=json"
        },
        {
            "congress": 118,
            "introducedDate": "2023-11-14",
            "latestAction": {
                "actionDate": "2024-04-16",
                "text": "Received in the Senate and Read twice and referred to the Committee on Finance."
            },
            "number": "6408",
            "policyArea": {
                "name": "Taxation"
            },
            "title": "To amend the Internal Revenue Code of 1986 to terminate the tax-exempt status of terrorist supporting organizations.",
            "type": "HR",
            "url": "https://api.congress.gov/v3/bill/118/hr/6408?format=json"
        },
        {
            "congress": 118,
            "introducedDate": "2023-11-02",
            "latestAction": {
                "actionDate": "2023-11-02",
                "text": "Referred to the House Committee on Education and the Workforce."
            },
            "number": "839",
            "policyArea": {
                "name": "Education"
            },
            "title": "Condemning antisemitism at institutions of higher education in the United States and encouraging college and university leaders, administrators, and faculty to speak out against antisemitism.",
            "type": "HRES",
            "url": "https://api.congress.gov/v3/bill/118/hres/839?format=json"
        },
        {
            "congress": 118,
            "introducedDate": "2023-10-19",
            "latestAction": {
                "actionDate": "2023-10-25",
                "text": "Referred to the House Committee on Foreign Affairs."
            },
            "number": "5996",
            "policyArea": {
                "name": "International Affairs"
            },
            "title": "Stop Taxpayer Funding of Hamas Act",
            "type": "HR",
            "url": "https://api.congress.gov/v3/bill/118/hr/5996?format=json"
        },
        {
            "congress": 118,
            "introducedDate": "2023-09-29",
            "latestAction": {
                "actionDate": "2023-09-29",
                "text": "Referred to the Committee on Financial Services, and in addition to the Committee on the Judiciary, for a period to be subsequently determined by the Speaker, in each case for consideration of such provisions as fall within the jurisdiction of the committee concerned."
            },
            "number": "5845",
            "policyArea": {
                "name": "Finance and Financial Sector"
            },
            "title": "Depositor Protection Act of 2023",
            "type": "HR",
            "url": "https://api.congress.gov/v3/bill/118/hr/5845?format=json"
        },
        {
            "congress": 118,
            "introducedDate": "2023-09-14",
            "latestAction": {
                "actionDate": "2023-09-14",
                "text": "Referred to the House Committee on Education and the Workforce."
            },
            "number": "5491",
            "policyArea": {
                "name": "Sports and Recreation"
            },
            "title": "NCAA Accountability Act of 2023",
            "type": "HR",
            "url": "https://api.congress.gov/v3/bill/118/hr/5491?format=json"
        },
        {
            "congress": 118,
            "introducedDate": "2023-06-07",
            "latestAction": {
                "actionDate": "2023-06-07",
                "text": "Referred to the House Committee on the Judiciary."
            },
            "number": "3913",
            "policyArea": {
                "name": "Crime and Law Enforcement"
            },
            "title": "Preserving Safe Communities by Ending Swatting Act of 2023",
            "type": "HR",
            "url": "https://api.congress.gov/v3/bill/118/hr/3913?format=json"
        },
        {
            "congress": 118,
            "introducedDate": "2023-06-06",
            "latestAction": {
                "actionDate": "2023-06-06",
                "text": "Referred to the House Committee on Ways and Means."
            },
            "number": "3861",
            "policyArea": {
                "name": "Taxation"
            },
            "title": "Filing Relief for Natural Disasters Act",
            "type": "HR",
            "url": "https://api.congress.gov/v3/bill/118/hr/3861?format=json"
        },
        {
            "congress": 118,
            "introducedDate": "2023-05-15",
            "latestAction": {
                "actionDate": "2023-05-19",
                "text": "Referred to the Subcommittee on Energy, Climate and Grid Security."
            },
            "number": "3327",
            "policyArea": {
                "name": "Energy"
            },
            "title": "Manufactured Housing Affordability and Energy Efficiency Act of 2023",
            "type": "HR",
            "url": "https://api.congress.gov/v3/bill/118/hr/3327?format=json"
        },
        {
            "congress": 118,
            "introducedDate": "2023-04-20",
            "latestAction": {
                "actionDate": "2023-04-20",
                "text": "Referred to the House Committee on Ways and Means."
            },
            "number": "2767",
            "policyArea": {
                "name": "Taxation"
            },
            "title": "Small Business Investment Act of 2023",
            "type": "HR",
            "url": "https://api.congress.gov/v3/bill/118/hr/2767?format=json"
        },
        {
            "congress": 118,
            "introducedDate": "2023-04-18",
            "latestAction": {
                "actionDate": "2023-04-18",
                "text": "Referred to the Committee on Ways and Means, and in addition to the Committee on Oversight and Accountability, for a period to be subsequently determined by the Speaker, in each case for consideration of such provisions as fall within the jurisdiction of the committee concerned."
            },
            "number": "2681",
            "policyArea": {
                "name": "Taxation"
            },
            "title": "Small Business Taxpayer Bill of Rights Act of 2023",
            "type": "HR",
            "url": "https://api.congress.gov/v3/bill/118/hr/2681?format=json"
        },
        {
            "congress": 118,
            "introducedDate": "2023-04-18",
            "latestAction": {
                "actionDate": "2023-04-18",
                "text": "Referred to the Committee on Foreign Affairs, and in addition to the Committee on the Judiciary, for a period to be subsequently determined by the Speaker, in each case for consideration of such provisions as fall within the jurisdiction of the committee concerned."
            },
            "number": "2680",
            "policyArea": {
                "name": "International Affairs"
            },
            "title": "Holocaust Insurance Accountability Act of 2023",
            "type": "HR",
            "url": "https://api.congress.gov/v3/bill/118/hr/2680?format=json"
        },
        {
            "congress": 118,
            "introducedDate": "2023-03-29",
            "latestAction": {
                "actionDate": "2023-04-07",
                "text": "Referred to the Subcommittee on Communications and Technology."
            },
            "number": "2380",
            "policyArea": {
                "name": "Science, Technology, Communications"
            },
            "title": "Cellphone Jamming Reform Act of 2023",
            "type": "HR",
            "url": "https://api.congress.gov/v3/bill/118/hr/2380?format=json"
        },
        {
            "congress": 118,
            "introducedDate": "2023-03-28",
            "latestAction": {
                "actionDate": "2023-03-28",
                "text": "Referred to the House Committee on Ways and Means."
            },
            "number": "1837",
            "policyArea": {
                "name": "Taxation"
            },
            "title": "Investing in Our Communities Act",
            "type": "HR",
            "url": "https://api.congress.gov/v3/bill/118/hr/1837?format=json"
        },
        {
            "congress": 118,
            "introducedDate": "2023-03-22",
            "latestAction": {
                "actionDate": "2023-03-31",
                "text": "Referred to the Subcommittee on Health."
            },
            "number": "1712",
            "policyArea": {
                "name": "Health"
            },
            "title": "Rural Health Innovation Act of 2023",
            "type": "HR",
            "url": "https://api.congress.gov/v3/bill/118/hr/1712?format=json"
        },
        {
            "congress": 118,
            "introducedDate": "2023-03-22",
            "latestAction": {
                "actionDate": "2023-03-31",
                "text": "Referred to the Subcommittee on Health."
            },
            "number": "1711",
            "policyArea": {
                "name": "Health"
            },
            "title": "Rural America Health Corps Act",
            "type": "HR",
            "url": "https://api.congress.gov/v3/bill/118/hr/1711?format=json"
        },
        {
            "congress": 118,
            "introducedDate": "2023-03-17",
            "latestAction": {
                "actionDate": "2023-03-30",
                "text": "Message on Senate action sent to the House."
            },
            "number": "25",
            "policyArea": {
                "name": "Congress"
            },
            "title": "Authorizing the use of Emancipation Hall in the Capitol Visitor Center for a ceremony as part of the commemoration of the days of remembrance of victims of the Holocaust.",
            "type": "HCONRES",
            "url": "https://api.congress.gov/v3/bill/118/hconres/25?format=json"
        },
        {
            "congress": 118,
            "introducedDate": "2023-03-10",
            "latestAction": {
                "actionDate": "2023-03-17",
                "text": "Referred to the Subcommittee on Health."
            },
            "number": "1549",
            "policyArea": {
                "name": "Crime and Law Enforcement"
            },
            "title": "Criminalizing Abused Substance Templates Act of 2023",
            "type": "HR",
            "url": "https://api.congress.gov/v3/bill/118/hr/1549?format=json"
        },
        {
            "congress": 118,
            "introducedDate": "2023-02-09",
            "latestAction": {
                "actionDate": "2023-02-09",
                "text": "Referred to the Committee on Foreign Affairs, and in addition to the Committee on Financial Services, for a period to be subsequently determined by the Speaker, in each case for consideration of such provisions as fall within the jurisdiction of the committee concerned."
            },
            "number": "931",
            "policyArea": {
                "name": "International Affairs"
            },
            "title": "Stop Corrupt Iranian Oligarchs and Entities Act",
            "type": "HR",
            "url": "https://api.congress.gov/v3/bill/118/hr/931?format=json"
        },
        {
            "congress": 118,
            "introducedDate": "2023-02-02",
            "latestAction": {
                "actionDate": "2023-02-10",
                "text": "Referred to the Subcommittee on Communications and Technology."
            },
            "number": "800",
            "policyArea": {
                "name": "Commerce"
            },
            "title": "DO NOT Call Act of 2023",
            "type": "HR",
            "url": "https://api.congress.gov/v3/bill/118/hr/800?format=json"
        },
        {
            "congress": 118,
            "introducedDate": "2023-01-25",
            "latestAction": {
                "actionDate": "2023-01-25",
                "text": "Referred to the House Committee on Ways and Means."
            },
            "number": "515",
            "policyArea": {
                "name": "Taxation"
            },
            "title": "Protecting American Savers and Retirees Act",
            "type": "HR",
            "url": "https://api.congress.gov/v3/bill/118/hr/515?format=json"
        },
        {
            "congress": 117,
            "introducedDate": "2022-12-14",
            "latestAction": {
                "actionDate": "2022-12-15",
                "text": "Referred to the Subcommittee on Highways and Transit."
            },
            "number": "1524",
            "policyArea": {
                "name": "Armed Forces and National Security"
            },
            "title": "Supporting the designation of December 17, 2022, as \"National Wreaths Across America Day\".",
            "type": "HRES",
            "url": "https://api.congress.gov/v3/bill/117/hres/1524?format=json"
        },
        {
            "congress": 117,
            "introducedDate": "2022-09-15",
            "latestAction": {
                "actionDate": "2022-09-15",
                "text": "Referred to the House Committee on Ways and Means."
            },
            "number": "8853",
            "policyArea": {
                "name": "Taxation"
            },
            "title": "Protecting American Savers and Retirees Act",
            "type": "HR",
            "url": "https://api.congress.gov/v3/bill/117/hr/8853?format=json"
        },
        {
            "congress": 117,
            "introducedDate": "2022-08-02",
            "latestAction": {
                "actionDate": "2022-08-02",
                "text": "Referred to the House Committee on Energy and Commerce."
            },
            "number": "8645",
            "policyArea": {
                "name": "Science, Technology, Communications"
            },
            "title": "Cellphone Jamming Reform Act of 2022",
            "type": "HR",
            "url": "https://api.congress.gov/v3/bill/117/hr/8645?format=json"
        },
        {
            "congress": 117,
            "introducedDate": "2022-07-14",
            "latestAction": {
                "actionDate": "2022-11-01",
                "text": "Referred to the Subcommittee on Crime, Terrorism, and Homeland Security."
            },
            "number": "1227",
            "policyArea": {
                "name": "Crime and Law Enforcement"
            },
            "title": "Urging the development of a strategy to counter the rise in violent crime across the United States.",
            "type": "HRES",
            "url": "https://api.congress.gov/v3/bill/117/hres/1227?format=json"
        },
        {
            "congress": 117,
            "introducedDate": "2022-05-24",
            "latestAction": {
                "actionDate": "2022-05-24",
                "text": "Referred to the House Committee on Financial Services."
            },
            "number": "7868",
            "policyArea": {
                "name": "Housing and Community Development"
            },
            "title": "CDBG Modernization Act of 2022",
            "type": "HR",
            "url": "https://api.congress.gov/v3/bill/117/hr/7868?format=json"
        },
        {
            "congress": 117,
            "introducedDate": "2022-05-03",
            "latestAction": {
                "actionDate": "2022-05-03",
                "text": "Referred to the House Committee on Energy and Commerce."
            },
            "number": "7651",
            "policyArea": {
                "name": "Energy"
            },
            "title": "Manufactured Housing Affordability and Energy Efficiency Act of 2022",
            "type": "HR",
            "url": "https://api.congress.gov/v3/bill/117/hr/7651?format=json"
        },
        {
            "congress": 117,
            "introducedDate": "2022-03-09",
            "latestAction": {
                "actionDate": "2022-03-09",
                "text": "Referred to the Committee on Ways and Means, and in addition to the Committee on Oversight and Reform, for a period to be subsequently determined by the Speaker, in each case for consideration of such provisions as fall within the jurisdiction of the committee concerned."
            },
            "number": "7033",
            "policyArea": {
                "name": "Taxation"
            },
            "title": "Small Business Taxpayer Bill of Rights Act of 2022",
            "type": "HR",
            "url": "https://api.congress.gov/v3/bill/117/hr/7033?format=json"
        },
        {
            "congress": 117,
            "introducedDate": "2022-02-07",
            "latestAction": {
                "actionDate": "2022-02-07",
                "text": "Referred to the House Committee on Financial Services."
            },
            "number": "6632",
            "policyArea": {
                "name": "Finance and Financial Sector"
            },
            "title": "To except quotations of fixed-income securities from certain regulatory requirements, and for other purposes.",
            "type": "HR",
            "url": "https://api.congress.gov/v3/bill/117/hr/6632?format=json"
        },
        {
            "congress": 117,
            "introducedDate": "2021-12-16",
            "latestAction": {
                "actionDate": "2021-12-17",
                "text": "Referred to the Subcommittee on Economic Development, Public Buildings, and Emergency Management."
            },
            "number": "6310",
            "policyArea": {
                "name": "Government Operations and Politics"
            },
            "title": "To designate the building utilized as a United States courthouse located at 111 South Highland Avenue in Jackson, Tennessee, as the \"James D. Todd United States Courthouse\", and for other purposes.",
            "type": "HR",
            "url": "https://api.congress.gov/v3/bill/117/hr/6310?format=json"
        },
        {
            "congress": 117,
            "introducedDate": "2021-11-26",
            "latestAction": {
                "actionDate": "2021-11-29",
                "text": "Referred to the Subcommittee on Railroads, Pipelines, and Hazardous Materials."
            },
            "number": "6081",
            "policyArea": {
                "name": "Transportation and Public Works"
            },
            "title": "Improving Chassis Capacity for Memphis\u2019 Supply Chain Act",
            "type": "HR",
            "url": "https://api.congress.gov/v3/bill/117/hr/6081?format=json"
        },
        {
            "congress": 117,
            "introducedDate": "2021-11-23",
            "latestAction": {
                "actionDate": "2021-11-24",
                "text": "Referred to the Subcommittee on Railroads, Pipelines, and Hazardous Materials."
            },
            "number": "6073",
            "policyArea": {
                "name": "Transportation and Public Works"
            },
            "title": "Improving Chassis Capacity for Memphis\u2019 Supply Chain Act",
            "type": "HR",
            "url": "https://api.congress.gov/v3/bill/117/hr/6073?format=json"
        },
        {
            "congress": 117,
            "introducedDate": "2021-11-17",
            "latestAction": {
                "actionDate": "2022-02-22",
                "text": "Referred to the Subcommittee on Middle East, North Africa and Global Counterterrorism."
            },
            "number": "6004",
            "policyArea": {
                "name": "International Affairs"
            },
            "title": "Upholding the 1995 Jerusalem Embassy Law Act of 2021",
            "type": "HR",
            "url": "https://api.congress.gov/v3/bill/117/hr/6004?format=json"
        },
        {
            "congress": 117,
            "introducedDate": "2021-11-02",
            "latestAction": {
                "actionDate": "2021-11-02",
                "text": "Referred to the House Committee on Education and Labor."
            },
            "number": "5817",
            "policyArea": {
                "name": "Sports and Recreation"
            },
            "title": "NCAA Accountability Act of 2021",
            "type": "HR",
            "url": "https://api.congress.gov/v3/bill/117/hr/5817?format=json"
        },
        {
            "congress": 117,
            "introducedDate": "2021-07-19",
            "latestAction": {
                "actionDate": "2022-11-01",
                "text": "Referred to the Subcommittee on Crime, Terrorism, and Homeland Security."
            },
            "number": "4523",
            "policyArea": {
                "name": "Crime and Law Enforcement"
            },
            "title": "Preserving Safe Communities by Ending Swatting Act of 2021",
            "type": "HR",
            "url": "https://api.congress.gov/v3/bill/117/hr/4523?format=json"
        },
        {
            "congress": 117,
            "introducedDate": "2021-06-01",
            "latestAction": {
                "actionDate": "2021-06-01",
                "text": "Referred to the House Committee on Oversight and Reform."
            },
            "number": "453",
            "policyArea": {
                "name": "Government Operations and Politics"
            },
            "title": "Recognizing and celebrating the 225th anniversary of the entry of the State of Tennessee into the United States as the 16th State.",
            "type": "HRES",
            "url": "https://api.congress.gov/v3/bill/117/hres/453?format=json"
        },
        {
            "congress": 117,
            "introducedDate": "2021-05-25",
            "latestAction": {
                "actionDate": "2022-11-01",
                "text": "Referred to the Subcommittee on Crime, Terrorism, and Homeland Security."
            },
            "number": "3515",
            "policyArea": {
                "name": "Crime and Law Enforcement"
            },
            "title": "Preventing Anti-Semitic Hate Crimes Act",
            "type": "HR",
            "url": "https://api.congress.gov/v3/bill/117/hr/3515?format=json"
        },
        {
            "congress": 117,
            "introducedDate": "2021-05-12",
            "latestAction": {
                "actionDate": "2021-11-09",
                "text": "Referred to the Subcommittee on Crime, Terrorism, and Homeland Security."
            },
            "number": "3153",
            "policyArea": {
                "name": "Crime and Law Enforcement"
            },
            "title": "Restoring the Armed Career Criminal Act",
            "type": "HR",
            "url": "https://api.congress.gov/v3/bill/117/hr/3153?format=json"
        },
        {
            "congress": 117,
            "introducedDate": "2021-04-22",
            "latestAction": {
                "actionDate": "2021-10-19",
                "text": "Referred to the Subcommittee on Immigration and Citizenship."
            },
            "number": "2787",
            "policyArea": {
                "name": "International Affairs"
            },
            "title": "SECURE CAMPUS Act of 2021",
            "type": "HR",
            "url": "https://api.congress.gov/v3/bill/117/hr/2787?format=json"
        },
        {
            "congress": 117,
            "introducedDate": "2021-04-08",
            "latestAction": {
                "actionDate": "2021-04-08",
                "text": "Referred to the House Committee on Natural Resources."
            },
            "number": "2413",
            "policyArea": {
                "name": "Environmental Protection"
            },
            "title": "Paving the Way for Rural Communities Act of 2021",
            "type": "HR",
            "url": "https://api.congress.gov/v3/bill/117/hr/2413?format=json"
        },
        {
            "congress": 117,
            "introducedDate": "2021-04-01",
            "latestAction": {
                "actionDate": "2021-04-01",
                "text": "Referred to the House Committee on Financial Services."
            },
            "number": "2322",
            "policyArea": {
                "name": "Finance and Financial Sector"
            },
            "title": "Ginnie Mae Oversight and Accountability Act of 2021",
            "type": "HR",
            "url": "https://api.congress.gov/v3/bill/117/hr/2322?format=json"
        },
        {
            "congress": 117,
            "introducedDate": "2021-03-08",
            "latestAction": {
                "actionDate": "2021-03-08",
                "text": "Referred to the House Committee on Financial Services."
            },
            "number": "1640",
            "policyArea": {
                "name": "Finance and Financial Sector"
            },
            "title": "Repeatedly Flooded Communities Preparation Act",
            "type": "HR",
            "url": "https://api.congress.gov/v3/bill/117/hr/1640?format=json"
        },
        {
            "congress": 117,
            "introducedDate": "2021-02-24",
            "latestAction": {
                "actionDate": "2021-04-28",
                "text": "Referred to the Subcommittee on Crime, Terrorism, and Homeland Security."
            },
            "number": "1303",
            "policyArea": {
                "name": "Crime and Law Enforcement"
            },
            "title": "Criminalizing Abused Substance Templates Act of 2021",
            "type": "HR",
            "url": "https://api.congress.gov/v3/bill/117/hr/1303?format=json"
        },
        {
            "congress": 117,
            "introducedDate": "2021-02-04",
            "latestAction": {
                "actionDate": "2021-02-04",
                "text": "Referred to the Committee on Foreign Affairs, and in addition to the Committee on Financial Services, for a period to be subsequently determined by the Speaker, in each case for consideration of such provisions as fall within the jurisdiction of the committee concerned."
            },
            "number": "819",
            "policyArea": {
                "name": "International Affairs"
            },
            "title": "Stop Corrupt Iranian Oligarchs and Entities Act",
            "type": "HR",
            "url": "https://api.congress.gov/v3/bill/117/hr/819?format=json"
        },
        {
            "congress": 116,
            "introducedDate": "2020-07-20",
            "latestAction": {
                "actionDate": "2020-07-20",
                "text": "Referred to the House Committee on Financial Services."
            },
            "number": "7688",
            "policyArea": {
                "name": "Finance and Financial Sector"
            },
            "title": "Portal for Appraisal Licensing Act of 2020",
            "type": "HR",
            "url": "https://api.congress.gov/v3/bill/116/hr/7688?format=json"
        },
        {
            "congress": 116,
            "introducedDate": "2020-05-27",
            "latestAction": {
                "actionDate": "2020-05-27",
                "text": "Referred to the Committee on the Judiciary, and in addition to the Committees on Science, Space, and Technology, Education and Labor, and Foreign Affairs, for a period to be subsequently determined by the Speaker, in each case for consideration of such provisions as fall within the jurisdiction of the committee concerned."
            },
            "number": "7033",
            "policyArea": {
                "name": "International Affairs"
            },
            "title": "SECURE CAMPUS Act of 2020",
            "type": "HR",
            "url": "https://api.congress.gov/v3/bill/116/hr/7033?format=json"
        },
        {
            "congress": 116,
            "introducedDate": "2019-10-29",
            "latestAction": {
                "actionDate": "2019-10-30",
                "text": "Referred to the Subcommittee on Health."
            },
            "number": "4898",
            "policyArea": {
                "name": "Health"
            },
            "title": "Rural Health Innovation Act of 2019",
            "type": "HR",
            "url": "https://api.congress.gov/v3/bill/116/hr/4898?format=json"
        },
        {
            "congress": 116,
            "introducedDate": "2019-09-26",
            "latestAction": {
                "actionDate": "2019-10-28",
                "text": "Referred to the Subcommittee on Crime, Terrorism, and Homeland Security."
            },
            "number": "4510",
            "policyArea": {
                "name": "Crime and Law Enforcement"
            },
            "title": "Criminalizing Abused Substance Templates Act of 2019",
            "type": "HR",
            "url": "https://api.congress.gov/v3/bill/116/hr/4510?format=json"
        },
        {
            "congress": 116,
            "introducedDate": "2019-07-25",
            "latestAction": {
                "actionDate": "2019-08-29",
                "text": "Referred to the Subcommittee on General Farm Commodities and Risk Management."
            },
            "number": "4037",
            "policyArea": {
                "name": "Finance and Financial Sector"
            },
            "title": "CLAIM Act",
            "type": "HR",
            "url": "https://api.congress.gov/v3/bill/116/hr/4037?format=json"
        },
        {
            "congress": 116,
            "introducedDate": "2019-07-10",
            "latestAction": {
                "actionDate": "2020-12-21",
                "text": "Became Public Law No: 116-232."
            },
            "number": "3680",
            "policyArea": {
                "name": "Government Operations and Politics"
            },
            "title": "To designate the facility of the United States Postal Service located at 415 North Main Street in Henning, Tennessee, as the \"Paula Croom Robinson and Judy Spray Memorial Post Office Building\".",
            "type": "HR",
            "url": "https://api.congress.gov/v3/bill/116/hr/3680?format=json"
        },
        {
            "congress": 116,
            "introducedDate": "2019-05-20",
            "latestAction": {
                "actionDate": "2019-06-26",
                "text": "Referred to the Subcommittee on Crime, Terrorism, and Homeland Security."
            },
            "number": "2837",
            "policyArea": {
                "name": "Crime and Law Enforcement"
            },
            "title": "Restoring the Armed Career Criminal Act",
            "type": "HR",
            "url": "https://api.congress.gov/v3/bill/116/hr/2837?format=json"
        },
        {
            "congress": 116,
            "introducedDate": "2019-04-02",
            "latestAction": {
                "actionDate": "2019-05-03",
                "text": "Referred to the Subcommittee on Crime, Terrorism, and Homeland Security."
            },
            "number": "2020",
            "policyArea": {
                "name": "Crime and Law Enforcement"
            },
            "title": "Substance Tableting and Encapsulating Enforcement and Registration Act",
            "type": "HR",
            "url": "https://api.congress.gov/v3/bill/116/hr/2020?format=json"
        },
        {
            "congress": 116,
            "introducedDate": "2019-04-01",
            "latestAction": {
                "actionDate": "2019-04-02",
                "text": "Referred to the Subcommittee on Communications and Technology."
            },
            "number": "2015",
            "policyArea": {
                "name": "Science, Technology, Communications"
            },
            "title": "TRACED Act",
            "type": "HR",
            "url": "https://api.congress.gov/v3/bill/116/hr/2015?format=json"
        },
        {
            "congress": 116,
            "introducedDate": "2019-03-28",
            "latestAction": {
                "actionDate": "2019-03-29",
                "text": "Referred to the Subcommittee on Communications and Technology."
            },
            "number": "1954",
            "policyArea": {
                "name": "Science, Technology, Communications"
            },
            "title": "Cellphone Jamming Reform Act of 2019",
            "type": "HR",
            "url": "https://api.congress.gov/v3/bill/116/hr/1954?format=json"
        },
        {
            "congress": 116,
            "introducedDate": "2019-03-14",
            "latestAction": {
                "actionDate": "2019-05-03",
                "text": "Referred to the Subcommittee on Crime, Terrorism, and Homeland Security."
            },
            "number": "1772",
            "policyArea": {
                "name": "Crime and Law Enforcement"
            },
            "title": "Preserving Safe Communities by Ending Swatting Act of 2019",
            "type": "HR",
            "url": "https://api.congress.gov/v3/bill/116/hr/1772?format=json"
        },
        {
            "congress": 116,
            "introducedDate": "2019-03-07",
            "latestAction": {
                "actionDate": "2019-03-08",
                "text": "Referred to the Subcommittee on Communications and Technology."
            },
            "number": "1602",
            "policyArea": {
                "name": "Science, Technology, Communications"
            },
            "title": "TRACED Act",
            "type": "HR",
            "url": "https://api.congress.gov/v3/bill/116/hr/1602?format=json"
        },
        {
            "congress": 116,
            "introducedDate": "2019-02-28",
            "latestAction": {
                "actionDate": "2019-02-28",
                "text": "Referred to the Committee on Foreign Affairs, and in addition to the Committee on Financial Services, for a period to be subsequently determined by the Speaker, in each case for consideration of such provisions as fall within the jurisdiction of the committee concerned."
            },
            "number": "1441",
            "policyArea": {
                "name": "International Affairs"
            },
            "title": "Stop Corrupt Iranian Oligarchs and Entities Act",
            "type": "HR",
            "url": "https://api.congress.gov/v3/bill/116/hr/1441?format=json"
        },
        {
            "congress": 116,
            "introducedDate": "2019-02-27",
            "latestAction": {
                "actionDate": "2019-02-27",
                "text": "Referred to the House Committee on Financial Services."
            },
            "number": "1387",
            "policyArea": {
                "name": "Crime and Law Enforcement"
            },
            "title": "CONFRONT Act",
            "type": "HR",
            "url": "https://api.congress.gov/v3/bill/116/hr/1387?format=json"
        },
        {
            "congress": 115,
            "introducedDate": "2018-11-28",
            "latestAction": {
                "actionDate": "2018-11-28",
                "text": "Referred to the Committee on Foreign Affairs, and in addition to the Committee on Financial Services, for a period to be subsequently determined by the Speaker, in each case for consideration of such provisions as fall within the jurisdiction of the committee concerned."
            },
            "number": "7182",
            "policyArea": {
                "name": "International Affairs"
            },
            "title": "Stop Corrupt Iranian Oligarchs and Entities Act",
            "type": "HR",
            "url": "https://api.congress.gov/v3/bill/115/hr/7182?format=json"
        },
        {
            "congress": 115,
            "introducedDate": "2018-09-24",
            "latestAction": {
                "actionDate": "2018-09-24",
                "text": "Referred to the House Committee on Financial Services."
            },
            "number": "6865",
            "policyArea": {
                "name": "Finance and Financial Sector"
            },
            "title": "Modernizing Illicit Financial Accountability and Reporting Act",
            "type": "HR",
            "url": "https://api.congress.gov/v3/bill/115/hr/6865?format=json"
        },
        {
            "congress": 115,
            "introducedDate": "2018-09-04",
            "latestAction": {
                "actionDate": "2018-10-09",
                "text": "Referred to the Subcommittee on Crime, Terrorism, Homeland Security, and Investigations."
            },
            "number": "6697",
            "policyArea": {
                "name": "Crime and Law Enforcement"
            },
            "title": "Restoring the Armed Career Criminal Act",
            "type": "HR",
            "url": "https://api.congress.gov/v3/bill/115/hr/6697?format=json"
        },
        {
            "congress": 115,
            "introducedDate": "2018-07-26",
            "latestAction": {
                "actionDate": "2018-10-01",
                "text": "Referred to the Subcommittee on Crime, Terrorism, Homeland Security, and Investigations."
            },
            "number": "6554",
            "policyArea": {
                "name": "Crime and Law Enforcement"
            },
            "title": "STEER Act",
            "type": "HR",
            "url": "https://api.congress.gov/v3/bill/115/hr/6554?format=json"
        },
        {
            "amendmentNumber": "941",
            "congress": 115,
            "introducedDate": "2018-07-18",
            "latestAction": {
                "actionDate": "2018-07-18",
                "actionTime": "20:30:20",
                "text": "On agreeing to the Kustoff (TN) amendment (A072) Agreed to by voice vote. "
            },
            "type": null,
            "url": "https://api.congress.gov/v3/amendment/115/hamdt/941?format=json"
        },
        {
            "congress": 115,
            "introducedDate": "2018-06-08",
            "latestAction": {
                "actionDate": "2018-06-08",
                "text": "Referred to the House Committee on Financial Services."
            },
            "number": "6049",
            "policyArea": {
                "name": "Finance and Financial Sector"
            },
            "title": "The Business Startup Clarification Act of 2018",
            "type": "HR",
            "url": "https://api.congress.gov/v3/bill/115/hr/6049?format=json"
        },
        {
            "congress": 115,
            "introducedDate": "2018-02-15",
            "latestAction": {
                "actionDate": "2018-12-21",
                "text": "Placed on the Union Calendar, Calendar No. 846."
            },
            "number": "5054",
            "policyArea": {
                "name": "Finance and Financial Sector"
            },
            "title": "Small Company Disclosure Simplification Act of 2018",
            "type": "HR",
            "url": "https://api.congress.gov/v3/bill/115/hr/5054?format=json"
        },
        {
            "congress": 115,
            "introducedDate": "2018-01-30",
            "latestAction": {
                "actionDate": "2018-02-02",
                "text": "Referred to the Subcommittee on Health."
            },
            "number": "4903",
            "policyArea": {
                "name": "Health"
            },
            "title": "COMBAT Act of 2018",
            "type": "HR",
            "url": "https://api.congress.gov/v3/bill/115/hr/4903?format=json"
        },
        {
            "congress": 115,
            "introducedDate": "2018-01-11",
            "latestAction": {
                "actionDate": "2018-03-07",
                "text": "Received in the Senate and Read twice and referred to the Committee on Banking, Housing, and Urban Affairs."
            },
            "number": "4768",
            "policyArea": {
                "name": "Crime and Law Enforcement"
            },
            "title": "National Strategy for Combating the Financing of Transnational Criminal Organizations Act",
            "type": "HR",
            "url": "https://api.congress.gov/v3/bill/115/hr/4768?format=json"
        },
        {
            "congress": 115,
            "introducedDate": "2017-11-08",
            "latestAction": {
                "actionDate": "2018-06-27",
                "text": "Received in the Senate and Read twice and referred to the Committee on Banking, Housing, and Urban Affairs."
            },
            "number": "4294",
            "policyArea": {
                "name": "Finance and Financial Sector"
            },
            "title": "Prevention of Private Information Dissemination Act of 2017",
            "type": "HR",
            "url": "https://api.congress.gov/v3/bill/115/hr/4294?format=json"
        },
        {
            "congress": 115,
            "introducedDate": "2017-07-28",
            "latestAction": {
                "actionDate": "2017-07-28",
                "text": "Referred to the House Committee on Financial Services."
            },
            "number": "3601",
            "policyArea": {
                "name": "Finance and Financial Sector"
            },
            "title": "Protecting Consumers from Frivolous Claims Act of 2017",
            "type": "HR",
            "url": "https://api.congress.gov/v3/bill/115/hr/3601?format=json"
        },
        {
            "congress": 115,
            "introducedDate": "2017-07-24",
            "latestAction": {
                "actionDate": "2017-07-24",
                "text": "Referred to the House Committee on Financial Services."
            },
            "number": "3363",
            "policyArea": {
                "name": "Finance and Financial Sector"
            },
            "title": "CLAIM Act",
            "type": "HR",
            "url": "https://api.congress.gov/v3/bill/115/hr/3363?format=json"
        },
        {
            "congress": 115,
            "introducedDate": "2017-07-13",
            "latestAction": {
                "actionDate": "2018-03-08",
                "text": "Placed on the Union Calendar, Calendar No. 448."
            },
            "number": "3221",
            "policyArea": {
                "name": "Housing and Community Development"
            },
            "title": "Securing Access to Affordable Mortgages Act",
            "type": "HR",
            "url": "https://api.congress.gov/v3/bill/115/hr/3221?format=json"
        },
        {
            "congress": 115,
            "introducedDate": "2017-03-27",
            "latestAction": {
                "actionDate": "2017-12-12",
                "text": "Received in the Senate and Read twice and referred to the Committee on the Judiciary."
            },
            "number": "1730",
            "policyArea": {
                "name": "Crime and Law Enforcement"
            },
            "title": "Protecting Religiously Affiliated Institutions Act of 2017",
            "type": "HR",
            "url": "https://api.congress.gov/v3/bill/115/hr/1730?format=json"
        }
    ]
}