{
    "pagination": {
        "count": 34
    },
    "request": {
        "bioguideId": "c000868",
        "contentType": "application/json",
        "format": "json"
    },
    "sponsoredLegislation": [
        {
            "congress": 109,
            "introducedDate": "2006-07-27",
            "latestAction": {
                "actionDate": "2006-08-07",
                "text": "Referred to the Subcommittee on National Parks."
            },
            "number": "5930",
            "policyArea": {
                "name": "Public Lands and Natural Resources"
            },
            "title": "Muscle Shoals National Heritage Area Act",
            "type": "HR",
            "url": "https://api.congress.gov/v3/bill/109/hr/5930?format=json"
        },
        {
            "congress": 109,
            "introducedDate": "2006-02-01",
            "latestAction": {
                "actionDate": "2006-02-06",
                "text": "Referred to the Subcommittee on Environment, Technology, and Standards."
            },
            "number": "4684",
            "policyArea": {
                "name": "Commerce"
            },
            "title": "To amend the Small Business Act to provide for an increase in the amount of awards under the first and second phases of the Small Business Innovation Research program.",
            "type": "HR",
            "url": "https://api.congress.gov/v3/bill/109/hr/4684?format=json"
        },
        {
            "congress": 109,
            "introducedDate": "2005-12-14",
            "latestAction": {
                "actionDate": "2005-12-14",
                "text": "Referred to the House Committee on Ways and Means."
            },
            "number": "4532",
            "policyArea": {
                "name": "Taxation"
            },
            "title": "Technology Education Incentive Act of 2005",
            "type": "HR",
            "url": "https://api.congress.gov/v3/bill/109/hr/4532?format=json"
        },
        {
            "congress": 109,
            "introducedDate": "2005-12-14",
            "latestAction": {
                "actionDate": "2005-12-14",
                "text": "Referred to the House Committee on Small Business."
            },
            "number": "4531",
            "policyArea": {
                "name": "Commerce"
            },
            "title": "To authorize the Administrator of the Small Business Administration to deem certain small business concerns qualified HUBZone small business concerns.",
            "type": "HR",
            "url": "https://api.congress.gov/v3/bill/109/hr/4531?format=json"
        },
        {
            "congress": 110,
            "introducedDate": "2007-11-15",
            "latestAction": {
                "actionDate": "2007-11-15",
                "text": "Referred to the House Committee on Small Business."
            },
            "number": "4212",
            "policyArea": {
                "name": "Commerce"
            },
            "title": "To authorize the Administrator of the Small Business Administration to deem certain small business concerns qualified HUBZone small business concerns.",
            "type": "HR",
            "url": "https://api.congress.gov/v3/bill/110/hr/4212?format=json"
        },
        {
            "congress": 110,
            "introducedDate": "2007-11-15",
            "latestAction": {
                "actionDate": "2008-01-28",
                "text": "Referred to the Subcommittee on Technology and Innovation."
            },
            "number": "4213",
            "policyArea": {
                "name": "Commerce"
            },
            "title": "To amend the Small Business Act to provide for an increase in the amount of awards under the first and second phases of the Small Business Innovation Research program.",
            "type": "HR",
            "url": "https://api.congress.gov/v3/bill/110/hr/4213?format=json"
        },
        {
            "congress": 110,
            "introducedDate": "2007-02-16",
            "latestAction": {
                "actionDate": "2007-07-12",
                "text": "Subcommittee Hearings Held."
            },
            "number": "1145",
            "policyArea": {
                "name": "Public Lands and Natural Resources"
            },
            "title": "Muscle Shoals National Heritage Area Act",
            "type": "HR",
            "url": "https://api.congress.gov/v3/bill/110/hr/1145?format=json"
        },
        {
            "congress": 110,
            "introducedDate": "2008-05-22",
            "latestAction": {
                "actionDate": "2008-09-29",
                "actionTime": "14:57:40",
                "text": "Motion to reconsider laid on the table Agreed to without objection."
            },
            "number": "1224",
            "policyArea": {
                "name": "Commemorations"
            },
            "title": "Commending the Tennessee Valley Authority on its 75th anniversary.",
            "type": "HRES",
            "url": "https://api.congress.gov/v3/bill/110/hres/1224?format=json"
        },
        {
            "congress": 108,
            "introducedDate": "2004-07-19",
            "latestAction": {
                "actionDate": "2004-07-20",
                "text": "Sponsor introductory remarks on measure. (CR E1431)"
            },
            "number": "4855",
            "policyArea": {
                "name": "Government Operations and Politics"
            },
            "title": "Independent National Security Classification Board Act of 2004\r",
            "type": "HR",
            "url": "https://api.congress.gov/v3/bill/108/hr/4855?format=json"
        },
        {
            "congress": 108,
            "introducedDate": "2004-04-02",
            "latestAction": {
                "actionDate": "2004-04-23",
                "text": "Referred to the Subcommittee on Commerce, Trade and Consumer Protection."
            },
            "number": "4145",
            "policyArea": {
                "name": "Commerce"
            },
            "title": "Manufacturing Advisory Council Establishment Act of 2004",
            "type": "HR",
            "url": "https://api.congress.gov/v3/bill/108/hr/4145?format=json"
        },
        {
            "congress": 108,
            "introducedDate": "2004-04-02",
            "latestAction": {
                "actionDate": "2004-04-14",
                "text": "Referred to the Subcommittee on Environment, Technology, and Standards."
            },
            "number": "4146",
            "policyArea": {
                "name": "Science, Technology, Communications"
            },
            "title": "Tornado Research Act of 2004",
            "type": "HR",
            "url": "https://api.congress.gov/v3/bill/108/hr/4146?format=json"
        },
        {
            "congress": 108,
            "introducedDate": "2003-11-21",
            "latestAction": {
                "actionDate": "2003-11-21",
                "text": "Referred to the House Committee on Ways and Means."
            },
            "number": "3590",
            "policyArea": {
                "name": "Taxation"
            },
            "title": "Technology Education Incentive Act of 2003",
            "type": "HR",
            "url": "https://api.congress.gov/v3/bill/108/hr/3590?format=json"
        },
        {
            "congress": 107,
            "introducedDate": "2002-03-07",
            "latestAction": {
                "actionDate": "2002-03-07",
                "text": "Referred to the House Committee on Ways and Means."
            },
            "number": "3905",
            "policyArea": {
                "name": "Taxation"
            },
            "title": "To amend the Internal Revenue Code of 1986 to authorize the Secretary of the Treasury to provide a one-time abatement of interest on an underpayment or nonpayment of income tax for reasonable cause.",
            "type": "HR",
            "url": "https://api.congress.gov/v3/bill/107/hr/3905?format=json"
        },
        {
            "congress": 107,
            "introducedDate": "2001-09-21",
            "latestAction": {
                "actionDate": "2001-09-28",
                "text": "Referred to the Subcommittee on Crime."
            },
            "number": "2930",
            "policyArea": {
                "name": "Crime and Law Enforcement"
            },
            "title": "Terrorism Elimination Act of 2001",
            "type": "HR",
            "url": "https://api.congress.gov/v3/bill/107/hr/2930?format=json"
        },
        {
            "congress": 107,
            "introducedDate": "2001-07-25",
            "latestAction": {
                "actionDate": "2002-12-17",
                "text": "Became Public Law No: 107-348."
            },
            "number": "2628",
            "policyArea": {
                "name": "Public Lands and Natural Resources"
            },
            "title": "Muscle Shoals National Heritage Area Study Act of 2002",
            "type": "HR",
            "url": "https://api.congress.gov/v3/bill/107/hr/2628?format=json"
        },
        {
            "congress": 106,
            "introducedDate": "2000-07-20",
            "latestAction": {
                "actionDate": "2000-12-07",
                "text": "Referred to the Subcommittee on Benefits."
            },
            "number": "4909",
            "policyArea": {
                "name": "Armed Forces and National Security"
            },
            "title": "Veterans Compensation Equity Act of 2000",
            "type": "HR",
            "url": "https://api.congress.gov/v3/bill/106/hr/4909?format=json"
        },
        {
            "congress": 106,
            "introducedDate": "1999-09-27",
            "latestAction": {
                "actionDate": "1999-10-05",
                "text": "Referred to the Subcommittee on National Parks and Public Lands."
            },
            "number": "2951",
            "policyArea": {
                "name": "Education"
            },
            "title": "To amend the Omnibus Parks and Public Lands Management Act of 1996 to authorize grants to Alabama Agricultural and Mechanical University in Huntsville, Alabama.",
            "type": "HR",
            "url": "https://api.congress.gov/v3/bill/106/hr/2951?format=json"
        },
        {
            "congress": 106,
            "introducedDate": "1999-07-22",
            "latestAction": {
                "actionDate": "1999-07-29",
                "text": "Referred to the Subcommittee on Crime."
            },
            "number": "2588",
            "policyArea": {
                "name": "Government Operations and Politics"
            },
            "title": "To amend the Omnibus Crime Control and Safe Streets Act of 1968 to provide that certain employees of Federal, State, and local emergency management and civil defense agencies may be eligible for certain public safety officers death benefits, and for other purposes.",
            "type": "HR",
            "url": "https://api.congress.gov/v3/bill/106/hr/2588?format=json"
        },
        {
            "congress": 106,
            "introducedDate": "1999-07-16",
            "latestAction": {
                "actionDate": "1999-07-23",
                "text": "Referred to the Subcommittee on Space and Aeronautics."
            },
            "number": "2542",
            "policyArea": {
                "name": "Science, Technology, Communications"
            },
            "title": "Space Access Improvement Act of 1999",
            "type": "HR",
            "url": "https://api.congress.gov/v3/bill/106/hr/2542?format=json"
        },
        {
            "congress": 106,
            "introducedDate": "1999-05-20",
            "latestAction": {
                "actionDate": "1999-05-25",
                "text": "Referred to the Subcommittee on Civil Service."
            },
            "number": "110",
            "policyArea": {
                "name": "Commemorations"
            },
            "title": "Expressing the sense of Congress that the July 20, 1999, 30th Anniversary of the first lunar landing should be a day of celebration and reflection on the Apollo-11 mission to the Moon and the accomplishments of the Apollo program throughout the 1960's and 1970's.",
            "type": "HCONRES",
            "url": "https://api.congress.gov/v3/bill/106/hconres/110?format=json"
        },
        {
            "amendmentNumber": "867",
            "congress": 102,
            "introducedDate": "1992-09-23",
            "latestAction": {
                "actionDate": "1992-09-23",
                "actionTime": "16:38:17",
                "text": "On agreeing to the Cramer amendment (A005) Agreed to by voice vote. "
            },
            "type": null,
            "url": "https://api.congress.gov/v3/amendment/102/hamdt/867?format=json"
        },
        {
            "congress": 102,
            "introducedDate": "1992-05-12",
            "latestAction": {
                "actionDate": "1992-05-14",
                "text": "Referred to the Subcommittee on Readiness."
            },
            "number": "5137",
            "policyArea": {
                "name": "Armed Forces and National Security"
            },
            "title": "To amend chapter 153 of title 10, United States Code, to permit the Secretary of Defense to provide certain property and services of the Department of Defense to certain educational entities.",
            "type": "HR",
            "url": "https://api.congress.gov/v3/bill/102/hr/5137?format=json"
        },
        {
            "congress": 102,
            "introducedDate": "1992-04-01",
            "latestAction": {
                "actionDate": "1992-04-16",
                "text": "Referred to the Subcommittee on Human Resources."
            },
            "number": "4729",
            "policyArea": {
                "name": "Families"
            },
            "title": "National Children's Advocacy Program Act of 1992",
            "type": "HR",
            "url": "https://api.congress.gov/v3/bill/102/hr/4729?format=json"
        },
        {
            "congress": 102,
            "introducedDate": "1991-04-17",
            "latestAction": {
                "actionDate": "1991-11-22",
                "text": "Executive Comment Received from Commerce."
            },
            "number": "1858",
            "policyArea": {
                "name": "Foreign Trade and International Finance"
            },
            "title": "To suspend until January 1, 1995, the duty on Basic Blue 1.",
            "type": "HR",
            "url": "https://api.congress.gov/v3/bill/102/hr/1858?format=json"
        },
        {
            "congress": 103,
            "introducedDate": "1994-08-19",
            "latestAction": {
                "actionDate": "1994-09-14",
                "text": "Executive Comment Requested from Commerce."
            },
            "number": "4998",
            "policyArea": {
                "name": "Science, Technology, Communications"
            },
            "title": "Weather Service Modernization Performance Review Act of 1994",
            "type": "HR",
            "url": "https://api.congress.gov/v3/bill/103/hr/4998?format=json"
        },
        {
            "congress": 103,
            "introducedDate": "1993-05-05",
            "latestAction": {
                "actionDate": "1993-05-11",
                "text": "Executive Comment Requested from DOD."
            },
            "number": "1984",
            "policyArea": {
                "name": "Armed Forces and National Security"
            },
            "title": "To amend chapter 153 of title 10, United States Code, to permit the Secretary of Defense to provide certain property and services of the Department of Defense to certain educational entities.",
            "type": "HR",
            "url": "https://api.congress.gov/v3/bill/103/hr/1984?format=json"
        },
        {
            "congress": 103,
            "introducedDate": "1994-09-21",
            "latestAction": {
                "actionDate": "1994-10-03",
                "text": "Referred to the Subcommittee on Health and the Environment."
            },
            "number": "538",
            "policyArea": {
                "name": "Health"
            },
            "title": "Expressing the sense of the House of Representatives that communities should establish multidisciplinary team approaches to treat children who suffer from sickle cell disease.",
            "type": "HRES",
            "url": "https://api.congress.gov/v3/bill/103/hres/538?format=json"
        },
        {
            "amendmentNumber": "1092",
            "congress": 104,
            "introducedDate": "1996-05-29",
            "latestAction": {
                "actionDate": "1996-05-29",
                "actionTime": "16:37:47",
                "text": "On agreeing to the Cramer amendment (A007) as modified Agreed to by voice vote. "
            },
            "type": null,
            "url": "https://api.congress.gov/v3/amendment/104/hamdt/1092?format=json"
        },
        {
            "amendmentNumber": "853",
            "congress": 104,
            "introducedDate": "1995-10-12",
            "latestAction": {
                "actionDate": "1995-10-12",
                "actionTime": "14:12:27",
                "text": "On agreeing to the Cramer amendment (A023) Agreed to by voice vote. "
            },
            "type": null,
            "url": "https://api.congress.gov/v3/amendment/104/hamdt/853?format=json"
        },
        {
            "amendmentNumber": "35",
            "congress": 105,
            "introducedDate": "1997-04-24",
            "latestAction": {
                "actionDate": "1997-04-24",
                "actionTime": "13:34:22",
                "text": "On agreeing to the Cramer amendment (A002) Agreed to by voice vote. "
            },
            "type": null,
            "url": "https://api.congress.gov/v3/amendment/105/hamdt/35?format=json"
        },
        {
            "congress": 105,
            "introducedDate": "1998-10-10",
            "latestAction": {
                "actionDate": "1998-10-21",
                "text": "Referred to the Subcommittee on Health and Environment."
            },
            "number": "4794",
            "policyArea": {
                "name": "Health"
            },
            "title": "Fairness in Prescription Drug Prices Act",
            "type": "HR",
            "url": "https://api.congress.gov/v3/bill/105/hr/4794?format=json"
        },
        {
            "congress": 105,
            "introducedDate": "1998-06-10",
            "latestAction": {
                "actionDate": "1998-06-16",
                "text": "Referred to the Subcommittee on Benefits."
            },
            "number": "4027",
            "policyArea": {
                "name": "Armed Forces and National Security"
            },
            "title": "To amend title 38, United States Code, to lengthen the accrual period prior to the death of an individual who is owed certain veterans' benefits, for the purpose of determining the amount of payment upon such death.",
            "type": "HR",
            "url": "https://api.congress.gov/v3/bill/105/hr/4027?format=json"
        },
        {
            "congress": 105,
            "introducedDate": "1998-03-31",
            "latestAction": {
                "actionDate": "1998-04-15",
                "text": "Referred to the Subcommittee on Crime."
            },
            "number": "3608",
            "policyArea": {
                "name": "Government Operations and Politics"
            },
            "title": "To amend the Omnibus Crime Control and Safe Streets Act of 1968 to provide that certain employees of Federal, State and local emergency management and civil defense agencies may be eligible for certain public safety officers death benefits, and for other purposes.",
            "type": "HR",
            "url": "https://api.congress.gov/v3/bill/105/hr/3608?format=json"
        },
        {
            "congress": 105,
            "introducedDate": "1997-06-05",
            "latestAction": {
                "actionDate": "1998-10-08",
                "text": "Rereferred to the House Committee on Government Reform and Oversight."
            },
            "number": "1804",
            "policyArea": {
                "name": "Commemorations"
            },
            "title": "To designate the Federal building located at 210 Seminary Street in Florence, Alabama, as the \"John McKinley Federal Building\".",
            "type": "HR",
            "url": "https://api.congress.gov/v3/bill/105/hr/1804?format=json"
        }
    ]
}