{
    "pagination": {
        "count": 154
    },
    "request": {
        "bioguideId": "c001059",
        "contentType": "application/json",
        "format": "json"
    },
    "sponsoredLegislation": [
        {
            "congress": 118,
            "introducedDate": "2024-08-06",
            "latestAction": {
                "actionDate": "2024-08-06",
                "text": "Referred to the House Committee on Transportation and Infrastructure."
            },
            "number": "9305",
            "policyArea": {
                "name": null
            },
            "title": "To direct the Secretary of Health and Human Services to make grants to local governments for the training of local law enforcement officers on public health threats arising from violations of building codes, and for other purposes.",
            "type": "HR",
            "url": "https://api.congress.gov/v3/bill/118/hr/9305?format=json"
        },
        {
            "congress": 118,
            "introducedDate": "2024-07-15",
            "latestAction": {
                "actionDate": "2024-07-15",
                "text": "Referred to the House Committee on Oversight and Accountability."
            },
            "number": "9038",
            "policyArea": {
                "name": null
            },
            "title": "To amend title 39, United States Code, to modernize and enhance the fair distribution of the Postal Service, and for other purposes.",
            "type": "HR",
            "url": "https://api.congress.gov/v3/bill/118/hr/9038?format=json"
        },
        {
            "congress": 118,
            "introducedDate": "2024-07-10",
            "latestAction": {
                "actionDate": "2024-07-10",
                "text": "Referred to the Committee on Foreign Affairs, and in addition to the Committee on Agriculture, for a period to be subsequently determined by the Speaker, in each case for consideration of such provisions as fall within the jurisdiction of the committee concerned."
            },
            "number": "1349",
            "policyArea": {
                "name": null
            },
            "title": "Recognizing the continued success of the Food for Peace Act.",
            "type": "HRES",
            "url": "https://api.congress.gov/v3/bill/118/hres/1349?format=json"
        },
        {
            "congress": 118,
            "introducedDate": "2024-05-17",
            "latestAction": {
                "actionDate": "2024-05-20",
                "text": "Referred to the Subcommittee on Economic Development, Public Buildings, and Emergency Management."
            },
            "number": "8451",
            "policyArea": {
                "name": null
            },
            "title": "BUILD Act",
            "type": "HR",
            "url": "https://api.congress.gov/v3/bill/118/hr/8451?format=json"
        },
        {
            "congress": 118,
            "introducedDate": "2024-04-30",
            "latestAction": {
                "actionDate": "2024-05-03",
                "text": "Referred to the Subcommittee on Health."
            },
            "number": "1181",
            "policyArea": {
                "name": "Health"
            },
            "title": "Expressing support for designation of April as \"National Donate Life Month\" and expressing gratitude to all Americans who have registered to be organ and tissue donors.",
            "type": "HRES",
            "url": "https://api.congress.gov/v3/bill/118/hres/1181?format=json"
        },
        {
            "congress": 118,
            "introducedDate": "2024-04-23",
            "latestAction": {
                "actionDate": "2024-04-23",
                "text": "Referred to the House Committee on the Judiciary."
            },
            "number": "1168",
            "policyArea": {
                "name": "Crime and Law Enforcement"
            },
            "title": "Supporting the designation of the week of April 21 through April 27, 2024, as \"National Crime Victims Rights Week\".",
            "type": "HRES",
            "url": "https://api.congress.gov/v3/bill/118/hres/1168?format=json"
        },
        {
            "congress": 118,
            "introducedDate": "2024-04-18",
            "latestAction": {
                "actionDate": "2024-04-26",
                "text": "Referred to the Subcommittee on Health."
            },
            "number": "8065",
            "policyArea": {
                "name": "Health"
            },
            "title": "Preventing Illegal Laboratories and Protecting Public Health Act of 2024",
            "type": "HR",
            "url": "https://api.congress.gov/v3/bill/118/hr/8065?format=json"
        },
        {
            "congress": 118,
            "introducedDate": "2023-09-12",
            "latestAction": {
                "actionDate": "2023-09-12",
                "text": "Referred to the House Committee on Oversight and Accountability."
            },
            "number": "675",
            "policyArea": {
                "name": "Energy"
            },
            "title": "Expressing support for the designation of October 8, 2023, as \"National Hydrogen and Fuel Cell Day\".",
            "type": "HRES",
            "url": "https://api.congress.gov/v3/bill/118/hres/675?format=json"
        },
        {
            "congress": 118,
            "introducedDate": "2023-09-08",
            "latestAction": {
                "actionDate": "2023-09-21",
                "text": "Referred to the Subcommittee on Commodity Markets, Digital Assets, and Rural Development."
            },
            "number": "5359",
            "policyArea": {
                "name": "Agriculture and Food"
            },
            "title": "Rural Development Modernization Act",
            "type": "HR",
            "url": "https://api.congress.gov/v3/bill/118/hr/5359?format=json"
        },
        {
            "congress": 118,
            "introducedDate": "2023-08-01",
            "latestAction": {
                "actionDate": "2023-09-19",
                "text": "Referred to the Subcommittee on Livestock, Dairy, and Poultry."
            },
            "number": "5099",
            "policyArea": {
                "name": "Agriculture and Food"
            },
            "title": "Dairy Nutrition Incentive Program Act of 2023",
            "type": "HR",
            "url": "https://api.congress.gov/v3/bill/118/hr/5099?format=json"
        },
        {
            "congress": 118,
            "introducedDate": "2023-07-27",
            "latestAction": {
                "actionDate": "2023-07-28",
                "text": "Referred to the Subcommittee on Health."
            },
            "number": "4985",
            "policyArea": {
                "name": "Health"
            },
            "title": "Expanding Medical Education Act",
            "type": "HR",
            "url": "https://api.congress.gov/v3/bill/118/hr/4985?format=json"
        },
        {
            "congress": 118,
            "introducedDate": "2023-06-23",
            "latestAction": {
                "actionDate": "2023-06-29",
                "text": "Referred to the Subcommittee on Health."
            },
            "number": "4328",
            "policyArea": {
                "name": "Health"
            },
            "title": "National Nursing Shortage Task Force Act of 2023",
            "type": "HR",
            "url": "https://api.congress.gov/v3/bill/118/hr/4328?format=json"
        },
        {
            "congress": 118,
            "introducedDate": "2023-06-23",
            "latestAction": {
                "actionDate": "2023-08-21",
                "text": "Referred to the Subcommittee on Livestock, Dairy, and Poultry."
            },
            "number": "4327",
            "policyArea": {
                "name": "Agriculture and Food"
            },
            "title": "Converting Our Waste Sustainably (COWS) Act of 2023",
            "type": "HR",
            "url": "https://api.congress.gov/v3/bill/118/hr/4327?format=json"
        },
        {
            "congress": 118,
            "introducedDate": "2023-06-12",
            "latestAction": {
                "actionDate": "2023-07-28",
                "text": "Referred to the Subcommittee on Conservation, Research, and Biotechnology."
            },
            "number": "4017",
            "policyArea": {
                "name": "Agriculture and Food"
            },
            "title": "Conservation Reserve Program Improvement Act of 2023",
            "type": "HR",
            "url": "https://api.congress.gov/v3/bill/118/hr/4017?format=json"
        },
        {
            "congress": 118,
            "introducedDate": "2023-06-12",
            "latestAction": {
                "actionDate": "2023-06-12",
                "text": "Referred to the House Committee on Foreign Affairs."
            },
            "number": "497",
            "policyArea": {
                "name": "International Affairs"
            },
            "title": "A resolution commemorating the Day of Portugal, Cam\u00f5es, and the Portuguese Communities, and for other purposes.",
            "type": "HRES",
            "url": "https://api.congress.gov/v3/bill/118/hres/497?format=json"
        },
        {
            "congress": 118,
            "introducedDate": "2023-06-12",
            "latestAction": {
                "actionDate": "2023-07-28",
                "text": "Referred to the Subcommittee on Forestry."
            },
            "number": "4018",
            "policyArea": {
                "name": "Public Lands and Natural Resources"
            },
            "title": "Headwaters Protection Act of 2023",
            "type": "HR",
            "url": "https://api.congress.gov/v3/bill/118/hr/4018?format=json"
        },
        {
            "congress": 118,
            "introducedDate": "2023-05-30",
            "latestAction": {
                "actionDate": "2023-05-30",
                "text": "Referred to the House Committee on Foreign Affairs."
            },
            "number": "457",
            "policyArea": {
                "name": "International Affairs"
            },
            "title": "Honoring the humanitarian work of Dr. Aristides de Sousa Mendes do Amaral e Abranches to save the lives of French Jews and other persons during the Holocaust.",
            "type": "HRES",
            "url": "https://api.congress.gov/v3/bill/118/hres/457?format=json"
        },
        {
            "congress": 118,
            "introducedDate": "2023-05-11",
            "latestAction": {
                "actionDate": "2023-05-11",
                "text": "Referred to the House Committee on the Judiciary."
            },
            "number": "3223",
            "policyArea": {
                "name": "Law"
            },
            "title": "CASE LOAD Act of 2023",
            "type": "HR",
            "url": "https://api.congress.gov/v3/bill/118/hr/3223?format=json"
        },
        {
            "congress": 118,
            "introducedDate": "2023-04-27",
            "latestAction": {
                "actionDate": "2023-05-05",
                "text": "Referred to the Subcommittee on Health."
            },
            "number": "333",
            "policyArea": {
                "name": "Health"
            },
            "title": "Expressing support for designation of April as \"National Donate Life Month\" and expressing gratitude to all Americans who have registered to be organ and tissue donors.",
            "type": "HRES",
            "url": "https://api.congress.gov/v3/bill/118/hres/333?format=json"
        },
        {
            "congress": 118,
            "introducedDate": "2023-04-18",
            "latestAction": {
                "actionDate": "2023-04-19",
                "text": "Referred to the Subcommittee on Water Resources and Environment."
            },
            "number": "2671",
            "policyArea": {
                "name": "Economics and Public Finance"
            },
            "title": "Restoring WIFIA Eligibility Act",
            "type": "HR",
            "url": "https://api.congress.gov/v3/bill/118/hr/2671?format=json"
        },
        {
            "congress": 118,
            "introducedDate": "2023-03-30",
            "latestAction": {
                "actionDate": "2023-05-08",
                "text": "Referred to the Subcommittee on Water, Wildlife, and Fisheries."
            },
            "number": "2419",
            "policyArea": {
                "name": "Water Resources Development"
            },
            "title": "Canal Conveyance Capacity Restoration Act",
            "type": "HR",
            "url": "https://api.congress.gov/v3/bill/118/hr/2419?format=json"
        },
        {
            "congress": 118,
            "introducedDate": "2023-03-22",
            "latestAction": {
                "actionDate": "2023-03-23",
                "text": "Referred to the Subcommittee on Coast Guard and Maritime Transportation."
            },
            "number": "1696",
            "policyArea": {
                "name": "Commerce"
            },
            "title": "Ocean Shipping Antitrust Enforcement Act of 2023",
            "type": "HR",
            "url": "https://api.congress.gov/v3/bill/118/hr/1696?format=json"
        },
        {
            "congress": 117,
            "introducedDate": "2022-10-28",
            "latestAction": {
                "actionDate": "2022-11-29",
                "text": "Referred to the Subcommittee on Livestock and Foreign Agriculture."
            },
            "number": "9244",
            "policyArea": {
                "name": "Agriculture and Food"
            },
            "title": "Supporting Market Access to Reinvigorate Trade Act of 2022",
            "type": "HR",
            "url": "https://api.congress.gov/v3/bill/117/hr/9244?format=json"
        },
        {
            "congress": 117,
            "introducedDate": "2022-09-29",
            "latestAction": {
                "actionDate": "2022-11-01",
                "text": "Referred to the Subcommittee on Crime, Terrorism, and Homeland Security."
            },
            "number": "9043",
            "policyArea": {
                "name": "Crime and Law Enforcement"
            },
            "title": "Respect for Child Survivors Act",
            "type": "HR",
            "url": "https://api.congress.gov/v3/bill/117/hr/9043?format=json"
        },
        {
            "congress": 117,
            "introducedDate": "2022-09-22",
            "latestAction": {
                "actionDate": "2022-09-22",
                "text": "Referred to the House Committee on Oversight and Reform."
            },
            "number": "1385",
            "policyArea": {
                "name": "Immigration"
            },
            "title": "Recognizing September 22nd, 2022, as the Order of the Sons and Daughters of Italy in America, Colombo-Stella Lodge 1149 Day.",
            "type": "HRES",
            "url": "https://api.congress.gov/v3/bill/117/hres/1385?format=json"
        },
        {
            "congress": 117,
            "introducedDate": "2022-09-19",
            "latestAction": {
                "actionDate": "2022-09-19",
                "text": "Referred to the House Committee on Oversight and Reform."
            },
            "number": "1366",
            "policyArea": {
                "name": "Energy"
            },
            "title": "Expressing support for the designation of October 8, 2022, as \"National Hydrogen and Fuel Cell Day\".",
            "type": "HRES",
            "url": "https://api.congress.gov/v3/bill/117/hres/1366?format=json"
        },
        {
            "congress": 117,
            "introducedDate": "2022-08-09",
            "latestAction": {
                "actionDate": "2022-08-10",
                "text": "Referred to the Subcommittee on Economic Development, Public Buildings, and Emergency Management."
            },
            "number": "8688",
            "policyArea": {
                "name": "Commerce"
            },
            "title": "To establish a grant program for certain institutions of higher education to plan and implement projects for economic and community development in economically distressed communities, and for other purposes.",
            "type": "HR",
            "url": "https://api.congress.gov/v3/bill/117/hr/8688?format=json"
        },
        {
            "congress": 117,
            "introducedDate": "2022-04-14",
            "latestAction": {
                "actionDate": "2022-11-01",
                "text": "Referred to the Subcommittee on Crime, Terrorism, and Homeland Security."
            },
            "number": "1055",
            "policyArea": {
                "name": "Crime and Law Enforcement"
            },
            "title": "Supporting the designation of April 24 through April 30, 2022, as \"National Crime Victims' Rights Week\".",
            "type": "HRES",
            "url": "https://api.congress.gov/v3/bill/117/hres/1055?format=json"
        },
        {
            "congress": 117,
            "introducedDate": "2022-04-07",
            "latestAction": {
                "actionDate": "2022-04-07",
                "text": "Referred to the House Committee on Oversight and Reform."
            },
            "number": "1043",
            "policyArea": {
                "name": "Immigration"
            },
            "title": "Recognizing the accomplishments and contributions of Sikh Americans and Sikhs worldwide.",
            "type": "HRES",
            "url": "https://api.congress.gov/v3/bill/117/hres/1043?format=json"
        },
        {
            "congress": 117,
            "introducedDate": "2022-04-06",
            "latestAction": {
                "actionDate": "2022-11-01",
                "text": "Referred to the Subcommittee on Crime, Terrorism, and Homeland Security."
            },
            "number": "7419",
            "policyArea": {
                "name": "Crime and Law Enforcement"
            },
            "title": "Victims of Child Abuse Act Reauthorization Act of 2022",
            "type": "HR",
            "url": "https://api.congress.gov/v3/bill/117/hr/7419?format=json"
        },
        {
            "congress": 117,
            "introducedDate": "2022-02-28",
            "latestAction": {
                "actionDate": "2022-11-01",
                "text": "Referred to the Subcommittee on Antitrust, Commercial, and Administrative Law."
            },
            "number": "6864",
            "policyArea": {
                "name": "Commerce"
            },
            "title": "Ocean Shipping Antitrust Enforcement Act",
            "type": "HR",
            "url": "https://api.congress.gov/v3/bill/117/hr/6864?format=json"
        },
        {
            "congress": 117,
            "introducedDate": "2022-02-07",
            "latestAction": {
                "actionDate": "2022-02-07",
                "text": "Referred to the House Committee on Foreign Affairs."
            },
            "number": "6624",
            "policyArea": {
                "name": "International Affairs"
            },
            "title": "Transatlantic Legislators\u2019 Dialogue Act",
            "type": "HR",
            "url": "https://api.congress.gov/v3/bill/117/hr/6624?format=json"
        },
        {
            "congress": 117,
            "introducedDate": "2021-11-18",
            "latestAction": {
                "actionDate": "2022-02-22",
                "text": "Referred to the Subcommittee on Europe, Energy, the Environment and Cyber."
            },
            "number": "807",
            "policyArea": {
                "name": "International Affairs"
            },
            "title": "Honoring the humanitarian work of Dr. Aristides de Sousa Mendes do Amaral e Abranches to save the lives of French Jews and other persons during the Holocaust.",
            "type": "HRES",
            "url": "https://api.congress.gov/v3/bill/117/hres/807?format=json"
        },
        {
            "congress": 117,
            "introducedDate": "2021-11-18",
            "latestAction": {
                "actionDate": "2022-05-16",
                "text": "Became Public Law No: 117-127."
            },
            "number": "6023",
            "policyArea": {
                "name": "Government Operations and Politics"
            },
            "title": "Multinational Species Conservation Funds Semipostal Stamp Reauthorization Act of 2021",
            "type": "HR",
            "url": "https://api.congress.gov/v3/bill/117/hr/6023?format=json"
        },
        {
            "congress": 117,
            "introducedDate": "2021-10-08",
            "latestAction": {
                "actionDate": "2021-10-08",
                "text": "Referred to the House Committee on Oversight and Reform."
            },
            "number": "707",
            "policyArea": {
                "name": "Energy"
            },
            "title": "Supporting the recognition of October 8, 2021, as \"National Hydrogen and Fuel Cell Day\".",
            "type": "HRES",
            "url": "https://api.congress.gov/v3/bill/117/hres/707?format=json"
        },
        {
            "congress": 117,
            "introducedDate": "2021-06-04",
            "latestAction": {
                "actionDate": "2021-06-04",
                "text": "Referred to the House Committee on Oversight and Reform."
            },
            "number": "459",
            "policyArea": {
                "name": "Arts, Culture, Religion"
            },
            "title": "Expressing support for the designation of June as Portuguese National Heritage Month.",
            "type": "HRES",
            "url": "https://api.congress.gov/v3/bill/117/hres/459?format=json"
        },
        {
            "congress": 117,
            "introducedDate": "2021-05-17",
            "latestAction": {
                "actionDate": "2021-05-17",
                "text": "Referred to the House Committee on Ways and Means."
            },
            "number": "3272",
            "policyArea": {
                "name": "Taxation"
            },
            "title": "Biodiesel, Renewable Diesel, and Alternative Fuels Extension Act of 2021",
            "type": "HR",
            "url": "https://api.congress.gov/v3/bill/117/hr/3272?format=json"
        },
        {
            "congress": 117,
            "introducedDate": "2021-05-07",
            "latestAction": {
                "actionDate": "2021-05-14",
                "text": "Sponsor introductory remarks on measure. (CR H2345)"
            },
            "number": "3023",
            "policyArea": {
                "name": "Water Resources Development"
            },
            "title": "Restoring WIFIA Eligibility Act",
            "type": "HR",
            "url": "https://api.congress.gov/v3/bill/117/hr/3023?format=json"
        },
        {
            "congress": 117,
            "introducedDate": "2021-05-07",
            "latestAction": {
                "actionDate": "2021-05-10",
                "text": "Referred to the Subcommittee on Water Resources and Environment."
            },
            "number": "3022",
            "policyArea": {
                "name": "Water Resources Development"
            },
            "title": "To modify the project for flood control, Redbank and Fancher Creeks, California, to allow a non-Federal interest to establish conservation pools, and for other purposes.",
            "type": "HR",
            "url": "https://api.congress.gov/v3/bill/117/hr/3022?format=json"
        },
        {
            "congress": 117,
            "introducedDate": "2021-05-04",
            "latestAction": {
                "actionDate": "2021-07-26",
                "text": "Referred to the Subcommittee on Disability Assistance and Memorial Affairs."
            },
            "number": "2969",
            "policyArea": {
                "name": "Armed Forces and National Security"
            },
            "title": "Special Guerrilla Unit Veterans Service Recognition Expansion Act of 2021",
            "type": "HR",
            "url": "https://api.congress.gov/v3/bill/117/hr/2969?format=json"
        },
        {
            "congress": 117,
            "introducedDate": "2021-04-15",
            "latestAction": {
                "actionDate": "2021-06-08",
                "text": "Referred to the Subcommittee on Water, Oceans, and Wildlife."
            },
            "number": "2552",
            "policyArea": {
                "name": "Water Resources Development"
            },
            "title": "Canal Conveyance Capacity Restoration Act",
            "type": "HR",
            "url": "https://api.congress.gov/v3/bill/117/hr/2552?format=json"
        },
        {
            "congress": 117,
            "introducedDate": "2021-04-14",
            "latestAction": {
                "actionDate": "2021-10-19",
                "text": "Referred to the Subcommittee on Crime, Terrorism, and Homeland Security."
            },
            "number": "313",
            "policyArea": {
                "name": "Crime and Law Enforcement"
            },
            "title": "Supporting the designation of April 18-24, 2021, as National Crime Victims' Rights Week.",
            "type": "HRES",
            "url": "https://api.congress.gov/v3/bill/117/hres/313?format=json"
        },
        {
            "congress": 117,
            "introducedDate": "2021-02-05",
            "latestAction": {
                "actionDate": "2021-02-08",
                "text": "Referred to the Subcommittee on Railroads, Pipelines, and Hazardous Materials."
            },
            "number": "867",
            "policyArea": {
                "name": "Transportation and Public Works"
            },
            "title": "High Speed Rail Corridor Development Act of 2021",
            "type": "HR",
            "url": "https://api.congress.gov/v3/bill/117/hr/867?format=json"
        },
        {
            "congress": 117,
            "introducedDate": "2021-02-04",
            "latestAction": {
                "actionDate": "2021-02-05",
                "text": "Referred to the Subcommittee on Health."
            },
            "number": "801",
            "policyArea": {
                "name": "Health"
            },
            "title": "Expanding Medical Education Act",
            "type": "HR",
            "url": "https://api.congress.gov/v3/bill/117/hr/801?format=json"
        },
        {
            "congress": 117,
            "introducedDate": "2021-01-11",
            "latestAction": {
                "actionDate": "2021-01-11",
                "text": "Referred to the House Committee on Oversight and Reform."
            },
            "number": "27",
            "policyArea": {
                "name": "Sports and Recreation"
            },
            "title": "Urging Tom Flores be inducted into the Pro Football Hall of Fame.",
            "type": "HRES",
            "url": "https://api.congress.gov/v3/bill/117/hres/27?format=json"
        },
        {
            "congress": 116,
            "introducedDate": "2020-11-12",
            "latestAction": {
                "actionDate": "2020-11-12",
                "text": "Referred to the House Committee on Oversight and Reform."
            },
            "number": "1214",
            "policyArea": {
                "name": "Immigration"
            },
            "title": "Recognizing the accomplishments and contributions of Sikh Americans and Sikhs worldwide.",
            "type": "HRES",
            "url": "https://api.congress.gov/v3/bill/116/hres/1214?format=json"
        },
        {
            "congress": 116,
            "introducedDate": "2020-09-29",
            "latestAction": {
                "actionDate": "2020-09-29",
                "text": "Referred to the House Committee on Oversight and Reform."
            },
            "number": "1158",
            "policyArea": {
                "name": "Energy"
            },
            "title": "Supporting the recognition of October 8, 2020, as \"National Hydrogen and Fuel Cell Day\".",
            "type": "HRES",
            "url": "https://api.congress.gov/v3/bill/116/hres/1158?format=json"
        },
        {
            "congress": 116,
            "introducedDate": "2020-04-22",
            "latestAction": {
                "actionDate": "2020-04-22",
                "text": "Referred to the House Committee on the Judiciary."
            },
            "number": "936",
            "policyArea": {
                "name": "Crime and Law Enforcement"
            },
            "title": "Supporting the designation of April 19-25, 2020, as National Crime Victims' Rights Week.",
            "type": "HRES",
            "url": "https://api.congress.gov/v3/bill/116/hres/936?format=json"
        },
        {
            "congress": 116,
            "introducedDate": "2020-02-07",
            "latestAction": {
                "actionDate": "2020-02-07",
                "text": "Referred to the House Committee on Transportation and Infrastructure."
            },
            "number": "5805",
            "policyArea": {
                "name": "Transportation and Public Works"
            },
            "title": "High Speed Rail Corridor Development Act of 2020",
            "type": "HR",
            "url": "https://api.congress.gov/v3/bill/116/hr/5805?format=json"
        },
        {
            "congress": 116,
            "introducedDate": "2020-02-04",
            "latestAction": {
                "actionDate": "2020-02-12",
                "text": "Sponsor introductory remarks on measure. (CR H1114; CR H1116-1117)"
            },
            "number": "5752",
            "policyArea": {
                "name": "Water Resources Development"
            },
            "title": "Conveyance Capacity Correction Act",
            "type": "HR",
            "url": "https://api.congress.gov/v3/bill/116/hr/5752?format=json"
        },
        {
            "congress": 116,
            "introducedDate": "2020-01-30",
            "latestAction": {
                "actionDate": "2020-01-30",
                "text": "Referred to the House Committee on Oversight and Reform."
            },
            "number": "822",
            "policyArea": {
                "name": "Sports and Recreation"
            },
            "title": "Urging Tom Flores be inducted into the Pro Football Hall of Fame.",
            "type": "HRES",
            "url": "https://api.congress.gov/v3/bill/116/hres/822?format=json"
        },
        {
            "congress": 116,
            "introducedDate": "2020-01-17",
            "latestAction": {
                "actionDate": "2020-01-17",
                "text": "Referred to the House Committee on Energy and Commerce."
            },
            "number": "5654",
            "policyArea": {
                "name": "Health"
            },
            "title": "Expanding Medical Education Act of 2020",
            "type": "HR",
            "url": "https://api.congress.gov/v3/bill/116/hr/5654?format=json"
        },
        {
            "congress": 116,
            "introducedDate": "2019-12-05",
            "latestAction": {
                "actionDate": "2020-03-10",
                "text": "Ordered to be Reported by Voice Vote."
            },
            "number": "742",
            "policyArea": {
                "name": "International Affairs"
            },
            "title": "Recognizing the continued success of the Food for Peace Act.",
            "type": "HRES",
            "url": "https://api.congress.gov/v3/bill/116/hres/742?format=json"
        },
        {
            "congress": 116,
            "introducedDate": "2019-10-04",
            "latestAction": {
                "actionDate": "2019-10-04",
                "text": "Referred to the House Committee on Oversight and Reform."
            },
            "number": "615",
            "policyArea": {
                "name": "Energy"
            },
            "title": "Expressing support for the designation of October 8, 2019, as \"National Hydrogen and Fuel Cell Day\".",
            "type": "HRES",
            "url": "https://api.congress.gov/v3/bill/116/hres/615?format=json"
        },
        {
            "congress": 116,
            "introducedDate": "2019-08-23",
            "latestAction": {
                "actionDate": "2019-09-25",
                "text": "Referred to the Subcommittee on Crime, Terrorism, and Homeland Security."
            },
            "number": "4203",
            "policyArea": {
                "name": "Crime and Law Enforcement"
            },
            "title": "Jane\u2019s Law",
            "type": "HR",
            "url": "https://api.congress.gov/v3/bill/116/hr/4203?format=json"
        },
        {
            "congress": 116,
            "introducedDate": "2019-08-23",
            "latestAction": {
                "actionDate": "2019-09-20",
                "text": "Referred to the Subcommittee on Disability Assistance and Memorial Affairs."
            },
            "number": "4204",
            "policyArea": {
                "name": "Armed Forces and National Security"
            },
            "title": "Special Guerrilla Unit (SGU) Veterans Service Recognition Expansion Act of 2019",
            "type": "HR",
            "url": "https://api.congress.gov/v3/bill/116/hr/4204?format=json"
        },
        {
            "congress": 116,
            "introducedDate": "2019-07-30",
            "latestAction": {
                "actionDate": "2019-07-30",
                "text": "Referred to the House Committee on Foreign Affairs."
            },
            "number": "4105",
            "policyArea": {
                "name": "International Affairs"
            },
            "title": "Transatlantic Legislators\u2019 Dialogue Enhancement Act",
            "type": "HR",
            "url": "https://api.congress.gov/v3/bill/116/hr/4105?format=json"
        },
        {
            "amendmentNumber": "737",
            "congress": 113,
            "introducedDate": "2014-05-29",
            "latestAction": {
                "actionDate": "2014-05-29",
                "actionTime": "17:52:49",
                "text": "By unanimous consent, the Costa amendment was withdrawn. (consideration: CR H4964)"
            },
            "type": null,
            "url": "https://api.congress.gov/v3/amendment/113/hamdt/737?format=json"
        },
        {
            "amendmentNumber": "621",
            "congress": 113,
            "introducedDate": "2014-04-30",
            "latestAction": {
                "actionDate": "2014-04-30",
                "actionTime": "15:34:51",
                "text": "On agreeing to the Costa amendment (A004) Agreed to by voice vote. "
            },
            "type": null,
            "url": "https://api.congress.gov/v3/amendment/113/hamdt/621?format=json"
        },
        {
            "amendmentNumber": "205",
            "congress": 113,
            "introducedDate": "2013-06-19",
            "latestAction": {
                "actionDate": "2013-06-19",
                "actionTime": "20:35:28",
                "text": "By unanimous consent, the Costa amendment was withdrawn. (consideration: CR H3894)"
            },
            "type": null,
            "url": "https://api.congress.gov/v3/amendment/113/hamdt/205?format=json"
        },
        {
            "congress": 113,
            "introducedDate": "2014-02-28",
            "latestAction": {
                "actionDate": "2014-03-05",
                "text": "Referred to the Subcommittee on Water and Power."
            },
            "number": "4125",
            "policyArea": {
                "name": "Water Resources Development"
            },
            "title": "Shasta Dam Expansion Act of 2014",
            "type": "HR",
            "url": "https://api.congress.gov/v3/bill/113/hr/4125?format=json"
        },
        {
            "congress": 113,
            "introducedDate": "2014-02-28",
            "latestAction": {
                "actionDate": "2014-03-07",
                "text": "Referred to the Subcommittee on Water and Power."
            },
            "number": "4126",
            "policyArea": {
                "name": "Water Resources Development"
            },
            "title": "San Luis Reservoir Expansion Act of 2014",
            "type": "HR",
            "url": "https://api.congress.gov/v3/bill/113/hr/4126?format=json"
        },
        {
            "congress": 113,
            "introducedDate": "2014-02-28",
            "latestAction": {
                "actionDate": "2014-03-06",
                "text": "Referred to the Subcommittee on Water and Power."
            },
            "number": "4127",
            "policyArea": {
                "name": "Water Resources Development"
            },
            "title": "Upper San Joaquin River Storage Act of 2014",
            "type": "HR",
            "url": "https://api.congress.gov/v3/bill/113/hr/4127?format=json"
        },
        {
            "congress": 113,
            "introducedDate": "2014-02-11",
            "latestAction": {
                "actionDate": "2014-02-14",
                "text": "Referred to the Subcommittee on Environment and the Economy."
            },
            "number": "4039",
            "policyArea": {
                "name": "Water Resources Development"
            },
            "title": "California Emergency Drought Relief Act of 2014",
            "type": "HR",
            "url": "https://api.congress.gov/v3/bill/113/hr/4039?format=json"
        },
        {
            "congress": 113,
            "introducedDate": "2013-12-26",
            "latestAction": {
                "actionDate": "2013-12-26",
                "text": "Referred to the House Committee on Ways and Means."
            },
            "number": "3809",
            "policyArea": {
                "name": "Taxation"
            },
            "title": "To amend the Internal Revenue Code of 1986 to treat certain population census tracts for which information is not available as low-income communities for purposes of the new markets tax credit.",
            "type": "HR",
            "url": "https://api.congress.gov/v3/bill/113/hr/3809?format=json"
        },
        {
            "congress": 113,
            "introducedDate": "2013-10-29",
            "latestAction": {
                "actionDate": "2013-11-04",
                "text": "Referred to the Subcommittee on Disability Assistance and Memorial Affairs."
            },
            "number": "3369",
            "policyArea": {
                "name": "Armed Forces and National Security"
            },
            "title": "Hmong Veterans' Service Recognition Act",
            "type": "HR",
            "url": "https://api.congress.gov/v3/bill/113/hr/3369?format=json"
        },
        {
            "congress": 113,
            "introducedDate": "2013-06-04",
            "latestAction": {
                "actionDate": "2013-06-04",
                "text": "Referred to the House Committee on the Budget."
            },
            "number": "2238",
            "policyArea": {
                "name": "Economics and Public Finance"
            },
            "title": "To amend the Balanced Budget and Emergency Deficit Control Act of 1985 to exempt the Crime Victims Fund from sequestration.",
            "type": "HR",
            "url": "https://api.congress.gov/v3/bill/113/hr/2238?format=json"
        },
        {
            "congress": 113,
            "introducedDate": "2013-05-09",
            "latestAction": {
                "actionDate": "2014-09-09",
                "text": "Committee Hearings Held."
            },
            "number": "1927",
            "policyArea": {
                "name": "Water Resources Development"
            },
            "title": "More Water and Security for Californians Act",
            "type": "HR",
            "url": "https://api.congress.gov/v3/bill/113/hr/1927?format=json"
        },
        {
            "congress": 113,
            "introducedDate": "2013-04-23",
            "latestAction": {
                "actionDate": "2013-05-01",
                "text": "Referred to the Subcommittee on Public Lands and Environmental Regulation."
            },
            "number": "1677",
            "policyArea": {
                "name": "Public Lands and Natural Resources"
            },
            "title": "Yosemite National Park Boundary Expansion Act of 2013",
            "type": "HR",
            "url": "https://api.congress.gov/v3/bill/113/hr/1677?format=json"
        },
        {
            "congress": 113,
            "introducedDate": "2014-04-10",
            "latestAction": {
                "actionDate": "2014-06-09",
                "text": "Referred to the Subcommittee on Crime, Terrorism, Homeland Security, and Investigations."
            },
            "number": "551",
            "policyArea": {
                "name": "Crime and Law Enforcement"
            },
            "title": "Supporting the mission and goals of 2014 National Crime Victims' Rights Week, which include increasing public awareness of the rights, needs, and concerns of, and services available to assist, victims of crime in the United States.",
            "type": "HRES",
            "url": "https://api.congress.gov/v3/bill/113/hres/551?format=json"
        },
        {
            "congress": 112,
            "introducedDate": "2012-06-07",
            "latestAction": {
                "actionDate": "2012-06-26",
                "text": "Referred to the Subcommittee on National Parks, Forests and Public Lands."
            },
            "number": "5907",
            "policyArea": {
                "name": "Public Lands and Natural Resources"
            },
            "title": "Yosemite National Park Boundary Expansion Act of 2012",
            "type": "HR",
            "url": "https://api.congress.gov/v3/bill/112/hr/5907?format=json"
        },
        {
            "congress": 112,
            "introducedDate": "2012-04-26",
            "latestAction": {
                "actionDate": "2012-05-02",
                "text": "Referred to the Subcommittee on Trade."
            },
            "number": "4914",
            "policyArea": {
                "name": "Foreign Trade and International Finance"
            },
            "title": "To suspend temporarily the duty on mixtures containing Fluopyram and Tebuconazole.",
            "type": "HR",
            "url": "https://api.congress.gov/v3/bill/112/hr/4914?format=json"
        },
        {
            "congress": 112,
            "introducedDate": "2012-04-25",
            "latestAction": {
                "actionDate": "2012-05-02",
                "text": "Referred to the Subcommittee on Trade."
            },
            "number": "4683",
            "policyArea": {
                "name": "Foreign Trade and International Finance"
            },
            "title": "To suspend temporarily the duty on Fluopicolide.",
            "type": "HR",
            "url": "https://api.congress.gov/v3/bill/112/hr/4683?format=json"
        },
        {
            "congress": 112,
            "introducedDate": "2012-04-25",
            "latestAction": {
                "actionDate": "2012-05-02",
                "text": "Referred to the Subcommittee on Trade."
            },
            "number": "4687",
            "policyArea": {
                "name": "Foreign Trade and International Finance"
            },
            "title": "To extend the temporary suspension of duty on Phenmedipham.",
            "type": "HR",
            "url": "https://api.congress.gov/v3/bill/112/hr/4687?format=json"
        },
        {
            "congress": 112,
            "introducedDate": "2012-04-25",
            "latestAction": {
                "actionDate": "2012-05-02",
                "text": "Referred to the Subcommittee on Trade."
            },
            "number": "4686",
            "policyArea": {
                "name": "Foreign Trade and International Finance"
            },
            "title": "To extend the temporary suspension of duty on 4-Chlorobenzaldehyde.",
            "type": "HR",
            "url": "https://api.congress.gov/v3/bill/112/hr/4686?format=json"
        },
        {
            "congress": 112,
            "introducedDate": "2012-04-25",
            "latestAction": {
                "actionDate": "2012-05-02",
                "text": "Referred to the Subcommittee on Trade."
            },
            "number": "4685",
            "policyArea": {
                "name": "Foreign Trade and International Finance"
            },
            "title": "To suspend temporarily the duty on Indaziflam.",
            "type": "HR",
            "url": "https://api.congress.gov/v3/bill/112/hr/4685?format=json"
        },
        {
            "congress": 112,
            "introducedDate": "2012-04-25",
            "latestAction": {
                "actionDate": "2012-05-02",
                "text": "Referred to the Subcommittee on Trade."
            },
            "number": "4684",
            "policyArea": {
                "name": "Foreign Trade and International Finance"
            },
            "title": "To suspend temporarily the duty on Fluopyram.",
            "type": "HR",
            "url": "https://api.congress.gov/v3/bill/112/hr/4684?format=json"
        },
        {
            "congress": 112,
            "introducedDate": "2012-04-25",
            "latestAction": {
                "actionDate": "2012-05-02",
                "text": "Referred to the Subcommittee on Trade."
            },
            "number": "4681",
            "policyArea": {
                "name": "Foreign Trade and International Finance"
            },
            "title": "To suspend temporarily the duty on mixtures containing Fluopyram and Pyrimethanil.",
            "type": "HR",
            "url": "https://api.congress.gov/v3/bill/112/hr/4681?format=json"
        },
        {
            "congress": 112,
            "introducedDate": "2012-04-25",
            "latestAction": {
                "actionDate": "2012-05-02",
                "text": "Referred to the Subcommittee on Trade."
            },
            "number": "4682",
            "policyArea": {
                "name": "Foreign Trade and International Finance"
            },
            "title": "To suspend temporarily the duty on Fenhexamid.",
            "type": "HR",
            "url": "https://api.congress.gov/v3/bill/112/hr/4682?format=json"
        },
        {
            "congress": 112,
            "introducedDate": "2012-04-25",
            "latestAction": {
                "actionDate": "2012-05-02",
                "text": "Referred to the Subcommittee on Trade."
            },
            "number": "4676",
            "policyArea": {
                "name": "Foreign Trade and International Finance"
            },
            "title": "To suspend temporarily the duty on mixtures of Indaziflam.",
            "type": "HR",
            "url": "https://api.congress.gov/v3/bill/112/hr/4676?format=json"
        },
        {
            "congress": 112,
            "introducedDate": "2012-04-25",
            "latestAction": {
                "actionDate": "2012-05-02",
                "text": "Referred to the Subcommittee on Trade."
            },
            "number": "4679",
            "policyArea": {
                "name": "Foreign Trade and International Finance"
            },
            "title": "To suspend temporarily the duty on mixtures containing Fluopyram and Prothioconazole.",
            "type": "HR",
            "url": "https://api.congress.gov/v3/bill/112/hr/4679?format=json"
        },
        {
            "congress": 112,
            "introducedDate": "2012-04-25",
            "latestAction": {
                "actionDate": "2012-05-02",
                "text": "Referred to the Subcommittee on Trade."
            },
            "number": "4678",
            "policyArea": {
                "name": "Foreign Trade and International Finance"
            },
            "title": "To suspend temporarily the duty on mixtures containing Fluopyram.",
            "type": "HR",
            "url": "https://api.congress.gov/v3/bill/112/hr/4678?format=json"
        },
        {
            "congress": 112,
            "introducedDate": "2012-04-25",
            "latestAction": {
                "actionDate": "2012-05-02",
                "text": "Referred to the Subcommittee on Trade."
            },
            "number": "4677",
            "policyArea": {
                "name": "Foreign Trade and International Finance"
            },
            "title": "To suspend temporarily the duty on mixtures of Flubendiamide.",
            "type": "HR",
            "url": "https://api.congress.gov/v3/bill/112/hr/4677?format=json"
        },
        {
            "congress": 112,
            "introducedDate": "2012-04-25",
            "latestAction": {
                "actionDate": "2012-05-02",
                "text": "Referred to the Subcommittee on Trade."
            },
            "number": "4675",
            "policyArea": {
                "name": "Foreign Trade and International Finance"
            },
            "title": "To reduce temporarily the duty on 1H-[1,2,4]Triazole.",
            "type": "HR",
            "url": "https://api.congress.gov/v3/bill/112/hr/4675?format=json"
        },
        {
            "congress": 112,
            "introducedDate": "2012-04-25",
            "latestAction": {
                "actionDate": "2012-05-02",
                "text": "Referred to the Subcommittee on Trade."
            },
            "number": "4680",
            "policyArea": {
                "name": "Foreign Trade and International Finance"
            },
            "title": "To suspend temporarily the duty on mixtures containing Fluopyram and Trifloxystrobin.",
            "type": "HR",
            "url": "https://api.congress.gov/v3/bill/112/hr/4680?format=json"
        },
        {
            "congress": 112,
            "introducedDate": "2012-04-18",
            "latestAction": {
                "actionDate": "2013-01-10",
                "text": "Became Public Law No: 112-251."
            },
            "number": "4389",
            "policyArea": {
                "name": "Government Operations and Politics"
            },
            "title": "To designate the facility of the United States Postal Service located at 19 East Merced Street in Fowler, California, as the \"Cecil E. Bolt Post Office\".",
            "type": "HR",
            "url": "https://api.congress.gov/v3/bill/112/hr/4389?format=json"
        },
        {
            "congress": 112,
            "introducedDate": "2011-10-13",
            "latestAction": {
                "actionDate": "2011-10-25",
                "text": "Referred to the Subcommittee on Disability Assistance and Memorial Affairs."
            },
            "number": "3192",
            "policyArea": {
                "name": "Armed Forces and National Security"
            },
            "title": "To amend title 38, United States Code, to authorize the Secretary of Veterans Affairs to inter in national cemeteries individuals who supported the United States in Laos during the Vietnam War era.",
            "type": "HR",
            "url": "https://api.congress.gov/v3/bill/112/hr/3192?format=json"
        },
        {
            "congress": 112,
            "introducedDate": "2011-08-01",
            "latestAction": {
                "actionDate": "2011-08-01",
                "text": "Referred to the House Committee on Ways and Means."
            },
            "number": "2740",
            "policyArea": {
                "name": "Taxation"
            },
            "title": "To amend the Internal Revenue Code of 1986 to treat certain population census tracts for which information is not available as low-income communities for purposes of the new markets tax credit.",
            "type": "HR",
            "url": "https://api.congress.gov/v3/bill/112/hr/2740?format=json"
        },
        {
            "congress": 112,
            "introducedDate": "2011-07-26",
            "latestAction": {
                "actionDate": "2011-07-27",
                "text": "Referred to the Subcommittee on Economic Development, Public Buildings and Emergency Management."
            },
            "number": "2650",
            "policyArea": {
                "name": "Government Operations and Politics"
            },
            "title": "To designate the United States courthouse under construction at 510 19th Street, Bakersfield, California, as the Myron Donovan Crocker United States Courthouse.",
            "type": "HR",
            "url": "https://api.congress.gov/v3/bill/112/hr/2650?format=json"
        },
        {
            "congress": 112,
            "introducedDate": "2011-03-30",
            "latestAction": {
                "actionDate": "2011-03-30",
                "text": "Referred to the House Committee on Natural Resources."
            },
            "number": "1251",
            "policyArea": {
                "name": "Water Resources Development"
            },
            "title": "More Water for Our Valley Act, 2011",
            "type": "HR",
            "url": "https://api.congress.gov/v3/bill/112/hr/1251?format=json"
        },
        {
            "congress": 116,
            "introducedDate": "2019-01-30",
            "latestAction": {
                "actionDate": "2019-01-30",
                "text": "Referred to the House Committee on the Judiciary."
            },
            "number": "90",
            "policyArea": {
                "name": "Crime and Law Enforcement"
            },
            "title": "Supporting the observation of \"National Slavery and Human Trafficking Prevention Month\" during January 2019 to promote efforts to prevent, eradicate, and raise awareness of human trafficking and modern slavery.",
            "type": "HRES",
            "url": "https://api.congress.gov/v3/bill/116/hres/90?format=json"
        },
        {
            "amendmentNumber": "709",
            "congress": 115,
            "introducedDate": "2018-06-06",
            "latestAction": {
                "actionDate": "2018-06-06",
                "actionTime": "18:30:27",
                "text": "On agreeing to the Costa amendment (A049) Agreed to by voice vote. "
            },
            "type": null,
            "url": "https://api.congress.gov/v3/amendment/115/hamdt/709?format=json"
        },
        {
            "congress": 115,
            "introducedDate": "2018-05-09",
            "latestAction": {
                "actionDate": "2018-05-10",
                "text": "Referred to the Subcommittee on Water Resources and Environment."
            },
            "number": "5726",
            "policyArea": {
                "name": "Water Resources Development"
            },
            "title": "Non-Federal Reservoir Operations Improvement Act",
            "type": "HR",
            "url": "https://api.congress.gov/v3/bill/115/hr/5726?format=json"
        },
        {
            "congress": 115,
            "introducedDate": "2018-04-12",
            "latestAction": {
                "actionDate": "2018-04-30",
                "text": "Referred to the Subcommittee on Conservation and Forestry."
            },
            "number": "5487",
            "policyArea": {
                "name": "Agriculture and Food"
            },
            "title": "Regional Conservation Partnership Program Improvement Act of 2018",
            "type": "HR",
            "url": "https://api.congress.gov/v3/bill/115/hr/5487?format=json"
        },
        {
            "congress": 115,
            "introducedDate": "2017-12-21",
            "latestAction": {
                "actionDate": "2017-12-21",
                "text": "Referred to the Subcommittee on Disability Assistance and Memorial Affairs."
            },
            "number": "4716",
            "policyArea": {
                "name": "Armed Forces and National Security"
            },
            "title": "Hmong Veterans' Service Recognition Act",
            "type": "HR",
            "url": "https://api.congress.gov/v3/bill/115/hr/4716?format=json"
        },
        {
            "congress": 115,
            "introducedDate": "2017-07-28",
            "latestAction": {
                "actionDate": "2017-09-01",
                "text": "Referred to the Subcommittee on Nutrition."
            },
            "number": "3577",
            "policyArea": {
                "name": "Agriculture and Food"
            },
            "title": "Results Through Innovation Act of 2017",
            "type": "HR",
            "url": "https://api.congress.gov/v3/bill/115/hr/3577?format=json"
        },
        {
            "amendmentNumber": "155",
            "congress": 115,
            "introducedDate": "2017-07-12",
            "latestAction": {
                "actionDate": "2017-07-12",
                "actionTime": "18:00:49",
                "text": "On agreeing to the Costa amendment (A002) Agreed to by voice vote. "
            },
            "type": null,
            "url": "https://api.congress.gov/v3/amendment/115/hamdt/155?format=json"
        },
        {
            "amendmentNumber": "156",
            "congress": 115,
            "introducedDate": "2017-07-12",
            "latestAction": {
                "actionDate": "2017-07-12",
                "actionTime": "18:07:07",
                "text": "On agreeing to the Costa amendment (A003) Agreed to by voice vote. "
            },
            "type": null,
            "url": "https://api.congress.gov/v3/amendment/115/hamdt/156?format=json"
        },
        {
            "amendmentNumber": "121",
            "congress": 115,
            "introducedDate": "2017-05-25",
            "latestAction": {
                "actionDate": "2017-05-25",
                "actionTime": "10:05:29",
                "text": "By unanimous consent, the Costa amendment was withdrawn. "
            },
            "type": null,
            "url": "https://api.congress.gov/v3/amendment/115/hamdt/121?format=json"
        },
        {
            "congress": 114,
            "introducedDate": "2016-05-12",
            "latestAction": {
                "actionDate": "2016-05-24",
                "text": "Subcommittee Hearings Held."
            },
            "number": "5217",
            "policyArea": {
                "name": "Water Resources Development"
            },
            "title": "San Luis Unit Drainage Resolution Act",
            "type": "HR",
            "url": "https://api.congress.gov/v3/bill/114/hr/5217?format=json"
        },
        {
            "amendmentNumber": "949",
            "congress": 114,
            "introducedDate": "2016-02-26",
            "latestAction": {
                "actionDate": "2016-02-26",
                "actionTime": "09:47:24",
                "text": "On agreeing to the Costa amendment (A004) as modified Agreed to by voice vote. "
            },
            "type": null,
            "url": "https://api.congress.gov/v3/amendment/114/hamdt/949?format=json"
        },
        {
            "amendmentNumber": "669",
            "congress": 114,
            "introducedDate": "2015-07-16",
            "latestAction": {
                "actionDate": "2015-07-16",
                "actionTime": "11:17:02",
                "text": "On agreeing to the Costa amendment (A006) Agreed to by voice vote. "
            },
            "type": null,
            "url": "https://api.congress.gov/v3/amendment/114/hamdt/669?format=json"
        },
        {
            "congress": 114,
            "introducedDate": "2015-05-14",
            "latestAction": {
                "actionDate": "2015-05-14",
                "text": "Referred to the House Committee on Veterans' Affairs."
            },
            "number": "2327",
            "policyArea": {
                "name": "Armed Forces and National Security"
            },
            "title": "Hmong Veterans' Service Recognition Act",
            "type": "HR",
            "url": "https://api.congress.gov/v3/bill/114/hr/2327?format=json"
        },
        {
            "congress": 114,
            "introducedDate": "2015-01-28",
            "latestAction": {
                "actionDate": "2015-02-19",
                "text": "Referred to the Subcommittee on Crime, Terrorism, Homeland Security, and Investigations."
            },
            "number": "61",
            "policyArea": {
                "name": "Crime and Law Enforcement"
            },
            "title": "Supporting the goals and ideals of a National Stalking Awareness Month.",
            "type": "HRES",
            "url": "https://api.congress.gov/v3/bill/114/hres/61?format=json"
        },
        {
            "amendmentNumber": "193",
            "congress": 109,
            "introducedDate": "2005-05-19",
            "latestAction": {
                "actionDate": "2005-05-19",
                "actionTime": "19:04:17",
                "text": "On agreeing to the Costa amendment (A025) Agreed to by voice vote. "
            },
            "type": null,
            "url": "https://api.congress.gov/v3/amendment/109/hamdt/193?format=json"
        },
        {
            "congress": 109,
            "introducedDate": "2006-06-28",
            "latestAction": {
                "actionDate": "2006-06-28",
                "text": "Referred to the House Committee on Ways and Means."
            },
            "number": "5696",
            "policyArea": {
                "name": "Foreign Trade and International Finance"
            },
            "title": "To respond to the unreasonable and unnecessary Japanese prohibition on the importation of United States beef by prohibiting importation of Japanese beef into the United States.",
            "type": "HR",
            "url": "https://api.congress.gov/v3/bill/109/hr/5696?format=json"
        },
        {
            "congress": 109,
            "introducedDate": "2006-04-06",
            "latestAction": {
                "actionDate": "2006-04-19",
                "text": "Executive Comment Requested from Interior."
            },
            "number": "5125",
            "policyArea": {
                "name": "Native Americans"
            },
            "title": "To amend the Indian Gaming Regulatory Act to provide that the Secretary of the Interior shall not approve a Tribal-State gaming compact under that Act unless the State involved has a State law providing for a gaming master plan that has been approved by the Secretary.",
            "type": "HR",
            "url": "https://api.congress.gov/v3/bill/109/hr/5125?format=json"
        },
        {
            "congress": 109,
            "introducedDate": "2005-05-17",
            "latestAction": {
                "actionDate": "2005-05-26",
                "text": "Referred to the Subcommittee on Trade."
            },
            "number": "2397",
            "policyArea": {
                "name": "Foreign Trade and International Finance"
            },
            "title": "To extend the temporary suspension of duty on Trifloxystrobin.",
            "type": "HR",
            "url": "https://api.congress.gov/v3/bill/109/hr/2397?format=json"
        },
        {
            "congress": 109,
            "introducedDate": "2005-05-17",
            "latestAction": {
                "actionDate": "2005-05-26",
                "text": "Referred to the Subcommittee on Trade."
            },
            "number": "2395",
            "policyArea": {
                "name": "Foreign Trade and International Finance"
            },
            "title": "To suspend temporarily the duty on Propamocarb HCL (Previcur).",
            "type": "HR",
            "url": "https://api.congress.gov/v3/bill/109/hr/2395?format=json"
        },
        {
            "congress": 109,
            "introducedDate": "2005-05-17",
            "latestAction": {
                "actionDate": "2005-05-26",
                "text": "Referred to the Subcommittee on Trade."
            },
            "number": "2394",
            "policyArea": {
                "name": "Foreign Trade and International Finance"
            },
            "title": "To suspend temporarily the duty on Spirodiclofen.",
            "type": "HR",
            "url": "https://api.congress.gov/v3/bill/109/hr/2394?format=json"
        },
        {
            "congress": 109,
            "introducedDate": "2005-05-17",
            "latestAction": {
                "actionDate": "2005-05-26",
                "text": "Referred to the Subcommittee on Trade."
            },
            "number": "2396",
            "policyArea": {
                "name": "Foreign Trade and International Finance"
            },
            "title": "To extend the temporary suspension of duty on Imidacloprid pesticides.",
            "type": "HR",
            "url": "https://api.congress.gov/v3/bill/109/hr/2396?format=json"
        },
        {
            "congress": 109,
            "introducedDate": "2006-07-28",
            "latestAction": {
                "actionDate": "2006-07-28",
                "text": "Referred to the House Committee on Government Reform."
            },
            "number": "968",
            "policyArea": {
                "name": "Commemorations"
            },
            "title": "Recognizing the outstanding contributions of Stephen K. Hall to California agriculture and the California water community.",
            "type": "HRES",
            "url": "https://api.congress.gov/v3/bill/109/hres/968?format=json"
        },
        {
            "congress": 109,
            "introducedDate": "2006-03-07",
            "latestAction": {
                "actionDate": "2006-05-01",
                "text": "Referred to the Subcommittee on 21st Century Competitiveness."
            },
            "number": "711",
            "policyArea": {
                "name": "Commemorations"
            },
            "title": "Recognizing and honoring the 150th anniversary of the founding of the Sigma Alpha Epsilon Fraternity.",
            "type": "HRES",
            "url": "https://api.congress.gov/v3/bill/109/hres/711?format=json"
        },
        {
            "congress": 109,
            "introducedDate": "2006-04-05",
            "latestAction": {
                "actionDate": "2006-04-26",
                "text": "Sponsor introductory remarks on measure. (CR H1749)"
            },
            "number": "378",
            "policyArea": {
                "name": "Commemorations"
            },
            "title": "Supporting the goals and ideals of the 2006 National Crime Victims' Rights Week and efforts to increase public awareness of the rights, needs, and concerns of crime victims and survivors in the United States.",
            "type": "HCONRES",
            "url": "https://api.congress.gov/v3/bill/109/hconres/378?format=json"
        },
        {
            "congress": 109,
            "introducedDate": "2006-03-02",
            "latestAction": {
                "actionDate": "2006-05-01",
                "text": "Referred to the Subcommittee on 21st Century Competitiveness."
            },
            "number": "351",
            "policyArea": {
                "name": "Commemorations"
            },
            "title": "Recognizing and honoring the 150th anniversary of the founding of the Sigma Alpha Epsilon Fraternity.",
            "type": "HCONRES",
            "url": "https://api.congress.gov/v3/bill/109/hconres/351?format=json"
        },
        {
            "amendmentNumber": "324",
            "congress": 111,
            "introducedDate": "2009-07-15",
            "latestAction": {
                "actionDate": "2009-07-15",
                "actionTime": "14:23:42",
                "text": "On agreeing to the Costa amendment (A005) Agreed to by voice vote. "
            },
            "type": null,
            "url": "https://api.congress.gov/v3/amendment/111/hamdt/324?format=json"
        },
        {
            "congress": 111,
            "introducedDate": "2010-07-27",
            "latestAction": {
                "actionDate": "2010-07-30",
                "text": "Referred to the Subcommittee on Disability Assistance and Memorial Affairs."
            },
            "number": "5879",
            "policyArea": {
                "name": "Armed Forces and National Security"
            },
            "title": "To amend title 38, United States Code, to authorize the Secretary of Veterans Affairs to inter in national cemeteries individuals who supported the United States in Laos during the Vietnam War era.",
            "type": "HR",
            "url": "https://api.congress.gov/v3/bill/111/hr/5879?format=json"
        },
        {
            "congress": 111,
            "introducedDate": "2010-07-01",
            "latestAction": {
                "actionDate": "2010-07-01",
                "text": "Referred to the House Committee on Energy and Commerce."
            },
            "number": "5674",
            "policyArea": {
                "name": "Environmental Protection"
            },
            "title": "Mercury Reduction and Energy Security Act of 2010",
            "type": "HR",
            "url": "https://api.congress.gov/v3/bill/111/hr/5674?format=json"
        },
        {
            "congress": 111,
            "introducedDate": "2010-05-12",
            "latestAction": {
                "actionDate": "2010-06-18",
                "text": "Referred to the Subcommittee on Livestock, Dairy, and Poultry."
            },
            "number": "5288",
            "policyArea": {
                "name": "Agriculture and Food"
            },
            "title": "Dairy Price Stabilization Program Act of 2010",
            "type": "HR",
            "url": "https://api.congress.gov/v3/bill/111/hr/5288?format=json"
        },
        {
            "congress": 111,
            "introducedDate": "2009-12-08",
            "latestAction": {
                "actionDate": "2010-02-04",
                "text": "Subcommittee Hearings Held."
            },
            "number": "4225",
            "policyArea": {
                "name": "Water Resources Development"
            },
            "title": "To authorize drought assistance adjustments to provide immediate funding for projects and activities that will help alleviate record unemployment and diminished agricultural production related to the drought in California.",
            "type": "HR",
            "url": "https://api.congress.gov/v3/bill/111/hr/4225?format=json"
        },
        {
            "congress": 111,
            "introducedDate": "2009-11-17",
            "latestAction": {
                "actionDate": "2010-01-04",
                "text": "Referred to the Subcommittee on Crime, Terrorism, and Homeland Security."
            },
            "number": "4089",
            "policyArea": {
                "name": "Law"
            },
            "title": "To create and extend certain temporary district court judgeships.",
            "type": "HR",
            "url": "https://api.congress.gov/v3/bill/111/hr/4089?format=json"
        },
        {
            "congress": 111,
            "introducedDate": "2009-10-07",
            "latestAction": {
                "actionDate": "2009-10-09",
                "text": "Referred to the Subcommittee on Water and Power."
            },
            "number": "3750",
            "policyArea": {
                "name": "Water Resources Development"
            },
            "title": "Water Transfer Facilitation Act of 2009",
            "type": "HR",
            "url": "https://api.congress.gov/v3/bill/111/hr/3750?format=json"
        },
        {
            "congress": 111,
            "introducedDate": "2009-06-19",
            "latestAction": {
                "actionDate": "2009-06-19",
                "text": "Referred to the House Committee on Natural Resources."
            },
            "number": "2977",
            "policyArea": {
                "name": "Public Lands and Natural Resources"
            },
            "title": "To direct the Secretary of the Interior, acting through the Bureau of Reclamation, to enter into an agreement with the National Academy of Sciences to conduct a comprehensive study of sustainable water and environmental management in the Sacramento-San Joaquin Delta, California, and for other purposes.",
            "type": "HR",
            "url": "https://api.congress.gov/v3/bill/111/hr/2977?format=json"
        },
        {
            "congress": 111,
            "introducedDate": "2009-03-05",
            "latestAction": {
                "actionDate": "2009-04-23",
                "text": "Executive Comment Requested from HHS, USDA."
            },
            "number": "1332",
            "policyArea": {
                "name": "Agriculture and Food"
            },
            "title": "Safe FEAST Act of 2009",
            "type": "HR",
            "url": "https://api.congress.gov/v3/bill/111/hr/1332?format=json"
        },
        {
            "congress": 111,
            "introducedDate": "2009-01-09",
            "latestAction": {
                "actionDate": "2009-02-04",
                "text": "Referred to the Subcommittee on Water and Power."
            },
            "number": "372",
            "policyArea": {
                "name": "Water Resources Development"
            },
            "title": "To authorize implementation of the San Joaquin River Restoration Settlement, and for other purposes.",
            "type": "HR",
            "url": "https://api.congress.gov/v3/bill/111/hr/372?format=json"
        },
        {
            "congress": 111,
            "introducedDate": "2010-09-29",
            "latestAction": {
                "actionDate": "2010-09-29",
                "text": "Referred to the House Committee on Oversight and Government Reform."
            },
            "number": "1689",
            "policyArea": {
                "name": "Housing and Community Development"
            },
            "title": "Recognizing the City of Fresno, California, as it celebrates its 125th anniversary.",
            "type": "HRES",
            "url": "https://api.congress.gov/v3/bill/111/hres/1689?format=json"
        },
        {
            "congress": 111,
            "introducedDate": "2010-06-22",
            "latestAction": {
                "actionDate": "2010-06-24",
                "actionTime": "19:19:52",
                "text": "Motion to reconsider laid on the table Agreed to without objection."
            },
            "number": "1457",
            "policyArea": {
                "name": "International Affairs"
            },
            "title": "Expressing the sense of the House of Representatives on the one-year anniversary of the Government of Iran's fraudulent manipulation of Iranian elections, the Government of Iran's continued denial of human rights and democracy to the people of Iran, and the Government of Iran's continued pursuit of a nuclear weapons capability.",
            "type": "HRES",
            "url": "https://api.congress.gov/v3/bill/111/hres/1457?format=json"
        },
        {
            "congress": 111,
            "introducedDate": "2010-02-24",
            "latestAction": {
                "actionDate": "2010-04-21",
                "actionTime": "15:52:35",
                "text": "Motion to reconsider laid on the table Agreed to without objection."
            },
            "number": "1104",
            "policyArea": {
                "name": "Crime and Law Enforcement"
            },
            "title": "Supporting the mission and goals of 2010 National Crime Victims' Rights Week to increase public awareness of the rights, needs, and concerns of victims and survivors of crime in the United States, no matter their country of origin or their creed, and to commemorate the National Crime Victims' Rights Week theme of \"Crime Victims' Rights: Fairness. Dignity. Respect.\".",
            "type": "HRES",
            "url": "https://api.congress.gov/v3/bill/111/hres/1104?format=json"
        },
        {
            "congress": 111,
            "introducedDate": "2009-04-29",
            "latestAction": {
                "actionDate": "2009-04-30",
                "text": "Referred to the Subcommittee on Health."
            },
            "number": "380",
            "policyArea": {
                "name": "Health"
            },
            "title": "Expressing support for designation of April as \"National Donate Life Month\" and expressing gratitude to all Americans who have communicated their intent to be organ and tissue donors.",
            "type": "HRES",
            "url": "https://api.congress.gov/v3/bill/111/hres/380?format=json"
        },
        {
            "congress": 111,
            "introducedDate": "2009-02-03",
            "latestAction": {
                "actionDate": "2009-04-29",
                "actionTime": "12:06:03",
                "text": "Motion to reconsider laid on the table Agreed to without objection."
            },
            "number": "109",
            "policyArea": {
                "name": "Crime and Law Enforcement"
            },
            "title": "Supporting the mission and goals of 2009 National Crime Victims' Rights week to increase public awareness of the rights, needs, and concerns of victims and survivors of crime in the United States, and to commemorate the 25th anniversary of the enactment of the Victims of Crime Act of 1984.",
            "type": "HRES",
            "url": "https://api.congress.gov/v3/bill/111/hres/109?format=json"
        },
        {
            "amendmentNumber": "241",
            "congress": 110,
            "introducedDate": "2007-06-06",
            "latestAction": {
                "actionDate": "2007-06-06",
                "actionTime": "15:57:01",
                "text": "On agreeing to the Costa amendment (A004) Agreed to by voice vote. "
            },
            "type": null,
            "url": "https://api.congress.gov/v3/amendment/110/hamdt/241?format=json"
        },
        {
            "congress": 110,
            "introducedDate": "2008-04-24",
            "latestAction": {
                "actionDate": "2008-04-25",
                "text": "Referred to the Subcommittee on Health."
            },
            "number": "5904",
            "policyArea": {
                "name": "Agriculture and Food"
            },
            "title": "Safe Food Enforcement, Assessment, Standards and Targeting Act of 2008",
            "type": "HR",
            "url": "https://api.congress.gov/v3/bill/110/hr/5904?format=json"
        },
        {
            "congress": 110,
            "introducedDate": "2008-01-29",
            "latestAction": {
                "actionDate": "2008-02-01",
                "text": "Referred to the Subcommittee on Energy and Mineral Resources."
            },
            "number": "5171",
            "policyArea": {
                "name": "Public Lands and Natural Resources"
            },
            "title": "National Geologic Mapping Reauthorization Act of 2008",
            "type": "HR",
            "url": "https://api.congress.gov/v3/bill/110/hr/5171?format=json"
        },
        {
            "congress": 110,
            "introducedDate": "2008-01-17",
            "latestAction": {
                "actionDate": "2008-01-28",
                "text": "Referred to the Subcommittee on Trade."
            },
            "number": "5039",
            "policyArea": {
                "name": "Foreign Trade and International Finance"
            },
            "title": "To suspend temporarily the duty on 1,2,4 Triazole.",
            "type": "HR",
            "url": "https://api.congress.gov/v3/bill/110/hr/5039?format=json"
        },
        {
            "congress": 110,
            "introducedDate": "2008-01-17",
            "latestAction": {
                "actionDate": "2008-01-28",
                "text": "Referred to the Subcommittee on Trade."
            },
            "number": "5045",
            "policyArea": {
                "name": "Foreign Trade and International Finance"
            },
            "title": "To extend the temporary suspension of duty on Previcur.",
            "type": "HR",
            "url": "https://api.congress.gov/v3/bill/110/hr/5045?format=json"
        },
        {
            "congress": 110,
            "introducedDate": "2008-01-17",
            "latestAction": {
                "actionDate": "2008-01-28",
                "text": "Referred to the Subcommittee on Trade."
            },
            "number": "5042",
            "policyArea": {
                "name": "Foreign Trade and International Finance"
            },
            "title": "To suspend temporarily the duty on Belt & Synapse.",
            "type": "HR",
            "url": "https://api.congress.gov/v3/bill/110/hr/5042?format=json"
        },
        {
            "congress": 110,
            "introducedDate": "2008-01-17",
            "latestAction": {
                "actionDate": "2008-01-28",
                "text": "Referred to the Subcommittee on Trade."
            },
            "number": "5044",
            "policyArea": {
                "name": "Foreign Trade and International Finance"
            },
            "title": "To extend the temporary suspension of duty on Propiconazole.",
            "type": "HR",
            "url": "https://api.congress.gov/v3/bill/110/hr/5044?format=json"
        },
        {
            "congress": 110,
            "introducedDate": "2008-01-17",
            "latestAction": {
                "actionDate": "2008-01-28",
                "text": "Referred to the Subcommittee on Trade."
            },
            "number": "5040",
            "policyArea": {
                "name": "Foreign Trade and International Finance"
            },
            "title": "To suspend temporarily the duty on Fluopicolide.",
            "type": "HR",
            "url": "https://api.congress.gov/v3/bill/110/hr/5040?format=json"
        },
        {
            "congress": 110,
            "introducedDate": "2008-01-17",
            "latestAction": {
                "actionDate": "2008-01-28",
                "text": "Referred to the Subcommittee on Trade."
            },
            "number": "5041",
            "policyArea": {
                "name": "Foreign Trade and International Finance"
            },
            "title": "To suspend temporarily the duty on Fenhexamid.",
            "type": "HR",
            "url": "https://api.congress.gov/v3/bill/110/hr/5041?format=json"
        },
        {
            "congress": 110,
            "introducedDate": "2008-01-17",
            "latestAction": {
                "actionDate": "2008-01-28",
                "text": "Referred to the Subcommittee on Trade."
            },
            "number": "5043",
            "policyArea": {
                "name": "Foreign Trade and International Finance"
            },
            "title": "To extend the temporary suspension of duty on Phenmedipham.",
            "type": "HR",
            "url": "https://api.congress.gov/v3/bill/110/hr/5043?format=json"
        },
        {
            "congress": 110,
            "introducedDate": "2007-12-13",
            "latestAction": {
                "actionDate": "2007-12-13",
                "text": "Referred to the House Committee on Ways and Means."
            },
            "number": "4612",
            "policyArea": {
                "name": "Taxation"
            },
            "title": "Climate Neutral Electricity Generation Act of 2007",
            "type": "HR",
            "url": "https://api.congress.gov/v3/bill/110/hr/4612?format=json"
        },
        {
            "congress": 110,
            "introducedDate": "2007-11-08",
            "latestAction": {
                "actionDate": "2007-11-09",
                "text": "Referred to the Subcommittee on Railroads, Pipelines, and Hazardous Materials."
            },
            "number": "4122",
            "policyArea": {
                "name": "Transportation and Public Works"
            },
            "title": "American Investment in Safe, Reliable High-Speed Rail Act",
            "type": "HR",
            "url": "https://api.congress.gov/v3/bill/110/hr/4122?format=json"
        },
        {
            "congress": 110,
            "introducedDate": "2007-11-08",
            "latestAction": {
                "actionDate": "2007-11-09",
                "text": "Referred to the Subcommittee on Railroads, Pipelines, and Hazardous Materials."
            },
            "number": "4123",
            "policyArea": {
                "name": "Transportation and Public Works"
            },
            "title": "High-Speed Rail Authority Development and Formation Act",
            "type": "HR",
            "url": "https://api.congress.gov/v3/bill/110/hr/4123?format=json"
        },
        {
            "congress": 110,
            "introducedDate": "2007-11-05",
            "latestAction": {
                "actionDate": "2008-05-13",
                "text": "Placed on the Union Calendar, Calendar No. 395."
            },
            "number": "4074",
            "policyArea": {
                "name": "Water Resources Development"
            },
            "title": "San Joaquin River Restoration Settlement Act",
            "type": "HR",
            "url": "https://api.congress.gov/v3/bill/110/hr/4074?format=json"
        },
        {
            "congress": 110,
            "introducedDate": "2007-10-04",
            "latestAction": {
                "actionDate": "2008-06-10",
                "text": "Placed on the Union Calendar, Calendar No. 447."
            },
            "number": "3754",
            "policyArea": {
                "name": "Environmental Protection"
            },
            "title": "To authorize the Administrator of the Environmental Protection Agency to accept, as part of a settlement, diesel emission reduction Supplemental Environmental Projects, and for other purposes.",
            "type": "HR",
            "url": "https://api.congress.gov/v3/bill/110/hr/3754?format=json"
        },
        {
            "congress": 110,
            "introducedDate": "2007-07-12",
            "latestAction": {
                "actionDate": "2008-09-16",
                "text": "Placed on Senate Legislative Calendar under General Orders. Calendar No. 1021."
            },
            "number": "3022",
            "policyArea": {
                "name": "Public Lands and Natural Resources"
            },
            "title": "Sequoia and Kings Canyon National Parks Wilderness Act of 2008",
            "type": "HR",
            "url": "https://api.congress.gov/v3/bill/110/hr/3022?format=json"
        },
        {
            "congress": 110,
            "introducedDate": "2007-05-24",
            "latestAction": {
                "actionDate": "2007-10-16",
                "text": "Forwarded by Subcommittee to Full Committee Without Recommendation (Amended) by Unanimous Consent ."
            },
            "number": "2498",
            "policyArea": {
                "name": "Water Resources Development"
            },
            "title": "To provide for a study regarding development of a comprehensive integrated regional water management plan that would address four general areas of regional water planning in both the San Joaquin River Hydrologic Region and the Tulare Lake Hydrologic Region, inclusive of Kern, Tulare, Kings, Fresno, Madera, Merced, Stanislaus, and San Joaquin Counties, California, and to provide that such plan be the guide by which those counties use as a mechanism to address and solve long-term water needs in a sustainable and equitable manner.",
            "type": "HR",
            "url": "https://api.congress.gov/v3/bill/110/hr/2498?format=json"
        },
        {
            "congress": 110,
            "introducedDate": "2007-01-24",
            "latestAction": {
                "actionDate": "2007-04-02",
                "text": "Unfavorable Executive Comment Received from USDA."
            },
            "number": "667",
            "policyArea": {
                "name": "Agriculture and Food"
            },
            "title": "Early Pest Detection and Surveillance Improvement Act",
            "type": "HR",
            "url": "https://api.congress.gov/v3/bill/110/hr/667?format=json"
        },
        {
            "congress": 110,
            "introducedDate": "2008-07-31",
            "latestAction": {
                "actionDate": "2008-07-31",
                "text": "Referred to the House Committee on the Judiciary."
            },
            "number": "1401",
            "policyArea": {
                "name": "Immigration"
            },
            "title": "Commemorating the 50th anniversary of the Azorean Refugee Act of 1958 and celebrating the extensive contributions of Portuguese-American communities to the United States.",
            "type": "HRES",
            "url": "https://api.congress.gov/v3/bill/110/hres/1401?format=json"
        },
        {
            "congress": 110,
            "introducedDate": "2008-04-09",
            "latestAction": {
                "actionDate": "2008-04-09",
                "text": "Referred to the Subcommittee on Health."
            },
            "number": "1094",
            "policyArea": {
                "name": "Commemorations"
            },
            "title": "Expressing support for designation of April as \"National Donate Life Month\" and expressing gratitude to all Americans who have communicated their intent to be organ and tissue donors.",
            "type": "HRES",
            "url": "https://api.congress.gov/v3/bill/110/hres/1094?format=json"
        },
        {
            "congress": 110,
            "introducedDate": "2008-03-14",
            "latestAction": {
                "actionDate": "2008-04-15",
                "actionTime": "12:51:55",
                "text": "Motion to reconsider laid on the table Agreed to without objection."
            },
            "number": "1053",
            "policyArea": {
                "name": "Commemorations"
            },
            "title": "Supporting the mission and goals of National Crime Victims' Rights week in order to increase public awareness of the rights, needs, and concerns of victims and survivors of crime in the United States.",
            "type": "HRES",
            "url": "https://api.congress.gov/v3/bill/110/hres/1053?format=json"
        },
        {
            "congress": 110,
            "introducedDate": "2007-10-01",
            "latestAction": {
                "actionDate": "2007-10-23",
                "text": "Referred to the Subcommittee on Workforce Protections."
            },
            "number": "696",
            "policyArea": {
                "name": "Commemorations"
            },
            "title": "Expressing gratitude for the foreign guest laborers, known as Braceros, who worked in the United States during the period from 1942 to 1964.",
            "type": "HRES",
            "url": "https://api.congress.gov/v3/bill/110/hres/696?format=json"
        },
        {
            "congress": 110,
            "introducedDate": "2007-01-31",
            "latestAction": {
                "actionDate": "2007-04-24",
                "actionTime": "15:07:37",
                "text": "Motion to reconsider laid on the table Agreed to without objection."
            },
            "number": "119",
            "policyArea": {
                "name": "Commemorations"
            },
            "title": "Supporting the mission and goals of National Crime Victims' Rights Week in order to increase public awareness of the rights, needs, and concerns of victims and survivors of crime in the United States during such week and throughout the year.",
            "type": "HRES",
            "url": "https://api.congress.gov/v3/bill/110/hres/119?format=json"
        },
        {
            "congress": 110,
            "introducedDate": "2007-01-30",
            "latestAction": {
                "actionDate": "2007-02-12",
                "actionTime": "15:53:26",
                "text": "Motion to reconsider laid on the table Agreed to without objection."
            },
            "number": "109",
            "policyArea": {
                "name": "Law"
            },
            "title": "Recognizing the historical significance of the Pinedale Assembly Center, the reporting site for 4,823 Japanese Americans who were unjustly interned during World War II.",
            "type": "HRES",
            "url": "https://api.congress.gov/v3/bill/110/hres/109?format=json"
        }
    ]
}