{
    "pagination": {
        "count": 102
    },
    "request": {
        "bioguideId": "r000004",
        "contentType": "application/json",
        "format": "json"
    },
    "sponsoredLegislation": [
        {
            "congress": 109,
            "introducedDate": "2006-12-06",
            "latestAction": {
                "actionDate": "2006-12-08",
                "text": "Sponsor introductory remarks on measure. (CR E2136)"
            },
            "number": "6377",
            "policyArea": {
                "name": "Water Resources Development"
            },
            "title": "San Joaquin River Restoration Settlement Act",
            "type": "HR",
            "url": "https://api.congress.gov/v3/bill/109/hr/6377?format=json"
        },
        {
            "congress": 109,
            "introducedDate": "2006-12-05",
            "latestAction": {
                "actionDate": "2006-12-07",
                "text": "Sponsor introductory remarks on measure. (CR E2121)"
            },
            "number": "6343",
            "policyArea": {
                "name": "International Affairs"
            },
            "title": "American National Red Cross Governance Modernization Act of 2006",
            "type": "HR",
            "url": "https://api.congress.gov/v3/bill/109/hr/6343?format=json"
        },
        {
            "congress": 109,
            "introducedDate": "2006-09-06",
            "latestAction": {
                "actionDate": "2006-09-07",
                "text": "Referred to the Subcommittee on Water and Power."
            },
            "number": "6029",
            "policyArea": {
                "name": "Water Resources Development"
            },
            "title": "To amend the Reclamation Safety of Dams Act of 1978 to authorize improvements for the security of dams and other facilities, and for other purposes.",
            "type": "HR",
            "url": "https://api.congress.gov/v3/bill/109/hr/6029?format=json"
        },
        {
            "congress": 109,
            "introducedDate": "2005-11-16",
            "latestAction": {
                "actionDate": "2006-01-03",
                "text": "Referred to the Subcommittee on Health."
            },
            "number": "4338",
            "policyArea": {
                "name": "Armed Forces and National Security"
            },
            "title": "Combat Merchant Mariners Veterans Benefits Act of 2005",
            "type": "HR",
            "url": "https://api.congress.gov/v3/bill/109/hr/4338?format=json"
        },
        {
            "congress": 109,
            "introducedDate": "2005-09-27",
            "latestAction": {
                "actionDate": "2006-09-21",
                "text": "Committee on Energy and Natural Resources Subcommittee on Water and Power. Hearings held."
            },
            "number": "3897",
            "policyArea": {
                "name": "Water Resources Development"
            },
            "title": "Madera Water Supply Enhancement Act",
            "type": "HR",
            "url": "https://api.congress.gov/v3/bill/109/hr/3897?format=json"
        },
        {
            "congress": 109,
            "introducedDate": "2005-03-17",
            "latestAction": {
                "actionDate": "2005-03-24",
                "text": "Executive Comment Requested from Interior."
            },
            "number": "1430",
            "policyArea": {
                "name": "Public Lands and Natural Resources"
            },
            "title": "National Parks Institute Study Act",
            "type": "HR",
            "url": "https://api.congress.gov/v3/bill/109/hr/1430?format=json"
        },
        {
            "congress": 109,
            "introducedDate": "2005-03-10",
            "latestAction": {
                "actionDate": "2005-03-22",
                "text": "Referred to the Subcommittee on Energy and Air Quality."
            },
            "number": "1257",
            "policyArea": {
                "name": "Environmental Protection"
            },
            "title": "To amend the Clean Air Act to authorize critical use exemption amounts for methy bromide as identified by the United States State Department for the years 2006 and 2007, and for other purposes.",
            "type": "HR",
            "url": "https://api.congress.gov/v3/bill/109/hr/1257?format=json"
        },
        {
            "congress": 109,
            "introducedDate": "2005-02-10",
            "latestAction": {
                "actionDate": "2005-03-01",
                "text": "Referred to the Subcommittee on Water and Power."
            },
            "number": "779",
            "policyArea": {
                "name": "Energy"
            },
            "title": "Federal Hydropower Enhancement Act of 2005",
            "type": "HR",
            "url": "https://api.congress.gov/v3/bill/109/hr/779?format=json"
        },
        {
            "congress": 109,
            "introducedDate": "2005-02-09",
            "latestAction": {
                "actionDate": "2005-02-10",
                "text": "Referred to the Subcommittee on Economic Development, Public Buildings and Emergency Management."
            },
            "number": "724",
            "policyArea": {
                "name": "Commemorations"
            },
            "title": "To designate the United States courthouse located at 2500 Tulare Street in Fresno, California, as the \"Robert E. Coyle United States Courthouse\".",
            "type": "HR",
            "url": "https://api.congress.gov/v3/bill/109/hr/724?format=json"
        },
        {
            "congress": 109,
            "introducedDate": "2005-02-02",
            "latestAction": {
                "actionDate": "2006-05-10",
                "text": "Committee on Energy and Natural Resources Subcommittee on Public Lands and Forests. Hearings held."
            },
            "number": "585",
            "policyArea": {
                "name": "Public Lands and Natural Resources"
            },
            "title": "Gateway Communities Cooperation Act",
            "type": "HR",
            "url": "https://api.congress.gov/v3/bill/109/hr/585?format=json"
        },
        {
            "congress": 109,
            "introducedDate": "2005-02-02",
            "latestAction": {
                "actionDate": "2006-05-17",
                "text": "Received in the Senate and Read twice and referred to the Committee on Energy and Natural Resources."
            },
            "number": "586",
            "policyArea": {
                "name": "Public Lands and Natural Resources"
            },
            "title": "Right-to-Ride Livestock on Federal Lands Act of 2005",
            "type": "HR",
            "url": "https://api.congress.gov/v3/bill/109/hr/586?format=json"
        },
        {
            "congress": 109,
            "introducedDate": "2005-01-26",
            "latestAction": {
                "actionDate": "2006-12-01",
                "text": "Became Public Law No: 109-375."
            },
            "number": "409",
            "policyArea": {
                "name": "Public Lands and Natural Resources"
            },
            "title": "Sierra National Forest Land Exchange Act of 2006",
            "type": "HR",
            "url": "https://api.congress.gov/v3/bill/109/hr/409?format=json"
        },
        {
            "congress": 109,
            "introducedDate": "2005-01-25",
            "latestAction": {
                "actionDate": "2005-04-29",
                "text": "Referred to the Subcommittee on Education Reform."
            },
            "number": "353",
            "policyArea": {
                "name": "Public Lands and Natural Resources"
            },
            "title": "To authorize the Secretary of the Interior to provide supplemental funding and other services that are necessary to assist certain local school districts in the State of California in providing educational services for students attending schools located within Yosemite National Park, to authorize the Secretary of the Interior to adjust the boundaries of the Golden Gate National Recreation Area, and for other purposes.",
            "type": "HR",
            "url": "https://api.congress.gov/v3/bill/109/hr/353?format=json"
        },
        {
            "congress": 109,
            "introducedDate": "2005-06-14",
            "latestAction": {
                "actionDate": "2005-06-14",
                "text": "Referred to the House Committee on International Relations."
            },
            "number": "317",
            "policyArea": {
                "name": "International Affairs"
            },
            "title": "Honoring Lao and Hmong veterans and their refugee families and the 30th year of the end of the Indochina conflict in Laos.",
            "type": "HRES",
            "url": "https://api.congress.gov/v3/bill/109/hres/317?format=json"
        },
        {
            "congress": 109,
            "introducedDate": "2005-06-14",
            "latestAction": {
                "actionDate": "2005-09-15",
                "text": "Ordered to be Reported by the Yeas and Nays: 40 - 7."
            },
            "number": "316",
            "policyArea": {
                "name": "International Affairs"
            },
            "title": "Affirmation of the United States Record on the Armenian Genocide Resolution",
            "type": "HRES",
            "url": "https://api.congress.gov/v3/bill/109/hres/316?format=json"
        },
        {
            "congress": 109,
            "introducedDate": "2006-02-08",
            "latestAction": {
                "actionDate": "2006-02-08",
                "text": "Referred to the House Committee on Ways and Means."
            },
            "number": "337",
            "policyArea": {
                "name": "Social Welfare"
            },
            "title": "Encouraging all Americans to increase their charitable giving, with the goal of increasing the annual amount of charitable giving in the United States by one percent.",
            "type": "HCONRES",
            "url": "https://api.congress.gov/v3/bill/109/hconres/337?format=json"
        },
        {
            "congress": 111,
            "introducedDate": "2010-05-26",
            "latestAction": {
                "actionDate": "2010-05-28",
                "text": "Referred to the Subcommittee on National Parks, Forests and Public Lands."
            },
            "number": "5405",
            "policyArea": {
                "name": "Public Lands and Natural Resources"
            },
            "title": "To provide for a visitor center for visitors to Yosemite National Park, and for other purposes.",
            "type": "HR",
            "url": "https://api.congress.gov/v3/bill/111/hr/5405?format=json"
        },
        {
            "congress": 111,
            "introducedDate": "2009-02-04",
            "latestAction": {
                "actionDate": "2009-02-09",
                "text": "Referred to the Subcommittee on Insular Affairs, Oceans and Wildlife."
            },
            "number": "856",
            "policyArea": {
                "name": "Water Resources Development"
            },
            "title": "California Drought Alleviation Act of 2009",
            "type": "HR",
            "url": "https://api.congress.gov/v3/bill/111/hr/856?format=json"
        },
        {
            "congress": 111,
            "introducedDate": "2009-01-09",
            "latestAction": {
                "actionDate": "2009-02-04",
                "text": "Referred to the Subcommittee on Water and Power."
            },
            "number": "437",
            "policyArea": {
                "name": "Water Resources Development"
            },
            "title": "Madera Water Supply Enhancement Act",
            "type": "HR",
            "url": "https://api.congress.gov/v3/bill/111/hr/437?format=json"
        },
        {
            "congress": 111,
            "introducedDate": "2009-01-09",
            "latestAction": {
                "actionDate": "2009-01-09",
                "text": "Referred to the House Committee on Natural Resources."
            },
            "number": "438",
            "policyArea": {
                "name": "Native Americans"
            },
            "title": "Tuolumne Me-Wuk Land Transfer Act of 2009",
            "type": "HR",
            "url": "https://api.congress.gov/v3/bill/111/hr/438?format=json"
        },
        {
            "congress": 110,
            "introducedDate": "2008-09-18",
            "latestAction": {
                "actionDate": "2008-09-23",
                "text": "Referred to the Subcommittee on Fisheries, Wildlife, and Oceans."
            },
            "number": "6940",
            "policyArea": {
                "name": "Water Resources Development"
            },
            "title": "California Drought Alleviation Act of 2008",
            "type": "HR",
            "url": "https://api.congress.gov/v3/bill/110/hr/6940?format=json"
        },
        {
            "congress": 110,
            "introducedDate": "2007-09-06",
            "latestAction": {
                "actionDate": "2008-09-16",
                "text": "Placed on Senate Legislative Calendar under General Orders. Calendar No. 1024."
            },
            "number": "3490",
            "policyArea": {
                "name": "Native Americans"
            },
            "title": "Tuolumne Me-Wuk Land Transfer Act of 2008",
            "type": "HR",
            "url": "https://api.congress.gov/v3/bill/110/hr/3490?format=json"
        },
        {
            "congress": 110,
            "introducedDate": "2007-03-30",
            "latestAction": {
                "actionDate": "2008-06-16",
                "text": "Placed on Senate Legislative Calendar under General Orders. Calendar No. 816."
            },
            "number": "1855",
            "policyArea": {
                "name": "Water Resources Development"
            },
            "title": "Madera Water Supply Enhancement Act",
            "type": "HR",
            "url": "https://api.congress.gov/v3/bill/110/hr/1855?format=json"
        },
        {
            "congress": 110,
            "introducedDate": "2007-01-04",
            "latestAction": {
                "actionDate": "2007-03-01",
                "text": "Subcommittee Hearings Held."
            },
            "number": "24",
            "policyArea": {
                "name": "Water Resources Development"
            },
            "title": "San Joaquin River Restoration Settlement Act",
            "type": "HR",
            "url": "https://api.congress.gov/v3/bill/110/hr/24?format=json"
        },
        {
            "congress": 110,
            "introducedDate": "2008-09-22",
            "latestAction": {
                "actionDate": "2008-09-29",
                "actionTime": "14:40:04",
                "text": "Motion to reconsider laid on the table Agreed to without objection."
            },
            "number": "1474",
            "policyArea": {
                "name": "Public Lands and Natural Resources"
            },
            "title": "Recognizing the 50th anniversary of the first vertical ascent of the face of El Capitan in Yosemite National Park and honoring the historic climbing feat of the original climbing team.",
            "type": "HRES",
            "url": "https://api.congress.gov/v3/bill/110/hres/1474?format=json"
        },
        {
            "congress": 110,
            "introducedDate": "2007-05-01",
            "latestAction": {
                "actionDate": "2007-05-01",
                "text": "Referred to the House Committee on Foreign Affairs."
            },
            "number": "358",
            "policyArea": {
                "name": "Commemorations"
            },
            "title": "Recognizing the significance of the contribution of the Brotherhood of the Badge to the Global War on Terror through its provision of surplus law enforcement equipment to Iraqi police forces.",
            "type": "HRES",
            "url": "https://api.congress.gov/v3/bill/110/hres/358?format=json"
        },
        {
            "congress": 110,
            "introducedDate": "2007-05-23",
            "latestAction": {
                "actionDate": "2007-05-23",
                "text": "Referred to the House Committee on Science and Technology."
            },
            "number": "157",
            "policyArea": {
                "name": "Energy"
            },
            "title": "Supporting the research and development in the State of California of biodiesel and other biofuels from agricultural products and byproducts.",
            "type": "HCONRES",
            "url": "https://api.congress.gov/v3/bill/110/hconres/157?format=json"
        },
        {
            "congress": 108,
            "introducedDate": "2003-10-29",
            "latestAction": {
                "actionDate": "2003-11-14",
                "text": "Referred to the Subcommittee on Energy and Air Quality."
            },
            "number": "3403",
            "policyArea": {
                "name": "Environmental Protection"
            },
            "title": "To amend the Clean Air Act to modify certain provisions regarding methyl bromide, and for other purposes.",
            "type": "HR",
            "url": "https://api.congress.gov/v3/bill/108/hr/3403?format=json"
        },
        {
            "congress": 108,
            "introducedDate": "2003-10-08",
            "latestAction": {
                "actionDate": "2003-10-27",
                "text": "Referred to the Subcommittee on Health."
            },
            "number": "3282",
            "policyArea": {
                "name": "Health"
            },
            "title": "Healthy American Commission Act of 2003",
            "type": "HR",
            "url": "https://api.congress.gov/v3/bill/108/hr/3282?format=json"
        },
        {
            "congress": 108,
            "introducedDate": "2003-10-01",
            "latestAction": {
                "actionDate": "2003-10-06",
                "text": "Executive Comment Requested from Interior."
            },
            "number": "3223",
            "policyArea": {
                "name": "Public Lands and Natural Resources"
            },
            "title": "National Historic Preservation Act Amendments of 2003",
            "type": "HR",
            "url": "https://api.congress.gov/v3/bill/108/hr/3223?format=json"
        },
        {
            "congress": 108,
            "introducedDate": "2003-07-25",
            "latestAction": {
                "actionDate": "2004-09-22",
                "text": "Received in the Senate and Read twice and referred to the Committee on Energy and Natural Resources."
            },
            "number": "2966",
            "policyArea": {
                "name": "Public Lands and Natural Resources"
            },
            "title": "Right-to-Ride Livestock on Federal Lands Act of 2004",
            "type": "HR",
            "url": "https://api.congress.gov/v3/bill/108/hr/2966?format=json"
        },
        {
            "congress": 108,
            "introducedDate": "2003-07-23",
            "latestAction": {
                "actionDate": "2003-07-23",
                "text": "Referred to the House Committee on Ways and Means."
            },
            "number": "2838",
            "policyArea": {
                "name": "Taxation"
            },
            "title": "Clean Engine Technology Act of 2003",
            "type": "HR",
            "url": "https://api.congress.gov/v3/bill/108/hr/2838?format=json"
        },
        {
            "congress": 108,
            "introducedDate": "2003-07-14",
            "latestAction": {
                "actionDate": "2004-07-14",
                "text": "Placed on the Union Calendar, Calendar No. 363."
            },
            "number": "2715",
            "policyArea": {
                "name": "Public Lands and Natural Resources"
            },
            "title": "To provide for necessary improvements to facilities at Yosemite National Park, and for other purposes.",
            "type": "HR",
            "url": "https://api.congress.gov/v3/bill/108/hr/2715?format=json"
        },
        {
            "congress": 108,
            "introducedDate": "2003-06-24",
            "latestAction": {
                "actionDate": "2003-07-24",
                "text": "Referred to the Subcommittee on Benefits."
            },
            "number": "2593",
            "policyArea": {
                "name": "Armed Forces and National Security"
            },
            "title": "Combat Merchant Mariners Veterans Benefits Act of 2003",
            "type": "HR",
            "url": "https://api.congress.gov/v3/bill/108/hr/2593?format=json"
        },
        {
            "congress": 108,
            "introducedDate": "2003-06-09",
            "latestAction": {
                "actionDate": "2003-06-12",
                "text": "Executive Comment Requested from USDA."
            },
            "number": "2395",
            "policyArea": {
                "name": "Public Lands and Natural Resources"
            },
            "title": "To provide suitable alternative grazing arrangements on National Forest System land to persons that hold a grazing permit adversely affected by the standards and guidelines contained in the Record of Decision of the Sierra Nevada Forest Plan Amendment and pertaining to the Willow Flycatcher and the Yosemite Toad.",
            "type": "HR",
            "url": "https://api.congress.gov/v3/bill/108/hr/2395?format=json"
        },
        {
            "congress": 108,
            "introducedDate": "2003-04-07",
            "latestAction": {
                "actionDate": "2004-09-29",
                "text": "Committee on Energy and Natural Resources Subcommittee on Public Lands and Forests. Hearings held."
            },
            "number": "1651",
            "policyArea": {
                "name": "Public Lands and Natural Resources"
            },
            "title": "Sierra National Forest Land Exchange Act of 2003",
            "type": "HR",
            "url": "https://api.congress.gov/v3/bill/108/hr/1651?format=json"
        },
        {
            "congress": 108,
            "introducedDate": "2003-03-18",
            "latestAction": {
                "actionDate": "2003-04-10",
                "text": "Referred to the Subcommittee on Energy and Air Quality."
            },
            "number": "1335",
            "policyArea": {
                "name": "Energy"
            },
            "title": "National Parks Fuel Cell and Hydrogen Act",
            "type": "HR",
            "url": "https://api.congress.gov/v3/bill/108/hr/1335?format=json"
        },
        {
            "congress": 108,
            "introducedDate": "2003-03-13",
            "latestAction": {
                "actionDate": "2003-07-15",
                "text": "Subcommittee Hearings Held."
            },
            "number": "1289",
            "policyArea": {
                "name": "Public Lands and Natural Resources"
            },
            "title": "National Parks Institute Act ",
            "type": "HR",
            "url": "https://api.congress.gov/v3/bill/108/hr/1289?format=json"
        },
        {
            "congress": 108,
            "introducedDate": "2003-02-27",
            "latestAction": {
                "actionDate": "2004-07-20",
                "text": "Received in the Senate and Read twice and referred to the Committee on Energy and Natural Resources."
            },
            "number": "1014",
            "policyArea": {
                "name": "Public Lands and Natural Resources"
            },
            "title": "Gateway Communities Cooperation Act",
            "type": "HR",
            "url": "https://api.congress.gov/v3/bill/108/hr/1014?format=json"
        },
        {
            "congress": 108,
            "introducedDate": "2003-02-27",
            "latestAction": {
                "actionDate": "2003-03-10",
                "text": "Referred to the Subcommittee on Energy and Air Quality."
            },
            "number": "1013",
            "policyArea": {
                "name": "Energy"
            },
            "title": "To amend the Federal Power Act to provide for alternative conditions and alternative fishways in hydroelectric dam licenses, and for other purposes.",
            "type": "HR",
            "url": "https://api.congress.gov/v3/bill/108/hr/1013?format=json"
        },
        {
            "congress": 108,
            "introducedDate": "2003-02-25",
            "latestAction": {
                "actionDate": "2003-03-14",
                "text": "Referred to the Subcommittee on National Parks, Recreation and Public Lands."
            },
            "number": "907",
            "policyArea": {
                "name": "Public Lands and Natural Resources"
            },
            "title": "To direct the Secretary of the Interior to complete a special resource study of the national significance, suitability, and feasibility of establishing Highway 49 in California, known as the \"Golden Chain Highway\", as a National Heritage Corridor.",
            "type": "HR",
            "url": "https://api.congress.gov/v3/bill/108/hr/907?format=json"
        },
        {
            "congress": 108,
            "introducedDate": "2003-02-05",
            "latestAction": {
                "actionDate": "2004-12-07",
                "text": "Message on Senate action sent to the House."
            },
            "number": "620",
            "policyArea": {
                "name": "Public Lands and Natural Resources"
            },
            "title": "An act to authorize the Secretary of the Interior to provide supplemental funding and other services that are necessary to assist certain local school districts in the State of California in providing educational services for students attending schools located within Yosemite National Park, to authorize the Secretary of the Interior to adjust the boundaries of the Golden Gate National Recreation Area, and for other purposes.",
            "type": "HR",
            "url": "https://api.congress.gov/v3/bill/108/hr/620?format=json"
        },
        {
            "congress": 108,
            "introducedDate": "2003-01-27",
            "latestAction": {
                "actionDate": "2003-02-12",
                "text": "Executive Comment Requested from Interior, USDA."
            },
            "number": "380",
            "policyArea": {
                "name": "Taxation"
            },
            "title": "Property Tax Endowment Act of 2003",
            "type": "HR",
            "url": "https://api.congress.gov/v3/bill/108/hr/380?format=json"
        },
        {
            "congress": 108,
            "introducedDate": "2003-01-27",
            "latestAction": {
                "actionDate": "2003-02-12",
                "text": "Executive Comment Requested from USDA."
            },
            "number": "379",
            "policyArea": {
                "name": "Public Lands and Natural Resources"
            },
            "title": "Sierra National Forest Land Exchange Act of 2003",
            "type": "HR",
            "url": "https://api.congress.gov/v3/bill/108/hr/379?format=json"
        },
        {
            "congress": 108,
            "introducedDate": "2003-04-10",
            "latestAction": {
                "actionDate": "2003-05-27",
                "text": "Placed on the House Calendar, Calendar No. 50."
            },
            "number": "193",
            "policyArea": {
                "name": "International Affairs"
            },
            "title": "Reaffirming support of the Convention on the Prevention and Punishment of the Crime of Genocide and anticipating the 15th anniversary of the enactment of the Genocide Convention Implementation Act of 1987 (the Proxmire Act) on November 4, 2003.",
            "type": "HRES",
            "url": "https://api.congress.gov/v3/bill/108/hres/193?format=json"
        },
        {
            "congress": 107,
            "introducedDate": "2002-10-03",
            "latestAction": {
                "actionDate": "2002-10-03",
                "text": "Referred to the House Committee on Transportation and Infrastructure."
            },
            "number": "5554",
            "policyArea": {
                "name": "Environmental Protection"
            },
            "title": "Potomac River Protection Act of 2002",
            "type": "HR",
            "url": "https://api.congress.gov/v3/bill/107/hr/5554?format=json"
        },
        {
            "congress": 107,
            "introducedDate": "2002-07-26",
            "latestAction": {
                "actionDate": "2002-07-31",
                "text": "Executive Comment Requested from USDA."
            },
            "number": "5302",
            "policyArea": {
                "name": "Public Lands and Natural Resources"
            },
            "title": "Sierra National Forest Land Exchange Act of 2002",
            "type": "HR",
            "url": "https://api.congress.gov/v3/bill/107/hr/5302?format=json"
        },
        {
            "congress": 107,
            "introducedDate": "2002-07-09",
            "latestAction": {
                "actionDate": "2002-07-25",
                "text": "Joint Hearings held by the Subcommittee on Fisheries Conservation, Wildlife, and Oceans, by the Subcommittee on Forests and Forest Health, and by the Subcommittee on National Parks, Recreation, and Public Lands."
            },
            "number": "5081",
            "policyArea": {
                "name": "Taxation"
            },
            "title": "Property Tax Endowment Act of 2002",
            "type": "HR",
            "url": "https://api.congress.gov/v3/bill/107/hr/5081?format=json"
        },
        {
            "congress": 107,
            "introducedDate": "2002-06-27",
            "latestAction": {
                "actionDate": "2002-07-09",
                "text": "Referred to the Subcommittee on Forests and Forest Health."
            },
            "number": "5053",
            "policyArea": {
                "name": "Taxation"
            },
            "title": "PILT Fairness Act of 2002",
            "type": "HR",
            "url": "https://api.congress.gov/v3/bill/107/hr/5053?format=json"
        },
        {
            "congress": 107,
            "introducedDate": "2002-04-30",
            "latestAction": {
                "actionDate": "2002-09-11",
                "text": "Placed on the Union Calendar, Calendar No. 400."
            },
            "number": "4622",
            "policyArea": {
                "name": "Public Lands and Natural Resources"
            },
            "title": "Gateway Communities Cooperation Act of 2002 ",
            "type": "HR",
            "url": "https://api.congress.gov/v3/bill/107/hr/4622?format=json"
        },
        {
            "congress": 107,
            "introducedDate": "2002-03-05",
            "latestAction": {
                "actionDate": "2002-04-09",
                "text": "Placed on the Union Calendar, Calendar No. 227."
            },
            "number": "3853",
            "policyArea": {
                "name": "Public Lands and Natural Resources"
            },
            "title": "To make technical corrections to laws passed by the 106th Congress related to parks and public lands, and for other purposes.",
            "type": "HR",
            "url": "https://api.congress.gov/v3/bill/107/hr/3853?format=json"
        },
        {
            "congress": 107,
            "introducedDate": "2001-12-06",
            "latestAction": {
                "actionDate": "2002-10-08",
                "text": "Placed on Senate Legislative Calendar under General Orders. Calendar No. 679."
            },
            "number": "3421",
            "policyArea": {
                "name": "Education"
            },
            "title": "Yosemite National Park Education Improvement Act",
            "type": "HR",
            "url": "https://api.congress.gov/v3/bill/107/hr/3421?format=json"
        },
        {
            "congress": 107,
            "introducedDate": "2001-12-06",
            "latestAction": {
                "actionDate": "2002-04-09",
                "text": "Placed on the Union Calendar, Calendar No. 229."
            },
            "number": "3425",
            "policyArea": {
                "name": "Public Lands and Natural Resources"
            },
            "title": "To direct the Secretary of the Interior to study the suitability and feasibility of establishing Highway 49 in California, known as the \"Golden Chain Highway\", as a National Heritage Corridor.",
            "type": "HR",
            "url": "https://api.congress.gov/v3/bill/107/hr/3425?format=json"
        },
        {
            "congress": 107,
            "introducedDate": "2001-12-04",
            "latestAction": {
                "actionDate": "2002-12-17",
                "text": "Became Public Law No: 107-353."
            },
            "number": "3401",
            "policyArea": {
                "name": "Public Lands and Natural Resources"
            },
            "title": "California Five Mile Regional Learning Center Transfer Act",
            "type": "HR",
            "url": "https://api.congress.gov/v3/bill/107/hr/3401?format=json"
        },
        {
            "congress": 107,
            "introducedDate": "2001-10-16",
            "latestAction": {
                "actionDate": "2001-10-29",
                "text": "Referred to the Subcommittee on Telecommunications and the Internet."
            },
            "number": "3142",
            "policyArea": {
                "name": "Science, Technology, Communications"
            },
            "title": "Rural Exemption Enhancement Act of 2001 ",
            "type": "HR",
            "url": "https://api.congress.gov/v3/bill/107/hr/3142?format=json"
        },
        {
            "congress": 107,
            "introducedDate": "2001-07-31",
            "latestAction": {
                "actionDate": "2001-09-10",
                "text": "Referred to the Subcommittee on Immigration and Claims."
            },
            "number": "2690",
            "policyArea": {
                "name": "Immigration"
            },
            "title": "Bruce Vento Hmong Veterans' Naturalization Extension Act ",
            "type": "HR",
            "url": "https://api.congress.gov/v3/bill/107/hr/2690?format=json"
        },
        {
            "congress": 107,
            "introducedDate": "2001-06-25",
            "latestAction": {
                "actionDate": "2001-06-25",
                "text": "Referred to the House Committee on the Budget."
            },
            "number": "2307",
            "policyArea": {
                "name": "Economics and Public Finance"
            },
            "title": "National Commission on Budget Concepts Act of 2002",
            "type": "HR",
            "url": "https://api.congress.gov/v3/bill/107/hr/2307?format=json"
        },
        {
            "congress": 107,
            "introducedDate": "2001-06-19",
            "latestAction": {
                "actionDate": "2001-08-20",
                "text": "Referred to the Subcommittee on 21st Century Competitiveness."
            },
            "number": "2236",
            "policyArea": {
                "name": "Labor and Employment"
            },
            "title": "Customized Training Flexibility Act",
            "type": "HR",
            "url": "https://api.congress.gov/v3/bill/107/hr/2236?format=json"
        },
        {
            "congress": 107,
            "introducedDate": "2001-06-05",
            "latestAction": {
                "actionDate": "2001-08-10",
                "text": "Referred to the Subcommittee on 21st Century Competitiveness."
            },
            "number": "2065",
            "policyArea": {
                "name": "Labor and Employment"
            },
            "title": "Customized Training Flexibility Act",
            "type": "HR",
            "url": "https://api.congress.gov/v3/bill/107/hr/2065?format=json"
        },
        {
            "congress": 107,
            "introducedDate": "2001-05-16",
            "latestAction": {
                "actionDate": "2001-05-29",
                "text": "Referred to the Subcommittee on Domestic Monetary Policy, Technology and Economic Growth."
            },
            "number": "1879",
            "policyArea": {
                "name": "Commemorations"
            },
            "title": "To authorize the President to award a gold medal on behalf of the Congress to Peter F. Drucker, the father of modern management, in recognition of his accomplishments as a journalist, a writer, an economist, and a philosopher.",
            "type": "HR",
            "url": "https://api.congress.gov/v3/bill/107/hr/1879?format=json"
        },
        {
            "congress": 107,
            "introducedDate": "2001-02-06",
            "latestAction": {
                "actionDate": "2001-02-06",
                "text": "Referred to the House Committee on Resources."
            },
            "number": "472",
            "policyArea": {
                "name": "Public Lands and Natural Resources"
            },
            "title": "Endangered Species Act Amendments of 2000",
            "type": "HR",
            "url": "https://api.congress.gov/v3/bill/107/hr/472?format=json"
        },
        {
            "congress": 107,
            "introducedDate": "2002-06-20",
            "latestAction": {
                "actionDate": "2002-06-20",
                "text": "Referred to the House Committee on International Relations."
            },
            "number": "454",
            "policyArea": {
                "name": "International Affairs"
            },
            "title": "Recognizing the 10th anniversary of the independence of the Republic of Croatia.",
            "type": "HRES",
            "url": "https://api.congress.gov/v3/bill/107/hres/454?format=json"
        },
        {
            "congress": 107,
            "introducedDate": "2002-05-20",
            "latestAction": {
                "actionDate": "2002-10-18",
                "text": "Message on Senate action sent to the House."
            },
            "number": "406",
            "policyArea": {
                "name": "Commemorations"
            },
            "title": "Honoring and commending the Lao Veterans of America, Laotian and Hmong veterans of the Vietnam War, and their families, for their historic contributions to the United States.",
            "type": "HCONRES",
            "url": "https://api.congress.gov/v3/bill/107/hconres/406?format=json"
        },
        {
            "congress": 107,
            "introducedDate": "2002-02-06",
            "latestAction": {
                "actionDate": "2002-02-06",
                "text": "Referred to the House Committee on International Relations."
            },
            "number": "317",
            "policyArea": {
                "name": "International Affairs"
            },
            "title": "Expressing the sense of the Congress that the President should open a dialog with the Government of Canada to discuss the smuggling from Canada into the United States of large quantities of pseudoephedrine, a necessary ingredient in the production of methamphetamines.",
            "type": "HCONRES",
            "url": "https://api.congress.gov/v3/bill/107/hconres/317?format=json"
        },
        {
            "amendmentNumber": "1066",
            "congress": 106,
            "introducedDate": "2000-12-15",
            "latestAction": {
                "actionDate": "2000-12-15",
                "actionTime": "19:10:34",
                "text": "On agreeing to the Radanovich amendment (A001) Agreed to without objection. "
            },
            "type": null,
            "url": "https://api.congress.gov/v3/amendment/106/hamdt/1066?format=json"
        },
        {
            "amendmentNumber": "684",
            "congress": 106,
            "introducedDate": "2000-05-10",
            "latestAction": {
                "actionDate": "2000-05-10",
                "actionTime": "21:35:28",
                "text": "On agreeing to the Radanovich amendment (A003) Failed by recorded vote: 153 - 273 (Roll no. 161). (text: CR H2865)"
            },
            "type": null,
            "url": "https://api.congress.gov/v3/amendment/106/hamdt/684?format=json"
        },
        {
            "congress": 106,
            "introducedDate": "2000-10-27",
            "latestAction": {
                "actionDate": "2000-10-27",
                "text": "Referred to the House Committee on Resources."
            },
            "number": "5594",
            "policyArea": {
                "name": "Public Lands and Natural Resources"
            },
            "title": "Endangered Species Act Amendments of 2000",
            "type": "HR",
            "url": "https://api.congress.gov/v3/bill/106/hr/5594?format=json"
        },
        {
            "congress": 106,
            "introducedDate": "2000-10-18",
            "latestAction": {
                "actionDate": "2000-10-30",
                "text": "Referred to the Subcommittee on Department Operations, Oversight, Nutrition and Forestry."
            },
            "number": "5493",
            "policyArea": {
                "name": "Public Lands and Natural Resources"
            },
            "title": "Gateway Communities Cooperation Act of 2000",
            "type": "HR",
            "url": "https://api.congress.gov/v3/bill/106/hr/5493?format=json"
        },
        {
            "congress": 106,
            "introducedDate": "2000-10-03",
            "latestAction": {
                "actionDate": "2000-10-13",
                "text": "Referred to the Subcommittee on Domestic and International Monetary Policy."
            },
            "number": "5370",
            "policyArea": {
                "name": "Commemorations"
            },
            "title": "To authorize the President to award a gold medal on behalf of the Congress to Peter F. Drucker, the father of modern management, in recognition of his accomplishments as a journalist, a writer, an economist, and a philosopher.",
            "type": "HR",
            "url": "https://api.congress.gov/v3/bill/106/hr/5370?format=json"
        },
        {
            "congress": 106,
            "introducedDate": "2000-09-20",
            "latestAction": {
                "actionDate": "2000-09-21",
                "text": "Sponsor introductory remarks on measure. (CR E1557)"
            },
            "number": "5233",
            "policyArea": {
                "name": "Economics and Public Finance"
            },
            "title": "National Commission on Budget Concepts Act of 2000",
            "type": "HR",
            "url": "https://api.congress.gov/v3/bill/106/hr/5233?format=json"
        },
        {
            "congress": 106,
            "introducedDate": "2000-09-20",
            "latestAction": {
                "actionDate": "2000-11-01",
                "text": "Became Public Law No: 106-415."
            },
            "number": "5234",
            "policyArea": {
                "name": "Immigration"
            },
            "title": "To amend the Hmong Veterans' Naturalization Act of 2000 to extend the applicability of that Act to certain former spouses of deceased Hmong veterans.",
            "type": "HR",
            "url": "https://api.congress.gov/v3/bill/106/hr/5234?format=json"
        },
        {
            "congress": 106,
            "introducedDate": "2000-04-06",
            "latestAction": {
                "actionDate": "2000-10-04",
                "text": "Received in the Senate."
            },
            "number": "4216",
            "policyArea": {
                "name": "Labor and Employment"
            },
            "title": "Customized Training Flexibility Act",
            "type": "HR",
            "url": "https://api.congress.gov/v3/bill/106/hr/4216?format=json"
        },
        {
            "congress": 106,
            "introducedDate": "2000-03-16",
            "latestAction": {
                "actionDate": "2000-12-28",
                "text": "Became Public Law No: 106-574."
            },
            "number": "4020",
            "policyArea": {
                "name": "Public Lands and Natural Resources"
            },
            "title": "Dillonwood Giant Sequoia Grove Park Expansion Act",
            "type": "HR",
            "url": "https://api.congress.gov/v3/bill/106/hr/4020?format=json"
        },
        {
            "congress": 106,
            "introducedDate": "2000-03-16",
            "latestAction": {
                "actionDate": "2000-04-11",
                "text": "Placed on the Union Calendar, Calendar No. 315."
            },
            "number": "4021",
            "policyArea": {
                "name": "Public Lands and Natural Resources"
            },
            "title": "Giant Sequoia Groves Protection and Management Act of 2000",
            "type": "HR",
            "url": "https://api.congress.gov/v3/bill/106/hr/4021?format=json"
        },
        {
            "congress": 106,
            "introducedDate": "1999-10-21",
            "latestAction": {
                "actionDate": "1999-10-21",
                "text": "Subcommittee Hearings Held."
            },
            "number": "3121",
            "policyArea": {
                "name": "Labor and Employment"
            },
            "title": "To amend the Migrant and Seasonal Agricultural Worker Protection Act.",
            "type": "HR",
            "url": "https://api.congress.gov/v3/bill/106/hr/3121?format=json"
        },
        {
            "congress": 106,
            "introducedDate": "1999-08-02",
            "latestAction": {
                "actionDate": "1999-09-10",
                "text": "Referred to the Subcommittee on Postsecondary Education, Training and Life-Long Learning."
            },
            "number": "2675",
            "policyArea": {
                "name": "Labor and Employment"
            },
            "title": "To amend the Workforce Investment Act of 1998 to provide increased flexibility for the transfer of within state allocations between adult and disclocated worker employment and training activities.",
            "type": "HR",
            "url": "https://api.congress.gov/v3/bill/106/hr/2675?format=json"
        },
        {
            "congress": 106,
            "introducedDate": "1999-06-07",
            "latestAction": {
                "actionDate": "1999-06-07",
                "text": "Referred to the House Committee on Resources."
            },
            "number": "2029",
            "policyArea": {
                "name": "Environmental Protection"
            },
            "title": "State and Local Government Participation Act of 1999",
            "type": "HR",
            "url": "https://api.congress.gov/v3/bill/106/hr/2029?format=json"
        },
        {
            "congress": 106,
            "introducedDate": "2000-09-27",
            "latestAction": {
                "actionDate": "2000-10-11",
                "actionTime": "21:14:45",
                "text": "Rules Committee Resolution H. Res. 625 Reported to House. Rule provides for consideration of H. Res. 596 with 1 hour of general debate. Previous question shall be considered as ordered without intervening motions except motion to recommit with or without instructions. Bill is closed to amendments."
            },
            "number": "596",
            "policyArea": {
                "name": "International Affairs"
            },
            "title": "Affirmation of the United States Record on the Armenian Genocide Resolution",
            "type": "HRES",
            "url": "https://api.congress.gov/v3/bill/106/hres/596?format=json"
        },
        {
            "congress": 106,
            "introducedDate": "1999-11-18",
            "latestAction": {
                "actionDate": "2000-09-21",
                "text": "Forwarded by Subcommittee to Full Committee by Voice Vote."
            },
            "number": "398",
            "policyArea": {
                "name": "International Affairs"
            },
            "title": "United States Training on and Commemoration of the Armenian Genocide Resolution",
            "type": "HRES",
            "url": "https://api.congress.gov/v3/bill/106/hres/398?format=json"
        },
        {
            "congress": 106,
            "introducedDate": "1999-04-28",
            "latestAction": {
                "actionDate": "1999-06-15",
                "text": "Referred to the Subcommittee on International Operations and Human Rights."
            },
            "number": "155",
            "policyArea": {
                "name": "International Affairs"
            },
            "title": "United States Record on the Armenian Genocide Resolution",
            "type": "HRES",
            "url": "https://api.congress.gov/v3/bill/106/hres/155?format=json"
        },
        {
            "congress": 106,
            "introducedDate": "2000-09-22",
            "latestAction": {
                "actionDate": "2000-09-28",
                "text": "Referred to the Subcommittee on Department Operations, Oversight, Nutrition and Forestry."
            },
            "number": "406",
            "policyArea": {
                "name": "Public Lands and Natural Resources"
            },
            "title": "Expressing the sense of the Congress that Federal land management agencies should immediately enact a cohesive strategy to reduce the overabundance of forest fuels which places national resources at high risk of catastrophic wildfire.",
            "type": "HCONRES",
            "url": "https://api.congress.gov/v3/bill/106/hconres/406?format=json"
        },
        {
            "congress": 106,
            "introducedDate": "2000-02-15",
            "latestAction": {
                "actionDate": "2000-06-26",
                "text": "Message on Senate action sent to the House."
            },
            "number": "251",
            "policyArea": {
                "name": "International Affairs"
            },
            "title": "Commending the Republic of Croatia for the conduct of its parliamentary and presidential elections.",
            "type": "HCONRES",
            "url": "https://api.congress.gov/v3/bill/106/hconres/251?format=json"
        },
        {
            "congress": 106,
            "introducedDate": "2000-02-16",
            "latestAction": {
                "actionDate": "2000-02-23",
                "text": "Referred to the Subcommittee on National Parks and Public Lands."
            },
            "number": "254",
            "policyArea": {
                "name": "Public Lands and Natural Resources"
            },
            "title": "Expressing the sense of the Congress that the President should seek input from all stakeholders, State and local governments, and the Congress before declaring any national monument under the authorities granted in the Act popularly known as the Antiquities Act of 1906.",
            "type": "HCONRES",
            "url": "https://api.congress.gov/v3/bill/106/hconres/254?format=json"
        },
        {
            "amendmentNumber": "1317",
            "congress": 104,
            "introducedDate": "1996-07-23",
            "latestAction": {
                "actionDate": "1996-07-23",
                "actionTime": "18:05:00",
                "text": "On agreeing to the Radanovich amendment (A005) Failed by recorded vote: 169 - 254 (Roll no. 342). "
            },
            "type": null,
            "url": "https://api.congress.gov/v3/amendment/104/hamdt/1317?format=json"
        },
        {
            "amendmentNumber": "1129",
            "congress": 104,
            "introducedDate": "1996-06-05",
            "latestAction": {
                "actionDate": "1996-06-05",
                "actionTime": "19:01:49",
                "text": "By unanimous consent, the Radanovich amendment was withdrawn. "
            },
            "type": null,
            "url": "https://api.congress.gov/v3/amendment/104/hamdt/1129?format=json"
        },
        {
            "amendmentNumber": "1130",
            "congress": 104,
            "introducedDate": "1996-06-05",
            "latestAction": {
                "actionDate": "1996-06-05",
                "actionTime": "22:21:41",
                "text": "On agreeing to the Radanovich amendment (A019) Agreed to by recorded vote: 268 - 153 (Roll no. 217). "
            },
            "type": null,
            "url": "https://api.congress.gov/v3/amendment/104/hamdt/1130?format=json"
        },
        {
            "congress": 104,
            "introducedDate": "1996-05-23",
            "latestAction": {
                "actionDate": "1996-10-03",
                "text": "Placed on the Union Calendar, Calendar No. 470."
            },
            "number": "3534",
            "policyArea": {
                "name": "Public Lands and Natural Resources"
            },
            "title": "Mineral King Act of 1996",
            "type": "HR",
            "url": "https://api.congress.gov/v3/bill/104/hr/3534?format=json"
        },
        {
            "congress": 104,
            "introducedDate": "1996-03-21",
            "latestAction": {
                "actionDate": "1996-09-06",
                "text": "Referred to Subcommittee on Forests and Public Lands."
            },
            "number": "3147",
            "policyArea": {
                "name": "Public Lands and Natural Resources"
            },
            "title": "To provide for the exchange of certain Federal lands in the State of California managed by the Bureau of Land Management of certain non-Federal lands, and for other purposes.",
            "type": "HR",
            "url": "https://api.congress.gov/v3/bill/104/hr/3147?format=json"
        },
        {
            "congress": 104,
            "introducedDate": "1996-03-21",
            "latestAction": {
                "actionDate": "1996-06-06",
                "text": "Subcommittee Hearings Held."
            },
            "number": "3146",
            "policyArea": {
                "name": "Public Lands and Natural Resources"
            },
            "title": "To provide for the exchange of certain Federal lands in the State of California for certain non-Federal lands, and for other purposes.",
            "type": "HR",
            "url": "https://api.congress.gov/v3/bill/104/hr/3146?format=json"
        },
        {
            "congress": 104,
            "introducedDate": "1995-10-25",
            "latestAction": {
                "actionDate": "1996-05-23",
                "text": "For Further Action See H.R.3534."
            },
            "number": "2528",
            "policyArea": {
                "name": "Public Lands and Natural Resources"
            },
            "title": "To require the Secretary of the Interior to renew to the heirs of permittees permits for historic cabins located in the Mineral King Addition of the Sequoia National Park, and for other purposes.",
            "type": "HR",
            "url": "https://api.congress.gov/v3/bill/104/hr/2528?format=json"
        },
        {
            "congress": 104,
            "introducedDate": "1995-07-27",
            "latestAction": {
                "actionDate": "1996-09-12",
                "text": "Subcommittee Hearings Held."
            },
            "number": "2134",
            "policyArea": {
                "name": "Labor and Employment"
            },
            "title": "To amend the Fair Labor Standards Act of 1938 to allow employees in classified positions in community colleges to serve in certified or other academic capacities.",
            "type": "HR",
            "url": "https://api.congress.gov/v3/bill/104/hr/2134?format=json"
        },
        {
            "congress": 104,
            "introducedDate": "1995-06-14",
            "latestAction": {
                "actionDate": "1995-07-18",
                "text": "Referred to the Subcommittee on the Constitution."
            },
            "number": "1840",
            "policyArea": {
                "name": "Civil Rights and Liberties, Minority Issues"
            },
            "title": "American Action Act of 1995",
            "type": "HR",
            "url": "https://api.congress.gov/v3/bill/104/hr/1840?format=json"
        },
        {
            "congress": 105,
            "introducedDate": "1998-06-25",
            "latestAction": {
                "actionDate": "1998-06-25",
                "text": "Referred to the House Committee on Ways and Means."
            },
            "number": "4140",
            "policyArea": {
                "name": "Taxation"
            },
            "title": "To amend the Internal Revenue Code of 1986 to repeal the special taxes on wholesale and retail dealers in liquor and beer, and for other purposes.",
            "type": "HR",
            "url": "https://api.congress.gov/v3/bill/105/hr/4140?format=json"
        },
        {
            "congress": 105,
            "introducedDate": "1998-07-15",
            "latestAction": {
                "actionDate": "1998-08-06",
                "text": "Forwarded by Subcommittee to Full Committee (Amended) by Voice Vote."
            },
            "number": "4230",
            "policyArea": {
                "name": "Public Lands and Natural Resources"
            },
            "title": "El Portal Administrative Site Land Exchange Act",
            "type": "HR",
            "url": "https://api.congress.gov/v3/bill/105/hr/4230?format=json"
        },
        {
            "congress": 105,
            "introducedDate": "1998-03-02",
            "latestAction": {
                "actionDate": "1998-03-03",
                "text": "Executive Comment Requested from Interior."
            },
            "number": "3302",
            "policyArea": {
                "name": "Emergency Management"
            },
            "title": "To amend the Reclamation States Emergency Drought Relief Act of 1991 to provide a loan to the Madera-Chowchilla Power Authority.",
            "type": "HR",
            "url": "https://api.congress.gov/v3/bill/105/hr/3302?format=json"
        },
        {
            "congress": 105,
            "introducedDate": "1997-11-09",
            "latestAction": {
                "actionDate": "1997-12-09",
                "text": "Referred to the Subcommittee on Health and Environment."
            },
            "number": "3014",
            "policyArea": {
                "name": "Health"
            },
            "title": "To amend the Consolidated Omnibus Budget Reconciliation Act of 1985 to expand the number of county operated health insuring organizations authorized to enroll Medicaid beneficiaries.",
            "type": "HR",
            "url": "https://api.congress.gov/v3/bill/105/hr/3014?format=json"
        },
        {
            "congress": 105,
            "introducedDate": "1997-05-21",
            "latestAction": {
                "actionDate": "1997-05-27",
                "text": "Executive Comment Requested from Interior."
            },
            "number": "1696",
            "policyArea": {
                "name": "Public Lands and Natural Resources"
            },
            "title": "To honor agreements reached in the acquisition of Santa Rosa Island, California, by the National Park Service.",
            "type": "HR",
            "url": "https://api.congress.gov/v3/bill/105/hr/1696?format=json"
        },
        {
            "congress": 105,
            "introducedDate": "1997-05-15",
            "latestAction": {
                "actionDate": "1997-05-15",
                "text": "Referred to the House Committee on Ways and Means."
            },
            "number": "1620",
            "policyArea": {
                "name": "Taxation"
            },
            "title": "To amend the Internal Revenue Code of 1986 to repeal the special taxes on wholesale and retail dealers in liquor and beer, and for other purposes.",
            "type": "HR",
            "url": "https://api.congress.gov/v3/bill/105/hr/1620?format=json"
        },
        {
            "congress": 105,
            "introducedDate": "1997-02-04",
            "latestAction": {
                "actionDate": "1997-02-04",
                "text": "Referred to House International Relations"
            },
            "number": "500",
            "policyArea": {
                "name": "International Affairs"
            },
            "title": "Armenian Assistance Act",
            "type": "HR",
            "url": "https://api.congress.gov/v3/bill/105/hr/500?format=json"
        },
        {
            "congress": 105,
            "introducedDate": "1997-01-09",
            "latestAction": {
                "actionDate": "1997-01-31",
                "text": "Referred to the Subcommittee on Workforce Protections."
            },
            "number": "431",
            "policyArea": {
                "name": "Labor and Employment"
            },
            "title": "To amend the Fair Labor Standards Act of 1938 to allow employees in classified positions in community colleges to serve in certified or other academic capacities.",
            "type": "HR",
            "url": "https://api.congress.gov/v3/bill/105/hr/431?format=json"
        },
        {
            "congress": 105,
            "introducedDate": "1998-09-11",
            "latestAction": {
                "actionDate": "1998-09-11",
                "text": "Referred to the House Committee on the Judiciary."
            },
            "number": "531",
            "policyArea": {
                "name": "Government Operations and Politics"
            },
            "title": "Calling upon William Jefferson Clinton to immediately resign the Office of President of the United States.",
            "type": "HRES",
            "url": "https://api.congress.gov/v3/bill/105/hres/531?format=json"
        },
        {
            "congress": 105,
            "introducedDate": "1997-03-21",
            "latestAction": {
                "actionDate": "1997-04-23",
                "text": "Sponsor introductory remarks on measure. (CR H1769)"
            },
            "number": "55",
            "policyArea": {
                "name": "International Affairs"
            },
            "title": "Honoring the memory of the victims of the Armenian Genocide.",
            "type": "HCONRES",
            "url": "https://api.congress.gov/v3/bill/105/hconres/55?format=json"
        }
    ]
}