{
    "pagination": {
        "count": 16
    },
    "request": {
        "bioguideId": "d000530",
        "contentType": "application/json",
        "format": "json"
    },
    "sponsoredLegislation": [
        {
            "congress": 118,
            "introducedDate": "2024-07-09",
            "latestAction": {
                "actionDate": "2024-07-09",
                "text": "Referred to the House Committee on Oversight and Accountability."
            },
            "number": "8963",
            "policyArea": {
                "name": null
            },
            "title": "To designate the facility of the United States Postal Service located at 521 Thorn Street in Sewickley, Pennsylvania, as the \"Mary Elizabeth 'Bettie' Cole Post Office Building\".",
            "type": "HR",
            "url": "https://api.congress.gov/v3/bill/118/hr/8963?format=json"
        },
        {
            "congress": 118,
            "introducedDate": "2024-06-14",
            "latestAction": {
                "actionDate": "2024-06-14",
                "text": "Referred to the House Committee on Education and the Workforce."
            },
            "number": "8758",
            "policyArea": {
                "name": null
            },
            "title": "Public Service Worker Protection Act",
            "type": "HR",
            "url": "https://api.congress.gov/v3/bill/118/hr/8758?format=json"
        },
        {
            "congress": 118,
            "introducedDate": "2024-04-09",
            "latestAction": {
                "actionDate": "2024-04-19",
                "text": "Referred to the Subcommittee on Economic Opportunity."
            },
            "number": "7898",
            "policyArea": {
                "name": "Armed Forces and National Security"
            },
            "title": "Veterans Housing Stability Act of 2024",
            "type": "HR",
            "url": "https://api.congress.gov/v3/bill/118/hr/7898?format=json"
        },
        {
            "congress": 118,
            "introducedDate": "2024-02-29",
            "latestAction": {
                "actionDate": "2024-03-01",
                "text": "Referred to the Subcommittee on Economic Development, Public Buildings, and Emergency Management."
            },
            "number": "7491",
            "policyArea": {
                "name": "Transportation and Public Works"
            },
            "title": "WATERWAYS Act",
            "type": "HR",
            "url": "https://api.congress.gov/v3/bill/118/hr/7491?format=json"
        },
        {
            "congress": 118,
            "introducedDate": "2024-02-06",
            "latestAction": {
                "actionDate": "2024-02-06",
                "text": "Referred to the House Committee on Armed Services."
            },
            "number": "7253",
            "policyArea": {
                "name": "Armed Forces and National Security"
            },
            "title": "Best Price for Our Military Act of 2024",
            "type": "HR",
            "url": "https://api.congress.gov/v3/bill/118/hr/7253?format=json"
        },
        {
            "congress": 118,
            "introducedDate": "2023-08-25",
            "latestAction": {
                "actionDate": "2023-08-25",
                "text": "Referred to the House Committee on Armed Services."
            },
            "number": "5271",
            "policyArea": {
                "name": "Armed Forces and National Security"
            },
            "title": "To amend section 3702 of title 10, United States Code, to reduce the dollar threshold for requiring certified cost and pricing data, and for other purposes.",
            "type": "HR",
            "url": "https://api.congress.gov/v3/bill/118/hr/5271?format=json"
        },
        {
            "congress": 118,
            "introducedDate": "2023-08-25",
            "latestAction": {
                "actionDate": "2023-08-25",
                "text": "Referred to the House Committee on Armed Services."
            },
            "number": "5272",
            "policyArea": {
                "name": "Armed Forces and National Security"
            },
            "title": "To amend title 10, United States Code, to modify the requirements relating to truthful cost or pricing data submissions, and for other purposes.",
            "type": "HR",
            "url": "https://api.congress.gov/v3/bill/118/hr/5272?format=json"
        },
        {
            "congress": 118,
            "introducedDate": "2023-08-25",
            "latestAction": {
                "actionDate": "2023-08-25",
                "text": "Referred to the House Committee on Armed Services."
            },
            "number": "5270",
            "policyArea": {
                "name": "Armed Forces and National Security"
            },
            "title": "To amend title 10, United States Code, to permit the Secretary of Defense to carry out certain environmental restoration projects at facilities of the National Guard and the Air National Guard.",
            "type": "HR",
            "url": "https://api.congress.gov/v3/bill/118/hr/5270?format=json"
        },
        {
            "congress": 118,
            "introducedDate": "2023-07-26",
            "latestAction": {
                "actionDate": "2023-07-26",
                "text": "Referred to the House Committee on Foreign Affairs."
            },
            "number": "60",
            "policyArea": {
                "name": "International Affairs"
            },
            "title": "Calling for the immediate release of Marc Fogel, a United States citizen and teacher, who was given an unjust and disproportionate criminal sentence by the Government of the Russian Federation in June 2022.",
            "type": "HCONRES",
            "url": "https://api.congress.gov/v3/bill/118/hconres/60?format=json"
        },
        {
            "congress": 118,
            "introducedDate": "2023-06-07",
            "latestAction": {
                "actionDate": "2023-07-19",
                "text": "Subcommittee Consideration and Mark-up Session Held"
            },
            "number": "3900",
            "policyArea": {
                "name": "Armed Forces and National Security"
            },
            "title": "To amend title 38, United States Code, to establish certain rights for spouses of members of the uniformed services.",
            "type": "HR",
            "url": "https://api.congress.gov/v3/bill/118/hr/3900?format=json"
        },
        {
            "congress": 118,
            "introducedDate": "2023-05-11",
            "latestAction": {
                "actionDate": "2024-04-16",
                "text": "Forwarded by Subcommittee to Full Committee by Voice Vote."
            },
            "number": "3225",
            "policyArea": {
                "name": "Armed Forces and National Security"
            },
            "title": "BUILD for Veterans Act of 2023",
            "type": "HR",
            "url": "https://api.congress.gov/v3/bill/118/hr/3225?format=json"
        },
        {
            "congress": 118,
            "introducedDate": "2023-04-28",
            "latestAction": {
                "actionDate": "2023-05-01",
                "text": "Referred to the Subcommittee on Railroads, Pipelines, and Hazardous Materials."
            },
            "number": "2999",
            "policyArea": {
                "name": "Transportation and Public Works"
            },
            "title": "Assistance for Local Heroes During Train Crises Act",
            "type": "HR",
            "url": "https://api.congress.gov/v3/bill/118/hr/2999?format=json"
        },
        {
            "congress": 118,
            "introducedDate": "2023-03-21",
            "latestAction": {
                "actionDate": "2023-03-22",
                "text": "Referred to the Subcommittee on Railroads, Pipelines, and Hazardous Materials."
            },
            "number": "1674",
            "policyArea": {
                "name": "Transportation and Public Works"
            },
            "title": "Railway Safety Act of 2023",
            "type": "HR",
            "url": "https://api.congress.gov/v3/bill/118/hr/1674?format=json"
        },
        {
            "congress": 118,
            "introducedDate": "2023-03-08",
            "latestAction": {
                "actionDate": "2023-03-08",
                "text": "Referred to the House Committee on Education and the Workforce."
            },
            "number": "1447",
            "policyArea": {
                "name": "Labor and Employment"
            },
            "title": "Striking and Locked Out Workers Healthcare Protection Act",
            "type": "HR",
            "url": "https://api.congress.gov/v3/bill/118/hr/1447?format=json"
        },
        {
            "congress": 118,
            "introducedDate": "2023-02-28",
            "latestAction": {
                "actionDate": "2023-03-01",
                "text": "Referred to the Subcommittee on Railroads, Pipelines, and Hazardous Materials."
            },
            "number": "1238",
            "policyArea": {
                "name": "Transportation and Public Works"
            },
            "title": "Decreasing Emergency Railroad Accident Instances Locally Act",
            "type": "HR",
            "url": "https://api.congress.gov/v3/bill/118/hr/1238?format=json"
        },
        {
            "congress": 118,
            "introducedDate": "2024-03-15",
            "latestAction": {
                "actionDate": "2024-03-15",
                "text": "Referred to the Committee on Education and the Workforce, and in addition to the Committees on Oversight and Accountability, and House Administration, for a period to be subsequently determined by the Speaker, in each case for consideration of such provisions as fall within the jurisdiction of the committee concerned."
            },
            "number": "7690",
            "policyArea": {
                "name": "Labor and Employment"
            },
            "title": "Stop Spying Bosses Act",
            "type": "HR",
            "url": "https://api.congress.gov/v3/bill/118/hr/7690?format=json"
        }
    ]
}