{
    "pagination": {
        "count": 104
    },
    "request": {
        "bioguideId": "c001055",
        "contentType": "application/json",
        "format": "json"
    },
    "sponsoredLegislation": [
        {
            "congress": 118,
            "introducedDate": "2024-05-01",
            "latestAction": {
                "actionDate": "2024-05-01",
                "text": "Referred to the House Committee on House Administration."
            },
            "number": "105",
            "policyArea": {
                "name": null
            },
            "title": "Authorizing the use of Emancipation Hall in the Capitol Visitor Center for an event to celebrate the birthday of King Kamehameha I.",
            "type": "HCONRES",
            "url": "https://api.congress.gov/v3/bill/118/hconres/105?format=json"
        },
        {
            "congress": 118,
            "introducedDate": "2024-01-31",
            "latestAction": {
                "actionDate": "2024-02-06",
                "text": "Ordered to be Reported by Voice Vote."
            },
            "number": "7159",
            "policyArea": {
                "name": "International Affairs"
            },
            "title": "Pacific Partnership Act",
            "type": "HR",
            "url": "https://api.congress.gov/v3/bill/118/hr/7159?format=json"
        },
        {
            "congress": 118,
            "introducedDate": "2024-01-22",
            "latestAction": {
                "actionDate": "2024-01-31",
                "text": "Sponsor introductory remarks on measure. (CR E100)"
            },
            "number": "7061",
            "policyArea": {
                "name": "Commerce"
            },
            "title": "HEAL Maui Act",
            "type": "HR",
            "url": "https://api.congress.gov/v3/bill/118/hr/7061?format=json"
        },
        {
            "congress": 118,
            "introducedDate": "2023-11-17",
            "latestAction": {
                "actionDate": "2023-11-17",
                "text": "Referred to the Committee on Natural Resources, and in addition to the Committees on Ways and Means, and Foreign Affairs, for a period to be subsequently determined by the Speaker, in each case for consideration of such provisions as fall within the jurisdiction of the committee concerned."
            },
            "number": "6447",
            "policyArea": {
                "name": "Public Lands and Natural Resources"
            },
            "title": "Saving NEMO Act",
            "type": "HR",
            "url": "https://api.congress.gov/v3/bill/118/hr/6447?format=json"
        },
        {
            "congress": 118,
            "introducedDate": "2023-09-29",
            "latestAction": {
                "actionDate": "2023-09-29",
                "text": "Referred to the House Committee on Oversight and Accountability."
            },
            "number": "744",
            "policyArea": {
                "name": "Arts, Culture, Religion"
            },
            "title": "Recognizing the month of October 2023 as Filipino American History Month and celebrating the history and culture of Filipino Americans and their immense contributions to the United States.",
            "type": "HRES",
            "url": "https://api.congress.gov/v3/bill/118/hres/744?format=json"
        },
        {
            "congress": 118,
            "introducedDate": "2023-07-18",
            "latestAction": {
                "actionDate": "2023-07-24",
                "text": "Sponsor introductory remarks on measure. (CR E705)"
            },
            "number": "4700",
            "policyArea": {
                "name": "Commerce"
            },
            "title": "Fair Shipping for Non-Contiguous Areas Act of 2023",
            "type": "HR",
            "url": "https://api.congress.gov/v3/bill/118/hr/4700?format=json"
        },
        {
            "congress": 118,
            "introducedDate": "2023-07-11",
            "latestAction": {
                "actionDate": "2023-07-11",
                "text": "Referred to the House Committee on Natural Resources."
            },
            "number": "4537",
            "policyArea": {
                "name": "Energy"
            },
            "title": "American Seabed Protection Act",
            "type": "HR",
            "url": "https://api.congress.gov/v3/bill/118/hr/4537?format=json"
        },
        {
            "congress": 118,
            "introducedDate": "2023-07-11",
            "latestAction": {
                "actionDate": "2023-07-11",
                "text": "Referred to the Committee on Foreign Affairs, and in addition to the Committees on Natural Resources, and Ways and Means, for a period to be subsequently determined by the Speaker, in each case for consideration of such provisions as fall within the jurisdiction of the committee concerned."
            },
            "number": "4538",
            "policyArea": {
                "name": "International Affairs"
            },
            "title": "BLUE Pacific Act",
            "type": "HR",
            "url": "https://api.congress.gov/v3/bill/118/hr/4538?format=json"
        },
        {
            "congress": 118,
            "introducedDate": "2023-07-11",
            "latestAction": {
                "actionDate": "2023-07-11",
                "text": "Referred to the House Committee on Foreign Affairs."
            },
            "number": "4536",
            "policyArea": {
                "name": "Energy"
            },
            "title": "To oppose the permitting of deep seabed mining and exploration for deep seabed mining, and for other purposes.",
            "type": "HR",
            "url": "https://api.congress.gov/v3/bill/118/hr/4536?format=json"
        },
        {
            "congress": 118,
            "introducedDate": "2023-06-13",
            "latestAction": {
                "actionDate": "2023-06-16",
                "text": "Referred to the Subcommittee on Health."
            },
            "number": "4061",
            "policyArea": {
                "name": "Health"
            },
            "title": "To require the Secretary of Health and Human Services to establish an exposure registry and conduct epidemiological studies to assess health outcomes associated with the Red Hill Incident.",
            "type": "HR",
            "url": "https://api.congress.gov/v3/bill/118/hr/4061?format=json"
        },
        {
            "congress": 118,
            "introducedDate": "2023-04-26",
            "latestAction": {
                "actionDate": "2023-06-01",
                "text": "Referred to the Subcommittee on Conservation, Research, and Biotechnology."
            },
            "number": "2881",
            "policyArea": {
                "name": "Agriculture and Food"
            },
            "title": "Hawaii Invasive Species Protection Act",
            "type": "HR",
            "url": "https://api.congress.gov/v3/bill/118/hr/2881?format=json"
        },
        {
            "congress": 118,
            "introducedDate": "2023-04-25",
            "latestAction": {
                "actionDate": "2023-04-25",
                "text": "Referred to the House Committee on the Judiciary."
            },
            "number": "2823",
            "policyArea": {
                "name": "Immigration"
            },
            "title": "Filipino Veterans Family Reunification Act of 2023",
            "type": "HR",
            "url": "https://api.congress.gov/v3/bill/118/hr/2823?format=json"
        },
        {
            "congress": 118,
            "introducedDate": "2023-04-13",
            "latestAction": {
                "actionDate": "2023-04-14",
                "text": "Referred to the Subcommittee on Coast Guard and Maritime Transportation."
            },
            "number": "2586",
            "policyArea": {
                "name": "Transportation and Public Works"
            },
            "title": "Noncontiguous Shipping Competition Act",
            "type": "HR",
            "url": "https://api.congress.gov/v3/bill/118/hr/2586?format=json"
        },
        {
            "congress": 118,
            "introducedDate": "2023-04-13",
            "latestAction": {
                "actionDate": "2023-04-14",
                "text": "Referred to the Subcommittee on Coast Guard and Maritime Transportation."
            },
            "number": "2588",
            "policyArea": {
                "name": "Transportation and Public Works"
            },
            "title": "Noncontiguous Shipping Relief Act of 2023",
            "type": "HR",
            "url": "https://api.congress.gov/v3/bill/118/hr/2588?format=json"
        },
        {
            "congress": 118,
            "introducedDate": "2023-04-13",
            "latestAction": {
                "actionDate": "2023-04-14",
                "text": "Referred to the Subcommittee on Aviation."
            },
            "number": "2585",
            "policyArea": {
                "name": "Transportation and Public Works"
            },
            "title": "Hawaii Air Tour Management Act of 2023",
            "type": "HR",
            "url": "https://api.congress.gov/v3/bill/118/hr/2585?format=json"
        },
        {
            "congress": 118,
            "introducedDate": "2023-04-13",
            "latestAction": {
                "actionDate": "2023-04-14",
                "text": "Referred to the Subcommittee on Coast Guard and Maritime Transportation."
            },
            "number": "2587",
            "policyArea": {
                "name": "Transportation and Public Works"
            },
            "title": "Noncontiguous Shipping Reasonable Rate Act of 2023",
            "type": "HR",
            "url": "https://api.congress.gov/v3/bill/118/hr/2587?format=json"
        },
        {
            "congress": 118,
            "introducedDate": "2023-04-10",
            "latestAction": {
                "actionDate": "2023-04-10",
                "text": "Referred to the House Committee on Foreign Affairs."
            },
            "number": "2546",
            "policyArea": {
                "name": "International Affairs"
            },
            "title": "To provide for the development and implementation of economic defense response teams.",
            "type": "HR",
            "url": "https://api.congress.gov/v3/bill/118/hr/2546?format=json"
        },
        {
            "congress": 118,
            "introducedDate": "2023-04-03",
            "latestAction": {
                "actionDate": "2023-05-08",
                "text": "Referred to the Subcommittee on Water, Wildlife, and Fisheries."
            },
            "number": "2459",
            "policyArea": {
                "name": "Armed Forces and National Security"
            },
            "title": "Hawaii Native Species Conservation and Recovery Act of 2023",
            "type": "HR",
            "url": "https://api.congress.gov/v3/bill/118/hr/2459?format=json"
        },
        {
            "congress": 118,
            "introducedDate": "2023-03-14",
            "latestAction": {
                "actionDate": "2023-04-05",
                "text": "Referred to the Subcommittee on Nutrition, Foreign Agriculture, and Horticulture."
            },
            "number": "1571",
            "policyArea": {
                "name": "Immigration"
            },
            "title": "Compact Impact Fairness Act of 2023",
            "type": "HR",
            "url": "https://api.congress.gov/v3/bill/118/hr/1571?format=json"
        },
        {
            "congress": 118,
            "introducedDate": "2023-02-17",
            "latestAction": {
                "actionDate": "2023-02-21",
                "text": "Referred to the Subcommittee on Aviation."
            },
            "number": "1071",
            "policyArea": {
                "name": "Transportation and Public Works"
            },
            "title": "Safe and Quiet Skies Act of 2023",
            "type": "HR",
            "url": "https://api.congress.gov/v3/bill/118/hr/1071?format=json"
        },
        {
            "congress": 118,
            "introducedDate": "2023-02-01",
            "latestAction": {
                "actionDate": "2023-11-29",
                "text": "Committee Hearings Held"
            },
            "number": "710",
            "policyArea": {
                "name": "Economics and Public Finance"
            },
            "title": "Sustainable Budget Act of 2022",
            "type": "HR",
            "url": "https://api.congress.gov/v3/bill/118/hr/710?format=json"
        },
        {
            "congress": 117,
            "introducedDate": "2022-12-14",
            "latestAction": {
                "actionDate": "2022-12-14",
                "text": "Referred to the House Committee on Natural Resources."
            },
            "number": "9538",
            "policyArea": {
                "name": "Public Lands and Natural Resources"
            },
            "title": "South Pacific Tuna Act of 2022",
            "type": "HR",
            "url": "https://api.congress.gov/v3/bill/117/hr/9538?format=json"
        },
        {
            "congress": 117,
            "introducedDate": "2022-12-07",
            "latestAction": {
                "actionDate": "2022-12-07",
                "text": "Referred to the Committee on Natural Resources, and in addition to the Committee on Science, Space, and Technology, for a period to be subsequently determined by the Speaker, in each case for consideration of such provisions as fall within the jurisdiction of the committee concerned."
            },
            "number": "9453",
            "policyArea": {
                "name": "Public Lands and Natural Resources"
            },
            "title": "Coral Reef Sustainability Through Innovation Act of 2022",
            "type": "HR",
            "url": "https://api.congress.gov/v3/bill/117/hr/9453?format=json"
        },
        {
            "congress": 117,
            "introducedDate": "2022-10-28",
            "latestAction": {
                "actionDate": "2022-10-28",
                "text": "Referred to the House Committee on Oversight and Reform."
            },
            "number": "1449",
            "policyArea": {
                "name": "Immigration"
            },
            "title": "Recognizing the month of October 2022 as Filipino American History Month and celebrating the history and culture of Filipino Americans and their immense contributions to the United States.",
            "type": "HRES",
            "url": "https://api.congress.gov/v3/bill/117/hres/1449?format=json"
        },
        {
            "congress": 117,
            "introducedDate": "2022-08-12",
            "latestAction": {
                "actionDate": "2022-08-12",
                "text": "Referred to the Subcommittee on Asia, the Pacific, Central Asia and Nonproliferation."
            },
            "number": "1320",
            "policyArea": {
                "name": "International Affairs"
            },
            "title": "Remembering the 80th anniversary of the Solomon Islands campaign, including the battles of Guadalcanal and Ironbottom Sound.",
            "type": "HRES",
            "url": "https://api.congress.gov/v3/bill/117/hres/1320?format=json"
        },
        {
            "congress": 117,
            "introducedDate": "2022-03-18",
            "latestAction": {
                "actionDate": "2022-03-18",
                "text": "Referred to the House Committee on Foreign Affairs."
            },
            "number": "994",
            "policyArea": {
                "name": "International Affairs"
            },
            "title": "Recognizing and reaffirming the strong relationship between the United States and the Pacific Islands.",
            "type": "HRES",
            "url": "https://api.congress.gov/v3/bill/117/hres/994?format=json"
        },
        {
            "congress": 117,
            "introducedDate": "2022-03-08",
            "latestAction": {
                "actionDate": "2022-03-09",
                "text": "Referred to the Subcommittee on Coast Guard and Maritime Transportation."
            },
            "number": "6974",
            "policyArea": {
                "name": "Transportation and Public Works"
            },
            "title": "To amend title 46, United States Code, to exempt certain vessels transporting crude oil, petroleum, petroleum products, and liquified natural gas between a port in Hawaii and another port in the United States from Jones Act vessel requirements for the duration of any ban on the transportation of crude oil or petroleum products from the Russian Federation, and for other purposes.",
            "type": "HR",
            "url": "https://api.congress.gov/v3/bill/117/hr/6974?format=json"
        },
        {
            "congress": 117,
            "introducedDate": "2021-10-19",
            "latestAction": {
                "actionDate": "2021-10-28",
                "text": "Sponsor introductory remarks on measure. (CR E1164-1165)"
            },
            "number": "724",
            "policyArea": {
                "name": "Immigration"
            },
            "title": "Recognizing the month of October 2021 as Filipino American History Month and celebrating the history and culture of Filipino Americans and their immense contributions to the United States.",
            "type": "HRES",
            "url": "https://api.congress.gov/v3/bill/117/hres/724?format=json"
        },
        {
            "congress": 117,
            "introducedDate": "2021-08-10",
            "latestAction": {
                "actionDate": "2021-08-10",
                "text": "Referred to the Committee on Rules, and in addition to the Committee on the Budget, for a period to be subsequently determined by the Speaker, in each case for consideration of such provisions as fall within the jurisdiction of the committee concerned."
            },
            "number": "4988",
            "policyArea": {
                "name": "Economics and Public Finance"
            },
            "title": "To amend the Congressional Budget Act of 1974 to establish that reconciliation directives in a budget resolution may not cause a net increase in the deficit for the period of fiscal years covered by that resolution.",
            "type": "HR",
            "url": "https://api.congress.gov/v3/bill/117/hr/4988?format=json"
        },
        {
            "congress": 117,
            "introducedDate": "2021-07-29",
            "latestAction": {
                "actionDate": "2021-07-30",
                "text": "Referred to the Subcommittee on Health."
            },
            "number": "4800",
            "policyArea": {
                "name": "Health"
            },
            "title": "Reef Safe Act of 2021",
            "type": "HR",
            "url": "https://api.congress.gov/v3/bill/117/hr/4800?format=json"
        },
        {
            "congress": 117,
            "introducedDate": "2021-05-28",
            "latestAction": {
                "actionDate": "2021-07-07",
                "text": "Referred to the Subcommittee on Nutrition, Oversight, and Department Operations."
            },
            "number": "3570",
            "policyArea": {
                "name": "Immigration"
            },
            "title": "Compact Impact Fairness Act of 2021",
            "type": "HR",
            "url": "https://api.congress.gov/v3/bill/117/hr/3570?format=json"
        },
        {
            "congress": 117,
            "introducedDate": "2021-05-19",
            "latestAction": {
                "actionDate": "2021-11-09",
                "text": "Referred to the Subcommittee on Immigration and Citizenship."
            },
            "number": "3336",
            "policyArea": {
                "name": "Immigration"
            },
            "title": "Filipino Veterans Family Reunification Act of 2021",
            "type": "HR",
            "url": "https://api.congress.gov/v3/bill/117/hr/3336?format=json"
        },
        {
            "congress": 117,
            "introducedDate": "2021-05-04",
            "latestAction": {
                "actionDate": "2021-05-04",
                "text": "Referred to the Committee on Foreign Affairs, and in addition to the Committees on Ways and Means, and Natural Resources, for a period to be subsequently determined by the Speaker, in each case for consideration of such provisions as fall within the jurisdiction of the committee concerned."
            },
            "number": "2967",
            "policyArea": {
                "name": "International Affairs"
            },
            "title": "BLUE Pacific Act",
            "type": "HR",
            "url": "https://api.congress.gov/v3/bill/117/hr/2967?format=json"
        },
        {
            "congress": 117,
            "introducedDate": "2021-03-16",
            "latestAction": {
                "actionDate": "2022-09-21",
                "text": "Committee on Energy and Natural Resources Subcommittee on National Parks. Hearings held."
            },
            "number": "1908",
            "policyArea": {
                "name": "Public Lands and Natural Resources"
            },
            "title": "Ka\u2018ena Point National Heritage Area Act",
            "type": "HR",
            "url": "https://api.congress.gov/v3/bill/117/hr/1908?format=json"
        },
        {
            "congress": 117,
            "introducedDate": "2021-02-18",
            "latestAction": {
                "actionDate": "2021-02-19",
                "text": "Referred to the Subcommittee on Communications and Technology."
            },
            "number": "1107",
            "policyArea": {
                "name": "Science, Technology, Communications"
            },
            "title": "PLAN Act",
            "type": "HR",
            "url": "https://api.congress.gov/v3/bill/117/hr/1107?format=json"
        },
        {
            "congress": 117,
            "introducedDate": "2021-02-11",
            "latestAction": {
                "actionDate": "2021-02-11",
                "text": "Referred to the Committee on the Budget, and in addition to the Committee on Rules, for a period to be subsequently determined by the Speaker, in each case for consideration of such provisions as fall within the jurisdiction of the committee concerned."
            },
            "number": "974",
            "policyArea": {
                "name": "Economics and Public Finance"
            },
            "title": "Sustainable Budget Act of 2021",
            "type": "HR",
            "url": "https://api.congress.gov/v3/bill/117/hr/974?format=json"
        },
        {
            "congress": 117,
            "introducedDate": "2021-01-21",
            "latestAction": {
                "actionDate": "2021-02-04",
                "text": "Referred to the Subcommittee on Aviation."
            },
            "number": "389",
            "policyArea": {
                "name": "Transportation and Public Works"
            },
            "title": "Safe and Quiet Skies Act of 2021",
            "type": "HR",
            "url": "https://api.congress.gov/v3/bill/117/hr/389?format=json"
        },
        {
            "congress": 117,
            "introducedDate": "2021-01-21",
            "latestAction": {
                "actionDate": "2021-02-24",
                "text": "Referred to the Subcommittee on Biotechnology, Horticulture, and Research."
            },
            "number": "388",
            "policyArea": {
                "name": "Agriculture and Food"
            },
            "title": "Hawaii Invasive Species Protection Act",
            "type": "HR",
            "url": "https://api.congress.gov/v3/bill/117/hr/388?format=json"
        },
        {
            "congress": 117,
            "introducedDate": "2021-01-13",
            "latestAction": {
                "actionDate": "2021-02-04",
                "text": "Referred to the Subcommittee on Coast Guard and Maritime Transportation."
            },
            "number": "299",
            "policyArea": {
                "name": "Transportation and Public Works"
            },
            "title": "Noncontiguous Shipping Reasonable Rate Act of 2021",
            "type": "HR",
            "url": "https://api.congress.gov/v3/bill/117/hr/299?format=json"
        },
        {
            "congress": 117,
            "introducedDate": "2021-01-13",
            "latestAction": {
                "actionDate": "2021-02-04",
                "text": "Referred to the Subcommittee on Coast Guard and Maritime Transportation."
            },
            "number": "300",
            "policyArea": {
                "name": "Transportation and Public Works"
            },
            "title": "Noncontiguous Shipping Relief Act of 2021",
            "type": "HR",
            "url": "https://api.congress.gov/v3/bill/117/hr/300?format=json"
        },
        {
            "congress": 117,
            "introducedDate": "2021-01-13",
            "latestAction": {
                "actionDate": "2021-02-04",
                "text": "Referred to the Subcommittee on Coast Guard and Maritime Transportation."
            },
            "number": "298",
            "policyArea": {
                "name": "Transportation and Public Works"
            },
            "title": "Noncontiguous Shipping Competition Act",
            "type": "HR",
            "url": "https://api.congress.gov/v3/bill/117/hr/298?format=json"
        },
        {
            "congress": 117,
            "introducedDate": "2021-01-13",
            "latestAction": {
                "actionDate": "2022-01-19",
                "text": "Placed on Senate Legislative Calendar under General Orders. Calendar No. 254."
            },
            "number": "297",
            "policyArea": {
                "name": "Public Lands and Natural Resources"
            },
            "title": "To require the Secretary of Agriculture to conduct a study on the establishment of, and the potential land that could be included in, a unit of the National Forest System in the State of Hawaii, and for other purposes.",
            "type": "HR",
            "url": "https://api.congress.gov/v3/bill/117/hr/297?format=json"
        },
        {
            "congress": 116,
            "introducedDate": "2020-12-09",
            "latestAction": {
                "actionDate": "2020-12-09",
                "text": "Referred to the House Committee on Oversight and Reform."
            },
            "number": "8911",
            "policyArea": {
                "name": "Immigration"
            },
            "title": "Compact Impact Fairness Act of 2020",
            "type": "HR",
            "url": "https://api.congress.gov/v3/bill/116/hr/8911?format=json"
        },
        {
            "congress": 116,
            "introducedDate": "2020-10-01",
            "latestAction": {
                "actionDate": "2020-10-01",
                "text": "Referred to the Committee on Energy and Commerce, and in addition to the Committees on Foreign Affairs, and the Judiciary, for a period to be subsequently determined by the Speaker, in each case for consideration of such provisions as fall within the jurisdiction of the committee concerned."
            },
            "number": "8480",
            "policyArea": {
                "name": "Commerce"
            },
            "title": "Visit America Act",
            "type": "HR",
            "url": "https://api.congress.gov/v3/bill/116/hr/8480?format=json"
        },
        {
            "congress": 116,
            "introducedDate": "2020-07-27",
            "latestAction": {
                "actionDate": "2020-07-30",
                "text": "Sponsor introductory remarks on measure. (CR H3988-3989)"
            },
            "number": "7797",
            "policyArea": {
                "name": "International Affairs"
            },
            "title": "BLUE Pacific Act",
            "type": "HR",
            "url": "https://api.congress.gov/v3/bill/116/hr/7797?format=json"
        },
        {
            "congress": 116,
            "introducedDate": "2020-06-08",
            "latestAction": {
                "actionDate": "2020-06-09",
                "text": "Referred to the Subcommittee on Aviation."
            },
            "number": "7128",
            "policyArea": {
                "name": "Transportation and Public Works"
            },
            "title": "Air Travel Public Health Emergency Protection Act",
            "type": "HR",
            "url": "https://api.congress.gov/v3/bill/116/hr/7128?format=json"
        },
        {
            "congress": 116,
            "introducedDate": "2020-05-28",
            "latestAction": {
                "actionDate": "2020-12-07",
                "text": "Received in the Senate and Read twice and referred to the Committee on Energy and Natural Resources."
            },
            "number": "7045",
            "policyArea": {
                "name": "Public Lands and Natural Resources"
            },
            "title": "To require the Secretary of Agriculture to conduct a study on lands that could be included in a National Forest in Hawai\u2019i, and for other purposes.",
            "type": "HR",
            "url": "https://api.congress.gov/v3/bill/116/hr/7045?format=json"
        },
        {
            "congress": 116,
            "introducedDate": "2020-05-08",
            "latestAction": {
                "actionDate": "2020-05-21",
                "text": "Referred to the Subcommittee on Water, Oceans, and Wildlife."
            },
            "number": "6738",
            "policyArea": {
                "name": "Environmental Protection"
            },
            "title": "Coral Reef Conservation Reauthorization Act of 2020",
            "type": "HR",
            "url": "https://api.congress.gov/v3/bill/116/hr/6738?format=json"
        },
        {
            "congress": 116,
            "introducedDate": "2020-04-23",
            "latestAction": {
                "actionDate": "2020-04-28",
                "text": "Referred to the Subcommittee on National Parks, Forests, and Public Lands."
            },
            "number": "6603",
            "policyArea": {
                "name": "Public Lands and Natural Resources"
            },
            "title": "Ka\u2018ena Point National Heritage Area Act",
            "type": "HR",
            "url": "https://api.congress.gov/v3/bill/116/hr/6603?format=json"
        },
        {
            "congress": 116,
            "introducedDate": "2019-12-19",
            "latestAction": {
                "actionDate": "2020-01-13",
                "text": "Referred to the Subcommittee on Biotechnology, Horticulture, and Research."
            },
            "number": "5506",
            "policyArea": {
                "name": "Agriculture and Food"
            },
            "title": "Hawaii Invasive Species Protection Act",
            "type": "HR",
            "url": "https://api.congress.gov/v3/bill/116/hr/5506?format=json"
        },
        {
            "congress": 116,
            "introducedDate": "2019-12-19",
            "latestAction": {
                "actionDate": "2019-12-20",
                "text": "Referred to the Subcommittee on Coast Guard and Maritime Transportation."
            },
            "number": "5500",
            "policyArea": {
                "name": "Transportation and Public Works"
            },
            "title": "Noncontiguous Shipping Competition Act",
            "type": "HR",
            "url": "https://api.congress.gov/v3/bill/116/hr/5500?format=json"
        },
        {
            "congress": 116,
            "introducedDate": "2019-12-19",
            "latestAction": {
                "actionDate": "2019-12-20",
                "text": "Referred to the Subcommittee on Coast Guard and Maritime Transportation."
            },
            "number": "5498",
            "policyArea": {
                "name": "Transportation and Public Works"
            },
            "title": "Noncontiguous Shipping Relief Act of 2019",
            "type": "HR",
            "url": "https://api.congress.gov/v3/bill/116/hr/5498?format=json"
        },
        {
            "congress": 116,
            "introducedDate": "2019-12-19",
            "latestAction": {
                "actionDate": "2019-12-20",
                "text": "Referred to the Subcommittee on Coast Guard and Maritime Transportation."
            },
            "number": "5499",
            "policyArea": {
                "name": "Transportation and Public Works"
            },
            "title": "Noncontiguous Shipping Reasonable Rate Act of 2019",
            "type": "HR",
            "url": "https://api.congress.gov/v3/bill/116/hr/5499?format=json"
        },
        {
            "amendmentNumber": "700",
            "congress": 116,
            "introducedDate": "2019-12-10",
            "latestAction": {
                "actionDate": "2019-12-10",
                "actionTime": "17:15:53",
                "text": "On agreeing to the Case amendments (A001) Agreed to by recorded vote: 249 - 166 (Roll no. 660). "
            },
            "type": null,
            "url": "https://api.congress.gov/v3/amendment/116/hamdt/700?format=json"
        },
        {
            "congress": 116,
            "introducedDate": "2019-11-21",
            "latestAction": {
                "actionDate": "2019-11-21",
                "text": "Referred to the Committee on the Budget, and in addition to the Committee on Rules, for a period to be subsequently determined by the Speaker, in each case for consideration of such provisions as fall within the jurisdiction of the committee concerned."
            },
            "number": "5211",
            "policyArea": {
                "name": "Economics and Public Finance"
            },
            "title": "Sustainable Budget Act of 2019",
            "type": "HR",
            "url": "https://api.congress.gov/v3/bill/116/hr/5211?format=json"
        },
        {
            "amendmentNumber": "671",
            "congress": 116,
            "introducedDate": "2019-11-14",
            "latestAction": {
                "actionDate": "2019-11-14",
                "actionTime": "16:32:41",
                "text": "On agreeing to the Case amendment (A007) Agreed to by voice vote. "
            },
            "type": null,
            "url": "https://api.congress.gov/v3/amendment/116/hamdt/671?format=json"
        },
        {
            "congress": 116,
            "introducedDate": "2019-10-08",
            "latestAction": {
                "actionDate": "2019-10-30",
                "text": "Sponsor introductory remarks on measure. (CR H8603)"
            },
            "number": "621",
            "policyArea": {
                "name": "Immigration"
            },
            "title": "Expressing support for the designation of the month of October 2019, as Filipino American History Month and celebrating the history and culture of Filipino Americans and their immense contributions to the United States.",
            "type": "HRES",
            "url": "https://api.congress.gov/v3/bill/116/hres/621?format=json"
        },
        {
            "congress": 116,
            "introducedDate": "2019-09-27",
            "latestAction": {
                "actionDate": "2019-09-27",
                "text": "Referred to the House Committee on Transportation and Infrastructure."
            },
            "number": "4547",
            "policyArea": {
                "name": "Transportation and Public Works"
            },
            "title": "Safe and Quiet Skies Act of 2019",
            "type": "HR",
            "url": "https://api.congress.gov/v3/bill/116/hr/4547?format=json"
        },
        {
            "congress": 116,
            "introducedDate": "2019-09-06",
            "latestAction": {
                "actionDate": "2019-09-09",
                "text": "Referred to the Subcommittee on Communications and Technology."
            },
            "number": "4232",
            "policyArea": {
                "name": "Science, Technology, Communications"
            },
            "title": "PLAN Act",
            "type": "HR",
            "url": "https://api.congress.gov/v3/bill/116/hr/4232?format=json"
        },
        {
            "amendmentNumber": "573",
            "congress": 116,
            "introducedDate": "2019-07-16",
            "latestAction": {
                "actionDate": "2019-07-16",
                "actionTime": "20:19:13",
                "text": "On agreeing to the Case amendment (A009) Agreed to by voice vote. "
            },
            "type": null,
            "url": "https://api.congress.gov/v3/amendment/116/hamdt/573?format=json"
        },
        {
            "congress": 116,
            "introducedDate": "2019-06-20",
            "latestAction": {
                "actionDate": "2019-07-01",
                "text": "Referred to the Subcommittee on Water, Oceans, and Wildlife."
            },
            "number": "3384",
            "policyArea": {
                "name": "Public Lands and Natural Resources"
            },
            "title": "Coral Reef Sustainability Through Innovation Act of 2019",
            "type": "HR",
            "url": "https://api.congress.gov/v3/bill/116/hr/3384?format=json"
        },
        {
            "amendmentNumber": "256",
            "congress": 116,
            "introducedDate": "2019-05-22",
            "latestAction": {
                "actionDate": "2019-05-22",
                "actionTime": "14:54:41",
                "text": "On agreeing to the Case amendment (A010) Agreed to by voice vote. "
            },
            "type": null,
            "url": "https://api.congress.gov/v3/amendment/116/hamdt/256?format=json"
        },
        {
            "congress": 116,
            "introducedDate": "2019-05-22",
            "latestAction": {
                "actionDate": "2019-06-26",
                "text": "Referred to the Subcommittee on Immigration and Citizenship."
            },
            "number": "2908",
            "policyArea": {
                "name": "Immigration"
            },
            "title": "Filipino Veterans Family Reunification Act of 2019",
            "type": "HR",
            "url": "https://api.congress.gov/v3/bill/116/hr/2908?format=json"
        },
        {
            "congress": 116,
            "introducedDate": "2019-05-07",
            "latestAction": {
                "actionDate": "2019-05-09",
                "text": "Sponsor introductory remarks on measure. (CR E564)"
            },
            "number": "2544",
            "policyArea": {
                "name": "Government Operations and Politics"
            },
            "title": "To amend title 31, United States Code, to clarify that, during a lapse in appropriations beginning on or after October 1, 2020, positions relating to providing services for paying or reimbursing Federal employees for official travel are excepted services under the Anti-Deficiency Act, and for other purposes.",
            "type": "HR",
            "url": "https://api.congress.gov/v3/bill/116/hr/2544?format=json"
        },
        {
            "amendmentNumber": "179",
            "congress": 116,
            "introducedDate": "2019-05-01",
            "latestAction": {
                "actionDate": "2019-05-01",
                "actionTime": "17:45:31",
                "text": "On agreeing to the Case amendment (A011) Agreed to by voice vote. "
            },
            "type": null,
            "url": "https://api.congress.gov/v3/amendment/116/hamdt/179?format=json"
        },
        {
            "congress": 116,
            "introducedDate": "2019-04-30",
            "latestAction": {
                "actionDate": "2019-09-18",
                "text": "Ordered to be Reported (Amended) by the Yeas and Nays: 21 - 14."
            },
            "number": "2406",
            "policyArea": {
                "name": "Science, Technology, Communications"
            },
            "title": "National Oceanic and Atmospheric Administration Commissioned Officer Corps Amendments Act of 2019",
            "type": "HR",
            "url": "https://api.congress.gov/v3/bill/116/hr/2406?format=json"
        },
        {
            "amendmentNumber": "96",
            "congress": 116,
            "introducedDate": "2019-03-07",
            "latestAction": {
                "actionDate": "2019-03-07",
                "actionTime": "18:34:50",
                "text": "On agreeing to the Case amendment (A043) Agreed to by voice vote. "
            },
            "type": null,
            "url": "https://api.congress.gov/v3/amendment/116/hamdt/96?format=json"
        },
        {
            "congress": 109,
            "introducedDate": "2006-09-27",
            "latestAction": {
                "actionDate": "2006-10-02",
                "text": "Executive Comment Requested from Interior."
            },
            "number": "6202",
            "policyArea": {
                "name": "Public Lands and Natural Resources"
            },
            "title": "Ka'u Coast Preservation Act",
            "type": "HR",
            "url": "https://api.congress.gov/v3/bill/109/hr/6202?format=json"
        },
        {
            "congress": 109,
            "introducedDate": "2006-04-27",
            "latestAction": {
                "actionDate": "2006-05-24",
                "text": "Referred to the Subcommittee on 21st Century Competitiveness."
            },
            "number": "5222",
            "policyArea": {
                "name": "Native Americans"
            },
            "title": "Native American Languages Amendments Act of 2006",
            "type": "HR",
            "url": "https://api.congress.gov/v3/bill/109/hr/5222?format=json"
        },
        {
            "congress": 109,
            "introducedDate": "2005-12-14",
            "latestAction": {
                "actionDate": "2006-09-28",
                "text": "Subcommittee Hearings Held."
            },
            "number": "4529",
            "policyArea": {
                "name": "Commemorations"
            },
            "title": "Kalaupapa Memorial Act of 2005",
            "type": "HR",
            "url": "https://api.congress.gov/v3/bill/109/hr/4529?format=json"
        },
        {
            "congress": 109,
            "introducedDate": "2005-07-28",
            "latestAction": {
                "actionDate": "2005-08-08",
                "text": "Referred to the Subcommittee on National Parks."
            },
            "number": "3539",
            "policyArea": {
                "name": "Public Lands and Natural Resources"
            },
            "title": "North Maui Coastal Preservation Act of 2005",
            "type": "HR",
            "url": "https://api.congress.gov/v3/bill/109/hr/3539?format=json"
        },
        {
            "congress": 109,
            "introducedDate": "2005-07-28",
            "latestAction": {
                "actionDate": "2005-08-08",
                "text": "Referred to the Subcommittee on National Parks."
            },
            "number": "3538",
            "policyArea": {
                "name": "Public Lands and Natural Resources"
            },
            "title": "South Maui Coastal Preservation Act of 2005",
            "type": "HR",
            "url": "https://api.congress.gov/v3/bill/109/hr/3538?format=json"
        },
        {
            "congress": 109,
            "introducedDate": "2005-07-28",
            "latestAction": {
                "actionDate": "2005-08-08",
                "text": "Referred to the Subcommittee on National Parks."
            },
            "number": "3537",
            "policyArea": {
                "name": "Public Lands and Natural Resources"
            },
            "title": "Hawai'i Volcanoes National Park Expansion Act of 2005",
            "type": "HR",
            "url": "https://api.congress.gov/v3/bill/109/hr/3537?format=json"
        },
        {
            "congress": 109,
            "introducedDate": "2005-07-28",
            "latestAction": {
                "actionDate": "2005-09-08",
                "text": "Executive Comment Requested from USDA."
            },
            "number": "3536",
            "policyArea": {
                "name": "Agriculture and Food"
            },
            "title": "To amend the Federal Crop Insurance Act to expand the Agricultural Management Assistance Program to include the State of Hawaii.",
            "type": "HR",
            "url": "https://api.congress.gov/v3/bill/109/hr/3536?format=json"
        },
        {
            "congress": 109,
            "introducedDate": "2005-07-28",
            "latestAction": {
                "actionDate": "2005-09-08",
                "text": "Executive Comment Requested from USDA."
            },
            "number": "3535",
            "policyArea": {
                "name": "Agriculture and Food"
            },
            "title": "To amend the Agricultural Marketing Act of 1946 to require country of origin labeling for macadamia nuts.",
            "type": "HR",
            "url": "https://api.congress.gov/v3/bill/109/hr/3535?format=json"
        },
        {
            "congress": 109,
            "introducedDate": "2005-07-27",
            "latestAction": {
                "actionDate": "2005-09-08",
                "text": "Executive Comment Requested from USDA."
            },
            "number": "3468",
            "policyArea": {
                "name": "Public Lands and Natural Resources"
            },
            "title": "Hawaii Invasive Species Prevention Act",
            "type": "HR",
            "url": "https://api.congress.gov/v3/bill/109/hr/3468?format=json"
        },
        {
            "congress": 109,
            "introducedDate": "2005-07-27",
            "latestAction": {
                "actionDate": "2005-09-13",
                "text": "Executive Comment Requested from USDA."
            },
            "number": "3467",
            "policyArea": {
                "name": "Agriculture and Food"
            },
            "title": "To amend the adjusted gross income limitation on participation in conservation programs administered by the Department of Agriculture to exempt producers operating in the State of Hawaii.",
            "type": "HR",
            "url": "https://api.congress.gov/v3/bill/109/hr/3467?format=json"
        },
        {
            "congress": 109,
            "introducedDate": "2005-07-27",
            "latestAction": {
                "actionDate": "2005-08-08",
                "text": "Referred to the Subcommittee on Fisheries and Oceans."
            },
            "number": "3469",
            "policyArea": {
                "name": "Public Lands and Natural Resources"
            },
            "title": "Coral Reef Conservation and Protection Act of 2005",
            "type": "HR",
            "url": "https://api.congress.gov/v3/bill/109/hr/3469?format=json"
        },
        {
            "congress": 109,
            "introducedDate": "2005-06-15",
            "latestAction": {
                "actionDate": "2005-07-29",
                "text": "Referred to the Subcommittee on Housing and Community Opportunity."
            },
            "number": "2912",
            "policyArea": {
                "name": "Native Americans"
            },
            "title": "To reauthorize provisions in the Native American Housing Assistance and Self-Determination Act of 1996 relating to Native Hawaiian low-income housing and Federal loan guarantees for Native Hawaiian housing.",
            "type": "HR",
            "url": "https://api.congress.gov/v3/bill/109/hr/2912?format=json"
        },
        {
            "congress": 109,
            "introducedDate": "2005-05-16",
            "latestAction": {
                "actionDate": "2005-05-20",
                "text": "Executive Comment Requested from Commerce."
            },
            "number": "2376",
            "policyArea": {
                "name": "Public Lands and Natural Resources"
            },
            "title": "Northwestern Hawaiian Islands National Marine Refuge Act of 2005",
            "type": "HR",
            "url": "https://api.congress.gov/v3/bill/109/hr/2376?format=json"
        },
        {
            "congress": 109,
            "introducedDate": "2005-02-17",
            "latestAction": {
                "actionDate": "2005-04-04",
                "text": "Referred to the Subcommittee on Immigration, Border Security, and Claims."
            },
            "number": "901",
            "policyArea": {
                "name": "Immigration"
            },
            "title": "To amend the Immigration and Nationality Act to give priority in the issuance of immigrant visas to the sons and daughters of Filipino World War II veterans who are or were naturalized citizens of the United States, and for other purposes.",
            "type": "HR",
            "url": "https://api.congress.gov/v3/bill/109/hr/901?format=json"
        },
        {
            "congress": 109,
            "introducedDate": "2005-02-17",
            "latestAction": {
                "actionDate": "2005-04-04",
                "text": "Referred to the Subcommittee on Immigration, Border Security, and Claims."
            },
            "number": "900",
            "policyArea": {
                "name": "Immigration"
            },
            "title": "Compassionate Visitor Visa Act",
            "type": "HR",
            "url": "https://api.congress.gov/v3/bill/109/hr/900?format=json"
        },
        {
            "congress": 109,
            "introducedDate": "2005-02-02",
            "latestAction": {
                "actionDate": "2005-04-04",
                "text": "Referred to the Subcommittee on Disability Assistance and Memorial Affairs."
            },
            "number": "531",
            "policyArea": {
                "name": "Armed Forces and National Security"
            },
            "title": "State Veterans Cemetery Fairness Act of 2005",
            "type": "HR",
            "url": "https://api.congress.gov/v3/bill/109/hr/531?format=json"
        },
        {
            "congress": 109,
            "introducedDate": "2005-07-26",
            "latestAction": {
                "actionDate": "2005-12-15",
                "text": "Message on Senate action sent to the House."
            },
            "number": "218",
            "policyArea": {
                "name": "Commemorations"
            },
            "title": "Recognizing the centennial of sustained immigration from the Philippines to the United States and acknowledging the contributions of our Filipino-American community to our country over the last century.",
            "type": "HCONRES",
            "url": "https://api.congress.gov/v3/bill/109/hconres/218?format=json"
        },
        {
            "congress": 108,
            "introducedDate": "2004-10-04",
            "latestAction": {
                "actionDate": "2004-11-08",
                "text": "Referred to the Subcommittee on National Parks, Recreation and Public Lands."
            },
            "number": "5205",
            "policyArea": {
                "name": "Public Lands and Natural Resources"
            },
            "title": "Hawai'i Volcanoes National Park Boundary Extension Act of 2004",
            "type": "HR",
            "url": "https://api.congress.gov/v3/bill/108/hr/5205?format=json"
        },
        {
            "congress": 108,
            "introducedDate": "2004-09-21",
            "latestAction": {
                "actionDate": "2004-10-12",
                "text": "Executive Comment Requested from USDA."
            },
            "number": "5106",
            "policyArea": {
                "name": "Agriculture and Food"
            },
            "title": "To amend the Federal Crop Insurance Act to expand the Agricultural Management Assistance Program to include the State of Hawaii.",
            "type": "HR",
            "url": "https://api.congress.gov/v3/bill/108/hr/5106?format=json"
        },
        {
            "congress": 108,
            "introducedDate": "2004-07-22",
            "latestAction": {
                "actionDate": "2004-08-03",
                "text": "Referred to the Subcommittee on Trade."
            },
            "number": "4928",
            "policyArea": {
                "name": "Public Lands and Natural Resources"
            },
            "title": "Coral Reef Conservation and Protection Act of 2004",
            "type": "HR",
            "url": "https://api.congress.gov/v3/bill/108/hr/4928?format=json"
        },
        {
            "congress": 108,
            "introducedDate": "2004-05-19",
            "latestAction": {
                "actionDate": "2004-06-01",
                "text": "Referred to the Subcommittee on National Parks, Recreation and Public Lands."
            },
            "number": "4393",
            "policyArea": {
                "name": "Public Lands and Natural Resources"
            },
            "title": "North Maui Coastal Preservation Act of 2004",
            "type": "HR",
            "url": "https://api.congress.gov/v3/bill/108/hr/4393?format=json"
        },
        {
            "congress": 108,
            "introducedDate": "2004-03-23",
            "latestAction": {
                "actionDate": "2004-04-02",
                "text": "Referred to the Subcommittee on Immigration, Border Security, and Claims."
            },
            "number": "4018",
            "policyArea": {
                "name": "Immigration"
            },
            "title": "To amend the Immigration and Nationality Act to assure that immigrants do not have to wait longer for an immigrant visa as a result of a reclassification from family second preference to family first preference because of the naturalization of a parent or spouse.",
            "type": "HR",
            "url": "https://api.congress.gov/v3/bill/108/hr/4018?format=json"
        },
        {
            "congress": 108,
            "introducedDate": "2003-12-08",
            "latestAction": {
                "actionDate": "2004-01-05",
                "text": "Referred to the Subcommittee on Readiness."
            },
            "number": "3653",
            "policyArea": {
                "name": "Government Operations and Politics"
            },
            "title": "Fairness to Local Contractors Act",
            "type": "HR",
            "url": "https://api.congress.gov/v3/bill/108/hr/3653?format=json"
        },
        {
            "congress": 108,
            "introducedDate": "2003-11-21",
            "latestAction": {
                "actionDate": "2004-03-24",
                "text": "Sponsor introductory remarks on measure. (CR E447-448)"
            },
            "number": "3587",
            "policyArea": {
                "name": "Immigration"
            },
            "title": "To amend the Immigration and Nationality Act to give priority in the issuance of immigrant visas to the sons and daughters of Filipino World War II veterans who are or were naturalized citizens of the United States, and for other purposes.",
            "type": "HR",
            "url": "https://api.congress.gov/v3/bill/108/hr/3587?format=json"
        },
        {
            "congress": 108,
            "introducedDate": "2003-11-20",
            "latestAction": {
                "actionDate": "2003-11-20",
                "text": "Referred to the House Committee on Resources."
            },
            "number": "3544",
            "policyArea": {
                "name": "Public Lands and Natural Resources"
            },
            "title": "South Maui Coastal Preservation Act of 2003",
            "type": "HR",
            "url": "https://api.congress.gov/v3/bill/108/hr/3544?format=json"
        },
        {
            "congress": 108,
            "introducedDate": "2003-10-16",
            "latestAction": {
                "actionDate": "2004-03-24",
                "text": "Sponsor introductory remarks on measure. (CR E448)"
            },
            "number": "3306",
            "policyArea": {
                "name": "Immigration"
            },
            "title": "Compassionate Visitor Visa Act",
            "type": "HR",
            "url": "https://api.congress.gov/v3/bill/108/hr/3306?format=json"
        },
        {
            "congress": 108,
            "introducedDate": "2003-07-24",
            "latestAction": {
                "actionDate": "2003-07-25",
                "text": "Referred to the Subcommittee on Coast Guard and Maritime Transportation."
            },
            "number": "2846",
            "policyArea": {
                "name": "Transportation and Public Works"
            },
            "title": "Hawaii Shipping Open Market Act of 2003",
            "type": "HR",
            "url": "https://api.congress.gov/v3/bill/108/hr/2846?format=json"
        },
        {
            "congress": 108,
            "introducedDate": "2003-07-24",
            "latestAction": {
                "actionDate": "2003-07-25",
                "text": "Referred to the Subcommittee on Coast Guard and Maritime Transportation."
            },
            "number": "2847",
            "policyArea": {
                "name": "Transportation and Public Works"
            },
            "title": "Hawaii Agriculture/Livestock Shipping Open Market Act of 2003",
            "type": "HR",
            "url": "https://api.congress.gov/v3/bill/108/hr/2847?format=json"
        },
        {
            "congress": 108,
            "introducedDate": "2003-07-24",
            "latestAction": {
                "actionDate": "2003-07-25",
                "text": "Referred to the Subcommittee on Coast Guard and Maritime Transportation."
            },
            "number": "2845",
            "policyArea": {
                "name": "Transportation and Public Works"
            },
            "title": "United States Noncontiguous Shipping Open Market Act of 2003",
            "type": "HR",
            "url": "https://api.congress.gov/v3/bill/108/hr/2845?format=json"
        },
        {
            "congress": 108,
            "introducedDate": "2003-07-21",
            "latestAction": {
                "actionDate": "2003-08-04",
                "text": "Referred to the Subcommittee on Housing and Community Opportunity."
            },
            "number": "2805",
            "policyArea": {
                "name": "Housing and Community Development"
            },
            "title": "To allow the counties of Hawaii, Maui, and Kauai to distribute grant funds received under section 106(d) of the Housing and Community Development Act of 1974, and for other purposes.",
            "type": "HR",
            "url": "https://api.congress.gov/v3/bill/108/hr/2805?format=json"
        },
        {
            "congress": 108,
            "introducedDate": "2003-06-26",
            "latestAction": {
                "actionDate": "2004-12-23",
                "text": "Became Public Law No: 108-481."
            },
            "number": "2619",
            "policyArea": {
                "name": "Public Lands and Natural Resources"
            },
            "title": "Kilauea Point National Wildlife Refuge Expansion Act of 2004",
            "type": "HR",
            "url": "https://api.congress.gov/v3/bill/108/hr/2619?format=json"
        },
        {
            "congress": 108,
            "introducedDate": "2003-06-26",
            "latestAction": {
                "actionDate": "2003-06-26",
                "text": "Referred to the House Committee on Small Business."
            },
            "number": "2607",
            "policyArea": {
                "name": "Commerce"
            },
            "title": "Small Business Federal Contractor Safeguard Act",
            "type": "HR",
            "url": "https://api.congress.gov/v3/bill/108/hr/2607?format=json"
        },
        {
            "congress": 108,
            "introducedDate": "2003-06-05",
            "latestAction": {
                "actionDate": "2003-06-30",
                "text": "Referred to the Subcommittee on 21st Century Competitiveness."
            },
            "number": "2362",
            "policyArea": {
                "name": "Native Americans"
            },
            "title": "Native American Languages Act Amendments of 2003",
            "type": "HR",
            "url": "https://api.congress.gov/v3/bill/108/hr/2362?format=json"
        },
        {
            "congress": 108,
            "introducedDate": "2003-06-05",
            "latestAction": {
                "actionDate": "2003-06-19",
                "text": "Referred to the Subcommittee on Benefits."
            },
            "number": "2354",
            "policyArea": {
                "name": "Armed Forces and National Security"
            },
            "title": "State Veterans Cemetery Fairness Act of 2003",
            "type": "HR",
            "url": "https://api.congress.gov/v3/bill/108/hr/2354?format=json"
        },
        {
            "congress": 108,
            "introducedDate": "2003-05-22",
            "latestAction": {
                "actionDate": "2003-06-02",
                "text": "Referred to the Subcommittee on Health."
            },
            "number": "2226",
            "policyArea": {
                "name": "Health"
            },
            "title": "To amend title XVIII of the Social Security Act to permit reasonable cost reimbursement for emergency room services provided by Federally qualified health centers.",
            "type": "HR",
            "url": "https://api.congress.gov/v3/bill/108/hr/2226?format=json"
        },
        {
            "congress": 108,
            "introducedDate": "2003-05-08",
            "latestAction": {
                "actionDate": "2003-07-14",
                "text": "Became Public Law No: 108-57."
            },
            "number": "2030",
            "policyArea": {
                "name": "Commemorations"
            },
            "title": "To designate the facility of the United States Postal Service located at 120 Baldwin Avenue in Paia, Maui, Hawaii, as the \"Patsy Takemoto Mink Post Office Building\".",
            "type": "HR",
            "url": "https://api.congress.gov/v3/bill/108/hr/2030?format=json"
        },
        {
            "congress": 108,
            "introducedDate": "2003-02-05",
            "latestAction": {
                "actionDate": "2003-09-23",
                "text": "Forwarded by Subcommittee to Full Committee by Voice Vote."
            },
            "number": "546",
            "policyArea": {
                "name": "Public Lands and Natural Resources"
            },
            "title": "Kaloko-Honokohau National Historical Park Addition Act of 2003",
            "type": "HR",
            "url": "https://api.congress.gov/v3/bill/108/hr/546?format=json"
        }
    ]
}