{
    "pagination": {
        "count": 167
    },
    "request": {
        "bioguideId": "t000457",
        "contentType": "application/json",
        "format": "json"
    },
    "sponsoredLegislation": [
        {
            "congress": 107,
            "introducedDate": "2001-12-12",
            "latestAction": {
                "actionDate": "2002-05-16",
                "text": "Placed on Senate Legislative Calendar under General Orders. Calendar No. 378."
            },
            "number": "1811",
            "policyArea": {
                "name": "Government Operations and Politics"
            },
            "title": "Presidential Appointments Improvement Act of 2002",
            "type": "S",
            "url": "https://api.congress.gov/v3/bill/107/s/1811?format=json"
        },
        {
            "amendmentNumber": "4905",
            "congress": 107,
            "introducedDate": "2002-11-13",
            "latestAction": {
                "actionDate": "2002-11-13",
                "text": "Amendment SA 4905 agreed to in Senate by Unanimous Consent. "
            },
            "type": null,
            "url": "https://api.congress.gov/v3/amendment/107/samdt/4905?format=json"
        },
        {
            "amendmentNumber": "4893",
            "congress": 107,
            "introducedDate": "2002-10-17",
            "latestAction": {
                "actionDate": "2002-10-17",
                "text": "Amendment SA 4893 agreed to in Senate by Unanimous Consent. "
            },
            "type": null,
            "url": "https://api.congress.gov/v3/amendment/107/samdt/4893?format=json"
        },
        {
            "amendmentNumber": "4513",
            "congress": 107,
            "introducedDate": "2002-09-09",
            "latestAction": {
                "actionDate": "2002-09-17",
                "text": "Amendment SA 4513 agreed to in Senate by Voice Vote. "
            },
            "type": null,
            "url": "https://api.congress.gov/v3/amendment/107/samdt/4513?format=json"
        },
        {
            "amendmentNumber": "4427",
            "congress": 107,
            "introducedDate": "2002-07-31",
            "latestAction": {
                "actionDate": "2002-07-31",
                "text": "Amendment SA 4427 agreed to in Senate by Voice Vote. "
            },
            "type": null,
            "url": "https://api.congress.gov/v3/amendment/107/samdt/4427?format=json"
        },
        {
            "amendmentNumber": "4396",
            "congress": 107,
            "introducedDate": "2002-07-31",
            "latestAction": null,
            "type": null,
            "url": "https://api.congress.gov/v3/amendment/107/samdt/4396?format=json"
        },
        {
            "amendmentNumber": "4161",
            "congress": 107,
            "introducedDate": "2002-06-26",
            "latestAction": {
                "actionDate": "2002-06-26",
                "text": "Amendment SA 4161 agreed to in Senate by Unanimous Consent. "
            },
            "type": null,
            "url": "https://api.congress.gov/v3/amendment/107/samdt/4161?format=json"
        },
        {
            "amendmentNumber": "4055",
            "congress": 107,
            "introducedDate": "2002-06-26",
            "latestAction": null,
            "type": null,
            "url": "https://api.congress.gov/v3/amendment/107/samdt/4055?format=json"
        },
        {
            "amendmentNumber": "4047",
            "congress": 107,
            "introducedDate": "2002-06-26",
            "latestAction": null,
            "type": null,
            "url": "https://api.congress.gov/v3/amendment/107/samdt/4047?format=json"
        },
        {
            "amendmentNumber": "3965",
            "congress": 107,
            "introducedDate": "2002-06-21",
            "latestAction": null,
            "type": null,
            "url": "https://api.congress.gov/v3/amendment/107/samdt/3965?format=json"
        },
        {
            "amendmentNumber": "3611",
            "congress": 107,
            "introducedDate": "2002-06-05",
            "latestAction": null,
            "type": null,
            "url": "https://api.congress.gov/v3/amendment/107/samdt/3611?format=json"
        },
        {
            "amendmentNumber": "3410",
            "congress": 107,
            "introducedDate": "2002-05-14",
            "latestAction": null,
            "type": null,
            "url": "https://api.congress.gov/v3/amendment/107/samdt/3410?format=json"
        },
        {
            "amendmentNumber": "3327",
            "congress": 107,
            "introducedDate": "2002-04-23",
            "latestAction": {
                "actionDate": "2002-04-23",
                "text": "Amendment SA 3327 agreed to in Senate by Unanimous Consent. "
            },
            "type": null,
            "url": "https://api.congress.gov/v3/amendment/107/samdt/3327?format=json"
        },
        {
            "amendmentNumber": "3328",
            "congress": 107,
            "introducedDate": "2002-04-23",
            "latestAction": {
                "actionDate": "2002-04-23",
                "text": "Amendment SA 3328 agreed to in Senate by Unanimous Consent. "
            },
            "type": null,
            "url": "https://api.congress.gov/v3/amendment/107/samdt/3328?format=json"
        },
        {
            "amendmentNumber": "2400",
            "congress": 107,
            "introducedDate": "2001-12-07",
            "latestAction": {
                "actionDate": "2001-12-07",
                "text": "Amendment SA 2400 agreed to in Senate by Voice Vote. "
            },
            "type": null,
            "url": "https://api.congress.gov/v3/amendment/107/samdt/2400?format=json"
        },
        {
            "amendmentNumber": "2309",
            "congress": 107,
            "introducedDate": "2001-12-06",
            "latestAction": null,
            "type": null,
            "url": "https://api.congress.gov/v3/amendment/107/samdt/2309?format=json"
        },
        {
            "amendmentNumber": "1878",
            "congress": 107,
            "introducedDate": "2001-10-11",
            "latestAction": {
                "actionDate": "2001-10-11",
                "text": "Amendment SA 1878 agreed to in Senate by Voice Vote. "
            },
            "type": null,
            "url": "https://api.congress.gov/v3/amendment/107/samdt/1878?format=json"
        },
        {
            "amendmentNumber": "1845",
            "congress": 107,
            "introducedDate": "2001-10-03",
            "latestAction": null,
            "type": null,
            "url": "https://api.congress.gov/v3/amendment/107/samdt/1845?format=json"
        },
        {
            "amendmentNumber": "1527",
            "congress": 107,
            "introducedDate": "2001-09-06",
            "latestAction": {
                "actionDate": "2001-09-06",
                "text": "Amendment SA 1527 agreed to in Senate by Voice Vote. "
            },
            "type": null,
            "url": "https://api.congress.gov/v3/amendment/107/samdt/1527?format=json"
        },
        {
            "amendmentNumber": "1481",
            "congress": 107,
            "introducedDate": "2001-09-04",
            "latestAction": {
                "actionDate": "2001-09-04",
                "text": "Motion to table amendment SA 1481 agreed to in Senate by Yea-Nay Vote. 74 - 19. Record Vote Number: 274. "
            },
            "type": null,
            "url": "https://api.congress.gov/v3/amendment/107/samdt/1481?format=json"
        },
        {
            "amendmentNumber": "853",
            "congress": 107,
            "introducedDate": "2001-06-29",
            "latestAction": {
                "actionDate": "2001-06-29",
                "text": "Amendment SA 853 agreed to in Senate by Voice Vote. "
            },
            "type": null,
            "url": "https://api.congress.gov/v3/amendment/107/samdt/853?format=json"
        },
        {
            "amendmentNumber": "819",
            "congress": 107,
            "introducedDate": "2001-06-27",
            "latestAction": {
                "actionDate": "2001-06-29",
                "text": "Amendment SA 819 as modified agreed to in Senate by Yea-Nay Vote. 98 - 0. Record Vote Number: 213. (text as modified: CR S7132"
            },
            "type": null,
            "url": "https://api.congress.gov/v3/amendment/107/samdt/819?format=json"
        },
        {
            "amendmentNumber": "264",
            "congress": 107,
            "introducedDate": "2001-04-05",
            "latestAction": null,
            "type": null,
            "url": "https://api.congress.gov/v3/amendment/107/samdt/264?format=json"
        },
        {
            "amendmentNumber": "163",
            "congress": 107,
            "introducedDate": "2001-03-29",
            "latestAction": {
                "actionDate": "2001-03-29",
                "text": "Amendment SA 163 agreed to in Senate by Voice Vote. "
            },
            "type": null,
            "url": "https://api.congress.gov/v3/amendment/107/samdt/163?format=json"
        },
        {
            "amendmentNumber": "149",
            "congress": 107,
            "introducedDate": "2001-03-27",
            "latestAction": {
                "actionDate": "2001-03-28",
                "text": "Amendment SA 149 as modified agreed to in Senate by Yea-Nay Vote. 84 - 16. Record Vote Number: 55. (text as modified: CR S3028)"
            },
            "type": null,
            "url": "https://api.congress.gov/v3/amendment/107/samdt/149?format=json"
        },
        {
            "amendmentNumber": "116",
            "congress": 107,
            "introducedDate": "2001-03-20",
            "latestAction": null,
            "type": null,
            "url": "https://api.congress.gov/v3/amendment/107/samdt/116?format=json"
        },
        {
            "congress": 107,
            "introducedDate": "2002-10-07",
            "latestAction": {
                "actionDate": "2002-11-14",
                "text": "Referred to the House Committee on Government Reform."
            },
            "number": "3067",
            "policyArea": {
                "name": "Government Operations and Politics"
            },
            "title": "A bill to amend title 44, United States Code, to extend certain Government information security reform for one year, and for other purposes.",
            "type": "S",
            "url": "https://api.congress.gov/v3/bill/107/s/3067?format=json"
        },
        {
            "congress": 107,
            "introducedDate": "2002-09-12",
            "latestAction": {
                "actionDate": "2002-09-12",
                "text": "Read twice and referred to the Committee on Finance."
            },
            "number": "2925",
            "policyArea": {
                "name": "Foreign Trade and International Finance"
            },
            "title": "A bill to provide that certain ceiling fans enter duty-free and without any quantitative limitations if the competitive need limitation had been waived with respect to the fans.",
            "type": "S",
            "url": "https://api.congress.gov/v3/bill/107/s/2925?format=json"
        },
        {
            "congress": 107,
            "introducedDate": "2002-06-26",
            "latestAction": {
                "actionDate": "2002-06-26",
                "text": "Read twice and referred to the Committee on Finance."
            },
            "number": "2682",
            "policyArea": {
                "name": "Private Legislation"
            },
            "title": "A bill to provide for reliquidation and payment of antidumping duties on certain entries of televisions.",
            "type": "S",
            "url": "https://api.congress.gov/v3/bill/107/s/2682?format=json"
        },
        {
            "congress": 107,
            "introducedDate": "2002-05-16",
            "latestAction": {
                "actionDate": "2002-11-12",
                "text": "Referred to the Subcommittee on Crime, Terrorism, and Homeland Security."
            },
            "number": "2530",
            "policyArea": {
                "name": "Government Operations and Politics"
            },
            "title": "A bill to amend the Inspector General Act of 1978 (5 U.S.C. App.) to establish police powers for certain Inspector General agents engaged in official duties and provide an oversight mechanism for the exercise of those powers.",
            "type": "S",
            "url": "https://api.congress.gov/v3/bill/107/s/2530?format=json"
        },
        {
            "congress": 107,
            "introducedDate": "2001-12-06",
            "latestAction": {
                "actionDate": "2001-12-06",
                "text": "Read twice and referred to the Committee on Governmental Affairs."
            },
            "number": "1780",
            "policyArea": {
                "name": "Government Operations and Politics"
            },
            "title": "Federal Emergency Procurement Flexibility Act of 2001",
            "type": "S",
            "url": "https://api.congress.gov/v3/bill/107/s/1780?format=json"
        },
        {
            "congress": 107,
            "introducedDate": "2001-11-28",
            "latestAction": {
                "actionDate": "2001-11-28",
                "text": "Read twice and referred to the Committee on Finance."
            },
            "number": "1736",
            "policyArea": {
                "name": "Health"
            },
            "title": "A bill to provide for the reclassification of certain counties for purposes of reimbursement under the medicare program.",
            "type": "S",
            "url": "https://api.congress.gov/v3/bill/107/s/1736?format=json"
        },
        {
            "congress": 107,
            "introducedDate": "2001-11-01",
            "latestAction": {
                "actionDate": "2002-03-19",
                "text": "Committee on Governmental Affairs Subcommittee on International Security, Proliferation and Federal Services. Hearings held."
            },
            "number": "1612",
            "policyArea": {
                "name": "Government Operations and Politics"
            },
            "title": "Managerial Flexibility Act of 2001",
            "type": "S",
            "url": "https://api.congress.gov/v3/bill/107/s/1612?format=json"
        },
        {
            "congress": 107,
            "introducedDate": "2001-11-01",
            "latestAction": {
                "actionDate": "2001-11-01",
                "text": "Read twice and referred to the Committee on Governmental Affairs."
            },
            "number": "1613",
            "policyArea": {
                "name": "Government Operations and Politics"
            },
            "title": "Freedom to Manage Act of 2001",
            "type": "S",
            "url": "https://api.congress.gov/v3/bill/107/s/1613?format=json"
        },
        {
            "congress": 107,
            "introducedDate": "2001-06-28",
            "latestAction": {
                "actionDate": "2001-06-28",
                "text": "Read twice and referred to the Committee on Finance."
            },
            "number": "1124",
            "policyArea": {
                "name": "Foreign Trade and International Finance"
            },
            "title": "A bill to amend section 13031 of the Consolidated Omnibus Budget Reconciliation Act of 1985 to provide for a user fee to cover the cost of customs inspections at express courier facilities.",
            "type": "S",
            "url": "https://api.congress.gov/v3/bill/107/s/1124?format=json"
        },
        {
            "congress": 107,
            "introducedDate": "2001-06-25",
            "latestAction": {
                "actionDate": "2001-11-05",
                "text": "Referred to the Subcommittee on National Parks, Recreation and Public Lands."
            },
            "number": "1097",
            "policyArea": {
                "name": "Public Lands and Natural Resources"
            },
            "title": "A bill to authorize the Secretary of the Interior to issue right-of-way permits for natural gas pipelines within the boundary of the Great Smoky Mountains National Park.",
            "type": "S",
            "url": "https://api.congress.gov/v3/bill/107/s/1097?format=json"
        },
        {
            "congress": 107,
            "introducedDate": "2001-06-25",
            "latestAction": {
                "actionDate": "2001-06-25",
                "text": "Read twice and referred to the Committee on Veterans' Affairs."
            },
            "number": "1095",
            "policyArea": {
                "name": "Armed Forces and National Security"
            },
            "title": "Veterans' Educational Assistance Restoration Act of 2001",
            "type": "S",
            "url": "https://api.congress.gov/v3/bill/107/s/1095?format=json"
        },
        {
            "congress": 107,
            "introducedDate": "2001-05-09",
            "latestAction": {
                "actionDate": "2001-05-09",
                "text": "Read twice and referred to the Committee on Governmental Affairs. (text of measure as introduced:  CR S4605-4606)"
            },
            "number": "851",
            "policyArea": {
                "name": "Government Operations and Politics"
            },
            "title": "Citizens' Privacy Commission Act of 2001",
            "type": "S",
            "url": "https://api.congress.gov/v3/bill/107/s/851?format=json"
        },
        {
            "congress": 107,
            "introducedDate": "2001-04-26",
            "latestAction": {
                "actionDate": "2001-04-26",
                "text": "Read twice and referred to the Committee on Finance."
            },
            "number": "794",
            "policyArea": {
                "name": "Taxation"
            },
            "title": "Rural Electric Tax Equity Act",
            "type": "S",
            "url": "https://api.congress.gov/v3/bill/107/s/794?format=json"
        },
        {
            "congress": 107,
            "introducedDate": "2001-04-26",
            "latestAction": {
                "actionDate": "2001-04-26",
                "text": "Read twice and referred to the Committee on Finance."
            },
            "number": "795",
            "policyArea": {
                "name": "Taxation"
            },
            "title": "A bill to amend the Internal Revenue Code of 1986 to permit the consolidation of life insurance companies with other companies.",
            "type": "S",
            "url": "https://api.congress.gov/v3/bill/107/s/795?format=json"
        },
        {
            "congress": 107,
            "introducedDate": "2001-04-06",
            "latestAction": {
                "actionDate": "2001-04-06",
                "text": "Read twice and referred to the Committee on Finance."
            },
            "number": "732",
            "policyArea": {
                "name": "Taxation"
            },
            "title": "A bill to amend the Internal Revenue Code of 1986 to reduce the depreciation recovery period for certain restaurant buildings, and for other purposes.",
            "type": "S",
            "url": "https://api.congress.gov/v3/bill/107/s/732?format=json"
        },
        {
            "congress": 107,
            "introducedDate": "2001-03-29",
            "latestAction": {
                "actionDate": "2001-03-29",
                "text": "Read twice and referred to the Committee on Finance."
            },
            "number": "661",
            "policyArea": {
                "name": "Taxation"
            },
            "title": "Transportation Tax Equity and Fairness Act",
            "type": "S",
            "url": "https://api.congress.gov/v3/bill/107/s/661?format=json"
        },
        {
            "congress": 107,
            "introducedDate": "2001-03-28",
            "latestAction": {
                "actionDate": "2001-03-28",
                "text": "Read twice and referred to the Committee on Finance."
            },
            "number": "640",
            "policyArea": {
                "name": "Taxation"
            },
            "title": "A bill to amend the Internal Revenue Code of 1986 to include wireless telecommunications equipment in the definition of qualified technological equipment for purposes of determining the depreciation treatment of such equipment.",
            "type": "S",
            "url": "https://api.congress.gov/v3/bill/107/s/640?format=json"
        },
        {
            "congress": 107,
            "introducedDate": "2001-03-22",
            "latestAction": {
                "actionDate": "2001-03-22",
                "text": "Read twice and referred to the Committee on Rules and Administration. (text of measure as introduced: CR S2774-2775)"
            },
            "number": "600",
            "policyArea": {
                "name": "Government Operations and Politics"
            },
            "title": "A bill to amend the Federal Election Campaign Act of 1971 to enhance criminal penalties for election law violations, to clarify current provisions of law regarding donations from foreign nationals, and for other purposes.",
            "type": "S",
            "url": "https://api.congress.gov/v3/bill/107/s/600?format=json"
        },
        {
            "congress": 107,
            "introducedDate": "2001-03-08",
            "latestAction": {
                "actionDate": "2001-03-08",
                "text": "Read twice and referred to the Committee on Finance."
            },
            "number": "492",
            "policyArea": {
                "name": "Taxation"
            },
            "title": "A bill to amend the Internal Revenue Code of 1986 to repeal the alternative minimum tax on individuals.",
            "type": "S",
            "url": "https://api.congress.gov/v3/bill/107/s/492?format=json"
        },
        {
            "congress": 107,
            "introducedDate": "2001-02-08",
            "latestAction": {
                "actionDate": "2001-02-08",
                "text": "Read twice and referred to the Committee on Finance."
            },
            "number": "291",
            "policyArea": {
                "name": "Taxation"
            },
            "title": "AMT and Tax Deduction Fairness Act of 2001",
            "type": "S",
            "url": "https://api.congress.gov/v3/bill/107/s/291?format=json"
        },
        {
            "congress": 107,
            "introducedDate": "2001-03-08",
            "latestAction": {
                "actionDate": "2001-03-08",
                "text": "Referred to the Committee on Rules and Administration."
            },
            "number": "51",
            "policyArea": {
                "name": "Congress"
            },
            "title": "An original resolution authorizing expenditures by the Committee on Governmental Affairs.",
            "type": "SRES",
            "url": "https://api.congress.gov/v3/bill/107/sres/51?format=json"
        },
        {
            "congress": 107,
            "introducedDate": "2001-04-04",
            "latestAction": {
                "actionDate": "2001-04-04",
                "text": "Referred to the Committee on the Judiciary. (text of measure as introduced: CR S3453)"
            },
            "number": "31",
            "policyArea": {
                "name": "Commemorations"
            },
            "title": "Concurrent resolution commending Clear Channel Communications and the American Football Coaches Association for their dedication and efforts for protecting children by providing a vital means for locating the Nation's missing, kidnapped, and runaway children.",
            "type": "SCONRES",
            "url": "https://api.congress.gov/v3/bill/107/sconres/31?format=json"
        },
        {
            "amendmentNumber": "4279",
            "congress": 106,
            "introducedDate": "2000-09-28",
            "latestAction": {
                "actionDate": "2000-09-28",
                "text": "Amendment SA 4279 agreed to in Senate by Unanimous Consent. "
            },
            "type": null,
            "url": "https://api.congress.gov/v3/amendment/106/samdt/4279?format=json"
        },
        {
            "amendmentNumber": "4132",
            "congress": 106,
            "introducedDate": "2000-09-11",
            "latestAction": {
                "actionDate": "2000-09-13",
                "text": "Motion to table amendment SA 4132 agreed to in Senate by Yea-Nay Vote. 65 - 32. Record Vote Number: 242. "
            },
            "type": null,
            "url": "https://api.congress.gov/v3/amendment/106/samdt/4132?format=json"
        },
        {
            "amendmentNumber": "3472",
            "congress": 106,
            "introducedDate": "2000-06-19",
            "latestAction": {
                "actionDate": "2000-06-19",
                "text": "Amendment SA 3472 agreed to in Senate by Voice Vote. "
            },
            "type": null,
            "url": "https://api.congress.gov/v3/amendment/106/samdt/3472?format=json"
        },
        {
            "amendmentNumber": "3392",
            "congress": 106,
            "introducedDate": "2000-06-14",
            "latestAction": {
                "actionDate": "2000-06-14",
                "text": "Amendment SA 3392 agreed to in Senate by Voice Vote. (text: CR S5073-5075)"
            },
            "type": null,
            "url": "https://api.congress.gov/v3/amendment/106/samdt/3392?format=json"
        },
        {
            "amendmentNumber": "3290",
            "congress": 106,
            "introducedDate": "2000-06-12",
            "latestAction": {
                "actionDate": "2000-06-13",
                "text": "Amendment SA 3290 as modified agreed to in Senate by Voice Vote. (text: CR S5007-5008)"
            },
            "type": null,
            "url": "https://api.congress.gov/v3/amendment/106/samdt/3290?format=json"
        },
        {
            "amendmentNumber": "3250",
            "congress": 106,
            "introducedDate": "2000-06-08",
            "latestAction": {
                "actionDate": "2000-07-11",
                "text": "Amendment SA 3250, previously agreed to, was modified. (consideration: CR S6450)"
            },
            "type": null,
            "url": "https://api.congress.gov/v3/amendment/106/samdt/3250?format=json"
        },
        {
            "amendmentNumber": "2317",
            "congress": 106,
            "introducedDate": "1999-10-19",
            "latestAction": {
                "actionDate": "1999-10-19",
                "text": "Amendment SP 2317 agreed to in Senate by Unanimous Consent. "
            },
            "type": null,
            "url": "https://api.congress.gov/v3/amendment/106/samdt/2317?format=json"
        },
        {
            "amendmentNumber": "2292",
            "congress": 106,
            "introducedDate": "1999-10-13",
            "latestAction": null,
            "type": null,
            "url": "https://api.congress.gov/v3/amendment/106/samdt/2292?format=json"
        },
        {
            "amendmentNumber": "2290",
            "congress": 106,
            "introducedDate": "1999-10-08",
            "latestAction": {
                "actionDate": "1999-10-08",
                "text": "Amendment SP 2290 agreed to in Senate by Unanimous Consent. "
            },
            "type": null,
            "url": "https://api.congress.gov/v3/amendment/106/samdt/2290?format=json"
        },
        {
            "amendmentNumber": "428",
            "congress": 106,
            "introducedDate": "1999-05-27",
            "latestAction": {
                "actionDate": "1999-05-27",
                "text": "Amendment SP 428 as modified agreed to in Senate by Voice Vote. "
            },
            "type": null,
            "url": "https://api.congress.gov/v3/amendment/106/samdt/428?format=json"
        },
        {
            "amendmentNumber": "249",
            "congress": 106,
            "introducedDate": "1999-03-25",
            "latestAction": {
                "actionDate": "1999-03-25",
                "text": "Amendment SP 249 agreed to in Senate by Unanimous Consent. "
            },
            "type": null,
            "url": "https://api.congress.gov/v3/amendment/106/samdt/249?format=json"
        },
        {
            "congress": 106,
            "introducedDate": "2000-10-12",
            "latestAction": {
                "actionDate": "2000-10-12",
                "text": "Read twice and referred to the Committee on Finance."
            },
            "number": "3199",
            "policyArea": {
                "name": "Foreign Trade and International Finance"
            },
            "title": "A bill to amend section 13031 of the Consolidated Omnibus Budget Reconciliation Act of 1985 to provide for a user fee to cover the cost of customs inspections at express courier facilities.",
            "type": "S",
            "url": "https://api.congress.gov/v3/bill/106/s/3199?format=json"
        },
        {
            "congress": 106,
            "introducedDate": "2000-10-02",
            "latestAction": {
                "actionDate": "2000-10-03",
                "text": "By Senator Thompson from Committee on Governmental Affairs filed written report. Report No. 106-470."
            },
            "number": "3144",
            "policyArea": {
                "name": "Government Operations and Politics"
            },
            "title": "An original bill to amend the Inspector General Act of 1978 (5 U.S.C. App.) to establish police powers for certain Inspector General agents engaged in official duties and provide an oversight mechanism for the exercise of those powers",
            "type": "S",
            "url": "https://api.congress.gov/v3/bill/106/s/3144?format=json"
        },
        {
            "congress": 106,
            "introducedDate": "2000-09-13",
            "latestAction": {
                "actionDate": "2000-09-13",
                "text": "Read twice and referred to the Committee on Governmental Affairs. (text of measure as introduced: CR S8502-8504)"
            },
            "number": "3040",
            "policyArea": {
                "name": "Civil Rights and Liberties, Minority Issues"
            },
            "title": "Privacy Commission Act",
            "type": "S",
            "url": "https://api.congress.gov/v3/bill/106/s/3040?format=json"
        },
        {
            "congress": 106,
            "introducedDate": "2000-09-12",
            "latestAction": {
                "actionDate": "2000-10-12",
                "text": "Placed on Senate Legislative Calendar under General Orders. Calendar No. 950."
            },
            "number": "3030",
            "policyArea": {
                "name": "Government Operations and Politics"
            },
            "title": "A bill to amend title 31, United States Code, to provide for executive agencies to conduct annual recovery audits and recovery activities, and for other purposes.",
            "type": "S",
            "url": "https://api.congress.gov/v3/bill/106/s/3030?format=json"
        },
        {
            "congress": 106,
            "introducedDate": "2000-06-28",
            "latestAction": {
                "actionDate": "2000-06-28",
                "text": "Read twice and referred to the Committee on Governmental Affairs. (text of measure as introduced: CR S6016-6020)"
            },
            "number": "2805",
            "policyArea": {
                "name": "Government Operations and Politics"
            },
            "title": "Federal Property Asset Management Reform Act of 2000",
            "type": "S",
            "url": "https://api.congress.gov/v3/bill/106/s/2805?format=json"
        },
        {
            "congress": 106,
            "introducedDate": "2000-06-19",
            "latestAction": {
                "actionDate": "2000-06-20",
                "text": "Read the second time. Placed on Senate Legislative Calendar under General Orders. Calendar No. 610."
            },
            "number": "2752",
            "policyArea": {
                "name": "International Affairs"
            },
            "title": "Accountability to Congress for Nuclear Transfers to North Korea Act of 2000",
            "type": "S",
            "url": "https://api.congress.gov/v3/bill/106/s/2752?format=json"
        },
        {
            "congress": 106,
            "introducedDate": "2000-06-09",
            "latestAction": {
                "actionDate": "2000-06-09",
                "text": "Read twice and referred to the Committee on the Judiciary."
            },
            "number": "2710",
            "policyArea": {
                "name": "Crime and Law Enforcement"
            },
            "title": "International Parental Kidnapping Grandparents' Right Act of 2000",
            "type": "S",
            "url": "https://api.congress.gov/v3/bill/106/s/2710?format=json"
        },
        {
            "congress": 106,
            "introducedDate": "2000-06-12",
            "latestAction": {
                "actionDate": "2000-11-22",
                "text": "Became Public Law No: 106-531."
            },
            "number": "2712",
            "policyArea": {
                "name": "Government Operations and Politics"
            },
            "title": "Reports Consolidation Act of 2000",
            "type": "S",
            "url": "https://api.congress.gov/v3/bill/106/s/2712?format=json"
        },
        {
            "congress": 106,
            "introducedDate": "2000-06-08",
            "latestAction": {
                "actionDate": "2000-07-18",
                "text": "Placed on Senate Legislative Calendar under General Orders. Calendar No. 689."
            },
            "number": "2705",
            "policyArea": {
                "name": "Government Operations and Politics"
            },
            "title": "Presidential Transition Act of 2000",
            "type": "S",
            "url": "https://api.congress.gov/v3/bill/106/s/2705?format=json"
        },
        {
            "congress": 106,
            "introducedDate": "2000-05-25",
            "latestAction": {
                "actionDate": "2000-07-25",
                "text": "Sponsor introductory remarks on measure. (CR S7511-7514)"
            },
            "number": "2645",
            "policyArea": {
                "name": "Foreign Trade and International Finance"
            },
            "title": "China Nonproliferation Act",
            "type": "S",
            "url": "https://api.congress.gov/v3/bill/106/s/2645?format=json"
        },
        {
            "congress": 106,
            "introducedDate": "2000-05-18",
            "latestAction": {
                "actionDate": "2000-05-18",
                "text": "Read twice and referred to the Committee on Governmental Affairs."
            },
            "number": "2595",
            "policyArea": {
                "name": "Government Operations and Politics"
            },
            "title": "A bill to amend chapter 7 of title 31, United States Code, to authorize the General Accounting Office to take certain personnel actions, and for other purposes.",
            "type": "S",
            "url": "https://api.congress.gov/v3/bill/106/s/2595?format=json"
        },
        {
            "congress": 106,
            "introducedDate": "2000-04-13",
            "latestAction": {
                "actionDate": "2000-04-13",
                "text": "Read twice and referred to the Committee on Finance."
            },
            "number": "2428",
            "policyArea": {
                "name": "Foreign Trade and International Finance"
            },
            "title": "A bill to suspend temporarily the duty on n-Heptaldehyde.",
            "type": "S",
            "url": "https://api.congress.gov/v3/bill/106/s/2428?format=json"
        },
        {
            "congress": 106,
            "introducedDate": "2000-04-13",
            "latestAction": {
                "actionDate": "2000-04-13",
                "text": "Read twice and referred to the Committee on Finance."
            },
            "number": "2426",
            "policyArea": {
                "name": "Foreign Trade and International Finance"
            },
            "title": "A bill to suspend temporarily the duty on n-Heptanoic acid.",
            "type": "S",
            "url": "https://api.congress.gov/v3/bill/106/s/2426?format=json"
        },
        {
            "congress": 106,
            "introducedDate": "2000-04-13",
            "latestAction": {
                "actionDate": "2000-04-13",
                "text": "Read twice and referred to the Committee on Finance."
            },
            "number": "2427",
            "policyArea": {
                "name": "Foreign Trade and International Finance"
            },
            "title": "A bill to suspend temporarily the duty on Undecylenic acid.",
            "type": "S",
            "url": "https://api.congress.gov/v3/bill/106/s/2427?format=json"
        },
        {
            "congress": 106,
            "introducedDate": "2000-03-28",
            "latestAction": {
                "actionDate": "2000-05-04",
                "text": "Committee on Governmental Affairs Subcommittee on Oversight of Government Management, Restructuring and the District of Columbia. Hearings held."
            },
            "number": "2306",
            "policyArea": {
                "name": "Government Operations and Politics"
            },
            "title": "Government for the 21st Century Act",
            "type": "S",
            "url": "https://api.congress.gov/v3/bill/106/s/2306?format=json"
        },
        {
            "congress": 106,
            "introducedDate": "2000-03-20",
            "latestAction": {
                "actionDate": "2000-03-20",
                "text": "Read twice and referred to the Committee on Finance."
            },
            "number": "2250",
            "policyArea": {
                "name": "Taxation"
            },
            "title": "A bill to amend the Internal Revenue Code of 1986 to provide a shorter recovery period for the depreciation of certain restaurant buildings.",
            "type": "S",
            "url": "https://api.congress.gov/v3/bill/106/s/2250?format=json"
        },
        {
            "congress": 106,
            "introducedDate": "2000-03-02",
            "latestAction": {
                "actionDate": "2000-03-02",
                "text": "Read twice and referred to the Committee on Finance."
            },
            "number": "2171",
            "policyArea": {
                "name": "Private Legislation"
            },
            "title": "A bill to reliquidate certain entries of N, N-dicyolohexyll-2-benzothazole-sulfenamide.",
            "type": "S",
            "url": "https://api.congress.gov/v3/bill/106/s/2171?format=json"
        },
        {
            "congress": 106,
            "introducedDate": "2000-03-02",
            "latestAction": {
                "actionDate": "2000-03-02",
                "text": "Read twice and referred to the Committee on Finance."
            },
            "number": "2177",
            "policyArea": {
                "name": "Foreign Trade and International Finance"
            },
            "title": "A bill to extend the duty suspension on DEMT.",
            "type": "S",
            "url": "https://api.congress.gov/v3/bill/106/s/2177?format=json"
        },
        {
            "congress": 106,
            "introducedDate": "2000-03-02",
            "latestAction": {
                "actionDate": "2000-03-02",
                "text": "Read twice and referred to the Committee on Finance."
            },
            "number": "2175",
            "policyArea": {
                "name": "Foreign Trade and International Finance"
            },
            "title": "A bill to suspend temporarily the duty on 1-fluoro-2-nitro-benzene.",
            "type": "S",
            "url": "https://api.congress.gov/v3/bill/106/s/2175?format=json"
        },
        {
            "congress": 106,
            "introducedDate": "2000-03-02",
            "latestAction": {
                "actionDate": "2000-03-02",
                "text": "Read twice and referred to the Committee on Finance."
            },
            "number": "2170",
            "policyArea": {
                "name": "Private Legislation"
            },
            "title": "A bill to provide for the reliquidation of certain entries of printing cartridges.",
            "type": "S",
            "url": "https://api.congress.gov/v3/bill/106/s/2170?format=json"
        },
        {
            "congress": 106,
            "introducedDate": "2000-03-02",
            "latestAction": {
                "actionDate": "2000-03-02",
                "text": "Read twice and referred to the Committee on Finance."
            },
            "number": "2174",
            "policyArea": {
                "name": "Foreign Trade and International Finance"
            },
            "title": "A bill to suspend temporarily the duty on THQ (Toluhydroquinone).",
            "type": "S",
            "url": "https://api.congress.gov/v3/bill/106/s/2174?format=json"
        },
        {
            "congress": 106,
            "introducedDate": "2000-03-02",
            "latestAction": {
                "actionDate": "2000-03-02",
                "text": "Read twice and referred to the Committee on Finance."
            },
            "number": "2176",
            "policyArea": {
                "name": "Private Legislation"
            },
            "title": "A bill to reliquidate certain entries.",
            "type": "S",
            "url": "https://api.congress.gov/v3/bill/106/s/2176?format=json"
        },
        {
            "congress": 106,
            "introducedDate": "2000-03-02",
            "latestAction": {
                "actionDate": "2000-03-02",
                "text": "Read twice and referred to the Committee on Finance."
            },
            "number": "2173",
            "policyArea": {
                "name": "Foreign Trade and International Finance"
            },
            "title": "A bill to suspend temporarily the duty on PHBA (p-hydroxybenzoic acid).",
            "type": "S",
            "url": "https://api.congress.gov/v3/bill/106/s/2173?format=json"
        },
        {
            "congress": 106,
            "introducedDate": "2000-03-02",
            "latestAction": {
                "actionDate": "2000-03-02",
                "text": "Read twice and referred to the Committee on Finance."
            },
            "number": "2172",
            "policyArea": {
                "name": "Foreign Trade and International Finance"
            },
            "title": "A bill to suspend temporarily the duty on thionyl chloride.",
            "type": "S",
            "url": "https://api.congress.gov/v3/bill/106/s/2172?format=json"
        },
        {
            "congress": 106,
            "introducedDate": "1999-11-19",
            "latestAction": {
                "actionDate": "2000-04-10",
                "text": "Placed on Senate Legislative Calendar under General Orders. Calendar No. 489."
            },
            "number": "1993",
            "policyArea": {
                "name": "Government Operations and Politics"
            },
            "title": "Government Information Security Act",
            "type": "S",
            "url": "https://api.congress.gov/v3/bill/106/s/1993?format=json"
        },
        {
            "congress": 106,
            "introducedDate": "1999-11-19",
            "latestAction": {
                "actionDate": "1999-11-19",
                "text": "Read twice and referred to the Committee on Rules and Administration."
            },
            "number": "1991",
            "policyArea": {
                "name": "Government Operations and Politics"
            },
            "title": "A bill to amend the Federal Election Campaign Act of 1971 to enhance criminal penalties for election law violations, to clarify current provisions of law regarding donations from foreign nationals, and for other purposes.",
            "type": "S",
            "url": "https://api.congress.gov/v3/bill/106/s/1991?format=json"
        },
        {
            "congress": 106,
            "introducedDate": "1999-11-19",
            "latestAction": {
                "actionDate": "1999-11-19",
                "text": "Read twice and referred to the Committee on Finance."
            },
            "number": "1976",
            "policyArea": {
                "name": "Taxation"
            },
            "title": "A bill to amend the Internal Revenue Code of 1986 to provide that certain uses of a facility owned by a tax-exempt organization shall not be treated as private business use for purposes of determining whether bonds issued to provide the facility are tax-exempt bonds.",
            "type": "S",
            "url": "https://api.congress.gov/v3/bill/106/s/1976?format=json"
        },
        {
            "congress": 106,
            "introducedDate": "1999-11-16",
            "latestAction": {
                "actionDate": "1999-11-16",
                "text": "Read twice and referred to the Committee on Finance."
            },
            "number": "1933",
            "policyArea": {
                "name": "Taxation"
            },
            "title": "A bill to amend the Internal Revenue Code of 1986 to permit the consolidation of life insurance companies with other companies.",
            "type": "S",
            "url": "https://api.congress.gov/v3/bill/106/s/1933?format=json"
        },
        {
            "congress": 106,
            "introducedDate": "1999-11-08",
            "latestAction": {
                "actionDate": "2000-02-04",
                "text": "Referred to the Subcommittee on Government Management, Information and Technology."
            },
            "number": "1877",
            "policyArea": {
                "name": "Government Operations and Politics"
            },
            "title": "Federal Reports Elimination and Sunset Act Amendments of 1999",
            "type": "S",
            "url": "https://api.congress.gov/v3/bill/106/s/1877?format=json"
        },
        {
            "congress": 106,
            "introducedDate": "1999-10-07",
            "latestAction": {
                "actionDate": "2000-11-01",
                "text": "Became Public Law No: 106-422."
            },
            "number": "1707",
            "policyArea": {
                "name": "Government Operations and Politics"
            },
            "title": "A bill to amend the Inspector General Act of 1978 (5 U.S.C. App.) to provide that certain designated Federal entities shall be establishments under such Act, and for other purposes.",
            "type": "S",
            "url": "https://api.congress.gov/v3/bill/106/s/1707?format=json"
        },
        {
            "congress": 106,
            "introducedDate": "1999-08-05",
            "latestAction": {
                "actionDate": "2000-11-22",
                "text": "Became Private Law No: 106-20."
            },
            "number": "1513",
            "policyArea": {
                "name": "Private Legislation"
            },
            "title": "A bill for the relief of Jacqueline Salinas and her children Gabriela Salinas, Alejandro Salinas, and Omar Salinas.",
            "type": "S",
            "url": "https://api.congress.gov/v3/bill/106/s/1513?format=json"
        },
        {
            "congress": 106,
            "introducedDate": "1999-08-05",
            "latestAction": {
                "actionDate": "2000-01-27",
                "text": "Referred to the House Committee on Banking and Financial Services."
            },
            "number": "1516",
            "policyArea": {
                "name": "Social Welfare"
            },
            "title": "A bill to amend title III of the Stewart B. McKinney Homeless Assistance Act (42 U.S.C. 11331 et seq.) to reauthorize the Federal Emergency Management Food and Shelter Program, and for other purposes.",
            "type": "S",
            "url": "https://api.congress.gov/v3/bill/106/s/1516?format=json"
        },
        {
            "congress": 106,
            "introducedDate": "1999-08-05",
            "latestAction": {
                "actionDate": "2000-02-11",
                "text": "Referred to the Subcommittee on the Constitution."
            },
            "number": "1503",
            "policyArea": {
                "name": "Government Operations and Politics"
            },
            "title": "Office of Government Ethics Authorization Act of 1999",
            "type": "S",
            "url": "https://api.congress.gov/v3/bill/106/s/1503?format=json"
        },
        {
            "congress": 106,
            "introducedDate": "1999-08-04",
            "latestAction": {
                "actionDate": "1999-08-04",
                "text": "Read twice and referred to the Committee on Finance."
            },
            "number": "1490",
            "policyArea": {
                "name": "Taxation"
            },
            "title": "Tax Deduction Fairness Act of 1999",
            "type": "S",
            "url": "https://api.congress.gov/v3/bill/106/s/1490?format=json"
        },
        {
            "congress": 106,
            "introducedDate": "1999-07-29",
            "latestAction": {
                "actionDate": "1999-07-29",
                "text": "Read twice and referred to the Committee on Governmental Affairs."
            },
            "number": "1466",
            "policyArea": {
                "name": "Government Operations and Politics"
            },
            "title": "Taxpayer's Defense Act",
            "type": "S",
            "url": "https://api.congress.gov/v3/bill/106/s/1466?format=json"
        },
        {
            "congress": 106,
            "introducedDate": "1999-07-22",
            "latestAction": {
                "actionDate": "1999-07-26",
                "text": "Read the second time. Placed on Senate Legislative Calendar under General Orders. Calendar No. 228."
            },
            "number": "1427",
            "policyArea": {
                "name": "Crime and Law Enforcement"
            },
            "title": "Special Counsel Act of 1999",
            "type": "S",
            "url": "https://api.congress.gov/v3/bill/106/s/1427?format=json"
        },
        {
            "congress": 106,
            "introducedDate": "1999-06-18",
            "latestAction": {
                "actionDate": "1999-06-18",
                "text": "Read twice and referred to the Committee on Governmental Affairs."
            },
            "number": "1244",
            "policyArea": {
                "name": "Government Operations and Politics"
            },
            "title": "Truth in Regulating Act of 1999",
            "type": "S",
            "url": "https://api.congress.gov/v3/bill/106/s/1244?format=json"
        },
        {
            "congress": 106,
            "introducedDate": "1999-06-10",
            "latestAction": {
                "actionDate": "1999-10-18",
                "text": "Placed on Senate Legislative Calendar under General Orders. Calendar No. 331."
            },
            "number": "1214",
            "policyArea": {
                "name": "Government Operations and Politics"
            },
            "title": "Federalism Accountability Act of 1999",
            "type": "S",
            "url": "https://api.congress.gov/v3/bill/106/s/1214?format=json"
        },
        {
            "congress": 106,
            "introducedDate": "1999-05-27",
            "latestAction": {
                "actionDate": "1999-05-27",
                "text": "Read twice and referred to the Committee on Governmental Affairs."
            },
            "number": "1151",
            "policyArea": {
                "name": "Government Operations and Politics"
            },
            "title": "Cost Accounting Standards Amendments of 1999",
            "type": "S",
            "url": "https://api.congress.gov/v3/bill/106/s/1151?format=json"
        },
        {
            "congress": 106,
            "introducedDate": "1999-03-08",
            "latestAction": {
                "actionDate": "1999-03-16",
                "text": "By Senator Thompson from Committee on Governmental Affairs filed written report. Report No. 106-15. Minority views filed."
            },
            "number": "558",
            "policyArea": {
                "name": "Economics and Public Finance"
            },
            "title": "Government Shutdown Prevention Act",
            "type": "S",
            "url": "https://api.congress.gov/v3/bill/106/s/558?format=json"
        },
        {
            "congress": 106,
            "introducedDate": "1999-03-08",
            "latestAction": {
                "actionDate": "1999-07-16",
                "text": "Cloture on the amendment (SP297) not invoked in Senate by Yea-Nay Vote. 52-43. Record Vote No: 211. (consideration: CR S8706)"
            },
            "number": "557",
            "policyArea": {
                "name": "Economics and Public Finance"
            },
            "title": "An original bill to provide guidance for the designation of emergencies as a part of the budget process.",
            "type": "S",
            "url": "https://api.congress.gov/v3/bill/106/s/557?format=json"
        },
        {
            "congress": 106,
            "introducedDate": "1999-02-23",
            "latestAction": {
                "actionDate": "1999-11-17",
                "actionTime": "13:12:47",
                "text": "Motion to reconsider laid on the table Agreed to without objection."
            },
            "number": "440",
            "policyArea": {
                "name": "Education"
            },
            "title": "A bill to provide support for certain institutes and schools.",
            "type": "S",
            "url": "https://api.congress.gov/v3/bill/106/s/440?format=json"
        },
        {
            "congress": 106,
            "introducedDate": "1999-01-19",
            "latestAction": {
                "actionDate": "1999-04-22",
                "text": "Committee on Governmental Affairs. Hearings held. Hearings printed: S.Hrg. 106-180."
            },
            "number": "59",
            "policyArea": {
                "name": "Economics and Public Finance"
            },
            "title": "Regulatory Right-to-Know Act of 1999",
            "type": "S",
            "url": "https://api.congress.gov/v3/bill/106/s/59?format=json"
        },
        {
            "congress": 106,
            "introducedDate": "1999-08-02",
            "latestAction": {
                "actionDate": "1999-08-02",
                "text": "Referred to the Committee on Judiciary."
            },
            "number": "170",
            "policyArea": {
                "name": "Commemorations"
            },
            "title": "A resolution recognizing Lawrenceburg, Tennessee, as the birthplace of southern gospel music.",
            "type": "SRES",
            "url": "https://api.congress.gov/v3/bill/106/sres/170?format=json"
        },
        {
            "congress": 106,
            "introducedDate": "1999-07-15",
            "latestAction": {
                "actionDate": "1999-07-15",
                "text": "Referred to the Committee on Rules and Administration."
            },
            "number": "154",
            "policyArea": {
                "name": "Congress"
            },
            "title": "An original resolution authorizing expenditures by the Committee on Governmental Affairs.",
            "type": "SRES",
            "url": "https://api.congress.gov/v3/bill/106/sres/154?format=json"
        },
        {
            "amendmentNumber": "5264",
            "congress": 104,
            "introducedDate": "1996-09-12",
            "latestAction": {
                "actionDate": "1996-09-12",
                "text": "Amendment SP 5264 agreed to in Senate by Voice Vote. "
            },
            "type": null,
            "url": "https://api.congress.gov/v3/amendment/104/samdt/5264?format=json"
        },
        {
            "amendmentNumber": "5208",
            "congress": 104,
            "introducedDate": "1996-09-10",
            "latestAction": {
                "actionDate": "1996-09-11",
                "text": "The amendment (SP 5208) as previously agreed to was modified. "
            },
            "type": null,
            "url": "https://api.congress.gov/v3/amendment/104/samdt/5208?format=json"
        },
        {
            "amendmentNumber": "3981",
            "congress": 104,
            "introducedDate": "1996-05-16",
            "latestAction": {
                "actionDate": "1996-05-23",
                "text": "Amendment SP 3981 agreed to in Senate by Voice Vote. "
            },
            "type": null,
            "url": "https://api.congress.gov/v3/amendment/104/samdt/3981?format=json"
        },
        {
            "amendmentNumber": "3709",
            "congress": 104,
            "introducedDate": "1996-04-23",
            "latestAction": null,
            "type": null,
            "url": "https://api.congress.gov/v3/amendment/104/samdt/3709?format=json"
        },
        {
            "amendmentNumber": "3717",
            "congress": 104,
            "introducedDate": "1996-04-23",
            "latestAction": null,
            "type": null,
            "url": "https://api.congress.gov/v3/amendment/104/samdt/3717?format=json"
        },
        {
            "amendmentNumber": "3713",
            "congress": 104,
            "introducedDate": "1996-04-23",
            "latestAction": null,
            "type": null,
            "url": "https://api.congress.gov/v3/amendment/104/samdt/3713?format=json"
        },
        {
            "amendmentNumber": "3719",
            "congress": 104,
            "introducedDate": "1996-04-23",
            "latestAction": null,
            "type": null,
            "url": "https://api.congress.gov/v3/amendment/104/samdt/3719?format=json"
        },
        {
            "amendmentNumber": "3714",
            "congress": 104,
            "introducedDate": "1996-04-23",
            "latestAction": null,
            "type": null,
            "url": "https://api.congress.gov/v3/amendment/104/samdt/3714?format=json"
        },
        {
            "amendmentNumber": "3707",
            "congress": 104,
            "introducedDate": "1996-04-23",
            "latestAction": null,
            "type": null,
            "url": "https://api.congress.gov/v3/amendment/104/samdt/3707?format=json"
        },
        {
            "amendmentNumber": "3711",
            "congress": 104,
            "introducedDate": "1996-04-23",
            "latestAction": null,
            "type": null,
            "url": "https://api.congress.gov/v3/amendment/104/samdt/3711?format=json"
        },
        {
            "amendmentNumber": "3715",
            "congress": 104,
            "introducedDate": "1996-04-23",
            "latestAction": null,
            "type": null,
            "url": "https://api.congress.gov/v3/amendment/104/samdt/3715?format=json"
        },
        {
            "amendmentNumber": "3710",
            "congress": 104,
            "introducedDate": "1996-04-23",
            "latestAction": null,
            "type": null,
            "url": "https://api.congress.gov/v3/amendment/104/samdt/3710?format=json"
        },
        {
            "amendmentNumber": "3718",
            "congress": 104,
            "introducedDate": "1996-04-23",
            "latestAction": null,
            "type": null,
            "url": "https://api.congress.gov/v3/amendment/104/samdt/3718?format=json"
        },
        {
            "amendmentNumber": "3696",
            "congress": 104,
            "introducedDate": "1996-04-19",
            "latestAction": {
                "actionDate": "1996-04-23",
                "text": "Considered by Senate. "
            },
            "type": null,
            "url": "https://api.congress.gov/v3/amendment/104/samdt/3696?format=json"
        },
        {
            "amendmentNumber": "3708",
            "congress": 104,
            "introducedDate": "1996-04-23",
            "latestAction": null,
            "type": null,
            "url": "https://api.congress.gov/v3/amendment/104/samdt/3708?format=json"
        },
        {
            "amendmentNumber": "3712",
            "congress": 104,
            "introducedDate": "1996-04-23",
            "latestAction": null,
            "type": null,
            "url": "https://api.congress.gov/v3/amendment/104/samdt/3712?format=json"
        },
        {
            "amendmentNumber": "3716",
            "congress": 104,
            "introducedDate": "1996-04-23",
            "latestAction": null,
            "type": null,
            "url": "https://api.congress.gov/v3/amendment/104/samdt/3716?format=json"
        },
        {
            "amendmentNumber": "3720",
            "congress": 104,
            "introducedDate": "1996-04-23",
            "latestAction": null,
            "type": null,
            "url": "https://api.congress.gov/v3/amendment/104/samdt/3720?format=json"
        },
        {
            "amendmentNumber": "2231",
            "congress": 104,
            "introducedDate": "1995-08-05",
            "latestAction": {
                "actionDate": "1995-08-05",
                "text": "Amendment SP 2231 agreed to in Senate by Voice Vote. "
            },
            "type": null,
            "url": "https://api.congress.gov/v3/amendment/104/samdt/2231?format=json"
        },
        {
            "amendmentNumber": "2086",
            "congress": 104,
            "introducedDate": "1995-08-02",
            "latestAction": {
                "actionDate": "1995-08-02",
                "text": "Amendment SP 2086 agreed to in Senate by Voice Vote. "
            },
            "type": null,
            "url": "https://api.congress.gov/v3/amendment/104/samdt/2086?format=json"
        },
        {
            "amendmentNumber": "756",
            "congress": 104,
            "introducedDate": "1995-05-11",
            "latestAction": null,
            "type": null,
            "url": "https://api.congress.gov/v3/amendment/104/samdt/756?format=json"
        },
        {
            "amendmentNumber": "618",
            "congress": 104,
            "introducedDate": "1995-05-02",
            "latestAction": {
                "actionDate": "1995-05-03",
                "text": "Motion to table SP 618 agreed to in Senate by Yea-Nay Vote. 58-41. Record Vote No: 147. "
            },
            "type": null,
            "url": "https://api.congress.gov/v3/amendment/104/samdt/618?format=json"
        },
        {
            "congress": 104,
            "introducedDate": "1996-09-03",
            "latestAction": {
                "actionDate": "1996-09-03",
                "text": "Read twice and referred jointly to the Committees on Budget; Governmental Affairs pursuant to the order of August 4, 1977, with instructions that if one Committee reports, the other Committee have thirty days to report or be discharged."
            },
            "number": "2049",
            "policyArea": {
                "name": "Congress"
            },
            "title": "Budget Process and Oversight Reform Act of 1996",
            "type": "S",
            "url": "https://api.congress.gov/v3/bill/104/s/2049?format=json"
        },
        {
            "congress": 104,
            "introducedDate": "1996-07-08",
            "latestAction": {
                "actionDate": "1996-10-09",
                "text": "Became Public Law No: 104-277."
            },
            "number": "1931",
            "policyArea": {
                "name": "Government Operations and Politics"
            },
            "title": "An Act to provide that the United States Post Office and Courthouse building located at 9 East Broad Street, Cookeville, Tennessee, shall be known and designated as the \"L. Clure Morton United States Post Office Courthouse\".",
            "type": "S",
            "url": "https://api.congress.gov/v3/bill/104/s/1931?format=json"
        },
        {
            "congress": 104,
            "introducedDate": "1996-07-12",
            "latestAction": {
                "actionDate": "1996-09-16",
                "text": "By Senator Hatch from Committee on Judiciary filed written report. Report No. 104-369. Additional views filed."
            },
            "number": "1952",
            "policyArea": {
                "name": "Crime and Law Enforcement"
            },
            "title": "Juvenile Justice and Delinquency Prevention Act of 1996",
            "type": "S",
            "url": "https://api.congress.gov/v3/bill/104/s/1952?format=json"
        },
        {
            "congress": 104,
            "introducedDate": "1996-02-29",
            "latestAction": {
                "actionDate": "1996-02-29",
                "text": "Read twice and referred to the Committee on Labor and Human Resources."
            },
            "number": "1584",
            "policyArea": {
                "name": "Public Lands and Natural Resources"
            },
            "title": "Historically Black Colleges and Universities Historic Building Restoration and Preservation Act",
            "type": "S",
            "url": "https://api.congress.gov/v3/bill/104/s/1584?format=json"
        },
        {
            "congress": 104,
            "introducedDate": "1996-01-26",
            "latestAction": {
                "actionDate": "1996-01-26",
                "text": "Read twice and referred to the Committee on Judiciary."
            },
            "number": "1536",
            "policyArea": {
                "name": "Crime and Law Enforcement"
            },
            "title": "A bill to amend title 18, United States Code, to permit Federal firearms licensees to conduct firearms business with other such licensees at out-of-State gun shows.",
            "type": "S",
            "url": "https://api.congress.gov/v3/bill/104/s/1536?format=json"
        },
        {
            "congress": 104,
            "introducedDate": "1995-11-03",
            "latestAction": {
                "actionDate": "1995-12-21",
                "text": "See also H.R. 2481."
            },
            "number": "1388",
            "policyArea": {
                "name": "Government Operations and Politics"
            },
            "title": "A bill to designate the United States courthouse located at 800 Market Street in Knoxville, Tennessee, as the \"Howard H. Baker, Jr. United States Courthouse\".",
            "type": "S",
            "url": "https://api.congress.gov/v3/bill/104/s/1388?format=json"
        },
        {
            "congress": 104,
            "introducedDate": "1995-10-24",
            "latestAction": {
                "actionDate": "1996-07-30",
                "text": "Message on Senate action sent to the House."
            },
            "number": "1358",
            "policyArea": {
                "name": "Private Legislation"
            },
            "title": "A bill to authorize the Secretary of Transportation to issue a certificate of documentation with appropriate endorsement for employment in the coastwise trade for the vessel CAROLYN, and for other purposes.",
            "type": "S",
            "url": "https://api.congress.gov/v3/bill/104/s/1358?format=json"
        },
        {
            "congress": 104,
            "introducedDate": "1995-01-19",
            "latestAction": {
                "actionDate": "1996-04-23",
                "text": "Returned to the Calendar. Calendar No. 201. (consideration: CR S3892)"
            },
            "number": "21",
            "policyArea": {
                "name": "Congress"
            },
            "title": "A joint resolution proposing a constitutional amendment to limit congressional terms.",
            "type": "SJRES",
            "url": "https://api.congress.gov/v3/bill/104/sjres/21?format=json"
        },
        {
            "amendmentNumber": "3666",
            "congress": 105,
            "introducedDate": "1998-09-28",
            "latestAction": null,
            "type": null,
            "url": "https://api.congress.gov/v3/amendment/105/samdt/3666?format=json"
        },
        {
            "amendmentNumber": "3670",
            "congress": 105,
            "introducedDate": "1998-09-28",
            "latestAction": {
                "actionDate": "1998-09-28",
                "text": "Amendment SP 3670 agreed to in Senate by Unanimous Consent. "
            },
            "type": null,
            "url": "https://api.congress.gov/v3/amendment/105/samdt/3670?format=json"
        },
        {
            "amendmentNumber": "3653",
            "congress": 105,
            "introducedDate": "1998-09-25",
            "latestAction": null,
            "type": null,
            "url": "https://api.congress.gov/v3/amendment/105/samdt/3653?format=json"
        },
        {
            "amendmentNumber": "3633",
            "congress": 105,
            "introducedDate": "1998-09-24",
            "latestAction": {
                "actionDate": "1998-09-24",
                "text": "Amendment SP 3633 agreed to in Senate by Voice Vote. "
            },
            "type": null,
            "url": "https://api.congress.gov/v3/amendment/105/samdt/3633?format=json"
        },
        {
            "amendmentNumber": "3357",
            "congress": 105,
            "introducedDate": "1998-07-28",
            "latestAction": {
                "actionDate": "1998-07-29",
                "text": "Amendment SP 3357 agreed to in Senate by Voice Vote. "
            },
            "type": null,
            "url": "https://api.congress.gov/v3/amendment/105/samdt/3357?format=json"
        },
        {
            "amendmentNumber": "3256",
            "congress": 105,
            "introducedDate": "1998-07-22",
            "latestAction": {
                "actionDate": "1998-07-22",
                "text": "Amendment SP 3256 as modified agreed to in Senate by Voice Vote. "
            },
            "type": null,
            "url": "https://api.congress.gov/v3/amendment/105/samdt/3256?format=json"
        },
        {
            "amendmentNumber": "3353",
            "congress": 105,
            "introducedDate": "1998-07-28",
            "latestAction": {
                "actionDate": "1998-07-29",
                "text": "Amendment SP 3353 agreed to in Senate by Voice Vote. "
            },
            "type": null,
            "url": "https://api.congress.gov/v3/amendment/105/samdt/3353?format=json"
        },
        {
            "amendmentNumber": "2756",
            "congress": 105,
            "introducedDate": "1998-06-19",
            "latestAction": {
                "actionDate": "1998-06-19",
                "text": "Amendment SP 2756 agreed to in Senate by Voice Vote. "
            },
            "type": null,
            "url": "https://api.congress.gov/v3/amendment/105/samdt/2756?format=json"
        },
        {
            "amendmentNumber": "2813",
            "congress": 105,
            "introducedDate": "1998-06-22",
            "latestAction": null,
            "type": null,
            "url": "https://api.congress.gov/v3/amendment/105/samdt/2813?format=json"
        },
        {
            "amendmentNumber": "2755",
            "congress": 105,
            "introducedDate": "1998-06-19",
            "latestAction": {
                "actionDate": "1998-06-19",
                "text": "Amendment SP 2755 agreed to in Senate by Voice Vote. "
            },
            "type": null,
            "url": "https://api.congress.gov/v3/amendment/105/samdt/2755?format=json"
        },
        {
            "amendmentNumber": "2757",
            "congress": 105,
            "introducedDate": "1998-06-19",
            "latestAction": {
                "actionDate": "1998-06-19",
                "text": "Amendment SP 2757 agreed to in Senate by Voice Vote. "
            },
            "type": null,
            "url": "https://api.congress.gov/v3/amendment/105/samdt/2757?format=json"
        },
        {
            "amendmentNumber": "2356",
            "congress": 105,
            "introducedDate": "1998-05-06",
            "latestAction": {
                "actionDate": "1998-05-07",
                "text": "Amendment SP 2356 not agreed to in Senate by Yea-Nay Vote. 42-57. Record Vote No: 122. "
            },
            "type": null,
            "url": "https://api.congress.gov/v3/amendment/105/samdt/2356?format=json"
        },
        {
            "amendmentNumber": "2337",
            "congress": 105,
            "introducedDate": "1998-05-05",
            "latestAction": null,
            "type": null,
            "url": "https://api.congress.gov/v3/amendment/105/samdt/2337?format=json"
        },
        {
            "amendmentNumber": "1616",
            "congress": 105,
            "introducedDate": "1997-11-08",
            "latestAction": {
                "actionDate": "1997-11-08",
                "text": "Amendment SP 1616 agreed to in Senate by Unanimous Consent. "
            },
            "type": null,
            "url": "https://api.congress.gov/v3/amendment/105/samdt/1616?format=json"
        },
        {
            "amendmentNumber": "1322",
            "congress": 105,
            "introducedDate": "1997-10-09",
            "latestAction": {
                "actionDate": "1997-10-09",
                "text": "Amendment SP 1322 agreed to in Senate by Unanimous Consent. "
            },
            "type": null,
            "url": "https://api.congress.gov/v3/amendment/105/samdt/1322?format=json"
        },
        {
            "amendmentNumber": "788",
            "congress": 105,
            "introducedDate": "1997-07-09",
            "latestAction": {
                "actionDate": "1997-07-09",
                "text": "Amendment SP 788 agreed to in Senate by Unanimous Consent. "
            },
            "type": null,
            "url": "https://api.congress.gov/v3/amendment/105/samdt/788?format=json"
        },
        {
            "amendmentNumber": "748",
            "congress": 105,
            "introducedDate": "1997-07-08",
            "latestAction": {
                "actionDate": "1997-07-08",
                "text": "Amendment SP 748 agreed to in Senate by Voice Vote. "
            },
            "type": null,
            "url": "https://api.congress.gov/v3/amendment/105/samdt/748?format=json"
        },
        {
            "amendmentNumber": "707",
            "congress": 105,
            "introducedDate": "1997-07-07",
            "latestAction": {
                "actionDate": "1997-07-11",
                "text": "Amendment SP 707 agreed to in Senate by Voice Vote. "
            },
            "type": null,
            "url": "https://api.congress.gov/v3/amendment/105/samdt/707?format=json"
        },
        {
            "amendmentNumber": "627",
            "congress": 105,
            "introducedDate": "1997-07-07",
            "latestAction": null,
            "type": null,
            "url": "https://api.congress.gov/v3/amendment/105/samdt/627?format=json"
        },
        {
            "congress": 105,
            "introducedDate": "1998-10-10",
            "latestAction": {
                "actionDate": "1998-10-10",
                "text": "Read twice and referred to the Committee on Governmental Affairs."
            },
            "number": "2623",
            "policyArea": {
                "name": "Government Operations and Politics"
            },
            "title": "Government for the 21st Century Act of 1998",
            "type": "S",
            "url": "https://api.congress.gov/v3/bill/105/s/2623?format=json"
        },
        {
            "congress": 105,
            "introducedDate": "1998-07-31",
            "latestAction": {
                "actionDate": "1998-07-31",
                "text": "Read twice and referred to the Committee on Finance."
            },
            "number": "2424",
            "policyArea": {
                "name": "Private Legislation"
            },
            "title": "A bill to provide for the reliquidation of certain entries of certain thermal transfer multifunction machines.",
            "type": "S",
            "url": "https://api.congress.gov/v3/bill/105/s/2424?format=json"
        },
        {
            "congress": 105,
            "introducedDate": "1998-09-08",
            "latestAction": {
                "actionDate": "1998-09-08",
                "text": "Read twice and referred to the Committee on Governmental Affairs."
            },
            "number": "2445",
            "policyArea": {
                "name": "Government Operations and Politics"
            },
            "title": "Federalism Enforcement Act of 1998",
            "type": "S",
            "url": "https://api.congress.gov/v3/bill/105/s/2445?format=json"
        },
        {
            "congress": 105,
            "introducedDate": "1998-07-31",
            "latestAction": {
                "actionDate": "1998-08-01",
                "text": "Referred to Subcommittee on Parks, Preservation and Recreation."
            },
            "number": "2398",
            "policyArea": {
                "name": "Commemorations"
            },
            "title": "Sportsmen's Memorial Act of 1998",
            "type": "S",
            "url": "https://api.congress.gov/v3/bill/105/s/2398?format=json"
        },
        {
            "congress": 105,
            "introducedDate": "1998-06-25",
            "latestAction": {
                "actionDate": "1998-09-08",
                "text": "Placed on Senate Legislative Calendar under General Orders. Calendar No. 548."
            },
            "number": "2228",
            "policyArea": {
                "name": "Government Operations and Politics"
            },
            "title": "Advisory Committee Termination and Streamlining Act of 1998",
            "type": "S",
            "url": "https://api.congress.gov/v3/bill/105/s/2228?format=json"
        },
        {
            "congress": 105,
            "introducedDate": "1998-06-16",
            "latestAction": {
                "actionDate": "1998-09-28",
                "text": "Cloture not invoked in Senate by Yea-Nay Vote. 53-38. Record Vote No: 289. (consideration: CR S11039)"
            },
            "number": "2176",
            "policyArea": {
                "name": "Government Operations and Politics"
            },
            "title": "Federal Vacancies Reform Act of 1998",
            "type": "S",
            "url": "https://api.congress.gov/v3/bill/105/s/2176?format=json"
        },
        {
            "congress": 105,
            "introducedDate": "1998-05-12",
            "latestAction": {
                "actionDate": "1998-05-12",
                "text": "Read twice and referred jointly to the Committees on Budget; Governmental Affairs pursuant to the order of August 4, 1977, with instructions that if one Committee reports, the other Committee have thirty days to report or be discharged."
            },
            "number": "2068",
            "policyArea": {
                "name": "Economics and Public Finance"
            },
            "title": "A bill to clarify the application of the Unfunded Mandates Reform Act of 1995, and for other purposes.",
            "type": "S",
            "url": "https://api.congress.gov/v3/bill/105/s/2068?format=json"
        },
        {
            "congress": 105,
            "introducedDate": "1998-06-11",
            "latestAction": {
                "actionDate": "1998-06-11",
                "text": "Read twice and referred to the Committee on Governmental Affairs."
            },
            "number": "2161",
            "policyArea": {
                "name": "Economics and Public Finance"
            },
            "title": "Regulatory Right-to-Know Act of 1998",
            "type": "S",
            "url": "https://api.congress.gov/v3/bill/105/s/2161?format=json"
        },
        {
            "congress": 105,
            "introducedDate": "1998-05-13",
            "latestAction": {
                "actionDate": "1998-10-09",
                "text": "Became Public Law No: 105-252."
            },
            "number": "2071",
            "policyArea": {
                "name": "Government Operations and Politics"
            },
            "title": "A bill to extend a quarterly financial report program administered by the Secretary of Commerce.",
            "type": "S",
            "url": "https://api.congress.gov/v3/bill/105/s/2071?format=json"
        },
        {
            "congress": 105,
            "introducedDate": "1998-03-16",
            "latestAction": {
                "actionDate": "1998-03-16",
                "text": "Read twice and referred to the Committee on Finance."
            },
            "number": "1765",
            "policyArea": {
                "name": "Foreign Trade and International Finance"
            },
            "title": "A bill to suspend temporarily the duty on the chemical DEMT.",
            "type": "S",
            "url": "https://api.congress.gov/v3/bill/105/s/1765?format=json"
        },
        {
            "congress": 105,
            "introducedDate": "1998-02-26",
            "latestAction": {
                "actionDate": "1998-02-26",
                "text": "Read twice and referred to the Committee on Governmental Affairs."
            },
            "number": "1687",
            "policyArea": {
                "name": "Public Lands and Natural Resources"
            },
            "title": "A bill to provide for notice to owners of property that may be subject to the exercise of eminent domain by private nongovernmental entities under certain Federal authorization statutes, and for other purposes.",
            "type": "S",
            "url": "https://api.congress.gov/v3/bill/105/s/1687?format=json"
        },
        {
            "congress": 105,
            "introducedDate": "1997-04-17",
            "latestAction": {
                "actionDate": "1997-10-22",
                "text": "Referred jointly to the Committees on Finance; Governmental Affairs by unanimous consent."
            },
            "number": "613",
            "policyArea": {
                "name": "Government Operations and Politics"
            },
            "title": "Fort Campbell Tax Fairness Act of 1997",
            "type": "S",
            "url": "https://api.congress.gov/v3/bill/105/s/613?format=json"
        },
        {
            "congress": 105,
            "introducedDate": "1997-02-27",
            "latestAction": {
                "actionDate": "1997-02-28",
                "text": "Read the second time. Placed on Senate Legislative Calendar under General Orders. Calendar No. 21."
            },
            "number": "378",
            "policyArea": {
                "name": "Congress"
            },
            "title": "A bill to provide additional funding for the Committee on Governmental Affairs of the Senate.",
            "type": "S",
            "url": "https://api.congress.gov/v3/bill/105/s/378?format=json"
        },
        {
            "congress": 105,
            "introducedDate": "1997-01-30",
            "latestAction": {
                "actionDate": "1997-03-11",
                "text": "Resolution agreed to in Senate with an amendment by Yea-Nay Vote. 99-0. Record Vote No: 29."
            },
            "number": "39",
            "policyArea": {
                "name": "Congress"
            },
            "title": "An original resolution authorizing expenditures by the Committee on Governmental Affairs.",
            "type": "SRES",
            "url": "https://api.congress.gov/v3/bill/105/sres/39?format=json"
        }
    ]
}