{
    "pagination": {
        "count": 24
    },
    "request": {
        "bioguideId": "m001135",
        "contentType": "application/json",
        "format": "json"
    },
    "sponsoredLegislation": [
        {
            "congress": 118,
            "introducedDate": "2024-05-17",
            "latestAction": {
                "actionDate": "2024-06-04",
                "text": "Motion to Discharge Committee filed by Ms. Manning. Petition No: 118-12. (<a href=\"https://clerk.house.gov/DischargePetition/2024060412?Page=2&CongressNum=118\">Discharge petition</a> text with signatures.)"
            },
            "number": "1240",
            "policyArea": {
                "name": "Congress"
            },
            "title": "Providing for consideration of the bill (H.R. 4121) to protect an individual's ability to access contraceptives and to engage in contraception and to protect a health care provider's ability to provide contraceptives, contraception, and information related to contraception.",
            "type": "HRES",
            "url": "https://api.congress.gov/v3/bill/118/hres/1240?format=json"
        },
        {
            "congress": 118,
            "introducedDate": "2024-04-10",
            "latestAction": {
                "actionDate": "2024-04-10",
                "text": "Referred to the Subcommittee on Counterterrorism, Law Enforcement, and Intelligence."
            },
            "number": "7921",
            "policyArea": {
                "name": "Civil Rights and Liberties, Minority Issues"
            },
            "title": "Countering Antisemitism Act",
            "type": "HR",
            "url": "https://api.congress.gov/v3/bill/118/hr/7921?format=json"
        },
        {
            "congress": 118,
            "introducedDate": "2024-03-20",
            "latestAction": {
                "actionDate": "2024-03-20",
                "text": "Referred to the House Committee on Education and the Workforce."
            },
            "number": "7735",
            "policyArea": {
                "name": "Education"
            },
            "title": "Protecting Students on Campus Act of 2024",
            "type": "HR",
            "url": "https://api.congress.gov/v3/bill/118/hr/7735?format=json"
        },
        {
            "congress": 118,
            "introducedDate": "2023-11-09",
            "latestAction": {
                "actionDate": "2023-11-10",
                "text": "Referred to the Subcommittee on Health."
            },
            "number": "6347",
            "policyArea": {
                "name": "Health"
            },
            "title": "Capping Prescription Costs Act of 2023",
            "type": "HR",
            "url": "https://api.congress.gov/v3/bill/118/hr/6347?format=json"
        },
        {
            "congress": 118,
            "introducedDate": "2023-08-29",
            "latestAction": {
                "actionDate": "2023-08-29",
                "text": "Referred to the House Committee on Education and the Workforce."
            },
            "number": "5312",
            "policyArea": {
                "name": "Agriculture and Food"
            },
            "title": "Supporting Healthy Mothers and Infants Act of 2023",
            "type": "HR",
            "url": "https://api.congress.gov/v3/bill/118/hr/5312?format=json"
        },
        {
            "congress": 118,
            "introducedDate": "2023-07-26",
            "latestAction": {
                "actionDate": "2023-07-26",
                "text": "Referred to the Committee on Ways and Means, and in addition to the Committee on Education and the Workforce, for a period to be subsequently determined by the Speaker, in each case for consideration of such provisions as fall within the jurisdiction of the committee concerned."
            },
            "number": "4924",
            "policyArea": {
                "name": "Taxation"
            },
            "title": "Auto Reenroll Act of 2023",
            "type": "HR",
            "url": "https://api.congress.gov/v3/bill/118/hr/4924?format=json"
        },
        {
            "congress": 118,
            "introducedDate": "2023-07-19",
            "latestAction": {
                "actionDate": "2023-07-26",
                "text": "Ordered to be Reported by Voice Vote."
            },
            "number": "4741",
            "policyArea": {
                "name": "International Affairs"
            },
            "title": "Securing Global Telecommunications Act",
            "type": "HR",
            "url": "https://api.congress.gov/v3/bill/118/hr/4741?format=json"
        },
        {
            "congress": 118,
            "introducedDate": "2023-07-12",
            "latestAction": {
                "actionDate": "2023-07-20",
                "text": "Sponsor introductory remarks on measure. (CR H3875)"
            },
            "number": "4585",
            "policyArea": {
                "name": "Health"
            },
            "title": "Advancing Maternal Health Equity Under Medicaid Act",
            "type": "HR",
            "url": "https://api.congress.gov/v3/bill/118/hr/4585?format=json"
        },
        {
            "congress": 118,
            "introducedDate": "2023-06-14",
            "latestAction": {
                "actionDate": "2023-06-16",
                "text": "Referred to the Subcommittee on Health."
            },
            "number": "4121",
            "policyArea": {
                "name": "Health"
            },
            "title": "Right to Contraception Act",
            "type": "HR",
            "url": "https://api.congress.gov/v3/bill/118/hr/4121?format=json"
        },
        {
            "congress": 118,
            "introducedDate": "2023-05-15",
            "latestAction": {
                "actionDate": "2023-05-15",
                "text": "Referred to the House Committee on Education and the Workforce."
            },
            "number": "3331",
            "policyArea": {
                "name": "Agriculture and Food"
            },
            "title": "Improving Mental Health and Wellness in Schools Act",
            "type": "HR",
            "url": "https://api.congress.gov/v3/bill/118/hr/3331?format=json"
        },
        {
            "congress": 118,
            "introducedDate": "2023-04-19",
            "latestAction": {
                "actionDate": "2023-04-19",
                "text": "Referred to the House Committee on Energy and Commerce."
            },
            "number": "309",
            "policyArea": {
                "name": "Health"
            },
            "title": "Expressing the sense of the House of Representatives that the Food and Drug Administration has the authority to approve drugs for abortion care.",
            "type": "HRES",
            "url": "https://api.congress.gov/v3/bill/118/hres/309?format=json"
        },
        {
            "amendmentNumber": "53",
            "congress": 118,
            "introducedDate": "2023-01-26",
            "latestAction": {
                "actionDate": "2023-01-27",
                "actionTime": "11:47:43",
                "text": "On agreeing to the Manning amendment (A052) Failed by recorded vote: 206 - 220 (Roll no. 76). (consideration: CR H458-459)"
            },
            "type": null,
            "url": "https://api.congress.gov/v3/amendment/118/hamdt/53?format=json"
        },
        {
            "congress": 117,
            "introducedDate": "2022-07-26",
            "latestAction": {
                "actionDate": "2022-09-21",
                "text": "Received in the Senate and Read twice and referred to the Committee on Foreign Relations."
            },
            "number": "8503",
            "policyArea": {
                "name": "International Affairs"
            },
            "title": "Securing Global Telecommunications Act",
            "type": "HR",
            "url": "https://api.congress.gov/v3/bill/117/hr/8503?format=json"
        },
        {
            "congress": 117,
            "introducedDate": "2022-07-14",
            "latestAction": {
                "actionDate": "2022-07-21",
                "text": "Received in the Senate."
            },
            "number": "8373",
            "policyArea": {
                "name": "Health"
            },
            "title": "Right to Contraception Act",
            "type": "HR",
            "url": "https://api.congress.gov/v3/bill/117/hr/8373?format=json"
        },
        {
            "congress": 117,
            "introducedDate": "2022-06-24",
            "latestAction": {
                "actionDate": "2022-06-24",
                "text": "Referred to the Committee on Energy and Commerce, and in addition to the Committees on Education and Labor, and Ways and Means, for a period to be subsequently determined by the Speaker, in each case for consideration of such provisions as fall within the jurisdiction of the committee concerned."
            },
            "number": "8229",
            "policyArea": {
                "name": "Health"
            },
            "title": "Telemental Health Parity Act of 2022",
            "type": "HR",
            "url": "https://api.congress.gov/v3/bill/117/hr/8229?format=json"
        },
        {
            "congress": 117,
            "introducedDate": "2022-06-07",
            "latestAction": {
                "actionDate": "2022-11-01",
                "text": "Referred to the Subcommittee on the Constitution, Civil Rights, and Civil Liberties."
            },
            "number": "1155",
            "policyArea": {
                "name": "Health"
            },
            "title": "Expressing support for contraceptive rights and access in the United States and expressing the sense of the House of Representatives regarding comprehensive reproductive health care.",
            "type": "HRES",
            "url": "https://api.congress.gov/v3/bill/117/hres/1155?format=json"
        },
        {
            "congress": 117,
            "introducedDate": "2022-03-09",
            "latestAction": {
                "actionDate": "2022-03-10",
                "text": "Referred to the Subcommittee on Health."
            },
            "number": "7035",
            "policyArea": {
                "name": "Health"
            },
            "title": "Biologics Market Transparency Act of 2022",
            "type": "HR",
            "url": "https://api.congress.gov/v3/bill/117/hr/7035?format=json"
        },
        {
            "congress": 117,
            "introducedDate": "2022-02-18",
            "latestAction": {
                "actionDate": "2022-02-18",
                "text": "Referred to the Committee on Ways and Means, and in addition to the Committee on Education and Labor, for a period to be subsequently determined by the Speaker, in each case for consideration of such provisions as fall within the jurisdiction of the committee concerned."
            },
            "number": "6782",
            "policyArea": {
                "name": "Labor and Employment"
            },
            "title": "Auto Reenroll Act of 2022",
            "type": "HR",
            "url": "https://api.congress.gov/v3/bill/117/hr/6782?format=json"
        },
        {
            "congress": 117,
            "introducedDate": "2022-02-04",
            "latestAction": {
                "actionDate": "2022-02-07",
                "text": "Referred to the Subcommittee on Health."
            },
            "number": "6612",
            "policyArea": {
                "name": "Health"
            },
            "title": "Advancing Maternal Health Equity Under Medicaid Act",
            "type": "HR",
            "url": "https://api.congress.gov/v3/bill/117/hr/6612?format=json"
        },
        {
            "congress": 117,
            "introducedDate": "2021-12-09",
            "latestAction": {
                "actionDate": "2021-12-10",
                "text": "Referred to the Subcommittee on Health."
            },
            "number": "6228",
            "policyArea": {
                "name": "Health"
            },
            "title": "Capping Prescription Costs Act of 2021",
            "type": "HR",
            "url": "https://api.congress.gov/v3/bill/117/hr/6228?format=json"
        },
        {
            "congress": 117,
            "introducedDate": "2021-11-09",
            "latestAction": {
                "actionDate": "2021-11-09",
                "text": "Referred to the House Committee on Education and Labor."
            },
            "number": "5934",
            "policyArea": {
                "name": "Agriculture and Food"
            },
            "title": "Supporting Healthy Mothers and Infants Act of 2021",
            "type": "HR",
            "url": "https://api.congress.gov/v3/bill/117/hr/5934?format=json"
        },
        {
            "congress": 117,
            "introducedDate": "2021-11-04",
            "latestAction": {
                "actionDate": "2021-11-04",
                "text": "Referred to the Committee on Education and Labor, and in addition to the Committee on Ways and Means, for a period to be subsequently determined by the Speaker, in each case for consideration of such provisions as fall within the jurisdiction of the committee concerned."
            },
            "number": "5873",
            "policyArea": {
                "name": "Labor and Employment"
            },
            "title": "Improving Part-Time Workers Access to Retirement Act of 2021",
            "type": "HR",
            "url": "https://api.congress.gov/v3/bill/117/hr/5873?format=json"
        },
        {
            "congress": 117,
            "introducedDate": "2021-10-08",
            "latestAction": {
                "actionDate": "2021-10-08",
                "text": "Referred to the House Committee on Education and Labor."
            },
            "number": "5526",
            "policyArea": {
                "name": "Agriculture and Food"
            },
            "title": "Improving Mental Health and Wellness in Schools Act",
            "type": "HR",
            "url": "https://api.congress.gov/v3/bill/117/hr/5526?format=json"
        },
        {
            "congress": 117,
            "introducedDate": "2021-07-21",
            "latestAction": {
                "actionDate": "2021-07-29",
                "text": "Ordered to be Reported (Amended) by Voice Vote."
            },
            "number": "547",
            "policyArea": {
                "name": "International Affairs"
            },
            "title": "Calling for the continued support of Afghan women and girls after the drawdown of American troops.",
            "type": "HRES",
            "url": "https://api.congress.gov/v3/bill/117/hres/547?format=json"
        }
    ]
}