{
    "pagination": {
        "count": 111
    },
    "request": {
        "bioguideId": "s001172",
        "contentType": "application/json",
        "format": "json"
    },
    "sponsoredLegislation": [
        {
            "congress": 118,
            "introducedDate": "2024-07-23",
            "latestAction": {
                "actionDate": "2024-07-23",
                "text": "Referred to the House Committee on Ways and Means."
            },
            "number": "9109",
            "policyArea": {
                "name": null
            },
            "title": "To prohibit the Secretary of the Treasury from implementing or continuing a free, public electronic tax return-filing service option.",
            "type": "HR",
            "url": "https://api.congress.gov/v3/bill/118/hr/9109?format=json"
        },
        {
            "congress": 118,
            "introducedDate": "2024-06-25",
            "latestAction": {
                "actionDate": "2024-06-25",
                "text": "Referred to the House Committee on Ways and Means."
            },
            "number": "8815",
            "policyArea": {
                "name": "Families"
            },
            "title": "Youth and Family Engagement in Child Welfare Act",
            "type": "HR",
            "url": "https://api.congress.gov/v3/bill/118/hr/8815?format=json"
        },
        {
            "congress": 118,
            "introducedDate": "2024-05-15",
            "latestAction": {
                "actionDate": "2024-05-15",
                "text": "Referred to the House Committee on Natural Resources."
            },
            "number": "8413",
            "policyArea": {
                "name": null
            },
            "title": "Swanson and Hugh Butler Reservoirs Land Conveyances Act",
            "type": "HR",
            "url": "https://api.congress.gov/v3/bill/118/hr/8413?format=json"
        },
        {
            "congress": 118,
            "introducedDate": "2024-05-14",
            "latestAction": {
                "actionDate": "2024-05-14",
                "text": "Referred to the House Committee on Ways and Means."
            },
            "number": "8398",
            "policyArea": {
                "name": "Foreign Trade and International Finance"
            },
            "title": "Miscellaneous Tariff Bill Reform Act",
            "type": "HR",
            "url": "https://api.congress.gov/v3/bill/118/hr/8398?format=json"
        },
        {
            "congress": 118,
            "introducedDate": "2024-04-15",
            "latestAction": {
                "actionDate": "2024-04-17",
                "text": "Ordered to be Reported in the Nature of a Substitute (Amended) by the Yeas and Nays: 25 - 17."
            },
            "number": "7986",
            "policyArea": {
                "name": "Foreign Trade and International Finance"
            },
            "title": "Generalized System of Preferences Reform Act",
            "type": "HR",
            "url": "https://api.congress.gov/v3/bill/118/hr/7986?format=json"
        },
        {
            "congress": 118,
            "introducedDate": "2024-02-29",
            "latestAction": {
                "actionDate": "2024-02-29",
                "text": "Referred to the House Committee on Oversight and Accountability."
            },
            "number": "7507",
            "policyArea": {
                "name": "Government Operations and Politics"
            },
            "title": "To designate the facility of the United States Postal Service located at 203 East 6th Street in Lexington, Nebraska, as the \"Bill Barrett Post Office Building\".",
            "type": "HR",
            "url": "https://api.congress.gov/v3/bill/118/hr/7507?format=json"
        },
        {
            "congress": 118,
            "introducedDate": "2024-02-20",
            "latestAction": {
                "actionDate": "2024-02-20",
                "text": "Referred to the House Committee on Ways and Means."
            },
            "number": "7426",
            "policyArea": {
                "name": "Social Welfare"
            },
            "title": "Targeting TANF to Families in Need Act",
            "type": "HR",
            "url": "https://api.congress.gov/v3/bill/118/hr/7426?format=json"
        },
        {
            "congress": 118,
            "introducedDate": "2024-02-16",
            "latestAction": {
                "actionDate": "2024-02-16",
                "text": "Referred to the House Committee on Ways and Means."
            },
            "number": "7407",
            "policyArea": {
                "name": "Taxation"
            },
            "title": "Small Business Dependent Care FSA Opportunity Act",
            "type": "HR",
            "url": "https://api.congress.gov/v3/bill/118/hr/7407?format=json"
        },
        {
            "congress": 118,
            "introducedDate": "2024-01-11",
            "latestAction": {
                "actionDate": "2024-01-19",
                "text": "Referred to the Subcommittee on Economic Development, Public Buildings, and Emergency Management."
            },
            "number": "6984",
            "policyArea": {
                "name": "Government Operations and Politics"
            },
            "title": "To designate the Federal building located at 300 E. 3rd Street in North Platte, Nebraska, as the \"Virginia Smith Federal Building\", and for other purposes.",
            "type": "HR",
            "url": "https://api.congress.gov/v3/bill/118/hr/6984?format=json"
        },
        {
            "congress": 118,
            "introducedDate": "2023-12-12",
            "latestAction": {
                "actionDate": "2023-12-15",
                "text": "Referred to the Subcommittee on Health."
            },
            "number": "6732",
            "policyArea": {
                "name": "Health"
            },
            "title": "Strengthening Innovation in Medicare and Medicaid Act",
            "type": "HR",
            "url": "https://api.congress.gov/v3/bill/118/hr/6732?format=json"
        },
        {
            "congress": 118,
            "introducedDate": "2023-12-07",
            "latestAction": {
                "actionDate": "2023-12-07",
                "text": "Referred to the House Committee on Ways and Means."
            },
            "number": "6653",
            "policyArea": {
                "name": "Taxation"
            },
            "title": "Maintaining and Enhancing Hydroelectricity and River Restoration Act of 2023",
            "type": "HR",
            "url": "https://api.congress.gov/v3/bill/118/hr/6653?format=json"
        },
        {
            "congress": 118,
            "introducedDate": "2023-11-08",
            "latestAction": {
                "actionDate": "2023-11-10",
                "text": "Referred to the Subcommittee on Health."
            },
            "number": "6313",
            "policyArea": {
                "name": "Health"
            },
            "title": "Keep Physicians Serving Patients Act of 2023",
            "type": "HR",
            "url": "https://api.congress.gov/v3/bill/118/hr/6313?format=json"
        },
        {
            "congress": 118,
            "introducedDate": "2023-09-28",
            "latestAction": {
                "actionDate": "2023-09-29",
                "text": "Referred to the Subcommittee on Health."
            },
            "number": "5818",
            "policyArea": {
                "name": "Health"
            },
            "title": "Medicare IVIG Access Enhancement Act of 2023",
            "type": "HR",
            "url": "https://api.congress.gov/v3/bill/118/hr/5818?format=json"
        },
        {
            "congress": 118,
            "introducedDate": "2023-09-27",
            "latestAction": {
                "actionDate": "2023-09-27",
                "text": "Referred to the House Committee on Ways and Means."
            },
            "number": "5774",
            "policyArea": {
                "name": "Taxation"
            },
            "title": "To amend the Internal Revenue Code of 1986 to clarify the treatment of distributions from health savings accounts for long-term care services.",
            "type": "HR",
            "url": "https://api.congress.gov/v3/bill/118/hr/5774?format=json"
        },
        {
            "congress": 118,
            "introducedDate": "2023-06-23",
            "latestAction": {
                "actionDate": "2023-06-23",
                "text": "Referred to the House Committee on Ways and Means."
            },
            "number": "4355",
            "policyArea": {
                "name": "Taxation"
            },
            "title": "Rural Veterinary Workforce Act",
            "type": "HR",
            "url": "https://api.congress.gov/v3/bill/118/hr/4355?format=json"
        },
        {
            "congress": 118,
            "introducedDate": "2023-06-05",
            "latestAction": {
                "actionDate": "2023-06-22",
                "text": "Received in the Senate and Read twice and referred to the Committee on Finance."
            },
            "number": "3801",
            "policyArea": {
                "name": "Taxation"
            },
            "title": "Employer Reporting Improvement Act",
            "type": "HR",
            "url": "https://api.congress.gov/v3/bill/118/hr/3801?format=json"
        },
        {
            "congress": 118,
            "introducedDate": "2023-06-06",
            "latestAction": {
                "actionDate": "2023-06-09",
                "text": "Referred to the Subcommittee on Health."
            },
            "number": "3876",
            "policyArea": {
                "name": "Health"
            },
            "title": "Access to Genetic Counselor Services Act of 2023",
            "type": "HR",
            "url": "https://api.congress.gov/v3/bill/118/hr/3876?format=json"
        },
        {
            "congress": 118,
            "introducedDate": "2023-05-31",
            "latestAction": {
                "actionDate": "2023-05-31",
                "text": "Referred to the House Committee on Ways and Means."
            },
            "number": "3778",
            "policyArea": {
                "name": "Foreign Trade and International Finance"
            },
            "title": "Formula 3.0 Act",
            "type": "HR",
            "url": "https://api.congress.gov/v3/bill/118/hr/3778?format=json"
        },
        {
            "congress": 118,
            "introducedDate": "2023-05-25",
            "latestAction": {
                "actionDate": "2023-05-26",
                "text": "Referred to the Subcommittee on Health."
            },
            "number": "3730",
            "policyArea": {
                "name": "Health"
            },
            "title": "Rural Health Clinic Burden Reduction Act",
            "type": "HR",
            "url": "https://api.congress.gov/v3/bill/118/hr/3730?format=json"
        },
        {
            "congress": 118,
            "introducedDate": "2023-05-25",
            "latestAction": {
                "actionDate": "2023-05-25",
                "text": "Referred to the Committee on Ways and Means, and in addition to the Committee on Foreign Affairs, for a period to be subsequently determined by the Speaker, in each case for consideration of such provisions as fall within the jurisdiction of the committee concerned."
            },
            "number": "449",
            "policyArea": {
                "name": "International Affairs"
            },
            "title": "Expressing the sense of the House of Representatives on the value of a tax agreement with Taiwan.",
            "type": "HRES",
            "url": "https://api.congress.gov/v3/bill/118/hres/449?format=json"
        },
        {
            "congress": 118,
            "introducedDate": "2023-05-24",
            "latestAction": {
                "actionDate": "2023-05-24",
                "text": "Referred to the Committee on Ways and Means, and in addition to the Committee on Rules, for a period to be subsequently determined by the Speaker, in each case for consideration of such provisions as fall within the jurisdiction of the committee concerned."
            },
            "number": "3653",
            "policyArea": {
                "name": "Foreign Trade and International Finance"
            },
            "title": "UNITED Act",
            "type": "HR",
            "url": "https://api.congress.gov/v3/bill/118/hr/3653?format=json"
        },
        {
            "congress": 118,
            "introducedDate": "2023-05-11",
            "latestAction": {
                "actionDate": "2023-12-21",
                "text": "Became Public Law No: 118-29."
            },
            "number": "63",
            "policyArea": {
                "name": "Government Operations and Politics"
            },
            "title": "Providing for the appointment of Antoinette Bush as a citizen regent of the Board of Regents of the Smithsonian Institution.",
            "type": "HJRES",
            "url": "https://api.congress.gov/v3/bill/118/hjres/63?format=json"
        },
        {
            "congress": 118,
            "introducedDate": "2023-05-11",
            "latestAction": {
                "actionDate": "2023-12-21",
                "text": "Became Public Law No: 118-30."
            },
            "number": "64",
            "policyArea": {
                "name": "Government Operations and Politics"
            },
            "title": "Providing for the reappointment of Roger W. Ferguson as a citizen regent of the Board of Regents of the Smithsonian Institution.",
            "type": "HJRES",
            "url": "https://api.congress.gov/v3/bill/118/hjres/64?format=json"
        },
        {
            "congress": 118,
            "introducedDate": "2023-05-11",
            "latestAction": {
                "actionDate": "2023-12-21",
                "text": "Became Public Law No: 118-28."
            },
            "number": "62",
            "policyArea": {
                "name": "Government Operations and Politics"
            },
            "title": "Providing for the reappointment of Michael Govan as a citizen regent of the Board of Regents of the Smithsonian Institution.",
            "type": "HJRES",
            "url": "https://api.congress.gov/v3/bill/118/hjres/62?format=json"
        },
        {
            "congress": 118,
            "introducedDate": "2023-05-05",
            "latestAction": {
                "actionDate": "2023-05-12",
                "text": "Referred to the Subcommittee on Health."
            },
            "number": "3118",
            "policyArea": {
                "name": "Health"
            },
            "title": "Home Dialysis Risk Prevention Act",
            "type": "HR",
            "url": "https://api.congress.gov/v3/bill/118/hr/3118?format=json"
        },
        {
            "congress": 118,
            "introducedDate": "2023-04-25",
            "latestAction": {
                "actionDate": "2023-04-28",
                "text": "Referred to the Subcommittee on Health."
            },
            "number": "2853",
            "policyArea": {
                "name": "Health"
            },
            "title": "Expanding Care in the Home Act",
            "type": "HR",
            "url": "https://api.congress.gov/v3/bill/118/hr/2853?format=json"
        },
        {
            "congress": 118,
            "introducedDate": "2023-04-20",
            "latestAction": {
                "actionDate": "2023-04-20",
                "text": "Referred to the House Committee on Ways and Means."
            },
            "number": "2788",
            "policyArea": {
                "name": "Taxation"
            },
            "title": "AIM Act",
            "type": "HR",
            "url": "https://api.congress.gov/v3/bill/118/hr/2788?format=json"
        },
        {
            "congress": 118,
            "introducedDate": "2023-03-24",
            "latestAction": {
                "actionDate": "2023-03-24",
                "text": "Referred to the House Committee on Ways and Means."
            },
            "number": "1795",
            "policyArea": {
                "name": "Taxation"
            },
            "title": "Homecare for Seniors Act",
            "type": "HR",
            "url": "https://api.congress.gov/v3/bill/118/hr/1795?format=json"
        },
        {
            "congress": 118,
            "introducedDate": "2023-03-23",
            "latestAction": {
                "actionDate": "2023-03-31",
                "text": "Referred to the Subcommittee on Health."
            },
            "number": "1770",
            "policyArea": {
                "name": "Health"
            },
            "title": "Equitable Community Access to Pharmacist Services Act",
            "type": "HR",
            "url": "https://api.congress.gov/v3/bill/118/hr/1770?format=json"
        },
        {
            "congress": 118,
            "introducedDate": "2023-03-14",
            "latestAction": {
                "actionDate": "2023-03-24",
                "text": "Referred to the Subcommittee on Environment, Manufacturing, and Critical Materials."
            },
            "number": "1608",
            "policyArea": {
                "name": "Environmental Protection"
            },
            "title": "Consumer and Fuel Retailer Choice Act of 2023",
            "type": "HR",
            "url": "https://api.congress.gov/v3/bill/118/hr/1608?format=json"
        },
        {
            "congress": 118,
            "introducedDate": "2023-03-10",
            "latestAction": {
                "actionDate": "2023-03-10",
                "text": "Referred to the House Committee on Ways and Means."
            },
            "number": "1565",
            "policyArea": {
                "name": "Health"
            },
            "title": "Critical Access Hospital Relief Act of 2023",
            "type": "HR",
            "url": "https://api.congress.gov/v3/bill/118/hr/1565?format=json"
        },
        {
            "congress": 118,
            "introducedDate": "2023-02-28",
            "latestAction": {
                "actionDate": "2023-03-10",
                "text": "Referred to the Subcommittee on Health."
            },
            "number": "1264",
            "policyArea": {
                "name": "Taxation"
            },
            "title": "Commonsense Reporting Act of 2023",
            "type": "HR",
            "url": "https://api.congress.gov/v3/bill/118/hr/1264?format=json"
        },
        {
            "congress": 118,
            "introducedDate": "2023-02-09",
            "latestAction": {
                "actionDate": "2023-02-17",
                "text": "Referred to the Subcommittee on Health."
            },
            "number": "955",
            "policyArea": {
                "name": "Health"
            },
            "title": "SOS: Sustaining Outpatient Services Act",
            "type": "HR",
            "url": "https://api.congress.gov/v3/bill/118/hr/955?format=json"
        },
        {
            "congress": 118,
            "introducedDate": "2023-02-09",
            "latestAction": {
                "actionDate": "2023-02-09",
                "text": "Referred to the House Committee on Financial Services."
            },
            "number": "954",
            "policyArea": {
                "name": "Social Welfare"
            },
            "title": "North Platte Canteen Congressional Gold Medal Act",
            "type": "HR",
            "url": "https://api.congress.gov/v3/bill/118/hr/954?format=json"
        },
        {
            "congress": 118,
            "introducedDate": "2023-01-26",
            "latestAction": {
                "actionDate": "2023-01-26",
                "text": "Referred to the Committee on Ways and Means, and in addition to the Committee on Education and the Workforce, for a period to be subsequently determined by the Speaker, in each case for consideration of such provisions as fall within the jurisdiction of the committee concerned."
            },
            "number": "531",
            "policyArea": {
                "name": "Taxation"
            },
            "title": "Educational Choice for Children Act",
            "type": "HR",
            "url": "https://api.congress.gov/v3/bill/118/hr/531?format=json"
        },
        {
            "congress": 118,
            "introducedDate": "2023-01-09",
            "latestAction": {
                "actionDate": "2023-01-25",
                "text": "Read the second time. Placed on Senate Legislative Calendar under General Orders. Calendar No. 1."
            },
            "number": "23",
            "policyArea": {
                "name": "Taxation"
            },
            "title": "Family and Small Business Taxpayer Protection Act",
            "type": "HR",
            "url": "https://api.congress.gov/v3/bill/118/hr/23?format=json"
        },
        {
            "congress": 117,
            "introducedDate": "2022-09-30",
            "latestAction": {
                "actionDate": "2022-09-30",
                "text": "Referred to the House Committee on Ways and Means."
            },
            "number": "9092",
            "policyArea": {
                "name": "Taxation"
            },
            "title": "Family and Small Business Taxpayer Protection Act",
            "type": "HR",
            "url": "https://api.congress.gov/v3/bill/117/hr/9092?format=json"
        },
        {
            "congress": 117,
            "introducedDate": "2022-07-26",
            "latestAction": {
                "actionDate": "2022-09-28",
                "text": "Placed on the House Calendar, Calendar No. 127."
            },
            "number": "1285",
            "policyArea": {
                "name": "Foreign Trade and International Finance"
            },
            "title": "Requesting the President to transmit certain information to the House of Representatives relating to a waiver of intellectual property commitments under the World Trade Organization Agreement on Trade-Related Aspects of Intellectual Property Rights.",
            "type": "HRES",
            "url": "https://api.congress.gov/v3/bill/117/hres/1285?format=json"
        },
        {
            "congress": 117,
            "introducedDate": "2022-06-09",
            "latestAction": {
                "actionDate": "2022-06-09",
                "text": "Referred to the Subcommittee on Trade."
            },
            "number": "1169",
            "policyArea": {
                "name": "Foreign Trade and International Finance"
            },
            "title": "Requesting the President to transmit certain information to the House of Representatives relating to the proposed waiver of intellectual property commitments under the World Trade Organization Agreement on Trade- Related Aspects of Intellectual Property Rights.",
            "type": "HRES",
            "url": "https://api.congress.gov/v3/bill/117/hres/1169?format=json"
        },
        {
            "congress": 117,
            "introducedDate": "2022-05-24",
            "latestAction": {
                "actionDate": "2022-05-24",
                "text": "Referred to the Subcommittee on Health."
            },
            "number": "7876",
            "policyArea": {
                "name": "Health"
            },
            "title": "Connecting Rural Telehealth to the Future Act",
            "type": "HR",
            "url": "https://api.congress.gov/v3/bill/117/hr/7876?format=json"
        },
        {
            "congress": 117,
            "introducedDate": "2022-05-16",
            "latestAction": {
                "actionDate": "2022-05-16",
                "text": "Referred to the House Committee on Financial Services."
            },
            "number": "7788",
            "policyArea": {
                "name": "Social Welfare"
            },
            "title": "North Platte Canteen Congressional Gold Medal Act",
            "type": "HR",
            "url": "https://api.congress.gov/v3/bill/117/hr/7788?format=json"
        },
        {
            "congress": 117,
            "introducedDate": "2022-04-06",
            "latestAction": {
                "actionDate": "2022-04-06",
                "text": "Referred to the Committee on Ways and Means, and in addition to the Committee on Rules, for a period to be subsequently determined by the Speaker, in each case for consideration of such provisions as fall within the jurisdiction of the committee concerned."
            },
            "number": "7430",
            "policyArea": {
                "name": "Foreign Trade and International Finance"
            },
            "title": "Protecting American Innovation Act",
            "type": "HR",
            "url": "https://api.congress.gov/v3/bill/117/hr/7430?format=json"
        },
        {
            "congress": 117,
            "introducedDate": "2022-02-09",
            "latestAction": {
                "actionDate": "2022-02-09",
                "text": "Referred to the House Committee on Ways and Means."
            },
            "number": "6700",
            "policyArea": {
                "name": "Health"
            },
            "title": "Critical Access Hospital Relief Act of 2022",
            "type": "HR",
            "url": "https://api.congress.gov/v3/bill/117/hr/6700?format=json"
        },
        {
            "congress": 117,
            "introducedDate": "2021-07-19",
            "latestAction": {
                "actionDate": "2021-07-19",
                "text": "Referred to the House Committee on Ways and Means."
            },
            "number": "4539",
            "policyArea": {
                "name": "Social Welfare"
            },
            "title": "Focusing State Efforts to Expand Opportunity Act",
            "type": "HR",
            "url": "https://api.congress.gov/v3/bill/117/hr/4539?format=json"
        },
        {
            "congress": 117,
            "introducedDate": "2021-08-27",
            "latestAction": {
                "actionDate": "2021-08-30",
                "text": "Referred to the Subcommittee on Health."
            },
            "number": "5125",
            "policyArea": {
                "name": "Health"
            },
            "title": "Strengthening Innovation in Medicare and Medicaid Act",
            "type": "HR",
            "url": "https://api.congress.gov/v3/bill/117/hr/5125?format=json"
        },
        {
            "congress": 117,
            "introducedDate": "2021-06-15",
            "latestAction": {
                "actionDate": "2021-06-15",
                "text": "Referred to the Subcommittee on Social Security."
            },
            "number": "3889",
            "policyArea": {
                "name": "Social Welfare"
            },
            "title": "Providing Choice for Social Security Retirees Act",
            "type": "HR",
            "url": "https://api.congress.gov/v3/bill/117/hr/3889?format=json"
        },
        {
            "congress": 117,
            "introducedDate": "2021-05-11",
            "latestAction": {
                "actionDate": "2021-11-09",
                "text": "Referred to the Subcommittee on Immigration and Citizenship."
            },
            "number": "3120",
            "policyArea": {
                "name": "Immigration"
            },
            "title": "UAC State Notification Act of 2021",
            "type": "HR",
            "url": "https://api.congress.gov/v3/bill/117/hr/3120?format=json"
        },
        {
            "congress": 116,
            "introducedDate": "2020-05-08",
            "latestAction": {
                "actionDate": "2020-05-08",
                "text": "Referred to the Committee on Energy and Commerce, and in addition to the Committee on Ways and Means, for a period to be subsequently determined by the Speaker, in each case for consideration of such provisions as fall within the jurisdiction of the committee concerned."
            },
            "number": "6792",
            "policyArea": {
                "name": "Health"
            },
            "title": "Improving Telehealth for Underserved Communities Act of 2020",
            "type": "HR",
            "url": "https://api.congress.gov/v3/bill/116/hr/6792?format=json"
        },
        {
            "congress": 116,
            "introducedDate": "2020-04-21",
            "latestAction": {
                "actionDate": "2020-04-21",
                "text": "Referred to the House Committee on Small Business."
            },
            "number": "6569",
            "policyArea": {
                "name": "Commerce"
            },
            "title": "Rural Health Relief Act",
            "type": "HR",
            "url": "https://api.congress.gov/v3/bill/116/hr/6569?format=json"
        },
        {
            "congress": 116,
            "introducedDate": "2019-11-08",
            "latestAction": {
                "actionDate": "2019-11-12",
                "text": "Referred to the Subcommittee on Communications and Technology."
            },
            "number": "5025",
            "policyArea": {
                "name": "Science, Technology, Communications"
            },
            "title": "WEST Access Act",
            "type": "HR",
            "url": "https://api.congress.gov/v3/bill/116/hr/5025?format=json"
        },
        {
            "congress": 116,
            "introducedDate": "2019-05-16",
            "latestAction": {
                "actionDate": "2019-05-17",
                "text": "Referred to the Subcommittee on Health."
            },
            "number": "2788",
            "policyArea": {
                "name": "Health"
            },
            "title": "Rural Health Clinic Modernization Act of 2019",
            "type": "HR",
            "url": "https://api.congress.gov/v3/bill/116/hr/2788?format=json"
        },
        {
            "congress": 116,
            "introducedDate": "2019-04-29",
            "latestAction": {
                "actionDate": "2019-04-29",
                "text": "Referred to the House Committee on Oversight and Reform."
            },
            "number": "2392",
            "policyArea": {
                "name": "Government Operations and Politics"
            },
            "title": "American Community Survey Act",
            "type": "HR",
            "url": "https://api.congress.gov/v3/bill/116/hr/2392?format=json"
        },
        {
            "congress": 116,
            "introducedDate": "2019-04-10",
            "latestAction": {
                "actionDate": "2019-04-10",
                "text": "Referred to the House Committee on Ways and Means."
            },
            "number": "2284",
            "policyArea": {
                "name": "Taxation"
            },
            "title": "Disaster Tax Relief Act of 2019",
            "type": "HR",
            "url": "https://api.congress.gov/v3/bill/116/hr/2284?format=json"
        },
        {
            "congress": 116,
            "introducedDate": "2019-02-28",
            "latestAction": {
                "actionDate": "2019-02-28",
                "text": "Referred to the Subcommittee on Worker and Family Support."
            },
            "number": "1473",
            "policyArea": {
                "name": "Social Welfare"
            },
            "title": "Focusing State Efforts to Expand Opportunity Act",
            "type": "HR",
            "url": "https://api.congress.gov/v3/bill/116/hr/1473?format=json"
        },
        {
            "congress": 116,
            "introducedDate": "2019-02-28",
            "latestAction": {
                "actionDate": "2021-01-13",
                "text": "Became Public Law No: 116-328."
            },
            "number": "1472",
            "policyArea": {
                "name": "Public Lands and Natural Resources"
            },
            "title": "To rename the Homestead National Monument of America near Beatrice, Nebraska, as the Homestead National Historical Park.",
            "type": "HR",
            "url": "https://api.congress.gov/v3/bill/116/hr/1472?format=json"
        },
        {
            "congress": 113,
            "introducedDate": "2014-07-30",
            "latestAction": {
                "actionDate": "2014-07-31",
                "text": "Referred to the Subcommittee on Aviation."
            },
            "number": "5295",
            "policyArea": {
                "name": "Transportation and Public Works"
            },
            "title": "Small Airport Regulation Relief Act of 2014",
            "type": "HR",
            "url": "https://api.congress.gov/v3/bill/113/hr/5295?format=json"
        },
        {
            "congress": 113,
            "introducedDate": "2014-07-17",
            "latestAction": {
                "actionDate": "2014-09-02",
                "text": "Referred to the Subcommittee on Immigration and Border Security."
            },
            "number": "5129",
            "policyArea": {
                "name": "Immigration"
            },
            "title": "UAC State Notification Act of 2014",
            "type": "HR",
            "url": "https://api.congress.gov/v3/bill/113/hr/5129?format=json"
        },
        {
            "congress": 113,
            "introducedDate": "2014-05-01",
            "latestAction": {
                "actionDate": "2014-07-23",
                "text": "Received in the Senate and Read twice and referred to the Committee on Energy and Natural Resources."
            },
            "number": "4562",
            "policyArea": {
                "name": "Water Resources Development"
            },
            "title": "To authorize early repayment of obligations to the Bureau of Reclamation within the Northport Irrigation District in the State of Nebraska.",
            "type": "HR",
            "url": "https://api.congress.gov/v3/bill/113/hr/4562?format=json"
        },
        {
            "congress": 113,
            "introducedDate": "2014-02-04",
            "latestAction": {
                "actionDate": "2014-02-04",
                "text": "Referred to the House Committee on Ways and Means."
            },
            "number": "3991",
            "policyArea": {
                "name": "Health"
            },
            "title": "Critical Access Hospital Relief Act of 2014",
            "type": "HR",
            "url": "https://api.congress.gov/v3/bill/113/hr/3991?format=json"
        },
        {
            "congress": 113,
            "introducedDate": "2013-12-12",
            "latestAction": {
                "actionDate": "2013-12-13",
                "text": "Referred to the Subcommittee on Health."
            },
            "number": "3769",
            "policyArea": {
                "name": "Health"
            },
            "title": "To extend the nonenforcement instruction for the Medicare direct supervision requirement for therapeutic hospital outpatient services insofar as it applies to critical access hospitals and rural hospitals, to require a study of the impact on critical access hospitals and rural hospitals of a failure to extend such instruction, and for other purposes.",
            "type": "HR",
            "url": "https://api.congress.gov/v3/bill/113/hr/3769?format=json"
        },
        {
            "congress": 113,
            "introducedDate": "2013-07-08",
            "latestAction": {
                "actionDate": "2013-07-08",
                "text": "Referred to the House Committee on Oversight and Government Reform."
            },
            "number": "2615",
            "policyArea": {
                "name": "Government Operations and Politics"
            },
            "title": "Securing Access to Rural Postal Services Act of 2013",
            "type": "HR",
            "url": "https://api.congress.gov/v3/bill/113/hr/2615?format=json"
        },
        {
            "congress": 113,
            "introducedDate": "2013-06-12",
            "latestAction": {
                "actionDate": "2013-06-14",
                "text": "Referred to the Subcommittee on Health."
            },
            "number": "2329",
            "policyArea": {
                "name": "Health"
            },
            "title": "Administrative Relief and Accurate Medicare Payments Act of 2013",
            "type": "HR",
            "url": "https://api.congress.gov/v3/bill/113/hr/2329?format=json"
        },
        {
            "congress": 112,
            "introducedDate": "2012-07-10",
            "latestAction": {
                "actionDate": "2012-07-11",
                "text": "Referred to the Subcommittee on Aviation."
            },
            "number": "6093",
            "policyArea": {
                "name": "Environmental Protection"
            },
            "title": "To establish a moratorium on aerial surveillance conducted by the Administrator of the Environmental Protection Agency under the Federal Water Pollution Control Act.",
            "type": "HR",
            "url": "https://api.congress.gov/v3/bill/112/hr/6093?format=json"
        },
        {
            "congress": 112,
            "introducedDate": "2012-05-07",
            "latestAction": {
                "actionDate": "2012-05-14",
                "text": "Referred to the Subcommittee on Trade."
            },
            "number": "5507",
            "policyArea": {
                "name": "Foreign Trade and International Finance"
            },
            "title": "To reduce temporarily the rate of duty on S-N-ALKYL-ANILIN.",
            "type": "HR",
            "url": "https://api.congress.gov/v3/bill/112/hr/5507?format=json"
        },
        {
            "congress": 112,
            "introducedDate": "2012-05-07",
            "latestAction": {
                "actionDate": "2012-05-14",
                "text": "Referred to the Subcommittee on Trade."
            },
            "number": "5504",
            "policyArea": {
                "name": "Foreign Trade and International Finance"
            },
            "title": "To suspend temporarily the rate of duty on Dichloroacetyl Chloride.",
            "type": "HR",
            "url": "https://api.congress.gov/v3/bill/112/hr/5504?format=json"
        },
        {
            "congress": 112,
            "introducedDate": "2012-05-07",
            "latestAction": {
                "actionDate": "2012-05-14",
                "text": "Referred to the Subcommittee on Trade."
            },
            "number": "5505",
            "policyArea": {
                "name": "Foreign Trade and International Finance"
            },
            "title": "To suspend temporarily the rate of duty on Profenofos.",
            "type": "HR",
            "url": "https://api.congress.gov/v3/bill/112/hr/5505?format=json"
        },
        {
            "congress": 112,
            "introducedDate": "2012-05-07",
            "latestAction": {
                "actionDate": "2012-05-14",
                "text": "Referred to the Subcommittee on Trade."
            },
            "number": "5506",
            "policyArea": {
                "name": "Foreign Trade and International Finance"
            },
            "title": "To suspend temporarily the rate of duty on Sedaxane.",
            "type": "HR",
            "url": "https://api.congress.gov/v3/bill/112/hr/5506?format=json"
        },
        {
            "congress": 112,
            "introducedDate": "2011-02-18",
            "latestAction": {
                "actionDate": "2011-09-23",
                "text": "Reported (Amended) by the Committee on Natural Resources. H. Rept. 112-219, Part I."
            },
            "number": "795",
            "policyArea": {
                "name": "Energy"
            },
            "title": "Small-Scale Hydropower Enhancement Act of 2011",
            "type": "HR",
            "url": "https://api.congress.gov/v3/bill/112/hr/795?format=json"
        },
        {
            "congress": 116,
            "introducedDate": "2019-02-07",
            "latestAction": {
                "actionDate": "2019-02-07",
                "text": "Referred to the Subcommittee on Health."
            },
            "number": "1041",
            "policyArea": {
                "name": "Health"
            },
            "title": "Critical Access Hospital Relief Act of 2019",
            "type": "HR",
            "url": "https://api.congress.gov/v3/bill/116/hr/1041?format=json"
        },
        {
            "congress": 115,
            "introducedDate": "2018-10-05",
            "latestAction": {
                "actionDate": "2018-10-17",
                "text": "Referred to the Subcommittee on Federal Lands."
            },
            "number": "7033",
            "policyArea": {
                "name": "Public Lands and Natural Resources"
            },
            "title": "To rename the Homestead National Monument of America near Beatrice, Nebraska, as the Homestead National Historical Park.",
            "type": "HR",
            "url": "https://api.congress.gov/v3/bill/115/hr/7033?format=json"
        },
        {
            "congress": 115,
            "introducedDate": "2018-07-25",
            "latestAction": {
                "actionDate": "2018-08-08",
                "text": "Referred to the Subcommittee on Health."
            },
            "number": "6502",
            "policyArea": {
                "name": "Health"
            },
            "title": "RUSH Act of 2018",
            "type": "HR",
            "url": "https://api.congress.gov/v3/bill/115/hr/6502?format=json"
        },
        {
            "congress": 115,
            "introducedDate": "2018-05-17",
            "latestAction": {
                "actionDate": "2018-06-13",
                "text": "Placed on the Union Calendar, Calendar No. 587."
            },
            "number": "5861",
            "policyArea": {
                "name": "Social Welfare"
            },
            "title": "Jobs and Opportunity with Benefits and Services for Success Act",
            "type": "HR",
            "url": "https://api.congress.gov/v3/bill/115/hr/5861?format=json"
        },
        {
            "amendmentNumber": "560",
            "congress": 115,
            "introducedDate": "2018-04-26",
            "latestAction": {
                "actionDate": "2018-04-26",
                "actionTime": "15:38:24",
                "text": "On agreeing to the Smith (NE) amendment (A015) Agreed to by voice vote. "
            },
            "type": null,
            "url": "https://api.congress.gov/v3/amendment/115/hamdt/560?format=json"
        },
        {
            "congress": 115,
            "introducedDate": "2018-04-13",
            "latestAction": {
                "actionDate": "2018-04-19",
                "text": "Referred to the Subcommittee on Health."
            },
            "number": "5507",
            "policyArea": {
                "name": "Health"
            },
            "title": "Critical Access Hospital Relief Act of 2018",
            "type": "HR",
            "url": "https://api.congress.gov/v3/bill/115/hr/5507?format=json"
        },
        {
            "congress": 115,
            "introducedDate": "2018-04-13",
            "latestAction": {
                "actionDate": "2018-04-19",
                "text": "Referred to the Subcommittee on Health."
            },
            "number": "5506",
            "policyArea": {
                "name": "Health"
            },
            "title": "To amend title XVIII of the Social Security Act to provide for direct payment to physician assistants under the Medicare program for certain services furnished by such physician assistants.",
            "type": "HR",
            "url": "https://api.congress.gov/v3/bill/115/hr/5506?format=json"
        },
        {
            "congress": 115,
            "introducedDate": "2017-12-19",
            "latestAction": {
                "actionDate": "2019-01-10",
                "text": "Became Public Law No: 115-429."
            },
            "number": "4689",
            "policyArea": {
                "name": "Water Resources Development"
            },
            "title": "An act to authorize early repayment of obligations to the Bureau of Reclamation within the Northport Irrigation District in the State of Nebraska",
            "type": "HR",
            "url": "https://api.congress.gov/v3/bill/115/hr/4689?format=json"
        },
        {
            "congress": 115,
            "introducedDate": "2017-10-27",
            "latestAction": {
                "actionDate": "2017-10-27",
                "text": "Referred to the House Committee on Ways and Means."
            },
            "number": "4166",
            "policyArea": {
                "name": "Taxation"
            },
            "title": "To amend the Internal Revenue Code of 1986 to allow all employees of a firm to be counted as a single shareholder toward the shareholder limit of an S corporation.",
            "type": "HR",
            "url": "https://api.congress.gov/v3/bill/115/hr/4166?format=json"
        },
        {
            "amendmentNumber": "447",
            "congress": 115,
            "introducedDate": "2017-09-26",
            "latestAction": {
                "actionDate": "2017-09-26",
                "actionTime": "14:31:55",
                "text": "On agreeing to the Smith (NE) amendment (A001) Agreed to by voice vote. "
            },
            "type": null,
            "url": "https://api.congress.gov/v3/amendment/115/hamdt/447?format=json"
        },
        {
            "congress": 115,
            "introducedDate": "2017-06-08",
            "latestAction": {
                "actionDate": "2017-09-28",
                "text": "Received in the Senate and Read twice and referred to the Committee on Finance."
            },
            "number": "2824",
            "policyArea": {
                "name": "Social Welfare"
            },
            "title": "Increasing Opportunity and Success for Children and Parents through Evidence-Based Home Visiting Act",
            "type": "HR",
            "url": "https://api.congress.gov/v3/bill/115/hr/2824?format=json"
        },
        {
            "congress": 115,
            "introducedDate": "2017-05-25",
            "latestAction": {
                "actionDate": "2017-06-12",
                "text": "Referred to the Subcommittee on Trade."
            },
            "number": "2735",
            "policyArea": {
                "name": "Foreign Trade and International Finance"
            },
            "title": "GSP Footwear Act of 2017",
            "type": "HR",
            "url": "https://api.congress.gov/v3/bill/115/hr/2735?format=json"
        },
        {
            "congress": 115,
            "introducedDate": "2017-04-28",
            "latestAction": {
                "actionDate": "2017-05-05",
                "text": "Referred to the Subcommittee on Health."
            },
            "number": "2224",
            "policyArea": {
                "name": "Health"
            },
            "title": "Repeal of the Obamacare Bay State Boondoggle Act",
            "type": "HR",
            "url": "https://api.congress.gov/v3/bill/115/hr/2224?format=json"
        },
        {
            "congress": 114,
            "introducedDate": "2015-01-06",
            "latestAction": {
                "actionDate": "2015-03-30",
                "text": "Referred to the Subcommittee on Health."
            },
            "number": "170",
            "policyArea": {
                "name": "Health"
            },
            "title": "Rural Health Care Provider Relief Act of 2015",
            "type": "HR",
            "url": "https://api.congress.gov/v3/bill/114/hr/170?format=json"
        },
        {
            "congress": 114,
            "introducedDate": "2015-01-06",
            "latestAction": {
                "actionDate": "2015-01-26",
                "text": "Referred to the Subcommittee on Commodity Exchanges, Energy, and Credit."
            },
            "number": "171",
            "policyArea": {
                "name": "Finance and Financial Sector"
            },
            "title": "To repeal the Dodd-Frank Wall Street Reform and Consumer Protection Act.",
            "type": "HR",
            "url": "https://api.congress.gov/v3/bill/114/hr/171?format=json"
        },
        {
            "congress": 114,
            "introducedDate": "2015-01-06",
            "latestAction": {
                "actionDate": "2015-03-30",
                "text": "Referred to the Subcommittee on Health."
            },
            "number": "169",
            "policyArea": {
                "name": "Health"
            },
            "title": "Critical Access Hospital Relief Act of 2015",
            "type": "HR",
            "url": "https://api.congress.gov/v3/bill/114/hr/169?format=json"
        },
        {
            "congress": 115,
            "introducedDate": "2017-03-30",
            "latestAction": {
                "actionDate": "2017-03-31",
                "text": "Referred to the Subcommittee on Trade."
            },
            "number": "236",
            "policyArea": {
                "name": "Foreign Trade and International Finance"
            },
            "title": "Recognizing the importance of the United States-Japan partnership and supporting the pursuit of closer trade ties between the United States and Japan.",
            "type": "HRES",
            "url": "https://api.congress.gov/v3/bill/115/hres/236?format=json"
        },
        {
            "congress": 115,
            "introducedDate": "2017-03-02",
            "latestAction": {
                "actionDate": "2017-03-17",
                "text": "Referred to the Subcommittee on Environment."
            },
            "number": "1311",
            "policyArea": {
                "name": "Environmental Protection"
            },
            "title": "Consumer and Fuel Retailer Choice Act",
            "type": "HR",
            "url": "https://api.congress.gov/v3/bill/115/hr/1311?format=json"
        },
        {
            "congress": 115,
            "introducedDate": "2017-03-01",
            "latestAction": {
                "actionDate": "2017-03-01",
                "text": "Referred to the House Committee on Ways and Means."
            },
            "number": "1268",
            "policyArea": {
                "name": "Taxation"
            },
            "title": "Veterinary Medicine Loan Repayment Program Enhancement Act",
            "type": "HR",
            "url": "https://api.congress.gov/v3/bill/115/hr/1268?format=json"
        },
        {
            "amendmentNumber": "1220",
            "congress": 114,
            "introducedDate": "2016-06-16",
            "latestAction": {
                "actionDate": "2016-06-16",
                "actionTime": "11:31:19",
                "text": "On agreeing to the Smith (NE) amendment (A046) Agreed to by voice vote. "
            },
            "type": null,
            "url": "https://api.congress.gov/v3/amendment/114/hamdt/1220?format=json"
        },
        {
            "congress": 114,
            "introducedDate": "2016-05-12",
            "latestAction": {
                "actionDate": "2016-09-19",
                "text": "Referred to the Subcommittee on Workforce Protections."
            },
            "number": "5213",
            "policyArea": {
                "name": "Labor and Employment"
            },
            "title": "FARM Act",
            "type": "HR",
            "url": "https://api.congress.gov/v3/bill/114/hr/5213?format=json"
        },
        {
            "congress": 114,
            "introducedDate": "2015-07-16",
            "latestAction": {
                "actionDate": "2015-07-16",
                "text": "Referred to the House Committee on Ways and Means."
            },
            "number": "3095",
            "policyArea": {
                "name": "Taxation"
            },
            "title": "Veterinary Medicine Loan Repayment Program Enhancement Act",
            "type": "HR",
            "url": "https://api.congress.gov/v3/bill/114/hr/3095?format=json"
        },
        {
            "congress": 114,
            "introducedDate": "2015-04-16",
            "latestAction": {
                "actionDate": "2015-04-16",
                "text": "Referred to the House Committee on Oversight and Government Reform."
            },
            "number": "1885",
            "policyArea": {
                "name": "Government Operations and Politics"
            },
            "title": "Securing Access to Rural Postal Services Act of 2015",
            "type": "HR",
            "url": "https://api.congress.gov/v3/bill/114/hr/1885?format=json"
        },
        {
            "congress": 114,
            "introducedDate": "2015-02-12",
            "latestAction": {
                "actionDate": "2016-09-29",
                "text": "Read the second time. Placed on Senate Legislative Calendar under General Orders. Calendar No. 653."
            },
            "number": "954",
            "policyArea": {
                "name": "Taxation"
            },
            "title": "CO-OP Consumer Protection Act of 2016",
            "type": "HR",
            "url": "https://api.congress.gov/v3/bill/114/hr/954?format=json"
        },
        {
            "congress": 114,
            "introducedDate": "2015-02-10",
            "latestAction": {
                "actionDate": "2015-02-11",
                "text": "Referred to the Subcommittee on Aviation."
            },
            "number": "853",
            "policyArea": {
                "name": "Transportation and Public Works"
            },
            "title": "Small Airport Regulation Relief Act of 2015",
            "type": "HR",
            "url": "https://api.congress.gov/v3/bill/114/hr/853?format=json"
        },
        {
            "congress": 114,
            "introducedDate": "2015-07-07",
            "latestAction": {
                "actionDate": "2015-07-08",
                "text": "Referred to the Subcommittee on Water Resources and Environment."
            },
            "number": "59",
            "policyArea": {
                "name": "Environmental Protection"
            },
            "title": "Providing for congressional disapproval under chapter 8 of title 5, United States Code, of the rule submitted by the Army Corps of Engineers and the Environmental Protection Agency relating to the definition of \"waters of the United States\" under the Clean Water Act.",
            "type": "HJRES",
            "url": "https://api.congress.gov/v3/bill/114/hjres/59?format=json"
        },
        {
            "congress": 114,
            "introducedDate": "2015-04-13",
            "latestAction": {
                "actionDate": "2015-04-17",
                "text": "Referred to the Subcommittee on Energy and Power."
            },
            "number": "1736",
            "policyArea": {
                "name": "Environmental Protection"
            },
            "title": "To amend the Clean Air Act with respect to the ethanol waiver for the Reid vapor pressure limitations under such Act.",
            "type": "HR",
            "url": "https://api.congress.gov/v3/bill/114/hr/1736?format=json"
        },
        {
            "congress": 114,
            "introducedDate": "2015-01-16",
            "latestAction": {
                "actionDate": "2015-06-02",
                "text": "Received in the Senate and Read twice and referred to the Committee on Energy and Natural Resources."
            },
            "number": "404",
            "policyArea": {
                "name": "Water Resources Development"
            },
            "title": "To authorize early repayment of obligations to the Bureau of Reclamation within the Northport Irrigation District in the State of Nebraska.",
            "type": "HR",
            "url": "https://api.congress.gov/v3/bill/114/hr/404?format=json"
        },
        {
            "congress": 111,
            "introducedDate": "2010-09-29",
            "latestAction": {
                "actionDate": "2010-09-29",
                "text": "Referred to the House Committee on Ways and Means."
            },
            "number": "6385",
            "policyArea": {
                "name": "Taxation"
            },
            "title": "To repeal the unearned income Medicare contribution provision in the Health Care and Education Reconciliation Act of 2010.",
            "type": "HR",
            "url": "https://api.congress.gov/v3/bill/111/hr/6385?format=json"
        },
        {
            "congress": 111,
            "introducedDate": "2010-07-29",
            "latestAction": {
                "actionDate": "2010-08-04",
                "text": "Referred to the Subcommittee on Water and Power."
            },
            "number": "5922",
            "policyArea": {
                "name": "Energy"
            },
            "title": "Small-Scale Hydropower Enhancement Act of 2010",
            "type": "HR",
            "url": "https://api.congress.gov/v3/bill/111/hr/5922?format=json"
        },
        {
            "congress": 111,
            "introducedDate": "2010-05-13",
            "latestAction": {
                "actionDate": "2010-05-13",
                "text": "Referred to the House Committee on Ways and Means."
            },
            "number": "5314",
            "policyArea": {
                "name": "Taxation"
            },
            "title": "To amend the Internal Revenue Code of 1986 to provide a 15-year recovery period for nonresidential real property in rural areas.",
            "type": "HR",
            "url": "https://api.congress.gov/v3/bill/111/hr/5314?format=json"
        },
        {
            "congress": 111,
            "introducedDate": "2009-07-31",
            "latestAction": {
                "actionDate": "2009-07-31",
                "text": "Referred to the House Committee on Ways and Means."
            },
            "number": "3520",
            "policyArea": {
                "name": "Taxation"
            },
            "title": "To amend the Internal Revenue Code of 1986 to exclude capital gains on sales and exchanges of residences purchased in a foreclosure sale.",
            "type": "HR",
            "url": "https://api.congress.gov/v3/bill/111/hr/3520?format=json"
        },
        {
            "congress": 111,
            "introducedDate": "2009-07-31",
            "latestAction": {
                "actionDate": "2010-09-16",
                "text": "Received in the Senate and Read twice and referred to the Committee on Agriculture, Nutrition, and Forestry."
            },
            "number": "3519",
            "policyArea": {
                "name": "Animals"
            },
            "title": "Veterinarian Services Investment Act",
            "type": "HR",
            "url": "https://api.congress.gov/v3/bill/111/hr/3519?format=json"
        },
        {
            "congress": 111,
            "introducedDate": "2009-07-17",
            "latestAction": {
                "actionDate": "2009-07-17",
                "text": "Referred to the House Committee on Ways and Means."
            },
            "number": "3256",
            "policyArea": {
                "name": "Health"
            },
            "title": "Rural Community Hospital Demonstration Extension Act of 2009",
            "type": "HR",
            "url": "https://api.congress.gov/v3/bill/111/hr/3256?format=json"
        },
        {
            "congress": 111,
            "introducedDate": "2009-07-09",
            "latestAction": {
                "actionDate": "2009-07-10",
                "text": "Referred to the Subcommittee on Aviation."
            },
            "number": "3159",
            "policyArea": {
                "name": "Transportation and Public Works"
            },
            "title": "Small Airport Relief Act of 2009",
            "type": "HR",
            "url": "https://api.congress.gov/v3/bill/111/hr/3159?format=json"
        },
        {
            "congress": 111,
            "introducedDate": "2010-05-05",
            "latestAction": {
                "actionDate": "2010-05-18",
                "actionTime": "19:17:36",
                "text": "Motion to reconsider laid on the table Agreed to without objection."
            },
            "number": "1327",
            "policyArea": {
                "name": "Water Resources Development"
            },
            "title": "Honoring the life, achievements, and contributions of Floyd Dominy.",
            "type": "HRES",
            "url": "https://api.congress.gov/v3/bill/111/hres/1327?format=json"
        },
        {
            "congress": 110,
            "introducedDate": "2007-07-24",
            "latestAction": {
                "actionDate": "2007-08-10",
                "text": "Referred to the Subcommittee on Crime, Terrorism, and Homeland Security."
            },
            "number": "3143",
            "policyArea": {
                "name": "Crime and Law Enforcement"
            },
            "title": "Methamphetamine Kingpin Elimination Act of 2007",
            "type": "HR",
            "url": "https://api.congress.gov/v3/bill/110/hr/3143?format=json"
        },
        {
            "congress": 110,
            "introducedDate": "2007-07-12",
            "latestAction": {
                "actionDate": "2007-07-12",
                "text": "Referred to the House Committee on Ways and Means."
            },
            "number": "3039",
            "policyArea": {
                "name": "Taxation"
            },
            "title": "Farmland Relief Act of 2007",
            "type": "HR",
            "url": "https://api.congress.gov/v3/bill/110/hr/3039?format=json"
        },
        {
            "congress": 110,
            "introducedDate": "2007-06-12",
            "latestAction": {
                "actionDate": "2007-06-12",
                "text": "Referred to the House Committee on Ways and Means."
            },
            "number": "2672",
            "policyArea": {
                "name": "Taxation"
            },
            "title": "Real Access to College Education Act of 2007",
            "type": "HR",
            "url": "https://api.congress.gov/v3/bill/110/hr/2672?format=json"
        },
        {
            "congress": 110,
            "introducedDate": "2007-03-29",
            "latestAction": {
                "actionDate": "2007-03-29",
                "text": "Referred to the House Committee on Ways and Means."
            },
            "number": "1839",
            "policyArea": {
                "name": "Taxation"
            },
            "title": "To amend the Internal Revenue Code of 1986 to provide a 15-year recovery period for nonresidential real property in rural areas.",
            "type": "HR",
            "url": "https://api.congress.gov/v3/bill/110/hr/1839?format=json"
        },
        {
            "congress": 110,
            "introducedDate": "2007-02-27",
            "latestAction": {
                "actionDate": "2007-02-27",
                "text": "Referred to the House Committee on Ways and Means."
            },
            "number": "1217",
            "policyArea": {
                "name": "Taxation"
            },
            "title": "CAFO Tax Credit Act of 2007",
            "type": "HR",
            "url": "https://api.congress.gov/v3/bill/110/hr/1217?format=json"
        },
        {
            "congress": 110,
            "introducedDate": "2007-01-24",
            "latestAction": {
                "actionDate": "2007-02-07",
                "actionTime": "11:26:02",
                "text": "Motion to reconsider laid on the table Agreed to without objection."
            },
            "number": "99",
            "policyArea": {
                "name": "Commemorations"
            },
            "title": "Commending the University of Nebraska-Lincoln volleyball team for winning the NCAA Division I Women's Volleyball Championship.",
            "type": "HRES",
            "url": "https://api.congress.gov/v3/bill/110/hres/99?format=json"
        },
        {
            "congress": 110,
            "introducedDate": "2008-07-31",
            "latestAction": {
                "actionDate": "2008-10-02",
                "text": "Referred to the Committee on Commerce, Science, and Transportation."
            },
            "number": "408",
            "policyArea": {
                "name": "Commemorations"
            },
            "title": "Recognizing North Platte, Nebraska, as \"Rail Town USA\".",
            "type": "HCONRES",
            "url": "https://api.congress.gov/v3/bill/110/hconres/408?format=json"
        }
    ]
}