{
    "pagination": {
        "count": 201
    },
    "request": {
        "bioguideId": "a000356",
        "contentType": "application/json",
        "format": "json"
    },
    "sponsoredLegislation": [
        {
            "congress": 106,
            "introducedDate": "1999-06-17",
            "latestAction": {
                "actionDate": "1999-06-17",
                "text": "Read twice and referred to the Committee on HELP."
            },
            "number": "1241",
            "policyArea": {
                "name": "Labor and Employment"
            },
            "title": "Family Friendly Workplace Act",
            "type": "S",
            "url": "https://api.congress.gov/v3/bill/106/s/1241?format=json"
        },
        {
            "congress": 106,
            "introducedDate": "1999-05-25",
            "latestAction": {
                "actionDate": "1999-05-25",
                "text": "Read twice and referred to the Committee on Governmental Affairs."
            },
            "number": "1113",
            "policyArea": {
                "name": "Social Welfare"
            },
            "title": "Charitable Choice Expansion Act of 1999",
            "type": "S",
            "url": "https://api.congress.gov/v3/bill/106/s/1113?format=json"
        },
        {
            "congress": 106,
            "introducedDate": "2000-06-15",
            "latestAction": {
                "actionDate": "2000-06-15",
                "text": "Read twice and referred to the Committee on the Judiciary."
            },
            "number": "2744",
            "policyArea": {
                "name": "Agriculture and Food"
            },
            "title": "Fair Play for Family Farms Act of 2000",
            "type": "S",
            "url": "https://api.congress.gov/v3/bill/106/s/2744?format=json"
        },
        {
            "congress": 106,
            "introducedDate": "1999-03-25",
            "latestAction": {
                "actionDate": "2000-04-04",
                "text": "Sponsor introductory remarks on measure. (CR S2097-2098)"
            },
            "number": "758",
            "policyArea": {
                "name": "Law"
            },
            "title": "Fairness in Asbestos Compensation Act of 1999",
            "type": "S",
            "url": "https://api.congress.gov/v3/bill/106/s/758?format=json"
        },
        {
            "congress": 106,
            "introducedDate": "2000-05-08",
            "latestAction": {
                "actionDate": "2000-05-08",
                "text": "Read twice and referred to the Committee on Health, Education, Labor, and Pensions. (text of measure as introduced: CR S3614)"
            },
            "number": "2517",
            "policyArea": {
                "name": "Education"
            },
            "title": "School Safety Act of 2000",
            "type": "S",
            "url": "https://api.congress.gov/v3/bill/106/s/2517?format=json"
        },
        {
            "congress": 106,
            "introducedDate": "2000-02-24",
            "latestAction": {
                "actionDate": "2000-02-24",
                "text": "Read twice and referred to the Committee on Foreign Relations."
            },
            "number": "2106",
            "policyArea": {
                "name": "International Affairs"
            },
            "title": "Advancing the Global Opportunities for Biotechnology in Agriculture Act of 2000",
            "type": "S",
            "url": "https://api.congress.gov/v3/bill/106/s/2106?format=json"
        },
        {
            "congress": 106,
            "introducedDate": "2000-04-13",
            "latestAction": {
                "actionDate": "2000-04-13",
                "text": "Read twice and referred to the Committee on the Judiciary."
            },
            "number": "45",
            "policyArea": {
                "name": "Congress"
            },
            "title": "A joint resolution proposing an amendment to the Constitution of the United States to allow the States to limit the period of time United States Senators and Representatives may serve.",
            "type": "SJRES",
            "url": "https://api.congress.gov/v3/bill/106/sjres/45?format=json"
        },
        {
            "amendmentNumber": "3889",
            "congress": 106,
            "introducedDate": "2000-07-17",
            "latestAction": {
                "actionDate": "2000-07-17",
                "text": "Amendment SA 3889 agreed to in Senate by Unanimous Consent. "
            },
            "type": null,
            "url": "https://api.congress.gov/v3/amendment/106/samdt/3889?format=json"
        },
        {
            "amendmentNumber": "3813",
            "congress": 106,
            "introducedDate": "2000-07-12",
            "latestAction": null,
            "type": null,
            "url": "https://api.congress.gov/v3/amendment/106/samdt/3813?format=json"
        },
        {
            "amendmentNumber": "3689",
            "congress": 106,
            "introducedDate": "2000-06-29",
            "latestAction": {
                "actionDate": "2000-06-29",
                "text": "Amendment SA 3689 agreed to in Senate by Yea-Nay Vote. 54 - 43. Record Vote Number: 163. "
            },
            "type": null,
            "url": "https://api.congress.gov/v3/amendment/106/samdt/3689?format=json"
        },
        {
            "amendmentNumber": "3304",
            "congress": 106,
            "introducedDate": "2000-06-12",
            "latestAction": {
                "actionDate": "2000-06-13",
                "text": "Amendment SA 3304 as modified agreed to in Senate by Voice Vote. (text: CR S4987)"
            },
            "type": null,
            "url": "https://api.congress.gov/v3/amendment/106/samdt/3304?format=json"
        },
        {
            "amendmentNumber": "3134",
            "congress": 106,
            "introducedDate": "2000-05-09",
            "latestAction": null,
            "type": null,
            "url": "https://api.congress.gov/v3/amendment/106/samdt/3134?format=json"
        },
        {
            "amendmentNumber": "3135",
            "congress": 106,
            "introducedDate": "2000-05-09",
            "latestAction": null,
            "type": null,
            "url": "https://api.congress.gov/v3/amendment/106/samdt/3135?format=json"
        },
        {
            "amendmentNumber": "3133",
            "congress": 106,
            "introducedDate": "2000-05-09",
            "latestAction": null,
            "type": null,
            "url": "https://api.congress.gov/v3/amendment/106/samdt/3133?format=json"
        },
        {
            "amendmentNumber": "3132",
            "congress": 106,
            "introducedDate": "2000-05-09",
            "latestAction": null,
            "type": null,
            "url": "https://api.congress.gov/v3/amendment/106/samdt/3132?format=json"
        },
        {
            "amendmentNumber": "3032",
            "congress": 106,
            "introducedDate": "2000-04-06",
            "latestAction": {
                "actionDate": "2000-04-07",
                "text": "Amendment SA 3032 ruled out of order by the chair. "
            },
            "type": null,
            "url": "https://api.congress.gov/v3/amendment/106/samdt/3032?format=json"
        },
        {
            "amendmentNumber": "2995",
            "congress": 106,
            "introducedDate": "2000-04-06",
            "latestAction": null,
            "type": null,
            "url": "https://api.congress.gov/v3/amendment/106/samdt/2995?format=json"
        },
        {
            "amendmentNumber": "2940",
            "congress": 106,
            "introducedDate": "2000-04-05",
            "latestAction": null,
            "type": null,
            "url": "https://api.congress.gov/v3/amendment/106/samdt/2940?format=json"
        },
        {
            "amendmentNumber": "2945",
            "congress": 106,
            "introducedDate": "2000-04-05",
            "latestAction": null,
            "type": null,
            "url": "https://api.congress.gov/v3/amendment/106/samdt/2945?format=json"
        },
        {
            "amendmentNumber": "2946",
            "congress": 106,
            "introducedDate": "2000-04-05",
            "latestAction": {
                "actionDate": "2000-04-07",
                "text": "Amendment SA 2946 agreed to in Senate by Voice Vote. (text: CR S2388)"
            },
            "type": null,
            "url": "https://api.congress.gov/v3/amendment/106/samdt/2946?format=json"
        },
        {
            "amendmentNumber": "2488",
            "congress": 106,
            "introducedDate": "1999-11-02",
            "latestAction": null,
            "type": null,
            "url": "https://api.congress.gov/v3/amendment/106/samdt/2488?format=json"
        },
        {
            "amendmentNumber": "2491",
            "congress": 106,
            "introducedDate": "1999-11-02",
            "latestAction": null,
            "type": null,
            "url": "https://api.congress.gov/v3/amendment/106/samdt/2491?format=json"
        },
        {
            "amendmentNumber": "2401",
            "congress": 106,
            "introducedDate": "1999-10-28",
            "latestAction": null,
            "type": null,
            "url": "https://api.congress.gov/v3/amendment/106/samdt/2401?format=json"
        },
        {
            "amendmentNumber": "2340",
            "congress": 106,
            "introducedDate": "1999-10-27",
            "latestAction": {
                "actionDate": "1999-11-01",
                "text": "Proposed amendment SP 2340 withdrawn in Senate. "
            },
            "type": null,
            "url": "https://api.congress.gov/v3/amendment/106/samdt/2340?format=json"
        },
        {
            "amendmentNumber": "2328",
            "congress": 106,
            "introducedDate": "1999-10-25",
            "latestAction": null,
            "type": null,
            "url": "https://api.congress.gov/v3/amendment/106/samdt/2328?format=json"
        },
        {
            "amendmentNumber": "1815",
            "congress": 106,
            "introducedDate": "1999-09-30",
            "latestAction": null,
            "type": null,
            "url": "https://api.congress.gov/v3/amendment/106/samdt/1815?format=json"
        },
        {
            "amendmentNumber": "1787",
            "congress": 106,
            "introducedDate": "1999-09-23",
            "latestAction": null,
            "type": null,
            "url": "https://api.congress.gov/v3/amendment/106/samdt/1787?format=json"
        },
        {
            "amendmentNumber": "1516",
            "congress": 106,
            "introducedDate": "1999-08-04",
            "latestAction": {
                "actionDate": "1999-08-04",
                "text": "Amendment SP 1516 as modified agreed to in Senate by Voice Vote. "
            },
            "type": null,
            "url": "https://api.congress.gov/v3/amendment/106/samdt/1516?format=json"
        },
        {
            "amendmentNumber": "1507",
            "congress": 106,
            "introducedDate": "1999-08-03",
            "latestAction": {
                "actionDate": "1999-08-04",
                "text": "Amendment SP 1507 agreed to in Senate by Voice Vote. "
            },
            "type": null,
            "url": "https://api.congress.gov/v3/amendment/106/samdt/1507?format=json"
        },
        {
            "amendmentNumber": "1457",
            "congress": 106,
            "introducedDate": "1999-07-29",
            "latestAction": null,
            "type": null,
            "url": "https://api.congress.gov/v3/amendment/106/samdt/1457?format=json"
        },
        {
            "amendmentNumber": "1456",
            "congress": 106,
            "introducedDate": "1999-07-29",
            "latestAction": {
                "actionDate": "1999-07-30",
                "text": "Amendment SP 1456 not agreed to in Senate by Yea-Nay Vote. 23-77. Record Vote No: 246. "
            },
            "type": null,
            "url": "https://api.congress.gov/v3/amendment/106/samdt/1456?format=json"
        },
        {
            "amendmentNumber": "1319",
            "congress": 106,
            "introducedDate": "1999-07-22",
            "latestAction": {
                "actionDate": "1999-07-22",
                "text": "Amendment SP 1319 agreed to in Senate by Voice Vote. "
            },
            "type": null,
            "url": "https://api.congress.gov/v3/amendment/106/samdt/1319?format=json"
        },
        {
            "amendmentNumber": "1252",
            "congress": 106,
            "introducedDate": "1999-07-15",
            "latestAction": {
                "actionDate": "1999-07-15",
                "text": "Amendment SP 1252 agreed to in Senate by Yea-Nay Vote. 54-46. Record Vote No: 208. "
            },
            "type": null,
            "url": "https://api.congress.gov/v3/amendment/106/samdt/1252?format=json"
        },
        {
            "amendmentNumber": "1152",
            "congress": 106,
            "introducedDate": "1999-06-30",
            "latestAction": null,
            "type": null,
            "url": "https://api.congress.gov/v3/amendment/106/samdt/1152?format=json"
        },
        {
            "amendmentNumber": "1153",
            "congress": 106,
            "introducedDate": "1999-06-30",
            "latestAction": null,
            "type": null,
            "url": "https://api.congress.gov/v3/amendment/106/samdt/1153?format=json"
        },
        {
            "amendmentNumber": "1122",
            "congress": 106,
            "introducedDate": "1999-06-30",
            "latestAction": null,
            "type": null,
            "url": "https://api.congress.gov/v3/amendment/106/samdt/1122?format=json"
        },
        {
            "amendmentNumber": "736",
            "congress": 106,
            "introducedDate": "1999-06-24",
            "latestAction": null,
            "type": null,
            "url": "https://api.congress.gov/v3/amendment/106/samdt/736?format=json"
        },
        {
            "amendmentNumber": "728",
            "congress": 106,
            "introducedDate": "1999-06-22",
            "latestAction": {
                "actionDate": "1999-06-22",
                "text": "Amendment SP 728 agreed to in Senate by Voice Vote. "
            },
            "type": null,
            "url": "https://api.congress.gov/v3/amendment/106/samdt/728?format=json"
        },
        {
            "amendmentNumber": "596",
            "congress": 106,
            "introducedDate": "1999-06-08",
            "latestAction": {
                "actionDate": "1999-06-08",
                "text": "Amendment SP 596 agreed to in Senate by Voice Vote. "
            },
            "type": null,
            "url": "https://api.congress.gov/v3/amendment/106/samdt/596?format=json"
        },
        {
            "amendmentNumber": "361",
            "congress": 106,
            "introducedDate": "1999-05-17",
            "latestAction": {
                "actionDate": "1999-05-19",
                "text": "Amendment SP 361 agreed to in Senate by Voice Vote. "
            },
            "type": null,
            "url": "https://api.congress.gov/v3/amendment/106/samdt/361?format=json"
        },
        {
            "amendmentNumber": "349",
            "congress": 106,
            "introducedDate": "1999-05-13",
            "latestAction": null,
            "type": null,
            "url": "https://api.congress.gov/v3/amendment/106/samdt/349?format=json"
        },
        {
            "amendmentNumber": "348",
            "congress": 106,
            "introducedDate": "1999-05-13",
            "latestAction": {
                "actionDate": "1999-05-18",
                "text": "Amendment not agreed to in Senate by Yea-Nay Vote. 26-73. Record Vote No: 126. "
            },
            "type": null,
            "url": "https://api.congress.gov/v3/amendment/106/samdt/348?format=json"
        },
        {
            "amendmentNumber": "342",
            "congress": 106,
            "introducedDate": "1999-05-13",
            "latestAction": {
                "actionDate": "1999-05-13",
                "text": "Amendment SP 342 agreed to in Senate by Yea-Nay Vote. 96-2. Record Vote No: 115. "
            },
            "type": null,
            "url": "https://api.congress.gov/v3/amendment/106/samdt/342?format=json"
        },
        {
            "amendmentNumber": "239",
            "congress": 106,
            "introducedDate": "1999-03-25",
            "latestAction": {
                "actionDate": "1999-03-25",
                "text": "Proposed amendment SP 239 withdrawn in Senate. "
            },
            "type": null,
            "url": "https://api.congress.gov/v3/amendment/106/samdt/239?format=json"
        },
        {
            "amendmentNumber": "240",
            "congress": 106,
            "introducedDate": "1999-03-25",
            "latestAction": {
                "actionDate": "1999-03-25",
                "text": "Amendment SP 240 agreed to in Senate by Voice Vote. "
            },
            "type": null,
            "url": "https://api.congress.gov/v3/amendment/106/samdt/240?format=json"
        },
        {
            "amendmentNumber": "242",
            "congress": 106,
            "introducedDate": "1999-03-25",
            "latestAction": {
                "actionDate": "1999-03-25",
                "text": "Amendment SP 242 agreed to in Senate by Voice Vote. "
            },
            "type": null,
            "url": "https://api.congress.gov/v3/amendment/106/samdt/242?format=json"
        },
        {
            "amendmentNumber": "224",
            "congress": 106,
            "introducedDate": "1999-03-25",
            "latestAction": {
                "actionDate": "1999-03-25",
                "text": "Amendment SP 224 agreed to in Senate by Voice Vote. "
            },
            "type": null,
            "url": "https://api.congress.gov/v3/amendment/106/samdt/224?format=json"
        },
        {
            "amendmentNumber": "145",
            "congress": 106,
            "introducedDate": "1999-03-24",
            "latestAction": {
                "actionDate": "1999-03-24",
                "text": "Amendment SP 145 agreed to in Senate by Yea-Nay Vote. 99-0. Record Vote No: 60. "
            },
            "type": null,
            "url": "https://api.congress.gov/v3/amendment/106/samdt/145?format=json"
        },
        {
            "congress": 106,
            "introducedDate": "2000-10-30",
            "latestAction": {
                "actionDate": "2000-11-14",
                "text": "Star Print ordered on the bill."
            },
            "number": "3263",
            "policyArea": {
                "name": "Education"
            },
            "title": "Children's Classroom Trust Fund Act",
            "type": "S",
            "url": "https://api.congress.gov/v3/bill/106/s/3263?format=json"
        },
        {
            "congress": 106,
            "introducedDate": "2000-10-30",
            "latestAction": {
                "actionDate": "2000-11-14",
                "text": "Star Print ordered on the bill."
            },
            "number": "3264",
            "policyArea": {
                "name": "Crime and Law Enforcement"
            },
            "title": "Records Access Improvements Act of 2000",
            "type": "S",
            "url": "https://api.congress.gov/v3/bill/106/s/3264?format=json"
        },
        {
            "congress": 106,
            "introducedDate": "2000-10-04",
            "latestAction": {
                "actionDate": "2000-10-04",
                "text": "Read twice and referred to the Committee on Health, Education, Labor, and Pensions."
            },
            "number": "3159",
            "policyArea": {
                "name": "Labor and Employment"
            },
            "title": "A bill to amend the Fair Labor Standards Act of 1938 to clarify provisions relating to the use of accrued compensatory time by certain public employees.",
            "type": "S",
            "url": "https://api.congress.gov/v3/bill/106/s/3159?format=json"
        },
        {
            "congress": 106,
            "introducedDate": "2000-09-25",
            "latestAction": {
                "actionDate": "2000-09-25",
                "text": "Read twice and referred to the Committee on the Judiciary."
            },
            "number": "3102",
            "policyArea": {
                "name": "Health"
            },
            "title": "Putting Parents First Act",
            "type": "S",
            "url": "https://api.congress.gov/v3/bill/106/s/3102?format=json"
        },
        {
            "congress": 106,
            "introducedDate": "2000-09-25",
            "latestAction": {
                "actionDate": "2000-09-25",
                "text": "Read twice and referred to the Committee on Finance. (text of measure as introduced:  CR S9197)"
            },
            "number": "3101",
            "policyArea": {
                "name": "Taxation"
            },
            "title": "Reservists Tax Relief Act of 2000",
            "type": "S",
            "url": "https://api.congress.gov/v3/bill/106/s/3101?format=json"
        },
        {
            "congress": 106,
            "introducedDate": "2000-09-19",
            "latestAction": {
                "actionDate": "2000-09-19",
                "text": "Read twice and referred to the Committee on Finance. (text of measure as introduced: CR S8760-8761)"
            },
            "number": "3066",
            "policyArea": {
                "name": "Health"
            },
            "title": "Senior Care Safety Act of 2000",
            "type": "S",
            "url": "https://api.congress.gov/v3/bill/106/s/3066?format=json"
        },
        {
            "congress": 106,
            "introducedDate": "2000-09-15",
            "latestAction": {
                "actionDate": "2000-09-15",
                "text": "Read twice and referred to the Committee on Foreign Relations."
            },
            "number": "3061",
            "policyArea": {
                "name": "International Affairs"
            },
            "title": "International Consumer Safety Information Act",
            "type": "S",
            "url": "https://api.congress.gov/v3/bill/106/s/3061?format=json"
        },
        {
            "congress": 106,
            "introducedDate": "2000-09-13",
            "latestAction": {
                "actionDate": "2000-09-13",
                "text": "Read twice and referred to the Committee on the Judiciary."
            },
            "number": "3042",
            "policyArea": {
                "name": "Commerce"
            },
            "title": "An Act to Prevent Internet Fraud and Fraud Against the Elderly",
            "type": "S",
            "url": "https://api.congress.gov/v3/bill/106/s/3042?format=json"
        },
        {
            "congress": 106,
            "introducedDate": "2000-09-07",
            "latestAction": {
                "actionDate": "2000-09-07",
                "text": "Read twice and referred to the Committee on the Judiciary."
            },
            "number": "3015",
            "policyArea": {
                "name": "Government Operations and Politics"
            },
            "title": "A bill to grant the consent of Congress to the Kansas and Missouri Metropolitan Culture District Compact.",
            "type": "S",
            "url": "https://api.congress.gov/v3/bill/106/s/3015?format=json"
        },
        {
            "congress": 106,
            "introducedDate": "2000-09-06",
            "latestAction": {
                "actionDate": "2000-09-06",
                "text": "Read twice and referred to the Committee on the Judiciary."
            },
            "number": "3006",
            "policyArea": {
                "name": "Law"
            },
            "title": "Good Samaritan Volunteer Firefighter Assistance Act of 2000",
            "type": "S",
            "url": "https://api.congress.gov/v3/bill/106/s/3006?format=json"
        },
        {
            "congress": 106,
            "introducedDate": "2000-09-05",
            "latestAction": {
                "actionDate": "2000-09-05",
                "text": "Read twice and referred to the Committee on Finance. (text of measure as introduced: CR S8023)"
            },
            "number": "3003",
            "policyArea": {
                "name": "Health"
            },
            "title": "Cancer Care Preservation Act of 2000",
            "type": "S",
            "url": "https://api.congress.gov/v3/bill/106/s/3003?format=json"
        },
        {
            "congress": 106,
            "introducedDate": "2000-06-15",
            "latestAction": {
                "actionDate": "2000-06-15",
                "text": "Read twice and referred to the Committee on Agriculture, Nutrition, and Forestry."
            },
            "number": "2745",
            "policyArea": {
                "name": "Agriculture and Food"
            },
            "title": "Value-Added Development Act for American Agriculture",
            "type": "S",
            "url": "https://api.congress.gov/v3/bill/106/s/2745?format=json"
        },
        {
            "congress": 106,
            "introducedDate": "2000-06-15",
            "latestAction": {
                "actionDate": "2000-06-15",
                "text": "Read twice and referred to the Committee on Finance."
            },
            "number": "2746",
            "policyArea": {
                "name": "Taxation"
            },
            "title": "Farmers' Value-Added Agricultural Investment Tax Credit Act",
            "type": "S",
            "url": "https://api.congress.gov/v3/bill/106/s/2746?format=json"
        },
        {
            "congress": 106,
            "introducedDate": "2000-06-08",
            "latestAction": {
                "actionDate": "2000-06-08",
                "text": "Read twice and referred to the Committee on Finance. (text of measure as introduced: CR S4851-4852)"
            },
            "number": "2708",
            "policyArea": {
                "name": "Health"
            },
            "title": "Patients Before Paperwork Medicare Red Tape Reduction Act of 2000",
            "type": "S",
            "url": "https://api.congress.gov/v3/bill/106/s/2708?format=json"
        },
        {
            "congress": 106,
            "introducedDate": "2000-06-06",
            "latestAction": {
                "actionDate": "2000-06-06",
                "text": "Read twice and referred to the Committee on Finance."
            },
            "number": "2671",
            "policyArea": {
                "name": "Labor and Employment"
            },
            "title": "Pension Opportunities for Women's Equality in Retirement Act",
            "type": "S",
            "url": "https://api.congress.gov/v3/bill/106/s/2671?format=json"
        },
        {
            "congress": 106,
            "introducedDate": "2000-05-22",
            "latestAction": {
                "actionDate": "2000-05-22",
                "text": "Read twice and referred to the Committee on Finance."
            },
            "number": "2601",
            "policyArea": {
                "name": "Taxation"
            },
            "title": "Bridging the Digital Divide Act of 2000",
            "type": "S",
            "url": "https://api.congress.gov/v3/bill/106/s/2601?format=json"
        },
        {
            "congress": 106,
            "introducedDate": "2000-05-11",
            "latestAction": {
                "actionDate": "2000-05-11",
                "text": "Read twice and referred to the Committee on Finance."
            },
            "number": "2548",
            "policyArea": {
                "name": "Foreign Trade and International Finance"
            },
            "title": "SHOW-ME Act",
            "type": "S",
            "url": "https://api.congress.gov/v3/bill/106/s/2548?format=json"
        },
        {
            "congress": 106,
            "introducedDate": "2000-04-13",
            "latestAction": {
                "actionDate": "2000-09-21",
                "text": "Sponsor introductory remarks on measure. (CR S8937)"
            },
            "number": "2416",
            "policyArea": {
                "name": "Commemorations"
            },
            "title": "A bill to designate the Federal building located at 2201 C Street, Northwest, in the District of Columbia, which serves as headquarters for the Department of State, as the \"Harry S. Truman Federal Building\".",
            "type": "S",
            "url": "https://api.congress.gov/v3/bill/106/s/2416?format=json"
        },
        {
            "congress": 106,
            "introducedDate": "2000-03-02",
            "latestAction": {
                "actionDate": "2000-03-02",
                "text": "Referred to the Committee on Health, Education, Labor, and Pensions. (text of measure as introduced: CR S1120-1121)"
            },
            "number": "2159",
            "policyArea": {
                "name": "Education"
            },
            "title": "Excellent Schools for All Our Children Act",
            "type": "S",
            "url": "https://api.congress.gov/v3/bill/106/s/2159?format=json"
        },
        {
            "congress": 106,
            "introducedDate": "2000-02-22",
            "latestAction": {
                "actionDate": "2000-03-21",
                "text": "Sponsor introductory remarks on measure. (CR S1475)"
            },
            "number": "2074",
            "policyArea": {
                "name": "Social Welfare"
            },
            "title": "Social Security Earnings Test Elimination Act of 2000",
            "type": "S",
            "url": "https://api.congress.gov/v3/bill/106/s/2074?format=json"
        },
        {
            "congress": 106,
            "introducedDate": "2000-01-27",
            "latestAction": {
                "actionDate": "2000-01-27",
                "text": "Read twice and referred to the Committee on the Judiciary."
            },
            "number": "2011",
            "policyArea": {
                "name": "Crime and Law Enforcement"
            },
            "title": "Stalking Prevention and Victim Protection Act of 2000",
            "type": "S",
            "url": "https://api.congress.gov/v3/bill/106/s/2011?format=json"
        },
        {
            "congress": 106,
            "introducedDate": "2000-01-26",
            "latestAction": {
                "actionDate": "2000-01-26",
                "text": "Read twice and referred to the Committee on the Judiciary."
            },
            "number": "2008",
            "policyArea": {
                "name": "Crime and Law Enforcement"
            },
            "title": "A bill to require the pre-release drug testing of Federal prisoners.",
            "type": "S",
            "url": "https://api.congress.gov/v3/bill/106/s/2008?format=json"
        },
        {
            "congress": 106,
            "introducedDate": "1999-11-18",
            "latestAction": {
                "actionDate": "2000-06-22",
                "text": "Sponsor introductory remarks on measure. (CR S5654)"
            },
            "number": "1962",
            "policyArea": {
                "name": "Economics and Public Finance"
            },
            "title": "Social Security and Medicare Safe Deposit Box Act of 1999",
            "type": "S",
            "url": "https://api.congress.gov/v3/bill/106/s/1962?format=json"
        },
        {
            "congress": 106,
            "introducedDate": "1999-10-22",
            "latestAction": {
                "actionDate": "1999-10-25",
                "text": "Read the second time. Placed on Senate Legislative Calendar under General Orders. Calendar No. 343."
            },
            "number": "1771",
            "policyArea": {
                "name": "International Affairs"
            },
            "title": "Food and Medicine for the World Act",
            "type": "S",
            "url": "https://api.congress.gov/v3/bill/106/s/1771?format=json"
        },
        {
            "congress": 106,
            "introducedDate": "1999-10-01",
            "latestAction": {
                "actionDate": "1999-10-01",
                "text": "Read twice and referred to the Committee on Veterans Affairs."
            },
            "number": "1680",
            "policyArea": {
                "name": "Armed Forces and National Security"
            },
            "title": "Veterans Benefits Administration Improvement Act of 1999",
            "type": "S",
            "url": "https://api.congress.gov/v3/bill/106/s/1680?format=json"
        },
        {
            "congress": 106,
            "introducedDate": "1999-09-24",
            "latestAction": {
                "actionDate": "2000-10-02",
                "text": "Became Public Law No: 106-276."
            },
            "number": "1638",
            "policyArea": {
                "name": "Crime and Law Enforcement"
            },
            "title": "A bill to amend the Omnibus Crime Control and Safe Streets Act of 1968 to extend the retroactive eligibility dates for financial assistance for higher education for spouses and dependent children of Federal, State, and local law enforcement officers who are killed in the line of duty.",
            "type": "S",
            "url": "https://api.congress.gov/v3/bill/106/s/1638?format=json"
        },
        {
            "congress": 106,
            "introducedDate": "1999-09-21",
            "latestAction": {
                "actionDate": "1999-09-21",
                "text": "Read twice and referred to the Committee on Foreign Relations."
            },
            "number": "1607",
            "policyArea": {
                "name": "International Affairs"
            },
            "title": "Preservation of the United States Military Chain of Command Act of 1999",
            "type": "S",
            "url": "https://api.congress.gov/v3/bill/106/s/1607?format=json"
        },
        {
            "congress": 106,
            "introducedDate": "1999-07-01",
            "latestAction": {
                "actionDate": "1999-07-01",
                "text": "Read twice and referred to the Committee on Finance."
            },
            "number": "1335",
            "policyArea": {
                "name": "Health"
            },
            "title": "A bill entitled the \"Military Retiree Health Care Act of 1999\".",
            "type": "S",
            "url": "https://api.congress.gov/v3/bill/106/s/1335?format=json"
        },
        {
            "congress": 106,
            "introducedDate": "1999-06-10",
            "latestAction": {
                "actionDate": "1999-06-10",
                "text": "Read twice and referred to the Committee on Foreign Relations."
            },
            "number": "1199",
            "policyArea": {
                "name": "International Affairs"
            },
            "title": "A bill to require the Secretary of State to report on United States citizens injured or killed by certain terrorist groups.",
            "type": "S",
            "url": "https://api.congress.gov/v3/bill/106/s/1199?format=json"
        },
        {
            "congress": 106,
            "introducedDate": "1999-05-18",
            "latestAction": {
                "actionDate": "1999-05-18",
                "text": "Read twice and referred to the Committee on Finance."
            },
            "number": "1073",
            "policyArea": {
                "name": "Foreign Trade and International Finance"
            },
            "title": "A bill to amend the Trade Act of 1974 to ensure that United States industry is consulted with respect to all aspects of the WTO dispute settlement process.",
            "type": "S",
            "url": "https://api.congress.gov/v3/bill/106/s/1073?format=json"
        },
        {
            "congress": 106,
            "introducedDate": "1999-05-10",
            "latestAction": {
                "actionDate": "1999-05-10",
                "text": "Read twice and referred to the Committee on Judiciary."
            },
            "number": "994",
            "policyArea": {
                "name": "Crime and Law Enforcement"
            },
            "title": "Juvenile Misuse of Firearms Prevention Act",
            "type": "S",
            "url": "https://api.congress.gov/v3/bill/106/s/994?format=json"
        },
        {
            "congress": 106,
            "introducedDate": "1999-05-05",
            "latestAction": {
                "actionDate": "1999-05-05",
                "text": "Read twice and referred to the Committee on HELP."
            },
            "number": "969",
            "policyArea": {
                "name": "Education"
            },
            "title": "School Safety Act of 1999",
            "type": "S",
            "url": "https://api.congress.gov/v3/bill/106/s/969?format=json"
        },
        {
            "congress": 106,
            "introducedDate": "1999-04-15",
            "latestAction": {
                "actionDate": "1999-04-15",
                "text": "Read twice and referred to the Committee on Finance."
            },
            "number": "807",
            "policyArea": {
                "name": "Taxation"
            },
            "title": "Working Americans Wage Restoration Act",
            "type": "S",
            "url": "https://api.congress.gov/v3/bill/106/s/807?format=json"
        },
        {
            "congress": 106,
            "introducedDate": "1999-04-15",
            "latestAction": {
                "actionDate": "1999-04-15",
                "text": "Read twice and referred to the Committee on Finance."
            },
            "number": "806",
            "policyArea": {
                "name": "Taxation"
            },
            "title": "Taxpayer Freedom and Fairness Act",
            "type": "S",
            "url": "https://api.congress.gov/v3/bill/106/s/806?format=json"
        },
        {
            "congress": 106,
            "introducedDate": "1999-04-14",
            "latestAction": {
                "actionDate": "1999-04-14",
                "text": "Read twice and referred to the Committee on Banking."
            },
            "number": "797",
            "policyArea": {
                "name": "Sports and Recreation"
            },
            "title": "International Olympic Committee Integrity Act of 1999",
            "type": "S",
            "url": "https://api.congress.gov/v3/bill/106/s/797?format=json"
        },
        {
            "congress": 106,
            "introducedDate": "1999-03-24",
            "latestAction": {
                "actionDate": "1999-03-24",
                "text": "Read twice and referred to the Committee on Commerce."
            },
            "number": "705",
            "policyArea": {
                "name": "Science, Technology, Communications"
            },
            "title": "Home Page Tax Repeal Act",
            "type": "S",
            "url": "https://api.congress.gov/v3/bill/106/s/705?format=json"
        },
        {
            "congress": 106,
            "introducedDate": "1999-03-16",
            "latestAction": {
                "actionDate": "1999-03-16",
                "text": "Read twice and referred to the Committee on Finance."
            },
            "number": "633",
            "policyArea": {
                "name": "Social Welfare"
            },
            "title": "Social Security Trust Funds Management Act of 1999",
            "type": "S",
            "url": "https://api.congress.gov/v3/bill/106/s/633?format=json"
        },
        {
            "congress": 106,
            "introducedDate": "1999-03-11",
            "latestAction": {
                "actionDate": "1999-03-11",
                "text": "Read twice and referred to the Committee on Judiciary."
            },
            "number": "587",
            "policyArea": {
                "name": "Crime and Law Enforcement"
            },
            "title": "No Federal Benefits for Drug Traffickers Act of 1999",
            "type": "S",
            "url": "https://api.congress.gov/v3/bill/106/s/587?format=json"
        },
        {
            "congress": 106,
            "introducedDate": "1999-03-04",
            "latestAction": {
                "actionDate": "1999-03-04",
                "text": "Read twice and referred to the Committee on Judiciary."
            },
            "number": "538",
            "policyArea": {
                "name": "Crime and Law Enforcement"
            },
            "title": "Protect Children From Violence Act",
            "type": "S",
            "url": "https://api.congress.gov/v3/bill/106/s/538?format=json"
        },
        {
            "congress": 106,
            "introducedDate": "1999-03-02",
            "latestAction": {
                "actionDate": "1999-03-02",
                "text": "Read twice and referred jointly to the Committees on Budget; Governmental Affairs pursuant to the order of August 4, 1977, with instructions that if one Committee reports, the other Committee have thirty days to report or be discharged."
            },
            "number": "502",
            "policyArea": {
                "name": "Economics and Public Finance"
            },
            "title": "Protect Social Security Benefits Act of 1999",
            "type": "S",
            "url": "https://api.congress.gov/v3/bill/106/s/502?format=json"
        },
        {
            "congress": 106,
            "introducedDate": "1999-02-25",
            "latestAction": {
                "actionDate": "2000-02-04",
                "text": "Referred to the Subcommittee on Health and Environment."
            },
            "number": "486",
            "policyArea": {
                "name": "Crime and Law Enforcement"
            },
            "title": "Methamphetamine Anti-Proliferation Act of 1999",
            "type": "S",
            "url": "https://api.congress.gov/v3/bill/106/s/486?format=json"
        },
        {
            "congress": 106,
            "introducedDate": "1999-02-11",
            "latestAction": {
                "actionDate": "1999-02-11",
                "text": "Read twice and referred to the Committee on Foreign Relations."
            },
            "number": "425",
            "policyArea": {
                "name": "International Affairs"
            },
            "title": "Food and Medicine for the World Act of 1999",
            "type": "S",
            "url": "https://api.congress.gov/v3/bill/106/s/425?format=json"
        },
        {
            "congress": 106,
            "introducedDate": "1999-01-27",
            "latestAction": {
                "actionDate": "1999-01-27",
                "text": "Read twice and referred to the Committee on Agriculture."
            },
            "number": "315",
            "policyArea": {
                "name": "Agriculture and Food"
            },
            "title": "Selective Agricultural Embargoes Act of 1999",
            "type": "S",
            "url": "https://api.congress.gov/v3/bill/106/s/315?format=json"
        },
        {
            "congress": 106,
            "introducedDate": "1999-01-19",
            "latestAction": {
                "actionDate": "1999-11-17",
                "text": "Referred to the Subcommittee on Trade."
            },
            "number": "185",
            "policyArea": {
                "name": "Foreign Trade and International Finance"
            },
            "title": "A bill to establish a Chief Agricultural Negotiator in the Office of the United States Trade Representative.",
            "type": "S",
            "url": "https://api.congress.gov/v3/bill/106/s/185?format=json"
        },
        {
            "congress": 106,
            "introducedDate": "2000-02-28",
            "latestAction": {
                "actionDate": "2000-03-27",
                "text": "Resolution agreed to in Senate with an amendment and with a preamble by Unanimous Consent. (text: CR S1752-1753)"
            },
            "number": "263",
            "policyArea": {
                "name": "International Affairs"
            },
            "title": "A resolution expressing the sense of the Senate that the President should communicate to the members of the Organization of Petroleum Exporting Countries (\"OPEC\") cartel and non-OPEC countries that participate in the cartel of crude oil producing countries, before the meeting of the OPEC nations in March 2000, the position of the United States in favor of increasing world crude oil supplies so as to achieve stable crude oil prices.",
            "type": "SRES",
            "url": "https://api.congress.gov/v3/bill/106/sres/263?format=json"
        },
        {
            "congress": 106,
            "introducedDate": "2000-02-01",
            "latestAction": {
                "actionDate": "2000-02-01",
                "text": "Submitted in the Senate, considered, and agreed to without amendment and with a preamble by Voice Vote. (consideration: CR S189; text of measure as introduced: CR S217-218; text of measure as passed Senate: CR S189)"
            },
            "number": "250",
            "policyArea": {
                "name": "Commemorations"
            },
            "title": "A resolution recognizing the outstanding achievement of the St. Louis Rams in winning Super Bowl XXXIV.",
            "type": "SRES",
            "url": "https://api.congress.gov/v3/bill/106/sres/250?format=json"
        },
        {
            "congress": 106,
            "introducedDate": "1999-09-14",
            "latestAction": {
                "actionDate": "1999-09-16",
                "text": "Resolution agreed to in Senate without amendment and with a preamble by Unanimous Consent."
            },
            "number": "183",
            "policyArea": {
                "name": "Commemorations"
            },
            "title": "A resolution designating the week beginning on September 19, 1999, and ending on September 25, 1999, as National Home Education Week.",
            "type": "SRES",
            "url": "https://api.congress.gov/v3/bill/106/sres/183?format=json"
        },
        {
            "congress": 106,
            "introducedDate": "1999-06-10",
            "latestAction": {
                "actionDate": "1999-06-10",
                "text": "Read twice and referred to the Committee on Foreign Relations."
            },
            "number": "115",
            "policyArea": {
                "name": "International Affairs"
            },
            "title": "A resolution expressing the sense of the Senate regarding United States citizens killed in terrorist attacks in Israel.",
            "type": "SRES",
            "url": "https://api.congress.gov/v3/bill/106/sres/115?format=json"
        },
        {
            "congress": 106,
            "introducedDate": "1999-06-14",
            "latestAction": {
                "actionDate": "1999-06-14",
                "text": "Submitted in the Senate, considered, and agreed to without amendment and with a preamble by Unanimous Consent. (consideration: CR S6972)"
            },
            "number": "120",
            "policyArea": {
                "name": "Foreign Trade and International Finance"
            },
            "title": "A resolution requesting that the President raise the issue of agricultural biotechnology at the June G-8 Summit meeting.",
            "type": "SRES",
            "url": "https://api.congress.gov/v3/bill/106/sres/120?format=json"
        },
        {
            "congress": 106,
            "introducedDate": "1999-08-05",
            "latestAction": {
                "actionDate": "1999-08-05",
                "text": "Referred to the Committee on Foreign Relations."
            },
            "number": "52",
            "policyArea": {
                "name": "International Affairs"
            },
            "title": "A concurrent resolution expressing the sense of Congress in opposition to a \"bit tax\" on Internet data proposed in the Human Development Report 1999 published by the United Nations Development Programme.",
            "type": "SCONRES",
            "url": "https://api.congress.gov/v3/bill/106/sconres/52?format=json"
        },
        {
            "congress": 106,
            "introducedDate": "1999-04-15",
            "latestAction": {
                "actionDate": "1999-04-15",
                "text": "Referred to the Committee on Finance."
            },
            "number": "26",
            "policyArea": {
                "name": "Taxation"
            },
            "title": "A concurrent resolution expressing the sense of the Congress that the current Federal income tax deduction for interest paid on debt secured by a first or second home should not be further restricted.",
            "type": "SCONRES",
            "url": "https://api.congress.gov/v3/bill/106/sconres/26?format=json"
        },
        {
            "congress": 106,
            "introducedDate": "1999-03-17",
            "latestAction": {
                "actionDate": "1999-03-17",
                "text": "Referred to the Committee on Finance."
            },
            "number": "18",
            "policyArea": {
                "name": "Taxation"
            },
            "title": "A concurrent resolution expressing the sense of the Congress that the current Federal income tax deduction for interest paid on debt secured by a first or second home should not be further restricted.",
            "type": "SCONRES",
            "url": "https://api.congress.gov/v3/bill/106/sconres/18?format=json"
        },
        {
            "congress": 106,
            "introducedDate": "1999-01-26",
            "latestAction": {
                "actionDate": "1999-01-26",
                "text": "Referred to the Committee on Finance."
            },
            "number": "4",
            "policyArea": {
                "name": "Foreign Trade and International Finance"
            },
            "title": "A concurrent resolution expressing the sense of Congress that assistance to South Korea should be conditioned on South Korea's compliance with its international trade commitments and on South Korea's termination of its unfair trade practices and subsidies.",
            "type": "SCONRES",
            "url": "https://api.congress.gov/v3/bill/106/sconres/4?format=json"
        },
        {
            "amendmentNumber": "5425",
            "congress": 104,
            "introducedDate": "1996-10-02",
            "latestAction": {
                "actionDate": "1996-10-02",
                "text": "Referred to the Committee on Judiciary. "
            },
            "type": null,
            "url": "https://api.congress.gov/v3/amendment/104/samdt/5425?format=json"
        },
        {
            "amendmentNumber": "5316",
            "congress": 104,
            "introducedDate": "1996-09-12",
            "latestAction": {
                "actionDate": "1996-09-12",
                "text": "Proposed by Senator Ashcroft to Amendment SP 5234. To provide for workforce flexibility for employees of certain Federal contractors."
            },
            "type": null,
            "url": "https://api.congress.gov/v3/amendment/104/samdt/5316?format=json"
        },
        {
            "amendmentNumber": "5292",
            "congress": 104,
            "introducedDate": "1996-09-12",
            "latestAction": null,
            "type": null,
            "url": "https://api.congress.gov/v3/amendment/104/samdt/5292?format=json"
        },
        {
            "amendmentNumber": "4917",
            "congress": 104,
            "introducedDate": "1996-07-18",
            "latestAction": {
                "actionDate": "1996-07-19",
                "text": "SP 4917 ruled out of order by the chair. "
            },
            "type": null,
            "url": "https://api.congress.gov/v3/amendment/104/samdt/4917?format=json"
        },
        {
            "amendmentNumber": "4941",
            "congress": 104,
            "introducedDate": "1996-07-22",
            "latestAction": {
                "actionDate": "1996-07-23",
                "text": "Amendment SP 4941 agreed to in Senate by Voice Vote. "
            },
            "type": null,
            "url": "https://api.congress.gov/v3/amendment/104/samdt/4941?format=json"
        },
        {
            "amendmentNumber": "4942",
            "congress": 104,
            "introducedDate": "1996-07-22",
            "latestAction": {
                "actionDate": "1996-07-23",
                "text": "Amendment SP 4942 not agreed to in Senate by Yea-Nay Vote. 37-62. Record Vote No: 225. "
            },
            "type": null,
            "url": "https://api.congress.gov/v3/amendment/104/samdt/4942?format=json"
        },
        {
            "amendmentNumber": "4901",
            "congress": 104,
            "introducedDate": "1996-07-18",
            "latestAction": {
                "actionDate": "1996-07-18",
                "text": "SP 4901 ruled out of order by the chair. "
            },
            "type": null,
            "url": "https://api.congress.gov/v3/amendment/104/samdt/4901?format=json"
        },
        {
            "amendmentNumber": "4944",
            "congress": 104,
            "introducedDate": "1996-07-22",
            "latestAction": {
                "actionDate": "1996-07-23",
                "text": "Amendment SP 4944 agreed to in Senate by Voice Vote. "
            },
            "type": null,
            "url": "https://api.congress.gov/v3/amendment/104/samdt/4944?format=json"
        },
        {
            "amendmentNumber": "4943",
            "congress": 104,
            "introducedDate": "1996-07-22",
            "latestAction": {
                "actionDate": "1996-07-23",
                "text": "Amendment SP 4943 agreed to in Senate by Voice Vote. "
            },
            "type": null,
            "url": "https://api.congress.gov/v3/amendment/104/samdt/4943?format=json"
        },
        {
            "amendmentNumber": "4030",
            "congress": 104,
            "introducedDate": "1996-05-22",
            "latestAction": {
                "actionDate": "1996-05-22",
                "text": "Amendment SP 4030 agreed to in Senate by Yea-Nay Vote. 92-8. Record Vote No: 133. "
            },
            "type": null,
            "url": "https://api.congress.gov/v3/amendment/104/samdt/4030?format=json"
        },
        {
            "amendmentNumber": "4008",
            "congress": 104,
            "introducedDate": "1996-05-20",
            "latestAction": {
                "actionDate": "1996-05-22",
                "text": "Amendment SP 4008 not agreed to in Senate by Yea-Nay Vote. 43-57. Record Vote No: 140. "
            },
            "type": null,
            "url": "https://api.congress.gov/v3/amendment/104/samdt/4008?format=json"
        },
        {
            "amendmentNumber": "3694",
            "congress": 104,
            "introducedDate": "1996-04-19",
            "latestAction": {
                "actionDate": "1996-04-23",
                "text": "Considered by Senate. "
            },
            "type": null,
            "url": "https://api.congress.gov/v3/amendment/104/samdt/3694?format=json"
        },
        {
            "amendmentNumber": "3698",
            "congress": 104,
            "introducedDate": "1996-04-19",
            "latestAction": {
                "actionDate": "1996-04-23",
                "text": "Considered by Senate. "
            },
            "type": null,
            "url": "https://api.congress.gov/v3/amendment/104/samdt/3698?format=json"
        },
        {
            "amendmentNumber": "3692",
            "congress": 104,
            "introducedDate": "1996-04-19",
            "latestAction": {
                "actionDate": "1996-04-23",
                "text": "Considered by Senate. "
            },
            "type": null,
            "url": "https://api.congress.gov/v3/amendment/104/samdt/3692?format=json"
        },
        {
            "amendmentNumber": "3067",
            "congress": 104,
            "introducedDate": "1995-11-28",
            "latestAction": {
                "actionDate": "1995-11-28",
                "text": "Proposed amendment SP 3067 withdrawn in Senate. "
            },
            "type": null,
            "url": "https://api.congress.gov/v3/amendment/104/samdt/3067?format=json"
        },
        {
            "amendmentNumber": "2893",
            "congress": 104,
            "introducedDate": "1995-10-10",
            "latestAction": {
                "actionDate": "1995-10-11",
                "text": "Amendment SP 2893 agreed to in Senate by Yea-Nay Vote. 54-43. Record Vote No: 486. "
            },
            "type": null,
            "url": "https://api.congress.gov/v3/amendment/104/samdt/2893?format=json"
        },
        {
            "amendmentNumber": "2915",
            "congress": 104,
            "introducedDate": "1995-10-12",
            "latestAction": {
                "actionDate": "1995-10-18",
                "text": "Fell when cloture invoked. "
            },
            "type": null,
            "url": "https://api.congress.gov/v3/amendment/104/samdt/2915?format=json"
        },
        {
            "amendmentNumber": "2916",
            "congress": 104,
            "introducedDate": "1995-10-12",
            "latestAction": {
                "actionDate": "1995-10-17",
                "text": "Motion to table SP 2916 agreed to in Senate by Yea-Nay Vote. 49-45. Record Vote No: 490. "
            },
            "type": null,
            "url": "https://api.congress.gov/v3/amendment/104/samdt/2916?format=json"
        },
        {
            "amendmentNumber": "2561",
            "congress": 104,
            "introducedDate": "1995-09-08",
            "latestAction": {
                "actionDate": "1995-09-19",
                "text": "Proposed amendment SP 2561 withdrawn in Senate. "
            },
            "type": null,
            "url": "https://api.congress.gov/v3/amendment/104/samdt/2561?format=json"
        },
        {
            "amendmentNumber": "2562",
            "congress": 104,
            "introducedDate": "1995-09-08",
            "latestAction": {
                "actionDate": "1995-09-12",
                "text": "Amendment SP 2562 not agreed to in Senate by Yea-Nay Vote. 36-64. Record Vote No: 412. "
            },
            "type": null,
            "url": "https://api.congress.gov/v3/amendment/104/samdt/2562?format=json"
        },
        {
            "amendmentNumber": "1786",
            "congress": 104,
            "introducedDate": "1995-07-17",
            "latestAction": {
                "actionDate": "1995-07-20",
                "text": "Considered by Senate. "
            },
            "type": null,
            "url": "https://api.congress.gov/v3/amendment/104/samdt/1786?format=json"
        },
        {
            "amendmentNumber": "1713",
            "congress": 104,
            "introducedDate": "1995-07-14",
            "latestAction": null,
            "type": null,
            "url": "https://api.congress.gov/v3/amendment/104/samdt/1713?format=json"
        },
        {
            "amendmentNumber": "1743",
            "congress": 104,
            "introducedDate": "1995-07-17",
            "latestAction": null,
            "type": null,
            "url": "https://api.congress.gov/v3/amendment/104/samdt/1743?format=json"
        },
        {
            "amendmentNumber": "446",
            "congress": 104,
            "introducedDate": "1995-03-31",
            "latestAction": {
                "actionDate": "1995-04-06",
                "text": "SP 446 fell when SP 445 withdrawn. "
            },
            "type": null,
            "url": "https://api.congress.gov/v3/amendment/104/samdt/446?format=json"
        },
        {
            "congress": 104,
            "introducedDate": "1996-05-09",
            "latestAction": {
                "actionDate": "1996-05-09",
                "text": "Read twice and referred to the Committee on Finance."
            },
            "number": "1741",
            "policyArea": {
                "name": "Taxation"
            },
            "title": "Working Americans Wage Restoration Act",
            "type": "S",
            "url": "https://api.congress.gov/v3/bill/104/s/1741?format=json"
        },
        {
            "congress": 104,
            "introducedDate": "1995-09-15",
            "latestAction": {
                "actionDate": "1996-05-08",
                "text": "Subcommittee on Youth Violence. Hearings held."
            },
            "number": "1245",
            "policyArea": {
                "name": "Crime and Law Enforcement"
            },
            "title": "Violent and Hard-Core Juvenile Offender Reform Act of 1995",
            "type": "S",
            "url": "https://api.congress.gov/v3/bill/104/s/1245?format=json"
        },
        {
            "congress": 104,
            "introducedDate": "1995-08-07",
            "latestAction": {
                "actionDate": "1995-08-07",
                "text": "Read twice and referred to the Committee on Labor and Human Resources."
            },
            "number": "1129",
            "policyArea": {
                "name": "Labor and Employment"
            },
            "title": "Work and Family Integration Act",
            "type": "S",
            "url": "https://api.congress.gov/v3/bill/104/s/1129?format=json"
        },
        {
            "congress": 104,
            "introducedDate": "1995-08-11",
            "latestAction": {
                "actionDate": "1995-08-11",
                "text": "Read twice and referred to the Committee on Governmental Affairs."
            },
            "number": "1184",
            "policyArea": {
                "name": "Economics and Public Finance"
            },
            "title": "Urban Regulatory Relief Zone Act of 1995",
            "type": "S",
            "url": "https://api.congress.gov/v3/bill/104/s/1184?format=json"
        },
        {
            "congress": 104,
            "introducedDate": "1995-05-23",
            "latestAction": {
                "actionDate": "1995-05-23",
                "text": "Read twice and referred to the Committee on Finance."
            },
            "number": "845",
            "policyArea": {
                "name": "Social Welfare"
            },
            "title": "Supplemental Social Security Income Flexibility Act of 1995",
            "type": "S",
            "url": "https://api.congress.gov/v3/bill/104/s/845?format=json"
        },
        {
            "congress": 104,
            "introducedDate": "1995-05-23",
            "latestAction": {
                "actionDate": "1995-05-23",
                "text": "Read twice and referred to the Committee on Finance."
            },
            "number": "846",
            "policyArea": {
                "name": "Taxation"
            },
            "title": "Charitable Volunteers Tax Credit Incentive Act of 1995",
            "type": "S",
            "url": "https://api.congress.gov/v3/bill/104/s/846?format=json"
        },
        {
            "congress": 104,
            "introducedDate": "1995-05-23",
            "latestAction": {
                "actionDate": "1995-09-19",
                "text": "Sponsor introductory remarks on measure. (CR S13749-13750)"
            },
            "number": "842",
            "policyArea": {
                "name": "Social Welfare"
            },
            "title": "Individual Accountability Act of 1995",
            "type": "S",
            "url": "https://api.congress.gov/v3/bill/104/s/842?format=json"
        },
        {
            "congress": 104,
            "introducedDate": "1995-05-23",
            "latestAction": {
                "actionDate": "1995-05-23",
                "text": "Read twice and referred to the Committee on Agriculture."
            },
            "number": "843",
            "policyArea": {
                "name": "Agriculture and Food"
            },
            "title": "Food Stamp Flexibility Act of 1995",
            "type": "S",
            "url": "https://api.congress.gov/v3/bill/104/s/843?format=json"
        },
        {
            "congress": 104,
            "introducedDate": "1995-05-23",
            "latestAction": {
                "actionDate": "1995-05-23",
                "text": "Read twice and referred to the Committee on Finance."
            },
            "number": "844",
            "policyArea": {
                "name": "Health"
            },
            "title": "Medicaid Flexibility Act of 1995",
            "type": "S",
            "url": "https://api.congress.gov/v3/bill/104/s/844?format=json"
        },
        {
            "congress": 104,
            "introducedDate": "1996-07-26",
            "latestAction": {
                "actionDate": "1996-07-26",
                "text": "Read twice and referred jointly to the Committees on Budget; Governmental Affairs pursuant to the order of August 4, 1977, with instructions that if one Committee reports, the other Committee have thirty days to report or be discharged."
            },
            "number": "57",
            "policyArea": {
                "name": "Economics and Public Finance"
            },
            "title": "A joint resolution requiring the Congressional Budget Office and the Joint Committee on Taxation to use dynamic economic modeling in addition to static economic modeling in the preparation of budgetary estimates of proposed changes in Federal revenue law.",
            "type": "SJRES",
            "url": "https://api.congress.gov/v3/bill/104/sjres/57?format=json"
        },
        {
            "congress": 104,
            "introducedDate": "1996-07-31",
            "latestAction": {
                "actionDate": "1996-07-31",
                "text": "Read twice and referred to the Committee on Judiciary."
            },
            "number": "58",
            "policyArea": {
                "name": "Law"
            },
            "title": "A joint resolution proposing an amendment to the Constitution of the United States relative to granting power to the States to propose constitutional amendments.",
            "type": "SJRES",
            "url": "https://api.congress.gov/v3/bill/104/sjres/58?format=json"
        },
        {
            "congress": 104,
            "introducedDate": "1995-05-26",
            "latestAction": {
                "actionDate": "1995-05-26",
                "text": "Read twice and referred to the Committee on Judiciary."
            },
            "number": "36",
            "policyArea": {
                "name": "Congress"
            },
            "title": "A joint resolution proposing an amendment to the Constitution of the United States to allow the States to limit the period of time United States Senators and Representatives may serve.",
            "type": "SJRES",
            "url": "https://api.congress.gov/v3/bill/104/sjres/36?format=json"
        },
        {
            "amendmentNumber": "3593",
            "congress": 105,
            "introducedDate": "1998-09-15",
            "latestAction": {
                "actionDate": "1998-09-15",
                "text": "Motion to table SP 3593 agreed to in Senate by Yea-Nay Vote. 76-22. Record Vote No: 269. "
            },
            "type": null,
            "url": "https://api.congress.gov/v3/amendment/105/samdt/3593?format=json"
        },
        {
            "amendmentNumber": "3510",
            "congress": 105,
            "introducedDate": "1998-09-01",
            "latestAction": {
                "actionDate": "1998-09-01",
                "text": "Amendment SP 3510 agreed to in Senate by Voice Vote. "
            },
            "type": null,
            "url": "https://api.congress.gov/v3/amendment/105/samdt/3510?format=json"
        },
        {
            "amendmentNumber": "3511",
            "congress": 105,
            "introducedDate": "1998-09-01",
            "latestAction": {
                "actionDate": "1998-09-01",
                "text": "Amendment SP 3511 agreed to in Senate by Voice Vote. "
            },
            "type": null,
            "url": "https://api.congress.gov/v3/amendment/105/samdt/3511?format=json"
        },
        {
            "amendmentNumber": "3207",
            "congress": 105,
            "introducedDate": "1998-07-16",
            "latestAction": {
                "actionDate": "1998-07-16",
                "text": "Amendment SP 3207 agreed to in Senate by Voice Vote. "
            },
            "type": null,
            "url": "https://api.congress.gov/v3/amendment/105/samdt/3207?format=json"
        },
        {
            "amendmentNumber": "2871",
            "congress": 105,
            "introducedDate": "1998-06-22",
            "latestAction": null,
            "type": null,
            "url": "https://api.congress.gov/v3/amendment/105/samdt/2871?format=json"
        },
        {
            "amendmentNumber": "2552",
            "congress": 105,
            "introducedDate": "1998-06-05",
            "latestAction": null,
            "type": null,
            "url": "https://api.congress.gov/v3/amendment/105/samdt/2552?format=json"
        },
        {
            "amendmentNumber": "2548",
            "congress": 105,
            "introducedDate": "1998-06-05",
            "latestAction": null,
            "type": null,
            "url": "https://api.congress.gov/v3/amendment/105/samdt/2548?format=json"
        },
        {
            "amendmentNumber": "2544",
            "congress": 105,
            "introducedDate": "1998-06-05",
            "latestAction": null,
            "type": null,
            "url": "https://api.congress.gov/v3/amendment/105/samdt/2544?format=json"
        },
        {
            "amendmentNumber": "2550",
            "congress": 105,
            "introducedDate": "1998-06-05",
            "latestAction": null,
            "type": null,
            "url": "https://api.congress.gov/v3/amendment/105/samdt/2550?format=json"
        },
        {
            "amendmentNumber": "2553",
            "congress": 105,
            "introducedDate": "1998-06-05",
            "latestAction": null,
            "type": null,
            "url": "https://api.congress.gov/v3/amendment/105/samdt/2553?format=json"
        },
        {
            "amendmentNumber": "2549",
            "congress": 105,
            "introducedDate": "1998-06-05",
            "latestAction": null,
            "type": null,
            "url": "https://api.congress.gov/v3/amendment/105/samdt/2549?format=json"
        },
        {
            "amendmentNumber": "2545",
            "congress": 105,
            "introducedDate": "1998-06-05",
            "latestAction": null,
            "type": null,
            "url": "https://api.congress.gov/v3/amendment/105/samdt/2545?format=json"
        },
        {
            "amendmentNumber": "2546",
            "congress": 105,
            "introducedDate": "1998-06-05",
            "latestAction": null,
            "type": null,
            "url": "https://api.congress.gov/v3/amendment/105/samdt/2546?format=json"
        },
        {
            "amendmentNumber": "2551",
            "congress": 105,
            "introducedDate": "1998-06-05",
            "latestAction": null,
            "type": null,
            "url": "https://api.congress.gov/v3/amendment/105/samdt/2551?format=json"
        },
        {
            "amendmentNumber": "2547",
            "congress": 105,
            "introducedDate": "1998-06-05",
            "latestAction": null,
            "type": null,
            "url": "https://api.congress.gov/v3/amendment/105/samdt/2547?format=json"
        },
        {
            "amendmentNumber": "2427",
            "congress": 105,
            "introducedDate": "1998-05-19",
            "latestAction": {
                "actionDate": "1998-05-20",
                "text": "Motion to table SP 2427 agreed to in Senate by Yea-Nay Vote. 72-26. Record Vote No: 143. "
            },
            "type": null,
            "url": "https://api.congress.gov/v3/amendment/105/samdt/2427?format=json"
        },
        {
            "amendmentNumber": "2348",
            "congress": 105,
            "introducedDate": "1998-05-06",
            "latestAction": {
                "actionDate": "1998-05-06",
                "text": "Amendment SP 2348 agreed to in Senate by Voice Vote. "
            },
            "type": null,
            "url": "https://api.congress.gov/v3/amendment/105/samdt/2348?format=json"
        },
        {
            "amendmentNumber": "2300",
            "congress": 105,
            "introducedDate": "1998-04-22",
            "latestAction": {
                "actionDate": "1998-04-22",
                "text": "Amendment SP 2300 agreed to in Senate by Yea-Nay Vote. 52-47. Record Vote No: 94. "
            },
            "type": null,
            "url": "https://api.congress.gov/v3/amendment/105/samdt/2300?format=json"
        },
        {
            "amendmentNumber": "2332",
            "congress": 105,
            "introducedDate": "1998-05-01",
            "latestAction": {
                "actionDate": "1998-05-01",
                "text": "Amendment SP 2332 agreed to in Senate by Voice Vote. "
            },
            "type": null,
            "url": "https://api.congress.gov/v3/amendment/105/samdt/2332?format=json"
        },
        {
            "amendmentNumber": "2331",
            "congress": 105,
            "introducedDate": "1998-05-01",
            "latestAction": {
                "actionDate": "1998-05-01",
                "text": "Amendment SP 2331 agreed to in Senate by Voice Vote. "
            },
            "type": null,
            "url": "https://api.congress.gov/v3/amendment/105/samdt/2331?format=json"
        },
        {
            "amendmentNumber": "2318",
            "congress": 105,
            "introducedDate": "1998-04-29",
            "latestAction": {
                "actionDate": "1998-04-30",
                "text": "Motion to table SP 2318 agreed to in Senate by Yea-Nay Vote. 82-18. Record Vote No: 114. "
            },
            "type": null,
            "url": "https://api.congress.gov/v3/amendment/105/samdt/2318?format=json"
        },
        {
            "amendmentNumber": "2080",
            "congress": 105,
            "introducedDate": "1998-03-23",
            "latestAction": {
                "actionDate": "1998-03-24",
                "text": "Proposed amendment SP 2080 withdrawn in Senate. "
            },
            "type": null,
            "url": "https://api.congress.gov/v3/amendment/105/samdt/2080?format=json"
        },
        {
            "amendmentNumber": "2095",
            "congress": 105,
            "introducedDate": "1998-03-24",
            "latestAction": null,
            "type": null,
            "url": "https://api.congress.gov/v3/amendment/105/samdt/2095?format=json"
        },
        {
            "amendmentNumber": "2107",
            "congress": 105,
            "introducedDate": "1998-03-24",
            "latestAction": null,
            "type": null,
            "url": "https://api.congress.gov/v3/amendment/105/samdt/2107?format=json"
        },
        {
            "amendmentNumber": "2117",
            "congress": 105,
            "introducedDate": "1998-03-24",
            "latestAction": {
                "actionDate": "1998-03-24",
                "text": "Amendment SP 2117 agreed to in Senate by Voice Vote. "
            },
            "type": null,
            "url": "https://api.congress.gov/v3/amendment/105/samdt/2117?format=json"
        },
        {
            "amendmentNumber": "2094",
            "congress": 105,
            "introducedDate": "1998-03-24",
            "latestAction": null,
            "type": null,
            "url": "https://api.congress.gov/v3/amendment/105/samdt/2094?format=json"
        },
        {
            "amendmentNumber": "1188",
            "congress": 105,
            "introducedDate": "1997-09-15",
            "latestAction": {
                "actionDate": "1997-09-17",
                "text": "Amendment SP 1188 not agreed to in Senate by Yea-Nay Vote. 23-77. Record Vote No: 241. "
            },
            "type": null,
            "url": "https://api.congress.gov/v3/amendment/105/samdt/1188?format=json"
        },
        {
            "amendmentNumber": "1282",
            "congress": 105,
            "introducedDate": "1997-10-06",
            "latestAction": null,
            "type": null,
            "url": "https://api.congress.gov/v3/amendment/105/samdt/1282?format=json"
        },
        {
            "amendmentNumber": "1061",
            "congress": 105,
            "introducedDate": "1997-09-03",
            "latestAction": {
                "actionDate": "1997-09-03",
                "text": "Amendment SP 1061 agreed to in Senate by Voice Vote. "
            },
            "type": null,
            "url": "https://api.congress.gov/v3/amendment/105/samdt/1061?format=json"
        },
        {
            "amendmentNumber": "284",
            "congress": 105,
            "introducedDate": "1997-05-15",
            "latestAction": null,
            "type": null,
            "url": "https://api.congress.gov/v3/amendment/105/samdt/284?format=json"
        },
        {
            "amendmentNumber": "323",
            "congress": 105,
            "introducedDate": "1997-05-21",
            "latestAction": {
                "actionDate": "1997-05-22",
                "text": "Proposed amendment SP 323 withdrawn in Senate. "
            },
            "type": null,
            "url": "https://api.congress.gov/v3/amendment/105/samdt/323?format=json"
        },
        {
            "amendmentNumber": "322",
            "congress": 105,
            "introducedDate": "1997-05-21",
            "latestAction": {
                "actionDate": "1997-05-22",
                "text": "SP 322 ruled out of order by the chair. "
            },
            "type": null,
            "url": "https://api.congress.gov/v3/amendment/105/samdt/322?format=json"
        },
        {
            "amendmentNumber": "287",
            "congress": 105,
            "introducedDate": "1997-05-15",
            "latestAction": null,
            "type": null,
            "url": "https://api.congress.gov/v3/amendment/105/samdt/287?format=json"
        },
        {
            "amendmentNumber": "285",
            "congress": 105,
            "introducedDate": "1997-05-15",
            "latestAction": null,
            "type": null,
            "url": "https://api.congress.gov/v3/amendment/105/samdt/285?format=json"
        },
        {
            "amendmentNumber": "286",
            "congress": 105,
            "introducedDate": "1997-05-15",
            "latestAction": null,
            "type": null,
            "url": "https://api.congress.gov/v3/amendment/105/samdt/286?format=json"
        },
        {
            "congress": 105,
            "introducedDate": "1998-10-20",
            "latestAction": {
                "actionDate": "1998-10-20",
                "text": "Read twice and referred to the Committee on Finance."
            },
            "number": "2642",
            "policyArea": {
                "name": "Foreign Trade and International Finance"
            },
            "title": "A bill to establish a Chief Agricultural Negotiator in the Office of the United States Trade Representative.",
            "type": "S",
            "url": "https://api.congress.gov/v3/bill/105/s/2642?format=json"
        },
        {
            "congress": 105,
            "introducedDate": "1998-10-14",
            "latestAction": {
                "actionDate": "1998-10-14",
                "text": "Read twice and referred to the Committee on Governmental Affairs."
            },
            "number": "2634",
            "policyArea": {
                "name": "Government Operations and Politics"
            },
            "title": "A bill to require reports on travel of Executive branch officers and employees to international conferences, and for other purposes.",
            "type": "S",
            "url": "https://api.congress.gov/v3/bill/105/s/2634?format=json"
        },
        {
            "congress": 105,
            "introducedDate": "1998-10-09",
            "latestAction": {
                "actionDate": "1998-10-09",
                "text": "Read twice and referred to the Committee on Agriculture."
            },
            "number": "2606",
            "policyArea": {
                "name": "Agriculture and Food"
            },
            "title": "Selective Agricultural Embargoes Act of 1998",
            "type": "S",
            "url": "https://api.congress.gov/v3/bill/105/s/2606?format=json"
        },
        {
            "congress": 105,
            "introducedDate": "1998-09-16",
            "latestAction": {
                "actionDate": "1998-09-16",
                "text": "Read twice and referred to the Committee on Labor and Human Resources."
            },
            "number": "2487",
            "policyArea": {
                "name": "Education"
            },
            "title": "Equal Access Improvement Act",
            "type": "S",
            "url": "https://api.congress.gov/v3/bill/105/s/2487?format=json"
        },
        {
            "congress": 105,
            "introducedDate": "1998-07-30",
            "latestAction": {
                "actionDate": "1998-07-30",
                "text": "Read twice and referred to the Committee on Judiciary."
            },
            "number": "2384",
            "policyArea": {
                "name": "Commerce"
            },
            "title": "Year 2000 Enhanced Cooperation Solution",
            "type": "S",
            "url": "https://api.congress.gov/v3/bill/105/s/2384?format=json"
        },
        {
            "congress": 105,
            "introducedDate": "1998-07-30",
            "latestAction": {
                "actionDate": "1998-07-30",
                "text": "Read twice and referred to the Committee on Judiciary."
            },
            "number": "2380",
            "policyArea": {
                "name": "Health"
            },
            "title": "Putting Parents First Act",
            "type": "S",
            "url": "https://api.congress.gov/v3/bill/105/s/2380?format=json"
        },
        {
            "congress": 105,
            "introducedDate": "1998-07-27",
            "latestAction": {
                "actionDate": "1998-07-27",
                "text": "Read twice and referred jointly to the Committees on Budget; Governmental Affairs pursuant to the order of August 4, 1977, that if one Committee report, the other Committee have thirty days to report or be discharged."
            },
            "number": "2357",
            "policyArea": {
                "name": "Economics and Public Finance"
            },
            "title": "A bill requiring the Congressional Budget Office and the Joint Committee on Taxation to use dynamic economic modeling in addition to static economic modeling in the preparation of budgetary estimates of proposed changes in Federal revenue law.",
            "type": "S",
            "url": "https://api.congress.gov/v3/bill/105/s/2357?format=json"
        },
        {
            "congress": 105,
            "introducedDate": "1998-06-24",
            "latestAction": {
                "actionDate": "1998-06-24",
                "text": "Read twice and referred to the Committee on Governmental Affairs."
            },
            "number": "2211",
            "policyArea": {
                "name": "Government Operations and Politics"
            },
            "title": "Taxpayers' Defense Act of 1998",
            "type": "S",
            "url": "https://api.congress.gov/v3/bill/105/s/2211?format=json"
        },
        {
            "congress": 105,
            "introducedDate": "1998-06-19",
            "latestAction": {
                "actionDate": "1998-06-19",
                "text": "Read twice and referred to the Committee on Governmental Affairs."
            },
            "number": "2198",
            "policyArea": {
                "name": "Government Operations and Politics"
            },
            "title": "Taxpayers' Defense Act of 1998",
            "type": "S",
            "url": "https://api.congress.gov/v3/bill/105/s/2198?format=json"
        },
        {
            "congress": 105,
            "introducedDate": "1998-05-13",
            "latestAction": {
                "actionDate": "1998-05-13",
                "text": "Read twice and referred to the Committee on Judiciary."
            },
            "number": "2076",
            "policyArea": {
                "name": "Government Operations and Politics"
            },
            "title": "Executive Accountability Act of 1998",
            "type": "S",
            "url": "https://api.congress.gov/v3/bill/105/s/2076?format=json"
        },
        {
            "congress": 105,
            "introducedDate": "1998-05-12",
            "latestAction": {
                "actionDate": "1998-10-13",
                "text": "Referred to Subcommittee on Technology, Terrorism, Government."
            },
            "number": "2067",
            "policyArea": {
                "name": "Crime and Law Enforcement"
            },
            "title": "Encryption Protects the Rights of Individuals from Violation and Abuse in CYberspace (E-PRIVACY) Act",
            "type": "S",
            "url": "https://api.congress.gov/v3/bill/105/s/2067?format=json"
        },
        {
            "congress": 105,
            "introducedDate": "1998-05-01",
            "latestAction": {
                "actionDate": "1998-10-08",
                "text": "Committee on Judiciary. Ordered to be reported without amendment favorably."
            },
            "number": "2024",
            "policyArea": {
                "name": "Crime and Law Enforcement"
            },
            "title": "Methamphetamine Trafficking Penalty Enhancement Act of 1998",
            "type": "S",
            "url": "https://api.congress.gov/v3/bill/105/s/2024?format=json"
        },
        {
            "congress": 105,
            "introducedDate": "1998-05-13",
            "latestAction": {
                "actionDate": "1998-05-13",
                "text": "Read twice and referred to the Committee on Judiciary."
            },
            "number": "2075",
            "policyArea": {
                "name": "Government Operations and Politics"
            },
            "title": "A bill to provide for expedited review of executive privilege claims and to improve efficiency of independent counsel investigations.",
            "type": "S",
            "url": "https://api.congress.gov/v3/bill/105/s/2075?format=json"
        },
        {
            "congress": 105,
            "introducedDate": "1998-05-01",
            "latestAction": {
                "actionDate": "1998-05-01",
                "text": "Read twice and referred to the Committee on Judiciary."
            },
            "number": "2028",
            "policyArea": {
                "name": "Crime and Law Enforcement"
            },
            "title": "Drug Czar Responsibility and Accountability Act of 1998",
            "type": "S",
            "url": "https://api.congress.gov/v3/bill/105/s/2028?format=json"
        },
        {
            "congress": 105,
            "introducedDate": "1998-05-01",
            "latestAction": {
                "actionDate": "1998-05-01",
                "text": "Read twice and referred to the Committee on Judiciary."
            },
            "number": "2023",
            "policyArea": {
                "name": "Crime and Law Enforcement"
            },
            "title": "Protect Our Children Act of 1998",
            "type": "S",
            "url": "https://api.congress.gov/v3/bill/105/s/2023?format=json"
        },
        {
            "congress": 105,
            "introducedDate": "1998-05-07",
            "latestAction": {
                "actionDate": "1998-05-07",
                "text": "Read twice and referred to the Committee on Governmental Affairs."
            },
            "number": "2046",
            "policyArea": {
                "name": "Social Welfare"
            },
            "title": "Charitable Choice Expansion Act of 1998",
            "type": "S",
            "url": "https://api.congress.gov/v3/bill/105/s/2046?format=json"
        },
        {
            "congress": 105,
            "introducedDate": "1998-04-30",
            "latestAction": {
                "actionDate": "1998-04-30",
                "text": "Read twice and referred to the Committee on Environment and Public Works."
            },
            "number": "2019",
            "policyArea": {
                "name": "Environmental Protection"
            },
            "title": "Economic Growth and Sovereignty Protection Act",
            "type": "S",
            "url": "https://api.congress.gov/v3/bill/105/s/2019?format=json"
        },
        {
            "congress": 105,
            "introducedDate": "1997-09-24",
            "latestAction": {
                "actionDate": "1997-09-24",
                "text": "Read twice and referred to the Committee on Labor and Human Resources."
            },
            "number": "1215",
            "policyArea": {
                "name": "Education"
            },
            "title": "A bill to prohibit spending Federal education funds on national testing.",
            "type": "S",
            "url": "https://api.congress.gov/v3/bill/105/s/1215?format=json"
        },
        {
            "congress": 105,
            "introducedDate": "1997-09-03",
            "latestAction": {
                "actionDate": "1998-03-11",
                "text": "Sponsor introductory remarks on measure. (CR S1770-1771)"
            },
            "number": "1146",
            "policyArea": {
                "name": "Commerce"
            },
            "title": "Digital Copyright Clarification and Technology Education Act of 1997",
            "type": "S",
            "url": "https://api.congress.gov/v3/bill/105/s/1146?format=json"
        },
        {
            "congress": 105,
            "introducedDate": "1997-06-10",
            "latestAction": {
                "actionDate": "1998-10-13",
                "text": "Referred to Subcommittee on Technology, Terrorism, Government."
            },
            "number": "873",
            "policyArea": {
                "name": "Crime and Law Enforcement"
            },
            "title": "Prohibition on Financial Transactions With Countries Supporting Terrorism Act of 1997",
            "type": "S",
            "url": "https://api.congress.gov/v3/bill/105/s/873?format=json"
        },
        {
            "congress": 105,
            "introducedDate": "1997-06-03",
            "latestAction": {
                "actionDate": "1997-06-03",
                "text": "Read twice and referred to the Committee on Judiciary."
            },
            "number": "825",
            "policyArea": {
                "name": "Crime and Law Enforcement"
            },
            "title": "Protect Children From Violence Act",
            "type": "S",
            "url": "https://api.congress.gov/v3/bill/105/s/825?format=json"
        },
        {
            "congress": 105,
            "introducedDate": "1997-04-15",
            "latestAction": {
                "actionDate": "1997-04-15",
                "text": "Read twice and referred to the Committee on Finance."
            },
            "number": "579",
            "policyArea": {
                "name": "Taxation"
            },
            "title": "Working Americans Wage Restoration Act",
            "type": "S",
            "url": "https://api.congress.gov/v3/bill/105/s/579?format=json"
        },
        {
            "congress": 105,
            "introducedDate": "1997-04-07",
            "latestAction": {
                "actionDate": "1997-04-07",
                "text": "Introduced in the Senate. Read twice. Placed on Senate Legislative Calendar under General Orders. Calendar No. 36."
            },
            "number": "515",
            "policyArea": {
                "name": "Law"
            },
            "title": "Liability Reform for Volunteer Services Act",
            "type": "S",
            "url": "https://api.congress.gov/v3/bill/105/s/515?format=json"
        },
        {
            "congress": 105,
            "introducedDate": "1997-04-07",
            "latestAction": {
                "actionDate": "1998-10-13",
                "text": "Referred to Subcommittee on Oversight and Courts."
            },
            "number": "514",
            "policyArea": {
                "name": "Law"
            },
            "title": "Liability Reform for Volunteer Services Act",
            "type": "S",
            "url": "https://api.congress.gov/v3/bill/105/s/514?format=json"
        },
        {
            "congress": 105,
            "introducedDate": "1997-01-21",
            "latestAction": {
                "actionDate": "1997-06-04",
                "text": "Second cloture on the modified committee amendment not invoked in Senate by Yea-Nay Vote. 51-47. Record Vote No: 93. (consideration: CR S5291)"
            },
            "number": "4",
            "policyArea": {
                "name": "Labor and Employment"
            },
            "title": "Family Friendly Workplace Act",
            "type": "S",
            "url": "https://api.congress.gov/v3/bill/105/s/4?format=json"
        },
        {
            "congress": 105,
            "introducedDate": "1997-02-12",
            "latestAction": {
                "actionDate": "1998-02-24",
                "text": "Subcommittee on Constitution, Federalism, Property. Hearings held. Hearings printed: S.Hrg. 105-511."
            },
            "number": "16",
            "policyArea": {
                "name": "Congress"
            },
            "title": "A joint resolution proposing a constitutional amendment to limit congressional terms.",
            "type": "SJRES",
            "url": "https://api.congress.gov/v3/bill/105/sjres/16?format=json"
        },
        {
            "congress": 105,
            "introducedDate": "1997-01-21",
            "latestAction": {
                "actionDate": "1997-03-04",
                "text": "Committee on Commerce. Hearings held."
            },
            "number": "5",
            "policyArea": {
                "name": "Commerce"
            },
            "title": "Product Liability Reform Act of 1997",
            "type": "S",
            "url": "https://api.congress.gov/v3/bill/105/s/5?format=json"
        },
        {
            "congress": 105,
            "introducedDate": "1998-06-04",
            "latestAction": {
                "actionDate": "1998-06-04",
                "text": "Referred to the Committee on Foreign Relations."
            },
            "number": "242",
            "policyArea": {
                "name": "International Affairs"
            },
            "title": "A resolution expressing the sense of the Senate that the President should not go to China until certain aspects of United States policy toward China in the areas of national security, trade, and human rights have been clarified and outstanding questions surrounding the export of United States satellite and missile technology have been answered.",
            "type": "SRES",
            "url": "https://api.congress.gov/v3/bill/105/sres/242?format=json"
        },
        {
            "congress": 105,
            "introducedDate": "1997-07-31",
            "latestAction": {
                "actionDate": "1997-10-08",
                "text": "Placed on Senate Legislative Calendar under General Orders. Calendar No. 199."
            },
            "number": "112",
            "policyArea": {
                "name": "International Affairs"
            },
            "title": "A resolution condemning the most recent outbreak of violence in the Republic of Congo and recognizing the threat such violence poses to the prospects for a stable democratic form of government in that country.",
            "type": "SRES",
            "url": "https://api.congress.gov/v3/bill/105/sres/112?format=json"
        }
    ]
}