{
    "pagination": {
        "count": 178
    },
    "request": {
        "bioguideId": "s001191",
        "contentType": "application/json",
        "format": "json"
    },
    "sponsoredLegislation": [
        {
            "congress": 118,
            "introducedDate": "2023-01-24",
            "latestAction": {
                "actionDate": "2024-07-31",
                "text": "Committee on Homeland Security and Governmental Affairs. Ordered to be reported with an amendment in the nature of a substitute favorably."
            },
            "number": "59",
            "policyArea": {
                "name": "Government Operations and Politics"
            },
            "title": "Chance to Compete Act of 2023",
            "type": "S",
            "url": "https://api.congress.gov/v3/bill/118/s/59?format=json"
        },
        {
            "congress": 118,
            "introducedDate": "2023-07-26",
            "latestAction": {
                "actionDate": "2024-08-01",
                "text": "Placed on Senate Legislative Calendar under General Orders. Calendar No. 451."
            },
            "number": "2546",
            "policyArea": {
                "name": "Government Operations and Politics"
            },
            "title": "A bill to designate the facility of the United States Postal Service located at 100 North Taylor Lane in Patagonia, Arizona, as the \"Jim Kolbe Memorial Post Office\".",
            "type": "S",
            "url": "https://api.congress.gov/v3/bill/118/s/2546?format=json"
        },
        {
            "amendmentNumber": "3140",
            "congress": 118,
            "introducedDate": "2024-07-24",
            "latestAction": null,
            "type": null,
            "url": "https://api.congress.gov/v3/amendment/118/samdt/3140?format=json"
        },
        {
            "congress": 118,
            "introducedDate": "2023-12-11",
            "latestAction": {
                "actionDate": "2023-12-11",
                "text": "Read twice and referred to the Committee on Finance."
            },
            "number": "3458",
            "policyArea": {
                "name": "Health"
            },
            "title": "Seniors\u2019 Access to Critical Medications Act of 2023",
            "type": "S",
            "url": "https://api.congress.gov/v3/bill/118/s/3458?format=json"
        },
        {
            "amendmentNumber": "2595",
            "congress": 118,
            "introducedDate": "2024-07-11",
            "latestAction": null,
            "type": null,
            "url": "https://api.congress.gov/v3/amendment/118/samdt/2595?format=json"
        },
        {
            "amendmentNumber": "2591",
            "congress": 118,
            "introducedDate": "2024-07-11",
            "latestAction": null,
            "type": null,
            "url": "https://api.congress.gov/v3/amendment/118/samdt/2591?format=json"
        },
        {
            "amendmentNumber": "2594",
            "congress": 118,
            "introducedDate": "2024-07-11",
            "latestAction": null,
            "type": null,
            "url": "https://api.congress.gov/v3/amendment/118/samdt/2594?format=json"
        },
        {
            "amendmentNumber": "2400",
            "congress": 118,
            "introducedDate": "2024-07-11",
            "latestAction": null,
            "type": null,
            "url": "https://api.congress.gov/v3/amendment/118/samdt/2400?format=json"
        },
        {
            "congress": 118,
            "introducedDate": "2024-07-11",
            "latestAction": {
                "actionDate": "2024-07-11",
                "text": "Read twice and referred to the Committee on Homeland Security and Governmental Affairs."
            },
            "number": "4673",
            "policyArea": {
                "name": null
            },
            "title": "Special District Grant Accessibility Act",
            "type": "S",
            "url": "https://api.congress.gov/v3/bill/118/s/4673?format=json"
        },
        {
            "congress": 118,
            "introducedDate": "2024-07-11",
            "latestAction": {
                "actionDate": "2024-07-11",
                "text": "Read twice and referred to the Committee on Homeland Security and Governmental Affairs."
            },
            "number": "4676",
            "policyArea": {
                "name": "Immigration"
            },
            "title": "Shadow Wolves Improvement Act",
            "type": "S",
            "url": "https://api.congress.gov/v3/bill/118/s/4676?format=json"
        },
        {
            "congress": 118,
            "introducedDate": "2024-07-11",
            "latestAction": {
                "actionDate": "2024-07-11",
                "text": "Placed on Senate Legislative Calendar under General Orders. Calendar No. 435."
            },
            "number": "4677",
            "policyArea": {
                "name": null
            },
            "title": "Military Construction, Veterans Affairs, and Related Agencies Appropriations Act, 2025",
            "type": "S",
            "url": "https://api.congress.gov/v3/bill/118/s/4677?format=json"
        },
        {
            "congress": 118,
            "introducedDate": "2024-07-11",
            "latestAction": {
                "actionDate": "2024-07-31",
                "text": "Committee on Homeland Security and Governmental Affairs. Ordered to be reported with an amendment in the nature of a substitute favorably."
            },
            "number": "4672",
            "policyArea": {
                "name": null
            },
            "title": "Border Weather Resiliency Act of 2024",
            "type": "S",
            "url": "https://api.congress.gov/v3/bill/118/s/4672?format=json"
        },
        {
            "congress": 118,
            "introducedDate": "2023-10-04",
            "latestAction": {
                "actionDate": "2024-05-09",
                "text": "Placed on Senate Legislative Calendar under General Orders. Calendar No. 385."
            },
            "number": "3029",
            "policyArea": {
                "name": "Government Operations and Politics"
            },
            "title": "Honoring Civil Servants Killed in the Line of Duty Act",
            "type": "S",
            "url": "https://api.congress.gov/v3/bill/118/s/3029?format=json"
        },
        {
            "congress": 118,
            "introducedDate": "2024-05-02",
            "latestAction": {
                "actionDate": "2024-05-02",
                "text": "Read twice and referred to the Committee on Finance."
            },
            "number": "4255",
            "policyArea": {
                "name": "Crime and Law Enforcement"
            },
            "title": "Law Enforcement Innovate to De-Escalate Act",
            "type": "S",
            "url": "https://api.congress.gov/v3/bill/118/s/4255?format=json"
        },
        {
            "congress": 118,
            "introducedDate": "2024-05-02",
            "latestAction": {
                "actionDate": "2024-05-02",
                "text": "Read twice and referred to the Committee on Homeland Security and Governmental Affairs."
            },
            "number": "4264",
            "policyArea": {
                "name": null
            },
            "title": "SMART Act of 2024",
            "type": "S",
            "url": "https://api.congress.gov/v3/bill/118/s/4264?format=json"
        },
        {
            "amendmentNumber": "1070",
            "congress": 118,
            "introducedDate": "2023-07-26",
            "latestAction": null,
            "type": null,
            "url": "https://api.congress.gov/v3/amendment/118/samdt/1070?format=json"
        },
        {
            "amendmentNumber": "1063",
            "congress": 118,
            "introducedDate": "2023-07-26",
            "latestAction": null,
            "type": null,
            "url": "https://api.congress.gov/v3/amendment/118/samdt/1063?format=json"
        },
        {
            "amendmentNumber": "1048",
            "congress": 118,
            "introducedDate": "2023-07-25",
            "latestAction": null,
            "type": null,
            "url": "https://api.congress.gov/v3/amendment/118/samdt/1048?format=json"
        },
        {
            "amendmentNumber": "370",
            "congress": 118,
            "introducedDate": "2023-07-13",
            "latestAction": null,
            "type": null,
            "url": "https://api.congress.gov/v3/amendment/118/samdt/370?format=json"
        },
        {
            "amendmentNumber": "315",
            "congress": 118,
            "introducedDate": "2023-07-13",
            "latestAction": {
                "actionDate": "2023-07-20",
                "text": "Amendment SA 315 agreed to in Senate by Voice Vote."
            },
            "type": null,
            "url": "https://api.congress.gov/v3/amendment/118/samdt/315?format=json"
        },
        {
            "congress": 118,
            "introducedDate": "2024-03-21",
            "latestAction": {
                "actionDate": "2024-03-21",
                "text": "Read twice and referred to the Committee on Energy and Natural Resources."
            },
            "number": "4016",
            "policyArea": {
                "name": "Water Resources Development"
            },
            "title": "Help Hoover Dam Act",
            "type": "S",
            "url": "https://api.congress.gov/v3/bill/118/s/4016?format=json"
        },
        {
            "congress": 118,
            "introducedDate": "2023-03-01",
            "latestAction": {
                "actionDate": "2023-03-01",
                "text": "Read twice and referred to the Committee on Banking, Housing, and Urban Affairs."
            },
            "number": "610",
            "policyArea": {
                "name": "Finance and Financial Sector"
            },
            "title": "Credit Union Board Modernization Act",
            "type": "S",
            "url": "https://api.congress.gov/v3/bill/118/s/610?format=json"
        },
        {
            "congress": 118,
            "introducedDate": "2023-12-13",
            "latestAction": {
                "actionDate": "2023-12-14",
                "text": "Message on Senate action sent to the House."
            },
            "number": "499",
            "policyArea": {
                "name": "Law"
            },
            "title": "A resolution acknowledging the lifetime of service of Sandra Day O'Connor to the United States as a successful Arizona State Senator, trailblazer, expert collaborator, educational advocate, and one of the great Justices of the Supreme Court of the United States.",
            "type": "SRES",
            "url": "https://api.congress.gov/v3/bill/118/sres/499?format=json"
        },
        {
            "congress": 118,
            "introducedDate": "2023-01-30",
            "latestAction": {
                "actionDate": "2023-01-30",
                "text": "Read twice and referred to the Committee on Foreign Relations."
            },
            "number": "128",
            "policyArea": {
                "name": "Environmental Protection"
            },
            "title": "Nogales Wastewater Improvement Act of 2023",
            "type": "S",
            "url": "https://api.congress.gov/v3/bill/118/s/128?format=json"
        },
        {
            "congress": 118,
            "introducedDate": "2023-05-18",
            "latestAction": {
                "actionDate": "2023-05-18",
                "text": "Referred to the Committee on the Budget. (text: CR S1753)"
            },
            "number": "10",
            "policyArea": {
                "name": "Economics and Public Finance"
            },
            "title": "Fiscal State of the Nation Resolution",
            "type": "SCONRES",
            "url": "https://api.congress.gov/v3/bill/118/sconres/10?format=json"
        },
        {
            "congress": 118,
            "introducedDate": "2023-07-19",
            "latestAction": {
                "actionDate": "2023-07-19",
                "text": "Read twice and referred to the Committee on Finance."
            },
            "number": "2392",
            "policyArea": {
                "name": "Social Welfare"
            },
            "title": "Improving Social Security\u2019s Service to Victims of Identity Theft Act",
            "type": "S",
            "url": "https://api.congress.gov/v3/bill/118/s/2392?format=json"
        },
        {
            "congress": 117,
            "introducedDate": "2022-07-19",
            "latestAction": {
                "actionDate": "2022-07-19",
                "text": "Read twice and referred to the Committee on Foreign Relations."
            },
            "number": "4548",
            "policyArea": {
                "name": "Environmental Protection"
            },
            "title": "Nogales Wastewater Improvement Act of 2022",
            "type": "S",
            "url": "https://api.congress.gov/v3/bill/117/s/4548?format=json"
        },
        {
            "congress": 117,
            "introducedDate": "2022-07-13",
            "latestAction": {
                "actionDate": "2022-12-12",
                "text": "Placed on Senate Legislative Calendar under General Orders. Calendar No. 616."
            },
            "number": "4528",
            "policyArea": {
                "name": "Science, Technology, Communications"
            },
            "title": "Improving Digital Identity Act of 2022",
            "type": "S",
            "url": "https://api.congress.gov/v3/bill/117/s/4528?format=json"
        },
        {
            "congress": 118,
            "introducedDate": "2023-07-12",
            "latestAction": {
                "actionDate": "2023-07-12",
                "text": "Read twice and referred to the Committee on Energy and Natural Resources."
            },
            "number": "2262",
            "policyArea": {
                "name": "Public Lands and Natural Resources"
            },
            "title": "Baaj Nwaavjo I\u2019tah Kukveni Grand Canyon National Monument Act",
            "type": "S",
            "url": "https://api.congress.gov/v3/bill/118/s/2262?format=json"
        },
        {
            "congress": 117,
            "introducedDate": "2022-12-08",
            "latestAction": {
                "actionDate": "2022-12-21",
                "text": "Star Print ordered on the agreed to resolution."
            },
            "number": "865",
            "policyArea": {
                "name": "Sports and Recreation"
            },
            "title": "A resolution commending and congratulating the Northern Arizona University Lumberjacks Men's Cross Country Team for winning the 2022 National Collegiate Athletic Association Cross Country National Championship.",
            "type": "SRES",
            "url": "https://api.congress.gov/v3/bill/117/sres/865?format=json"
        },
        {
            "congress": 117,
            "introducedDate": "2021-12-16",
            "latestAction": {
                "actionDate": "2022-11-17",
                "text": "Placed on Senate Legislative Calendar under General Orders. Calendar No. 558."
            },
            "number": "3423",
            "policyArea": {
                "name": "Government Operations and Politics"
            },
            "title": "Chance to Compete Act of 2022",
            "type": "S",
            "url": "https://api.congress.gov/v3/bill/117/s/3423?format=json"
        },
        {
            "congress": 117,
            "introducedDate": "2021-04-22",
            "latestAction": {
                "actionDate": "2022-11-17",
                "text": "Placed on Senate Legislative Calendar under General Orders. Calendar No. 556."
            },
            "number": "1330",
            "policyArea": {
                "name": "Government Operations and Politics"
            },
            "title": "Facilitating Federal Employee Reskilling Act",
            "type": "S",
            "url": "https://api.congress.gov/v3/bill/117/s/1330?format=json"
        },
        {
            "congress": 117,
            "introducedDate": "2022-01-12",
            "latestAction": {
                "actionDate": "2022-06-22",
                "text": "Placed on Senate Legislative Calendar under General Orders. Calendar No. 429."
            },
            "number": "3487",
            "policyArea": {
                "name": "Government Operations and Politics"
            },
            "title": "Honoring Civil Servants Killed in the Line of Duty Act",
            "type": "S",
            "url": "https://api.congress.gov/v3/bill/117/s/3487?format=json"
        },
        {
            "congress": 118,
            "introducedDate": "2023-06-14",
            "latestAction": {
                "actionDate": "2023-06-14",
                "text": "Read twice and referred to the Committee on Commerce, Science, and Transportation."
            },
            "number": "2002",
            "policyArea": {
                "name": "Environmental Protection"
            },
            "title": "CREATE Act of 2023",
            "type": "S",
            "url": "https://api.congress.gov/v3/bill/118/s/2002?format=json"
        },
        {
            "congress": 118,
            "introducedDate": "2023-07-12",
            "latestAction": {
                "actionDate": "2023-09-11",
                "text": "Placed on Senate Legislative Calendar under General Orders. Calendar No. 205."
            },
            "number": "2272",
            "policyArea": {
                "name": "Government Operations and Politics"
            },
            "title": "Wildland Firefighter Paycheck Protection Act of 2023",
            "type": "S",
            "url": "https://api.congress.gov/v3/bill/118/s/2272?format=json"
        },
        {
            "congress": 118,
            "introducedDate": "2023-01-24",
            "latestAction": {
                "actionDate": "2023-12-11",
                "text": "Placed on Senate Legislative Calendar under General Orders. Calendar No. 267."
            },
            "number": "61",
            "policyArea": {
                "name": "Crime and Law Enforcement"
            },
            "title": "Combating Cartels on Social Media Act of 2023",
            "type": "S",
            "url": "https://api.congress.gov/v3/bill/118/s/61?format=json"
        },
        {
            "congress": 117,
            "introducedDate": "2022-02-17",
            "latestAction": {
                "actionDate": "2022-02-17",
                "text": "Read twice and referred to the Committee on Finance."
            },
            "number": "3684",
            "policyArea": {
                "name": "Social Welfare"
            },
            "title": "Improving Social Security\u2019s Service to Victims of Identity Theft Act",
            "type": "S",
            "url": "https://api.congress.gov/v3/bill/117/s/3684?format=json"
        },
        {
            "congress": 117,
            "introducedDate": "2022-09-27",
            "latestAction": {
                "actionDate": "2022-09-27",
                "text": "Read twice and referred to the Committee on Homeland Security and Governmental Affairs."
            },
            "number": "4963",
            "policyArea": {
                "name": "Immigration"
            },
            "title": "Combating Cartels on Social Media Act of 2022",
            "type": "S",
            "url": "https://api.congress.gov/v3/bill/117/s/4963?format=json"
        },
        {
            "congress": 118,
            "introducedDate": "2023-05-17",
            "latestAction": {
                "actionDate": "2023-12-12",
                "text": "Placed on Senate Legislative Calendar under General Orders. Calendar No. 279."
            },
            "number": "1657",
            "policyArea": {
                "name": "Public Lands and Natural Resources"
            },
            "title": "La Paz County Solar Energy and Job Creation Act",
            "type": "S",
            "url": "https://api.congress.gov/v3/bill/118/s/1657?format=json"
        },
        {
            "congress": 118,
            "introducedDate": "2023-05-09",
            "latestAction": {
                "actionDate": "2023-05-09",
                "text": "Read twice and referred to the Committee on Health, Education, Labor, and Pensions."
            },
            "number": "1493",
            "policyArea": {
                "name": "Health"
            },
            "title": "9\u20138\u20138 Lifeline Cybersecurity Responsibility Act",
            "type": "S",
            "url": "https://api.congress.gov/v3/bill/118/s/1493?format=json"
        },
        {
            "amendmentNumber": "1271",
            "congress": 118,
            "introducedDate": "2023-09-20",
            "latestAction": null,
            "type": null,
            "url": "https://api.congress.gov/v3/amendment/118/samdt/1271?format=json"
        },
        {
            "congress": 118,
            "introducedDate": "2024-03-06",
            "latestAction": {
                "actionDate": "2024-03-06",
                "text": "Read twice and referred to the Committee on Veterans' Affairs."
            },
            "number": "3885",
            "policyArea": {
                "name": "Armed Forces and National Security"
            },
            "title": "Veteran Caregiver Reeducation, Reemployment, and Retirement Act",
            "type": "S",
            "url": "https://api.congress.gov/v3/bill/118/s/3885?format=json"
        },
        {
            "congress": 118,
            "introducedDate": "2023-04-18",
            "latestAction": {
                "actionDate": "2023-07-12",
                "text": "Committee on Veterans' Affairs. Hearings held. Hearings printed: S.Hrg. 118-217."
            },
            "number": "1172",
            "policyArea": {
                "name": "Armed Forces and National Security"
            },
            "title": "RELIEVE Act",
            "type": "S",
            "url": "https://api.congress.gov/v3/bill/118/s/1172?format=json"
        },
        {
            "congress": 118,
            "introducedDate": "2023-10-04",
            "latestAction": {
                "actionDate": "2023-10-04",
                "text": "Read twice and referred to the Committee on Finance."
            },
            "number": "3021",
            "policyArea": {
                "name": "Health"
            },
            "title": "Sustainable Cardiopulmonary Rehabilitation Services in the Home Act",
            "type": "S",
            "url": "https://api.congress.gov/v3/bill/118/s/3021?format=json"
        },
        {
            "congress": 118,
            "introducedDate": "2023-09-20",
            "latestAction": {
                "actionDate": "2023-09-20",
                "text": "Read twice and referred to the Committee on Finance."
            },
            "number": "2859",
            "policyArea": {
                "name": "Social Welfare"
            },
            "title": "Social Security Child Protection Act of 2023",
            "type": "S",
            "url": "https://api.congress.gov/v3/bill/118/s/2859?format=json"
        },
        {
            "congress": 118,
            "introducedDate": "2023-09-21",
            "latestAction": {
                "actionDate": "2023-09-21",
                "text": "Read twice and referred to the Committee on Health, Education, Labor, and Pensions."
            },
            "number": "2877",
            "policyArea": {
                "name": "Education"
            },
            "title": "Earn to Learn Act",
            "type": "S",
            "url": "https://api.congress.gov/v3/bill/118/s/2877?format=json"
        },
        {
            "amendmentNumber": "1572",
            "congress": 118,
            "introducedDate": "2024-02-09",
            "latestAction": null,
            "type": null,
            "url": "https://api.congress.gov/v3/amendment/118/samdt/1572?format=json"
        },
        {
            "congress": 118,
            "introducedDate": "2023-05-11",
            "latestAction": {
                "actionDate": "2023-05-11",
                "text": "Submitted in the Senate, considered, and agreed to without amendment and with a preamble by Unanimous Consent. (consideration: CR S1633; text: CR S1631-1632)"
            },
            "number": "211",
            "policyArea": {
                "name": "Government Operations and Politics"
            },
            "title": "A resolution expressing the sense of the Senate that public servants should be commended for their dedication and continued service to the United States during Public Service Recognition Week.",
            "type": "SRES",
            "url": "https://api.congress.gov/v3/bill/118/sres/211?format=json"
        },
        {
            "congress": 118,
            "introducedDate": "2023-04-27",
            "latestAction": {
                "actionDate": "2023-04-27",
                "text": "Read twice and referred to the Committee on Banking, Housing, and Urban Affairs."
            },
            "number": "1357",
            "policyArea": {
                "name": "Finance and Financial Sector"
            },
            "title": "Responsible Digital Asset Advertising Act of 2023",
            "type": "S",
            "url": "https://api.congress.gov/v3/bill/118/s/1357?format=json"
        },
        {
            "congress": 118,
            "introducedDate": "2023-05-04",
            "latestAction": {
                "actionDate": "2023-05-04",
                "text": "Read twice and referred to the Committee on the Judiciary."
            },
            "number": "1473",
            "policyArea": {
                "name": "Immigration"
            },
            "title": "A bill to authorize the immediate expulsion of inadmissible aliens attempting to enter the United States by fraud or without a necessary entry document, and for other purposes.",
            "type": "S",
            "url": "https://api.congress.gov/v3/bill/118/s/1473?format=json"
        },
        {
            "congress": 118,
            "introducedDate": "2023-03-23",
            "latestAction": {
                "actionDate": "2023-03-23",
                "text": "Read twice and referred to the Committee on Banking, Housing, and Urban Affairs."
            },
            "number": "955",
            "policyArea": {
                "name": "Finance and Financial Sector"
            },
            "title": "Senior Security Act of 2023",
            "type": "S",
            "url": "https://api.congress.gov/v3/bill/118/s/955?format=json"
        },
        {
            "congress": 118,
            "introducedDate": "2023-03-08",
            "latestAction": {
                "actionDate": "2023-03-08",
                "text": "Read twice and referred to the Committee on Environment and Public Works."
            },
            "number": "702",
            "policyArea": {
                "name": "Environmental Protection"
            },
            "title": "Urban Waters Federal Partnership Act of 2023",
            "type": "S",
            "url": "https://api.congress.gov/v3/bill/118/s/702?format=json"
        },
        {
            "congress": 118,
            "introducedDate": "2023-03-21",
            "latestAction": {
                "actionDate": "2023-08-29",
                "text": "Star Print ordered on on the reported bill."
            },
            "number": "884",
            "policyArea": {
                "name": "Science, Technology, Communications"
            },
            "title": "Improving Digital Identity Act of 2023",
            "type": "S",
            "url": "https://api.congress.gov/v3/bill/118/s/884?format=json"
        },
        {
            "congress": 118,
            "introducedDate": "2023-02-16",
            "latestAction": {
                "actionDate": "2023-02-16",
                "text": "Read twice and referred to the Committee on the Judiciary."
            },
            "number": "463",
            "policyArea": {
                "name": "Law"
            },
            "title": "Downwinders Parity Act of 2023",
            "type": "S",
            "url": "https://api.congress.gov/v3/bill/118/s/463?format=json"
        },
        {
            "congress": 118,
            "introducedDate": "2023-02-15",
            "latestAction": {
                "actionDate": "2023-02-15",
                "text": "Read twice and referred to the Committee on Armed Services."
            },
            "number": "456",
            "policyArea": {
                "name": "Armed Forces and National Security"
            },
            "title": "COMFORT Act",
            "type": "S",
            "url": "https://api.congress.gov/v3/bill/118/s/456?format=json"
        },
        {
            "congress": 117,
            "introducedDate": "2022-04-28",
            "latestAction": {
                "actionDate": "2023-01-05",
                "text": "Became Public Law No: 117-349."
            },
            "number": "4104",
            "policyArea": {
                "name": "Native Americans"
            },
            "title": "Hualapai Tribe Water Rights Settlement Act of 2022",
            "type": "S",
            "url": "https://api.congress.gov/v3/bill/117/s/4104?format=json"
        },
        {
            "congress": 117,
            "introducedDate": "2021-09-22",
            "latestAction": {
                "actionDate": "2022-12-19",
                "text": "Placed on Senate Legislative Calendar under General Orders. Calendar No. 672."
            },
            "number": "2801",
            "policyArea": {
                "name": "Government Operations and Politics"
            },
            "title": "SMART Act of 2022",
            "type": "S",
            "url": "https://api.congress.gov/v3/bill/117/s/2801?format=json"
        },
        {
            "congress": 117,
            "introducedDate": "2021-07-29",
            "latestAction": {
                "actionDate": "2022-12-07",
                "text": "Placed on Senate Legislative Calendar under General Orders. Calendar No. 599."
            },
            "number": "2541",
            "policyArea": {
                "name": "Immigration"
            },
            "title": "Shadow Wolves Enhancement Act",
            "type": "S",
            "url": "https://api.congress.gov/v3/bill/117/s/2541?format=json"
        },
        {
            "amendmentNumber": "6621",
            "congress": 117,
            "introducedDate": "2022-12-22",
            "latestAction": {
                "actionDate": "2022-12-22",
                "text": "Amendment SA 6621, under the order of 12/22/22, not having achieved 60 votes in the affirmative, was not agreed to in Senate by Yea-Nay Vote. 10 - 87. Record Vote Number: 412. "
            },
            "type": null,
            "url": "https://api.congress.gov/v3/amendment/117/samdt/6621?format=json"
        },
        {
            "congress": 117,
            "introducedDate": "2022-05-26",
            "latestAction": {
                "actionDate": "2022-05-26",
                "text": "Read twice and referred to the Committee on Banking, Housing, and Urban Affairs."
            },
            "number": "4325",
            "policyArea": {
                "name": "Finance and Financial Sector"
            },
            "title": "Credit Union Board Modernization Act",
            "type": "S",
            "url": "https://api.congress.gov/v3/bill/117/s/4325?format=json"
        },
        {
            "congress": 117,
            "introducedDate": "2022-05-05",
            "latestAction": {
                "actionDate": "2022-05-05",
                "text": "Submitted in the Senate, considered, and agreed to without amendment and with a preamble by Unanimous Consent. (consideration: CR S2366; text: CR S2363-2364)"
            },
            "number": "619",
            "policyArea": {
                "name": "Government Operations and Politics"
            },
            "title": "A resolution expressing the sense of the Senate that public servants should be commended for their dedication and continued service to the United States during Public Service Recognition Week.",
            "type": "SRES",
            "url": "https://api.congress.gov/v3/bill/117/sres/619?format=json"
        },
        {
            "amendmentNumber": "6229",
            "congress": 117,
            "introducedDate": "2022-09-29",
            "latestAction": null,
            "type": null,
            "url": "https://api.congress.gov/v3/amendment/117/samdt/6229?format=json"
        },
        {
            "amendmentNumber": "6228",
            "congress": 117,
            "introducedDate": "2022-09-29",
            "latestAction": null,
            "type": null,
            "url": "https://api.congress.gov/v3/amendment/117/samdt/6228?format=json"
        },
        {
            "amendmentNumber": "5861",
            "congress": 117,
            "introducedDate": "2022-09-28",
            "latestAction": null,
            "type": null,
            "url": "https://api.congress.gov/v3/amendment/117/samdt/5861?format=json"
        },
        {
            "amendmentNumber": "5860",
            "congress": 117,
            "introducedDate": "2022-09-28",
            "latestAction": null,
            "type": null,
            "url": "https://api.congress.gov/v3/amendment/117/samdt/5860?format=json"
        },
        {
            "amendmentNumber": "5862",
            "congress": 117,
            "introducedDate": "2022-09-28",
            "latestAction": null,
            "type": null,
            "url": "https://api.congress.gov/v3/amendment/117/samdt/5862?format=json"
        },
        {
            "amendmentNumber": "5814",
            "congress": 117,
            "introducedDate": "2022-09-28",
            "latestAction": null,
            "type": null,
            "url": "https://api.congress.gov/v3/amendment/117/samdt/5814?format=json"
        },
        {
            "congress": 117,
            "introducedDate": "2021-10-20",
            "latestAction": {
                "actionDate": "2021-10-20",
                "text": "Read twice and referred to the Committee on Armed Services."
            },
            "number": "3021",
            "policyArea": {
                "name": "Armed Forces and National Security"
            },
            "title": "COMFORT Act of 2021",
            "type": "S",
            "url": "https://api.congress.gov/v3/bill/117/s/3021?format=json"
        },
        {
            "congress": 117,
            "introducedDate": "2022-06-15",
            "latestAction": {
                "actionDate": "2022-06-15",
                "text": "Read twice and referred to the Committee on Health, Education, Labor, and Pensions."
            },
            "number": "4412",
            "policyArea": {
                "name": "Labor and Employment"
            },
            "title": "Protecting Social Workers and Health Professionals from Workplace Violence Act",
            "type": "S",
            "url": "https://api.congress.gov/v3/bill/117/s/4412?format=json"
        },
        {
            "congress": 117,
            "introducedDate": "2022-01-11",
            "latestAction": {
                "actionDate": "2022-01-11",
                "text": "Read twice and referred to the Committee on Finance."
            },
            "number": "3474",
            "policyArea": {
                "name": "Government Operations and Politics"
            },
            "title": "Honoring Civil Servants Killed in the Line of Duty Act",
            "type": "S",
            "url": "https://api.congress.gov/v3/bill/117/s/3474?format=json"
        },
        {
            "congress": 117,
            "introducedDate": "2021-02-23",
            "latestAction": {
                "actionDate": "2022-07-21",
                "text": "Committee on Energy and Natural Resources. Failed to report favorably."
            },
            "number": "387",
            "policyArea": {
                "name": "Public Lands and Natural Resources"
            },
            "title": "Grand Canyon Protection Act",
            "type": "S",
            "url": "https://api.congress.gov/v3/bill/117/s/387?format=json"
        },
        {
            "congress": 117,
            "introducedDate": "2021-06-08",
            "latestAction": {
                "actionDate": "2021-06-08",
                "text": "Read twice and referred to the Committee on Armed Services."
            },
            "number": "1967",
            "policyArea": {
                "name": "Armed Forces and National Security"
            },
            "title": "Childcare Expansion for Military Families Act of 2021",
            "type": "S",
            "url": "https://api.congress.gov/v3/bill/117/s/1967?format=json"
        },
        {
            "congress": 116,
            "introducedDate": "2020-08-06",
            "latestAction": {
                "actionDate": "2020-09-16",
                "text": "Committee on Energy and Natural Resources Subcommittee on Public Lands, Forests, and Mining. Hearings held. With printed Hearing: S.Hrg. 116-380."
            },
            "number": "4475",
            "policyArea": {
                "name": "Public Lands and Natural Resources"
            },
            "title": "La Paz County Solar Energy and Job Creation Act",
            "type": "S",
            "url": "https://api.congress.gov/v3/bill/116/s/4475?format=json"
        },
        {
            "congress": 117,
            "introducedDate": "2021-09-27",
            "latestAction": {
                "actionDate": "2021-12-15",
                "text": "Committee on Veterans' Affairs. Ordered to be reported without amendment favorably."
            },
            "number": "2852",
            "policyArea": {
                "name": "Armed Forces and National Security"
            },
            "title": "Long-Term Care Veterans Choice Act",
            "type": "S",
            "url": "https://api.congress.gov/v3/bill/117/s/2852?format=json"
        },
        {
            "congress": 117,
            "introducedDate": "2021-08-02",
            "latestAction": {
                "actionDate": "2021-10-06",
                "text": "Committee on Energy and Natural Resources Subcommittee on National Parks. Hearings held."
            },
            "number": "2580",
            "policyArea": {
                "name": "Public Lands and Natural Resources"
            },
            "title": "Alexander Lofgren Veterans in Parks (VIP) Act",
            "type": "S",
            "url": "https://api.congress.gov/v3/bill/117/s/2580?format=json"
        },
        {
            "congress": 117,
            "introducedDate": "2021-11-15",
            "latestAction": {
                "actionDate": "2021-11-15",
                "text": "Read twice and referred to the Committee on Indian Affairs."
            },
            "number": "3204",
            "policyArea": {
                "name": "Native Americans"
            },
            "title": "Old Pascua Community Land Acquisition Act",
            "type": "S",
            "url": "https://api.congress.gov/v3/bill/117/s/3204?format=json"
        },
        {
            "congress": 117,
            "introducedDate": "2021-06-24",
            "latestAction": {
                "actionDate": "2021-06-24",
                "text": "Read twice and referred to the Committee on Environment and Public Works."
            },
            "number": "2285",
            "policyArea": {
                "name": "Environmental Protection"
            },
            "title": "Urban Waters Federal Partnership Act of 2021",
            "type": "S",
            "url": "https://api.congress.gov/v3/bill/117/s/2285?format=json"
        },
        {
            "congress": 117,
            "introducedDate": "2021-09-23",
            "latestAction": {
                "actionDate": "2021-09-23",
                "text": "Read twice and referred to the Committee on Armed Services."
            },
            "number": "2811",
            "policyArea": {
                "name": "Armed Forces and National Security"
            },
            "title": "Military Suicide Prevention in the 21st Century Act",
            "type": "S",
            "url": "https://api.congress.gov/v3/bill/117/s/2811?format=json"
        },
        {
            "congress": 116,
            "introducedDate": "2020-06-09",
            "latestAction": {
                "actionDate": "2020-06-09",
                "text": "Read twice and referred to the Committee on Armed Services."
            },
            "number": "3919",
            "policyArea": {
                "name": "Armed Forces and National Security"
            },
            "title": "Military Suicide Prevention in the 21st Century Act",
            "type": "S",
            "url": "https://api.congress.gov/v3/bill/116/s/3919?format=json"
        },
        {
            "congress": 117,
            "introducedDate": "2021-06-10",
            "latestAction": {
                "actionDate": "2021-06-10",
                "text": "Read twice and referred to the Committee on the Judiciary."
            },
            "number": "2012",
            "policyArea": {
                "name": "Law"
            },
            "title": "Downwinders Parity Act of 2021",
            "type": "S",
            "url": "https://api.congress.gov/v3/bill/117/s/2012?format=json"
        },
        {
            "congress": 116,
            "introducedDate": "2020-03-11",
            "latestAction": {
                "actionDate": "2020-03-11",
                "text": "Read twice and referred to the Committee on Homeland Security and Governmental Affairs."
            },
            "number": "3435",
            "policyArea": {
                "name": "Immigration"
            },
            "title": "Shadow Wolves Enhancement Act",
            "type": "S",
            "url": "https://api.congress.gov/v3/bill/116/s/3435?format=json"
        },
        {
            "amendmentNumber": "4817",
            "congress": 117,
            "introducedDate": "2021-11-18",
            "latestAction": null,
            "type": null,
            "url": "https://api.congress.gov/v3/amendment/117/samdt/4817?format=json"
        },
        {
            "amendmentNumber": "4559",
            "congress": 117,
            "introducedDate": "2021-11-15",
            "latestAction": null,
            "type": null,
            "url": "https://api.congress.gov/v3/amendment/117/samdt/4559?format=json"
        },
        {
            "amendmentNumber": "3937",
            "congress": 117,
            "introducedDate": "2021-10-27",
            "latestAction": null,
            "type": null,
            "url": "https://api.congress.gov/v3/amendment/117/samdt/3937?format=json"
        },
        {
            "amendmentNumber": "4523",
            "congress": 117,
            "introducedDate": "2021-11-04",
            "latestAction": null,
            "type": null,
            "url": "https://api.congress.gov/v3/amendment/117/samdt/4523?format=json"
        },
        {
            "congress": 117,
            "introducedDate": "2021-07-29",
            "latestAction": {
                "actionDate": "2021-07-29",
                "text": "Referred to the Committee on the Budget. (text: CR S5182)"
            },
            "number": "11",
            "policyArea": {
                "name": "Economics and Public Finance"
            },
            "title": "Fiscal State of the Nation Resolution",
            "type": "SCONRES",
            "url": "https://api.congress.gov/v3/bill/117/sconres/11?format=json"
        },
        {
            "amendmentNumber": "4071",
            "congress": 117,
            "introducedDate": "2021-11-01",
            "latestAction": null,
            "type": null,
            "url": "https://api.congress.gov/v3/amendment/117/samdt/4071?format=json"
        },
        {
            "amendmentNumber": "3936",
            "congress": 117,
            "introducedDate": "2021-10-27",
            "latestAction": null,
            "type": null,
            "url": "https://api.congress.gov/v3/amendment/117/samdt/3936?format=json"
        },
        {
            "amendmentNumber": "3938",
            "congress": 117,
            "introducedDate": "2021-10-27",
            "latestAction": null,
            "type": null,
            "url": "https://api.congress.gov/v3/amendment/117/samdt/3938?format=json"
        },
        {
            "congress": 117,
            "introducedDate": "2021-06-16",
            "latestAction": {
                "actionDate": "2021-06-16",
                "text": "Read twice and referred to the Committee on Small Business and Entrepreneurship."
            },
            "number": "2091",
            "policyArea": {
                "name": "Commerce"
            },
            "title": "Restaurant Revitalization Fund Replenishment Act of 2021",
            "type": "S",
            "url": "https://api.congress.gov/v3/bill/117/s/2091?format=json"
        },
        {
            "congress": 117,
            "introducedDate": "2021-03-02",
            "latestAction": {
                "actionDate": "2021-10-19",
                "text": "Committee on Energy and Natural Resources Subcommittee on Public Lands, Forests, and Mining. Hearings held."
            },
            "number": "528",
            "policyArea": {
                "name": "Public Lands and Natural Resources"
            },
            "title": "La Paz County Solar Energy and Job Creation Act",
            "type": "S",
            "url": "https://api.congress.gov/v3/bill/117/s/528?format=json"
        },
        {
            "congress": 117,
            "introducedDate": "2021-05-12",
            "latestAction": {
                "actionDate": "2021-05-12",
                "text": "Submitted in the Senate, considered, and agreed to without amendment and with a preamble by Unanimous Consent. (consideration: CR S2496; text: CR S2493)"
            },
            "number": "211",
            "policyArea": {
                "name": "Government Operations and Politics"
            },
            "title": "A resolution expressing the sense of the Senate that, during Public Service Recognition Week, public servants should be commended for their dedication and continued service to the United States.",
            "type": "SRES",
            "url": "https://api.congress.gov/v3/bill/117/sres/211?format=json"
        },
        {
            "amendmentNumber": "2137",
            "congress": 117,
            "introducedDate": "2021-08-01",
            "latestAction": {
                "actionDate": "2021-08-08",
                "text": "Amendment SA 2137 agreed to in Senate by Yea-Nay Vote. 69 - 28. Record Vote Number: 312. "
            },
            "type": null,
            "url": "https://api.congress.gov/v3/amendment/117/samdt/2137?format=json"
        },
        {
            "amendmentNumber": "2620",
            "congress": 117,
            "introducedDate": "2021-08-05",
            "latestAction": null,
            "type": null,
            "url": "https://api.congress.gov/v3/amendment/117/samdt/2620?format=json"
        },
        {
            "congress": 117,
            "introducedDate": "2021-03-18",
            "latestAction": {
                "actionDate": "2021-03-18",
                "text": "Read twice and referred to the Committee on Commerce, Science, and Transportation."
            },
            "number": "843",
            "policyArea": {
                "name": "Environmental Protection"
            },
            "title": "CREATE Act of 2021",
            "type": "S",
            "url": "https://api.congress.gov/v3/bill/117/s/843?format=json"
        },
        {
            "congress": 117,
            "introducedDate": "2021-01-28",
            "latestAction": {
                "actionDate": "2021-07-26",
                "actionTime": "14:38:41",
                "text": "Held at the desk."
            },
            "number": "89",
            "policyArea": {
                "name": "Armed Forces and National Security"
            },
            "title": "Ensuring Survivor Benefits during COVID-19 Act of 2021",
            "type": "S",
            "url": "https://api.congress.gov/v3/bill/117/s/89?format=json"
        },
        {
            "congress": 117,
            "introducedDate": "2021-04-15",
            "latestAction": {
                "actionDate": "2021-04-15",
                "text": "Read twice and referred to the Committee on Health, Education, Labor, and Pensions."
            },
            "number": "1173",
            "policyArea": {
                "name": "Education"
            },
            "title": "Earn to Learn Act",
            "type": "S",
            "url": "https://api.congress.gov/v3/bill/117/s/1173?format=json"
        },
        {
            "congress": 117,
            "introducedDate": "2021-04-27",
            "latestAction": {
                "actionDate": "2021-04-27",
                "text": "Read twice and referred to the Committee on Finance."
            },
            "number": "1399",
            "policyArea": {
                "name": "Taxation"
            },
            "title": "Homecare for Seniors Act",
            "type": "S",
            "url": "https://api.congress.gov/v3/bill/117/s/1399?format=json"
        },
        {
            "congress": 116,
            "introducedDate": "2020-06-02",
            "latestAction": {
                "actionDate": "2020-06-02",
                "text": "Read twice and referred to the Committee on Armed Services."
            },
            "number": "3867",
            "policyArea": {
                "name": "Armed Forces and National Security"
            },
            "title": "Childcare Expansion for Military Families Act of 2020",
            "type": "S",
            "url": "https://api.congress.gov/v3/bill/116/s/3867?format=json"
        },
        {
            "congress": 116,
            "introducedDate": "2020-07-28",
            "latestAction": {
                "actionDate": "2020-07-28",
                "text": "Read twice and referred to the Committee on Commerce, Science, and Transportation."
            },
            "number": "4341",
            "policyArea": {
                "name": "Environmental Protection"
            },
            "title": "CREATE Act of 2020",
            "type": "S",
            "url": "https://api.congress.gov/v3/bill/116/s/4341?format=json"
        },
        {
            "congress": 117,
            "introducedDate": "2021-03-23",
            "latestAction": {
                "actionDate": "2021-03-23",
                "text": "Read twice and referred to the Committee on Armed Services."
            },
            "number": "906",
            "policyArea": {
                "name": "Armed Forces and National Security"
            },
            "title": "Military Family Violence Prevention Act",
            "type": "S",
            "url": "https://api.congress.gov/v3/bill/117/s/906?format=json"
        },
        {
            "congress": 117,
            "introducedDate": "2021-03-18",
            "latestAction": {
                "actionDate": "2021-03-18",
                "text": "Read twice and referred to the Committee on Banking, Housing, and Urban Affairs."
            },
            "number": "856",
            "policyArea": {
                "name": "Finance and Financial Sector"
            },
            "title": "Senior Security Act of 2021",
            "type": "S",
            "url": "https://api.congress.gov/v3/bill/117/s/856?format=json"
        },
        {
            "congress": 116,
            "introducedDate": "2020-07-20",
            "latestAction": {
                "actionDate": "2020-12-14",
                "text": "Placed on Senate Legislative Calendar under General Orders. Calendar No. 625."
            },
            "number": "4224",
            "policyArea": {
                "name": "Immigration"
            },
            "title": "Southwest Border Security Technology Improvement Act of 2020",
            "type": "S",
            "url": "https://api.congress.gov/v3/bill/116/s/4224?format=json"
        },
        {
            "congress": 117,
            "introducedDate": "2021-01-28",
            "latestAction": {
                "actionDate": "2021-01-28",
                "text": "Read twice and referred to the Committee on Indian Affairs."
            },
            "number": "112",
            "policyArea": {
                "name": "Native Americans"
            },
            "title": "A bill to require the Secretary of Health and Human Services to award additional funding through the Sanitation Facilities Construction Program of the Indian Health Service, and for other purposes.",
            "type": "S",
            "url": "https://api.congress.gov/v3/bill/117/s/112?format=json"
        },
        {
            "congress": 117,
            "introducedDate": "2021-01-28",
            "latestAction": {
                "actionDate": "2021-01-28",
                "text": "Read twice and referred to the Committee on Finance."
            },
            "number": "91",
            "policyArea": {
                "name": "Government Operations and Politics"
            },
            "title": "Special Districts Provide Essential Services Act",
            "type": "S",
            "url": "https://api.congress.gov/v3/bill/117/s/91?format=json"
        },
        {
            "congress": 116,
            "introducedDate": "2020-11-18",
            "latestAction": {
                "actionDate": "2020-11-18",
                "text": "Read twice and referred to the Committee on Armed Services."
            },
            "number": "4922",
            "policyArea": {
                "name": "Armed Forces and National Security"
            },
            "title": "Military Domestic Violence Prevention Act",
            "type": "S",
            "url": "https://api.congress.gov/v3/bill/116/s/4922?format=json"
        },
        {
            "congress": 116,
            "introducedDate": "2020-03-12",
            "latestAction": {
                "actionDate": "2020-03-12",
                "text": "Read twice and referred to the Committee on Health, Education, Labor, and Pensions."
            },
            "number": "3477",
            "policyArea": {
                "name": "Education"
            },
            "title": "Earn to Learn Act",
            "type": "S",
            "url": "https://api.congress.gov/v3/bill/116/s/3477?format=json"
        },
        {
            "congress": 116,
            "introducedDate": "2019-11-14",
            "latestAction": {
                "actionDate": "2019-11-14",
                "text": "Read twice and referred to the Committee on Environment and Public Works."
            },
            "number": "2862",
            "policyArea": {
                "name": "Agriculture and Food"
            },
            "title": "DRIP Act of 2019",
            "type": "S",
            "url": "https://api.congress.gov/v3/bill/116/s/2862?format=json"
        },
        {
            "congress": 116,
            "introducedDate": "2020-03-03",
            "latestAction": {
                "actionDate": "2020-03-03",
                "text": "Read twice and referred to the Committee on Veterans' Affairs."
            },
            "number": "3378",
            "policyArea": {
                "name": "Armed Forces and National Security"
            },
            "title": "Reduce Unemployment for Veterans of All Ages Act of 2020",
            "type": "S",
            "url": "https://api.congress.gov/v3/bill/116/s/3378?format=json"
        },
        {
            "congress": 116,
            "introducedDate": "2019-10-21",
            "latestAction": {
                "actionDate": "2019-10-21",
                "text": "Read twice and referred to the Committee on Veterans' Affairs."
            },
            "number": "2651",
            "policyArea": {
                "name": "Armed Forces and National Security"
            },
            "title": "Honoring Veterans\u2019 Families Act of 2019",
            "type": "S",
            "url": "https://api.congress.gov/v3/bill/116/s/2651?format=json"
        },
        {
            "congress": 116,
            "introducedDate": "2019-12-19",
            "latestAction": {
                "actionDate": "2019-12-19",
                "text": "Read twice and referred to the Committee on Energy and Natural Resources."
            },
            "number": "3127",
            "policyArea": {
                "name": "Public Lands and Natural Resources"
            },
            "title": "Grand Canyon Centennial Protection Act",
            "type": "S",
            "url": "https://api.congress.gov/v3/bill/116/s/3127?format=json"
        },
        {
            "congress": 116,
            "introducedDate": "2019-10-22",
            "latestAction": {
                "actionDate": "2020-01-09",
                "text": "By Senator Murkowski from Committee on Energy and Natural Resources filed written report. Report No. 116-202."
            },
            "number": "2668",
            "policyArea": {
                "name": "Energy"
            },
            "title": "Solar Energy Research and Development Act of 2019",
            "type": "S",
            "url": "https://api.congress.gov/v3/bill/116/s/2668?format=json"
        },
        {
            "congress": 116,
            "introducedDate": "2020-07-02",
            "latestAction": {
                "actionDate": "2020-07-02",
                "text": "Read twice and referred to the Committee on Veterans' Affairs."
            },
            "number": "4166",
            "policyArea": {
                "name": "Armed Forces and National Security"
            },
            "title": "Ensuring Survivors Benefits during COVID\u201319 Act of 2020",
            "type": "S",
            "url": "https://api.congress.gov/v3/bill/116/s/4166?format=json"
        },
        {
            "congress": 116,
            "introducedDate": "2019-09-26",
            "latestAction": {
                "actionDate": "2020-09-15",
                "text": "Placed on Senate Legislative Calendar under General Orders. Calendar No. 541."
            },
            "number": "2558",
            "policyArea": {
                "name": "Native Americans"
            },
            "title": "Nursing Home Care for Native American Veterans Act",
            "type": "S",
            "url": "https://api.congress.gov/v3/bill/116/s/2558?format=json"
        },
        {
            "congress": 116,
            "introducedDate": "2020-07-23",
            "latestAction": {
                "actionDate": "2020-07-23",
                "text": "Read twice and referred to the Committee on Finance."
            },
            "number": "4308",
            "policyArea": {
                "name": "Government Operations and Politics"
            },
            "title": "Special Districts Provide Essential Services Act",
            "type": "S",
            "url": "https://api.congress.gov/v3/bill/116/s/4308?format=json"
        },
        {
            "congress": 116,
            "introducedDate": "2020-07-02",
            "latestAction": {
                "actionDate": "2020-07-02",
                "text": "Read twice and referred to the Committee on Indian Affairs."
            },
            "number": "4168",
            "policyArea": {
                "name": "Native Americans"
            },
            "title": "A bill to require the Secretary of Health and Human Services to award additional funding through the Sanitation Facilities Construction Program of the Indian Health Service, and for other purposes.",
            "type": "S",
            "url": "https://api.congress.gov/v3/bill/116/s/4168?format=json"
        },
        {
            "congress": 116,
            "introducedDate": "2020-07-02",
            "latestAction": {
                "actionDate": "2020-07-02",
                "text": "Read twice and referred to the Committee on Finance."
            },
            "number": "4178",
            "policyArea": {
                "name": "Taxation"
            },
            "title": "A bill to provide for a credit against employment taxes for certain workplace safety expenses, and for other purposes.",
            "type": "S",
            "url": "https://api.congress.gov/v3/bill/116/s/4178?format=json"
        },
        {
            "congress": 116,
            "introducedDate": "2019-09-26",
            "latestAction": {
                "actionDate": "2019-09-26",
                "text": "Read twice and referred to the Committee on Banking, Housing, and Urban Affairs."
            },
            "number": "2570",
            "policyArea": {
                "name": "Sports and Recreation"
            },
            "title": "Greg LeMond Congressional Gold Medal Act",
            "type": "S",
            "url": "https://api.congress.gov/v3/bill/116/s/2570?format=json"
        },
        {
            "congress": 116,
            "introducedDate": "2019-11-14",
            "latestAction": {
                "actionDate": "2020-07-01",
                "actionTime": "18:05:04",
                "text": "Held at the desk."
            },
            "number": "2864",
            "policyArea": {
                "name": "Armed Forces and National Security"
            },
            "title": "Sergeant Daniel Somers Veterans Network of Support Act of 2019",
            "type": "S",
            "url": "https://api.congress.gov/v3/bill/116/s/2864?format=json"
        },
        {
            "amendmentNumber": "2184",
            "congress": 116,
            "introducedDate": "2020-06-25",
            "latestAction": null,
            "type": null,
            "url": "https://api.congress.gov/v3/amendment/116/samdt/2184?format=json"
        },
        {
            "amendmentNumber": "2183",
            "congress": 116,
            "introducedDate": "2020-06-25",
            "latestAction": null,
            "type": null,
            "url": "https://api.congress.gov/v3/amendment/116/samdt/2183?format=json"
        },
        {
            "congress": 116,
            "introducedDate": "2020-03-05",
            "latestAction": {
                "actionDate": "2020-03-05",
                "text": "Read twice and referred to the Committee on Veterans' Affairs."
            },
            "number": "3408",
            "policyArea": {
                "name": "Armed Forces and National Security"
            },
            "title": "Long-Term Care Veterans Choice Act",
            "type": "S",
            "url": "https://api.congress.gov/v3/bill/116/s/3408?format=json"
        },
        {
            "congress": 116,
            "introducedDate": "2019-11-07",
            "latestAction": {
                "actionDate": "2019-11-07",
                "text": "Read twice and referred to the Committee on Homeland Security and Governmental Affairs."
            },
            "number": "2813",
            "policyArea": {
                "name": "Government Operations and Politics"
            },
            "title": "CBP Hiring and Retention Innovation Act",
            "type": "S",
            "url": "https://api.congress.gov/v3/bill/116/s/2813?format=json"
        },
        {
            "congress": 116,
            "introducedDate": "2020-05-11",
            "latestAction": {
                "actionDate": "2020-05-11",
                "text": "Submitted in the Senate, considered, and agreed to without amendment and with a preamble by Unanimous Consent. (consideration: CR S2347; text: CR S2343-2344)"
            },
            "number": "569",
            "policyArea": {
                "name": "Government Operations and Politics"
            },
            "title": "A resolution expressing the sense of the Senate that, during Public Service Recognition Week, public servants should be commended for their dedication and continued service to the United States.",
            "type": "SRES",
            "url": "https://api.congress.gov/v3/bill/116/sres/569?format=json"
        },
        {
            "congress": 116,
            "introducedDate": "2020-02-27",
            "latestAction": {
                "actionDate": "2020-02-27",
                "text": "Submitted in the Senate, considered, and agreed to without amendment and with a preamble by Voice Vote. (consideration: CR S1236; text: CR S1228-1229)"
            },
            "number": "513",
            "policyArea": {
                "name": "Health"
            },
            "title": "A resolution designating February 2020 as \"American Heart Month\" and February 7, 2020, as \"National Wear Red Day\".",
            "type": "SRES",
            "url": "https://api.congress.gov/v3/bill/116/sres/513?format=json"
        },
        {
            "congress": 116,
            "introducedDate": "2020-01-28",
            "latestAction": {
                "actionDate": "2020-01-28",
                "text": "Referred to the Committee on the Budget. (text: CR S644)"
            },
            "number": "35",
            "policyArea": {
                "name": "Economics and Public Finance"
            },
            "title": "Fiscal State of the Nation Resolution",
            "type": "SCONRES",
            "url": "https://api.congress.gov/v3/bill/116/sconres/35?format=json"
        },
        {
            "amendmentNumber": "1393",
            "congress": 116,
            "introducedDate": "2020-03-03",
            "latestAction": null,
            "type": null,
            "url": "https://api.congress.gov/v3/amendment/116/samdt/1393?format=json"
        },
        {
            "congress": 116,
            "introducedDate": "2019-06-05",
            "latestAction": {
                "actionDate": "2019-06-05",
                "text": "Read twice and referred to the Committee on Banking, Housing, and Urban Affairs."
            },
            "number": "1719",
            "policyArea": {
                "name": "Finance and Financial Sector"
            },
            "title": "Senior Security Act of 2019",
            "type": "S",
            "url": "https://api.congress.gov/v3/bill/116/s/1719?format=json"
        },
        {
            "congress": 116,
            "introducedDate": "2019-05-13",
            "latestAction": {
                "actionDate": "2019-07-15",
                "text": "Placed on Senate Legislative Calendar under General Orders. Calendar No. 147."
            },
            "number": "1420",
            "policyArea": {
                "name": "Government Operations and Politics"
            },
            "title": "SMART Act of 2019",
            "type": "S",
            "url": "https://api.congress.gov/v3/bill/116/s/1420?format=json"
        },
        {
            "congress": 116,
            "introducedDate": "2019-05-16",
            "latestAction": {
                "actionDate": "2019-05-16",
                "text": "Read twice and referred to the Committee on Armed Services."
            },
            "number": "1526",
            "policyArea": {
                "name": "Armed Forces and National Security"
            },
            "title": "Prevention of Sexual Assault in the Armed Forces Act",
            "type": "S",
            "url": "https://api.congress.gov/v3/bill/116/s/1526?format=json"
        },
        {
            "congress": 116,
            "introducedDate": "2019-02-14",
            "latestAction": {
                "actionDate": "2019-07-30",
                "text": "Became Public Law No: 116-35."
            },
            "number": "504",
            "policyArea": {
                "name": "Armed Forces and National Security"
            },
            "title": "Let Everyone Get Involved in Opportunities for National Service Act",
            "type": "S",
            "url": "https://api.congress.gov/v3/bill/116/s/504?format=json"
        },
        {
            "congress": 116,
            "introducedDate": "2019-11-18",
            "latestAction": {
                "actionDate": "2019-11-18",
                "text": "Read twice and referred to the Committee on Health, Education, Labor, and Pensions."
            },
            "number": "2880",
            "policyArea": {
                "name": "Labor and Employment"
            },
            "title": "Protecting Social Workers and Health Professionals from Workplace Violence Act of 2019",
            "type": "S",
            "url": "https://api.congress.gov/v3/bill/116/s/2880?format=json"
        },
        {
            "amendmentNumber": "1025",
            "congress": 116,
            "introducedDate": "2019-10-23",
            "latestAction": {
                "actionDate": "2019-10-31",
                "text": "Amendment SA 1025 agreed to in Senate by Unanimous Consent. "
            },
            "type": null,
            "url": "https://api.congress.gov/v3/amendment/116/samdt/1025?format=json"
        },
        {
            "congress": 116,
            "introducedDate": "2019-05-14",
            "latestAction": {
                "actionDate": "2019-05-14",
                "text": "Read twice and referred to the Committee on Armed Services."
            },
            "number": "1467",
            "policyArea": {
                "name": "Armed Forces and National Security"
            },
            "title": "Sergeant Daniel Somers Network of Support Act",
            "type": "S",
            "url": "https://api.congress.gov/v3/bill/116/s/1467?format=json"
        },
        {
            "congress": 116,
            "introducedDate": "2019-06-05",
            "latestAction": {
                "actionDate": "2019-07-25",
                "text": "Became Public Law No: 116-33."
            },
            "number": "1749",
            "policyArea": {
                "name": "Housing and Community Development"
            },
            "title": "Protecting Affordable Mortgages for Veterans Act of 2019",
            "type": "S",
            "url": "https://api.congress.gov/v3/bill/116/s/1749?format=json"
        },
        {
            "amendmentNumber": "707",
            "congress": 113,
            "introducedDate": "2014-05-28",
            "latestAction": {
                "actionDate": "2014-05-28",
                "actionTime": "23:03:41",
                "text": "On agreeing to the Sinema amendment (A018) Agreed to by voice vote. "
            },
            "type": null,
            "url": "https://api.congress.gov/v3/amendment/113/hamdt/707?format=json"
        },
        {
            "amendmentNumber": "620",
            "congress": 113,
            "introducedDate": "2014-04-30",
            "latestAction": {
                "actionDate": "2014-04-30",
                "actionTime": "15:25:44",
                "text": "On agreeing to the Sinema amendment (A003) Agreed to by voice vote. "
            },
            "type": null,
            "url": "https://api.congress.gov/v3/amendment/113/hamdt/620?format=json"
        },
        {
            "amendmentNumber": "528",
            "congress": 113,
            "introducedDate": "2014-01-09",
            "latestAction": {
                "actionDate": "2014-01-09",
                "actionTime": "16:00:34",
                "text": "On agreeing to the Sinema amendment (A001) Failed by recorded vote: 189 - 228 (Roll no. 7). "
            },
            "type": null,
            "url": "https://api.congress.gov/v3/amendment/113/hamdt/528?format=json"
        },
        {
            "amendmentNumber": "46",
            "congress": 113,
            "introducedDate": "2013-04-18",
            "latestAction": {
                "actionDate": "2013-04-18",
                "actionTime": "12:13:11",
                "text": "On agreeing to the Sinema amendment (A005) Agreed to by recorded vote: 411 - 0 (Roll no. 113). "
            },
            "type": null,
            "url": "https://api.congress.gov/v3/amendment/113/hamdt/46?format=json"
        },
        {
            "congress": 113,
            "introducedDate": "2014-07-31",
            "latestAction": {
                "actionDate": "2014-09-26",
                "text": "Referred to the Subcommittee on Immigration and Border Security."
            },
            "number": "5378",
            "policyArea": {
                "name": "Immigration"
            },
            "title": "StartUp Act of 2014",
            "type": "HR",
            "url": "https://api.congress.gov/v3/bill/113/hr/5378?format=json"
        },
        {
            "congress": 113,
            "introducedDate": "2014-07-29",
            "latestAction": {
                "actionDate": "2014-07-29",
                "text": "Referred to the House Committee on Oversight and Government Reform."
            },
            "number": "5254",
            "policyArea": {
                "name": "Government Operations and Politics"
            },
            "title": "VA Bonus Accountability Act",
            "type": "HR",
            "url": "https://api.congress.gov/v3/bill/113/hr/5254?format=json"
        },
        {
            "congress": 113,
            "introducedDate": "2014-06-18",
            "latestAction": {
                "actionDate": "2014-06-27",
                "text": "Referred to the Subcommittee on Health."
            },
            "number": "4898",
            "policyArea": {
                "name": "Armed Forces and National Security"
            },
            "title": "Access to Veteran-Centered Community Care Act",
            "type": "HR",
            "url": "https://api.congress.gov/v3/bill/113/hr/4898?format=json"
        },
        {
            "congress": 113,
            "introducedDate": "2014-04-10",
            "latestAction": {
                "actionDate": "2014-04-11",
                "text": "Referred to the Subcommittee on Health."
            },
            "number": "4484",
            "policyArea": {
                "name": "Health"
            },
            "title": "Strengthening Healthcare Options for Vulnerable Populations Act",
            "type": "HR",
            "url": "https://api.congress.gov/v3/bill/113/hr/4484?format=json"
        },
        {
            "congress": 113,
            "introducedDate": "2013-10-30",
            "latestAction": {
                "actionDate": "2014-03-27",
                "text": "Subcommittee Hearings Held."
            },
            "number": "3387",
            "policyArea": {
                "name": "Armed Forces and National Security"
            },
            "title": "Classified Veterans Access to Care Act",
            "type": "HR",
            "url": "https://api.congress.gov/v3/bill/113/hr/3387?format=json"
        },
        {
            "congress": 113,
            "introducedDate": "2013-09-26",
            "latestAction": {
                "actionDate": "2013-09-27",
                "text": "Referred to the Subcommittee on Coast Guard and Maritime Transportation."
            },
            "number": "3187",
            "policyArea": {
                "name": "Armed Forces and National Security"
            },
            "title": "Military Pay Protection Act of 2013",
            "type": "HR",
            "url": "https://api.congress.gov/v3/bill/113/hr/3187?format=json"
        },
        {
            "congress": 113,
            "introducedDate": "2013-08-02",
            "latestAction": {
                "actionDate": "2013-08-15",
                "text": "Referred to the Subcommittee on Health."
            },
            "number": "3053",
            "policyArea": {
                "name": "Armed Forces and National Security"
            },
            "title": "Healthcare for our Heroes Act",
            "type": "HR",
            "url": "https://api.congress.gov/v3/bill/113/hr/3053?format=json"
        },
        {
            "congress": 113,
            "introducedDate": "2013-05-15",
            "latestAction": {
                "actionDate": "2013-05-24",
                "text": "Referred to the Subcommittee on Disability Assistance and Memorial Affairs."
            },
            "number": "1987",
            "policyArea": {
                "name": "Armed Forces and National Security"
            },
            "title": "Veterans' Dignity and Honor Act",
            "type": "HR",
            "url": "https://api.congress.gov/v3/bill/113/hr/1987?format=json"
        },
        {
            "congress": 113,
            "introducedDate": "2013-05-08",
            "latestAction": {
                "actionDate": "2013-07-08",
                "text": "Referred to the Subcommittee on Higher Education and Workforce Training."
            },
            "number": "1876",
            "policyArea": {
                "name": "Education"
            },
            "title": "Stability to Ensure the American Dream for Youth Act",
            "type": "HR",
            "url": "https://api.congress.gov/v3/bill/113/hr/1876?format=json"
        },
        {
            "congress": 113,
            "introducedDate": "2013-04-09",
            "latestAction": {
                "actionDate": "2013-04-09",
                "text": "Referred to the House Committee on Ways and Means."
            },
            "number": "1424",
            "policyArea": {
                "name": "Taxation"
            },
            "title": "SEAM Act of 2013",
            "type": "HR",
            "url": "https://api.congress.gov/v3/bill/113/hr/1424?format=json"
        },
        {
            "congress": 115,
            "introducedDate": "2018-09-27",
            "latestAction": {
                "actionDate": "2018-10-22",
                "text": "Referred to the Subcommittee on Conservation and Forestry."
            },
            "number": "6961",
            "policyArea": {
                "name": "Agriculture and Food"
            },
            "title": "DRIP Act",
            "type": "HR",
            "url": "https://api.congress.gov/v3/bill/115/hr/6961?format=json"
        },
        {
            "congress": 115,
            "introducedDate": "2018-06-28",
            "latestAction": {
                "actionDate": "2018-06-28",
                "text": "Referred to the House Committee on Oversight and Government Reform."
            },
            "number": "6295",
            "policyArea": {
                "name": "Government Operations and Politics"
            },
            "title": "Cut the Perks Act",
            "type": "HR",
            "url": "https://api.congress.gov/v3/bill/115/hr/6295?format=json"
        },
        {
            "congress": 115,
            "introducedDate": "2017-12-11",
            "latestAction": {
                "actionDate": "2017-12-11",
                "text": "Referred to the House Committee on House Administration."
            },
            "number": "4615",
            "policyArea": {
                "name": "Congress"
            },
            "title": "GUARD Act",
            "type": "HR",
            "url": "https://api.congress.gov/v3/bill/115/hr/4615?format=json"
        },
        {
            "congress": 115,
            "introducedDate": "2017-11-28",
            "latestAction": {
                "actionDate": "2017-11-29",
                "text": "Referred to the Subcommittee on Economic Development, Public Buildings and Emergency Management."
            },
            "number": "4462",
            "policyArea": {
                "name": "Emergency Management"
            },
            "title": "TRACE Act",
            "type": "HR",
            "url": "https://api.congress.gov/v3/bill/115/hr/4462?format=json"
        },
        {
            "congress": 115,
            "introducedDate": "2017-09-13",
            "latestAction": {
                "actionDate": "2017-11-28",
                "text": "Placed on the Union Calendar, Calendar No. 314."
            },
            "number": "3758",
            "policyArea": {
                "name": "Finance and Financial Sector"
            },
            "title": "Senior Safe Act of 2017",
            "type": "HR",
            "url": "https://api.congress.gov/v3/bill/115/hr/3758?format=json"
        },
        {
            "congress": 115,
            "introducedDate": "2017-06-28",
            "latestAction": {
                "actionDate": "2017-06-28",
                "text": "Referred to the House Committee on Financial Services."
            },
            "number": "3100",
            "policyArea": {
                "name": "Finance and Financial Sector"
            },
            "title": "To require the President to develop a national strategy for combating the financing of terrorism and related forms of illicit finance, and for other purposes.",
            "type": "HR",
            "url": "https://api.congress.gov/v3/bill/115/hr/3100?format=json"
        },
        {
            "amendmentNumber": "138",
            "congress": 115,
            "introducedDate": "2017-06-21",
            "latestAction": {
                "actionDate": "2017-06-21",
                "actionTime": "15:51:39",
                "text": "On agreeing to the Sinema amendment (A002) Agreed to by voice vote. "
            },
            "type": null,
            "url": "https://api.congress.gov/v3/amendment/115/hamdt/138?format=json"
        },
        {
            "congress": 115,
            "introducedDate": "2017-06-08",
            "latestAction": {
                "actionDate": "2017-09-06",
                "text": "Received in the Senate and Read twice and referred to the Committee on Banking, Housing, and Urban Affairs."
            },
            "number": "2864",
            "policyArea": {
                "name": "Finance and Financial Sector"
            },
            "title": "Improving Access to Capital Act",
            "type": "HR",
            "url": "https://api.congress.gov/v3/bill/115/hr/2864?format=json"
        },
        {
            "congress": 115,
            "introducedDate": "2017-05-19",
            "latestAction": {
                "actionDate": "2017-06-23",
                "text": "Referred to the Subcommittee on Immigration and Border Security."
            },
            "number": "2577",
            "policyArea": {
                "name": "Immigration"
            },
            "title": "Jobs in America Act",
            "type": "HR",
            "url": "https://api.congress.gov/v3/bill/115/hr/2577?format=json"
        },
        {
            "congress": 115,
            "introducedDate": "2017-04-27",
            "latestAction": {
                "actionDate": "2017-05-23",
                "text": "Referred to the Subcommittee on Military Personnel."
            },
            "number": "2220",
            "policyArea": {
                "name": "Armed Forces and National Security"
            },
            "title": "Military Pay Protection Act of 2017",
            "type": "HR",
            "url": "https://api.congress.gov/v3/bill/115/hr/2220?format=json"
        },
        {
            "congress": 115,
            "introducedDate": "2017-04-05",
            "latestAction": {
                "actionDate": "2017-04-05",
                "text": "Referred to the House Committee on Ways and Means."
            },
            "number": "1959",
            "policyArea": {
                "name": "Taxation"
            },
            "title": "Child and Dependent Care FSA Enhancement Act",
            "type": "HR",
            "url": "https://api.congress.gov/v3/bill/115/hr/1959?format=json"
        },
        {
            "congress": 115,
            "introducedDate": "2017-03-21",
            "latestAction": {
                "actionDate": "2017-11-28",
                "text": "Placed on the Union Calendar, Calendar No. 315."
            },
            "number": "1645",
            "policyArea": {
                "name": "Finance and Financial Sector"
            },
            "title": "Fostering Innovation Act of 2017",
            "type": "HR",
            "url": "https://api.congress.gov/v3/bill/115/hr/1645?format=json"
        },
        {
            "congress": 115,
            "introducedDate": "2017-03-17",
            "latestAction": {
                "actionDate": "2017-03-17",
                "text": "Referred to the House Committee on Education and the Workforce."
            },
            "number": "1601",
            "policyArea": {
                "name": "Education"
            },
            "title": "Student Testing Improvement and Accountability Act",
            "type": "HR",
            "url": "https://api.congress.gov/v3/bill/115/hr/1601?format=json"
        },
        {
            "congress": 115,
            "introducedDate": "2017-03-09",
            "latestAction": {
                "actionDate": "2017-03-09",
                "text": "Referred to the House Committee on Education and the Workforce."
            },
            "number": "1484",
            "policyArea": {
                "name": "Labor and Employment"
            },
            "title": "Social Worker Safety Act of 2017",
            "type": "HR",
            "url": "https://api.congress.gov/v3/bill/115/hr/1484?format=json"
        },
        {
            "congress": 115,
            "introducedDate": "2017-02-07",
            "latestAction": {
                "actionDate": "2017-02-07",
                "text": "Referred to the Committee on Oversight and Government Reform, and in addition to the Committee on Rules, for a period to be subsequently determined by the Speaker, in each case for consideration of such provisions as fall within the jurisdiction of the committee concerned."
            },
            "number": "978",
            "policyArea": {
                "name": "Government Operations and Politics"
            },
            "title": "Regulatory Improvement Act of 2017",
            "type": "HR",
            "url": "https://api.congress.gov/v3/bill/115/hr/978?format=json"
        },
        {
            "congress": 115,
            "introducedDate": "2017-01-05",
            "latestAction": {
                "actionDate": "2017-01-05",
                "text": "Referred to the Committee on House Administration, and in addition to the Committee on Oversight and Government Reform, for a period to be subsequently determined by the Speaker, in each case for consideration of such provisions as fall within the jurisdiction of the committee concerned."
            },
            "number": "342",
            "policyArea": {
                "name": "Congress"
            },
            "title": "No Raise for Congress Act",
            "type": "HR",
            "url": "https://api.congress.gov/v3/bill/115/hr/342?format=json"
        },
        {
            "congress": 114,
            "introducedDate": "2016-02-11",
            "latestAction": {
                "actionDate": "2016-07-06",
                "text": "Received in the Senate."
            },
            "number": "4538",
            "policyArea": {
                "name": "Finance and Financial Sector"
            },
            "title": "Senior Safe Act of 2016",
            "type": "HR",
            "url": "https://api.congress.gov/v3/bill/114/hr/4538?format=json"
        },
        {
            "congress": 114,
            "introducedDate": "2015-12-15",
            "latestAction": {
                "actionDate": "2016-03-23",
                "text": "Referred to the Subcommittee on Early Childhood, Elementary, and Secondary Education."
            },
            "number": "4260",
            "policyArea": {
                "name": "Education"
            },
            "title": "Servicemember Higher Education Protection Act",
            "type": "HR",
            "url": "https://api.congress.gov/v3/bill/114/hr/4260?format=json"
        },
        {
            "congress": 114,
            "introducedDate": "2015-12-01",
            "latestAction": {
                "actionDate": "2016-05-24",
                "text": "Received in the Senate and Read twice and referred to the Committee on Banking, Housing, and Urban Affairs."
            },
            "number": "4139",
            "policyArea": {
                "name": "Finance and Financial Sector"
            },
            "title": "Fostering Innovation Act of 2015",
            "type": "HR",
            "url": "https://api.congress.gov/v3/bill/114/hr/4139?format=json"
        },
        {
            "congress": 114,
            "introducedDate": "2015-11-19",
            "latestAction": {
                "actionDate": "2015-12-04",
                "text": "Referred to the Subcommittee on Immigration and Border Security."
            },
            "number": "4122",
            "policyArea": {
                "name": "Immigration"
            },
            "title": "To amend the Immigration and Nationality Act to provide that aliens who were present in certain countries may not be admitted under the visa waiver program, and for other purposes.",
            "type": "HR",
            "url": "https://api.congress.gov/v3/bill/114/hr/4122?format=json"
        },
        {
            "congress": 114,
            "introducedDate": "2015-11-05",
            "latestAction": {
                "actionDate": "2015-12-04",
                "text": "Referred to the Subcommittee on Immigration and Border Security."
            },
            "number": "3987",
            "policyArea": {
                "name": "Immigration"
            },
            "title": "Jobs in America Act",
            "type": "HR",
            "url": "https://api.congress.gov/v3/bill/114/hr/3987?format=json"
        },
        {
            "amendmentNumber": "518",
            "congress": 114,
            "introducedDate": "2015-06-16",
            "latestAction": {
                "actionDate": "2015-06-16",
                "actionTime": "15:29:25",
                "text": "On agreeing to the Sinema amendment (A011) Agreed to by voice vote. "
            },
            "type": null,
            "url": "https://api.congress.gov/v3/amendment/114/hamdt/518?format=json"
        },
        {
            "amendmentNumber": "115",
            "congress": 114,
            "introducedDate": "2015-04-29",
            "latestAction": {
                "actionDate": "2015-04-29",
                "actionTime": "16:33:08",
                "text": "On agreeing to the Sinema amendment (A008) Agreed to by voice vote. "
            },
            "type": null,
            "url": "https://api.congress.gov/v3/amendment/114/hamdt/115?format=json"
        },
        {
            "congress": 114,
            "introducedDate": "2015-06-25",
            "latestAction": {
                "actionDate": "2015-07-28",
                "text": "Referred to the Subcommittee on Conservation and Forestry."
            },
            "number": "2909",
            "policyArea": {
                "name": "Transportation and Public Works"
            },
            "title": "Protecting Firefighters and Promoting Innovation Act",
            "type": "HR",
            "url": "https://api.congress.gov/v3/bill/114/hr/2909?format=json"
        },
        {
            "congress": 114,
            "introducedDate": "2015-01-27",
            "latestAction": {
                "actionDate": "2015-02-06",
                "text": "Referred to the Subcommittee on Economic Opportunity."
            },
            "number": "575",
            "policyArea": {
                "name": "Armed Forces and National Security"
            },
            "title": "VA Bonus Accountability Act",
            "type": "HR",
            "url": "https://api.congress.gov/v3/bill/114/hr/575?format=json"
        },
        {
            "congress": 114,
            "introducedDate": "2015-01-22",
            "latestAction": {
                "actionDate": "2015-01-22",
                "text": "Referred to the Committee on House Administration, and in addition to the Committee on Oversight and Government Reform, for a period to be subsequently determined by the Speaker, in each case for consideration of such provisions as fall within the jurisdiction of the committee concerned."
            },
            "number": "513",
            "policyArea": {
                "name": "Congress"
            },
            "title": "No Raise for Congress Act",
            "type": "HR",
            "url": "https://api.congress.gov/v3/bill/114/hr/513?format=json"
        },
        {
            "congress": 114,
            "introducedDate": "2015-01-20",
            "latestAction": {
                "actionDate": "2015-07-22",
                "text": "Forwarded by Subcommittee to Full Committee (Amended) by Voice Vote ."
            },
            "number": "421",
            "policyArea": {
                "name": "Armed Forces and National Security"
            },
            "title": "Classified Veterans Access to Care Act",
            "type": "HR",
            "url": "https://api.congress.gov/v3/bill/114/hr/421?format=json"
        },
        {
            "congress": 114,
            "introducedDate": "2015-07-10",
            "latestAction": {
                "actionDate": "2015-11-17",
                "text": "Received in the Senate and Read twice and referred to the Committee on Banking, Housing, and Urban Affairs."
            },
            "number": "3032",
            "policyArea": {
                "name": "Finance and Financial Sector"
            },
            "title": "Securities and Exchange Commission Reporting Modernization Act",
            "type": "HR",
            "url": "https://api.congress.gov/v3/bill/114/hr/3032?format=json"
        },
        {
            "congress": 114,
            "introducedDate": "2015-03-26",
            "latestAction": {
                "actionDate": "2015-03-26",
                "text": "Referred to the House Committee on Ways and Means."
            },
            "number": "1720",
            "policyArea": {
                "name": "Taxation"
            },
            "title": "Child and Dependent Care FSA Enhancement Act",
            "type": "HR",
            "url": "https://api.congress.gov/v3/bill/114/hr/1720?format=json"
        }
    ]
}