{
    "pagination": {
        "count": 8
    },
    "request": {
        "bioguideId": "l000602",
        "contentType": "application/json",
        "format": "json"
    },
    "sponsoredLegislation": [
        {
            "congress": 118,
            "introducedDate": "2024-06-25",
            "latestAction": {
                "actionDate": "2024-07-10",
                "text": "Sponsor introductory remarks on measure. (CR H4561)"
            },
            "number": "8825",
            "policyArea": {
                "name": null
            },
            "title": "Right to Vote Act",
            "type": "HR",
            "url": "https://api.congress.gov/v3/bill/118/hr/8825?format=json"
        },
        {
            "congress": 118,
            "introducedDate": "2024-05-01",
            "latestAction": {
                "actionDate": "2024-05-01",
                "text": "Referred to the House Committee on Agriculture."
            },
            "number": "8210",
            "policyArea": {
                "name": null
            },
            "title": "Future Farmers and Ranchers of Tomorrow Act of 2024",
            "type": "HR",
            "url": "https://api.congress.gov/v3/bill/118/hr/8210?format=json"
        },
        {
            "congress": 118,
            "introducedDate": "2024-02-29",
            "latestAction": {
                "actionDate": "2024-03-08",
                "text": "Referred to the Subcommittee on Health."
            },
            "number": "1042",
            "policyArea": {
                "name": "Health"
            },
            "title": "Recognizing the historical contributions and value of the Freedom House Ambulance Service.",
            "type": "HRES",
            "url": "https://api.congress.gov/v3/bill/118/hres/1042?format=json"
        },
        {
            "congress": 118,
            "introducedDate": "2023-10-26",
            "latestAction": {
                "actionDate": "2023-10-26",
                "text": "Referred to the House Committee on Oversight and Accountability."
            },
            "number": "819",
            "policyArea": {
                "name": "Crime and Law Enforcement"
            },
            "title": "Recognizing the 5-year anniversary of the horrific antisemitic attack at the Tree of Life Synagogue in Pittsburgh, Pennsylvania, on October 27, 2018, and condemning antisemitism.",
            "type": "HRES",
            "url": "https://api.congress.gov/v3/bill/118/hres/819?format=json"
        },
        {
            "congress": 118,
            "introducedDate": "2023-07-25",
            "latestAction": {
                "actionDate": "2024-05-01",
                "text": "Received in the Senate and Read twice and referred to the Committee on Energy and Natural Resources."
            },
            "number": "4877",
            "policyArea": {
                "name": "Environmental Protection"
            },
            "title": "Abandoned Well Remediation Research and Development Act",
            "type": "HR",
            "url": "https://api.congress.gov/v3/bill/118/hr/4877?format=json"
        },
        {
            "congress": 118,
            "introducedDate": "2023-07-27",
            "latestAction": {
                "actionDate": "2023-08-24",
                "text": "Referred to the Subcommittee on Health."
            },
            "number": "4955",
            "policyArea": {
                "name": "Armed Forces and National Security"
            },
            "title": "To name the community-based outpatient clinic of the Department of Veterans Affairs in Monroeville, Pennsylvania, as the \"Henry Parham VA Clinic\".",
            "type": "HR",
            "url": "https://api.congress.gov/v3/bill/118/hr/4955?format=json"
        },
        {
            "congress": 118,
            "introducedDate": "2023-07-25",
            "latestAction": {
                "actionDate": "2023-07-25",
                "text": "Referred to the House Committee on the Judiciary."
            },
            "number": "4876",
            "policyArea": {
                "name": "Law"
            },
            "title": "Equality in Laws Act",
            "type": "HR",
            "url": "https://api.congress.gov/v3/bill/118/hr/4876?format=json"
        },
        {
            "congress": 118,
            "introducedDate": "2023-05-24",
            "latestAction": {
                "actionDate": "2023-05-26",
                "text": "Referred to the Subcommittee on Health."
            },
            "number": "3645",
            "policyArea": {
                "name": "Health"
            },
            "title": "To amend the Public Health Service Act to establish emergency grants to safeguard essential health care workers, and for other purposes.",
            "type": "HR",
            "url": "https://api.congress.gov/v3/bill/118/hr/3645?format=json"
        }
    ]
}